time,open,high,low,close,volume
2025-09-12 17:00:00+00:00,0.8995,0.9049,0.8967,0.9027,10111983.95
2025-09-12 18:00:00+00:00,0.9027,0.907,0.9006,0.9043,8953871.92
2025-09-12 19:00:00+00:00,0.9043,0.9077,0.9013,0.9076,6839628.74
2025-09-12 20:00:00+00:00,0.9076,0.9089,0.9008,0.9068,11605736.81
2025-09-12 21:00:00+00:00,0.9068,0.9071,0.9026,0.9042,7343897.79
2025-09-12 22:00:00+00:00,0.9042,0.9181,0.9042,0.9152,17699654.16
2025-09-12 23:00:00+00:00,0.9152,0.9176,0.9121,0.917,8230803.27
2025-09-13 00:00:00+00:00,0.917,0.9299,0.9163,0.9267,25337570.59
2025-09-13 01:00:00+00:00,0.9267,0.9371,0.9242,0.9246,24780805.94
2025-09-13 02:00:00+00:00,0.9246,0.9295,0.9223,0.9264,10599027.27
2025-09-13 03:00:00+00:00,0.9264,0.9305,0.925,0.9291,7337275.45
2025-09-13 04:00:00+00:00,0.9291,0.9296,0.9254,0.926,5575150.22
2025-09-13 05:00:00+00:00,0.926,0.9272,0.9235,0.9253,6645207.07
2025-09-13 06:00:00+00:00,0.9253,0.9297,0.9251,0.9296,6374616.13
2025-09-13 07:00:00+00:00,0.9296,0.93,0.9239,0.9259,7881452.81
2025-09-13 08:00:00+00:00,0.9259,0.9373,0.9255,0.9373,12903835.37
2025-09-13 09:00:00+00:00,0.9373,0.9541,0.9359,0.9532,34478894.72
2025-09-13 10:00:00+00:00,0.9532,0.9532,0.9433,0.9436,21039395.2
2025-09-13 11:00:00+00:00,0.9436,0.9501,0.9369,0.95,13237776.8
2025-09-13 12:00:00+00:00,0.95,0.9502,0.9447,0.9471,9976181.63
2025-09-13 13:00:00+00:00,0.9471,0.9519,0.929,0.9374,24840992.23
2025-09-13 14:00:00+00:00,0.9374,0.9454,0.9292,0.9416,18869490.16
2025-09-13 15:00:00+00:00,0.9416,0.9494,0.9342,0.9377,21667243.55
2025-09-13 16:00:00+00:00,0.9377,0.9427,0.925,0.9255,22667697.61
2025-09-13 17:00:00+00:00,0.9255,0.9265,0.9144,0.9251,21298403.67
2025-09-13 18:00:00+00:00,0.9251,0.9256,0.9202,0.9251,5699563.27
2025-09-13 19:00:00+00:00,0.9251,0.9271,0.9233,0.9264,4471943.96
2025-09-13 20:00:00+00:00,0.9264,0.9317,0.926,0.9301,6407212.33
2025-09-13 21:00:00+00:00,0.9301,0.9356,0.9285,0.9294,5302574.59
2025-09-13 22:00:00+00:00,0.9294,0.9311,0.9263,0.9281,3129706.58
2025-09-13 23:00:00+00:00,0.9281,0.9311,0.9269,0.9294,2651316.76
2025-09-14 00:00:00+00:00,0.9294,0.9313,0.9204,0.9226,5670709.17
2025-09-14 01:00:00+00:00,0.9226,0.9246,0.9131,0.9237,9716456.36
2025-09-14 02:00:00+00:00,0.9237,0.9294,0.9219,0.927,6642157.53
2025-09-14 03:00:00+00:00,0.927,0.9275,0.9158,0.917,5080696.3
2025-09-14 04:00:00+00:00,0.917,0.9202,0.9102,0.9182,6766077.63
2025-09-14 05:00:00+00:00,0.9182,0.9234,0.9177,0.9226,3297851.16
2025-09-14 06:00:00+00:00,0.9226,0.9232,0.9138,0.9174,5408368.98
2025-09-14 07:00:00+00:00,0.9174,0.9184,0.9125,0.9156,5057279.32
2025-09-14 08:00:00+00:00,0.9156,0.9173,0.9127,0.9136,4842166.14
2025-09-14 09:00:00+00:00,0.9136,0.9196,0.9118,0.9185,5225845.38
2025-09-14 10:00:00+00:00,0.9185,0.9194,0.9141,0.9158,4202351.75
2025-09-14 11:00:00+00:00,0.9158,0.9172,0.9013,0.9025,12999822.81
2025-09-14 12:00:00+00:00,0.9025,0.9055,0.8919,0.8961,12256117.87
2025-09-14 13:00:00+00:00,0.8961,0.8971,0.8852,0.8882,13639809.94
2025-09-14 14:00:00+00:00,0.8882,0.8939,0.8791,0.8859,16728236.41
2025-09-14 15:00:00+00:00,0.8859,0.8886,0.8801,0.8865,8912438.84
2025-09-14 16:00:00+00:00,0.8865,0.8921,0.885,0.8891,7761389.12
2025-09-14 17:00:00+00:00,0.8891,0.8969,0.8877,0.8947,7360544.4
2025-09-14 18:00:00+00:00,0.8947,0.8947,0.8889,0.8898,2687597.37
2025-09-14 19:00:00+00:00,0.8898,0.8926,0.8865,0.8891,3304451.37
2025-09-14 20:00:00+00:00,0.8891,0.8927,0.8886,0.8906,3252652.6
2025-09-14 21:00:00+00:00,0.8906,0.8955,0.8856,0.8935,5622240.79
2025-09-14 22:00:00+00:00,0.8935,0.8978,0.8892,0.8951,4128288.97
2025-09-14 23:00:00+00:00,0.8951,0.8952,0.8863,0.8879,5548834.31
2025-09-15 00:00:00+00:00,0.8879,0.8933,0.8868,0.8878,5024419.83
2025-09-15 01:00:00+00:00,0.8878,0.8927,0.8793,0.8899,6887693.75
2025-09-15 02:00:00+00:00,0.8899,0.8957,0.8886,0.8898,5844785.37
2025-09-15 03:00:00+00:00,0.8898,0.8956,0.8892,0.8943,3683792.65
2025-09-15 04:00:00+00:00,0.8943,0.9015,0.8932,0.8985,9539766.26
2025-09-15 05:00:00+00:00,0.8985,0.9024,0.8978,0.9019,8659964.52
2025-09-15 06:00:00+00:00,0.9019,0.9022,0.8844,0.8886,8472240.43
2025-09-15 07:00:00+00:00,0.8886,0.8932,0.8741,0.8779,15723653.23
2025-09-15 08:00:00+00:00,0.8779,0.878,0.8526,0.8562,47463942.72
2025-09-15 09:00:00+00:00,0.8562,0.8649,0.855,0.8617,16859801.62
2025-09-15 10:00:00+00:00,0.8617,0.8629,0.8557,0.8619,10777026.43
2025-09-15 11:00:00+00:00,0.8619,0.8646,0.8595,0.8643,9889061.11
2025-09-15 12:00:00+00:00,0.8643,0.865,0.8577,0.8591,11291023.01
2025-09-15 13:00:00+00:00,0.8591,0.8699,0.8579,0.8645,13158586.98
2025-09-15 14:00:00+00:00,0.8645,0.8684,0.8588,0.8608,8616518.7
2025-09-15 15:00:00+00:00,0.8608,0.863,0.854,0.8594,12121502.22
2025-09-15 16:00:00+00:00,0.8594,0.8618,0.8536,0.8556,8027335.03
2025-09-15 17:00:00+00:00,0.8556,0.8617,0.853,0.8617,5431141.86
2025-09-15 18:00:00+00:00,0.8617,0.8625,0.8569,0.8609,4728989.68
2025-09-15 19:00:00+00:00,0.8609,0.8644,0.8559,0.8597,5153461.52
2025-09-15 20:00:00+00:00,0.8597,0.8624,0.8588,0.8621,2889092.18
2025-09-15 21:00:00+00:00,0.8621,0.8654,0.8603,0.8651,2926670.21
2025-09-15 22:00:00+00:00,0.8651,0.8662,0.859,0.8613,4750206.27
2025-09-15 23:00:00+00:00,0.8613,0.864,0.8599,0.8632,3170315.7
2025-09-16 00:00:00+00:00,0.8632,0.8634,0.8593,0.8618,3198206.91
2025-09-16 01:00:00+00:00,0.8618,0.8659,0.86,0.8603,3071205.65
2025-09-16 02:00:00+00:00,0.8603,0.864,0.8591,0.8591,2619829.89
2025-09-16 03:00:00+00:00,0.8591,0.8625,0.8583,0.8596,3582367.44
2025-09-16 04:00:00+00:00,0.8596,0.8609,0.853,0.8593,8026149.37
2025-09-16 05:00:00+00:00,0.8593,0.8636,0.8584,0.8635,4520918.17
2025-09-16 06:00:00+00:00,0.8635,0.8651,0.8591,0.8629,3958054.17
2025-09-16 07:00:00+00:00,0.8629,0.8667,0.8619,0.8659,4155286.79
2025-09-16 08:00:00+00:00,0.8659,0.8727,0.8659,0.8711,8127263.7
2025-09-16 09:00:00+00:00,0.8711,0.8724,0.8671,0.8698,5316456.81
2025-09-16 10:00:00+00:00,0.8698,0.875,0.8685,0.8686,10440346.42
2025-09-16 11:00:00+00:00,0.8686,0.8716,0.8673,0.8701,5349890.54
2025-09-16 12:00:00+00:00,0.8701,0.8718,0.869,0.8711,4058511.95
2025-09-16 13:00:00+00:00,0.8711,0.8755,0.8594,0.8669,15924009.27
2025-09-16 14:00:00+00:00,0.8669,0.8669,0.8566,0.8649,7533395.71
2025-09-16 15:00:00+00:00,0.8649,0.8706,0.8612,0.8705,5619626.02
2025-09-16 16:00:00+00:00,0.8705,0.8717,0.8667,0.8695,7931345.38
2025-09-16 17:00:00+00:00,0.8695,0.8805,0.8693,0.8767,9947450.79
2025-09-16 18:00:00+00:00,0.8767,0.8803,0.8732,0.8751,5748677.75
2025-09-16 19:00:00+00:00,0.8751,0.878,0.8732,0.8772,3221786.49
2025-09-16 20:00:00+00:00,0.8772,0.8786,0.8759,0.877,3368215.47
2025-09-16 21:00:00+00:00,0.877,0.8823,0.8769,0.8821,3837256.67
2025-09-16 22:00:00+00:00,0.8821,0.8841,0.8809,0.8827,3512564.08
2025-09-16 23:00:00+00:00,0.8827,0.8828,0.8791,0.8803,3235976.0
2025-09-17 00:00:00+00:00,0.8803,0.8817,0.8771,0.879,5549606.73
2025-09-17 01:00:00+00:00,0.879,0.8816,0.8758,0.8777,2704537.6
2025-09-17 02:00:00+00:00,0.8777,0.8837,0.8754,0.879,4057226.94
2025-09-17 03:00:00+00:00,0.879,0.8813,0.8733,0.8738,6261012.85
2025-09-17 04:00:00+00:00,0.8738,0.876,0.8668,0.8696,6755576.4
2025-09-17 05:00:00+00:00,0.8696,0.8786,0.8693,0.8784,7375092.35
2025-09-17 06:00:00+00:00,0.8784,0.8823,0.8772,0.8815,9902168.07
2025-09-17 07:00:00+00:00,0.8815,0.8871,0.8804,0.8823,7256299.38
2025-09-17 08:00:00+00:00,0.8823,0.8824,0.8734,0.8767,7327031.41
2025-09-17 09:00:00+00:00,0.8767,0.8771,0.8718,0.872,3171968.02
2025-09-17 10:00:00+00:00,0.872,0.8741,0.8692,0.8716,3205278.42
2025-09-17 11:00:00+00:00,0.8716,0.875,0.8709,0.8718,3891333.76
2025-09-17 12:00:00+00:00,0.8718,0.8731,0.8687,0.8716,2755028.13
2025-09-17 13:00:00+00:00,0.8716,0.8741,0.8681,0.8706,5131731.09
2025-09-17 14:00:00+00:00,0.8706,0.8723,0.8634,0.865,7013668.56
2025-09-17 15:00:00+00:00,0.865,0.8699,0.8642,0.8684,5423763.08
2025-09-17 16:00:00+00:00,0.8684,0.8717,0.8613,0.8713,6653095.32
2025-09-17 17:00:00+00:00,0.8713,0.8845,0.868,0.8744,14482244.18
2025-09-17 18:00:00+00:00,0.8744,0.883,0.8619,0.867,51472246.62
2025-09-17 19:00:00+00:00,0.867,0.8844,0.8666,0.8828,15019658.24
2025-09-17 20:00:00+00:00,0.8828,0.8951,0.8789,0.8806,13405457.01
2025-09-17 21:00:00+00:00,0.8806,0.8931,0.8755,0.8907,8222713.56
2025-09-17 22:00:00+00:00,0.8907,0.9122,0.8907,0.9099,21303721.06
2025-09-17 23:00:00+00:00,0.9099,0.9196,0.9074,0.9137,19931558.51
2025-09-18 00:00:00+00:00,0.9137,0.9183,0.9071,0.9089,10100661.56
2025-09-18 01:00:00+00:00,0.9089,0.9184,0.9072,0.9154,8514112.57
2025-09-18 02:00:00+00:00,0.9154,0.9167,0.9075,0.9165,9348347.55
2025-09-18 03:00:00+00:00,0.9165,0.9256,0.9155,0.9177,17520457.44
2025-09-18 04:00:00+00:00,0.9177,0.9188,0.912,0.9143,9392737.42
2025-09-18 05:00:00+00:00,0.9143,0.9147,0.9076,0.9092,6373613.42
2025-09-18 06:00:00+00:00,0.9092,0.9103,0.8996,0.9036,11899331.2
2025-09-18 07:00:00+00:00,0.9036,0.914,0.9019,0.9082,11941876.56
2025-09-18 08:00:00+00:00,0.9082,0.9208,0.9074,0.92,10136298.03
2025-09-18 09:00:00+00:00,0.92,0.9204,0.9157,0.9181,7416681.44
2025-09-18 10:00:00+00:00,0.9181,0.9197,0.9109,0.9132,9407292.82
2025-09-18 11:00:00+00:00,0.9132,0.9163,0.912,0.9135,5493031.43
2025-09-18 12:00:00+00:00,0.9135,0.9172,0.9113,0.9137,11048032.67
2025-09-18 13:00:00+00:00,0.9137,0.9195,0.9081,0.9149,9481363.95
2025-09-18 14:00:00+00:00,0.9149,0.9234,0.9142,0.9229,13948902.52
2025-09-18 15:00:00+00:00,0.9229,0.9284,0.9186,0.9271,24208348.63
2025-09-18 16:00:00+00:00,0.9271,0.9292,0.9223,0.9249,9394441.09
2025-09-18 17:00:00+00:00,0.9249,0.9334,0.9239,0.9316,14550931.51
2025-09-18 18:00:00+00:00,0.9316,0.9386,0.9295,0.9377,9674962.14
2025-09-18 19:00:00+00:00,0.9377,0.9381,0.9255,0.9299,11674662.89
2025-09-18 20:00:00+00:00,0.9299,0.9338,0.9284,0.9303,7564792.2
2025-09-18 21:00:00+00:00,0.9303,0.9318,0.9262,0.9284,6438530.28
2025-09-18 22:00:00+00:00,0.9284,0.9296,0.9224,0.9227,10004418.06
2025-09-18 23:00:00+00:00,0.9227,0.9258,0.916,0.9244,13854502.97
2025-09-19 00:00:00+00:00,0.9244,0.9348,0.9244,0.9347,11225634.66
2025-09-19 01:00:00+00:00,0.9347,0.9377,0.9279,0.9327,11039088.0
2025-09-19 02:00:00+00:00,0.9327,0.9337,0.9241,0.9254,7945528.23
2025-09-19 03:00:00+00:00,0.9254,0.9324,0.9186,0.9193,12906724.51
2025-09-19 04:00:00+00:00,0.9193,0.9226,0.9092,0.9222,14583182.1
2025-09-19 05:00:00+00:00,0.9222,0.923,0.9129,0.9156,8403933.5
2025-09-19 06:00:00+00:00,0.9156,0.9156,0.9042,0.9045,8280188.56
2025-09-19 07:00:00+00:00,0.9045,0.9097,0.9025,0.9044,10066704.39
2025-09-19 08:00:00+00:00,0.9044,0.9117,0.9039,0.908,4799771.03
2025-09-19 09:00:00+00:00,0.908,0.9116,0.9003,0.9022,7615399.47
2025-09-19 10:00:00+00:00,0.9022,0.905,0.9003,0.9032,5515041.94
2025-09-19 11:00:00+00:00,0.9032,0.9033,0.8934,0.8962,13602046.56
2025-09-19 12:00:00+00:00,0.8962,0.9036,0.8961,0.8991,9547679.9
2025-09-19 13:00:00+00:00,0.8991,0.9087,0.8987,0.9075,9836572.89
2025-09-19 14:00:00+00:00,0.9075,0.9089,0.8957,0.8994,14704023.06
2025-09-19 15:00:00+00:00,0.8994,0.8999,0.8913,0.897,14662288.78
2025-09-19 16:00:00+00:00,0.897,0.905,0.8959,0.9044,6474200.7
2025-09-19 17:00:00+00:00,0.9044,0.9047,0.897,0.8975,4947864.7
2025-09-19 18:00:00+00:00,0.8975,0.8992,0.8912,0.8966,6586902.29
2025-09-19 19:00:00+00:00,0.8966,0.8988,0.8947,0.8947,2965235.31
2025-09-19 20:00:00+00:00,0.8947,0.8988,0.8928,0.8928,4812531.53
2025-09-19 21:00:00+00:00,0.8928,0.897,0.89,0.897,4436231.71
2025-09-19 22:00:00+00:00,0.897,0.8978,0.8956,0.8957,2479260.15
2025-09-19 23:00:00+00:00,0.8957,0.896,0.8856,0.8904,5935027.46
2025-09-20 00:00:00+00:00,0.8904,0.8977,0.8887,0.8974,3472199.56
2025-09-20 01:00:00+00:00,0.8974,0.8974,0.8914,0.8944,3374798.42
2025-09-20 02:00:00+00:00,0.8944,0.8964,0.8886,0.8964,4150886.59
2025-09-20 03:00:00+00:00,0.8964,0.8967,0.8911,0.8939,3335983.9
2025-09-20 04:00:00+00:00,0.8939,0.8963,0.8914,0.8952,2338771.28
2025-09-20 05:00:00+00:00,0.8952,0.8998,0.8933,0.8991,5095741.46
2025-09-20 06:00:00+00:00,0.8991,0.9034,0.8972,0.9024,4620906.39
2025-09-20 07:00:00+00:00,0.9024,0.9063,0.9,0.9062,4879495.3
2025-09-20 08:00:00+00:00,0.9062,0.9064,0.8938,0.8942,5012515.63
2025-09-20 09:00:00+00:00,0.8942,0.8962,0.8896,0.8912,4124940.63
2025-09-20 10:00:00+00:00,0.8912,0.8938,0.8885,0.8891,3787750.96
2025-09-20 11:00:00+00:00,0.8891,0.8957,0.8871,0.8953,4369911.63
2025-09-20 12:00:00+00:00,0.8953,0.8956,0.8914,0.895,2495848.27
2025-09-20 13:00:00+00:00,0.895,0.899,0.8932,0.8957,3029876.21
2025-09-20 14:00:00+00:00,0.8957,0.8989,0.8923,0.898,3276460.4
2025-09-20 15:00:00+00:00,0.898,0.9048,0.898,0.9002,5406650.76
2025-09-20 16:00:00+00:00,0.9002,0.9033,0.8921,0.8987,5225910.29
2025-09-20 17:00:00+00:00,0.8987,0.8991,0.8927,0.8938,4479208.37
2025-09-20 18:00:00+00:00,0.8938,0.8939,0.89,0.8913,4339094.57
2025-09-20 19:00:00+00:00,0.8913,0.8943,0.8899,0.8914,2361008.11
2025-09-20 20:00:00+00:00,0.8914,0.8954,0.8907,0.8944,1912390.95
2025-09-20 21:00:00+00:00,0.8944,0.8979,0.8935,0.896,2269741.63
2025-09-20 22:00:00+00:00,0.896,0.8964,0.8932,0.8956,2094854.94
2025-09-20 23:00:00+00:00,0.8956,0.8958,0.8917,0.8932,1356372.08
2025-09-21 00:00:00+00:00,0.8932,0.8975,0.8901,0.8963,2309950.97
2025-09-21 01:00:00+00:00,0.8963,0.8976,0.8912,0.8921,2150651.24
2025-09-21 02:00:00+00:00,0.8921,0.8969,0.8898,0.8965,3418755.18
2025-09-21 03:00:00+00:00,0.8965,0.8986,0.8951,0.8986,2382804.73
2025-09-21 04:00:00+00:00,0.8986,0.899,0.8959,0.8984,2195449.37
2025-09-21 05:00:00+00:00,0.8984,0.9006,0.8969,0.8993,2770069.89
2025-09-21 06:00:00+00:00,0.8993,0.9025,0.8993,0.8997,3390066.08
2025-09-21 07:00:00+00:00,0.8997,0.9014,0.8984,0.8996,3196569.74
2025-09-21 08:00:00+00:00,0.8996,0.9003,0.8917,0.8922,3341466.57
2025-09-21 09:00:00+00:00,0.8922,0.8928,0.8772,0.8854,17361214.63
2025-09-21 10:00:00+00:00,0.8854,0.8863,0.8815,0.8815,5072740.7
2025-09-21 11:00:00+00:00,0.8815,0.8852,0.8806,0.8822,3413349.73
2025-09-21 12:00:00+00:00,0.8822,0.888,0.8817,0.8856,4372337.99
2025-09-21 13:00:00+00:00,0.8856,0.8891,0.8851,0.888,2651363.46
2025-09-21 14:00:00+00:00,0.888,0.8898,0.885,0.885,2957035.04
2025-09-21 15:00:00+00:00,0.885,0.888,0.8839,0.8857,5670474.42
2025-09-21 16:00:00+00:00,0.8857,0.8871,0.8768,0.8798,6403900.54
2025-09-21 17:00:00+00:00,0.8798,0.8869,0.8751,0.8869,6032060.89
2025-09-21 18:00:00+00:00,0.8869,0.8894,0.8851,0.8893,4456182.25
2025-09-21 19:00:00+00:00,0.8893,0.8895,0.8825,0.8886,3049551.7
2025-09-21 20:00:00+00:00,0.8886,0.8891,0.8851,0.8866,1917836.15
2025-09-21 21:00:00+00:00,0.8866,0.8872,0.8829,0.8846,2212126.22
2025-09-21 22:00:00+00:00,0.8846,0.8883,0.8795,0.8879,2715309.28
2025-09-21 23:00:00+00:00,0.8879,0.8883,0.8819,0.8841,3627539.59
2025-09-22 00:00:00+00:00,0.8841,0.8877,0.8619,0.8645,32156972.67
2025-09-22 01:00:00+00:00,0.8645,0.8721,0.8626,0.8639,9984777.99
2025-09-22 02:00:00+00:00,0.8639,0.8658,0.8466,0.8525,27752701.9
2025-09-22 03:00:00+00:00,0.8525,0.8572,0.8517,0.8559,9741816.2
2025-09-22 04:00:00+00:00,0.8559,0.8564,0.8513,0.8535,7272617.96
2025-09-22 05:00:00+00:00,0.8535,0.8535,0.839,0.839,12381250.78
2025-09-22 06:00:00+00:00,0.839,0.839,0.7983,0.8241,105519206.05
2025-09-22 07:00:00+00:00,0.8241,0.8241,0.8168,0.8171,22025835.28
2025-09-22 08:00:00+00:00,0.8171,0.823,0.8129,0.8204,15894742.37
2025-09-22 09:00:00+00:00,0.8204,0.8216,0.8134,0.8148,15838962.3
2025-09-22 10:00:00+00:00,0.8148,0.828,0.8126,0.8254,12671978.29
2025-09-22 11:00:00+00:00,0.8254,0.8269,0.8209,0.8222,9207121.14
2025-09-22 12:00:00+00:00,0.8222,0.8282,0.8193,0.8274,9995176.43
2025-09-22 13:00:00+00:00,0.8274,0.8321,0.8231,0.831,12310682.55
2025-09-22 14:00:00+00:00,0.831,0.8329,0.8234,0.825,10198394.15
2025-09-22 15:00:00+00:00,0.825,0.8267,0.8191,0.8203,9682803.38
2025-09-22 16:00:00+00:00,0.8203,0.827,0.8192,0.8205,5908944.35
2025-09-22 17:00:00+00:00,0.8205,0.8236,0.8178,0.8222,5899505.53
2025-09-22 18:00:00+00:00,0.8222,0.8228,0.818,0.8184,4104002.93
2025-09-22 19:00:00+00:00,0.8184,0.8194,0.8139,0.8152,7517409.83
2025-09-22 20:00:00+00:00,0.8152,0.8235,0.8134,0.8226,5133714.02
2025-09-22 21:00:00+00:00,0.8226,0.8275,0.8203,0.827,2677959.56
2025-09-22 22:00:00+00:00,0.827,0.827,0.8235,0.8245,2183347.83
2025-09-22 23:00:00+00:00,0.8245,0.826,0.8238,0.8256,2485681.99
2025-09-23 00:00:00+00:00,0.8256,0.8293,0.8221,0.8222,3956862.89
2025-09-23 01:00:00+00:00,0.8222,0.8228,0.8152,0.8154,4087483.98
2025-09-23 02:00:00+00:00,0.8154,0.8204,0.8083,0.8092,8573724.1
2025-09-23 03:00:00+00:00,0.8092,0.8268,0.803,0.8223,15561867.67
2025-09-23 04:00:00+00:00,0.8223,0.8243,0.8146,0.8183,3976737.59
2025-09-23 05:00:00+00:00,0.8183,0.8222,0.8153,0.8185,4658932.36
2025-09-23 06:00:00+00:00,0.8185,0.8274,0.8172,0.8263,8080558.13
2025-09-23 07:00:00+00:00,0.8263,0.8287,0.8224,0.8239,6817453.49
2025-09-23 08:00:00+00:00,0.8239,0.8263,0.8222,0.8256,6048031.29
2025-09-23 09:00:00+00:00,0.8256,0.8282,0.8202,0.8222,6990411.61
2025-09-23 10:00:00+00:00,0.8222,0.8246,0.821,0.8228,3743652.19
2025-09-23 11:00:00+00:00,0.8228,0.8239,0.819,0.8221,4137170.42
2025-09-23 12:00:00+00:00,0.8221,0.826,0.8197,0.8233,5624560.42
2025-09-23 13:00:00+00:00,0.8233,0.825,0.8192,0.8211,5345087.98
2025-09-23 14:00:00+00:00,0.8211,0.8265,0.8171,0.8182,7351555.98
2025-09-23 15:00:00+00:00,0.8182,0.8237,0.8157,0.8223,5955491.8
2025-09-23 16:00:00+00:00,0.8223,0.8294,0.8175,0.8264,7282604.97
2025-09-23 17:00:00+00:00,0.8264,0.8267,0.8131,0.8142,6292348.71
2025-09-23 18:00:00+00:00,0.8142,0.8166,0.8084,0.8112,6392638.74
2025-09-23 19:00:00+00:00,0.8112,0.8162,0.8067,0.8083,6480885.63
2025-09-23 20:00:00+00:00,0.8083,0.8129,0.8051,0.8128,4793070.83
2025-09-23 21:00:00+00:00,0.8128,0.8162,0.8104,0.8137,3624288.72
2025-09-23 22:00:00+00:00,0.8137,0.8145,0.8092,0.8109,2067445.18
2025-09-23 23:00:00+00:00,0.8109,0.8131,0.8057,0.8061,3585729.46
2025-09-24 00:00:00+00:00,0.8061,0.8146,0.8053,0.8106,5721222.99
2025-09-24 01:00:00+00:00,0.8106,0.8158,0.8087,0.8154,3130716.75
2025-09-24 02:00:00+00:00,0.8154,0.816,0.8082,0.8109,6255548.24
2025-09-24 03:00:00+00:00,0.8109,0.8128,0.7984,0.8005,14868801.77
2025-09-24 04:00:00+00:00,0.8005,0.8115,0.7911,0.8059,23267848.2
2025-09-24 05:00:00+00:00,0.8059,0.8155,0.8054,0.8137,4271953.92
2025-09-24 06:00:00+00:00,0.8137,0.8172,0.8115,0.8156,5153548.97
2025-09-24 07:00:00+00:00,0.8156,0.8169,0.8119,0.8147,3609510.61
2025-09-24 08:00:00+00:00,0.8147,0.8173,0.8131,0.8168,3235205.8
2025-09-24 09:00:00+00:00,0.8168,0.8191,0.8146,0.818,4116596.7
2025-09-24 10:00:00+00:00,0.818,0.8185,0.815,0.8172,3442395.97
2025-09-24 11:00:00+00:00,0.8172,0.8231,0.8166,0.8193,7520315.37
2025-09-24 12:00:00+00:00,0.8193,0.8233,0.8193,0.821,5160122.08
2025-09-24 13:00:00+00:00,0.821,0.8243,0.8168,0.817,6564873.74
2025-09-24 14:00:00+00:00,0.817,0.8303,0.8169,0.8269,7088049.58
2025-09-24 15:00:00+00:00,0.8269,0.8284,0.8199,0.8208,6791802.82
2025-09-24 16:00:00+00:00,0.8208,0.8231,0.8188,0.8213,4853215.99
2025-09-24 17:00:00+00:00,0.8213,0.8268,0.8205,0.8241,4183647.89
2025-09-24 18:00:00+00:00,0.8241,0.8252,0.8216,0.8226,2379624.73
2025-09-24 19:00:00+00:00,0.8226,0.8252,0.82,0.8222,3741104.43
2025-09-24 20:00:00+00:00,0.8222,0.8233,0.8161,0.8204,3434325.03
2025-09-24 21:00:00+00:00,0.8204,0.8217,0.8133,0.8147,3638941.78
2025-09-24 22:00:00+00:00,0.8147,0.8187,0.8133,0.8144,3012870.39
2025-09-24 23:00:00+00:00,0.8144,0.8168,0.8116,0.8127,3201229.5
2025-09-25 00:00:00+00:00,0.8127,0.8144,0.8071,0.8082,4957521.28
2025-09-25 01:00:00+00:00,0.8082,0.8101,0.8015,0.8032,7703134.14
2025-09-25 02:00:00+00:00,0.8032,0.8124,0.7994,0.8073,10564537.15
2025-09-25 03:00:00+00:00,0.8073,0.8073,0.7931,0.8007,14497044.57
2025-09-25 04:00:00+00:00,0.8007,0.8032,0.7866,0.7902,18586598.95
2025-09-25 05:00:00+00:00,0.7902,0.7995,0.7869,0.7973,8662987.76
2025-09-25 06:00:00+00:00,0.7973,0.798,0.7892,0.7898,7317204.05
2025-09-25 07:00:00+00:00,0.7898,0.7954,0.7889,0.7906,4741878.06
2025-09-25 08:00:00+00:00,0.7906,0.7943,0.7854,0.7868,9122459.34
2025-09-25 09:00:00+00:00,0.7868,0.7937,0.7852,0.7859,9379819.43
2025-09-25 10:00:00+00:00,0.7859,0.7918,0.7854,0.7857,7249747.51
2025-09-25 11:00:00+00:00,0.7857,0.788,0.7802,0.7813,12193911.69
2025-09-25 12:00:00+00:00,0.7813,0.7891,0.7695,0.7847,30362930.66
2025-09-25 13:00:00+00:00,0.7847,0.7941,0.7796,0.7894,16337789.64
2025-09-25 14:00:00+00:00,0.7894,0.7999,0.7894,0.794,10139090.5
2025-09-25 15:00:00+00:00,0.794,0.7947,0.789,0.7908,5362652.16
2025-09-25 16:00:00+00:00,0.7908,0.7924,0.7763,0.7772,8190546.45
2025-09-25 17:00:00+00:00,0.7772,0.7778,0.7549,0.7583,42201271.15
2025-09-25 18:00:00+00:00,0.7583,0.7771,0.7556,0.777,17699641.91
2025-09-25 19:00:00+00:00,0.777,0.7823,0.7702,0.7714,6964415.27
2025-09-25 20:00:00+00:00,0.7714,0.7736,0.7645,0.765,5869440.96
2025-09-25 21:00:00+00:00,0.765,0.7722,0.7619,0.7694,7346495.6
2025-09-25 22:00:00+00:00,0.7694,0.7744,0.7645,0.7675,6404786.3
2025-09-25 23:00:00+00:00,0.7675,0.7722,0.7581,0.7637,11344949.54
2025-09-26 00:00:00+00:00,0.7637,0.7807,0.7637,0.7787,9152613.82
2025-09-26 01:00:00+00:00,0.7787,0.7813,0.7748,0.778,6860431.83
2025-09-26 02:00:00+00:00,0.778,0.7811,0.7738,0.7758,4134804.15
2025-09-26 03:00:00+00:00,0.7758,0.7781,0.7728,0.7768,3584115.83
2025-09-26 04:00:00+00:00,0.7768,0.7782,0.772,0.7739,3558337.52
2025-09-26 05:00:00+00:00,0.7739,0.7795,0.7705,0.772,3779438.2
2025-09-26 06:00:00+00:00,0.772,0.7775,0.7683,0.7734,6283413.76
2025-09-26 07:00:00+00:00,0.7734,0.7779,0.7696,0.7744,6043742.96
2025-09-26 08:00:00+00:00,0.7744,0.7779,0.7738,0.7751,4252919.1
2025-09-26 09:00:00+00:00,0.7751,0.7773,0.7691,0.7723,4679015.71
2025-09-26 10:00:00+00:00,0.7723,0.7726,0.7606,0.7622,7148724.57
2025-09-26 11:00:00+00:00,0.7622,0.7668,0.7577,0.7638,7923387.37
2025-09-26 12:00:00+00:00,0.7638,0.779,0.7576,0.7726,18864125.32
2025-09-26 13:00:00+00:00,0.7726,0.7791,0.7673,0.7773,12517913.17
2025-09-26 14:00:00+00:00,0.7773,0.778,0.7649,0.7667,8752050.27
2025-09-26 15:00:00+00:00,0.7667,0.7776,0.7664,0.7749,6671102.44
2025-09-26 16:00:00+00:00,0.7749,0.7847,0.7743,0.7836,8654817.6
2025-09-26 17:00:00+00:00,0.7836,0.7906,0.7817,0.7894,9915096.84
2025-09-26 18:00:00+00:00,0.7894,0.7962,0.7894,0.7929,8948119.65
2025-09-26 19:00:00+00:00,0.7929,0.7931,0.7851,0.7892,5469862.08
2025-09-26 20:00:00+00:00,0.7892,0.7914,0.7867,0.7881,2579411.63
2025-09-26 21:00:00+00:00,0.7881,0.7916,0.7873,0.7906,3247187.35
2025-09-26 22:00:00+00:00,0.7906,0.7937,0.7895,0.7908,3095278.46
2025-09-26 23:00:00+00:00,0.7908,0.7923,0.7886,0.7918,2221316.76
2025-09-27 00:00:00+00:00,0.7918,0.7925,0.7898,0.7923,2092823.76
2025-09-27 01:00:00+00:00,0.7923,0.7926,0.7883,0.7903,2882493.82
2025-09-27 02:00:00+00:00,0.7903,0.7915,0.7886,0.7892,1767904.62
2025-09-27 03:00:00+00:00,0.7892,0.794,0.7891,0.7923,2838778.17
2025-09-27 04:00:00+00:00,0.7923,0.7933,0.7908,0.7917,3065571.63
2025-09-27 05:00:00+00:00,0.7917,0.7923,0.7888,0.7912,1680925.37
2025-09-27 06:00:00+00:00,0.7912,0.7914,0.789,0.7902,1988724.65
2025-09-27 07:00:00+00:00,0.7902,0.7914,0.7817,0.7837,5077876.15
2025-09-27 08:00:00+00:00,0.7837,0.7839,0.7791,0.7795,4486851.24
2025-09-27 09:00:00+00:00,0.7795,0.7844,0.7766,0.7828,5261362.34
2025-09-27 10:00:00+00:00,0.7828,0.7861,0.7806,0.7844,2996319.69
2025-09-27 11:00:00+00:00,0.7844,0.7853,0.7823,0.7831,1546841.45
2025-09-27 12:00:00+00:00,0.7831,0.7865,0.781,0.7857,2898321.48
2025-09-27 13:00:00+00:00,0.7857,0.7866,0.7838,0.7856,2111430.11
2025-09-27 14:00:00+00:00,0.7856,0.7869,0.7841,0.7841,1984743.61
2025-09-27 15:00:00+00:00,0.7841,0.7857,0.7804,0.7854,2545802.24
2025-09-27 16:00:00+00:00,0.7854,0.7858,0.7825,0.783,1783439.47
2025-09-27 17:00:00+00:00,0.783,0.7832,0.7772,0.7809,4240199.42
2025-09-27 18:00:00+00:00,0.7809,0.7814,0.7782,0.7807,1317426.97
2025-09-27 19:00:00+00:00,0.7807,0.7822,0.7801,0.7815,1124768.0
2025-09-27 20:00:00+00:00,0.7815,0.7822,0.7786,0.7796,2294300.92
2025-09-27 21:00:00+00:00,0.7796,0.7839,0.779,0.7834,1446706.38
2025-09-27 22:00:00+00:00,0.7834,0.7881,0.7832,0.7846,2684402.13
2025-09-27 23:00:00+00:00,0.7846,0.7861,0.7806,0.7809,2455116.93
2025-09-28 00:00:00+00:00,0.7809,0.7823,0.7772,0.7783,4163804.7
2025-09-28 01:00:00+00:00,0.7783,0.7789,0.7722,0.7733,3866849.21
2025-09-28 02:00:00+00:00,0.7733,0.7766,0.773,0.7748,2202031.53
2025-09-28 03:00:00+00:00,0.7748,0.7761,0.773,0.775,1640898.64
2025-09-28 04:00:00+00:00,0.775,0.7755,0.7731,0.775,1326629.53
2025-09-28 05:00:00+00:00,0.775,0.7764,0.7728,0.774,1563969.34
2025-09-28 06:00:00+00:00,0.774,0.7747,0.7691,0.7726,2668558.9
2025-09-28 07:00:00+00:00,0.7726,0.7742,0.77,0.7731,1810341.16
2025-09-28 08:00:00+00:00,0.7731,0.7736,0.7692,0.7702,4189122.86
2025-09-28 09:00:00+00:00,0.7702,0.7713,0.7672,0.7683,3094983.68
2025-09-28 10:00:00+00:00,0.7683,0.7691,0.7655,0.7687,2601390.99
2025-09-28 11:00:00+00:00,0.7687,0.7692,0.7658,0.7686,3120150.62
2025-09-28 12:00:00+00:00,0.7686,0.7689,0.7647,0.7663,4254504.28
2025-09-28 13:00:00+00:00,0.7663,0.7778,0.7659,0.7764,4836271.78
2025-09-28 14:00:00+00:00,0.7764,0.7797,0.7744,0.7795,3729530.59
2025-09-28 15:00:00+00:00,0.7795,0.7815,0.7779,0.7815,3308562.97
2025-09-28 16:00:00+00:00,0.7815,0.7891,0.7814,0.7872,5701759.78
2025-09-28 17:00:00+00:00,0.7872,0.7919,0.7851,0.7908,4237124.13
2025-09-28 18:00:00+00:00,0.7908,0.7918,0.7875,0.7912,2129329.51
2025-09-28 19:00:00+00:00,0.7912,0.7919,0.7887,0.7901,1367174.95
2025-09-28 20:00:00+00:00,0.7901,0.7974,0.7896,0.7936,4912378.48
2025-09-28 21:00:00+00:00,0.7936,0.7978,0.7932,0.7944,3620359.83
2025-09-28 22:00:00+00:00,0.7944,0.8102,0.7944,0.8092,13780709.7
2025-09-28 23:00:00+00:00,0.8092,0.8119,0.8066,0.8086,6374818.23
2025-09-29 00:00:00+00:00,0.8086,0.8089,0.8042,0.8051,5730015.51
2025-09-29 01:00:00+00:00,0.8051,0.8057,0.7993,0.7995,4365921.81
2025-09-29 02:00:00+00:00,0.7995,0.8046,0.7983,0.8014,3448660.82
2025-09-29 03:00:00+00:00,0.8014,0.8047,0.7994,0.8046,4499691.68
2025-09-29 04:00:00+00:00,0.8046,0.8058,0.7995,0.8018,3344108.87
2025-09-29 05:00:00+00:00,0.8018,0.8021,0.796,0.7995,3045486.06
2025-09-29 06:00:00+00:00,0.7995,0.7995,0.7953,0.7953,4502393.0
2025-09-29 07:00:00+00:00,0.7953,0.7999,0.7928,0.7982,3405963.76
2025-09-29 08:00:00+00:00,0.7982,0.8042,0.7976,0.8014,3354765.92
2025-09-29 09:00:00+00:00,0.8014,0.8018,0.7972,0.7986,2834597.14
2025-09-29 10:00:00+00:00,0.7986,0.7996,0.7936,0.7937,2369396.45
2025-09-29 11:00:00+00:00,0.7937,0.7953,0.7896,0.7947,3712624.69
2025-09-29 12:00:00+00:00,0.7947,0.7996,0.7905,0.7908,3457923.37
2025-09-29 13:00:00+00:00,0.7908,0.8086,0.788,0.8067,13571067.02
2025-09-29 14:00:00+00:00,0.8067,0.8159,0.8061,0.8126,15864266.08
2025-09-29 15:00:00+00:00,0.8126,0.8144,0.8004,0.8021,7149441.95
2025-09-29 16:00:00+00:00,0.8021,0.8055,0.7977,0.7985,5163806.64
2025-09-29 17:00:00+00:00,0.7985,0.8015,0.795,0.8005,4045678.16
2025-09-29 18:00:00+00:00,0.8005,0.8005,0.7956,0.7989,3312652.3
2025-09-29 19:00:00+00:00,0.7989,0.8057,0.7982,0.8046,3614912.29
2025-09-29 20:00:00+00:00,0.8046,0.8137,0.8034,0.8134,5909650.42
2025-09-29 21:00:00+00:00,0.8134,0.8147,0.8097,0.8112,5921670.78
2025-09-29 22:00:00+00:00,0.8112,0.8118,0.8069,0.8085,4668703.48
2025-09-29 23:00:00+00:00,0.8085,0.8099,0.8056,0.8061,3310203.28
2025-09-30 00:00:00+00:00,0.8061,0.8084,0.8002,0.8009,8893235.82
2025-09-30 01:00:00+00:00,0.8009,0.8058,0.7964,0.8001,7636982.3
2025-09-30 02:00:00+00:00,0.8001,0.8032,0.7981,0.7984,4003925.38
2025-09-30 03:00:00+00:00,0.7984,0.8011,0.7968,0.7978,3636616.84
2025-09-30 04:00:00+00:00,0.7978,0.7995,0.7962,0.7972,3569458.61
2025-09-30 05:00:00+00:00,0.7972,0.8017,0.7959,0.8007,3770196.55
2025-09-30 06:00:00+00:00,0.8007,0.8053,0.7983,0.8006,6425392.4
2025-09-30 07:00:00+00:00,0.8006,0.8023,0.7927,0.7941,5078594.46
2025-09-30 08:00:00+00:00,0.7941,0.7953,0.7921,0.7921,3416101.26
2025-09-30 09:00:00+00:00,0.7921,0.7931,0.7856,0.7866,5993967.49
2025-09-30 10:00:00+00:00,0.7866,0.7902,0.7844,0.7886,4853881.39
2025-09-30 11:00:00+00:00,0.7886,0.7916,0.7854,0.7911,3361228.91
2025-09-30 12:00:00+00:00,0.7911,0.7928,0.7882,0.7896,3556415.4
2025-09-30 13:00:00+00:00,0.7896,0.796,0.7871,0.7912,4864019.78
2025-09-30 14:00:00+00:00,0.7912,0.7927,0.7867,0.7916,4310486.81
2025-09-30 15:00:00+00:00,0.7916,0.7916,0.7782,0.7834,8173085.59
2025-09-30 16:00:00+00:00,0.7834,0.7852,0.78,0.7835,4262396.54
2025-09-30 17:00:00+00:00,0.7835,0.7895,0.7827,0.7841,7868598.47
2025-09-30 18:00:00+00:00,0.7841,0.7905,0.782,0.7902,5024635.33
2025-09-30 19:00:00+00:00,0.7902,0.8016,0.7894,0.801,7118155.84
2025-09-30 20:00:00+00:00,0.801,0.809,0.7996,0.8088,8953990.04
2025-09-30 21:00:00+00:00,0.8088,0.8131,0.8043,0.8047,9164432.79
2025-09-30 22:00:00+00:00,0.8047,0.8104,0.801,0.8018,5725451.82
2025-09-30 23:00:00+00:00,0.8018,0.8078,0.7989,0.8072,6786188.0
2025-10-01 00:00:00+00:00,0.8072,0.8098,0.8015,0.807,6389694.34
2025-10-01 01:00:00+00:00,0.807,0.8113,0.8038,0.8111,6152970.62
2025-10-01 02:00:00+00:00,0.8111,0.8113,0.8048,0.8054,3823847.45
2025-10-01 03:00:00+00:00,0.8054,0.8056,0.7969,0.798,6465999.9
2025-10-01 04:00:00+00:00,0.798,0.8069,0.7972,0.8006,5646424.89
2025-10-01 05:00:00+00:00,0.8006,0.8058,0.8006,0.8035,3278228.71
2025-10-01 06:00:00+00:00,0.8035,0.8052,0.7988,0.7992,2867747.51
2025-10-01 07:00:00+00:00,0.7992,0.8062,0.7987,0.8048,2149015.02
2025-10-01 08:00:00+00:00,0.8048,0.8291,0.803,0.829,28261028.08
2025-10-01 09:00:00+00:00,0.829,0.8345,0.8274,0.8336,23106620.56
2025-10-01 10:00:00+00:00,0.8336,0.8358,0.8294,0.831,12134301.47
2025-10-01 11:00:00+00:00,0.831,0.8375,0.831,0.8364,5948547.28
2025-10-01 12:00:00+00:00,0.8364,0.8373,0.8322,0.8325,6048183.92
2025-10-01 13:00:00+00:00,0.8325,0.8397,0.8325,0.8376,8788500.91
2025-10-01 14:00:00+00:00,0.8376,0.8426,0.8361,0.8394,11985675.38
2025-10-01 15:00:00+00:00,0.8394,0.8426,0.837,0.8408,6754274.37
2025-10-01 16:00:00+00:00,0.8408,0.8438,0.8342,0.8353,8670873.26
2025-10-01 17:00:00+00:00,0.8353,0.8392,0.833,0.8354,7942212.17
2025-10-01 18:00:00+00:00,0.8354,0.8441,0.8354,0.843,5265791.14
2025-10-01 19:00:00+00:00,0.843,0.8478,0.8419,0.8455,6631452.2
2025-10-01 20:00:00+00:00,0.8455,0.8463,0.842,0.8435,6132824.15
2025-10-01 21:00:00+00:00,0.8435,0.8445,0.8386,0.8408,4208328.66
2025-10-01 22:00:00+00:00,0.8408,0.8452,0.8408,0.8448,4328944.05
2025-10-01 23:00:00+00:00,0.8448,0.8511,0.8437,0.8507,7446915.46
2025-10-02 00:00:00+00:00,0.8507,0.8554,0.8487,0.8489,9194775.08
2025-10-02 01:00:00+00:00,0.8489,0.8591,0.848,0.8583,5528901.97
2025-10-02 02:00:00+00:00,0.8583,0.8603,0.8541,0.8579,6993420.37
2025-10-02 03:00:00+00:00,0.8579,0.8592,0.8543,0.8549,6098288.72
2025-10-02 04:00:00+00:00,0.8549,0.8569,0.8503,0.8545,5040012.9
2025-10-02 05:00:00+00:00,0.8545,0.8569,0.8522,0.854,4184718.73
2025-10-02 06:00:00+00:00,0.854,0.8641,0.8532,0.8606,10140024.98
2025-10-02 07:00:00+00:00,0.8606,0.8637,0.853,0.8542,8804624.8
2025-10-02 08:00:00+00:00,0.8542,0.8572,0.8541,0.8563,4090431.68
2025-10-02 09:00:00+00:00,0.8563,0.8576,0.8532,0.8551,3857387.52
2025-10-02 10:00:00+00:00,0.8551,0.8559,0.8492,0.8525,8193538.21
2025-10-02 11:00:00+00:00,0.8525,0.8562,0.8498,0.8503,7175161.81
2025-10-02 12:00:00+00:00,0.8503,0.8558,0.849,0.8554,7637850.94
2025-10-02 13:00:00+00:00,0.8554,0.8566,0.8461,0.8534,10694296.33
2025-10-02 14:00:00+00:00,0.8534,0.8538,0.838,0.8411,16274731.19
2025-10-02 15:00:00+00:00,0.8411,0.8541,0.8362,0.8538,12724160.44
2025-10-02 16:00:00+00:00,0.8538,0.8611,0.8527,0.8588,16083993.86
2025-10-02 17:00:00+00:00,0.8588,0.8644,0.8561,0.861,9416945.01
2025-10-02 18:00:00+00:00,0.861,0.8731,0.861,0.8714,16439461.94
2025-10-02 19:00:00+00:00,0.8714,0.8777,0.8706,0.8743,9702405.41
2025-10-02 20:00:00+00:00,0.8743,0.8751,0.8662,0.8709,9745610.75
2025-10-02 21:00:00+00:00,0.8709,0.8749,0.8675,0.8688,6574073.87
2025-10-02 22:00:00+00:00,0.8688,0.8712,0.8646,0.8655,5720275.99
2025-10-02 23:00:00+00:00,0.8655,0.8714,0.8654,0.8706,4888275.17
2025-10-03 00:00:00+00:00,0.8706,0.8712,0.8615,0.8625,6303180.68
2025-10-03 01:00:00+00:00,0.8625,0.8651,0.8548,0.8564,10230319.08
2025-10-03 02:00:00+00:00,0.8564,0.863,0.8556,0.8625,6556828.73
2025-10-03 03:00:00+00:00,0.8625,0.8687,0.861,0.8617,6711006.55
2025-10-03 04:00:00+00:00,0.8617,0.8674,0.8609,0.864,4598679.45
2025-10-03 05:00:00+00:00,0.864,0.8646,0.8577,0.8607,5812441.92
2025-10-03 06:00:00+00:00,0.8607,0.8635,0.8549,0.858,6373242.82
2025-10-03 07:00:00+00:00,0.858,0.8587,0.8538,0.857,6929598.34
2025-10-03 08:00:00+00:00,0.857,0.8599,0.8514,0.8597,6653275.24
2025-10-03 09:00:00+00:00,0.8597,0.8601,0.8552,0.8585,5664838.46
2025-10-03 10:00:00+00:00,0.8585,0.8595,0.857,0.8581,4411692.65
2025-10-03 11:00:00+00:00,0.8581,0.8585,0.8521,0.8542,6330650.76
2025-10-03 12:00:00+00:00,0.8542,0.8567,0.8524,0.8542,4967643.92
2025-10-03 13:00:00+00:00,0.8542,0.8599,0.8484,0.8557,10187423.26
2025-10-03 14:00:00+00:00,0.8557,0.8621,0.849,0.8597,10662399.66
2025-10-03 15:00:00+00:00,0.8597,0.874,0.8575,0.8733,12859009.94
2025-10-03 16:00:00+00:00,0.8733,0.8923,0.8733,0.8773,38771739.4
2025-10-03 17:00:00+00:00,0.8773,0.8776,0.8596,0.8619,39660205.31
2025-10-03 18:00:00+00:00,0.8619,0.8731,0.8577,0.8723,9164838.8
2025-10-03 19:00:00+00:00,0.8723,0.8767,0.8694,0.8702,10224842.87
2025-10-03 20:00:00+00:00,0.8702,0.8726,0.866,0.8718,6257715.86
2025-10-03 21:00:00+00:00,0.8718,0.8731,0.8672,0.8691,4847701.0
2025-10-03 22:00:00+00:00,0.8691,0.874,0.869,0.8706,5281773.47
2025-10-03 23:00:00+00:00,0.8706,0.8707,0.8648,0.8654,6898345.72
2025-10-04 00:00:00+00:00,0.8654,0.8687,0.8611,0.8627,6392777.49
2025-10-04 01:00:00+00:00,0.8627,0.8629,0.8558,0.8567,8136557.52
2025-10-04 02:00:00+00:00,0.8567,0.8594,0.8527,0.8542,7878478.9
2025-10-04 03:00:00+00:00,0.8542,0.855,0.8498,0.8546,8651321.44
2025-10-04 04:00:00+00:00,0.8546,0.8564,0.853,0.8553,9753743.78
2025-10-04 05:00:00+00:00,0.8553,0.8577,0.8538,0.8564,14530605.24
2025-10-04 06:00:00+00:00,0.8564,0.8588,0.8555,0.8563,15532994.12
2025-10-04 07:00:00+00:00,0.8563,0.8568,0.852,0.8526,19206431.46
2025-10-04 08:00:00+00:00,0.8526,0.8536,0.8458,0.8469,8527598.12
2025-10-04 09:00:00+00:00,0.8469,0.8496,0.8444,0.8449,4925358.55
2025-10-04 10:00:00+00:00,0.8449,0.8484,0.8424,0.8429,5432322.0
2025-10-04 11:00:00+00:00,0.8429,0.8448,0.8409,0.8434,3855733.08
2025-10-04 12:00:00+00:00,0.8434,0.8451,0.8415,0.8423,3352245.85
2025-10-04 13:00:00+00:00,0.8423,0.8497,0.842,0.8459,5311332.88
2025-10-04 14:00:00+00:00,0.8459,0.8496,0.8384,0.8384,8302271.66
2025-10-04 15:00:00+00:00,0.8384,0.8412,0.8332,0.8351,10242675.49
2025-10-04 16:00:00+00:00,0.8351,0.8423,0.8347,0.8377,9544753.51
2025-10-04 17:00:00+00:00,0.8377,0.8392,0.8345,0.837,3691921.88
2025-10-04 18:00:00+00:00,0.837,0.8379,0.8354,0.8358,2350443.17
2025-10-04 19:00:00+00:00,0.8358,0.8389,0.8358,0.8381,1718159.25
2025-10-04 20:00:00+00:00,0.8381,0.8412,0.8379,0.8385,3077807.99
2025-10-04 21:00:00+00:00,0.8385,0.8438,0.838,0.8407,3174613.97
2025-10-04 22:00:00+00:00,0.8407,0.8434,0.8393,0.8417,2517607.59
2025-10-04 23:00:00+00:00,0.8417,0.8418,0.8392,0.8396,2792402.19
2025-10-05 00:00:00+00:00,0.8396,0.8426,0.8351,0.8355,4452783.85
2025-10-05 01:00:00+00:00,0.8355,0.8415,0.8354,0.8407,2545958.37
2025-10-05 02:00:00+00:00,0.8407,0.8601,0.8395,0.8596,14464841.22
2025-10-05 03:00:00+00:00,0.8596,0.8633,0.8541,0.8549,10948232.92
2025-10-05 04:00:00+00:00,0.8549,0.8714,0.8548,0.8674,18554703.62
2025-10-05 05:00:00+00:00,0.8674,0.8743,0.8672,0.8727,15698474.86
2025-10-05 06:00:00+00:00,0.8727,0.8753,0.8666,0.8674,8447860.99
2025-10-05 07:00:00+00:00,0.8674,0.8781,0.8671,0.878,12216462.15
2025-10-05 08:00:00+00:00,0.878,0.8826,0.8757,0.8776,11650048.92
2025-10-05 09:00:00+00:00,0.8776,0.879,0.8644,0.8663,21831472.71
2025-10-05 10:00:00+00:00,0.8663,0.8675,0.8599,0.8628,11054885.08
2025-10-05 11:00:00+00:00,0.8628,0.8642,0.8578,0.8632,8493350.94
2025-10-05 12:00:00+00:00,0.8632,0.8632,0.8556,0.8563,6350114.66
2025-10-05 13:00:00+00:00,0.8563,0.8601,0.8561,0.8579,3113512.41
2025-10-05 14:00:00+00:00,0.8579,0.8611,0.8512,0.8543,5588750.04
2025-10-05 15:00:00+00:00,0.8543,0.8578,0.8516,0.8537,6309486.12
2025-10-05 16:00:00+00:00,0.8537,0.8565,0.846,0.8531,7309791.9
2025-10-05 17:00:00+00:00,0.8531,0.8549,0.8426,0.8441,4384063.32
2025-10-05 18:00:00+00:00,0.8441,0.8461,0.8398,0.8432,6748630.97
2025-10-05 19:00:00+00:00,0.8432,0.8433,0.8273,0.8304,16829339.61
2025-10-05 20:00:00+00:00,0.8304,0.8377,0.828,0.8348,5581207.94
2025-10-05 21:00:00+00:00,0.8348,0.8371,0.8327,0.8367,4813664.2
2025-10-05 22:00:00+00:00,0.8367,0.8403,0.8331,0.8369,6688841.93
2025-10-05 23:00:00+00:00,0.8369,0.8403,0.8361,0.8371,5852112.86
2025-10-06 00:00:00+00:00,0.8371,0.845,0.8318,0.8354,13695573.08
2025-10-06 01:00:00+00:00,0.8354,0.8454,0.8326,0.8399,9281461.25
2025-10-06 02:00:00+00:00,0.8399,0.8447,0.8348,0.8403,8005243.59
2025-10-06 03:00:00+00:00,0.8403,0.8422,0.8385,0.8399,3168077.0
2025-10-06 04:00:00+00:00,0.8399,0.8429,0.8382,0.8388,4491947.67
2025-10-06 05:00:00+00:00,0.8388,0.8427,0.8362,0.8424,3926685.76
2025-10-06 06:00:00+00:00,0.8424,0.8499,0.8424,0.8459,7760013.82
2025-10-06 07:00:00+00:00,0.8459,0.8495,0.8396,0.8428,7367601.18
2025-10-06 08:00:00+00:00,0.8428,0.8524,0.8428,0.8518,7520832.47
2025-10-06 09:00:00+00:00,0.8518,0.8533,0.8486,0.8505,6124337.01
2025-10-06 10:00:00+00:00,0.8505,0.8529,0.8485,0.8514,6299482.44
2025-10-06 11:00:00+00:00,0.8514,0.8549,0.8486,0.8509,5164462.33
2025-10-06 12:00:00+00:00,0.8509,0.8559,0.8509,0.8545,7230419.1
2025-10-06 13:00:00+00:00,0.8545,0.8652,0.8542,0.8648,14564075.32
2025-10-06 14:00:00+00:00,0.8648,0.8703,0.861,0.8625,18971742.64
2025-10-06 15:00:00+00:00,0.8625,0.8805,0.8624,0.8732,26794551.57
2025-10-06 16:00:00+00:00,0.8732,0.8776,0.8696,0.8734,11908896.06
2025-10-06 17:00:00+00:00,0.8734,0.8796,0.8715,0.8758,12586879.99
2025-10-06 18:00:00+00:00,0.8758,0.8806,0.8756,0.8795,11310781.31
2025-10-06 19:00:00+00:00,0.8795,0.8806,0.8748,0.8775,10393733.53
2025-10-06 20:00:00+00:00,0.8775,0.8807,0.8728,0.8729,10686718.21
2025-10-06 21:00:00+00:00,0.8729,0.8767,0.8682,0.8763,10924442.47
2025-10-06 22:00:00+00:00,0.8763,0.8796,0.8747,0.8771,8339016.55
2025-10-06 23:00:00+00:00,0.8771,0.8784,0.8668,0.8714,11993687.44
2025-10-07 00:00:00+00:00,0.8714,0.8764,0.8709,0.8761,7144576.89
2025-10-07 01:00:00+00:00,0.8761,0.8779,0.8695,0.8724,5225473.16
2025-10-07 02:00:00+00:00,0.8724,0.8737,0.8679,0.8705,5879591.95
2025-10-07 03:00:00+00:00,0.8705,0.8726,0.867,0.8682,4251954.88
2025-10-07 04:00:00+00:00,0.8682,0.8746,0.862,0.8715,8130566.81
2025-10-07 05:00:00+00:00,0.8715,0.8745,0.8687,0.8723,5156778.91
2025-10-07 06:00:00+00:00,0.8723,0.8737,0.8573,0.8575,9260045.96
2025-10-07 07:00:00+00:00,0.8575,0.8603,0.8542,0.857,6424660.63
2025-10-07 08:00:00+00:00,0.857,0.8576,0.848,0.8556,9834658.7
2025-10-07 09:00:00+00:00,0.8556,0.8581,0.8543,0.8554,4641547.87
2025-10-07 10:00:00+00:00,0.8554,0.8599,0.8535,0.8581,4181522.3
2025-10-07 11:00:00+00:00,0.8581,0.861,0.8557,0.8596,4876715.24
2025-10-07 12:00:00+00:00,0.8596,0.8721,0.8568,0.8701,9747574.82
2025-10-07 13:00:00+00:00,0.8701,0.8712,0.8503,0.8573,18987052.51
2025-10-07 14:00:00+00:00,0.8573,0.858,0.8389,0.8392,20457481.58
2025-10-07 15:00:00+00:00,0.8392,0.8419,0.8287,0.8332,33784947.65
2025-10-07 16:00:00+00:00,0.8332,0.8407,0.8265,0.8354,19471602.63
2025-10-07 17:00:00+00:00,0.8354,0.8371,0.8286,0.8287,7161581.24
2025-10-07 18:00:00+00:00,0.8287,0.8305,0.8243,0.8246,10024026.04
2025-10-07 19:00:00+00:00,0.8246,0.8296,0.8233,0.8254,12080441.92
2025-10-07 20:00:00+00:00,0.8254,0.835,0.8249,0.8291,8241753.68
2025-10-07 21:00:00+00:00,0.8291,0.8313,0.8239,0.8255,7063536.46
2025-10-07 22:00:00+00:00,0.8255,0.8278,0.8219,0.8239,9650774.33
2025-10-07 23:00:00+00:00,0.8239,0.8243,0.8174,0.8198,9596881.58
2025-10-08 00:00:00+00:00,0.8198,0.828,0.8187,0.8255,7255987.78
2025-10-08 01:00:00+00:00,0.8255,0.8286,0.8237,0.8277,5102958.25
2025-10-08 02:00:00+00:00,0.8277,0.8296,0.8241,0.8247,4102343.32
2025-10-08 03:00:00+00:00,0.8247,0.8247,0.8098,0.8128,15811381.69
2025-10-08 04:00:00+00:00,0.8128,0.8183,0.8081,0.8179,7808804.83
2025-10-08 05:00:00+00:00,0.8179,0.8181,0.8106,0.8141,5381530.57
2025-10-08 06:00:00+00:00,0.8141,0.8163,0.8111,0.8153,4530930.23
2025-10-08 07:00:00+00:00,0.8153,0.8174,0.8128,0.8174,4031832.36
2025-10-08 08:00:00+00:00,0.8174,0.824,0.8163,0.8201,6877168.39
2025-10-08 09:00:00+00:00,0.8201,0.822,0.8168,0.819,5262408.82
2025-10-08 10:00:00+00:00,0.819,0.8253,0.8187,0.8248,3984032.99
2025-10-08 11:00:00+00:00,0.8248,0.8273,0.8205,0.8216,4133573.16
2025-10-08 12:00:00+00:00,0.8216,0.8243,0.8197,0.8231,4948957.17
2025-10-08 13:00:00+00:00,0.8231,0.8243,0.8128,0.821,10664449.61
2025-10-08 14:00:00+00:00,0.821,0.8298,0.8156,0.8172,10571257.49
2025-10-08 15:00:00+00:00,0.8172,0.8231,0.8167,0.8183,4246418.83
2025-10-08 16:00:00+00:00,0.8183,0.8278,0.8171,0.8275,5140441.13
2025-10-08 17:00:00+00:00,0.8275,0.8504,0.8273,0.843,20869330.18
2025-10-08 18:00:00+00:00,0.843,0.8447,0.8367,0.8409,8366033.81
2025-10-08 19:00:00+00:00,0.8409,0.8413,0.8357,0.8396,5147481.68
2025-10-08 20:00:00+00:00,0.8396,0.8427,0.8346,0.8349,4284306.76
2025-10-08 21:00:00+00:00,0.8349,0.8405,0.8347,0.8382,2896388.77
2025-10-08 22:00:00+00:00,0.8382,0.8415,0.8379,0.838,2934810.23
2025-10-08 23:00:00+00:00,0.838,0.8408,0.8361,0.8387,3608606.0
2025-10-09 00:00:00+00:00,0.8387,0.8395,0.8338,0.8352,4246255.24
2025-10-09 01:00:00+00:00,0.8352,0.8354,0.8252,0.8268,7886138.77
2025-10-09 02:00:00+00:00,0.8268,0.8275,0.8129,0.8148,9434079.15
2025-10-09 03:00:00+00:00,0.8148,0.823,0.8148,0.8213,4660200.96
2025-10-09 04:00:00+00:00,0.8213,0.8254,0.8196,0.8252,4583441.92
2025-10-09 05:00:00+00:00,0.8252,0.8259,0.8198,0.8212,3606080.74
2025-10-09 06:00:00+00:00,0.8212,0.8213,0.8163,0.8172,3543472.86
2025-10-09 07:00:00+00:00,0.8172,0.8189,0.8137,0.8148,4363488.26
2025-10-09 08:00:00+00:00,0.8148,0.8151,0.8022,0.8027,18415883.27
2025-10-09 09:00:00+00:00,0.8027,0.8089,0.8026,0.8075,7900840.16
2025-10-09 10:00:00+00:00,0.8075,0.8113,0.8047,0.8083,6474705.82
2025-10-09 11:00:00+00:00,0.8083,0.8152,0.8082,0.8127,6147656.09
2025-10-09 12:00:00+00:00,0.8127,0.8212,0.8122,0.8192,6868875.59
2025-10-09 13:00:00+00:00,0.8192,0.8199,0.8067,0.8077,10628561.85
2025-10-09 14:00:00+00:00,0.8077,0.8125,0.798,0.806,20718707.13
2025-10-09 15:00:00+00:00,0.806,0.81,0.8,0.8041,9875898.97
2025-10-09 16:00:00+00:00,0.8041,0.8062,0.7946,0.7966,11515605.63
2025-10-09 17:00:00+00:00,0.7966,0.8093,0.7954,0.8087,8310859.2
2025-10-09 18:00:00+00:00,0.8087,0.8093,0.804,0.8045,5769336.39
2025-10-09 19:00:00+00:00,0.8045,0.8103,0.8043,0.809,3832606.51
2025-10-09 20:00:00+00:00,0.809,0.8118,0.8069,0.8087,2923631.03
2025-10-09 21:00:00+00:00,0.8087,0.8126,0.8073,0.812,3413651.12
2025-10-09 22:00:00+00:00,0.812,0.819,0.8111,0.8177,3791161.85
2025-10-09 23:00:00+00:00,0.8177,0.8179,0.813,0.8152,2370096.92
2025-10-10 00:00:00+00:00,0.8152,0.8175,0.8136,0.8153,4509349.46
2025-10-10 01:00:00+00:00,0.8153,0.8171,0.8139,0.8153,2671801.35
2025-10-10 02:00:00+00:00,0.8153,0.8172,0.8122,0.8131,4210870.66
2025-10-10 03:00:00+00:00,0.8131,0.8219,0.8089,0.8159,6091516.04
2025-10-10 04:00:00+00:00,0.8159,0.8201,0.8149,0.8162,3621412.83
2025-10-10 05:00:00+00:00,0.8162,0.8222,0.8126,0.8216,4710866.0
2025-10-10 06:00:00+00:00,0.8216,0.8222,0.8142,0.8155,3762254.81
2025-10-10 07:00:00+00:00,0.8155,0.8158,0.8101,0.8105,5690481.74
2025-10-10 08:00:00+00:00,0.8105,0.8178,0.8084,0.8173,4166426.59
2025-10-10 09:00:00+00:00,0.8173,0.8193,0.812,0.8123,3628183.92
2025-10-10 10:00:00+00:00,0.8123,0.8176,0.8119,0.8172,3298918.13
2025-10-10 11:00:00+00:00,0.8172,0.8186,0.8148,0.8176,2810107.21
2025-10-10 12:00:00+00:00,0.8176,0.8196,0.8154,0.8187,3344965.89
2025-10-10 13:00:00+00:00,0.8187,0.8241,0.815,0.8186,9628216.13
2025-10-10 14:00:00+00:00,0.8186,0.8222,0.8049,0.8063,16169855.72
2025-10-10 15:00:00+00:00,0.8063,0.8072,0.7778,0.7832,57377968.78
2025-10-10 16:00:00+00:00,0.7832,0.7897,0.7798,0.7807,18255186.51
2025-10-10 17:00:00+00:00,0.7807,0.7839,0.7757,0.7781,12223050.19
2025-10-10 18:00:00+00:00,0.7781,0.781,0.7742,0.7743,8370023.5
2025-10-10 19:00:00+00:00,0.7743,0.7759,0.7601,0.7673,26306994.86
2025-10-10 20:00:00+00:00,0.7673,0.775,0.718,0.7187,64982273.91
2025-10-10 21:00:00+00:00,0.7187,0.7273,0.3207,0.5946,204382071.89
2025-10-10 22:00:00+00:00,0.5946,0.6175,0.5642,0.6168,276723901.31
2025-10-10 23:00:00+00:00,0.6168,0.6574,0.6055,0.6347,125190702.36
2025-10-11 00:00:00+00:00,0.6347,0.6569,0.6208,0.6442,83678373.14
2025-10-11 01:00:00+00:00,0.6442,0.6496,0.627,0.6316,38475194.79
2025-10-11 02:00:00+00:00,0.6316,0.6733,0.631,0.6654,39332945.33
2025-10-11 03:00:00+00:00,0.6654,0.667,0.6363,0.6471,38606117.43
2025-10-11 04:00:00+00:00,0.6471,0.6583,0.6452,0.6576,27955091.1
2025-10-11 05:00:00+00:00,0.6576,0.6592,0.6414,0.647,25475629.93
2025-10-11 06:00:00+00:00,0.647,0.659,0.6453,0.6482,20691172.08
2025-10-11 07:00:00+00:00,0.6482,0.6552,0.6462,0.6523,19558194.08
2025-10-11 08:00:00+00:00,0.6523,0.6736,0.6486,0.6724,21144999.51
2025-10-11 09:00:00+00:00,0.6724,0.6828,0.6652,0.6668,17315970.4
2025-10-11 10:00:00+00:00,0.6668,0.6748,0.6641,0.6681,12418300.07
2025-10-11 11:00:00+00:00,0.6681,0.6685,0.6589,0.6661,14587187.18
2025-10-11 12:00:00+00:00,0.6661,0.6665,0.6487,0.6531,13277136.86
2025-10-11 13:00:00+00:00,0.6531,0.6548,0.6416,0.653,17579970.63
2025-10-11 14:00:00+00:00,0.653,0.6555,0.6465,0.6519,8878739.14
2025-10-11 15:00:00+00:00,0.6519,0.6586,0.6508,0.6547,9808745.74
2025-10-11 16:00:00+00:00,0.6547,0.658,0.647,0.6513,10246225.22
2025-10-11 17:00:00+00:00,0.6513,0.6585,0.6512,0.6566,10758355.56
2025-10-11 18:00:00+00:00,0.6566,0.6567,0.651,0.6513,7343310.02
2025-10-11 19:00:00+00:00,0.6513,0.6513,0.6243,0.6314,23950995.95
2025-10-11 20:00:00+00:00,0.6314,0.6333,0.6171,0.6211,20881148.75
2025-10-11 21:00:00+00:00,0.6211,0.6329,0.6093,0.6308,25719550.34
2025-10-11 22:00:00+00:00,0.6308,0.6348,0.6273,0.6321,9761927.89
2025-10-11 23:00:00+00:00,0.6321,0.6334,0.6294,0.6315,5953075.8
2025-10-12 00:00:00+00:00,0.6315,0.634,0.6215,0.622,7939237.61
2025-10-12 01:00:00+00:00,0.622,0.6311,0.6207,0.6218,7412849.5
2025-10-12 02:00:00+00:00,0.6218,0.6294,0.6177,0.623,8876313.74
2025-10-12 03:00:00+00:00,0.623,0.6376,0.6223,0.6333,10126506.41
2025-10-12 04:00:00+00:00,0.6333,0.646,0.6325,0.6431,6980705.21
2025-10-12 05:00:00+00:00,0.6431,0.6488,0.6405,0.647,6718384.24
2025-10-12 06:00:00+00:00,0.647,0.651,0.6459,0.6499,5470156.93
2025-10-12 07:00:00+00:00,0.6499,0.6508,0.6462,0.6468,4789721.08
2025-10-12 08:00:00+00:00,0.6468,0.6505,0.6436,0.6437,4681397.61
2025-10-12 09:00:00+00:00,0.6437,0.6477,0.6382,0.6471,6212946.51
2025-10-12 10:00:00+00:00,0.6471,0.6511,0.6422,0.6432,4420569.82
2025-10-12 11:00:00+00:00,0.6432,0.6485,0.6426,0.6439,3846870.44
2025-10-12 12:00:00+00:00,0.6439,0.6507,0.6437,0.6482,5588076.14
2025-10-12 13:00:00+00:00,0.6482,0.65,0.6371,0.6396,7930657.26
2025-10-12 14:00:00+00:00,0.6396,0.6721,0.6392,0.6615,39097485.4
2025-10-12 15:00:00+00:00,0.6615,0.6838,0.6614,0.6803,41441273.03
2025-10-12 16:00:00+00:00,0.6803,0.696,0.6787,0.6876,32950728.72
2025-10-12 17:00:00+00:00,0.6876,0.6949,0.6854,0.6913,13986214.79
2025-10-12 18:00:00+00:00,0.6913,0.6957,0.6843,0.6883,9812908.56
2025-10-12 19:00:00+00:00,0.6883,0.6995,0.6879,0.6987,7808616.61
2025-10-12 20:00:00+00:00,0.6987,0.7092,0.6973,0.7003,15612162.84
2025-10-12 21:00:00+00:00,0.7003,0.7057,0.6864,0.6964,15517259.66
2025-10-12 22:00:00+00:00,0.6964,0.7025,0.6939,0.6994,10760112.45
2025-10-12 23:00:00+00:00,0.6994,0.7016,0.6924,0.7,8003135.81
2025-10-13 00:00:00+00:00,0.7,0.7082,0.6954,0.6997,12533920.31
2025-10-13 01:00:00+00:00,0.6997,0.7073,0.6957,0.7071,9131523.99
2025-10-13 02:00:00+00:00,0.7071,0.7113,0.7017,0.7107,11836123.11
2025-10-13 03:00:00+00:00,0.7107,0.7162,0.7024,0.7036,10489962.12
2025-10-13 04:00:00+00:00,0.7036,0.7092,0.6999,0.7073,9960813.28
2025-10-13 05:00:00+00:00,0.7073,0.7084,0.7005,0.701,6933085.51
2025-10-13 06:00:00+00:00,0.701,0.7151,0.6969,0.7135,11780571.31
2025-10-13 07:00:00+00:00,0.7135,0.7254,0.7127,0.7171,16268600.2
2025-10-13 08:00:00+00:00,0.7171,0.7299,0.7149,0.7264,14116035.47
2025-10-13 09:00:00+00:00,0.7264,0.7267,0.7172,0.7233,9760915.79
2025-10-13 10:00:00+00:00,0.7233,0.724,0.7137,0.7174,7256066.14
2025-10-13 11:00:00+00:00,0.7174,0.7174,0.6938,0.7065,38902546.34
2025-10-13 12:00:00+00:00,0.7065,0.7179,0.7017,0.7088,13219116.69
2025-10-13 13:00:00+00:00,0.7088,0.726,0.704,0.7235,39614027.29
2025-10-13 14:00:00+00:00,0.7235,0.7254,0.7029,0.7055,16705443.77
2025-10-13 15:00:00+00:00,0.7055,0.7196,0.7054,0.7158,9131571.44
2025-10-13 16:00:00+00:00,0.7158,0.7199,0.7083,0.716,10086020.22
2025-10-13 17:00:00+00:00,0.716,0.7261,0.7134,0.7257,12809566.67
2025-10-13 18:00:00+00:00,0.7257,0.7272,0.7185,0.7218,10484652.51
2025-10-13 19:00:00+00:00,0.7218,0.7283,0.7204,0.7245,9040974.94
2025-10-13 20:00:00+00:00,0.7245,0.7354,0.7231,0.7335,9841678.92
2025-10-13 21:00:00+00:00,0.7335,0.7359,0.7287,0.731,7179069.47
2025-10-13 22:00:00+00:00,0.731,0.7344,0.7305,0.7323,6401354.43
2025-10-13 23:00:00+00:00,0.7323,0.7339,0.7273,0.7285,6811407.74
2025-10-14 00:00:00+00:00,0.7285,0.7333,0.724,0.7275,7834701.72
2025-10-14 01:00:00+00:00,0.7275,0.7279,0.7208,0.7221,6726789.73
2025-10-14 02:00:00+00:00,0.7221,0.7221,0.7142,0.717,11212748.85
2025-10-14 03:00:00+00:00,0.717,0.7176,0.7105,0.7157,11160644.45
2025-10-14 04:00:00+00:00,0.7157,0.7182,0.7008,0.704,11863805.88
2025-10-14 05:00:00+00:00,0.704,0.7105,0.6919,0.6967,14447207.42
2025-10-14 06:00:00+00:00,0.6967,0.7002,0.6711,0.6816,37422489.79
2025-10-14 07:00:00+00:00,0.6816,0.6878,0.6749,0.6778,20986438.97
2025-10-14 08:00:00+00:00,0.6778,0.6866,0.6738,0.6815,12315536.72
2025-10-14 09:00:00+00:00,0.6815,0.6864,0.6758,0.6789,10543964.95
2025-10-14 10:00:00+00:00,0.6789,0.679,0.6627,0.6726,17457490.44
2025-10-14 11:00:00+00:00,0.6726,0.6812,0.672,0.677,10595529.2
2025-10-14 12:00:00+00:00,0.677,0.6773,0.6669,0.6686,14175258.65
2025-10-14 13:00:00+00:00,0.6686,0.6792,0.6623,0.675,27639279.32
2025-10-14 14:00:00+00:00,0.675,0.6864,0.6716,0.6795,21394444.54
2025-10-14 15:00:00+00:00,0.6795,0.697,0.6754,0.6961,17680191.59
2025-10-14 16:00:00+00:00,0.6961,0.7075,0.6916,0.6963,20324770.88
2025-10-14 17:00:00+00:00,0.6963,0.7039,0.6865,0.6986,13864881.75
2025-10-14 18:00:00+00:00,0.6986,0.7061,0.6981,0.7018,8233410.32
2025-10-14 19:00:00+00:00,0.7018,0.7066,0.6887,0.6943,17938368.5
2025-10-14 20:00:00+00:00,0.6943,0.6982,0.6903,0.6949,8936830.94
2025-10-14 21:00:00+00:00,0.6949,0.6966,0.6902,0.6958,4161107.21
2025-10-14 22:00:00+00:00,0.6958,0.7005,0.6938,0.6959,4750859.42
2025-10-14 23:00:00+00:00,0.6959,0.7017,0.6956,0.6989,8980169.05
2025-10-15 00:00:00+00:00,0.6989,0.6994,0.6917,0.6978,6662639.74
2025-10-15 01:00:00+00:00,0.6978,0.6989,0.6907,0.6962,5397125.82
2025-10-15 02:00:00+00:00,0.6962,0.7041,0.6951,0.6979,6308456.92
2025-10-15 03:00:00+00:00,0.6979,0.6988,0.6873,0.6909,7079074.96
2025-10-15 04:00:00+00:00,0.6909,0.6974,0.6882,0.6962,5425626.07
2025-10-15 05:00:00+00:00,0.6962,0.7006,0.6956,0.6989,5357536.4
2025-10-15 06:00:00+00:00,0.6989,0.7035,0.6932,0.7029,7632432.89
2025-10-15 07:00:00+00:00,0.7029,0.7037,0.6986,0.7024,4095514.34
2025-10-15 08:00:00+00:00,0.7024,0.7158,0.7017,0.7052,16953118.16
2025-10-15 09:00:00+00:00,0.7052,0.7052,0.696,0.7,12314430.85
2025-10-15 10:00:00+00:00,0.7,0.7002,0.6925,0.6943,7596377.12
2025-10-15 11:00:00+00:00,0.6943,0.6961,0.6867,0.6907,6114396.4
2025-10-15 12:00:00+00:00,0.6907,0.6938,0.6846,0.6899,8130157.04
2025-10-15 13:00:00+00:00,0.6899,0.6928,0.6752,0.6868,21635858.36
2025-10-15 14:00:00+00:00,0.6868,0.6938,0.676,0.6798,12337385.52
2025-10-15 15:00:00+00:00,0.6798,0.683,0.6689,0.6726,15834037.12
2025-10-15 16:00:00+00:00,0.6726,0.6757,0.669,0.6715,12523744.43
2025-10-15 17:00:00+00:00,0.6715,0.6737,0.664,0.6736,10783116.23
2025-10-15 18:00:00+00:00,0.6736,0.6767,0.6702,0.676,5402248.81
2025-10-15 19:00:00+00:00,0.676,0.6761,0.6668,0.6695,4976273.81
2025-10-15 20:00:00+00:00,0.6695,0.6729,0.6578,0.6647,12934713.23
2025-10-15 21:00:00+00:00,0.6647,0.6687,0.658,0.6625,7746338.62
2025-10-15 22:00:00+00:00,0.6625,0.6683,0.6618,0.6642,4482485.91
2025-10-15 23:00:00+00:00,0.6642,0.67,0.6637,0.6684,4082151.9
2025-10-16 00:00:00+00:00,0.6684,0.6708,0.666,0.6666,5384590.95
2025-10-16 01:00:00+00:00,0.6666,0.6732,0.6664,0.6724,5436332.02
2025-10-16 02:00:00+00:00,0.6724,0.6757,0.6692,0.6734,4657859.15
2025-10-16 03:00:00+00:00,0.6734,0.6748,0.6698,0.6702,2968256.4
2025-10-16 04:00:00+00:00,0.6702,0.6745,0.667,0.6687,3583712.33
2025-10-16 05:00:00+00:00,0.6687,0.673,0.6648,0.668,5040252.08
2025-10-16 06:00:00+00:00,0.668,0.6764,0.6673,0.6758,5905745.09
2025-10-16 07:00:00+00:00,0.6758,0.6762,0.6682,0.6706,4744625.66
2025-10-16 08:00:00+00:00,0.6706,0.6723,0.6662,0.6684,3605834.17
2025-10-16 09:00:00+00:00,0.6684,0.6779,0.6536,0.6732,26414013.55
2025-10-16 10:00:00+00:00,0.6732,0.6815,0.6729,0.6787,8736290.67
2025-10-16 11:00:00+00:00,0.6787,0.6815,0.6739,0.6802,5954558.96
2025-10-16 12:00:00+00:00,0.6802,0.6845,0.6778,0.6797,7359949.55
2025-10-16 13:00:00+00:00,0.6797,0.6807,0.6712,0.6731,7733839.35
2025-10-16 14:00:00+00:00,0.6731,0.6772,0.6624,0.669,15667817.99
2025-10-16 15:00:00+00:00,0.669,0.671,0.6493,0.6521,23658953.93
2025-10-16 16:00:00+00:00,0.6521,0.6646,0.6464,0.6641,25024964.24
2025-10-16 17:00:00+00:00,0.6641,0.6643,0.6531,0.6549,23407499.41
2025-10-16 18:00:00+00:00,0.6549,0.6553,0.6465,0.6529,11227540.77
2025-10-16 19:00:00+00:00,0.6529,0.6537,0.6391,0.6434,12395990.33
2025-10-16 20:00:00+00:00,0.6434,0.6461,0.6332,0.6377,9563039.64
2025-10-16 21:00:00+00:00,0.6377,0.6453,0.6357,0.6451,6566246.14
2025-10-16 22:00:00+00:00,0.6451,0.6459,0.6384,0.6384,4583165.38
2025-10-16 23:00:00+00:00,0.6384,0.6462,0.6379,0.6453,3898500.02
2025-10-17 00:00:00+00:00,0.6453,0.6501,0.6436,0.6501,5129884.15
2025-10-17 01:00:00+00:00,0.6501,0.6551,0.6461,0.6487,6516306.58
2025-10-17 02:00:00+00:00,0.6487,0.6512,0.6443,0.6494,5872503.64
2025-10-17 03:00:00+00:00,0.6494,0.6524,0.6493,0.652,4207108.38
2025-10-17 04:00:00+00:00,0.652,0.6523,0.646,0.6469,3715776.55
2025-10-17 05:00:00+00:00,0.6469,0.6481,0.6413,0.6425,6901118.59
2025-10-17 06:00:00+00:00,0.6425,0.6443,0.6215,0.6238,24808227.71
2025-10-17 07:00:00+00:00,0.6238,0.6246,0.6073,0.6093,36077067.87
2025-10-17 08:00:00+00:00,0.6093,0.6119,0.5975,0.5977,33982025.64
2025-10-17 09:00:00+00:00,0.5977,0.6143,0.5962,0.6033,15019226.14
2025-10-17 10:00:00+00:00,0.6033,0.6066,0.5925,0.604,19871862.45
2025-10-17 11:00:00+00:00,0.604,0.6219,0.6036,0.6171,20529973.38
2025-10-17 12:00:00+00:00,0.6171,0.6219,0.6162,0.6172,9240284.34
2025-10-17 13:00:00+00:00,0.6172,0.6256,0.611,0.622,18595691.55
2025-10-17 14:00:00+00:00,0.622,0.6237,0.6071,0.6142,18283756.99
2025-10-17 15:00:00+00:00,0.6142,0.6257,0.6129,0.6256,14382724.81
2025-10-17 16:00:00+00:00,0.6256,0.6337,0.623,0.6252,17451788.83
2025-10-17 17:00:00+00:00,0.6252,0.6283,0.6211,0.6259,8509245.66
2025-10-17 18:00:00+00:00,0.6259,0.6301,0.6249,0.6262,5752307.74
2025-10-17 19:00:00+00:00,0.6262,0.6285,0.6206,0.624,3407097.13
2025-10-17 20:00:00+00:00,0.624,0.6307,0.6226,0.6292,3904347.85
2025-10-17 21:00:00+00:00,0.6292,0.635,0.6291,0.6327,5712075.37
2025-10-17 22:00:00+00:00,0.6327,0.634,0.6272,0.6291,3029305.55
2025-10-17 23:00:00+00:00,0.6291,0.6292,0.624,0.6246,3037707.88
2025-10-18 00:00:00+00:00,0.6246,0.6291,0.623,0.6278,4181144.83
2025-10-18 01:00:00+00:00,0.6278,0.6354,0.6277,0.6351,3488222.68
2025-10-18 02:00:00+00:00,0.6351,0.6367,0.6284,0.6295,4692062.5
2025-10-18 03:00:00+00:00,0.6295,0.6337,0.6294,0.6322,1719977.57
2025-10-18 04:00:00+00:00,0.6322,0.6323,0.6252,0.6254,3113951.77
2025-10-18 05:00:00+00:00,0.6254,0.6299,0.6248,0.6292,3326220.19
2025-10-18 06:00:00+00:00,0.6292,0.6319,0.6266,0.6295,2494383.27
2025-10-18 07:00:00+00:00,0.6295,0.6391,0.6294,0.6319,8023067.63
2025-10-18 08:00:00+00:00,0.6319,0.6344,0.6309,0.6311,3235455.61
2025-10-18 09:00:00+00:00,0.6311,0.6368,0.6302,0.6359,3058946.9
2025-10-18 10:00:00+00:00,0.6359,0.6378,0.6333,0.6348,4118195.6
2025-10-18 11:00:00+00:00,0.6348,0.6382,0.6345,0.6381,2594986.87
2025-10-18 12:00:00+00:00,0.6381,0.6408,0.6354,0.6361,3361033.77
2025-10-18 13:00:00+00:00,0.6361,0.6362,0.6294,0.631,3975949.73
2025-10-18 14:00:00+00:00,0.631,0.6343,0.627,0.6326,3125147.16
2025-10-18 15:00:00+00:00,0.6326,0.634,0.6289,0.6321,1980961.07
2025-10-18 16:00:00+00:00,0.6321,0.6331,0.626,0.6298,3069695.0
2025-10-18 17:00:00+00:00,0.6298,0.6372,0.628,0.6366,2886353.85
2025-10-18 18:00:00+00:00,0.6366,0.6376,0.6343,0.6351,1613597.79
2025-10-18 19:00:00+00:00,0.6351,0.6368,0.6342,0.6366,1309467.57
2025-10-18 20:00:00+00:00,0.6366,0.6392,0.6344,0.6344,1893525.05
2025-10-18 21:00:00+00:00,0.6344,0.6356,0.6318,0.6349,1745446.12
2025-10-18 22:00:00+00:00,0.6349,0.636,0.6327,0.6337,1485645.95
2025-10-18 23:00:00+00:00,0.6337,0.6346,0.6323,0.6343,1494459.24
2025-10-19 00:00:00+00:00,0.6343,0.6349,0.6286,0.6305,2684947.25
2025-10-19 01:00:00+00:00,0.6305,0.6316,0.6278,0.631,3725030.48
2025-10-19 02:00:00+00:00,0.631,0.6316,0.6285,0.6295,1633210.86
2025-10-19 03:00:00+00:00,0.6295,0.6363,0.6284,0.635,3092451.49
2025-10-19 04:00:00+00:00,0.635,0.6355,0.6319,0.6331,1914939.88
2025-10-19 05:00:00+00:00,0.6331,0.6358,0.6311,0.6319,2269745.48
2025-10-19 06:00:00+00:00,0.6319,0.6327,0.6267,0.629,2209691.32
2025-10-19 07:00:00+00:00,0.629,0.6306,0.6282,0.6303,1398013.35
2025-10-19 08:00:00+00:00,0.6303,0.6362,0.6258,0.6265,12808249.43
2025-10-19 09:00:00+00:00,0.6265,0.6403,0.6226,0.6355,14659606.15
2025-10-19 10:00:00+00:00,0.6355,0.6461,0.6334,0.6446,10457192.2
2025-10-19 11:00:00+00:00,0.6446,0.6499,0.6412,0.6427,7349051.82
2025-10-19 12:00:00+00:00,0.6427,0.6437,0.6383,0.6408,3844300.51
2025-10-19 13:00:00+00:00,0.6408,0.6553,0.6403,0.6539,8153269.9
2025-10-19 14:00:00+00:00,0.6539,0.6579,0.6492,0.6577,11059257.51
2025-10-19 15:00:00+00:00,0.6577,0.6615,0.6545,0.6603,10291885.25
2025-10-19 16:00:00+00:00,0.6603,0.6622,0.6552,0.6586,7865421.77
2025-10-19 17:00:00+00:00,0.6586,0.6651,0.6568,0.6574,9599655.1
2025-10-19 18:00:00+00:00,0.6574,0.6617,0.6574,0.6612,3378119.5
2025-10-19 19:00:00+00:00,0.6612,0.6612,0.6569,0.6593,3433320.45
2025-10-19 20:00:00+00:00,0.6593,0.662,0.6578,0.6616,4273189.0
2025-10-19 21:00:00+00:00,0.6616,0.662,0.656,0.6573,3385523.79
2025-10-19 22:00:00+00:00,0.6573,0.6608,0.6573,0.6586,3443281.28
2025-10-19 23:00:00+00:00,0.6586,0.6586,0.6511,0.6529,5057247.96
2025-10-20 00:00:00+00:00,0.6529,0.6532,0.6392,0.6464,12115866.44
2025-10-20 01:00:00+00:00,0.6464,0.649,0.6445,0.6457,4012253.7
2025-10-20 02:00:00+00:00,0.6457,0.6508,0.6415,0.6488,4629136.03
2025-10-20 03:00:00+00:00,0.6488,0.6649,0.6465,0.6627,8373602.03
2025-10-20 04:00:00+00:00,0.6627,0.6661,0.6607,0.6651,6821391.62
2025-10-20 05:00:00+00:00,0.6651,0.6693,0.6623,0.6679,5656937.63
2025-10-20 06:00:00+00:00,0.6679,0.6759,0.6674,0.6733,11380707.31
2025-10-20 07:00:00+00:00,0.6733,0.6737,0.6675,0.6699,9212903.79
2025-10-20 08:00:00+00:00,0.6699,0.6733,0.6656,0.6698,12258534.24
2025-10-20 09:00:00+00:00,0.6698,0.6727,0.6683,0.6718,4519773.12
2025-10-20 10:00:00+00:00,0.6718,0.6743,0.6678,0.6698,7433414.32
2025-10-20 11:00:00+00:00,0.6698,0.67,0.6624,0.6665,13045221.58
2025-10-20 12:00:00+00:00,0.6665,0.6694,0.6651,0.6662,6833334.5
2025-10-20 13:00:00+00:00,0.6662,0.6691,0.6636,0.6682,5857091.03
2025-10-20 14:00:00+00:00,0.6682,0.6697,0.6629,0.6688,6428465.22
2025-10-20 15:00:00+00:00,0.6688,0.6713,0.6642,0.6644,6605681.55
2025-10-20 16:00:00+00:00,0.6644,0.6649,0.655,0.6598,16088997.03
2025-10-20 17:00:00+00:00,0.6598,0.6638,0.6558,0.6597,6194640.02
2025-10-20 18:00:00+00:00,0.6597,0.6645,0.6586,0.6642,3393055.17
2025-10-20 19:00:00+00:00,0.6642,0.6706,0.6616,0.6675,5436850.26
2025-10-20 20:00:00+00:00,0.6675,0.6688,0.6643,0.6684,4437615.4
2025-10-20 21:00:00+00:00,0.6684,0.6706,0.6633,0.6645,3266977.55
2025-10-20 22:00:00+00:00,0.6645,0.6671,0.6629,0.6664,2109325.98
2025-10-20 23:00:00+00:00,0.6664,0.6664,0.6621,0.6625,2320098.72
2025-10-21 00:00:00+00:00,0.6625,0.6634,0.6603,0.6619,2589496.98
2025-10-21 01:00:00+00:00,0.6619,0.6629,0.6567,0.6593,5619572.24
2025-10-21 02:00:00+00:00,0.6593,0.6596,0.6527,0.653,4934717.88
2025-10-21 03:00:00+00:00,0.653,0.6546,0.6492,0.6508,3898566.57
2025-10-21 04:00:00+00:00,0.6508,0.651,0.6383,0.6399,12713138.83
2025-10-21 05:00:00+00:00,0.6399,0.643,0.6384,0.641,7658536.85
2025-10-21 06:00:00+00:00,0.641,0.645,0.6399,0.6437,4430344.24
2025-10-21 07:00:00+00:00,0.6437,0.6446,0.6399,0.6439,3100489.94
2025-10-21 08:00:00+00:00,0.6439,0.6439,0.6371,0.6406,5738105.69
2025-10-21 09:00:00+00:00,0.6406,0.6423,0.6391,0.6413,2805187.63
2025-10-21 10:00:00+00:00,0.6413,0.6488,0.6403,0.646,4941013.75
2025-10-21 11:00:00+00:00,0.646,0.6463,0.6429,0.6457,2864222.23
2025-10-21 12:00:00+00:00,0.6457,0.6535,0.6444,0.6482,5628270.0
2025-10-21 13:00:00+00:00,0.6482,0.6511,0.644,0.646,7444687.95
2025-10-21 14:00:00+00:00,0.646,0.6753,0.646,0.6743,19474254.05
2025-10-21 15:00:00+00:00,0.6743,0.6854,0.6705,0.6804,20161771.38
2025-10-21 16:00:00+00:00,0.6804,0.684,0.6683,0.67,18639427.92
2025-10-21 17:00:00+00:00,0.67,0.6748,0.6651,0.6693,16148128.93
2025-10-21 18:00:00+00:00,0.6693,0.6721,0.6646,0.6691,7099647.11
2025-10-21 19:00:00+00:00,0.6691,0.6716,0.6675,0.6688,2975952.11
2025-10-21 20:00:00+00:00,0.6688,0.6699,0.6597,0.6607,8937022.63
2025-10-21 21:00:00+00:00,0.6607,0.6644,0.6539,0.6608,8175165.59
2025-10-21 22:00:00+00:00,0.6608,0.6611,0.647,0.6495,12554329.93
2025-10-21 23:00:00+00:00,0.6495,0.6513,0.6403,0.6427,6255491.32
2025-10-22 00:00:00+00:00,0.6427,0.6467,0.638,0.6411,7481973.25
2025-10-22 01:00:00+00:00,0.6411,0.6454,0.6393,0.6428,5887663.04
2025-10-22 02:00:00+00:00,0.6428,0.6447,0.6415,0.6421,3184729.44
2025-10-22 03:00:00+00:00,0.6421,0.6422,0.6377,0.6417,3321341.91
2025-10-22 04:00:00+00:00,0.6417,0.6448,0.6413,0.644,3121987.26
2025-10-22 05:00:00+00:00,0.644,0.6441,0.6327,0.6364,7756127.73
2025-10-22 06:00:00+00:00,0.6364,0.6378,0.6348,0.6352,4911282.35
2025-10-22 07:00:00+00:00,0.6352,0.6383,0.6325,0.6375,4917589.54
2025-10-22 08:00:00+00:00,0.6375,0.6375,0.6342,0.6354,2409214.11
2025-10-22 09:00:00+00:00,0.6354,0.6363,0.6289,0.631,5807084.01
2025-10-22 10:00:00+00:00,0.631,0.6336,0.6296,0.6299,3254099.98
2025-10-22 11:00:00+00:00,0.6299,0.6388,0.6248,0.6359,14790185.4
2025-10-22 12:00:00+00:00,0.6359,0.6408,0.6341,0.6374,4777092.88
2025-10-22 13:00:00+00:00,0.6374,0.6432,0.6347,0.6425,10825431.53
2025-10-22 14:00:00+00:00,0.6425,0.6425,0.6282,0.6396,16690009.94
2025-10-22 15:00:00+00:00,0.6396,0.6419,0.6298,0.6355,8335526.25
2025-10-22 16:00:00+00:00,0.6355,0.6379,0.6292,0.6331,12077492.87
2025-10-22 17:00:00+00:00,0.6331,0.6349,0.6267,0.6286,4367728.87
2025-10-22 18:00:00+00:00,0.6286,0.631,0.6252,0.6273,4441109.36
2025-10-22 19:00:00+00:00,0.6273,0.6329,0.6231,0.6276,6906213.38
2025-10-22 20:00:00+00:00,0.6276,0.6291,0.6213,0.6226,5238751.35
2025-10-22 21:00:00+00:00,0.6226,0.6228,0.6079,0.616,19925706.28
2025-10-22 22:00:00+00:00,0.616,0.6204,0.6141,0.6157,7942227.05
2025-10-22 23:00:00+00:00,0.6157,0.6247,0.6154,0.6238,6543425.68
2025-10-23 00:00:00+00:00,0.6238,0.6277,0.6229,0.6263,3598099.78
2025-10-23 01:00:00+00:00,0.6263,0.6292,0.6251,0.6266,5285094.94
2025-10-23 02:00:00+00:00,0.6266,0.6285,0.6262,0.627,1801170.4
2025-10-23 03:00:00+00:00,0.627,0.6299,0.626,0.6273,3125251.99
2025-10-23 04:00:00+00:00,0.6273,0.6316,0.6263,0.6294,2670168.49
2025-10-23 05:00:00+00:00,0.6294,0.6328,0.6292,0.6326,2102401.04
2025-10-23 06:00:00+00:00,0.6326,0.6428,0.6319,0.6428,6650802.33
2025-10-23 07:00:00+00:00,0.6428,0.6429,0.6367,0.6394,4337375.63
2025-10-23 08:00:00+00:00,0.6394,0.6432,0.6393,0.6404,3641921.32
2025-10-23 09:00:00+00:00,0.6404,0.6408,0.6385,0.6404,2842123.26
2025-10-23 10:00:00+00:00,0.6404,0.6423,0.6393,0.64,3788310.48
2025-10-23 11:00:00+00:00,0.64,0.6401,0.635,0.636,3577367.23
2025-10-23 12:00:00+00:00,0.636,0.6397,0.6311,0.6396,7512377.5
2025-10-23 13:00:00+00:00,0.6396,0.6444,0.6362,0.6403,7269148.23
2025-10-23 14:00:00+00:00,0.6403,0.6419,0.6346,0.6396,6502153.17
2025-10-23 15:00:00+00:00,0.6396,0.6461,0.6384,0.6426,6032281.92
2025-10-23 16:00:00+00:00,0.6426,0.6496,0.6414,0.648,5102759.31
2025-10-23 17:00:00+00:00,0.648,0.6539,0.6429,0.6524,9419379.19
2025-10-23 18:00:00+00:00,0.6524,0.6531,0.6446,0.6456,5934819.23
2025-10-23 19:00:00+00:00,0.6456,0.6471,0.6427,0.6454,3770086.06
2025-10-23 20:00:00+00:00,0.6454,0.6454,0.6375,0.6392,6418112.28
2025-10-23 21:00:00+00:00,0.6392,0.6413,0.6382,0.6391,3208598.52
2025-10-23 22:00:00+00:00,0.6391,0.6419,0.6389,0.641,3636581.96
2025-10-23 23:00:00+00:00,0.641,0.6432,0.6401,0.6429,1987180.97
2025-10-24 00:00:00+00:00,0.6429,0.6472,0.6411,0.6449,4579020.38
2025-10-24 01:00:00+00:00,0.6449,0.6453,0.6415,0.6442,2263437.55
2025-10-24 02:00:00+00:00,0.6442,0.6442,0.6401,0.6423,3389304.61
2025-10-24 03:00:00+00:00,0.6423,0.6427,0.6392,0.6406,2605720.64
2025-10-24 04:00:00+00:00,0.6406,0.6528,0.6388,0.6513,12379208.75
2025-10-24 05:00:00+00:00,0.6513,0.6533,0.65,0.6525,6504142.65
2025-10-24 06:00:00+00:00,0.6525,0.6549,0.651,0.6544,4979530.22
2025-10-24 07:00:00+00:00,0.6544,0.6548,0.647,0.6495,5637581.13
2025-10-24 08:00:00+00:00,0.6495,0.6534,0.6465,0.6515,5708330.05
2025-10-24 09:00:00+00:00,0.6515,0.6529,0.6496,0.6503,2496747.92
2025-10-24 10:00:00+00:00,0.6503,0.6505,0.6472,0.6477,2652919.45
2025-10-24 11:00:00+00:00,0.6477,0.651,0.6436,0.6506,6194926.76
2025-10-24 12:00:00+00:00,0.6506,0.6615,0.6506,0.6545,18885471.72
2025-10-24 13:00:00+00:00,0.6545,0.656,0.6475,0.6538,8969832.63
2025-10-24 14:00:00+00:00,0.6538,0.6538,0.6434,0.6465,8836231.0
2025-10-24 15:00:00+00:00,0.6465,0.6502,0.6435,0.645,5149518.98
2025-10-24 16:00:00+00:00,0.645,0.6478,0.6426,0.6464,3180831.83
2025-10-24 17:00:00+00:00,0.6464,0.651,0.6464,0.648,2176034.29
2025-10-24 18:00:00+00:00,0.648,0.651,0.6476,0.6509,4010536.96
2025-10-24 19:00:00+00:00,0.6509,0.6557,0.6509,0.6548,3716619.38
2025-10-24 20:00:00+00:00,0.6548,0.6574,0.6543,0.656,2902977.58
2025-10-24 21:00:00+00:00,0.656,0.6586,0.6554,0.6582,4652690.25
2025-10-24 22:00:00+00:00,0.6582,0.6589,0.6564,0.6575,1650544.06
2025-10-24 23:00:00+00:00,0.6575,0.6579,0.6552,0.656,4258401.84
2025-10-25 00:00:00+00:00,0.656,0.6573,0.653,0.6552,5293491.57
2025-10-25 01:00:00+00:00,0.6552,0.6594,0.6548,0.6574,3784696.58
2025-10-25 02:00:00+00:00,0.6574,0.6583,0.6556,0.6568,1846864.25
2025-10-25 03:00:00+00:00,0.6568,0.6569,0.6533,0.6535,1774748.15
2025-10-25 04:00:00+00:00,0.6535,0.6582,0.6535,0.6568,2541165.28
2025-10-25 05:00:00+00:00,0.6568,0.6568,0.6539,0.6552,1373034.84
2025-10-25 06:00:00+00:00,0.6552,0.6562,0.6511,0.6516,1848265.06
2025-10-25 07:00:00+00:00,0.6516,0.6558,0.6513,0.6516,3401040.69
2025-10-25 08:00:00+00:00,0.6516,0.6544,0.6514,0.6543,1371283.74
2025-10-25 09:00:00+00:00,0.6543,0.6546,0.6499,0.6505,2152888.14
2025-10-25 10:00:00+00:00,0.6505,0.6515,0.6482,0.6506,1872214.24
2025-10-25 11:00:00+00:00,0.6506,0.6548,0.6498,0.6539,1192554.22
2025-10-25 12:00:00+00:00,0.6539,0.657,0.6534,0.6557,2017789.5
2025-10-25 13:00:00+00:00,0.6557,0.6558,0.6511,0.6528,5010521.27
2025-10-25 14:00:00+00:00,0.6528,0.6548,0.6516,0.6547,2332714.63
2025-10-25 15:00:00+00:00,0.6547,0.6547,0.6518,0.6528,1788815.8
2025-10-25 16:00:00+00:00,0.6528,0.6537,0.6518,0.6534,1656678.52
2025-10-25 17:00:00+00:00,0.6534,0.6561,0.653,0.6546,1378746.87
2025-10-25 18:00:00+00:00,0.6546,0.6592,0.6536,0.6581,2347056.31
2025-10-25 19:00:00+00:00,0.6581,0.6582,0.6568,0.6576,1510069.81
2025-10-25 20:00:00+00:00,0.6576,0.659,0.6556,0.6558,2151755.79
2025-10-25 21:00:00+00:00,0.6558,0.6566,0.654,0.6556,1787525.13
2025-10-25 22:00:00+00:00,0.6556,0.6572,0.6537,0.6563,1545335.61
2025-10-25 23:00:00+00:00,0.6563,0.6563,0.654,0.6542,1872150.35
2025-10-26 00:00:00+00:00,0.6542,0.6564,0.652,0.6538,3391721.77
2025-10-26 01:00:00+00:00,0.6538,0.6543,0.6498,0.6514,3200161.61
2025-10-26 02:00:00+00:00,0.6514,0.6517,0.6483,0.6492,2218691.79
2025-10-26 03:00:00+00:00,0.6492,0.6499,0.6467,0.6479,1827015.3
2025-10-26 04:00:00+00:00,0.6479,0.651,0.6476,0.6507,1209819.66
2025-10-26 05:00:00+00:00,0.6507,0.6542,0.6494,0.6534,1151116.83
2025-10-26 06:00:00+00:00,0.6534,0.6546,0.652,0.6544,1056091.7
2025-10-26 07:00:00+00:00,0.6544,0.6562,0.6534,0.6556,2284163.41
2025-10-26 08:00:00+00:00,0.6556,0.6582,0.6555,0.6573,3628384.88
2025-10-26 09:00:00+00:00,0.6573,0.6652,0.6557,0.6637,8662705.42
2025-10-26 10:00:00+00:00,0.6637,0.6642,0.6599,0.6622,4393678.55
2025-10-26 11:00:00+00:00,0.6622,0.6733,0.6601,0.6733,9048694.41
2025-10-26 12:00:00+00:00,0.6733,0.6776,0.6728,0.6761,8820374.48
2025-10-26 13:00:00+00:00,0.6761,0.6803,0.6738,0.6773,8370404.9
2025-10-26 14:00:00+00:00,0.6773,0.6778,0.6733,0.6752,6036602.97
2025-10-26 15:00:00+00:00,0.6752,0.6791,0.6731,0.6778,3516465.52
2025-10-26 16:00:00+00:00,0.6778,0.6786,0.6735,0.6738,4099223.92
2025-10-26 17:00:00+00:00,0.6738,0.6758,0.6725,0.6742,1705766.03
2025-10-26 18:00:00+00:00,0.6742,0.6767,0.674,0.6755,2417593.35
2025-10-26 19:00:00+00:00,0.6755,0.6757,0.6721,0.6729,4162615.12
2025-10-26 20:00:00+00:00,0.6729,0.673,0.6682,0.6702,3636807.12
2025-10-26 21:00:00+00:00,0.6702,0.6742,0.6692,0.6738,3502857.78
2025-10-26 22:00:00+00:00,0.6738,0.687,0.6738,0.6834,19010755.39
2025-10-26 23:00:00+00:00,0.6834,0.6855,0.6807,0.6812,4477913.42
2025-10-27 00:00:00+00:00,0.6812,0.6881,0.6797,0.6853,5559241.6
2025-10-27 01:00:00+00:00,0.6853,0.6916,0.6843,0.6913,5728402.76
2025-10-27 02:00:00+00:00,0.6913,0.6937,0.6871,0.6884,4041684.44
2025-10-27 03:00:00+00:00,0.6884,0.6893,0.6831,0.6846,5540893.02
2025-10-27 04:00:00+00:00,0.6846,0.6849,0.6823,0.6847,2886874.73
2025-10-27 05:00:00+00:00,0.6847,0.6911,0.6841,0.6851,4747898.93
2025-10-27 06:00:00+00:00,0.6851,0.688,0.6812,0.6861,5636398.71
2025-10-27 07:00:00+00:00,0.6861,0.6885,0.6775,0.68,8494616.55
2025-10-27 08:00:00+00:00,0.68,0.6836,0.6759,0.6825,10346544.33
2025-10-27 09:00:00+00:00,0.6825,0.6826,0.6739,0.6762,6318553.66
2025-10-27 10:00:00+00:00,0.6762,0.6786,0.6739,0.6761,4421512.37
2025-10-27 11:00:00+00:00,0.6761,0.6789,0.6722,0.6776,4305048.58
2025-10-27 12:00:00+00:00,0.6776,0.6779,0.6723,0.6731,2777147.02
2025-10-27 13:00:00+00:00,0.6731,0.6769,0.6662,0.6739,9716230.49
2025-10-27 14:00:00+00:00,0.6739,0.6748,0.6669,0.67,6761112.2
2025-10-27 15:00:00+00:00,0.67,0.6759,0.67,0.6743,5196363.71
2025-10-27 16:00:00+00:00,0.6743,0.6842,0.6743,0.6833,5393831.82
2025-10-27 17:00:00+00:00,0.6833,0.6849,0.6808,0.6827,6896663.72
2025-10-27 18:00:00+00:00,0.6827,0.6841,0.6797,0.6808,2784431.95
2025-10-27 19:00:00+00:00,0.6808,0.6811,0.6741,0.6747,4427197.42
2025-10-27 20:00:00+00:00,0.6747,0.6747,0.6688,0.6692,6987570.64
2025-10-27 21:00:00+00:00,0.6692,0.6726,0.6659,0.6687,4829344.95
2025-10-27 22:00:00+00:00,0.6687,0.6717,0.6659,0.6665,2826807.92
2025-10-27 23:00:00+00:00,0.6665,0.6688,0.6637,0.667,3402771.48
2025-10-28 00:00:00+00:00,0.667,0.6696,0.6648,0.6664,2963072.86
2025-10-28 01:00:00+00:00,0.6664,0.6709,0.6664,0.67,2870016.75
2025-10-28 02:00:00+00:00,0.67,0.6721,0.6621,0.6656,6114134.34
2025-10-28 03:00:00+00:00,0.6656,0.6675,0.6617,0.6652,4970885.03
2025-10-28 04:00:00+00:00,0.6652,0.6682,0.6633,0.6667,2278276.1
2025-10-28 05:00:00+00:00,0.6667,0.6677,0.6576,0.6583,8122612.62
2025-10-28 06:00:00+00:00,0.6583,0.6678,0.6565,0.6676,11568474.96
2025-10-28 07:00:00+00:00,0.6676,0.6713,0.6622,0.6632,4734488.7
2025-10-28 08:00:00+00:00,0.6632,0.6675,0.662,0.6654,3449310.81
2025-10-28 09:00:00+00:00,0.6654,0.6669,0.6624,0.6658,2890490.62
2025-10-28 10:00:00+00:00,0.6658,0.6661,0.6629,0.6651,2641298.94
2025-10-28 11:00:00+00:00,0.6651,0.6666,0.6619,0.6625,4197777.82
2025-10-28 12:00:00+00:00,0.6625,0.6682,0.6606,0.6673,3977261.13
2025-10-28 13:00:00+00:00,0.6673,0.6728,0.6673,0.6721,6788892.58
2025-10-28 14:00:00+00:00,0.6721,0.6754,0.6535,0.6651,13052574.08
2025-10-28 15:00:00+00:00,0.6651,0.6684,0.6608,0.6642,4189523.81
2025-10-28 16:00:00+00:00,0.6642,0.6706,0.6616,0.6696,4540346.18
2025-10-28 17:00:00+00:00,0.6696,0.6715,0.6668,0.6698,2278179.48
2025-10-28 18:00:00+00:00,0.6698,0.6706,0.6639,0.6656,2479833.05
2025-10-28 19:00:00+00:00,0.6656,0.6665,0.6524,0.6547,6999635.31
2025-10-28 20:00:00+00:00,0.6547,0.6547,0.6403,0.6434,20390903.93
2025-10-28 21:00:00+00:00,0.6434,0.6471,0.6371,0.6445,9638992.06
2025-10-28 22:00:00+00:00,0.6445,0.6485,0.642,0.6483,4297821.18
2025-10-28 23:00:00+00:00,0.6483,0.6485,0.6438,0.6459,2997850.18
2025-10-29 00:00:00+00:00,0.6459,0.6459,0.6419,0.6432,3619884.09
2025-10-29 01:00:00+00:00,0.6432,0.6475,0.6417,0.6443,2490961.12
2025-10-29 02:00:00+00:00,0.6443,0.6449,0.6432,0.6444,2527466.97
2025-10-29 03:00:00+00:00,0.6444,0.6446,0.6411,0.6421,2259572.38
2025-10-29 04:00:00+00:00,0.6421,0.6449,0.6415,0.6431,2214628.55
2025-10-29 05:00:00+00:00,0.6431,0.647,0.6425,0.6452,4509610.75
2025-10-29 06:00:00+00:00,0.6452,0.6464,0.6433,0.6455,2738295.23
2025-10-29 07:00:00+00:00,0.6455,0.6468,0.6433,0.6461,3562252.67
2025-10-29 08:00:00+00:00,0.6461,0.6464,0.6409,0.6417,5338412.47
2025-10-29 09:00:00+00:00,0.6417,0.6434,0.6399,0.6427,3545855.2
2025-10-29 10:00:00+00:00,0.6427,0.6502,0.6425,0.6458,4612170.71
2025-10-29 11:00:00+00:00,0.6458,0.651,0.6449,0.6499,2827195.62
2025-10-29 12:00:00+00:00,0.6499,0.6535,0.6498,0.6512,2417656.45
2025-10-29 13:00:00+00:00,0.6512,0.655,0.6461,0.6476,10453013.75
2025-10-29 14:00:00+00:00,0.6476,0.6482,0.6425,0.6458,5518436.84
2025-10-29 15:00:00+00:00,0.6458,0.6469,0.6366,0.639,9213474.84
2025-10-29 16:00:00+00:00,0.639,0.6456,0.6369,0.6412,5584248.66
2025-10-29 17:00:00+00:00,0.6412,0.6558,0.641,0.6558,4517293.95
2025-10-29 18:00:00+00:00,0.6558,0.6602,0.6272,0.6468,56955283.74
2025-10-29 19:00:00+00:00,0.6468,0.6568,0.6452,0.6502,10236368.45
2025-10-29 20:00:00+00:00,0.6502,0.6569,0.6465,0.6533,11506949.82
2025-10-29 21:00:00+00:00,0.6533,0.6558,0.6523,0.6531,3462558.58
2025-10-29 22:00:00+00:00,0.6531,0.6534,0.6482,0.6487,2945685.89
2025-10-29 23:00:00+00:00,0.6487,0.6488,0.6369,0.6401,5551760.55
2025-10-30 00:00:00+00:00,0.6401,0.6443,0.6358,0.6438,3138451.96
2025-10-30 01:00:00+00:00,0.6438,0.6451,0.6401,0.6429,4190063.59
2025-10-30 02:00:00+00:00,0.6429,0.648,0.6418,0.6478,1996226.18
2025-10-30 03:00:00+00:00,0.6478,0.6486,0.6424,0.6448,3084305.21
2025-10-30 04:00:00+00:00,0.6448,0.6448,0.621,0.629,19681826.66
2025-10-30 05:00:00+00:00,0.629,0.6414,0.6265,0.6403,7833688.11
2025-10-30 06:00:00+00:00,0.6403,0.6435,0.6356,0.6417,3845613.31
2025-10-30 07:00:00+00:00,0.6417,0.6481,0.6407,0.6453,3540352.99
2025-10-30 08:00:00+00:00,0.6453,0.6454,0.6393,0.6395,4180659.37
2025-10-30 09:00:00+00:00,0.6395,0.6398,0.6333,0.6335,3131233.92
2025-10-30 10:00:00+00:00,0.6335,0.6359,0.6309,0.6318,3029254.7
2025-10-30 11:00:00+00:00,0.6318,0.6336,0.6289,0.6291,4290504.16
2025-10-30 12:00:00+00:00,0.6291,0.6299,0.6146,0.619,16634896.89
2025-10-30 13:00:00+00:00,0.619,0.6219,0.6087,0.6104,14925728.49
2025-10-30 14:00:00+00:00,0.6104,0.6157,0.6087,0.6112,11794549.41
2025-10-30 15:00:00+00:00,0.6112,0.6128,0.6014,0.6031,13944831.55
2025-10-30 16:00:00+00:00,0.6031,0.6079,0.5998,0.6064,9239700.04
2025-10-30 17:00:00+00:00,0.6064,0.6065,0.5939,0.6018,11582560.94
2025-10-30 18:00:00+00:00,0.6018,0.6026,0.5935,0.5947,12410979.96
2025-10-30 19:00:00+00:00,0.5947,0.5968,0.5865,0.5882,13441078.73
2025-10-30 20:00:00+00:00,0.5882,0.597,0.5868,0.5959,9740936.71
2025-10-30 21:00:00+00:00,0.5959,0.6006,0.5941,0.5994,5125562.0
2025-10-30 22:00:00+00:00,0.5994,0.5996,0.5967,0.5995,3630830.86
2025-10-30 23:00:00+00:00,0.5995,0.6018,0.5964,0.6016,6471712.18
2025-10-31 00:00:00+00:00,0.6016,0.609,0.6003,0.6077,5738221.69
2025-10-31 01:00:00+00:00,0.6077,0.6117,0.6066,0.6112,5741541.93
2025-10-31 02:00:00+00:00,0.6112,0.6116,0.6051,0.6074,3993236.04
2025-10-31 03:00:00+00:00,0.6074,0.6107,0.6056,0.6101,2893043.62
2025-10-31 04:00:00+00:00,0.6101,0.6156,0.6097,0.6153,7184976.35
2025-10-31 05:00:00+00:00,0.6153,0.6153,0.6118,0.6125,2894330.8
2025-10-31 06:00:00+00:00,0.6125,0.6134,0.6101,0.6121,4731889.72
2025-10-31 07:00:00+00:00,0.6121,0.6145,0.6102,0.6111,3781805.41
2025-10-31 08:00:00+00:00,0.6111,0.6145,0.6086,0.6143,4081405.69
2025-10-31 09:00:00+00:00,0.6143,0.6165,0.6111,0.6112,3886488.33
2025-10-31 10:00:00+00:00,0.6112,0.6131,0.6083,0.6101,4501595.5
2025-10-31 11:00:00+00:00,0.6101,0.6171,0.6086,0.6167,4018562.62
2025-10-31 12:00:00+00:00,0.6167,0.6199,0.6117,0.6117,7342294.03
2025-10-31 13:00:00+00:00,0.6117,0.6161,0.6092,0.6148,5837691.64
2025-10-31 14:00:00+00:00,0.6148,0.6183,0.6106,0.6176,6778049.94
2025-10-31 15:00:00+00:00,0.6176,0.6199,0.6114,0.6127,7128300.74
2025-10-31 16:00:00+00:00,0.6127,0.6128,0.6013,0.6019,9275151.2
2025-10-31 17:00:00+00:00,0.6019,0.6043,0.5979,0.6021,5858453.09
2025-10-31 18:00:00+00:00,0.6021,0.6071,0.6,0.6049,9361529.55
2025-10-31 19:00:00+00:00,0.6049,0.6135,0.6016,0.6112,7878289.34
2025-10-31 20:00:00+00:00,0.6112,0.6114,0.6066,0.6073,3390754.98
2025-10-31 21:00:00+00:00,0.6073,0.6097,0.6059,0.6084,2655755.2
2025-10-31 22:00:00+00:00,0.6084,0.6106,0.6076,0.6094,1667037.05
2025-10-31 23:00:00+00:00,0.6094,0.6104,0.6077,0.6091,3667536.51
2025-11-01 00:00:00+00:00,0.6091,0.6094,0.6059,0.6084,2362036.66
2025-11-01 01:00:00+00:00,0.6084,0.6106,0.6062,0.6062,3343339.13
2025-11-01 02:00:00+00:00,0.6062,0.6089,0.6034,0.6083,2996002.15
2025-11-01 03:00:00+00:00,0.6083,0.6127,0.6082,0.6124,2130862.68
2025-11-01 04:00:00+00:00,0.6124,0.6133,0.6096,0.612,2083749.73
2025-11-01 05:00:00+00:00,0.612,0.6125,0.6087,0.6089,1744854.76
2025-11-01 06:00:00+00:00,0.6089,0.6109,0.6072,0.6104,1488035.99
2025-11-01 07:00:00+00:00,0.6104,0.6145,0.6098,0.6139,2410401.78
2025-11-01 08:00:00+00:00,0.6139,0.6166,0.613,0.6165,3121471.46
2025-11-01 09:00:00+00:00,0.6165,0.6176,0.6132,0.6136,2817771.76
2025-11-01 10:00:00+00:00,0.6136,0.6151,0.6127,0.6136,2050556.17
2025-11-01 11:00:00+00:00,0.6136,0.6155,0.6113,0.6126,1620411.19
2025-11-01 12:00:00+00:00,0.6126,0.6149,0.6122,0.6132,1817556.48
2025-11-01 13:00:00+00:00,0.6132,0.6141,0.6081,0.611,3235964.48
2025-11-01 14:00:00+00:00,0.611,0.6119,0.6052,0.6073,3874806.02
2025-11-01 15:00:00+00:00,0.6073,0.6126,0.607,0.6124,4866447.25
2025-11-01 16:00:00+00:00,0.6124,0.6146,0.6111,0.6129,3091330.98
2025-11-01 17:00:00+00:00,0.6129,0.6136,0.6101,0.6111,2743982.03
2025-11-01 18:00:00+00:00,0.6111,0.6125,0.6099,0.6124,2010798.35
2025-11-01 19:00:00+00:00,0.6124,0.6137,0.6105,0.6136,1259861.45
2025-11-01 20:00:00+00:00,0.6136,0.6156,0.6131,0.6139,1839674.67
2025-11-01 21:00:00+00:00,0.6139,0.6144,0.6081,0.6083,2050670.07
2025-11-01 22:00:00+00:00,0.6083,0.6113,0.6081,0.6111,1763964.91
2025-11-01 23:00:00+00:00,0.6111,0.6133,0.6101,0.6129,1020690.7
2025-11-02 00:00:00+00:00,0.6129,0.613,0.6098,0.6101,1100310.66
2025-11-02 01:00:00+00:00,0.6101,0.6114,0.6083,0.6091,1342007.69
2025-11-02 02:00:00+00:00,0.6091,0.6123,0.6083,0.6098,1162741.11
2025-11-02 03:00:00+00:00,0.6098,0.6101,0.6081,0.6088,1460997.58
2025-11-02 04:00:00+00:00,0.6088,0.6165,0.6082,0.6162,2827076.06
2025-11-02 05:00:00+00:00,0.6162,0.6163,0.6118,0.616,2202566.29
2025-11-02 06:00:00+00:00,0.616,0.6167,0.6141,0.6159,2304918.67
2025-11-02 07:00:00+00:00,0.6159,0.6188,0.6146,0.6176,3007918.17
2025-11-02 08:00:00+00:00,0.6176,0.6184,0.613,0.6136,2557301.56
2025-11-02 09:00:00+00:00,0.6136,0.6161,0.6098,0.6103,3423154.43
2025-11-02 10:00:00+00:00,0.6103,0.6118,0.6054,0.6082,5401311.67
2025-11-02 11:00:00+00:00,0.6082,0.615,0.6081,0.6143,3297647.04
2025-11-02 12:00:00+00:00,0.6143,0.6144,0.6109,0.6111,2893641.06
2025-11-02 13:00:00+00:00,0.6111,0.6114,0.6051,0.6071,2629053.21
2025-11-02 14:00:00+00:00,0.6071,0.6082,0.5973,0.6002,6092080.59
2025-11-02 15:00:00+00:00,0.6002,0.6041,0.5979,0.5995,4326947.87
2025-11-02 16:00:00+00:00,0.5995,0.6014,0.5925,0.6011,6330064.89
2025-11-02 17:00:00+00:00,0.6011,0.6012,0.5974,0.5996,1416453.56
2025-11-02 18:00:00+00:00,0.5996,0.6003,0.5978,0.5982,1303656.03
2025-11-02 19:00:00+00:00,0.5982,0.5986,0.5945,0.597,2316393.26
2025-11-02 20:00:00+00:00,0.597,0.5998,0.5955,0.5998,1253766.8
2025-11-02 21:00:00+00:00,0.5998,0.6037,0.5997,0.6017,1270530.55
2025-11-02 22:00:00+00:00,0.6017,0.6025,0.5972,0.6006,1770280.92
2025-11-02 23:00:00+00:00,0.6006,0.6118,0.6006,0.6106,5132135.45
2025-11-03 00:00:00+00:00,0.6106,0.6122,0.6026,0.6028,2779393.69
2025-11-03 01:00:00+00:00,0.6028,0.6035,0.5962,0.5975,3254795.91
2025-11-03 02:00:00+00:00,0.5975,0.5982,0.5881,0.5912,8289751.01
2025-11-03 03:00:00+00:00,0.5912,0.5926,0.5744,0.5754,14788084.09
2025-11-03 04:00:00+00:00,0.5754,0.5778,0.569,0.5776,10660656.62
2025-11-03 05:00:00+00:00,0.5776,0.5807,0.5725,0.5728,5087503.11
2025-11-03 06:00:00+00:00,0.5728,0.5759,0.5668,0.5734,9867500.92
2025-11-03 07:00:00+00:00,0.5734,0.5799,0.5704,0.5772,9070456.15
2025-11-03 08:00:00+00:00,0.5772,0.5799,0.5732,0.5793,7478242.72
2025-11-03 09:00:00+00:00,0.5793,0.5853,0.5746,0.5752,11836345.97
2025-11-03 10:00:00+00:00,0.5752,0.5768,0.5714,0.5725,8122650.28
2025-11-03 11:00:00+00:00,0.5725,0.5791,0.5724,0.5757,6348027.97
2025-11-03 12:00:00+00:00,0.5757,0.5803,0.5751,0.5753,4928160.03
2025-11-03 13:00:00+00:00,0.5753,0.5783,0.5729,0.5748,5662443.51
2025-11-03 14:00:00+00:00,0.5748,0.5804,0.5729,0.5781,7521080.84
2025-11-03 15:00:00+00:00,0.5781,0.5794,0.5341,0.5504,72056146.87
2025-11-03 16:00:00+00:00,0.5504,0.5615,0.5468,0.5599,15930651.36
2025-11-03 17:00:00+00:00,0.5599,0.569,0.558,0.5664,11405550.46
2025-11-03 18:00:00+00:00,0.5664,0.5674,0.5595,0.5596,4729178.7
2025-11-03 19:00:00+00:00,0.5596,0.5623,0.5547,0.5552,5225615.63
2025-11-03 20:00:00+00:00,0.5552,0.5564,0.5441,0.5466,9892595.04
2025-11-03 21:00:00+00:00,0.5466,0.5534,0.5422,0.5528,8486025.76
2025-11-03 22:00:00+00:00,0.5528,0.5532,0.5438,0.549,5779906.28
2025-11-03 23:00:00+00:00,0.549,0.5532,0.5453,0.5528,4998959.89
2025-11-04 00:00:00+00:00,0.5528,0.5581,0.5464,0.5555,6391196.77
2025-11-04 01:00:00+00:00,0.5555,0.5606,0.5529,0.559,6133485.95
2025-11-04 02:00:00+00:00,0.559,0.56,0.5568,0.5577,3481072.44
2025-11-04 03:00:00+00:00,0.5577,0.5627,0.5558,0.5614,3835369.01
2025-11-04 04:00:00+00:00,0.5614,0.5633,0.5576,0.5581,3887803.96
2025-11-04 05:00:00+00:00,0.5581,0.5601,0.5323,0.5341,24740500.45
2025-11-04 06:00:00+00:00,0.5341,0.5498,0.5334,0.5396,15013710.02
2025-11-04 07:00:00+00:00,0.5396,0.54,0.5305,0.5341,14566670.77
2025-11-04 08:00:00+00:00,0.5341,0.5457,0.5324,0.5397,13227341.34
2025-11-04 09:00:00+00:00,0.5397,0.5429,0.5374,0.5418,8417945.14
2025-11-04 10:00:00+00:00,0.5418,0.5443,0.5389,0.5409,8184195.02
2025-11-04 11:00:00+00:00,0.5409,0.5485,0.5405,0.5462,7267585.38
2025-11-04 12:00:00+00:00,0.5462,0.5464,0.5383,0.5398,4600966.29
2025-11-04 13:00:00+00:00,0.5398,0.5409,0.5343,0.5376,5951050.18
2025-11-04 14:00:00+00:00,0.5376,0.5525,0.5326,0.5491,13861416.06
2025-11-04 15:00:00+00:00,0.5491,0.5537,0.5407,0.5426,10069903.03
2025-11-04 16:00:00+00:00,0.5426,0.5465,0.5291,0.5297,13019892.9
2025-11-04 17:00:00+00:00,0.5297,0.5321,0.5165,0.5247,22856486.26
2025-11-04 18:00:00+00:00,0.5247,0.5249,0.5086,0.5245,21866936.92
2025-11-04 19:00:00+00:00,0.5245,0.5286,0.5136,0.5146,15103888.21
2025-11-04 20:00:00+00:00,0.5146,0.5163,0.4976,0.5104,33913753.38
2025-11-04 21:00:00+00:00,0.5104,0.5141,0.4909,0.5105,30100889.33
2025-11-04 22:00:00+00:00,0.5105,0.5247,0.508,0.5236,15410107.53
2025-11-04 23:00:00+00:00,0.5236,0.5263,0.5189,0.5208,10766069.91
2025-11-05 00:00:00+00:00,0.5208,0.5245,0.5119,0.515,8368964.33
2025-11-05 01:00:00+00:00,0.515,0.5154,0.4948,0.5117,18298316.22
2025-11-05 02:00:00+00:00,0.5117,0.5299,0.5117,0.5292,16726055.95
2025-11-05 03:00:00+00:00,0.5292,0.5341,0.5262,0.5326,9386622.43
2025-11-05 04:00:00+00:00,0.5326,0.5353,0.5286,0.5329,5287728.62
2025-11-05 05:00:00+00:00,0.5329,0.5376,0.5325,0.5337,4239076.66
2025-11-05 06:00:00+00:00,0.5337,0.5358,0.5307,0.5356,4419636.64
2025-11-05 07:00:00+00:00,0.5356,0.5359,0.5302,0.5344,3697331.91
2025-11-05 08:00:00+00:00,0.5344,0.5344,0.5232,0.5275,6943496.6
2025-11-05 09:00:00+00:00,0.5275,0.5327,0.5268,0.5318,4297403.67
2025-11-05 10:00:00+00:00,0.5318,0.5319,0.5244,0.5252,6084479.35
2025-11-05 11:00:00+00:00,0.5252,0.5361,0.5251,0.535,5430376.18
2025-11-05 12:00:00+00:00,0.535,0.5399,0.5341,0.5384,5674989.56
2025-11-05 13:00:00+00:00,0.5384,0.544,0.5356,0.5422,6019660.24
2025-11-05 14:00:00+00:00,0.5422,0.5452,0.5368,0.5418,9260251.37
2025-11-05 15:00:00+00:00,0.5418,0.5489,0.5398,0.5488,11520311.76
2025-11-05 16:00:00+00:00,0.5488,0.5493,0.5427,0.549,8734866.93
2025-11-05 17:00:00+00:00,0.549,0.549,0.544,0.5468,5184113.77
2025-11-05 18:00:00+00:00,0.5468,0.5503,0.5445,0.5478,8681747.79
2025-11-05 19:00:00+00:00,0.5478,0.5484,0.5422,0.5435,5564132.75
2025-11-05 20:00:00+00:00,0.5435,0.5466,0.5416,0.5442,6128986.41
2025-11-05 21:00:00+00:00,0.5442,0.5442,0.5391,0.5423,7485194.51
2025-11-05 22:00:00+00:00,0.5423,0.5483,0.5416,0.5477,3795000.72
2025-11-05 23:00:00+00:00,0.5477,0.5486,0.5451,0.5453,3119581.78
2025-11-06 00:00:00+00:00,0.5453,0.5453,0.5404,0.5426,5575466.0
2025-11-06 01:00:00+00:00,0.5426,0.5427,0.5348,0.5409,4986401.8
2025-11-06 02:00:00+00:00,0.5409,0.5455,0.5369,0.5425,3904189.05
2025-11-06 03:00:00+00:00,0.5425,0.545,0.5421,0.543,5093573.76
2025-11-06 04:00:00+00:00,0.543,0.5448,0.541,0.5428,2553581.65
2025-11-06 05:00:00+00:00,0.5428,0.5428,0.5338,0.535,4493919.22
2025-11-06 06:00:00+00:00,0.535,0.5406,0.5342,0.5345,5545652.69
2025-11-06 07:00:00+00:00,0.5345,0.5385,0.5332,0.5343,5970206.49
2025-11-06 08:00:00+00:00,0.5343,0.5375,0.5332,0.5363,6104288.11
2025-11-06 09:00:00+00:00,0.5363,0.5388,0.5341,0.536,5616565.76
2025-11-06 10:00:00+00:00,0.536,0.5387,0.5324,0.5359,3752480.76
2025-11-06 11:00:00+00:00,0.5359,0.5366,0.5317,0.5352,3159666.04
2025-11-06 12:00:00+00:00,0.5352,0.5359,0.5291,0.5295,4558423.85
2025-11-06 13:00:00+00:00,0.5295,0.5395,0.5295,0.537,4000465.48
2025-11-06 14:00:00+00:00,0.537,0.5385,0.5262,0.5271,8728831.41
2025-11-06 15:00:00+00:00,0.5271,0.5324,0.5215,0.5237,13686960.17
2025-11-06 16:00:00+00:00,0.5237,0.5277,0.5169,0.5217,9502860.59
2025-11-06 17:00:00+00:00,0.5217,0.5288,0.5203,0.5282,6894688.95
2025-11-06 18:00:00+00:00,0.5282,0.5321,0.5213,0.5278,4496319.05
2025-11-06 19:00:00+00:00,0.5278,0.5303,0.5247,0.5283,3520866.05
2025-11-06 20:00:00+00:00,0.5283,0.5307,0.5229,0.5254,4104300.89
2025-11-06 21:00:00+00:00,0.5254,0.5309,0.524,0.5294,5415736.66
2025-11-06 22:00:00+00:00,0.5294,0.5346,0.5287,0.5339,4465250.57
2025-11-06 23:00:00+00:00,0.5339,0.5339,0.5273,0.5319,3711333.24
2025-11-07 00:00:00+00:00,0.5319,0.5392,0.5313,0.538,5990861.4
2025-11-07 01:00:00+00:00,0.538,0.5387,0.5289,0.5351,5025101.41
2025-11-07 02:00:00+00:00,0.5351,0.5382,0.5312,0.538,4076279.06
2025-11-07 03:00:00+00:00,0.538,0.541,0.5372,0.5407,7736777.99
2025-11-07 04:00:00+00:00,0.5407,0.5426,0.5358,0.5392,4783382.85
2025-11-07 05:00:00+00:00,0.5392,0.546,0.5391,0.5453,4561794.88
2025-11-07 06:00:00+00:00,0.5453,0.5457,0.5421,0.5423,2751307.11
2025-11-07 07:00:00+00:00,0.5423,0.548,0.5409,0.5479,4674404.98
2025-11-07 08:00:00+00:00,0.5479,0.5498,0.5452,0.5472,6429940.58
2025-11-07 09:00:00+00:00,0.5472,0.5475,0.5372,0.541,5338945.41
2025-11-07 10:00:00+00:00,0.541,0.5431,0.5335,0.5351,3928264.61
2025-11-07 11:00:00+00:00,0.5351,0.5351,0.5259,0.5311,11748049.76
2025-11-07 12:00:00+00:00,0.5311,0.5324,0.5198,0.5237,10336859.52
2025-11-07 13:00:00+00:00,0.5237,0.5294,0.5209,0.5272,6798454.0
2025-11-07 14:00:00+00:00,0.5272,0.539,0.5197,0.5366,10946696.45
2025-11-07 15:00:00+00:00,0.5366,0.5472,0.5324,0.5443,13940138.79
2025-11-07 16:00:00+00:00,0.5443,0.5706,0.5421,0.5673,24520596.06
2025-11-07 17:00:00+00:00,0.5673,0.5792,0.5631,0.5783,16217138.51
2025-11-07 18:00:00+00:00,0.5783,0.5856,0.5772,0.5797,14555440.44
2025-11-07 19:00:00+00:00,0.5797,0.5805,0.5743,0.5802,10970297.51
2025-11-07 20:00:00+00:00,0.5802,0.5827,0.5776,0.5817,4799721.09
2025-11-07 21:00:00+00:00,0.5817,0.5863,0.5809,0.5855,4136494.89
2025-11-07 22:00:00+00:00,0.5855,0.5861,0.5809,0.5831,4661571.26
2025-11-07 23:00:00+00:00,0.5831,0.5834,0.5756,0.5763,5312736.78
2025-11-08 00:00:00+00:00,0.5763,0.5838,0.5742,0.5743,6942436.9
2025-11-08 01:00:00+00:00,0.5743,0.5855,0.5742,0.5835,5303758.39
2025-11-08 02:00:00+00:00,0.5835,0.5931,0.5823,0.5851,7972140.61
2025-11-08 03:00:00+00:00,0.5851,0.5917,0.5823,0.5823,8018415.45
2025-11-08 04:00:00+00:00,0.5823,0.5907,0.5823,0.5864,4528365.27
2025-11-08 05:00:00+00:00,0.5864,0.5893,0.5781,0.5783,6573608.69
2025-11-08 06:00:00+00:00,0.5783,0.5813,0.5748,0.5777,5767478.5
2025-11-08 07:00:00+00:00,0.5777,0.5829,0.5741,0.5825,4853026.42
2025-11-08 08:00:00+00:00,0.5825,0.586,0.5789,0.5839,4026741.61
2025-11-08 09:00:00+00:00,0.5839,0.5842,0.5746,0.5764,3872575.2
2025-11-08 10:00:00+00:00,0.5764,0.58,0.5719,0.5787,6554583.25
2025-11-08 11:00:00+00:00,0.5787,0.5798,0.5735,0.5748,3369137.08
2025-11-08 12:00:00+00:00,0.5748,0.5782,0.5733,0.5769,3287893.39
2025-11-08 13:00:00+00:00,0.5769,0.5774,0.5665,0.5667,5294128.87
2025-11-08 14:00:00+00:00,0.5667,0.5684,0.5621,0.5649,6610643.61
2025-11-08 15:00:00+00:00,0.5649,0.5657,0.5557,0.5574,5206754.12
2025-11-08 16:00:00+00:00,0.5574,0.5602,0.554,0.5583,4600167.24
2025-11-08 17:00:00+00:00,0.5583,0.5627,0.5565,0.5609,2724530.79
2025-11-08 18:00:00+00:00,0.5609,0.5642,0.5581,0.5631,3690634.46
2025-11-08 19:00:00+00:00,0.5631,0.5631,0.5558,0.5609,4015949.31
2025-11-08 20:00:00+00:00,0.5609,0.5638,0.5587,0.5627,2124340.92
2025-11-08 21:00:00+00:00,0.5627,0.5658,0.5618,0.5642,2130603.89
2025-11-08 22:00:00+00:00,0.5642,0.5677,0.5632,0.5673,2416546.5
2025-11-08 23:00:00+00:00,0.5673,0.5693,0.5663,0.5687,1636654.9
2025-11-09 00:00:00+00:00,0.5687,0.5688,0.5596,0.5608,2476543.56
2025-11-09 01:00:00+00:00,0.5608,0.5638,0.5585,0.5637,2235414.64
2025-11-09 02:00:00+00:00,0.5637,0.5637,0.5512,0.5527,4475793.96
2025-11-09 03:00:00+00:00,0.5527,0.5546,0.5479,0.5503,4474271.06
2025-11-09 04:00:00+00:00,0.5503,0.5561,0.5503,0.5545,2928197.59
2025-11-09 05:00:00+00:00,0.5545,0.5564,0.552,0.5559,2004783.1
2025-11-09 06:00:00+00:00,0.5559,0.5605,0.5548,0.5565,2111726.58
2025-11-09 07:00:00+00:00,0.5565,0.5634,0.5563,0.5628,3831307.22
2025-11-09 08:00:00+00:00,0.5628,0.5628,0.5574,0.5592,1770702.87
2025-11-09 09:00:00+00:00,0.5592,0.562,0.5528,0.5535,2854087.47
2025-11-09 10:00:00+00:00,0.5535,0.5589,0.5501,0.5588,3959492.6
2025-11-09 11:00:00+00:00,0.5588,0.5636,0.5588,0.5626,2703429.18
2025-11-09 12:00:00+00:00,0.5626,0.5657,0.5607,0.5631,3778996.47
2025-11-09 13:00:00+00:00,0.5631,0.5683,0.5619,0.5646,3127202.18
2025-11-09 14:00:00+00:00,0.5646,0.5772,0.562,0.5708,10844067.33
2025-11-09 15:00:00+00:00,0.5708,0.5788,0.5708,0.5754,5220429.28
2025-11-09 16:00:00+00:00,0.5754,0.579,0.5704,0.5776,5290111.93
2025-11-09 17:00:00+00:00,0.5776,0.5777,0.5705,0.5717,4424874.7
2025-11-09 18:00:00+00:00,0.5717,0.578,0.5695,0.5772,4964426.04
2025-11-09 19:00:00+00:00,0.5772,0.5831,0.5757,0.5829,4640726.17
2025-11-09 20:00:00+00:00,0.5829,0.5843,0.5792,0.5802,5558207.71
2025-11-09 21:00:00+00:00,0.5802,0.5812,0.5778,0.5796,2538669.33
2025-11-09 22:00:00+00:00,0.5796,0.5798,0.5735,0.5772,3823305.25
2025-11-09 23:00:00+00:00,0.5772,0.5828,0.5758,0.579,5182728.2
2025-11-10 00:00:00+00:00,0.579,0.5911,0.5738,0.5875,6889603.8
2025-11-10 01:00:00+00:00,0.5875,0.59,0.583,0.5839,5349375.42
2025-11-10 02:00:00+00:00,0.5839,0.5854,0.5812,0.5852,2362474.83
2025-11-10 03:00:00+00:00,0.5852,0.5897,0.5848,0.5884,3849855.25
2025-11-10 04:00:00+00:00,0.5884,0.5911,0.5867,0.5898,3476112.94
2025-11-10 05:00:00+00:00,0.5898,0.5918,0.5857,0.5897,3374455.31
2025-11-10 06:00:00+00:00,0.5897,0.5906,0.5851,0.5869,2516184.08
2025-11-10 07:00:00+00:00,0.5869,0.59,0.5863,0.5894,3573262.72
2025-11-10 08:00:00+00:00,0.5894,0.591,0.5838,0.5873,3456906.48
2025-11-10 09:00:00+00:00,0.5873,0.6029,0.5866,0.6001,7273032.18
2025-11-10 10:00:00+00:00,0.6001,0.6024,0.5945,0.5949,5757071.3
2025-11-10 11:00:00+00:00,0.5949,0.6,0.5944,0.5959,4752029.69
2025-11-10 12:00:00+00:00,0.5959,0.5968,0.5913,0.5935,4289255.32
2025-11-10 13:00:00+00:00,0.5935,0.6009,0.5926,0.5973,4548034.41
2025-11-10 14:00:00+00:00,0.5973,0.5973,0.5809,0.5847,9078260.07
2025-11-10 15:00:00+00:00,0.5847,0.5904,0.5822,0.5849,5910650.63
2025-11-10 16:00:00+00:00,0.5849,0.5883,0.5782,0.5812,4625729.94
2025-11-10 17:00:00+00:00,0.5812,0.5888,0.5802,0.5872,2933739.72
2025-11-10 18:00:00+00:00,0.5872,0.5882,0.5839,0.584,3803852.66
2025-11-10 19:00:00+00:00,0.584,0.5926,0.584,0.5883,3969376.67
2025-11-10 20:00:00+00:00,0.5883,0.5945,0.5882,0.5916,3320784.66
2025-11-10 21:00:00+00:00,0.5916,0.5916,0.5841,0.588,3843668.48
2025-11-10 22:00:00+00:00,0.588,0.5982,0.5851,0.5975,4755974.06
2025-11-10 23:00:00+00:00,0.5975,0.5979,0.5923,0.5928,2818063.86
2025-11-11 00:00:00+00:00,0.5928,0.598,0.5866,0.5931,4059295.79
2025-11-11 01:00:00+00:00,0.5931,0.6069,0.5921,0.5937,9307927.17
2025-11-11 02:00:00+00:00,0.5937,0.605,0.5902,0.6018,7850812.63
2025-11-11 03:00:00+00:00,0.6018,0.6039,0.5973,0.5988,4989056.08
2025-11-11 04:00:00+00:00,0.5988,0.6003,0.5884,0.5893,5005925.96
2025-11-11 05:00:00+00:00,0.5893,0.5896,0.5821,0.5828,4302258.73
2025-11-11 06:00:00+00:00,0.5828,0.5843,0.5798,0.5835,5034844.32
2025-11-11 07:00:00+00:00,0.5835,0.5842,0.5757,0.5759,4576578.16
2025-11-11 08:00:00+00:00,0.5759,0.5792,0.5755,0.5776,2926951.91
2025-11-11 09:00:00+00:00,0.5776,0.5813,0.5755,0.5756,2750820.49
2025-11-11 10:00:00+00:00,0.5756,0.5805,0.5749,0.5796,2328499.31
2025-11-11 11:00:00+00:00,0.5796,0.5839,0.5786,0.5803,2350527.44
2025-11-11 12:00:00+00:00,0.5803,0.5842,0.5771,0.5789,3001780.2
2025-11-11 13:00:00+00:00,0.5789,0.5827,0.5746,0.5756,4057559.55
2025-11-11 14:00:00+00:00,0.5756,0.5821,0.5728,0.5817,9136415.72
2025-11-11 15:00:00+00:00,0.5817,0.5817,0.5706,0.5722,5893966.0
2025-11-11 16:00:00+00:00,0.5722,0.5746,0.5702,0.5718,3020769.59
2025-11-11 17:00:00+00:00,0.5718,0.5754,0.5667,0.5705,3839012.87
2025-11-11 18:00:00+00:00,0.5705,0.5723,0.5677,0.5688,2814894.64
2025-11-11 19:00:00+00:00,0.5688,0.5688,0.5604,0.5623,11596671.77
2025-11-11 20:00:00+00:00,0.5623,0.5643,0.5584,0.5597,4171971.48
2025-11-11 21:00:00+00:00,0.5597,0.5625,0.5553,0.5563,4578135.53
2025-11-11 22:00:00+00:00,0.5563,0.5623,0.5536,0.5611,3718527.67
2025-11-11 23:00:00+00:00,0.5611,0.5613,0.5553,0.5564,2769713.95
2025-11-12 00:00:00+00:00,0.5564,0.5592,0.5535,0.5541,5715969.42
2025-11-12 01:00:00+00:00,0.5541,0.5603,0.5528,0.5597,4235705.09
2025-11-12 02:00:00+00:00,0.5597,0.5618,0.555,0.5583,3050909.97
2025-11-12 03:00:00+00:00,0.5583,0.5619,0.5574,0.5606,2187259.68
2025-11-12 04:00:00+00:00,0.5606,0.5623,0.5593,0.5613,1384667.41
2025-11-12 05:00:00+00:00,0.5613,0.5632,0.5585,0.5613,5728948.2
2025-11-12 06:00:00+00:00,0.5613,0.5652,0.561,0.5612,2627687.86
2025-11-12 07:00:00+00:00,0.5612,0.5627,0.5561,0.5568,3407403.2
2025-11-12 08:00:00+00:00,0.5568,0.5677,0.5568,0.5649,3615589.51
2025-11-12 09:00:00+00:00,0.5649,0.5707,0.5645,0.5672,3075786.0
2025-11-12 10:00:00+00:00,0.5672,0.5729,0.567,0.5721,1991342.76
2025-11-12 11:00:00+00:00,0.5721,0.5746,0.5715,0.5737,4026244.9
2025-11-12 12:00:00+00:00,0.5737,0.5786,0.5717,0.5757,6081971.24
2025-11-12 13:00:00+00:00,0.5757,0.5809,0.5732,0.5797,3586893.47
2025-11-12 14:00:00+00:00,0.5797,0.5804,0.5638,0.5701,7188294.16
2025-11-12 15:00:00+00:00,0.5701,0.5739,0.5563,0.558,10053812.14
2025-11-12 16:00:00+00:00,0.558,0.5597,0.546,0.5484,13361263.69
2025-11-12 17:00:00+00:00,0.5484,0.5534,0.5423,0.5491,7128647.03
2025-11-12 18:00:00+00:00,0.5491,0.5526,0.5468,0.5469,4681726.78
2025-11-12 19:00:00+00:00,0.5469,0.5469,0.5394,0.5437,5350032.13
2025-11-12 20:00:00+00:00,0.5437,0.5498,0.5421,0.5476,3183777.41
2025-11-12 21:00:00+00:00,0.5476,0.5509,0.5476,0.5498,1967432.42
2025-11-12 22:00:00+00:00,0.5498,0.5507,0.5459,0.5499,1877198.51
2025-11-12 23:00:00+00:00,0.5499,0.5499,0.5444,0.5458,2504219.46
2025-11-13 00:00:00+00:00,0.5458,0.5509,0.5452,0.5482,2550607.57
2025-11-13 01:00:00+00:00,0.5482,0.5546,0.548,0.5497,3711669.47
2025-11-13 02:00:00+00:00,0.5497,0.5533,0.5493,0.5519,1711233.35
2025-11-13 03:00:00+00:00,0.5519,0.5639,0.5437,0.5588,6629302.04
2025-11-13 04:00:00+00:00,0.5588,0.5621,0.5553,0.5602,5653224.33
2025-11-13 05:00:00+00:00,0.5602,0.5681,0.558,0.5668,3552350.6
2025-11-13 06:00:00+00:00,0.5668,0.5709,0.5655,0.5675,5080265.81
2025-11-13 07:00:00+00:00,0.5675,0.5703,0.5631,0.5647,5478612.35
2025-11-13 08:00:00+00:00,0.5647,0.5695,0.5642,0.5679,2337328.01
2025-11-13 09:00:00+00:00,0.5679,0.5685,0.5622,0.5647,4648934.74
2025-11-13 10:00:00+00:00,0.5647,0.5715,0.5644,0.5664,2845379.03
2025-11-13 11:00:00+00:00,0.5664,0.5691,0.5639,0.5648,1975933.97
2025-11-13 12:00:00+00:00,0.5648,0.567,0.5621,0.5662,2962015.46
2025-11-13 13:00:00+00:00,0.5662,0.5671,0.5581,0.5599,8343187.85
2025-11-13 14:00:00+00:00,0.5599,0.5685,0.5532,0.564,11562572.66
2025-11-13 15:00:00+00:00,0.564,0.5657,0.5518,0.5541,8345655.91
2025-11-13 16:00:00+00:00,0.5541,0.5546,0.5415,0.5419,8122077.57
2025-11-13 17:00:00+00:00,0.5419,0.5424,0.5285,0.5291,11172473.1
2025-11-13 18:00:00+00:00,0.5291,0.531,0.5204,0.5229,13099952.72
2025-11-13 19:00:00+00:00,0.5229,0.5281,0.519,0.5216,14141080.99
2025-11-13 20:00:00+00:00,0.5216,0.5229,0.5144,0.5188,12274626.06
2025-11-13 21:00:00+00:00,0.5188,0.5217,0.5162,0.5196,4934244.05
2025-11-13 22:00:00+00:00,0.5196,0.5303,0.5183,0.5291,7992881.63
2025-11-13 23:00:00+00:00,0.5291,0.5348,0.5272,0.5298,6258104.09
2025-11-14 00:00:00+00:00,0.5298,0.5336,0.5244,0.5257,6820418.09
2025-11-14 01:00:00+00:00,0.5257,0.5287,0.524,0.5256,5362958.85
2025-11-14 02:00:00+00:00,0.5256,0.5313,0.5255,0.529,4162276.43
2025-11-14 03:00:00+00:00,0.529,0.5293,0.5237,0.5258,3111809.64
2025-11-14 04:00:00+00:00,0.5258,0.5258,0.507,0.5169,17899476.7
2025-11-14 05:00:00+00:00,0.5169,0.5235,0.5151,0.5218,9744655.02
2025-11-14 06:00:00+00:00,0.5218,0.5268,0.5125,0.5264,9458569.01
2025-11-14 07:00:00+00:00,0.5264,0.5279,0.5209,0.5241,6428052.98
2025-11-14 08:00:00+00:00,0.5241,0.5241,0.5182,0.52,4020507.07
2025-11-14 09:00:00+00:00,0.52,0.5226,0.5145,0.5148,4095831.21
2025-11-14 10:00:00+00:00,0.5148,0.521,0.5146,0.5186,4597626.79
2025-11-14 11:00:00+00:00,0.5186,0.5187,0.5104,0.5133,6012930.8
2025-11-14 12:00:00+00:00,0.5133,0.5133,0.4999,0.5108,16678521.69
2025-11-14 13:00:00+00:00,0.5108,0.5137,0.5022,0.5074,9384454.09
2025-11-14 14:00:00+00:00,0.5074,0.5178,0.5029,0.515,15942846.9
2025-11-14 15:00:00+00:00,0.515,0.5192,0.5087,0.5143,8264182.63
2025-11-14 16:00:00+00:00,0.5143,0.5207,0.5118,0.5187,6680711.63
2025-11-14 17:00:00+00:00,0.5187,0.5201,0.5075,0.51,4758130.97
2025-11-14 18:00:00+00:00,0.51,0.516,0.508,0.5088,4578754.99
2025-11-14 19:00:00+00:00,0.5088,0.5175,0.5072,0.516,4404868.62
2025-11-14 20:00:00+00:00,0.516,0.5161,0.4993,0.5017,7898102.75
2025-11-14 21:00:00+00:00,0.5017,0.509,0.4998,0.507,4446088.88
2025-11-14 22:00:00+00:00,0.507,0.5093,0.5014,0.5034,4190416.84
2025-11-14 23:00:00+00:00,0.5034,0.5034,0.4903,0.4984,10264006.7
2025-11-15 00:00:00+00:00,0.4984,0.5048,0.4979,0.5046,4350329.11
2025-11-15 01:00:00+00:00,0.5046,0.5105,0.5027,0.5098,4504225.72
2025-11-15 02:00:00+00:00,0.5098,0.514,0.5081,0.514,3571522.67
2025-11-15 03:00:00+00:00,0.514,0.5146,0.5108,0.5115,4319697.55
2025-11-15 04:00:00+00:00,0.5115,0.5124,0.5063,0.5071,6043480.41
2025-11-15 05:00:00+00:00,0.5071,0.5097,0.5068,0.5089,3745901.37
2025-11-15 06:00:00+00:00,0.5089,0.5153,0.5089,0.5143,10873057.08
2025-11-15 07:00:00+00:00,0.5143,0.5144,0.5089,0.51,4616162.89
2025-11-15 08:00:00+00:00,0.51,0.5105,0.5003,0.5018,11494993.63
2025-11-15 09:00:00+00:00,0.5018,0.5057,0.5001,0.5017,3886272.86
2025-11-15 10:00:00+00:00,0.5017,0.5053,0.5008,0.5048,1948754.78
2025-11-15 11:00:00+00:00,0.5048,0.5061,0.5008,0.5019,2342083.12
2025-11-15 12:00:00+00:00,0.5019,0.5063,0.5008,0.5061,2761406.56
2025-11-15 13:00:00+00:00,0.5061,0.5102,0.5055,0.5089,3609722.47
2025-11-15 14:00:00+00:00,0.5089,0.5101,0.5063,0.5086,3822966.71
2025-11-15 15:00:00+00:00,0.5086,0.5094,0.5062,0.5069,1689955.31
2025-11-15 16:00:00+00:00,0.5069,0.5074,0.5027,0.5071,3056927.25
2025-11-15 17:00:00+00:00,0.5071,0.5113,0.5062,0.51,4143059.33
2025-11-15 18:00:00+00:00,0.51,0.5107,0.5079,0.5093,2264967.46
2025-11-15 19:00:00+00:00,0.5093,0.5098,0.5066,0.5078,1617419.08
2025-11-15 20:00:00+00:00,0.5078,0.508,0.5021,0.5028,2585682.18
2025-11-15 21:00:00+00:00,0.5028,0.5066,0.4989,0.5003,2764903.89
2025-11-15 22:00:00+00:00,0.5003,0.5046,0.4997,0.5042,1890192.35
2025-11-15 23:00:00+00:00,0.5042,0.5052,0.5033,0.5035,1022150.3
2025-11-16 00:00:00+00:00,0.5035,0.5043,0.4976,0.5007,3095807.43
2025-11-16 01:00:00+00:00,0.5007,0.5016,0.4926,0.4993,7731982.63
2025-11-16 02:00:00+00:00,0.4993,0.5051,0.4976,0.5051,3970607.37
2025-11-16 03:00:00+00:00,0.5051,0.5062,0.5027,0.5043,2111370.71
2025-11-16 04:00:00+00:00,0.5043,0.5049,0.4998,0.5022,3699866.43
2025-11-16 05:00:00+00:00,0.5022,0.5061,0.5018,0.5022,4238374.71
2025-11-16 06:00:00+00:00,0.5022,0.504,0.5012,0.5014,1720869.05
2025-11-16 07:00:00+00:00,0.5014,0.5055,0.5011,0.5054,1462274.85
2025-11-16 08:00:00+00:00,0.5054,0.5062,0.5024,0.5043,1558553.25
2025-11-16 09:00:00+00:00,0.5043,0.5092,0.5025,0.5092,3958053.3
2025-11-16 10:00:00+00:00,0.5092,0.5093,0.5066,0.5066,2347614.47
2025-11-16 11:00:00+00:00,0.5066,0.5071,0.4958,0.4974,10011842.13
2025-11-16 12:00:00+00:00,0.4974,0.5,0.4943,0.498,7126846.99
2025-11-16 13:00:00+00:00,0.498,0.4985,0.4894,0.4914,8104418.32
2025-11-16 14:00:00+00:00,0.4914,0.4963,0.4907,0.495,4628881.2
2025-11-16 15:00:00+00:00,0.495,0.4954,0.4827,0.4839,10867733.31
2025-11-16 16:00:00+00:00,0.4839,0.4878,0.4776,0.479,14062232.32
2025-11-16 17:00:00+00:00,0.479,0.4824,0.4755,0.4811,9997018.57
2025-11-16 18:00:00+00:00,0.4811,0.4903,0.4788,0.4807,11054659.66
2025-11-16 19:00:00+00:00,0.4807,0.4888,0.4806,0.4813,4685040.59
2025-11-16 20:00:00+00:00,0.4813,0.4868,0.4808,0.482,2784822.4
2025-11-16 21:00:00+00:00,0.482,0.4825,0.4772,0.48,5830398.08
2025-11-16 22:00:00+00:00,0.48,0.4865,0.4745,0.4833,11279499.08
2025-11-16 23:00:00+00:00,0.4833,0.4879,0.4737,0.4846,14784213.02
2025-11-17 00:00:00+00:00,0.4846,0.4923,0.4791,0.4919,11481115.49
2025-11-17 01:00:00+00:00,0.4919,0.4928,0.4871,0.4874,5090043.24
2025-11-17 02:00:00+00:00,0.4874,0.4912,0.486,0.4903,5985510.91
2025-11-17 03:00:00+00:00,0.4903,0.4958,0.4903,0.4935,3880867.86
2025-11-17 04:00:00+00:00,0.4935,0.4956,0.4919,0.4923,3972629.85
2025-11-17 05:00:00+00:00,0.4923,0.4929,0.4903,0.4915,3841296.28
2025-11-17 06:00:00+00:00,0.4915,0.4951,0.4903,0.4947,2251727.92
2025-11-17 07:00:00+00:00,0.4947,0.4979,0.494,0.496,4503470.91
2025-11-17 08:00:00+00:00,0.496,0.4974,0.493,0.4933,4014645.06
2025-11-17 09:00:00+00:00,0.4933,0.4955,0.4913,0.4938,4392265.23
2025-11-17 10:00:00+00:00,0.4938,0.4966,0.4936,0.4948,2613833.16
2025-11-17 11:00:00+00:00,0.4948,0.4989,0.4944,0.4953,5217025.38
2025-11-17 12:00:00+00:00,0.4953,0.4955,0.4926,0.4932,3070153.55
2025-11-17 13:00:00+00:00,0.4932,0.4938,0.4735,0.4777,15117232.3
2025-11-17 14:00:00+00:00,0.4777,0.4986,0.4738,0.4872,24751873.09
2025-11-17 15:00:00+00:00,0.4872,0.4902,0.4746,0.4757,11269405.98
2025-11-17 16:00:00+00:00,0.4757,0.4841,0.4691,0.4835,11934766.83
2025-11-17 17:00:00+00:00,0.4835,0.4839,0.469,0.4706,7575016.65
2025-11-17 18:00:00+00:00,0.4706,0.4742,0.4649,0.4667,11172430.18
2025-11-17 19:00:00+00:00,0.4667,0.4688,0.4598,0.4607,14223361.72
2025-11-17 20:00:00+00:00,0.4607,0.464,0.4577,0.4625,10361236.25
2025-11-17 21:00:00+00:00,0.4625,0.4647,0.4577,0.4618,5825269.75
2025-11-17 22:00:00+00:00,0.4618,0.4661,0.4593,0.4642,5358789.96
2025-11-17 23:00:00+00:00,0.4642,0.4666,0.4618,0.4663,4305115.3
2025-11-18 00:00:00+00:00,0.4663,0.467,0.4563,0.4659,6894323.94
2025-11-18 01:00:00+00:00,0.4659,0.4683,0.4628,0.4643,4138410.76
2025-11-18 02:00:00+00:00,0.4643,0.4696,0.457,0.4622,12673659.07
2025-11-18 03:00:00+00:00,0.4622,0.4703,0.4566,0.4684,12685375.71
2025-11-18 04:00:00+00:00,0.4684,0.4689,0.4595,0.4671,10392668.94
2025-11-18 05:00:00+00:00,0.4671,0.4717,0.4633,0.4663,8835112.36
2025-11-18 06:00:00+00:00,0.4663,0.467,0.4597,0.4602,6153204.85
2025-11-18 07:00:00+00:00,0.4602,0.4661,0.458,0.465,6242580.74
2025-11-18 08:00:00+00:00,0.465,0.4711,0.4641,0.4694,7764525.22
2025-11-18 09:00:00+00:00,0.4694,0.4708,0.4644,0.4691,7040200.25
2025-11-18 10:00:00+00:00,0.4691,0.4704,0.4662,0.4699,3519396.87
2025-11-18 11:00:00+00:00,0.4699,0.4704,0.467,0.4689,2646649.7
2025-11-18 12:00:00+00:00,0.4689,0.4707,0.4659,0.4691,3851782.6
2025-11-18 13:00:00+00:00,0.4691,0.4692,0.4606,0.4648,4861033.32
2025-11-18 14:00:00+00:00,0.4648,0.4699,0.4617,0.4626,8979759.52
2025-11-18 15:00:00+00:00,0.4626,0.4775,0.4599,0.4741,15316969.42
2025-11-18 16:00:00+00:00,0.4741,0.4823,0.4724,0.4802,10835098.61
2025-11-18 17:00:00+00:00,0.4802,0.4813,0.4743,0.4764,6125934.07
2025-11-18 18:00:00+00:00,0.4764,0.4812,0.4764,0.4793,3816706.08
2025-11-18 19:00:00+00:00,0.4793,0.4812,0.4771,0.4783,3103877.89
2025-11-18 20:00:00+00:00,0.4783,0.4811,0.4775,0.4778,2100445.64
2025-11-18 21:00:00+00:00,0.4778,0.4784,0.4716,0.4719,3048163.68
2025-11-18 22:00:00+00:00,0.4719,0.4802,0.4719,0.4784,2400665.18
2025-11-18 23:00:00+00:00,0.4784,0.4786,0.474,0.4753,2398002.34
2025-11-19 00:00:00+00:00,0.4753,0.4753,0.4685,0.4731,5604492.3
2025-11-19 01:00:00+00:00,0.4731,0.4757,0.4701,0.4734,5756198.57
2025-11-19 02:00:00+00:00,0.4734,0.4774,0.4724,0.4749,2888783.28
2025-11-19 03:00:00+00:00,0.4749,0.4752,0.4678,0.4687,3758366.27
2025-11-19 04:00:00+00:00,0.4687,0.4701,0.4654,0.4656,3659706.85
2025-11-19 05:00:00+00:00,0.4656,0.4661,0.4533,0.457,8267506.35
2025-11-19 06:00:00+00:00,0.457,0.4626,0.4558,0.4624,5729431.22
2025-11-19 07:00:00+00:00,0.4624,0.4691,0.4617,0.4684,4307766.78
2025-11-19 08:00:00+00:00,0.4684,0.4705,0.4659,0.4661,5919197.76
2025-11-19 09:00:00+00:00,0.4661,0.4676,0.4634,0.4672,4844145.59
2025-11-19 10:00:00+00:00,0.4672,0.4707,0.4661,0.4665,3708915.54
2025-11-19 11:00:00+00:00,0.4665,0.4682,0.4653,0.4657,2218387.61
2025-11-19 12:00:00+00:00,0.4657,0.4704,0.4655,0.4699,2221857.63
2025-11-19 13:00:00+00:00,0.4699,0.4699,0.4646,0.4652,4295369.26
2025-11-19 14:00:00+00:00,0.4652,0.4666,0.4605,0.4658,6234159.76
2025-11-19 15:00:00+00:00,0.4658,0.4733,0.4561,0.4565,12452607.56
2025-11-19 16:00:00+00:00,0.4565,0.4598,0.449,0.4502,11617878.35
2025-11-19 17:00:00+00:00,0.4502,0.452,0.4404,0.4465,11620079.31
2025-11-19 18:00:00+00:00,0.4465,0.4489,0.4382,0.4418,6810519.03
2025-11-19 19:00:00+00:00,0.4418,0.4432,0.4387,0.4416,6820949.37
2025-11-19 20:00:00+00:00,0.4416,0.451,0.4405,0.4503,5730415.54
2025-11-19 21:00:00+00:00,0.4503,0.4608,0.4489,0.4598,12883656.72
2025-11-19 22:00:00+00:00,0.4598,0.4601,0.4547,0.4577,4059120.3
2025-11-19 23:00:00+00:00,0.4577,0.4643,0.4574,0.464,4567563.36
2025-11-20 00:00:00+00:00,0.464,0.4662,0.4613,0.4629,4520591.07
2025-11-20 01:00:00+00:00,0.4629,0.4673,0.4623,0.4663,2801296.43
2025-11-20 02:00:00+00:00,0.4663,0.4698,0.466,0.4682,4977386.99
2025-11-20 03:00:00+00:00,0.4682,0.4687,0.4662,0.4668,3257340.71
2025-11-20 04:00:00+00:00,0.4668,0.4695,0.4641,0.4695,5289597.14
2025-11-20 05:00:00+00:00,0.4695,0.4703,0.466,0.4673,2677223.57
2025-11-20 06:00:00+00:00,0.4673,0.4689,0.4635,0.4657,2822169.1
2025-11-20 07:00:00+00:00,0.4657,0.471,0.4653,0.4703,3418563.39
2025-11-20 08:00:00+00:00,0.4703,0.471,0.4679,0.4691,3134924.4
2025-11-20 09:00:00+00:00,0.4691,0.4693,0.4654,0.4667,3588502.28
2025-11-20 10:00:00+00:00,0.4667,0.4674,0.4642,0.466,2578694.44
2025-11-20 11:00:00+00:00,0.466,0.4668,0.4642,0.4663,1735375.28
2025-11-20 12:00:00+00:00,0.4663,0.4706,0.4642,0.4694,2435563.08
2025-11-20 13:00:00+00:00,0.4694,0.4719,0.465,0.4654,8341484.8
2025-11-20 14:00:00+00:00,0.4654,0.4687,0.4587,0.4651,8281385.6
2025-11-20 15:00:00+00:00,0.4651,0.4652,0.4552,0.4557,6586888.7
2025-11-20 16:00:00+00:00,0.4557,0.4565,0.4368,0.4391,22670482.47
2025-11-20 17:00:00+00:00,0.4391,0.4408,0.4304,0.434,17739214.6
2025-11-20 18:00:00+00:00,0.434,0.4373,0.4298,0.4315,8185640.3
2025-11-20 19:00:00+00:00,0.4315,0.4367,0.4289,0.4359,9283191.63
2025-11-20 20:00:00+00:00,0.4359,0.4367,0.4311,0.4343,4980880.08
2025-11-20 21:00:00+00:00,0.4343,0.4416,0.4343,0.4384,4374441.8
2025-11-20 22:00:00+00:00,0.4384,0.4452,0.438,0.4428,3618771.21
2025-11-20 23:00:00+00:00,0.4428,0.4431,0.4316,0.4324,5509930.13
2025-11-21 00:00:00+00:00,0.4324,0.4372,0.4317,0.4362,4340108.56
2025-11-21 01:00:00+00:00,0.4362,0.4396,0.4348,0.4352,4920859.0
2025-11-21 02:00:00+00:00,0.4352,0.4357,0.4248,0.426,12336672.01
2025-11-21 03:00:00+00:00,0.426,0.4341,0.4259,0.4302,11152223.74
2025-11-21 04:00:00+00:00,0.4302,0.4313,0.4217,0.428,15102628.55
2025-11-21 05:00:00+00:00,0.428,0.4299,0.4215,0.4243,13765113.33
2025-11-21 06:00:00+00:00,0.4243,0.4251,0.4191,0.4214,8449420.71
2025-11-21 07:00:00+00:00,0.4214,0.4229,0.3981,0.4088,48267196.53
2025-11-21 08:00:00+00:00,0.4088,0.4179,0.4081,0.4118,19684486.71
2025-11-21 09:00:00+00:00,0.4118,0.4144,0.4023,0.4028,15464065.2
2025-11-21 10:00:00+00:00,0.4028,0.4071,0.4,0.4027,13523997.43
2025-11-21 11:00:00+00:00,0.4027,0.4076,0.3984,0.3988,7640025.96
2025-11-21 12:00:00+00:00,0.3988,0.4084,0.3877,0.4047,25944298.57
2025-11-21 13:00:00+00:00,0.4047,0.4092,0.402,0.4056,10799643.45
2025-11-21 14:00:00+00:00,0.4056,0.414,0.4036,0.411,12191569.79
2025-11-21 15:00:00+00:00,0.411,0.4121,0.3996,0.401,13766373.12
2025-11-21 16:00:00+00:00,0.401,0.4123,0.3961,0.4119,15770811.36
2025-11-21 17:00:00+00:00,0.4119,0.4176,0.4107,0.4133,13886513.73
2025-11-21 18:00:00+00:00,0.4133,0.417,0.4044,0.4134,10528422.26
2025-11-21 19:00:00+00:00,0.4134,0.4146,0.408,0.4099,3989205.02
2025-11-21 20:00:00+00:00,0.4099,0.4103,0.402,0.4059,5071592.81
2025-11-21 21:00:00+00:00,0.4059,0.4142,0.4042,0.4123,3857669.89
2025-11-21 22:00:00+00:00,0.4123,0.4135,0.3996,0.3996,6464940.69
2025-11-21 23:00:00+00:00,0.3996,0.411,0.3977,0.4092,4143121.88
2025-11-22 00:00:00+00:00,0.4092,0.4113,0.4056,0.4087,3923407.76
2025-11-22 01:00:00+00:00,0.4087,0.4132,0.4082,0.4115,3496237.82
2025-11-22 02:00:00+00:00,0.4115,0.4121,0.405,0.407,2194847.71
2025-11-22 03:00:00+00:00,0.407,0.4088,0.4058,0.4073,1730339.16
2025-11-22 04:00:00+00:00,0.4073,0.4076,0.3986,0.404,4030281.67
2025-11-22 05:00:00+00:00,0.404,0.4049,0.3981,0.4015,3811719.51
2025-11-22 06:00:00+00:00,0.4015,0.4069,0.3986,0.4057,2937914.15
2025-11-22 07:00:00+00:00,0.4057,0.4066,0.4038,0.4059,2134403.91
2025-11-22 08:00:00+00:00,0.4059,0.4059,0.3972,0.3982,4850889.15
2025-11-22 09:00:00+00:00,0.3982,0.4028,0.3961,0.4,3641120.56
2025-11-22 10:00:00+00:00,0.4,0.4022,0.397,0.3987,2088984.11
2025-11-22 11:00:00+00:00,0.3987,0.4042,0.3973,0.402,2688692.55
2025-11-22 12:00:00+00:00,0.402,0.402,0.3959,0.3965,2801951.5
2025-11-22 13:00:00+00:00,0.3965,0.3974,0.3908,0.3935,5050368.21
2025-11-22 14:00:00+00:00,0.3935,0.4003,0.3934,0.3988,6226903.84
2025-11-22 15:00:00+00:00,0.3988,0.4014,0.3955,0.3983,4099213.09
2025-11-22 16:00:00+00:00,0.3983,0.4037,0.398,0.4021,4700284.17
2025-11-22 17:00:00+00:00,0.4021,0.4026,0.3998,0.4003,2567780.24
2025-11-22 18:00:00+00:00,0.4003,0.4031,0.3996,0.4025,1327626.01
2025-11-22 19:00:00+00:00,0.4025,0.4047,0.3999,0.4014,1307499.65
2025-11-22 20:00:00+00:00,0.4014,0.4037,0.3993,0.4008,1320102.89
2025-11-22 21:00:00+00:00,0.4008,0.4022,0.4002,0.4014,851117.41
2025-11-22 22:00:00+00:00,0.4014,0.4106,0.4002,0.4085,4197778.92
2025-11-22 23:00:00+00:00,0.4085,0.4087,0.4042,0.4046,2496507.48
2025-11-23 00:00:00+00:00,0.4046,0.4059,0.4016,0.4036,2993240.96
2025-11-23 01:00:00+00:00,0.4036,0.4092,0.4033,0.4077,4590911.53
2025-11-23 02:00:00+00:00,0.4077,0.4114,0.4066,0.4097,3956891.98
2025-11-23 03:00:00+00:00,0.4097,0.4108,0.408,0.4107,2185638.64
2025-11-23 04:00:00+00:00,0.4107,0.4156,0.4105,0.4133,5921649.81
2025-11-23 05:00:00+00:00,0.4133,0.4134,0.4102,0.413,2168791.03
2025-11-23 06:00:00+00:00,0.413,0.4136,0.41,0.4106,2176065.79
2025-11-23 07:00:00+00:00,0.4106,0.411,0.4061,0.4087,6042631.47
2025-11-23 08:00:00+00:00,0.4087,0.4125,0.4085,0.4121,2416976.98
2025-11-23 09:00:00+00:00,0.4121,0.4131,0.4108,0.4119,3352902.96
2025-11-23 10:00:00+00:00,0.4119,0.413,0.4081,0.4091,7649899.81
2025-11-23 11:00:00+00:00,0.4091,0.4101,0.4061,0.4095,2650663.26
2025-11-23 12:00:00+00:00,0.4095,0.415,0.4088,0.4132,8509173.9
2025-11-23 13:00:00+00:00,0.4132,0.416,0.4115,0.4157,2152450.39
2025-11-23 14:00:00+00:00,0.4157,0.4184,0.4111,0.4115,4242595.99
2025-11-23 15:00:00+00:00,0.4115,0.4179,0.411,0.4169,2797218.26
2025-11-23 16:00:00+00:00,0.4169,0.4183,0.4115,0.4119,5796106.55
2025-11-23 17:00:00+00:00,0.4119,0.4122,0.4086,0.409,6038647.2
2025-11-23 18:00:00+00:00,0.409,0.4133,0.409,0.4103,5233062.83
2025-11-23 19:00:00+00:00,0.4103,0.4149,0.4101,0.4132,3311278.23
2025-11-23 20:00:00+00:00,0.4132,0.4152,0.4125,0.4139,2073824.05
2025-11-23 21:00:00+00:00,0.4139,0.4168,0.4115,0.4162,2393084.36
2025-11-23 22:00:00+00:00,0.4162,0.4167,0.4131,0.4152,3320581.97
2025-11-23 23:00:00+00:00,0.4152,0.416,0.4078,0.4085,4127785.2
2025-11-24 00:00:00+00:00,0.4085,0.4112,0.4041,0.4081,4339974.86
2025-11-24 01:00:00+00:00,0.4081,0.4112,0.4057,0.4107,3708350.98
2025-11-24 02:00:00+00:00,0.4107,0.4202,0.4103,0.416,9280158.81
2025-11-24 03:00:00+00:00,0.416,0.42,0.4147,0.4165,2677898.95
2025-11-24 04:00:00+00:00,0.4165,0.4183,0.4086,0.4108,3871101.01
2025-11-24 05:00:00+00:00,0.4108,0.4218,0.4103,0.4183,6233990.74
2025-11-24 06:00:00+00:00,0.4183,0.4187,0.4118,0.4143,4234840.28
2025-11-24 07:00:00+00:00,0.4143,0.4154,0.4115,0.4132,3522136.13
2025-11-24 08:00:00+00:00,0.4132,0.414,0.4106,0.413,2861779.85
2025-11-24 09:00:00+00:00,0.413,0.4131,0.4054,0.4056,5639944.06
2025-11-24 10:00:00+00:00,0.4056,0.4085,0.4052,0.4079,2747804.54
2025-11-24 11:00:00+00:00,0.4079,0.4093,0.4061,0.4083,2087695.22
2025-11-24 12:00:00+00:00,0.4083,0.4089,0.4046,0.4059,3343956.34
2025-11-24 13:00:00+00:00,0.4059,0.4115,0.4055,0.4078,3812488.99
2025-11-24 14:00:00+00:00,0.4078,0.4129,0.4021,0.4086,8044316.43
2025-11-24 15:00:00+00:00,0.4086,0.4153,0.4071,0.4129,6492636.6
2025-11-24 16:00:00+00:00,0.4129,0.4179,0.4128,0.415,6050925.36
2025-11-24 17:00:00+00:00,0.415,0.429,0.415,0.4284,13524101.6
2025-11-24 18:00:00+00:00,0.4284,0.4302,0.426,0.4288,9284597.7
2025-11-24 19:00:00+00:00,0.4288,0.4301,0.4265,0.4272,4947301.11
2025-11-24 20:00:00+00:00,0.4272,0.4341,0.4272,0.4325,5588672.78
2025-11-24 21:00:00+00:00,0.4325,0.4326,0.4274,0.4288,2562311.81
2025-11-24 22:00:00+00:00,0.4288,0.4319,0.428,0.4295,2803729.59
2025-11-24 23:00:00+00:00,0.4295,0.4301,0.4274,0.4277,1649028.03
2025-11-25 00:00:00+00:00,0.4277,0.429,0.425,0.428,2927340.37
2025-11-25 01:00:00+00:00,0.428,0.4287,0.4244,0.4244,3727527.02
2025-11-25 02:00:00+00:00,0.4244,0.4265,0.4221,0.4263,3338770.39
2025-11-25 03:00:00+00:00,0.4263,0.4275,0.4231,0.4244,3187537.04
2025-11-25 04:00:00+00:00,0.4244,0.4276,0.4239,0.4262,2667960.57
2025-11-25 05:00:00+00:00,0.4262,0.4263,0.4234,0.4237,1709162.79
2025-11-25 06:00:00+00:00,0.4237,0.4238,0.4205,0.4218,2412953.2
2025-11-25 07:00:00+00:00,0.4218,0.4224,0.4183,0.4184,3472807.6
2025-11-25 08:00:00+00:00,0.4184,0.4197,0.4147,0.415,4018264.71
2025-11-25 09:00:00+00:00,0.415,0.4169,0.4132,0.4168,2757465.3
2025-11-25 10:00:00+00:00,0.4168,0.4176,0.414,0.4173,2207965.87
2025-11-25 11:00:00+00:00,0.4173,0.4173,0.4143,0.4149,2893414.6
2025-11-25 12:00:00+00:00,0.4149,0.4174,0.4134,0.4163,3570698.95
2025-11-25 13:00:00+00:00,0.4163,0.4172,0.4109,0.4118,4408276.63
2025-11-25 14:00:00+00:00,0.4118,0.4138,0.4048,0.4084,7889567.99
2025-11-25 15:00:00+00:00,0.4084,0.4132,0.4047,0.4109,4555558.31
2025-11-25 16:00:00+00:00,0.4109,0.4178,0.4108,0.4155,4373380.75
2025-11-25 17:00:00+00:00,0.4155,0.4207,0.4143,0.4177,3793550.1
2025-11-25 18:00:00+00:00,0.4177,0.4214,0.4169,0.4169,3478568.46
2025-11-25 19:00:00+00:00,0.4169,0.4177,0.4106,0.417,4371231.88
2025-11-25 20:00:00+00:00,0.417,0.4221,0.4165,0.42,4034330.27
2025-11-25 21:00:00+00:00,0.42,0.4205,0.418,0.4184,2426545.78
2025-11-25 22:00:00+00:00,0.4184,0.4226,0.4136,0.4216,4015351.13
2025-11-25 23:00:00+00:00,0.4216,0.4262,0.4203,0.4218,3947640.05
2025-11-26 00:00:00+00:00,0.4218,0.4242,0.4215,0.4224,2417037.0
2025-11-26 01:00:00+00:00,0.4224,0.4278,0.421,0.4262,2843349.32
2025-11-26 02:00:00+00:00,0.4262,0.4285,0.4239,0.4242,3238508.82
2025-11-26 03:00:00+00:00,0.4242,0.4257,0.4208,0.4208,1893974.68
2025-11-26 04:00:00+00:00,0.4208,0.422,0.4187,0.4197,2850051.37
2025-11-26 05:00:00+00:00,0.4197,0.4238,0.4194,0.4225,1884457.61
2025-11-26 06:00:00+00:00,0.4225,0.4247,0.4201,0.4232,2029685.5
2025-11-26 07:00:00+00:00,0.4232,0.4251,0.4227,0.4249,1742084.98
2025-11-26 08:00:00+00:00,0.4249,0.425,0.4202,0.4204,1975016.89
2025-11-26 09:00:00+00:00,0.4204,0.4206,0.4167,0.4177,3434212.71
2025-11-26 10:00:00+00:00,0.4177,0.4186,0.4155,0.4177,2229268.01
2025-11-26 11:00:00+00:00,0.4177,0.4177,0.4138,0.4152,1847065.47
2025-11-26 12:00:00+00:00,0.4152,0.416,0.4113,0.4138,3133492.6
2025-11-26 13:00:00+00:00,0.4138,0.4174,0.413,0.4167,2950611.64
2025-11-26 14:00:00+00:00,0.4167,0.418,0.4117,0.4124,4464184.59
2025-11-26 15:00:00+00:00,0.4124,0.4155,0.4105,0.4127,4405994.4
2025-11-26 16:00:00+00:00,0.4127,0.4205,0.4127,0.419,3612985.85
2025-11-26 17:00:00+00:00,0.419,0.4315,0.4183,0.4308,6753278.66
2025-11-26 18:00:00+00:00,0.4308,0.4358,0.4299,0.4352,8183005.94
2025-11-26 19:00:00+00:00,0.4352,0.4355,0.4328,0.4339,2943452.06
2025-11-26 20:00:00+00:00,0.4339,0.4355,0.4313,0.4344,2978091.73
2025-11-26 21:00:00+00:00,0.4344,0.4372,0.432,0.4346,3034412.1
2025-11-26 22:00:00+00:00,0.4346,0.4368,0.434,0.4353,2035825.69
2025-11-26 23:00:00+00:00,0.4353,0.4366,0.4346,0.4356,1540002.12
2025-11-27 00:00:00+00:00,0.4356,0.4376,0.4329,0.4357,4474582.35
2025-11-27 01:00:00+00:00,0.4357,0.4384,0.4345,0.4376,3514443.98
2025-11-27 02:00:00+00:00,0.4376,0.4389,0.435,0.4351,3608064.23
2025-11-27 03:00:00+00:00,0.4351,0.4365,0.4326,0.4329,2989292.03
2025-11-27 04:00:00+00:00,0.4329,0.435,0.4327,0.4336,1545476.23
2025-11-27 05:00:00+00:00,0.4336,0.4352,0.4303,0.4307,2769563.29
2025-11-27 06:00:00+00:00,0.4307,0.4355,0.4304,0.4344,3525879.1
2025-11-27 07:00:00+00:00,0.4344,0.4353,0.4326,0.4339,2320774.5
2025-11-27 08:00:00+00:00,0.4339,0.4347,0.4315,0.4346,2230182.86
2025-11-27 09:00:00+00:00,0.4346,0.4371,0.4329,0.4331,3118300.31
2025-11-27 10:00:00+00:00,0.4331,0.434,0.4306,0.4314,2047469.08
2025-11-27 11:00:00+00:00,0.4314,0.4315,0.4287,0.4303,1923333.02
2025-11-27 12:00:00+00:00,0.4303,0.4306,0.4267,0.4272,2430284.08
2025-11-27 13:00:00+00:00,0.4272,0.4292,0.4266,0.428,2971556.11
2025-11-27 14:00:00+00:00,0.428,0.4301,0.4272,0.4295,1944583.04
2025-11-27 15:00:00+00:00,0.4295,0.4337,0.4285,0.4332,2215091.75
2025-11-27 16:00:00+00:00,0.4332,0.4367,0.4312,0.434,2952819.09
2025-11-27 17:00:00+00:00,0.434,0.4341,0.4305,0.4323,2284120.46
2025-11-27 18:00:00+00:00,0.4323,0.4375,0.4316,0.4367,2594971.62
2025-11-27 19:00:00+00:00,0.4367,0.4368,0.4344,0.436,1859796.98
2025-11-27 20:00:00+00:00,0.436,0.4377,0.4357,0.4368,1395800.71
2025-11-27 21:00:00+00:00,0.4368,0.439,0.4354,0.4358,1622518.96
2025-11-27 22:00:00+00:00,0.4358,0.4365,0.4317,0.4327,1810890.78
2025-11-27 23:00:00+00:00,0.4327,0.4347,0.4319,0.433,1449831.78
2025-11-28 00:00:00+00:00,0.433,0.4334,0.4302,0.4305,2817352.66
2025-11-28 01:00:00+00:00,0.4305,0.4305,0.4226,0.4231,5557495.78
2025-11-28 02:00:00+00:00,0.4231,0.4257,0.4219,0.4248,2894759.37
2025-11-28 03:00:00+00:00,0.4248,0.4266,0.4236,0.426,2562081.18
2025-11-28 04:00:00+00:00,0.426,0.4269,0.4249,0.425,2172918.02
2025-11-28 05:00:00+00:00,0.425,0.4279,0.4237,0.4268,3261572.53
2025-11-28 06:00:00+00:00,0.4268,0.4268,0.4226,0.4244,1658940.72
2025-11-28 07:00:00+00:00,0.4244,0.4279,0.424,0.4242,2251485.42
2025-11-28 08:00:00+00:00,0.4242,0.4367,0.4242,0.4359,5345982.86
2025-11-28 09:00:00+00:00,0.4359,0.4368,0.432,0.4327,4428947.34
2025-11-28 10:00:00+00:00,0.4327,0.4331,0.4311,0.4321,1440306.14
2025-11-28 11:00:00+00:00,0.4321,0.4322,0.4244,0.4259,3075413.0
2025-11-28 12:00:00+00:00,0.4259,0.4268,0.4238,0.4244,3127581.12
2025-11-28 13:00:00+00:00,0.4244,0.4321,0.4231,0.4303,4966755.72
2025-11-28 14:00:00+00:00,0.4303,0.4339,0.4273,0.4285,8725087.65
2025-11-28 15:00:00+00:00,0.4285,0.4346,0.4268,0.4326,5781848.13
2025-11-28 16:00:00+00:00,0.4326,0.4328,0.4232,0.4234,5092504.46
2025-11-28 17:00:00+00:00,0.4234,0.4237,0.4178,0.4187,5528540.62
2025-11-28 18:00:00+00:00,0.4187,0.4199,0.4148,0.4188,3775632.66
2025-11-28 19:00:00+00:00,0.4188,0.4224,0.4187,0.4214,2618558.28
2025-11-28 20:00:00+00:00,0.4214,0.4219,0.4183,0.4214,1873413.06
2025-11-28 21:00:00+00:00,0.4214,0.4219,0.4189,0.419,1863021.7
2025-11-28 22:00:00+00:00,0.419,0.4216,0.4175,0.4215,2511756.22
2025-11-28 23:00:00+00:00,0.4215,0.4228,0.4192,0.4199,1524555.25
2025-11-29 00:00:00+00:00,0.4199,0.4208,0.4189,0.4198,1689836.21
2025-11-29 01:00:00+00:00,0.4198,0.4219,0.4185,0.4197,1532366.39
2025-11-29 02:00:00+00:00,0.4197,0.42,0.417,0.4179,1219573.59
2025-11-29 03:00:00+00:00,0.4179,0.4186,0.4163,0.4163,1466694.55
2025-11-29 04:00:00+00:00,0.4163,0.4186,0.415,0.4182,4790939.27
2025-11-29 05:00:00+00:00,0.4182,0.4183,0.4163,0.4164,1522424.08
2025-11-29 06:00:00+00:00,0.4164,0.4181,0.4137,0.4157,2952568.17
2025-11-29 07:00:00+00:00,0.4157,0.4174,0.4151,0.4154,932184.73
2025-11-29 08:00:00+00:00,0.4154,0.4166,0.4143,0.415,1254998.14
2025-11-29 09:00:00+00:00,0.415,0.416,0.4141,0.4152,1318367.04
2025-11-29 10:00:00+00:00,0.4152,0.4175,0.4139,0.4166,2718888.87
2025-11-29 11:00:00+00:00,0.4166,0.4191,0.4162,0.4185,2081036.66
2025-11-29 12:00:00+00:00,0.4185,0.4197,0.4171,0.4177,3636683.3
2025-11-29 13:00:00+00:00,0.4177,0.4187,0.4169,0.4172,3602562.59
2025-11-29 14:00:00+00:00,0.4172,0.4185,0.4156,0.4158,3054541.72
2025-11-29 15:00:00+00:00,0.4158,0.421,0.4158,0.4202,4431490.05
2025-11-29 16:00:00+00:00,0.4202,0.4215,0.4177,0.4191,2488102.13
2025-11-29 17:00:00+00:00,0.4191,0.4196,0.4141,0.4144,2776413.34
2025-11-29 18:00:00+00:00,0.4144,0.4163,0.4116,0.4154,3060632.38
2025-11-29 19:00:00+00:00,0.4154,0.4171,0.4137,0.4149,1493612.95
2025-11-29 20:00:00+00:00,0.4149,0.4177,0.4134,0.4174,2207409.59
2025-11-29 21:00:00+00:00,0.4174,0.4183,0.4154,0.4168,1312807.16
2025-11-29 22:00:00+00:00,0.4168,0.4168,0.4144,0.4154,1434782.16
2025-11-29 23:00:00+00:00,0.4154,0.4166,0.4137,0.4146,1053589.88
2025-11-30 00:00:00+00:00,0.4146,0.4168,0.4143,0.4145,861111.22
2025-11-30 01:00:00+00:00,0.4145,0.4168,0.414,0.4158,1618909.41
2025-11-30 02:00:00+00:00,0.4158,0.4176,0.4143,0.4144,1763439.04
2025-11-30 03:00:00+00:00,0.4144,0.4201,0.4135,0.4199,5782395.85
2025-11-30 04:00:00+00:00,0.4199,0.4202,0.4167,0.4177,1572623.11
2025-11-30 05:00:00+00:00,0.4177,0.4181,0.4151,0.4166,1489749.21
2025-11-30 06:00:00+00:00,0.4166,0.4187,0.4155,0.4168,1505282.65
2025-11-30 07:00:00+00:00,0.4168,0.4195,0.4165,0.4184,1030452.86
2025-11-30 08:00:00+00:00,0.4184,0.4217,0.4169,0.4184,3244533.15
2025-11-30 09:00:00+00:00,0.4184,0.4206,0.4182,0.4202,1650409.98
2025-11-30 10:00:00+00:00,0.4202,0.4212,0.4185,0.4194,2038382.85
2025-11-30 11:00:00+00:00,0.4194,0.4202,0.4171,0.4176,2685860.02
2025-11-30 12:00:00+00:00,0.4176,0.4231,0.4171,0.4218,2170303.32
2025-11-30 13:00:00+00:00,0.4218,0.426,0.4211,0.4258,3654536.21
2025-11-30 14:00:00+00:00,0.4258,0.4262,0.4226,0.4246,1930538.38
2025-11-30 15:00:00+00:00,0.4246,0.4246,0.4208,0.4229,1930908.57
2025-11-30 16:00:00+00:00,0.4229,0.4274,0.4228,0.4254,2208788.77
2025-11-30 17:00:00+00:00,0.4254,0.4265,0.4228,0.4249,1551230.18
2025-11-30 18:00:00+00:00,0.4249,0.4257,0.4234,0.4254,1343467.51
2025-11-30 19:00:00+00:00,0.4254,0.4263,0.4239,0.4251,1610296.69
2025-11-30 20:00:00+00:00,0.4251,0.4268,0.4226,0.4246,1456852.17
2025-11-30 21:00:00+00:00,0.4246,0.4249,0.4216,0.4237,1547473.82
2025-11-30 22:00:00+00:00,0.4237,0.4261,0.4222,0.4244,1308871.24
2025-11-30 23:00:00+00:00,0.4244,0.4245,0.4143,0.4143,4475210.14
2025-12-01 00:00:00+00:00,0.4143,0.4156,0.388,0.3882,25618537.94
2025-12-01 01:00:00+00:00,0.3882,0.3958,0.3878,0.3899,17063855.54
2025-12-01 02:00:00+00:00,0.3899,0.3927,0.3888,0.3901,7407373.85
2025-12-01 03:00:00+00:00,0.3901,0.3903,0.3842,0.3862,5554586.69
2025-12-01 04:00:00+00:00,0.3862,0.387,0.3833,0.3843,4006981.4
2025-12-01 05:00:00+00:00,0.3843,0.3858,0.3826,0.3846,3749589.8
2025-12-01 06:00:00+00:00,0.3846,0.3861,0.3818,0.3837,4111672.34
2025-12-01 07:00:00+00:00,0.3837,0.389,0.3812,0.3886,6907049.23
2025-12-01 08:00:00+00:00,0.3886,0.3889,0.387,0.3878,3321911.0
2025-12-01 09:00:00+00:00,0.3878,0.3887,0.3851,0.3854,3027387.35
2025-12-01 10:00:00+00:00,0.3854,0.387,0.3853,0.3861,1730767.56
2025-12-01 11:00:00+00:00,0.3861,0.3862,0.3823,0.3826,3389928.27
2025-12-01 12:00:00+00:00,0.3826,0.3831,0.3738,0.3793,13064800.59
2025-12-01 13:00:00+00:00,0.3793,0.3825,0.3771,0.3779,8068546.38
2025-12-01 14:00:00+00:00,0.3779,0.3844,0.3778,0.3804,4897434.3
2025-12-01 15:00:00+00:00,0.3804,0.3808,0.3712,0.3762,9449871.3
2025-12-01 16:00:00+00:00,0.3762,0.3764,0.3715,0.3718,4507106.65
2025-12-01 17:00:00+00:00,0.3718,0.3764,0.3718,0.3747,3643185.25
2025-12-01 18:00:00+00:00,0.3747,0.379,0.3747,0.3785,4064332.89
2025-12-01 19:00:00+00:00,0.3785,0.3786,0.3747,0.3764,3313550.24
2025-12-01 20:00:00+00:00,0.3764,0.3805,0.3763,0.3776,3912339.9
2025-12-01 21:00:00+00:00,0.3776,0.3825,0.3776,0.3818,4209610.46
2025-12-01 22:00:00+00:00,0.3818,0.385,0.3813,0.3836,2930052.07
2025-12-01 23:00:00+00:00,0.3836,0.3877,0.3836,0.3856,3648000.43
2025-12-02 00:00:00+00:00,0.3856,0.3876,0.3849,0.3871,2378832.46
2025-12-02 01:00:00+00:00,0.3871,0.3915,0.3862,0.3865,3113224.04
2025-12-02 02:00:00+00:00,0.3865,0.3906,0.3854,0.3884,3074299.89
2025-12-02 03:00:00+00:00,0.3884,0.3919,0.3859,0.3913,2451788.68
2025-12-02 04:00:00+00:00,0.3913,0.3936,0.3907,0.3912,2721476.78
2025-12-02 05:00:00+00:00,0.3912,0.3921,0.3899,0.391,2401434.86
2025-12-02 06:00:00+00:00,0.391,0.3921,0.3892,0.3915,1927534.81
2025-12-02 07:00:00+00:00,0.3915,0.3916,0.3888,0.3894,1849258.27
2025-12-02 08:00:00+00:00,0.3894,0.3897,0.3855,0.386,3658799.64
2025-12-02 09:00:00+00:00,0.386,0.3894,0.386,0.3871,2579279.09
2025-12-02 10:00:00+00:00,0.3871,0.3937,0.387,0.392,3245357.89
2025-12-02 11:00:00+00:00,0.392,0.3949,0.3906,0.3939,2717061.25
2025-12-02 12:00:00+00:00,0.3939,0.3956,0.3931,0.3952,3985046.78
2025-12-02 13:00:00+00:00,0.3952,0.3991,0.3939,0.3983,4576938.08
2025-12-02 14:00:00+00:00,0.3983,0.4074,0.3973,0.4072,8420656.48
2025-12-02 15:00:00+00:00,0.4072,0.431,0.4072,0.4284,22875608.42
2025-12-02 16:00:00+00:00,0.4284,0.4326,0.4261,0.4295,14290632.7
2025-12-02 17:00:00+00:00,0.4295,0.434,0.4281,0.4288,7137528.34
2025-12-02 18:00:00+00:00,0.4288,0.4325,0.4284,0.4305,4564700.43
2025-12-02 19:00:00+00:00,0.4305,0.4378,0.4299,0.4345,5916412.13
2025-12-02 20:00:00+00:00,0.4345,0.4373,0.4324,0.4362,9129937.76
2025-12-02 21:00:00+00:00,0.4362,0.4377,0.4348,0.437,4286048.95
2025-12-02 22:00:00+00:00,0.437,0.4389,0.4347,0.4363,4598757.53
2025-12-02 23:00:00+00:00,0.4363,0.4385,0.4333,0.4335,3004065.49
2025-12-03 00:00:00+00:00,0.4335,0.4349,0.4298,0.4346,4849717.71
2025-12-03 01:00:00+00:00,0.4346,0.4367,0.4328,0.4358,3901467.92
2025-12-03 02:00:00+00:00,0.4358,0.4387,0.435,0.4379,5928142.85
2025-12-03 03:00:00+00:00,0.4379,0.4387,0.4357,0.4381,4189201.73
2025-12-03 04:00:00+00:00,0.4381,0.4413,0.4355,0.4403,8417783.13
2025-12-03 05:00:00+00:00,0.4403,0.4444,0.4399,0.4403,6784998.35
2025-12-03 06:00:00+00:00,0.4403,0.447,0.4403,0.4451,7489611.93
2025-12-03 07:00:00+00:00,0.4451,0.4467,0.4422,0.4428,4084940.97
2025-12-03 08:00:00+00:00,0.4428,0.4468,0.4416,0.4448,3049915.63
2025-12-03 09:00:00+00:00,0.4448,0.4451,0.4398,0.4417,3757321.94
2025-12-03 10:00:00+00:00,0.4417,0.4419,0.437,0.4372,3163350.37
2025-12-03 11:00:00+00:00,0.4372,0.4379,0.4357,0.437,3060264.47
2025-12-03 12:00:00+00:00,0.437,0.4375,0.4339,0.4349,4244219.56
2025-12-03 13:00:00+00:00,0.4349,0.4371,0.4343,0.436,3483232.31
2025-12-03 14:00:00+00:00,0.436,0.4412,0.4268,0.4315,17019798.72
2025-12-03 15:00:00+00:00,0.4315,0.4362,0.4312,0.4342,5389125.61
2025-12-03 16:00:00+00:00,0.4342,0.4396,0.4318,0.4369,5067422.01
2025-12-03 17:00:00+00:00,0.4369,0.444,0.4368,0.4427,4295814.57
2025-12-03 18:00:00+00:00,0.4427,0.4437,0.4401,0.4416,3787872.23
2025-12-03 19:00:00+00:00,0.4416,0.4453,0.4407,0.4449,2087546.78
2025-12-03 20:00:00+00:00,0.4449,0.4492,0.4438,0.4468,4895432.46
2025-12-03 21:00:00+00:00,0.4468,0.454,0.4466,0.4535,6276941.68
2025-12-03 22:00:00+00:00,0.4535,0.4536,0.4485,0.4501,6066557.5
2025-12-03 23:00:00+00:00,0.4501,0.4529,0.4497,0.4499,3805502.8
2025-12-04 00:00:00+00:00,0.4499,0.4527,0.447,0.4503,4990069.62
2025-12-04 01:00:00+00:00,0.4503,0.4558,0.4483,0.4485,5765468.22
2025-12-04 02:00:00+00:00,0.4485,0.4529,0.4483,0.4503,3413905.0
2025-12-04 03:00:00+00:00,0.4503,0.4511,0.4476,0.4494,2583275.68
2025-12-04 04:00:00+00:00,0.4494,0.4512,0.4455,0.4474,4017260.76
2025-12-04 05:00:00+00:00,0.4474,0.4483,0.4452,0.4474,3951366.7
2025-12-04 06:00:00+00:00,0.4474,0.4539,0.4474,0.4515,5112238.02
2025-12-04 07:00:00+00:00,0.4515,0.4524,0.4491,0.4518,4020416.72
2025-12-04 08:00:00+00:00,0.4518,0.4526,0.4477,0.4483,3456800.23
2025-12-04 09:00:00+00:00,0.4483,0.451,0.4483,0.4487,2676748.8
2025-12-04 10:00:00+00:00,0.4487,0.4493,0.4453,0.4454,2958001.29
2025-12-04 11:00:00+00:00,0.4454,0.4475,0.4444,0.4463,2053555.25
2025-12-04 12:00:00+00:00,0.4463,0.448,0.4444,0.4469,1595684.15
2025-12-04 13:00:00+00:00,0.4469,0.4485,0.4439,0.4439,4554763.55
2025-12-04 14:00:00+00:00,0.4439,0.4468,0.4399,0.4411,5578698.26
2025-12-04 15:00:00+00:00,0.4411,0.4517,0.441,0.4506,8592192.07
2025-12-04 16:00:00+00:00,0.4506,0.4519,0.4462,0.4471,5597305.71
2025-12-04 17:00:00+00:00,0.4471,0.4471,0.4422,0.445,2958367.73
2025-12-04 18:00:00+00:00,0.445,0.4468,0.4418,0.4428,2274073.82
2025-12-04 19:00:00+00:00,0.4428,0.4431,0.4345,0.4414,6888239.27
2025-12-04 20:00:00+00:00,0.4414,0.4437,0.439,0.4425,3664569.39
2025-12-04 21:00:00+00:00,0.4425,0.4435,0.4377,0.4382,2664303.72
2025-12-04 22:00:00+00:00,0.4382,0.4417,0.4382,0.4409,1502621.53
2025-12-04 23:00:00+00:00,0.4409,0.4411,0.4388,0.4394,1361179.0
2025-12-05 00:00:00+00:00,0.4394,0.4426,0.4391,0.4412,2020082.93
2025-12-05 01:00:00+00:00,0.4412,0.4424,0.4394,0.4396,2285370.95
<<<<<<< Updated upstream
<<<<<<< Updated upstream
<<<<<<< Updated upstream
2025-12-05 02:00:00+00:00,0.4396,0.4408,0.4381,0.4407,1003961.79
=======
2025-12-05 02:00:00+00:00,0.4396,0.4409,0.4381,0.4405,1353525.85
>>>>>>> Stashed changes
=======
2025-12-05 02:00:00+00:00,0.4396,0.4424,0.4381,0.4423,1865352.5
>>>>>>> Stashed changes
=======
2025-12-05 02:00:00+00:00,0.4396,0.4426,0.4381,0.442,1929274.06
>>>>>>> Stashed changes
