time,open,high,low,close,volume
2025-09-12 17:00:00+00:00,115487.24,115936.0,115395.93,115815.7,402138838.81
2025-09-12 18:00:00+00:00,115815.7,116491.04,115771.82,116482.96,418945953.02
2025-09-12 19:00:00+00:00,116482.96,116661.35,116237.51,116641.8,437091612.41
2025-09-12 20:00:00+00:00,116641.8,116641.8,115968.06,116151.17,368298734.87
2025-09-12 21:00:00+00:00,116151.17,116151.18,115760.41,115861.7,325496671.82
2025-09-12 22:00:00+00:00,115861.7,116330.28,115861.61,116024.82,212834977.48
2025-09-12 23:00:00+00:00,116024.82,116162.33,115931.28,116028.65,139633285.53
2025-09-13 00:00:00+00:00,116028.65,116289.24,115964.31,116212.16,170430167.06
2025-09-13 01:00:00+00:00,116212.16,116267.39,115594.81,115762.31,250148292.46
2025-09-13 02:00:00+00:00,115762.31,115995.36,115687.94,115889.47,188508335.53
2025-09-13 03:00:00+00:00,115889.47,116018.91,115850.59,115966.45,221804961.5
2025-09-13 04:00:00+00:00,115966.45,115966.53,115685.11,115700.82,227156789.83
2025-09-13 05:00:00+00:00,115700.82,115841.69,115661.78,115708.74,195338429.13
2025-09-13 06:00:00+00:00,115708.74,115808.1,115664.44,115745.69,161291448.9
2025-09-13 07:00:00+00:00,115745.69,115856.34,115707.68,115783.62,144867444.39
2025-09-13 08:00:00+00:00,115783.62,116054.43,115775.14,115975.42,137899338.69
2025-09-13 09:00:00+00:00,115975.42,116040.52,115874.9,116033.12,155610444.81
2025-09-13 10:00:00+00:00,116033.12,116166.58,115916.55,115938.29,169090298.28
2025-09-13 11:00:00+00:00,115938.29,116009.56,115884.8,115974.16,118996392.26
2025-09-13 12:00:00+00:00,115974.16,116053.76,115871.79,116004.07,114022032.5
2025-09-13 13:00:00+00:00,116004.07,116004.17,115650.04,115762.93,189565855.63
2025-09-13 14:00:00+00:00,115762.93,115952.5,115608.54,115807.4,255294428.53
2025-09-13 15:00:00+00:00,115807.4,115923.8,115619.98,115768.08,157195368.59
2025-09-13 16:00:00+00:00,115768.08,115817.69,115158.14,115334.96,378638472.68
2025-09-13 17:00:00+00:00,115334.96,115582.55,115177.29,115567.37,285205482.66
2025-09-13 18:00:00+00:00,115567.37,115653.76,115431.21,115630.39,144662654.47
2025-09-13 19:00:00+00:00,115630.39,115796.53,115569.46,115796.53,129931238.91
2025-09-13 20:00:00+00:00,115796.53,115987.58,115793.43,115903.53,162389152.01
2025-09-13 21:00:00+00:00,115903.53,115971.22,115841.87,115889.63,162918210.58
2025-09-13 22:00:00+00:00,115889.63,115931.8,115805.89,115868.48,192678846.59
2025-09-13 23:00:00+00:00,115868.48,115982.48,115861.51,115910.21,179832499.17
2025-09-14 00:00:00+00:00,115910.21,116001.26,115809.72,115927.41,204170579.34
2025-09-14 01:00:00+00:00,115927.41,115993.52,115737.33,115960.16,168720739.23
2025-09-14 02:00:00+00:00,115960.16,116098.39,115750.47,115862.25,176318821.32
2025-09-14 03:00:00+00:00,115862.25,115872.59,115645.1,115671.1,297525625.7
2025-09-14 04:00:00+00:00,115671.1,115772.02,115455.73,115750.24,362343579.24
2025-09-14 05:00:00+00:00,115750.24,115927.83,115730.96,115861.42,320262163.66
2025-09-14 06:00:00+00:00,115861.42,115934.86,115704.17,115734.69,374648342.65
2025-09-14 07:00:00+00:00,115734.69,115836.45,115723.25,115804.84,362743565.21
2025-09-14 08:00:00+00:00,115804.84,115992.14,115752.4,115933.3,325867150.04
2025-09-14 09:00:00+00:00,115933.3,116164.19,115900.98,116057.77,370363300.43
2025-09-14 10:00:00+00:00,116057.77,116131.46,115948.08,116035.47,115429326.07
2025-09-14 11:00:00+00:00,116035.47,116111.96,115742.86,115794.78,161202033.33
2025-09-14 12:00:00+00:00,115794.78,115874.42,115668.04,115776.14,135430180.41
2025-09-14 13:00:00+00:00,115776.14,115782.43,115219.32,115346.99,277516457.14
2025-09-14 14:00:00+00:00,115346.99,115694.84,115173.84,115394.85,300092846.46
2025-09-14 15:00:00+00:00,115394.85,115420.41,115198.19,115214.2,137227476.8
2025-09-14 16:00:00+00:00,115214.2,115532.42,115198.93,115470.9,144211320.94
2025-09-14 17:00:00+00:00,115470.9,115654.8,115419.47,115566.7,120677343.61
2025-09-14 18:00:00+00:00,115566.7,115566.83,115366.95,115384.05,88688789.65
2025-09-14 19:00:00+00:00,115384.05,115634.71,115324.28,115634.7,104156618.33
2025-09-14 20:00:00+00:00,115634.7,115846.12,115628.65,115801.62,113971056.59
2025-09-14 21:00:00+00:00,115801.62,116088.14,115615.21,116045.11,189262973.22
2025-09-14 22:00:00+00:00,116045.11,116073.39,115809.67,116009.01,182800392.97
2025-09-14 23:00:00+00:00,116009.01,116009.07,115133.79,115283.77,215571840.92
2025-09-15 00:00:00+00:00,115283.77,115283.82,114970.71,115068.58,232842447.5
2025-09-15 01:00:00+00:00,115068.58,115273.88,114833.43,115234.4,183169132.48
2025-09-15 02:00:00+00:00,115234.4,115442.06,115225.2,115359.07,105451354.87
2025-09-15 03:00:00+00:00,115359.07,115587.09,115350.9,115449.67,84161018.73
2025-09-15 04:00:00+00:00,115449.67,116169.86,115404.92,116047.03,313227579.76
2025-09-15 05:00:00+00:00,116047.03,116568.94,116014.6,116522.23,250767077.04
2025-09-15 06:00:00+00:00,116522.23,116753.27,116050.13,116123.9,233903118.16
2025-09-15 07:00:00+00:00,116123.9,116403.75,115627.06,115810.4,333314223.55
2025-09-15 08:00:00+00:00,115810.4,115810.72,114715.63,114740.25,435827334.35
2025-09-15 09:00:00+00:00,114740.25,115177.73,114642.36,114871.65,383138116.74
2025-09-15 10:00:00+00:00,114871.65,114951.51,114723.92,114772.55,175636513.32
2025-09-15 11:00:00+00:00,114772.55,115196.17,114742.29,115061.81,188814184.85
2025-09-15 12:00:00+00:00,115061.81,115071.49,114669.13,114720.4,199388584.44
2025-09-15 13:00:00+00:00,114720.4,115086.99,114383.98,114666.56,441870197.65
2025-09-15 14:00:00+00:00,114666.56,115024.81,114449.36,114675.93,343098556.32
2025-09-15 15:00:00+00:00,114675.93,114912.45,114401.11,114850.49,331500011.12
2025-09-15 16:00:00+00:00,114850.49,114923.14,114601.4,114663.85,220384544.03
2025-09-15 17:00:00+00:00,114663.85,115128.12,114613.42,115124.0,174162891.99
2025-09-15 18:00:00+00:00,115124.0,115357.75,114904.12,115314.41,229019255.49
2025-09-15 19:00:00+00:00,115314.41,115569.64,114975.04,115305.71,317851689.92
2025-09-15 20:00:00+00:00,115305.71,115499.31,115204.96,115377.23,163281243.9
2025-09-15 21:00:00+00:00,115377.23,115536.6,115286.31,115526.42,91729120.29
2025-09-15 22:00:00+00:00,115526.42,115608.09,115224.43,115293.51,111537048.53
2025-09-15 23:00:00+00:00,115293.51,115479.06,115238.03,115355.49,77567101.63
2025-09-16 00:00:00+00:00,115355.49,115355.69,114949.57,115087.14,119386169.28
2025-09-16 01:00:00+00:00,115087.14,115522.09,115009.87,115024.97,155656058.9
2025-09-16 02:00:00+00:00,115024.97,115230.17,115024.97,115033.08,106768402.45
2025-09-16 03:00:00+00:00,115033.08,115426.89,115032.99,115309.21,102138245.25
2025-09-16 04:00:00+00:00,115309.21,115557.97,114937.78,115504.8,167606726.51
2025-09-16 05:00:00+00:00,115504.8,115955.9,115452.21,115937.13,307353740.38
2025-09-16 06:00:00+00:00,115937.13,116008.03,115596.33,115773.08,285739132.1
2025-09-16 07:00:00+00:00,115773.08,115892.0,115725.58,115832.02,136506907.57
2025-09-16 08:00:00+00:00,115832.02,115980.37,115530.68,115661.0,184701214.11
2025-09-16 09:00:00+00:00,115661.0,115726.12,115450.19,115478.23,143845306.75
2025-09-16 10:00:00+00:00,115478.23,115592.29,115375.44,115376.51,110566116.74
2025-09-16 11:00:00+00:00,115376.51,115432.32,115208.15,115285.06,117263340.61
2025-09-16 12:00:00+00:00,115285.06,115459.56,115284.55,115436.2,147310638.61
2025-09-16 13:00:00+00:00,115436.2,115556.38,114761.59,115203.45,474290399.25
2025-09-16 14:00:00+00:00,115203.45,115309.55,114816.35,115294.58,324971384.77
2025-09-16 15:00:00+00:00,115294.58,115907.29,115024.38,115907.25,288029913.45
2025-09-16 16:00:00+00:00,115907.25,116069.63,115610.07,116066.3,269647693.31
2025-09-16 17:00:00+00:00,116066.3,116873.72,116059.85,116461.89,521925079.54
2025-09-16 18:00:00+00:00,116461.89,116773.68,116229.69,116419.57,267628776.63
2025-09-16 19:00:00+00:00,116419.57,116820.97,116393.3,116801.67,196832975.86
2025-09-16 20:00:00+00:00,116801.67,116909.24,116722.96,116840.98,145784807.84
2025-09-16 21:00:00+00:00,116840.98,116939.32,116598.16,116805.28,177824794.18
2025-09-16 22:00:00+00:00,116805.28,116957.89,116697.58,116850.99,197959702.89
2025-09-16 23:00:00+00:00,116850.99,116915.11,116632.08,116789.33,97291869.23
2025-09-17 00:00:00+00:00,116789.33,116829.51,116560.48,116566.08,126661946.12
2025-09-17 01:00:00+00:00,116566.08,116762.72,116513.67,116662.85,149321924.24
2025-09-17 02:00:00+00:00,116662.85,117056.19,116557.69,116689.56,232962448.56
2025-09-17 03:00:00+00:00,116689.56,116752.08,116370.6,116370.6,158850338.76
2025-09-17 04:00:00+00:00,116370.6,116479.99,116160.82,116316.38,96511718.32
2025-09-17 05:00:00+00:00,116316.38,117203.6,116315.54,117107.86,353535300.82
2025-09-17 06:00:00+00:00,117107.86,117280.85,116979.22,117231.06,257934312.89
2025-09-17 07:00:00+00:00,117231.06,117272.68,117126.36,117162.19,178392151.74
2025-09-17 08:00:00+00:00,117162.19,117191.25,116691.12,116859.78,230046660.38
2025-09-17 09:00:00+00:00,116859.78,116859.79,116558.54,116558.59,127987504.8
2025-09-17 10:00:00+00:00,116558.59,116606.86,116267.27,116367.71,162785898.63
2025-09-17 11:00:00+00:00,116367.71,116377.7,116257.07,116260.0,194357507.58
2025-09-17 12:00:00+00:00,116260.0,116523.59,116100.1,116203.06,368154508.46
2025-09-17 13:00:00+00:00,116203.06,116329.07,115907.46,116111.79,423126617.33
2025-09-17 14:00:00+00:00,116111.79,116241.55,115459.02,115608.08,471547284.2
2025-09-17 15:00:00+00:00,115608.08,115885.57,115529.58,115876.5,280450004.22
2025-09-17 16:00:00+00:00,115876.5,115876.52,115388.11,115641.91,283927690.66
2025-09-17 17:00:00+00:00,115641.91,116287.9,115570.46,115744.25,378099899.18
2025-09-17 18:00:00+00:00,115744.25,116211.64,114731.95,115225.31,1649238759.96
2025-09-17 19:00:00+00:00,115225.31,115986.53,115076.09,115645.78,648286587.89
2025-09-17 20:00:00+00:00,115645.78,116137.59,115500.43,115620.52,210901294.59
2025-09-17 21:00:00+00:00,115620.52,116119.99,115315.04,116038.79,225610542.21
2025-09-17 22:00:00+00:00,116038.79,116814.15,116038.79,116557.01,395326465.49
2025-09-17 23:00:00+00:00,116557.01,116985.59,116340.52,116439.39,356259119.19
2025-09-18 00:00:00+00:00,116439.39,116461.07,116088.91,116352.35,245167521.43
2025-09-18 01:00:00+00:00,116352.35,116869.33,116339.04,116640.37,232537690.57
2025-09-18 02:00:00+00:00,116640.37,116951.5,116432.67,116942.18,189843206.31
2025-09-18 03:00:00+00:00,116942.18,117896.93,116900.36,117580.12,673676180.25
2025-09-18 04:00:00+00:00,117580.12,117752.34,117231.71,117605.73,368950899.27
2025-09-18 05:00:00+00:00,117605.73,117607.45,117186.22,117266.2,160844105.13
2025-09-18 06:00:00+00:00,117266.2,117332.23,116893.61,117100.23,250818817.28
2025-09-18 07:00:00+00:00,117100.23,117207.17,117051.28,117083.6,183048295.55
2025-09-18 08:00:00+00:00,117083.6,117408.51,117011.6,117229.0,161062906.06
2025-09-18 09:00:00+00:00,117229.0,117350.02,117111.35,117299.99,159814818.72
2025-09-18 10:00:00+00:00,117299.99,117311.91,117078.79,117185.99,125581301.09
2025-09-18 11:00:00+00:00,117185.99,117301.82,117012.44,117063.01,148721169.42
2025-09-18 12:00:00+00:00,117063.01,117281.29,116978.53,117126.28,216408425.45
2025-09-18 13:00:00+00:00,117126.28,117654.93,117006.23,117431.12,517960278.94
2025-09-18 14:00:00+00:00,117431.12,117844.41,117405.51,117643.04,443606335.97
2025-09-18 15:00:00+00:00,117643.04,117705.11,117326.08,117586.14,325690183.81
2025-09-18 16:00:00+00:00,117586.14,117796.2,117505.08,117562.42,254490705.74
2025-09-18 17:00:00+00:00,117562.42,117766.74,117412.33,117581.26,236079703.45
2025-09-18 18:00:00+00:00,117581.26,117905.39,117511.73,117821.74,227883851.9
2025-09-18 19:00:00+00:00,117821.74,117822.39,117195.96,117453.72,179641968.17
2025-09-18 20:00:00+00:00,117453.72,117658.8,117338.89,117524.25,109084012.1
2025-09-18 21:00:00+00:00,117524.25,117524.27,117297.58,117297.67,77286604.19
2025-09-18 22:00:00+00:00,117297.67,117333.32,117046.32,117062.54,126110340.76
2025-09-18 23:00:00+00:00,117062.54,117175.06,116647.07,117079.06,290805460.41
2025-09-19 00:00:00+00:00,117079.06,117427.67,117023.12,117418.99,145963951.71
2025-09-19 01:00:00+00:00,117418.99,117459.13,117122.61,117239.0,117522098.43
2025-09-19 02:00:00+00:00,117239.0,117287.53,117049.67,117114.08,125564130.21
2025-09-19 03:00:00+00:00,117114.08,117288.88,116872.59,116976.23,141882844.24
2025-09-19 04:00:00+00:00,116976.23,117102.21,116705.05,116992.0,161602291.92
2025-09-19 05:00:00+00:00,116992.0,117013.63,116795.48,116897.96,109107746.03
2025-09-19 06:00:00+00:00,116897.96,116898.0,116637.36,116677.68,132847060.0
2025-09-19 07:00:00+00:00,116677.68,116990.9,116677.68,116910.09,167961601.63
2025-09-19 08:00:00+00:00,116910.09,117094.18,116887.98,116916.59,118616334.89
2025-09-19 09:00:00+00:00,116916.59,116983.29,116485.6,116489.61,142658311.18
2025-09-19 10:00:00+00:00,116489.61,116547.44,116433.72,116534.36,133880207.0
2025-09-19 11:00:00+00:00,116534.36,116550.73,116305.73,116391.59,117389017.94
2025-09-19 12:00:00+00:00,116391.59,116529.4,116128.7,116161.32,221235421.28
2025-09-19 13:00:00+00:00,116161.32,116460.93,116068.71,116285.04,238564569.04
2025-09-19 14:00:00+00:00,116285.04,116481.95,115795.13,115901.33,363792736.6
2025-09-19 15:00:00+00:00,115901.33,115946.6,115466.03,115883.14,365604308.68
2025-09-19 16:00:00+00:00,115883.14,116141.85,115799.59,116085.06,176241239.21
2025-09-19 17:00:00+00:00,116085.06,116090.32,115542.87,115543.33,158945257.02
2025-09-19 18:00:00+00:00,115543.33,115642.81,115381.06,115407.79,151543560.06
2025-09-19 19:00:00+00:00,115407.79,115475.68,115101.86,115118.78,140285114.83
2025-09-19 20:00:00+00:00,115118.78,115437.09,115099.04,115341.67,124452890.74
2025-09-19 21:00:00+00:00,115341.67,115533.84,115307.84,115464.58,69623796.32
2025-09-19 22:00:00+00:00,115464.58,115654.71,115464.53,115613.98,51873080.62
2025-09-19 23:00:00+00:00,115613.98,115647.62,115452.83,115632.16,60007799.84
2025-09-20 00:00:00+00:00,115632.16,115727.44,115552.0,115723.86,81336823.97
2025-09-20 01:00:00+00:00,115723.86,115723.92,115614.18,115628.13,65590810.84
2025-09-20 02:00:00+00:00,115628.13,115628.21,115445.08,115602.88,53423394.75
2025-09-20 03:00:00+00:00,115602.88,115602.98,115414.01,115446.54,49751678.48
2025-09-20 04:00:00+00:00,115446.54,115585.0,115413.88,115567.2,52156178.05
2025-09-20 05:00:00+00:00,115567.2,115716.15,115517.54,115716.13,65505720.1
2025-09-20 06:00:00+00:00,115716.13,115723.1,115628.62,115701.49,46699445.56
2025-09-20 07:00:00+00:00,115701.49,115983.51,115686.66,115967.8,128515420.71
2025-09-20 08:00:00+00:00,115967.8,115967.82,115706.67,115708.59,80323471.38
2025-09-20 09:00:00+00:00,115708.59,115793.35,115672.97,115673.87,70213778.62
2025-09-20 10:00:00+00:00,115673.87,115794.19,115673.87,115749.54,58001358.37
2025-09-20 11:00:00+00:00,115749.54,115909.47,115749.54,115894.16,74298522.84
2025-09-20 12:00:00+00:00,115894.16,115955.83,115810.52,115878.06,62916606.97
2025-09-20 13:00:00+00:00,115878.06,115951.68,115861.46,115917.41,46556408.49
2025-09-20 14:00:00+00:00,115917.41,116033.83,115887.7,115971.17,75457166.53
2025-09-20 15:00:00+00:00,115971.17,116120.46,115949.44,115988.45,118847926.63
2025-09-20 16:00:00+00:00,115988.45,116058.21,115885.11,116030.86,79873514.6
2025-09-20 17:00:00+00:00,116030.86,116076.47,115821.45,115826.5,66592640.64
2025-09-20 18:00:00+00:00,115826.5,115826.65,115704.47,115715.17,64811422.78
2025-09-20 19:00:00+00:00,115715.17,115805.65,115700.39,115700.43,77457908.1
2025-09-20 20:00:00+00:00,115700.43,115788.28,115691.27,115724.73,48812345.28
2025-09-20 21:00:00+00:00,115724.73,115940.78,115723.85,115786.07,89270028.39
2025-09-20 22:00:00+00:00,115786.07,115798.62,115742.86,115773.77,65908985.97
2025-09-20 23:00:00+00:00,115773.77,115774.39,115610.89,115683.18,48192932.84
2025-09-21 00:00:00+00:00,115683.18,115729.51,115559.35,115655.61,63900797.06
2025-09-21 01:00:00+00:00,115655.61,115655.87,115503.45,115503.55,54386677.17
2025-09-21 02:00:00+00:00,115503.55,115704.26,115447.05,115691.84,84343354.82
2025-09-21 03:00:00+00:00,115691.84,115716.63,115618.63,115670.73,55144082.52
2025-09-21 04:00:00+00:00,115670.73,115670.82,115499.18,115499.99,37129888.5
2025-09-21 05:00:00+00:00,115499.99,115666.91,115494.48,115666.9,57252484.63
2025-09-21 06:00:00+00:00,115666.9,115786.49,115666.9,115689.39,57073295.82
2025-09-21 07:00:00+00:00,115689.39,115813.25,115619.37,115813.21,87552861.24
2025-09-21 08:00:00+00:00,115813.21,115818.02,115562.96,115631.38,66913647.68
2025-09-21 09:00:00+00:00,115631.38,115705.0,115331.37,115683.95,124657215.49
2025-09-21 10:00:00+00:00,115683.95,115708.21,115505.02,115523.34,51036196.7
2025-09-21 11:00:00+00:00,115523.34,115694.29,115517.54,115606.93,57343137.84
2025-09-21 12:00:00+00:00,115606.93,115747.88,115606.84,115681.72,53029838.52
2025-09-21 13:00:00+00:00,115681.72,115747.16,115641.37,115661.09,49687326.19
2025-09-21 14:00:00+00:00,115661.09,115688.58,115501.44,115505.89,81309313.72
2025-09-21 15:00:00+00:00,115505.89,115604.47,115476.52,115531.77,64422385.06
2025-09-21 16:00:00+00:00,115531.77,115551.13,115212.11,115318.55,92207989.86
2025-09-21 17:00:00+00:00,115318.55,115632.51,115255.16,115625.7,108302791.73
2025-09-21 18:00:00+00:00,115625.7,115662.97,115515.36,115532.46,56563857.39
2025-09-21 19:00:00+00:00,115532.46,115532.51,115321.52,115482.38,56913568.37
2025-09-21 20:00:00+00:00,115482.38,115503.11,115312.92,115312.92,42262448.7
2025-09-21 21:00:00+00:00,115312.92,115427.48,115249.75,115406.47,71104086.27
2025-09-21 22:00:00+00:00,115406.47,115545.63,115188.84,115533.05,76681802.48
2025-09-21 23:00:00+00:00,115533.05,115533.05,115202.74,115233.68,90015895.1
2025-09-22 00:00:00+00:00,115233.68,115376.55,114307.82,114400.64,599734695.9
2025-09-22 01:00:00+00:00,114400.64,114746.87,114250.1,114273.11,326547593.14
2025-09-22 02:00:00+00:00,114273.11,114610.78,114172.64,114190.56,402207275.32
2025-09-22 03:00:00+00:00,114190.56,114649.38,114190.41,114649.31,179203845.18
2025-09-22 04:00:00+00:00,114649.31,114652.03,114400.58,114434.51,91836382.09
2025-09-22 05:00:00+00:00,114434.51,114548.89,114012.71,114012.71,187586857.31
2025-09-22 06:00:00+00:00,114012.71,114012.71,112490.85,112812.19,1730340574.43
2025-09-22 07:00:00+00:00,112812.19,113002.87,112483.58,112519.74,545812742.77
2025-09-22 08:00:00+00:00,112519.74,112785.05,112467.63,112631.15,280631750.38
2025-09-22 09:00:00+00:00,112631.15,112667.76,112174.26,112340.28,395394866.2
2025-09-22 10:00:00+00:00,112340.28,112848.75,112264.23,112790.76,212751925.25
2025-09-22 11:00:00+00:00,112790.76,112970.05,112682.08,112876.27,186553502.18
2025-09-22 12:00:00+00:00,112876.27,112876.36,112517.91,112743.12,223338137.9
2025-09-22 13:00:00+00:00,112743.12,113145.94,112388.22,113135.65,309369320.02
2025-09-22 14:00:00+00:00,113135.65,113430.6,112765.17,112934.86,549096342.02
2025-09-22 15:00:00+00:00,112934.86,113024.52,112577.76,112821.68,278094405.74
2025-09-22 16:00:00+00:00,112821.68,112886.58,112587.44,112602.54,202888466.08
2025-09-22 17:00:00+00:00,112602.54,112622.05,112252.48,112394.07,244995923.2
2025-09-22 18:00:00+00:00,112394.07,112817.07,112346.65,112436.54,168090330.14
2025-09-22 19:00:00+00:00,112436.54,112598.16,111939.81,112120.41,410914246.5
2025-09-22 20:00:00+00:00,112120.41,112975.62,111978.66,112781.98,229214139.08
2025-09-22 21:00:00+00:00,112781.98,112973.07,112602.32,112970.33,139394077.25
2025-09-22 22:00:00+00:00,112970.33,112970.34,112593.27,112641.04,109130337.58
2025-09-22 23:00:00+00:00,112641.04,112739.1,112590.73,112652.87,85582658.3
2025-09-23 00:00:00+00:00,112652.87,112831.44,112382.12,112396.07,176593329.08
2025-09-23 01:00:00+00:00,112396.07,112509.1,112144.84,112153.75,143796915.77
2025-09-23 02:00:00+00:00,112153.75,112488.27,111681.93,111810.46,262935431.81
2025-09-23 03:00:00+00:00,111810.46,112445.94,111487.98,112331.43,330096005.61
2025-09-23 04:00:00+00:00,112331.43,112466.54,111874.06,112437.53,193248962.25
2025-09-23 05:00:00+00:00,112437.53,112889.06,112420.29,112667.69,197765945.5
2025-09-23 06:00:00+00:00,112667.69,113110.11,112613.64,112975.17,190089421.39
2025-09-23 07:00:00+00:00,112975.17,113112.15,112884.98,113090.28,242423985.28
2025-09-23 08:00:00+00:00,113090.28,113171.13,112941.52,113128.72,206182178.98
2025-09-23 09:00:00+00:00,113128.72,113272.47,112883.2,112936.39,157048513.38
2025-09-23 10:00:00+00:00,112936.39,113003.82,112825.96,112971.01,133956068.96
2025-09-23 11:00:00+00:00,112971.01,113075.41,112692.89,112974.92,135923474.5
2025-09-23 12:00:00+00:00,112974.92,113046.54,112812.55,112941.47,166988980.47
2025-09-23 13:00:00+00:00,112941.47,113018.54,112722.8,112948.96,253139836.16
2025-09-23 14:00:00+00:00,112948.96,113288.23,112571.91,112649.8,339931013.62
2025-09-23 15:00:00+00:00,112649.8,113060.57,112491.75,112876.4,239447947.44
2025-09-23 16:00:00+00:00,112876.4,112956.71,112481.74,112816.88,245558355.87
2025-09-23 17:00:00+00:00,112816.88,112819.32,111880.79,111950.24,315601772.92
2025-09-23 18:00:00+00:00,111950.24,112191.04,111680.12,111777.82,402196861.51
2025-09-23 19:00:00+00:00,111777.82,111975.66,111536.68,111648.55,293022286.79
2025-09-23 20:00:00+00:00,111648.55,111990.95,111464.4,111984.55,183932244.36
2025-09-23 21:00:00+00:00,111984.55,112194.88,111891.74,112159.02,97825035.97
2025-09-23 22:00:00+00:00,112159.02,112214.61,112004.19,112158.89,81960748.28
2025-09-23 23:00:00+00:00,112158.89,112225.02,111877.41,111998.18,121707682.47
2025-09-24 00:00:00+00:00,111998.18,112383.34,111819.15,112224.33,197702035.17
2025-09-24 01:00:00+00:00,112224.33,112496.7,112141.52,112442.75,130772152.92
2025-09-24 02:00:00+00:00,112442.75,112494.47,111896.25,112112.86,375597498.89
2025-09-24 03:00:00+00:00,112112.86,112216.36,111680.25,111685.18,366552071.22
2025-09-24 04:00:00+00:00,111685.18,112376.4,111189.84,112168.25,530768612.41
2025-09-24 05:00:00+00:00,112168.25,112670.29,112137.68,112642.41,170833681.73
2025-09-24 06:00:00+00:00,112642.41,112786.82,112536.16,112597.84,174669497.98
2025-09-24 07:00:00+00:00,112597.84,112743.24,112461.72,112579.85,154049673.08
2025-09-24 08:00:00+00:00,112579.85,112634.66,112406.12,112620.3,147307406.95
2025-09-24 09:00:00+00:00,112620.3,112825.48,112499.87,112736.44,110114250.18
2025-09-24 10:00:00+00:00,112736.44,112960.82,112669.41,112941.45,171179597.91
2025-09-24 11:00:00+00:00,112941.45,113162.51,112875.05,113029.64,211938474.04
2025-09-24 12:00:00+00:00,113029.64,113098.16,112938.49,113066.93,99621628.64
2025-09-24 13:00:00+00:00,113066.93,113228.02,112812.37,112824.46,268391540.75
2025-09-24 14:00:00+00:00,112824.46,113893.99,112824.38,113716.22,398217909.18
2025-09-24 15:00:00+00:00,113716.22,113886.35,113260.37,113343.85,337652437.32
2025-09-24 16:00:00+00:00,113343.85,113749.11,113162.68,113726.96,233497416.09
2025-09-24 17:00:00+00:00,113726.96,113943.29,113610.68,113759.0,201082976.32
2025-09-24 18:00:00+00:00,113759.0,113827.9,113514.04,113641.88,150683271.81
2025-09-24 19:00:00+00:00,113641.88,113680.62,113291.72,113421.99,134912352.23
2025-09-24 20:00:00+00:00,113421.99,113609.74,113400.28,113507.22,127520569.02
2025-09-24 21:00:00+00:00,113507.22,113585.36,113287.84,113340.17,97612006.02
2025-09-24 22:00:00+00:00,113340.17,113645.56,113258.61,113335.81,145333110.82
2025-09-24 23:00:00+00:00,113335.81,113426.11,113207.84,113303.6,132864862.68
2025-09-25 00:00:00+00:00,113303.6,113505.14,112970.17,113061.2,227637460.03
2025-09-25 01:00:00+00:00,113061.2,113366.19,112451.46,112662.42,480685100.15
2025-09-25 02:00:00+00:00,112662.42,113178.21,112512.26,112902.4,281112986.68
2025-09-25 03:00:00+00:00,112902.4,112902.4,112228.75,112556.19,316653416.65
2025-09-25 04:00:00+00:00,112556.19,112616.3,111601.64,111738.09,509712589.11
2025-09-25 05:00:00+00:00,111738.09,112037.65,111597.88,111748.7,291566236.46
2025-09-25 06:00:00+00:00,111748.7,111842.85,111508.55,111528.43,206528286.26
2025-09-25 07:00:00+00:00,111528.43,111880.19,111449.39,111764.02,250271865.45
2025-09-25 08:00:00+00:00,111764.02,112034.37,111695.62,111741.27,192391805.74
2025-09-25 09:00:00+00:00,111741.27,112243.36,111572.83,111572.83,253915434.12
2025-09-25 10:00:00+00:00,111572.83,111858.78,111529.28,111649.87,155670748.11
2025-09-25 11:00:00+00:00,111649.87,111725.77,111286.42,111351.3,214683119.28
2025-09-25 12:00:00+00:00,111351.3,111654.33,111112.24,111114.92,549780143.89
2025-09-25 13:00:00+00:00,111114.92,111716.35,110630.08,110992.62,844085454.73
2025-09-25 14:00:00+00:00,110992.62,111724.76,110976.17,111545.58,498435510.82
2025-09-25 15:00:00+00:00,111545.58,111585.69,110859.39,111579.68,345410452.48
2025-09-25 16:00:00+00:00,111579.68,111670.53,110901.97,110953.12,330920193.65
2025-09-25 17:00:00+00:00,110953.12,110959.86,108659.99,108826.27,1137996269.13
2025-09-25 18:00:00+00:00,108826.27,109803.35,108631.2,109759.24,672841160.98
2025-09-25 19:00:00+00:00,109759.24,109972.38,109305.82,109363.54,398067115.77
2025-09-25 20:00:00+00:00,109363.54,109484.77,109060.13,109164.49,225476046.83
2025-09-25 21:00:00+00:00,109164.49,109663.19,109074.13,109412.25,186900134.73
2025-09-25 22:00:00+00:00,109412.25,109580.22,109260.63,109420.2,147308115.79
2025-09-25 23:00:00+00:00,109420.2,109679.37,108836.35,108993.33,398965071.08
2025-09-26 00:00:00+00:00,108993.33,109609.87,108813.93,109473.52,390463354.55
2025-09-26 01:00:00+00:00,109473.52,109758.63,109311.74,109680.86,274490769.59
2025-09-26 02:00:00+00:00,109680.86,109798.87,109488.41,109618.97,223011351.12
2025-09-26 03:00:00+00:00,109618.97,109630.27,109292.77,109579.01,217075509.31
2025-09-26 04:00:00+00:00,109579.01,109624.55,109250.4,109339.8,140284151.62
2025-09-26 05:00:00+00:00,109339.8,109581.09,109086.14,109250.11,168475338.83
2025-09-26 06:00:00+00:00,109250.11,109621.45,109013.03,109354.77,302713726.05
2025-09-26 07:00:00+00:00,109354.77,109589.8,108909.5,109313.12,674068690.51
2025-09-26 08:00:00+00:00,109313.12,109608.15,109309.06,109565.57,217453888.51
2025-09-26 09:00:00+00:00,109565.57,109691.26,109398.04,109562.57,166774420.96
2025-09-26 10:00:00+00:00,109562.57,109565.73,108706.19,108893.82,313949904.11
2025-09-26 11:00:00+00:00,108893.82,109199.61,108621.79,109129.32,279812922.54
2025-09-26 12:00:00+00:00,109129.32,109576.86,108819.81,109373.63,421196200.0
2025-09-26 13:00:00+00:00,109373.63,109778.29,109004.57,109666.87,585570550.03
2025-09-26 14:00:00+00:00,109666.87,109743.89,108769.39,108836.67,622095949.6
2025-09-26 15:00:00+00:00,108836.67,109359.05,108807.35,109025.71,298769708.12
2025-09-26 16:00:00+00:00,109025.71,109614.98,109025.69,109463.58,189847060.62
2025-09-26 17:00:00+00:00,109463.58,110000.94,109391.75,109900.99,314104027.56
2025-09-26 18:00:00+00:00,109900.99,110295.54,109698.44,109724.32,291272702.85
2025-09-26 19:00:00+00:00,109724.32,109724.32,109026.12,109165.31,290942981.3
2025-09-26 20:00:00+00:00,109165.31,109343.88,109087.42,109289.71,145831388.67
2025-09-26 21:00:00+00:00,109289.71,109536.7,109187.61,109467.22,102197990.77
2025-09-26 22:00:00+00:00,109467.22,109604.13,109350.02,109556.61,80872567.02
2025-09-26 23:00:00+00:00,109556.61,109681.56,109430.79,109645.1,71638229.56
2025-09-27 00:00:00+00:00,109645.1,109661.2,109476.37,109642.54,97498316.8
2025-09-27 01:00:00+00:00,109642.54,109656.8,109328.11,109429.71,128303103.59
2025-09-27 02:00:00+00:00,109429.71,109471.39,109320.47,109400.82,88674974.73
2025-09-27 03:00:00+00:00,109400.82,109731.6,109380.69,109558.36,143924000.39
2025-09-27 04:00:00+00:00,109558.36,109735.99,109518.51,109651.1,106567851.78
2025-09-27 05:00:00+00:00,109651.1,109683.04,109592.77,109634.57,48679510.96
2025-09-27 06:00:00+00:00,109634.57,109634.76,109482.8,109539.05,63561892.64
2025-09-27 07:00:00+00:00,109539.05,109564.91,109337.03,109408.05,87901937.47
2025-09-27 08:00:00+00:00,109408.05,109408.05,109257.09,109257.24,120357970.98
2025-09-27 09:00:00+00:00,109257.24,109350.18,109071.57,109300.24,138092870.14
2025-09-27 10:00:00+00:00,109300.24,109478.95,109263.09,109434.18,120544720.77
2025-09-27 11:00:00+00:00,109434.18,109439.86,109288.09,109312.76,63121041.38
2025-09-27 12:00:00+00:00,109312.76,109479.96,109244.01,109404.54,110146459.82
2025-09-27 13:00:00+00:00,109404.54,109408.32,109301.35,109313.96,95350877.95
2025-09-27 14:00:00+00:00,109313.96,109391.61,109256.57,109288.73,79150748.39
2025-09-27 15:00:00+00:00,109288.73,109426.01,109195.01,109396.36,129009902.4
2025-09-27 16:00:00+00:00,109396.36,109422.29,109312.19,109387.16,94090403.2
2025-09-27 17:00:00+00:00,109387.16,109414.65,109242.77,109383.02,120219696.39
2025-09-27 18:00:00+00:00,109383.02,109439.01,109345.99,109431.04,69990732.27
2025-09-27 19:00:00+00:00,109431.04,109438.92,109382.74,109422.56,34310871.4
2025-09-27 20:00:00+00:00,109422.56,109434.71,109359.13,109390.49,29317472.47
2025-09-27 21:00:00+00:00,109390.49,109479.95,109390.15,109471.31,51485088.09
2025-09-27 22:00:00+00:00,109471.31,109699.05,109471.27,109601.91,104351691.44
2025-09-27 23:00:00+00:00,109601.91,109677.24,109459.52,109630.7,67876929.64
2025-09-28 00:00:00+00:00,109630.7,109787.22,109549.51,109611.31,141329854.65
2025-09-28 01:00:00+00:00,109611.31,109656.19,109334.33,109354.55,167363318.28
2025-09-28 02:00:00+00:00,109354.55,109538.21,109349.25,109448.17,81246023.23
2025-09-28 03:00:00+00:00,109448.17,109532.48,109411.61,109440.17,52013858.39
2025-09-28 04:00:00+00:00,109440.17,109484.18,109367.29,109372.29,35237190.25
2025-09-28 05:00:00+00:00,109372.29,109401.43,109356.62,109357.48,38453624.97
2025-09-28 06:00:00+00:00,109357.48,109452.97,109262.58,109412.54,67855761.55
2025-09-28 07:00:00+00:00,109412.54,109538.77,109352.76,109515.34,59429673.46
2025-09-28 08:00:00+00:00,109515.34,109584.34,109427.69,109510.75,94773727.64
2025-09-28 09:00:00+00:00,109510.75,109560.22,109329.38,109521.38,103064373.53
2025-09-28 10:00:00+00:00,109521.38,109521.46,109365.29,109368.77,71775027.09
2025-09-28 11:00:00+00:00,109368.77,109447.12,109247.61,109375.48,103482597.29
2025-09-28 12:00:00+00:00,109375.48,109446.59,109198.33,109316.77,158163054.21
2025-09-28 13:00:00+00:00,109316.77,109669.88,109316.72,109633.71,167863774.85
2025-09-28 14:00:00+00:00,109633.71,109882.7,109509.18,109849.37,158786413.09
2025-09-28 15:00:00+00:00,109849.37,110032.31,109710.95,110032.31,185792410.63
2025-09-28 16:00:00+00:00,110032.31,110386.97,110011.95,110223.82,194323669.27
2025-09-28 17:00:00+00:00,110223.82,110373.74,110130.85,110209.63,176478689.89
2025-09-28 18:00:00+00:00,110209.63,110292.62,110066.73,110292.62,80480085.8
2025-09-28 19:00:00+00:00,110292.62,110386.09,110121.98,110332.99,67311895.91
2025-09-28 20:00:00+00:00,110332.99,110944.05,110294.09,110809.14,184687981.84
2025-09-28 21:00:00+00:00,110809.14,110895.14,110637.78,110832.79,98237775.05
2025-09-28 22:00:00+00:00,110832.79,112019.29,110832.78,111934.12,430037147.98
2025-09-28 23:00:00+00:00,111934.12,112345.26,111934.07,112165.14,341148337.38
2025-09-29 00:00:00+00:00,112165.14,112309.52,111988.21,112258.03,275041438.34
2025-09-29 01:00:00+00:00,112258.03,112308.87,111728.84,111855.48,275837957.55
2025-09-29 02:00:00+00:00,111855.48,112021.68,111629.63,111749.19,268244590.65
2025-09-29 03:00:00+00:00,111749.19,111862.86,111587.61,111862.8,196240736.88
2025-09-29 04:00:00+00:00,111862.8,111902.97,111751.66,111812.06,156425048.71
2025-09-29 05:00:00+00:00,111812.06,111817.02,111574.29,111753.19,160332442.92
2025-09-29 06:00:00+00:00,111753.19,111855.05,111630.6,111644.02,167333734.95
2025-09-29 07:00:00+00:00,111644.02,111865.31,111563.46,111864.9,261327300.13
2025-09-29 08:00:00+00:00,111864.9,112429.84,111864.55,112101.1,481556307.61
2025-09-29 09:00:00+00:00,112101.1,112217.24,111994.4,112108.88,228233592.29
2025-09-29 10:00:00+00:00,112108.88,112232.75,112027.76,112094.23,199114673.08
2025-09-29 11:00:00+00:00,112094.23,112115.95,111923.77,112105.14,187688738.38
2025-09-29 12:00:00+00:00,112105.14,112506.93,111942.33,112023.71,282334982.32
2025-09-29 13:00:00+00:00,112023.71,113485.74,111908.0,113226.08,754974701.61
2025-09-29 14:00:00+00:00,113226.08,114233.92,113213.44,114031.79,672619913.44
2025-09-29 15:00:00+00:00,114031.79,114120.87,113690.27,113816.35,324827198.4
2025-09-29 16:00:00+00:00,113816.35,114058.02,113606.87,113629.93,258284081.42
2025-09-29 17:00:00+00:00,113629.93,114159.83,113456.15,114051.59,312524571.25
2025-09-29 18:00:00+00:00,114051.59,114145.31,113867.12,114012.9,171725515.24
2025-09-29 19:00:00+00:00,114012.9,114386.61,113851.89,114263.71,280541617.69
2025-09-29 20:00:00+00:00,114263.71,114403.71,114123.26,114259.47,251196507.24
2025-09-29 21:00:00+00:00,114259.47,114329.72,114095.71,114177.04,118283375.4
2025-09-29 22:00:00+00:00,114177.04,114209.28,114021.31,114189.03,109726951.43
2025-09-29 23:00:00+00:00,114189.03,114392.04,114189.02,114310.95,139371496.17
2025-09-30 00:00:00+00:00,114310.95,114750.06,114040.91,114520.47,392164571.3
2025-09-30 01:00:00+00:00,114520.47,114780.81,114271.54,114499.34,362685333.9
2025-09-30 02:00:00+00:00,114499.34,114586.59,114362.57,114454.9,212707497.91
2025-09-30 03:00:00+00:00,114454.9,114515.92,114303.72,114372.18,157636635.81
2025-09-30 04:00:00+00:00,114372.18,114372.27,114093.07,114093.08,150786942.47
2025-09-30 05:00:00+00:00,114093.08,114206.75,113835.53,113903.83,349150696.69
2025-09-30 06:00:00+00:00,113903.83,114082.1,113841.22,113889.32,258029997.45
2025-09-30 07:00:00+00:00,113889.32,113989.47,113590.43,113704.16,294241171.95
2025-09-30 08:00:00+00:00,113704.16,113742.24,113354.62,113452.07,262982832.22
2025-09-30 09:00:00+00:00,113452.07,113452.44,112741.25,112784.0,342473825.07
2025-09-30 10:00:00+00:00,112784.0,113084.47,112661.65,112920.14,265004803.66
2025-09-30 11:00:00+00:00,112920.14,113130.77,112809.19,113054.87,179006422.41
2025-09-30 12:00:00+00:00,113054.87,113247.93,112986.43,112999.67,161433798.92
2025-09-30 13:00:00+00:00,112999.67,113673.75,112859.79,113396.68,441426760.99
2025-09-30 14:00:00+00:00,113396.68,113629.66,112901.3,113594.83,423331253.6
2025-09-30 15:00:00+00:00,113594.83,113597.19,112922.49,113106.09,341875975.81
2025-09-30 16:00:00+00:00,113106.09,113282.91,112798.4,112844.73,184400206.43
2025-09-30 17:00:00+00:00,112844.73,113509.63,112819.21,113245.11,318464153.8
2025-09-30 18:00:00+00:00,113245.11,113711.62,113179.88,113711.6,183105869.78
2025-09-30 19:00:00+00:00,113711.6,114569.86,113707.41,114358.66,405264381.76
2025-09-30 20:00:00+00:00,114358.66,114720.38,114119.7,114628.7,256215774.93
2025-09-30 21:00:00+00:00,114628.7,114761.95,114140.21,114166.69,218684520.23
2025-09-30 22:00:00+00:00,114166.69,114358.26,113885.94,113939.08,157621628.54
2025-09-30 23:00:00+00:00,113939.08,114044.95,113766.65,114044.95,132945034.91
2025-10-01 00:00:00+00:00,114044.95,114298.25,113964.98,114237.7,165993171.23
2025-10-01 01:00:00+00:00,114237.7,114548.29,114143.85,114548.29,193937519.8
2025-10-01 02:00:00+00:00,114548.29,114548.95,114272.94,114275.04,155080139.14
2025-10-01 03:00:00+00:00,114275.04,114526.89,114103.95,114177.89,189048026.95
2025-10-01 04:00:00+00:00,114177.89,114702.27,114153.21,114287.41,202497360.69
2025-10-01 05:00:00+00:00,114287.41,114740.89,114267.5,114567.34,187591642.24
2025-10-01 06:00:00+00:00,114567.34,114627.84,114229.45,114266.93,177040686.75
2025-10-01 07:00:00+00:00,114266.93,114584.07,114250.62,114541.72,179582621.2
2025-10-01 08:00:00+00:00,114541.72,116536.82,114485.07,116112.55,798807325.01
2025-10-01 09:00:00+00:00,116112.55,116527.11,115950.55,116414.15,299442250.0
2025-10-01 10:00:00+00:00,116414.15,116552.75,116204.86,116274.43,160521531.95
2025-10-01 11:00:00+00:00,116274.43,116788.54,116267.54,116785.68,172411219.05
2025-10-01 12:00:00+00:00,116785.68,116885.29,116358.64,116403.19,300974555.82
2025-10-01 13:00:00+00:00,116403.19,116826.18,116402.81,116809.25,408909843.98
2025-10-01 14:00:00+00:00,116809.25,117426.95,116710.6,117296.91,624661632.37
2025-10-01 15:00:00+00:00,117296.91,117653.09,117091.44,117420.55,361090135.21
2025-10-01 16:00:00+00:00,117420.55,118195.89,117318.45,117537.08,762392041.15
2025-10-01 17:00:00+00:00,117537.08,117680.97,116725.81,116772.27,356584899.2
2025-10-01 18:00:00+00:00,116772.27,117333.37,116771.6,117234.57,313486053.54
2025-10-01 19:00:00+00:00,117234.57,117616.19,117214.53,117436.69,279578243.6
2025-10-01 20:00:00+00:00,117436.69,117536.49,117165.24,117534.35,175477388.43
2025-10-01 21:00:00+00:00,117534.35,117583.14,117341.66,117555.39,91447021.62
2025-10-01 22:00:00+00:00,117555.39,118077.77,117555.36,117747.06,231028812.08
2025-10-01 23:00:00+00:00,117747.06,118641.15,117687.46,118590.47,435709459.62
2025-10-02 00:00:00+00:00,118590.47,119443.98,118406.78,118432.27,753405425.44
2025-10-02 01:00:00+00:00,118432.27,118893.28,118373.51,118622.74,291343285.92
2025-10-02 02:00:00+00:00,118622.74,118781.15,118477.04,118748.71,328841962.73
2025-10-02 03:00:00+00:00,118748.71,119060.65,118693.37,118734.3,296257002.45
2025-10-02 04:00:00+00:00,118734.3,118930.03,118429.41,118661.67,201990882.11
2025-10-02 05:00:00+00:00,118661.67,118678.2,118281.22,118374.29,200668368.63
2025-10-02 06:00:00+00:00,118374.29,118672.53,118299.88,118649.69,176421034.52
2025-10-02 07:00:00+00:00,118649.69,118672.54,118425.93,118489.28,179786110.43
2025-10-02 08:00:00+00:00,118489.28,118678.2,118356.75,118667.86,139700841.23
2025-10-02 09:00:00+00:00,118667.86,118855.56,118565.72,118855.55,151380003.29
2025-10-02 10:00:00+00:00,118855.55,118923.1,118571.91,118619.24,190670060.18
2025-10-02 11:00:00+00:00,118619.24,118891.15,118537.34,118765.85,164210021.68
2025-10-02 12:00:00+00:00,118765.85,119407.3,118744.71,119407.29,325056867.01
2025-10-02 13:00:00+00:00,119407.29,119764.13,118930.74,119624.55,689583721.11
2025-10-02 14:00:00+00:00,119624.55,119793.24,118663.29,118817.47,582706067.31
2025-10-02 15:00:00+00:00,118817.47,119922.17,118519.42,119922.12,608068103.07
2025-10-02 16:00:00+00:00,119922.12,120296.18,119606.77,119730.76,653895816.91
2025-10-02 17:00:00+00:00,119730.76,119952.41,119361.06,119917.28,334269386.35
2025-10-02 18:00:00+00:00,119917.28,120665.44,119909.8,120511.57,465850519.34
2025-10-02 19:00:00+00:00,120511.57,121024.85,120449.13,120836.63,581372383.17
2025-10-02 20:00:00+00:00,120836.63,120914.91,120307.85,120645.98,313566158.75
2025-10-02 21:00:00+00:00,120645.98,120761.62,120143.36,120147.03,185370093.62
2025-10-02 22:00:00+00:00,120147.03,120413.15,120074.08,120254.83,163076427.0
2025-10-02 23:00:00+00:00,120254.83,120673.45,120249.15,120531.94,224830425.31
2025-10-03 00:00:00+00:00,120531.94,120550.6,120082.93,120133.03,251760264.82
2025-10-03 01:00:00+00:00,120133.03,120293.15,119827.61,119878.95,226817161.06
2025-10-03 02:00:00+00:00,119878.95,120268.41,119870.15,120161.21,197887057.58
2025-10-03 03:00:00+00:00,120161.21,120474.07,120158.98,120230.34,216839382.56
2025-10-03 04:00:00+00:00,120230.34,120323.82,120010.04,120045.03,126228216.66
2025-10-03 05:00:00+00:00,120045.03,120070.63,119757.94,119924.53,191684590.48
2025-10-03 06:00:00+00:00,119924.53,120075.61,119775.32,119916.82,180105231.46
2025-10-03 07:00:00+00:00,119916.82,120015.24,119619.14,119643.37,414543673.23
2025-10-03 08:00:00+00:00,119643.37,120074.65,119250.45,120043.26,401477067.74
2025-10-03 09:00:00+00:00,120043.26,120361.39,120013.46,120302.23,341046482.66
2025-10-03 10:00:00+00:00,120302.23,120512.51,120270.61,120431.07,249868471.56
2025-10-03 11:00:00+00:00,120431.07,120467.29,120133.84,120337.64,179190863.65
2025-10-03 12:00:00+00:00,120337.64,120399.98,120099.95,120359.1,226915319.85
2025-10-03 13:00:00+00:00,120359.1,120689.64,120116.62,120378.23,455612681.07
2025-10-03 14:00:00+00:00,120378.23,120981.85,119886.59,120920.79,561835117.61
2025-10-03 15:00:00+00:00,120920.79,122367.26,120649.21,122269.44,881191179.85
2025-10-03 16:00:00+00:00,122269.44,123895.25,122269.44,122552.86,1613468583.11
2025-10-03 17:00:00+00:00,122552.86,123111.02,121607.77,122073.29,1322469164.43
2025-10-03 18:00:00+00:00,122073.29,122731.32,121477.39,122543.38,563478729.23
2025-10-03 19:00:00+00:00,122543.38,122960.02,122359.62,122662.8,332106087.27
2025-10-03 20:00:00+00:00,122662.8,122729.76,122039.58,122448.72,272148885.38
2025-10-03 21:00:00+00:00,122448.72,122453.85,122008.6,122309.79,157307429.67
2025-10-03 22:00:00+00:00,122309.79,122664.47,122309.79,122477.12,97448366.2
2025-10-03 23:00:00+00:00,122477.12,122477.47,122181.02,122229.36,97977835.94
2025-10-04 00:00:00+00:00,122229.36,122292.03,121988.42,122102.92,186550402.87
2025-10-04 01:00:00+00:00,122102.92,122109.97,121701.05,121863.35,191099658.09
2025-10-04 02:00:00+00:00,121863.35,122033.66,121684.99,121854.54,197718970.46
2025-10-04 03:00:00+00:00,121854.54,122328.37,121833.84,122242.87,159852260.06
2025-10-04 04:00:00+00:00,122242.87,122527.1,122224.01,122497.76,145053298.62
2025-10-04 05:00:00+00:00,122497.76,122801.73,122406.63,122526.27,211282073.16
2025-10-04 06:00:00+00:00,122526.27,122606.41,122384.28,122437.42,145260236.52
2025-10-04 07:00:00+00:00,122437.42,122456.29,122262.08,122321.23,228497000.06
2025-10-04 08:00:00+00:00,122321.23,122535.44,122200.92,122274.06,242681703.44
2025-10-04 09:00:00+00:00,122274.06,122455.39,122190.79,122215.0,91303520.15
2025-10-04 10:00:00+00:00,122215.0,122335.66,122110.42,122130.26,88188983.47
2025-10-04 11:00:00+00:00,122130.26,122218.9,121966.77,121978.49,129565209.76
2025-10-04 12:00:00+00:00,121978.49,122107.16,121954.05,122011.82,89984292.0
2025-10-04 13:00:00+00:00,122011.82,122507.69,122009.73,122387.36,186988645.81
2025-10-04 14:00:00+00:00,122387.36,122460.26,122002.57,122002.57,113852508.78
2025-10-04 15:00:00+00:00,122002.57,122136.9,121706.76,121790.14,276176117.88
2025-10-04 16:00:00+00:00,121790.14,121964.66,121598.61,121722.26,266958906.92
2025-10-04 17:00:00+00:00,121722.26,121915.19,121667.39,121747.91,112499483.19
2025-10-04 18:00:00+00:00,121747.91,121833.24,121518.47,121580.09,110297917.28
2025-10-04 19:00:00+00:00,121580.09,121966.92,121580.09,121966.92,92970788.36
2025-10-04 20:00:00+00:00,121966.92,122086.12,121892.71,121892.71,101375908.93
2025-10-04 21:00:00+00:00,121892.71,122347.31,121874.57,122194.99,117921459.07
2025-10-04 22:00:00+00:00,122194.99,122364.82,122145.09,122287.16,82018487.34
2025-10-04 23:00:00+00:00,122287.16,122415.69,122212.62,122390.67,63648312.42
2025-10-05 00:00:00+00:00,122390.67,122415.53,122159.65,122159.65,76199030.67
2025-10-05 01:00:00+00:00,122159.65,122412.65,122136.31,122376.94,102987203.37
2025-10-05 02:00:00+00:00,122376.94,124342.28,122340.66,124034.33,974377654.34
2025-10-05 03:00:00+00:00,124034.33,124163.86,123345.17,123775.97,487824580.69
2025-10-05 04:00:00+00:00,123775.97,125685.48,123738.82,125178.09,1111659001.47
2025-10-05 05:00:00+00:00,125178.09,125431.35,124879.47,125124.33,736294464.26
2025-10-05 06:00:00+00:00,125124.33,125221.75,124802.67,124997.97,335938590.61
2025-10-05 07:00:00+00:00,124997.97,125155.88,124625.26,124713.12,405299712.52
2025-10-05 08:00:00+00:00,124713.12,124843.84,124554.87,124597.79,242647958.61
2025-10-05 09:00:00+00:00,124597.79,124666.02,122792.39,123021.77,960300966.63
2025-10-05 10:00:00+00:00,123021.77,123132.19,122528.54,123031.67,415316383.81
2025-10-05 11:00:00+00:00,123031.67,123542.73,122855.23,123470.94,299358100.48
2025-10-05 12:00:00+00:00,123470.94,123470.97,122938.08,123090.42,258394839.63
2025-10-05 13:00:00+00:00,123090.42,123350.11,123076.39,123166.24,215271734.94
2025-10-05 14:00:00+00:00,123166.24,123337.57,122778.36,123039.53,224602650.49
2025-10-05 15:00:00+00:00,123039.53,123039.55,122681.07,122808.19,161193191.83
2025-10-05 16:00:00+00:00,122808.19,123345.63,122351.2,123269.92,390919898.77
2025-10-05 17:00:00+00:00,123269.92,123466.5,122902.91,123064.0,202268181.68
2025-10-05 18:00:00+00:00,123064.0,123220.92,122870.86,123007.68,296655102.7
2025-10-05 19:00:00+00:00,123007.68,123026.83,122513.31,122597.58,170697647.64
2025-10-05 20:00:00+00:00,122597.58,123059.42,122480.82,122715.99,154961462.76
2025-10-05 21:00:00+00:00,122715.99,122798.57,122497.43,122736.23,108271051.08
2025-10-05 22:00:00+00:00,122736.23,123280.85,122736.23,123243.26,165078574.05
2025-10-05 23:00:00+00:00,123243.26,123546.69,123224.6,123483.28,200043215.46
2025-10-06 00:00:00+00:00,123483.28,124362.82,123088.02,123354.02,587306699.24
2025-10-06 01:00:00+00:00,123354.02,124233.07,123199.7,124034.27,374981134.02
2025-10-06 02:00:00+00:00,124034.27,124238.62,123481.71,124119.11,339693583.0
2025-10-06 03:00:00+00:00,124119.11,124127.47,123747.53,123844.01,163340883.64
2025-10-06 04:00:00+00:00,123844.01,123990.15,123572.78,123580.01,144754793.41
2025-10-06 05:00:00+00:00,123580.01,123747.1,123294.05,123581.76,271909387.23
2025-10-06 06:00:00+00:00,123581.76,124166.84,123581.68,123952.88,238040646.87
2025-10-06 07:00:00+00:00,123952.88,124034.34,123284.51,123392.7,358915050.47
2025-10-06 08:00:00+00:00,123392.7,123878.75,123391.57,123848.87,245376786.49
2025-10-06 09:00:00+00:00,123848.87,124063.52,123785.82,123957.34,261541347.03
2025-10-06 10:00:00+00:00,123957.34,124148.23,123904.78,123976.53,171435695.81
2025-10-06 11:00:00+00:00,123976.53,124527.57,123739.55,124220.12,356568818.29
2025-10-06 12:00:00+00:00,124220.12,124686.04,124181.98,124558.9,348142369.37
2025-10-06 13:00:00+00:00,124558.9,125070.12,124398.65,125036.57,623157004.83
2025-10-06 14:00:00+00:00,125036.57,125337.71,124354.47,124525.19,665485185.9
2025-10-06 15:00:00+00:00,124525.19,125417.71,124516.94,125001.02,384001916.59
2025-10-06 16:00:00+00:00,125001.02,125495.14,124804.71,125465.48,345381457.7
2025-10-06 17:00:00+00:00,125465.48,125827.36,125128.87,125290.0,575243181.92
2025-10-06 18:00:00+00:00,125290.0,126195.85,125045.55,126011.54,474148287.96
2025-10-06 19:00:00+00:00,126011.54,126126.03,125246.39,125408.4,549675585.62
2025-10-06 20:00:00+00:00,125408.4,125534.19,125030.9,125210.63,227306277.07
2025-10-06 21:00:00+00:00,125210.63,125271.76,124527.75,125102.42,318727180.52
2025-10-06 22:00:00+00:00,125102.42,125287.98,124782.32,125039.79,173126504.2
2025-10-06 23:00:00+00:00,125039.79,125097.49,124639.5,124652.09,150844034.54
2025-10-07 00:00:00+00:00,124652.09,124918.67,124601.97,124896.97,215303199.91
2025-10-07 01:00:00+00:00,124896.97,125076.75,124448.15,124701.61,237867717.41
2025-10-07 02:00:00+00:00,124701.61,124701.75,124158.49,124264.87,258841301.36
2025-10-07 03:00:00+00:00,124264.87,124564.61,124102.79,124328.19,192332811.75
2025-10-07 04:00:00+00:00,124328.19,124654.05,124113.82,124501.65,189918131.86
2025-10-07 05:00:00+00:00,124501.65,124637.15,124244.82,124405.22,188905434.83
2025-10-07 06:00:00+00:00,124405.22,124461.27,123800.85,123896.89,325912404.52
2025-10-07 07:00:00+00:00,123896.89,124043.27,123573.3,123670.15,264574095.61
2025-10-07 08:00:00+00:00,123670.15,123993.4,123324.79,123859.94,379869108.55
2025-10-07 09:00:00+00:00,123859.94,124247.82,123857.52,124114.91,233208168.11
2025-10-07 10:00:00+00:00,124114.91,124408.85,124020.3,124282.83,174225126.38
2025-10-07 11:00:00+00:00,124282.83,124511.53,124183.3,124453.73,192974407.76
2025-10-07 12:00:00+00:00,124453.73,125123.71,124340.36,124914.64,307734803.3
2025-10-07 13:00:00+00:00,124914.64,125046.28,123433.98,123894.23,724513019.22
2025-10-07 14:00:00+00:00,123894.23,123996.98,122576.35,122732.33,865572362.85
2025-10-07 15:00:00+00:00,122732.33,122871.27,121214.95,121850.04,1244112091.09
2025-10-07 16:00:00+00:00,121850.04,122096.86,120838.43,121693.63,842142064.19
2025-10-07 17:00:00+00:00,121693.63,121837.52,121105.39,121139.04,444956580.18
2025-10-07 18:00:00+00:00,121139.04,121310.18,120593.77,120895.17,536179664.1
2025-10-07 19:00:00+00:00,120895.17,122019.43,120870.92,121639.43,487806460.75
2025-10-07 20:00:00+00:00,121639.43,122196.19,121639.43,121947.45,219074525.23
2025-10-07 21:00:00+00:00,121947.45,122292.89,121776.06,122009.96,184756140.67
2025-10-07 22:00:00+00:00,122009.96,122175.66,121801.05,122013.04,162516456.02
2025-10-07 23:00:00+00:00,122013.04,122019.29,121292.83,121339.96,252046572.15
2025-10-08 00:00:00+00:00,121339.96,122085.55,121275.21,121912.7,335752031.81
2025-10-08 01:00:00+00:00,121912.7,122050.63,121605.22,121952.5,289942960.01
2025-10-08 02:00:00+00:00,121952.5,122229.61,121826.55,122046.82,225313671.59
2025-10-08 03:00:00+00:00,122046.82,122046.83,121217.54,121372.7,272751571.04
2025-10-08 04:00:00+00:00,121372.7,121908.22,121081.31,121901.13,255341942.38
2025-10-08 05:00:00+00:00,121901.13,121901.74,121175.08,121373.94,265768208.71
2025-10-08 06:00:00+00:00,121373.94,121842.72,121072.01,121783.65,225426215.49
2025-10-08 07:00:00+00:00,121783.65,121874.57,121317.27,121593.59,312955480.82
2025-10-08 08:00:00+00:00,121593.59,122854.47,121524.7,122382.49,509287850.27
2025-10-08 09:00:00+00:00,122382.49,122639.35,122379.89,122518.11,235590010.33
2025-10-08 10:00:00+00:00,122518.11,123097.15,122499.45,122939.69,303516782.61
2025-10-08 11:00:00+00:00,122939.69,123192.98,122748.85,122885.02,266311749.12
2025-10-08 12:00:00+00:00,122885.02,123068.85,122538.39,122625.77,216530830.94
2025-10-08 13:00:00+00:00,122625.77,122771.05,121666.38,122609.99,447409054.26
2025-10-08 14:00:00+00:00,122609.99,123320.12,122111.88,122322.02,634266112.98
2025-10-08 15:00:00+00:00,122322.02,122620.63,121958.69,122194.0,303007676.54
2025-10-08 16:00:00+00:00,122194.0,123120.98,122115.83,123049.2,282204801.13
2025-10-08 17:00:00+00:00,123049.2,124161.87,122963.07,124035.4,572362793.91
2025-10-08 18:00:00+00:00,124035.4,124143.75,123413.01,123449.46,428630226.42
2025-10-08 19:00:00+00:00,123449.46,123755.97,123161.49,123448.16,374088507.65
2025-10-08 20:00:00+00:00,123448.16,123723.34,122822.26,122855.07,347141086.74
2025-10-08 21:00:00+00:00,122855.07,123324.78,122826.95,123276.44,150968990.94
2025-10-08 22:00:00+00:00,123276.44,123415.13,123205.07,123205.07,62211041.75
2025-10-08 23:00:00+00:00,123205.07,123530.39,123057.89,123306.9,110176271.21
2025-10-09 00:00:00+00:00,123306.9,123343.69,122841.91,122841.91,154670323.79
2025-10-09 01:00:00+00:00,122841.91,122856.62,122338.46,122550.75,261225307.35
2025-10-09 02:00:00+00:00,122550.75,122550.78,121480.67,121616.72,346687071.1
2025-10-09 03:00:00+00:00,121616.72,122115.45,121611.48,122036.5,211378757.56
2025-10-09 04:00:00+00:00,122036.5,122262.66,121900.25,122143.84,143670516.19
2025-10-09 05:00:00+00:00,122143.84,122195.76,121835.03,122112.03,164413811.41
2025-10-09 06:00:00+00:00,122112.03,122184.4,121887.99,121958.14,135447385.28
2025-10-09 07:00:00+00:00,121958.14,122061.21,121730.02,121903.04,163278422.46
2025-10-09 08:00:00+00:00,121903.04,121958.27,121151.5,121263.59,387224640.26
2025-10-09 09:00:00+00:00,121263.59,121846.98,121263.59,121812.96,220030557.43
2025-10-09 10:00:00+00:00,121812.96,122326.93,121658.8,122167.61,204699607.77
2025-10-09 11:00:00+00:00,122167.61,122829.28,122167.3,122734.2,250468192.94
2025-10-09 12:00:00+00:00,122734.2,123750.72,122715.76,123557.76,507193315.65
2025-10-09 13:00:00+00:00,123557.76,123627.1,122287.42,122409.66,603794475.47
2025-10-09 14:00:00+00:00,122409.66,122598.45,120764.19,121320.78,1086210740.11
2025-10-09 15:00:00+00:00,121320.78,121729.2,120696.69,121156.72,525786158.15
2025-10-09 16:00:00+00:00,121156.72,121482.68,119725.26,119830.11,836926990.39
2025-10-09 17:00:00+00:00,119830.11,121019.31,119685.72,120978.22,642788821.06
2025-10-09 18:00:00+00:00,120978.22,121093.66,120396.72,120658.55,375552422.65
2025-10-09 19:00:00+00:00,120658.55,121111.75,120657.68,120954.16,223728173.77
2025-10-09 20:00:00+00:00,120954.16,121195.05,120846.17,121106.07,205750048.18
2025-10-09 21:00:00+00:00,121106.07,121508.14,121065.95,121462.64,151520985.25
2025-10-09 22:00:00+00:00,121462.64,121768.86,121407.59,121689.65,141029572.67
2025-10-09 23:00:00+00:00,121689.65,121759.03,121346.77,121652.13,238906825.82
2025-10-10 00:00:00+00:00,121652.13,121862.17,121597.2,121748.5,131135392.18
2025-10-10 01:00:00+00:00,121748.5,121876.29,121490.71,121632.98,148579651.03
2025-10-10 02:00:00+00:00,121632.98,121646.67,120910.3,121065.93,322613896.54
2025-10-10 03:00:00+00:00,121065.93,121575.68,120918.1,121036.84,245855579.63
2025-10-10 04:00:00+00:00,121036.84,121391.7,121031.56,121242.45,190450156.43
2025-10-10 05:00:00+00:00,121242.45,121601.71,120993.65,121586.44,176571618.45
2025-10-10 06:00:00+00:00,121586.44,121758.5,121262.47,121378.22,263794091.92
2025-10-10 07:00:00+00:00,121378.22,121391.07,120867.73,120931.65,384155467.5
2025-10-10 08:00:00+00:00,120931.65,121654.56,120925.14,121627.97,206445683.7
2025-10-10 09:00:00+00:00,121627.97,121780.54,121274.49,121311.63,214880776.42
2025-10-10 10:00:00+00:00,121311.63,121538.69,121228.51,121497.93,126797766.52
2025-10-10 11:00:00+00:00,121497.93,121658.42,121423.15,121558.17,130576302.4
2025-10-10 12:00:00+00:00,121558.17,121685.58,121426.34,121598.28,156708568.08
2025-10-10 13:00:00+00:00,121598.28,122522.24,121389.91,121683.51,676215922.51
2025-10-10 14:00:00+00:00,121683.51,122067.64,120554.29,120554.3,616930500.75
2025-10-10 15:00:00+00:00,120554.3,120623.88,118567.88,119018.48,1801063619.19
2025-10-10 16:00:00+00:00,119018.48,119432.78,118204.99,118204.99,848208955.18
2025-10-10 17:00:00+00:00,118204.99,118426.52,117581.91,117629.41,943139374.99
2025-10-10 18:00:00+00:00,117629.41,117851.98,117230.64,117230.69,605040338.11
2025-10-10 19:00:00+00:00,117230.69,117337.55,115963.25,116660.06,1028077488.35
2025-10-10 20:00:00+00:00,116660.06,117196.92,114211.54,114520.05,1262138252.17
2025-10-10 21:00:00+00:00,114520.05,114893.16,105386.03,113341.73,4303005723.25
2025-10-10 22:00:00+00:00,113341.73,114025.18,111591.39,113660.22,1861957311.58
2025-10-10 23:00:00+00:00,113660.22,114637.89,112738.42,112769.01,1332785962.21
2025-10-11 00:00:00+00:00,112769.01,113166.44,111616.49,112512.0,1057442080.93
2025-10-11 01:00:00+00:00,112512.0,112521.25,111004.98,111075.09,1051513967.77
2025-10-11 02:00:00+00:00,111075.09,113269.13,111058.71,113188.28,900921070.7
2025-10-11 03:00:00+00:00,113188.28,113313.27,111714.62,112253.13,704571757.42
2025-10-11 04:00:00+00:00,112253.13,112955.08,111686.92,112930.6,336816036.08
2025-10-11 05:00:00+00:00,112930.6,112930.6,111994.81,112379.12,351010852.23
2025-10-11 06:00:00+00:00,112379.12,112749.91,112005.13,112042.65,310550234.57
2025-10-11 07:00:00+00:00,112042.65,112087.17,110100.7,110396.36,808571720.13
2025-10-11 08:00:00+00:00,110396.36,111531.04,110166.48,111328.02,462740146.51
2025-10-11 09:00:00+00:00,111328.02,111883.75,111276.8,111637.07,346442803.04
2025-10-11 10:00:00+00:00,111637.07,112246.16,111620.81,112112.39,404472084.48
2025-10-11 11:00:00+00:00,112112.39,112359.03,111696.97,112278.1,291865926.49
2025-10-11 12:00:00+00:00,112278.1,112472.42,112045.12,112378.61,353225530.88
2025-10-11 13:00:00+00:00,112378.61,112506.14,111913.73,112269.09,300564902.21
2025-10-11 14:00:00+00:00,112269.09,112347.47,111881.51,111982.56,311467275.66
2025-10-11 15:00:00+00:00,111982.56,112368.24,111791.64,111791.85,350858163.23
2025-10-11 16:00:00+00:00,111791.85,112087.19,111443.43,111844.75,305731620.11
2025-10-11 17:00:00+00:00,111844.75,112183.88,111718.2,112004.72,216976297.89
2025-10-11 18:00:00+00:00,112004.72,112023.71,111846.02,111956.84,108853182.72
2025-10-11 19:00:00+00:00,111956.84,112014.94,110861.86,111178.39,462390053.66
2025-10-11 20:00:00+00:00,111178.39,111358.25,109673.66,110250.4,655916808.98
2025-10-11 21:00:00+00:00,110250.4,110998.3,109593.79,110896.0,427859489.47
2025-10-11 22:00:00+00:00,110896.0,111288.78,110652.53,111042.6,216209828.67
2025-10-11 23:00:00+00:00,111042.6,111094.76,110645.94,110646.75,236251942.79
2025-10-12 00:00:00+00:00,110646.75,110669.44,109574.58,109646.16,442672612.82
2025-10-12 01:00:00+00:00,109646.16,110313.34,109641.88,109976.32,511454201.54
2025-10-12 02:00:00+00:00,109976.32,110698.03,109599.97,110117.39,478247866.53
2025-10-12 03:00:00+00:00,110117.39,111282.79,110001.38,110680.48,569176165.81
2025-10-12 04:00:00+00:00,110680.48,111942.41,110614.11,111517.56,332956443.96
2025-10-12 05:00:00+00:00,111517.56,111807.64,111186.76,111704.08,209828025.66
2025-10-12 06:00:00+00:00,111704.08,112110.3,111616.36,111684.72,285369799.28
2025-10-12 07:00:00+00:00,111684.72,111931.74,111494.52,111525.23,281268836.61
2025-10-12 08:00:00+00:00,111525.23,111796.57,111300.87,111307.45,210799565.52
2025-10-12 09:00:00+00:00,111307.45,111909.88,111141.49,111831.1,217628974.54
2025-10-12 10:00:00+00:00,111831.1,112018.7,111445.69,111650.21,191305389.15
2025-10-12 11:00:00+00:00,111650.21,112113.38,111477.11,111845.34,290410499.9
2025-10-12 12:00:00+00:00,111845.34,112238.61,111550.55,111784.22,345131494.81
2025-10-12 13:00:00+00:00,111784.22,111934.42,111259.01,111296.0,360960494.96
2025-10-12 14:00:00+00:00,111296.0,112930.51,111180.82,112446.71,910203081.36
2025-10-12 15:00:00+00:00,112446.71,113742.6,112264.66,113200.05,1313608247.85
2025-10-12 16:00:00+00:00,113200.05,114657.49,113200.01,114072.93,1110988303.56
2025-10-12 17:00:00+00:00,114072.93,114463.63,113529.68,113806.57,574833696.09
2025-10-12 18:00:00+00:00,113806.57,114242.15,113557.84,113875.76,286226979.82
2025-10-12 19:00:00+00:00,113875.76,114391.88,113825.32,114341.6,217861212.91
2025-10-12 20:00:00+00:00,114341.6,115451.22,114341.58,114929.41,566657084.43
2025-10-12 21:00:00+00:00,114929.41,115592.25,114248.8,114878.86,500655781.27
2025-10-12 22:00:00+00:00,114878.86,115758.14,114878.84,115224.39,553075491.46
2025-10-12 23:00:00+00:00,115224.39,115351.69,114741.4,114963.82,365076432.65
2025-10-13 00:00:00+00:00,114963.82,115893.28,114781.13,115282.94,531793279.32
2025-10-13 01:00:00+00:00,115282.94,115755.77,115091.09,115709.74,382875556.61
2025-10-13 02:00:00+00:00,115709.74,115947.17,115007.33,115321.98,347769119.7
2025-10-13 03:00:00+00:00,115321.98,115614.43,114624.65,114823.84,289753585.75
2025-10-13 04:00:00+00:00,114823.84,115002.28,114414.79,114704.65,435910766.05
2025-10-13 05:00:00+00:00,114704.65,114835.81,114509.0,114616.54,217489234.51
2025-10-13 06:00:00+00:00,114616.54,115364.3,114427.55,115226.26,271534472.41
2025-10-13 07:00:00+00:00,115226.26,115553.09,115036.2,115395.05,340343946.4
2025-10-13 08:00:00+00:00,115395.05,115436.62,115140.73,115267.71,220063588.31
2025-10-13 09:00:00+00:00,115267.71,115267.82,114769.83,115124.19,257416243.1
2025-10-13 10:00:00+00:00,115124.19,115148.99,114744.27,114820.41,222852020.05
2025-10-13 11:00:00+00:00,114820.41,114820.53,113732.24,114181.28,594296751.34
2025-10-13 12:00:00+00:00,114181.28,114741.74,113937.83,114411.42,412637090.73
2025-10-13 13:00:00+00:00,114411.42,115412.89,114222.98,115349.65,800123652.9
2025-10-13 14:00:00+00:00,115349.65,115460.36,113807.71,114034.08,623424295.54
2025-10-13 15:00:00+00:00,114034.08,114722.57,113985.66,114319.13,408943746.35
2025-10-13 16:00:00+00:00,114319.13,115180.21,114273.88,114668.51,455082796.98
2025-10-13 17:00:00+00:00,114668.51,115023.36,114221.02,115019.19,312769029.68
2025-10-13 18:00:00+00:00,115019.19,115368.36,114714.06,115161.0,350467475.86
2025-10-13 19:00:00+00:00,115161.0,115883.38,115072.31,115795.87,406786812.12
2025-10-13 20:00:00+00:00,115795.87,115871.99,115400.05,115710.6,208571581.14
2025-10-13 21:00:00+00:00,115710.6,115779.63,115557.63,115700.71,191981554.35
2025-10-13 22:00:00+00:00,115700.71,115831.08,115444.86,115507.32,163953361.72
2025-10-13 23:00:00+00:00,115507.32,115508.33,115014.59,115162.55,229790650.1
2025-10-14 00:00:00+00:00,115162.55,115408.62,114874.77,114957.76,267740592.69
2025-10-14 01:00:00+00:00,114957.76,114989.01,114137.6,114267.92,278721886.68
2025-10-14 02:00:00+00:00,114267.92,114289.65,113638.67,113638.67,342567303.32
2025-10-14 03:00:00+00:00,113638.67,113689.91,113277.7,113487.68,438196057.97
2025-10-14 04:00:00+00:00,113487.68,113590.28,112785.95,113059.11,476693604.35
2025-10-14 05:00:00+00:00,113059.11,113680.4,112392.7,112486.44,632455489.51
2025-10-14 06:00:00+00:00,112486.44,112697.86,111486.29,111982.74,599718169.65
2025-10-14 07:00:00+00:00,111982.74,112184.84,111471.32,111722.19,461733645.05
2025-10-14 08:00:00+00:00,111722.19,112138.53,111520.19,111806.14,283831930.98
2025-10-14 09:00:00+00:00,111806.14,111997.86,111059.66,111290.36,272128286.93
2025-10-14 10:00:00+00:00,111290.36,111337.19,110050.53,110628.2,626971594.24
2025-10-14 11:00:00+00:00,110628.2,111626.7,110618.11,111315.69,475316661.01
2025-10-14 12:00:00+00:00,111315.69,111356.75,110741.46,110801.32,418114260.7
2025-10-14 13:00:00+00:00,110801.32,111267.04,109871.36,111016.9,922946095.01
2025-10-14 14:00:00+00:00,111016.9,112197.37,110917.2,111428.75,766008434.57
2025-10-14 15:00:00+00:00,111428.75,112908.33,111064.36,112907.88,692082181.48
2025-10-14 16:00:00+00:00,112907.88,113164.07,112205.97,112333.24,783629666.94
2025-10-14 17:00:00+00:00,112333.24,112939.04,111728.26,112777.78,731200575.24
2025-10-14 18:00:00+00:00,112777.78,113462.01,112665.68,112861.07,532755033.9
2025-10-14 19:00:00+00:00,112861.07,113543.92,112055.47,112613.29,642533291.12
2025-10-14 20:00:00+00:00,112613.29,113001.28,112230.14,112992.31,260251383.29
2025-10-14 21:00:00+00:00,112992.31,113185.56,112695.33,113123.55,191864991.74
2025-10-14 22:00:00+00:00,113123.55,113569.95,112825.42,113207.65,209929736.44
2025-10-14 23:00:00+00:00,113207.65,113516.97,113011.03,113031.93,187276178.85
2025-10-15 00:00:00+00:00,113031.93,113111.61,112606.08,112991.15,330346738.67
2025-10-15 01:00:00+00:00,112991.15,113005.24,112326.41,112733.6,302776080.04
2025-10-15 02:00:00+00:00,112733.6,113611.71,112674.45,112811.89,335468034.2
2025-10-15 03:00:00+00:00,112811.89,112866.52,111819.73,112019.85,388775010.01
2025-10-15 04:00:00+00:00,112019.85,112468.86,111751.39,112342.93,307633127.71
2025-10-15 05:00:00+00:00,112342.93,112657.21,112188.38,112429.99,220557088.86
2025-10-15 06:00:00+00:00,112429.99,112559.33,111898.97,112448.42,251767518.14
2025-10-15 07:00:00+00:00,112448.42,112677.35,112236.51,112580.13,282898358.12
2025-10-15 08:00:00+00:00,112580.13,113513.8,112545.0,112950.88,450815675.02
2025-10-15 09:00:00+00:00,112950.88,113126.01,112386.06,112562.34,293344040.87
2025-10-15 10:00:00+00:00,112562.34,112649.74,112095.38,112264.28,363609147.49
2025-10-15 11:00:00+00:00,112264.28,112604.98,111688.08,111904.39,336724976.24
2025-10-15 12:00:00+00:00,111904.39,112088.45,111397.55,111710.86,387383897.68
2025-10-15 13:00:00+00:00,111710.86,112007.02,110764.8,111393.9,679840055.95
2025-10-15 14:00:00+00:00,111393.9,112233.07,110805.55,111060.94,678848580.41
2025-10-15 15:00:00+00:00,111060.94,111579.74,110387.34,110792.44,684655782.49
2025-10-15 16:00:00+00:00,110792.44,111110.27,110603.17,110743.5,333521421.53
2025-10-15 17:00:00+00:00,110743.5,111182.64,110158.85,111182.61,461973184.4
2025-10-15 18:00:00+00:00,111182.61,111501.34,110823.17,111441.23,220003766.49
2025-10-15 19:00:00+00:00,111441.23,111554.44,111092.45,111271.48,262363397.72
2025-10-15 20:00:00+00:00,111271.48,111556.57,110539.93,111106.21,328804836.62
2025-10-15 21:00:00+00:00,111106.21,111420.73,110501.0,110845.45,303063933.47
2025-10-15 22:00:00+00:00,110845.45,111387.7,110664.07,110664.91,168335143.64
2025-10-15 23:00:00+00:00,110664.91,111001.97,110586.81,110752.17,173108109.57
2025-10-16 00:00:00+00:00,110752.17,110850.61,110358.19,110433.01,276428531.79
2025-10-16 01:00:00+00:00,110433.01,111329.64,110424.83,111297.08,280997746.53
2025-10-16 02:00:00+00:00,111297.08,111550.46,111020.07,111513.42,278890863.6
2025-10-16 03:00:00+00:00,111513.42,111848.48,111272.32,111326.14,254387814.77
2025-10-16 04:00:00+00:00,111326.14,111666.77,110812.55,110972.47,208019187.82
2025-10-16 05:00:00+00:00,110972.47,111465.9,110742.66,110946.67,291970016.94
2025-10-16 06:00:00+00:00,110946.67,111716.9,110925.08,111667.94,218447755.66
2025-10-16 07:00:00+00:00,111667.94,111769.65,110553.29,110576.79,405403312.11
2025-10-16 08:00:00+00:00,110576.79,110897.9,110402.99,110816.48,297561475.72
2025-10-16 09:00:00+00:00,110816.48,111644.98,109634.37,111151.62,861058626.75
2025-10-16 10:00:00+00:00,111151.62,111713.47,111029.73,111473.07,339920820.05
2025-10-16 11:00:00+00:00,111473.07,111559.18,111007.77,111403.14,244545116.99
2025-10-16 12:00:00+00:00,111403.14,111981.54,111338.3,111523.33,360427365.0
2025-10-16 13:00:00+00:00,111523.33,111548.95,110682.85,110867.36,432191891.23
2025-10-16 14:00:00+00:00,110867.36,111422.1,109731.85,110523.43,886512111.21
2025-10-16 15:00:00+00:00,110523.43,110723.3,108371.97,108553.58,1170835416.09
2025-10-16 16:00:00+00:00,108553.58,109254.31,107579.05,109231.38,1226384259.69
2025-10-16 17:00:00+00:00,109231.38,109236.51,108219.96,108273.86,713767182.36
2025-10-16 18:00:00+00:00,108273.86,108653.66,107678.44,108651.42,777372129.1
2025-10-16 19:00:00+00:00,108651.42,108744.95,107686.83,108194.11,753198110.96
2025-10-16 20:00:00+00:00,108194.11,108421.22,107437.73,107838.89,471353767.86
2025-10-16 21:00:00+00:00,107838.89,108457.27,107591.3,108437.03,213766047.24
2025-10-16 22:00:00+00:00,108437.03,108486.84,107779.95,107795.61,163170248.18
2025-10-16 23:00:00+00:00,107795.61,108418.55,107739.42,108191.84,175619022.69
2025-10-17 00:00:00+00:00,108191.84,108835.07,107935.92,108789.25,262099652.47
2025-10-17 01:00:00+00:00,108789.25,109107.52,108508.81,108835.44,249788209.92
2025-10-17 02:00:00+00:00,108835.44,109064.76,108393.34,108972.96,239473915.38
2025-10-17 03:00:00+00:00,108972.96,109228.66,108901.24,109176.96,199902023.59
2025-10-17 04:00:00+00:00,109176.96,109232.71,108789.2,108793.64,170569933.43
2025-10-17 05:00:00+00:00,108793.64,108917.68,108306.73,108381.98,236031480.47
2025-10-17 06:00:00+00:00,108381.98,108511.81,106702.9,106749.05,862568940.17
2025-10-17 07:00:00+00:00,106749.05,106903.88,105531.83,105622.62,1123934162.53
2025-10-17 08:00:00+00:00,105622.62,105697.42,104508.86,104882.32,1220600941.03
2025-10-17 09:00:00+00:00,104882.32,105623.21,104535.3,104535.45,513046984.5
2025-10-17 10:00:00+00:00,104535.45,104907.95,103535.61,104749.08,938580872.11
2025-10-17 11:00:00+00:00,104749.08,106587.11,104678.15,105683.19,922210876.43
2025-10-17 12:00:00+00:00,105683.19,106066.66,105233.17,105351.74,441958411.55
2025-10-17 13:00:00+00:00,105351.74,106164.82,104896.18,105833.64,735195077.49
2025-10-17 14:00:00+00:00,105833.64,105994.66,104543.14,105161.59,836564709.43
2025-10-17 15:00:00+00:00,105161.59,106840.83,105108.26,106799.39,654723435.65
2025-10-17 16:00:00+00:00,106799.39,107549.68,106243.78,106371.71,764885788.19
2025-10-17 17:00:00+00:00,106371.71,106722.1,106073.96,106452.82,348128809.21
2025-10-17 18:00:00+00:00,106452.82,107093.1,106452.79,106645.6,313733868.42
2025-10-17 19:00:00+00:00,106645.6,106886.87,106236.53,106456.16,265232985.93
2025-10-17 20:00:00+00:00,106456.16,107174.37,106349.47,107011.19,187039862.14
2025-10-17 21:00:00+00:00,107011.19,107442.04,107011.19,107302.76,158072186.52
2025-10-17 22:00:00+00:00,107302.76,107417.39,106820.25,106993.24,134990955.65
2025-10-17 23:00:00+00:00,106993.24,106993.36,106387.88,106429.9,123718048.21
2025-10-18 00:00:00+00:00,106429.9,106839.37,106323.38,106837.6,186694048.72
2025-10-18 01:00:00+00:00,106837.6,107300.44,106820.83,107154.71,170682134.75
2025-10-18 02:00:00+00:00,107154.71,107298.75,106499.59,106595.45,261209861.98
2025-10-18 03:00:00+00:00,106595.45,107126.84,106577.07,107073.29,187383124.67
2025-10-18 04:00:00+00:00,107073.29,107076.48,106445.88,106478.47,213449808.78
2025-10-18 05:00:00+00:00,106478.47,106846.76,106478.46,106818.16,114545698.67
2025-10-18 06:00:00+00:00,106818.16,106952.35,106717.46,106855.42,132353012.6
2025-10-18 07:00:00+00:00,106855.42,107497.29,106630.32,106685.75,350289791.88
2025-10-18 08:00:00+00:00,106685.75,106969.59,106623.15,106724.05,251296776.42
2025-10-18 09:00:00+00:00,106724.05,106942.6,106633.24,106890.05,127709114.1
2025-10-18 10:00:00+00:00,106890.05,107148.54,106794.57,106922.03,103239223.64
2025-10-18 11:00:00+00:00,106922.03,107226.85,106774.41,107210.82,108001290.91
2025-10-18 12:00:00+00:00,107210.82,107304.52,106975.65,107068.85,103147184.82
2025-10-18 13:00:00+00:00,107068.85,107097.08,106813.75,106890.49,135658165.97
2025-10-18 14:00:00+00:00,106890.49,107111.55,106737.6,107026.21,191200056.35
2025-10-18 15:00:00+00:00,107026.21,107146.18,106822.74,106948.09,134053823.22
2025-10-18 16:00:00+00:00,106948.09,107059.18,106478.91,106661.42,154798667.97
2025-10-18 17:00:00+00:00,106661.42,106953.57,106569.58,106880.77,104139354.51
2025-10-18 18:00:00+00:00,106880.77,106920.55,106724.05,106843.57,60782907.45
2025-10-18 19:00:00+00:00,106843.57,107090.95,106766.7,107076.0,65795739.78
2025-10-18 20:00:00+00:00,107076.0,107338.41,106999.06,107016.06,110433577.62
2025-10-18 21:00:00+00:00,107016.06,107221.46,106847.66,107174.64,80952428.54
2025-10-18 22:00:00+00:00,107174.64,107283.76,107068.86,107120.21,61693292.37
2025-10-18 23:00:00+00:00,107120.21,107197.79,107008.54,107180.46,51872856.09
2025-10-19 00:00:00+00:00,107180.46,107264.2,106754.59,106894.95,171975392.68
2025-10-19 01:00:00+00:00,106894.95,106988.31,106744.11,106970.54,75850658.43
2025-10-19 02:00:00+00:00,106970.54,106997.75,106811.16,106850.44,65861232.33
2025-10-19 03:00:00+00:00,106850.44,107365.64,106806.58,107270.74,133630304.97
2025-10-19 04:00:00+00:00,107270.74,107285.34,107002.46,107044.53,101123511.51
2025-10-19 05:00:00+00:00,107044.53,107179.7,106805.08,106890.62,119659260.15
2025-10-19 06:00:00+00:00,106890.62,106911.16,106559.33,106775.95,108770136.49
2025-10-19 07:00:00+00:00,106775.95,106915.18,106707.21,106786.63,64910112.02
2025-10-19 08:00:00+00:00,106786.63,107201.46,106288.39,106451.9,349766789.21
2025-10-19 09:00:00+00:00,106451.9,108139.3,106112.78,107400.74,766351654.39
2025-10-19 10:00:00+00:00,107400.74,107881.54,107003.9,107880.94,324418010.93
2025-10-19 11:00:00+00:00,107880.94,108241.39,107638.09,107784.5,348638908.15
2025-10-19 12:00:00+00:00,107784.5,107856.42,107443.66,107593.39,202586524.83
2025-10-19 13:00:00+00:00,107593.39,108227.4,107367.97,108086.5,300541982.3
2025-10-19 14:00:00+00:00,108086.5,108511.35,107888.2,108410.93,390689045.78
2025-10-19 15:00:00+00:00,108410.93,108618.9,108330.65,108483.83,207687416.04
2025-10-19 16:00:00+00:00,108483.83,108968.02,108244.89,108625.79,227971570.92
2025-10-19 17:00:00+00:00,108625.79,109430.12,108617.8,109113.77,306753652.62
2025-10-19 18:00:00+00:00,109113.77,109447.9,109039.8,109385.19,140248304.56
2025-10-19 19:00:00+00:00,109385.19,109385.19,108805.96,108912.64,161868931.16
2025-10-19 20:00:00+00:00,108912.64,108984.22,108812.92,108848.52,137725412.21
2025-10-19 21:00:00+00:00,108848.52,108869.97,108615.34,108743.28,102536137.48
2025-10-19 22:00:00+00:00,108743.28,109364.92,108743.27,109150.76,188774494.82
2025-10-19 23:00:00+00:00,109150.76,109150.78,108472.51,108645.61,168867623.15
2025-10-20 00:00:00+00:00,108645.61,108645.64,107419.9,108055.29,424678754.16
2025-10-20 01:00:00+00:00,108055.29,108283.55,107899.78,108057.81,235911240.05
2025-10-20 02:00:00+00:00,108057.81,108965.79,107854.77,108769.98,272513638.04
2025-10-20 03:00:00+00:00,108769.98,110420.42,108571.41,110142.65,426224589.7
2025-10-20 04:00:00+00:00,110142.65,110528.06,109949.59,110425.35,325132867.48
2025-10-20 05:00:00+00:00,110425.35,111108.2,110293.17,111024.82,384945867.72
2025-10-20 06:00:00+00:00,111024.82,111371.73,110998.18,111294.3,360508498.91
2025-10-20 07:00:00+00:00,111294.3,111420.23,111057.28,111176.36,303045262.9
2025-10-20 08:00:00+00:00,111176.36,111661.45,110952.42,111099.55,323550585.99
2025-10-20 09:00:00+00:00,111099.55,111196.08,110700.45,110971.18,318256784.91
2025-10-20 10:00:00+00:00,110971.18,111103.42,110652.96,110742.79,231022365.91
2025-10-20 11:00:00+00:00,110742.79,111031.78,110624.69,111016.69,230833493.31
2025-10-20 12:00:00+00:00,111016.69,111200.2,110783.48,110848.5,208889935.53
2025-10-20 13:00:00+00:00,110848.5,111212.0,110595.07,111164.17,356466511.58
2025-10-20 14:00:00+00:00,111164.17,111393.62,110739.67,111219.48,346900255.32
2025-10-20 15:00:00+00:00,111219.48,111699.5,111020.37,111147.14,374383378.74
2025-10-20 16:00:00+00:00,111147.14,111308.29,110117.64,110683.94,684019432.56
2025-10-20 17:00:00+00:00,110683.94,111075.38,109859.84,110286.28,398634090.72
2025-10-20 18:00:00+00:00,110286.28,110964.13,110219.95,110936.35,214292798.47
2025-10-20 19:00:00+00:00,110936.35,111065.08,110536.51,110808.87,254526865.6
2025-10-20 20:00:00+00:00,110808.87,111259.78,110662.92,111089.28,204074614.95
2025-10-20 21:00:00+00:00,111089.28,111243.71,110474.27,110564.97,158789353.82
2025-10-20 22:00:00+00:00,110564.97,110867.77,110424.62,110797.85,123028424.94
2025-10-20 23:00:00+00:00,110797.85,110826.64,110529.75,110540.12,136363292.1
2025-10-21 00:00:00+00:00,110540.12,110541.13,110171.74,110455.3,269970669.28
2025-10-21 01:00:00+00:00,110455.3,110490.81,109623.72,109859.91,244344322.48
2025-10-21 02:00:00+00:00,109859.91,109914.25,109315.58,109519.14,305563935.96
2025-10-21 03:00:00+00:00,109519.14,109622.56,109070.29,109072.56,205980330.89
2025-10-21 04:00:00+00:00,109072.56,109072.61,107653.85,107787.98,639052619.43
2025-10-21 05:00:00+00:00,107787.98,107981.32,107479.25,107541.23,436539002.55
2025-10-21 06:00:00+00:00,107541.23,108202.12,107505.5,107911.65,283003209.23
2025-10-21 07:00:00+00:00,107911.65,108196.75,107654.74,108085.65,290585441.07
2025-10-21 08:00:00+00:00,108085.65,108095.61,107485.46,107699.3,264019582.42
2025-10-21 09:00:00+00:00,107699.3,107866.64,107545.37,107749.84,194371196.12
2025-10-21 10:00:00+00:00,107749.84,108815.95,107578.81,108499.97,387312242.1
2025-10-21 11:00:00+00:00,108499.97,108633.3,108171.7,108582.97,229641196.59
2025-10-21 12:00:00+00:00,108582.97,109471.97,108474.08,108790.32,442430229.39
2025-10-21 13:00:00+00:00,108790.32,108902.46,107989.68,108423.75,563143803.59
2025-10-21 14:00:00+00:00,108423.75,112296.85,108410.03,112179.67,1143015182.31
2025-10-21 15:00:00+00:00,112179.67,113555.42,111732.87,113420.98,1213293047.96
2025-10-21 16:00:00+00:00,113420.98,114006.88,112474.59,112557.82,927332934.63
2025-10-21 17:00:00+00:00,112557.82,112999.12,111816.38,112007.47,1358034313.98
2025-10-21 18:00:00+00:00,112007.47,112295.36,111340.95,111992.84,604166731.62
2025-10-21 19:00:00+00:00,111992.84,112196.02,111571.29,111783.87,325385898.15
2025-10-21 20:00:00+00:00,111783.87,111802.43,110609.86,110798.07,481434135.27
2025-10-21 21:00:00+00:00,110798.07,111108.67,110164.22,110827.51,385687639.48
2025-10-21 22:00:00+00:00,110827.51,110827.55,108694.49,109067.37,804959643.52
2025-10-21 23:00:00+00:00,109067.37,109426.18,108092.25,108307.97,503497935.01
2025-10-22 00:00:00+00:00,108307.97,108639.97,107846.19,107986.94,481967895.37
2025-10-22 01:00:00+00:00,107986.94,108461.96,107986.94,108361.57,404831478.25
2025-10-22 02:00:00+00:00,108361.57,108677.78,108209.74,108209.75,239351994.74
2025-10-22 03:00:00+00:00,108209.75,108221.72,107869.29,108216.4,327672436.29
2025-10-22 04:00:00+00:00,108216.4,108633.21,108163.94,108620.67,186935821.7
2025-10-22 05:00:00+00:00,108620.67,108642.84,107886.07,108170.23,326452411.54
2025-10-22 06:00:00+00:00,108170.23,108338.3,107954.99,107986.45,201242891.05
2025-10-22 07:00:00+00:00,107986.45,108324.04,107616.41,108324.03,340036734.8
2025-10-22 08:00:00+00:00,108324.03,108355.36,108086.07,108225.99,177567067.52
2025-10-22 09:00:00+00:00,108225.99,108273.15,107776.83,107961.77,195164867.38
2025-10-22 10:00:00+00:00,107961.77,108108.7,107647.36,107659.69,177539248.05
2025-10-22 11:00:00+00:00,107659.69,108210.06,106885.83,107551.61,680825434.13
2025-10-22 12:00:00+00:00,107551.61,108391.69,107449.7,108038.88,313775882.13
2025-10-22 13:00:00+00:00,108038.88,109012.09,107630.64,108785.89,614800313.32
2025-10-22 14:00:00+00:00,108785.89,108998.04,107513.29,108951.53,1025034007.19
2025-10-22 15:00:00+00:00,108951.53,109158.55,107741.94,108411.95,621321592.31
2025-10-22 16:00:00+00:00,108411.95,108794.92,107871.31,108225.58,537831123.22
2025-10-22 17:00:00+00:00,108225.58,108333.63,107569.0,107776.01,368652723.55
2025-10-22 18:00:00+00:00,107776.01,108196.78,107465.86,108015.46,328018290.51
2025-10-22 19:00:00+00:00,108015.46,108399.56,107750.56,107870.35,330417632.34
2025-10-22 20:00:00+00:00,107870.35,108067.87,107503.98,107687.39,274706117.63
2025-10-22 21:00:00+00:00,107687.39,107744.37,106737.22,107204.53,501702454.51
2025-10-22 22:00:00+00:00,107204.53,107677.3,106921.88,107194.22,270658013.31
2025-10-22 23:00:00+00:00,107194.22,107942.15,107172.77,107577.29,260872504.05
2025-10-23 00:00:00+00:00,107577.29,107975.92,107506.24,107856.12,149339590.13
2025-10-23 01:00:00+00:00,107856.12,108491.26,107817.15,108154.43,376186887.16
2025-10-23 02:00:00+00:00,108154.43,108412.35,108064.64,108411.79,149000050.5
2025-10-23 03:00:00+00:00,108411.79,108716.9,108333.84,108370.4,194761694.89
2025-10-23 04:00:00+00:00,108370.4,108935.28,108355.84,108648.28,138387970.42
2025-10-23 05:00:00+00:00,108648.28,108987.26,108629.49,108949.2,136982493.16
2025-10-23 06:00:00+00:00,108949.2,110295.61,108852.77,110244.89,513104545.88
2025-10-23 07:00:00+00:00,110244.89,110265.74,109211.81,109267.67,344615160.02
2025-10-23 08:00:00+00:00,109267.67,109900.31,109249.01,109504.54,224863375.42
2025-10-23 09:00:00+00:00,109504.54,109537.97,109136.29,109430.62,162136412.66
2025-10-23 10:00:00+00:00,109430.62,109704.57,109384.71,109442.49,158267928.48
2025-10-23 11:00:00+00:00,109442.49,109656.03,109116.85,109258.65,199780305.84
2025-10-23 12:00:00+00:00,109258.65,109258.7,108695.88,109168.93,332044069.19
2025-10-23 13:00:00+00:00,109168.93,109625.36,108809.8,109498.2,413588093.17
2025-10-23 14:00:00+00:00,109498.2,109811.22,108731.2,109593.21,481465529.08
2025-10-23 15:00:00+00:00,109593.21,110105.36,109489.94,109907.59,340197430.09
2025-10-23 16:00:00+00:00,109907.59,110562.47,109648.6,110260.33,306436714.61
2025-10-23 17:00:00+00:00,110260.33,111295.74,109650.11,111239.28,532633644.22
2025-10-23 18:00:00+00:00,111239.28,111292.5,110262.64,110572.01,296874063.64
2025-10-23 19:00:00+00:00,110572.01,110623.67,110105.47,110204.26,155835483.78
2025-10-23 20:00:00+00:00,110204.26,110205.03,109366.49,109522.69,263145524.14
2025-10-23 21:00:00+00:00,109522.69,109722.63,109374.97,109535.49,198479571.6
2025-10-23 22:00:00+00:00,109535.49,110153.19,109521.1,109942.41,165629525.66
2025-10-23 23:00:00+00:00,109942.41,110092.57,109836.46,110068.79,96694037.67
2025-10-24 00:00:00+00:00,110068.79,110688.78,109996.95,110501.92,233495676.5
2025-10-24 01:00:00+00:00,110501.92,110659.95,110141.0,110583.66,182624493.16
2025-10-24 02:00:00+00:00,110583.66,110810.32,110353.91,110571.93,131599514.98
2025-10-24 03:00:00+00:00,110571.93,110631.74,110282.14,110447.84,134136762.21
2025-10-24 04:00:00+00:00,110447.84,111466.82,110338.33,111178.96,330938740.83
2025-10-24 05:00:00+00:00,111178.96,111312.63,110943.87,111259.44,206093622.57
2025-10-24 06:00:00+00:00,111259.44,111497.12,111128.34,111466.4,184744903.54
2025-10-24 07:00:00+00:00,111466.4,111527.29,110779.88,111065.89,290937327.53
2025-10-24 08:00:00+00:00,111065.89,111226.02,110697.78,111096.51,251131878.06
2025-10-24 09:00:00+00:00,111096.51,111489.56,111002.5,111331.28,202325873.89
2025-10-24 10:00:00+00:00,111331.28,111331.34,111073.93,111121.11,148622058.97
2025-10-24 11:00:00+00:00,111121.11,111271.71,110611.26,111070.38,210985929.89
2025-10-24 12:00:00+00:00,111070.38,111882.98,110877.89,111304.04,676165470.54
2025-10-24 13:00:00+00:00,111304.04,111448.86,110391.4,110938.62,541391493.91
2025-10-24 14:00:00+00:00,110938.62,110938.64,109696.2,110215.92,745891409.81
2025-10-24 15:00:00+00:00,110215.92,110615.49,109891.69,110048.82,297150851.74
2025-10-24 16:00:00+00:00,110048.82,110384.28,109802.18,110259.44,201418419.4
2025-10-24 17:00:00+00:00,110259.44,110570.15,110183.96,110226.75,159890330.77
2025-10-24 18:00:00+00:00,110226.75,110632.96,110159.16,110606.57,137433061.52
2025-10-24 19:00:00+00:00,110606.57,110940.59,110523.06,110614.98,178323610.1
2025-10-24 20:00:00+00:00,110614.98,111018.09,110480.63,110891.36,138121040.78
2025-10-24 21:00:00+00:00,110891.36,111107.01,110641.36,111086.29,240088861.27
2025-10-24 22:00:00+00:00,111086.29,111135.7,110928.06,111023.98,67554692.4
2025-10-24 23:00:00+00:00,111023.98,111122.37,110884.81,111008.5,49690700.26
2025-10-25 00:00:00+00:00,111008.5,111043.61,110674.85,110768.43,96468657.04
2025-10-25 01:00:00+00:00,110768.43,111229.6,110752.15,111072.04,103326552.72
2025-10-25 02:00:00+00:00,111072.04,111128.83,110952.11,111031.39,56642332.78
2025-10-25 03:00:00+00:00,111031.39,111136.37,111001.57,111027.86,80510205.43
2025-10-25 04:00:00+00:00,111027.86,111444.26,111027.81,111226.83,115215830.91
2025-10-25 05:00:00+00:00,111226.83,111430.83,111092.24,111382.35,84093018.57
2025-10-25 06:00:00+00:00,111382.35,111496.41,111257.89,111365.82,108517677.59
2025-10-25 07:00:00+00:00,111365.82,111787.66,111365.73,111498.46,185832515.26
2025-10-25 08:00:00+00:00,111498.46,111799.71,111490.62,111771.41,122103567.23
2025-10-25 09:00:00+00:00,111771.41,111842.04,111495.39,111523.58,156372880.13
2025-10-25 10:00:00+00:00,111523.58,111721.18,111386.9,111569.24,137556995.07
2025-10-25 11:00:00+00:00,111569.24,111666.82,111488.11,111570.33,62716438.92
2025-10-25 12:00:00+00:00,111570.33,111939.32,111533.78,111906.53,127074280.84
2025-10-25 13:00:00+00:00,111906.53,111922.58,111523.55,111681.59,145656746.25
2025-10-25 14:00:00+00:00,111681.59,111765.24,111525.48,111595.86,79836027.37
2025-10-25 15:00:00+00:00,111595.86,111595.99,111318.54,111388.13,112272480.85
2025-10-25 16:00:00+00:00,111388.13,111478.66,111162.48,111374.79,134785980.0
2025-10-25 17:00:00+00:00,111374.79,111454.33,111299.06,111378.4,47547105.89
2025-10-25 18:00:00+00:00,111378.4,111735.18,111319.53,111724.87,77561552.98
2025-10-25 19:00:00+00:00,111724.87,111726.02,111582.05,111626.27,51287852.49
2025-10-25 20:00:00+00:00,111626.27,111659.4,111375.77,111436.79,62134834.09
2025-10-25 21:00:00+00:00,111436.79,111482.87,111350.34,111480.01,54694157.58
2025-10-25 22:00:00+00:00,111480.01,111685.18,111413.36,111626.85,49045138.18
2025-10-25 23:00:00+00:00,111626.85,111672.99,111535.39,111646.14,48421680.43
2025-10-26 00:00:00+00:00,111646.14,111905.71,111545.17,111721.27,127377608.57
2025-10-26 01:00:00+00:00,111721.27,111840.54,111527.67,111646.64,103279211.21
2025-10-26 02:00:00+00:00,111646.64,111686.28,111414.76,111454.31,94552412.11
2025-10-26 03:00:00+00:00,111454.31,111506.66,111262.33,111264.29,79534135.53
2025-10-26 04:00:00+00:00,111264.29,111480.78,111259.36,111433.01,49747901.93
2025-10-26 05:00:00+00:00,111433.01,111647.91,111365.39,111612.02,67225630.28
2025-10-26 06:00:00+00:00,111612.02,111678.15,111545.02,111630.95,48762880.87
2025-10-26 07:00:00+00:00,111630.95,111726.62,111616.12,111723.82,53873974.98
2025-10-26 08:00:00+00:00,111723.82,111845.33,111723.72,111777.07,74324757.72
2025-10-26 09:00:00+00:00,111777.07,112783.95,111709.95,112528.46,447890744.17
2025-10-26 10:00:00+00:00,112528.46,112558.14,112192.15,112480.99,136951195.98
2025-10-26 11:00:00+00:00,112480.99,113468.63,112430.13,113285.13,383393902.78
2025-10-26 12:00:00+00:00,113285.13,113829.38,113281.63,113575.18,461810131.46
2025-10-26 13:00:00+00:00,113575.18,114015.42,113279.27,113710.33,435873813.04
2025-10-26 14:00:00+00:00,113710.33,113887.42,113545.5,113573.67,281555641.65
2025-10-26 15:00:00+00:00,113573.67,113733.25,113429.75,113697.11,154026714.74
2025-10-26 16:00:00+00:00,113697.11,113761.14,113287.53,113519.49,204788722.23
2025-10-26 17:00:00+00:00,113519.49,113748.63,113442.08,113442.09,99551470.39
2025-10-26 18:00:00+00:00,113442.09,113786.81,113442.08,113580.86,98916496.35
2025-10-26 19:00:00+00:00,113580.86,113715.05,113504.4,113585.06,73684460.94
2025-10-26 20:00:00+00:00,113585.06,113585.06,113302.53,113317.48,73086431.16
2025-10-26 21:00:00+00:00,113317.48,113585.87,112910.73,113489.83,167895660.1
2025-10-26 22:00:00+00:00,113489.83,115259.92,113489.79,114680.05,702034642.74
2025-10-26 23:00:00+00:00,114680.05,114965.3,114388.2,114553.22,242796150.67
2025-10-27 00:00:00+00:00,114553.22,115168.35,114365.3,114764.93,367141999.01
2025-10-27 01:00:00+00:00,114764.93,115379.82,114710.89,115281.26,238971089.69
2025-10-27 02:00:00+00:00,115281.26,115450.04,114823.77,114885.27,252928009.88
2025-10-27 03:00:00+00:00,114885.27,115250.68,114834.95,114971.72,177962589.1
2025-10-27 04:00:00+00:00,114971.72,115285.29,114945.3,115258.61,122593762.5
2025-10-27 05:00:00+00:00,115258.61,115648.98,115258.6,115553.17,274177420.38
2025-10-27 06:00:00+00:00,115553.17,116119.43,115363.16,116044.13,468722362.19
2025-10-27 07:00:00+00:00,116044.13,116392.83,115497.82,115552.44,601900711.8
2025-10-27 08:00:00+00:00,115552.44,115600.66,114899.88,115017.73,345410907.01
2025-10-27 09:00:00+00:00,115017.73,115351.45,114821.12,115251.87,342691777.07
2025-10-27 10:00:00+00:00,115251.87,115549.44,115122.47,115448.92,159378101.75
2025-10-27 11:00:00+00:00,115448.92,115528.16,115132.96,115356.43,197506911.67
2025-10-27 12:00:00+00:00,115356.43,115433.53,115005.06,115064.94,291036567.8
2025-10-27 13:00:00+00:00,115064.94,115408.86,114590.02,115262.62,415369784.65
2025-10-27 14:00:00+00:00,115262.62,115357.46,114501.7,114807.36,458297393.36
2025-10-27 15:00:00+00:00,114807.36,115217.73,114787.07,114965.59,380010385.84
2025-10-27 16:00:00+00:00,114965.59,115632.25,114872.83,115493.47,295861060.77
2025-10-27 17:00:00+00:00,115493.47,115702.97,115308.89,115700.83,202290562.86
2025-10-27 18:00:00+00:00,115700.83,115791.21,115324.27,115343.26,208527219.73
2025-10-27 19:00:00+00:00,115343.26,115343.3,114790.61,114943.98,261117445.8
2025-10-27 20:00:00+00:00,114943.98,114944.06,114420.86,114457.94,265343545.31
2025-10-27 21:00:00+00:00,114457.94,114615.64,114152.81,114304.13,285968979.93
2025-10-27 22:00:00+00:00,114304.13,114581.65,114064.04,114110.22,232980654.97
2025-10-27 23:00:00+00:00,114110.22,114220.83,113840.57,114107.19,242890508.17
2025-10-28 00:00:00+00:00,114107.19,114358.47,113793.78,113961.17,225881477.82
2025-10-28 01:00:00+00:00,113961.17,114531.58,113961.13,114421.2,206382901.19
2025-10-28 02:00:00+00:00,114421.2,114466.44,113605.09,113934.83,237078668.67
2025-10-28 03:00:00+00:00,113934.83,114105.89,113729.56,113912.46,196792558.98
2025-10-28 04:00:00+00:00,113912.46,114065.83,113762.6,113967.81,139882941.17
2025-10-28 05:00:00+00:00,113967.81,113984.83,113502.67,113610.06,200295606.81
2025-10-28 06:00:00+00:00,113610.06,114179.79,113610.06,114113.09,188900094.74
2025-10-28 07:00:00+00:00,114113.09,114353.8,114096.25,114184.76,229770327.41
2025-10-28 08:00:00+00:00,114184.76,114474.78,114113.28,114423.36,144267858.87
2025-10-28 09:00:00+00:00,114423.36,114626.85,114209.19,114522.91,146367064.73
2025-10-28 10:00:00+00:00,114522.91,114601.83,114426.9,114592.48,84515691.48
2025-10-28 11:00:00+00:00,114592.48,114661.71,114298.04,114352.0,117708119.42
2025-10-28 12:00:00+00:00,114352.0,114516.82,114142.94,114451.42,148065869.31
2025-10-28 13:00:00+00:00,114451.42,115523.76,114451.42,115523.72,486811439.03
2025-10-28 14:00:00+00:00,115523.72,116086.13,114335.81,115065.05,735946135.34
2025-10-28 15:00:00+00:00,115065.05,115399.81,114517.02,114645.55,304386527.07
2025-10-28 16:00:00+00:00,114645.55,115496.05,114534.14,115348.97,304039344.86
2025-10-28 17:00:00+00:00,115348.97,115579.89,115234.89,115292.58,204982124.32
2025-10-28 18:00:00+00:00,115292.58,115363.49,114652.11,115020.11,183378816.54
2025-10-28 19:00:00+00:00,115020.11,115049.73,113568.42,113688.66,482242973.02
2025-10-28 20:00:00+00:00,113688.66,113691.22,112328.94,112806.31,703797225.4
2025-10-28 21:00:00+00:00,112806.31,113217.39,112291.23,112990.86,316756249.05
2025-10-28 22:00:00+00:00,112990.86,113291.92,112837.94,113223.31,132901515.15
2025-10-28 23:00:00+00:00,113223.31,113223.36,112775.51,112896.45,141195219.33
2025-10-29 00:00:00+00:00,112896.45,112897.16,112439.51,112439.53,185766984.31
2025-10-29 01:00:00+00:00,112439.53,112948.02,112097.63,112495.3,321099125.65
2025-10-29 02:00:00+00:00,112495.3,112780.51,112406.48,112662.07,147573672.97
2025-10-29 03:00:00+00:00,112662.07,112662.07,112332.82,112518.83,125134794.52
2025-10-29 04:00:00+00:00,112518.83,112873.08,112500.64,112812.15,127480347.6
2025-10-29 05:00:00+00:00,112812.15,113355.5,112807.76,113036.66,224302460.53
2025-10-29 06:00:00+00:00,113036.66,113341.04,112970.05,113278.92,166147451.51
2025-10-29 07:00:00+00:00,113278.92,113567.47,113233.68,113564.08,282612576.26
2025-10-29 08:00:00+00:00,113564.08,113621.77,112952.76,113064.92,208908409.53
2025-10-29 09:00:00+00:00,113064.92,113095.0,112770.88,112979.43,212285321.63
2025-10-29 10:00:00+00:00,112979.43,113186.01,112734.6,112867.86,146989168.19
2025-10-29 11:00:00+00:00,112867.86,113243.49,112746.13,113132.43,151647896.05
2025-10-29 12:00:00+00:00,113132.43,113323.54,113060.87,113149.99,163854158.17
2025-10-29 13:00:00+00:00,113149.99,113633.57,112709.84,112873.48,534776403.76
2025-10-29 14:00:00+00:00,112873.48,112905.48,112245.01,112483.28,521813887.93
2025-10-29 15:00:00+00:00,112483.28,112565.99,111411.72,111512.4,756577594.85
2025-10-29 16:00:00+00:00,111512.4,111516.1,110957.99,111111.7,536612880.25
2025-10-29 17:00:00+00:00,111111.7,111915.8,111014.11,111855.13,300889675.69
2025-10-29 18:00:00+00:00,111855.13,111998.15,109426.97,110809.74,1411019312.07
2025-10-29 19:00:00+00:00,110809.74,111438.94,110155.99,110638.61,483481866.43
2025-10-29 20:00:00+00:00,110638.61,111539.3,110405.44,111433.37,301192745.48
2025-10-29 21:00:00+00:00,111433.37,111793.04,111378.18,111614.39,138312322.59
2025-10-29 22:00:00+00:00,111614.39,111617.11,110966.22,111028.19,142558722.34
2025-10-29 23:00:00+00:00,111028.19,111073.96,109740.15,110024.93,321694332.54
2025-10-30 00:00:00+00:00,110024.93,110580.05,109728.24,110560.23,371071003.63
2025-10-30 01:00:00+00:00,110560.23,110720.64,110256.74,110463.06,218490782.17
2025-10-30 02:00:00+00:00,110463.06,111002.71,110345.04,110978.27,176522459.16
2025-10-30 03:00:00+00:00,110978.27,110982.04,110539.75,110759.83,177880453.24
2025-10-30 04:00:00+00:00,110759.83,110759.86,107986.22,108567.1,966135626.77
2025-10-30 05:00:00+00:00,108567.1,110425.31,108424.89,110261.95,403608184.62
2025-10-30 06:00:00+00:00,110261.95,110956.57,109988.69,110770.23,293374829.9
2025-10-30 07:00:00+00:00,110770.23,111580.58,110652.88,111367.05,279936628.43
2025-10-30 08:00:00+00:00,111367.05,111434.85,110688.93,110714.03,289451478.59
2025-10-30 09:00:00+00:00,110714.03,110809.73,110131.24,110174.97,210168104.37
2025-10-30 10:00:00+00:00,110174.97,110227.92,109840.95,110106.86,220744788.87
2025-10-30 11:00:00+00:00,110106.86,110142.12,109706.33,109720.66,176927475.91
2025-10-30 12:00:00+00:00,109720.66,109779.68,108284.19,108391.06,570230443.03
2025-10-30 13:00:00+00:00,108391.06,108724.7,107404.8,107627.0,806376349.95
2025-10-30 14:00:00+00:00,107627.0,108358.71,107618.4,108281.03,468468658.99
2025-10-30 15:00:00+00:00,108281.03,108341.61,107334.39,107711.94,371684538.5
2025-10-30 16:00:00+00:00,107711.94,108212.48,107563.39,108140.71,257601095.65
2025-10-30 17:00:00+00:00,108140.71,108148.19,106812.75,107483.96,538137799.4
2025-10-30 18:00:00+00:00,107483.96,107550.36,106794.14,106834.88,267215837.9
2025-10-30 19:00:00+00:00,106834.88,107147.21,106346.71,106538.83,448528479.28
2025-10-30 20:00:00+00:00,106538.83,107644.54,106323.28,107512.02,405833605.54
2025-10-30 21:00:00+00:00,107512.02,107944.87,107403.05,107908.39,209306008.38
2025-10-30 22:00:00+00:00,107908.39,107924.66,107474.81,107910.43,124725482.15
2025-10-30 23:00:00+00:00,107910.43,108333.86,107601.37,108314.62,243845134.28
2025-10-31 00:00:00+00:00,108314.62,109582.83,108280.58,109312.55,396646543.6
2025-10-31 01:00:00+00:00,109312.55,110033.6,109178.86,109620.17,451652603.22
2025-10-31 02:00:00+00:00,109620.17,109683.49,108563.83,108854.29,295258213.17
2025-10-31 03:00:00+00:00,108854.29,109316.24,108621.08,109228.22,247981860.98
2025-10-31 04:00:00+00:00,109228.22,110211.14,109110.99,110087.63,345643286.08
2025-10-31 05:00:00+00:00,110087.63,110087.74,109695.47,109894.12,206889270.69
2025-10-31 06:00:00+00:00,109894.12,109963.72,109520.01,109645.11,149863836.32
2025-10-31 07:00:00+00:00,109645.11,109798.03,109261.81,109441.49,252606930.69
2025-10-31 08:00:00+00:00,109441.49,110095.6,109214.07,110061.68,266871709.0
2025-10-31 09:00:00+00:00,110061.68,110443.21,109814.47,109849.04,262715824.75
2025-10-31 10:00:00+00:00,109849.04,110113.99,109709.71,109816.72,116762628.06
2025-10-31 11:00:00+00:00,109816.72,110513.51,109466.5,110422.31,231466678.85
2025-10-31 12:00:00+00:00,110422.31,110677.71,109622.94,109652.9,327296915.28
2025-10-31 13:00:00+00:00,109652.9,110224.52,109382.39,110144.73,411883534.96
2025-10-31 14:00:00+00:00,110144.73,111031.05,109584.64,110776.32,719942780.17
2025-10-31 15:00:00+00:00,110776.32,111155.65,110125.13,110198.4,541635354.46
2025-10-31 16:00:00+00:00,110198.4,110292.06,108670.02,108830.24,572217841.57
2025-10-31 17:00:00+00:00,108830.24,109410.54,108627.21,109297.39,446731940.25
2025-10-31 18:00:00+00:00,109297.39,109791.52,108978.18,109447.43,332128718.98
2025-10-31 19:00:00+00:00,109447.43,110234.3,109118.11,109826.84,313064447.02
2025-10-31 20:00:00+00:00,109826.84,109826.84,109442.89,109487.58,200314856.63
2025-10-31 21:00:00+00:00,109487.58,109738.03,109334.9,109561.2,141715466.88
2025-10-31 22:00:00+00:00,109561.2,109799.84,109483.24,109586.89,92690057.18
2025-10-31 23:00:00+00:00,109586.89,109678.11,109521.58,109606.44,70998174.12
2025-11-01 00:00:00+00:00,109606.44,109750.22,109400.51,109730.14,149698144.67
2025-11-01 01:00:00+00:00,109730.14,110042.27,109702.18,109733.4,149504482.49
2025-11-01 02:00:00+00:00,109733.4,109863.4,109478.68,109788.05,185585339.22
2025-11-01 03:00:00+00:00,109788.05,110299.53,109787.23,110228.71,233185304.49
2025-11-01 04:00:00+00:00,110228.71,110547.23,110117.7,110285.74,194320289.29
2025-11-01 05:00:00+00:00,110285.74,110380.31,110048.06,110136.79,152295199.5
2025-11-01 06:00:00+00:00,110136.79,110169.03,109940.55,110001.22,115748784.34
2025-11-01 07:00:00+00:00,110001.22,110248.39,109993.29,110070.98,171878331.32
2025-11-01 08:00:00+00:00,110070.98,110268.98,110070.96,110245.59,160909112.51
2025-11-01 09:00:00+00:00,110245.59,110251.72,109971.64,109988.22,171222200.6
2025-11-01 10:00:00+00:00,109988.22,110171.41,109845.29,110146.91,163078614.13
2025-11-01 11:00:00+00:00,110146.91,110231.61,110007.26,110131.2,107831005.23
2025-11-01 12:00:00+00:00,110131.2,110199.52,110003.45,110017.11,127783309.61
2025-11-01 13:00:00+00:00,110017.11,110052.44,109709.5,109946.89,140663683.91
2025-11-01 14:00:00+00:00,109946.89,109994.54,109729.75,109934.12,146478545.64
2025-11-01 15:00:00+00:00,109934.12,110348.32,109912.99,110301.72,188066055.09
2025-11-01 16:00:00+00:00,110301.72,110528.82,110202.75,110460.3,202751048.53
2025-11-01 17:00:00+00:00,110460.3,110480.46,110193.34,110211.72,111437649.8
2025-11-01 18:00:00+00:00,110211.72,110363.26,110198.02,110337.97,60087671.85
2025-11-01 19:00:00+00:00,110337.97,110338.0,110221.32,110298.9,48912599.16
2025-11-01 20:00:00+00:00,110298.9,110499.31,110298.0,110407.65,88012377.61
2025-11-01 21:00:00+00:00,110407.65,110428.78,109866.74,109870.37,129690057.95
2025-11-01 22:00:00+00:00,109870.37,110094.85,109870.37,110091.57,110940121.14
2025-11-01 23:00:00+00:00,110091.57,110141.35,109973.57,110106.37,75838611.59
2025-11-02 00:00:00+00:00,110106.37,110126.2,109908.32,109972.89,112094654.59
2025-11-02 01:00:00+00:00,109972.89,110088.14,109917.75,109977.7,70171719.09
2025-11-02 02:00:00+00:00,109977.7,110248.11,109893.37,110025.35,112470442.94
2025-11-02 03:00:00+00:00,110025.35,110081.68,109965.98,110051.36,102820253.75
2025-11-02 04:00:00+00:00,110051.36,110765.63,110024.52,110666.41,277942701.51
2025-11-02 05:00:00+00:00,110666.41,110703.3,110280.9,110507.78,285242364.87
2025-11-02 06:00:00+00:00,110507.78,110715.62,110295.71,110659.87,185094925.64
2025-11-02 07:00:00+00:00,110659.87,111036.58,110433.28,110892.61,230487646.35
2025-11-02 08:00:00+00:00,110892.61,111008.38,110715.93,110847.15,192221279.3
2025-11-02 09:00:00+00:00,110847.15,111037.22,110527.71,110706.55,199523516.2
2025-11-02 10:00:00+00:00,110706.55,110851.86,110356.79,110490.99,222598710.98
2025-11-02 11:00:00+00:00,110490.99,111220.46,110484.97,111193.12,233102890.55
2025-11-02 12:00:00+00:00,111193.12,111241.97,110694.59,110745.81,187942612.43
2025-11-02 13:00:00+00:00,110745.81,110759.56,110201.07,110563.45,220794974.95
2025-11-02 14:00:00+00:00,110563.45,110666.86,110207.2,110418.81,235564392.86
2025-11-02 15:00:00+00:00,110418.81,110564.96,110105.3,110121.39,187033632.13
2025-11-02 16:00:00+00:00,110121.39,110135.28,109749.45,110116.3,282291764.08
2025-11-02 17:00:00+00:00,110116.3,110260.92,110029.98,110190.87,93080214.98
2025-11-02 18:00:00+00:00,110190.87,110333.21,110178.81,110333.21,65012920.77
2025-11-02 19:00:00+00:00,110333.21,110333.48,109964.58,110178.03,95198259.2
2025-11-02 20:00:00+00:00,110178.03,110206.94,109891.35,110086.2,98265344.17
2025-11-02 21:00:00+00:00,110086.2,110130.0,109980.15,109995.81,83534764.69
2025-11-02 22:00:00+00:00,109995.81,110017.4,109516.77,109899.19,184642583.69
2025-11-02 23:00:00+00:00,109899.19,110724.05,109899.18,110545.92,276313869.6
2025-11-03 00:00:00+00:00,110545.92,110748.91,109759.38,109759.56,185562859.49
2025-11-03 01:00:00+00:00,109759.56,109894.64,109383.57,109676.61,333012519.29
2025-11-03 02:00:00+00:00,109676.61,109753.47,108671.35,109031.34,495268621.47
2025-11-03 03:00:00+00:00,109031.34,109152.46,107917.16,107944.35,544960614.95
2025-11-03 04:00:00+00:00,107944.35,107991.71,107492.79,107891.13,369808143.56
2025-11-03 05:00:00+00:00,107891.13,108027.28,107404.51,107604.27,271983146.1
2025-11-03 06:00:00+00:00,107604.27,107698.07,107028.32,107494.94,365864185.16
2025-11-03 07:00:00+00:00,107494.94,107826.79,107277.34,107473.16,346593056.57
2025-11-03 08:00:00+00:00,107473.16,107708.03,106985.79,107588.83,328348597.17
2025-11-03 09:00:00+00:00,107588.83,107911.19,107090.03,107205.55,221466494.14
2025-11-03 10:00:00+00:00,107205.55,107623.38,106854.71,106962.52,273906510.37
2025-11-03 11:00:00+00:00,106962.52,107909.55,106962.52,107792.34,246009392.71
2025-11-03 12:00:00+00:00,107792.34,108256.1,107719.25,107768.56,303858682.38
2025-11-03 13:00:00+00:00,107768.56,108063.44,107577.23,107907.99,235499792.12
2025-11-03 14:00:00+00:00,107907.99,108325.79,107369.51,108058.46,421642892.99
2025-11-03 15:00:00+00:00,108058.46,108141.39,105655.14,105747.09,1190750240.64
2025-11-03 16:00:00+00:00,105747.09,106788.96,105314.35,106677.53,852612286.46
2025-11-03 17:00:00+00:00,106677.53,107738.13,106533.53,107476.49,455298200.63
2025-11-03 18:00:00+00:00,107476.49,107594.23,106808.23,106956.5,357706263.78
2025-11-03 19:00:00+00:00,106956.5,107385.06,106452.9,107085.87,266926356.93
2025-11-03 20:00:00+00:00,107085.87,107166.38,106320.19,106658.03,263278748.49
2025-11-03 21:00:00+00:00,106658.03,107090.98,106088.83,106889.11,295891792.61
2025-11-03 22:00:00+00:00,106889.11,106889.11,105804.04,106485.45,260125728.81
2025-11-03 23:00:00+00:00,106485.45,106749.93,106039.26,106581.78,161298725.99
2025-11-04 00:00:00+00:00,106581.78,106807.67,105854.68,106468.51,372561216.93
2025-11-04 01:00:00+00:00,106468.51,107287.26,106275.19,107041.31,349566552.85
2025-11-04 02:00:00+00:00,107041.31,107230.75,106474.03,106483.35,234799772.04
2025-11-04 03:00:00+00:00,106483.35,107231.16,106220.45,107155.53,287894483.72
2025-11-04 04:00:00+00:00,107155.53,107292.38,106710.04,106748.96,197531637.97
2025-11-04 05:00:00+00:00,106748.96,106749.01,104198.61,104226.18,803731078.62
2025-11-04 06:00:00+00:00,104226.18,105211.49,104200.15,104771.28,617017937.04
2025-11-04 07:00:00+00:00,104771.28,104955.3,104325.71,104493.37,480031924.77
2025-11-04 08:00:00+00:00,104493.37,104624.83,103761.85,104053.85,503208196.98
2025-11-04 09:00:00+00:00,104053.85,104130.37,103636.23,103856.35,389610164.73
2025-11-04 10:00:00+00:00,103856.35,104091.78,103607.47,103817.64,308787924.95
2025-11-04 11:00:00+00:00,103817.64,104695.84,103782.16,104584.81,287074294.31
2025-11-04 12:00:00+00:00,104584.81,104635.52,103843.1,103955.55,346965250.73
2025-11-04 13:00:00+00:00,103955.55,104238.21,103576.67,103922.51,339950524.91
2025-11-04 14:00:00+00:00,103922.51,104688.4,102926.31,104502.77,852713792.33
2025-11-04 15:00:00+00:00,104502.77,104840.4,103193.54,103202.41,735698962.04
2025-11-04 16:00:00+00:00,103202.41,103502.74,102174.54,102253.05,871609840.16
2025-11-04 17:00:00+00:00,102253.05,102253.05,100827.84,101114.02,1115145461.3
2025-11-04 18:00:00+00:00,101114.02,101488.39,100015.12,101363.88,1024356296.92
2025-11-04 19:00:00+00:00,101363.88,101710.84,100409.79,100537.52,574674475.25
2025-11-04 20:00:00+00:00,100537.52,101106.43,99700.12,100759.81,1059502787.14
2025-11-04 21:00:00+00:00,100759.81,100828.47,98954.32,100311.72,1002421183.47
2025-11-04 22:00:00+00:00,100311.72,101891.14,100113.53,101291.18,556022811.27
2025-11-04 23:00:00+00:00,101291.18,101726.26,100907.99,101487.43,416389868.29
2025-11-05 00:00:00+00:00,101487.43,101749.09,100355.4,100566.33,459998460.1
2025-11-05 01:00:00+00:00,100566.33,100992.61,98967.38,100744.33,830758074.95
2025-11-05 02:00:00+00:00,100744.33,101914.05,100744.29,101675.68,864893146.09
2025-11-05 03:00:00+00:00,101675.68,102269.6,101460.79,102134.0,651702782.89
2025-11-05 04:00:00+00:00,102134.0,102239.35,101527.53,101991.85,368755809.19
2025-11-05 05:00:00+00:00,101991.85,102352.41,101598.45,101821.2,263982391.05
2025-11-05 06:00:00+00:00,101821.2,102133.72,101494.61,102116.35,242883006.38
2025-11-05 07:00:00+00:00,102116.35,102149.64,101603.66,101993.19,270238480.42
2025-11-05 08:00:00+00:00,101993.19,101996.55,101179.04,101701.55,346546835.74
2025-11-05 09:00:00+00:00,101701.55,102202.45,101613.79,101992.5,231159043.13
2025-11-05 10:00:00+00:00,101992.5,101994.9,101300.3,101397.24,196890134.88
2025-11-05 11:00:00+00:00,101397.24,102097.15,101384.57,102073.18,233355550.16
2025-11-05 12:00:00+00:00,102073.18,102757.85,101919.39,102672.79,369687711.78
2025-11-05 13:00:00+00:00,102672.79,103248.23,102294.79,102982.52,412350693.11
2025-11-05 14:00:00+00:00,102982.52,103464.99,102179.83,103204.59,559907401.58
2025-11-05 15:00:00+00:00,103204.59,103791.16,102832.13,103727.46,532161068.63
2025-11-05 16:00:00+00:00,103727.46,104038.53,103081.19,103924.4,476794147.64
2025-11-05 17:00:00+00:00,103924.4,104002.4,103387.27,103909.68,385161607.84
2025-11-05 18:00:00+00:00,103909.68,104431.06,103765.49,104349.22,308888554.64
2025-11-05 19:00:00+00:00,104349.22,104524.83,103984.42,104008.67,237494077.32
2025-11-05 20:00:00+00:00,104008.67,104536.25,103635.09,103838.45,277760952.59
2025-11-05 21:00:00+00:00,103838.45,103838.75,103521.67,103670.49,205097983.37
2025-11-05 22:00:00+00:00,103670.49,103791.38,103303.47,103711.83,168364411.94
2025-11-05 23:00:00+00:00,103711.83,104098.06,103670.16,103887.33,168553055.65
2025-11-06 00:00:00+00:00,103887.33,103894.19,103332.51,103676.16,299679663.81
2025-11-06 01:00:00+00:00,103676.16,103676.16,102725.91,103366.76,340036166.81
2025-11-06 02:00:00+00:00,103366.76,103570.99,102858.21,103323.52,259848600.88
2025-11-06 03:00:00+00:00,103323.52,103932.54,103321.2,103636.56,236115361.63
2025-11-06 04:00:00+00:00,103636.56,104186.17,103581.58,104028.75,184978004.86
2025-11-06 05:00:00+00:00,104028.75,104028.75,103091.76,103142.99,218516755.7
2025-11-06 06:00:00+00:00,103142.99,103590.06,103010.31,103321.97,203447230.14
2025-11-06 07:00:00+00:00,103321.97,103564.35,102917.64,103193.52,290353385.28
2025-11-06 08:00:00+00:00,103193.52,103439.23,102978.14,103198.23,178471355.5
2025-11-06 09:00:00+00:00,103198.23,103265.12,102813.38,102816.36,161256157.04
2025-11-06 10:00:00+00:00,102816.36,103289.01,102658.19,103128.3,224531228.18
2025-11-06 11:00:00+00:00,103128.3,103303.46,102749.13,103227.97,155234727.71
2025-11-06 12:00:00+00:00,103227.97,103333.09,102389.7,102558.51,312334689.64
2025-11-06 13:00:00+00:00,102558.51,103629.21,102558.51,103320.04,280297586.7
2025-11-06 14:00:00+00:00,103320.04,103579.57,102054.47,102126.49,508041313.93
2025-11-06 15:00:00+00:00,102126.49,102912.03,101630.75,102014.48,793071979.34
2025-11-06 16:00:00+00:00,102014.48,102387.98,100298.15,100862.94,761521652.51
2025-11-06 17:00:00+00:00,100862.94,101937.56,100767.1,101801.81,467691859.85
2025-11-06 18:00:00+00:00,101801.81,102335.36,100916.48,101723.37,370610603.21
2025-11-06 19:00:00+00:00,101723.37,101996.49,101204.25,101387.49,307475568.92
2025-11-06 20:00:00+00:00,101387.49,101642.9,100650.52,100912.08,324694890.85
2025-11-06 21:00:00+00:00,100912.08,101220.98,100543.75,101119.02,269719763.24
2025-11-06 22:00:00+00:00,101119.02,101483.3,101007.24,101416.11,156787759.33
2025-11-06 23:00:00+00:00,101416.11,101535.03,101133.48,101345.14,272068657.74
2025-11-07 00:00:00+00:00,101345.14,101639.19,100753.61,101479.45,306270625.34
2025-11-07 01:00:00+00:00,101479.45,101883.38,100901.78,101539.15,397908646.46
2025-11-07 02:00:00+00:00,101539.15,101926.3,101247.69,101905.59,259735702.87
2025-11-07 03:00:00+00:00,101905.59,102351.29,101880.71,101915.26,319229790.97
2025-11-07 04:00:00+00:00,101915.26,102066.36,101584.33,102020.0,199972650.61
2025-11-07 05:00:00+00:00,102020.0,102521.25,102019.01,102446.99,212535057.13
2025-11-07 06:00:00+00:00,102446.99,102496.03,101821.86,101823.33,171866164.78
2025-11-07 07:00:00+00:00,101823.33,102019.24,101639.05,102016.02,283060352.17
2025-11-07 08:00:00+00:00,102016.02,102050.0,101443.62,101498.03,200457989.66
2025-11-07 09:00:00+00:00,101498.03,101506.62,100792.97,101011.84,342737088.71
2025-11-07 10:00:00+00:00,101011.84,101252.56,100568.65,100775.46,264578360.26
2025-11-07 11:00:00+00:00,100775.46,100793.89,99805.05,100410.27,647703988.42
2025-11-07 12:00:00+00:00,100410.27,100622.82,99270.87,99639.82,499328766.43
2025-11-07 13:00:00+00:00,99639.82,100574.98,99457.06,100342.0,476083237.6
2025-11-07 14:00:00+00:00,100342.0,100900.48,99526.21,100783.64,719479510.31
2025-11-07 15:00:00+00:00,100783.64,101252.75,100359.66,100798.66,698809092.27
2025-11-07 16:00:00+00:00,100798.66,101623.37,100515.67,101166.29,524304731.38
2025-11-07 17:00:00+00:00,101166.29,102712.81,100941.8,102393.03,557764297.99
2025-11-07 18:00:00+00:00,102393.03,102855.75,102289.13,102611.29,421150231.7
2025-11-07 19:00:00+00:00,102611.29,103397.94,102484.6,103397.94,328179189.76
2025-11-07 20:00:00+00:00,103397.94,103900.73,102957.49,103781.06,321807067.29
2025-11-07 21:00:00+00:00,103781.06,103878.84,103332.9,103878.84,214936767.27
2025-11-07 22:00:00+00:00,103878.84,104083.01,103595.7,103629.67,208134564.47
2025-11-07 23:00:00+00:00,103629.67,103762.0,103330.32,103341.53,147019163.58
2025-11-08 00:00:00+00:00,103341.53,103406.94,102547.94,102712.46,269309932.15
2025-11-08 01:00:00+00:00,102712.46,103239.71,102663.22,102999.57,170839002.66
2025-11-08 02:00:00+00:00,102999.57,103334.29,102765.23,102848.75,177514611.49
2025-11-08 03:00:00+00:00,102848.75,103295.03,102593.04,102593.06,182356497.31
2025-11-08 04:00:00+00:00,102593.06,102835.6,102410.76,102565.74,172813533.01
2025-11-08 05:00:00+00:00,102565.74,102737.11,102281.61,102305.83,116241722.86
2025-11-08 06:00:00+00:00,102305.83,102521.88,102101.49,102221.37,213427008.75
2025-11-08 07:00:00+00:00,102221.37,102399.0,101910.46,102355.58,149806298.69
2025-11-08 08:00:00+00:00,102355.58,102678.73,102157.77,102435.47,158166640.11
2025-11-08 09:00:00+00:00,102435.47,102603.93,102229.67,102397.67,93774163.54
2025-11-08 10:00:00+00:00,102397.67,102578.21,102305.97,102481.28,78684065.71
2025-11-08 11:00:00+00:00,102481.28,102632.32,101727.33,101860.5,232695022.61
2025-11-08 12:00:00+00:00,101860.5,102105.02,101737.04,102060.18,154574993.93
2025-11-08 13:00:00+00:00,102060.18,102190.5,101726.79,101808.92,239837047.58
2025-11-08 14:00:00+00:00,101808.92,102084.31,101461.44,101831.71,291555833.03
2025-11-08 15:00:00+00:00,101831.71,101955.53,101500.65,101717.73,146792783.83
2025-11-08 16:00:00+00:00,101717.73,101964.68,101528.27,101853.47,151486727.86
2025-11-08 17:00:00+00:00,101853.47,102007.27,101595.05,101996.06,145632104.53
2025-11-08 18:00:00+00:00,101996.06,102224.85,101834.21,102142.96,156681180.43
2025-11-08 19:00:00+00:00,102142.96,102189.49,101521.9,101989.44,119298572.89
2025-11-08 20:00:00+00:00,101989.44,102174.51,101957.89,102071.54,67573441.74
2025-11-08 21:00:00+00:00,102071.54,102370.53,102030.3,102277.39,71899966.71
2025-11-08 22:00:00+00:00,102277.39,102426.05,102175.86,102379.94,66899995.23
2025-11-08 23:00:00+00:00,102379.94,102487.42,102284.37,102315.95,62663367.95
2025-11-09 00:00:00+00:00,102315.95,102341.13,101626.47,101798.04,169290278.17
2025-11-09 01:00:00+00:00,101798.04,102105.9,101691.53,102047.05,122670214.4
2025-11-09 02:00:00+00:00,102047.05,102047.08,101587.31,101635.53,124342656.09
2025-11-09 03:00:00+00:00,101635.53,101813.6,101419.9,101660.99,192786668.95
2025-11-09 04:00:00+00:00,101660.99,102133.2,101640.34,101725.33,125820082.45
2025-11-09 05:00:00+00:00,101725.33,102022.08,101683.05,101929.05,101715411.06
2025-11-09 06:00:00+00:00,101929.05,101972.62,101705.83,101749.35,114014371.29
2025-11-09 07:00:00+00:00,101749.35,101969.53,101682.12,101945.2,172998211.34
2025-11-09 08:00:00+00:00,101945.2,102047.87,101817.66,101972.35,146135377.94
2025-11-09 09:00:00+00:00,101972.35,102130.83,101627.71,101656.36,145179843.87
2025-11-09 10:00:00+00:00,101656.36,101921.3,101507.11,101874.8,184573782.72
2025-11-09 11:00:00+00:00,101874.8,102315.51,101874.77,102242.38,144747720.75
2025-11-09 12:00:00+00:00,102242.38,102427.84,102052.65,102087.2,163251376.95
2025-11-09 13:00:00+00:00,102087.2,102996.38,102073.89,102918.32,268868761.34
2025-11-09 14:00:00+00:00,102918.32,104044.57,102770.16,103035.98,602207507.64
2025-11-09 15:00:00+00:00,103035.98,104158.09,102974.27,103761.57,344763536.35
2025-11-09 16:00:00+00:00,103761.57,103899.79,103330.16,103846.13,236892313.97
2025-11-09 17:00:00+00:00,103846.13,103964.61,103358.83,103639.64,164922348.79
2025-11-09 18:00:00+00:00,103639.64,104583.44,103517.93,104521.04,244561901.36
2025-11-09 19:00:00+00:00,104521.04,104808.31,104161.8,104808.31,294138901.58
2025-11-09 20:00:00+00:00,104808.31,105060.3,104417.22,104633.62,221074401.84
2025-11-09 21:00:00+00:00,104633.62,104841.28,104317.2,104530.87,145987598.06
2025-11-09 22:00:00+00:00,104530.87,104816.36,104090.79,104729.08,289029209.93
2025-11-09 23:00:00+00:00,104729.08,105485.78,104532.83,104727.18,330143974.5
2025-11-10 00:00:00+00:00,104727.18,106517.89,104269.01,106305.78,664496789.75
2025-11-10 01:00:00+00:00,106305.78,106664.57,105716.44,105716.45,521222062.9
2025-11-10 02:00:00+00:00,105716.45,106051.31,105591.4,106006.76,229290569.05
2025-11-10 03:00:00+00:00,106006.76,106291.14,105846.72,106029.79,246445694.55
2025-11-10 04:00:00+00:00,106029.79,106303.08,105849.99,106156.78,206901743.91
2025-11-10 05:00:00+00:00,106156.78,106473.76,105999.84,106094.88,177708613.39
2025-11-10 06:00:00+00:00,106094.88,106307.74,105961.09,106220.45,150357039.47
2025-11-10 07:00:00+00:00,106220.45,106534.54,106153.91,106462.7,246717132.39
2025-11-10 08:00:00+00:00,106462.7,106553.55,105902.16,105970.74,239357135.52
2025-11-10 09:00:00+00:00,105970.74,106600.86,105842.29,106443.25,222842023.81
2025-11-10 10:00:00+00:00,106443.25,106453.02,105970.45,106001.57,132077325.34
2025-11-10 11:00:00+00:00,106001.57,106321.36,105959.61,106183.27,136740690.03
2025-11-10 12:00:00+00:00,106183.27,106213.85,105867.53,105947.69,204080950.01
2025-11-10 13:00:00+00:00,105947.69,106593.55,105925.87,106548.94,260049756.32
2025-11-10 14:00:00+00:00,106548.94,106549.03,104690.14,104897.73,581426028.6
2025-11-10 15:00:00+00:00,104897.73,105626.95,104682.54,105077.5,629922831.3
2025-11-10 16:00:00+00:00,105077.5,105355.46,104789.09,105244.97,342535221.3
2025-11-10 17:00:00+00:00,105244.97,105979.29,105193.41,105954.76,250985873.79
2025-11-10 18:00:00+00:00,105954.76,106078.8,105477.21,105480.33,197278193.36
2025-11-10 19:00:00+00:00,105480.33,106042.89,105409.64,105820.22,193996259.84
2025-11-10 20:00:00+00:00,105820.22,106287.75,105812.07,106009.89,235145328.59
2025-11-10 21:00:00+00:00,106009.89,106017.12,105278.37,105627.96,302338604.32
2025-11-10 22:00:00+00:00,105627.96,106132.85,105363.56,106055.22,138373225.71
2025-11-10 23:00:00+00:00,106055.22,106274.74,105892.19,106010.6,185583559.69
2025-11-11 00:00:00+00:00,106010.6,106136.82,105525.93,106136.63,237372413.86
2025-11-11 01:00:00+00:00,106136.63,107504.11,106027.8,106092.67,603508821.59
2025-11-11 02:00:00+00:00,106092.67,107133.36,105614.81,106657.72,594248498.3
2025-11-11 03:00:00+00:00,106657.72,107097.91,106365.76,106464.16,264633082.69
2025-11-11 04:00:00+00:00,106464.16,106546.92,105716.93,105754.85,229859043.46
2025-11-11 05:00:00+00:00,105754.85,105756.67,105172.61,105252.76,271237569.24
2025-11-11 06:00:00+00:00,105252.76,105344.89,104895.19,105265.95,371055259.81
2025-11-11 07:00:00+00:00,105265.95,105328.53,104747.02,104787.83,266051960.37
2025-11-11 08:00:00+00:00,104787.83,105278.03,104771.16,105161.4,178808812.62
2025-11-11 09:00:00+00:00,105161.4,105479.45,104912.27,104972.01,176175238.21
2025-11-11 10:00:00+00:00,104972.01,105236.02,104925.4,105172.45,154458353.1
2025-11-11 11:00:00+00:00,105172.45,105498.82,105147.33,105305.92,156469040.63
2025-11-11 12:00:00+00:00,105305.92,105499.31,104393.93,104537.63,462298933.66
2025-11-11 13:00:00+00:00,104537.63,104709.59,104170.75,104388.46,744069931.06
2025-11-11 14:00:00+00:00,104388.46,104667.28,103855.59,104565.46,522972450.45
2025-11-11 15:00:00+00:00,104565.46,104565.64,103184.41,103461.19,703558489.51
2025-11-11 16:00:00+00:00,103461.19,103733.45,103211.55,103404.8,278762294.6
2025-11-11 17:00:00+00:00,103404.8,103637.31,102848.41,103339.14,326896249.81
2025-11-11 18:00:00+00:00,103339.14,103570.98,103070.18,103402.47,236667335.73
2025-11-11 19:00:00+00:00,103402.47,103458.26,102892.62,103131.42,212675948.86
2025-11-11 20:00:00+00:00,103131.42,103231.03,102678.62,102811.12,254658344.7
2025-11-11 21:00:00+00:00,102811.12,103094.64,102489.53,102643.88,253573519.7
2025-11-11 22:00:00+00:00,102643.88,103151.8,102508.23,103001.48,153457764.52
2025-11-11 23:00:00+00:00,103001.48,103213.95,102805.05,103058.77,173002584.28
2025-11-12 00:00:00+00:00,103058.77,103323.82,102817.36,102886.48,219271050.95
2025-11-12 01:00:00+00:00,102886.48,103379.53,102683.36,103254.89,268550321.84
2025-11-12 02:00:00+00:00,103254.89,103410.53,102943.52,103152.35,220795498.23
2025-11-12 03:00:00+00:00,103152.35,103442.26,103097.75,103314.54,120461558.97
2025-11-12 04:00:00+00:00,103314.54,103459.21,103025.82,103242.99,101113791.74
2025-11-12 05:00:00+00:00,103242.99,103467.77,103236.0,103392.47,110061338.41
2025-11-12 06:00:00+00:00,103392.47,103649.9,103354.58,103363.85,154043709.05
2025-11-12 07:00:00+00:00,103363.85,103540.52,103064.36,103116.86,155007673.91
2025-11-12 08:00:00+00:00,103116.86,104227.18,103116.86,104147.71,288369714.24
2025-11-12 09:00:00+00:00,104147.71,105076.19,104144.85,104518.77,442782173.98
2025-11-12 10:00:00+00:00,104518.77,105037.49,104509.57,104899.75,216663169.16
2025-11-12 11:00:00+00:00,104899.75,105203.11,104750.43,105023.2,172165149.69
2025-11-12 12:00:00+00:00,105023.2,105330.21,104824.81,104995.85,212272595.29
2025-11-12 13:00:00+00:00,104995.85,105182.56,104626.9,105041.93,236967471.44
2025-11-12 14:00:00+00:00,105041.93,105041.98,103641.26,103991.44,510673970.23
2025-11-12 15:00:00+00:00,103991.44,104301.71,101973.04,102173.42,785078850.01
2025-11-12 16:00:00+00:00,102173.42,102282.09,101331.53,101441.35,698889806.52
2025-11-12 17:00:00+00:00,101441.35,102151.99,101406.62,101748.89,336038120.69
2025-11-12 18:00:00+00:00,101748.89,101945.23,101417.94,101541.67,222550462.2
2025-11-12 19:00:00+00:00,101541.67,101564.07,100819.4,101295.24,351083421.95
2025-11-12 20:00:00+00:00,101295.24,101842.01,101140.31,101537.25,221320987.97
2025-11-12 21:00:00+00:00,101537.25,101921.08,101521.07,101921.08,143085076.18
2025-11-12 22:00:00+00:00,101921.08,101996.76,101455.64,101979.88,116086660.93
2025-11-12 23:00:00+00:00,101979.88,101998.75,101468.56,101652.7,172657738.34
2025-11-13 00:00:00+00:00,101652.7,102041.69,101470.62,101859.0,178251350.2
2025-11-13 01:00:00+00:00,101859.0,102606.91,101839.84,102005.93,369169532.71
2025-11-13 02:00:00+00:00,102005.93,102338.27,101974.02,102062.38,172904107.78
2025-11-13 03:00:00+00:00,102062.38,102560.74,100923.29,102129.53,456243695.92
2025-11-13 04:00:00+00:00,102129.53,102406.06,101663.68,102124.12,284858376.79
2025-11-13 05:00:00+00:00,102124.12,103390.89,101789.86,103127.31,295929297.05
2025-11-13 06:00:00+00:00,103127.31,103672.58,102916.46,103587.7,387450551.76
2025-11-13 07:00:00+00:00,103587.7,104060.9,103322.62,103476.98,362142253.51
2025-11-13 08:00:00+00:00,103476.98,103807.2,103283.38,103676.44,252799545.89
2025-11-13 09:00:00+00:00,103676.44,103740.38,102560.17,102826.92,389706014.89
2025-11-13 10:00:00+00:00,102826.92,103282.17,102776.61,102989.42,161322639.53
2025-11-13 11:00:00+00:00,102989.42,103149.51,102710.58,102939.99,135733759.04
2025-11-13 12:00:00+00:00,102939.99,103275.3,102734.94,103144.02,217885392.67
2025-11-13 13:00:00+00:00,103144.02,103161.29,102152.36,102324.41,363799573.73
2025-11-13 14:00:00+00:00,102324.41,103464.8,101751.33,102875.68,725590685.93
2025-11-13 15:00:00+00:00,102875.68,102989.57,101188.14,101385.87,718639493.74
2025-11-13 16:00:00+00:00,101385.87,101535.68,100568.77,100629.57,704039048.75
2025-11-13 17:00:00+00:00,100629.57,100811.46,99615.39,99656.53,812878331.36
2025-11-13 18:00:00+00:00,99656.53,99915.31,98149.82,98587.3,1145161690.95
2025-11-13 19:00:00+00:00,98587.3,99284.7,98327.23,98677.69,681515428.97
2025-11-13 20:00:00+00:00,98677.69,99001.12,98003.72,98152.88,670788342.48
2025-11-13 21:00:00+00:00,98152.88,98904.61,98020.66,98815.76,320613681.2
2025-11-13 22:00:00+00:00,98815.76,99933.95,98705.1,99849.23,308332449.43
2025-11-13 23:00:00+00:00,99849.23,100500.94,99568.14,99693.64,344815718.11
2025-11-14 00:00:00+00:00,99693.64,99783.14,98731.16,98977.86,486177634.91
2025-11-14 01:00:00+00:00,98977.86,99554.15,98708.05,99255.15,512852124.75
2025-11-14 02:00:00+00:00,99255.15,99862.26,99246.98,99620.85,268450985.85
2025-11-14 03:00:00+00:00,99620.85,99649.77,98804.23,99140.86,271432192.15
2025-11-14 04:00:00+00:00,99140.86,99180.14,96817.77,97822.41,806368136.24
2025-11-14 05:00:00+00:00,97822.41,98033.86,97032.51,97524.5,509922603.3
2025-11-14 06:00:00+00:00,97524.5,97601.74,95979.82,97562.81,696709851.68
2025-11-14 07:00:00+00:00,97562.81,97740.06,96788.65,97151.31,562769382.78
2025-11-14 08:00:00+00:00,97151.31,97465.16,96787.26,97373.85,364755399.48
2025-11-14 09:00:00+00:00,97373.85,97547.98,96679.48,96845.78,285929457.2
2025-11-14 10:00:00+00:00,96845.78,97287.43,96677.99,96755.25,209658897.92
2025-11-14 11:00:00+00:00,96755.25,96941.06,95735.19,96170.57,450737243.88
2025-11-14 12:00:00+00:00,96170.57,96170.59,94558.19,95354.61,1037511381.11
2025-11-14 13:00:00+00:00,95354.61,95698.19,94576.52,95243.78,794999875.94
2025-11-14 14:00:00+00:00,95243.78,96802.41,94959.82,96539.02,917601451.26
2025-11-14 15:00:00+00:00,96539.02,97314.56,95868.47,96796.8,630601713.61
2025-11-14 16:00:00+00:00,96796.8,97405.21,96275.15,97012.92,518862272.21
2025-11-14 17:00:00+00:00,97012.92,97129.74,95610.6,95845.48,439227910.09
2025-11-14 18:00:00+00:00,95845.48,96325.74,94984.08,95074.93,461882260.55
2025-11-14 19:00:00+00:00,95074.93,95921.42,94799.35,95778.16,377273619.5
2025-11-14 20:00:00+00:00,95778.16,95939.07,94206.97,94374.68,572870146.57
2025-11-14 21:00:00+00:00,94374.68,95144.78,94236.56,95057.79,313563976.43
2025-11-14 22:00:00+00:00,95057.79,95479.33,94702.67,95179.68,250154485.13
2025-11-14 23:00:00+00:00,95179.68,95179.68,94031.99,94587.9,387272661.3
2025-11-15 00:00:00+00:00,94587.9,95411.98,94564.53,95147.58,327657514.75
2025-11-15 01:00:00+00:00,95147.58,95781.72,94750.75,95650.31,273858006.26
2025-11-15 02:00:00+00:00,95650.31,96480.14,95407.66,96478.88,291463158.2
2025-11-15 03:00:00+00:00,96478.88,96827.41,96132.64,96414.04,358709247.97
2025-11-15 04:00:00+00:00,96414.04,96513.88,95937.91,96113.57,164835820.87
2025-11-15 05:00:00+00:00,96113.57,96425.5,95981.06,96341.27,190914456.06
2025-11-15 06:00:00+00:00,96341.27,96576.38,95985.4,96126.67,161426643.6
2025-11-15 07:00:00+00:00,96126.67,96371.16,95968.39,96334.24,185455807.94
2025-11-15 08:00:00+00:00,96334.24,96348.26,95648.72,95914.94,275355418.87
2025-11-15 09:00:00+00:00,95914.94,96146.88,95666.77,95814.76,171795658.87
2025-11-15 10:00:00+00:00,95814.76,96062.72,95693.48,95951.45,121492546.1
2025-11-15 11:00:00+00:00,95951.45,95984.44,95632.93,95695.51,101958523.4
2025-11-15 12:00:00+00:00,95695.51,95875.41,95578.84,95811.24,121118488.57
2025-11-15 13:00:00+00:00,95811.24,96370.7,95729.81,96370.7,206540939.47
2025-11-15 14:00:00+00:00,96370.7,96472.55,96021.25,96251.36,185308502.3
2025-11-15 15:00:00+00:00,96251.36,96426.81,96112.12,96259.84,135816603.92
2025-11-15 16:00:00+00:00,96259.84,96332.18,95726.95,96156.74,209476446.49
2025-11-15 17:00:00+00:00,96156.74,96403.27,95852.66,96230.39,221355993.13
2025-11-15 18:00:00+00:00,96230.39,96345.28,95968.68,96052.82,125953049.57
2025-11-15 19:00:00+00:00,96052.82,96152.19,95927.25,96013.9,66638175.7
2025-11-15 20:00:00+00:00,96013.9,96018.66,95127.38,95282.75,207449546.0
2025-11-15 21:00:00+00:00,95282.75,95673.15,95127.13,95279.37,153479466.62
2025-11-15 22:00:00+00:00,95279.37,95658.0,95230.83,95621.17,99689759.98
2025-11-15 23:00:00+00:00,95621.17,95691.74,95496.07,95598.59,76005837.28
2025-11-16 00:00:00+00:00,95598.59,95707.33,95206.97,95368.75,117015168.99
2025-11-16 01:00:00+00:00,95368.75,95497.13,94846.68,95278.88,265204705.05
2025-11-16 02:00:00+00:00,95278.88,95965.59,95098.39,95963.65,208982919.1
2025-11-16 03:00:00+00:00,95963.65,95971.52,95633.31,95823.32,117891272.74
2025-11-16 04:00:00+00:00,95823.32,95923.64,95649.94,95822.64,103745854.95
2025-11-16 05:00:00+00:00,95822.64,96183.57,95813.93,95882.65,124753329.88
2025-11-16 06:00:00+00:00,95882.65,96040.6,95754.09,95796.06,68942825.68
2025-11-16 07:00:00+00:00,95796.06,96094.99,95729.03,96094.75,135446573.45
2025-11-16 08:00:00+00:00,96094.75,96229.61,95858.91,96113.7,116223925.37
2025-11-16 09:00:00+00:00,96113.7,96628.51,95935.33,96625.98,163544014.1
2025-11-16 10:00:00+00:00,96625.98,96625.98,96375.99,96444.54,167335065.26
2025-11-16 11:00:00+00:00,96444.54,96448.36,95505.64,95632.58,274293738.09
2025-11-16 12:00:00+00:00,95632.58,95903.3,95452.79,95755.04,193412163.36
2025-11-16 13:00:00+00:00,95755.04,95852.8,95120.9,95419.36,218287471.19
2025-11-16 14:00:00+00:00,95419.36,95672.17,95313.79,95533.22,157588313.32
2025-11-16 15:00:00+00:00,95533.22,95556.58,94376.75,94578.15,315355186.59
2025-11-16 16:00:00+00:00,94578.15,94944.22,94045.12,94223.32,626919827.78
2025-11-16 17:00:00+00:00,94223.32,94530.69,93784.76,94365.49,551122616.55
2025-11-16 18:00:00+00:00,94365.49,95564.29,93790.81,94048.49,698581965.7
2025-11-16 19:00:00+00:00,94048.49,94600.99,93946.18,94025.54,268940178.75
2025-11-16 20:00:00+00:00,94025.54,94736.94,93962.25,94095.77,190175379.5
2025-11-16 21:00:00+00:00,94095.77,94210.81,93374.88,93505.0,448373480.45
2025-11-16 22:00:00+00:00,93505.0,94497.48,93029.74,94182.95,415896055.95
2025-11-16 23:00:00+00:00,94182.95,94539.56,93002.68,94262.55,578074913.31
2025-11-17 00:00:00+00:00,94262.55,95372.52,93771.33,95292.43,507970718.95
2025-11-17 01:00:00+00:00,95292.43,95491.07,94727.54,94772.41,286203865.76
2025-11-17 02:00:00+00:00,94772.41,95404.66,94713.77,94974.79,234227349.53
2025-11-17 03:00:00+00:00,94974.79,95553.91,94970.55,95498.93,222786105.54
2025-11-17 04:00:00+00:00,95498.93,95571.51,94880.44,95103.2,323936846.09
2025-11-17 05:00:00+00:00,95103.2,95266.69,94904.56,95124.63,169645648.06
2025-11-17 06:00:00+00:00,95124.63,95335.36,94899.88,95281.48,156744250.59
2025-11-17 07:00:00+00:00,95281.48,95878.15,95207.23,95650.58,295572003.72
2025-11-17 08:00:00+00:00,95650.58,96020.52,95531.01,95619.37,243334857.73
2025-11-17 09:00:00+00:00,95619.37,95866.26,95311.26,95657.42,218232331.3
2025-11-17 10:00:00+00:00,95657.42,95885.61,95551.85,95651.95,147269435.3
2025-11-17 11:00:00+00:00,95651.95,95936.4,95386.02,95567.27,221700181.23
2025-11-17 12:00:00+00:00,95567.27,95571.81,95264.48,95315.71,184653218.28
2025-11-17 13:00:00+00:00,95315.71,95372.12,93577.89,93961.22,613659972.61
2025-11-17 14:00:00+00:00,93961.22,95996.25,93763.73,94769.98,829527137.97
2025-11-17 15:00:00+00:00,94769.98,95016.46,93808.29,93957.38,582642324.46
2025-11-17 16:00:00+00:00,93957.38,94413.71,93057.17,94304.84,714129742.02
2025-11-17 17:00:00+00:00,94304.84,94377.17,92668.1,92759.78,561989439.94
2025-11-17 18:00:00+00:00,92759.78,93203.44,92419.09,92542.85,675689896.52
2025-11-17 19:00:00+00:00,92542.85,92650.91,91600.16,91683.16,785455374.04
2025-11-17 20:00:00+00:00,91683.16,92228.24,91302.76,91985.39,736503563.63
2025-11-17 21:00:00+00:00,91985.39,92252.84,91530.25,91957.21,435532635.85
2025-11-17 22:00:00+00:00,91957.21,92396.04,91789.23,92248.85,312191016.11
2025-11-17 23:00:00+00:00,92248.85,92289.67,91795.5,92212.69,300338814.26
2025-11-18 00:00:00+00:00,92212.69,92356.57,91208.62,92167.85,449520384.2
2025-11-18 01:00:00+00:00,92167.85,92216.06,91618.61,91748.32,422999140.37
2025-11-18 02:00:00+00:00,91748.32,91748.32,90703.73,90863.91,762366866.35
2025-11-18 03:00:00+00:00,90863.91,90921.95,89711.84,90843.22,1054395135.3
2025-11-18 04:00:00+00:00,90843.22,90854.08,89418.3,90081.08,730029808.67
2025-11-18 05:00:00+00:00,90081.08,90463.09,89719.94,90219.75,407629132.58
2025-11-18 06:00:00+00:00,90219.75,90227.76,89379.46,89649.51,334858601.83
2025-11-18 07:00:00+00:00,89649.51,90545.09,89355.14,90506.08,541229278.74
2025-11-18 08:00:00+00:00,90506.08,91436.85,90506.03,91221.51,498392587.05
2025-11-18 09:00:00+00:00,91221.51,91476.73,90893.48,91399.24,422349617.52
2025-11-18 10:00:00+00:00,91399.24,91609.14,91257.57,91585.46,288655531.26
2025-11-18 11:00:00+00:00,91585.46,91606.56,91246.93,91518.95,252714768.09
2025-11-18 12:00:00+00:00,91518.95,91875.25,91110.2,91521.38,331002014.32
2025-11-18 13:00:00+00:00,91521.38,91657.25,90920.33,91476.58,313680213.85
2025-11-18 14:00:00+00:00,91476.58,92441.48,91214.46,91363.64,705118088.61
2025-11-18 15:00:00+00:00,91363.64,93027.16,91016.41,92909.29,858415621.47
2025-11-18 16:00:00+00:00,92909.29,93835.16,92582.62,93496.41,657280139.46
2025-11-18 17:00:00+00:00,93496.41,93653.22,92825.49,93257.27,368662717.59
2025-11-18 18:00:00+00:00,93257.27,93763.42,93152.94,93331.5,252759905.62
2025-11-18 19:00:00+00:00,93331.5,93611.99,92991.69,93183.62,197099080.55
2025-11-18 20:00:00+00:00,93183.62,93297.82,92658.22,92786.67,199813770.49
2025-11-18 21:00:00+00:00,92786.67,93029.17,92462.2,92492.43,190974178.47
2025-11-18 22:00:00+00:00,92492.43,93418.51,92488.98,93160.9,142468421.03
2025-11-18 23:00:00+00:00,93160.9,93167.12,92732.47,92963.76,189082935.04
2025-11-19 00:00:00+00:00,92963.76,92980.81,91967.41,92417.68,310632359.09
2025-11-19 01:00:00+00:00,92417.68,92646.99,91944.35,92437.73,290666374.98
2025-11-19 02:00:00+00:00,92437.73,92863.69,92283.24,92572.49,191903247.35
2025-11-19 03:00:00+00:00,92572.49,92639.74,91672.62,91880.5,265670095.53
2025-11-19 04:00:00+00:00,91880.5,91973.9,91168.59,91168.59,291274537.98
2025-11-19 05:00:00+00:00,91168.59,91266.11,90031.6,90459.08,443753373.81
2025-11-19 06:00:00+00:00,90459.08,91098.71,90284.0,90986.71,319439846.08
2025-11-19 07:00:00+00:00,90986.71,92017.77,90952.51,91860.88,350145328.62
2025-11-19 08:00:00+00:00,91860.88,91949.88,91330.61,91468.27,225353577.13
2025-11-19 09:00:00+00:00,91468.27,91513.8,91078.87,91513.8,202304667.0
2025-11-19 10:00:00+00:00,91513.8,91696.09,91230.98,91312.91,150839428.21
2025-11-19 11:00:00+00:00,91312.91,91767.57,91311.56,91412.48,128876693.0
2025-11-19 12:00:00+00:00,91412.48,91867.44,91220.25,91779.92,183584425.02
2025-11-19 13:00:00+00:00,91779.92,91897.01,91252.77,91399.34,246487294.61
2025-11-19 14:00:00+00:00,91399.34,91853.5,91050.93,91711.98,435016074.84
2025-11-19 15:00:00+00:00,91711.98,92384.8,89871.54,89945.52,773339578.0
2025-11-19 16:00:00+00:00,89945.52,90225.41,89458.05,89902.3,579816112.33
2025-11-19 17:00:00+00:00,89902.3,90123.93,88892.56,89499.54,630513190.14
2025-11-19 18:00:00+00:00,89499.54,89722.65,88801.01,89236.91,582182406.45
2025-11-19 19:00:00+00:00,89236.91,89373.74,88637.02,88885.47,395652919.73
2025-11-19 20:00:00+00:00,88885.47,89697.11,88613.41,89548.53,406168144.55
2025-11-19 21:00:00+00:00,89548.53,90847.92,89453.77,90607.96,601937824.49
2025-11-19 22:00:00+00:00,90607.96,90635.69,90106.64,90484.8,179175573.55
2025-11-19 23:00:00+00:00,90484.8,91594.18,90484.8,91557.18,333438553.37
2025-11-20 00:00:00+00:00,91557.18,92305.31,91189.27,91894.06,307211116.31
2025-11-20 01:00:00+00:00,91894.06,92711.87,91828.99,92592.07,307522535.57
2025-11-20 02:00:00+00:00,92592.07,92798.82,92330.1,92594.33,285460980.06
2025-11-20 03:00:00+00:00,92594.33,92719.77,92367.55,92444.61,269550647.56
2025-11-20 04:00:00+00:00,92444.61,92986.81,92131.16,92964.39,283336838.96
2025-11-20 05:00:00+00:00,92964.39,93161.75,92572.47,92619.73,209217803.49
2025-11-20 06:00:00+00:00,92619.73,92850.83,91693.43,91975.38,295617097.05
2025-11-20 07:00:00+00:00,91975.38,92443.88,91802.36,92318.95,234286360.55
2025-11-20 08:00:00+00:00,92318.95,92400.02,92039.48,92126.45,187668341.11
2025-11-20 09:00:00+00:00,92126.45,92132.72,91445.46,91898.28,272735713.46
2025-11-20 10:00:00+00:00,91898.28,92056.98,91604.37,91806.78,232551628.79
2025-11-20 11:00:00+00:00,91806.78,92025.22,91489.79,91937.17,137399440.95
2025-11-20 12:00:00+00:00,91937.17,91996.43,91692.15,91837.57,163509104.65
2025-11-20 13:00:00+00:00,91837.57,92495.74,91481.4,91526.48,491758996.66
2025-11-20 14:00:00+00:00,91526.48,91670.61,90466.27,91095.91,684356727.56
2025-11-20 15:00:00+00:00,91095.91,91156.33,89827.74,89865.6,496595680.67
2025-11-20 16:00:00+00:00,89865.6,89895.91,87500.4,87890.08,1330328117.39
2025-11-20 17:00:00+00:00,87890.08,88113.76,86405.05,87236.65,1165843512.66
2025-11-20 18:00:00+00:00,87236.65,87763.53,86332.19,86487.48,671588383.09
2025-11-20 19:00:00+00:00,86487.48,87147.13,86102.91,86919.97,584273346.26
2025-11-20 20:00:00+00:00,86919.97,87126.34,86335.89,86462.16,401953480.53
2025-11-20 21:00:00+00:00,86462.16,87672.79,86442.6,87296.6,321092550.04
2025-11-20 22:00:00+00:00,87296.6,88253.65,87213.35,88067.44,302554779.79
2025-11-20 23:00:00+00:00,88067.44,88169.87,86560.41,86636.89,351114841.17
2025-11-21 00:00:00+00:00,86636.89,87498.92,86607.28,87285.16,309653247.82
2025-11-21 01:00:00+00:00,87285.16,87464.76,86837.71,87054.01,293926491.65
2025-11-21 02:00:00+00:00,87054.01,87066.33,85373.86,85459.58,675529781.46
2025-11-21 03:00:00+00:00,85459.58,86132.32,85442.8,85823.99,456588238.16
2025-11-21 04:00:00+00:00,85823.99,86115.62,85403.03,86053.79,316737383.63
2025-11-21 05:00:00+00:00,86053.79,86347.08,85833.07,86188.41,320793133.99
2025-11-21 06:00:00+00:00,86188.41,86254.08,85548.04,85580.22,336761852.17
2025-11-21 07:00:00+00:00,85580.22,85764.59,83112.71,84049.96,1790187252.92
2025-11-21 08:00:00+00:00,84049.96,84707.48,83593.48,83646.28,800663674.66
2025-11-21 09:00:00+00:00,83646.28,83988.26,82116.7,82215.48,855717547.93
2025-11-21 10:00:00+00:00,82215.48,82905.19,81666.12,82706.71,950061329.17
2025-11-21 11:00:00+00:00,82706.71,83342.3,82199.7,82317.16,463516429.69
2025-11-21 12:00:00+00:00,82317.16,83601.7,80642.76,83283.02,1546275719.11
2025-11-21 13:00:00+00:00,83283.02,84426.87,83122.9,84116.77,792562405.91
2025-11-21 14:00:00+00:00,84116.77,85492.41,83556.16,84853.74,1026394083.7
2025-11-21 15:00:00+00:00,84853.74,85101.08,82740.84,82931.58,934444965.82
2025-11-21 16:00:00+00:00,82931.58,84919.11,82336.16,84917.62,760615099.94
2025-11-21 17:00:00+00:00,84917.62,85567.58,84588.03,84874.4,628085448.48
2025-11-21 18:00:00+00:00,84874.4,85077.83,83306.63,84580.36,631763256.13
2025-11-21 19:00:00+00:00,84580.36,85025.95,84083.21,84210.63,309133468.05
2025-11-21 20:00:00+00:00,84210.63,84649.98,83464.3,84569.4,397048929.85
2025-11-21 21:00:00+00:00,84569.4,85413.75,84357.24,85182.77,323557387.67
2025-11-21 22:00:00+00:00,85182.77,85402.16,84266.69,84286.41,226007823.35
2025-11-21 23:00:00+00:00,84286.41,85350.16,84119.01,85130.93,225662421.99
2025-11-22 00:00:00+00:00,85130.93,85610.34,84575.53,84739.21,302843645.07
2025-11-22 01:00:00+00:00,84739.21,85204.53,84591.63,85174.4,223745135.56
2025-11-22 02:00:00+00:00,85174.4,85207.64,84289.06,84529.51,200062931.79
2025-11-22 03:00:00+00:00,84529.51,84609.92,84214.12,84442.83,168606819.75
2025-11-22 04:00:00+00:00,84442.83,84546.62,83834.57,84242.63,182762722.93
2025-11-22 05:00:00+00:00,84242.63,84317.11,83873.41,84281.37,161698131.61
2025-11-22 06:00:00+00:00,84281.37,84797.33,84084.26,84635.84,168075356.82
2025-11-22 07:00:00+00:00,84635.84,84666.09,84403.33,84581.51,126529692.7
2025-11-22 08:00:00+00:00,84581.51,84584.96,83936.57,84019.99,207072393.25
2025-11-22 09:00:00+00:00,84019.99,84345.47,83821.05,83931.05,333754644.96
2025-11-22 10:00:00+00:00,83931.05,84210.91,83503.91,83697.61,203090150.64
2025-11-22 11:00:00+00:00,83697.61,84340.59,83594.38,84092.42,171505539.81
2025-11-22 12:00:00+00:00,84092.42,84160.74,83622.5,83883.7,170243231.12
2025-11-22 13:00:00+00:00,83883.7,84132.01,83657.62,83944.87,166816156.4
2025-11-22 14:00:00+00:00,83944.87,84752.61,83936.39,84494.56,278423326.66
2025-11-22 15:00:00+00:00,84494.56,84570.53,84015.44,84281.2,186501709.91
2025-11-22 16:00:00+00:00,84281.2,84892.49,84219.37,84697.73,153364734.73
2025-11-22 17:00:00+00:00,84697.73,84723.05,84422.83,84554.99,117110103.06
2025-11-22 18:00:00+00:00,84554.99,84680.05,84477.39,84658.94,84574459.23
2025-11-22 19:00:00+00:00,84658.94,84792.46,84507.38,84608.91,77228345.67
2025-11-22 20:00:00+00:00,84608.91,84805.33,84240.44,84471.07,96328635.99
2025-11-22 21:00:00+00:00,84471.07,84511.79,84239.88,84409.54,82875878.15
2025-11-22 22:00:00+00:00,84409.54,85260.31,84273.45,85073.39,136673034.97
2025-11-22 23:00:00+00:00,85073.39,85174.41,84669.23,84735.98,135297279.8
2025-11-23 00:00:00+00:00,84735.98,85320.85,84673.72,84968.68,216859018.41
2025-11-23 01:00:00+00:00,84968.68,86136.29,84957.72,85877.73,315613741.0
2025-11-23 02:00:00+00:00,85877.73,86347.38,85688.15,85999.16,333052601.48
2025-11-23 03:00:00+00:00,85999.16,86306.72,85820.26,86306.72,167072296.54
2025-11-23 04:00:00+00:00,86306.72,86855.66,86154.58,86547.33,284714976.03
2025-11-23 05:00:00+00:00,86547.33,86592.27,86007.08,86354.03,162360610.4
2025-11-23 06:00:00+00:00,86354.03,86496.74,85864.92,85864.94,166899932.9
2025-11-23 07:00:00+00:00,85864.94,85915.55,85426.76,85777.75,211469355.52
2025-11-23 08:00:00+00:00,85777.75,86192.55,85767.2,86141.87,171430323.96
2025-11-23 09:00:00+00:00,86141.87,86468.9,86081.03,86397.0,128201552.54
2025-11-23 10:00:00+00:00,86397.0,86453.28,86059.99,86070.86,129289591.87
2025-11-23 11:00:00+00:00,86070.86,86422.77,85829.86,86333.71,177932223.85
2025-11-23 12:00:00+00:00,86333.71,86887.57,86272.23,86532.96,251437962.4
2025-11-23 13:00:00+00:00,86532.96,86931.27,86322.81,86927.83,193558462.72
2025-11-23 14:00:00+00:00,86927.83,87199.44,86484.98,86550.8,307938012.62
2025-11-23 15:00:00+00:00,86550.8,87235.29,86453.29,87088.04,207419352.96
2025-11-23 16:00:00+00:00,87088.04,87497.75,86673.82,86685.35,335782654.27
2025-11-23 17:00:00+00:00,86685.35,86956.94,86503.33,86745.8,211186257.99
2025-11-23 18:00:00+00:00,86745.8,87255.25,86724.59,86996.57,172910768.04
2025-11-23 19:00:00+00:00,86996.57,87673.16,86940.88,87325.22,225648526.48
2025-11-23 20:00:00+00:00,87325.22,87696.64,87236.64,87482.78,190566306.87
2025-11-23 21:00:00+00:00,87482.78,87997.46,87168.84,87993.96,180915603.21
2025-11-23 22:00:00+00:00,87993.96,88118.62,87556.57,88006.56,201163099.86
2025-11-23 23:00:00+00:00,88006.56,88089.21,86744.84,86837.17,318368124.69
2025-11-24 00:00:00+00:00,86837.17,87209.02,85947.73,86738.36,410072906.79
2025-11-24 01:00:00+00:00,86738.36,87087.16,86399.98,87069.37,341118765.53
2025-11-24 02:00:00+00:00,87069.37,88053.2,87023.49,87516.58,384521152.99
2025-11-24 03:00:00+00:00,87516.58,87789.2,87199.55,87455.47,226264332.43
2025-11-24 04:00:00+00:00,87455.47,87600.19,86448.95,86734.68,248181197.08
2025-11-24 05:00:00+00:00,86734.68,87833.52,86679.21,87464.77,248209947.65
2025-11-24 06:00:00+00:00,87464.77,87505.09,86821.23,86911.76,245734680.39
2025-11-24 07:00:00+00:00,86911.76,87348.54,86698.83,87043.41,236838934.7
2025-11-24 08:00:00+00:00,87043.41,87043.41,86725.64,86958.52,183148621.13
2025-11-24 09:00:00+00:00,86958.52,86958.52,85828.85,85947.85,308945293.12
2025-11-24 10:00:00+00:00,85947.85,86187.57,85696.53,86051.63,255428824.24
2025-11-24 11:00:00+00:00,86051.63,86432.29,85842.2,86267.72,179090084.31
2025-11-24 12:00:00+00:00,86267.72,86312.02,85883.49,86004.39,247167289.61
2025-11-24 13:00:00+00:00,86004.39,86570.84,85952.54,86152.06,261701135.3
2025-11-24 14:00:00+00:00,86152.06,86647.47,85275.56,86151.64,498656963.3
2025-11-24 15:00:00+00:00,86151.64,86746.97,85916.28,86619.62,415887712.27
2025-11-24 16:00:00+00:00,86619.62,87691.04,86619.62,87174.73,413067073.56
2025-11-24 17:00:00+00:00,87174.73,88470.21,86955.34,88366.94,418747742.57
2025-11-24 18:00:00+00:00,88366.94,88723.7,88206.28,88715.9,344947425.75
2025-11-24 19:00:00+00:00,88715.9,88833.24,88138.84,88324.45,297488018.04
2025-11-24 20:00:00+00:00,88324.45,89224.27,88324.42,89086.25,360200104.3
2025-11-24 21:00:00+00:00,89086.25,89124.92,88720.92,88761.82,196609295.11
2025-11-24 22:00:00+00:00,88761.82,89089.0,88590.91,88629.6,138756584.27
2025-11-24 23:00:00+00:00,88629.6,88688.12,88247.65,88291.87,132858763.75
2025-11-25 00:00:00+00:00,88291.87,88291.91,87869.32,88099.08,220341519.52
2025-11-25 01:00:00+00:00,88099.08,88201.24,87720.93,87734.59,187827118.23
2025-11-25 02:00:00+00:00,87734.59,87939.5,87465.03,87905.33,190051306.32
2025-11-25 03:00:00+00:00,87905.33,88033.92,87551.32,87817.07,163470689.86
2025-11-25 04:00:00+00:00,87817.07,88508.75,87791.17,88340.67,176029040.8
2025-11-25 05:00:00+00:00,88340.67,88340.71,87936.65,88117.15,111709822.31
2025-11-25 06:00:00+00:00,88117.15,88144.77,87802.37,88002.04,124141099.72
2025-11-25 07:00:00+00:00,88002.04,88060.34,87346.85,87389.4,284666380.97
2025-11-25 08:00:00+00:00,87389.4,87610.27,86997.41,87013.09,212842949.21
2025-11-25 09:00:00+00:00,87013.09,87243.81,86676.62,87233.07,303285642.08
2025-11-25 10:00:00+00:00,87233.07,87427.99,86948.35,87408.54,127335659.41
2025-11-25 11:00:00+00:00,87408.54,87531.13,87309.84,87363.41,114153299.13
2025-11-25 12:00:00+00:00,87363.41,87773.21,87363.41,87511.85,216562002.72
2025-11-25 13:00:00+00:00,87511.85,87724.5,86873.31,87079.15,320306540.51
2025-11-25 14:00:00+00:00,87079.15,87297.49,86117.74,86743.84,585609992.15
2025-11-25 15:00:00+00:00,86743.84,87301.27,86200.42,86988.28,506852499.7
2025-11-25 16:00:00+00:00,86988.28,87290.67,86711.39,87122.43,273479241.09
2025-11-25 17:00:00+00:00,87122.43,88149.55,87049.04,87624.94,314052041.95
2025-11-25 18:00:00+00:00,87624.94,87829.84,87236.12,87237.06,208812819.77
2025-11-25 19:00:00+00:00,87237.06,87325.16,86184.07,86881.23,317908108.43
2025-11-25 20:00:00+00:00,86881.23,87462.44,86710.91,87409.7,221883566.27
2025-11-25 21:00:00+00:00,87409.7,87443.12,86985.23,87034.62,165550617.12
2025-11-25 22:00:00+00:00,87034.62,87721.83,86586.31,87639.69,178297844.72
2025-11-25 23:00:00+00:00,87639.69,87880.23,87327.48,87366.04,196359691.44
2025-11-26 00:00:00+00:00,87366.04,87772.5,87353.15,87576.05,194732899.19
2025-11-26 01:00:00+00:00,87576.05,88223.1,87339.86,87918.73,238890920.07
2025-11-26 02:00:00+00:00,87918.73,88088.39,87665.1,87710.86,153343278.33
2025-11-26 03:00:00+00:00,87710.86,87887.68,87070.81,87118.94,217471420.73
2025-11-26 04:00:00+00:00,87118.94,87366.18,86903.1,87232.04,150129661.07
2025-11-26 05:00:00+00:00,87232.04,87736.87,87223.79,87514.74,131005176.78
2025-11-26 06:00:00+00:00,87514.74,87884.01,87456.98,87797.31,206167204.42
2025-11-26 07:00:00+00:00,87797.31,87972.37,87699.21,87935.58,175910469.21
2025-11-26 08:00:00+00:00,87935.58,87939.45,87417.06,87421.99,141535199.34
2025-11-26 09:00:00+00:00,87421.99,87445.6,86750.38,86834.2,235413866.71
2025-11-26 10:00:00+00:00,86834.2,87061.47,86673.48,86956.05,130174026.09
2025-11-26 11:00:00+00:00,86956.05,87097.33,86848.3,87095.11,101994267.37
2025-11-26 12:00:00+00:00,87095.11,87175.34,86309.48,86648.4,232633131.2
2025-11-26 13:00:00+00:00,86648.4,87132.33,86570.58,87126.28,268690505.19
2025-11-26 14:00:00+00:00,87126.28,87685.92,86813.79,86899.3,356621010.24
2025-11-26 15:00:00+00:00,86899.3,87345.56,86690.28,86976.23,383067028.26
2025-11-26 16:00:00+00:00,86976.23,87938.72,86969.36,87825.11,348962630.87
2025-11-26 17:00:00+00:00,87825.11,89962.33,87715.2,89833.29,600802017.18
2025-11-26 18:00:00+00:00,89833.29,90410.31,89681.21,90147.03,528708827.86
2025-11-26 19:00:00+00:00,90147.03,90194.36,89738.31,89960.81,325624181.81
2025-11-26 20:00:00+00:00,89960.81,90109.51,89516.56,89869.33,312963750.73
2025-11-26 21:00:00+00:00,89869.33,90470.21,89815.48,90189.93,228379683.21
2025-11-26 22:00:00+00:00,90189.93,90632.72,90128.6,90382.86,180971839.06
2025-11-26 23:00:00+00:00,90382.86,90596.21,90314.08,90486.03,178705028.81
2025-11-27 00:00:00+00:00,90486.03,90585.71,90091.48,90476.43,242864373.39
2025-11-27 01:00:00+00:00,90476.43,91229.66,90383.17,91143.29,293943420.51
2025-11-27 02:00:00+00:00,91143.29,91908.03,90879.1,91382.54,643435943.39
2025-11-27 03:00:00+00:00,91382.54,91604.9,91045.66,91089.97,260081013.59
2025-11-27 04:00:00+00:00,91089.97,91345.88,91055.61,91273.96,164138539.84
2025-11-27 05:00:00+00:00,91273.96,91542.9,90893.56,90968.6,237678616.73
2025-11-27 06:00:00+00:00,90968.6,91437.04,90968.54,91238.45,149083656.91
2025-11-27 07:00:00+00:00,91238.45,91496.03,91136.22,91405.1,173576834.07
2025-11-27 08:00:00+00:00,91405.1,91515.74,91224.4,91484.73,154042007.85
2025-11-27 09:00:00+00:00,91484.73,91929.39,91468.39,91564.01,222878085.71
2025-11-27 10:00:00+00:00,91564.01,91741.45,91348.25,91613.57,184900084.52
2025-11-27 11:00:00+00:00,91613.57,91618.36,91308.56,91373.16,107892680.91
2025-11-27 12:00:00+00:00,91373.16,91454.28,90953.51,90988.13,212039501.75
2025-11-27 13:00:00+00:00,90988.13,91073.7,90451.84,90854.47,390627789.03
2025-11-27 14:00:00+00:00,90854.47,90977.25,90579.97,90791.7,200928477.07
2025-11-27 15:00:00+00:00,90791.7,90984.86,90632.8,90957.81,164904969.25
2025-11-27 16:00:00+00:00,90957.81,91558.56,90854.18,91466.08,267477337.73
2025-11-27 17:00:00+00:00,91466.08,91634.1,91306.61,91478.79,175959024.77
2025-11-27 18:00:00+00:00,91478.79,91840.05,91348.54,91791.25,154249820.11
2025-11-27 19:00:00+00:00,91791.25,91791.25,91509.7,91530.11,132697264.54
2025-11-27 20:00:00+00:00,91530.11,91596.5,91399.23,91435.99,149929801.85
2025-11-27 21:00:00+00:00,91435.99,91595.92,91220.11,91410.6,96533612.28
2025-11-27 22:00:00+00:00,91410.6,91590.36,91111.71,91322.1,108557085.61
2025-11-27 23:00:00+00:00,91322.1,91561.24,91214.95,91332.73,86756173.93
2025-11-28 00:00:00+00:00,91332.73,91416.92,91074.1,91206.6,123844273.85
2025-11-28 01:00:00+00:00,91206.6,91208.32,90800.96,90800.96,175634883.29
2025-11-28 02:00:00+00:00,90800.96,91132.1,90657.81,91077.53,236206165.34
2025-11-28 03:00:00+00:00,91077.53,91301.84,90997.23,91203.94,151342179.08
2025-11-28 04:00:00+00:00,91203.94,91483.75,91123.1,91424.05,115240135.55
2025-11-28 05:00:00+00:00,91424.05,91712.64,91303.66,91614.73,177083511.7
2025-11-28 06:00:00+00:00,91614.73,91614.81,91158.8,91299.88,139709998.31
2025-11-28 07:00:00+00:00,91299.88,91562.75,90864.61,90911.97,255123414.06
2025-11-28 08:00:00+00:00,90911.97,91707.38,90908.78,91686.26,288430351.19
2025-11-28 09:00:00+00:00,91686.26,91845.73,91436.81,91597.3,240537346.89
2025-11-28 10:00:00+00:00,91597.3,91868.18,91480.01,91843.69,179835665.9
2025-11-28 11:00:00+00:00,91843.69,92003.51,91063.0,91435.51,265094097.45
2025-11-28 12:00:00+00:00,91435.51,91682.46,91401.9,91509.72,151209349.73
2025-11-28 13:00:00+00:00,91509.72,92594.92,91381.11,92367.04,392884729.65
2025-11-28 14:00:00+00:00,92367.04,93052.62,91822.24,92246.17,692971041.77
2025-11-28 15:00:00+00:00,92246.17,92792.22,91987.35,92360.47,392896069.54
2025-11-28 16:00:00+00:00,92360.47,92369.85,90879.98,90933.21,459931585.14
2025-11-28 17:00:00+00:00,90933.21,91200.87,90201.02,90620.23,682858630.74
2025-11-28 18:00:00+00:00,90620.23,90959.39,90426.45,90827.15,270589033.34
2025-11-28 19:00:00+00:00,90827.15,91202.27,90823.34,91154.52,148794344.23
2025-11-28 20:00:00+00:00,91154.52,91220.54,90868.05,91195.92,140263264.6
2025-11-28 21:00:00+00:00,91195.92,91244.55,90883.17,90883.28,116276123.97
2025-11-28 22:00:00+00:00,90883.28,91154.52,90705.26,91113.84,135707668.63
2025-11-28 23:00:00+00:00,91113.84,91192.36,90888.32,90890.61,86823805.71
2025-11-29 00:00:00+00:00,90890.61,90968.88,90768.34,90883.6,100495476.56
2025-11-29 01:00:00+00:00,90883.6,91119.4,90799.76,90882.35,85345418.5
2025-11-29 02:00:00+00:00,90882.35,90926.06,90546.42,90795.17,120876754.86
2025-11-29 03:00:00+00:00,90795.17,90866.79,90667.18,90684.02,69706837.95
2025-11-29 04:00:00+00:00,90684.02,90910.13,90554.09,90901.61,69087611.95
2025-11-29 05:00:00+00:00,90901.61,90928.15,90732.35,90754.86,67039040.99
2025-11-29 06:00:00+00:00,90754.86,90829.45,90326.97,90567.26,172147601.86
2025-11-29 07:00:00+00:00,90567.26,90668.62,90375.43,90565.06,148718249.45
2025-11-29 08:00:00+00:00,90565.06,90733.88,90481.18,90630.81,120894563.23
2025-11-29 09:00:00+00:00,90630.81,90669.4,90505.6,90565.18,121466829.06
2025-11-29 10:00:00+00:00,90565.18,90646.6,90383.74,90557.07,96428861.11
2025-11-29 11:00:00+00:00,90557.07,90684.85,90462.58,90674.79,71035414.07
2025-11-29 12:00:00+00:00,90674.79,90808.68,90536.38,90621.31,69535375.32
2025-11-29 13:00:00+00:00,90621.31,90806.77,90599.06,90784.69,70257066.98
2025-11-29 14:00:00+00:00,90784.69,90784.83,90621.03,90627.9,68470968.18
2025-11-29 15:00:00+00:00,90627.9,91108.89,90627.9,91066.31,164723509.08
2025-11-29 16:00:00+00:00,91066.31,91167.32,90869.88,91008.32,92609998.95
2025-11-29 17:00:00+00:00,91008.32,91024.65,90431.87,90433.2,190184743.76
2025-11-29 18:00:00+00:00,90433.2,90721.14,90166.93,90696.45,241544544.48
2025-11-29 19:00:00+00:00,90696.45,90852.03,90605.92,90646.48,80330572.73
2025-11-29 20:00:00+00:00,90646.48,91040.54,90409.75,90969.9,124298484.83
2025-11-29 21:00:00+00:00,90969.9,91052.21,90815.49,91012.02,78853973.88
2025-11-29 22:00:00+00:00,91012.02,91012.07,90710.61,90756.72,84324434.68
2025-11-29 23:00:00+00:00,90756.72,90899.45,90695.75,90807.82,51759476.57
2025-11-30 00:00:00+00:00,90807.82,90945.44,90772.89,90892.74,57909379.24
2025-11-30 01:00:00+00:00,90892.74,91053.87,90864.8,90913.2,79560088.0
2025-11-30 02:00:00+00:00,90913.2,91033.19,90753.79,90790.29,87790698.35
2025-11-30 03:00:00+00:00,90790.29,90922.62,90470.08,90913.8,131949549.09
2025-11-30 04:00:00+00:00,90913.8,90973.59,90800.64,90856.11,50831329.07
2025-11-30 05:00:00+00:00,90856.11,90856.11,90675.63,90789.07,68520838.94
2025-11-30 06:00:00+00:00,90789.07,90938.67,90720.24,90895.23,85159332.17
2025-11-30 07:00:00+00:00,90895.23,91039.14,90862.22,90966.38,112027654.28
2025-11-30 08:00:00+00:00,90966.38,91409.86,90931.37,91178.85,261316796.88
2025-11-30 09:00:00+00:00,91178.85,91625.3,91130.48,91405.55,217088402.65
2025-11-30 10:00:00+00:00,91405.55,91459.88,91198.02,91229.46,68259953.73
2025-11-30 11:00:00+00:00,91229.46,91391.47,90996.4,91047.59,126612673.27
2025-11-30 12:00:00+00:00,91047.59,91526.69,91006.36,91468.06,139457048.28
2025-11-30 13:00:00+00:00,91468.06,91974.36,91402.73,91765.94,287403246.65
2025-11-30 14:00:00+00:00,91765.94,91774.65,91255.91,91496.36,145856105.33
2025-11-30 15:00:00+00:00,91496.36,91606.3,91325.4,91440.2,125307239.7
2025-11-30 16:00:00+00:00,91440.2,91850.78,91408.02,91822.93,98372033.5
2025-11-30 17:00:00+00:00,91822.93,91822.93,91313.84,91487.78,96457951.61
2025-11-30 18:00:00+00:00,91487.78,91487.78,91161.67,91458.84,94731928.66
2025-11-30 19:00:00+00:00,91458.84,91495.52,91300.95,91467.07,60555548.63
2025-11-30 20:00:00+00:00,91467.07,91626.06,91182.46,91314.58,82206653.83
2025-11-30 21:00:00+00:00,91314.58,91330.25,90896.02,91173.83,149816429.16
2025-11-30 22:00:00+00:00,91173.83,91344.0,91045.42,91225.55,89473930.71
2025-11-30 23:00:00+00:00,91225.55,91250.3,90341.62,90361.5,270895008.01
2025-12-01 00:00:00+00:00,90361.5,90418.33,86975.25,87001.94,1179249199.7
2025-12-01 01:00:00+00:00,87001.94,87745.85,86946.39,87168.9,527613324.18
2025-12-01 02:00:00+00:00,87168.9,87500.98,86478.48,86723.68,502860457.56
2025-12-01 03:00:00+00:00,86723.68,86812.16,86174.41,86353.39,442997820.84
2025-12-01 04:00:00+00:00,86353.39,86356.21,85700.92,85806.47,382766395.77
2025-12-01 05:00:00+00:00,85806.47,86010.47,85612.28,86006.56,205147054.23
2025-12-01 06:00:00+00:00,86006.56,86356.43,85980.62,86238.24,233384418.05
2025-12-01 07:00:00+00:00,86238.24,86571.07,86056.18,86549.72,306731942.32
2025-12-01 08:00:00+00:00,86549.72,86888.79,86394.38,86873.89,275623657.64
2025-12-01 09:00:00+00:00,86873.89,86936.87,86526.86,86708.15,298606179.91
2025-12-01 10:00:00+00:00,86708.15,86815.28,86553.09,86647.19,124537444.87
2025-12-01 11:00:00+00:00,86647.19,86698.89,86133.42,86144.34,203217164.95
2025-12-01 12:00:00+00:00,86144.34,86234.61,84765.15,85430.79,562022017.95
2025-12-01 13:00:00+00:00,85430.79,86144.19,85354.23,85987.0,402267421.87
2025-12-01 14:00:00+00:00,85987.0,86667.18,85879.23,86063.64,496057281.3
2025-12-01 15:00:00+00:00,86063.64,86131.84,83827.65,84679.67,759729756.51
2025-12-01 16:00:00+00:00,84679.67,85451.57,84042.73,84549.85,568556070.88
2025-12-01 17:00:00+00:00,84549.85,85264.28,84450.3,84945.66,295642064.62
2025-12-01 18:00:00+00:00,84945.66,85544.89,84723.52,85196.76,311124222.46
2025-12-01 19:00:00+00:00,85196.76,85295.32,84606.51,85023.64,228610575.83
2025-12-01 20:00:00+00:00,85023.64,85828.27,85016.01,85512.65,349558417.89
2025-12-01 21:00:00+00:00,85512.65,86495.67,85497.82,86436.88,375700395.43
2025-12-01 22:00:00+00:00,86436.88,86855.98,86296.58,86574.85,219444697.01
2025-12-01 23:00:00+00:00,86574.85,86827.3,86250.59,86286.7,174233648.71
2025-12-02 00:00:00+00:00,86286.7,86668.61,86186.73,86512.23,215406765.24
2025-12-02 01:00:00+00:00,86512.23,87343.47,86392.08,86453.51,340609717.47
2025-12-02 02:00:00+00:00,86453.51,86856.03,86275.38,86550.27,195997864.85
2025-12-02 03:00:00+00:00,86550.27,87097.45,86217.01,86975.87,191587609.61
2025-12-02 04:00:00+00:00,86975.87,87275.4,86903.89,86966.99,168136914.49
2025-12-02 05:00:00+00:00,86966.99,87117.47,86821.16,87010.64,113190700.4
2025-12-02 06:00:00+00:00,87010.64,87180.16,86867.49,87090.37,147845266.51
2025-12-02 07:00:00+00:00,87090.37,87116.72,86886.16,87012.05,144060398.77
2025-12-02 08:00:00+00:00,87012.05,87045.43,86357.45,86470.95,262216732.39
2025-12-02 09:00:00+00:00,86470.95,86999.03,86453.44,86772.0,202723291.59
2025-12-02 10:00:00+00:00,86772.0,87583.28,86761.84,87278.86,194795084.87
2025-12-02 11:00:00+00:00,87278.86,87600.32,87000.82,87368.14,206210744.5
2025-12-02 12:00:00+00:00,87368.14,87553.17,87219.85,87269.16,215270432.32
2025-12-02 13:00:00+00:00,87269.16,87878.8,87058.85,87732.09,338405996.93
2025-12-02 14:00:00+00:00,87732.09,89268.99,87606.54,89268.7,677412780.48
2025-12-02 15:00:00+00:00,89268.7,91185.59,89266.21,90851.1,1095898998.19
2025-12-02 16:00:00+00:00,90851.1,91266.9,90212.61,90752.07,571950506.34
2025-12-02 17:00:00+00:00,90752.07,91989.14,90739.59,91453.06,471512905.34
2025-12-02 18:00:00+00:00,91453.06,92217.19,91374.86,91946.56,484282806.57
2025-12-02 19:00:00+00:00,91946.56,92299.31,91855.6,91898.9,289552576.45
2025-12-02 20:00:00+00:00,91898.9,91921.43,90733.14,91026.07,490380083.84
2025-12-02 21:00:00+00:00,91026.07,91632.29,90969.67,91565.63,225110322.16
2025-12-02 22:00:00+00:00,91565.63,91996.23,91516.13,91984.5,250714139.09
2025-12-02 23:00:00+00:00,91984.5,91984.52,91276.73,91281.79,174344357.7
2025-12-03 00:00:00+00:00,91281.79,91746.81,91000.03,91658.41,311225972.43
2025-12-03 01:00:00+00:00,91658.41,92465.22,91470.23,92243.54,323966804.57
2025-12-03 02:00:00+00:00,92243.54,93047.42,92161.08,92815.61,388076215.18
2025-12-03 03:00:00+00:00,92815.61,93072.38,92593.79,92628.49,236135975.17
2025-12-03 04:00:00+00:00,92628.49,93450.74,92622.67,93349.93,327137085.31
2025-12-03 05:00:00+00:00,93349.93,93653.47,93112.28,93634.72,322860998.02
2025-12-03 06:00:00+00:00,93634.72,93953.43,93160.01,93433.75,332597535.94
2025-12-03 07:00:00+00:00,93433.75,93461.37,92874.29,92998.27,329983934.79
2025-12-03 08:00:00+00:00,92998.27,93174.48,92686.96,92767.54,242766715.65
2025-12-03 09:00:00+00:00,92767.54,93210.04,92715.26,93178.54,176505060.61
2025-12-03 10:00:00+00:00,93178.54,93386.45,92865.22,92939.73,187236183.21
2025-12-03 11:00:00+00:00,92939.73,93051.62,92671.94,93007.04,206784302.19
2025-12-03 12:00:00+00:00,93007.04,93102.31,92685.1,92933.03,260425441.22
2025-12-03 13:00:00+00:00,92933.03,93254.51,92893.46,93131.36,276987712.07
2025-12-03 14:00:00+00:00,93131.36,93685.85,91707.71,92355.36,1044107579.71
2025-12-03 15:00:00+00:00,92355.36,92992.9,91928.76,92373.96,510716113.57
2025-12-03 16:00:00+00:00,92373.96,92736.84,91827.35,92247.45,319250690.37
2025-12-03 17:00:00+00:00,92247.45,93038.12,92211.45,92956.68,347627193.23
2025-12-03 18:00:00+00:00,92956.68,93503.44,92387.48,92617.85,320682681.73
2025-12-03 19:00:00+00:00,92617.85,93096.43,92534.46,93025.35,171370748.84
2025-12-03 20:00:00+00:00,93025.35,93383.61,92832.88,92975.38,255529931.09
2025-12-03 21:00:00+00:00,92975.38,93764.13,92857.09,93704.83,249983024.65
2025-12-03 22:00:00+00:00,93704.83,94140.03,93306.34,93784.19,378221233.02
2025-12-03 23:00:00+00:00,93784.19,94088.46,93388.64,93433.61,258830587.85
2025-12-04 00:00:00+00:00,93433.61,93477.08,92675.98,93053.28,278432732.24
2025-12-04 01:00:00+00:00,93053.28,93751.5,92989.53,93191.37,278053429.14
2025-12-04 02:00:00+00:00,93191.37,94056.37,93121.04,93937.91,282059726.98
2025-12-04 03:00:00+00:00,93937.91,94071.59,93401.59,93539.08,190511026.7
2025-12-04 04:00:00+00:00,93539.08,93584.85,93227.86,93354.5,110791765.75
2025-12-04 05:00:00+00:00,93354.5,93375.5,92784.38,92975.92,219862413.09
2025-12-04 06:00:00+00:00,92975.92,93372.21,92844.22,93139.0,212218807.27
2025-12-04 07:00:00+00:00,93139.0,93413.28,92893.2,93397.05,158900654.99
2025-12-04 08:00:00+00:00,93397.05,93594.36,93043.97,93252.93,170406322.3
2025-12-04 09:00:00+00:00,93252.93,93611.65,93237.97,93453.96,183779445.3
2025-12-04 10:00:00+00:00,93453.96,93556.13,93163.94,93256.21,137266159.46
2025-12-04 11:00:00+00:00,93256.21,93313.06,92740.52,92940.25,195906230.9
2025-12-04 12:00:00+00:00,92940.25,93194.1,92783.73,92989.49,168312933.93
2025-12-04 13:00:00+00:00,92989.49,93054.02,92435.63,92523.56,315998621.94
2025-12-04 14:00:00+00:00,92523.56,92821.07,91804.14,91896.55,426445503.27
2025-12-04 15:00:00+00:00,91896.55,93239.73,91893.37,92973.2,462363787.89
2025-12-04 16:00:00+00:00,92973.2,93174.63,92273.92,92433.1,327006619.61
2025-12-04 17:00:00+00:00,92433.1,92536.95,91758.98,92426.43,316838140.85
2025-12-04 18:00:00+00:00,92426.43,92552.16,91947.93,92128.1,190889081.96
2025-12-04 19:00:00+00:00,92128.1,92173.86,90891.11,91974.75,491974504.62
2025-12-04 20:00:00+00:00,91974.75,92530.4,91692.46,92501.44,262022637.64
2025-12-04 21:00:00+00:00,92501.44,92711.93,92088.63,92155.16,172824771.2
2025-12-04 22:00:00+00:00,92155.16,92492.4,92151.09,92347.2,86626801.76
2025-12-04 23:00:00+00:00,92347.2,92459.42,92073.85,92074.16,111281521.27
2025-12-05 00:00:00+00:00,92074.16,92471.94,92062.75,92300.04,112205598.95
2025-12-05 01:00:00+00:00,92300.04,92594.8,92230.08,92360.32,139996355.91
<<<<<<< Updated upstream
<<<<<<< Updated upstream
<<<<<<< Updated upstream
2025-12-05 02:00:00+00:00,92360.32,92541.42,92255.21,92535.99,37782970.72
=======
2025-12-05 02:00:00+00:00,92360.32,92618.49,92255.21,92572.34,55057872.2
>>>>>>> Stashed changes
=======
2025-12-05 02:00:00+00:00,92360.32,92687.76,92255.21,92654.8,85218903.73
>>>>>>> Stashed changes
=======
2025-12-05 02:00:00+00:00,92360.32,92687.76,92255.21,92631.0,90924267.09
>>>>>>> Stashed changes
