time,open,high,low,close,volume
2025-09-12 17:00:00+00:00,4575.64,4627.79,4564.57,4612.96,513721462.05
2025-09-12 18:00:00+00:00,4612.96,4627.38,4599.54,4624.56,320836325.22
2025-09-12 19:00:00+00:00,4624.56,4660.21,4614.36,4657.96,400822180.66
2025-09-12 20:00:00+00:00,4657.96,4692.04,4630.43,4670.42,488724144.2
2025-09-12 21:00:00+00:00,4670.42,4671.26,4644.38,4649.74,229772509.93
2025-09-12 22:00:00+00:00,4649.74,4732.19,4649.74,4695.0,483456635.47
2025-09-12 23:00:00+00:00,4695.0,4714.77,4671.27,4712.1,290435736.03
2025-09-13 00:00:00+00:00,4712.1,4716.18,4696.86,4704.88,203906268.25
2025-09-13 01:00:00+00:00,4704.88,4733.58,4700.13,4700.31,305539707.12
2025-09-13 02:00:00+00:00,4700.31,4713.94,4692.15,4702.66,168643800.42
2025-09-13 03:00:00+00:00,4702.66,4765.69,4701.71,4756.49,522293384.74
2025-09-13 04:00:00+00:00,4756.49,4756.49,4734.54,4742.56,203270782.14
2025-09-13 05:00:00+00:00,4742.56,4742.85,4717.94,4723.24,207719570.45
2025-09-13 06:00:00+00:00,4723.24,4730.8,4702.32,4711.11,217088749.84
2025-09-13 07:00:00+00:00,4711.11,4723.34,4707.5,4711.48,146059363.44
2025-09-13 08:00:00+00:00,4711.48,4731.09,4711.48,4730.22,149024751.95
2025-09-13 09:00:00+00:00,4730.22,4733.29,4720.7,4732.34,164514694.84
2025-09-13 10:00:00+00:00,4732.34,4738.65,4710.42,4717.96,185730424.5
2025-09-13 11:00:00+00:00,4717.96,4724.6,4708.95,4719.54,128055937.31
2025-09-13 12:00:00+00:00,4719.54,4730.08,4714.66,4720.39,114480070.67
2025-09-13 13:00:00+00:00,4720.39,4725.39,4663.59,4685.63,388485391.58
2025-09-13 14:00:00+00:00,4685.63,4708.86,4666.22,4689.03,345004749.09
2025-09-13 15:00:00+00:00,4689.03,4705.12,4646.28,4654.11,463647711.98
2025-09-13 16:00:00+00:00,4654.11,4667.71,4616.66,4623.69,514130753.59
2025-09-13 17:00:00+00:00,4623.69,4642.37,4605.92,4634.12,338598931.35
2025-09-13 18:00:00+00:00,4634.12,4651.52,4625.28,4643.2,161488304.87
2025-09-13 19:00:00+00:00,4643.2,4648.76,4635.4,4638.15,132306230.73
2025-09-13 20:00:00+00:00,4638.15,4662.14,4637.54,4657.58,180129084.39
2025-09-13 21:00:00+00:00,4657.58,4667.6,4656.89,4663.59,124084106.09
2025-09-13 22:00:00+00:00,4663.59,4665.62,4647.99,4658.68,100634027.21
2025-09-13 23:00:00+00:00,4658.68,4673.0,4656.7,4666.79,141368807.82
2025-09-14 00:00:00+00:00,4666.79,4681.31,4659.69,4670.5,146920676.87
2025-09-14 01:00:00+00:00,4670.5,4678.19,4650.8,4673.13,146291136.13
2025-09-14 02:00:00+00:00,4673.13,4692.15,4671.26,4683.36,162081547.25
2025-09-14 03:00:00+00:00,4683.36,4686.81,4661.25,4663.27,171082675.5
2025-09-14 04:00:00+00:00,4663.27,4667.5,4634.11,4659.12,222717924.95
2025-09-14 05:00:00+00:00,4659.12,4679.59,4658.66,4676.11,135282204.16
2025-09-14 06:00:00+00:00,4676.11,4681.52,4660.0,4666.11,151167322.65
2025-09-14 07:00:00+00:00,4666.11,4668.02,4641.94,4650.94,148607943.77
2025-09-14 08:00:00+00:00,4650.94,4664.66,4645.9,4656.11,125782407.73
2025-09-14 09:00:00+00:00,4656.11,4674.1,4652.87,4665.42,111420897.43
2025-09-14 10:00:00+00:00,4665.42,4669.47,4657.25,4659.71,94097270.22
2025-09-14 11:00:00+00:00,4659.71,4667.98,4626.95,4634.78,221639126.46
2025-09-14 12:00:00+00:00,4634.78,4644.78,4615.55,4632.69,261900895.22
2025-09-14 13:00:00+00:00,4632.69,4635.28,4606.86,4613.09,292240813.36
2025-09-14 14:00:00+00:00,4613.09,4644.64,4581.93,4601.97,885037983.31
2025-09-14 15:00:00+00:00,4601.97,4604.8,4577.72,4582.41,306768467.28
2025-09-14 16:00:00+00:00,4582.41,4610.47,4579.81,4596.65,258470946.53
2025-09-14 17:00:00+00:00,4596.65,4629.28,4591.25,4620.1,280688338.96
2025-09-14 18:00:00+00:00,4620.1,4620.45,4600.74,4603.62,157450451.49
2025-09-14 19:00:00+00:00,4603.62,4625.17,4592.51,4615.66,157689322.6
2025-09-14 20:00:00+00:00,4615.66,4628.05,4614.23,4616.84,135161703.53
2025-09-14 21:00:00+00:00,4616.84,4636.1,4599.06,4629.84,187880663.28
2025-09-14 22:00:00+00:00,4629.84,4636.56,4611.0,4629.29,171279854.19
2025-09-14 23:00:00+00:00,4629.29,4629.86,4602.1,4604.53,172458292.86
2025-09-15 00:00:00+00:00,4604.53,4615.96,4587.85,4601.77,209720205.41
2025-09-15 01:00:00+00:00,4601.77,4623.12,4580.39,4618.24,249501952.93
2025-09-15 02:00:00+00:00,4618.24,4629.93,4610.62,4620.26,175198795.9
2025-09-15 03:00:00+00:00,4620.26,4643.39,4619.47,4636.2,236279686.56
2025-09-15 04:00:00+00:00,4636.2,4660.38,4636.2,4642.27,248479609.87
2025-09-15 05:00:00+00:00,4642.27,4664.05,4640.22,4662.62,167914092.73
2025-09-15 06:00:00+00:00,4662.62,4670.01,4617.73,4629.85,246974357.24
2025-09-15 07:00:00+00:00,4629.85,4642.44,4588.71,4597.56,379140881.19
2025-09-15 08:00:00+00:00,4597.56,4597.56,4509.0,4511.14,816235863.76
2025-09-15 09:00:00+00:00,4511.14,4535.86,4500.41,4526.48,518908549.99
2025-09-15 10:00:00+00:00,4526.48,4535.4,4506.84,4529.98,312848991.11
2025-09-15 11:00:00+00:00,4529.98,4539.6,4522.47,4530.75,245338163.95
2025-09-15 12:00:00+00:00,4530.75,4536.9,4509.18,4514.76,313898522.1
2025-09-15 13:00:00+00:00,4514.76,4541.98,4493.73,4516.03,451095617.32
2025-09-15 14:00:00+00:00,4516.03,4530.1,4498.24,4511.39,311929215.7
2025-09-15 15:00:00+00:00,4511.39,4521.42,4466.48,4500.21,517392258.63
2025-09-15 16:00:00+00:00,4500.21,4511.82,4479.89,4495.36,279241634.3
2025-09-15 17:00:00+00:00,4495.36,4510.0,4474.82,4509.81,237766167.58
2025-09-15 18:00:00+00:00,4509.81,4512.64,4486.79,4501.37,171986771.27
2025-09-15 19:00:00+00:00,4501.37,4514.09,4476.22,4493.6,227608264.91
2025-09-15 20:00:00+00:00,4493.6,4513.06,4488.48,4510.73,138098723.55
2025-09-15 21:00:00+00:00,4510.73,4528.46,4506.8,4524.28,121776091.24
2025-09-15 22:00:00+00:00,4524.28,4530.05,4509.63,4513.61,100176257.36
2025-09-15 23:00:00+00:00,4513.61,4528.42,4508.43,4523.59,81463407.98
2025-09-16 00:00:00+00:00,4523.59,4523.61,4504.72,4513.44,117747428.97
2025-09-16 01:00:00+00:00,4513.44,4537.99,4513.21,4517.63,158893499.27
2025-09-16 02:00:00+00:00,4517.63,4531.73,4513.58,4513.92,92462676.51
2025-09-16 03:00:00+00:00,4513.92,4531.79,4513.78,4520.91,96767597.41
2025-09-16 04:00:00+00:00,4520.91,4523.35,4488.84,4518.96,154819207.15
2025-09-16 05:00:00+00:00,4518.96,4532.48,4512.14,4529.23,163522631.41
2025-09-16 06:00:00+00:00,4529.23,4535.98,4493.63,4508.87,197482029.44
2025-09-16 07:00:00+00:00,4508.87,4515.99,4502.45,4512.74,125426625.18
2025-09-16 08:00:00+00:00,4512.74,4531.52,4499.06,4511.52,198120535.83
2025-09-16 09:00:00+00:00,4511.52,4516.85,4503.14,4511.59,112976864.94
2025-09-16 10:00:00+00:00,4511.59,4514.71,4493.63,4498.6,150971169.58
2025-09-16 11:00:00+00:00,4498.6,4506.94,4493.64,4501.35,134553489.2
2025-09-16 12:00:00+00:00,4501.35,4507.18,4495.92,4500.05,135297951.03
2025-09-16 13:00:00+00:00,4500.05,4512.63,4434.38,4473.52,632624358.88
2025-09-16 14:00:00+00:00,4473.52,4473.53,4425.1,4446.84,538551194.51
2025-09-16 15:00:00+00:00,4446.84,4472.12,4430.47,4468.05,379115206.83
2025-09-16 16:00:00+00:00,4468.05,4471.76,4447.07,4463.45,362275860.95
2025-09-16 17:00:00+00:00,4463.45,4510.41,4462.55,4486.7,428869204.57
2025-09-16 18:00:00+00:00,4486.7,4496.35,4466.06,4474.46,172162636.83
2025-09-16 19:00:00+00:00,4474.46,4494.77,4470.96,4491.22,168611284.21
2025-09-16 20:00:00+00:00,4491.22,4498.61,4483.57,4498.26,127018533.89
2025-09-16 21:00:00+00:00,4498.26,4510.03,4490.28,4507.68,119841079.64
2025-09-16 22:00:00+00:00,4507.68,4525.26,4501.03,4520.3,177557256.73
2025-09-16 23:00:00+00:00,4520.3,4523.72,4495.61,4501.31,155125683.79
2025-09-17 00:00:00+00:00,4501.31,4516.61,4492.9,4513.39,161254585.06
2025-09-17 01:00:00+00:00,4513.39,4519.7,4502.55,4513.81,138730076.07
2025-09-17 02:00:00+00:00,4513.81,4552.69,4507.48,4531.03,282850657.1
2025-09-17 03:00:00+00:00,4531.03,4531.07,4495.97,4497.52,249167875.87
2025-09-17 04:00:00+00:00,4497.52,4504.99,4463.55,4477.22,181637504.33
2025-09-17 05:00:00+00:00,4477.22,4518.39,4476.84,4514.86,227626452.34
2025-09-17 06:00:00+00:00,4514.86,4550.27,4505.64,4546.05,367598780.84
2025-09-17 07:00:00+00:00,4546.05,4555.21,4537.28,4543.73,228414111.99
2025-09-17 08:00:00+00:00,4543.73,4545.21,4498.03,4511.3,278377991.17
2025-09-17 09:00:00+00:00,4511.3,4511.3,4494.95,4495.03,125238508.95
2025-09-17 10:00:00+00:00,4495.03,4500.98,4479.14,4484.19,147938964.23
2025-09-17 11:00:00+00:00,4484.19,4497.66,4479.62,4491.76,111240206.61
2025-09-17 12:00:00+00:00,4491.76,4513.29,4483.65,4502.53,144623399.27
2025-09-17 13:00:00+00:00,4502.53,4512.42,4483.93,4495.94,234758912.28
2025-09-17 14:00:00+00:00,4495.94,4503.86,4467.96,4490.09,261527130.92
2025-09-17 15:00:00+00:00,4490.09,4498.92,4482.34,4489.77,187803897.82
2025-09-17 16:00:00+00:00,4489.77,4492.18,4470.65,4487.45,199489208.52
2025-09-17 17:00:00+00:00,4487.45,4533.51,4473.71,4503.91,423655307.25
2025-09-17 18:00:00+00:00,4503.91,4504.79,4425.65,4456.69,1471286984.87
2025-09-17 19:00:00+00:00,4456.69,4526.7,4455.22,4518.12,579486548.57
2025-09-17 20:00:00+00:00,4518.12,4541.22,4495.47,4501.61,279538204.08
2025-09-17 21:00:00+00:00,4501.61,4538.63,4486.79,4529.07,199070302.77
2025-09-17 22:00:00+00:00,4529.07,4601.2,4527.41,4587.2,384469027.71
2025-09-17 23:00:00+00:00,4587.2,4616.89,4581.77,4590.6,354473958.21
2025-09-18 00:00:00+00:00,4590.6,4609.67,4583.16,4584.93,311378808.28
2025-09-18 01:00:00+00:00,4584.93,4633.29,4580.27,4618.87,277147296.33
2025-09-18 02:00:00+00:00,4618.87,4619.7,4604.61,4613.55,186807312.23
2025-09-18 03:00:00+00:00,4613.55,4644.35,4609.4,4614.3,286314451.56
2025-09-18 04:00:00+00:00,4614.3,4619.95,4598.55,4611.57,177306886.39
2025-09-18 05:00:00+00:00,4611.57,4611.58,4585.23,4589.6,139418636.75
2025-09-18 06:00:00+00:00,4589.6,4593.45,4553.64,4571.45,313808592.69
2025-09-18 07:00:00+00:00,4571.45,4583.72,4571.45,4574.9,148841694.59
2025-09-18 08:00:00+00:00,4574.9,4607.83,4571.92,4602.3,160113655.67
2025-09-18 09:00:00+00:00,4602.3,4603.76,4590.1,4597.28,138705299.17
2025-09-18 10:00:00+00:00,4597.28,4600.83,4570.8,4574.54,160749511.39
2025-09-18 11:00:00+00:00,4574.54,4588.78,4569.01,4576.06,110724474.75
2025-09-18 12:00:00+00:00,4576.06,4587.93,4568.75,4571.26,146826193.12
2025-09-18 13:00:00+00:00,4571.26,4604.86,4559.0,4588.27,307257600.68
2025-09-18 14:00:00+00:00,4588.27,4624.79,4587.51,4596.39,382233696.56
2025-09-18 15:00:00+00:00,4596.39,4608.52,4587.43,4599.47,263302175.65
2025-09-18 16:00:00+00:00,4599.47,4636.3,4590.64,4621.36,285969216.64
2025-09-18 17:00:00+00:00,4621.36,4630.32,4596.55,4609.48,309076264.57
2025-09-18 18:00:00+00:00,4609.48,4622.54,4602.93,4618.35,146473966.81
2025-09-18 19:00:00+00:00,4618.35,4618.88,4580.88,4588.34,206816122.46
2025-09-18 20:00:00+00:00,4588.34,4605.71,4587.71,4604.79,127591367.95
2025-09-18 21:00:00+00:00,4604.79,4605.12,4591.03,4594.79,86397966.9
2025-09-18 22:00:00+00:00,4594.79,4601.51,4587.27,4591.0,101770742.46
2025-09-18 23:00:00+00:00,4591.0,4592.38,4570.69,4587.54,157583941.62
2025-09-19 00:00:00+00:00,4587.54,4612.08,4587.54,4609.29,121621185.86
2025-09-19 01:00:00+00:00,4609.29,4620.58,4598.42,4607.24,142002711.32
2025-09-19 02:00:00+00:00,4607.24,4614.92,4588.19,4588.83,93138945.86
2025-09-19 03:00:00+00:00,4588.83,4601.63,4543.78,4549.9,360955698.49
2025-09-19 04:00:00+00:00,4549.9,4559.22,4532.68,4558.22,223167699.48
2025-09-19 05:00:00+00:00,4558.22,4558.51,4528.08,4540.86,141449250.1
2025-09-19 06:00:00+00:00,4540.86,4542.92,4520.77,4524.09,146641661.52
2025-09-19 07:00:00+00:00,4524.09,4543.6,4518.79,4539.38,167315067.97
2025-09-19 08:00:00+00:00,4539.38,4549.2,4532.05,4534.24,108574192.7
2025-09-19 09:00:00+00:00,4534.24,4543.4,4516.41,4522.86,151006720.28
2025-09-19 10:00:00+00:00,4522.86,4533.39,4518.21,4528.12,127430673.13
2025-09-19 11:00:00+00:00,4528.12,4528.83,4508.58,4514.01,139846857.27
2025-09-19 12:00:00+00:00,4514.01,4521.71,4509.39,4518.52,167777592.82
2025-09-19 13:00:00+00:00,4518.52,4537.44,4510.75,4528.15,209701947.46
2025-09-19 14:00:00+00:00,4528.15,4544.42,4487.39,4495.58,470741150.46
2025-09-19 15:00:00+00:00,4495.58,4497.82,4446.14,4475.04,505298246.34
2025-09-19 16:00:00+00:00,4475.04,4489.56,4472.39,4481.75,148082245.3
2025-09-19 17:00:00+00:00,4481.75,4481.83,4458.32,4459.88,164144102.14
2025-09-19 18:00:00+00:00,4459.88,4462.56,4437.0,4448.88,265834744.29
2025-09-19 19:00:00+00:00,4448.88,4466.06,4441.22,4441.22,161380111.17
2025-09-19 20:00:00+00:00,4441.22,4465.0,4439.81,4459.5,113501512.93
2025-09-19 21:00:00+00:00,4459.5,4472.18,4450.85,4471.83,78377245.49
2025-09-19 22:00:00+00:00,4471.83,4478.41,4469.01,4469.2,44091372.85
2025-09-19 23:00:00+00:00,4469.2,4469.88,4446.91,4468.87,96290675.79
2025-09-20 00:00:00+00:00,4468.87,4476.03,4461.13,4476.02,71175608.16
2025-09-20 01:00:00+00:00,4476.02,4476.19,4458.8,4466.68,87639596.7
2025-09-20 02:00:00+00:00,4466.68,4469.38,4454.84,4465.95,69643558.4
2025-09-20 03:00:00+00:00,4465.95,4467.65,4459.65,4465.75,36277167.66
2025-09-20 04:00:00+00:00,4465.75,4476.63,4463.26,4474.4,48379227.49
2025-09-20 05:00:00+00:00,4474.4,4484.37,4466.85,4478.9,81909226.51
2025-09-20 06:00:00+00:00,4478.9,4478.9,4470.96,4473.3,48938016.55
2025-09-20 07:00:00+00:00,4473.3,4483.5,4469.68,4483.45,68746058.26
2025-09-20 08:00:00+00:00,4483.45,4483.45,4464.94,4466.0,72851475.29
2025-09-20 09:00:00+00:00,4466.0,4472.29,4456.74,4466.11,81082715.2
2025-09-20 10:00:00+00:00,4466.11,4476.14,4464.17,4464.24,49620818.5
2025-09-20 11:00:00+00:00,4464.24,4471.5,4464.01,4470.31,64457720.79
2025-09-20 12:00:00+00:00,4470.31,4471.03,4463.81,4466.0,54954112.24
2025-09-20 13:00:00+00:00,4466.0,4471.56,4463.71,4468.4,55641820.78
2025-09-20 14:00:00+00:00,4468.4,4496.77,4464.17,4487.38,166020505.23
2025-09-20 15:00:00+00:00,4487.38,4507.23,4487.14,4498.16,206128039.48
2025-09-20 16:00:00+00:00,4498.16,4508.73,4489.79,4502.47,139918554.11
2025-09-20 17:00:00+00:00,4502.47,4502.94,4470.32,4486.1,155238589.46
2025-09-20 18:00:00+00:00,4486.1,4487.06,4473.34,4475.52,160871604.76
2025-09-20 19:00:00+00:00,4475.52,4485.23,4471.96,4480.21,92437838.58
2025-09-20 20:00:00+00:00,4480.21,4487.61,4478.52,4484.43,82357995.51
2025-09-20 21:00:00+00:00,4484.43,4501.39,4484.42,4490.41,110645620.78
2025-09-20 22:00:00+00:00,4490.41,4494.98,4487.92,4493.75,66593659.81
2025-09-20 23:00:00+00:00,4493.75,4493.75,4479.47,4480.38,75249017.03
2025-09-21 00:00:00+00:00,4480.38,4489.93,4474.69,4487.07,67358925.92
2025-09-21 01:00:00+00:00,4487.07,4488.98,4478.46,4481.03,83038687.56
2025-09-21 02:00:00+00:00,4481.03,4487.94,4458.19,4479.11,150978272.72
2025-09-21 03:00:00+00:00,4479.11,4479.53,4473.39,4478.37,64784190.57
2025-09-21 04:00:00+00:00,4478.37,4478.84,4469.46,4471.77,73956146.97
2025-09-21 05:00:00+00:00,4471.77,4477.9,4467.1,4477.5,74928465.4
2025-09-21 06:00:00+00:00,4477.5,4492.25,4477.5,4484.68,112070769.99
2025-09-21 07:00:00+00:00,4484.68,4485.51,4476.21,4477.88,96015344.19
2025-09-21 08:00:00+00:00,4477.88,4479.81,4466.89,4469.55,84629036.66
2025-09-21 09:00:00+00:00,4469.55,4474.12,4444.63,4466.17,204800843.96
2025-09-21 10:00:00+00:00,4466.17,4469.02,4458.7,4459.02,72774252.36
2025-09-21 11:00:00+00:00,4459.02,4466.36,4456.63,4460.66,62175940.95
2025-09-21 12:00:00+00:00,4460.66,4473.55,4460.56,4467.66,93258990.11
2025-09-21 13:00:00+00:00,4467.66,4481.35,4466.4,4475.96,99969390.64
2025-09-21 14:00:00+00:00,4475.96,4484.51,4471.69,4472.82,113581374.25
2025-09-21 15:00:00+00:00,4472.82,4486.31,4472.13,4482.84,135435024.94
2025-09-21 16:00:00+00:00,4482.84,4488.92,4464.71,4476.67,186329406.24
2025-09-21 17:00:00+00:00,4476.67,4494.01,4467.05,4491.26,131947107.49
2025-09-21 18:00:00+00:00,4491.26,4496.52,4484.28,4496.52,99915041.96
2025-09-21 19:00:00+00:00,4496.52,4498.1,4476.79,4493.86,133669370.28
2025-09-21 20:00:00+00:00,4493.86,4494.55,4475.25,4475.25,82738087.75
2025-09-21 21:00:00+00:00,4475.25,4478.09,4467.44,4471.55,82691215.98
2025-09-21 22:00:00+00:00,4471.55,4477.8,4446.9,4465.6,153181778.96
2025-09-21 23:00:00+00:00,4465.6,4465.61,4443.64,4445.26,166360551.03
2025-09-22 00:00:00+00:00,4445.26,4455.99,4324.31,4336.66,801697786.62
2025-09-22 01:00:00+00:00,4336.66,4353.01,4326.27,4328.8,409786155.21
2025-09-22 02:00:00+00:00,4328.8,4339.65,4269.22,4288.51,672986843.59
2025-09-22 03:00:00+00:00,4288.51,4307.89,4287.74,4305.87,200206166.75
2025-09-22 04:00:00+00:00,4305.87,4310.57,4289.15,4290.51,140166043.07
2025-09-22 05:00:00+00:00,4290.51,4298.49,4265.09,4266.07,206527882.7
2025-09-22 06:00:00+00:00,4266.07,4266.84,4117.73,4191.55,1719299526.18
2025-09-22 07:00:00+00:00,4191.55,4223.22,4183.49,4193.34,678050373.66
2025-09-22 08:00:00+00:00,4193.34,4206.92,4186.39,4194.83,277494901.19
2025-09-22 09:00:00+00:00,4194.83,4197.35,4136.87,4151.11,408660361.04
2025-09-22 10:00:00+00:00,4151.11,4189.33,4139.0,4182.66,351007344.08
2025-09-22 11:00:00+00:00,4182.66,4191.33,4174.0,4181.59,190659924.8
2025-09-22 12:00:00+00:00,4181.59,4199.45,4169.52,4192.52,211819692.23
2025-09-22 13:00:00+00:00,4192.52,4216.38,4173.63,4207.19,348498585.8
2025-09-22 14:00:00+00:00,4207.19,4218.97,4183.38,4190.19,333848838.98
2025-09-22 15:00:00+00:00,4190.19,4195.68,4159.36,4168.08,299383802.44
2025-09-22 16:00:00+00:00,4168.08,4183.25,4160.81,4164.68,229125848.2
2025-09-22 17:00:00+00:00,4164.68,4180.06,4146.56,4165.05,277638014.26
2025-09-22 18:00:00+00:00,4165.05,4178.07,4155.59,4155.64,158170765.66
2025-09-22 19:00:00+00:00,4155.64,4166.41,4125.7,4135.15,371209516.64
2025-09-22 20:00:00+00:00,4135.15,4189.71,4134.72,4182.05,195685470.02
2025-09-22 21:00:00+00:00,4182.05,4198.78,4176.59,4198.18,116021633.65
2025-09-22 22:00:00+00:00,4198.18,4198.55,4184.49,4190.87,106811711.55
2025-09-22 23:00:00+00:00,4190.87,4207.93,4189.65,4199.11,104105236.06
2025-09-23 00:00:00+00:00,4199.11,4211.6,4190.02,4191.38,137366722.63
2025-09-23 01:00:00+00:00,4191.38,4198.79,4163.41,4164.02,144068149.45
2025-09-23 02:00:00+00:00,4164.02,4183.06,4141.28,4144.28,182527456.55
2025-09-23 03:00:00+00:00,4144.28,4197.26,4115.11,4187.85,341853183.26
2025-09-23 04:00:00+00:00,4187.85,4193.88,4154.63,4176.94,131863953.19
2025-09-23 05:00:00+00:00,4176.94,4194.47,4165.02,4183.42,125059858.95
2025-09-23 06:00:00+00:00,4183.42,4214.98,4178.41,4205.43,205381366.0
2025-09-23 07:00:00+00:00,4205.43,4211.6,4197.94,4205.29,162062612.42
2025-09-23 08:00:00+00:00,4205.29,4214.68,4194.64,4208.89,152025314.36
2025-09-23 09:00:00+00:00,4208.89,4228.14,4185.26,4192.34,212047060.29
2025-09-23 10:00:00+00:00,4192.34,4196.31,4185.91,4193.03,130381267.95
2025-09-23 11:00:00+00:00,4193.03,4195.36,4178.58,4192.1,122453584.22
2025-09-23 12:00:00+00:00,4192.1,4204.82,4184.42,4195.77,159951834.08
2025-09-23 13:00:00+00:00,4195.77,4209.27,4180.99,4187.59,238038336.05
2025-09-23 14:00:00+00:00,4187.59,4211.37,4165.5,4174.7,326954390.5
2025-09-23 15:00:00+00:00,4174.7,4203.29,4162.46,4181.08,295489585.08
2025-09-23 16:00:00+00:00,4181.08,4207.0,4164.29,4192.58,294045750.77
2025-09-23 17:00:00+00:00,4192.58,4193.45,4137.53,4149.0,264515576.58
2025-09-23 18:00:00+00:00,4149.0,4167.63,4146.44,4157.14,224382673.26
2025-09-23 19:00:00+00:00,4157.14,4182.38,4142.67,4153.48,194158727.31
2025-09-23 20:00:00+00:00,4153.48,4176.33,4139.9,4175.8,151003383.53
2025-09-23 21:00:00+00:00,4175.8,4191.24,4164.42,4183.92,128764038.08
2025-09-23 22:00:00+00:00,4183.92,4189.43,4169.33,4181.92,94446084.5
2025-09-23 23:00:00+00:00,4181.92,4185.44,4161.18,4164.58,102624347.33
2025-09-24 00:00:00+00:00,4164.58,4194.55,4158.49,4174.49,155203973.89
2025-09-24 01:00:00+00:00,4174.49,4193.37,4169.46,4189.88,92120421.51
2025-09-24 02:00:00+00:00,4189.88,4191.8,4161.13,4169.88,264448237.96
2025-09-24 03:00:00+00:00,4169.88,4174.31,4129.96,4147.7,314396127.93
2025-09-24 04:00:00+00:00,4147.7,4161.48,4083.84,4141.36,583930908.19
2025-09-24 05:00:00+00:00,4141.36,4175.64,4139.43,4172.62,138501017.31
2025-09-24 06:00:00+00:00,4172.62,4183.66,4167.37,4181.25,141813789.09
2025-09-24 07:00:00+00:00,4181.25,4184.21,4165.63,4175.05,141984250.11
2025-09-24 08:00:00+00:00,4175.05,4178.31,4168.24,4175.22,127534356.55
2025-09-24 09:00:00+00:00,4175.22,4184.25,4170.16,4182.96,118611264.88
2025-09-24 10:00:00+00:00,4182.96,4183.9,4165.05,4177.96,115180944.48
2025-09-24 11:00:00+00:00,4177.96,4197.48,4175.31,4182.14,199457376.5
2025-09-24 12:00:00+00:00,4182.14,4187.18,4171.75,4180.29,136201731.88
2025-09-24 13:00:00+00:00,4180.29,4185.58,4148.81,4150.27,305075619.16
2025-09-24 14:00:00+00:00,4150.27,4206.82,4150.12,4193.82,277975555.28
2025-09-24 15:00:00+00:00,4193.82,4198.05,4162.82,4165.78,239456663.81
2025-09-24 16:00:00+00:00,4165.78,4176.92,4154.85,4173.52,210092392.78
2025-09-24 17:00:00+00:00,4173.52,4194.09,4166.45,4183.53,176000991.43
2025-09-24 18:00:00+00:00,4183.53,4184.33,4166.5,4172.56,136321279.05
2025-09-24 19:00:00+00:00,4172.56,4174.29,4155.69,4161.48,123829610.59
2025-09-24 20:00:00+00:00,4161.48,4169.26,4149.54,4165.81,134252152.51
2025-09-24 21:00:00+00:00,4165.81,4172.28,4131.88,4145.41,114882636.8
2025-09-24 22:00:00+00:00,4145.41,4163.96,4144.66,4154.56,129235618.8
2025-09-24 23:00:00+00:00,4154.56,4162.09,4145.1,4152.81,98129252.59
2025-09-25 00:00:00+00:00,4152.81,4160.91,4123.85,4129.36,196329639.77
2025-09-25 01:00:00+00:00,4129.36,4136.18,4082.47,4102.27,514340322.34
2025-09-25 02:00:00+00:00,4102.27,4135.63,4063.8,4102.33,446627847.49
2025-09-25 03:00:00+00:00,4102.33,4103.34,4023.65,4062.98,588410719.49
2025-09-25 04:00:00+00:00,4062.98,4071.3,3982.83,4002.97,734865877.71
2025-09-25 05:00:00+00:00,4002.97,4040.7,3980.09,4025.8,401007818.07
2025-09-25 06:00:00+00:00,4025.8,4028.7,3994.55,3997.95,340783762.46
2025-09-25 07:00:00+00:00,3997.95,4021.8,3986.51,4009.23,287337195.13
2025-09-25 08:00:00+00:00,4009.23,4035.57,4004.04,4015.48,284941986.51
2025-09-25 09:00:00+00:00,4015.48,4052.58,4012.92,4025.02,319718964.35
2025-09-25 10:00:00+00:00,4025.02,4042.86,4009.95,4013.7,195486190.92
2025-09-25 11:00:00+00:00,4013.7,4019.88,3994.65,4002.62,301248775.04
2025-09-25 12:00:00+00:00,4002.62,4016.38,3937.34,3978.48,794107083.09
2025-09-25 13:00:00+00:00,3978.48,4007.14,3945.16,3970.2,748338854.28
2025-09-25 14:00:00+00:00,3970.2,4022.34,3968.84,4013.91,512705873.74
2025-09-25 15:00:00+00:00,4013.91,4016.8,3980.27,4002.96,309798252.86
2025-09-25 16:00:00+00:00,4002.96,4006.41,3927.89,3940.52,481908675.36
2025-09-25 17:00:00+00:00,3940.52,3942.91,3825.52,3838.84,1074626222.25
2025-09-25 18:00:00+00:00,3838.84,3925.21,3824.19,3925.02,703473550.78
2025-09-25 19:00:00+00:00,3925.02,3947.64,3907.49,3911.66,494496254.68
2025-09-25 20:00:00+00:00,3911.66,3919.06,3877.87,3886.13,350370207.81
2025-09-25 21:00:00+00:00,3886.13,3918.18,3881.72,3904.86,264867405.95
2025-09-25 22:00:00+00:00,3904.86,3936.98,3882.06,3893.22,184601932.71
2025-09-25 23:00:00+00:00,3893.22,3905.48,3853.45,3874.32,362339935.14
2025-09-26 00:00:00+00:00,3874.32,3938.18,3867.81,3931.75,420166971.32
2025-09-26 01:00:00+00:00,3931.75,3957.11,3920.69,3948.68,296508373.94
2025-09-26 02:00:00+00:00,3948.68,3971.02,3941.7,3958.95,243523743.65
2025-09-26 03:00:00+00:00,3958.95,3969.29,3944.78,3965.43,188151055.58
2025-09-26 04:00:00+00:00,3965.43,3976.92,3939.36,3945.87,169732757.99
2025-09-26 05:00:00+00:00,3945.87,3963.17,3920.14,3921.47,192754153.67
2025-09-26 06:00:00+00:00,3921.47,3948.74,3911.09,3921.25,277054395.65
2025-09-26 07:00:00+00:00,3921.25,3948.08,3907.1,3938.67,576886592.05
2025-09-26 08:00:00+00:00,3938.67,3944.58,3925.54,3934.18,207505169.86
2025-09-26 09:00:00+00:00,3934.18,3939.78,3897.32,3915.15,227222114.46
2025-09-26 10:00:00+00:00,3915.15,3916.12,3874.83,3888.39,356924855.74
2025-09-26 11:00:00+00:00,3888.39,3916.51,3873.14,3905.96,227532169.02
2025-09-26 12:00:00+00:00,3905.96,3960.04,3875.58,3937.34,552788986.81
2025-09-26 13:00:00+00:00,3937.34,3984.66,3906.67,3970.94,569534886.75
2025-09-26 14:00:00+00:00,3970.94,3977.05,3923.06,3930.91,436094323.46
2025-09-26 15:00:00+00:00,3930.91,3962.38,3929.24,3945.94,250087133.61
2025-09-26 16:00:00+00:00,3945.94,3994.62,3942.8,3990.69,311410917.75
2025-09-26 17:00:00+00:00,3990.69,4046.32,3977.79,4045.02,474863251.85
2025-09-26 18:00:00+00:00,4045.02,4068.26,4036.77,4044.21,371659242.93
2025-09-26 19:00:00+00:00,4044.21,4045.99,4007.71,4024.23,270717793.21
2025-09-26 20:00:00+00:00,4024.23,4029.77,4008.82,4009.84,164433245.07
2025-09-26 21:00:00+00:00,4009.84,4025.44,4004.98,4023.32,108062629.95
2025-09-26 22:00:00+00:00,4023.32,4039.8,4019.53,4026.35,104338497.58
2025-09-26 23:00:00+00:00,4026.35,4036.67,4015.0,4032.25,100544670.38
2025-09-27 00:00:00+00:00,4032.25,4032.55,4017.12,4027.08,104912719.66
2025-09-27 01:00:00+00:00,4027.08,4028.99,4006.98,4018.32,103654146.15
2025-09-27 02:00:00+00:00,4018.32,4022.88,4009.61,4012.68,86314091.4
2025-09-27 03:00:00+00:00,4012.68,4029.7,4010.37,4019.24,97980937.11
2025-09-27 04:00:00+00:00,4019.24,4027.91,4015.13,4021.97,62604624.07
2025-09-27 05:00:00+00:00,4021.97,4021.97,4012.25,4020.03,50687283.01
2025-09-27 06:00:00+00:00,4020.03,4020.09,4012.82,4019.09,42100455.29
2025-09-27 07:00:00+00:00,4019.09,4022.11,4006.23,4008.08,66620892.99
2025-09-27 08:00:00+00:00,4008.08,4008.09,3983.26,3985.88,205068626.88
2025-09-27 09:00:00+00:00,3985.88,3998.3,3973.05,3995.36,122612034.9
2025-09-27 10:00:00+00:00,3995.36,4017.81,3989.35,4009.08,127878679.23
2025-09-27 11:00:00+00:00,4009.08,4013.27,3999.19,4002.23,61270137.59
2025-09-27 12:00:00+00:00,4002.23,4038.04,3994.82,4028.93,181784269.23
2025-09-27 13:00:00+00:00,4028.93,4031.53,4015.76,4019.86,108737544.41
2025-09-27 14:00:00+00:00,4019.86,4026.26,4009.64,4014.78,83805280.19
2025-09-27 15:00:00+00:00,4014.78,4022.07,3999.59,4018.85,123152285.41
2025-09-27 16:00:00+00:00,4018.85,4019.83,4003.97,4007.48,81437251.16
2025-09-27 17:00:00+00:00,4007.48,4007.65,3981.39,4001.8,196549518.93
2025-09-27 18:00:00+00:00,4001.8,4004.2,3986.59,3996.21,97241999.37
2025-09-27 19:00:00+00:00,3996.21,4003.46,3991.65,4002.45,49166076.69
2025-09-27 20:00:00+00:00,4002.45,4009.88,4000.93,4006.68,44823289.87
2025-09-27 21:00:00+00:00,4006.68,4020.57,4006.58,4014.68,46753894.66
2025-09-27 22:00:00+00:00,4014.68,4033.47,4014.26,4022.69,86870829.63
2025-09-27 23:00:00+00:00,4022.69,4026.99,4014.02,4018.47,77080939.89
2025-09-28 00:00:00+00:00,4018.47,4031.91,4006.5,4016.65,128997050.37
2025-09-28 01:00:00+00:00,4016.65,4017.98,3994.2,3996.75,123473034.41
2025-09-28 02:00:00+00:00,3996.75,4010.98,3995.79,4001.39,82006130.19
2025-09-28 03:00:00+00:00,4001.39,4010.2,3997.12,4002.82,56290322.51
2025-09-28 04:00:00+00:00,4002.82,4005.75,3996.59,4005.08,44012737.12
2025-09-28 05:00:00+00:00,4005.08,4019.9,4003.54,4010.9,58471749.26
2025-09-28 06:00:00+00:00,4010.9,4017.08,3997.03,4006.33,74539141.89
2025-09-28 07:00:00+00:00,4006.33,4016.0,4002.47,4014.44,55858176.88
2025-09-28 08:00:00+00:00,4014.44,4015.91,4000.64,4002.12,83678432.52
2025-09-28 09:00:00+00:00,4002.12,4006.4,3989.36,3996.09,112823691.34
2025-09-28 10:00:00+00:00,3996.09,4000.35,3985.14,3996.55,86145203.11
2025-09-28 11:00:00+00:00,3996.55,3997.12,3984.7,3992.7,81238556.05
2025-09-28 12:00:00+00:00,3992.7,3992.86,3966.57,3978.07,159674266.07
2025-09-28 13:00:00+00:00,3978.07,4021.66,3977.89,4013.26,188241220.82
2025-09-28 14:00:00+00:00,4013.26,4027.92,4008.26,4024.48,157509711.18
2025-09-28 15:00:00+00:00,4024.48,4029.19,4015.85,4021.51,135844692.5
2025-09-28 16:00:00+00:00,4021.51,4051.46,4021.51,4033.2,187434088.33
2025-09-28 17:00:00+00:00,4033.2,4051.4,4023.77,4039.92,257263450.53
2025-09-28 18:00:00+00:00,4039.92,4045.2,4035.56,4042.3,72011142.57
2025-09-28 19:00:00+00:00,4042.3,4046.48,4033.16,4039.29,43594123.85
2025-09-28 20:00:00+00:00,4039.29,4064.57,4035.5,4051.47,144031499.07
2025-09-28 21:00:00+00:00,4051.47,4062.58,4042.27,4049.89,77034807.2
2025-09-28 22:00:00+00:00,4049.89,4140.74,4049.86,4132.1,476525921.36
2025-09-28 23:00:00+00:00,4132.1,4144.79,4120.9,4142.06,224152559.45
2025-09-29 00:00:00+00:00,4142.06,4145.09,4123.49,4127.19,197020438.45
2025-09-29 01:00:00+00:00,4127.19,4137.9,4112.31,4114.71,153753265.65
2025-09-29 02:00:00+00:00,4114.71,4128.52,4107.91,4111.65,146314545.12
2025-09-29 03:00:00+00:00,4111.65,4121.7,4103.54,4121.7,105640758.82
2025-09-29 04:00:00+00:00,4121.7,4123.87,4113.84,4119.39,74737256.33
2025-09-29 05:00:00+00:00,4119.39,4120.54,4103.77,4114.04,100194729.12
2025-09-29 06:00:00+00:00,4114.04,4114.52,4096.19,4097.58,159759994.73
2025-09-29 07:00:00+00:00,4097.58,4112.97,4089.39,4108.38,170480055.2
2025-09-29 08:00:00+00:00,4108.38,4136.01,4108.23,4123.2,156880954.9
2025-09-29 09:00:00+00:00,4123.2,4140.16,4119.22,4134.72,207148853.12
2025-09-29 10:00:00+00:00,4134.72,4138.19,4114.53,4116.31,112868403.56
2025-09-29 11:00:00+00:00,4116.31,4117.31,4094.66,4103.41,145397099.75
2025-09-29 12:00:00+00:00,4103.41,4128.69,4093.27,4098.12,180181117.78
2025-09-29 13:00:00+00:00,4098.12,4186.13,4083.09,4168.77,502478113.5
2025-09-29 14:00:00+00:00,4168.77,4204.18,4160.34,4188.69,482436473.22
2025-09-29 15:00:00+00:00,4188.69,4199.76,4152.56,4164.77,302417447.69
2025-09-29 16:00:00+00:00,4164.77,4174.91,4139.5,4142.55,221226195.54
2025-09-29 17:00:00+00:00,4142.55,4159.5,4128.55,4155.81,223385361.7
2025-09-29 18:00:00+00:00,4155.81,4163.45,4142.88,4162.38,119285616.47
2025-09-29 19:00:00+00:00,4162.38,4193.55,4160.51,4188.45,201924648.89
2025-09-29 20:00:00+00:00,4188.45,4234.17,4182.14,4226.32,276339683.76
2025-09-29 21:00:00+00:00,4226.32,4235.95,4211.64,4223.99,111572925.84
2025-09-29 22:00:00+00:00,4223.99,4230.4,4213.67,4226.01,108828622.46
2025-09-29 23:00:00+00:00,4226.01,4229.99,4213.08,4215.08,107136980.44
2025-09-30 00:00:00+00:00,4215.08,4243.38,4194.44,4206.12,308326602.53
2025-09-30 01:00:00+00:00,4206.12,4227.39,4191.17,4203.38,216456479.96
2025-09-30 02:00:00+00:00,4203.38,4211.31,4196.94,4199.0,140607545.6
2025-09-30 03:00:00+00:00,4199.0,4207.93,4188.86,4198.96,115745275.34
2025-09-30 04:00:00+00:00,4198.96,4200.81,4188.83,4188.87,84332598.22
2025-09-30 05:00:00+00:00,4188.87,4194.83,4169.9,4184.73,190704135.71
2025-09-30 06:00:00+00:00,4184.73,4202.9,4179.95,4190.01,147725794.07
2025-09-30 07:00:00+00:00,4190.01,4207.09,4174.04,4182.25,188333264.28
2025-09-30 08:00:00+00:00,4182.25,4183.28,4165.94,4169.15,179420269.06
2025-09-30 09:00:00+00:00,4169.15,4176.72,4134.52,4140.78,256698731.65
2025-09-30 10:00:00+00:00,4140.78,4165.65,4135.28,4158.27,170945183.92
2025-09-30 11:00:00+00:00,4158.27,4169.9,4148.42,4165.41,119179670.43
2025-09-30 12:00:00+00:00,4165.41,4175.75,4155.52,4158.29,113477454.85
2025-09-30 13:00:00+00:00,4158.29,4175.43,4141.36,4154.5,259664317.32
2025-09-30 14:00:00+00:00,4154.5,4160.03,4119.16,4149.3,350570724.02
2025-09-30 15:00:00+00:00,4149.3,4149.97,4095.22,4119.9,357520020.6
2025-09-30 16:00:00+00:00,4119.9,4126.94,4092.77,4099.26,248101778.25
2025-09-30 17:00:00+00:00,4099.26,4111.02,4093.84,4100.87,250496101.15
2025-09-30 18:00:00+00:00,4100.87,4118.7,4093.36,4116.75,174931932.65
2025-09-30 19:00:00+00:00,4116.75,4170.16,4109.04,4160.24,311668135.22
2025-09-30 20:00:00+00:00,4160.24,4197.49,4149.04,4195.59,240784539.49
2025-09-30 21:00:00+00:00,4195.59,4201.53,4152.9,4152.98,238005987.75
2025-09-30 22:00:00+00:00,4152.98,4171.42,4130.96,4140.44,191533129.42
2025-09-30 23:00:00+00:00,4140.44,4146.29,4117.55,4145.13,181452053.05
2025-10-01 00:00:00+00:00,4145.13,4152.45,4124.48,4148.62,153628458.85
2025-10-01 01:00:00+00:00,4148.62,4174.65,4142.83,4171.31,200343447.76
2025-10-01 02:00:00+00:00,4171.31,4171.35,4153.01,4153.16,162234524.67
2025-10-01 03:00:00+00:00,4153.16,4153.68,4128.67,4128.94,268939271.07
2025-10-01 04:00:00+00:00,4128.94,4156.79,4127.34,4140.3,138841502.38
2025-10-01 05:00:00+00:00,4140.3,4156.92,4140.23,4144.28,107124765.53
2025-10-01 06:00:00+00:00,4144.28,4146.83,4123.4,4126.54,179281928.28
2025-10-01 07:00:00+00:00,4126.54,4147.74,4125.19,4146.19,143727883.43
2025-10-01 08:00:00+00:00,4146.19,4324.81,4143.19,4291.26,936964622.64
2025-10-01 09:00:00+00:00,4291.26,4317.89,4280.12,4310.84,396856352.04
2025-10-01 10:00:00+00:00,4310.84,4312.45,4279.32,4282.64,170865827.52
2025-10-01 11:00:00+00:00,4282.64,4305.34,4282.64,4298.28,118764974.2
2025-10-01 12:00:00+00:00,4298.28,4313.89,4279.9,4284.35,263606880.61
2025-10-01 13:00:00+00:00,4284.35,4302.44,4280.07,4295.68,267661837.26
2025-10-01 14:00:00+00:00,4295.68,4340.45,4291.56,4323.92,519310594.23
2025-10-01 15:00:00+00:00,4323.92,4344.2,4314.63,4327.24,270053237.93
2025-10-01 16:00:00+00:00,4327.24,4340.08,4318.23,4324.77,369545023.66
2025-10-01 17:00:00+00:00,4324.77,4332.9,4288.67,4293.05,230069393.16
2025-10-01 18:00:00+00:00,4293.05,4318.32,4292.15,4308.29,155168628.47
2025-10-01 19:00:00+00:00,4308.29,4339.18,4305.82,4334.2,198210155.07
2025-10-01 20:00:00+00:00,4334.2,4336.92,4316.43,4334.67,191755613.69
2025-10-01 21:00:00+00:00,4334.67,4334.99,4288.8,4305.01,241883069.14
2025-10-01 22:00:00+00:00,4305.01,4329.08,4305.01,4312.98,127406695.71
2025-10-01 23:00:00+00:00,4312.98,4353.9,4310.94,4348.01,197880545.83
2025-10-02 00:00:00+00:00,4348.01,4380.65,4333.39,4335.27,418599131.82
2025-10-02 01:00:00+00:00,4335.27,4398.76,4332.65,4393.37,244118140.35
2025-10-02 02:00:00+00:00,4393.37,4399.14,4366.62,4386.24,257004808.98
2025-10-02 03:00:00+00:00,4386.24,4398.54,4372.03,4376.61,263686544.46
2025-10-02 04:00:00+00:00,4376.61,4385.27,4359.79,4372.55,207237282.81
2025-10-02 05:00:00+00:00,4372.55,4397.33,4370.5,4384.02,188757888.59
2025-10-02 06:00:00+00:00,4384.02,4423.43,4373.89,4403.69,502856638.05
2025-10-02 07:00:00+00:00,4403.69,4409.53,4371.01,4375.92,215488907.28
2025-10-02 08:00:00+00:00,4375.92,4394.05,4369.49,4387.82,153850717.48
2025-10-02 09:00:00+00:00,4387.82,4396.09,4379.1,4391.6,89982514.13
2025-10-02 10:00:00+00:00,4391.6,4396.17,4375.06,4379.99,113668667.23
2025-10-02 11:00:00+00:00,4379.99,4394.19,4372.69,4379.26,116037974.3
2025-10-02 12:00:00+00:00,4379.26,4407.34,4376.67,4406.03,185087264.86
2025-10-02 13:00:00+00:00,4406.03,4418.89,4379.45,4417.17,447742241.93
2025-10-02 14:00:00+00:00,4417.17,4420.38,4367.95,4374.47,470354601.16
2025-10-02 15:00:00+00:00,4374.47,4442.9,4338.94,4437.35,580654328.93
2025-10-02 16:00:00+00:00,4437.35,4469.5,4426.32,4448.48,500548129.48
2025-10-02 17:00:00+00:00,4448.48,4477.38,4439.78,4466.04,297464452.25
2025-10-02 18:00:00+00:00,4466.04,4496.72,4465.79,4487.38,303010281.23
2025-10-02 19:00:00+00:00,4487.38,4516.85,4484.42,4495.52,343099340.35
2025-10-02 20:00:00+00:00,4495.52,4496.77,4467.93,4491.2,173139620.08
2025-10-02 21:00:00+00:00,4491.2,4496.35,4468.09,4468.55,116219743.19
2025-10-02 22:00:00+00:00,4468.55,4484.95,4457.67,4464.03,177387628.93
2025-10-02 23:00:00+00:00,4464.03,4487.25,4463.22,4484.38,134836045.53
2025-10-03 00:00:00+00:00,4484.38,4484.56,4466.33,4468.47,110101302.99
2025-10-03 01:00:00+00:00,4468.47,4479.35,4461.3,4472.01,162473568.27
2025-10-03 02:00:00+00:00,4472.01,4515.57,4471.37,4510.38,258416246.41
2025-10-03 03:00:00+00:00,4510.38,4559.45,4491.52,4500.72,438109406.84
2025-10-03 04:00:00+00:00,4500.72,4510.36,4484.38,4494.8,161925168.73
2025-10-03 05:00:00+00:00,4494.8,4500.96,4466.9,4476.47,227394275.55
2025-10-03 06:00:00+00:00,4476.47,4485.43,4460.1,4471.99,172228164.87
2025-10-03 07:00:00+00:00,4471.99,4476.5,4453.94,4462.26,253324143.17
2025-10-03 08:00:00+00:00,4462.26,4466.82,4427.87,4466.24,320108984.69
2025-10-03 09:00:00+00:00,4466.24,4480.18,4457.25,4473.44,149219112.56
2025-10-03 10:00:00+00:00,4473.44,4495.05,4467.89,4489.63,116162104.08
2025-10-03 11:00:00+00:00,4489.63,4490.26,4466.51,4478.49,137909073.62
2025-10-03 12:00:00+00:00,4478.49,4492.38,4473.09,4482.57,170811722.94
2025-10-03 13:00:00+00:00,4482.57,4502.83,4452.78,4470.99,379272068.17
2025-10-03 14:00:00+00:00,4470.99,4489.74,4436.42,4483.08,389732575.72
2025-10-03 15:00:00+00:00,4483.08,4541.69,4457.9,4535.09,420709503.8
2025-10-03 16:00:00+00:00,4535.09,4590.91,4521.44,4525.12,777519374.56
2025-10-03 17:00:00+00:00,4525.12,4526.6,4454.37,4471.59,846490191.96
2025-10-03 18:00:00+00:00,4471.59,4512.48,4450.93,4512.47,336720390.85
2025-10-03 19:00:00+00:00,4512.47,4543.7,4503.45,4519.48,265872204.42
2025-10-03 20:00:00+00:00,4519.48,4542.96,4493.46,4535.17,215445521.03
2025-10-03 21:00:00+00:00,4535.17,4537.58,4514.81,4523.28,97571008.55
2025-10-03 22:00:00+00:00,4523.28,4534.47,4523.25,4528.39,70621338.19
2025-10-03 23:00:00+00:00,4528.39,4528.67,4507.38,4512.76,98921276.65
2025-10-04 00:00:00+00:00,4512.76,4517.06,4495.29,4501.31,142673480.78
2025-10-04 01:00:00+00:00,4501.31,4502.07,4468.59,4479.96,148277595.27
2025-10-04 02:00:00+00:00,4479.96,4489.64,4464.23,4484.76,163579479.19
2025-10-04 03:00:00+00:00,4484.76,4488.65,4470.99,4486.97,94948039.7
2025-10-04 04:00:00+00:00,4486.97,4499.53,4479.81,4494.21,94089173.03
2025-10-04 05:00:00+00:00,4494.21,4510.52,4492.94,4503.97,118917210.07
2025-10-04 06:00:00+00:00,4503.97,4517.87,4502.41,4507.01,93974180.13
2025-10-04 07:00:00+00:00,4507.01,4514.02,4494.0,4498.57,84395452.2
2025-10-04 08:00:00+00:00,4498.57,4502.83,4483.34,4489.54,120760201.26
2025-10-04 09:00:00+00:00,4489.54,4502.31,4483.8,4490.04,77380037.82
2025-10-04 10:00:00+00:00,4490.04,4504.11,4483.71,4487.77,70214652.01
2025-10-04 11:00:00+00:00,4487.77,4495.22,4480.53,4484.01,89740888.03
2025-10-04 12:00:00+00:00,4484.01,4489.39,4475.93,4480.19,101738496.32
2025-10-04 13:00:00+00:00,4480.19,4509.17,4479.28,4499.77,122419347.21
2025-10-04 14:00:00+00:00,4499.77,4511.43,4469.81,4470.52,130640428.56
2025-10-04 15:00:00+00:00,4470.52,4483.17,4441.67,4454.56,312540535.7
2025-10-04 16:00:00+00:00,4454.56,4467.73,4440.34,4466.91,182208281.88
2025-10-04 17:00:00+00:00,4466.91,4476.91,4453.63,4464.07,129626040.13
2025-10-04 18:00:00+00:00,4464.07,4467.11,4450.6,4455.1,77734346.36
2025-10-04 19:00:00+00:00,4455.1,4469.07,4455.09,4467.4,44398044.05
2025-10-04 20:00:00+00:00,4467.4,4485.44,4467.4,4475.18,73438580.65
2025-10-04 21:00:00+00:00,4475.18,4494.08,4474.98,4484.7,77260589.58
2025-10-04 22:00:00+00:00,4484.7,4494.53,4480.77,4489.58,59970279.91
2025-10-04 23:00:00+00:00,4489.58,4489.96,4482.34,4487.29,41779172.68
2025-10-05 00:00:00+00:00,4487.29,4493.6,4467.41,4471.05,72926321.8
2025-10-05 01:00:00+00:00,4471.05,4488.68,4470.66,4487.57,70086000.62
2025-10-05 02:00:00+00:00,4487.57,4550.5,4480.07,4548.83,513845728.9
2025-10-05 03:00:00+00:00,4548.83,4574.82,4528.4,4531.56,589061429.16
2025-10-05 04:00:00+00:00,4531.56,4588.58,4528.91,4574.24,382170721.95
2025-10-05 05:00:00+00:00,4574.24,4585.71,4557.77,4569.27,301114605.07
2025-10-05 06:00:00+00:00,4569.27,4573.71,4553.46,4559.94,261196873.75
2025-10-05 07:00:00+00:00,4559.94,4614.58,4559.13,4605.99,466946883.39
2025-10-05 08:00:00+00:00,4605.99,4618.24,4584.01,4587.95,486761865.06
2025-10-05 09:00:00+00:00,4587.95,4590.4,4539.46,4549.52,559701936.5
2025-10-05 10:00:00+00:00,4549.52,4551.45,4523.58,4542.74,349578616.25
2025-10-05 11:00:00+00:00,4542.74,4556.73,4535.67,4551.13,148094672.13
2025-10-05 12:00:00+00:00,4551.13,4551.13,4530.36,4531.79,159393655.24
2025-10-05 13:00:00+00:00,4531.79,4543.98,4531.45,4538.85,148824317.52
2025-10-05 14:00:00+00:00,4538.85,4550.47,4530.79,4535.83,145937760.56
2025-10-05 15:00:00+00:00,4535.83,4543.56,4526.62,4532.13,117103974.57
2025-10-05 16:00:00+00:00,4532.13,4540.78,4494.7,4528.73,313042816.4
2025-10-05 17:00:00+00:00,4528.73,4538.18,4503.91,4511.72,146615782.21
2025-10-05 18:00:00+00:00,4511.72,4525.22,4498.47,4518.84,116954005.48
2025-10-05 19:00:00+00:00,4518.84,4519.38,4482.89,4487.21,143917030.18
2025-10-05 20:00:00+00:00,4487.21,4509.66,4475.94,4498.54,128255053.17
2025-10-05 21:00:00+00:00,4498.54,4507.87,4492.11,4505.45,76498672.18
2025-10-05 22:00:00+00:00,4505.45,4519.13,4501.6,4513.32,96531967.51
2025-10-05 23:00:00+00:00,4513.32,4523.59,4512.56,4514.4,105513170.45
2025-10-06 00:00:00+00:00,4514.4,4552.28,4489.2,4499.34,328913297.34
2025-10-06 01:00:00+00:00,4499.34,4541.39,4490.31,4528.08,242697489.19
2025-10-06 02:00:00+00:00,4528.08,4550.25,4506.25,4538.47,199260192.16
2025-10-06 03:00:00+00:00,4538.47,4541.97,4528.22,4537.17,144458599.11
2025-10-06 04:00:00+00:00,4537.17,4541.83,4522.5,4524.48,93533304.47
2025-10-06 05:00:00+00:00,4524.48,4529.2,4509.17,4527.74,132431284.04
2025-10-06 06:00:00+00:00,4527.74,4576.4,4527.4,4560.1,259234484.27
2025-10-06 07:00:00+00:00,4560.1,4577.72,4529.1,4533.17,214115964.3
2025-10-06 08:00:00+00:00,4533.17,4566.81,4533.14,4561.43,154275178.71
2025-10-06 09:00:00+00:00,4561.43,4577.16,4560.31,4572.97,177370447.32
2025-10-06 10:00:00+00:00,4572.97,4579.28,4558.29,4573.18,193804954.45
2025-10-06 11:00:00+00:00,4573.18,4593.43,4564.84,4571.8,204768378.15
2025-10-06 12:00:00+00:00,4571.8,4595.67,4570.29,4581.22,195025411.23
2025-10-06 13:00:00+00:00,4581.22,4638.0,4577.37,4637.78,535224347.6
2025-10-06 14:00:00+00:00,4637.78,4676.49,4630.98,4638.41,652951456.23
2025-10-06 15:00:00+00:00,4638.41,4693.52,4638.02,4673.18,432531466.18
2025-10-06 16:00:00+00:00,4673.18,4684.24,4659.76,4678.79,201911258.23
2025-10-06 17:00:00+00:00,4678.79,4718.49,4674.15,4695.93,449893057.57
2025-10-06 18:00:00+00:00,4695.93,4716.75,4679.43,4712.01,208068599.19
2025-10-06 19:00:00+00:00,4712.01,4731.83,4695.29,4722.71,317497514.57
2025-10-06 20:00:00+00:00,4722.71,4735.86,4686.45,4689.01,272294689.61
2025-10-06 21:00:00+00:00,4689.01,4697.48,4672.59,4693.29,162451088.82
2025-10-06 22:00:00+00:00,4693.29,4707.34,4682.36,4698.58,162811129.18
2025-10-06 23:00:00+00:00,4698.58,4705.04,4683.2,4683.73,139784702.0
2025-10-07 00:00:00+00:00,4683.73,4692.51,4672.32,4680.07,154794344.65
2025-10-07 01:00:00+00:00,4680.07,4698.95,4664.1,4675.35,173413612.93
2025-10-07 02:00:00+00:00,4675.35,4691.26,4669.02,4686.45,136020755.79
2025-10-07 03:00:00+00:00,4686.45,4695.58,4678.49,4690.66,131128875.49
2025-10-07 04:00:00+00:00,4690.66,4718.33,4679.32,4713.63,180100797.24
2025-10-07 05:00:00+00:00,4713.63,4731.01,4704.96,4711.7,229898123.06
2025-10-07 06:00:00+00:00,4711.7,4719.42,4666.09,4669.5,265912155.94
2025-10-07 07:00:00+00:00,4669.5,4682.93,4665.3,4678.41,196137218.37
2025-10-07 08:00:00+00:00,4678.41,4678.55,4639.04,4670.24,329155450.32
2025-10-07 09:00:00+00:00,4670.24,4683.32,4668.09,4680.24,162212494.46
2025-10-07 10:00:00+00:00,4680.24,4697.94,4673.99,4692.25,170957375.09
2025-10-07 11:00:00+00:00,4692.25,4713.17,4687.32,4708.94,170091666.13
2025-10-07 12:00:00+00:00,4708.94,4746.82,4695.56,4746.04,300174411.85
2025-10-07 13:00:00+00:00,4746.04,4755.2,4668.64,4704.69,762668084.42
2025-10-07 14:00:00+00:00,4704.69,4710.23,4590.63,4593.03,917138400.63
2025-10-07 15:00:00+00:00,4593.03,4606.17,4485.18,4512.16,1254005171.59
2025-10-07 16:00:00+00:00,4512.16,4523.72,4454.72,4499.34,706524625.01
2025-10-07 17:00:00+00:00,4499.34,4507.32,4469.06,4475.33,327053915.5
2025-10-07 18:00:00+00:00,4475.33,4483.67,4448.17,4465.05,399687955.47
2025-10-07 19:00:00+00:00,4465.05,4494.88,4459.53,4479.19,387121174.0
2025-10-07 20:00:00+00:00,4479.19,4516.99,4476.59,4509.75,231477481.72
2025-10-07 21:00:00+00:00,4509.75,4514.19,4480.55,4493.2,157844208.44
2025-10-07 22:00:00+00:00,4493.2,4506.08,4483.05,4497.94,148891525.75
2025-10-07 23:00:00+00:00,4497.94,4498.73,4435.86,4447.69,346804508.83
2025-10-08 00:00:00+00:00,4447.69,4481.03,4435.25,4471.7,300462634.81
2025-10-08 01:00:00+00:00,4471.7,4489.31,4457.98,4483.29,194032187.19
2025-10-08 02:00:00+00:00,4483.29,4498.4,4473.35,4480.99,214929899.96
2025-10-08 03:00:00+00:00,4480.99,4480.99,4433.93,4443.8,360053207.29
2025-10-08 04:00:00+00:00,4443.8,4465.74,4412.09,4461.65,307964825.03
2025-10-08 05:00:00+00:00,4461.65,4461.81,4421.17,4437.7,195357927.75
2025-10-08 06:00:00+00:00,4437.7,4458.33,4424.24,4455.4,147572628.24
2025-10-08 07:00:00+00:00,4455.4,4464.16,4442.8,4463.31,212381699.8
2025-10-08 08:00:00+00:00,4463.31,4496.73,4458.41,4475.34,298132580.56
2025-10-08 09:00:00+00:00,4475.34,4484.74,4471.67,4484.26,112967688.37
2025-10-08 10:00:00+00:00,4484.26,4504.8,4479.99,4500.02,190077097.27
2025-10-08 11:00:00+00:00,4500.02,4506.85,4482.93,4487.34,122977457.52
2025-10-08 12:00:00+00:00,4487.34,4496.52,4469.28,4477.98,167107942.6
2025-10-08 13:00:00+00:00,4477.98,4489.69,4440.91,4476.27,356468863.76
2025-10-08 14:00:00+00:00,4476.27,4522.19,4439.22,4450.03,512087271.73
2025-10-08 15:00:00+00:00,4450.03,4469.0,4437.39,4447.38,254531796.88
2025-10-08 16:00:00+00:00,4447.38,4498.66,4439.15,4496.07,281330648.09
2025-10-08 17:00:00+00:00,4496.07,4557.71,4489.92,4538.44,488079442.86
2025-10-08 18:00:00+00:00,4538.44,4544.01,4512.91,4523.3,273957061.63
2025-10-08 19:00:00+00:00,4523.3,4526.59,4498.87,4515.01,284302212.96
2025-10-08 20:00:00+00:00,4515.01,4526.4,4499.8,4504.2,117671668.48
2025-10-08 21:00:00+00:00,4504.2,4527.8,4502.9,4525.56,74774453.77
2025-10-08 22:00:00+00:00,4525.56,4539.0,4521.35,4521.68,95059186.48
2025-10-08 23:00:00+00:00,4521.68,4537.63,4509.61,4526.05,98261286.54
2025-10-09 00:00:00+00:00,4526.05,4531.33,4508.01,4511.24,108596889.61
2025-10-09 01:00:00+00:00,4511.24,4514.01,4463.27,4479.46,376090663.82
2025-10-09 02:00:00+00:00,4479.46,4481.73,4402.9,4413.12,405345473.5
2025-10-09 03:00:00+00:00,4413.12,4453.41,4412.71,4450.75,186959156.52
2025-10-09 04:00:00+00:00,4450.75,4458.6,4439.0,4455.28,121708913.79
2025-10-09 05:00:00+00:00,4455.28,4460.3,4437.92,4454.81,113864802.95
2025-10-09 06:00:00+00:00,4454.81,4454.88,4423.92,4429.6,199529779.2
2025-10-09 07:00:00+00:00,4429.6,4437.37,4411.38,4426.36,166755077.71
2025-10-09 08:00:00+00:00,4426.36,4426.92,4320.22,4328.18,689711937.48
2025-10-09 09:00:00+00:00,4328.18,4356.49,4326.61,4335.01,366135122.19
2025-10-09 10:00:00+00:00,4335.01,4358.58,4325.1,4354.7,240572628.72
2025-10-09 11:00:00+00:00,4354.7,4387.12,4354.45,4373.13,205756873.11
2025-10-09 12:00:00+00:00,4373.13,4412.58,4370.53,4404.39,287220297.61
2025-10-09 13:00:00+00:00,4404.39,4406.73,4347.64,4350.76,369359776.09
2025-10-09 14:00:00+00:00,4350.76,4374.59,4305.49,4344.92,563177729.32
2025-10-09 15:00:00+00:00,4344.92,4363.39,4291.68,4314.86,485782246.5
2025-10-09 16:00:00+00:00,4314.86,4327.89,4268.83,4277.44,427596515.43
2025-10-09 17:00:00+00:00,4277.44,4335.79,4270.19,4334.57,326445516.38
2025-10-09 18:00:00+00:00,4334.57,4340.58,4300.87,4308.2,229593398.04
2025-10-09 19:00:00+00:00,4308.2,4344.26,4307.46,4337.41,159736314.32
2025-10-09 20:00:00+00:00,4337.41,4347.74,4327.95,4337.37,140477520.78
2025-10-09 21:00:00+00:00,4337.37,4359.39,4335.77,4357.8,130744222.95
2025-10-09 22:00:00+00:00,4357.8,4383.02,4352.82,4377.92,139442651.56
2025-10-09 23:00:00+00:00,4377.92,4378.92,4357.65,4368.17,116472693.01
2025-10-10 00:00:00+00:00,4368.17,4384.4,4363.04,4380.67,111924345.69
2025-10-10 01:00:00+00:00,4380.67,4393.74,4371.44,4373.44,133611444.39
2025-10-10 02:00:00+00:00,4373.44,4380.51,4351.06,4359.22,170283290.18
2025-10-10 03:00:00+00:00,4359.22,4392.45,4343.92,4347.21,259383785.07
2025-10-10 04:00:00+00:00,4347.21,4361.95,4334.32,4344.61,191400000.18
2025-10-10 05:00:00+00:00,4344.61,4369.85,4327.71,4368.29,149756610.45
2025-10-10 06:00:00+00:00,4368.29,4377.23,4321.1,4328.11,251316620.99
2025-10-10 07:00:00+00:00,4328.11,4334.38,4315.44,4323.37,201841415.13
2025-10-10 08:00:00+00:00,4323.37,4349.67,4313.71,4346.21,134747330.85
2025-10-10 09:00:00+00:00,4346.21,4351.47,4319.23,4322.17,165304774.12
2025-10-10 10:00:00+00:00,4322.17,4345.81,4320.99,4342.99,114957153.64
2025-10-10 11:00:00+00:00,4342.99,4347.85,4328.93,4343.26,92827147.98
2025-10-10 12:00:00+00:00,4343.26,4352.22,4334.55,4348.52,142313969.98
2025-10-10 13:00:00+00:00,4348.52,4390.4,4345.71,4356.45,377396609.3
2025-10-10 14:00:00+00:00,4356.45,4375.35,4282.21,4283.55,517398309.85
2025-10-10 15:00:00+00:00,4283.55,4284.97,4083.45,4103.29,1856568252.93
2025-10-10 16:00:00+00:00,4103.29,4138.28,4086.74,4109.02,770957047.82
2025-10-10 17:00:00+00:00,4109.02,4112.61,4078.55,4093.95,428999096.43
2025-10-10 18:00:00+00:00,4093.95,4100.21,4053.68,4053.96,411801749.93
2025-10-10 19:00:00+00:00,4053.96,4064.15,3952.84,3997.43,886894363.71
2025-10-10 20:00:00+00:00,3997.43,4024.89,3892.01,3892.02,817201956.2
2025-10-10 21:00:00+00:00,3892.02,3906.31,3509.08,3838.13,2032800697.83
2025-10-10 22:00:00+00:00,3838.13,3908.84,3813.31,3858.66,917046370.55
2025-10-10 23:00:00+00:00,3858.66,3907.08,3793.57,3827.21,1064409092.16
2025-10-11 00:00:00+00:00,3827.21,3876.39,3805.69,3837.5,637974942.91
2025-10-11 01:00:00+00:00,3837.5,3839.0,3727.39,3733.42,645004930.61
2025-10-11 02:00:00+00:00,3733.42,3859.62,3730.11,3840.7,578837998.68
2025-10-11 03:00:00+00:00,3840.7,3847.4,3756.44,3791.99,450906232.04
2025-10-11 04:00:00+00:00,3791.99,3818.78,3781.04,3818.56,378364283.81
2025-10-11 05:00:00+00:00,3818.56,3830.71,3763.1,3789.32,396164704.66
2025-10-11 06:00:00+00:00,3789.32,3811.46,3773.14,3781.6,322642705.27
2025-10-11 07:00:00+00:00,3781.6,3785.3,3735.58,3759.26,466934454.33
2025-10-11 08:00:00+00:00,3759.26,3821.51,3749.64,3815.52,416624120.56
2025-10-11 09:00:00+00:00,3815.52,3845.48,3813.17,3829.25,370752047.19
2025-10-11 10:00:00+00:00,3829.25,3855.4,3818.06,3833.72,289696870.63
2025-10-11 11:00:00+00:00,3833.72,3842.31,3788.75,3839.92,319364565.81
2025-10-11 12:00:00+00:00,3839.92,3845.19,3806.19,3823.52,284101061.8
2025-10-11 13:00:00+00:00,3823.52,3838.26,3788.66,3832.39,354447849.35
2025-10-11 14:00:00+00:00,3832.39,3837.57,3797.97,3814.17,313577285.43
2025-10-11 15:00:00+00:00,3814.17,3854.48,3814.1,3825.04,389504163.26
2025-10-11 16:00:00+00:00,3825.04,3847.58,3809.41,3819.93,339744687.89
2025-10-11 17:00:00+00:00,3819.93,3841.36,3813.55,3825.02,254242467.23
2025-10-11 18:00:00+00:00,3825.02,3825.75,3811.01,3815.52,168281248.58
2025-10-11 19:00:00+00:00,3815.52,3816.0,3732.56,3760.14,516480659.35
2025-10-11 20:00:00+00:00,3760.14,3766.15,3662.44,3695.32,635689478.11
2025-10-11 21:00:00+00:00,3695.32,3742.9,3645.76,3735.91,516260004.61
2025-10-11 22:00:00+00:00,3735.91,3762.57,3725.83,3743.17,332190891.32
2025-10-11 23:00:00+00:00,3743.17,3752.36,3732.99,3746.76,250116306.24
2025-10-12 00:00:00+00:00,3746.76,3763.52,3694.83,3700.75,377925971.31
2025-10-12 01:00:00+00:00,3700.75,3739.79,3695.58,3719.19,363529562.61
2025-10-12 02:00:00+00:00,3719.19,3748.21,3708.55,3732.67,319265530.08
2025-10-12 03:00:00+00:00,3732.67,3815.54,3730.21,3781.58,489586051.38
2025-10-12 04:00:00+00:00,3781.58,3822.01,3776.11,3801.61,280281454.01
2025-10-12 05:00:00+00:00,3801.61,3817.22,3796.47,3806.67,135991109.06
2025-10-12 06:00:00+00:00,3806.67,3837.17,3804.3,3833.04,211551877.43
2025-10-12 07:00:00+00:00,3833.04,3844.05,3816.73,3827.92,203560826.69
2025-10-12 08:00:00+00:00,3827.92,3845.1,3821.91,3822.98,176866704.35
2025-10-12 09:00:00+00:00,3822.98,3848.06,3806.52,3843.8,202968077.36
2025-10-12 10:00:00+00:00,3843.8,3861.64,3815.74,3820.18,289599563.28
2025-10-12 11:00:00+00:00,3820.18,3833.63,3814.84,3820.45,147719847.48
2025-10-12 12:00:00+00:00,3820.45,3849.17,3818.92,3832.19,235997139.97
2025-10-12 13:00:00+00:00,3832.19,3834.5,3795.3,3810.12,349777700.02
2025-10-12 14:00:00+00:00,3810.12,4016.78,3808.61,3982.15,985985357.13
2025-10-12 15:00:00+00:00,3982.15,4078.19,3978.44,4034.45,1224317545.39
2025-10-12 16:00:00+00:00,4034.45,4155.99,4034.44,4106.14,1029501397.29
2025-10-12 17:00:00+00:00,4106.14,4158.48,4099.12,4127.61,599873440.57
2025-10-12 18:00:00+00:00,4127.61,4146.53,4096.59,4109.56,338088127.31
2025-10-12 19:00:00+00:00,4109.56,4140.21,4108.37,4135.87,222782786.81
2025-10-12 20:00:00+00:00,4135.87,4192.43,4126.41,4136.66,493915901.61
2025-10-12 21:00:00+00:00,4136.66,4164.43,4081.69,4135.54,465679378.95
2025-10-12 22:00:00+00:00,4135.54,4154.92,4111.56,4134.6,326072978.3
2025-10-12 23:00:00+00:00,4134.6,4160.99,4109.04,4152.5,291620995.76
2025-10-13 00:00:00+00:00,4152.5,4185.77,4124.72,4139.73,431158716.02
2025-10-13 01:00:00+00:00,4139.73,4199.35,4127.21,4199.06,342515162.94
2025-10-13 02:00:00+00:00,4199.06,4216.41,4153.55,4158.72,349184942.36
2025-10-13 03:00:00+00:00,4158.72,4169.99,4132.71,4140.07,240565916.75
2025-10-13 04:00:00+00:00,4140.07,4147.0,4116.39,4142.36,220219692.74
2025-10-13 05:00:00+00:00,4142.36,4144.17,4123.53,4131.45,154454530.66
2025-10-13 06:00:00+00:00,4131.45,4182.46,4116.86,4170.2,265284978.17
2025-10-13 07:00:00+00:00,4170.2,4197.91,4159.48,4178.48,304561496.92
2025-10-13 08:00:00+00:00,4178.48,4195.1,4167.55,4175.35,199248247.05
2025-10-13 09:00:00+00:00,4175.35,4176.78,4143.76,4164.46,217419903.26
2025-10-13 10:00:00+00:00,4164.46,4167.1,4140.24,4151.88,171028154.2
2025-10-13 11:00:00+00:00,4151.88,4151.88,4056.06,4080.48,640701646.59
2025-10-13 12:00:00+00:00,4080.48,4133.05,4056.88,4097.53,439653502.98
2025-10-13 13:00:00+00:00,4097.53,4175.26,4092.85,4164.69,753787856.92
2025-10-13 14:00:00+00:00,4164.69,4175.55,4081.95,4095.52,569413062.9
2025-10-13 15:00:00+00:00,4095.52,4147.54,4093.75,4135.21,371094151.28
2025-10-13 16:00:00+00:00,4135.21,4172.65,4129.27,4165.19,400743523.9
2025-10-13 17:00:00+00:00,4165.19,4237.11,4157.02,4235.84,460934185.25
2025-10-13 18:00:00+00:00,4235.84,4238.87,4200.12,4228.34,339729033.93
2025-10-13 19:00:00+00:00,4228.34,4271.29,4223.57,4251.86,379171104.45
2025-10-13 20:00:00+00:00,4251.86,4289.02,4243.79,4287.05,290951438.63
2025-10-13 21:00:00+00:00,4287.05,4289.91,4255.25,4258.43,191556063.06
2025-10-13 22:00:00+00:00,4258.43,4276.38,4252.12,4271.31,159495933.91
2025-10-13 23:00:00+00:00,4271.31,4271.31,4237.07,4241.15,176267411.39
2025-10-14 00:00:00+00:00,4241.15,4263.35,4228.42,4242.49,205237639.97
2025-10-14 01:00:00+00:00,4242.49,4243.57,4202.89,4211.22,269684323.07
2025-10-14 02:00:00+00:00,4211.22,4211.4,4167.82,4172.41,321121996.35
2025-10-14 03:00:00+00:00,4172.41,4173.92,4137.95,4153.51,344015038.89
2025-10-14 04:00:00+00:00,4153.51,4160.57,4087.13,4100.25,381802074.07
2025-10-14 05:00:00+00:00,4100.25,4126.47,4056.47,4070.08,398045230.25
2025-10-14 06:00:00+00:00,4070.08,4091.33,3976.21,4003.42,709734859.97
2025-10-14 07:00:00+00:00,4003.42,4025.41,3969.55,3981.07,617888451.58
2025-10-14 08:00:00+00:00,3981.07,4010.63,3952.26,3996.64,374092481.85
2025-10-14 09:00:00+00:00,3996.64,4014.41,3970.53,3985.63,259775612.71
2025-10-14 10:00:00+00:00,3985.63,3986.21,3890.21,3942.1,647677383.01
2025-10-14 11:00:00+00:00,3942.1,3985.42,3941.85,3971.69,397911617.44
2025-10-14 12:00:00+00:00,3971.69,3973.62,3931.83,3941.17,374831988.26
2025-10-14 13:00:00+00:00,3941.17,3975.37,3897.94,3956.32,714824806.23
2025-10-14 14:00:00+00:00,3956.32,4016.9,3940.89,3970.28,838625816.79
2025-10-14 15:00:00+00:00,3970.28,4088.4,3950.9,4085.16,658466316.92
2025-10-14 16:00:00+00:00,4085.16,4154.63,4058.38,4096.04,890118184.34
2025-10-14 17:00:00+00:00,4096.04,4139.88,4052.56,4101.26,640396747.67
2025-10-14 18:00:00+00:00,4101.26,4137.85,4094.08,4120.6,419127184.51
2025-10-14 19:00:00+00:00,4120.6,4148.41,4051.62,4103.6,622611387.48
2025-10-14 20:00:00+00:00,4103.6,4125.83,4073.93,4118.14,360820456.03
2025-10-14 21:00:00+00:00,4118.14,4122.76,4093.75,4117.88,176713823.36
2025-10-14 22:00:00+00:00,4117.88,4140.24,4101.99,4119.02,230267716.82
2025-10-14 23:00:00+00:00,4119.02,4144.58,4117.68,4125.0,206162861.44
2025-10-15 00:00:00+00:00,4125.0,4132.44,4094.05,4119.49,306031799.92
2025-10-15 01:00:00+00:00,4119.49,4121.15,4082.84,4115.15,287776503.71
2025-10-15 02:00:00+00:00,4115.15,4145.52,4107.37,4118.61,282541186.52
2025-10-15 03:00:00+00:00,4118.61,4123.05,4061.76,4081.24,471648891.91
2025-10-15 04:00:00+00:00,4081.24,4123.6,4072.42,4115.96,212550021.76
2025-10-15 05:00:00+00:00,4115.96,4124.83,4094.03,4110.29,218295467.54
2025-10-15 06:00:00+00:00,4110.29,4123.1,4075.22,4118.47,309966116.43
2025-10-15 07:00:00+00:00,4118.47,4129.34,4104.39,4122.14,217720652.35
2025-10-15 08:00:00+00:00,4122.14,4213.98,4119.19,4181.73,513474411.66
2025-10-15 09:00:00+00:00,4181.73,4185.16,4138.11,4156.04,328546414.65
2025-10-15 10:00:00+00:00,4156.04,4157.69,4112.65,4118.62,267509583.31
2025-10-15 11:00:00+00:00,4118.62,4130.61,4088.22,4100.1,211831498.56
2025-10-15 12:00:00+00:00,4100.1,4107.0,4074.91,4095.02,261641988.9
2025-10-15 13:00:00+00:00,4095.02,4103.41,4026.45,4055.15,567035694.29
2025-10-15 14:00:00+00:00,4055.15,4104.61,3993.3,4009.91,497912138.94
2025-10-15 15:00:00+00:00,4009.91,4034.48,3959.89,3980.99,521161081.78
2025-10-15 16:00:00+00:00,3980.99,4002.78,3966.72,3976.29,322677829.21
2025-10-15 17:00:00+00:00,3976.29,3994.31,3929.45,3993.02,448849208.66
2025-10-15 18:00:00+00:00,3993.02,4013.08,3970.86,4008.14,250182397.01
2025-10-15 19:00:00+00:00,4008.14,4009.58,3971.64,3983.41,254361458.97
2025-10-15 20:00:00+00:00,3983.41,3995.91,3938.21,3961.69,311180549.38
2025-10-15 21:00:00+00:00,3961.69,3981.72,3929.81,3953.76,255338551.49
2025-10-15 22:00:00+00:00,3953.76,3980.69,3951.7,3961.6,194710549.08
2025-10-15 23:00:00+00:00,3961.6,3993.34,3954.23,3985.63,165352661.06
2025-10-16 00:00:00+00:00,3985.63,3997.27,3976.03,3981.95,164390400.86
2025-10-16 01:00:00+00:00,3981.95,4011.68,3980.65,4010.0,180199449.09
2025-10-16 02:00:00+00:00,4010.0,4035.77,4000.62,4031.33,305175421.82
2025-10-16 03:00:00+00:00,4031.33,4036.55,4011.91,4014.8,130469832.81
2025-10-16 04:00:00+00:00,4014.8,4031.22,3993.2,3998.91,160335215.36
2025-10-16 05:00:00+00:00,3998.91,4020.46,3981.73,3996.71,186242124.48
2025-10-16 06:00:00+00:00,3996.71,4047.76,3994.74,4042.2,210434315.67
2025-10-16 07:00:00+00:00,4042.2,4045.5,3994.92,4003.9,207466400.31
2025-10-16 08:00:00+00:00,4003.9,4007.38,3982.47,3994.71,177237277.02
2025-10-16 09:00:00+00:00,3994.71,4047.53,3945.56,4030.02,438355605.85
2025-10-16 10:00:00+00:00,4030.02,4078.39,4029.53,4049.01,255155232.58
2025-10-16 11:00:00+00:00,4049.01,4063.19,4033.38,4061.81,170944619.23
2025-10-16 12:00:00+00:00,4061.81,4084.47,4039.77,4054.87,315181026.57
2025-10-16 13:00:00+00:00,4054.87,4067.63,4008.53,4021.3,338201311.13
2025-10-16 14:00:00+00:00,4021.3,4059.08,3970.81,4015.63,571619670.53
2025-10-16 15:00:00+00:00,4015.63,4020.67,3893.35,3907.11,636745564.52
2025-10-16 16:00:00+00:00,3907.11,3965.99,3857.71,3963.9,677431027.2
2025-10-16 17:00:00+00:00,3963.9,3964.55,3916.36,3921.48,396977728.03
2025-10-16 18:00:00+00:00,3921.48,3922.0,3878.02,3904.97,445647644.05
2025-10-16 19:00:00+00:00,3904.97,3912.27,3851.59,3867.17,372872340.25
2025-10-16 20:00:00+00:00,3867.17,3881.0,3825.94,3850.81,306770333.26
2025-10-16 21:00:00+00:00,3850.81,3885.79,3840.41,3884.03,223036003.19
2025-10-16 22:00:00+00:00,3884.03,3887.78,3863.86,3865.39,144021328.4
2025-10-16 23:00:00+00:00,3865.39,3898.04,3861.49,3894.51,139009453.49
2025-10-17 00:00:00+00:00,3894.51,3927.66,3888.49,3927.6,159781951.91
2025-10-17 01:00:00+00:00,3927.6,3950.37,3906.39,3920.16,198942457.87
2025-10-17 02:00:00+00:00,3920.16,3930.68,3900.2,3922.43,151957492.39
2025-10-17 03:00:00+00:00,3922.43,3935.31,3919.27,3933.19,120724626.32
2025-10-17 04:00:00+00:00,3933.19,3935.89,3910.65,3912.5,106823311.32
2025-10-17 05:00:00+00:00,3912.5,3923.13,3893.52,3895.38,188041335.83
2025-10-17 06:00:00+00:00,3895.38,3906.07,3808.35,3819.98,441358824.49
2025-10-17 07:00:00+00:00,3819.98,3823.87,3753.13,3756.48,786361902.75
2025-10-17 08:00:00+00:00,3756.48,3769.79,3704.79,3708.97,788630670.68
2025-10-17 09:00:00+00:00,3708.97,3768.63,3699.4,3724.52,455727454.19
2025-10-17 10:00:00+00:00,3724.52,3738.71,3675.36,3725.43,470010119.47
2025-10-17 11:00:00+00:00,3725.43,3817.18,3720.84,3778.23,539765231.24
2025-10-17 12:00:00+00:00,3778.23,3811.23,3771.38,3775.53,268199518.88
2025-10-17 13:00:00+00:00,3775.53,3809.12,3740.85,3789.62,459354431.67
2025-10-17 14:00:00+00:00,3789.62,3798.13,3714.33,3750.23,562018369.93
2025-10-17 15:00:00+00:00,3750.23,3800.84,3744.73,3797.87,365979668.26
2025-10-17 16:00:00+00:00,3797.87,3844.91,3779.15,3788.04,491709009.72
2025-10-17 17:00:00+00:00,3788.04,3826.56,3780.08,3817.78,228657925.15
2025-10-17 18:00:00+00:00,3817.78,3849.2,3812.63,3835.77,185515974.43
2025-10-17 19:00:00+00:00,3835.77,3850.31,3815.09,3828.01,179978774.59
2025-10-17 20:00:00+00:00,3828.01,3863.4,3818.88,3856.86,187887372.84
2025-10-17 21:00:00+00:00,3856.86,3883.32,3853.46,3876.83,202856795.87
2025-10-17 22:00:00+00:00,3876.83,3882.68,3846.6,3854.36,123798775.73
2025-10-17 23:00:00+00:00,3854.36,3854.77,3828.79,3831.58,103264947.05
2025-10-18 00:00:00+00:00,3831.58,3843.97,3819.19,3840.14,110011728.3
2025-10-18 01:00:00+00:00,3840.14,3878.61,3839.79,3868.52,176021509.22
2025-10-18 02:00:00+00:00,3868.52,3881.78,3846.33,3851.15,123506307.41
2025-10-18 03:00:00+00:00,3851.15,3878.72,3849.75,3870.51,95494063.0
2025-10-18 04:00:00+00:00,3870.51,3870.51,3841.37,3844.24,101889009.56
2025-10-18 05:00:00+00:00,3844.24,3868.61,3843.19,3867.29,90195404.77
2025-10-18 06:00:00+00:00,3867.29,3876.58,3860.86,3872.53,96799841.29
2025-10-18 07:00:00+00:00,3872.53,3927.52,3872.25,3892.37,313995522.56
2025-10-18 08:00:00+00:00,3892.37,3905.47,3875.38,3876.71,114048644.83
2025-10-18 09:00:00+00:00,3876.71,3886.97,3865.99,3878.21,129196933.18
2025-10-18 10:00:00+00:00,3878.21,3893.02,3862.26,3876.34,119341882.74
2025-10-18 11:00:00+00:00,3876.34,3883.15,3868.81,3882.25,108233331.18
2025-10-18 12:00:00+00:00,3882.25,3893.73,3873.59,3883.2,74659396.63
2025-10-18 13:00:00+00:00,3883.2,3883.42,3855.49,3865.64,126932347.24
2025-10-18 14:00:00+00:00,3865.64,3880.97,3849.52,3873.79,136899967.35
2025-10-18 15:00:00+00:00,3873.79,3880.21,3864.21,3877.83,98070356.97
2025-10-18 16:00:00+00:00,3877.83,3882.64,3853.78,3865.43,118345970.41
2025-10-18 17:00:00+00:00,3865.43,3898.35,3858.66,3893.94,124200376.1
2025-10-18 18:00:00+00:00,3893.94,3898.79,3882.76,3888.3,76956575.16
2025-10-18 19:00:00+00:00,3888.3,3894.63,3882.79,3893.66,56556036.27
2025-10-18 20:00:00+00:00,3893.66,3908.62,3885.7,3885.7,95428752.48
2025-10-18 21:00:00+00:00,3885.7,3896.25,3869.52,3891.82,85220978.07
2025-10-18 22:00:00+00:00,3891.82,3894.97,3883.27,3885.99,58626933.59
2025-10-18 23:00:00+00:00,3885.99,3890.24,3880.96,3889.04,69452848.66
2025-10-19 00:00:00+00:00,3889.04,3892.13,3862.73,3868.99,133178132.18
2025-10-19 01:00:00+00:00,3868.99,3876.71,3855.93,3874.03,79608516.54
2025-10-19 02:00:00+00:00,3874.03,3875.72,3865.27,3873.03,51262848.58
2025-10-19 03:00:00+00:00,3873.03,3906.29,3868.96,3906.05,131465350.41
2025-10-19 04:00:00+00:00,3906.05,3907.66,3891.52,3902.93,102999623.56
2025-10-19 05:00:00+00:00,3902.93,3920.7,3894.4,3896.78,142838410.85
2025-10-19 06:00:00+00:00,3896.78,3900.62,3874.12,3881.43,102383217.56
2025-10-19 07:00:00+00:00,3881.43,3893.46,3877.73,3888.0,87991314.13
2025-10-19 08:00:00+00:00,3888.0,3947.69,3832.5,3863.68,496456806.34
2025-10-19 09:00:00+00:00,3863.68,3926.99,3849.73,3912.59,284580903.44
2025-10-19 10:00:00+00:00,3912.59,3949.22,3900.08,3931.1,300585244.78
2025-10-19 11:00:00+00:00,3931.1,3951.12,3916.73,3924.24,246475982.72
2025-10-19 12:00:00+00:00,3924.24,3930.12,3909.42,3921.76,144456122.05
2025-10-19 13:00:00+00:00,3921.76,3985.09,3913.95,3971.89,284316831.47
2025-10-19 14:00:00+00:00,3971.89,4000.62,3955.61,3989.59,336156510.58
2025-10-19 15:00:00+00:00,3989.59,3992.78,3973.35,3979.06,146320582.78
2025-10-19 16:00:00+00:00,3979.06,3988.49,3959.48,3981.21,191554866.11
2025-10-19 17:00:00+00:00,3981.21,4027.1,3980.81,3993.64,315372609.09
2025-10-19 18:00:00+00:00,3993.64,4005.08,3986.48,4001.64,104791285.92
2025-10-19 19:00:00+00:00,4001.64,4004.83,3979.2,3985.9,137087238.59
2025-10-19 20:00:00+00:00,3985.9,4003.24,3975.02,4000.96,102615452.48
2025-10-19 21:00:00+00:00,4000.96,4003.91,3984.81,3997.49,81789106.92
2025-10-19 22:00:00+00:00,3997.49,4030.37,3988.89,4020.53,138314437.93
2025-10-19 23:00:00+00:00,4020.53,4020.75,3971.98,3982.66,174439218.0
2025-10-20 00:00:00+00:00,3982.66,3982.67,3909.08,3941.95,309105686.67
2025-10-20 01:00:00+00:00,3941.95,3953.92,3930.58,3938.29,147181849.74
2025-10-20 02:00:00+00:00,3938.29,3966.4,3919.79,3956.76,161075844.66
2025-10-20 03:00:00+00:00,3956.76,4036.91,3948.6,4027.1,214181793.57
2025-10-20 04:00:00+00:00,4027.1,4055.4,4023.22,4054.42,223949121.9
2025-10-20 05:00:00+00:00,4054.42,4075.19,4042.34,4061.12,291147579.71
2025-10-20 06:00:00+00:00,4061.12,4084.74,4057.14,4074.94,228385567.71
2025-10-20 07:00:00+00:00,4074.94,4076.96,4051.87,4055.0,211946946.56
2025-10-20 08:00:00+00:00,4055.0,4070.9,4033.78,4045.42,234992191.84
2025-10-20 09:00:00+00:00,4045.42,4051.71,4034.81,4044.92,144052322.52
2025-10-20 10:00:00+00:00,4044.92,4053.34,4015.96,4026.16,166701731.1
2025-10-20 11:00:00+00:00,4026.16,4041.53,4012.52,4035.03,185512732.68
2025-10-20 12:00:00+00:00,4035.03,4039.7,4024.79,4037.83,117112304.89
2025-10-20 13:00:00+00:00,4037.83,4044.42,4019.69,4039.01,248945529.06
2025-10-20 14:00:00+00:00,4039.01,4047.37,4012.84,4038.89,259862708.51
2025-10-20 15:00:00+00:00,4038.89,4049.86,4003.01,4004.09,322331342.72
2025-10-20 16:00:00+00:00,4004.09,4004.09,3925.86,3949.82,624446846.76
2025-10-20 17:00:00+00:00,3949.82,3964.94,3922.62,3951.14,232388460.15
2025-10-20 18:00:00+00:00,3951.14,3975.75,3946.26,3974.19,114132371.11
2025-10-20 19:00:00+00:00,3974.19,3992.19,3959.5,3981.32,135808722.63
2025-10-20 20:00:00+00:00,3981.32,3998.23,3974.63,3998.23,88125611.67
2025-10-20 21:00:00+00:00,3998.23,4003.15,3971.51,3976.83,105854781.28
2025-10-20 22:00:00+00:00,3976.83,3991.25,3970.98,3988.93,64051956.34
2025-10-20 23:00:00+00:00,3988.93,3993.48,3976.32,3979.27,70986717.15
2025-10-21 00:00:00+00:00,3979.27,3985.86,3963.37,3972.49,103781456.31
2025-10-21 01:00:00+00:00,3972.49,3973.95,3935.23,3947.96,173879194.51
2025-10-21 02:00:00+00:00,3947.96,3950.63,3925.54,3931.45,147440757.56
2025-10-21 03:00:00+00:00,3931.45,3943.23,3919.93,3922.79,108416599.41
2025-10-21 04:00:00+00:00,3922.79,3922.79,3843.82,3851.01,357323311.84
2025-10-21 05:00:00+00:00,3851.01,3874.35,3840.47,3863.83,213044470.96
2025-10-21 06:00:00+00:00,3863.83,3891.99,3855.72,3887.28,139379606.96
2025-10-21 07:00:00+00:00,3887.28,3896.84,3875.6,3892.78,139407451.48
2025-10-21 08:00:00+00:00,3892.78,3893.44,3851.8,3867.67,180369888.95
2025-10-21 09:00:00+00:00,3867.67,3874.47,3856.83,3864.54,101736285.7
2025-10-21 10:00:00+00:00,3864.54,3897.5,3859.8,3883.84,162372684.94
2025-10-21 11:00:00+00:00,3883.84,3894.47,3870.17,3890.34,125891202.29
2025-10-21 12:00:00+00:00,3890.34,3918.66,3877.68,3880.82,194782464.01
2025-10-21 13:00:00+00:00,3880.82,3898.07,3852.24,3866.0,290099500.94
2025-10-21 14:00:00+00:00,3866.0,4024.46,3865.1,4021.29,666930423.99
2025-10-21 15:00:00+00:00,4021.29,4084.86,3996.83,4081.89,713273378.14
2025-10-21 16:00:00+00:00,4081.89,4109.87,4020.85,4028.78,675458581.46
2025-10-21 17:00:00+00:00,4028.78,4039.05,3966.13,4014.69,561988080.84
2025-10-21 18:00:00+00:00,4014.69,4023.09,3976.33,4013.99,222442216.96
2025-10-21 19:00:00+00:00,4013.99,4022.23,3994.11,3995.9,137558984.66
2025-10-21 20:00:00+00:00,3995.9,4000.86,3939.53,3954.21,235964948.53
2025-10-21 21:00:00+00:00,3954.21,3966.3,3900.08,3945.77,238031338.03
2025-10-21 22:00:00+00:00,3945.77,3949.44,3893.27,3901.35,286483083.9
2025-10-21 23:00:00+00:00,3901.35,3911.22,3858.01,3872.9,248091215.23
2025-10-22 00:00:00+00:00,3872.9,3889.44,3821.74,3842.39,344666254.83
2025-10-22 01:00:00+00:00,3842.39,3874.48,3841.73,3869.52,174932186.97
2025-10-22 02:00:00+00:00,3869.52,3876.65,3861.5,3862.32,111731262.36
2025-10-22 03:00:00+00:00,3862.32,3863.26,3841.75,3859.63,120036055.86
2025-10-22 04:00:00+00:00,3859.63,3884.45,3857.88,3879.18,122127546.36
2025-10-22 05:00:00+00:00,3879.18,3882.34,3839.22,3860.58,177838034.75
2025-10-22 06:00:00+00:00,3860.58,3870.11,3852.6,3853.19,137291577.01
2025-10-22 07:00:00+00:00,3853.19,3874.61,3841.46,3868.56,167386078.72
2025-10-22 08:00:00+00:00,3868.56,3868.62,3849.22,3854.36,119832447.12
2025-10-22 09:00:00+00:00,3854.36,3858.6,3827.39,3836.99,179191940.36
2025-10-22 10:00:00+00:00,3836.99,3849.27,3819.75,3819.88,127367225.92
2025-10-22 11:00:00+00:00,3819.88,3838.74,3776.52,3829.1,407933438.6
2025-10-22 12:00:00+00:00,3829.1,3857.46,3821.06,3846.76,158075190.35
2025-10-22 13:00:00+00:00,3846.76,3876.8,3825.39,3872.9,318122939.0
2025-10-22 14:00:00+00:00,3872.9,3873.89,3781.86,3849.46,562790576.53
2025-10-22 15:00:00+00:00,3849.46,3863.4,3792.59,3841.61,642135438.89
2025-10-22 16:00:00+00:00,3841.61,3860.2,3813.32,3836.02,517434087.18
2025-10-22 17:00:00+00:00,3836.02,3842.96,3795.3,3807.76,259929837.06
2025-10-22 18:00:00+00:00,3807.76,3821.33,3792.53,3802.6,243880562.88
2025-10-22 19:00:00+00:00,3802.6,3827.34,3786.46,3804.04,274727578.61
2025-10-22 20:00:00+00:00,3804.04,3810.26,3772.64,3780.84,206927089.75
2025-10-22 21:00:00+00:00,3780.84,3782.08,3720.27,3744.39,393956940.77
2025-10-22 22:00:00+00:00,3744.39,3762.29,3735.15,3752.34,212696246.15
2025-10-22 23:00:00+00:00,3752.34,3815.49,3751.19,3805.55,258718084.74
2025-10-23 00:00:00+00:00,3805.55,3821.41,3796.67,3815.14,131538750.78
2025-10-23 01:00:00+00:00,3815.14,3835.56,3812.3,3821.11,142974445.87
2025-10-23 02:00:00+00:00,3821.11,3834.35,3815.16,3825.81,93140480.86
2025-10-23 03:00:00+00:00,3825.81,3834.96,3822.44,3826.87,68268877.01
2025-10-23 04:00:00+00:00,3826.87,3847.83,3822.98,3836.1,85407481.04
2025-10-23 05:00:00+00:00,3836.1,3849.55,3834.96,3847.62,79734556.37
2025-10-23 06:00:00+00:00,3847.62,3896.67,3843.93,3891.55,248771511.69
2025-10-23 07:00:00+00:00,3891.55,3892.25,3870.83,3881.02,143740729.1
2025-10-23 08:00:00+00:00,3881.02,3903.69,3881.02,3887.2,151065947.38
2025-10-23 09:00:00+00:00,3887.2,3891.26,3875.1,3890.68,118826053.3
2025-10-23 10:00:00+00:00,3890.68,3905.25,3877.52,3877.58,169153803.24
2025-10-23 11:00:00+00:00,3877.58,3887.86,3860.96,3863.36,136605876.43
2025-10-23 12:00:00+00:00,3863.36,3863.36,3837.84,3853.33,200321280.3
2025-10-23 13:00:00+00:00,3853.33,3866.59,3833.63,3851.43,399518233.83
2025-10-23 14:00:00+00:00,3851.43,3854.02,3808.52,3847.73,473417239.46
2025-10-23 15:00:00+00:00,3847.73,3886.12,3843.27,3876.7,345203661.25
2025-10-23 16:00:00+00:00,3876.7,3934.07,3865.56,3918.31,255881568.32
2025-10-23 17:00:00+00:00,3918.31,3927.92,3877.37,3921.57,325702550.88
2025-10-23 18:00:00+00:00,3921.57,3922.42,3860.09,3870.3,212405780.39
2025-10-23 19:00:00+00:00,3870.3,3871.48,3845.46,3859.78,149989543.34
2025-10-23 20:00:00+00:00,3859.78,3860.18,3820.69,3829.23,159140228.59
2025-10-23 21:00:00+00:00,3829.23,3837.25,3821.84,3828.68,97809315.72
2025-10-23 22:00:00+00:00,3828.68,3855.29,3827.44,3851.12,114509829.75
2025-10-23 23:00:00+00:00,3851.12,3859.83,3845.65,3856.91,87886075.36
2025-10-24 00:00:00+00:00,3856.91,3876.7,3846.05,3867.98,133419535.62
2025-10-24 01:00:00+00:00,3867.98,3883.13,3858.17,3881.67,95004800.76
2025-10-24 02:00:00+00:00,3881.67,3895.31,3871.2,3889.56,93721929.45
2025-10-24 03:00:00+00:00,3889.56,3892.42,3878.97,3890.95,86539387.93
2025-10-24 04:00:00+00:00,3890.95,3979.71,3886.18,3974.44,334594803.81
2025-10-24 05:00:00+00:00,3974.44,3988.89,3957.79,3974.29,218767508.47
2025-10-24 06:00:00+00:00,3974.29,3987.52,3963.9,3982.89,154305088.85
2025-10-24 07:00:00+00:00,3982.89,3984.04,3935.2,3949.29,234975715.52
2025-10-24 08:00:00+00:00,3949.29,3965.17,3930.75,3952.91,188480701.35
2025-10-24 09:00:00+00:00,3952.91,3969.4,3950.1,3958.62,150784963.88
2025-10-24 10:00:00+00:00,3958.62,3964.82,3948.13,3956.68,103547834.31
2025-10-24 11:00:00+00:00,3956.68,3964.01,3927.52,3946.65,133488323.69
2025-10-24 12:00:00+00:00,3946.65,4012.81,3941.69,3963.84,533199478.91
2025-10-24 13:00:00+00:00,3963.84,3978.64,3919.34,3946.97,349725876.99
2025-10-24 14:00:00+00:00,3946.97,3946.97,3890.99,3902.6,354314649.11
2025-10-24 15:00:00+00:00,3902.6,3929.28,3874.92,3889.06,313715731.22
2025-10-24 16:00:00+00:00,3889.06,3892.88,3866.46,3889.4,185433985.12
2025-10-24 17:00:00+00:00,3889.4,3904.42,3875.75,3888.72,169179478.77
2025-10-24 18:00:00+00:00,3888.72,3915.09,3884.02,3911.92,81479787.72
2025-10-24 19:00:00+00:00,3911.92,3938.16,3911.92,3926.83,138226245.79
2025-10-24 20:00:00+00:00,3926.83,3942.62,3924.27,3938.81,84227867.13
2025-10-24 21:00:00+00:00,3938.81,3945.34,3925.89,3943.68,88394335.81
2025-10-24 22:00:00+00:00,3943.68,3945.15,3930.8,3936.04,48957243.99
2025-10-24 23:00:00+00:00,3936.04,3936.93,3926.17,3934.9,64837589.82
2025-10-25 00:00:00+00:00,3934.9,3935.78,3912.94,3918.57,79571682.59
2025-10-25 01:00:00+00:00,3918.57,3939.15,3915.7,3933.15,68784521.59
2025-10-25 02:00:00+00:00,3933.15,3937.51,3926.38,3934.27,48934274.11
2025-10-25 03:00:00+00:00,3934.27,3935.64,3920.44,3921.35,49316805.22
2025-10-25 04:00:00+00:00,3921.35,3935.69,3920.62,3923.24,60332358.49
2025-10-25 05:00:00+00:00,3923.24,3932.44,3920.81,3930.56,50044501.53
2025-10-25 06:00:00+00:00,3930.56,3935.94,3927.05,3928.69,64602748.19
2025-10-25 07:00:00+00:00,3928.69,3958.36,3925.54,3928.84,134841977.12
2025-10-25 08:00:00+00:00,3928.84,3955.96,3927.91,3953.96,66618253.75
2025-10-25 09:00:00+00:00,3953.96,3956.47,3940.99,3942.57,86134323.63
2025-10-25 10:00:00+00:00,3942.57,3947.27,3931.94,3942.48,54429978.73
2025-10-25 11:00:00+00:00,3942.48,3945.41,3938.61,3940.33,30024256.43
2025-10-25 12:00:00+00:00,3940.33,3955.76,3939.64,3953.33,65727941.33
2025-10-25 13:00:00+00:00,3953.33,3956.36,3935.48,3942.96,73478117.34
2025-10-25 14:00:00+00:00,3942.96,3947.91,3934.07,3938.76,60327310.12
2025-10-25 15:00:00+00:00,3938.76,3938.77,3925.21,3932.94,70988247.97
2025-10-25 16:00:00+00:00,3932.94,3937.86,3928.03,3932.71,50050725.61
2025-10-25 17:00:00+00:00,3932.71,3939.45,3930.81,3934.79,26796338.56
2025-10-25 18:00:00+00:00,3934.79,3968.7,3929.54,3959.91,101973072.5
2025-10-25 19:00:00+00:00,3959.91,3963.83,3951.62,3957.45,43639146.62
2025-10-25 20:00:00+00:00,3957.45,3959.38,3945.02,3945.41,51245718.1
2025-10-25 21:00:00+00:00,3945.41,3952.56,3937.13,3952.56,61976980.72
2025-10-25 22:00:00+00:00,3952.56,3964.83,3946.66,3961.63,46128766.1
2025-10-25 23:00:00+00:00,3961.63,3963.93,3950.55,3953.83,33116545.12
2025-10-26 00:00:00+00:00,3953.83,3961.59,3946.39,3950.31,68410219.81
2025-10-26 01:00:00+00:00,3950.31,3955.72,3920.91,3933.16,104246630.7
2025-10-26 02:00:00+00:00,3933.16,3939.12,3923.05,3930.62,78388806.99
2025-10-26 03:00:00+00:00,3930.62,3936.48,3923.75,3931.98,56603396.97
2025-10-26 04:00:00+00:00,3931.98,3941.74,3929.13,3940.08,52133460.83
2025-10-26 05:00:00+00:00,3940.08,3946.7,3937.82,3942.93,39487795.88
2025-10-26 06:00:00+00:00,3942.93,3946.4,3938.87,3944.83,36256129.61
2025-10-26 07:00:00+00:00,3944.83,3956.34,3941.73,3951.57,54393998.92
2025-10-26 08:00:00+00:00,3951.57,3965.64,3950.82,3959.83,72308578.32
2025-10-26 09:00:00+00:00,3959.83,4010.95,3956.65,3987.92,296930592.37
2025-10-26 10:00:00+00:00,3987.92,3990.01,3975.01,3983.3,135088245.16
2025-10-26 11:00:00+00:00,3983.3,4052.59,3976.77,4044.91,338350078.71
2025-10-26 12:00:00+00:00,4044.91,4077.96,4041.11,4072.93,378165768.37
2025-10-26 13:00:00+00:00,4072.93,4098.94,4062.67,4083.43,334206322.78
2025-10-26 14:00:00+00:00,4083.43,4090.9,4063.43,4067.04,212786123.81
2025-10-26 15:00:00+00:00,4067.04,4077.29,4059.64,4075.17,150338113.42
2025-10-26 16:00:00+00:00,4075.17,4075.71,4046.63,4055.66,134859423.29
2025-10-26 17:00:00+00:00,4055.66,4068.45,4053.33,4059.34,93079091.89
2025-10-26 18:00:00+00:00,4059.34,4079.81,4058.14,4072.15,105385434.75
2025-10-26 19:00:00+00:00,4072.15,4072.56,4065.19,4067.77,64279591.99
2025-10-26 20:00:00+00:00,4067.77,4072.65,4054.59,4062.02,82204019.03
2025-10-26 21:00:00+00:00,4062.02,4094.16,4055.44,4080.54,109261062.37
2025-10-26 22:00:00+00:00,4080.54,4169.15,4080.54,4160.6,494074477.66
2025-10-26 23:00:00+00:00,4160.6,4178.81,4148.68,4158.42,232111229.58
2025-10-27 00:00:00+00:00,4158.42,4189.22,4149.77,4170.55,299150510.23
2025-10-27 01:00:00+00:00,4170.55,4207.21,4167.77,4191.82,298815822.63
2025-10-27 02:00:00+00:00,4191.82,4217.63,4184.16,4205.35,249215552.87
2025-10-27 03:00:00+00:00,4205.35,4224.04,4200.22,4204.82,178694600.52
2025-10-27 04:00:00+00:00,4204.82,4217.23,4194.18,4212.77,143513575.93
2025-10-27 05:00:00+00:00,4212.77,4252.6,4210.26,4233.18,270129546.17
2025-10-27 06:00:00+00:00,4233.18,4245.01,4223.11,4235.14,164278881.85
2025-10-27 07:00:00+00:00,4235.14,4247.29,4196.16,4201.36,284147158.65
2025-10-27 08:00:00+00:00,4201.36,4201.5,4156.5,4166.68,301986424.85
2025-10-27 09:00:00+00:00,4166.68,4173.23,4154.63,4160.3,209161548.07
2025-10-27 10:00:00+00:00,4160.3,4174.83,4154.87,4167.26,115667585.76
2025-10-27 11:00:00+00:00,4167.26,4175.74,4134.33,4162.01,215906919.55
2025-10-27 12:00:00+00:00,4162.01,4166.69,4138.29,4145.68,146593121.22
2025-10-27 13:00:00+00:00,4145.68,4187.65,4129.07,4177.98,306907505.96
2025-10-27 14:00:00+00:00,4177.98,4183.45,4124.7,4149.19,336459930.2
2025-10-27 15:00:00+00:00,4149.19,4176.07,4148.43,4173.09,178865432.88
2025-10-27 16:00:00+00:00,4173.09,4218.69,4173.01,4214.57,247560266.83
2025-10-27 17:00:00+00:00,4214.57,4225.59,4199.77,4221.38,160235753.51
2025-10-27 18:00:00+00:00,4221.38,4233.51,4206.98,4215.05,145424702.26
2025-10-27 19:00:00+00:00,4215.05,4220.88,4186.73,4193.72,181279713.42
2025-10-27 20:00:00+00:00,4193.72,4194.96,4128.96,4128.97,290865456.56
2025-10-27 21:00:00+00:00,4128.97,4138.99,4095.26,4116.51,210269664.35
2025-10-27 22:00:00+00:00,4116.51,4144.23,4110.57,4122.88,153977426.44
2025-10-27 23:00:00+00:00,4122.88,4127.92,4103.06,4120.32,142600318.94
2025-10-28 00:00:00+00:00,4120.32,4133.7,4107.25,4115.37,160117688.5
2025-10-28 01:00:00+00:00,4115.37,4141.54,4115.36,4136.75,131922207.94
2025-10-28 02:00:00+00:00,4136.75,4141.65,4077.68,4095.96,216362243.68
2025-10-28 03:00:00+00:00,4095.96,4101.02,4071.25,4094.27,192820331.23
2025-10-28 04:00:00+00:00,4094.27,4106.62,4088.16,4099.99,96138190.18
2025-10-28 05:00:00+00:00,4099.99,4104.25,4066.77,4068.61,164880257.86
2025-10-28 06:00:00+00:00,4068.61,4114.31,4068.27,4113.02,144443253.37
2025-10-28 07:00:00+00:00,4113.02,4126.84,4111.33,4117.17,142862726.71
2025-10-28 08:00:00+00:00,4117.17,4136.02,4110.45,4123.83,106503418.19
2025-10-28 09:00:00+00:00,4123.83,4129.39,4104.51,4122.99,114242401.57
2025-10-28 10:00:00+00:00,4122.99,4124.63,4109.19,4118.25,86737451.94
2025-10-28 11:00:00+00:00,4118.25,4127.33,4110.51,4112.45,90821720.19
2025-10-28 12:00:00+00:00,4112.45,4126.35,4098.25,4121.78,135547297.26
2025-10-28 13:00:00+00:00,4121.78,4167.5,4121.78,4158.68,319239425.82
2025-10-28 14:00:00+00:00,4158.68,4175.55,4078.36,4118.94,499064856.81
2025-10-28 15:00:00+00:00,4118.94,4140.63,4087.47,4097.03,324399428.1
2025-10-28 16:00:00+00:00,4097.03,4140.72,4093.57,4134.87,231545330.26
2025-10-28 17:00:00+00:00,4134.87,4146.96,4122.41,4140.23,125586249.1
2025-10-28 18:00:00+00:00,4140.23,4151.01,4104.38,4115.02,168533442.08
2025-10-28 19:00:00+00:00,4115.02,4117.97,4028.19,4039.63,485190302.69
2025-10-28 20:00:00+00:00,4039.63,4042.27,3960.56,3979.5,628666144.42
2025-10-28 21:00:00+00:00,3979.5,3991.84,3938.62,3982.66,387485746.21
2025-10-28 22:00:00+00:00,3982.66,3999.77,3972.8,3995.12,211022055.72
2025-10-28 23:00:00+00:00,3995.12,3996.03,3977.06,3979.57,171977730.42
2025-10-29 00:00:00+00:00,3979.57,3993.22,3970.1,3973.11,143651988.11
2025-10-29 01:00:00+00:00,3973.11,4008.43,3964.71,3982.72,165930313.9
2025-10-29 02:00:00+00:00,3982.72,4004.99,3981.18,4002.96,97479393.34
2025-10-29 03:00:00+00:00,4002.96,4002.96,3986.24,3997.87,180311236.85
2025-10-29 04:00:00+00:00,3997.87,4020.49,3996.18,4013.71,103393908.57
2025-10-29 05:00:00+00:00,4013.71,4035.92,4012.68,4027.06,122244365.21
2025-10-29 06:00:00+00:00,4027.06,4036.74,4017.17,4024.54,96076222.28
2025-10-29 07:00:00+00:00,4024.54,4031.05,4012.48,4024.8,101293503.7
2025-10-29 08:00:00+00:00,4024.8,4027.06,4004.07,4008.08,106788999.96
2025-10-29 09:00:00+00:00,4008.08,4009.76,3987.07,3997.59,123615942.61
2025-10-29 10:00:00+00:00,3997.59,4004.43,3988.52,3989.29,93411130.09
2025-10-29 11:00:00+00:00,3989.29,4015.82,3984.13,4011.29,107345541.1
2025-10-29 12:00:00+00:00,4011.29,4020.0,4004.37,4016.08,68698300.58
2025-10-29 13:00:00+00:00,4016.08,4029.68,3984.04,3995.11,251408764.97
2025-10-29 14:00:00+00:00,3995.11,4000.14,3973.53,3988.65,197885949.6
2025-10-29 15:00:00+00:00,3988.65,3994.6,3943.05,3951.9,281515886.51
2025-10-29 16:00:00+00:00,3951.9,3977.52,3927.19,3962.36,353840102.74
2025-10-29 17:00:00+00:00,3962.36,4016.05,3960.11,4014.48,227243562.56
2025-10-29 18:00:00+00:00,4014.48,4018.21,3856.74,3918.04,1109081506.46
2025-10-29 19:00:00+00:00,3918.04,3958.04,3888.27,3905.18,369645449.22
2025-10-29 20:00:00+00:00,3905.18,3953.24,3889.03,3951.38,236038126.72
2025-10-29 21:00:00+00:00,3951.38,3963.45,3931.18,3956.35,120455455.64
2025-10-29 22:00:00+00:00,3956.35,3959.36,3934.66,3940.85,88577655.81
2025-10-29 23:00:00+00:00,3940.85,3941.1,3874.24,3903.13,271594999.78
2025-10-30 00:00:00+00:00,3903.13,3923.6,3885.54,3922.51,154349846.21
2025-10-30 01:00:00+00:00,3922.51,3935.28,3906.28,3927.57,128825211.25
2025-10-30 02:00:00+00:00,3927.57,3947.33,3923.55,3945.87,119374881.25
2025-10-30 03:00:00+00:00,3945.87,3948.85,3928.13,3934.73,100584608.4
2025-10-30 04:00:00+00:00,3934.73,3934.91,3840.86,3871.68,502289382.78
2025-10-30 05:00:00+00:00,3871.68,3923.26,3857.41,3916.75,234398029.29
2025-10-30 06:00:00+00:00,3916.75,3926.32,3897.52,3913.54,162692512.48
2025-10-30 07:00:00+00:00,3913.54,3944.54,3908.42,3940.21,143246679.67
2025-10-30 08:00:00+00:00,3940.21,3940.28,3917.06,3921.62,109611560.43
2025-10-30 09:00:00+00:00,3921.62,3924.29,3892.62,3900.27,160378726.16
2025-10-30 10:00:00+00:00,3900.27,3907.58,3884.02,3892.82,154883805.66
2025-10-30 11:00:00+00:00,3892.82,3897.61,3877.57,3881.19,111484473.26
2025-10-30 12:00:00+00:00,3881.19,3884.58,3797.11,3818.25,468538288.89
2025-10-30 13:00:00+00:00,3818.25,3837.26,3762.6,3766.9,510789884.54
2025-10-30 14:00:00+00:00,3766.9,3807.32,3765.61,3801.43,363002850.54
2025-10-30 15:00:00+00:00,3801.43,3807.71,3758.68,3773.75,260712333.26
2025-10-30 16:00:00+00:00,3773.75,3802.2,3763.14,3780.94,203669074.43
2025-10-30 17:00:00+00:00,3780.94,3780.94,3727.47,3770.75,414058206.74
2025-10-30 18:00:00+00:00,3770.75,3772.42,3720.51,3721.2,225091300.0
2025-10-30 19:00:00+00:00,3721.2,3736.85,3680.13,3688.69,426088573.57
2025-10-30 20:00:00+00:00,3688.69,3757.46,3679.57,3756.78,276480042.15
2025-10-30 21:00:00+00:00,3756.78,3781.42,3747.8,3773.17,186752642.64
2025-10-30 22:00:00+00:00,3773.17,3783.64,3764.49,3783.63,110224708.42
2025-10-30 23:00:00+00:00,3783.63,3806.6,3773.98,3804.39,135519953.38
2025-10-31 00:00:00+00:00,3804.39,3839.95,3796.41,3831.91,161490370.11
2025-10-31 01:00:00+00:00,3831.91,3859.99,3826.4,3846.97,212600309.59
2025-10-31 02:00:00+00:00,3846.97,3851.37,3807.64,3821.29,174941369.88
2025-10-31 03:00:00+00:00,3821.29,3836.92,3812.0,3829.15,122019397.85
2025-10-31 04:00:00+00:00,3829.15,3872.86,3826.89,3862.57,214331764.47
2025-10-31 05:00:00+00:00,3862.57,3863.08,3845.92,3850.39,103305970.92
2025-10-31 06:00:00+00:00,3850.39,3852.95,3823.66,3831.14,141312657.94
2025-10-31 07:00:00+00:00,3831.14,3841.42,3821.45,3831.38,144870971.5
2025-10-31 08:00:00+00:00,3831.38,3853.8,3818.62,3851.94,137031586.98
2025-10-31 09:00:00+00:00,3851.94,3863.06,3839.86,3844.8,102317910.77
2025-10-31 10:00:00+00:00,3844.8,3854.42,3832.82,3835.62,81366322.13
2025-10-31 11:00:00+00:00,3835.62,3881.08,3827.54,3874.2,199356787.41
2025-10-31 12:00:00+00:00,3874.2,3887.31,3834.84,3836.19,233356828.71
2025-10-31 13:00:00+00:00,3836.19,3871.22,3831.89,3858.94,273860914.45
2025-10-31 14:00:00+00:00,3858.94,3873.26,3838.43,3868.53,462701953.7
2025-10-31 15:00:00+00:00,3868.53,3882.95,3853.7,3860.92,443307477.96
2025-10-31 16:00:00+00:00,3860.92,3868.56,3815.06,3822.52,269203556.97
2025-10-31 17:00:00+00:00,3822.52,3834.49,3805.94,3828.04,242596259.24
2025-10-31 18:00:00+00:00,3828.04,3867.66,3809.24,3853.01,265270063.97
2025-10-31 19:00:00+00:00,3853.01,3904.58,3836.66,3886.11,273017845.05
2025-10-31 20:00:00+00:00,3886.11,3892.82,3857.31,3861.14,150306894.93
2025-10-31 21:00:00+00:00,3861.14,3865.7,3841.43,3861.96,141026407.0
2025-10-31 22:00:00+00:00,3861.96,3866.63,3851.87,3855.62,62067073.94
2025-10-31 23:00:00+00:00,3855.62,3858.56,3847.69,3847.97,51525079.38
2025-11-01 00:00:00+00:00,3847.97,3849.87,3832.52,3847.39,87813901.32
2025-11-01 01:00:00+00:00,3847.39,3860.1,3843.16,3844.18,74310347.79
2025-11-01 02:00:00+00:00,3844.18,3854.79,3836.82,3852.34,64031281.87
2025-11-01 03:00:00+00:00,3852.34,3863.98,3851.56,3861.54,60932923.43
2025-11-01 04:00:00+00:00,3861.54,3869.08,3855.35,3866.65,77551384.84
2025-11-01 05:00:00+00:00,3866.65,3867.47,3853.59,3855.41,48406180.06
2025-11-01 06:00:00+00:00,3855.41,3861.06,3852.78,3858.63,92048313.23
2025-11-01 07:00:00+00:00,3858.63,3867.46,3856.55,3860.72,56092922.73
2025-11-01 08:00:00+00:00,3860.72,3882.91,3860.72,3882.16,101638815.66
2025-11-01 09:00:00+00:00,3882.16,3882.48,3871.82,3875.3,75351191.89
2025-11-01 10:00:00+00:00,3875.3,3881.75,3871.97,3876.62,64381594.92
2025-11-01 11:00:00+00:00,3876.62,3881.19,3868.96,3877.69,52729704.91
2025-11-01 12:00:00+00:00,3877.69,3880.7,3875.42,3876.14,51233376.14
2025-11-01 13:00:00+00:00,3876.14,3878.96,3859.11,3870.16,70361508.11
2025-11-01 14:00:00+00:00,3870.16,3875.15,3858.54,3873.13,82375606.09
2025-11-01 15:00:00+00:00,3873.13,3901.12,3871.74,3894.79,170564643.69
2025-11-01 16:00:00+00:00,3894.79,3907.33,3885.88,3892.29,133602014.79
2025-11-01 17:00:00+00:00,3892.29,3893.77,3863.77,3865.91,129739641.16
2025-11-01 18:00:00+00:00,3865.91,3880.84,3864.28,3880.31,50086146.17
2025-11-01 19:00:00+00:00,3880.31,3880.82,3871.52,3879.87,25132268.63
2025-11-01 20:00:00+00:00,3879.87,3891.24,3878.94,3881.52,52458856.73
2025-11-01 21:00:00+00:00,3881.52,3884.38,3867.85,3867.85,51908778.2
2025-11-01 22:00:00+00:00,3867.85,3875.82,3864.12,3874.74,62498591.38
2025-11-01 23:00:00+00:00,3874.74,3876.8,3868.96,3873.8,31847431.46
2025-11-02 00:00:00+00:00,3873.8,3874.03,3863.09,3866.65,55404054.42
2025-11-02 01:00:00+00:00,3866.65,3876.45,3862.38,3872.13,42070968.32
2025-11-02 02:00:00+00:00,3872.13,3886.52,3868.92,3880.66,49217338.21
2025-11-02 03:00:00+00:00,3880.66,3884.64,3877.81,3880.6,26698350.35
2025-11-02 04:00:00+00:00,3880.6,3911.94,3876.07,3908.2,116965292.22
2025-11-02 05:00:00+00:00,3908.2,3909.01,3894.91,3902.91,63883579.66
2025-11-02 06:00:00+00:00,3902.91,3907.78,3892.3,3901.99,55228594.77
2025-11-02 07:00:00+00:00,3901.99,3917.48,3892.44,3906.71,86761432.26
2025-11-02 08:00:00+00:00,3906.71,3910.57,3892.75,3894.69,65661635.86
2025-11-02 09:00:00+00:00,3894.69,3903.31,3869.5,3872.73,138003242.56
2025-11-02 10:00:00+00:00,3872.73,3876.08,3854.25,3863.43,132064503.86
2025-11-02 11:00:00+00:00,3863.43,3897.34,3862.74,3890.92,214757553.23
2025-11-02 12:00:00+00:00,3890.92,3894.47,3871.69,3877.31,108568614.85
2025-11-02 13:00:00+00:00,3877.31,3877.39,3855.28,3868.44,94295221.68
2025-11-02 14:00:00+00:00,3868.44,3873.19,3839.75,3853.05,153853090.84
2025-11-02 15:00:00+00:00,3853.05,3870.95,3846.91,3853.19,125811322.54
2025-11-02 16:00:00+00:00,3853.19,3865.11,3841.2,3864.25,129998724.84
2025-11-02 17:00:00+00:00,3864.25,3864.47,3850.09,3859.13,56176340.64
2025-11-02 18:00:00+00:00,3859.13,3866.66,3855.5,3863.96,43888756.52
2025-11-02 19:00:00+00:00,3863.96,3864.33,3844.1,3855.85,58313219.51
2025-11-02 20:00:00+00:00,3855.85,3859.5,3847.94,3858.49,36832317.28
2025-11-02 21:00:00+00:00,3858.49,3868.4,3850.24,3861.26,52472464.62
2025-11-02 22:00:00+00:00,3861.26,3863.54,3844.58,3854.62,72357713.14
2025-11-02 23:00:00+00:00,3854.62,3916.04,3854.62,3906.58,248363403.99
2025-11-03 00:00:00+00:00,3906.58,3914.04,3862.9,3864.97,174958296.13
2025-11-03 01:00:00+00:00,3864.97,3864.97,3829.01,3837.48,288772257.3
2025-11-03 02:00:00+00:00,3837.48,3841.97,3788.07,3799.19,430299279.5
2025-11-03 03:00:00+00:00,3799.19,3807.06,3728.68,3736.33,419601335.97
2025-11-03 04:00:00+00:00,3736.33,3748.06,3715.93,3746.69,250047091.25
2025-11-03 05:00:00+00:00,3746.69,3764.93,3727.93,3731.91,180173662.97
2025-11-03 06:00:00+00:00,3731.91,3741.01,3684.32,3718.54,362808820.82
2025-11-03 07:00:00+00:00,3718.54,3736.62,3699.21,3714.53,326024866.8
2025-11-03 08:00:00+00:00,3714.53,3720.29,3686.84,3716.62,296828441.93
2025-11-03 09:00:00+00:00,3716.62,3739.95,3696.19,3703.3,211030558.72
2025-11-03 10:00:00+00:00,3703.3,3719.19,3665.9,3672.01,201131204.43
2025-11-03 11:00:00+00:00,3672.01,3721.51,3671.91,3711.66,276021922.11
2025-11-03 12:00:00+00:00,3711.66,3728.6,3704.96,3709.49,155679833.27
2025-11-03 13:00:00+00:00,3709.49,3728.36,3694.29,3720.06,250160464.84
2025-11-03 14:00:00+00:00,3720.06,3748.2,3705.98,3734.51,429405264.26
2025-11-03 15:00:00+00:00,3734.51,3738.66,3584.22,3588.93,1045868579.22
2025-11-03 16:00:00+00:00,3588.93,3626.67,3565.01,3619.25,499921617.82
2025-11-03 17:00:00+00:00,3619.25,3681.56,3612.56,3666.62,393587633.3
2025-11-03 18:00:00+00:00,3666.62,3673.18,3630.89,3632.28,184816396.44
2025-11-03 19:00:00+00:00,3632.28,3648.87,3620.38,3631.45,201113076.29
2025-11-03 20:00:00+00:00,3631.45,3636.52,3562.69,3587.74,281054955.39
2025-11-03 21:00:00+00:00,3587.74,3613.43,3559.64,3602.09,261348665.98
2025-11-03 22:00:00+00:00,3602.09,3603.47,3560.83,3590.06,181239099.05
2025-11-03 23:00:00+00:00,3590.06,3606.74,3566.53,3603.81,135354095.78
2025-11-04 00:00:00+00:00,3603.81,3635.58,3567.44,3617.98,257497253.62
2025-11-04 01:00:00+00:00,3617.98,3654.07,3607.13,3644.35,198485893.56
2025-11-04 02:00:00+00:00,3644.35,3648.62,3618.97,3626.11,126793486.24
2025-11-04 03:00:00+00:00,3626.11,3651.17,3621.08,3642.37,167666675.88
2025-11-04 04:00:00+00:00,3642.37,3647.77,3621.17,3625.13,145474209.15
2025-11-04 05:00:00+00:00,3625.13,3631.22,3490.73,3492.95,769551605.88
2025-11-04 06:00:00+00:00,3492.95,3560.52,3479.12,3512.63,601785645.26
2025-11-04 07:00:00+00:00,3512.63,3516.76,3474.28,3494.49,507002116.99
2025-11-04 08:00:00+00:00,3494.49,3512.52,3460.8,3495.66,396422219.31
2025-11-04 09:00:00+00:00,3495.66,3502.55,3476.48,3492.02,209040837.34
2025-11-04 10:00:00+00:00,3492.02,3501.81,3473.63,3485.55,246869102.1
2025-11-04 11:00:00+00:00,3485.55,3533.04,3483.95,3529.57,346282290.84
2025-11-04 12:00:00+00:00,3529.57,3532.07,3496.3,3511.29,224288923.67
2025-11-04 13:00:00+00:00,3511.29,3523.31,3494.72,3507.21,268256158.22
2025-11-04 14:00:00+00:00,3507.21,3562.97,3473.99,3555.84,459030539.82
2025-11-04 15:00:00+00:00,3555.84,3587.52,3496.42,3507.54,453794462.66
2025-11-04 16:00:00+00:00,3507.54,3520.33,3425.71,3429.69,503538410.51
2025-11-04 17:00:00+00:00,3429.69,3429.75,3363.42,3373.22,764606869.33
2025-11-04 18:00:00+00:00,3373.22,3374.18,3256.62,3303.56,981855663.73
2025-11-04 19:00:00+00:00,3303.56,3316.88,3226.36,3231.03,481021353.22
2025-11-04 20:00:00+00:00,3231.03,3252.22,3139.37,3213.48,1093514416.05
2025-11-04 21:00:00+00:00,3213.48,3219.01,3062.84,3214.46,996291544.91
2025-11-04 22:00:00+00:00,3214.46,3289.0,3199.45,3246.81,606182662.48
2025-11-04 23:00:00+00:00,3246.81,3302.75,3242.47,3286.83,481436767.06
2025-11-05 00:00:00+00:00,3286.83,3301.28,3229.05,3240.45,427826460.15
2025-11-05 01:00:00+00:00,3240.45,3254.63,3167.09,3243.35,637775226.29
2025-11-05 02:00:00+00:00,3243.35,3326.19,3243.18,3324.85,511541103.74
2025-11-05 03:00:00+00:00,3324.85,3349.12,3306.02,3334.79,300987690.42
2025-11-05 04:00:00+00:00,3334.79,3345.73,3314.1,3329.31,204256599.22
2025-11-05 05:00:00+00:00,3329.31,3353.68,3324.51,3326.13,154723040.61
2025-11-05 06:00:00+00:00,3326.13,3341.42,3311.5,3337.06,162009482.12
2025-11-05 07:00:00+00:00,3337.06,3341.63,3303.2,3331.09,176819470.48
2025-11-05 08:00:00+00:00,3331.09,3331.16,3282.92,3300.92,242364032.12
2025-11-05 09:00:00+00:00,3300.92,3322.05,3293.75,3307.66,152758728.31
2025-11-05 10:00:00+00:00,3307.66,3308.13,3275.24,3277.38,149831102.08
2025-11-05 11:00:00+00:00,3277.38,3324.84,3276.05,3322.32,187508953.54
2025-11-05 12:00:00+00:00,3322.32,3358.79,3313.25,3345.04,238407451.96
2025-11-05 13:00:00+00:00,3345.04,3375.57,3324.81,3360.42,287464065.49
2025-11-05 14:00:00+00:00,3360.42,3371.99,3319.92,3348.15,319253070.15
2025-11-05 15:00:00+00:00,3348.15,3398.98,3334.24,3398.17,362605225.54
2025-11-05 16:00:00+00:00,3398.17,3439.79,3370.56,3437.61,502791217.67
2025-11-05 17:00:00+00:00,3437.61,3447.27,3418.19,3435.9,288939535.38
2025-11-05 18:00:00+00:00,3435.9,3479.21,3430.17,3462.0,217655724.9
2025-11-05 19:00:00+00:00,3462.0,3471.79,3445.61,3455.05,176820423.64
2025-11-05 20:00:00+00:00,3455.05,3480.49,3441.23,3451.04,222316112.82
2025-11-05 21:00:00+00:00,3451.04,3451.04,3430.56,3442.3,200043630.98
2025-11-05 22:00:00+00:00,3442.3,3445.27,3415.25,3424.58,131764851.15
2025-11-05 23:00:00+00:00,3424.58,3435.3,3415.51,3424.4,109954210.83
2025-11-06 00:00:00+00:00,3424.4,3424.41,3393.53,3407.57,170429922.42
2025-11-06 01:00:00+00:00,3407.57,3410.58,3374.79,3405.36,187666340.47
2025-11-06 02:00:00+00:00,3405.36,3430.17,3392.19,3422.08,180992757.04
2025-11-06 03:00:00+00:00,3422.08,3450.58,3421.31,3432.84,156025502.6
2025-11-06 04:00:00+00:00,3432.84,3456.1,3429.22,3452.77,111526070.78
2025-11-06 05:00:00+00:00,3452.77,3452.77,3377.68,3388.32,235729349.14
2025-11-06 06:00:00+00:00,3388.32,3402.26,3378.84,3384.84,166484898.26
2025-11-06 07:00:00+00:00,3384.84,3394.77,3365.8,3380.57,206164631.97
2025-11-06 08:00:00+00:00,3380.57,3394.54,3372.7,3385.53,126475634.04
2025-11-06 09:00:00+00:00,3385.53,3394.38,3375.34,3383.12,101596308.06
2025-11-06 10:00:00+00:00,3383.12,3414.38,3367.38,3393.74,172037419.1
2025-11-06 11:00:00+00:00,3393.74,3407.71,3380.93,3399.52,112005635.84
2025-11-06 12:00:00+00:00,3399.52,3404.76,3342.64,3349.74,223032005.04
2025-11-06 13:00:00+00:00,3349.74,3403.26,3349.74,3391.2,192345359.42
2025-11-06 14:00:00+00:00,3391.2,3400.51,3320.06,3329.13,351926775.97
2025-11-06 15:00:00+00:00,3329.13,3365.3,3278.87,3300.45,560830383.79
2025-11-06 16:00:00+00:00,3300.45,3322.5,3245.92,3276.57,483915833.33
2025-11-06 17:00:00+00:00,3276.57,3340.43,3270.94,3329.67,359243189.44
2025-11-06 18:00:00+00:00,3329.67,3352.33,3295.23,3329.21,273302416.95
2025-11-06 19:00:00+00:00,3329.21,3343.44,3310.0,3325.82,190790001.07
2025-11-06 20:00:00+00:00,3325.82,3336.65,3287.58,3305.98,210575053.94
2025-11-06 21:00:00+00:00,3305.98,3335.5,3292.9,3326.11,147806506.91
2025-11-06 22:00:00+00:00,3326.11,3330.37,3295.84,3319.68,129999026.86
2025-11-06 23:00:00+00:00,3319.68,3319.71,3290.44,3315.15,146569524.14
2025-11-07 00:00:00+00:00,3315.15,3332.23,3294.19,3325.07,207674842.11
2025-11-07 01:00:00+00:00,3325.07,3330.64,3276.57,3324.93,284970617.56
2025-11-07 02:00:00+00:00,3324.93,3350.17,3304.22,3346.64,231042115.09
2025-11-07 03:00:00+00:00,3346.64,3365.16,3343.07,3345.11,180611143.14
2025-11-07 04:00:00+00:00,3345.11,3347.46,3319.72,3338.57,124856415.63
2025-11-07 05:00:00+00:00,3338.57,3368.81,3337.96,3366.86,146467838.88
2025-11-07 06:00:00+00:00,3366.86,3369.88,3347.63,3347.96,80029162.21
2025-11-07 07:00:00+00:00,3347.96,3364.39,3336.3,3358.35,181320392.58
2025-11-07 08:00:00+00:00,3358.35,3360.58,3334.32,3341.97,108590531.34
2025-11-07 09:00:00+00:00,3341.97,3342.0,3289.96,3301.49,170666254.03
2025-11-07 10:00:00+00:00,3301.49,3310.19,3272.48,3280.44,157366401.56
2025-11-07 11:00:00+00:00,3280.44,3280.44,3226.03,3260.1,334392262.24
2025-11-07 12:00:00+00:00,3260.1,3273.6,3197.08,3222.88,397049328.13
2025-11-07 13:00:00+00:00,3222.88,3249.6,3214.41,3241.0,230156192.62
2025-11-07 14:00:00+00:00,3241.0,3298.85,3195.19,3287.37,473155538.99
2025-11-07 15:00:00+00:00,3287.37,3318.08,3263.06,3297.42,502670551.0
2025-11-07 16:00:00+00:00,3297.42,3332.6,3274.31,3309.28,371844356.31
2025-11-07 17:00:00+00:00,3309.28,3395.36,3296.92,3385.61,419185780.05
2025-11-07 18:00:00+00:00,3385.61,3434.78,3378.22,3426.15,343863046.5
2025-11-07 19:00:00+00:00,3426.15,3449.82,3417.19,3443.64,203335865.3
2025-11-07 20:00:00+00:00,3443.64,3471.14,3430.25,3465.12,302791411.19
2025-11-07 21:00:00+00:00,3465.12,3470.32,3449.47,3468.64,146918158.24
2025-11-07 22:00:00+00:00,3468.64,3472.98,3443.88,3445.9,134059851.27
2025-11-07 23:00:00+00:00,3445.9,3449.79,3433.16,3435.82,140010899.71
2025-11-08 00:00:00+00:00,3435.82,3448.29,3408.43,3424.2,208262566.3
2025-11-08 01:00:00+00:00,3424.2,3446.78,3422.09,3436.94,119311865.56
2025-11-08 02:00:00+00:00,3436.94,3459.85,3432.62,3440.88,137902840.97
2025-11-08 03:00:00+00:00,3440.88,3467.25,3439.35,3454.18,144030828.45
2025-11-08 04:00:00+00:00,3454.18,3484.84,3449.07,3458.98,180086889.9
2025-11-08 05:00:00+00:00,3458.98,3467.03,3427.71,3431.24,151347667.6
2025-11-08 06:00:00+00:00,3431.24,3455.25,3420.36,3445.31,172625825.59
2025-11-08 07:00:00+00:00,3445.31,3451.31,3424.96,3447.97,111042612.51
2025-11-08 08:00:00+00:00,3447.97,3470.32,3436.41,3454.83,128732008.53
2025-11-08 09:00:00+00:00,3454.83,3464.72,3439.09,3439.89,88974389.54
2025-11-08 10:00:00+00:00,3439.89,3449.92,3433.81,3446.1,83422312.97
2025-11-08 11:00:00+00:00,3446.1,3455.71,3406.96,3412.88,137570058.87
2025-11-08 12:00:00+00:00,3412.88,3417.7,3399.11,3409.0,147290509.67
2025-11-08 13:00:00+00:00,3409.0,3412.58,3390.74,3396.94,174759199.79
2025-11-08 14:00:00+00:00,3396.94,3411.36,3373.38,3399.93,198666022.09
2025-11-08 15:00:00+00:00,3399.93,3403.89,3371.16,3376.9,144391753.71
2025-11-08 16:00:00+00:00,3376.9,3384.02,3356.33,3368.21,180515575.3
2025-11-08 17:00:00+00:00,3368.21,3400.08,3363.16,3399.28,124257376.69
2025-11-08 18:00:00+00:00,3399.28,3407.3,3386.28,3402.9,82318491.72
2025-11-08 19:00:00+00:00,3402.9,3406.15,3363.74,3389.44,95448378.26
2025-11-08 20:00:00+00:00,3389.44,3403.79,3381.21,3397.84,63075576.22
2025-11-08 21:00:00+00:00,3397.84,3410.37,3395.19,3405.97,48899114.52
2025-11-08 22:00:00+00:00,3405.97,3411.36,3393.77,3409.47,61886767.89
2025-11-08 23:00:00+00:00,3409.47,3415.16,3400.22,3401.51,46001486.65
2025-11-09 00:00:00+00:00,3401.51,3402.21,3373.44,3384.75,88279750.6
2025-11-09 01:00:00+00:00,3384.75,3403.99,3380.03,3400.8,63469908.7
2025-11-09 02:00:00+00:00,3400.8,3400.8,3365.15,3368.04,111684305.08
2025-11-09 03:00:00+00:00,3368.04,3378.34,3358.79,3375.88,101129181.45
2025-11-09 04:00:00+00:00,3375.88,3389.91,3370.21,3374.6,104808916.13
2025-11-09 05:00:00+00:00,3374.6,3408.62,3372.62,3405.5,205015916.05
2025-11-09 06:00:00+00:00,3405.5,3418.97,3400.43,3405.1,78257496.95
2025-11-09 07:00:00+00:00,3405.1,3426.14,3403.04,3422.56,94114757.1
2025-11-09 08:00:00+00:00,3422.56,3423.88,3410.15,3421.47,70164589.82
2025-11-09 09:00:00+00:00,3421.47,3435.14,3399.75,3401.01,175219585.22
2025-11-09 10:00:00+00:00,3401.01,3401.72,3382.47,3401.72,142013128.97
2025-11-09 11:00:00+00:00,3401.72,3431.93,3401.71,3428.41,144399461.74
2025-11-09 12:00:00+00:00,3428.41,3462.88,3424.88,3441.6,225158471.93
2025-11-09 13:00:00+00:00,3441.6,3464.18,3441.59,3458.86,164038556.55
2025-11-09 14:00:00+00:00,3458.86,3563.05,3453.95,3506.81,599678104.45
2025-11-09 15:00:00+00:00,3506.81,3537.58,3506.05,3515.46,232717909.51
2025-11-09 16:00:00+00:00,3515.46,3536.71,3501.52,3528.23,194824933.08
2025-11-09 17:00:00+00:00,3528.23,3531.72,3505.06,3515.31,113880477.98
2025-11-09 18:00:00+00:00,3515.31,3544.49,3511.0,3541.57,115734103.1
2025-11-09 19:00:00+00:00,3541.57,3579.89,3535.27,3579.89,190940130.74
2025-11-09 20:00:00+00:00,3579.89,3596.54,3562.87,3579.02,191800534.71
2025-11-09 21:00:00+00:00,3579.02,3595.78,3573.7,3580.98,140039677.53
2025-11-09 22:00:00+00:00,3580.98,3595.02,3565.24,3587.52,124363534.11
2025-11-09 23:00:00+00:00,3587.52,3620.18,3566.07,3583.47,299163832.75
2025-11-10 00:00:00+00:00,3583.47,3652.81,3556.17,3635.61,447925083.07
2025-11-10 01:00:00+00:00,3635.61,3658.55,3617.8,3629.75,308993102.14
2025-11-10 02:00:00+00:00,3629.75,3638.87,3613.86,3628.5,159039569.74
2025-11-10 03:00:00+00:00,3628.5,3647.48,3623.68,3627.58,173263002.41
2025-11-10 04:00:00+00:00,3627.58,3631.57,3604.13,3617.44,171236345.28
2025-11-10 05:00:00+00:00,3617.44,3626.4,3589.94,3607.85,149479222.43
2025-11-10 06:00:00+00:00,3607.85,3612.39,3595.17,3605.45,91836040.98
2025-11-10 07:00:00+00:00,3605.45,3622.34,3603.94,3609.07,139064408.39
2025-11-10 08:00:00+00:00,3609.07,3615.53,3587.9,3594.24,227551238.32
2025-11-10 09:00:00+00:00,3594.24,3630.99,3586.45,3624.19,167457066.66
2025-11-10 10:00:00+00:00,3624.19,3627.84,3603.86,3606.6,75259281.25
2025-11-10 11:00:00+00:00,3606.6,3620.95,3604.21,3610.54,69852206.23
2025-11-10 12:00:00+00:00,3610.54,3610.89,3585.13,3591.82,132371544.7
2025-11-10 13:00:00+00:00,3591.82,3622.03,3590.28,3615.6,159520063.2
2025-11-10 14:00:00+00:00,3615.6,3615.6,3530.08,3541.8,373701351.12
2025-11-10 15:00:00+00:00,3541.8,3560.11,3508.44,3519.62,473335772.64
2025-11-10 16:00:00+00:00,3519.62,3537.87,3507.6,3530.05,283400391.66
2025-11-10 17:00:00+00:00,3530.05,3558.85,3523.12,3555.5,359511542.3
2025-11-10 18:00:00+00:00,3555.5,3557.82,3533.18,3533.18,144203025.17
2025-11-10 19:00:00+00:00,3533.18,3576.23,3529.3,3558.57,195718439.47
2025-11-10 20:00:00+00:00,3558.57,3584.05,3555.38,3572.01,143535558.05
2025-11-10 21:00:00+00:00,3572.01,3572.38,3530.8,3541.68,158909257.53
2025-11-10 22:00:00+00:00,3541.68,3580.04,3529.37,3576.03,137217052.0
2025-11-10 23:00:00+00:00,3576.03,3581.22,3562.75,3567.87,108865364.74
2025-11-11 00:00:00+00:00,3567.87,3591.9,3553.28,3585.84,175494379.51
2025-11-11 01:00:00+00:00,3585.84,3648.04,3575.16,3580.87,312775977.38
2025-11-11 02:00:00+00:00,3580.87,3635.97,3559.78,3615.62,344784688.78
2025-11-11 03:00:00+00:00,3615.62,3633.65,3599.97,3606.17,258773298.85
2025-11-11 04:00:00+00:00,3606.17,3610.31,3573.03,3575.12,166764654.76
2025-11-11 05:00:00+00:00,3575.12,3575.74,3544.83,3548.77,192084974.7
2025-11-11 06:00:00+00:00,3548.77,3559.3,3533.31,3557.58,414487581.85
2025-11-11 07:00:00+00:00,3557.58,3566.74,3542.16,3544.64,150998313.29
2025-11-11 08:00:00+00:00,3544.64,3563.97,3543.96,3563.24,150997895.01
2025-11-11 09:00:00+00:00,3563.24,3586.69,3552.9,3555.99,220585615.66
2025-11-11 10:00:00+00:00,3555.99,3566.29,3549.17,3560.54,107047432.08
2025-11-11 11:00:00+00:00,3560.54,3581.87,3560.54,3574.07,137308014.9
2025-11-11 12:00:00+00:00,3574.07,3593.2,3539.69,3541.22,247518330.08
2025-11-11 13:00:00+00:00,3541.22,3573.09,3527.18,3532.22,247575089.82
2025-11-11 14:00:00+00:00,3532.22,3547.31,3487.18,3530.07,463050571.36
2025-11-11 15:00:00+00:00,3530.07,3530.07,3468.16,3481.41,347417458.1
2025-11-11 16:00:00+00:00,3481.41,3500.43,3465.65,3485.02,253560906.71
2025-11-11 17:00:00+00:00,3485.02,3499.38,3446.43,3473.63,263005788.91
2025-11-11 18:00:00+00:00,3473.63,3485.58,3461.17,3468.9,186531074.66
2025-11-11 19:00:00+00:00,3468.9,3469.89,3450.82,3457.0,111941456.42
2025-11-11 20:00:00+00:00,3457.0,3461.95,3429.64,3438.23,207784923.63
2025-11-11 21:00:00+00:00,3438.23,3449.32,3408.49,3418.06,212291894.91
2025-11-11 22:00:00+00:00,3418.06,3436.59,3405.32,3429.99,141777382.99
2025-11-11 23:00:00+00:00,3429.99,3437.86,3409.29,3417.66,139240907.17
2025-11-12 00:00:00+00:00,3417.66,3435.03,3410.4,3418.19,165922369.6
2025-11-12 01:00:00+00:00,3418.19,3451.76,3412.38,3447.64,195891927.41
2025-11-12 02:00:00+00:00,3447.64,3455.81,3417.94,3427.33,167043124.62
2025-11-12 03:00:00+00:00,3427.33,3446.19,3422.83,3439.29,95703605.18
2025-11-12 04:00:00+00:00,3439.29,3445.69,3432.44,3444.88,81712919.09
2025-11-12 05:00:00+00:00,3444.88,3457.46,3443.85,3449.37,202975433.7
2025-11-12 06:00:00+00:00,3449.37,3457.53,3439.15,3439.15,68556997.77
2025-11-12 07:00:00+00:00,3439.15,3452.68,3424.77,3428.23,88749190.66
2025-11-12 08:00:00+00:00,3428.23,3480.69,3428.23,3468.58,144534883.91
2025-11-12 09:00:00+00:00,3468.58,3494.02,3466.19,3483.67,137063926.97
2025-11-12 10:00:00+00:00,3483.67,3547.73,3482.92,3534.31,222929866.12
2025-11-12 11:00:00+00:00,3534.31,3569.72,3534.06,3549.4,175746875.6
2025-11-12 12:00:00+00:00,3549.4,3565.0,3540.0,3552.33,168494696.48
2025-11-12 13:00:00+00:00,3552.33,3588.12,3545.44,3577.04,184318850.09
2025-11-12 14:00:00+00:00,3577.04,3581.28,3482.89,3502.28,353088488.57
2025-11-12 15:00:00+00:00,3502.28,3520.88,3419.45,3427.81,509682838.45
2025-11-12 16:00:00+00:00,3427.81,3433.14,3372.27,3399.37,487053261.7
2025-11-12 17:00:00+00:00,3399.37,3452.41,3391.62,3429.59,313303798.08
2025-11-12 18:00:00+00:00,3429.59,3454.17,3417.43,3423.97,203027408.01
2025-11-12 19:00:00+00:00,3423.97,3426.09,3372.84,3408.08,264338348.04
2025-11-12 20:00:00+00:00,3408.08,3439.32,3400.75,3416.32,178485362.92
2025-11-12 21:00:00+00:00,3416.32,3429.63,3408.17,3423.24,102982618.5
2025-11-12 22:00:00+00:00,3423.24,3423.25,3392.2,3422.11,105745412.27
2025-11-12 23:00:00+00:00,3422.11,3423.08,3403.79,3414.83,111177909.14
2025-11-13 00:00:00+00:00,3414.83,3433.44,3404.64,3412.27,144132696.44
2025-11-13 01:00:00+00:00,3412.27,3457.17,3410.63,3424.18,345764579.46
2025-11-13 02:00:00+00:00,3424.18,3446.99,3423.05,3434.17,94592560.4
2025-11-13 03:00:00+00:00,3434.17,3473.4,3379.04,3452.8,320758489.32
2025-11-13 04:00:00+00:00,3452.8,3490.74,3433.99,3482.64,314858623.41
2025-11-13 05:00:00+00:00,3482.64,3539.83,3465.99,3528.69,243767722.42
2025-11-13 06:00:00+00:00,3528.69,3553.23,3520.95,3540.86,265533508.92
2025-11-13 07:00:00+00:00,3540.86,3565.18,3531.53,3538.63,265971939.25
2025-11-13 08:00:00+00:00,3538.63,3549.91,3522.75,3524.12,150872630.79
2025-11-13 09:00:00+00:00,3524.12,3529.47,3477.64,3486.39,273722700.77
2025-11-13 10:00:00+00:00,3486.39,3516.68,3486.39,3505.7,135039948.42
2025-11-13 11:00:00+00:00,3505.7,3518.18,3495.16,3501.82,117846736.12
2025-11-13 12:00:00+00:00,3501.82,3511.19,3482.75,3501.47,198147624.65
2025-11-13 13:00:00+00:00,3501.47,3502.01,3426.92,3438.07,389159155.78
2025-11-13 14:00:00+00:00,3438.07,3474.3,3393.7,3443.81,487569848.3
2025-11-13 15:00:00+00:00,3443.81,3447.64,3367.14,3387.06,482190554.54
2025-11-13 16:00:00+00:00,3387.06,3398.34,3323.81,3327.68,532607208.07
2025-11-13 17:00:00+00:00,3327.68,3328.52,3253.06,3255.63,642626093.86
2025-11-13 18:00:00+00:00,3255.63,3264.3,3184.02,3213.75,507906044.41
2025-11-13 19:00:00+00:00,3213.75,3239.07,3176.14,3197.6,388787473.33
2025-11-13 20:00:00+00:00,3197.6,3206.13,3154.68,3171.59,400773401.33
2025-11-13 21:00:00+00:00,3171.59,3193.76,3160.83,3179.83,224150407.56
2025-11-13 22:00:00+00:00,3179.83,3236.5,3175.06,3229.07,227672489.54
2025-11-13 23:00:00+00:00,3229.07,3272.24,3216.71,3231.74,245971417.64
2025-11-14 00:00:00+00:00,3231.74,3240.39,3188.05,3200.86,276116944.32
2025-11-14 01:00:00+00:00,3200.86,3221.39,3186.31,3207.12,254364940.39
2025-11-14 02:00:00+00:00,3207.12,3251.75,3205.5,3238.01,251862516.26
2025-11-14 03:00:00+00:00,3238.01,3239.8,3208.28,3227.98,180022435.01
2025-11-14 04:00:00+00:00,3227.98,3228.33,3111.4,3163.02,397235205.34
2025-11-14 05:00:00+00:00,3163.02,3205.21,3157.83,3192.67,311270348.98
2025-11-14 06:00:00+00:00,3192.67,3225.92,3134.79,3222.43,379552209.07
2025-11-14 07:00:00+00:00,3222.43,3240.94,3193.94,3215.5,373211612.71
2025-11-14 08:00:00+00:00,3215.5,3219.11,3183.58,3205.22,183488059.21
2025-11-14 09:00:00+00:00,3205.22,3215.49,3151.22,3156.43,222978150.16
2025-11-14 10:00:00+00:00,3156.43,3196.39,3155.25,3176.26,132823493.67
2025-11-14 11:00:00+00:00,3176.26,3183.17,3117.3,3144.4,257776780.23
2025-11-14 12:00:00+00:00,3144.4,3144.4,3070.15,3126.62,531613606.01
2025-11-14 13:00:00+00:00,3126.62,3149.68,3074.17,3121.9,419530371.42
2025-11-14 14:00:00+00:00,3121.9,3220.66,3107.87,3199.48,639792484.13
2025-11-14 15:00:00+00:00,3199.48,3234.12,3161.05,3196.83,422625115.71
2025-11-14 16:00:00+00:00,3196.83,3256.79,3182.91,3231.36,315080830.7
2025-11-14 17:00:00+00:00,3231.36,3245.29,3163.05,3179.71,230521573.2
2025-11-14 18:00:00+00:00,3179.71,3208.22,3155.03,3168.72,214447497.95
2025-11-14 19:00:00+00:00,3168.72,3220.75,3160.02,3207.87,186323835.76
2025-11-14 20:00:00+00:00,3207.87,3213.27,3123.1,3137.64,222189366.79
2025-11-14 21:00:00+00:00,3137.64,3175.14,3125.09,3167.51,151363831.53
2025-11-14 22:00:00+00:00,3167.51,3187.0,3142.3,3158.99,126512194.83
2025-11-14 23:00:00+00:00,3158.99,3158.99,3090.02,3112.46,220636933.75
2025-11-15 00:00:00+00:00,3112.46,3150.93,3111.13,3141.26,173658794.12
2025-11-15 01:00:00+00:00,3141.26,3179.14,3124.61,3173.63,127436069.63
2025-11-15 02:00:00+00:00,3173.63,3193.7,3163.26,3193.57,125924431.16
2025-11-15 03:00:00+00:00,3193.57,3193.83,3167.58,3179.2,124450195.84
2025-11-15 04:00:00+00:00,3179.2,3191.72,3160.18,3172.13,86649117.58
2025-11-15 05:00:00+00:00,3172.13,3183.42,3161.5,3178.75,78244789.57
2025-11-15 06:00:00+00:00,3178.75,3187.84,3167.01,3175.69,59155755.78
2025-11-15 07:00:00+00:00,3175.69,3185.46,3169.19,3176.53,72966998.88
2025-11-15 08:00:00+00:00,3176.53,3177.9,3134.84,3143.35,135958681.38
2025-11-15 09:00:00+00:00,3143.35,3165.33,3138.95,3152.86,98063225.1
2025-11-15 10:00:00+00:00,3152.86,3171.67,3145.63,3169.02,67020685.69
2025-11-15 11:00:00+00:00,3169.02,3172.33,3146.89,3152.46,64616347.86
2025-11-15 12:00:00+00:00,3152.46,3168.01,3147.49,3162.35,65924940.42
2025-11-15 13:00:00+00:00,3162.35,3196.77,3159.37,3192.74,162247384.19
2025-11-15 14:00:00+00:00,3192.74,3193.0,3174.9,3177.96,86220753.07
2025-11-15 15:00:00+00:00,3177.96,3190.84,3173.75,3185.97,72475020.01
2025-11-15 16:00:00+00:00,3185.97,3187.69,3164.08,3186.25,110425635.59
2025-11-15 17:00:00+00:00,3186.25,3219.58,3182.78,3215.05,283456291.35
2025-11-15 18:00:00+00:00,3215.05,3230.5,3204.35,3208.03,238431429.21
2025-11-15 19:00:00+00:00,3208.03,3214.22,3192.87,3197.92,53432428.36
2025-11-15 20:00:00+00:00,3197.92,3200.61,3167.47,3174.83,81170893.24
2025-11-15 21:00:00+00:00,3174.83,3188.75,3152.85,3157.95,115299418.41
2025-11-15 22:00:00+00:00,3157.95,3172.31,3155.1,3171.54,66543142.36
2025-11-15 23:00:00+00:00,3171.54,3177.41,3167.35,3167.87,50812145.94
2025-11-16 00:00:00+00:00,3167.87,3174.72,3145.89,3152.8,92260394.08
2025-11-16 01:00:00+00:00,3152.8,3157.81,3132.19,3150.59,158759068.92
2025-11-16 02:00:00+00:00,3150.59,3203.66,3142.43,3202.86,155411341.85
2025-11-16 03:00:00+00:00,3202.86,3209.88,3193.18,3202.96,84157117.43
2025-11-16 04:00:00+00:00,3202.96,3207.05,3186.95,3194.34,66260206.06
2025-11-16 05:00:00+00:00,3194.34,3215.65,3193.9,3204.7,86747011.78
2025-11-16 06:00:00+00:00,3204.7,3216.21,3198.51,3200.77,74336825.96
2025-11-16 07:00:00+00:00,3200.77,3220.45,3199.28,3219.62,72043030.03
2025-11-16 08:00:00+00:00,3219.62,3227.43,3206.38,3219.22,80259504.6
2025-11-16 09:00:00+00:00,3219.22,3248.75,3209.04,3248.39,128212309.24
2025-11-16 10:00:00+00:00,3248.39,3248.39,3229.8,3236.19,95381397.49
2025-11-16 11:00:00+00:00,3236.19,3237.56,3160.47,3168.73,211130363.61
2025-11-16 12:00:00+00:00,3168.73,3182.29,3155.1,3169.4,213238806.52
2025-11-16 13:00:00+00:00,3169.4,3173.6,3139.44,3153.85,163434437.26
2025-11-16 14:00:00+00:00,3153.85,3178.4,3147.97,3172.01,112313093.79
2025-11-16 15:00:00+00:00,3172.01,3180.48,3099.54,3105.34,226027962.55
2025-11-16 16:00:00+00:00,3105.34,3125.75,3058.3,3061.81,423573579.66
2025-11-16 17:00:00+00:00,3061.81,3086.36,3026.3,3079.52,446304345.88
2025-11-16 18:00:00+00:00,3079.52,3127.67,3043.58,3060.59,356776515.69
2025-11-16 19:00:00+00:00,3060.59,3116.13,3058.42,3091.19,186014031.14
2025-11-16 20:00:00+00:00,3091.19,3117.1,3086.03,3089.36,95797161.13
2025-11-16 21:00:00+00:00,3089.36,3096.74,3058.94,3073.55,189056963.58
2025-11-16 22:00:00+00:00,3073.55,3101.89,3043.94,3091.65,213237552.4
2025-11-16 23:00:00+00:00,3091.65,3107.33,3006.35,3095.42,383028215.86
2025-11-17 00:00:00+00:00,3095.42,3140.79,3069.22,3136.38,265531188.75
2025-11-17 01:00:00+00:00,3136.38,3145.68,3114.31,3114.74,162432592.15
2025-11-17 02:00:00+00:00,3114.74,3160.08,3111.73,3149.22,172734876.52
2025-11-17 03:00:00+00:00,3149.22,3180.32,3148.25,3176.58,158620469.82
2025-11-17 04:00:00+00:00,3176.58,3193.71,3166.33,3185.47,131359072.5
2025-11-17 05:00:00+00:00,3185.47,3193.25,3177.53,3186.68,122316565.49
2025-11-17 06:00:00+00:00,3186.68,3197.36,3171.69,3194.01,129534941.62
2025-11-17 07:00:00+00:00,3194.01,3207.95,3189.16,3198.55,162861160.46
2025-11-17 08:00:00+00:00,3198.55,3204.98,3184.63,3190.22,126519355.43
2025-11-17 09:00:00+00:00,3190.22,3215.65,3180.07,3195.05,156314926.49
2025-11-17 10:00:00+00:00,3195.05,3207.56,3191.47,3196.67,84886311.95
2025-11-17 11:00:00+00:00,3196.67,3222.71,3193.35,3203.96,129036413.75
2025-11-17 12:00:00+00:00,3203.96,3204.3,3182.37,3183.76,125109008.84
2025-11-17 13:00:00+00:00,3183.76,3188.86,3095.48,3121.94,361306131.02
2025-11-17 14:00:00+00:00,3121.94,3204.38,3102.6,3152.3,534485392.26
2025-11-17 15:00:00+00:00,3152.3,3166.39,3105.77,3120.69,407389762.37
2025-11-17 16:00:00+00:00,3120.69,3142.16,3064.3,3134.36,393705372.24
2025-11-17 17:00:00+00:00,3134.36,3137.06,3053.95,3058.56,301511225.48
2025-11-17 18:00:00+00:00,3058.56,3081.03,3020.06,3024.93,358619157.44
2025-11-17 19:00:00+00:00,3024.93,3038.59,2973.43,2982.22,485489594.89
2025-11-17 20:00:00+00:00,2982.22,3021.72,2959.6,3005.98,396451502.25
2025-11-17 21:00:00+00:00,3005.98,3027.79,2985.37,3009.31,232831367.57
2025-11-17 22:00:00+00:00,3009.31,3032.09,3000.14,3023.43,154846921.84
2025-11-17 23:00:00+00:00,3023.43,3031.38,3006.09,3031.38,150462924.34
2025-11-18 00:00:00+00:00,3031.38,3040.79,2991.57,3033.04,243767423.66
2025-11-18 01:00:00+00:00,3033.04,3049.78,3014.12,3018.56,212609255.68
2025-11-18 02:00:00+00:00,3018.56,3045.14,2978.48,2985.39,379721231.15
2025-11-18 03:00:00+00:00,2985.39,3027.82,2948.13,3024.14,488523553.62
2025-11-18 04:00:00+00:00,3024.14,3024.98,2959.71,3005.98,353083743.03
2025-11-18 05:00:00+00:00,3005.98,3023.79,2984.29,3012.16,205749317.31
2025-11-18 06:00:00+00:00,3012.16,3015.38,2974.01,2989.88,214975072.08
2025-11-18 07:00:00+00:00,2989.88,3034.19,2977.51,3024.67,241116161.44
2025-11-18 08:00:00+00:00,3024.67,3067.8,3024.54,3060.56,281230271.91
2025-11-18 09:00:00+00:00,3060.56,3066.86,3028.71,3060.36,195866079.22
2025-11-18 10:00:00+00:00,3060.36,3071.75,3050.6,3066.1,148289068.28
2025-11-18 11:00:00+00:00,3066.1,3073.98,3052.95,3057.74,155502499.24
2025-11-18 12:00:00+00:00,3057.74,3066.06,3039.47,3049.62,167662074.47
2025-11-18 13:00:00+00:00,3049.62,3051.42,3022.3,3048.37,199785950.92
2025-11-18 14:00:00+00:00,3048.37,3092.44,3032.64,3058.65,365121451.47
2025-11-18 15:00:00+00:00,3058.65,3123.47,3034.02,3106.95,488934232.04
2025-11-18 16:00:00+00:00,3106.95,3168.87,3099.51,3152.28,427945900.83
2025-11-18 17:00:00+00:00,3152.28,3158.72,3120.27,3135.42,233129401.49
2025-11-18 18:00:00+00:00,3135.42,3170.06,3135.42,3160.51,187110959.01
2025-11-18 19:00:00+00:00,3160.51,3168.4,3136.2,3145.94,139398841.01
2025-11-18 20:00:00+00:00,3145.94,3150.39,3122.8,3123.22,108579872.72
2025-11-18 21:00:00+00:00,3123.22,3131.1,3097.4,3098.19,119726580.45
2025-11-18 22:00:00+00:00,3098.19,3129.48,3097.73,3125.53,96353061.14
2025-11-18 23:00:00+00:00,3125.53,3126.2,3107.68,3123.65,74427182.43
2025-11-19 00:00:00+00:00,3123.65,3124.05,3078.59,3100.66,164120008.57
2025-11-19 01:00:00+00:00,3100.66,3116.14,3085.37,3105.17,144945597.6
2025-11-19 02:00:00+00:00,3105.17,3125.52,3098.05,3113.87,110595727.5
2025-11-19 03:00:00+00:00,3113.87,3118.22,3069.67,3073.12,166224290.81
2025-11-19 04:00:00+00:00,3073.12,3076.74,3047.4,3048.65,179334013.0
2025-11-19 05:00:00+00:00,3048.65,3052.94,2992.42,3017.54,338505007.45
2025-11-19 06:00:00+00:00,3017.54,3044.91,3010.72,3041.14,182682947.88
2025-11-19 07:00:00+00:00,3041.14,3087.55,3039.28,3085.18,168575591.32
2025-11-19 08:00:00+00:00,3085.18,3100.03,3072.75,3080.08,201252492.76
2025-11-19 09:00:00+00:00,3080.08,3088.2,3054.11,3088.15,167509052.08
2025-11-19 10:00:00+00:00,3088.15,3112.34,3083.79,3091.88,121155773.21
2025-11-19 11:00:00+00:00,3091.88,3102.25,3078.48,3083.66,76482003.03
2025-11-19 12:00:00+00:00,3083.66,3108.32,3081.17,3100.65,114243079.2
2025-11-19 13:00:00+00:00,3100.65,3100.89,3059.28,3067.29,197633421.5
2025-11-19 14:00:00+00:00,3067.29,3070.1,3024.3,3060.47,321231179.57
2025-11-19 15:00:00+00:00,3060.47,3106.23,2967.14,2973.26,596942741.86
2025-11-19 16:00:00+00:00,2973.26,2989.63,2936.7,2950.11,447924562.02
2025-11-19 17:00:00+00:00,2950.11,2960.91,2900.41,2922.88,418638986.23
2025-11-19 18:00:00+00:00,2922.88,2928.98,2880.87,2899.77,391037524.84
2025-11-19 19:00:00+00:00,2899.77,2905.37,2873.61,2881.68,233948693.67
2025-11-19 20:00:00+00:00,2881.68,2956.52,2874.94,2945.5,287684082.31
2025-11-19 21:00:00+00:00,2945.5,3000.16,2939.3,2991.67,379592828.77
2025-11-19 22:00:00+00:00,2991.67,2992.17,2956.33,2984.53,145759121.01
2025-11-19 23:00:00+00:00,2984.53,3027.85,2984.51,3025.57,222156502.73
2025-11-20 00:00:00+00:00,3025.57,3049.07,3004.91,3019.3,194626260.17
2025-11-20 01:00:00+00:00,3019.3,3050.5,3019.05,3047.58,186797498.44
2025-11-20 02:00:00+00:00,3047.58,3057.97,3030.26,3044.04,174330146.94
2025-11-20 03:00:00+00:00,3044.04,3053.18,3037.26,3039.06,105703473.11
2025-11-20 04:00:00+00:00,3039.06,3055.18,3017.82,3054.2,163154391.73
2025-11-20 05:00:00+00:00,3054.2,3063.4,3033.14,3035.48,130596173.56
2025-11-20 06:00:00+00:00,3035.48,3042.6,3007.41,3020.79,132896356.32
2025-11-20 07:00:00+00:00,3020.79,3044.26,3015.36,3039.42,111568714.83
2025-11-20 08:00:00+00:00,3039.42,3044.82,3022.9,3030.91,113414365.99
2025-11-20 09:00:00+00:00,3030.91,3033.88,2998.4,3011.13,140993455.83
2025-11-20 10:00:00+00:00,3011.13,3020.57,2993.96,3015.31,121992104.13
2025-11-20 11:00:00+00:00,3015.31,3027.34,3002.18,3023.81,93813294.96
2025-11-20 12:00:00+00:00,3023.81,3032.96,3010.75,3028.72,103671481.81
2025-11-20 13:00:00+00:00,3028.72,3047.42,2997.32,2999.93,273152594.25
2025-11-20 14:00:00+00:00,2999.93,3021.73,2964.35,3000.75,432411280.1
2025-11-20 15:00:00+00:00,3000.75,3002.78,2952.95,2955.7,293284860.4
2025-11-20 16:00:00+00:00,2955.7,2961.2,2848.38,2862.65,859168441.77
2025-11-20 17:00:00+00:00,2862.65,2871.2,2808.11,2833.74,616989144.39
2025-11-20 18:00:00+00:00,2833.74,2860.4,2806.52,2813.68,586718878.74
2025-11-20 19:00:00+00:00,2813.68,2855.07,2791.99,2847.99,399814803.33
2025-11-20 20:00:00+00:00,2847.99,2856.46,2819.75,2835.37,233529718.65
2025-11-20 21:00:00+00:00,2835.37,2897.41,2834.9,2879.77,183042195.0
2025-11-20 22:00:00+00:00,2879.77,2905.62,2876.33,2886.29,128219719.0
2025-11-20 23:00:00+00:00,2886.29,2891.49,2827.04,2834.22,191841259.14
2025-11-21 00:00:00+00:00,2834.22,2869.83,2833.02,2861.18,141388759.82
2025-11-21 01:00:00+00:00,2861.18,2886.51,2851.7,2862.1,171869876.72
2025-11-21 02:00:00+00:00,2862.1,2862.15,2775.28,2785.83,377152128.93
2025-11-21 03:00:00+00:00,2785.83,2825.9,2782.73,2809.25,217851359.86
2025-11-21 04:00:00+00:00,2809.25,2821.9,2783.17,2818.93,187628822.75
2025-11-21 05:00:00+00:00,2818.93,2832.54,2800.04,2809.5,173966637.34
2025-11-21 06:00:00+00:00,2809.5,2814.66,2780.48,2790.3,238561519.62
2025-11-21 07:00:00+00:00,2790.3,2801.0,2674.55,2720.47,971370500.54
2025-11-21 08:00:00+00:00,2720.47,2754.5,2706.63,2738.13,324371713.22
2025-11-21 09:00:00+00:00,2738.13,2748.54,2680.4,2681.7,334565554.93
2025-11-21 10:00:00+00:00,2681.7,2717.05,2663.65,2696.97,371582090.33
2025-11-21 11:00:00+00:00,2696.97,2722.83,2674.5,2688.39,193265386.61
2025-11-21 12:00:00+00:00,2688.39,2743.02,2625.33,2727.58,594855132.51
2025-11-21 13:00:00+00:00,2727.58,2769.44,2711.44,2741.55,330367539.88
2025-11-21 14:00:00+00:00,2741.55,2781.38,2718.85,2769.98,433838561.53
2025-11-21 15:00:00+00:00,2769.98,2776.53,2687.87,2705.2,435699173.8
2025-11-21 16:00:00+00:00,2705.2,2764.07,2675.21,2762.95,421627143.28
2025-11-21 17:00:00+00:00,2762.95,2806.61,2755.15,2780.49,293488350.01
2025-11-21 18:00:00+00:00,2780.49,2794.41,2716.48,2779.19,340179126.94
2025-11-21 19:00:00+00:00,2779.19,2787.55,2740.22,2752.24,166048354.92
2025-11-21 20:00:00+00:00,2752.24,2756.02,2708.67,2738.0,216549317.62
2025-11-21 21:00:00+00:00,2738.0,2776.41,2731.57,2767.14,156442606.57
2025-11-21 22:00:00+00:00,2767.14,2774.05,2720.85,2721.83,102264587.14
2025-11-21 23:00:00+00:00,2721.83,2769.73,2713.35,2765.88,130470603.01
2025-11-22 00:00:00+00:00,2765.88,2780.61,2758.36,2766.23,101850334.29
2025-11-22 01:00:00+00:00,2766.23,2784.07,2761.37,2774.67,75555214.5
2025-11-22 02:00:00+00:00,2774.67,2777.49,2739.63,2752.85,91278392.11
2025-11-22 03:00:00+00:00,2752.85,2757.74,2742.48,2752.41,74907477.77
2025-11-22 04:00:00+00:00,2752.41,2754.32,2726.91,2747.05,114277320.15
2025-11-22 05:00:00+00:00,2747.05,2749.66,2727.45,2744.39,70559118.24
2025-11-22 06:00:00+00:00,2744.39,2768.33,2732.64,2766.16,89450089.77
2025-11-22 07:00:00+00:00,2766.16,2770.33,2754.7,2756.29,82088760.63
2025-11-22 08:00:00+00:00,2756.29,2756.5,2718.95,2730.04,128628564.39
2025-11-22 09:00:00+00:00,2730.04,2739.6,2721.42,2725.84,83346376.58
2025-11-22 10:00:00+00:00,2725.84,2731.45,2705.23,2712.93,91254320.88
2025-11-22 11:00:00+00:00,2712.93,2742.88,2704.44,2735.09,99926733.93
2025-11-22 12:00:00+00:00,2735.09,2735.91,2711.35,2721.14,86359652.99
2025-11-22 13:00:00+00:00,2721.14,2734.38,2711.97,2719.4,73642992.16
2025-11-22 14:00:00+00:00,2719.4,2754.11,2718.71,2745.95,129905500.34
2025-11-22 15:00:00+00:00,2745.95,2750.71,2726.06,2738.97,92112544.2
2025-11-22 16:00:00+00:00,2738.97,2759.46,2735.25,2755.41,123097314.95
2025-11-22 17:00:00+00:00,2755.41,2758.36,2745.01,2749.94,58065645.78
2025-11-22 18:00:00+00:00,2749.94,2754.9,2743.24,2752.42,54247510.33
2025-11-22 19:00:00+00:00,2752.42,2757.42,2745.08,2750.63,40354812.71
2025-11-22 20:00:00+00:00,2750.63,2756.81,2733.68,2741.24,55983741.09
2025-11-22 21:00:00+00:00,2741.24,2748.66,2737.15,2747.55,44906769.35
2025-11-22 22:00:00+00:00,2747.55,2798.98,2741.81,2789.35,130319546.74
2025-11-22 23:00:00+00:00,2789.35,2793.34,2767.73,2770.24,84413901.46
2025-11-23 00:00:00+00:00,2770.24,2789.37,2768.29,2772.99,84168845.57
2025-11-23 01:00:00+00:00,2772.99,2815.06,2771.9,2808.37,146515122.41
2025-11-23 02:00:00+00:00,2808.37,2834.03,2804.34,2821.14,172466458.26
2025-11-23 03:00:00+00:00,2821.14,2824.94,2809.81,2824.64,85980625.97
2025-11-23 04:00:00+00:00,2824.64,2851.9,2819.88,2827.87,191294005.42
2025-11-23 05:00:00+00:00,2827.87,2831.29,2813.29,2825.29,114451784.68
2025-11-23 06:00:00+00:00,2825.29,2832.18,2806.53,2810.33,106165741.51
2025-11-23 07:00:00+00:00,2810.33,2812.19,2777.45,2793.65,172066702.03
2025-11-23 08:00:00+00:00,2793.65,2815.44,2793.61,2811.54,88335782.88
2025-11-23 09:00:00+00:00,2811.54,2823.05,2806.18,2816.57,59619967.81
2025-11-23 10:00:00+00:00,2816.57,2816.87,2803.1,2808.76,57358191.63
2025-11-23 11:00:00+00:00,2808.76,2820.44,2803.96,2815.68,55891915.93
2025-11-23 12:00:00+00:00,2815.68,2846.24,2814.03,2835.22,198096454.58
2025-11-23 13:00:00+00:00,2835.22,2845.49,2822.67,2843.81,121544940.32
2025-11-23 14:00:00+00:00,2843.81,2858.17,2812.79,2814.75,176902930.2
2025-11-23 15:00:00+00:00,2814.75,2840.04,2810.34,2836.54,111862883.06
2025-11-23 16:00:00+00:00,2836.54,2846.79,2798.65,2799.77,141759675.16
2025-11-23 17:00:00+00:00,2799.77,2808.17,2786.97,2792.74,142796712.11
2025-11-23 18:00:00+00:00,2792.74,2817.05,2792.74,2808.79,76720528.02
2025-11-23 19:00:00+00:00,2808.79,2837.57,2807.39,2822.67,88282275.26
2025-11-23 20:00:00+00:00,2822.67,2835.44,2821.52,2828.67,69519122.83
2025-11-23 21:00:00+00:00,2828.67,2844.98,2817.42,2841.63,85643651.57
2025-11-23 22:00:00+00:00,2841.63,2844.66,2824.54,2838.55,75295412.5
2025-11-23 23:00:00+00:00,2838.55,2843.57,2795.13,2802.27,161779910.33
2025-11-24 00:00:00+00:00,2802.27,2803.33,2763.13,2788.26,208712167.1
2025-11-24 01:00:00+00:00,2788.26,2807.26,2778.49,2806.22,125285399.53
2025-11-24 02:00:00+00:00,2806.22,2865.98,2804.36,2840.27,289639816.23
2025-11-24 03:00:00+00:00,2840.27,2866.44,2834.89,2856.43,144232813.94
2025-11-24 04:00:00+00:00,2856.43,2870.18,2803.09,2824.81,184832449.91
2025-11-24 05:00:00+00:00,2824.81,2885.54,2822.68,2867.08,207850444.6
2025-11-24 06:00:00+00:00,2867.08,2868.49,2829.52,2839.32,152707753.54
2025-11-24 07:00:00+00:00,2839.32,2845.01,2823.94,2830.13,105888797.15
2025-11-24 08:00:00+00:00,2830.13,2842.39,2822.02,2838.94,152281887.96
2025-11-24 09:00:00+00:00,2838.94,2838.94,2787.95,2797.72,243075667.49
2025-11-24 10:00:00+00:00,2797.72,2807.05,2793.65,2799.15,80758955.69
2025-11-24 11:00:00+00:00,2799.15,2808.25,2790.05,2803.36,71624199.64
2025-11-24 12:00:00+00:00,2803.36,2811.85,2795.18,2803.82,102948519.95
2025-11-24 13:00:00+00:00,2803.82,2829.13,2802.39,2815.49,151578191.65
2025-11-24 14:00:00+00:00,2815.49,2848.41,2785.31,2830.38,356519346.98
2025-11-24 15:00:00+00:00,2830.38,2860.25,2812.72,2846.48,241746390.73
2025-11-24 16:00:00+00:00,2846.48,2874.62,2843.0,2858.81,234128142.31
2025-11-24 17:00:00+00:00,2858.81,2943.97,2856.63,2940.07,377850920.58
2025-11-24 18:00:00+00:00,2940.07,2962.79,2930.25,2957.46,470612643.87
2025-11-24 19:00:00+00:00,2957.46,2979.47,2954.41,2958.92,196593063.79
2025-11-24 20:00:00+00:00,2958.92,2985.81,2952.48,2972.87,187544820.96
2025-11-24 21:00:00+00:00,2972.87,2973.6,2948.58,2959.3,128225738.02
2025-11-24 22:00:00+00:00,2959.3,2979.88,2952.38,2960.5,79522785.34
2025-11-24 23:00:00+00:00,2960.5,2968.52,2952.04,2953.33,87041321.13
2025-11-25 00:00:00+00:00,2953.33,2953.33,2931.87,2943.05,127330239.12
2025-11-25 01:00:00+00:00,2943.05,2947.88,2918.18,2919.09,100143297.34
2025-11-25 02:00:00+00:00,2919.09,2934.18,2908.85,2930.81,110608343.47
2025-11-25 03:00:00+00:00,2930.81,2936.2,2904.5,2911.93,86796039.57
2025-11-25 04:00:00+00:00,2911.93,2942.83,2909.96,2937.52,87296979.1
2025-11-25 05:00:00+00:00,2937.52,2938.55,2919.01,2928.59,62298383.17
2025-11-25 06:00:00+00:00,2928.59,2928.59,2912.64,2922.49,75574206.19
2025-11-25 07:00:00+00:00,2922.49,2925.48,2901.94,2902.83,99909368.98
2025-11-25 08:00:00+00:00,2902.83,2909.2,2869.26,2871.67,156622477.91
2025-11-25 09:00:00+00:00,2871.67,2892.9,2865.36,2892.03,152002715.53
2025-11-25 10:00:00+00:00,2892.03,2899.9,2880.04,2898.38,94137843.07
2025-11-25 11:00:00+00:00,2898.38,2899.24,2888.49,2891.06,57413227.91
2025-11-25 12:00:00+00:00,2891.06,2932.87,2889.94,2927.3,151832032.72
2025-11-25 13:00:00+00:00,2927.3,2933.82,2899.53,2907.67,174006288.36
2025-11-25 14:00:00+00:00,2907.67,2922.02,2857.47,2881.39,255686415.79
2025-11-25 15:00:00+00:00,2881.39,2915.44,2857.28,2895.53,232131870.12
2025-11-25 16:00:00+00:00,2895.53,2937.93,2887.42,2929.38,162342901.65
2025-11-25 17:00:00+00:00,2929.38,2951.97,2920.46,2936.5,168160243.17
2025-11-25 18:00:00+00:00,2936.5,2958.39,2922.96,2924.27,135651750.39
2025-11-25 19:00:00+00:00,2924.27,2928.11,2872.35,2922.93,199671006.88
2025-11-25 20:00:00+00:00,2922.93,2943.07,2917.01,2930.36,126008014.48
2025-11-25 21:00:00+00:00,2930.36,2945.42,2923.33,2931.29,95537638.39
2025-11-25 22:00:00+00:00,2931.29,2977.41,2907.44,2970.45,177357897.25
2025-11-25 23:00:00+00:00,2970.45,2979.88,2953.79,2959.49,121778232.47
2025-11-26 00:00:00+00:00,2959.49,2971.77,2950.18,2954.2,106553624.12
2025-11-26 01:00:00+00:00,2954.2,2983.47,2945.31,2970.18,121235113.61
2025-11-26 02:00:00+00:00,2970.18,2976.3,2956.47,2956.78,66695199.4
2025-11-26 03:00:00+00:00,2956.78,2964.53,2922.06,2927.05,147275098.34
2025-11-26 04:00:00+00:00,2927.05,2939.38,2920.96,2930.77,92886526.35
2025-11-26 05:00:00+00:00,2930.77,2952.31,2930.25,2944.28,71187123.53
2025-11-26 06:00:00+00:00,2944.28,2954.08,2933.1,2946.4,71108301.74
2025-11-26 07:00:00+00:00,2946.4,2949.19,2935.45,2944.42,58388771.53
2025-11-26 08:00:00+00:00,2944.42,2948.13,2911.94,2913.03,96393879.19
2025-11-26 09:00:00+00:00,2913.03,2917.53,2902.38,2907.32,100133832.29
2025-11-26 10:00:00+00:00,2907.32,2917.77,2906.07,2914.28,67035371.63
2025-11-26 11:00:00+00:00,2914.28,2918.04,2907.71,2914.21,52278030.67
2025-11-26 12:00:00+00:00,2914.21,2918.02,2888.81,2901.66,110469078.81
2025-11-26 13:00:00+00:00,2901.66,2935.93,2899.75,2934.32,123584794.93
2025-11-26 14:00:00+00:00,2934.32,2946.95,2905.62,2910.6,203040698.05
2025-11-26 15:00:00+00:00,2910.6,2939.58,2908.47,2927.34,160354098.88
2025-11-26 16:00:00+00:00,2927.34,2959.54,2926.61,2946.29,211880203.59
2025-11-26 17:00:00+00:00,2946.29,3032.71,2939.23,3026.92,322753999.88
2025-11-26 18:00:00+00:00,3026.92,3044.55,3013.98,3034.2,225999208.53
2025-11-26 19:00:00+00:00,3034.2,3037.94,3017.75,3032.23,116458894.91
2025-11-26 20:00:00+00:00,3032.23,3032.23,3008.76,3024.87,105426280.04
2025-11-26 21:00:00+00:00,3024.87,3035.85,3016.07,3021.78,82746905.44
2025-11-26 22:00:00+00:00,3021.78,3033.18,3018.58,3027.89,82301612.48
2025-11-26 23:00:00+00:00,3027.89,3033.34,3017.42,3026.62,74611522.92
2025-11-27 00:00:00+00:00,3026.62,3047.21,3006.82,3035.43,155012458.74
2025-11-27 01:00:00+00:00,3035.43,3055.82,3028.26,3052.64,124180945.5
2025-11-27 02:00:00+00:00,3052.64,3071.16,3036.97,3037.55,230356679.31
2025-11-27 03:00:00+00:00,3037.55,3051.92,3030.48,3033.55,100927603.1
2025-11-27 04:00:00+00:00,3033.55,3053.72,3031.78,3041.43,67344235.73
2025-11-27 05:00:00+00:00,3041.43,3045.64,3017.77,3023.49,95036572.19
2025-11-27 06:00:00+00:00,3023.49,3034.42,3022.9,3027.91,49607336.93
2025-11-27 07:00:00+00:00,3027.91,3036.27,3026.1,3033.72,62906786.08
2025-11-27 08:00:00+00:00,3033.72,3035.27,3018.12,3028.1,65650099.26
2025-11-27 09:00:00+00:00,3028.1,3044.48,3025.62,3027.99,81522382.62
2025-11-27 10:00:00+00:00,3027.99,3035.94,3021.98,3034.72,55762260.34
2025-11-27 11:00:00+00:00,3034.72,3035.98,3023.64,3028.5,50189896.1
2025-11-27 12:00:00+00:00,3028.5,3030.28,2988.7,2991.44,149450454.88
2025-11-27 13:00:00+00:00,2991.44,3002.12,2988.52,2995.47,156739661.04
2025-11-27 14:00:00+00:00,2995.47,2999.48,2986.19,2996.76,94496055.93
2025-11-27 15:00:00+00:00,2996.76,3014.55,2990.75,3011.12,102441502.45
2025-11-27 16:00:00+00:00,3011.12,3027.11,3004.94,3021.16,114120332.45
2025-11-27 17:00:00+00:00,3021.16,3024.17,3013.27,3020.15,67128214.49
2025-11-27 18:00:00+00:00,3020.15,3039.45,3016.56,3037.82,81137378.33
2025-11-27 19:00:00+00:00,3037.82,3037.82,3027.29,3031.96,56331003.17
2025-11-27 20:00:00+00:00,3031.96,3044.21,3030.36,3038.98,56423391.19
2025-11-27 21:00:00+00:00,3038.98,3043.6,3030.3,3032.64,62876274.16
2025-11-27 22:00:00+00:00,3032.64,3034.6,3004.45,3010.9,87146645.18
2025-11-27 23:00:00+00:00,3010.9,3023.28,3007.8,3015.32,48910021.61
2025-11-28 00:00:00+00:00,3015.32,3023.97,3009.24,3014.56,65935836.18
2025-11-28 01:00:00+00:00,3014.56,3016.57,2994.41,2998.41,105165368.97
2025-11-28 02:00:00+00:00,2998.41,3015.26,2996.38,3012.62,75663179.42
2025-11-28 03:00:00+00:00,3012.62,3015.06,3002.6,3008.6,55301558.58
2025-11-28 04:00:00+00:00,3008.6,3019.63,3005.79,3017.55,54406848.86
2025-11-28 05:00:00+00:00,3017.55,3028.84,3015.26,3024.24,76895268.75
2025-11-28 06:00:00+00:00,3024.24,3024.24,3003.84,3009.98,70052042.44
2025-11-28 07:00:00+00:00,3009.98,3022.92,3000.75,3001.88,121617664.41
2025-11-28 08:00:00+00:00,3001.88,3074.26,3001.71,3064.97,250492275.6
2025-11-28 09:00:00+00:00,3064.97,3072.09,3048.74,3055.0,106467306.28
2025-11-28 10:00:00+00:00,3055.0,3063.76,3047.25,3060.92,66986074.59
2025-11-28 11:00:00+00:00,3060.92,3062.2,3019.56,3034.03,112052522.78
2025-11-28 12:00:00+00:00,3034.03,3045.87,3032.51,3036.04,75915684.0
2025-11-28 13:00:00+00:00,3036.04,3084.63,3026.15,3073.83,163723388.2
2025-11-28 14:00:00+00:00,3073.83,3097.05,3052.15,3067.33,242264094.62
2025-11-28 15:00:00+00:00,3067.33,3091.83,3055.94,3074.0,222345868.74
2025-11-28 16:00:00+00:00,3074.0,3074.38,3022.13,3025.51,204589083.46
2025-11-28 17:00:00+00:00,3025.51,3044.11,3011.89,3033.19,182452845.7
2025-11-28 18:00:00+00:00,3033.19,3048.84,3024.32,3042.24,110432835.76
2025-11-28 19:00:00+00:00,3042.24,3060.05,3037.53,3049.99,77354159.32
2025-11-28 20:00:00+00:00,3049.99,3057.81,3035.98,3056.24,67847899.32
2025-11-28 21:00:00+00:00,3056.24,3059.2,3036.11,3036.49,54782095.69
2025-11-28 22:00:00+00:00,3036.49,3042.46,3021.87,3039.57,75700365.85
2025-11-28 23:00:00+00:00,3039.57,3045.4,3030.58,3031.18,38867705.57
2025-11-29 00:00:00+00:00,3031.18,3039.04,3029.89,3035.97,43218811.66
2025-11-29 01:00:00+00:00,3035.97,3052.54,3032.43,3038.45,56688996.29
2025-11-29 02:00:00+00:00,3038.45,3040.45,3023.72,3030.57,52904641.84
2025-11-29 03:00:00+00:00,3030.57,3036.03,3017.71,3022.75,52500974.36
2025-11-29 04:00:00+00:00,3022.75,3044.37,3020.06,3040.63,52112699.38
2025-11-29 05:00:00+00:00,3040.63,3042.79,3031.39,3032.85,42529591.58
2025-11-29 06:00:00+00:00,3032.85,3038.39,2994.3,3007.71,175346129.4
2025-11-29 07:00:00+00:00,3007.71,3014.55,2996.12,3005.0,66323924.87
2025-11-29 08:00:00+00:00,3005.0,3011.5,3001.28,3008.36,41739109.09
2025-11-29 09:00:00+00:00,3008.36,3010.4,2998.55,3002.03,51088394.89
2025-11-29 10:00:00+00:00,3002.03,3007.9,2986.85,2997.53,87913611.62
2025-11-29 11:00:00+00:00,2997.53,3001.96,2992.25,3000.06,65468425.49
2025-11-29 12:00:00+00:00,3000.06,3002.43,2992.72,2997.32,48860890.3
2025-11-29 13:00:00+00:00,2997.32,3001.97,2992.72,2998.5,34158556.94
2025-11-29 14:00:00+00:00,2998.5,2998.85,2986.54,2988.39,85813313.65
2025-11-29 15:00:00+00:00,2988.39,3013.89,2988.39,3007.29,110102411.17
2025-11-29 16:00:00+00:00,3007.29,3011.45,2998.52,3003.32,67362239.5
2025-11-29 17:00:00+00:00,3003.32,3004.56,2967.14,2969.98,152011113.58
2025-11-29 18:00:00+00:00,2969.98,2997.27,2962.51,2994.76,137291985.58
2025-11-29 19:00:00+00:00,2994.76,2999.81,2984.61,2988.64,46978071.03
2025-11-29 20:00:00+00:00,2988.64,2998.57,2983.2,2997.45,39928913.11
2025-11-29 21:00:00+00:00,2997.45,2999.04,2982.69,2994.16,39758496.17
2025-11-29 22:00:00+00:00,2994.16,2995.7,2984.01,2988.87,46392121.32
2025-11-29 23:00:00+00:00,2988.87,2994.01,2985.89,2989.23,28151955.58
2025-11-30 00:00:00+00:00,2989.23,2999.61,2988.07,2997.42,30092599.13
2025-11-30 01:00:00+00:00,2997.42,3011.82,2996.41,3005.14,55335135.85
2025-11-30 02:00:00+00:00,3005.14,3011.94,2990.57,2991.0,40048810.99
2025-11-30 03:00:00+00:00,2991.0,3005.44,2975.69,3001.75,75327609.31
2025-11-30 04:00:00+00:00,3001.75,3003.45,2995.86,2998.54,21405118.69
2025-11-30 05:00:00+00:00,2998.54,2998.54,2985.69,2992.32,44769914.67
2025-11-30 06:00:00+00:00,2992.32,3000.41,2987.1,2997.92,29808708.08
2025-11-30 07:00:00+00:00,2997.92,3008.98,2996.34,3005.18,38769464.73
2025-11-30 08:00:00+00:00,3005.18,3018.07,3002.6,3006.89,68661902.18
2025-11-30 09:00:00+00:00,3006.89,3014.54,3004.72,3010.03,44905393.93
2025-11-30 10:00:00+00:00,3010.03,3011.4,3006.13,3009.45,37028161.69
2025-11-30 11:00:00+00:00,3009.45,3016.54,2999.79,3003.23,50365199.99
2025-11-30 12:00:00+00:00,3003.23,3033.19,3000.23,3026.05,85266047.33
2025-11-30 13:00:00+00:00,3026.05,3052.61,3022.8,3048.84,152073290.19
2025-11-30 14:00:00+00:00,3048.84,3050.93,3027.55,3037.81,94271470.37
2025-11-30 15:00:00+00:00,3037.81,3037.81,3024.84,3028.71,79961863.39
2025-11-30 16:00:00+00:00,3028.71,3049.31,3028.35,3043.79,75750818.56
2025-11-30 17:00:00+00:00,3043.79,3044.14,3031.59,3041.03,64376051.6
2025-11-30 18:00:00+00:00,3041.03,3041.29,3029.44,3036.83,36340878.55
2025-11-30 19:00:00+00:00,3036.83,3040.37,3029.57,3034.73,46072042.82
2025-11-30 20:00:00+00:00,3034.73,3041.11,3023.28,3029.05,37607482.26
2025-11-30 21:00:00+00:00,3029.05,3029.36,3015.27,3022.3,68842318.94
2025-11-30 22:00:00+00:00,3022.3,3036.23,3022.29,3033.58,52547266.14
2025-11-30 23:00:00+00:00,3033.58,3034.78,2989.56,2991.44,133601315.09
2025-12-01 00:00:00+00:00,2991.44,2999.31,2831.28,2836.62,620457475.08
2025-12-01 01:00:00+00:00,2836.62,2860.31,2833.93,2850.96,183978741.24
2025-12-01 02:00:00+00:00,2850.96,2873.8,2830.06,2838.16,265393686.23
2025-12-01 03:00:00+00:00,2838.16,2841.29,2814.18,2825.84,210398514.48
2025-12-01 04:00:00+00:00,2825.84,2827.79,2806.91,2821.96,165023757.25
2025-12-01 05:00:00+00:00,2821.96,2830.64,2810.44,2828.01,104763575.24
2025-12-01 06:00:00+00:00,2828.01,2835.82,2822.46,2824.73,86866237.89
2025-12-01 07:00:00+00:00,2824.73,2843.92,2820.26,2840.22,123918178.06
2025-12-01 08:00:00+00:00,2840.22,2845.93,2832.62,2840.64,98523142.53
2025-12-01 09:00:00+00:00,2840.64,2853.01,2828.89,2839.52,299495018.75
2025-12-01 10:00:00+00:00,2839.52,2846.34,2837.64,2843.91,116514684.24
2025-12-01 11:00:00+00:00,2843.91,2850.43,2835.87,2838.23,213664128.42
2025-12-01 12:00:00+00:00,2838.23,2839.74,2797.69,2821.15,256858337.45
2025-12-01 13:00:00+00:00,2821.15,2839.69,2805.36,2813.45,179418534.41
2025-12-01 14:00:00+00:00,2813.45,2832.02,2806.07,2818.14,196740385.44
2025-12-01 15:00:00+00:00,2818.14,2820.46,2718.56,2745.72,617460587.2
2025-12-01 16:00:00+00:00,2745.72,2755.76,2720.07,2730.27,250763272.59
2025-12-01 17:00:00+00:00,2730.27,2752.91,2728.6,2739.61,126741051.06
2025-12-01 18:00:00+00:00,2739.61,2757.8,2725.01,2749.68,142321328.16
2025-12-01 19:00:00+00:00,2749.68,2752.37,2730.64,2740.74,106734524.19
2025-12-01 20:00:00+00:00,2740.74,2769.72,2740.25,2757.74,203155723.55
2025-12-01 21:00:00+00:00,2757.74,2797.83,2756.21,2791.72,211151499.42
2025-12-01 22:00:00+00:00,2791.72,2813.22,2791.06,2797.5,143892747.1
2025-12-01 23:00:00+00:00,2797.5,2819.02,2796.62,2798.93,81658026.52
2025-12-02 00:00:00+00:00,2798.93,2804.17,2783.67,2795.5,88621494.59
2025-12-02 01:00:00+00:00,2795.5,2824.78,2793.14,2795.05,116199246.17
2025-12-02 02:00:00+00:00,2795.05,2814.32,2785.32,2801.07,90901328.44
2025-12-02 03:00:00+00:00,2801.07,2810.28,2785.49,2804.47,73373663.84
2025-12-02 04:00:00+00:00,2804.47,2814.18,2803.46,2804.94,62101525.69
2025-12-02 05:00:00+00:00,2804.94,2806.98,2797.29,2803.19,69722086.92
2025-12-02 06:00:00+00:00,2803.19,2815.81,2797.67,2812.93,66097619.14
2025-12-02 07:00:00+00:00,2812.93,2814.42,2802.88,2805.69,58568732.15
2025-12-02 08:00:00+00:00,2805.69,2806.67,2782.32,2798.15,110189038.55
2025-12-02 09:00:00+00:00,2798.15,2811.27,2795.53,2797.99,83879264.64
2025-12-02 10:00:00+00:00,2797.99,2833.8,2797.6,2823.18,119200918.91
2025-12-02 11:00:00+00:00,2823.18,2830.7,2816.53,2826.03,106012873.5
2025-12-02 12:00:00+00:00,2826.03,2831.86,2816.8,2827.81,81658658.15
2025-12-02 13:00:00+00:00,2827.81,2847.95,2822.31,2844.79,184265317.63
2025-12-02 14:00:00+00:00,2844.79,2909.86,2840.94,2894.95,500019922.51
2025-12-02 15:00:00+00:00,2894.95,3024.67,2894.2,3006.5,695352050.95
2025-12-02 16:00:00+00:00,3006.5,3024.61,2987.3,2995.5,352524668.72
2025-12-02 17:00:00+00:00,2995.5,3033.46,2994.03,3015.84,198490808.81
2025-12-02 18:00:00+00:00,3015.84,3033.21,3008.33,3013.69,153004230.07
2025-12-02 19:00:00+00:00,3013.69,3029.56,3013.12,3016.03,80962827.08
2025-12-02 20:00:00+00:00,3016.03,3016.88,2973.76,2979.82,199585435.75
2025-12-02 21:00:00+00:00,2979.82,2997.91,2977.91,2995.51,99113621.91
2025-12-02 22:00:00+00:00,2995.51,3021.27,2995.3,3017.47,107807031.96
2025-12-02 23:00:00+00:00,3017.47,3018.49,2992.21,2996.11,83739378.78
2025-12-03 00:00:00+00:00,2996.11,3008.61,2985.66,3003.31,95453313.32
2025-12-03 01:00:00+00:00,3003.31,3027.54,2999.35,3015.73,110752185.58
2025-12-03 02:00:00+00:00,3015.73,3048.2,3014.12,3031.07,192909413.06
2025-12-03 03:00:00+00:00,3031.07,3037.84,3021.32,3030.68,83916454.84
2025-12-03 04:00:00+00:00,3030.68,3059.04,3029.68,3056.62,161617428.1
2025-12-03 05:00:00+00:00,3056.62,3070.42,3048.28,3058.61,136214391.79
2025-12-03 06:00:00+00:00,3058.61,3085.46,3055.39,3067.05,197099551.86
2025-12-03 07:00:00+00:00,3067.05,3068.51,3052.01,3057.56,131520146.5
2025-12-03 08:00:00+00:00,3057.56,3061.01,3044.49,3050.99,95802611.46
2025-12-03 09:00:00+00:00,3050.99,3063.29,3045.56,3060.63,75252854.39
2025-12-03 10:00:00+00:00,3060.63,3079.1,3050.46,3055.62,110234645.21
2025-12-03 11:00:00+00:00,3055.62,3076.98,3050.45,3073.19,117683692.47
2025-12-03 12:00:00+00:00,3073.19,3083.98,3067.26,3081.34,168195949.22
2025-12-03 13:00:00+00:00,3081.34,3094.65,3078.37,3090.24,160278840.41
2025-12-03 14:00:00+00:00,3090.24,3144.62,3031.13,3076.06,732801708.64
2025-12-03 15:00:00+00:00,3076.06,3110.25,3056.83,3086.21,257264368.28
2025-12-03 16:00:00+00:00,3086.21,3107.26,3065.78,3088.32,161091060.8
2025-12-03 17:00:00+00:00,3088.32,3133.82,3087.75,3128.11,202544268.22
2025-12-03 18:00:00+00:00,3128.11,3141.93,3104.82,3115.27,156871581.0
2025-12-03 19:00:00+00:00,3115.27,3133.19,3111.71,3128.29,116623897.09
2025-12-03 20:00:00+00:00,3128.29,3155.64,3117.4,3138.24,195520932.53
2025-12-03 21:00:00+00:00,3138.24,3169.36,3128.48,3164.28,196935850.93
2025-12-03 22:00:00+00:00,3164.28,3197.05,3145.51,3188.83,291932446.24
2025-12-03 23:00:00+00:00,3188.83,3214.7,3178.61,3188.14,254382484.64
2025-12-04 00:00:00+00:00,3188.14,3206.97,3174.33,3198.06,210037842.07
2025-12-04 01:00:00+00:00,3198.06,3240.18,3195.02,3202.91,280543230.86
2025-12-04 02:00:00+00:00,3202.91,3225.75,3198.91,3221.68,122662045.96
2025-12-04 03:00:00+00:00,3221.68,3228.54,3205.42,3210.08,84333933.48
2025-12-04 04:00:00+00:00,3210.08,3219.23,3187.39,3191.86,92864629.47
2025-12-04 05:00:00+00:00,3191.86,3194.12,3171.88,3185.04,155094959.23
2025-12-04 06:00:00+00:00,3185.04,3219.1,3180.69,3205.13,168996477.83
2025-12-04 07:00:00+00:00,3205.13,3205.2,3181.84,3190.23,185974681.1
2025-12-04 08:00:00+00:00,3190.23,3196.88,3175.67,3183.9,121086756.84
2025-12-04 09:00:00+00:00,3183.9,3208.74,3182.77,3199.99,97514362.62
2025-12-04 10:00:00+00:00,3199.99,3203.79,3184.84,3188.43,94151975.07
2025-12-04 11:00:00+00:00,3188.43,3194.66,3177.84,3186.49,102658473.8
2025-12-04 12:00:00+00:00,3186.49,3193.33,3173.09,3176.56,113837412.94
2025-12-04 13:00:00+00:00,3176.56,3190.52,3159.1,3170.52,226617164.64
2025-12-04 14:00:00+00:00,3170.52,3188.51,3140.57,3144.54,306624787.62
2025-12-04 15:00:00+00:00,3144.54,3223.43,3144.32,3208.22,355356462.02
2025-12-04 16:00:00+00:00,3208.22,3224.49,3160.29,3169.04,284613496.56
2025-12-04 17:00:00+00:00,3169.04,3175.48,3137.25,3160.83,185633395.07
2025-12-04 18:00:00+00:00,3160.83,3165.39,3134.08,3141.18,137387554.11
2025-12-04 19:00:00+00:00,3141.18,3142.08,3067.05,3119.34,396144020.83
2025-12-04 20:00:00+00:00,3119.34,3145.31,3105.89,3141.76,200445559.75
2025-12-04 21:00:00+00:00,3141.76,3151.74,3119.2,3123.41,111909113.52
2025-12-04 22:00:00+00:00,3123.41,3148.46,3123.34,3143.76,89397822.75
2025-12-04 23:00:00+00:00,3143.76,3144.16,3129.68,3133.26,52292621.72
2025-12-05 00:00:00+00:00,3133.26,3157.07,3132.93,3146.73,88810370.42
2025-12-05 01:00:00+00:00,3146.73,3170.53,3143.62,3163.45,90391578.81
<<<<<<< Updated upstream
<<<<<<< Updated upstream
<<<<<<< Updated upstream
2025-12-05 02:00:00+00:00,3163.45,3177.96,3156.44,3176.64,40420573.51
=======
2025-12-05 02:00:00+00:00,3163.45,3178.16,3156.44,3177.83,50825024.85
>>>>>>> Stashed changes
=======
2025-12-05 02:00:00+00:00,3163.45,3185.86,3156.44,3185.86,70094447.71
>>>>>>> Stashed changes
=======
2025-12-05 02:00:00+00:00,3163.45,3186.33,3156.44,3184.45,73589256.48
>>>>>>> Stashed changes
