time,open,high,low,close,volume
2025-09-12 17:00:00+00:00,0.2422,0.2438,0.2418,0.243,4160997.72
2025-09-12 18:00:00+00:00,0.243,0.2447,0.2429,0.2439,3584910.59
2025-09-12 19:00:00+00:00,0.2439,0.2447,0.2426,0.2445,1901545.41
2025-09-12 20:00:00+00:00,0.2445,0.2445,0.2428,0.244,2316864.94
2025-09-12 21:00:00+00:00,0.244,0.2441,0.2423,0.2427,1907443.53
2025-09-12 22:00:00+00:00,0.2427,0.2453,0.2427,0.2453,2845942.38
2025-09-12 23:00:00+00:00,0.2453,0.2457,0.2448,0.2455,1814085.63
2025-09-13 00:00:00+00:00,0.2455,0.2463,0.2443,0.2462,1993678.11
2025-09-13 01:00:00+00:00,0.2462,0.2475,0.2449,0.245,2344334.41
2025-09-13 02:00:00+00:00,0.245,0.2456,0.2441,0.2452,1522565.15
2025-09-13 03:00:00+00:00,0.2452,0.2467,0.2451,0.2466,1203759.83
2025-09-13 04:00:00+00:00,0.2466,0.2468,0.2455,0.2455,1079952.47
2025-09-13 05:00:00+00:00,0.2455,0.2461,0.245,0.2458,1318049.52
2025-09-13 06:00:00+00:00,0.2458,0.2472,0.2458,0.2469,1354455.25
2025-09-13 07:00:00+00:00,0.2469,0.2472,0.2464,0.2466,1300455.47
2025-09-13 08:00:00+00:00,0.2466,0.2488,0.2465,0.2487,1990122.55
2025-09-13 09:00:00+00:00,0.2487,0.253,0.2482,0.2526,4344650.33
2025-09-13 10:00:00+00:00,0.2526,0.2528,0.2505,0.2506,3553647.78
2025-09-13 11:00:00+00:00,0.2506,0.253,0.2496,0.2526,2711128.38
2025-09-13 12:00:00+00:00,0.2526,0.2537,0.2514,0.2534,3463916.56
2025-09-13 13:00:00+00:00,0.2534,0.2548,0.2493,0.2513,6517282.11
2025-09-13 14:00:00+00:00,0.2513,0.2526,0.2485,0.2506,6165671.14
2025-09-13 15:00:00+00:00,0.2506,0.2524,0.2482,0.249,4609356.89
2025-09-13 16:00:00+00:00,0.249,0.2502,0.2457,0.2458,4651855.56
2025-09-13 17:00:00+00:00,0.2458,0.2464,0.2439,0.2458,5858001.59
2025-09-13 18:00:00+00:00,0.2458,0.2461,0.2445,0.2459,1907922.46
2025-09-13 19:00:00+00:00,0.2459,0.2465,0.2453,0.2463,2324007.67
2025-09-13 20:00:00+00:00,0.2463,0.248,0.2463,0.2473,2661117.1
2025-09-13 21:00:00+00:00,0.2473,0.249,0.2472,0.2489,1162776.71
2025-09-13 22:00:00+00:00,0.2489,0.2492,0.2474,0.2478,998462.43
2025-09-13 23:00:00+00:00,0.2478,0.2483,0.2471,0.2482,920128.71
2025-09-14 00:00:00+00:00,0.2482,0.2485,0.2457,0.2462,1670701.07
2025-09-14 01:00:00+00:00,0.2462,0.2469,0.244,0.2468,2571063.25
2025-09-14 02:00:00+00:00,0.2468,0.2475,0.2451,0.2459,2521725.05
2025-09-14 03:00:00+00:00,0.2459,0.2461,0.2436,0.2439,2593820.22
2025-09-14 04:00:00+00:00,0.2439,0.2441,0.2417,0.2432,3382822.63
2025-09-14 05:00:00+00:00,0.2432,0.2452,0.2431,0.2452,1312938.9
2025-09-14 06:00:00+00:00,0.2452,0.2454,0.243,0.2437,1351865.39
2025-09-14 07:00:00+00:00,0.2437,0.2443,0.2426,0.2433,2101289.34
2025-09-14 08:00:00+00:00,0.2433,0.2441,0.2425,0.2431,1506304.11
2025-09-14 09:00:00+00:00,0.2431,0.245,0.2428,0.2447,1918122.19
2025-09-14 10:00:00+00:00,0.2447,0.2451,0.2437,0.2438,1434587.64
2025-09-14 11:00:00+00:00,0.2438,0.2441,0.2405,0.2407,3768457.2
2025-09-14 12:00:00+00:00,0.2407,0.2418,0.2391,0.2401,2579583.79
2025-09-14 13:00:00+00:00,0.2401,0.2408,0.238,0.2387,2688271.8
2025-09-14 14:00:00+00:00,0.2387,0.2403,0.237,0.2383,5294416.0
2025-09-14 15:00:00+00:00,0.2383,0.239,0.2372,0.2384,2485865.32
2025-09-14 16:00:00+00:00,0.2384,0.2431,0.2381,0.2404,4780706.05
2025-09-14 17:00:00+00:00,0.2404,0.2424,0.2402,0.2417,1488866.72
2025-09-14 18:00:00+00:00,0.2417,0.2418,0.2397,0.2399,1057025.57
2025-09-14 19:00:00+00:00,0.2399,0.2408,0.2392,0.2397,1392442.67
2025-09-14 20:00:00+00:00,0.2397,0.2406,0.2396,0.2399,857346.17
2025-09-14 21:00:00+00:00,0.2399,0.2419,0.2389,0.2413,1719846.3
2025-09-14 22:00:00+00:00,0.2413,0.2431,0.2407,0.2429,1740260.29
2025-09-14 23:00:00+00:00,0.2429,0.243,0.2397,0.2408,2255106.81
2025-09-15 00:00:00+00:00,0.2408,0.2426,0.2407,0.2408,1981467.87
2025-09-15 01:00:00+00:00,0.2408,0.2417,0.2386,0.2409,2147254.47
2025-09-15 02:00:00+00:00,0.2409,0.2425,0.2407,0.241,1247698.68
2025-09-15 03:00:00+00:00,0.241,0.2428,0.2409,0.2423,1268507.43
2025-09-15 04:00:00+00:00,0.2423,0.2429,0.2414,0.2415,2418313.99
2025-09-15 05:00:00+00:00,0.2415,0.2433,0.2413,0.2431,1268401.14
2025-09-15 06:00:00+00:00,0.2431,0.2432,0.2386,0.2394,2694664.45
2025-09-15 07:00:00+00:00,0.2394,0.2412,0.2374,0.2377,4230440.28
2025-09-15 08:00:00+00:00,0.2377,0.2377,0.232,0.232,9695395.27
2025-09-15 09:00:00+00:00,0.232,0.2343,0.2318,0.2342,3429981.61
2025-09-15 10:00:00+00:00,0.2342,0.2342,0.2321,0.2336,1953960.44
2025-09-15 11:00:00+00:00,0.2336,0.2341,0.2326,0.2338,1711201.53
2025-09-15 12:00:00+00:00,0.2338,0.2343,0.2324,0.2326,2017915.98
2025-09-15 13:00:00+00:00,0.2326,0.2353,0.2322,0.2337,2962375.83
2025-09-15 14:00:00+00:00,0.2337,0.2344,0.232,0.2323,3584409.96
2025-09-15 15:00:00+00:00,0.2323,0.2334,0.2307,0.2318,4832322.98
2025-09-15 16:00:00+00:00,0.2318,0.2328,0.2301,0.2313,4897210.21
2025-09-15 17:00:00+00:00,0.2313,0.2336,0.2311,0.2336,3109445.53
2025-09-15 18:00:00+00:00,0.2336,0.2347,0.2327,0.2345,1972914.66
2025-09-15 19:00:00+00:00,0.2345,0.2354,0.2333,0.2344,2073112.38
2025-09-15 20:00:00+00:00,0.2344,0.2352,0.2339,0.2351,1145448.12
2025-09-15 21:00:00+00:00,0.2351,0.2364,0.2348,0.2364,1186488.47
2025-09-15 22:00:00+00:00,0.2364,0.2367,0.2355,0.2357,1746094.57
2025-09-15 23:00:00+00:00,0.2357,0.2373,0.2355,0.237,978049.9
2025-09-16 00:00:00+00:00,0.237,0.237,0.2348,0.2355,1375836.26
2025-09-16 01:00:00+00:00,0.2355,0.2366,0.2348,0.2348,1497722.11
2025-09-16 02:00:00+00:00,0.2348,0.2355,0.2344,0.2345,1114923.65
2025-09-16 03:00:00+00:00,0.2345,0.2351,0.234,0.234,1281251.08
2025-09-16 04:00:00+00:00,0.234,0.2342,0.2316,0.2336,1619310.07
2025-09-16 05:00:00+00:00,0.2336,0.2351,0.2333,0.235,1243095.49
2025-09-16 06:00:00+00:00,0.235,0.2355,0.2334,0.2338,964359.1
2025-09-16 07:00:00+00:00,0.2338,0.2353,0.2337,0.2348,1207450.58
2025-09-16 08:00:00+00:00,0.2348,0.2376,0.2348,0.2372,2065209.05
2025-09-16 09:00:00+00:00,0.2372,0.238,0.2363,0.2375,1633408.99
2025-09-16 10:00:00+00:00,0.2375,0.2382,0.2368,0.2369,2261567.64
2025-09-16 11:00:00+00:00,0.2369,0.2372,0.2361,0.2364,1574371.81
2025-09-16 12:00:00+00:00,0.2364,0.2384,0.2359,0.2371,2033021.83
2025-09-16 13:00:00+00:00,0.2371,0.2385,0.2347,0.2365,4900252.47
2025-09-16 14:00:00+00:00,0.2365,0.2365,0.2334,0.2362,2915300.6
2025-09-16 15:00:00+00:00,0.2362,0.2368,0.2347,0.2368,2039282.98
2025-09-16 16:00:00+00:00,0.2368,0.2369,0.2351,0.2359,2222406.86
2025-09-16 17:00:00+00:00,0.2359,0.2396,0.2359,0.2391,2728858.22
2025-09-16 18:00:00+00:00,0.2391,0.2398,0.2377,0.2382,2052363.08
2025-09-16 19:00:00+00:00,0.2382,0.2384,0.2372,0.2383,1628668.48
2025-09-16 20:00:00+00:00,0.2383,0.2388,0.2379,0.2382,1519973.94
2025-09-16 21:00:00+00:00,0.2382,0.2389,0.2381,0.2389,1394810.36
2025-09-16 22:00:00+00:00,0.2389,0.2399,0.2384,0.2388,2201961.26
2025-09-16 23:00:00+00:00,0.2388,0.2389,0.2377,0.238,1241465.2
2025-09-17 00:00:00+00:00,0.238,0.2385,0.2372,0.2379,1099821.24
2025-09-17 01:00:00+00:00,0.2379,0.2385,0.2366,0.2369,1339917.56
2025-09-17 02:00:00+00:00,0.2369,0.2386,0.2363,0.2375,1773879.88
2025-09-17 03:00:00+00:00,0.2375,0.2379,0.236,0.2362,1857154.97
2025-09-17 04:00:00+00:00,0.2362,0.2368,0.2342,0.2352,1873864.8
2025-09-17 05:00:00+00:00,0.2352,0.2372,0.2349,0.2372,1662882.65
2025-09-17 06:00:00+00:00,0.2372,0.2388,0.2369,0.2387,1718403.62
2025-09-17 07:00:00+00:00,0.2387,0.2387,0.2376,0.2377,1451009.55
2025-09-17 08:00:00+00:00,0.2377,0.2377,0.2353,0.2356,2570640.61
2025-09-17 09:00:00+00:00,0.2356,0.2357,0.2341,0.2341,1732545.09
2025-09-17 10:00:00+00:00,0.2341,0.2346,0.2336,0.2342,1809296.47
2025-09-17 11:00:00+00:00,0.2342,0.2352,0.2339,0.2345,1498814.87
2025-09-17 12:00:00+00:00,0.2345,0.2354,0.234,0.2354,1466562.17
2025-09-17 13:00:00+00:00,0.2354,0.2356,0.2342,0.2349,2447356.73
2025-09-17 14:00:00+00:00,0.2349,0.2355,0.2331,0.2332,2121242.87
2025-09-17 15:00:00+00:00,0.2332,0.2346,0.2329,0.2341,3385653.29
2025-09-17 16:00:00+00:00,0.2341,0.2356,0.2327,0.2352,2975827.18
2025-09-17 17:00:00+00:00,0.2352,0.2391,0.2345,0.2366,7505142.64
2025-09-17 18:00:00+00:00,0.2366,0.239,0.2329,0.2335,24350976.67
2025-09-17 19:00:00+00:00,0.2335,0.2384,0.2334,0.2375,10045916.25
2025-09-17 20:00:00+00:00,0.2375,0.2406,0.2358,0.2364,13131554.43
2025-09-17 21:00:00+00:00,0.2364,0.2401,0.2354,0.2395,3993650.93
2025-09-17 22:00:00+00:00,0.2395,0.245,0.2395,0.2443,7821121.41
2025-09-17 23:00:00+00:00,0.2443,0.2455,0.2418,0.243,5629234.94
2025-09-18 00:00:00+00:00,0.243,0.2441,0.2417,0.2421,3170448.29
2025-09-18 01:00:00+00:00,0.2421,0.2439,0.2417,0.2434,2630327.38
2025-09-18 02:00:00+00:00,0.2434,0.2435,0.242,0.2432,2163915.94
2025-09-18 03:00:00+00:00,0.2432,0.2459,0.2426,0.2458,5471462.16
2025-09-18 04:00:00+00:00,0.2458,0.2462,0.245,0.2458,3541283.91
2025-09-18 05:00:00+00:00,0.2458,0.2458,0.2434,0.2438,2139247.08
2025-09-18 06:00:00+00:00,0.2438,0.2442,0.2416,0.2439,4450207.02
2025-09-18 07:00:00+00:00,0.2439,0.247,0.2438,0.246,4446786.56
2025-09-18 08:00:00+00:00,0.246,0.2518,0.2456,0.2518,7415948.27
2025-09-18 09:00:00+00:00,0.2518,0.2522,0.2481,0.2485,9528342.94
2025-09-18 10:00:00+00:00,0.2485,0.249,0.2457,0.2469,4268444.98
2025-09-18 11:00:00+00:00,0.2469,0.2483,0.2468,0.2479,2002109.33
2025-09-18 12:00:00+00:00,0.2479,0.2489,0.2465,0.247,2926003.49
2025-09-18 13:00:00+00:00,0.247,0.2482,0.2458,0.2469,4652839.45
2025-09-18 14:00:00+00:00,0.2469,0.2482,0.2461,0.2462,4519169.04
2025-09-18 15:00:00+00:00,0.2462,0.2478,0.2461,0.247,3235919.77
2025-09-18 16:00:00+00:00,0.247,0.2476,0.2463,0.2472,2207334.32
2025-09-18 17:00:00+00:00,0.2472,0.2486,0.2469,0.2482,3496077.15
2025-09-18 18:00:00+00:00,0.2482,0.2493,0.2473,0.249,3868589.24
2025-09-18 19:00:00+00:00,0.249,0.2496,0.2472,0.2492,3720022.15
2025-09-18 20:00:00+00:00,0.2492,0.2499,0.2485,0.2493,1603435.68
2025-09-18 21:00:00+00:00,0.2493,0.2497,0.2478,0.2479,1838634.18
2025-09-18 22:00:00+00:00,0.2479,0.2483,0.2465,0.2466,2376902.12
2025-09-18 23:00:00+00:00,0.2466,0.247,0.2449,0.2462,2955273.84
2025-09-19 00:00:00+00:00,0.2462,0.2492,0.2462,0.2492,2817881.05
2025-09-19 01:00:00+00:00,0.2492,0.2502,0.2484,0.249,3961660.75
2025-09-19 02:00:00+00:00,0.249,0.249,0.2469,0.2469,2184722.19
2025-09-19 03:00:00+00:00,0.2469,0.2482,0.2446,0.2448,3049973.02
2025-09-19 04:00:00+00:00,0.2448,0.2466,0.2427,0.2465,3533434.16
2025-09-19 05:00:00+00:00,0.2465,0.2465,0.2443,0.2449,2758877.02
2025-09-19 06:00:00+00:00,0.2449,0.2449,0.2426,0.2427,2332280.42
2025-09-19 07:00:00+00:00,0.2427,0.245,0.2422,0.2444,2958020.35
2025-09-19 08:00:00+00:00,0.2444,0.2461,0.2442,0.2443,2222909.03
2025-09-19 09:00:00+00:00,0.2443,0.245,0.2418,0.2423,3418388.95
2025-09-19 10:00:00+00:00,0.2423,0.2423,0.241,0.2416,2310709.56
2025-09-19 11:00:00+00:00,0.2416,0.2417,0.2393,0.2398,3011963.67
2025-09-19 12:00:00+00:00,0.2398,0.2416,0.2398,0.2405,1633928.33
2025-09-19 13:00:00+00:00,0.2405,0.2419,0.2401,0.2413,2251468.06
2025-09-19 14:00:00+00:00,0.2413,0.2417,0.2384,0.2386,3923033.58
2025-09-19 15:00:00+00:00,0.2386,0.2388,0.2363,0.2384,4473653.85
2025-09-19 16:00:00+00:00,0.2384,0.2399,0.238,0.2399,2046092.4
2025-09-19 17:00:00+00:00,0.2399,0.2399,0.2369,0.2369,1334669.51
2025-09-19 18:00:00+00:00,0.2369,0.2381,0.236,0.2374,1936148.27
2025-09-19 19:00:00+00:00,0.2374,0.2391,0.2371,0.2371,3580613.52
2025-09-19 20:00:00+00:00,0.2371,0.2385,0.2371,0.2373,1354729.68
2025-09-19 21:00:00+00:00,0.2373,0.2394,0.2368,0.2394,915515.55
2025-09-19 22:00:00+00:00,0.2394,0.2403,0.2394,0.2399,793777.95
2025-09-19 23:00:00+00:00,0.2399,0.2399,0.2371,0.2388,1096267.27
2025-09-20 00:00:00+00:00,0.2388,0.241,0.2387,0.241,1213675.57
2025-09-20 01:00:00+00:00,0.241,0.241,0.2392,0.2398,1310265.68
2025-09-20 02:00:00+00:00,0.2398,0.241,0.2379,0.241,1206775.81
2025-09-20 03:00:00+00:00,0.241,0.241,0.2396,0.2398,1407643.79
2025-09-20 04:00:00+00:00,0.2398,0.2417,0.2394,0.2411,1589620.71
2025-09-20 05:00:00+00:00,0.2411,0.2431,0.2404,0.2431,1960615.37
2025-09-20 06:00:00+00:00,0.2431,0.245,0.2421,0.2449,1848863.95
2025-09-20 07:00:00+00:00,0.2449,0.2454,0.2436,0.2443,2468702.82
2025-09-20 08:00:00+00:00,0.2443,0.2448,0.2416,0.2417,1448947.77
2025-09-20 09:00:00+00:00,0.2417,0.2428,0.2411,0.2412,1198102.23
2025-09-20 10:00:00+00:00,0.2412,0.2416,0.2398,0.24,1256329.58
2025-09-20 11:00:00+00:00,0.24,0.242,0.2397,0.2417,1358118.35
2025-09-20 12:00:00+00:00,0.2417,0.2426,0.2413,0.2425,1458320.99
2025-09-20 13:00:00+00:00,0.2425,0.2436,0.2419,0.2421,1858670.85
2025-09-20 14:00:00+00:00,0.2421,0.2436,0.241,0.2436,2593150.99
2025-09-20 15:00:00+00:00,0.2436,0.2469,0.2436,0.2448,4400217.34
2025-09-20 16:00:00+00:00,0.2448,0.2454,0.2427,0.2438,2023624.16
2025-09-20 17:00:00+00:00,0.2438,0.2441,0.2427,0.243,1316266.73
2025-09-20 18:00:00+00:00,0.243,0.2433,0.2421,0.2427,1202941.92
2025-09-20 19:00:00+00:00,0.2427,0.2436,0.2419,0.2425,1046048.61
2025-09-20 20:00:00+00:00,0.2425,0.244,0.2423,0.2435,930651.75
2025-09-20 21:00:00+00:00,0.2435,0.2439,0.2429,0.2429,710975.5
2025-09-20 22:00:00+00:00,0.2429,0.243,0.2421,0.2426,658690.01
2025-09-20 23:00:00+00:00,0.2426,0.2426,0.2417,0.2419,538699.11
2025-09-21 00:00:00+00:00,0.2419,0.2427,0.241,0.2422,1655852.51
2025-09-21 01:00:00+00:00,0.2422,0.2422,0.2408,0.2411,870094.94
2025-09-21 02:00:00+00:00,0.2411,0.2422,0.2405,0.2421,1019000.49
2025-09-21 03:00:00+00:00,0.2421,0.2423,0.2418,0.2422,724124.85
2025-09-21 04:00:00+00:00,0.2422,0.2422,0.2409,0.2414,1056697.99
2025-09-21 05:00:00+00:00,0.2414,0.2426,0.2412,0.2426,1820974.64
2025-09-21 06:00:00+00:00,0.2426,0.243,0.2413,0.2413,1306246.72
2025-09-21 07:00:00+00:00,0.2413,0.2413,0.2406,0.2409,1378609.85
2025-09-21 08:00:00+00:00,0.2409,0.2409,0.2394,0.2395,1527344.82
2025-09-21 09:00:00+00:00,0.2395,0.2396,0.2366,0.2382,2823757.36
2025-09-21 10:00:00+00:00,0.2382,0.2384,0.2367,0.2368,1766441.87
2025-09-21 11:00:00+00:00,0.2368,0.2376,0.2365,0.2369,1269381.51
2025-09-21 12:00:00+00:00,0.2369,0.2379,0.2368,0.2369,1180637.77
2025-09-21 13:00:00+00:00,0.2369,0.238,0.2368,0.2378,1049021.6
2025-09-21 14:00:00+00:00,0.2378,0.2379,0.2366,0.2366,871158.66
2025-09-21 15:00:00+00:00,0.2366,0.237,0.2357,0.2357,1545726.71
2025-09-21 16:00:00+00:00,0.2357,0.236,0.2339,0.2346,2261204.28
2025-09-21 17:00:00+00:00,0.2346,0.2366,0.2338,0.2363,1914590.5
2025-09-21 18:00:00+00:00,0.2363,0.237,0.2357,0.237,1025805.82
2025-09-21 19:00:00+00:00,0.237,0.237,0.2355,0.2362,911951.22
2025-09-21 20:00:00+00:00,0.2362,0.2363,0.2349,0.2349,938433.98
2025-09-21 21:00:00+00:00,0.2349,0.2356,0.2347,0.2351,869570.91
2025-09-21 22:00:00+00:00,0.2351,0.2354,0.2335,0.2353,1377618.6
2025-09-21 23:00:00+00:00,0.2353,0.2353,0.2335,0.234,1514108.35
2025-09-22 00:00:00+00:00,0.234,0.2348,0.2277,0.2284,10452833.71
2025-09-22 01:00:00+00:00,0.2284,0.2297,0.2271,0.228,3652110.23
2025-09-22 02:00:00+00:00,0.228,0.2284,0.2238,0.2252,6073426.72
2025-09-22 03:00:00+00:00,0.2252,0.2268,0.2251,0.2267,2625592.86
2025-09-22 04:00:00+00:00,0.2267,0.227,0.2257,0.2259,1889489.75
2025-09-22 05:00:00+00:00,0.2259,0.2259,0.2221,0.2221,3226815.94
2025-09-22 06:00:00+00:00,0.2221,0.2221,0.2145,0.2196,23401415.4
2025-09-22 07:00:00+00:00,0.2196,0.2199,0.2169,0.2169,5003711.05
2025-09-22 08:00:00+00:00,0.2169,0.2178,0.2155,0.217,4286054.22
2025-09-22 09:00:00+00:00,0.217,0.2173,0.2143,0.2145,3573300.6
2025-09-22 10:00:00+00:00,0.2145,0.2176,0.214,0.2175,3132258.29
2025-09-22 11:00:00+00:00,0.2175,0.2176,0.2158,0.217,2376174.24
2025-09-22 12:00:00+00:00,0.217,0.2184,0.2165,0.218,2396434.75
2025-09-22 13:00:00+00:00,0.218,0.2218,0.2179,0.2218,8364193.26
2025-09-22 14:00:00+00:00,0.2218,0.2222,0.2188,0.2201,8028323.67
2025-09-22 15:00:00+00:00,0.2201,0.2209,0.219,0.2191,3755845.59
2025-09-22 16:00:00+00:00,0.2191,0.2206,0.2186,0.2189,3501411.17
2025-09-22 17:00:00+00:00,0.2189,0.22,0.2182,0.219,3441765.03
2025-09-22 18:00:00+00:00,0.219,0.2191,0.2183,0.2183,2768313.13
2025-09-22 19:00:00+00:00,0.2183,0.2186,0.2169,0.2172,3382431.69
2025-09-22 20:00:00+00:00,0.2172,0.2196,0.2167,0.2192,2288963.64
2025-09-22 21:00:00+00:00,0.2192,0.2217,0.2189,0.2215,2348030.09
2025-09-22 22:00:00+00:00,0.2215,0.2216,0.221,0.2216,1232323.54
2025-09-22 23:00:00+00:00,0.2216,0.2225,0.2215,0.2222,1917535.05
2025-09-23 00:00:00+00:00,0.2222,0.2226,0.2201,0.2212,4936324.39
2025-09-23 01:00:00+00:00,0.2212,0.2221,0.2198,0.2199,2333200.92
2025-09-23 02:00:00+00:00,0.2199,0.2209,0.219,0.2192,2932882.94
2025-09-23 03:00:00+00:00,0.2192,0.2227,0.2184,0.2209,5938668.34
2025-09-23 04:00:00+00:00,0.2209,0.2215,0.2195,0.2206,1719260.12
2025-09-23 05:00:00+00:00,0.2206,0.2222,0.2202,0.2207,1975619.62
2025-09-23 06:00:00+00:00,0.2207,0.2241,0.2206,0.2238,4166676.81
2025-09-23 07:00:00+00:00,0.2238,0.2245,0.2231,0.2238,2877571.71
2025-09-23 08:00:00+00:00,0.2238,0.2248,0.2235,0.2248,1624370.75
2025-09-23 09:00:00+00:00,0.2248,0.2252,0.2225,0.2229,2711820.74
2025-09-23 10:00:00+00:00,0.2229,0.2236,0.2226,0.2228,1867501.76
2025-09-23 11:00:00+00:00,0.2228,0.2228,0.2214,0.2222,2733049.22
2025-09-23 12:00:00+00:00,0.2222,0.2234,0.2217,0.2226,2381984.1
2025-09-23 13:00:00+00:00,0.2226,0.2229,0.2217,0.2222,1803090.08
2025-09-23 14:00:00+00:00,0.2222,0.2238,0.2215,0.2219,3719307.55
2025-09-23 15:00:00+00:00,0.2219,0.2235,0.2211,0.2229,2346514.44
2025-09-23 16:00:00+00:00,0.2229,0.224,0.2213,0.2233,4136631.06
2025-09-23 17:00:00+00:00,0.2233,0.2234,0.2202,0.2204,3515529.6
2025-09-23 18:00:00+00:00,0.2204,0.221,0.2193,0.2196,3645299.62
2025-09-23 19:00:00+00:00,0.2196,0.221,0.2186,0.219,2655646.9
2025-09-23 20:00:00+00:00,0.219,0.22,0.2183,0.22,2644278.1
2025-09-23 21:00:00+00:00,0.22,0.2215,0.2193,0.221,1431460.23
2025-09-23 22:00:00+00:00,0.221,0.221,0.2195,0.22,1448470.56
2025-09-23 23:00:00+00:00,0.22,0.2202,0.2188,0.219,1304636.65
2025-09-24 00:00:00+00:00,0.219,0.221,0.2187,0.2201,2224159.51
2025-09-24 01:00:00+00:00,0.2201,0.2226,0.2197,0.2225,2548971.97
2025-09-24 02:00:00+00:00,0.2225,0.2226,0.2205,0.2213,1998051.39
2025-09-24 03:00:00+00:00,0.2213,0.2218,0.2184,0.2186,4293481.53
2025-09-24 04:00:00+00:00,0.2186,0.2215,0.2166,0.2201,7868589.82
2025-09-24 05:00:00+00:00,0.2201,0.2235,0.22,0.2234,3302848.51
2025-09-24 06:00:00+00:00,0.2234,0.2239,0.2225,0.2236,2287445.65
2025-09-24 07:00:00+00:00,0.2236,0.2238,0.2227,0.2236,2809186.51
2025-09-24 08:00:00+00:00,0.2236,0.2245,0.2226,0.223,3861083.39
2025-09-24 09:00:00+00:00,0.223,0.2243,0.2226,0.2241,1236218.39
2025-09-24 10:00:00+00:00,0.2241,0.2246,0.2232,0.2238,2281739.49
2025-09-24 11:00:00+00:00,0.2238,0.2248,0.2236,0.2243,1688913.86
2025-09-24 12:00:00+00:00,0.2243,0.2248,0.2237,0.2239,2407395.04
2025-09-24 13:00:00+00:00,0.2239,0.2244,0.2225,0.2226,2119551.3
2025-09-24 14:00:00+00:00,0.2226,0.2262,0.2226,0.2253,3553305.42
2025-09-24 15:00:00+00:00,0.2253,0.2256,0.2237,0.2241,2581380.23
2025-09-24 16:00:00+00:00,0.2241,0.2253,0.2237,0.2245,3508411.71
2025-09-24 17:00:00+00:00,0.2245,0.225,0.2238,0.2241,1936035.24
2025-09-24 18:00:00+00:00,0.2241,0.2245,0.2237,0.224,1210747.44
2025-09-24 19:00:00+00:00,0.224,0.2246,0.2233,0.2242,1336714.12
2025-09-24 20:00:00+00:00,0.2242,0.2243,0.2225,0.2233,1857532.81
2025-09-24 21:00:00+00:00,0.2233,0.2238,0.222,0.2222,1603302.39
2025-09-24 22:00:00+00:00,0.2222,0.2231,0.2218,0.2221,1430484.09
2025-09-24 23:00:00+00:00,0.2221,0.2224,0.2209,0.2212,1422240.87
2025-09-25 00:00:00+00:00,0.2212,0.2219,0.2199,0.2202,3535507.08
2025-09-25 01:00:00+00:00,0.2202,0.2208,0.2188,0.2192,3616971.0
2025-09-25 02:00:00+00:00,0.2192,0.2211,0.2183,0.22,4213398.79
2025-09-25 03:00:00+00:00,0.22,0.22,0.2169,0.2184,3737051.55
2025-09-25 04:00:00+00:00,0.2184,0.2188,0.2125,0.2134,12218440.67
2025-09-25 05:00:00+00:00,0.2134,0.2157,0.2128,0.2153,2845103.11
2025-09-25 06:00:00+00:00,0.2153,0.2153,0.2134,0.2136,3862270.0
2025-09-25 07:00:00+00:00,0.2136,0.2152,0.2134,0.2137,2558471.67
2025-09-25 08:00:00+00:00,0.2137,0.2148,0.213,0.2136,2653774.05
2025-09-25 09:00:00+00:00,0.2136,0.2152,0.2129,0.213,3837005.96
2025-09-25 10:00:00+00:00,0.213,0.2146,0.2127,0.2127,3038919.9
2025-09-25 11:00:00+00:00,0.2127,0.2132,0.2114,0.2117,2662692.35
2025-09-25 12:00:00+00:00,0.2117,0.2137,0.2097,0.2133,7658017.94
2025-09-25 13:00:00+00:00,0.2133,0.2148,0.2114,0.2128,6229575.65
2025-09-25 14:00:00+00:00,0.2128,0.2192,0.2128,0.2155,7613194.99
2025-09-25 15:00:00+00:00,0.2155,0.2158,0.214,0.215,2686399.27
2025-09-25 16:00:00+00:00,0.215,0.2153,0.2117,0.2118,3407549.56
2025-09-25 17:00:00+00:00,0.2118,0.2118,0.2054,0.2063,9979382.83
2025-09-25 18:00:00+00:00,0.2063,0.2111,0.2055,0.2111,5901293.72
2025-09-25 19:00:00+00:00,0.2111,0.2122,0.209,0.2093,2718291.88
2025-09-25 20:00:00+00:00,0.2093,0.2096,0.2073,0.2074,2333631.61
2025-09-25 21:00:00+00:00,0.2074,0.2096,0.2071,0.2091,2363501.75
2025-09-25 22:00:00+00:00,0.2091,0.2102,0.2076,0.2084,1706392.3
2025-09-25 23:00:00+00:00,0.2084,0.2095,0.206,0.2075,3291821.23
2025-09-26 00:00:00+00:00,0.2075,0.2112,0.2074,0.2107,2628919.36
2025-09-26 01:00:00+00:00,0.2107,0.2116,0.2098,0.2102,3300411.26
2025-09-26 02:00:00+00:00,0.2102,0.211,0.2089,0.2097,1837341.53
2025-09-26 03:00:00+00:00,0.2097,0.2101,0.2087,0.21,1476045.22
2025-09-26 04:00:00+00:00,0.21,0.2103,0.2084,0.2086,1744424.8
2025-09-26 05:00:00+00:00,0.2086,0.2102,0.2072,0.2074,2806165.29
2025-09-26 06:00:00+00:00,0.2074,0.2088,0.2062,0.2074,4382859.73
2025-09-26 07:00:00+00:00,0.2074,0.2084,0.2063,0.2075,2786463.11
2025-09-26 08:00:00+00:00,0.2075,0.209,0.2075,0.2086,1645217.53
2025-09-26 09:00:00+00:00,0.2086,0.2096,0.2071,0.208,1863579.23
2025-09-26 10:00:00+00:00,0.208,0.208,0.2056,0.2062,3149912.45
2025-09-26 11:00:00+00:00,0.2062,0.208,0.205,0.2074,2857968.32
2025-09-26 12:00:00+00:00,0.2074,0.2106,0.2057,0.2092,6870123.99
2025-09-26 13:00:00+00:00,0.2092,0.2109,0.2079,0.2105,6439953.27
2025-09-26 14:00:00+00:00,0.2105,0.2107,0.2077,0.2083,4305668.67
2025-09-26 15:00:00+00:00,0.2083,0.2103,0.2082,0.2096,2653032.8
2025-09-26 16:00:00+00:00,0.2096,0.2121,0.2094,0.212,2714920.38
2025-09-26 17:00:00+00:00,0.212,0.2151,0.2117,0.2147,3454229.09
2025-09-26 18:00:00+00:00,0.2147,0.2164,0.2146,0.2157,2731300.47
2025-09-26 19:00:00+00:00,0.2157,0.2158,0.2131,0.2141,3437308.86
2025-09-26 20:00:00+00:00,0.2141,0.2146,0.2134,0.2138,1459974.53
2025-09-26 21:00:00+00:00,0.2138,0.2148,0.2134,0.2147,1240067.89
2025-09-26 22:00:00+00:00,0.2147,0.215,0.2139,0.2139,834529.04
2025-09-26 23:00:00+00:00,0.2139,0.2147,0.2135,0.2144,702559.19
2025-09-27 00:00:00+00:00,0.2144,0.2144,0.2134,0.2137,813628.9
2025-09-27 01:00:00+00:00,0.2137,0.2138,0.2124,0.2128,1027667.78
2025-09-27 02:00:00+00:00,0.2128,0.2132,0.2122,0.213,1393669.7
2025-09-27 03:00:00+00:00,0.213,0.2138,0.213,0.2134,935561.17
2025-09-27 04:00:00+00:00,0.2134,0.2139,0.2131,0.2136,891048.73
2025-09-27 05:00:00+00:00,0.2136,0.2142,0.2128,0.214,593521.43
2025-09-27 06:00:00+00:00,0.214,0.214,0.2129,0.2134,565761.12
2025-09-27 07:00:00+00:00,0.2134,0.2138,0.2125,0.2128,606112.33
2025-09-27 08:00:00+00:00,0.2128,0.2136,0.2121,0.2128,1148671.54
2025-09-27 09:00:00+00:00,0.2128,0.2143,0.2116,0.2142,1412966.9
2025-09-27 10:00:00+00:00,0.2142,0.2152,0.2125,0.2133,2909668.36
2025-09-27 11:00:00+00:00,0.2133,0.2135,0.2128,0.2133,714349.06
2025-09-27 12:00:00+00:00,0.2133,0.2144,0.2127,0.2138,1205079.84
2025-09-27 13:00:00+00:00,0.2138,0.2138,0.2132,0.2132,946319.44
2025-09-27 14:00:00+00:00,0.2132,0.2136,0.213,0.2134,1358956.17
2025-09-27 15:00:00+00:00,0.2134,0.2135,0.2122,0.2134,1206388.69
2025-09-27 16:00:00+00:00,0.2134,0.2135,0.2124,0.2126,817902.51
2025-09-27 17:00:00+00:00,0.2126,0.2127,0.2114,0.2126,1368664.17
2025-09-27 18:00:00+00:00,0.2126,0.2128,0.2118,0.2124,579616.45
2025-09-27 19:00:00+00:00,0.2124,0.2128,0.212,0.2125,590638.98
2025-09-27 20:00:00+00:00,0.2125,0.213,0.2122,0.2124,824868.9
2025-09-27 21:00:00+00:00,0.2124,0.2133,0.2122,0.2132,643379.93
2025-09-27 22:00:00+00:00,0.2132,0.2144,0.2131,0.2133,743224.92
2025-09-27 23:00:00+00:00,0.2133,0.2137,0.2126,0.2127,1311877.1
2025-09-28 00:00:00+00:00,0.2127,0.2129,0.2116,0.2117,1415753.61
2025-09-28 01:00:00+00:00,0.2117,0.2118,0.2105,0.2109,1749854.63
2025-09-28 02:00:00+00:00,0.2109,0.2116,0.2107,0.2112,1109512.04
2025-09-28 03:00:00+00:00,0.2112,0.2115,0.2107,0.2111,802334.93
2025-09-28 04:00:00+00:00,0.2111,0.2114,0.2107,0.2112,856204.3
2025-09-28 05:00:00+00:00,0.2112,0.2116,0.2107,0.211,736867.09
2025-09-28 06:00:00+00:00,0.211,0.2111,0.2099,0.2105,955967.77
2025-09-28 07:00:00+00:00,0.2105,0.2111,0.2099,0.2108,700293.29
2025-09-28 08:00:00+00:00,0.2108,0.2111,0.2097,0.2097,1169594.66
2025-09-28 09:00:00+00:00,0.2097,0.2098,0.2089,0.2092,1368663.95
2025-09-28 10:00:00+00:00,0.2092,0.2092,0.2084,0.2092,817055.94
2025-09-28 11:00:00+00:00,0.2092,0.2092,0.2081,0.2086,848643.84
2025-09-28 12:00:00+00:00,0.2086,0.2086,0.2075,0.2079,1060563.5
2025-09-28 13:00:00+00:00,0.2079,0.2107,0.2078,0.2104,1244680.12
2025-09-28 14:00:00+00:00,0.2104,0.211,0.2098,0.2106,1421590.59
2025-09-28 15:00:00+00:00,0.2106,0.2113,0.2104,0.2113,1407759.56
2025-09-28 16:00:00+00:00,0.2113,0.213,0.2113,0.2125,1305099.38
2025-09-28 17:00:00+00:00,0.2125,0.2144,0.2124,0.2137,2218452.08
2025-09-28 18:00:00+00:00,0.2137,0.2139,0.213,0.2135,754399.37
2025-09-28 19:00:00+00:00,0.2135,0.2136,0.2127,0.213,607493.54
2025-09-28 20:00:00+00:00,0.213,0.2147,0.2127,0.2138,1356031.39
2025-09-28 21:00:00+00:00,0.2138,0.2146,0.2133,0.2137,805154.83
2025-09-28 22:00:00+00:00,0.2137,0.217,0.2137,0.2166,3751908.34
2025-09-28 23:00:00+00:00,0.2166,0.2168,0.2159,0.2161,1185087.86
2025-09-29 00:00:00+00:00,0.2161,0.2165,0.2154,0.216,1053893.22
2025-09-29 01:00:00+00:00,0.216,0.2162,0.2152,0.2153,1023238.31
2025-09-29 02:00:00+00:00,0.2153,0.2167,0.2149,0.2163,1420183.53
2025-09-29 03:00:00+00:00,0.2163,0.2165,0.2155,0.2162,847336.19
2025-09-29 04:00:00+00:00,0.2162,0.2162,0.2149,0.2151,791414.4
2025-09-29 05:00:00+00:00,0.2151,0.2153,0.214,0.2152,991612.93
2025-09-29 06:00:00+00:00,0.2152,0.2154,0.2142,0.2142,1059371.03
2025-09-29 07:00:00+00:00,0.2142,0.216,0.2138,0.2152,1138015.15
2025-09-29 08:00:00+00:00,0.2152,0.2164,0.2148,0.216,1810223.8
2025-09-29 09:00:00+00:00,0.216,0.2163,0.2144,0.2147,1359933.85
2025-09-29 10:00:00+00:00,0.2147,0.2149,0.2134,0.2135,1357392.23
2025-09-29 11:00:00+00:00,0.2135,0.2142,0.2124,0.2141,1403739.47
2025-09-29 12:00:00+00:00,0.2141,0.215,0.2127,0.2128,1841162.16
2025-09-29 13:00:00+00:00,0.2128,0.2159,0.212,0.215,4227636.75
2025-09-29 14:00:00+00:00,0.215,0.2193,0.2148,0.2193,6443002.07
2025-09-29 15:00:00+00:00,0.2193,0.22,0.2168,0.2171,3584113.26
2025-09-29 16:00:00+00:00,0.2171,0.218,0.2146,0.2147,2857000.54
2025-09-29 17:00:00+00:00,0.2147,0.216,0.214,0.2158,2189597.81
2025-09-29 18:00:00+00:00,0.2158,0.2158,0.2146,0.2148,2379879.73
2025-09-29 19:00:00+00:00,0.2148,0.217,0.2147,0.2168,3973883.1
2025-09-29 20:00:00+00:00,0.2168,0.2187,0.2166,0.2185,2386949.96
2025-09-29 21:00:00+00:00,0.2185,0.2191,0.2179,0.2184,1431539.05
2025-09-29 22:00:00+00:00,0.2184,0.2186,0.217,0.2173,1337956.61
2025-09-29 23:00:00+00:00,0.2173,0.2177,0.2167,0.2168,1516269.07
2025-09-30 00:00:00+00:00,0.2168,0.2178,0.216,0.2162,3785346.22
2025-09-30 01:00:00+00:00,0.2162,0.2172,0.2147,0.2156,3049993.6
2025-09-30 02:00:00+00:00,0.2156,0.2161,0.215,0.2151,1378132.25
2025-09-30 03:00:00+00:00,0.2151,0.2161,0.2148,0.2152,1961229.36
2025-09-30 04:00:00+00:00,0.2152,0.2164,0.2151,0.2154,1143082.39
2025-09-30 05:00:00+00:00,0.2154,0.2159,0.2147,0.2157,1352401.71
2025-09-30 06:00:00+00:00,0.2157,0.2161,0.215,0.2151,1734646.81
2025-09-30 07:00:00+00:00,0.2151,0.2157,0.2135,0.2138,2225235.85
2025-09-30 08:00:00+00:00,0.2138,0.2139,0.2126,0.2126,1925044.42
2025-09-30 09:00:00+00:00,0.2126,0.2132,0.2118,0.2122,1884469.58
2025-09-30 10:00:00+00:00,0.2122,0.2132,0.212,0.2128,1231480.86
2025-09-30 11:00:00+00:00,0.2128,0.2141,0.2125,0.2139,1357128.05
2025-09-30 12:00:00+00:00,0.2139,0.2144,0.2133,0.2133,1071219.62
2025-09-30 13:00:00+00:00,0.2133,0.2144,0.2127,0.2134,3115089.02
2025-09-30 14:00:00+00:00,0.2134,0.2137,0.2119,0.2132,3648893.96
2025-09-30 15:00:00+00:00,0.2132,0.2132,0.2102,0.2113,3805081.74
2025-09-30 16:00:00+00:00,0.2113,0.2115,0.2101,0.211,2328861.23
2025-09-30 17:00:00+00:00,0.211,0.2116,0.209,0.2094,6796521.16
2025-09-30 18:00:00+00:00,0.2094,0.2119,0.2091,0.2117,1787364.06
2025-09-30 19:00:00+00:00,0.2117,0.2152,0.2115,0.215,4321613.19
2025-09-30 20:00:00+00:00,0.215,0.2165,0.2146,0.2165,2800106.68
2025-09-30 21:00:00+00:00,0.2165,0.2177,0.2157,0.2157,3672266.8
2025-09-30 22:00:00+00:00,0.2157,0.2173,0.2143,0.2146,3020315.43
2025-09-30 23:00:00+00:00,0.2146,0.2151,0.2139,0.215,1392718.6
2025-10-01 00:00:00+00:00,0.215,0.2159,0.2134,0.2144,2334591.81
2025-10-01 01:00:00+00:00,0.2144,0.2159,0.2138,0.2159,1640298.88
2025-10-01 02:00:00+00:00,0.2159,0.2159,0.2139,0.214,1190967.76
2025-10-01 03:00:00+00:00,0.214,0.2142,0.2103,0.2106,2782119.31
2025-10-01 04:00:00+00:00,0.2106,0.2135,0.2104,0.2125,2266263.43
2025-10-01 05:00:00+00:00,0.2125,0.214,0.2123,0.213,2101684.61
2025-10-01 06:00:00+00:00,0.213,0.2135,0.2109,0.211,1959537.94
2025-10-01 07:00:00+00:00,0.211,0.2125,0.211,0.2116,2875102.97
2025-10-01 08:00:00+00:00,0.2116,0.2212,0.2115,0.221,9387189.63
2025-10-01 09:00:00+00:00,0.221,0.2227,0.2208,0.2222,4757630.93
2025-10-01 10:00:00+00:00,0.2222,0.2223,0.219,0.2198,2589551.61
2025-10-01 11:00:00+00:00,0.2198,0.221,0.2198,0.2209,2192755.84
2025-10-01 12:00:00+00:00,0.2209,0.2211,0.2192,0.2192,2201458.61
2025-10-01 13:00:00+00:00,0.2192,0.2212,0.2192,0.2206,2382133.4
2025-10-01 14:00:00+00:00,0.2206,0.223,0.2202,0.2225,2985920.92
2025-10-01 15:00:00+00:00,0.2225,0.2228,0.2213,0.2225,2440499.72
2025-10-01 16:00:00+00:00,0.2225,0.2242,0.2217,0.2221,3594344.53
2025-10-01 17:00:00+00:00,0.2221,0.2225,0.2211,0.2213,3797412.95
2025-10-01 18:00:00+00:00,0.2213,0.2236,0.2212,0.2229,1654479.08
2025-10-01 19:00:00+00:00,0.2229,0.2241,0.2227,0.2235,2056876.24
2025-10-01 20:00:00+00:00,0.2235,0.2237,0.2224,0.2226,2567316.11
2025-10-01 21:00:00+00:00,0.2226,0.2227,0.2217,0.2218,1485802.47
2025-10-01 22:00:00+00:00,0.2218,0.2231,0.2215,0.2222,2397100.14
2025-10-01 23:00:00+00:00,0.2222,0.2244,0.2217,0.2243,1888185.09
2025-10-02 00:00:00+00:00,0.2243,0.2254,0.2237,0.2239,2738017.14
2025-10-02 01:00:00+00:00,0.2239,0.227,0.2233,0.2269,1752727.21
2025-10-02 02:00:00+00:00,0.2269,0.2279,0.2258,0.2276,1837182.5
2025-10-02 03:00:00+00:00,0.2276,0.2282,0.2266,0.2273,3076460.94
2025-10-02 04:00:00+00:00,0.2273,0.2279,0.2254,0.2265,2078052.96
2025-10-02 05:00:00+00:00,0.2265,0.2275,0.2257,0.2264,2875435.37
2025-10-02 06:00:00+00:00,0.2264,0.2285,0.2264,0.2276,2682549.04
2025-10-02 07:00:00+00:00,0.2276,0.2283,0.2264,0.2265,1560909.03
2025-10-02 08:00:00+00:00,0.2265,0.2275,0.2263,0.2274,1277429.52
2025-10-02 09:00:00+00:00,0.2274,0.2274,0.2264,0.2268,1066443.8
2025-10-02 10:00:00+00:00,0.2268,0.2279,0.2258,0.2277,1403117.4
2025-10-02 11:00:00+00:00,0.2277,0.2282,0.2268,0.2269,1480075.34
2025-10-02 12:00:00+00:00,0.2269,0.2278,0.2267,0.2277,1645888.25
2025-10-02 13:00:00+00:00,0.2277,0.228,0.2251,0.2264,3664306.38
2025-10-02 14:00:00+00:00,0.2264,0.2266,0.2222,0.2226,4463907.45
2025-10-02 15:00:00+00:00,0.2226,0.2259,0.2215,0.2258,3828972.06
2025-10-02 16:00:00+00:00,0.2258,0.2275,0.2255,0.2272,5284621.78
2025-10-02 17:00:00+00:00,0.2272,0.228,0.2264,0.2274,2370243.08
2025-10-02 18:00:00+00:00,0.2274,0.2291,0.2274,0.2289,2088725.39
2025-10-02 19:00:00+00:00,0.2289,0.2303,0.2285,0.2295,2836184.35
2025-10-02 20:00:00+00:00,0.2295,0.2297,0.2276,0.2288,2236905.6
2025-10-02 21:00:00+00:00,0.2288,0.2296,0.2279,0.2281,1576484.3
2025-10-02 22:00:00+00:00,0.2281,0.2287,0.2263,0.2269,3232973.67
2025-10-02 23:00:00+00:00,0.2269,0.2276,0.2266,0.2275,1428470.71
2025-10-03 00:00:00+00:00,0.2275,0.2275,0.2248,0.2249,2414378.88
2025-10-03 01:00:00+00:00,0.2249,0.2254,0.2238,0.224,2625024.82
2025-10-03 02:00:00+00:00,0.224,0.2253,0.2238,0.225,2719501.22
2025-10-03 03:00:00+00:00,0.225,0.2268,0.2243,0.2246,2789736.51
2025-10-03 04:00:00+00:00,0.2246,0.2263,0.2245,0.2258,1878762.17
2025-10-03 05:00:00+00:00,0.2258,0.2261,0.2246,0.2252,1304826.77
2025-10-03 06:00:00+00:00,0.2252,0.2254,0.2234,0.224,1773315.94
2025-10-03 07:00:00+00:00,0.224,0.2241,0.2232,0.2238,1378624.37
2025-10-03 08:00:00+00:00,0.2238,0.2248,0.2226,0.2247,1706455.18
2025-10-03 09:00:00+00:00,0.2247,0.225,0.224,0.2249,1318490.85
2025-10-03 10:00:00+00:00,0.2249,0.225,0.2242,0.2243,1058252.89
2025-10-03 11:00:00+00:00,0.2243,0.2243,0.2228,0.2231,1201475.85
2025-10-03 12:00:00+00:00,0.2231,0.2231,0.2223,0.2226,1584475.21
2025-10-03 13:00:00+00:00,0.2226,0.2238,0.2216,0.2224,2923115.17
2025-10-03 14:00:00+00:00,0.2224,0.2224,0.2202,0.2213,6431930.08
2025-10-03 15:00:00+00:00,0.2213,0.226,0.2206,0.2258,3688956.65
2025-10-03 16:00:00+00:00,0.2258,0.2299,0.2258,0.2263,6781440.51
2025-10-03 17:00:00+00:00,0.2263,0.227,0.2231,0.2237,8537275.73
2025-10-03 18:00:00+00:00,0.2237,0.2262,0.2227,0.2261,3463826.28
2025-10-03 19:00:00+00:00,0.2261,0.2267,0.225,0.225,2944780.11
2025-10-03 20:00:00+00:00,0.225,0.2256,0.224,0.2253,1669733.29
2025-10-03 21:00:00+00:00,0.2253,0.2256,0.2246,0.2248,1078681.29
2025-10-03 22:00:00+00:00,0.2248,0.2262,0.2248,0.2255,1199024.77
2025-10-03 23:00:00+00:00,0.2255,0.2259,0.2248,0.2254,983393.47
2025-10-04 00:00:00+00:00,0.2254,0.2262,0.2247,0.2251,1841022.1
2025-10-04 01:00:00+00:00,0.2251,0.2252,0.2226,0.2229,1760202.71
2025-10-04 02:00:00+00:00,0.2229,0.2236,0.222,0.2227,1569543.65
2025-10-04 03:00:00+00:00,0.2227,0.2232,0.2217,0.223,1081112.46
2025-10-04 04:00:00+00:00,0.223,0.2239,0.2229,0.2236,1073041.5
2025-10-04 05:00:00+00:00,0.2236,0.2243,0.2228,0.2238,1264938.21
2025-10-04 06:00:00+00:00,0.2238,0.2254,0.2237,0.2253,1349060.54
2025-10-04 07:00:00+00:00,0.2253,0.2253,0.2236,0.224,1035388.91
2025-10-04 08:00:00+00:00,0.224,0.224,0.2209,0.2216,3590135.86
2025-10-04 09:00:00+00:00,0.2216,0.2221,0.2206,0.2207,2096029.35
2025-10-04 10:00:00+00:00,0.2207,0.2213,0.2189,0.2192,2575415.01
2025-10-04 11:00:00+00:00,0.2192,0.2199,0.2187,0.2195,1879331.02
2025-10-04 12:00:00+00:00,0.2195,0.2197,0.2187,0.219,2447678.62
2025-10-04 13:00:00+00:00,0.219,0.2207,0.2189,0.2197,1549014.07
2025-10-04 14:00:00+00:00,0.2197,0.2206,0.2174,0.2174,2643240.35
2025-10-04 15:00:00+00:00,0.2174,0.218,0.215,0.2155,6717110.46
2025-10-04 16:00:00+00:00,0.2155,0.2165,0.215,0.2159,2145781.94
2025-10-04 17:00:00+00:00,0.2159,0.2167,0.2152,0.216,954367.27
2025-10-04 18:00:00+00:00,0.216,0.2162,0.2155,0.2158,684551.55
2025-10-04 19:00:00+00:00,0.2158,0.2164,0.2157,0.2162,673827.2
2025-10-04 20:00:00+00:00,0.2162,0.2169,0.216,0.2161,991021.38
2025-10-04 21:00:00+00:00,0.2161,0.2175,0.216,0.217,927112.62
2025-10-04 22:00:00+00:00,0.217,0.2177,0.2168,0.2169,1226122.46
2025-10-04 23:00:00+00:00,0.2169,0.2174,0.2165,0.2171,572468.25
2025-10-05 00:00:00+00:00,0.2171,0.2181,0.2161,0.2162,1688163.67
2025-10-05 01:00:00+00:00,0.2162,0.2174,0.2162,0.2172,1043851.15
2025-10-05 02:00:00+00:00,0.2172,0.2214,0.2168,0.2213,4428872.72
2025-10-05 03:00:00+00:00,0.2213,0.2222,0.2198,0.2199,2812228.58
2025-10-05 04:00:00+00:00,0.2199,0.2227,0.2196,0.2217,5019343.84
2025-10-05 05:00:00+00:00,0.2217,0.2226,0.2213,0.2218,2805844.62
2025-10-05 06:00:00+00:00,0.2218,0.2227,0.2217,0.2224,1424875.91
2025-10-05 07:00:00+00:00,0.2224,0.2255,0.2224,0.2253,2676183.57
2025-10-05 08:00:00+00:00,0.2253,0.2267,0.2242,0.2251,3446768.47
2025-10-05 09:00:00+00:00,0.2251,0.2252,0.2228,0.223,4236087.39
2025-10-05 10:00:00+00:00,0.223,0.2233,0.221,0.2219,2165298.93
2025-10-05 11:00:00+00:00,0.2219,0.222,0.2199,0.2211,3433521.77
2025-10-05 12:00:00+00:00,0.2211,0.2213,0.2199,0.22,1646645.35
2025-10-05 13:00:00+00:00,0.22,0.2213,0.2199,0.2208,1379096.44
2025-10-05 14:00:00+00:00,0.2208,0.2219,0.2194,0.22,2685824.69
2025-10-05 15:00:00+00:00,0.22,0.2206,0.2194,0.2204,1227300.78
2025-10-05 16:00:00+00:00,0.2204,0.2206,0.2181,0.2199,2173770.97
2025-10-05 17:00:00+00:00,0.2199,0.2202,0.2164,0.2165,3594852.95
2025-10-05 18:00:00+00:00,0.2165,0.2175,0.2161,0.2169,1865105.35
2025-10-05 19:00:00+00:00,0.2169,0.2169,0.2144,0.2146,2712915.26
2025-10-05 20:00:00+00:00,0.2146,0.2163,0.2143,0.2158,1990249.09
2025-10-05 21:00:00+00:00,0.2158,0.2162,0.2151,0.2161,1403222.19
2025-10-05 22:00:00+00:00,0.2161,0.2169,0.2152,0.2167,1754028.18
2025-10-05 23:00:00+00:00,0.2167,0.2173,0.2162,0.2164,1200315.91
2025-10-06 00:00:00+00:00,0.2164,0.2181,0.2152,0.2159,2387776.65
2025-10-06 01:00:00+00:00,0.2159,0.2184,0.2154,0.2172,1797765.8
2025-10-06 02:00:00+00:00,0.2172,0.2184,0.2159,0.2176,1631467.94
2025-10-06 03:00:00+00:00,0.2176,0.2184,0.2173,0.218,1168338.01
2025-10-06 04:00:00+00:00,0.218,0.2185,0.2172,0.2173,855446.77
2025-10-06 05:00:00+00:00,0.2173,0.2182,0.2167,0.2181,1051440.64
2025-10-06 06:00:00+00:00,0.2181,0.2205,0.218,0.2199,1583020.08
2025-10-06 07:00:00+00:00,0.2199,0.2208,0.2181,0.2195,2100208.96
2025-10-06 08:00:00+00:00,0.2195,0.2217,0.2195,0.2215,2093217.53
2025-10-06 09:00:00+00:00,0.2215,0.2224,0.2211,0.2212,1701290.55
2025-10-06 10:00:00+00:00,0.2212,0.2216,0.2204,0.221,1698465.48
2025-10-06 11:00:00+00:00,0.221,0.2233,0.2204,0.2228,2293354.59
2025-10-06 12:00:00+00:00,0.2228,0.2245,0.2228,0.2241,2755612.05
2025-10-06 13:00:00+00:00,0.2241,0.2259,0.2238,0.2258,4060781.22
2025-10-06 14:00:00+00:00,0.2258,0.2336,0.2251,0.229,18387264.89
2025-10-06 15:00:00+00:00,0.229,0.2314,0.2276,0.2307,8768500.75
2025-10-06 16:00:00+00:00,0.2307,0.2311,0.2277,0.2291,7571882.23
2025-10-06 17:00:00+00:00,0.2291,0.2309,0.2287,0.2297,5133739.63
2025-10-06 18:00:00+00:00,0.2297,0.231,0.2286,0.2305,6894849.63
2025-10-06 19:00:00+00:00,0.2305,0.231,0.2297,0.2302,2790942.67
2025-10-06 20:00:00+00:00,0.2302,0.2315,0.2297,0.2302,3091444.38
2025-10-06 21:00:00+00:00,0.2302,0.2323,0.2298,0.2323,3173166.74
2025-10-06 22:00:00+00:00,0.2323,0.233,0.2313,0.2319,4475209.04
2025-10-06 23:00:00+00:00,0.2319,0.2321,0.23,0.2301,3261652.69
2025-10-07 00:00:00+00:00,0.2301,0.231,0.2288,0.2295,4231606.09
2025-10-07 01:00:00+00:00,0.2295,0.2308,0.2288,0.2296,2915892.93
2025-10-07 02:00:00+00:00,0.2296,0.2303,0.2284,0.2289,1984041.0
2025-10-07 03:00:00+00:00,0.2289,0.2292,0.2278,0.2285,1837624.92
2025-10-07 04:00:00+00:00,0.2285,0.2301,0.2266,0.2293,3211750.61
2025-10-07 05:00:00+00:00,0.2293,0.23,0.2286,0.2289,1606027.63
2025-10-07 06:00:00+00:00,0.2289,0.2294,0.2259,0.226,2516623.92
2025-10-07 07:00:00+00:00,0.226,0.2272,0.2251,0.2255,2270962.39
2025-10-07 08:00:00+00:00,0.2255,0.2257,0.2234,0.2251,2442810.09
2025-10-07 09:00:00+00:00,0.2251,0.2261,0.2242,0.2247,1809037.93
2025-10-07 10:00:00+00:00,0.2247,0.2256,0.2242,0.2253,1493041.84
2025-10-07 11:00:00+00:00,0.2253,0.2262,0.2245,0.2256,1993768.0
2025-10-07 12:00:00+00:00,0.2256,0.2277,0.2247,0.2276,2490988.18
2025-10-07 13:00:00+00:00,0.2276,0.2282,0.2238,0.2251,6374927.34
2025-10-07 14:00:00+00:00,0.2251,0.2254,0.2199,0.22,7241313.59
2025-10-07 15:00:00+00:00,0.22,0.2201,0.2166,0.2173,9871170.73
2025-10-07 16:00:00+00:00,0.2173,0.2201,0.2162,0.219,4741257.09
2025-10-07 17:00:00+00:00,0.219,0.2198,0.2184,0.2184,2529014.09
2025-10-07 18:00:00+00:00,0.2184,0.2191,0.217,0.217,2518012.32
2025-10-07 19:00:00+00:00,0.217,0.2188,0.2168,0.2175,2589385.63
2025-10-07 20:00:00+00:00,0.2175,0.2208,0.2175,0.2198,3201203.26
2025-10-07 21:00:00+00:00,0.2198,0.2216,0.2194,0.2196,4533040.13
2025-10-07 22:00:00+00:00,0.2196,0.2209,0.2189,0.2194,1862137.14
2025-10-07 23:00:00+00:00,0.2194,0.2195,0.2177,0.2182,1975515.5
2025-10-08 00:00:00+00:00,0.2182,0.2209,0.2181,0.2205,1896315.61
2025-10-08 01:00:00+00:00,0.2205,0.2214,0.22,0.2205,1596970.56
2025-10-08 02:00:00+00:00,0.2205,0.2215,0.2198,0.2201,1631481.86
2025-10-08 03:00:00+00:00,0.2201,0.2201,0.2167,0.2172,2621626.53
2025-10-08 04:00:00+00:00,0.2172,0.2186,0.216,0.2182,2811430.63
2025-10-08 05:00:00+00:00,0.2182,0.2182,0.2153,0.2163,2558573.44
2025-10-08 06:00:00+00:00,0.2163,0.2167,0.2153,0.216,2809714.49
2025-10-08 07:00:00+00:00,0.216,0.2172,0.2155,0.2171,2429300.51
2025-10-08 08:00:00+00:00,0.2171,0.2188,0.2169,0.2181,2408470.21
2025-10-08 09:00:00+00:00,0.2181,0.2183,0.217,0.2183,1706469.31
2025-10-08 10:00:00+00:00,0.2183,0.2191,0.2181,0.2188,1694094.88
2025-10-08 11:00:00+00:00,0.2188,0.2192,0.2173,0.2176,1553535.14
2025-10-08 12:00:00+00:00,0.2176,0.2182,0.217,0.2179,1580356.68
2025-10-08 13:00:00+00:00,0.2179,0.2186,0.2156,0.2179,2850953.44
2025-10-08 14:00:00+00:00,0.2179,0.22,0.2163,0.2165,4526432.35
2025-10-08 15:00:00+00:00,0.2165,0.2184,0.2165,0.217,1946207.06
2025-10-08 16:00:00+00:00,0.217,0.2192,0.2166,0.2192,2708981.7
2025-10-08 17:00:00+00:00,0.2192,0.2223,0.2192,0.2214,4412853.74
2025-10-08 18:00:00+00:00,0.2214,0.2219,0.2199,0.2206,4773192.25
2025-10-08 19:00:00+00:00,0.2206,0.2208,0.2195,0.2202,2105595.81
2025-10-08 20:00:00+00:00,0.2202,0.2208,0.2191,0.2192,2039958.2
2025-10-08 21:00:00+00:00,0.2192,0.2202,0.2191,0.2198,2317392.49
2025-10-08 22:00:00+00:00,0.2198,0.2208,0.2194,0.2195,1142707.77
2025-10-08 23:00:00+00:00,0.2195,0.2202,0.2186,0.2197,1951409.48
2025-10-09 00:00:00+00:00,0.2197,0.22,0.2188,0.219,1258706.19
2025-10-09 01:00:00+00:00,0.219,0.219,0.2143,0.2166,7022511.56
2025-10-09 02:00:00+00:00,0.2166,0.2166,0.2129,0.2132,4366137.86
2025-10-09 03:00:00+00:00,0.2132,0.2148,0.2132,0.2144,1944209.94
2025-10-09 04:00:00+00:00,0.2144,0.2152,0.2137,0.2151,2064689.23
2025-10-09 05:00:00+00:00,0.2151,0.2153,0.214,0.2145,1946532.53
2025-10-09 06:00:00+00:00,0.2145,0.2146,0.2133,0.2134,1616463.64
2025-10-09 07:00:00+00:00,0.2134,0.2137,0.2121,0.2124,3478526.76
2025-10-09 08:00:00+00:00,0.2124,0.213,0.2099,0.2101,8473705.07
2025-10-09 09:00:00+00:00,0.2101,0.2123,0.2101,0.2118,5628883.44
2025-10-09 10:00:00+00:00,0.2118,0.2123,0.2105,0.2116,4495239.53
2025-10-09 11:00:00+00:00,0.2116,0.2134,0.2114,0.2129,4265954.3
2025-10-09 12:00:00+00:00,0.2129,0.2173,0.2127,0.2171,5211904.63
2025-10-09 13:00:00+00:00,0.2171,0.2173,0.2124,0.2126,7203576.63
2025-10-09 14:00:00+00:00,0.2126,0.2132,0.2101,0.2118,8947628.89
2025-10-09 15:00:00+00:00,0.2118,0.2135,0.2105,0.2111,5504637.39
2025-10-09 16:00:00+00:00,0.2111,0.2119,0.2088,0.2091,4886652.78
2025-10-09 17:00:00+00:00,0.2091,0.2119,0.209,0.2118,5121004.24
2025-10-09 18:00:00+00:00,0.2118,0.212,0.2103,0.2103,3068838.74
2025-10-09 19:00:00+00:00,0.2103,0.2122,0.2103,0.2112,1557316.12
2025-10-09 20:00:00+00:00,0.2112,0.2119,0.2104,0.2111,1138780.3
2025-10-09 21:00:00+00:00,0.2111,0.212,0.2109,0.2118,1110546.19
2025-10-09 22:00:00+00:00,0.2118,0.2144,0.2115,0.2139,2874182.35
2025-10-09 23:00:00+00:00,0.2139,0.2139,0.2126,0.213,1244978.95
2025-10-10 00:00:00+00:00,0.213,0.2136,0.2125,0.2133,2121769.57
2025-10-10 01:00:00+00:00,0.2133,0.2142,0.2129,0.2133,1889279.78
2025-10-10 02:00:00+00:00,0.2133,0.2133,0.2113,0.2115,2355284.16
2025-10-10 03:00:00+00:00,0.2115,0.2153,0.2108,0.214,3402183.03
2025-10-10 04:00:00+00:00,0.214,0.2153,0.2136,0.2142,2501452.91
2025-10-10 05:00:00+00:00,0.2142,0.2153,0.213,0.2153,2235105.16
2025-10-10 06:00:00+00:00,0.2153,0.216,0.2132,0.2139,2017831.99
2025-10-10 07:00:00+00:00,0.2139,0.2141,0.2124,0.2126,2003176.4
2025-10-10 08:00:00+00:00,0.2126,0.2148,0.2123,0.2148,2096040.14
2025-10-10 09:00:00+00:00,0.2148,0.2156,0.2138,0.2142,1998840.78
2025-10-10 10:00:00+00:00,0.2142,0.2152,0.2141,0.2149,1521732.68
2025-10-10 11:00:00+00:00,0.2149,0.2158,0.2143,0.2154,2531917.58
2025-10-10 12:00:00+00:00,0.2154,0.2162,0.2148,0.2162,2192780.52
2025-10-10 13:00:00+00:00,0.2162,0.2168,0.2151,0.216,4018149.36
2025-10-10 14:00:00+00:00,0.216,0.2169,0.2128,0.2129,5405915.93
2025-10-10 15:00:00+00:00,0.2129,0.2131,0.2049,0.2066,22877922.15
2025-10-10 16:00:00+00:00,0.2066,0.2082,0.2059,0.2062,7632700.61
2025-10-10 17:00:00+00:00,0.2062,0.2065,0.2044,0.2049,7009030.31
2025-10-10 18:00:00+00:00,0.2049,0.2058,0.2038,0.2039,4755856.98
2025-10-10 19:00:00+00:00,0.2039,0.2044,0.2009,0.2023,10199317.64
2025-10-10 20:00:00+00:00,0.2023,0.2044,0.1911,0.192,13511371.77
2025-10-10 21:00:00+00:00,0.192,0.1941,0.1103,0.1611,64938709.6
2025-10-10 22:00:00+00:00,0.1611,0.166,0.1491,0.1646,42361934.14
2025-10-10 23:00:00+00:00,0.1646,0.1729,0.161,0.1644,30188866.59
2025-10-11 00:00:00+00:00,0.1644,0.1696,0.1633,0.1668,22520113.41
2025-10-11 01:00:00+00:00,0.1668,0.1669,0.1609,0.1621,9083130.43
2025-10-11 02:00:00+00:00,0.1621,0.1713,0.162,0.17,7994184.52
2025-10-11 03:00:00+00:00,0.17,0.1707,0.1656,0.1678,7749874.6
2025-10-11 04:00:00+00:00,0.1678,0.1711,0.1673,0.1711,5013637.2
2025-10-11 05:00:00+00:00,0.1711,0.1714,0.167,0.1679,5503345.56
2025-10-11 06:00:00+00:00,0.1679,0.1705,0.1673,0.1688,4695497.58
2025-10-11 07:00:00+00:00,0.1688,0.1705,0.168,0.1695,5177540.89
2025-10-11 08:00:00+00:00,0.1695,0.1751,0.1688,0.1747,4678110.33
2025-10-11 09:00:00+00:00,0.1747,0.177,0.1745,0.1749,5491879.54
2025-10-11 10:00:00+00:00,0.1749,0.177,0.1741,0.1755,4403162.04
2025-10-11 11:00:00+00:00,0.1755,0.176,0.1738,0.1753,3711624.85
2025-10-11 12:00:00+00:00,0.1753,0.1753,0.1719,0.1729,3551842.57
2025-10-11 13:00:00+00:00,0.1729,0.173,0.1702,0.1725,4823750.94
2025-10-11 14:00:00+00:00,0.1725,0.1735,0.1712,0.1733,4340588.01
2025-10-11 15:00:00+00:00,0.1733,0.1755,0.1733,0.1748,4381437.69
2025-10-11 16:00:00+00:00,0.1748,0.176,0.1734,0.1741,3944962.28
2025-10-11 17:00:00+00:00,0.1741,0.1757,0.1741,0.175,3735269.3
2025-10-11 18:00:00+00:00,0.175,0.1751,0.173,0.173,2096227.4
2025-10-11 19:00:00+00:00,0.173,0.173,0.1657,0.1673,7826724.61
2025-10-11 20:00:00+00:00,0.1673,0.1677,0.1633,0.1642,6902587.85
2025-10-11 21:00:00+00:00,0.1642,0.1676,0.1618,0.1671,6509401.46
2025-10-11 22:00:00+00:00,0.1671,0.1692,0.167,0.169,3693271.46
2025-10-11 23:00:00+00:00,0.169,0.1693,0.1678,0.168,2425283.36
2025-10-12 00:00:00+00:00,0.168,0.1683,0.1651,0.1654,3032369.9
2025-10-12 01:00:00+00:00,0.1654,0.1673,0.165,0.1652,2714167.69
2025-10-12 02:00:00+00:00,0.1652,0.1673,0.1647,0.166,3916848.53
2025-10-12 03:00:00+00:00,0.166,0.1698,0.1656,0.1686,4523621.67
2025-10-12 04:00:00+00:00,0.1686,0.1709,0.1683,0.1702,3565590.38
2025-10-12 05:00:00+00:00,0.1702,0.1711,0.1692,0.1707,2614612.01
2025-10-12 06:00:00+00:00,0.1707,0.1722,0.1706,0.1718,2465317.48
2025-10-12 07:00:00+00:00,0.1718,0.1725,0.1703,0.1722,3918602.47
2025-10-12 08:00:00+00:00,0.1722,0.1729,0.1708,0.1709,3153719.92
2025-10-12 09:00:00+00:00,0.1709,0.1711,0.1693,0.171,3065118.46
2025-10-12 10:00:00+00:00,0.171,0.1719,0.1695,0.1696,3522197.16
2025-10-12 11:00:00+00:00,0.1696,0.171,0.1696,0.1705,4580102.59
2025-10-12 12:00:00+00:00,0.1705,0.1725,0.1704,0.1717,5077795.58
2025-10-12 13:00:00+00:00,0.1717,0.1719,0.1686,0.1691,4801807.98
2025-10-12 14:00:00+00:00,0.1691,0.1764,0.169,0.1746,11210517.44
2025-10-12 15:00:00+00:00,0.1746,0.1814,0.1744,0.1808,11372390.71
2025-10-12 16:00:00+00:00,0.1808,0.1865,0.1808,0.1853,12575478.46
2025-10-12 17:00:00+00:00,0.1853,0.1864,0.1838,0.1852,6707319.14
2025-10-12 18:00:00+00:00,0.1852,0.1863,0.1828,0.1838,5896438.53
2025-10-12 19:00:00+00:00,0.1838,0.1868,0.1837,0.1868,2820375.36
2025-10-12 20:00:00+00:00,0.1868,0.1883,0.1858,0.1864,3758596.64
2025-10-12 21:00:00+00:00,0.1864,0.1878,0.1828,0.185,5803583.63
2025-10-12 22:00:00+00:00,0.185,0.1864,0.1844,0.1849,4712209.69
2025-10-12 23:00:00+00:00,0.1849,0.1855,0.1836,0.1853,3969505.1
2025-10-13 00:00:00+00:00,0.1853,0.1863,0.1828,0.1835,5978633.41
2025-10-13 01:00:00+00:00,0.1835,0.1851,0.1825,0.1851,5361597.21
2025-10-13 02:00:00+00:00,0.1851,0.1856,0.1831,0.1847,3158894.34
2025-10-13 03:00:00+00:00,0.1847,0.1855,0.1832,0.1839,2465044.71
2025-10-13 04:00:00+00:00,0.1839,0.1855,0.1833,0.1853,2913399.13
2025-10-13 05:00:00+00:00,0.1853,0.1855,0.184,0.1841,2688834.93
2025-10-13 06:00:00+00:00,0.1841,0.1874,0.1831,0.1872,5122097.43
2025-10-13 07:00:00+00:00,0.1872,0.1897,0.1868,0.1871,6432288.11
2025-10-13 08:00:00+00:00,0.1871,0.1898,0.187,0.1893,6945286.64
2025-10-13 09:00:00+00:00,0.1893,0.1901,0.1876,0.19,4788935.54
2025-10-13 10:00:00+00:00,0.19,0.1904,0.1876,0.1888,6584245.88
2025-10-13 11:00:00+00:00,0.1888,0.1888,0.1834,0.1863,17127746.01
2025-10-13 12:00:00+00:00,0.1863,0.1889,0.185,0.1871,11102638.67
2025-10-13 13:00:00+00:00,0.1871,0.1908,0.1865,0.1902,17347779.76
2025-10-13 14:00:00+00:00,0.1902,0.1908,0.1853,0.186,23508293.8
2025-10-13 15:00:00+00:00,0.186,0.1891,0.186,0.188,9081540.74
2025-10-13 16:00:00+00:00,0.188,0.1894,0.1873,0.1888,10088866.89
2025-10-13 17:00:00+00:00,0.1888,0.1907,0.1874,0.1907,11937739.99
2025-10-13 18:00:00+00:00,0.1907,0.1916,0.1895,0.1904,10292304.95
2025-10-13 19:00:00+00:00,0.1904,0.1936,0.19,0.1934,12802884.72
2025-10-13 20:00:00+00:00,0.1934,0.1944,0.1924,0.1944,10585364.92
2025-10-13 21:00:00+00:00,0.1944,0.195,0.1933,0.1933,8144607.19
2025-10-13 22:00:00+00:00,0.1933,0.1946,0.1933,0.1946,5791429.55
2025-10-13 23:00:00+00:00,0.1946,0.1955,0.1938,0.1943,5242721.53
2025-10-14 00:00:00+00:00,0.1943,0.1951,0.1929,0.194,6866527.39
2025-10-14 01:00:00+00:00,0.194,0.1946,0.1929,0.1938,6503700.24
2025-10-14 02:00:00+00:00,0.1938,0.1938,0.1904,0.1907,7702493.54
2025-10-14 03:00:00+00:00,0.1907,0.1907,0.1884,0.1895,6196151.38
2025-10-14 04:00:00+00:00,0.1895,0.1901,0.1855,0.1868,6952639.57
2025-10-14 05:00:00+00:00,0.1868,0.1882,0.1837,0.1842,8174688.9
2025-10-14 06:00:00+00:00,0.1842,0.1853,0.1779,0.1804,14370231.72
2025-10-14 07:00:00+00:00,0.1804,0.1815,0.1788,0.1795,12174949.08
2025-10-14 08:00:00+00:00,0.1795,0.1822,0.1782,0.1809,10571469.95
2025-10-14 09:00:00+00:00,0.1809,0.1821,0.1803,0.1811,9504918.35
2025-10-14 10:00:00+00:00,0.1811,0.1811,0.1764,0.179,6485856.14
2025-10-14 11:00:00+00:00,0.179,0.1817,0.179,0.1804,4044731.09
2025-10-14 12:00:00+00:00,0.1804,0.1804,0.1777,0.1779,4221776.39
2025-10-14 13:00:00+00:00,0.1779,0.1802,0.1759,0.1791,8613758.16
2025-10-14 14:00:00+00:00,0.1791,0.1841,0.1784,0.1817,10568820.57
2025-10-14 15:00:00+00:00,0.1817,0.1861,0.1809,0.1857,7449414.64
2025-10-14 16:00:00+00:00,0.1857,0.1884,0.1845,0.1856,12473243.75
2025-10-14 17:00:00+00:00,0.1856,0.1876,0.1836,0.1859,8778604.93
2025-10-14 18:00:00+00:00,0.1859,0.188,0.1859,0.187,3882172.87
2025-10-14 19:00:00+00:00,0.187,0.1885,0.1842,0.1861,8664085.74
2025-10-14 20:00:00+00:00,0.1861,0.1867,0.1849,0.1864,3101800.14
2025-10-14 21:00:00+00:00,0.1864,0.1881,0.1849,0.1881,2200530.17
2025-10-14 22:00:00+00:00,0.1881,0.1901,0.188,0.189,3028016.68
2025-10-14 23:00:00+00:00,0.189,0.1905,0.1889,0.1902,1819220.83
2025-10-15 00:00:00+00:00,0.1902,0.1906,0.1886,0.1895,3400035.01
2025-10-15 01:00:00+00:00,0.1895,0.1898,0.1873,0.1882,2836272.53
2025-10-15 02:00:00+00:00,0.1882,0.1899,0.1878,0.1883,2693345.09
2025-10-15 03:00:00+00:00,0.1883,0.1886,0.1868,0.1875,2682623.41
2025-10-15 04:00:00+00:00,0.1875,0.1892,0.1868,0.1889,1605343.29
2025-10-15 05:00:00+00:00,0.1889,0.1893,0.1876,0.1883,1985742.46
2025-10-15 06:00:00+00:00,0.1883,0.1889,0.1864,0.1889,5662571.32
2025-10-15 07:00:00+00:00,0.1889,0.1898,0.1882,0.1897,1804237.65
2025-10-15 08:00:00+00:00,0.1897,0.1917,0.1894,0.19,5061032.08
2025-10-15 09:00:00+00:00,0.19,0.1904,0.188,0.1888,2856793.62
2025-10-15 10:00:00+00:00,0.1888,0.1897,0.1879,0.188,2185858.09
2025-10-15 11:00:00+00:00,0.188,0.1886,0.1866,0.1875,2771649.61
2025-10-15 12:00:00+00:00,0.1875,0.1877,0.1848,0.186,3921161.67
2025-10-15 13:00:00+00:00,0.186,0.186,0.182,0.1846,8561520.47
2025-10-15 14:00:00+00:00,0.1846,0.1869,0.183,0.1838,5954863.57
2025-10-15 15:00:00+00:00,0.1838,0.1849,0.1805,0.1813,6590213.69
2025-10-15 16:00:00+00:00,0.1813,0.1823,0.1798,0.1811,5528568.07
2025-10-15 17:00:00+00:00,0.1811,0.182,0.1796,0.1819,4354953.67
2025-10-15 18:00:00+00:00,0.1819,0.1825,0.1809,0.1824,2587709.5
2025-10-15 19:00:00+00:00,0.1824,0.1824,0.1796,0.1802,2359852.5
2025-10-15 20:00:00+00:00,0.1802,0.1809,0.1775,0.179,5086052.88
2025-10-15 21:00:00+00:00,0.179,0.1804,0.1776,0.1786,2795528.77
2025-10-15 22:00:00+00:00,0.1786,0.1799,0.1776,0.1781,2195611.89
2025-10-15 23:00:00+00:00,0.1781,0.1794,0.178,0.1789,1582419.89
2025-10-16 00:00:00+00:00,0.1789,0.1793,0.1778,0.1779,2407145.79
2025-10-16 01:00:00+00:00,0.1779,0.1806,0.1778,0.1801,2753599.81
2025-10-16 02:00:00+00:00,0.1801,0.1811,0.1791,0.1801,1972005.36
2025-10-16 03:00:00+00:00,0.1801,0.1803,0.1789,0.179,1457526.36
2025-10-16 04:00:00+00:00,0.179,0.1803,0.1783,0.1788,2781762.9
2025-10-16 05:00:00+00:00,0.1788,0.1799,0.1778,0.1788,2063691.73
2025-10-16 06:00:00+00:00,0.1788,0.1809,0.1786,0.1806,2764152.15
2025-10-16 07:00:00+00:00,0.1806,0.1807,0.1787,0.1795,2243064.98
2025-10-16 08:00:00+00:00,0.1795,0.1798,0.1783,0.179,1610560.88
2025-10-16 09:00:00+00:00,0.179,0.1813,0.1756,0.1806,9493211.13
2025-10-16 10:00:00+00:00,0.1806,0.183,0.1805,0.1821,3763254.69
2025-10-16 11:00:00+00:00,0.1821,0.183,0.1807,0.1829,3689997.01
2025-10-16 12:00:00+00:00,0.1829,0.1851,0.1829,0.1831,4235970.47
2025-10-16 13:00:00+00:00,0.1831,0.1835,0.1807,0.1811,3882588.94
2025-10-16 14:00:00+00:00,0.1811,0.1822,0.1784,0.1799,7217500.51
2025-10-16 15:00:00+00:00,0.1799,0.1805,0.1737,0.1743,8058037.92
2025-10-16 16:00:00+00:00,0.1743,0.1778,0.1727,0.1777,9125009.54
2025-10-16 17:00:00+00:00,0.1777,0.1777,0.1744,0.1745,5149367.3
2025-10-16 18:00:00+00:00,0.1745,0.1748,0.1723,0.1741,6032370.3
2025-10-16 19:00:00+00:00,0.1741,0.1744,0.1698,0.1712,6046914.55
2025-10-16 20:00:00+00:00,0.1712,0.172,0.1688,0.1692,5375601.74
2025-10-16 21:00:00+00:00,0.1692,0.1715,0.1688,0.1714,3118057.58
2025-10-16 22:00:00+00:00,0.1714,0.1717,0.1689,0.169,2720080.87
2025-10-16 23:00:00+00:00,0.169,0.171,0.1687,0.1708,3244975.47
2025-10-17 00:00:00+00:00,0.1708,0.1721,0.1704,0.1721,2478169.07
2025-10-17 01:00:00+00:00,0.1721,0.1736,0.1715,0.1721,2444789.27
2025-10-17 02:00:00+00:00,0.1721,0.1725,0.1706,0.1718,2162466.84
2025-10-17 03:00:00+00:00,0.1718,0.1723,0.1713,0.1723,1665977.33
2025-10-17 04:00:00+00:00,0.1723,0.1724,0.1709,0.1711,1547179.59
2025-10-17 05:00:00+00:00,0.1711,0.1714,0.1695,0.1698,3033614.25
2025-10-17 06:00:00+00:00,0.1698,0.1703,0.1642,0.1645,6456743.09
2025-10-17 07:00:00+00:00,0.1645,0.1648,0.159,0.1594,10765255.25
2025-10-17 08:00:00+00:00,0.1594,0.1607,0.1571,0.1581,8752720.21
2025-10-17 09:00:00+00:00,0.1581,0.1623,0.1577,0.1598,4772179.18
2025-10-17 10:00:00+00:00,0.1598,0.1606,0.1573,0.1597,6301624.36
2025-10-17 11:00:00+00:00,0.1597,0.1645,0.1595,0.1631,8545395.64
2025-10-17 12:00:00+00:00,0.1631,0.1641,0.1612,0.1614,4386365.35
2025-10-17 13:00:00+00:00,0.1614,0.1629,0.1595,0.1618,6773931.66
2025-10-17 14:00:00+00:00,0.1618,0.1624,0.1588,0.1591,7344146.9
2025-10-17 15:00:00+00:00,0.1591,0.1608,0.1556,0.1608,13075922.48
2025-10-17 16:00:00+00:00,0.1608,0.1631,0.1592,0.1598,7938466.34
2025-10-17 17:00:00+00:00,0.1598,0.1624,0.1598,0.162,3893119.04
2025-10-17 18:00:00+00:00,0.162,0.1638,0.1616,0.1622,3004515.12
2025-10-17 19:00:00+00:00,0.1622,0.1628,0.161,0.1623,2862035.04
2025-10-17 20:00:00+00:00,0.1623,0.1646,0.1619,0.1643,2471362.54
2025-10-17 21:00:00+00:00,0.1643,0.1655,0.1641,0.1652,2154901.05
2025-10-17 22:00:00+00:00,0.1652,0.1652,0.1636,0.1638,1653748.24
2025-10-17 23:00:00+00:00,0.1638,0.1638,0.1625,0.1626,1404412.76
2025-10-18 00:00:00+00:00,0.1626,0.1633,0.1623,0.1629,1732442.2
2025-10-18 01:00:00+00:00,0.1629,0.1651,0.1629,0.165,1331131.88
2025-10-18 02:00:00+00:00,0.165,0.1653,0.1637,0.164,2048784.16
2025-10-18 03:00:00+00:00,0.164,0.1653,0.164,0.1646,1154067.89
2025-10-18 04:00:00+00:00,0.1646,0.1646,0.1632,0.1633,1460729.12
2025-10-18 05:00:00+00:00,0.1633,0.1646,0.163,0.1646,1129532.56
2025-10-18 06:00:00+00:00,0.1646,0.1652,0.1638,0.1646,1014728.95
2025-10-18 07:00:00+00:00,0.1646,0.1666,0.1646,0.165,2869783.44
2025-10-18 08:00:00+00:00,0.165,0.1659,0.1649,0.1651,1335552.38
2025-10-18 09:00:00+00:00,0.1651,0.1667,0.1648,0.1665,1429429.68
2025-10-18 10:00:00+00:00,0.1665,0.1667,0.1654,0.166,1630415.45
2025-10-18 11:00:00+00:00,0.166,0.1669,0.1658,0.1666,1144184.65
2025-10-18 12:00:00+00:00,0.1666,0.1677,0.1657,0.1659,1600304.95
2025-10-18 13:00:00+00:00,0.1659,0.1659,0.1645,0.1647,1977992.6
2025-10-18 14:00:00+00:00,0.1647,0.1655,0.1637,0.1651,2660312.72
2025-10-18 15:00:00+00:00,0.1651,0.1656,0.1641,0.1648,1358941.12
2025-10-18 16:00:00+00:00,0.1648,0.165,0.1632,0.1641,2344203.57
2025-10-18 17:00:00+00:00,0.1641,0.1658,0.1636,0.1657,2284772.74
2025-10-18 18:00:00+00:00,0.1657,0.166,0.1649,0.1651,943800.52
2025-10-18 19:00:00+00:00,0.1651,0.1658,0.1648,0.1658,1140039.04
2025-10-18 20:00:00+00:00,0.1658,0.1668,0.1656,0.1659,1653799.33
2025-10-18 21:00:00+00:00,0.1659,0.1663,0.1652,0.1662,1742115.0
2025-10-18 22:00:00+00:00,0.1662,0.1663,0.1657,0.1658,1307569.56
2025-10-18 23:00:00+00:00,0.1658,0.1659,0.1655,0.1659,1087828.11
2025-10-19 00:00:00+00:00,0.1659,0.1662,0.1644,0.1649,1768895.5
2025-10-19 01:00:00+00:00,0.1649,0.1654,0.1644,0.1651,1756242.66
2025-10-19 02:00:00+00:00,0.1651,0.1655,0.1645,0.1647,1483016.38
2025-10-19 03:00:00+00:00,0.1647,0.1664,0.1645,0.166,1478294.48
2025-10-19 04:00:00+00:00,0.166,0.166,0.1648,0.1649,867170.11
2025-10-19 05:00:00+00:00,0.1649,0.1657,0.1644,0.1646,906233.14
2025-10-19 06:00:00+00:00,0.1646,0.1649,0.1636,0.1641,998904.39
2025-10-19 07:00:00+00:00,0.1641,0.1645,0.1639,0.1645,844999.36
2025-10-19 08:00:00+00:00,0.1645,0.166,0.1633,0.1633,4694101.27
2025-10-19 09:00:00+00:00,0.1633,0.167,0.1624,0.1658,5442748.52
2025-10-19 10:00:00+00:00,0.1658,0.1683,0.1652,0.1678,3437112.35
2025-10-19 11:00:00+00:00,0.1678,0.169,0.1671,0.1674,3357197.46
2025-10-19 12:00:00+00:00,0.1674,0.1678,0.1664,0.167,1849389.07
2025-10-19 13:00:00+00:00,0.167,0.1702,0.1668,0.1699,2434056.35
2025-10-19 14:00:00+00:00,0.1699,0.1723,0.1691,0.172,4662455.89
2025-10-19 15:00:00+00:00,0.172,0.1722,0.1706,0.1712,2331068.82
2025-10-19 16:00:00+00:00,0.1712,0.1723,0.1706,0.1713,2538218.41
2025-10-19 17:00:00+00:00,0.1713,0.1735,0.1712,0.1714,3745915.04
2025-10-19 18:00:00+00:00,0.1714,0.1723,0.1711,0.1722,1564006.54
2025-10-19 19:00:00+00:00,0.1722,0.1722,0.1712,0.1719,1317485.52
2025-10-19 20:00:00+00:00,0.1719,0.1725,0.1717,0.1724,1064825.18
2025-10-19 21:00:00+00:00,0.1724,0.1724,0.1706,0.1713,1426295.27
2025-10-19 22:00:00+00:00,0.1713,0.1723,0.1713,0.1717,1470131.12
2025-10-19 23:00:00+00:00,0.1717,0.1717,0.1702,0.1705,1326153.22
2025-10-20 00:00:00+00:00,0.1705,0.1705,0.1669,0.1689,2779626.38
2025-10-20 01:00:00+00:00,0.1689,0.1697,0.1684,0.1689,1589623.71
2025-10-20 02:00:00+00:00,0.1689,0.1705,0.1681,0.17,2013463.67
2025-10-20 03:00:00+00:00,0.17,0.1747,0.1697,0.1746,2572068.28
2025-10-20 04:00:00+00:00,0.1746,0.1762,0.1739,0.176,2742589.25
2025-10-20 05:00:00+00:00,0.176,0.1768,0.1748,0.1764,2384709.18
2025-10-20 06:00:00+00:00,0.1764,0.1787,0.1763,0.1782,2363278.39
2025-10-20 07:00:00+00:00,0.1782,0.1786,0.1769,0.1775,2039246.9
2025-10-20 08:00:00+00:00,0.1775,0.1784,0.1764,0.1774,2129950.07
2025-10-20 09:00:00+00:00,0.1774,0.1774,0.1762,0.1771,1730625.19
2025-10-20 10:00:00+00:00,0.1771,0.1801,0.1771,0.1788,3461657.52
2025-10-20 11:00:00+00:00,0.1788,0.1788,0.1772,0.178,2787150.43
2025-10-20 12:00:00+00:00,0.178,0.179,0.1774,0.1782,2661316.75
2025-10-20 13:00:00+00:00,0.1782,0.181,0.1776,0.1807,3370334.54
2025-10-20 14:00:00+00:00,0.1807,0.1809,0.1792,0.1802,3404036.67
2025-10-20 15:00:00+00:00,0.1802,0.1808,0.1771,0.1772,3676080.85
2025-10-20 16:00:00+00:00,0.1772,0.1772,0.1744,0.1753,6420977.36
2025-10-20 17:00:00+00:00,0.1753,0.1765,0.1741,0.175,2983591.13
2025-10-20 18:00:00+00:00,0.175,0.1767,0.1749,0.1766,1757349.74
2025-10-20 19:00:00+00:00,0.1766,0.178,0.1754,0.1774,2309914.66
2025-10-20 20:00:00+00:00,0.1774,0.1775,0.1766,0.1774,2065530.09
2025-10-20 21:00:00+00:00,0.1774,0.1782,0.1758,0.1762,1874550.68
2025-10-20 22:00:00+00:00,0.1762,0.1767,0.1758,0.1765,1453724.52
2025-10-20 23:00:00+00:00,0.1765,0.1767,0.1755,0.1755,1698516.41
2025-10-21 00:00:00+00:00,0.1755,0.1759,0.175,0.1751,1684164.35
2025-10-21 01:00:00+00:00,0.1751,0.1755,0.1737,0.1742,2200643.35
2025-10-21 02:00:00+00:00,0.1742,0.1742,0.1727,0.1728,1908849.07
2025-10-21 03:00:00+00:00,0.1728,0.1732,0.1718,0.1719,1676866.46
2025-10-21 04:00:00+00:00,0.1719,0.172,0.1686,0.169,3979244.29
2025-10-21 05:00:00+00:00,0.169,0.1704,0.1687,0.1696,2378153.35
2025-10-21 06:00:00+00:00,0.1696,0.1707,0.1693,0.1704,2112461.16
2025-10-21 07:00:00+00:00,0.1704,0.1712,0.1696,0.171,1128410.03
2025-10-21 08:00:00+00:00,0.171,0.171,0.1694,0.1703,1346570.08
2025-10-21 09:00:00+00:00,0.1703,0.1706,0.1698,0.1701,800827.07
2025-10-21 10:00:00+00:00,0.1701,0.1731,0.17,0.1726,2406510.86
2025-10-21 11:00:00+00:00,0.1726,0.1731,0.1722,0.1725,1591775.98
2025-10-21 12:00:00+00:00,0.1725,0.1745,0.1718,0.1726,2434138.29
2025-10-21 13:00:00+00:00,0.1726,0.1735,0.1713,0.1718,3325939.35
2025-10-21 14:00:00+00:00,0.1718,0.179,0.1718,0.1789,6607917.98
2025-10-21 15:00:00+00:00,0.1789,0.1819,0.1777,0.1802,7519204.39
2025-10-21 16:00:00+00:00,0.1802,0.1807,0.1768,0.1772,5411575.94
2025-10-21 17:00:00+00:00,0.1772,0.1791,0.1759,0.1782,5689287.68
2025-10-21 18:00:00+00:00,0.1782,0.1786,0.1767,0.1778,2070894.27
2025-10-21 19:00:00+00:00,0.1778,0.1782,0.177,0.177,1283164.98
2025-10-21 20:00:00+00:00,0.177,0.177,0.1751,0.1754,3121604.45
2025-10-21 21:00:00+00:00,0.1754,0.1761,0.1738,0.1755,2450707.5
2025-10-21 22:00:00+00:00,0.1755,0.1755,0.1721,0.1723,3763043.87
2025-10-21 23:00:00+00:00,0.1723,0.1725,0.1701,0.1704,2896135.57
2025-10-22 00:00:00+00:00,0.1704,0.1709,0.1693,0.1699,4169251.95
2025-10-22 01:00:00+00:00,0.1699,0.1715,0.1699,0.171,2387345.9
2025-10-22 02:00:00+00:00,0.171,0.1715,0.1708,0.1708,1154979.62
2025-10-22 03:00:00+00:00,0.1708,0.171,0.17,0.171,1016223.31
2025-10-22 04:00:00+00:00,0.171,0.1723,0.1709,0.1721,1204961.08
2025-10-22 05:00:00+00:00,0.1721,0.1722,0.1694,0.1706,2346478.86
2025-10-22 06:00:00+00:00,0.1706,0.1715,0.1702,0.1707,1755524.57
2025-10-22 07:00:00+00:00,0.1707,0.1711,0.1697,0.171,2058840.6
2025-10-22 08:00:00+00:00,0.171,0.171,0.17,0.1704,1100088.76
2025-10-22 09:00:00+00:00,0.1704,0.1707,0.1686,0.1688,2066998.52
2025-10-22 10:00:00+00:00,0.1688,0.1695,0.1681,0.1683,1702624.8
2025-10-22 11:00:00+00:00,0.1683,0.17,0.1671,0.1689,5339539.94
2025-10-22 12:00:00+00:00,0.1689,0.17,0.1683,0.1693,2018633.63
2025-10-22 13:00:00+00:00,0.1693,0.171,0.1684,0.1707,3704051.28
2025-10-22 14:00:00+00:00,0.1707,0.1707,0.1673,0.1699,6187214.99
2025-10-22 15:00:00+00:00,0.1699,0.1707,0.1678,0.1692,3560401.14
2025-10-22 16:00:00+00:00,0.1692,0.17,0.1679,0.1689,4032625.47
2025-10-22 17:00:00+00:00,0.1689,0.1692,0.1672,0.1676,2121046.13
2025-10-22 18:00:00+00:00,0.1676,0.1681,0.1666,0.1671,2352348.45
2025-10-22 19:00:00+00:00,0.1671,0.1687,0.1659,0.1671,3565900.44
2025-10-22 20:00:00+00:00,0.1671,0.1674,0.1648,0.165,3255661.76
2025-10-22 21:00:00+00:00,0.165,0.165,0.162,0.1627,6166037.75
2025-10-22 22:00:00+00:00,0.1627,0.1639,0.1626,0.1636,2747238.8
2025-10-22 23:00:00+00:00,0.1636,0.1663,0.1635,0.1661,2575882.6
2025-10-23 00:00:00+00:00,0.1661,0.1666,0.1655,0.1662,1500138.39
2025-10-23 01:00:00+00:00,0.1662,0.1671,0.1661,0.1663,1717773.4
2025-10-23 02:00:00+00:00,0.1663,0.167,0.166,0.1663,2467562.24
2025-10-23 03:00:00+00:00,0.1663,0.1669,0.1662,0.1663,913458.7
2025-10-23 04:00:00+00:00,0.1663,0.1672,0.166,0.1666,929442.63
2025-10-23 05:00:00+00:00,0.1666,0.1673,0.1665,0.1672,1187517.49
2025-10-23 06:00:00+00:00,0.1672,0.1694,0.1671,0.1693,2915741.5
2025-10-23 07:00:00+00:00,0.1693,0.1694,0.1684,0.1687,1172502.18
2025-10-23 08:00:00+00:00,0.1687,0.1699,0.1687,0.1693,1277678.0
2025-10-23 09:00:00+00:00,0.1693,0.1695,0.169,0.1694,860447.45
2025-10-23 10:00:00+00:00,0.1694,0.1702,0.1694,0.1696,1128280.23
2025-10-23 11:00:00+00:00,0.1696,0.1698,0.1682,0.1685,1361955.6
2025-10-23 12:00:00+00:00,0.1685,0.1685,0.167,0.1684,2087224.16
2025-10-23 13:00:00+00:00,0.1684,0.1697,0.1675,0.1682,3206517.04
2025-10-23 14:00:00+00:00,0.1682,0.1683,0.166,0.1667,4764367.01
2025-10-23 15:00:00+00:00,0.1667,0.1672,0.163,0.1631,7806388.96
2025-10-23 16:00:00+00:00,0.1631,0.1656,0.1628,0.1654,5904548.83
2025-10-23 17:00:00+00:00,0.1654,0.1676,0.1641,0.1671,4590736.22
2025-10-23 18:00:00+00:00,0.1671,0.1674,0.1645,0.1647,2690689.05
2025-10-23 19:00:00+00:00,0.1647,0.1657,0.1636,0.1652,2109203.53
2025-10-23 20:00:00+00:00,0.1652,0.1653,0.1633,0.1636,2156782.54
2025-10-23 21:00:00+00:00,0.1636,0.1644,0.1633,0.1642,1631802.74
2025-10-23 22:00:00+00:00,0.1642,0.1656,0.1642,0.1652,2728984.42
2025-10-23 23:00:00+00:00,0.1652,0.1656,0.1647,0.165,2057621.55
2025-10-24 00:00:00+00:00,0.165,0.1656,0.1642,0.165,2741678.65
2025-10-24 01:00:00+00:00,0.165,0.1654,0.1644,0.1653,1344308.07
2025-10-24 02:00:00+00:00,0.1653,0.166,0.1649,0.1657,1162893.23
2025-10-24 03:00:00+00:00,0.1657,0.1659,0.1648,0.1654,1185723.27
2025-10-24 04:00:00+00:00,0.1654,0.1688,0.1651,0.1686,3227610.18
2025-10-24 05:00:00+00:00,0.1686,0.1691,0.1681,0.1685,2091237.65
2025-10-24 06:00:00+00:00,0.1685,0.17,0.1682,0.17,4578891.04
2025-10-24 07:00:00+00:00,0.17,0.1705,0.1687,0.1696,3881231.62
2025-10-24 08:00:00+00:00,0.1696,0.1713,0.1686,0.1704,2618384.64
2025-10-24 09:00:00+00:00,0.1704,0.1705,0.1698,0.17,2158035.37
2025-10-24 10:00:00+00:00,0.17,0.17,0.169,0.169,1538565.4
2025-10-24 11:00:00+00:00,0.169,0.1693,0.1672,0.1693,2686218.64
2025-10-24 12:00:00+00:00,0.1693,0.172,0.1693,0.1712,5203141.6
2025-10-24 13:00:00+00:00,0.1712,0.1714,0.169,0.1703,5138973.18
2025-10-24 14:00:00+00:00,0.1703,0.1703,0.1675,0.1686,4565469.17
2025-10-24 15:00:00+00:00,0.1686,0.1689,0.167,0.1676,2699093.52
2025-10-24 16:00:00+00:00,0.1676,0.1678,0.1668,0.1678,2070445.87
2025-10-24 17:00:00+00:00,0.1678,0.169,0.1678,0.1682,1247270.53
2025-10-24 18:00:00+00:00,0.1682,0.1689,0.1676,0.1686,1629983.69
2025-10-24 19:00:00+00:00,0.1686,0.17,0.1686,0.1694,2076338.15
2025-10-24 20:00:00+00:00,0.1694,0.1712,0.1694,0.171,2040896.33
2025-10-24 21:00:00+00:00,0.171,0.1715,0.1706,0.1714,1721573.78
2025-10-24 22:00:00+00:00,0.1714,0.1715,0.1705,0.1707,1186839.82
2025-10-24 23:00:00+00:00,0.1707,0.1708,0.1702,0.1708,831985.27
2025-10-25 00:00:00+00:00,0.1708,0.1709,0.17,0.1703,1534778.45
2025-10-25 01:00:00+00:00,0.1703,0.1709,0.17,0.1704,1206196.29
2025-10-25 02:00:00+00:00,0.1704,0.1707,0.1701,0.1702,746352.49
2025-10-25 03:00:00+00:00,0.1702,0.1708,0.1697,0.1699,1459484.97
2025-10-25 04:00:00+00:00,0.1699,0.1711,0.1699,0.1703,1015626.63
2025-10-25 05:00:00+00:00,0.1703,0.1705,0.1698,0.1701,891160.27
2025-10-25 06:00:00+00:00,0.1701,0.1703,0.1689,0.169,1324714.6
2025-10-25 07:00:00+00:00,0.169,0.17,0.1689,0.1691,1314393.47
2025-10-25 08:00:00+00:00,0.1691,0.1701,0.169,0.17,3238387.23
2025-10-25 09:00:00+00:00,0.17,0.17,0.1691,0.1692,2026870.36
2025-10-25 10:00:00+00:00,0.1692,0.1698,0.1686,0.1696,4741017.08
2025-10-25 11:00:00+00:00,0.1696,0.1705,0.1693,0.1703,1145610.45
2025-10-25 12:00:00+00:00,0.1703,0.1709,0.1702,0.1706,952815.49
2025-10-25 13:00:00+00:00,0.1706,0.1712,0.1702,0.1711,1403366.43
2025-10-25 14:00:00+00:00,0.1711,0.1722,0.1709,0.1721,1864916.61
2025-10-25 15:00:00+00:00,0.1721,0.1725,0.1717,0.1722,1258958.77
2025-10-25 16:00:00+00:00,0.1722,0.1732,0.172,0.1732,1443131.58
2025-10-25 17:00:00+00:00,0.1732,0.1732,0.1721,0.1721,1018515.29
2025-10-25 18:00:00+00:00,0.1721,0.1739,0.1719,0.1737,1002677.85
2025-10-25 19:00:00+00:00,0.1737,0.1739,0.1731,0.1736,828109.37
2025-10-25 20:00:00+00:00,0.1736,0.1739,0.1728,0.1729,1079868.54
2025-10-25 21:00:00+00:00,0.1729,0.1733,0.1724,0.1728,638183.14
2025-10-25 22:00:00+00:00,0.1728,0.1731,0.1722,0.173,1871322.09
2025-10-25 23:00:00+00:00,0.173,0.173,0.1723,0.1725,806147.27
2025-10-26 00:00:00+00:00,0.1725,0.1734,0.172,0.1728,831573.39
2025-10-26 01:00:00+00:00,0.1728,0.1731,0.1717,0.1722,1151130.1
2025-10-26 02:00:00+00:00,0.1722,0.1722,0.1715,0.1719,1229709.02
2025-10-26 03:00:00+00:00,0.1719,0.1719,0.1709,0.1712,1519640.46
2025-10-26 04:00:00+00:00,0.1712,0.1722,0.1711,0.172,577695.33
2025-10-26 05:00:00+00:00,0.172,0.1735,0.1717,0.1733,857502.3
2025-10-26 06:00:00+00:00,0.1733,0.1737,0.173,0.1734,708081.75
2025-10-26 07:00:00+00:00,0.1734,0.1747,0.1731,0.1744,848311.53
2025-10-26 08:00:00+00:00,0.1744,0.1752,0.1743,0.1747,1283679.79
2025-10-26 09:00:00+00:00,0.1747,0.1773,0.1746,0.177,2246987.96
2025-10-26 10:00:00+00:00,0.177,0.177,0.1757,0.1762,1293610.68
2025-10-26 11:00:00+00:00,0.1762,0.1782,0.1757,0.1781,2338132.28
2025-10-26 12:00:00+00:00,0.1781,0.1797,0.1781,0.1792,2672776.24
2025-10-26 13:00:00+00:00,0.1792,0.1806,0.1786,0.1797,2077193.52
2025-10-26 14:00:00+00:00,0.1797,0.1798,0.1785,0.1794,1331171.49
2025-10-26 15:00:00+00:00,0.1794,0.1803,0.1786,0.18,1075065.86
2025-10-26 16:00:00+00:00,0.18,0.1801,0.1792,0.1792,1304238.06
2025-10-26 17:00:00+00:00,0.1792,0.1792,0.1786,0.1786,851755.81
2025-10-26 18:00:00+00:00,0.1786,0.1791,0.1783,0.179,1033436.16
2025-10-26 19:00:00+00:00,0.179,0.179,0.1783,0.1784,770472.61
2025-10-26 20:00:00+00:00,0.1784,0.1785,0.1772,0.1772,2979934.49
2025-10-26 21:00:00+00:00,0.1772,0.1781,0.1769,0.178,1499227.68
2025-10-26 22:00:00+00:00,0.178,0.1811,0.178,0.1807,5998440.32
2025-10-26 23:00:00+00:00,0.1807,0.1812,0.1798,0.18,1495658.9
2025-10-27 00:00:00+00:00,0.18,0.1815,0.1795,0.1812,1883277.99
2025-10-27 01:00:00+00:00,0.1812,0.184,0.1811,0.1839,3028661.02
2025-10-27 02:00:00+00:00,0.1839,0.184,0.182,0.1824,2194880.38
2025-10-27 03:00:00+00:00,0.1824,0.183,0.1812,0.1815,1381037.53
2025-10-27 04:00:00+00:00,0.1815,0.1828,0.1814,0.1826,936191.24
2025-10-27 05:00:00+00:00,0.1826,0.1837,0.182,0.1822,1378390.71
2025-10-27 06:00:00+00:00,0.1822,0.1836,0.1814,0.1831,1897056.67
2025-10-27 07:00:00+00:00,0.1831,0.1838,0.1811,0.1819,2360032.39
2025-10-27 08:00:00+00:00,0.1819,0.1824,0.1803,0.1809,1981496.65
2025-10-27 09:00:00+00:00,0.1809,0.181,0.1784,0.1789,2432687.65
2025-10-27 10:00:00+00:00,0.1789,0.1793,0.1783,0.1785,1296536.21
2025-10-27 11:00:00+00:00,0.1785,0.1793,0.1778,0.1791,1808168.17
2025-10-27 12:00:00+00:00,0.1791,0.1792,0.1775,0.1776,1016617.95
2025-10-27 13:00:00+00:00,0.1776,0.1786,0.1764,0.1782,2089096.57
2025-10-27 14:00:00+00:00,0.1782,0.1784,0.1765,0.1773,1864271.04
2025-10-27 15:00:00+00:00,0.1773,0.1821,0.1773,0.1799,9885216.76
2025-10-27 16:00:00+00:00,0.1799,0.1835,0.1798,0.1831,4890227.83
2025-10-27 17:00:00+00:00,0.1831,0.1832,0.1812,0.1815,3883190.23
2025-10-27 18:00:00+00:00,0.1815,0.1839,0.1813,0.1834,5998962.43
2025-10-27 19:00:00+00:00,0.1834,0.1835,0.1817,0.1825,2420960.42
2025-10-27 20:00:00+00:00,0.1825,0.1825,0.181,0.1814,2788285.88
2025-10-27 21:00:00+00:00,0.1814,0.1829,0.1807,0.1818,2706385.11
2025-10-27 22:00:00+00:00,0.1818,0.1831,0.1814,0.1816,2352166.31
2025-10-27 23:00:00+00:00,0.1816,0.1849,0.1812,0.1848,3001833.36
2025-10-28 00:00:00+00:00,0.1848,0.1901,0.1839,0.19,10181421.38
2025-10-28 01:00:00+00:00,0.19,0.1971,0.19,0.1967,26752072.04
2025-10-28 02:00:00+00:00,0.1967,0.1972,0.1931,0.1948,15851805.32
2025-10-28 03:00:00+00:00,0.1948,0.1986,0.194,0.1971,14036089.68
2025-10-28 04:00:00+00:00,0.1971,0.2025,0.1967,0.2008,13904352.85
2025-10-28 05:00:00+00:00,0.2008,0.206,0.2,0.2011,23736548.49
2025-10-28 06:00:00+00:00,0.2011,0.2191,0.2006,0.2188,43009650.67
2025-10-28 07:00:00+00:00,0.2188,0.2197,0.2095,0.2117,24973235.32
2025-10-28 08:00:00+00:00,0.2117,0.2156,0.2084,0.2107,18479159.81
2025-10-28 09:00:00+00:00,0.2107,0.2118,0.2085,0.2091,8149295.65
2025-10-28 10:00:00+00:00,0.2091,0.2098,0.2042,0.2059,10596285.97
2025-10-28 11:00:00+00:00,0.2059,0.2078,0.2033,0.2075,10065011.79
2025-10-28 12:00:00+00:00,0.2075,0.2106,0.206,0.2096,16020299.89
2025-10-28 13:00:00+00:00,0.2096,0.21,0.2052,0.2082,16320130.95
2025-10-28 14:00:00+00:00,0.2082,0.2084,0.1981,0.2011,20467443.36
2025-10-28 15:00:00+00:00,0.2011,0.2054,0.2008,0.203,14597662.13
2025-10-28 16:00:00+00:00,0.203,0.2036,0.2006,0.2008,7573578.48
2025-10-28 17:00:00+00:00,0.2008,0.2032,0.1997,0.2025,6736211.44
2025-10-28 18:00:00+00:00,0.2025,0.2039,0.2008,0.2018,4339844.49
2025-10-28 19:00:00+00:00,0.2018,0.2026,0.1972,0.1982,8455000.58
2025-10-28 20:00:00+00:00,0.1982,0.1982,0.1941,0.1948,13082724.72
2025-10-28 21:00:00+00:00,0.1948,0.198,0.1928,0.1963,8054232.96
2025-10-28 22:00:00+00:00,0.1963,0.197,0.1953,0.1958,5176461.13
2025-10-28 23:00:00+00:00,0.1958,0.1962,0.1942,0.1945,2918220.1
2025-10-29 00:00:00+00:00,0.1945,0.195,0.193,0.1935,5976213.73
2025-10-29 01:00:00+00:00,0.1935,0.1966,0.1932,0.1939,4584574.8
2025-10-29 02:00:00+00:00,0.1939,0.1953,0.1931,0.1931,3297536.71
2025-10-29 03:00:00+00:00,0.1931,0.1958,0.1925,0.1949,3474624.26
2025-10-29 04:00:00+00:00,0.1949,0.1956,0.1936,0.1938,2613045.45
2025-10-29 05:00:00+00:00,0.1938,0.1952,0.1937,0.1948,2536057.27
2025-10-29 06:00:00+00:00,0.1948,0.1953,0.1936,0.1945,2279655.27
2025-10-29 07:00:00+00:00,0.1945,0.1977,0.1941,0.1969,4497916.55
2025-10-29 08:00:00+00:00,0.1969,0.1974,0.1942,0.1951,5771020.48
2025-10-29 09:00:00+00:00,0.1951,0.1977,0.195,0.1975,5754185.51
2025-10-29 10:00:00+00:00,0.1975,0.1995,0.1965,0.1965,6461486.49
2025-10-29 11:00:00+00:00,0.1965,0.1992,0.196,0.1985,5209531.79
2025-10-29 12:00:00+00:00,0.1985,0.2027,0.198,0.2016,9522103.43
2025-10-29 13:00:00+00:00,0.2016,0.205,0.1994,0.201,18268211.48
2025-10-29 14:00:00+00:00,0.201,0.202,0.1993,0.2002,8994043.24
2025-10-29 15:00:00+00:00,0.2002,0.2007,0.1973,0.1978,8451848.96
2025-10-29 16:00:00+00:00,0.1978,0.1994,0.1964,0.1991,7107228.44
2025-10-29 17:00:00+00:00,0.1991,0.2047,0.1984,0.2045,9791283.46
2025-10-29 18:00:00+00:00,0.2045,0.2046,0.1952,0.2015,25865253.05
2025-10-29 19:00:00+00:00,0.2015,0.2033,0.1986,0.2002,9259614.14
2025-10-29 20:00:00+00:00,0.2002,0.2039,0.1997,0.2031,7749365.89
2025-10-29 21:00:00+00:00,0.2031,0.2048,0.2026,0.2048,4642819.76
2025-10-29 22:00:00+00:00,0.2048,0.2067,0.2037,0.2043,6278165.24
2025-10-29 23:00:00+00:00,0.2043,0.2043,0.2,0.2011,8177162.3
2025-10-30 00:00:00+00:00,0.2011,0.2054,0.2002,0.2051,8943124.33
2025-10-30 01:00:00+00:00,0.2051,0.2069,0.2037,0.205,12050410.54
2025-10-30 02:00:00+00:00,0.205,0.2058,0.2032,0.2055,6788573.82
2025-10-30 03:00:00+00:00,0.2055,0.2056,0.2029,0.204,5393878.54
2025-10-30 04:00:00+00:00,0.204,0.204,0.1968,0.1992,21100212.4
2025-10-30 05:00:00+00:00,0.1992,0.2056,0.1989,0.2055,10483781.14
2025-10-30 06:00:00+00:00,0.2055,0.2106,0.2055,0.2086,17409057.27
2025-10-30 07:00:00+00:00,0.2086,0.2109,0.2073,0.2079,7741410.67
2025-10-30 08:00:00+00:00,0.2079,0.2086,0.2061,0.2076,6593512.66
2025-10-30 09:00:00+00:00,0.2076,0.2081,0.2046,0.205,6962775.64
2025-10-30 10:00:00+00:00,0.205,0.206,0.2024,0.2035,5844794.18
2025-10-30 11:00:00+00:00,0.2035,0.2055,0.2026,0.203,7662828.5
2025-10-30 12:00:00+00:00,0.203,0.2035,0.198,0.1999,12648160.91
2025-10-30 13:00:00+00:00,0.1999,0.2005,0.1963,0.1964,9138668.35
2025-10-30 14:00:00+00:00,0.1964,0.1978,0.1934,0.1944,13072861.75
2025-10-30 15:00:00+00:00,0.1944,0.1949,0.1921,0.1923,6488365.03
2025-10-30 16:00:00+00:00,0.1923,0.1945,0.1909,0.1944,9297214.39
2025-10-30 17:00:00+00:00,0.1944,0.1954,0.1909,0.1938,9979320.74
2025-10-30 18:00:00+00:00,0.1938,0.1949,0.1925,0.1933,5724799.09
2025-10-30 19:00:00+00:00,0.1933,0.1937,0.1895,0.19,9064312.23
2025-10-30 20:00:00+00:00,0.19,0.1926,0.1893,0.1919,6793420.93
2025-10-30 21:00:00+00:00,0.1919,0.1969,0.191,0.1969,6410326.83
2025-10-30 22:00:00+00:00,0.1969,0.1969,0.1948,0.1967,6028165.54
2025-10-30 23:00:00+00:00,0.1967,0.1973,0.195,0.1966,5151770.23
2025-10-31 00:00:00+00:00,0.1966,0.1974,0.1955,0.197,3781874.97
2025-10-31 01:00:00+00:00,0.197,0.1988,0.196,0.1969,5820368.49
2025-10-31 02:00:00+00:00,0.1969,0.1969,0.1939,0.194,2980884.28
2025-10-31 03:00:00+00:00,0.194,0.1941,0.1909,0.1926,5430681.43
2025-10-31 04:00:00+00:00,0.1926,0.1944,0.1922,0.1938,6879904.53
2025-10-31 05:00:00+00:00,0.1938,0.1941,0.1922,0.1931,2760382.54
2025-10-31 06:00:00+00:00,0.1931,0.1939,0.1923,0.1928,3005717.5
2025-10-31 07:00:00+00:00,0.1928,0.1942,0.1917,0.1922,3012077.58
2025-10-31 08:00:00+00:00,0.1922,0.1933,0.191,0.1928,2483653.04
2025-10-31 09:00:00+00:00,0.1928,0.1934,0.1912,0.1913,2686259.09
2025-10-31 10:00:00+00:00,0.1913,0.1936,0.1911,0.1932,2593951.12
2025-10-31 11:00:00+00:00,0.1932,0.1973,0.1924,0.1969,4895953.15
2025-10-31 12:00:00+00:00,0.1969,0.1995,0.1963,0.1966,9387687.79
2025-10-31 13:00:00+00:00,0.1966,0.1978,0.195,0.1972,6451253.64
2025-10-31 14:00:00+00:00,0.1972,0.1993,0.1968,0.1982,7685253.6
2025-10-31 15:00:00+00:00,0.1982,0.1987,0.1936,0.1957,7624522.99
2025-10-31 16:00:00+00:00,0.1957,0.1957,0.1918,0.1921,6684865.26
2025-10-31 17:00:00+00:00,0.1921,0.1937,0.1903,0.193,5452880.12
2025-10-31 18:00:00+00:00,0.193,0.1948,0.192,0.1929,4872996.08
2025-10-31 19:00:00+00:00,0.1929,0.1986,0.192,0.1979,6070403.07
2025-10-31 20:00:00+00:00,0.1979,0.1994,0.1964,0.1966,5169347.49
2025-10-31 21:00:00+00:00,0.1966,0.1975,0.1965,0.1972,2425499.95
2025-10-31 22:00:00+00:00,0.1972,0.1993,0.1964,0.1991,3808853.67
2025-10-31 23:00:00+00:00,0.1991,0.2041,0.1991,0.201,12487487.15
2025-11-01 00:00:00+00:00,0.201,0.2022,0.1999,0.2,5152875.49
2025-11-01 01:00:00+00:00,0.2,0.2017,0.1987,0.1988,5321827.64
2025-11-01 02:00:00+00:00,0.1988,0.2,0.1976,0.1997,2068963.9
2025-11-01 03:00:00+00:00,0.1997,0.2035,0.1997,0.2034,4669933.62
2025-11-01 04:00:00+00:00,0.2034,0.2048,0.2016,0.202,4655395.26
2025-11-01 05:00:00+00:00,0.202,0.2027,0.2011,0.2019,2467296.48
2025-11-01 06:00:00+00:00,0.2019,0.2022,0.2006,0.2022,2244448.44
2025-11-01 07:00:00+00:00,0.2022,0.2039,0.2007,0.2017,3788246.43
2025-11-01 08:00:00+00:00,0.2017,0.2021,0.2001,0.2015,3301506.2
2025-11-01 09:00:00+00:00,0.2015,0.2021,0.2005,0.2007,2500854.48
2025-11-01 10:00:00+00:00,0.2007,0.2012,0.1998,0.2,2329361.32
2025-11-01 11:00:00+00:00,0.2,0.2004,0.1987,0.1991,4169942.36
2025-11-01 12:00:00+00:00,0.1991,0.1994,0.1983,0.1986,2396201.93
2025-11-01 13:00:00+00:00,0.1986,0.2001,0.1982,0.1992,2719485.27
2025-11-01 14:00:00+00:00,0.1992,0.1997,0.1979,0.1985,2708340.34
2025-11-01 15:00:00+00:00,0.1985,0.201,0.1984,0.2006,3947811.9
2025-11-01 16:00:00+00:00,0.2006,0.2021,0.2,0.2014,4721686.91
2025-11-01 17:00:00+00:00,0.2014,0.2021,0.2004,0.2006,2251107.84
2025-11-01 18:00:00+00:00,0.2006,0.2012,0.1998,0.2005,2324248.58
2025-11-01 19:00:00+00:00,0.2005,0.2005,0.1985,0.1993,2717767.13
2025-11-01 20:00:00+00:00,0.1993,0.1995,0.1985,0.1989,2237009.76
2025-11-01 21:00:00+00:00,0.1989,0.199,0.1965,0.1965,2534669.56
2025-11-01 22:00:00+00:00,0.1965,0.1971,0.1958,0.1964,2579338.8
2025-11-01 23:00:00+00:00,0.1964,0.1966,0.1958,0.1964,1649117.37
2025-11-02 00:00:00+00:00,0.1964,0.1964,0.1951,0.1953,1723068.16
2025-11-02 01:00:00+00:00,0.1953,0.1963,0.1947,0.1954,2587841.35
2025-11-02 02:00:00+00:00,0.1954,0.1966,0.1952,0.1957,1359417.55
2025-11-02 03:00:00+00:00,0.1957,0.1958,0.1949,0.1954,1379829.98
2025-11-02 04:00:00+00:00,0.1954,0.1968,0.195,0.1967,1690479.42
2025-11-02 05:00:00+00:00,0.1967,0.1968,0.1954,0.196,1645729.1
2025-11-02 06:00:00+00:00,0.196,0.196,0.1951,0.1954,1484632.5
2025-11-02 07:00:00+00:00,0.1954,0.1968,0.195,0.1964,2087516.75
2025-11-02 08:00:00+00:00,0.1964,0.1968,0.1955,0.196,1583151.04
2025-11-02 09:00:00+00:00,0.196,0.1979,0.196,0.1964,2463302.2
2025-11-02 10:00:00+00:00,0.1964,0.197,0.1933,0.1939,4439582.66
2025-11-02 11:00:00+00:00,0.1939,0.1979,0.1939,0.1978,3575157.22
2025-11-02 12:00:00+00:00,0.1978,0.198,0.1967,0.1968,2757102.94
2025-11-02 13:00:00+00:00,0.1968,0.1968,0.1955,0.1958,2198409.74
2025-11-02 14:00:00+00:00,0.1958,0.1963,0.1923,0.1932,5835248.24
2025-11-02 15:00:00+00:00,0.1932,0.1951,0.1923,0.1936,2557010.91
2025-11-02 16:00:00+00:00,0.1936,0.1951,0.1916,0.194,7191426.26
2025-11-02 17:00:00+00:00,0.194,0.1956,0.1928,0.1936,2906392.27
2025-11-02 18:00:00+00:00,0.1936,0.1936,0.1921,0.1921,1102498.51
2025-11-02 19:00:00+00:00,0.1921,0.1922,0.1905,0.1912,1911405.31
2025-11-02 20:00:00+00:00,0.1912,0.192,0.1905,0.192,1218163.13
2025-11-02 21:00:00+00:00,0.192,0.1939,0.192,0.1931,1604274.97
2025-11-02 22:00:00+00:00,0.1931,0.1936,0.1912,0.1917,1979592.08
2025-11-02 23:00:00+00:00,0.1917,0.1951,0.1917,0.1945,3835405.05
2025-11-03 00:00:00+00:00,0.1945,0.1955,0.1912,0.1912,3695645.02
2025-11-03 01:00:00+00:00,0.1912,0.1918,0.1897,0.1904,4054868.11
2025-11-03 02:00:00+00:00,0.1904,0.1906,0.1874,0.188,6614075.36
2025-11-03 03:00:00+00:00,0.188,0.1884,0.1842,0.1846,5879415.74
2025-11-03 04:00:00+00:00,0.1846,0.1855,0.1833,0.1855,4388151.88
2025-11-03 05:00:00+00:00,0.1855,0.1865,0.184,0.1841,2874780.46
2025-11-03 06:00:00+00:00,0.1841,0.1846,0.1818,0.1829,4754715.35
2025-11-03 07:00:00+00:00,0.1829,0.1839,0.182,0.1828,3955831.69
2025-11-03 08:00:00+00:00,0.1828,0.1841,0.1821,0.1833,2787961.87
2025-11-03 09:00:00+00:00,0.1833,0.1849,0.1814,0.1815,3386950.23
2025-11-03 10:00:00+00:00,0.1815,0.1824,0.1806,0.1808,2454285.81
2025-11-03 11:00:00+00:00,0.1808,0.1832,0.1808,0.1826,2799903.99
2025-11-03 12:00:00+00:00,0.1826,0.1843,0.1822,0.1824,2602377.14
2025-11-03 13:00:00+00:00,0.1824,0.1831,0.1815,0.1822,2993467.87
2025-11-03 14:00:00+00:00,0.1822,0.184,0.182,0.1828,4053181.12
2025-11-03 15:00:00+00:00,0.1828,0.1829,0.1708,0.1748,20721336.56
2025-11-03 16:00:00+00:00,0.1748,0.181,0.1737,0.1805,7125153.07
2025-11-03 17:00:00+00:00,0.1805,0.1827,0.1794,0.1821,4706688.2
2025-11-03 18:00:00+00:00,0.1821,0.1832,0.1799,0.1805,5430479.19
2025-11-03 19:00:00+00:00,0.1805,0.1819,0.1793,0.1794,3992217.44
2025-11-03 20:00:00+00:00,0.1794,0.1797,0.1749,0.1759,6231665.78
2025-11-03 21:00:00+00:00,0.1759,0.1778,0.1748,0.1768,6773280.23
2025-11-03 22:00:00+00:00,0.1768,0.1769,0.1734,0.175,3756537.93
2025-11-03 23:00:00+00:00,0.175,0.176,0.1737,0.1753,2561783.39
2025-11-04 00:00:00+00:00,0.1753,0.1783,0.1743,0.177,4877360.25
2025-11-04 01:00:00+00:00,0.177,0.1787,0.1764,0.1787,4459297.59
2025-11-04 02:00:00+00:00,0.1787,0.1792,0.1762,0.1764,3845428.72
2025-11-04 03:00:00+00:00,0.1764,0.1784,0.176,0.1781,2876578.73
2025-11-04 04:00:00+00:00,0.1781,0.1792,0.1771,0.1772,2726004.22
2025-11-04 05:00:00+00:00,0.1772,0.1781,0.1696,0.1699,10123541.19
2025-11-04 06:00:00+00:00,0.1699,0.176,0.1699,0.1728,8199210.03
2025-11-04 07:00:00+00:00,0.1728,0.1731,0.1698,0.1709,7728540.32
2025-11-04 08:00:00+00:00,0.1709,0.1748,0.1705,0.173,7834189.58
2025-11-04 09:00:00+00:00,0.173,0.1747,0.1729,0.1745,4815296.51
2025-11-04 10:00:00+00:00,0.1745,0.1754,0.1739,0.1749,4179291.05
2025-11-04 11:00:00+00:00,0.1749,0.1768,0.1747,0.1757,4026294.36
2025-11-04 12:00:00+00:00,0.1757,0.1759,0.1735,0.1738,3397186.39
2025-11-04 13:00:00+00:00,0.1738,0.1743,0.1718,0.1722,3508006.33
2025-11-04 14:00:00+00:00,0.1722,0.1766,0.1706,0.1756,8062342.19
2025-11-04 15:00:00+00:00,0.1756,0.1767,0.1723,0.1729,6798437.79
2025-11-04 16:00:00+00:00,0.1729,0.1745,0.1697,0.1699,8618566.86
2025-11-04 17:00:00+00:00,0.1699,0.1712,0.1659,0.1685,10596564.3
2025-11-04 18:00:00+00:00,0.1685,0.1686,0.1626,0.1664,12292739.58
2025-11-04 19:00:00+00:00,0.1664,0.168,0.1641,0.1643,6907531.91
2025-11-04 20:00:00+00:00,0.1643,0.1664,0.1597,0.1652,13365561.66
2025-11-04 21:00:00+00:00,0.1652,0.166,0.159,0.1645,11456150.51
2025-11-04 22:00:00+00:00,0.1645,0.1693,0.1639,0.1693,6400197.08
2025-11-04 23:00:00+00:00,0.1693,0.1702,0.1681,0.1686,4691450.06
2025-11-05 00:00:00+00:00,0.1686,0.1693,0.1653,0.1662,3699336.71
2025-11-05 01:00:00+00:00,0.1662,0.1663,0.1604,0.1654,8641496.34
2025-11-05 02:00:00+00:00,0.1654,0.1703,0.1654,0.1702,8753862.73
2025-11-05 03:00:00+00:00,0.1702,0.1722,0.1694,0.1714,4960849.8
2025-11-05 04:00:00+00:00,0.1714,0.1721,0.1702,0.1714,3333488.83
2025-11-05 05:00:00+00:00,0.1714,0.1731,0.1714,0.1725,2884280.39
2025-11-05 06:00:00+00:00,0.1725,0.1727,0.1708,0.1716,2461883.29
2025-11-05 07:00:00+00:00,0.1716,0.1717,0.1695,0.1712,3973029.37
2025-11-05 08:00:00+00:00,0.1712,0.1712,0.168,0.1693,4091045.28
2025-11-05 09:00:00+00:00,0.1693,0.1709,0.1692,0.1706,3018123.31
2025-11-05 10:00:00+00:00,0.1706,0.1709,0.1689,0.1691,3418096.38
2025-11-05 11:00:00+00:00,0.1691,0.1715,0.169,0.1712,3309338.91
2025-11-05 12:00:00+00:00,0.1712,0.1724,0.1701,0.1713,5066117.82
2025-11-05 13:00:00+00:00,0.1713,0.174,0.1707,0.1734,4214220.84
2025-11-05 14:00:00+00:00,0.1734,0.1743,0.1716,0.1732,5688763.68
2025-11-05 15:00:00+00:00,0.1732,0.174,0.1719,0.1737,5178798.59
2025-11-05 16:00:00+00:00,0.1737,0.1743,0.1715,0.1739,4844238.37
2025-11-05 17:00:00+00:00,0.1739,0.1758,0.1729,0.1757,3425580.66
2025-11-05 18:00:00+00:00,0.1757,0.1768,0.1746,0.1763,2814673.56
2025-11-05 19:00:00+00:00,0.1763,0.1767,0.1749,0.1754,3806740.22
2025-11-05 20:00:00+00:00,0.1754,0.176,0.1746,0.1753,2706677.26
2025-11-05 21:00:00+00:00,0.1753,0.1753,0.1742,0.1743,2702382.28
2025-11-05 22:00:00+00:00,0.1743,0.1764,0.1741,0.1764,1873794.07
2025-11-05 23:00:00+00:00,0.1764,0.1766,0.1751,0.1752,1997605.33
2025-11-06 00:00:00+00:00,0.1752,0.1752,0.1734,0.1743,2387226.78
2025-11-06 01:00:00+00:00,0.1743,0.1743,0.1714,0.1736,2626078.14
2025-11-06 02:00:00+00:00,0.1736,0.1754,0.172,0.1742,2756748.19
2025-11-06 03:00:00+00:00,0.1742,0.1747,0.1736,0.1737,1804730.71
2025-11-06 04:00:00+00:00,0.1737,0.1743,0.173,0.1736,1799032.24
2025-11-06 05:00:00+00:00,0.1736,0.1736,0.1707,0.171,2557282.91
2025-11-06 06:00:00+00:00,0.171,0.1717,0.1703,0.1704,1915900.39
2025-11-06 07:00:00+00:00,0.1704,0.1712,0.1697,0.1701,2492501.59
2025-11-06 08:00:00+00:00,0.1701,0.1707,0.1692,0.1698,2456832.36
2025-11-06 09:00:00+00:00,0.1698,0.1704,0.1692,0.1696,1646238.53
2025-11-06 10:00:00+00:00,0.1696,0.1705,0.1686,0.1696,3277237.65
2025-11-06 11:00:00+00:00,0.1696,0.1697,0.1684,0.1691,1934477.11
2025-11-06 12:00:00+00:00,0.1691,0.1692,0.1672,0.1672,2272428.71
2025-11-06 13:00:00+00:00,0.1672,0.1707,0.1671,0.1699,3215522.05
2025-11-06 14:00:00+00:00,0.1699,0.1705,0.1667,0.167,5248405.9
2025-11-06 15:00:00+00:00,0.167,0.1683,0.1644,0.1648,6413495.71
2025-11-06 16:00:00+00:00,0.1648,0.1656,0.1626,0.1644,4378172.2
2025-11-06 17:00:00+00:00,0.1644,0.1661,0.164,0.166,6038424.0
2025-11-06 18:00:00+00:00,0.166,0.1662,0.164,0.1644,4741305.1
2025-11-06 19:00:00+00:00,0.1644,0.1645,0.1617,0.1634,3719729.86
2025-11-06 20:00:00+00:00,0.1634,0.1642,0.1609,0.1617,4223474.85
2025-11-06 21:00:00+00:00,0.1617,0.1643,0.1611,0.1639,3210576.07
2025-11-06 22:00:00+00:00,0.1639,0.1646,0.1624,0.1639,1873516.14
2025-11-06 23:00:00+00:00,0.1639,0.1639,0.1619,0.1632,2262620.04
2025-11-07 00:00:00+00:00,0.1632,0.1655,0.163,0.1652,3350218.09
2025-11-07 01:00:00+00:00,0.1652,0.1654,0.1624,0.1654,5268957.66
2025-11-07 02:00:00+00:00,0.1654,0.1665,0.1638,0.1663,3546522.17
2025-11-07 03:00:00+00:00,0.1663,0.1676,0.1662,0.1663,2230018.12
2025-11-07 04:00:00+00:00,0.1663,0.1673,0.1654,0.1668,2102257.49
2025-11-07 05:00:00+00:00,0.1668,0.1684,0.1666,0.168,2584961.15
2025-11-07 06:00:00+00:00,0.168,0.1687,0.1676,0.1678,1486615.26
2025-11-07 07:00:00+00:00,0.1678,0.1693,0.1672,0.1692,2017944.06
2025-11-07 08:00:00+00:00,0.1692,0.1694,0.1672,0.1676,2866755.75
2025-11-07 09:00:00+00:00,0.1676,0.1677,0.1646,0.1655,2980996.65
2025-11-07 10:00:00+00:00,0.1655,0.1665,0.1637,0.1642,2561874.01
2025-11-07 11:00:00+00:00,0.1642,0.1642,0.1616,0.1631,4575818.77
2025-11-07 12:00:00+00:00,0.1631,0.1636,0.1595,0.1606,4097002.18
2025-11-07 13:00:00+00:00,0.1606,0.1631,0.1599,0.1628,4530645.29
2025-11-07 14:00:00+00:00,0.1628,0.1675,0.1613,0.1669,7610684.74
2025-11-07 15:00:00+00:00,0.1669,0.1694,0.1653,0.1686,8821093.03
2025-11-07 16:00:00+00:00,0.1686,0.1741,0.1677,0.1731,10522698.77
2025-11-07 17:00:00+00:00,0.1731,0.178,0.1723,0.177,10971145.08
2025-11-07 18:00:00+00:00,0.177,0.1811,0.1767,0.179,9989843.74
2025-11-07 19:00:00+00:00,0.179,0.179,0.1766,0.1778,6781180.1
2025-11-07 20:00:00+00:00,0.1778,0.1791,0.1772,0.1783,5585621.58
2025-11-07 21:00:00+00:00,0.1783,0.1799,0.178,0.1799,3822670.8
2025-11-07 22:00:00+00:00,0.1799,0.1801,0.1785,0.1793,2069887.47
2025-11-07 23:00:00+00:00,0.1793,0.1794,0.1765,0.1771,3268362.93
2025-11-08 00:00:00+00:00,0.1771,0.1786,0.1755,0.1756,4769625.33
2025-11-08 01:00:00+00:00,0.1756,0.1786,0.1756,0.1783,4046185.56
2025-11-08 02:00:00+00:00,0.1783,0.1803,0.1777,0.1777,4415904.28
2025-11-08 03:00:00+00:00,0.1777,0.1794,0.1765,0.1765,4240163.51
2025-11-08 04:00:00+00:00,0.1765,0.1792,0.1765,0.1778,4709815.08
2025-11-08 05:00:00+00:00,0.1778,0.1782,0.1753,0.1754,4631019.05
2025-11-08 06:00:00+00:00,0.1754,0.1757,0.1739,0.1747,4261943.51
2025-11-08 07:00:00+00:00,0.1747,0.1763,0.1739,0.1761,3457268.69
2025-11-08 08:00:00+00:00,0.1761,0.1772,0.1748,0.1762,2738378.89
2025-11-08 09:00:00+00:00,0.1762,0.1764,0.1745,0.175,1800404.07
2025-11-08 10:00:00+00:00,0.175,0.1765,0.1748,0.1763,1658863.5
2025-11-08 11:00:00+00:00,0.1763,0.177,0.1755,0.1762,1902996.24
2025-11-08 12:00:00+00:00,0.1762,0.1765,0.175,0.176,2132566.17
2025-11-08 13:00:00+00:00,0.176,0.1761,0.1737,0.1737,3617936.71
2025-11-08 14:00:00+00:00,0.1737,0.1745,0.1719,0.1742,4166476.15
2025-11-08 15:00:00+00:00,0.1742,0.1751,0.1719,0.1726,3216754.45
2025-11-08 16:00:00+00:00,0.1726,0.1738,0.1716,0.1735,2663265.59
2025-11-08 17:00:00+00:00,0.1735,0.1747,0.173,0.1739,1920697.24
2025-11-08 18:00:00+00:00,0.1739,0.1745,0.1732,0.1743,1748841.6
2025-11-08 19:00:00+00:00,0.1743,0.1743,0.1719,0.173,1619444.75
2025-11-08 20:00:00+00:00,0.173,0.1738,0.1721,0.1733,1426443.71
2025-11-08 21:00:00+00:00,0.1733,0.1741,0.1729,0.1739,1125640.8
2025-11-08 22:00:00+00:00,0.1739,0.1747,0.1735,0.1743,1233890.18
2025-11-08 23:00:00+00:00,0.1743,0.1758,0.1739,0.1756,1110975.53
2025-11-09 00:00:00+00:00,0.1756,0.1757,0.1725,0.1728,1930711.61
2025-11-09 01:00:00+00:00,0.1728,0.1738,0.1721,0.1734,1437833.33
2025-11-09 02:00:00+00:00,0.1734,0.1734,0.1696,0.1698,3728940.83
2025-11-09 03:00:00+00:00,0.1698,0.1701,0.1685,0.1691,2711567.37
2025-11-09 04:00:00+00:00,0.1691,0.1707,0.1689,0.1696,2532619.28
2025-11-09 05:00:00+00:00,0.1696,0.1702,0.1689,0.1699,1720205.8
2025-11-09 06:00:00+00:00,0.1699,0.1711,0.1694,0.1698,1362673.92
2025-11-09 07:00:00+00:00,0.1698,0.1715,0.1696,0.1714,1611724.76
2025-11-09 08:00:00+00:00,0.1714,0.1715,0.1705,0.171,1260138.42
2025-11-09 09:00:00+00:00,0.171,0.172,0.1692,0.1693,2526426.39
2025-11-09 10:00:00+00:00,0.1693,0.1705,0.1685,0.1705,1900617.85
2025-11-09 11:00:00+00:00,0.1705,0.1722,0.1705,0.1711,2963454.78
2025-11-09 12:00:00+00:00,0.1711,0.1718,0.1706,0.1707,1825117.97
2025-11-09 13:00:00+00:00,0.1707,0.1723,0.1703,0.1716,2033594.67
2025-11-09 14:00:00+00:00,0.1716,0.1753,0.171,0.1728,5644965.06
2025-11-09 15:00:00+00:00,0.1728,0.175,0.1728,0.1736,4026932.01
2025-11-09 16:00:00+00:00,0.1736,0.1752,0.1725,0.1747,3052221.67
2025-11-09 17:00:00+00:00,0.1747,0.1747,0.1728,0.1734,2605809.29
2025-11-09 18:00:00+00:00,0.1734,0.1754,0.1725,0.1752,2000741.52
2025-11-09 19:00:00+00:00,0.1752,0.1771,0.1747,0.177,4706907.46
2025-11-09 20:00:00+00:00,0.177,0.1775,0.1758,0.1764,2125556.32
2025-11-09 21:00:00+00:00,0.1764,0.1771,0.1759,0.1768,1464532.57
2025-11-09 22:00:00+00:00,0.1768,0.177,0.1754,0.1767,1479381.31
2025-11-09 23:00:00+00:00,0.1767,0.1785,0.1758,0.1766,3374138.74
2025-11-10 00:00:00+00:00,0.1766,0.1812,0.1755,0.1801,5647105.05
2025-11-10 01:00:00+00:00,0.1801,0.1808,0.1787,0.1794,5311780.99
2025-11-10 02:00:00+00:00,0.1794,0.181,0.1789,0.1808,3064951.89
2025-11-10 03:00:00+00:00,0.1808,0.1825,0.1808,0.1818,3700987.31
2025-11-10 04:00:00+00:00,0.1818,0.1829,0.1815,0.1827,2448615.11
2025-11-10 05:00:00+00:00,0.1827,0.1835,0.1812,0.1833,2269476.03
2025-11-10 06:00:00+00:00,0.1833,0.1856,0.183,0.1856,3523208.58
2025-11-10 07:00:00+00:00,0.1856,0.1882,0.1856,0.1871,7178792.8
2025-11-10 08:00:00+00:00,0.1871,0.1888,0.1864,0.1887,5939248.94
2025-11-10 09:00:00+00:00,0.1887,0.1941,0.1871,0.1939,8237583.79
2025-11-10 10:00:00+00:00,0.1939,0.1975,0.1933,0.1947,12886546.54
2025-11-10 11:00:00+00:00,0.1947,0.1987,0.1943,0.1966,10377040.26
2025-11-10 12:00:00+00:00,0.1966,0.1971,0.1929,0.1938,7981943.07
2025-11-10 13:00:00+00:00,0.1938,0.1973,0.1935,0.1935,8265581.61
2025-11-10 14:00:00+00:00,0.1935,0.1941,0.1909,0.1917,11468868.55
2025-11-10 15:00:00+00:00,0.1917,0.1926,0.1879,0.1884,11018785.36
2025-11-10 16:00:00+00:00,0.1884,0.19,0.1873,0.1883,6430263.38
2025-11-10 17:00:00+00:00,0.1883,0.1918,0.1883,0.1915,6388951.09
2025-11-10 18:00:00+00:00,0.1915,0.1932,0.1908,0.1921,3472921.17
2025-11-10 19:00:00+00:00,0.1921,0.1944,0.1919,0.1922,5853251.76
2025-11-10 20:00:00+00:00,0.1922,0.1942,0.1918,0.1932,4866048.7
2025-11-10 21:00:00+00:00,0.1932,0.1933,0.1897,0.1903,4893255.43
2025-11-10 22:00:00+00:00,0.1903,0.1942,0.1898,0.1938,4670281.42
2025-11-10 23:00:00+00:00,0.1938,0.194,0.1924,0.1939,2987759.4
2025-11-11 00:00:00+00:00,0.1939,0.1952,0.1916,0.1937,8080612.35
2025-11-11 01:00:00+00:00,0.1937,0.1968,0.1923,0.1926,9944267.21
2025-11-11 02:00:00+00:00,0.1926,0.1965,0.1915,0.1941,6471706.67
2025-11-11 03:00:00+00:00,0.1941,0.1953,0.1921,0.1935,4648712.3
2025-11-11 04:00:00+00:00,0.1935,0.1936,0.1896,0.1897,4721209.84
2025-11-11 05:00:00+00:00,0.1897,0.1899,0.1878,0.188,5228557.69
2025-11-11 06:00:00+00:00,0.188,0.1892,0.1874,0.1887,3318411.92
2025-11-11 07:00:00+00:00,0.1887,0.1889,0.1855,0.1856,4425738.01
2025-11-11 08:00:00+00:00,0.1856,0.1867,0.1848,0.1857,3236522.93
2025-11-11 09:00:00+00:00,0.1857,0.188,0.1856,0.1864,3789801.47
2025-11-11 10:00:00+00:00,0.1864,0.1878,0.1861,0.1873,1754612.24
2025-11-11 11:00:00+00:00,0.1873,0.1883,0.1864,0.187,1939409.1
2025-11-11 12:00:00+00:00,0.187,0.1875,0.1852,0.1858,2766589.99
2025-11-11 13:00:00+00:00,0.1858,0.1866,0.1844,0.1847,3200276.99
2025-11-11 14:00:00+00:00,0.1847,0.186,0.1829,0.1859,6205064.12
2025-11-11 15:00:00+00:00,0.1859,0.1859,0.1839,0.1846,5294127.89
2025-11-11 16:00:00+00:00,0.1846,0.185,0.1831,0.184,3675093.06
2025-11-11 17:00:00+00:00,0.184,0.1846,0.1822,0.1824,3354278.66
2025-11-11 18:00:00+00:00,0.1824,0.1832,0.1811,0.1813,2498777.65
2025-11-11 19:00:00+00:00,0.1813,0.1814,0.1799,0.18,2372272.34
2025-11-11 20:00:00+00:00,0.18,0.1805,0.1788,0.1791,2422198.13
2025-11-11 21:00:00+00:00,0.1791,0.18,0.1773,0.1777,2924828.77
2025-11-11 22:00:00+00:00,0.1777,0.1791,0.1772,0.1788,2629235.32
2025-11-11 23:00:00+00:00,0.1788,0.1788,0.1775,0.1778,2678027.46
2025-11-12 00:00:00+00:00,0.1778,0.1789,0.1772,0.1773,4628308.58
2025-11-12 01:00:00+00:00,0.1773,0.1807,0.1771,0.1805,3591282.27
2025-11-12 02:00:00+00:00,0.1805,0.1812,0.1791,0.1805,3061221.96
2025-11-12 03:00:00+00:00,0.1805,0.1815,0.18,0.1801,2610634.93
2025-11-12 04:00:00+00:00,0.1801,0.1803,0.1794,0.1799,1951250.47
2025-11-12 05:00:00+00:00,0.1799,0.1811,0.1794,0.1808,2465941.17
2025-11-12 06:00:00+00:00,0.1808,0.1843,0.1807,0.1829,4558166.1
2025-11-12 07:00:00+00:00,0.1829,0.1829,0.1802,0.1805,4704279.05
2025-11-12 08:00:00+00:00,0.1805,0.1835,0.1803,0.1823,3597961.12
2025-11-12 09:00:00+00:00,0.1823,0.1836,0.182,0.1829,3003680.19
2025-11-12 10:00:00+00:00,0.1829,0.185,0.1828,0.1849,3858356.81
2025-11-12 11:00:00+00:00,0.1849,0.1861,0.1844,0.1847,3753722.01
2025-11-12 12:00:00+00:00,0.1847,0.1864,0.1839,0.186,3886917.16
2025-11-12 13:00:00+00:00,0.186,0.1864,0.1847,0.1852,3620308.97
2025-11-12 14:00:00+00:00,0.1852,0.1853,0.18,0.1815,8061937.1
2025-11-12 15:00:00+00:00,0.1815,0.1823,0.1771,0.1777,9218350.29
2025-11-12 16:00:00+00:00,0.1777,0.1781,0.1747,0.1754,11235335.29
2025-11-12 17:00:00+00:00,0.1754,0.1772,0.1739,0.1754,5894304.05
2025-11-12 18:00:00+00:00,0.1754,0.1761,0.1739,0.1744,3623431.76
2025-11-12 19:00:00+00:00,0.1744,0.1749,0.1729,0.1742,4413902.4
2025-11-12 20:00:00+00:00,0.1742,0.175,0.1737,0.1743,3939687.64
2025-11-12 21:00:00+00:00,0.1743,0.1755,0.1743,0.1753,3159557.64
2025-11-12 22:00:00+00:00,0.1753,0.1754,0.1742,0.1753,1955499.99
2025-11-12 23:00:00+00:00,0.1753,0.1753,0.1734,0.174,1729240.08
2025-11-13 00:00:00+00:00,0.174,0.1755,0.1736,0.1746,2845588.65
2025-11-13 01:00:00+00:00,0.1746,0.1774,0.1746,0.1759,4590138.51
2025-11-13 02:00:00+00:00,0.1759,0.1771,0.1758,0.1763,2338028.0
2025-11-13 03:00:00+00:00,0.1763,0.1802,0.174,0.1787,7514425.41
2025-11-13 04:00:00+00:00,0.1787,0.1788,0.1771,0.1782,5698705.37
2025-11-13 05:00:00+00:00,0.1782,0.1807,0.1779,0.1804,3712154.79
2025-11-13 06:00:00+00:00,0.1804,0.1809,0.1793,0.1794,3674447.82
2025-11-13 07:00:00+00:00,0.1794,0.1805,0.1786,0.1789,2493620.41
2025-11-13 08:00:00+00:00,0.1789,0.18,0.1787,0.1799,1431669.22
2025-11-13 09:00:00+00:00,0.1799,0.1802,0.1776,0.1782,3800674.89
2025-11-13 10:00:00+00:00,0.1782,0.1799,0.1779,0.1783,2029668.6
2025-11-13 11:00:00+00:00,0.1783,0.1791,0.1778,0.1779,1389554.94
2025-11-13 12:00:00+00:00,0.1779,0.1785,0.1772,0.1779,1926669.16
2025-11-13 13:00:00+00:00,0.1779,0.1782,0.1756,0.1757,3984379.12
2025-11-13 14:00:00+00:00,0.1757,0.1791,0.1745,0.1778,8796868.11
2025-11-13 15:00:00+00:00,0.1778,0.1781,0.1745,0.1754,6453526.03
2025-11-13 16:00:00+00:00,0.1754,0.1761,0.1727,0.1729,5531460.82
2025-11-13 17:00:00+00:00,0.1729,0.1732,0.1689,0.1692,7671506.46
2025-11-13 18:00:00+00:00,0.1692,0.1695,0.1663,0.1667,6805519.71
2025-11-13 19:00:00+00:00,0.1667,0.1675,0.1643,0.1647,6947542.06
2025-11-13 20:00:00+00:00,0.1647,0.1647,0.1617,0.1628,10785268.91
2025-11-13 21:00:00+00:00,0.1628,0.1639,0.1615,0.1624,5606480.07
2025-11-13 22:00:00+00:00,0.1624,0.1658,0.1622,0.1652,4623390.18
2025-11-13 23:00:00+00:00,0.1652,0.1666,0.1641,0.1648,4154938.72
2025-11-14 00:00:00+00:00,0.1648,0.1654,0.1625,0.163,5747423.34
2025-11-14 01:00:00+00:00,0.163,0.1642,0.1625,0.1634,4694568.26
2025-11-14 02:00:00+00:00,0.1634,0.1653,0.1633,0.1644,2593819.33
2025-11-14 03:00:00+00:00,0.1644,0.1644,0.162,0.1627,2663075.62
2025-11-14 04:00:00+00:00,0.1627,0.1627,0.1575,0.1601,9423093.95
2025-11-14 05:00:00+00:00,0.1601,0.1621,0.1598,0.162,5451669.14
2025-11-14 06:00:00+00:00,0.162,0.1633,0.1592,0.1633,5391590.51
2025-11-14 07:00:00+00:00,0.1633,0.1636,0.1611,0.1615,4080905.74
2025-11-14 08:00:00+00:00,0.1615,0.1616,0.1598,0.1604,3180806.23
2025-11-14 09:00:00+00:00,0.1604,0.1609,0.1579,0.158,4441035.99
2025-11-14 10:00:00+00:00,0.158,0.1598,0.158,0.1592,2595932.58
2025-11-14 11:00:00+00:00,0.1592,0.1594,0.157,0.1576,3755885.44
2025-11-14 12:00:00+00:00,0.1576,0.1576,0.1542,0.1569,8738048.32
2025-11-14 13:00:00+00:00,0.1569,0.1578,0.1541,0.1562,7624483.12
2025-11-14 14:00:00+00:00,0.1562,0.1604,0.1555,0.1594,10123263.78
2025-11-14 15:00:00+00:00,0.1594,0.1608,0.1573,0.1597,9496748.35
2025-11-14 16:00:00+00:00,0.1597,0.1615,0.1581,0.1603,7028591.01
2025-11-14 17:00:00+00:00,0.1603,0.1604,0.1565,0.1572,3820060.6
2025-11-14 18:00:00+00:00,0.1572,0.1583,0.1556,0.1562,3563931.36
2025-11-14 19:00:00+00:00,0.1562,0.1599,0.156,0.1583,4082434.11
2025-11-14 20:00:00+00:00,0.1583,0.1584,0.154,0.1549,4194523.07
2025-11-14 21:00:00+00:00,0.1549,0.1567,0.1543,0.1556,3710331.72
2025-11-14 22:00:00+00:00,0.1556,0.1562,0.1538,0.1547,3336989.73
2025-11-14 23:00:00+00:00,0.1547,0.1547,0.1508,0.1529,6358100.37
2025-11-15 00:00:00+00:00,0.1529,0.1548,0.1528,0.1544,3015467.6
2025-11-15 01:00:00+00:00,0.1544,0.1572,0.1541,0.1569,2710070.75
2025-11-15 02:00:00+00:00,0.1569,0.1581,0.156,0.1581,2218574.24
2025-11-15 03:00:00+00:00,0.1581,0.1583,0.1573,0.1579,2171665.62
2025-11-15 04:00:00+00:00,0.1579,0.1585,0.1572,0.1575,1547321.35
2025-11-15 05:00:00+00:00,0.1575,0.1585,0.1572,0.1584,1455809.73
2025-11-15 06:00:00+00:00,0.1584,0.1585,0.1576,0.1577,1833040.78
2025-11-15 07:00:00+00:00,0.1577,0.1583,0.1572,0.1577,2965189.85
2025-11-15 08:00:00+00:00,0.1577,0.1578,0.1543,0.1549,2935590.11
2025-11-15 09:00:00+00:00,0.1549,0.1562,0.1546,0.1552,1780030.82
2025-11-15 10:00:00+00:00,0.1552,0.1564,0.1546,0.1559,2301279.65
2025-11-15 11:00:00+00:00,0.1559,0.1562,0.155,0.1554,1555234.76
2025-11-15 12:00:00+00:00,0.1554,0.1569,0.1547,0.1568,1994027.25
2025-11-15 13:00:00+00:00,0.1568,0.1587,0.1568,0.1578,2846628.78
2025-11-15 14:00:00+00:00,0.1578,0.158,0.1552,0.1564,4795769.78
2025-11-15 15:00:00+00:00,0.1564,0.1566,0.1555,0.1557,2555316.06
2025-11-15 16:00:00+00:00,0.1557,0.1568,0.1547,0.1565,2042936.54
2025-11-15 17:00:00+00:00,0.1565,0.1575,0.156,0.1569,2495031.21
2025-11-15 18:00:00+00:00,0.1569,0.1572,0.156,0.1563,1359054.53
2025-11-15 19:00:00+00:00,0.1563,0.1566,0.1558,0.1562,769368.53
2025-11-15 20:00:00+00:00,0.1562,0.1563,0.1548,0.155,1266601.58
2025-11-15 21:00:00+00:00,0.155,0.1559,0.1539,0.1542,2260685.43
2025-11-15 22:00:00+00:00,0.1542,0.1554,0.154,0.1554,908307.86
2025-11-15 23:00:00+00:00,0.1554,0.1554,0.1547,0.1548,788149.35
2025-11-16 00:00:00+00:00,0.1548,0.155,0.153,0.154,1962813.02
2025-11-16 01:00:00+00:00,0.154,0.1545,0.152,0.1535,3317109.4
2025-11-16 02:00:00+00:00,0.1535,0.1555,0.1528,0.1553,2033387.21
2025-11-16 03:00:00+00:00,0.1553,0.1557,0.1541,0.1544,1632602.02
2025-11-16 04:00:00+00:00,0.1544,0.1545,0.1535,0.154,920338.6
2025-11-16 05:00:00+00:00,0.154,0.1552,0.154,0.1545,1246527.02
2025-11-16 06:00:00+00:00,0.1545,0.1552,0.1543,0.1544,859964.46
2025-11-16 07:00:00+00:00,0.1544,0.1555,0.1541,0.1555,1138248.26
2025-11-16 08:00:00+00:00,0.1555,0.1558,0.1534,0.1538,1229457.45
2025-11-16 09:00:00+00:00,0.1538,0.1551,0.1532,0.155,1780969.24
2025-11-16 10:00:00+00:00,0.155,0.1552,0.1539,0.1541,1662108.53
2025-11-16 11:00:00+00:00,0.1541,0.1543,0.1511,0.1513,3618602.5
2025-11-16 12:00:00+00:00,0.1513,0.1525,0.1511,0.1518,2494332.22
2025-11-16 13:00:00+00:00,0.1518,0.1521,0.1504,0.1508,2487849.48
2025-11-16 14:00:00+00:00,0.1508,0.1518,0.1501,0.1515,2088510.83
2025-11-16 15:00:00+00:00,0.1515,0.1516,0.1487,0.1489,4114548.16
2025-11-16 16:00:00+00:00,0.1489,0.15,0.1473,0.1477,5824895.74
2025-11-16 17:00:00+00:00,0.1477,0.1484,0.1465,0.148,4202509.74
2025-11-16 18:00:00+00:00,0.148,0.1506,0.1466,0.147,5284162.93
2025-11-16 19:00:00+00:00,0.147,0.1489,0.1469,0.1478,3521418.95
2025-11-16 20:00:00+00:00,0.1478,0.1493,0.1477,0.1479,1523591.28
2025-11-16 21:00:00+00:00,0.1479,0.148,0.1467,0.1475,2083755.67
2025-11-16 22:00:00+00:00,0.1475,0.1484,0.146,0.1478,3446744.26
2025-11-16 23:00:00+00:00,0.1478,0.1484,0.1452,0.1467,7591361.45
2025-11-17 00:00:00+00:00,0.1467,0.1495,0.1456,0.1494,4306991.34
2025-11-17 01:00:00+00:00,0.1494,0.1497,0.1479,0.1481,2600884.65
2025-11-17 02:00:00+00:00,0.1481,0.1492,0.1479,0.1486,2447579.45
2025-11-17 03:00:00+00:00,0.1486,0.1504,0.1485,0.1504,2170806.33
2025-11-17 04:00:00+00:00,0.1504,0.1511,0.1496,0.1497,1805307.61
2025-11-17 05:00:00+00:00,0.1497,0.1501,0.149,0.1494,1600268.27
2025-11-17 06:00:00+00:00,0.1494,0.1502,0.1486,0.1502,1520632.41
2025-11-17 07:00:00+00:00,0.1502,0.1511,0.15,0.1506,2157319.88
2025-11-17 08:00:00+00:00,0.1506,0.1512,0.15,0.1502,1776108.2
2025-11-17 09:00:00+00:00,0.1502,0.1515,0.1498,0.1506,1478897.03
2025-11-17 10:00:00+00:00,0.1506,0.1518,0.1504,0.1514,1113265.75
2025-11-17 11:00:00+00:00,0.1514,0.153,0.1514,0.1521,2067600.8
2025-11-17 12:00:00+00:00,0.1521,0.1522,0.151,0.1516,1450965.88
2025-11-17 13:00:00+00:00,0.1516,0.1519,0.1462,0.1475,5041231.68
2025-11-17 14:00:00+00:00,0.1475,0.1541,0.1467,0.1506,11364015.18
2025-11-17 15:00:00+00:00,0.1506,0.1512,0.1478,0.1489,8126086.98
2025-11-17 16:00:00+00:00,0.1489,0.1507,0.1467,0.1505,6320933.51
2025-11-17 17:00:00+00:00,0.1505,0.1506,0.1468,0.1471,4024248.75
2025-11-17 18:00:00+00:00,0.1471,0.1482,0.1447,0.1454,5485170.38
2025-11-17 19:00:00+00:00,0.1454,0.1458,0.1429,0.1431,6365855.03
2025-11-17 20:00:00+00:00,0.1431,0.1442,0.142,0.1435,6403334.53
2025-11-17 21:00:00+00:00,0.1435,0.1449,0.1425,0.1437,3962669.68
2025-11-17 22:00:00+00:00,0.1437,0.1458,0.1434,0.1451,2503638.11
2025-11-17 23:00:00+00:00,0.1451,0.1459,0.1445,0.1458,2509706.02
2025-11-18 00:00:00+00:00,0.1458,0.1462,0.1429,0.1457,4060976.9
2025-11-18 01:00:00+00:00,0.1457,0.1465,0.1447,0.1451,2907596.59
2025-11-18 02:00:00+00:00,0.1451,0.1472,0.1437,0.1445,5045359.7
2025-11-18 03:00:00+00:00,0.1445,0.1467,0.1431,0.146,6190523.95
2025-11-18 04:00:00+00:00,0.146,0.1463,0.1435,0.1461,4484548.37
2025-11-18 05:00:00+00:00,0.1461,0.1468,0.1446,0.1452,3202100.74
2025-11-18 06:00:00+00:00,0.1452,0.1454,0.1429,0.1432,1944086.33
2025-11-18 07:00:00+00:00,0.1432,0.1446,0.1427,0.1443,3641762.23
2025-11-18 08:00:00+00:00,0.1443,0.1472,0.1443,0.1462,3208216.89
2025-11-18 09:00:00+00:00,0.1462,0.1469,0.1457,0.1467,2235597.21
2025-11-18 10:00:00+00:00,0.1467,0.1468,0.1456,0.1467,1526479.35
2025-11-18 11:00:00+00:00,0.1467,0.1467,0.1455,0.146,1230770.56
2025-11-18 12:00:00+00:00,0.146,0.1465,0.1449,0.1462,2543549.92
2025-11-18 13:00:00+00:00,0.1462,0.1462,0.1442,0.1451,1955365.27
2025-11-18 14:00:00+00:00,0.1451,0.1471,0.1444,0.145,4053615.17
2025-11-18 15:00:00+00:00,0.145,0.1496,0.1442,0.1489,6801962.55
2025-11-18 16:00:00+00:00,0.1489,0.1516,0.148,0.1497,6725366.24
2025-11-18 17:00:00+00:00,0.1497,0.1502,0.1488,0.1498,2551563.72
2025-11-18 18:00:00+00:00,0.1498,0.1522,0.1498,0.1519,2641111.38
2025-11-18 19:00:00+00:00,0.1519,0.1524,0.1509,0.1513,1609695.49
2025-11-18 20:00:00+00:00,0.1513,0.1519,0.151,0.1512,913076.14
2025-11-18 21:00:00+00:00,0.1512,0.1512,0.1492,0.1494,1491153.35
2025-11-18 22:00:00+00:00,0.1494,0.152,0.1494,0.1512,1692211.35
2025-11-18 23:00:00+00:00,0.1512,0.1515,0.1502,0.1506,707452.65
2025-11-19 00:00:00+00:00,0.1506,0.1511,0.1485,0.151,1929581.69
2025-11-19 01:00:00+00:00,0.151,0.152,0.1504,0.1514,2304810.21
2025-11-19 02:00:00+00:00,0.1514,0.1519,0.1506,0.151,1419261.19
2025-11-19 03:00:00+00:00,0.151,0.1511,0.1487,0.149,1594532.47
2025-11-19 04:00:00+00:00,0.149,0.1492,0.1484,0.1484,1534434.56
2025-11-19 05:00:00+00:00,0.1484,0.1487,0.1458,0.1469,2488372.38
2025-11-19 06:00:00+00:00,0.1469,0.1481,0.1465,0.148,2497897.1
2025-11-19 07:00:00+00:00,0.148,0.1503,0.1478,0.1501,2029878.09
2025-11-19 08:00:00+00:00,0.1501,0.1502,0.1484,0.1487,1539405.68
2025-11-19 09:00:00+00:00,0.1487,0.1487,0.1475,0.1483,2042984.37
2025-11-19 10:00:00+00:00,0.1483,0.1493,0.1471,0.1473,1728073.53
2025-11-19 11:00:00+00:00,0.1473,0.1477,0.1462,0.1465,1511030.76
2025-11-19 12:00:00+00:00,0.1465,0.1479,0.1464,0.1478,1339494.01
2025-11-19 13:00:00+00:00,0.1478,0.1478,0.1457,0.1459,1975401.64
2025-11-19 14:00:00+00:00,0.1459,0.1468,0.1445,0.1467,4138786.12
2025-11-19 15:00:00+00:00,0.1467,0.1486,0.143,0.1431,7237206.13
2025-11-19 16:00:00+00:00,0.1431,0.1438,0.1415,0.1419,4029964.74
2025-11-19 17:00:00+00:00,0.1419,0.1425,0.139,0.14,5568452.07
2025-11-19 18:00:00+00:00,0.14,0.1406,0.1381,0.1388,3076918.86
2025-11-19 19:00:00+00:00,0.1388,0.1398,0.1382,0.1391,2618685.44
2025-11-19 20:00:00+00:00,0.1391,0.1428,0.139,0.1425,4485757.01
2025-11-19 21:00:00+00:00,0.1425,0.1455,0.1423,0.1448,5089700.68
2025-11-19 22:00:00+00:00,0.1448,0.1448,0.1431,0.1432,2386094.04
2025-11-19 23:00:00+00:00,0.1432,0.145,0.1432,0.1449,3951841.55
2025-11-20 00:00:00+00:00,0.1449,0.1454,0.1445,0.1448,2042041.92
2025-11-20 01:00:00+00:00,0.1448,0.1466,0.1447,0.1461,1900943.1
2025-11-20 02:00:00+00:00,0.1461,0.147,0.146,0.1469,1785924.58
2025-11-20 03:00:00+00:00,0.1469,0.1472,0.1461,0.1464,1438348.25
2025-11-20 04:00:00+00:00,0.1464,0.1477,0.1464,0.1477,1408807.92
2025-11-20 05:00:00+00:00,0.1477,0.148,0.1468,0.1469,1494718.32
2025-11-20 06:00:00+00:00,0.1469,0.1474,0.146,0.1465,2090490.06
2025-11-20 07:00:00+00:00,0.1465,0.1477,0.1465,0.1476,1679510.89
2025-11-20 08:00:00+00:00,0.1476,0.1476,0.1467,0.147,1122374.17
2025-11-20 09:00:00+00:00,0.147,0.1471,0.1458,0.1462,1470897.16
2025-11-20 10:00:00+00:00,0.1462,0.1465,0.1452,0.1462,1746048.3
2025-11-20 11:00:00+00:00,0.1462,0.1462,0.1447,0.1453,2406084.42
2025-11-20 12:00:00+00:00,0.1453,0.1464,0.1447,0.1463,2033817.59
2025-11-20 13:00:00+00:00,0.1463,0.1472,0.1449,0.145,3658598.38
2025-11-20 14:00:00+00:00,0.145,0.1463,0.1436,0.1455,5367479.78
2025-11-20 15:00:00+00:00,0.1455,0.1455,0.1425,0.1426,4034371.28
2025-11-20 16:00:00+00:00,0.1426,0.1428,0.1371,0.1377,8965947.55
2025-11-20 17:00:00+00:00,0.1377,0.1382,0.1355,0.1363,6405445.75
2025-11-20 18:00:00+00:00,0.1363,0.1374,0.1352,0.1354,4844890.35
2025-11-20 19:00:00+00:00,0.1354,0.1372,0.1344,0.1369,3967641.09
2025-11-20 20:00:00+00:00,0.1369,0.1377,0.1357,0.1371,2938968.58
2025-11-20 21:00:00+00:00,0.1371,0.1393,0.1371,0.1376,2433577.51
2025-11-20 22:00:00+00:00,0.1376,0.14,0.1376,0.1398,2288035.0
2025-11-20 23:00:00+00:00,0.1398,0.1399,0.1363,0.1365,2521755.85
2025-11-21 00:00:00+00:00,0.1365,0.1381,0.1365,0.1377,2418968.95
2025-11-21 01:00:00+00:00,0.1377,0.1384,0.137,0.1371,2092430.9
2025-11-21 02:00:00+00:00,0.1371,0.1372,0.1352,0.1355,4704096.68
2025-11-21 03:00:00+00:00,0.1355,0.1369,0.1354,0.136,3155091.3
2025-11-21 04:00:00+00:00,0.136,0.1363,0.1347,0.1361,2538097.75
2025-11-21 05:00:00+00:00,0.1361,0.1365,0.1352,0.1354,1815661.39
2025-11-21 06:00:00+00:00,0.1354,0.136,0.1345,0.1352,2302840.84
2025-11-21 07:00:00+00:00,0.1352,0.1357,0.1289,0.1314,12478842.89
2025-11-21 08:00:00+00:00,0.1314,0.1332,0.1303,0.1306,4967177.84
2025-11-21 09:00:00+00:00,0.1306,0.1313,0.1269,0.1269,4490488.6
2025-11-21 10:00:00+00:00,0.1269,0.1285,0.1263,0.1278,5151858.76
2025-11-21 11:00:00+00:00,0.1278,0.1291,0.1254,0.1257,4691053.12
2025-11-21 12:00:00+00:00,0.1257,0.1282,0.1226,0.1278,9432414.88
2025-11-21 13:00:00+00:00,0.1278,0.1301,0.1276,0.1293,6018261.99
2025-11-21 14:00:00+00:00,0.1293,0.132,0.1282,0.1313,7063029.77
2025-11-21 15:00:00+00:00,0.1313,0.1316,0.1274,0.1279,7076367.22
2025-11-21 16:00:00+00:00,0.1279,0.1321,0.1265,0.1321,7175190.92
2025-11-21 17:00:00+00:00,0.1321,0.1341,0.1318,0.1327,5281072.09
2025-11-21 18:00:00+00:00,0.1327,0.1341,0.1301,0.1334,7035067.2
2025-11-21 19:00:00+00:00,0.1334,0.1337,0.1312,0.1315,3831466.86
2025-11-21 20:00:00+00:00,0.1315,0.1319,0.1291,0.1299,4938065.16
2025-11-21 21:00:00+00:00,0.1299,0.1328,0.1294,0.1317,4004572.4
2025-11-21 22:00:00+00:00,0.1317,0.1321,0.1279,0.128,2546033.15
2025-11-21 23:00:00+00:00,0.128,0.1314,0.1277,0.1308,2152657.09
2025-11-22 00:00:00+00:00,0.1308,0.1314,0.1299,0.1306,1926064.11
2025-11-22 01:00:00+00:00,0.1306,0.1314,0.1303,0.1308,2294445.74
2025-11-22 02:00:00+00:00,0.1308,0.1313,0.1302,0.1307,1979109.65
2025-11-22 03:00:00+00:00,0.1307,0.1311,0.1298,0.13,1729665.07
2025-11-22 04:00:00+00:00,0.13,0.1302,0.1277,0.1295,3215786.43
2025-11-22 05:00:00+00:00,0.1295,0.1298,0.1276,0.1282,2790739.77
2025-11-22 06:00:00+00:00,0.1282,0.1302,0.1275,0.1298,2487113.48
2025-11-22 07:00:00+00:00,0.1298,0.1303,0.1292,0.1299,3260136.48
2025-11-22 08:00:00+00:00,0.1299,0.13,0.1273,0.1275,2667232.73
2025-11-22 09:00:00+00:00,0.1275,0.1292,0.1271,0.1283,2465642.54
2025-11-22 10:00:00+00:00,0.1283,0.1289,0.1266,0.1275,1788275.58
2025-11-22 11:00:00+00:00,0.1275,0.1294,0.1272,0.1284,2375045.33
2025-11-22 12:00:00+00:00,0.1284,0.1284,0.1267,0.1272,1945534.71
2025-11-22 13:00:00+00:00,0.1272,0.128,0.1264,0.1274,2229287.01
2025-11-22 14:00:00+00:00,0.1274,0.1295,0.1273,0.1293,2363583.19
2025-11-22 15:00:00+00:00,0.1293,0.1294,0.1276,0.1282,1766229.28
2025-11-22 16:00:00+00:00,0.1282,0.1304,0.1281,0.1302,1916889.16
2025-11-22 17:00:00+00:00,0.1302,0.1306,0.1294,0.1303,1472646.04
2025-11-22 18:00:00+00:00,0.1303,0.1307,0.1297,0.1302,1212115.05
2025-11-22 19:00:00+00:00,0.1302,0.1306,0.1296,0.1303,988180.05
2025-11-22 20:00:00+00:00,0.1303,0.1309,0.1296,0.1302,1428303.38
2025-11-22 21:00:00+00:00,0.1302,0.1306,0.1297,0.1306,921235.65
2025-11-22 22:00:00+00:00,0.1306,0.1333,0.1302,0.1325,1598186.18
2025-11-22 23:00:00+00:00,0.1325,0.1329,0.1314,0.1318,1143533.37
2025-11-23 00:00:00+00:00,0.1318,0.133,0.1314,0.1319,1854263.12
2025-11-23 01:00:00+00:00,0.1319,0.1344,0.1318,0.134,1959764.67
2025-11-23 02:00:00+00:00,0.134,0.1361,0.1336,0.1356,3298057.37
2025-11-23 03:00:00+00:00,0.1356,0.136,0.1347,0.1355,2429305.97
2025-11-23 04:00:00+00:00,0.1355,0.1369,0.1355,0.1362,3513113.41
2025-11-23 05:00:00+00:00,0.1362,0.1367,0.1356,0.1362,2219330.74
2025-11-23 06:00:00+00:00,0.1362,0.1366,0.1349,0.1352,1373627.1
2025-11-23 07:00:00+00:00,0.1352,0.1353,0.1343,0.135,1808099.34
2025-11-23 08:00:00+00:00,0.135,0.1359,0.135,0.1358,1284247.63
2025-11-23 09:00:00+00:00,0.1358,0.1385,0.1358,0.1379,2598197.65
2025-11-23 10:00:00+00:00,0.1379,0.1394,0.1368,0.1392,3607113.14
2025-11-23 11:00:00+00:00,0.1392,0.1399,0.1375,0.1397,3486452.09
2025-11-23 12:00:00+00:00,0.1397,0.1405,0.1389,0.1402,3731747.47
2025-11-23 13:00:00+00:00,0.1402,0.1436,0.1393,0.1433,5944012.79
2025-11-23 14:00:00+00:00,0.1433,0.144,0.1415,0.1428,7857488.09
2025-11-23 15:00:00+00:00,0.1428,0.1474,0.1425,0.1461,8635664.6
2025-11-23 16:00:00+00:00,0.1461,0.1478,0.144,0.1448,9140089.56
2025-11-23 17:00:00+00:00,0.1448,0.1457,0.1434,0.1447,5304087.67
2025-11-23 18:00:00+00:00,0.1447,0.1493,0.1445,0.1478,7436066.08
2025-11-23 19:00:00+00:00,0.1478,0.1556,0.1478,0.1536,17971778.3
2025-11-23 20:00:00+00:00,0.1536,0.1538,0.1493,0.1509,12946609.46
2025-11-23 21:00:00+00:00,0.1509,0.1521,0.1492,0.1516,5652895.49
2025-11-23 22:00:00+00:00,0.1516,0.1517,0.1489,0.149,4029811.11
2025-11-23 23:00:00+00:00,0.149,0.1495,0.1476,0.148,4550204.23
2025-11-24 00:00:00+00:00,0.148,0.1498,0.1465,0.1487,7778258.06
2025-11-24 01:00:00+00:00,0.1487,0.149,0.1463,0.1476,4671360.86
2025-11-24 02:00:00+00:00,0.1476,0.1512,0.1474,0.1501,6747055.02
2025-11-24 03:00:00+00:00,0.1501,0.1521,0.1497,0.1506,3607691.84
2025-11-24 04:00:00+00:00,0.1506,0.1511,0.1477,0.1485,3318135.6
2025-11-24 05:00:00+00:00,0.1485,0.151,0.1483,0.1492,3918112.06
2025-11-24 06:00:00+00:00,0.1492,0.1492,0.1474,0.1477,2985217.21
2025-11-24 07:00:00+00:00,0.1477,0.1477,0.1463,0.1466,2459359.44
2025-11-24 08:00:00+00:00,0.1466,0.1474,0.1463,0.1468,2021824.22
2025-11-24 09:00:00+00:00,0.1468,0.1471,0.1442,0.1443,4753817.57
2025-11-24 10:00:00+00:00,0.1443,0.1455,0.1436,0.1446,2268864.84
2025-11-24 11:00:00+00:00,0.1446,0.1452,0.1438,0.1449,2261955.45
2025-11-24 12:00:00+00:00,0.1449,0.1449,0.1431,0.1437,2289173.77
2025-11-24 13:00:00+00:00,0.1437,0.145,0.1434,0.1434,3198410.12
2025-11-24 14:00:00+00:00,0.1434,0.1449,0.1414,0.1418,7233531.15
2025-11-24 15:00:00+00:00,0.1418,0.1422,0.1408,0.1421,5881950.11
2025-11-24 16:00:00+00:00,0.1421,0.1456,0.1421,0.1441,8396357.64
2025-11-24 17:00:00+00:00,0.1441,0.1485,0.1441,0.1485,8875151.74
2025-11-24 18:00:00+00:00,0.1485,0.1489,0.1475,0.1485,6501719.69
2025-11-24 19:00:00+00:00,0.1485,0.1491,0.1475,0.1479,3416523.09
2025-11-24 20:00:00+00:00,0.1479,0.1507,0.1475,0.1501,5750330.31
2025-11-24 21:00:00+00:00,0.1501,0.1501,0.1485,0.1493,3576264.06
2025-11-24 22:00:00+00:00,0.1493,0.1501,0.1483,0.1489,3381356.45
2025-11-24 23:00:00+00:00,0.1489,0.1499,0.1481,0.1485,2364478.92
2025-11-25 00:00:00+00:00,0.1485,0.1492,0.1479,0.1486,2449224.3
2025-11-25 01:00:00+00:00,0.1486,0.1489,0.1469,0.147,3187038.07
2025-11-25 02:00:00+00:00,0.147,0.1472,0.1454,0.1463,3368113.31
2025-11-25 03:00:00+00:00,0.1463,0.1466,0.1448,0.1451,1722203.21
2025-11-25 04:00:00+00:00,0.1451,0.1476,0.145,0.1474,2410041.44
2025-11-25 05:00:00+00:00,0.1474,0.1477,0.1462,0.1469,1904079.72
2025-11-25 06:00:00+00:00,0.1469,0.1469,0.145,0.1454,1520378.54
2025-11-25 07:00:00+00:00,0.1454,0.1458,0.1438,0.144,2309899.88
2025-11-25 08:00:00+00:00,0.144,0.1443,0.1429,0.1429,3208329.05
2025-11-25 09:00:00+00:00,0.1429,0.1441,0.1426,0.1439,1988321.02
2025-11-25 10:00:00+00:00,0.1439,0.144,0.1431,0.1436,2095620.0
2025-11-25 11:00:00+00:00,0.1436,0.1437,0.1428,0.143,1768202.56
2025-11-25 12:00:00+00:00,0.143,0.1442,0.1427,0.1438,2677482.82
2025-11-25 13:00:00+00:00,0.1438,0.1444,0.142,0.1422,2756329.61
2025-11-25 14:00:00+00:00,0.1422,0.1431,0.1403,0.1417,5218388.9
2025-11-25 15:00:00+00:00,0.1417,0.1431,0.14,0.1421,3967907.32
2025-11-25 16:00:00+00:00,0.1421,0.1439,0.1416,0.1431,2467728.75
2025-11-25 17:00:00+00:00,0.1431,0.145,0.1423,0.144,3437224.71
2025-11-25 18:00:00+00:00,0.144,0.1447,0.1428,0.1429,2120961.1
2025-11-25 19:00:00+00:00,0.1429,0.1432,0.1406,0.143,2667612.27
2025-11-25 20:00:00+00:00,0.143,0.1452,0.1429,0.1447,3458990.43
2025-11-25 21:00:00+00:00,0.1447,0.1451,0.1435,0.1435,1758863.49
2025-11-25 22:00:00+00:00,0.1435,0.1453,0.1422,0.1451,2076609.47
2025-11-25 23:00:00+00:00,0.1451,0.1465,0.1446,0.145,1740442.34
2025-11-26 00:00:00+00:00,0.145,0.1456,0.1448,0.1452,1613976.92
2025-11-26 01:00:00+00:00,0.1452,0.1479,0.1448,0.1467,2722228.58
2025-11-26 02:00:00+00:00,0.1467,0.1472,0.1459,0.1459,1625606.6
2025-11-26 03:00:00+00:00,0.1459,0.1462,0.1444,0.1444,1954411.57
2025-11-26 04:00:00+00:00,0.1444,0.1447,0.144,0.1442,1133387.32
2025-11-26 05:00:00+00:00,0.1442,0.1451,0.1441,0.1442,857443.96
2025-11-26 06:00:00+00:00,0.1442,0.1448,0.144,0.1447,1030683.73
2025-11-26 07:00:00+00:00,0.1447,0.1454,0.1443,0.1453,1197360.47
2025-11-26 08:00:00+00:00,0.1453,0.1455,0.1436,0.1437,1377376.61
2025-11-26 09:00:00+00:00,0.1437,0.1439,0.1429,0.1431,1544913.05
2025-11-26 10:00:00+00:00,0.1431,0.1438,0.1428,0.1437,1298323.2
2025-11-26 11:00:00+00:00,0.1437,0.1437,0.1427,0.1428,1016372.13
2025-11-26 12:00:00+00:00,0.1428,0.1431,0.1415,0.142,1923388.59
2025-11-26 13:00:00+00:00,0.142,0.1438,0.1418,0.1435,2008789.18
2025-11-26 14:00:00+00:00,0.1435,0.1442,0.1418,0.142,3328923.6
2025-11-26 15:00:00+00:00,0.142,0.1434,0.1418,0.1432,2695370.39
2025-11-26 16:00:00+00:00,0.1432,0.1451,0.1432,0.1444,2808298.53
2025-11-26 17:00:00+00:00,0.1444,0.1481,0.144,0.1478,5083010.67
2025-11-26 18:00:00+00:00,0.1478,0.1505,0.1475,0.1495,6323240.92
2025-11-26 19:00:00+00:00,0.1495,0.1495,0.1481,0.1486,2296374.25
2025-11-26 20:00:00+00:00,0.1486,0.1487,0.1475,0.148,2362626.64
2025-11-26 21:00:00+00:00,0.148,0.1496,0.1473,0.1488,1776124.42
2025-11-26 22:00:00+00:00,0.1488,0.1497,0.1482,0.1485,1426897.92
2025-11-26 23:00:00+00:00,0.1485,0.1488,0.1477,0.1479,1157528.11
2025-11-27 00:00:00+00:00,0.1479,0.1486,0.1475,0.148,2461207.37
2025-11-27 01:00:00+00:00,0.148,0.1487,0.1474,0.148,1331124.46
2025-11-27 02:00:00+00:00,0.148,0.1491,0.1475,0.1481,2013960.74
2025-11-27 03:00:00+00:00,0.1481,0.1485,0.1466,0.147,1951525.61
2025-11-27 04:00:00+00:00,0.147,0.1483,0.1469,0.1476,948911.1
2025-11-27 05:00:00+00:00,0.1476,0.1477,0.1466,0.1471,1064774.59
2025-11-27 06:00:00+00:00,0.1471,0.1495,0.1471,0.1486,1479533.94
2025-11-27 07:00:00+00:00,0.1486,0.1487,0.148,0.1482,815427.35
2025-11-27 08:00:00+00:00,0.1482,0.1483,0.1476,0.1481,1065170.47
2025-11-27 09:00:00+00:00,0.1481,0.1491,0.148,0.1481,1194539.82
2025-11-27 10:00:00+00:00,0.1481,0.1483,0.1474,0.1476,1374436.08
2025-11-27 11:00:00+00:00,0.1476,0.1476,0.1459,0.146,1568279.83
2025-11-27 12:00:00+00:00,0.146,0.146,0.1442,0.1446,2077499.46
2025-11-27 13:00:00+00:00,0.1446,0.1452,0.1445,0.1447,1411908.04
2025-11-27 14:00:00+00:00,0.1447,0.1456,0.1445,0.1456,1377662.71
2025-11-27 15:00:00+00:00,0.1456,0.1465,0.145,0.1464,1873730.95
2025-11-27 16:00:00+00:00,0.1464,0.1475,0.1459,0.1466,2858843.47
2025-11-27 17:00:00+00:00,0.1466,0.1466,0.1457,0.1459,1546694.33
2025-11-27 18:00:00+00:00,0.1459,0.1476,0.1457,0.1474,1849088.47
2025-11-27 19:00:00+00:00,0.1474,0.1474,0.1462,0.1471,1546195.31
2025-11-27 20:00:00+00:00,0.1471,0.148,0.1471,0.1479,1413223.94
2025-11-27 21:00:00+00:00,0.1479,0.1482,0.1474,0.1476,1091989.32
2025-11-27 22:00:00+00:00,0.1476,0.1479,0.1462,0.1465,1654977.95
2025-11-27 23:00:00+00:00,0.1465,0.1475,0.1464,0.1471,1367890.5
2025-11-28 00:00:00+00:00,0.1471,0.1474,0.146,0.1462,1036272.51
2025-11-28 01:00:00+00:00,0.1462,0.1465,0.1451,0.1452,1818692.11
2025-11-28 02:00:00+00:00,0.1452,0.1457,0.1449,0.1452,1248709.82
2025-11-28 03:00:00+00:00,0.1452,0.1459,0.1449,0.1456,795858.9
2025-11-28 04:00:00+00:00,0.1456,0.1458,0.145,0.1451,865842.87
2025-11-28 05:00:00+00:00,0.1451,0.1464,0.1449,0.1461,970480.91
2025-11-28 06:00:00+00:00,0.1461,0.1461,0.1451,0.1456,885442.72
2025-11-28 07:00:00+00:00,0.1456,0.1468,0.1455,0.1459,1208891.6
2025-11-28 08:00:00+00:00,0.1459,0.1507,0.1457,0.1503,4527276.0
2025-11-28 09:00:00+00:00,0.1503,0.1504,0.1481,0.1484,1974838.35
2025-11-28 10:00:00+00:00,0.1484,0.1491,0.1482,0.1488,1237513.97
2025-11-28 11:00:00+00:00,0.1488,0.1488,0.1463,0.1467,2183603.5
2025-11-28 12:00:00+00:00,0.1467,0.1474,0.1465,0.1471,1346715.09
2025-11-28 13:00:00+00:00,0.1471,0.1501,0.1467,0.1501,2320463.1
2025-11-28 14:00:00+00:00,0.1501,0.1504,0.1486,0.1495,3959697.26
2025-11-28 15:00:00+00:00,0.1495,0.1505,0.1489,0.1499,2839516.3
2025-11-28 16:00:00+00:00,0.1499,0.1499,0.1461,0.1461,3963843.79
2025-11-28 17:00:00+00:00,0.1461,0.1464,0.1443,0.1449,4458713.67
2025-11-28 18:00:00+00:00,0.1449,0.1456,0.144,0.1454,2889654.85
2025-11-28 19:00:00+00:00,0.1454,0.147,0.1453,0.1467,1538210.64
2025-11-28 20:00:00+00:00,0.1467,0.1467,0.1452,0.1459,1208207.58
2025-11-28 21:00:00+00:00,0.1459,0.1462,0.1452,0.1452,1486486.68
2025-11-28 22:00:00+00:00,0.1452,0.146,0.1448,0.1459,1503087.35
2025-11-28 23:00:00+00:00,0.1459,0.1462,0.1453,0.1454,767456.03
2025-11-29 00:00:00+00:00,0.1454,0.1457,0.145,0.1454,1017728.36
2025-11-29 01:00:00+00:00,0.1454,0.1463,0.145,0.1452,737139.13
2025-11-29 02:00:00+00:00,0.1452,0.1452,0.1443,0.1445,1087679.59
2025-11-29 03:00:00+00:00,0.1445,0.1446,0.1437,0.1439,862061.91
2025-11-29 04:00:00+00:00,0.1439,0.1447,0.1438,0.1447,742801.04
2025-11-29 05:00:00+00:00,0.1447,0.1447,0.144,0.144,610070.41
2025-11-29 06:00:00+00:00,0.144,0.1443,0.1425,0.1433,2406540.19
2025-11-29 07:00:00+00:00,0.1433,0.144,0.1433,0.1438,619127.4
2025-11-29 08:00:00+00:00,0.1438,0.144,0.1434,0.1436,584227.05
2025-11-29 09:00:00+00:00,0.1436,0.1437,0.1432,0.1437,597377.49
2025-11-29 10:00:00+00:00,0.1437,0.1445,0.1434,0.1443,1107459.69
2025-11-29 11:00:00+00:00,0.1443,0.1455,0.1441,0.1455,941143.96
2025-11-29 12:00:00+00:00,0.1455,0.1458,0.1449,0.1449,661145.57
2025-11-29 13:00:00+00:00,0.1449,0.145,0.1442,0.1444,717789.29
2025-11-29 14:00:00+00:00,0.1444,0.1445,0.1438,0.1439,590978.14
2025-11-29 15:00:00+00:00,0.1439,0.1453,0.1439,0.1446,1243316.53
2025-11-29 16:00:00+00:00,0.1446,0.1447,0.1437,0.1442,811152.45
2025-11-29 17:00:00+00:00,0.1442,0.1445,0.1432,0.1432,1221618.0
2025-11-29 18:00:00+00:00,0.1432,0.1435,0.1424,0.1432,2330878.42
2025-11-29 19:00:00+00:00,0.1432,0.1433,0.1425,0.1428,740675.82
2025-11-29 20:00:00+00:00,0.1428,0.1439,0.1424,0.1439,898992.79
2025-11-29 21:00:00+00:00,0.1439,0.144,0.1433,0.1434,671280.03
2025-11-29 22:00:00+00:00,0.1434,0.1436,0.1431,0.1432,669089.35
2025-11-29 23:00:00+00:00,0.1432,0.1438,0.1427,0.1432,625195.78
2025-11-30 00:00:00+00:00,0.1432,0.1439,0.1431,0.1434,497295.25
2025-11-30 01:00:00+00:00,0.1434,0.144,0.1432,0.1438,607619.56
2025-11-30 02:00:00+00:00,0.1438,0.1444,0.1433,0.1433,690104.91
2025-11-30 03:00:00+00:00,0.1433,0.144,0.1425,0.144,1346068.76
2025-11-30 04:00:00+00:00,0.144,0.1443,0.1432,0.1435,779527.45
2025-11-30 05:00:00+00:00,0.1435,0.1435,0.1426,0.1429,895267.81
2025-11-30 06:00:00+00:00,0.1429,0.144,0.1427,0.1432,739671.21
2025-11-30 07:00:00+00:00,0.1432,0.1438,0.1428,0.1433,803597.46
2025-11-30 08:00:00+00:00,0.1433,0.144,0.1425,0.1427,1496511.32
2025-11-30 09:00:00+00:00,0.1427,0.1432,0.1414,0.1431,4187205.89
2025-11-30 10:00:00+00:00,0.1431,0.1436,0.1426,0.1432,968417.83
2025-11-30 11:00:00+00:00,0.1432,0.1435,0.1426,0.1428,1081915.08
2025-11-30 12:00:00+00:00,0.1428,0.1443,0.1423,0.1442,1417652.6
2025-11-30 13:00:00+00:00,0.1442,0.146,0.144,0.1455,1918619.24
2025-11-30 14:00:00+00:00,0.1455,0.1456,0.144,0.1445,1054211.44
2025-11-30 15:00:00+00:00,0.1445,0.145,0.1438,0.1448,1048207.99
2025-11-30 16:00:00+00:00,0.1448,0.1465,0.1448,0.1458,1876612.5
2025-11-30 17:00:00+00:00,0.1458,0.1458,0.1446,0.1449,1224421.48
2025-11-30 18:00:00+00:00,0.1449,0.1449,0.1441,0.1446,746392.3
2025-11-30 19:00:00+00:00,0.1446,0.1448,0.144,0.1442,662091.89
2025-11-30 20:00:00+00:00,0.1442,0.1447,0.144,0.1444,820990.03
2025-11-30 21:00:00+00:00,0.1444,0.1444,0.1433,0.1437,1056138.13
2025-11-30 22:00:00+00:00,0.1437,0.1445,0.1432,0.1439,849906.69
2025-11-30 23:00:00+00:00,0.1439,0.1439,0.1411,0.1413,2212116.63
2025-12-01 00:00:00+00:00,0.1413,0.1417,0.1336,0.1337,11531717.28
2025-12-01 01:00:00+00:00,0.1337,0.1361,0.1335,0.1347,4422357.78
2025-12-01 02:00:00+00:00,0.1347,0.1363,0.1344,0.1352,2886314.56
2025-12-01 03:00:00+00:00,0.1352,0.1353,0.1331,0.1334,2534697.56
2025-12-01 04:00:00+00:00,0.1334,0.134,0.1328,0.1332,2190044.84
2025-12-01 05:00:00+00:00,0.1332,0.1348,0.1332,0.1341,2049118.21
2025-12-01 06:00:00+00:00,0.1341,0.1346,0.1335,0.134,964671.39
2025-12-01 07:00:00+00:00,0.134,0.1346,0.1332,0.1346,1406931.2
2025-12-01 08:00:00+00:00,0.1346,0.1348,0.1335,0.134,1378714.15
2025-12-01 09:00:00+00:00,0.134,0.1345,0.1335,0.1336,1222752.81
2025-12-01 10:00:00+00:00,0.1336,0.1339,0.1331,0.1333,1051371.41
2025-12-01 11:00:00+00:00,0.1333,0.1333,0.1319,0.1322,1891854.48
2025-12-01 12:00:00+00:00,0.1322,0.1326,0.13,0.1324,3029658.58
2025-12-01 13:00:00+00:00,0.1324,0.1334,0.1317,0.1323,2595975.03
2025-12-01 14:00:00+00:00,0.1323,0.1345,0.1323,0.1329,2818831.44
2025-12-01 15:00:00+00:00,0.1329,0.1331,0.1302,0.1318,3968434.82
2025-12-01 16:00:00+00:00,0.1318,0.1323,0.1302,0.1308,2996199.49
2025-12-01 17:00:00+00:00,0.1308,0.1318,0.1305,0.1308,1701667.7
2025-12-01 18:00:00+00:00,0.1308,0.1323,0.1308,0.1319,2144451.64
2025-12-01 19:00:00+00:00,0.1319,0.1319,0.1306,0.1312,1674919.15
2025-12-01 20:00:00+00:00,0.1312,0.1334,0.1312,0.1332,2968574.84
2025-12-01 21:00:00+00:00,0.1332,0.1346,0.133,0.1335,2929243.01
2025-12-01 22:00:00+00:00,0.1335,0.1343,0.1331,0.1335,1708294.11
2025-12-01 23:00:00+00:00,0.1335,0.1343,0.1332,0.1332,1285944.77
2025-12-02 00:00:00+00:00,0.1332,0.1338,0.1331,0.1335,1198409.93
2025-12-02 01:00:00+00:00,0.1335,0.135,0.1328,0.1329,2411495.27
2025-12-02 02:00:00+00:00,0.1329,0.1335,0.1323,0.1324,1501511.49
2025-12-02 03:00:00+00:00,0.1324,0.133,0.1316,0.1328,1330577.79
2025-12-02 04:00:00+00:00,0.1328,0.1332,0.1324,0.1324,931358.07
2025-12-02 05:00:00+00:00,0.1324,0.1325,0.1317,0.132,917248.13
2025-12-02 06:00:00+00:00,0.132,0.1328,0.1315,0.1326,1231468.56
2025-12-02 07:00:00+00:00,0.1326,0.1326,0.1316,0.1319,769956.51
2025-12-02 08:00:00+00:00,0.1319,0.1319,0.1309,0.1313,1442128.82
2025-12-02 09:00:00+00:00,0.1313,0.1322,0.1313,0.1318,1208753.56
2025-12-02 10:00:00+00:00,0.1318,0.1335,0.1318,0.133,1432564.99
2025-12-02 11:00:00+00:00,0.133,0.1345,0.133,0.1343,1651843.67
2025-12-02 12:00:00+00:00,0.1343,0.1344,0.1334,0.1341,1289006.63
2025-12-02 13:00:00+00:00,0.1341,0.1357,0.1341,0.1355,2848944.46
2025-12-02 14:00:00+00:00,0.1355,0.1384,0.1354,0.1383,4687155.19
2025-12-02 15:00:00+00:00,0.1383,0.1427,0.1383,0.1423,8229662.74
2025-12-02 16:00:00+00:00,0.1423,0.1431,0.141,0.1415,5714468.79
2025-12-02 17:00:00+00:00,0.1415,0.1443,0.1413,0.1429,3862184.95
2025-12-02 18:00:00+00:00,0.1429,0.1444,0.1425,0.1435,3141115.92
2025-12-02 19:00:00+00:00,0.1435,0.1456,0.1435,0.1449,3067799.4
2025-12-02 20:00:00+00:00,0.1449,0.1451,0.144,0.145,3193398.82
2025-12-02 21:00:00+00:00,0.145,0.1458,0.1446,0.1456,2670706.52
2025-12-02 22:00:00+00:00,0.1456,0.1466,0.145,0.146,2920475.43
2025-12-02 23:00:00+00:00,0.146,0.1464,0.1444,0.1446,1331344.71
2025-12-03 00:00:00+00:00,0.1446,0.145,0.1433,0.1441,6718130.67
2025-12-03 01:00:00+00:00,0.1441,0.1449,0.1438,0.1445,1978621.34
2025-12-03 02:00:00+00:00,0.1445,0.1469,0.1445,0.1464,3305741.15
2025-12-03 03:00:00+00:00,0.1464,0.1475,0.1458,0.1467,2085494.7
2025-12-03 04:00:00+00:00,0.1467,0.1484,0.1461,0.1483,2389141.62
2025-12-03 05:00:00+00:00,0.1483,0.149,0.1481,0.1488,2563840.55
2025-12-03 06:00:00+00:00,0.1488,0.1502,0.1484,0.1488,4085086.25
2025-12-03 07:00:00+00:00,0.1488,0.1491,0.1485,0.1488,1419663.37
2025-12-03 08:00:00+00:00,0.1488,0.1491,0.1485,0.1489,1687589.35
2025-12-03 09:00:00+00:00,0.1489,0.1489,0.1471,0.1476,2089019.95
2025-12-03 10:00:00+00:00,0.1476,0.1478,0.1459,0.146,3010470.49
2025-12-03 11:00:00+00:00,0.146,0.1464,0.1457,0.1462,2037012.16
2025-12-03 12:00:00+00:00,0.1462,0.1466,0.1448,0.1453,2066417.23
2025-12-03 13:00:00+00:00,0.1453,0.1456,0.1448,0.1449,2147962.33
2025-12-03 14:00:00+00:00,0.1449,0.1467,0.1425,0.1445,8473391.81
2025-12-03 15:00:00+00:00,0.1445,0.1455,0.1439,0.1451,3547545.57
2025-12-03 16:00:00+00:00,0.1451,0.1459,0.144,0.1448,2036189.83
2025-12-03 17:00:00+00:00,0.1448,0.1465,0.1447,0.1465,2430738.11
2025-12-03 18:00:00+00:00,0.1465,0.1471,0.1453,0.1457,3057310.85
2025-12-03 19:00:00+00:00,0.1457,0.1464,0.1456,0.1464,2029753.86
2025-12-03 20:00:00+00:00,0.1464,0.1471,0.1458,0.1462,3690658.6
2025-12-03 21:00:00+00:00,0.1462,0.1471,0.1458,0.1469,2859103.55
2025-12-03 22:00:00+00:00,0.1469,0.1476,0.146,0.147,3992611.57
2025-12-03 23:00:00+00:00,0.147,0.1479,0.1459,0.146,2914882.58
2025-12-04 00:00:00+00:00,0.146,0.1464,0.1447,0.1451,2246786.6
2025-12-04 01:00:00+00:00,0.1451,0.1466,0.1443,0.1444,2760996.38
2025-12-04 02:00:00+00:00,0.1444,0.1456,0.1443,0.1447,1789389.71
2025-12-04 03:00:00+00:00,0.1447,0.145,0.1439,0.1443,1136510.87
2025-12-04 04:00:00+00:00,0.1443,0.1443,0.1434,0.1439,1148777.67
2025-12-04 05:00:00+00:00,0.1439,0.1444,0.1435,0.1437,1138435.66
2025-12-04 06:00:00+00:00,0.1437,0.1438,0.1429,0.1431,2317484.85
2025-12-04 07:00:00+00:00,0.1431,0.1431,0.1425,0.1429,1160045.98
2025-12-04 08:00:00+00:00,0.1429,0.1434,0.1421,0.1422,1512824.35
2025-12-04 09:00:00+00:00,0.1422,0.1428,0.1421,0.1421,1474835.31
2025-12-04 10:00:00+00:00,0.1421,0.1422,0.1415,0.1418,1286812.23
2025-12-04 11:00:00+00:00,0.1418,0.1421,0.1413,0.1417,2128549.78
2025-12-04 12:00:00+00:00,0.1417,0.1418,0.1412,0.1414,1038464.09
2025-12-04 13:00:00+00:00,0.1414,0.1416,0.1399,0.14,3108284.07
2025-12-04 14:00:00+00:00,0.14,0.1405,0.1389,0.139,3381978.04
2025-12-04 15:00:00+00:00,0.139,0.1421,0.139,0.1413,3455334.96
2025-12-04 16:00:00+00:00,0.1413,0.1423,0.1403,0.141,2814389.7
2025-12-04 17:00:00+00:00,0.141,0.1413,0.1399,0.1408,1469526.3
2025-12-04 18:00:00+00:00,0.1408,0.1409,0.1397,0.14,1252175.83
2025-12-04 19:00:00+00:00,0.14,0.14,0.1376,0.1399,3266641.05
2025-12-04 20:00:00+00:00,0.1399,0.1405,0.1391,0.1401,2058168.17
2025-12-04 21:00:00+00:00,0.1401,0.1404,0.139,0.1391,1145648.18
2025-12-04 22:00:00+00:00,0.1391,0.1396,0.1389,0.1391,725650.22
2025-12-04 23:00:00+00:00,0.1391,0.1397,0.139,0.1394,719525.9
2025-12-05 00:00:00+00:00,0.1394,0.14,0.1391,0.1394,1003831.61
2025-12-05 01:00:00+00:00,0.1394,0.1398,0.1391,0.1392,709887.13
<<<<<<< Updated upstream
<<<<<<< Updated upstream
<<<<<<< Updated upstream
2025-12-05 02:00:00+00:00,0.1392,0.1396,0.139,0.1395,282226.09
=======
2025-12-05 02:00:00+00:00,0.1392,0.1396,0.139,0.1395,333631.19
>>>>>>> Stashed changes
=======
2025-12-05 02:00:00+00:00,0.1392,0.1398,0.139,0.1398,412687.09
>>>>>>> Stashed changes
=======
2025-12-05 02:00:00+00:00,0.1392,0.1399,0.139,0.1398,455240.7
>>>>>>> Stashed changes
