time,open,high,low,close,volume
2025-09-12 17:00:00+00:00,238.81,241.3,238.27,240.25,113816580.98
2025-09-12 18:00:00+00:00,240.25,241.49,239.87,240.73,90824968.67
2025-09-12 19:00:00+00:00,240.73,241.26,239.61,241.0,102976616.24
2025-09-12 20:00:00+00:00,241.0,241.24,239.01,239.7,129699583.5
2025-09-12 21:00:00+00:00,239.7,240.3,238.35,240.1,79300573.09
2025-09-12 22:00:00+00:00,240.1,243.98,240.1,241.14,159119475.05
2025-09-12 23:00:00+00:00,241.14,242.69,239.99,242.18,83570903.28
2025-09-13 00:00:00+00:00,242.18,243.76,241.63,243.17,95948648.48
2025-09-13 01:00:00+00:00,243.17,244.14,241.59,241.62,95163245.28
2025-09-13 02:00:00+00:00,241.62,242.86,240.7,242.52,74505660.7
2025-09-13 03:00:00+00:00,242.52,243.99,241.85,243.63,68558852.02
2025-09-13 04:00:00+00:00,243.63,243.69,242.55,243.0,54713982.52
2025-09-13 05:00:00+00:00,243.0,243.35,241.25,241.69,60159070.44
2025-09-13 06:00:00+00:00,241.69,242.81,241.69,242.69,57381122.96
2025-09-13 07:00:00+00:00,242.69,243.18,242.36,242.46,37452335.6
2025-09-13 08:00:00+00:00,242.46,243.5,242.04,243.49,57438122.34
2025-09-13 09:00:00+00:00,243.49,243.72,242.74,243.45,68458637.13
2025-09-13 10:00:00+00:00,243.45,243.45,242.22,242.63,61964532.97
2025-09-13 11:00:00+00:00,242.63,242.64,241.28,241.93,62761764.66
2025-09-13 12:00:00+00:00,241.93,242.55,241.35,242.44,38149241.49
2025-09-13 13:00:00+00:00,242.44,243.08,238.35,240.07,135153331.29
2025-09-13 14:00:00+00:00,240.07,241.07,238.59,240.35,120149888.87
2025-09-13 15:00:00+00:00,240.35,240.85,238.52,239.44,77490025.94
2025-09-13 16:00:00+00:00,239.44,239.69,237.34,237.52,101143503.95
2025-09-13 17:00:00+00:00,237.52,238.4,235.84,237.79,115002394.08
2025-09-13 18:00:00+00:00,237.79,238.87,237.15,238.42,35810042.25
2025-09-13 19:00:00+00:00,238.42,239.32,238.08,238.97,36172412.25
2025-09-13 20:00:00+00:00,238.97,240.39,238.85,240.24,41189617.64
2025-09-13 21:00:00+00:00,240.24,241.44,239.88,240.1,39455779.34
2025-09-13 22:00:00+00:00,240.1,242.04,240.0,241.89,41292971.91
2025-09-13 23:00:00+00:00,241.89,243.16,241.7,242.37,73582876.56
2025-09-14 00:00:00+00:00,242.37,244.06,242.21,243.51,95787608.09
2025-09-14 01:00:00+00:00,243.51,246.56,242.83,245.79,135319792.45
2025-09-14 02:00:00+00:00,245.79,249.2,245.76,248.66,142317609.23
2025-09-14 03:00:00+00:00,248.66,249.61,246.8,246.88,100418223.73
2025-09-14 04:00:00+00:00,246.88,247.96,244.49,246.24,112837775.07
2025-09-14 05:00:00+00:00,246.24,248.07,246.03,247.71,51179974.81
2025-09-14 06:00:00+00:00,247.71,248.36,246.26,247.04,61229211.87
2025-09-14 07:00:00+00:00,247.04,247.23,245.73,246.4,57289716.62
2025-09-14 08:00:00+00:00,246.4,247.1,245.89,246.42,50711770.35
2025-09-14 09:00:00+00:00,246.42,247.76,246.13,247.76,53473773.49
2025-09-14 10:00:00+00:00,247.76,248.09,247.0,247.66,57712336.5
2025-09-14 11:00:00+00:00,247.66,247.91,245.56,246.09,63348817.16
2025-09-14 12:00:00+00:00,246.09,246.75,244.68,245.25,80606030.48
2025-09-14 13:00:00+00:00,245.25,245.89,243.31,243.77,99168256.95
2025-09-14 14:00:00+00:00,243.77,245.09,241.53,243.23,152520493.69
2025-09-14 15:00:00+00:00,243.23,244.26,241.87,243.81,81680629.75
2025-09-14 16:00:00+00:00,243.81,245.83,243.42,245.15,78242841.53
2025-09-14 17:00:00+00:00,245.15,248.44,244.55,247.92,109047353.48
2025-09-14 18:00:00+00:00,247.92,247.95,244.65,244.65,73412988.74
2025-09-14 19:00:00+00:00,244.65,245.27,242.13,242.51,120844626.93
2025-09-14 20:00:00+00:00,242.51,243.46,241.03,242.45,99403226.6
2025-09-14 21:00:00+00:00,242.45,244.72,240.6,244.14,92274766.91
2025-09-14 22:00:00+00:00,244.14,244.24,240.78,242.98,77830875.63
2025-09-14 23:00:00+00:00,242.98,242.98,239.4,239.76,67678256.6
2025-09-15 00:00:00+00:00,239.76,242.16,239.68,240.7,53381303.47
2025-09-15 01:00:00+00:00,240.7,241.77,239.15,241.12,59835846.31
2025-09-15 02:00:00+00:00,241.12,242.76,240.4,242.1,58900950.28
2025-09-15 03:00:00+00:00,242.1,243.4,242.01,242.64,53804239.82
2025-09-15 04:00:00+00:00,242.64,243.51,242.05,242.83,60563136.4
2025-09-15 05:00:00+00:00,242.83,243.97,242.6,243.97,47312385.44
2025-09-15 06:00:00+00:00,243.97,244.0,239.59,240.32,91633010.24
2025-09-15 07:00:00+00:00,240.32,241.28,236.47,237.97,156695642.95
2025-09-15 08:00:00+00:00,237.97,238.1,231.95,232.08,305298896.45
2025-09-15 09:00:00+00:00,232.08,235.59,231.63,235.58,163855849.27
2025-09-15 10:00:00+00:00,235.58,236.85,234.06,236.19,96454448.48
2025-09-15 11:00:00+00:00,236.19,236.95,235.2,236.45,95801889.29
2025-09-15 12:00:00+00:00,236.45,238.12,234.43,234.8,121234325.77
2025-09-15 13:00:00+00:00,234.8,237.12,234.18,235.21,133179362.81
2025-09-15 14:00:00+00:00,235.21,235.63,232.78,233.46,99803341.74
2025-09-15 15:00:00+00:00,233.46,234.41,231.98,233.0,130557857.4
2025-09-15 16:00:00+00:00,233.0,233.65,230.77,231.39,96358908.87
2025-09-15 17:00:00+00:00,231.39,233.36,230.16,233.3,97899531.64
2025-09-15 18:00:00+00:00,233.3,233.6,232.22,233.24,48198367.87
2025-09-15 19:00:00+00:00,233.24,234.67,231.89,233.0,83523879.54
2025-09-15 20:00:00+00:00,233.0,234.46,232.78,234.34,36150863.6
2025-09-15 21:00:00+00:00,234.34,235.38,233.71,235.19,41619107.21
2025-09-15 22:00:00+00:00,235.19,235.35,233.72,233.95,48511662.05
2025-09-15 23:00:00+00:00,233.95,234.53,233.06,234.33,35007151.74
2025-09-16 00:00:00+00:00,234.33,234.7,232.87,233.81,45701053.6
2025-09-16 01:00:00+00:00,233.81,235.69,233.8,233.97,71297590.09
2025-09-16 02:00:00+00:00,233.97,235.05,233.83,233.87,29380859.83
2025-09-16 03:00:00+00:00,233.87,235.8,233.86,235.09,48104561.32
2025-09-16 04:00:00+00:00,235.09,235.23,232.98,234.49,46157186.7
2025-09-16 05:00:00+00:00,234.49,236.57,234.38,236.55,73541937.46
2025-09-16 06:00:00+00:00,236.55,237.03,234.75,235.86,58451435.1
2025-09-16 07:00:00+00:00,235.86,236.42,235.36,235.78,34557142.71
2025-09-16 08:00:00+00:00,235.78,236.92,235.14,236.1,63065341.06
2025-09-16 09:00:00+00:00,236.1,236.36,234.89,235.31,37870045.88
2025-09-16 10:00:00+00:00,235.31,236.0,234.78,235.25,34282515.89
2025-09-16 11:00:00+00:00,235.25,235.91,234.81,235.37,45209654.9
2025-09-16 12:00:00+00:00,235.37,235.89,234.46,235.25,36792303.98
2025-09-16 13:00:00+00:00,235.25,235.64,231.47,233.09,129421654.87
2025-09-16 14:00:00+00:00,233.09,234.36,231.29,234.14,99348681.39
2025-09-16 15:00:00+00:00,234.14,238.06,233.13,237.78,154719452.02
2025-09-16 16:00:00+00:00,237.78,239.27,236.24,238.24,183152210.81
2025-09-16 17:00:00+00:00,238.24,240.94,237.84,238.16,149090627.82
2025-09-16 18:00:00+00:00,238.16,239.06,236.86,237.64,63324783.31
2025-09-16 19:00:00+00:00,237.64,238.36,237.13,237.82,52528006.4
2025-09-16 20:00:00+00:00,237.82,238.41,237.32,238.3,41363026.42
2025-09-16 21:00:00+00:00,238.3,238.78,237.15,238.54,40204673.44
2025-09-16 22:00:00+00:00,238.54,239.0,237.31,237.92,50711392.89
2025-09-16 23:00:00+00:00,237.92,238.2,236.47,236.95,54671011.6
2025-09-17 00:00:00+00:00,236.95,237.05,235.56,236.23,65384006.06
2025-09-17 01:00:00+00:00,236.23,236.94,235.86,236.31,37548827.09
2025-09-17 02:00:00+00:00,236.31,237.85,235.85,236.35,42684786.7
2025-09-17 03:00:00+00:00,236.35,236.52,233.85,234.08,75465042.52
2025-09-17 04:00:00+00:00,234.08,234.72,233.45,233.76,43950938.06
2025-09-17 05:00:00+00:00,233.76,235.44,233.23,235.07,88755668.07
2025-09-17 06:00:00+00:00,235.07,236.69,234.78,236.07,78497581.05
2025-09-17 07:00:00+00:00,236.07,238.08,235.73,237.7,78885780.9
2025-09-17 08:00:00+00:00,237.7,237.72,235.1,235.87,100258462.12
2025-09-17 09:00:00+00:00,235.87,236.31,235.2,235.2,33433002.97
2025-09-17 10:00:00+00:00,235.2,236.37,233.69,234.17,78439060.16
2025-09-17 11:00:00+00:00,234.17,234.72,233.93,234.17,37836045.04
2025-09-17 12:00:00+00:00,234.17,235.3,233.98,234.77,45422005.78
2025-09-17 13:00:00+00:00,234.77,235.98,234.19,235.47,68003449.23
2025-09-17 14:00:00+00:00,235.47,235.92,233.57,233.96,61549678.3
2025-09-17 15:00:00+00:00,233.96,235.2,233.67,233.91,70275036.59
2025-09-17 16:00:00+00:00,233.91,234.75,232.3,234.08,95991269.29
2025-09-17 17:00:00+00:00,234.08,237.07,232.87,235.71,131541273.91
2025-09-17 18:00:00+00:00,235.71,237.64,232.57,233.66,401351622.73
2025-09-17 19:00:00+00:00,233.66,239.06,233.55,238.79,177478889.66
2025-09-17 20:00:00+00:00,238.79,241.22,237.61,238.04,123180020.47
2025-09-17 21:00:00+00:00,238.04,240.68,236.0,240.26,94435368.9
2025-09-17 22:00:00+00:00,240.26,245.69,240.26,244.89,188737307.7
2025-09-17 23:00:00+00:00,244.89,246.62,243.85,244.83,124633737.81
2025-09-18 00:00:00+00:00,244.83,246.08,244.15,244.73,80458099.72
2025-09-18 01:00:00+00:00,244.73,247.49,244.5,246.3,91101511.81
2025-09-18 02:00:00+00:00,246.3,246.59,245.1,246.42,61543584.28
2025-09-18 03:00:00+00:00,246.42,247.9,246.11,246.71,101148769.17
2025-09-18 04:00:00+00:00,246.71,246.97,245.6,246.26,61247980.83
2025-09-18 05:00:00+00:00,246.26,246.36,244.35,244.92,48023243.77
2025-09-18 06:00:00+00:00,244.92,245.06,242.6,244.28,99199143.54
2025-09-18 07:00:00+00:00,244.28,245.3,244.28,244.73,47002897.9
2025-09-18 08:00:00+00:00,244.73,247.14,244.35,247.01,79727382.89
2025-09-18 09:00:00+00:00,247.01,247.1,246.13,247.08,46724980.15
2025-09-18 10:00:00+00:00,247.08,247.1,245.31,246.05,51859509.82
2025-09-18 11:00:00+00:00,246.05,247.03,245.63,245.96,56145540.27
2025-09-18 12:00:00+00:00,245.96,246.89,245.84,246.03,45545472.23
2025-09-18 13:00:00+00:00,246.03,248.3,245.02,246.15,142894264.97
2025-09-18 14:00:00+00:00,246.15,248.12,246.13,247.73,98583760.61
2025-09-18 15:00:00+00:00,247.73,248.97,247.29,248.24,103727733.43
2025-09-18 16:00:00+00:00,248.24,250.2,247.67,249.83,150949092.11
2025-09-18 17:00:00+00:00,249.83,253.5,249.26,251.37,256372029.83
2025-09-18 18:00:00+00:00,251.37,251.43,249.83,250.43,76314810.57
2025-09-18 19:00:00+00:00,250.43,250.48,247.33,248.33,90899749.69
2025-09-18 20:00:00+00:00,248.33,249.18,247.85,248.32,55603286.73
2025-09-18 21:00:00+00:00,248.32,248.64,247.44,247.62,38935475.43
2025-09-18 22:00:00+00:00,247.62,248.16,246.91,247.09,57803696.39
2025-09-18 23:00:00+00:00,247.09,247.71,245.89,247.5,75954121.76
2025-09-19 00:00:00+00:00,247.5,248.32,247.16,248.18,49840152.68
2025-09-19 01:00:00+00:00,248.18,248.55,246.81,247.48,51407580.73
2025-09-19 02:00:00+00:00,247.48,248.03,246.44,246.71,38103556.96
2025-09-19 03:00:00+00:00,246.71,247.75,244.69,245.03,92181163.39
2025-09-19 04:00:00+00:00,245.03,245.36,242.87,245.01,117633113.88
2025-09-19 05:00:00+00:00,245.01,245.73,244.29,245.67,61998832.38
2025-09-19 06:00:00+00:00,245.67,245.68,243.52,243.63,50769612.09
2025-09-19 07:00:00+00:00,243.63,244.88,243.16,243.83,65640374.04
2025-09-19 08:00:00+00:00,243.83,244.84,243.48,243.8,43041612.23
2025-09-19 09:00:00+00:00,243.8,244.31,242.17,242.88,57545918.0
2025-09-19 10:00:00+00:00,242.88,243.0,241.78,242.33,62879094.26
2025-09-19 11:00:00+00:00,242.33,242.42,240.12,240.93,93664265.97
2025-09-19 12:00:00+00:00,240.93,242.05,240.45,240.85,62322474.57
2025-09-19 13:00:00+00:00,240.85,242.3,240.66,242.11,69967263.33
2025-09-19 14:00:00+00:00,242.11,242.71,239.55,239.6,100578020.88
2025-09-19 15:00:00+00:00,239.6,239.6,235.84,237.55,259813779.68
2025-09-19 16:00:00+00:00,237.55,238.88,237.22,238.63,57201721.21
2025-09-19 17:00:00+00:00,238.63,238.69,236.48,236.65,69656903.8
2025-09-19 18:00:00+00:00,236.65,237.08,235.22,236.98,75316498.87
2025-09-19 19:00:00+00:00,236.98,237.94,235.92,235.95,80069652.85
2025-09-19 20:00:00+00:00,235.95,237.76,235.95,237.02,45329918.31
2025-09-19 21:00:00+00:00,237.02,238.4,236.44,238.39,37315480.39
2025-09-19 22:00:00+00:00,238.39,238.85,238.33,238.53,23232856.74
2025-09-19 23:00:00+00:00,238.53,238.56,236.8,238.53,35160167.17
2025-09-20 00:00:00+00:00,238.53,239.7,238.29,239.67,47304690.0
2025-09-20 01:00:00+00:00,239.67,239.98,238.41,238.42,46544175.81
2025-09-20 02:00:00+00:00,238.42,238.53,237.37,238.39,32055993.22
2025-09-20 03:00:00+00:00,238.39,238.41,237.78,238.09,24936425.43
2025-09-20 04:00:00+00:00,238.09,238.88,237.75,238.71,22981263.72
2025-09-20 05:00:00+00:00,238.71,239.5,238.47,239.42,23355029.87
2025-09-20 06:00:00+00:00,239.42,239.42,238.73,239.14,20131715.02
2025-09-20 07:00:00+00:00,239.14,239.78,238.99,239.78,26998168.22
2025-09-20 08:00:00+00:00,239.78,239.78,237.51,237.63,30057129.33
2025-09-20 09:00:00+00:00,237.63,238.1,237.2,237.24,27778420.36
2025-09-20 10:00:00+00:00,237.24,237.83,236.91,237.33,24311081.85
2025-09-20 11:00:00+00:00,237.33,238.44,237.33,238.16,25182160.45
2025-09-20 12:00:00+00:00,238.16,238.21,237.29,237.68,29084955.1
2025-09-20 13:00:00+00:00,237.68,238.09,237.37,237.44,19435887.7
2025-09-20 14:00:00+00:00,237.44,238.98,237.06,238.76,36460907.63
2025-09-20 15:00:00+00:00,238.76,241.21,238.76,240.1,113649837.58
2025-09-20 16:00:00+00:00,240.1,241.09,239.24,240.4,45938409.43
2025-09-20 17:00:00+00:00,240.4,240.55,238.92,239.13,31572944.3
2025-09-20 18:00:00+00:00,239.13,239.13,238.24,238.41,25238392.99
2025-09-20 19:00:00+00:00,238.41,239.04,237.99,238.63,23666947.46
2025-09-20 20:00:00+00:00,238.63,239.93,238.44,239.72,33602390.53
2025-09-20 21:00:00+00:00,239.72,240.31,239.47,239.79,22465988.58
2025-09-20 22:00:00+00:00,239.79,240.21,239.35,240.11,17896516.82
2025-09-20 23:00:00+00:00,240.11,240.2,239.01,239.48,17852227.94
2025-09-21 00:00:00+00:00,239.48,240.68,238.96,240.68,23712071.94
2025-09-21 01:00:00+00:00,240.68,240.75,239.89,240.11,29427849.82
2025-09-21 02:00:00+00:00,240.11,241.1,239.88,241.1,39685992.52
2025-09-21 03:00:00+00:00,241.1,241.78,240.48,241.77,28971850.9
2025-09-21 04:00:00+00:00,241.77,241.81,240.37,240.51,29596142.36
2025-09-21 05:00:00+00:00,240.51,240.79,240.17,240.39,21058865.4
2025-09-21 06:00:00+00:00,240.39,241.05,240.17,240.31,26080674.34
2025-09-21 07:00:00+00:00,240.31,240.32,239.46,239.87,26154693.28
2025-09-21 08:00:00+00:00,239.87,240.09,238.54,238.84,26183203.21
2025-09-21 09:00:00+00:00,238.84,239.02,237.12,238.48,55797028.96
2025-09-21 10:00:00+00:00,238.48,239.22,238.05,238.38,25324748.64
2025-09-21 11:00:00+00:00,238.38,239.07,238.21,238.64,21504538.28
2025-09-21 12:00:00+00:00,238.64,240.03,238.55,239.51,23620515.16
2025-09-21 13:00:00+00:00,239.51,240.29,239.18,239.54,22899837.64
2025-09-21 14:00:00+00:00,239.54,239.9,238.45,238.58,28620835.1
2025-09-21 15:00:00+00:00,238.58,238.73,237.71,237.92,32932798.87
2025-09-21 16:00:00+00:00,237.92,238.41,236.1,237.04,60829547.47
2025-09-21 17:00:00+00:00,237.04,237.85,236.28,237.82,32436618.12
2025-09-21 18:00:00+00:00,237.82,238.13,237.21,238.12,21552000.43
2025-09-21 19:00:00+00:00,238.12,238.16,237.16,237.99,18440922.93
2025-09-21 20:00:00+00:00,237.99,238.04,237.24,237.65,17435620.52
2025-09-21 21:00:00+00:00,237.65,237.76,236.71,237.29,22194812.53
2025-09-21 22:00:00+00:00,237.29,238.12,235.34,237.93,57835370.25
2025-09-21 23:00:00+00:00,237.93,237.93,235.97,236.17,35753238.03
2025-09-22 00:00:00+00:00,236.17,236.96,231.34,232.27,225418059.87
2025-09-22 01:00:00+00:00,232.27,234.75,232.11,233.2,106531684.26
2025-09-22 02:00:00+00:00,233.2,233.93,230.52,231.72,123770391.83
2025-09-22 03:00:00+00:00,231.72,233.04,231.67,232.82,48549228.76
2025-09-22 04:00:00+00:00,232.82,233.16,231.61,231.75,37664338.21
2025-09-22 05:00:00+00:00,231.75,231.95,227.56,227.56,91650629.86
2025-09-22 06:00:00+00:00,227.56,227.73,218.66,224.46,547506041.08
2025-09-22 07:00:00+00:00,224.46,224.5,221.84,221.9,149674413.1
2025-09-22 08:00:00+00:00,221.9,222.79,220.97,221.51,87892448.78
2025-09-22 09:00:00+00:00,221.51,221.67,219.36,220.49,145962529.03
2025-09-22 10:00:00+00:00,220.49,222.67,219.94,222.41,81871683.02
2025-09-22 11:00:00+00:00,222.41,222.78,221.09,221.51,61422958.72
2025-09-22 12:00:00+00:00,221.51,222.98,220.63,222.91,63138051.59
2025-09-22 13:00:00+00:00,222.91,224.03,221.39,223.75,103423269.04
2025-09-22 14:00:00+00:00,223.75,224.01,220.95,221.39,97596542.19
2025-09-22 15:00:00+00:00,221.39,221.76,219.97,220.74,100880880.32
2025-09-22 16:00:00+00:00,220.74,221.52,219.21,219.7,103513479.57
2025-09-22 17:00:00+00:00,219.7,221.4,217.92,221.1,127576117.02
2025-09-22 18:00:00+00:00,221.1,221.21,219.46,219.46,39447076.79
2025-09-22 19:00:00+00:00,219.46,219.58,216.63,217.11,132866205.34
2025-09-22 20:00:00+00:00,217.11,219.75,216.47,219.45,67156603.35
2025-09-22 21:00:00+00:00,219.45,221.08,218.99,220.89,52610182.79
2025-09-22 22:00:00+00:00,220.89,220.89,219.71,219.84,40612775.03
2025-09-22 23:00:00+00:00,219.84,220.58,219.73,220.38,34168093.15
2025-09-23 00:00:00+00:00,220.38,221.4,219.43,219.69,49378448.84
2025-09-23 01:00:00+00:00,219.69,219.91,216.58,216.61,67152282.48
2025-09-23 02:00:00+00:00,216.61,217.86,213.69,214.11,101807633.41
2025-09-23 03:00:00+00:00,214.11,217.82,212.35,216.94,154263990.04
2025-09-23 04:00:00+00:00,216.94,217.42,214.04,215.78,72122515.99
2025-09-23 05:00:00+00:00,215.78,217.81,214.69,216.97,60339087.65
2025-09-23 06:00:00+00:00,216.97,220.19,216.96,219.22,85870236.64
2025-09-23 07:00:00+00:00,219.22,219.47,218.63,219.0,43804682.6
2025-09-23 08:00:00+00:00,219.0,220.34,218.46,220.07,54492907.25
2025-09-23 09:00:00+00:00,220.07,220.86,218.24,218.67,54919925.98
2025-09-23 10:00:00+00:00,218.67,219.26,218.24,219.08,32764143.75
2025-09-23 11:00:00+00:00,219.08,219.62,217.88,219.34,32386687.52
2025-09-23 12:00:00+00:00,219.34,220.63,218.75,219.88,47071092.39
2025-09-23 13:00:00+00:00,219.88,220.17,218.59,219.04,48986093.33
2025-09-23 14:00:00+00:00,219.04,220.64,217.62,217.69,73552432.62
2025-09-23 15:00:00+00:00,217.69,219.92,217.0,219.28,61883147.99
2025-09-23 16:00:00+00:00,219.28,221.58,217.85,220.44,77356258.33
2025-09-23 17:00:00+00:00,220.44,220.58,215.91,216.73,72471377.99
2025-09-23 18:00:00+00:00,216.73,217.19,215.2,215.78,75137858.01
2025-09-23 19:00:00+00:00,215.78,217.15,214.38,214.54,87541165.26
2025-09-23 20:00:00+00:00,214.54,215.32,213.27,215.28,79986191.9
2025-09-23 21:00:00+00:00,215.28,216.68,214.49,215.84,36062593.27
2025-09-23 22:00:00+00:00,215.84,216.44,214.77,215.29,31781940.58
2025-09-23 23:00:00+00:00,215.29,215.96,213.24,213.3,35639877.96
2025-09-24 00:00:00+00:00,213.3,215.61,213.3,213.45,46340368.81
2025-09-24 01:00:00+00:00,213.45,216.41,212.84,216.2,44866948.73
2025-09-24 02:00:00+00:00,216.2,216.44,213.28,214.29,85496128.02
2025-09-24 03:00:00+00:00,214.29,214.67,207.84,208.52,274829477.76
2025-09-24 04:00:00+00:00,208.52,209.18,205.23,208.05,270976395.54
2025-09-24 05:00:00+00:00,208.05,210.53,207.83,209.75,96794067.43
2025-09-24 06:00:00+00:00,209.75,211.44,208.64,210.97,133762439.74
2025-09-24 07:00:00+00:00,210.97,211.04,209.57,210.62,78681904.73
2025-09-24 08:00:00+00:00,210.62,211.2,210.02,210.88,43763713.02
2025-09-24 09:00:00+00:00,210.88,211.17,209.86,210.98,40065853.39
2025-09-24 10:00:00+00:00,210.98,211.47,210.13,210.9,47926034.25
2025-09-24 11:00:00+00:00,210.9,212.59,210.74,212.35,62471769.74
2025-09-24 12:00:00+00:00,212.35,213.37,211.79,211.95,56410707.37
2025-09-24 13:00:00+00:00,211.95,213.14,211.47,211.62,59074288.01
2025-09-24 14:00:00+00:00,211.62,216.23,211.44,215.61,93014334.55
2025-09-24 15:00:00+00:00,215.61,216.05,213.3,213.59,107994887.56
2025-09-24 16:00:00+00:00,213.59,214.44,213.23,213.85,48218556.69
2025-09-24 17:00:00+00:00,213.85,215.48,213.5,215.16,42704263.18
2025-09-24 18:00:00+00:00,215.16,215.2,213.36,213.92,34361345.24
2025-09-24 19:00:00+00:00,213.92,214.2,212.42,213.18,42346595.85
2025-09-24 20:00:00+00:00,213.18,213.23,210.94,212.12,48411435.46
2025-09-24 21:00:00+00:00,212.12,212.61,210.74,211.27,27642658.68
2025-09-24 22:00:00+00:00,211.27,212.31,210.94,211.73,35874463.55
2025-09-24 23:00:00+00:00,211.73,212.24,211.3,211.6,33713862.24
2025-09-25 00:00:00+00:00,211.6,212.43,210.27,210.73,53504574.97
2025-09-25 01:00:00+00:00,210.73,211.2,207.86,208.21,108620040.16
2025-09-25 02:00:00+00:00,208.21,211.87,206.83,210.05,107658714.75
2025-09-25 03:00:00+00:00,210.05,210.11,206.05,207.3,103712670.74
2025-09-25 04:00:00+00:00,207.3,207.61,203.12,204.36,191768865.92
2025-09-25 05:00:00+00:00,204.36,205.91,203.25,205.45,67328655.89
2025-09-25 06:00:00+00:00,205.45,205.72,203.38,203.64,60901773.07
2025-09-25 07:00:00+00:00,203.64,205.22,203.33,204.2,48754773.77
2025-09-25 08:00:00+00:00,204.2,205.64,203.63,204.32,52327116.52
2025-09-25 09:00:00+00:00,204.32,205.88,201.86,202.25,116246541.95
2025-09-25 10:00:00+00:00,202.25,203.7,201.95,202.0,65777808.75
2025-09-25 11:00:00+00:00,202.0,202.51,200.72,201.36,98818092.59
2025-09-25 12:00:00+00:00,201.36,202.57,197.71,198.59,208608255.39
2025-09-25 13:00:00+00:00,198.59,201.6,197.59,200.78,149822315.36
2025-09-25 14:00:00+00:00,200.78,204.01,200.78,202.66,102953335.0
2025-09-25 15:00:00+00:00,202.66,203.11,200.37,201.13,70743179.43
2025-09-25 16:00:00+00:00,201.13,201.94,198.41,198.73,88705420.45
2025-09-25 17:00:00+00:00,198.73,198.92,193.73,194.84,276103848.09
2025-09-25 18:00:00+00:00,194.84,199.61,194.47,199.46,164610546.31
2025-09-25 19:00:00+00:00,199.46,200.89,197.38,198.09,113206242.35
2025-09-25 20:00:00+00:00,198.09,198.69,195.23,196.22,76703960.13
2025-09-25 21:00:00+00:00,196.22,197.37,194.76,196.35,73006051.36
2025-09-25 22:00:00+00:00,196.35,197.55,193.91,194.64,69756149.02
2025-09-25 23:00:00+00:00,194.64,196.06,191.53,192.74,149863369.74
2025-09-26 00:00:00+00:00,192.74,195.94,192.54,195.7,92326047.56
2025-09-26 01:00:00+00:00,195.7,197.16,195.19,195.89,87041854.73
2025-09-26 02:00:00+00:00,195.89,197.54,195.45,196.46,67604481.81
2025-09-26 03:00:00+00:00,196.46,197.36,195.16,196.48,49572475.63
2025-09-26 04:00:00+00:00,196.48,197.41,195.12,195.75,42647423.52
2025-09-26 05:00:00+00:00,195.75,197.29,194.44,195.09,55377298.64
2025-09-26 06:00:00+00:00,195.09,196.98,193.77,195.2,80936734.64
2025-09-26 07:00:00+00:00,195.2,196.83,194.06,196.31,84179768.42
2025-09-26 08:00:00+00:00,196.31,196.97,195.76,196.16,57328186.2
2025-09-26 09:00:00+00:00,196.16,196.55,193.77,194.64,59128330.5
2025-09-26 10:00:00+00:00,194.64,194.71,191.8,192.12,82984287.81
2025-09-26 11:00:00+00:00,192.12,194.0,190.83,193.47,95431349.21
2025-09-26 12:00:00+00:00,193.47,198.12,192.16,196.66,196640818.87
2025-09-26 13:00:00+00:00,196.66,197.37,194.46,197.15,121874982.8
2025-09-26 14:00:00+00:00,197.15,197.31,193.33,194.43,168706352.87
2025-09-26 15:00:00+00:00,194.43,196.82,194.23,196.03,87442227.89
2025-09-26 16:00:00+00:00,196.03,199.78,195.81,199.6,135821952.23
2025-09-26 17:00:00+00:00,199.6,202.0,199.19,201.42,138928081.65
2025-09-26 18:00:00+00:00,201.42,202.63,200.88,201.83,91233975.07
2025-09-26 19:00:00+00:00,201.83,201.96,199.04,200.68,112431366.42
2025-09-26 20:00:00+00:00,200.68,200.91,199.57,199.97,47203322.81
2025-09-26 21:00:00+00:00,199.97,202.55,199.76,202.31,57039401.1
2025-09-26 22:00:00+00:00,202.31,203.95,201.86,203.55,63482791.16
2025-09-26 23:00:00+00:00,203.55,205.47,202.83,205.15,61357466.5
2025-09-27 00:00:00+00:00,205.15,205.33,204.05,205.18,58864867.72
2025-09-27 01:00:00+00:00,205.18,205.42,203.58,204.36,55169303.91
2025-09-27 02:00:00+00:00,204.36,204.77,203.66,203.71,33589367.89
2025-09-27 03:00:00+00:00,203.71,205.08,203.63,203.89,47562036.03
2025-09-27 04:00:00+00:00,203.89,204.13,203.19,203.66,47719336.59
2025-09-27 05:00:00+00:00,203.66,203.66,202.25,202.48,39820480.1
2025-09-27 06:00:00+00:00,202.48,202.65,201.77,202.64,29953524.09
2025-09-27 07:00:00+00:00,202.64,203.12,201.53,202.06,40222787.53
2025-09-27 08:00:00+00:00,202.06,202.21,200.86,200.93,41664293.03
2025-09-27 09:00:00+00:00,200.93,201.5,199.89,201.18,50848977.51
2025-09-27 10:00:00+00:00,201.18,202.05,200.51,201.63,34147853.02
2025-09-27 11:00:00+00:00,201.63,202.02,201.31,201.7,19730709.8
2025-09-27 12:00:00+00:00,201.7,203.0,200.97,202.45,39379868.8
2025-09-27 13:00:00+00:00,202.45,203.39,202.17,202.9,34646293.37
2025-09-27 14:00:00+00:00,202.9,203.76,202.33,202.69,28491440.93
2025-09-27 15:00:00+00:00,202.69,203.69,201.8,203.53,31293760.71
2025-09-27 16:00:00+00:00,203.53,203.6,202.74,202.91,30139748.83
2025-09-27 17:00:00+00:00,202.91,202.93,200.9,201.88,44713825.24
2025-09-27 18:00:00+00:00,201.88,202.17,200.9,201.65,41175960.0
2025-09-27 19:00:00+00:00,201.65,202.34,201.3,202.2,13060844.36
2025-09-27 20:00:00+00:00,202.2,202.88,201.9,202.63,12867589.3
2025-09-27 21:00:00+00:00,202.63,204.05,202.28,203.82,18172355.7
2025-09-27 22:00:00+00:00,203.82,204.91,203.42,203.9,27426940.99
2025-09-27 23:00:00+00:00,203.9,204.3,203.24,203.45,24050027.85
2025-09-28 00:00:00+00:00,203.45,204.06,202.57,202.95,41646027.48
2025-09-28 01:00:00+00:00,202.95,203.18,201.0,201.14,38427787.11
2025-09-28 02:00:00+00:00,201.14,202.06,201.01,201.47,25533168.19
2025-09-28 03:00:00+00:00,201.47,201.95,200.78,201.4,21302733.13
2025-09-28 04:00:00+00:00,201.4,201.99,201.2,201.9,18705010.67
2025-09-28 05:00:00+00:00,201.9,202.45,201.17,201.3,21522990.3
2025-09-28 06:00:00+00:00,201.3,201.8,200.39,201.72,28028051.45
2025-09-28 07:00:00+00:00,201.72,202.3,201.16,202.1,15646001.41
2025-09-28 08:00:00+00:00,202.1,202.7,201.42,201.82,24454765.32
2025-09-28 09:00:00+00:00,201.82,202.01,200.65,200.7,32256035.78
2025-09-28 10:00:00+00:00,200.7,201.05,200.22,200.83,23941367.63
2025-09-28 11:00:00+00:00,200.83,200.88,199.24,199.86,33129330.58
2025-09-28 12:00:00+00:00,199.86,199.96,198.01,198.44,46841953.24
2025-09-28 13:00:00+00:00,198.44,201.39,198.3,201.17,34195627.61
2025-09-28 14:00:00+00:00,201.17,201.98,200.44,201.89,30528751.82
2025-09-28 15:00:00+00:00,201.89,203.54,201.84,203.41,51397850.38
2025-09-28 16:00:00+00:00,203.41,204.72,203.27,204.05,41595346.5
2025-09-28 17:00:00+00:00,204.05,205.84,203.98,205.04,65047155.65
2025-09-28 18:00:00+00:00,205.04,206.36,204.81,206.12,32836695.06
2025-09-28 19:00:00+00:00,206.12,206.66,205.42,206.18,21368800.67
2025-09-28 20:00:00+00:00,206.18,207.78,206.02,206.81,44163691.25
2025-09-28 21:00:00+00:00,206.81,207.27,206.54,207.22,22948388.94
2025-09-28 22:00:00+00:00,207.22,209.96,207.22,209.54,104710416.06
2025-09-28 23:00:00+00:00,209.54,210.97,209.54,210.83,68138817.43
2025-09-29 00:00:00+00:00,210.83,210.87,209.03,209.2,57142674.12
2025-09-29 01:00:00+00:00,209.2,209.95,208.78,209.42,41242382.35
2025-09-29 02:00:00+00:00,209.42,210.83,208.95,209.7,73237068.45
2025-09-29 03:00:00+00:00,209.7,210.36,209.13,210.27,38509151.31
2025-09-29 04:00:00+00:00,210.27,210.64,209.83,210.05,41593333.28
2025-09-29 05:00:00+00:00,210.05,210.18,208.8,209.12,46205832.41
2025-09-29 06:00:00+00:00,209.12,209.19,207.82,208.15,56927849.68
2025-09-29 07:00:00+00:00,208.15,209.32,207.39,208.94,48689384.71
2025-09-29 08:00:00+00:00,208.94,209.66,208.26,208.91,36810066.55
2025-09-29 09:00:00+00:00,208.91,209.12,207.88,208.2,35561125.37
2025-09-29 10:00:00+00:00,208.2,208.32,206.49,206.6,38812027.28
2025-09-29 11:00:00+00:00,206.6,207.45,206.03,207.07,42832138.15
2025-09-29 12:00:00+00:00,207.07,208.03,205.25,205.44,58415946.43
2025-09-29 13:00:00+00:00,205.44,209.47,204.62,208.85,119728468.51
2025-09-29 14:00:00+00:00,208.85,212.83,208.69,212.36,182122426.6
2025-09-29 15:00:00+00:00,212.36,213.49,209.76,210.06,125782418.14
2025-09-29 16:00:00+00:00,210.06,211.56,208.36,208.72,72094925.5
2025-09-29 17:00:00+00:00,208.72,210.31,207.67,210.17,69626736.27
2025-09-29 18:00:00+00:00,210.17,210.75,209.13,210.75,41463216.63
2025-09-29 19:00:00+00:00,210.75,213.5,210.45,212.93,75100925.64
2025-09-29 20:00:00+00:00,212.93,214.52,212.51,214.41,75890527.98
2025-09-29 21:00:00+00:00,214.41,214.74,213.69,214.16,37615993.35
2025-09-29 22:00:00+00:00,214.16,214.26,213.05,213.58,39499603.0
2025-09-29 23:00:00+00:00,213.58,213.96,212.44,212.74,45148012.47
2025-09-30 00:00:00+00:00,212.74,213.67,211.23,211.33,78187194.44
2025-09-30 01:00:00+00:00,211.33,212.96,209.83,210.58,89324948.82
2025-09-30 02:00:00+00:00,210.58,211.24,210.0,210.53,46696236.2
2025-09-30 03:00:00+00:00,210.53,211.46,210.14,210.7,31965966.26
2025-09-30 04:00:00+00:00,210.7,211.71,210.21,210.22,34626593.83
2025-09-30 05:00:00+00:00,210.22,210.75,208.97,210.01,52402939.3
2025-09-30 06:00:00+00:00,210.01,210.89,209.5,210.3,32316361.56
2025-09-30 07:00:00+00:00,210.3,210.81,208.55,209.0,42481364.39
2025-09-30 08:00:00+00:00,209.0,209.0,207.72,207.79,49107606.56
2025-09-30 09:00:00+00:00,207.79,207.94,205.57,205.9,81911972.77
2025-09-30 10:00:00+00:00,205.9,206.99,205.55,206.57,47572673.12
2025-09-30 11:00:00+00:00,206.57,207.26,205.92,207.07,49136711.17
2025-09-30 12:00:00+00:00,207.07,207.47,205.99,206.18,33581702.95
2025-09-30 13:00:00+00:00,206.18,209.59,205.69,207.7,92322073.09
2025-09-30 14:00:00+00:00,207.7,208.87,206.09,208.79,63424460.66
2025-09-30 15:00:00+00:00,208.79,208.81,204.8,206.0,101991237.1
2025-09-30 16:00:00+00:00,206.0,206.31,204.29,205.12,80889597.76
2025-09-30 17:00:00+00:00,205.12,206.29,204.73,205.64,68039960.41
2025-09-30 18:00:00+00:00,205.64,207.84,205.34,207.58,47787723.36
2025-09-30 19:00:00+00:00,207.58,209.21,207.14,208.93,78923550.2
2025-09-30 20:00:00+00:00,208.93,210.21,208.18,209.87,48358045.73
2025-09-30 21:00:00+00:00,209.87,210.98,209.26,209.61,83359093.86
2025-09-30 22:00:00+00:00,209.61,210.95,207.84,208.07,79670765.64
2025-09-30 23:00:00+00:00,208.07,208.87,207.44,208.69,53251796.67
2025-10-01 00:00:00+00:00,208.69,209.41,206.45,207.54,53794021.92
2025-10-01 01:00:00+00:00,207.54,210.72,207.14,210.6,75222601.02
2025-10-01 02:00:00+00:00,210.6,210.9,209.15,209.2,64214551.6
2025-10-01 03:00:00+00:00,209.2,209.58,206.61,206.69,70684005.1
2025-10-01 04:00:00+00:00,206.69,209.5,206.39,208.49,57785542.24
2025-10-01 05:00:00+00:00,208.49,209.99,208.48,208.98,44096799.99
2025-10-01 06:00:00+00:00,208.98,209.51,207.85,207.98,42592277.6
2025-10-01 07:00:00+00:00,207.98,210.34,207.89,210.17,35855313.7
2025-10-01 08:00:00+00:00,210.17,217.2,209.87,216.55,228717354.82
2025-10-01 09:00:00+00:00,216.55,217.95,215.8,217.57,116693061.11
2025-10-01 10:00:00+00:00,217.57,217.72,216.07,216.6,64320851.97
2025-10-01 11:00:00+00:00,216.6,217.88,216.59,217.76,43326607.65
2025-10-01 12:00:00+00:00,217.76,219.38,217.17,218.5,96223856.02
2025-10-01 13:00:00+00:00,218.5,219.94,218.34,219.37,89892899.02
2025-10-01 14:00:00+00:00,219.37,220.66,218.88,219.52,102822230.51
2025-10-01 15:00:00+00:00,219.52,220.27,218.75,220.24,75441881.02
2025-10-01 16:00:00+00:00,220.24,220.98,218.88,219.09,79207784.44
2025-10-01 17:00:00+00:00,219.09,219.74,217.35,217.39,77552645.38
2025-10-01 18:00:00+00:00,217.39,219.65,217.39,219.13,45903321.26
2025-10-01 19:00:00+00:00,219.13,220.44,219.02,220.06,45239570.53
2025-10-01 20:00:00+00:00,220.06,220.27,219.24,219.47,37087166.39
2025-10-01 21:00:00+00:00,219.47,219.47,218.44,219.03,37979163.85
2025-10-01 22:00:00+00:00,219.03,219.96,219.02,219.57,32469618.9
2025-10-01 23:00:00+00:00,219.57,222.66,219.43,222.04,69677916.82
2025-10-02 00:00:00+00:00,222.04,222.45,219.72,219.82,109125538.4
2025-10-02 01:00:00+00:00,219.82,223.05,219.53,222.84,70062274.62
2025-10-02 02:00:00+00:00,222.84,224.08,221.41,223.28,83086496.3
2025-10-02 03:00:00+00:00,223.28,225.01,222.87,223.79,83687335.73
2025-10-02 04:00:00+00:00,223.79,224.98,222.73,223.81,62575207.34
2025-10-02 05:00:00+00:00,223.81,226.54,223.81,224.14,97166926.04
2025-10-02 06:00:00+00:00,224.14,225.79,223.56,224.94,113664820.78
2025-10-02 07:00:00+00:00,224.94,225.25,222.45,222.91,70480891.97
2025-10-02 08:00:00+00:00,222.91,224.74,222.7,224.72,48179630.07
2025-10-02 09:00:00+00:00,224.72,225.59,224.03,225.15,65148533.33
2025-10-02 10:00:00+00:00,225.15,225.72,224.83,225.11,46121094.8
2025-10-02 11:00:00+00:00,225.11,226.65,224.77,225.27,68174236.67
2025-10-02 12:00:00+00:00,225.27,227.39,225.01,227.27,89435565.53
2025-10-02 13:00:00+00:00,227.27,227.42,224.64,226.51,131426830.86
2025-10-02 14:00:00+00:00,226.51,226.7,223.16,223.6,109062078.03
2025-10-02 15:00:00+00:00,223.6,227.3,222.6,227.17,130262362.94
2025-10-02 16:00:00+00:00,227.17,229.28,226.35,227.99,143369766.21
2025-10-02 17:00:00+00:00,227.99,230.31,227.41,229.82,101181131.39
2025-10-02 18:00:00+00:00,229.82,233.16,229.77,232.34,143485787.07
2025-10-02 19:00:00+00:00,232.34,233.77,231.57,232.29,105578102.46
2025-10-02 20:00:00+00:00,232.29,232.6,230.8,232.6,71913295.09
2025-10-02 21:00:00+00:00,232.6,233.98,232.43,232.56,57880767.48
2025-10-02 22:00:00+00:00,232.56,233.87,232.12,233.1,72389069.99
2025-10-02 23:00:00+00:00,233.1,234.95,232.94,234.74,77953205.4
2025-10-03 00:00:00+00:00,234.74,234.76,231.83,231.88,55506294.07
2025-10-03 01:00:00+00:00,231.88,232.73,230.55,230.95,66489970.69
2025-10-03 02:00:00+00:00,230.95,233.4,230.79,233.3,49323676.36
2025-10-03 03:00:00+00:00,233.3,234.84,232.03,232.25,61437784.83
2025-10-03 04:00:00+00:00,232.25,233.22,231.41,232.03,50878611.67
2025-10-03 05:00:00+00:00,232.03,232.18,230.32,231.21,51604030.56
2025-10-03 06:00:00+00:00,231.21,231.56,228.2,229.34,80685136.85
2025-10-03 07:00:00+00:00,229.34,229.72,228.57,229.41,66465859.3
2025-10-03 08:00:00+00:00,229.41,231.23,227.83,231.05,81013900.06
2025-10-03 09:00:00+00:00,231.05,231.79,230.55,230.92,81566543.86
2025-10-03 10:00:00+00:00,230.92,231.67,230.38,231.28,37553049.54
2025-10-03 11:00:00+00:00,231.28,231.35,229.57,230.79,48328039.76
2025-10-03 12:00:00+00:00,230.79,231.25,229.71,230.05,50823626.18
2025-10-03 13:00:00+00:00,230.05,231.01,228.62,229.74,106160256.36
2025-10-03 14:00:00+00:00,229.74,231.02,227.17,230.49,121554484.47
2025-10-03 15:00:00+00:00,230.49,234.99,229.52,234.81,154797241.69
2025-10-03 16:00:00+00:00,234.81,236.99,233.74,233.92,226954477.57
2025-10-03 17:00:00+00:00,233.92,234.04,229.57,230.06,269228002.3
2025-10-03 18:00:00+00:00,230.06,233.65,229.12,233.64,92821419.23
2025-10-03 19:00:00+00:00,233.64,235.5,232.8,233.17,82961777.54
2025-10-03 20:00:00+00:00,233.17,233.42,230.92,232.98,70306955.59
2025-10-03 21:00:00+00:00,232.98,233.39,231.92,232.63,23213733.09
2025-10-03 22:00:00+00:00,232.63,233.98,232.63,233.18,47391522.35
2025-10-03 23:00:00+00:00,233.18,233.48,232.41,232.83,35803080.79
2025-10-04 00:00:00+00:00,232.83,234.03,231.52,231.95,60182971.78
2025-10-04 01:00:00+00:00,231.95,232.09,229.59,230.3,60071627.77
2025-10-04 02:00:00+00:00,230.3,231.04,228.39,229.85,70365951.94
2025-10-04 03:00:00+00:00,229.85,230.03,227.93,229.24,63993286.73
2025-10-04 04:00:00+00:00,229.24,229.91,229.0,229.56,26910112.99
2025-10-04 05:00:00+00:00,229.56,230.3,229.19,229.98,25735766.69
2025-10-04 06:00:00+00:00,229.98,230.53,229.63,229.83,29792350.02
2025-10-04 07:00:00+00:00,229.83,229.89,228.77,229.12,32604344.65
2025-10-04 08:00:00+00:00,229.12,229.46,228.23,228.89,39251050.91
2025-10-04 09:00:00+00:00,228.89,229.46,228.31,228.47,22334117.17
2025-10-04 10:00:00+00:00,228.47,229.91,228.33,229.16,32309678.27
2025-10-04 11:00:00+00:00,229.16,229.58,228.68,229.19,22239865.48
2025-10-04 12:00:00+00:00,229.19,229.44,227.95,228.13,29510259.57
2025-10-04 13:00:00+00:00,228.13,229.83,227.94,228.8,42769727.48
2025-10-04 14:00:00+00:00,228.8,229.47,226.76,226.84,51010189.44
2025-10-04 15:00:00+00:00,226.84,227.5,224.55,224.66,141110780.07
2025-10-04 16:00:00+00:00,224.66,225.7,224.15,225.67,83046598.03
2025-10-04 17:00:00+00:00,225.67,227.01,225.46,226.55,52483241.59
2025-10-04 18:00:00+00:00,226.55,226.98,225.82,226.06,24058518.37
2025-10-04 19:00:00+00:00,226.06,226.92,225.99,226.92,17550915.19
2025-10-04 20:00:00+00:00,226.92,227.98,226.92,227.33,25947289.33
2025-10-04 21:00:00+00:00,227.33,228.26,227.28,227.29,19022601.19
2025-10-04 22:00:00+00:00,227.29,227.99,226.95,227.74,20056764.26
2025-10-04 23:00:00+00:00,227.74,228.22,227.09,227.85,13822192.81
2025-10-05 00:00:00+00:00,227.85,228.24,226.53,226.81,31331632.58
2025-10-05 01:00:00+00:00,226.81,227.86,226.6,227.76,30069024.84
2025-10-05 02:00:00+00:00,227.76,231.36,227.32,231.13,139990011.08
2025-10-05 03:00:00+00:00,231.13,232.27,230.17,230.9,96852945.31
2025-10-05 04:00:00+00:00,230.9,234.93,230.9,233.83,107792113.08
2025-10-05 05:00:00+00:00,233.83,234.93,233.36,234.52,101188167.28
2025-10-05 06:00:00+00:00,234.52,235.9,234.49,235.18,103019949.55
2025-10-05 07:00:00+00:00,235.18,236.94,234.98,236.6,106595943.7
2025-10-05 08:00:00+00:00,236.6,237.21,235.17,235.19,68718645.81
2025-10-05 09:00:00+00:00,235.19,235.8,232.16,233.43,123574344.04
2025-10-05 10:00:00+00:00,233.43,233.56,230.77,232.03,96615029.89
2025-10-05 11:00:00+00:00,232.03,232.84,230.82,232.66,57869879.52
2025-10-05 12:00:00+00:00,232.66,232.67,230.74,231.32,43840077.31
2025-10-05 13:00:00+00:00,231.32,232.04,230.43,231.66,50834611.09
2025-10-05 14:00:00+00:00,231.66,232.04,228.74,230.14,73627366.9
2025-10-05 15:00:00+00:00,230.14,230.9,229.78,230.14,38826054.43
2025-10-05 16:00:00+00:00,230.14,231.22,228.86,231.09,45284176.06
2025-10-05 17:00:00+00:00,231.09,231.46,229.32,229.68,36725913.06
2025-10-05 18:00:00+00:00,229.68,229.91,227.47,228.98,63420598.37
2025-10-05 19:00:00+00:00,228.98,229.02,226.73,227.07,52458022.11
2025-10-05 20:00:00+00:00,227.07,229.01,226.72,228.01,35690945.16
2025-10-05 21:00:00+00:00,228.01,228.78,227.47,228.71,23504737.39
2025-10-05 22:00:00+00:00,228.71,229.27,227.08,228.33,36829852.16
2025-10-05 23:00:00+00:00,228.33,229.14,228.14,228.57,33292655.09
2025-10-06 00:00:00+00:00,228.57,230.32,227.56,228.69,82127705.19
2025-10-06 01:00:00+00:00,228.69,231.7,227.77,231.46,82689560.75
2025-10-06 02:00:00+00:00,231.46,232.94,229.85,232.37,95622334.79
2025-10-06 03:00:00+00:00,232.37,233.29,231.73,232.26,52185444.44
2025-10-06 04:00:00+00:00,232.26,232.32,230.61,230.67,42668681.48
2025-10-06 05:00:00+00:00,230.67,232.47,230.18,232.32,42241901.01
2025-10-06 06:00:00+00:00,232.32,234.77,232.32,233.93,80337499.06
2025-10-06 07:00:00+00:00,233.93,234.25,230.64,231.35,64612012.79
2025-10-06 08:00:00+00:00,231.35,233.9,231.35,233.69,52676745.67
2025-10-06 09:00:00+00:00,233.69,234.13,232.8,233.49,40685185.5
2025-10-06 10:00:00+00:00,233.49,233.75,232.33,232.67,36325608.38
2025-10-06 11:00:00+00:00,232.67,233.83,231.81,233.02,47970619.57
2025-10-06 12:00:00+00:00,233.02,234.44,232.94,234.1,55029358.02
2025-10-06 13:00:00+00:00,234.1,235.12,232.68,234.76,87978610.8
2025-10-06 14:00:00+00:00,234.76,235.73,232.81,233.33,97761570.51
2025-10-06 15:00:00+00:00,233.33,236.68,233.32,235.64,104516147.71
2025-10-06 16:00:00+00:00,235.64,236.26,234.05,235.72,52861382.15
2025-10-06 17:00:00+00:00,235.72,237.77,235.45,236.43,95380126.63
2025-10-06 18:00:00+00:00,236.43,237.15,234.82,236.81,63880302.42
2025-10-06 19:00:00+00:00,236.81,236.99,234.7,235.35,65811722.95
2025-10-06 20:00:00+00:00,235.35,236.14,233.25,233.6,62137357.24
2025-10-06 21:00:00+00:00,233.6,234.43,232.8,234.24,45637704.16
2025-10-06 22:00:00+00:00,234.24,235.0,233.94,234.61,40588398.02
2025-10-06 23:00:00+00:00,234.61,234.76,231.79,232.36,74216408.54
2025-10-07 00:00:00+00:00,232.36,233.01,231.19,232.53,64062627.8
2025-10-07 01:00:00+00:00,232.53,233.11,231.01,232.72,56506310.0
2025-10-07 02:00:00+00:00,232.72,233.84,232.05,233.46,51826547.26
2025-10-07 03:00:00+00:00,233.46,233.97,232.87,233.93,49740765.79
2025-10-07 04:00:00+00:00,233.93,235.2,233.0,234.85,70568364.32
2025-10-07 05:00:00+00:00,234.85,235.03,233.19,233.51,63696260.1
2025-10-07 06:00:00+00:00,233.51,233.67,229.56,230.45,129242186.37
2025-10-07 07:00:00+00:00,230.45,231.12,229.53,231.01,77052446.54
2025-10-07 08:00:00+00:00,231.01,231.01,228.3,230.01,111230420.31
2025-10-07 09:00:00+00:00,230.01,230.59,229.73,230.36,50039369.38
2025-10-07 10:00:00+00:00,230.36,231.63,229.77,230.86,48789741.86
2025-10-07 11:00:00+00:00,230.86,231.16,230.09,230.46,50545901.96
2025-10-07 12:00:00+00:00,230.46,231.49,229.26,231.46,82287786.05
2025-10-07 13:00:00+00:00,231.46,231.6,226.69,227.93,170322342.96
2025-10-07 14:00:00+00:00,227.93,228.14,224.55,225.3,191118245.23
2025-10-07 15:00:00+00:00,225.3,225.89,221.61,223.79,289946374.38
2025-10-07 16:00:00+00:00,223.79,225.3,221.89,224.41,136429650.3
2025-10-07 17:00:00+00:00,224.41,224.82,222.63,222.69,69421111.96
2025-10-07 18:00:00+00:00,222.69,223.28,221.38,221.44,51710527.25
2025-10-07 19:00:00+00:00,221.44,222.86,220.81,221.69,81525459.11
2025-10-07 20:00:00+00:00,221.69,224.16,221.54,223.49,53250601.8
2025-10-07 21:00:00+00:00,223.49,224.28,222.43,223.14,45047512.55
2025-10-07 22:00:00+00:00,223.14,223.66,222.01,222.49,31247947.13
2025-10-07 23:00:00+00:00,222.49,222.55,219.7,219.97,76721952.94
2025-10-08 00:00:00+00:00,219.97,221.79,218.3,220.99,120207899.24
2025-10-08 01:00:00+00:00,220.99,222.31,220.49,222.05,35332620.39
2025-10-08 02:00:00+00:00,222.05,222.78,221.16,221.6,49823248.82
2025-10-08 03:00:00+00:00,221.6,221.6,218.01,218.32,85649377.03
2025-10-08 04:00:00+00:00,218.32,220.54,217.38,220.4,66234277.05
2025-10-08 05:00:00+00:00,220.4,220.42,218.4,219.5,45350825.13
2025-10-08 06:00:00+00:00,219.5,220.46,218.63,220.24,35613318.02
2025-10-08 07:00:00+00:00,220.24,220.98,219.46,220.96,32063766.66
2025-10-08 08:00:00+00:00,220.96,222.64,220.82,221.62,47468383.45
2025-10-08 09:00:00+00:00,221.62,222.08,220.76,221.43,37165842.57
2025-10-08 10:00:00+00:00,221.43,222.2,221.04,222.13,38054589.14
2025-10-08 11:00:00+00:00,222.13,222.55,220.66,221.2,38262388.43
2025-10-08 12:00:00+00:00,221.2,222.55,221.11,222.3,37959036.52
2025-10-08 13:00:00+00:00,222.3,222.72,218.88,221.44,78100146.78
2025-10-08 14:00:00+00:00,221.44,224.14,219.53,220.07,108043616.01
2025-10-08 15:00:00+00:00,220.07,222.85,219.97,221.22,67173088.35
2025-10-08 16:00:00+00:00,221.22,223.7,220.71,223.58,43579301.0
2025-10-08 17:00:00+00:00,223.58,227.71,223.37,226.92,124456765.04
2025-10-08 18:00:00+00:00,226.92,229.64,226.43,228.66,120026221.42
2025-10-08 19:00:00+00:00,228.66,229.58,227.53,229.34,65414786.24
2025-10-08 20:00:00+00:00,229.34,229.67,227.47,227.7,57443021.65
2025-10-08 21:00:00+00:00,227.7,229.11,227.42,228.5,37204505.81
2025-10-08 22:00:00+00:00,228.5,229.69,228.48,228.62,45849192.68
2025-10-08 23:00:00+00:00,228.62,229.36,227.86,229.02,47244622.3
2025-10-09 00:00:00+00:00,229.02,229.63,228.01,228.33,52299156.04
2025-10-09 01:00:00+00:00,228.33,228.64,226.04,228.44,78891845.67
2025-10-09 02:00:00+00:00,228.44,228.73,223.86,224.43,96922312.22
2025-10-09 03:00:00+00:00,224.43,226.44,224.4,226.18,48812585.6
2025-10-09 04:00:00+00:00,226.18,227.56,225.46,227.47,43124356.83
2025-10-09 05:00:00+00:00,227.47,228.8,226.74,227.78,53445877.11
2025-10-09 06:00:00+00:00,227.78,228.41,226.32,226.53,52110117.87
2025-10-09 07:00:00+00:00,226.53,226.87,224.16,224.51,71852101.93
2025-10-09 08:00:00+00:00,224.51,224.8,219.38,219.99,150492959.56
2025-10-09 09:00:00+00:00,219.99,222.13,219.92,221.97,63290652.11
2025-10-09 10:00:00+00:00,221.97,222.94,220.98,222.28,39650949.6
2025-10-09 11:00:00+00:00,222.28,223.94,222.27,223.13,43735725.46
2025-10-09 12:00:00+00:00,223.13,226.32,222.89,225.97,57921249.51
2025-10-09 13:00:00+00:00,225.97,226.18,221.96,222.28,89002115.83
2025-10-09 14:00:00+00:00,222.28,223.3,219.42,220.86,119734760.8
2025-10-09 15:00:00+00:00,220.86,222.18,218.65,219.11,99321015.0
2025-10-09 16:00:00+00:00,219.11,220.13,216.73,217.22,109340797.52
2025-10-09 17:00:00+00:00,217.22,219.54,216.77,219.33,68230833.76
2025-10-09 18:00:00+00:00,219.33,219.5,217.21,217.55,46385779.22
2025-10-09 19:00:00+00:00,217.55,218.94,217.43,218.27,39826792.51
2025-10-09 20:00:00+00:00,218.27,219.23,217.59,218.93,32490141.19
2025-10-09 21:00:00+00:00,218.93,220.45,218.56,220.27,33201625.51
2025-10-09 22:00:00+00:00,220.27,221.65,219.89,221.25,32626922.51
2025-10-09 23:00:00+00:00,221.25,221.3,219.87,220.93,25830086.29
2025-10-10 00:00:00+00:00,220.93,222.0,220.77,221.23,32161000.61
2025-10-10 01:00:00+00:00,221.23,222.09,220.54,220.96,35632754.59
2025-10-10 02:00:00+00:00,220.96,221.85,219.88,220.33,47396899.09
2025-10-10 03:00:00+00:00,220.33,222.86,219.51,221.64,49631843.49
2025-10-10 04:00:00+00:00,221.64,222.87,220.88,221.22,53906614.81
2025-10-10 05:00:00+00:00,221.22,221.79,220.06,221.68,38790774.15
2025-10-10 06:00:00+00:00,221.68,222.43,219.37,219.4,41031850.93
2025-10-10 07:00:00+00:00,219.4,219.56,217.92,218.1,61996797.58
2025-10-10 08:00:00+00:00,218.1,220.07,217.4,220.05,60952010.02
2025-10-10 09:00:00+00:00,220.05,220.74,218.95,218.95,42022984.42
2025-10-10 10:00:00+00:00,218.95,220.62,218.75,220.4,33206236.38
2025-10-10 11:00:00+00:00,220.4,221.56,220.29,221.14,47356527.33
2025-10-10 12:00:00+00:00,221.14,221.79,220.78,221.75,36925325.68
2025-10-10 13:00:00+00:00,221.75,224.42,221.53,223.43,108168935.76
2025-10-10 14:00:00+00:00,223.43,224.41,220.01,220.08,116777026.95
2025-10-10 15:00:00+00:00,220.08,220.22,209.4,210.7,489331189.4
2025-10-10 16:00:00+00:00,210.7,213.02,210.06,211.26,164600636.12
2025-10-10 17:00:00+00:00,211.26,211.53,208.88,209.68,95772623.4
2025-10-10 18:00:00+00:00,209.68,210.06,207.48,207.48,80821629.19
2025-10-10 19:00:00+00:00,207.48,208.19,203.74,205.34,155296234.32
2025-10-10 20:00:00+00:00,205.34,207.77,200.63,201.09,209386814.87
2025-10-10 21:00:00+00:00,201.09,201.75,172.29,185.95,610753326.96
2025-10-10 22:00:00+00:00,185.95,195.76,185.76,190.05,493171671.87
2025-10-10 23:00:00+00:00,190.05,195.83,187.27,188.31,349478479.76
2025-10-11 00:00:00+00:00,188.31,190.49,184.82,188.01,165843062.43
2025-10-11 01:00:00+00:00,188.01,188.2,182.25,183.05,134180598.39
2025-10-11 02:00:00+00:00,183.05,190.95,182.93,188.54,148198087.52
2025-10-11 03:00:00+00:00,188.54,189.05,182.6,184.75,123722161.96
2025-10-11 04:00:00+00:00,184.75,186.81,183.86,186.08,94445441.02
2025-10-11 05:00:00+00:00,186.08,186.32,180.03,182.44,125767986.9
2025-10-11 06:00:00+00:00,182.44,185.98,182.21,183.07,95000192.93
2025-10-11 07:00:00+00:00,183.07,183.95,181.81,182.77,106788238.24
2025-10-11 08:00:00+00:00,182.77,187.32,182.07,186.61,109969415.64
2025-10-11 09:00:00+00:00,186.61,188.85,184.05,184.48,143508111.32
2025-10-11 10:00:00+00:00,184.48,186.02,183.02,183.92,118910719.11
2025-10-11 11:00:00+00:00,183.92,184.27,181.75,183.81,107009713.95
2025-10-11 12:00:00+00:00,183.81,184.63,181.72,183.12,89541152.14
2025-10-11 13:00:00+00:00,183.12,184.54,180.87,184.23,123653401.2
2025-10-11 14:00:00+00:00,184.23,184.7,181.68,182.67,93839553.35
2025-10-11 15:00:00+00:00,182.67,185.04,182.59,183.71,99196403.4
2025-10-11 16:00:00+00:00,183.71,184.63,181.79,182.66,81028223.77
2025-10-11 17:00:00+00:00,182.66,184.63,182.46,183.04,59169344.28
2025-10-11 18:00:00+00:00,183.04,183.08,182.28,182.54,50846372.48
2025-10-11 19:00:00+00:00,182.54,182.58,176.63,177.56,159807040.5
2025-10-11 20:00:00+00:00,177.56,178.14,174.01,175.54,124523030.35
2025-10-11 21:00:00+00:00,175.54,177.47,172.59,176.93,114010255.81
2025-10-11 22:00:00+00:00,176.93,178.06,175.92,177.38,60648794.6
2025-10-11 23:00:00+00:00,177.38,178.75,176.8,177.61,56946663.08
2025-10-12 00:00:00+00:00,177.61,177.71,173.01,173.3,79937450.6
2025-10-12 01:00:00+00:00,173.3,175.46,173.2,174.06,67222331.38
2025-10-12 02:00:00+00:00,174.06,176.58,173.5,174.76,83316386.97
2025-10-12 03:00:00+00:00,174.76,178.44,174.35,177.05,86866997.97
2025-10-12 04:00:00+00:00,177.05,180.86,176.61,180.09,112984945.14
2025-10-12 05:00:00+00:00,180.09,181.99,179.52,181.46,73734733.68
2025-10-12 06:00:00+00:00,181.46,182.67,180.85,182.6,133768531.19
2025-10-12 07:00:00+00:00,182.6,182.96,181.52,182.55,95563917.27
2025-10-12 08:00:00+00:00,182.55,182.76,181.41,181.81,85638672.69
2025-10-12 09:00:00+00:00,181.81,182.28,180.34,182.03,88024926.83
2025-10-12 10:00:00+00:00,182.03,182.74,180.66,180.74,75128148.62
2025-10-12 11:00:00+00:00,180.74,181.91,180.51,180.99,70811510.56
2025-10-12 12:00:00+00:00,180.99,183.17,180.8,181.69,115980963.38
2025-10-12 13:00:00+00:00,181.69,181.79,178.23,179.2,83402499.96
2025-10-12 14:00:00+00:00,179.2,188.27,179.11,186.79,236486975.42
2025-10-12 15:00:00+00:00,186.79,191.8,186.35,191.24,312672277.7
2025-10-12 16:00:00+00:00,191.24,195.41,191.23,193.81,234456923.83
2025-10-12 17:00:00+00:00,193.81,196.1,193.32,194.61,117035371.94
2025-10-12 18:00:00+00:00,194.61,195.61,191.8,193.82,88139301.5
2025-10-12 19:00:00+00:00,193.82,196.51,193.51,195.85,73125762.52
2025-10-12 20:00:00+00:00,195.85,198.98,195.38,196.79,90288763.4
2025-10-12 21:00:00+00:00,196.79,197.9,193.15,195.58,107240066.59
2025-10-12 22:00:00+00:00,195.58,198.04,195.56,197.42,89167154.21
2025-10-12 23:00:00+00:00,197.42,197.45,195.38,197.01,62213896.67
2025-10-13 00:00:00+00:00,197.01,199.22,195.73,197.24,106505469.23
2025-10-13 01:00:00+00:00,197.24,199.47,196.02,199.42,84192826.9
2025-10-13 02:00:00+00:00,199.42,199.99,195.59,196.48,83617950.38
2025-10-13 03:00:00+00:00,196.48,197.19,194.35,194.8,62055871.48
2025-10-13 04:00:00+00:00,194.8,196.44,194.23,196.2,44550415.01
2025-10-13 05:00:00+00:00,196.2,196.28,193.66,194.06,57099564.48
2025-10-13 06:00:00+00:00,194.06,197.38,192.94,197.1,67710528.61
2025-10-13 07:00:00+00:00,197.1,199.51,195.98,196.82,105576797.5
2025-10-13 08:00:00+00:00,196.82,198.69,196.19,198.26,59575302.12
2025-10-13 09:00:00+00:00,198.26,198.26,196.7,197.0,54564844.72
2025-10-13 10:00:00+00:00,197.0,197.04,194.92,195.43,69741525.85
2025-10-13 11:00:00+00:00,195.43,195.44,190.83,192.58,163740584.09
2025-10-13 12:00:00+00:00,192.58,194.46,191.39,191.86,87905172.2
2025-10-13 13:00:00+00:00,191.86,196.57,191.33,196.23,199230084.63
2025-10-13 14:00:00+00:00,196.23,196.75,192.54,193.38,111575640.08
2025-10-13 15:00:00+00:00,193.38,197.65,193.26,196.42,98518644.26
2025-10-13 16:00:00+00:00,196.42,200.35,196.25,200.06,189754671.72
2025-10-13 17:00:00+00:00,200.06,205.46,200.02,205.14,221333951.6
2025-10-13 18:00:00+00:00,205.14,206.65,203.98,205.96,208096191.49
2025-10-13 19:00:00+00:00,205.96,208.76,205.59,207.11,112015553.89
2025-10-13 20:00:00+00:00,207.11,208.77,206.82,208.58,73067464.07
2025-10-13 21:00:00+00:00,208.58,208.96,207.71,207.99,65871152.39
2025-10-13 22:00:00+00:00,207.99,209.26,207.67,208.41,79453946.99
2025-10-13 23:00:00+00:00,208.41,209.21,207.33,208.69,58100965.43
2025-10-14 00:00:00+00:00,208.69,211.25,208.07,209.32,113732316.1
2025-10-14 01:00:00+00:00,209.32,210.12,207.91,208.43,97073871.84
2025-10-14 02:00:00+00:00,208.43,208.62,205.82,206.31,139356769.41
2025-10-14 03:00:00+00:00,206.31,206.96,204.98,205.72,106143297.51
2025-10-14 04:00:00+00:00,205.72,205.91,201.09,202.09,116781443.17
2025-10-14 05:00:00+00:00,202.09,203.92,198.99,199.7,162506280.67
2025-10-14 06:00:00+00:00,199.7,200.78,192.63,195.34,237193931.31
2025-10-14 07:00:00+00:00,195.34,197.24,193.43,194.48,148833802.46
2025-10-14 08:00:00+00:00,194.48,197.23,193.18,196.17,106950906.39
2025-10-14 09:00:00+00:00,196.17,197.57,194.1,194.88,78993657.72
2025-10-14 10:00:00+00:00,194.88,194.89,191.08,194.24,136988904.91
2025-10-14 11:00:00+00:00,194.24,197.05,194.07,195.34,81266781.08
2025-10-14 12:00:00+00:00,195.34,195.36,192.42,193.36,93729823.81
2025-10-14 13:00:00+00:00,193.36,195.66,191.55,195.03,144225465.05
2025-10-14 14:00:00+00:00,195.03,198.86,194.41,195.92,168145689.22
2025-10-14 15:00:00+00:00,195.92,202.64,194.55,202.21,161033233.42
2025-10-14 16:00:00+00:00,202.21,206.06,200.02,202.52,264297530.41
2025-10-14 17:00:00+00:00,202.52,204.6,199.58,201.77,173175114.68
2025-10-14 18:00:00+00:00,201.77,204.21,200.6,201.55,80308021.46
2025-10-14 19:00:00+00:00,201.55,203.79,197.22,198.53,158572844.58
2025-10-14 20:00:00+00:00,198.53,200.61,198.18,200.61,54008783.77
2025-10-14 21:00:00+00:00,200.61,201.5,198.34,201.23,39531126.13
2025-10-14 22:00:00+00:00,201.23,202.17,200.32,201.45,38298646.66
2025-10-14 23:00:00+00:00,201.45,203.43,201.45,202.46,40648614.87
2025-10-15 00:00:00+00:00,202.46,204.04,201.25,203.98,71623059.42
2025-10-15 01:00:00+00:00,203.98,204.09,201.13,203.73,64531557.56
2025-10-15 02:00:00+00:00,203.73,205.83,203.07,203.42,79364552.8
2025-10-15 03:00:00+00:00,203.42,203.74,200.93,201.66,74860705.21
2025-10-15 04:00:00+00:00,201.66,203.56,200.51,203.47,49078512.45
2025-10-15 05:00:00+00:00,203.47,204.84,202.82,204.43,61826206.82
2025-10-15 06:00:00+00:00,204.43,205.41,201.97,204.63,95379548.43
2025-10-15 07:00:00+00:00,204.63,205.07,203.23,204.67,69138533.78
2025-10-15 08:00:00+00:00,204.67,208.84,204.47,206.15,155270012.1
2025-10-15 09:00:00+00:00,206.15,207.35,205.36,206.0,72610024.21
2025-10-15 10:00:00+00:00,206.0,206.34,203.5,203.92,80366285.05
2025-10-15 11:00:00+00:00,203.92,204.82,202.09,202.61,75322272.79
2025-10-15 12:00:00+00:00,202.61,203.69,201.71,203.08,67410378.9
2025-10-15 13:00:00+00:00,203.08,204.32,198.51,201.18,181730153.16
2025-10-15 14:00:00+00:00,201.18,204.88,198.38,199.5,185242592.15
2025-10-15 15:00:00+00:00,199.5,200.33,196.23,197.14,145720986.46
2025-10-15 16:00:00+00:00,197.14,198.74,196.85,197.39,75224687.76
2025-10-15 17:00:00+00:00,197.39,198.15,195.21,198.15,104563902.91
2025-10-15 18:00:00+00:00,198.15,198.29,196.31,198.05,49952378.77
2025-10-15 19:00:00+00:00,198.05,198.08,194.21,194.81,82233787.17
2025-10-15 20:00:00+00:00,194.81,196.6,192.28,194.21,111822347.01
2025-10-15 21:00:00+00:00,194.21,195.27,192.06,192.88,69088268.58
2025-10-15 22:00:00+00:00,192.88,194.59,192.61,193.34,56805595.27
2025-10-15 23:00:00+00:00,193.34,194.82,193.01,193.82,36594523.44
2025-10-16 00:00:00+00:00,193.82,194.6,193.17,193.91,40168367.95
2025-10-16 01:00:00+00:00,193.91,195.43,193.83,195.13,45499919.1
2025-10-16 02:00:00+00:00,195.13,196.17,194.25,195.49,47769866.25
2025-10-16 03:00:00+00:00,195.49,196.07,193.43,193.63,44505031.85
2025-10-16 04:00:00+00:00,193.63,194.6,192.34,192.46,60769948.78
2025-10-16 05:00:00+00:00,192.46,194.39,191.39,192.46,68901671.92
2025-10-16 06:00:00+00:00,192.46,195.59,192.44,195.19,53024893.36
2025-10-16 07:00:00+00:00,195.19,195.34,192.33,192.91,67550699.11
2025-10-16 08:00:00+00:00,192.91,193.44,191.89,192.45,50368868.39
2025-10-16 09:00:00+00:00,192.45,194.66,187.47,193.89,228241583.44
2025-10-16 10:00:00+00:00,193.89,196.68,193.61,195.75,90152849.84
2025-10-16 11:00:00+00:00,195.75,197.14,194.51,196.81,67858103.79
2025-10-16 12:00:00+00:00,196.81,198.05,196.0,197.02,71645755.86
2025-10-16 13:00:00+00:00,197.02,198.31,195.2,195.79,66814065.49
2025-10-16 14:00:00+00:00,195.79,196.54,191.47,194.04,162339275.71
2025-10-16 15:00:00+00:00,194.04,194.3,186.72,187.61,173597173.4
2025-10-16 16:00:00+00:00,187.61,192.26,186.41,192.25,165927264.46
2025-10-16 17:00:00+00:00,192.25,192.28,188.85,189.61,92022022.62
2025-10-16 18:00:00+00:00,189.61,189.82,186.89,189.32,87151309.93
2025-10-16 19:00:00+00:00,189.32,189.47,184.05,185.05,134087154.91
2025-10-16 20:00:00+00:00,185.05,186.11,182.05,182.82,92778914.03
2025-10-16 21:00:00+00:00,182.82,185.75,182.8,185.63,48553060.19
2025-10-16 22:00:00+00:00,185.63,185.93,183.1,183.14,41936197.96
2025-10-16 23:00:00+00:00,183.14,185.18,182.93,184.85,58184450.76
2025-10-17 00:00:00+00:00,184.85,186.45,184.27,186.25,46092575.65
2025-10-17 01:00:00+00:00,186.25,187.54,184.79,185.66,47905361.0
2025-10-17 02:00:00+00:00,185.66,187.34,184.71,186.77,43511663.69
2025-10-17 03:00:00+00:00,186.77,187.43,186.26,187.09,41278764.89
2025-10-17 04:00:00+00:00,187.09,187.43,186.34,187.07,32266193.86
2025-10-17 05:00:00+00:00,187.07,187.46,185.44,185.69,65305581.37
2025-10-17 06:00:00+00:00,185.69,186.48,180.08,180.4,166186617.1
2025-10-17 07:00:00+00:00,180.4,180.81,177.36,177.75,184500219.94
2025-10-17 08:00:00+00:00,177.75,178.96,175.44,175.57,182325659.95
2025-10-17 09:00:00+00:00,175.57,180.43,175.41,176.82,110464700.63
2025-10-17 10:00:00+00:00,176.82,177.94,174.16,177.4,133516178.86
2025-10-17 11:00:00+00:00,177.4,182.66,177.25,181.46,169510608.63
2025-10-17 12:00:00+00:00,181.46,182.61,179.95,180.05,73146865.31
2025-10-17 13:00:00+00:00,180.05,182.13,177.98,180.65,138728319.68
2025-10-17 14:00:00+00:00,180.65,181.01,176.37,178.39,121950764.8
2025-10-17 15:00:00+00:00,178.39,182.81,178.06,182.72,89285350.82
2025-10-17 16:00:00+00:00,182.72,185.02,181.73,182.35,127375895.84
2025-10-17 17:00:00+00:00,182.35,184.55,182.14,183.76,51083083.02
2025-10-17 18:00:00+00:00,183.76,185.4,183.22,183.45,47310458.79
2025-10-17 19:00:00+00:00,183.45,184.17,181.43,181.97,60772199.53
2025-10-17 20:00:00+00:00,181.97,184.02,181.48,183.66,35223378.66
2025-10-17 21:00:00+00:00,183.66,186.03,183.48,185.4,52183581.48
2025-10-17 22:00:00+00:00,185.4,185.94,183.2,183.97,32812008.68
2025-10-17 23:00:00+00:00,183.97,183.97,181.79,181.97,30311617.8
2025-10-18 00:00:00+00:00,181.97,183.54,181.77,182.87,35844124.78
2025-10-18 01:00:00+00:00,182.87,184.93,182.68,184.63,40378626.87
2025-10-18 02:00:00+00:00,184.63,185.54,183.42,183.72,38099893.31
2025-10-18 03:00:00+00:00,183.72,185.46,183.71,184.81,27084851.81
2025-10-18 04:00:00+00:00,184.81,184.81,183.13,183.44,30352567.4
2025-10-18 05:00:00+00:00,183.44,184.8,183.44,184.54,29011335.77
2025-10-18 06:00:00+00:00,184.54,186.59,184.22,186.34,39407897.25
2025-10-18 07:00:00+00:00,186.34,188.26,185.91,186.27,82932858.39
2025-10-18 08:00:00+00:00,186.27,187.17,185.81,185.92,34119715.08
2025-10-18 09:00:00+00:00,185.92,186.62,185.38,185.94,31031440.31
2025-10-18 10:00:00+00:00,185.94,186.25,184.42,185.17,52367827.72
2025-10-18 11:00:00+00:00,185.17,186.11,184.63,186.1,34016377.7
2025-10-18 12:00:00+00:00,186.1,187.38,185.71,186.07,25568914.53
2025-10-18 13:00:00+00:00,186.07,186.13,184.79,185.2,31367761.88
2025-10-18 14:00:00+00:00,185.2,186.19,183.98,185.72,30980020.97
2025-10-18 15:00:00+00:00,185.72,185.96,184.62,185.04,22390968.63
2025-10-18 16:00:00+00:00,185.04,185.55,183.34,184.24,48063396.3
2025-10-18 17:00:00+00:00,184.24,186.12,183.8,185.93,31542773.84
2025-10-18 18:00:00+00:00,185.93,186.17,185.29,185.84,20276390.21
2025-10-18 19:00:00+00:00,185.84,186.4,185.65,186.35,18819937.53
2025-10-18 20:00:00+00:00,186.35,187.67,186.14,186.6,24229220.27
2025-10-18 21:00:00+00:00,186.6,187.26,185.91,187.15,21430899.45
2025-10-18 22:00:00+00:00,187.15,187.83,186.82,187.27,14536421.4
2025-10-18 23:00:00+00:00,187.27,187.74,186.93,187.56,15103359.93
2025-10-19 00:00:00+00:00,187.56,187.86,185.3,185.75,28081392.78
2025-10-19 01:00:00+00:00,185.75,185.88,184.91,185.85,18982206.14
2025-10-19 02:00:00+00:00,185.85,185.95,185.25,185.78,16876930.54
2025-10-19 03:00:00+00:00,185.78,187.12,184.97,187.04,30762753.29
2025-10-19 04:00:00+00:00,187.04,187.13,186.38,186.82,19491251.28
2025-10-19 05:00:00+00:00,186.82,187.67,186.34,186.55,18340702.26
2025-10-19 06:00:00+00:00,186.55,186.92,185.2,185.57,19329595.91
2025-10-19 07:00:00+00:00,185.57,186.14,185.25,185.9,18470975.11
2025-10-19 08:00:00+00:00,185.9,187.34,183.87,184.18,75179933.73
2025-10-19 09:00:00+00:00,184.18,188.36,183.21,187.2,98831765.15
2025-10-19 10:00:00+00:00,187.2,189.94,186.75,189.07,72666071.39
2025-10-19 11:00:00+00:00,189.07,190.06,188.63,189.0,52834484.84
2025-10-19 12:00:00+00:00,189.0,189.37,188.13,188.76,28532496.64
2025-10-19 13:00:00+00:00,188.76,190.99,188.33,190.61,60094895.66
2025-10-19 14:00:00+00:00,190.61,191.71,189.8,191.57,69483467.59
2025-10-19 15:00:00+00:00,191.57,191.68,190.25,190.78,45591451.16
2025-10-19 16:00:00+00:00,190.78,191.61,189.97,190.87,40410826.25
2025-10-19 17:00:00+00:00,190.87,192.27,189.76,189.97,59626627.94
2025-10-19 18:00:00+00:00,189.97,190.34,189.18,189.95,42532214.93
2025-10-19 19:00:00+00:00,189.95,189.95,188.34,188.89,30038966.5
2025-10-19 20:00:00+00:00,188.89,189.88,188.65,189.68,22622657.27
2025-10-19 21:00:00+00:00,189.68,189.83,188.39,189.29,29848234.13
2025-10-19 22:00:00+00:00,189.29,190.15,188.94,189.81,28311323.11
2025-10-19 23:00:00+00:00,189.81,189.82,186.89,187.87,45557082.86
2025-10-20 00:00:00+00:00,187.87,187.87,183.83,185.63,71661444.78
2025-10-20 01:00:00+00:00,185.63,186.33,184.99,185.66,32298843.88
2025-10-20 02:00:00+00:00,185.66,187.33,184.08,186.83,55864332.47
2025-10-20 03:00:00+00:00,186.83,191.71,185.89,191.2,97437861.65
2025-10-20 04:00:00+00:00,191.2,192.45,190.61,192.17,73942960.66
2025-10-20 05:00:00+00:00,192.17,193.36,191.62,192.99,62071459.14
2025-10-20 06:00:00+00:00,192.99,194.34,192.77,193.93,61611198.46
2025-10-20 07:00:00+00:00,193.93,194.49,192.85,193.02,42976604.76
2025-10-20 08:00:00+00:00,193.02,194.16,192.21,193.0,44350968.88
2025-10-20 09:00:00+00:00,193.0,193.64,192.57,193.2,35296237.43
2025-10-20 10:00:00+00:00,193.2,193.74,191.42,191.62,41076524.62
2025-10-20 11:00:00+00:00,191.62,192.29,191.02,192.21,36574912.45
2025-10-20 12:00:00+00:00,192.21,192.76,191.69,192.76,24394289.31
2025-10-20 13:00:00+00:00,192.76,193.0,191.61,192.42,37482322.58
2025-10-20 14:00:00+00:00,192.42,192.61,190.79,191.39,67340762.27
2025-10-20 15:00:00+00:00,191.39,192.34,190.47,190.52,46480429.85
2025-10-20 16:00:00+00:00,190.52,190.52,186.72,187.55,133222672.29
2025-10-20 17:00:00+00:00,187.55,188.45,185.58,187.67,67719449.88
2025-10-20 18:00:00+00:00,187.67,188.52,187.19,188.21,30519541.49
2025-10-20 19:00:00+00:00,188.21,189.43,187.54,188.83,34315648.29
2025-10-20 20:00:00+00:00,188.83,190.51,188.26,190.51,31032024.49
2025-10-20 21:00:00+00:00,190.51,191.19,188.8,188.99,27956911.95
2025-10-20 22:00:00+00:00,188.99,190.88,188.79,190.75,25400683.58
2025-10-20 23:00:00+00:00,190.75,190.85,189.49,189.71,30015684.44
2025-10-21 00:00:00+00:00,189.71,190.22,188.73,189.02,37155538.64
2025-10-21 01:00:00+00:00,189.02,189.25,186.4,186.74,71817113.37
2025-10-21 02:00:00+00:00,186.74,186.91,185.53,186.04,63469277.85
2025-10-21 03:00:00+00:00,186.04,186.61,185.34,185.58,29152391.42
2025-10-21 04:00:00+00:00,185.58,185.64,183.22,183.75,97777781.82
2025-10-21 05:00:00+00:00,183.75,184.36,182.76,183.84,54412543.05
2025-10-21 06:00:00+00:00,183.84,185.03,183.18,184.48,36266295.81
2025-10-21 07:00:00+00:00,184.48,185.22,183.72,185.02,31034055.76
2025-10-21 08:00:00+00:00,185.02,185.03,183.77,184.27,33704712.63
2025-10-21 09:00:00+00:00,184.27,184.52,183.77,184.38,20612044.43
2025-10-21 10:00:00+00:00,184.38,186.72,184.21,185.92,41937169.97
2025-10-21 11:00:00+00:00,185.92,186.51,185.07,186.28,26373545.08
2025-10-21 12:00:00+00:00,186.28,187.76,185.92,186.48,44917850.57
2025-10-21 13:00:00+00:00,186.48,186.99,183.98,185.09,64639704.32
2025-10-21 14:00:00+00:00,185.09,192.81,185.0,192.74,161284330.86
2025-10-21 15:00:00+00:00,192.74,197.15,191.94,196.25,197913801.62
2025-10-21 16:00:00+00:00,196.25,197.7,192.13,192.58,175934346.05
2025-10-21 17:00:00+00:00,192.58,195.45,192.13,194.83,128230252.98
2025-10-21 18:00:00+00:00,194.83,195.44,193.54,194.16,57192819.91
2025-10-21 19:00:00+00:00,194.16,194.55,193.09,193.96,36530281.29
2025-10-21 20:00:00+00:00,193.96,194.22,190.85,191.44,68306194.63
2025-10-21 21:00:00+00:00,191.44,191.76,188.31,191.29,87242006.32
2025-10-21 22:00:00+00:00,191.29,191.43,187.81,188.55,76753249.88
2025-10-21 23:00:00+00:00,188.55,188.93,185.12,185.64,87708981.7
2025-10-22 00:00:00+00:00,185.64,186.58,184.16,185.67,76611936.67
2025-10-22 01:00:00+00:00,185.67,187.19,185.62,186.99,48860052.36
2025-10-22 02:00:00+00:00,186.99,187.44,185.87,185.91,38825982.24
2025-10-22 03:00:00+00:00,185.91,185.97,184.49,185.24,44912724.64
2025-10-22 04:00:00+00:00,185.24,186.3,185.06,185.89,37063005.08
2025-10-22 05:00:00+00:00,185.89,185.96,183.29,184.58,79060530.3
2025-10-22 06:00:00+00:00,184.58,184.92,183.89,184.09,39769798.78
2025-10-22 07:00:00+00:00,184.09,185.11,183.42,185.01,48396145.35
2025-10-22 08:00:00+00:00,185.01,185.2,184.24,184.72,26211875.26
2025-10-22 09:00:00+00:00,184.72,184.93,183.38,184.05,34304423.72
2025-10-22 10:00:00+00:00,184.05,184.5,183.23,183.56,26841023.03
2025-10-22 11:00:00+00:00,183.56,185.98,182.3,185.06,101465378.23
2025-10-22 12:00:00+00:00,185.06,186.91,184.45,185.8,46371872.37
2025-10-22 13:00:00+00:00,185.8,186.84,184.17,186.54,69660501.32
2025-10-22 14:00:00+00:00,186.54,186.62,181.35,185.48,166490634.82
2025-10-22 15:00:00+00:00,185.48,186.02,182.34,183.98,85747859.04
2025-10-22 16:00:00+00:00,183.98,184.96,182.56,183.63,80178799.24
2025-10-22 17:00:00+00:00,183.63,184.23,181.35,181.68,55025352.77
2025-10-22 18:00:00+00:00,181.68,182.33,180.18,180.9,68233218.87
2025-10-22 19:00:00+00:00,180.9,182.52,177.61,180.26,103768450.14
2025-10-22 20:00:00+00:00,180.26,180.77,179.16,180.16,52233290.16
2025-10-22 21:00:00+00:00,180.16,180.26,177.33,178.39,96303357.72
2025-10-22 22:00:00+00:00,178.39,179.57,177.8,178.87,43938874.02
2025-10-22 23:00:00+00:00,178.87,180.48,178.8,180.11,45754707.2
2025-10-23 00:00:00+00:00,180.11,181.13,179.69,181.02,34952102.75
2025-10-23 01:00:00+00:00,181.02,182.05,180.63,181.78,40179957.52
2025-10-23 02:00:00+00:00,181.78,182.48,181.43,182.29,26998455.09
2025-10-23 03:00:00+00:00,182.29,183.38,182.15,182.87,30866745.59
2025-10-23 04:00:00+00:00,182.87,184.27,182.69,184.02,29264407.65
2025-10-23 05:00:00+00:00,184.02,184.84,183.82,184.84,28556529.24
2025-10-23 06:00:00+00:00,184.84,187.55,184.55,187.42,79013372.46
2025-10-23 07:00:00+00:00,187.42,187.98,186.19,187.47,63078879.39
2025-10-23 08:00:00+00:00,187.47,188.72,187.47,187.97,53431389.65
2025-10-23 09:00:00+00:00,187.97,188.86,187.47,188.39,51244304.57
2025-10-23 10:00:00+00:00,188.39,189.33,188.23,188.25,47157945.96
2025-10-23 11:00:00+00:00,188.25,189.47,187.53,187.98,70184214.4
2025-10-23 12:00:00+00:00,187.98,189.39,186.65,189.33,85327466.44
2025-10-23 13:00:00+00:00,189.33,192.58,188.42,190.35,141611090.48
2025-10-23 14:00:00+00:00,190.35,191.29,188.15,189.76,81476077.52
2025-10-23 15:00:00+00:00,189.76,191.86,189.45,191.04,78911121.97
2025-10-23 16:00:00+00:00,191.04,192.43,190.44,191.94,52679799.75
2025-10-23 17:00:00+00:00,191.94,193.45,190.1,192.51,84111634.01
2025-10-23 18:00:00+00:00,192.51,192.87,190.85,191.53,40856517.93
2025-10-23 19:00:00+00:00,191.53,191.86,190.58,191.17,30873083.82
2025-10-23 20:00:00+00:00,191.17,191.28,188.49,188.8,71708810.7
2025-10-23 21:00:00+00:00,188.8,189.44,188.55,188.79,36456473.99
2025-10-23 22:00:00+00:00,188.79,190.58,188.66,190.42,35711040.57
2025-10-23 23:00:00+00:00,190.42,191.5,190.41,191.34,27921567.54
2025-10-24 00:00:00+00:00,191.34,193.76,190.95,192.53,63812042.43
2025-10-24 01:00:00+00:00,192.53,193.38,192.15,192.95,34239450.66
2025-10-24 02:00:00+00:00,192.95,193.06,191.4,192.21,36976440.93
2025-10-24 03:00:00+00:00,192.21,192.35,190.85,191.3,29109676.33
2025-10-24 04:00:00+00:00,191.3,194.57,190.83,193.5,76918615.63
2025-10-24 05:00:00+00:00,193.5,193.9,192.95,193.3,37496562.68
2025-10-24 06:00:00+00:00,193.3,193.64,192.61,193.3,30430372.68
2025-10-24 07:00:00+00:00,193.3,193.43,191.54,192.16,43391481.84
2025-10-24 08:00:00+00:00,192.16,193.46,191.72,192.97,36261551.09
2025-10-24 09:00:00+00:00,192.97,193.39,191.93,192.12,31433310.62
2025-10-24 10:00:00+00:00,192.12,192.16,191.45,191.79,32728479.86
2025-10-24 11:00:00+00:00,191.79,192.2,190.65,192.14,32646985.23
2025-10-24 12:00:00+00:00,192.14,196.54,192.14,193.66,179485071.78
2025-10-24 13:00:00+00:00,193.66,194.27,190.87,192.48,100954939.03
2025-10-24 14:00:00+00:00,192.48,192.48,189.52,190.18,89000854.7
2025-10-24 15:00:00+00:00,190.18,190.85,188.83,189.45,106294257.85
2025-10-24 16:00:00+00:00,189.45,190.7,188.82,190.66,61080073.47
2025-10-24 17:00:00+00:00,190.66,191.73,190.43,191.15,34187838.46
2025-10-24 18:00:00+00:00,191.15,191.92,191.02,191.83,26644957.96
2025-10-24 19:00:00+00:00,191.83,193.63,191.82,193.08,45126376.35
2025-10-24 20:00:00+00:00,193.08,194.12,192.84,193.59,30954133.54
2025-10-24 21:00:00+00:00,193.59,194.0,193.26,193.78,22600899.74
2025-10-24 22:00:00+00:00,193.78,194.12,193.19,193.79,20849371.11
2025-10-24 23:00:00+00:00,193.79,193.79,193.13,193.59,16779888.97
2025-10-25 00:00:00+00:00,193.59,193.63,192.44,192.98,28591296.97
2025-10-25 01:00:00+00:00,192.98,194.48,192.88,193.75,30642769.21
2025-10-25 02:00:00+00:00,193.75,194.16,193.34,193.85,22075232.21
2025-10-25 03:00:00+00:00,193.85,194.0,193.3,193.46,20235477.78
2025-10-25 04:00:00+00:00,193.46,194.48,193.44,194.2,27427931.68
2025-10-25 05:00:00+00:00,194.2,194.74,193.5,194.44,24067687.05
2025-10-25 06:00:00+00:00,194.44,194.73,194.01,194.05,25213115.89
2025-10-25 07:00:00+00:00,194.05,194.83,193.83,193.96,26587541.03
2025-10-25 08:00:00+00:00,193.96,195.25,193.9,194.86,34130351.11
2025-10-25 09:00:00+00:00,194.86,194.9,192.41,192.59,48331869.21
2025-10-25 10:00:00+00:00,192.59,192.75,191.36,192.02,43454773.38
2025-10-25 11:00:00+00:00,192.02,192.92,191.73,192.72,27276399.92
2025-10-25 12:00:00+00:00,192.72,194.21,192.6,193.91,28469768.81
2025-10-25 13:00:00+00:00,193.91,193.95,192.5,192.89,28806667.87
2025-10-25 14:00:00+00:00,192.89,192.9,192.04,192.62,26079626.85
2025-10-25 15:00:00+00:00,192.62,192.62,191.82,191.89,29314986.96
2025-10-25 16:00:00+00:00,191.89,192.11,191.44,191.94,20682790.7
2025-10-25 17:00:00+00:00,191.94,192.49,191.83,192.38,9525984.11
2025-10-25 18:00:00+00:00,192.38,194.35,192.32,194.26,36784376.66
2025-10-25 19:00:00+00:00,194.26,194.64,193.93,194.53,18410308.79
2025-10-25 20:00:00+00:00,194.53,194.9,193.76,194.15,26539833.51
2025-10-25 21:00:00+00:00,194.15,194.79,193.83,194.38,21890419.0
2025-10-25 22:00:00+00:00,194.38,194.72,193.94,194.5,19912879.3
2025-10-25 23:00:00+00:00,194.5,194.73,193.83,193.84,16018973.81
2025-10-26 00:00:00+00:00,193.84,194.35,193.15,193.3,23794907.57
2025-10-26 01:00:00+00:00,193.3,193.73,192.49,192.84,21893992.0
2025-10-26 02:00:00+00:00,192.84,193.13,191.96,192.28,27028711.35
2025-10-26 03:00:00+00:00,192.28,193.07,192.03,192.97,16397561.78
2025-10-26 04:00:00+00:00,192.97,193.5,192.83,192.89,15233572.84
2025-10-26 05:00:00+00:00,192.89,193.76,192.75,193.63,15137324.49
2025-10-26 06:00:00+00:00,193.63,194.17,193.51,194.06,19704158.5
2025-10-26 07:00:00+00:00,194.06,194.3,193.84,193.86,16418133.32
2025-10-26 08:00:00+00:00,193.86,194.41,193.72,194.33,19234344.18
2025-10-26 09:00:00+00:00,194.33,196.41,193.94,195.96,70547418.96
2025-10-26 10:00:00+00:00,195.96,196.11,194.62,194.82,44176758.23
2025-10-26 11:00:00+00:00,194.82,197.89,194.37,197.75,85592345.96
2025-10-26 12:00:00+00:00,197.75,198.39,196.92,198.01,76062446.57
2025-10-26 13:00:00+00:00,198.01,199.66,197.54,199.07,68316372.12
2025-10-26 14:00:00+00:00,199.07,199.89,198.71,198.86,59665449.58
2025-10-26 15:00:00+00:00,198.86,199.76,198.54,199.52,37819974.89
2025-10-26 16:00:00+00:00,199.52,199.53,198.25,198.73,46831528.87
2025-10-26 17:00:00+00:00,198.73,199.23,198.44,198.92,23749429.49
2025-10-26 18:00:00+00:00,198.92,199.66,198.9,199.11,26075387.33
2025-10-26 19:00:00+00:00,199.11,199.12,198.51,198.87,18301419.02
2025-10-26 20:00:00+00:00,198.87,198.87,197.39,197.43,40558616.06
2025-10-26 21:00:00+00:00,197.43,198.47,196.9,198.46,30365117.11
2025-10-26 22:00:00+00:00,198.46,202.08,198.46,200.2,161201636.95
2025-10-26 23:00:00+00:00,200.2,200.99,199.72,200.04,57460159.72
2025-10-27 00:00:00+00:00,200.04,203.51,199.51,203.26,87407689.32
2025-10-27 01:00:00+00:00,203.26,205.03,202.8,204.37,75044953.78
2025-10-27 02:00:00+00:00,204.37,205.04,203.53,203.96,53443262.9
2025-10-27 03:00:00+00:00,203.96,204.59,203.29,204.32,43141632.09
2025-10-27 04:00:00+00:00,204.32,204.6,203.04,204.0,58847706.11
2025-10-27 05:00:00+00:00,204.0,205.29,203.92,204.33,55625837.66
2025-10-27 06:00:00+00:00,204.33,204.93,203.52,204.74,56226684.28
2025-10-27 07:00:00+00:00,204.74,205.2,202.25,202.51,67706852.59
2025-10-27 08:00:00+00:00,202.51,202.53,199.93,200.46,92213535.8
2025-10-27 09:00:00+00:00,200.46,200.52,198.58,199.96,125030489.59
2025-10-27 10:00:00+00:00,199.96,200.77,199.65,200.44,49488896.45
2025-10-27 11:00:00+00:00,200.44,200.95,198.89,200.18,57353010.47
2025-10-27 12:00:00+00:00,200.18,200.27,199.01,199.52,41683690.99
2025-10-27 13:00:00+00:00,199.52,200.58,198.46,200.34,55898926.57
2025-10-27 14:00:00+00:00,200.34,200.52,198.31,199.13,70155725.72
2025-10-27 15:00:00+00:00,199.13,200.48,198.97,200.12,56242605.31
2025-10-27 16:00:00+00:00,200.12,203.11,200.02,202.47,89671297.35
2025-10-27 17:00:00+00:00,202.47,203.26,201.72,202.29,55001328.67
2025-10-27 18:00:00+00:00,202.29,203.21,201.25,201.66,48043284.55
2025-10-27 19:00:00+00:00,201.66,201.74,199.88,200.04,61938483.21
2025-10-27 20:00:00+00:00,200.04,200.23,198.69,198.75,56070547.9
2025-10-27 21:00:00+00:00,198.75,199.56,197.75,198.73,41601185.96
2025-10-27 22:00:00+00:00,198.73,199.42,198.05,198.3,39093366.79
2025-10-27 23:00:00+00:00,198.3,198.95,197.35,198.7,46158602.59
2025-10-28 00:00:00+00:00,198.7,200.33,198.42,199.69,51406900.87
2025-10-28 01:00:00+00:00,199.69,202.05,199.69,201.36,50139093.31
2025-10-28 02:00:00+00:00,201.36,201.87,199.59,200.76,60925694.9
2025-10-28 03:00:00+00:00,200.76,201.93,199.88,201.28,56868251.98
2025-10-28 04:00:00+00:00,201.28,202.15,200.44,201.13,37299572.61
2025-10-28 05:00:00+00:00,201.13,201.46,198.63,198.71,57585438.85
2025-10-28 06:00:00+00:00,198.71,200.93,198.71,200.9,41235507.36
2025-10-28 07:00:00+00:00,200.9,202.99,200.7,202.36,91931591.17
2025-10-28 08:00:00+00:00,202.36,203.98,201.95,203.41,67627023.91
2025-10-28 09:00:00+00:00,203.41,203.77,201.48,201.98,50149835.76
2025-10-28 10:00:00+00:00,201.98,202.01,199.88,200.32,54382978.6
2025-10-28 11:00:00+00:00,200.32,200.66,199.18,199.73,47804453.83
2025-10-28 12:00:00+00:00,199.73,200.35,198.24,200.22,85465382.31
2025-10-28 13:00:00+00:00,200.22,203.01,200.17,202.73,106458605.46
2025-10-28 14:00:00+00:00,202.73,202.92,197.02,199.54,199734035.51
2025-10-28 15:00:00+00:00,199.54,200.68,198.39,198.85,97444501.6
2025-10-28 16:00:00+00:00,198.85,200.65,197.94,199.81,87558715.94
2025-10-28 17:00:00+00:00,199.81,200.88,199.65,200.85,38088978.73
2025-10-28 18:00:00+00:00,200.85,201.26,198.91,199.68,39495000.12
2025-10-28 19:00:00+00:00,199.68,200.12,194.48,195.41,149581317.95
2025-10-28 20:00:00+00:00,195.41,195.41,192.21,192.5,174703361.76
2025-10-28 21:00:00+00:00,192.5,194.4,190.71,193.9,111655316.05
2025-10-28 22:00:00+00:00,193.9,195.16,193.33,194.93,66583890.45
2025-10-28 23:00:00+00:00,194.93,194.93,193.79,194.16,42926548.15
2025-10-29 00:00:00+00:00,194.16,195.08,193.34,193.82,38004775.39
2025-10-29 01:00:00+00:00,193.82,195.02,192.77,194.15,53401779.8
2025-10-29 02:00:00+00:00,194.15,194.86,193.99,194.7,26783579.43
2025-10-29 03:00:00+00:00,194.7,194.7,193.23,193.9,38997517.62
2025-10-29 04:00:00+00:00,193.9,194.76,193.76,194.56,23161052.4
2025-10-29 05:00:00+00:00,194.56,195.8,194.44,195.16,28404268.07
2025-10-29 06:00:00+00:00,195.16,195.74,194.75,195.56,25823512.04
2025-10-29 07:00:00+00:00,195.56,196.05,195.13,195.63,28409046.68
2025-10-29 08:00:00+00:00,195.63,195.72,194.03,194.51,46037296.53
2025-10-29 09:00:00+00:00,194.51,194.75,193.79,194.22,30433779.36
2025-10-29 10:00:00+00:00,194.22,197.06,193.97,196.25,56518414.11
2025-10-29 11:00:00+00:00,196.25,199.35,196.05,198.73,103062196.86
2025-10-29 12:00:00+00:00,198.73,199.89,198.14,199.87,42116271.76
2025-10-29 13:00:00+00:00,199.87,201.7,199.16,200.74,127992407.94
2025-10-29 14:00:00+00:00,200.74,200.97,198.7,200.03,80010570.22
2025-10-29 15:00:00+00:00,200.03,200.68,196.4,196.78,87166523.59
2025-10-29 16:00:00+00:00,196.78,196.87,194.77,195.36,95291562.78
2025-10-29 17:00:00+00:00,195.36,198.76,194.87,198.5,77366775.39
2025-10-29 18:00:00+00:00,198.5,198.54,190.4,193.55,413666565.85
2025-10-29 19:00:00+00:00,193.55,195.29,191.37,192.76,143186374.02
2025-10-29 20:00:00+00:00,192.76,196.24,191.92,195.57,77967938.1
2025-10-29 21:00:00+00:00,195.57,197.05,195.14,196.04,40297703.64
2025-10-29 22:00:00+00:00,196.04,196.4,195.25,195.37,31362500.29
2025-10-29 23:00:00+00:00,195.37,195.56,193.02,193.88,57319104.45
2025-10-30 00:00:00+00:00,193.88,194.73,192.15,194.67,43363680.45
2025-10-30 01:00:00+00:00,194.67,196.01,193.49,195.52,35724237.81
2025-10-30 02:00:00+00:00,195.52,198.17,195.26,198.16,54198034.19
2025-10-30 03:00:00+00:00,198.16,198.18,196.61,197.1,44285211.27
2025-10-30 04:00:00+00:00,197.1,197.19,190.36,191.82,172480349.68
2025-10-30 05:00:00+00:00,191.82,195.66,191.43,195.16,74355490.05
2025-10-30 06:00:00+00:00,195.16,195.44,193.37,194.18,57880054.02
2025-10-30 07:00:00+00:00,194.18,196.19,193.93,195.81,52059884.63
2025-10-30 08:00:00+00:00,195.81,196.11,194.61,195.39,40543494.49
2025-10-30 09:00:00+00:00,195.39,195.46,192.33,192.4,48330098.36
2025-10-30 10:00:00+00:00,192.4,192.48,191.11,192.19,61167625.61
2025-10-30 11:00:00+00:00,192.19,192.66,191.27,191.85,39417336.47
2025-10-30 12:00:00+00:00,191.85,192.05,186.45,187.84,199461428.44
2025-10-30 13:00:00+00:00,187.84,188.69,185.05,185.74,137861891.28
2025-10-30 14:00:00+00:00,185.74,187.84,185.69,187.29,72605742.46
2025-10-30 15:00:00+00:00,187.29,187.64,184.5,185.05,60901645.95
2025-10-30 16:00:00+00:00,185.05,186.34,183.97,185.32,61236100.77
2025-10-30 17:00:00+00:00,185.32,185.34,181.43,183.81,94889147.44
2025-10-30 18:00:00+00:00,183.81,183.94,180.84,181.32,62621792.84
2025-10-30 19:00:00+00:00,181.32,181.9,178.68,179.07,117930303.15
2025-10-30 20:00:00+00:00,179.07,182.57,178.78,182.24,109509648.63
2025-10-30 21:00:00+00:00,182.24,182.7,181.19,182.4,54919509.37
2025-10-30 22:00:00+00:00,182.4,183.69,182.13,183.66,55771863.83
2025-10-30 23:00:00+00:00,183.66,184.72,182.61,184.65,59907915.38
2025-10-31 00:00:00+00:00,184.65,186.51,184.07,185.46,59157224.9
2025-10-31 01:00:00+00:00,185.46,186.9,185.06,186.26,59591199.53
2025-10-31 02:00:00+00:00,186.26,186.31,183.72,184.63,52809156.27
2025-10-31 03:00:00+00:00,184.63,185.74,184.13,185.15,34903865.99
2025-10-31 04:00:00+00:00,185.15,187.03,184.96,186.64,49056081.96
2025-10-31 05:00:00+00:00,186.64,186.64,185.32,185.7,40230578.4
2025-10-31 06:00:00+00:00,185.7,185.87,184.95,185.55,25216991.01
2025-10-31 07:00:00+00:00,185.55,186.13,184.77,185.35,38953694.57
2025-10-31 08:00:00+00:00,185.35,186.58,184.59,186.51,37489794.86
2025-10-31 09:00:00+00:00,186.51,187.03,186.02,186.62,42824917.88
2025-10-31 10:00:00+00:00,186.62,187.36,186.22,186.41,37220171.12
2025-10-31 11:00:00+00:00,186.41,189.12,186.23,188.88,52275646.73
2025-10-31 12:00:00+00:00,188.88,189.37,186.37,186.51,88818565.91
2025-10-31 13:00:00+00:00,186.51,188.57,186.03,188.33,50226354.08
2025-10-31 14:00:00+00:00,188.33,189.45,186.98,189.08,59481634.3
2025-10-31 15:00:00+00:00,189.08,190.26,187.95,188.14,70273188.14
2025-10-31 16:00:00+00:00,188.14,188.59,184.68,185.06,60290408.62
2025-10-31 17:00:00+00:00,185.06,185.95,184.42,185.37,48750899.53
2025-10-31 18:00:00+00:00,185.37,186.57,184.51,186.0,48136716.39
2025-10-31 19:00:00+00:00,186.0,189.04,185.02,188.46,71188396.96
2025-10-31 20:00:00+00:00,188.46,188.79,186.74,186.92,39944002.82
2025-10-31 21:00:00+00:00,186.92,187.7,186.55,187.26,19198864.5
2025-10-31 22:00:00+00:00,187.26,187.89,187.02,187.28,21570730.47
2025-10-31 23:00:00+00:00,187.28,187.81,187.13,187.21,18028806.79
2025-11-01 00:00:00+00:00,187.21,187.33,186.05,187.12,39733658.8
2025-11-01 01:00:00+00:00,187.12,187.44,186.14,186.14,18520251.23
2025-11-01 02:00:00+00:00,186.14,186.75,185.51,186.61,20795856.56
2025-11-01 03:00:00+00:00,186.61,187.48,186.59,187.2,19001463.67
2025-11-01 04:00:00+00:00,187.2,187.54,186.31,187.07,22570058.74
2025-11-01 05:00:00+00:00,187.07,187.12,186.17,186.23,14169147.73
2025-11-01 06:00:00+00:00,186.23,186.38,185.01,185.72,26408777.5
2025-11-01 07:00:00+00:00,185.72,186.37,185.33,185.8,19689861.92
2025-11-01 08:00:00+00:00,185.8,186.53,185.67,186.53,19663181.57
2025-11-01 09:00:00+00:00,186.53,186.72,185.75,185.82,21245203.84
2025-11-01 10:00:00+00:00,185.82,186.41,185.29,186.15,24017495.97
2025-11-01 11:00:00+00:00,186.15,186.63,185.69,186.21,22930842.2
2025-11-01 12:00:00+00:00,186.21,186.63,186.21,186.39,23817010.69
2025-11-01 13:00:00+00:00,186.39,186.48,184.81,185.33,28349544.33
2025-11-01 14:00:00+00:00,185.33,185.59,183.85,185.03,44367079.83
2025-11-01 15:00:00+00:00,185.03,186.41,184.89,186.41,35131602.4
2025-11-01 16:00:00+00:00,186.41,187.11,186.0,186.43,32836747.62
2025-11-01 17:00:00+00:00,186.43,186.52,184.91,184.97,25682640.88
2025-11-01 18:00:00+00:00,184.97,185.77,184.89,185.74,27350462.23
2025-11-01 19:00:00+00:00,185.74,186.33,185.42,186.27,13922281.66
2025-11-01 20:00:00+00:00,186.27,186.93,186.16,186.5,17701043.87
2025-11-01 21:00:00+00:00,186.5,186.61,185.32,185.35,16999568.64
2025-11-01 22:00:00+00:00,185.35,186.26,184.99,186.14,21376892.82
2025-11-01 23:00:00+00:00,186.14,186.56,185.85,186.36,13864300.23
2025-11-02 00:00:00+00:00,186.36,186.38,185.09,185.11,20358707.65
2025-11-02 01:00:00+00:00,185.11,185.51,184.68,184.81,29005602.58
2025-11-02 02:00:00+00:00,184.81,186.0,184.79,185.39,19067894.69
2025-11-02 03:00:00+00:00,185.39,185.52,184.98,185.3,13580907.33
2025-11-02 04:00:00+00:00,185.3,187.99,185.04,187.78,41006890.02
2025-11-02 05:00:00+00:00,187.78,187.82,186.54,187.09,27701324.73
2025-11-02 06:00:00+00:00,187.09,187.67,186.64,187.41,17469286.66
2025-11-02 07:00:00+00:00,187.41,188.33,186.7,187.72,26455776.35
2025-11-02 08:00:00+00:00,187.72,187.92,186.97,187.14,21510583.54
2025-11-02 09:00:00+00:00,187.14,187.9,185.82,185.91,26521244.93
2025-11-02 10:00:00+00:00,185.91,186.19,184.45,185.04,43020410.24
2025-11-02 11:00:00+00:00,185.04,186.37,184.93,186.16,29446919.69
2025-11-02 12:00:00+00:00,186.16,186.49,185.28,185.53,32583918.5
2025-11-02 13:00:00+00:00,185.53,185.56,183.99,185.12,33382911.65
2025-11-02 14:00:00+00:00,185.12,185.36,183.64,184.36,42475288.9
2025-11-02 15:00:00+00:00,184.36,185.03,183.77,183.8,35050829.68
2025-11-02 16:00:00+00:00,183.8,184.4,182.11,184.29,58814014.43
2025-11-02 17:00:00+00:00,184.29,184.6,183.59,184.41,24990821.82
2025-11-02 18:00:00+00:00,184.41,184.66,184.0,184.25,13399196.39
2025-11-02 19:00:00+00:00,184.25,184.3,183.07,184.02,18918896.48
2025-11-02 20:00:00+00:00,184.02,184.56,183.6,184.55,9914467.82
2025-11-02 21:00:00+00:00,184.55,186.0,184.54,185.49,20442628.01
2025-11-02 22:00:00+00:00,185.49,185.67,184.36,184.91,23459298.87
2025-11-02 23:00:00+00:00,184.91,188.08,184.91,187.73,53165485.5
2025-11-03 00:00:00+00:00,187.73,189.08,186.58,186.58,64287527.37
2025-11-03 01:00:00+00:00,186.58,187.14,185.37,185.54,44287891.43
2025-11-03 02:00:00+00:00,185.54,185.92,183.04,183.49,70565250.47
2025-11-03 03:00:00+00:00,183.49,183.66,176.9,177.57,180469245.12
2025-11-03 04:00:00+00:00,177.57,178.39,176.04,177.94,97868162.06
2025-11-03 05:00:00+00:00,177.94,178.75,176.49,176.8,62087175.02
2025-11-03 06:00:00+00:00,176.8,177.25,174.26,176.1,94825994.83
2025-11-03 07:00:00+00:00,176.1,177.11,175.45,176.51,47605861.77
2025-11-03 08:00:00+00:00,176.51,176.6,173.96,175.67,112185328.74
2025-11-03 09:00:00+00:00,175.67,176.92,174.58,174.94,62856339.56
2025-11-03 10:00:00+00:00,174.94,175.91,173.77,174.07,57120408.63
2025-11-03 11:00:00+00:00,174.07,176.01,174.07,175.36,60810190.3
2025-11-03 12:00:00+00:00,175.36,176.58,175.03,175.56,45879055.5
2025-11-03 13:00:00+00:00,175.56,176.33,174.97,175.81,49277411.51
2025-11-03 14:00:00+00:00,175.81,176.93,174.86,176.43,53557034.35
2025-11-03 15:00:00+00:00,176.43,176.73,165.85,166.77,575456337.17
2025-11-03 16:00:00+00:00,166.77,169.18,165.63,168.38,158491851.26
2025-11-03 17:00:00+00:00,168.38,170.93,168.1,169.93,98220630.33
2025-11-03 18:00:00+00:00,169.93,170.14,167.77,167.88,60173391.0
2025-11-03 19:00:00+00:00,167.88,168.33,166.63,166.73,51696131.98
2025-11-03 20:00:00+00:00,166.73,167.23,163.31,164.39,102267705.29
2025-11-03 21:00:00+00:00,164.39,166.21,163.28,165.95,79425850.88
2025-11-03 22:00:00+00:00,165.95,166.27,164.21,165.75,48686661.86
2025-11-03 23:00:00+00:00,165.75,166.28,164.49,166.06,33396917.16
2025-11-04 00:00:00+00:00,166.06,167.23,164.19,166.58,50957554.21
2025-11-04 01:00:00+00:00,166.58,168.37,165.89,167.85,45425005.58
2025-11-04 02:00:00+00:00,167.85,168.41,166.44,166.68,31079336.77
2025-11-04 03:00:00+00:00,166.68,168.26,166.26,167.66,32880554.41
2025-11-04 04:00:00+00:00,167.66,168.12,164.76,165.03,58620604.22
2025-11-04 05:00:00+00:00,165.03,165.48,157.19,157.71,251737374.09
2025-11-04 06:00:00+00:00,157.71,161.3,157.63,158.62,98706602.52
2025-11-04 07:00:00+00:00,158.62,158.9,155.88,157.06,120234979.5
2025-11-04 08:00:00+00:00,157.06,160.47,156.42,159.25,110118980.12
2025-11-04 09:00:00+00:00,159.25,160.45,158.67,160.38,56669891.65
2025-11-04 10:00:00+00:00,160.38,161.34,159.96,160.5,57751221.81
2025-11-04 11:00:00+00:00,160.5,162.21,160.33,161.72,59172659.08
2025-11-04 12:00:00+00:00,161.72,162.52,160.83,161.44,51473146.94
2025-11-04 13:00:00+00:00,161.44,162.61,160.51,161.28,63623570.37
2025-11-04 14:00:00+00:00,161.28,164.75,159.34,164.3,118185403.14
2025-11-04 15:00:00+00:00,164.3,165.26,161.3,161.48,94701213.83
2025-11-04 16:00:00+00:00,161.48,162.35,158.18,158.22,95007530.25
2025-11-04 17:00:00+00:00,158.22,158.23,153.14,156.22,193714850.03
2025-11-04 18:00:00+00:00,156.22,156.56,152.31,156.43,147853084.01
2025-11-04 19:00:00+00:00,156.43,157.43,154.23,154.62,75666226.93
2025-11-04 20:00:00+00:00,154.62,155.08,149.02,153.39,255225887.19
2025-11-04 21:00:00+00:00,153.39,154.05,146.08,151.16,241224832.42
2025-11-04 22:00:00+00:00,151.16,155.58,150.5,155.2,120614371.68
2025-11-04 23:00:00+00:00,155.2,155.9,153.91,155.03,76332798.81
2025-11-05 00:00:00+00:00,155.03,155.63,152.5,153.34,61822949.77
2025-11-05 01:00:00+00:00,153.34,153.55,147.29,152.62,147464514.64
2025-11-05 02:00:00+00:00,152.62,156.2,152.61,156.13,120340625.36
2025-11-05 03:00:00+00:00,156.13,157.36,155.08,156.93,67839370.39
2025-11-05 04:00:00+00:00,156.93,157.98,155.68,157.05,52087218.43
2025-11-05 05:00:00+00:00,157.05,158.57,156.83,157.53,44053610.55
2025-11-05 06:00:00+00:00,157.53,158.14,156.62,158.02,51112300.63
2025-11-05 07:00:00+00:00,158.02,158.1,155.97,156.47,46219942.67
2025-11-05 08:00:00+00:00,156.47,156.48,153.68,155.71,83267176.75
2025-11-05 09:00:00+00:00,155.71,157.33,155.62,157.04,42934086.95
2025-11-05 10:00:00+00:00,157.04,157.08,154.7,154.87,33310584.54
2025-11-05 11:00:00+00:00,154.87,157.62,154.87,157.47,33088294.55
2025-11-05 12:00:00+00:00,157.47,158.71,156.77,158.29,55986160.05
2025-11-05 13:00:00+00:00,158.29,159.92,157.62,159.46,72127278.59
2025-11-05 14:00:00+00:00,159.46,159.63,156.97,158.74,68691721.2
2025-11-05 15:00:00+00:00,158.74,160.54,157.9,160.49,79216696.94
2025-11-05 16:00:00+00:00,160.49,162.07,158.56,161.83,74414436.24
2025-11-05 17:00:00+00:00,161.83,162.48,160.93,162.03,71419592.85
2025-11-05 18:00:00+00:00,162.03,163.92,161.7,163.13,69946492.31
2025-11-05 19:00:00+00:00,163.13,163.38,162.19,162.53,54825617.53
2025-11-05 20:00:00+00:00,162.53,163.97,162.36,162.56,48682834.39
2025-11-05 21:00:00+00:00,162.56,162.56,161.12,161.85,50747910.3
2025-11-05 22:00:00+00:00,161.85,162.9,161.33,162.82,26414486.38
2025-11-05 23:00:00+00:00,162.82,163.05,162.16,162.37,27882123.88
2025-11-06 00:00:00+00:00,162.37,162.37,160.47,161.39,57949323.57
2025-11-06 01:00:00+00:00,161.39,161.68,159.72,160.81,67859984.26
2025-11-06 02:00:00+00:00,160.81,162.33,160.13,161.75,40060111.47
2025-11-06 03:00:00+00:00,161.75,162.92,161.62,162.44,28846232.16
2025-11-06 04:00:00+00:00,162.44,162.75,161.73,162.14,23474946.77
2025-11-06 05:00:00+00:00,162.14,162.14,158.91,159.33,45448294.75
2025-11-06 06:00:00+00:00,159.33,160.0,158.81,158.82,31706222.64
2025-11-06 07:00:00+00:00,158.82,159.98,158.26,158.87,35409673.18
2025-11-06 08:00:00+00:00,158.87,159.55,158.52,159.34,28711252.41
2025-11-06 09:00:00+00:00,159.34,159.9,158.79,158.8,27716414.01
2025-11-06 10:00:00+00:00,158.8,159.75,157.69,159.07,42449143.97
2025-11-06 11:00:00+00:00,159.07,159.41,158.19,158.86,43538095.61
2025-11-06 12:00:00+00:00,158.86,159.42,157.13,157.5,45441122.87
2025-11-06 13:00:00+00:00,157.5,161.31,157.5,160.65,77356083.84
2025-11-06 14:00:00+00:00,160.65,161.49,157.4,157.79,71899280.27
2025-11-06 15:00:00+00:00,157.79,158.98,155.42,155.93,108398968.12
2025-11-06 16:00:00+00:00,155.93,156.96,153.84,155.4,92409689.41
2025-11-06 17:00:00+00:00,155.4,157.63,154.87,157.26,52007210.17
2025-11-06 18:00:00+00:00,157.26,158.66,155.46,157.5,40611466.96
2025-11-06 19:00:00+00:00,157.5,157.83,156.14,156.87,31477122.73
2025-11-06 20:00:00+00:00,156.87,157.8,154.64,155.3,41200812.23
2025-11-06 21:00:00+00:00,155.3,156.93,154.68,156.49,28795565.97
2025-11-06 22:00:00+00:00,156.49,156.79,154.28,155.58,26990616.85
2025-11-06 23:00:00+00:00,155.58,155.58,153.46,155.28,33845196.91
2025-11-07 00:00:00+00:00,155.28,157.13,154.89,156.76,50816132.73
2025-11-07 01:00:00+00:00,156.76,157.24,154.26,157.06,48675532.37
2025-11-07 02:00:00+00:00,157.06,158.1,156.17,158.01,44286222.17
2025-11-07 03:00:00+00:00,158.01,158.6,156.81,156.87,39230200.83
2025-11-07 04:00:00+00:00,156.87,157.07,155.27,156.18,38847724.71
2025-11-07 05:00:00+00:00,156.18,158.23,156.17,158.09,32330761.25
2025-11-07 06:00:00+00:00,158.09,158.27,156.81,156.81,23907917.38
2025-11-07 07:00:00+00:00,156.81,157.86,156.37,157.79,24900314.58
2025-11-07 08:00:00+00:00,157.79,158.19,156.87,157.3,25306579.08
2025-11-07 09:00:00+00:00,157.3,157.33,154.14,154.75,40808385.88
2025-11-07 10:00:00+00:00,154.75,155.76,153.64,154.26,44125481.87
2025-11-07 11:00:00+00:00,154.26,154.26,151.68,153.87,72858016.36
2025-11-07 12:00:00+00:00,153.87,154.15,150.94,151.63,59176978.68
2025-11-07 13:00:00+00:00,151.63,153.17,151.02,152.32,70142603.89
2025-11-07 14:00:00+00:00,152.32,155.12,149.86,154.65,112839513.56
2025-11-07 15:00:00+00:00,154.65,156.27,153.31,155.42,88758078.25
2025-11-07 16:00:00+00:00,155.42,158.1,154.4,157.28,79022492.42
2025-11-07 17:00:00+00:00,157.28,161.51,156.56,161.16,120247652.75
2025-11-07 18:00:00+00:00,161.16,162.94,160.92,162.11,67784430.24
2025-11-07 19:00:00+00:00,162.11,164.46,161.53,164.17,55648938.13
2025-11-07 20:00:00+00:00,164.17,164.4,162.0,163.37,68583325.29
2025-11-07 21:00:00+00:00,163.37,163.81,162.69,163.51,41181368.78
2025-11-07 22:00:00+00:00,163.51,163.9,162.79,163.21,39760333.53
2025-11-07 23:00:00+00:00,163.21,163.25,161.63,161.79,41118275.84
2025-11-08 00:00:00+00:00,161.79,162.59,160.62,160.88,46017578.85
2025-11-08 01:00:00+00:00,160.88,162.48,160.83,162.04,33762305.25
2025-11-08 02:00:00+00:00,162.04,164.43,161.94,163.42,46111896.83
2025-11-08 03:00:00+00:00,163.42,164.88,162.51,162.53,54724277.17
2025-11-08 04:00:00+00:00,162.53,163.63,162.52,162.72,29240577.58
2025-11-08 05:00:00+00:00,162.72,163.07,161.04,161.37,32019792.68
2025-11-08 06:00:00+00:00,161.37,161.95,160.23,161.13,36493919.51
2025-11-08 07:00:00+00:00,161.13,161.19,159.65,161.05,31089139.81
2025-11-08 08:00:00+00:00,161.05,162.04,160.31,161.56,30005624.45
2025-11-08 09:00:00+00:00,161.56,162.34,161.0,161.14,30314113.89
2025-11-08 10:00:00+00:00,161.14,161.23,160.54,160.82,22869475.16
2025-11-08 11:00:00+00:00,160.82,161.18,159.12,159.37,46590460.53
2025-11-08 12:00:00+00:00,159.37,159.7,158.82,159.44,27135467.85
2025-11-08 13:00:00+00:00,159.44,159.47,158.14,158.22,34666345.7
2025-11-08 14:00:00+00:00,158.22,158.52,156.82,157.69,52128491.83
2025-11-08 15:00:00+00:00,157.69,157.83,155.93,156.65,48436244.95
2025-11-08 16:00:00+00:00,156.65,157.37,155.83,156.77,42368299.1
2025-11-08 17:00:00+00:00,156.77,157.67,156.06,157.6,26262503.55
2025-11-08 18:00:00+00:00,157.6,158.18,156.95,157.95,26227852.36
2025-11-08 19:00:00+00:00,157.95,158.03,156.24,157.36,27409265.18
2025-11-08 20:00:00+00:00,157.36,158.26,157.22,157.69,25867401.58
2025-11-08 21:00:00+00:00,157.69,158.24,157.61,158.04,16716922.4
2025-11-08 22:00:00+00:00,158.04,158.39,157.63,158.02,13608094.73
2025-11-08 23:00:00+00:00,158.02,158.43,157.85,158.01,18016906.66
2025-11-09 00:00:00+00:00,158.01,158.02,156.61,156.84,24363716.89
2025-11-09 01:00:00+00:00,156.84,158.3,156.78,158.18,15709412.65
2025-11-09 02:00:00+00:00,158.18,158.18,155.74,156.02,34670431.13
2025-11-09 03:00:00+00:00,156.02,156.49,155.17,155.88,33110250.11
2025-11-09 04:00:00+00:00,155.88,157.52,155.87,157.23,43302790.72
2025-11-09 05:00:00+00:00,157.23,158.32,157.13,158.11,24847916.41
2025-11-09 06:00:00+00:00,158.11,159.11,157.87,158.26,26102568.83
2025-11-09 07:00:00+00:00,158.26,159.56,157.86,159.29,38222757.39
2025-11-09 08:00:00+00:00,159.29,159.68,158.76,159.45,19973690.62
2025-11-09 09:00:00+00:00,159.45,159.91,158.18,158.27,26052525.27
2025-11-09 10:00:00+00:00,158.27,158.44,157.28,158.43,19521640.23
2025-11-09 11:00:00+00:00,158.43,159.47,158.43,159.06,25316808.96
2025-11-09 12:00:00+00:00,159.06,159.9,158.61,159.11,27620004.27
2025-11-09 13:00:00+00:00,159.11,160.5,159.01,160.06,44430620.86
2025-11-09 14:00:00+00:00,160.06,163.08,159.28,160.15,140913591.47
2025-11-09 15:00:00+00:00,160.15,163.96,159.78,162.53,96321207.04
2025-11-09 16:00:00+00:00,162.53,163.16,161.82,162.93,39338505.06
2025-11-09 17:00:00+00:00,162.93,163.0,161.24,161.8,38035808.67
2025-11-09 18:00:00+00:00,161.8,164.08,161.36,163.99,34828201.01
2025-11-09 19:00:00+00:00,163.99,166.29,163.4,166.15,75232933.42
2025-11-09 20:00:00+00:00,166.15,166.34,165.03,165.34,46197311.83
2025-11-09 21:00:00+00:00,165.34,165.81,164.42,165.23,29518075.93
2025-11-09 22:00:00+00:00,165.23,165.67,164.13,165.44,27407183.25
2025-11-09 23:00:00+00:00,165.44,166.57,163.94,164.53,41539089.05
2025-11-10 00:00:00+00:00,164.53,168.36,163.44,167.49,82069939.93
2025-11-10 01:00:00+00:00,167.49,168.29,166.36,167.07,56220893.73
2025-11-10 02:00:00+00:00,167.07,167.99,166.41,167.75,43061962.2
2025-11-10 03:00:00+00:00,167.75,168.75,167.16,168.12,49878683.06
2025-11-10 04:00:00+00:00,168.12,168.91,166.67,168.02,48643639.34
2025-11-10 05:00:00+00:00,168.02,168.58,166.93,167.54,31878772.74
2025-11-10 06:00:00+00:00,167.54,167.73,166.39,166.93,30709880.94
2025-11-10 07:00:00+00:00,166.93,168.18,166.81,167.38,25606624.29
2025-11-10 08:00:00+00:00,167.38,167.43,166.13,166.63,35900619.3
2025-11-10 09:00:00+00:00,166.63,169.78,166.34,169.46,57027885.67
2025-11-10 10:00:00+00:00,169.46,169.64,168.0,168.35,55113018.87
2025-11-10 11:00:00+00:00,168.35,168.81,168.04,168.33,29303829.28
2025-11-10 12:00:00+00:00,168.33,168.48,166.94,168.13,44787852.23
2025-11-10 13:00:00+00:00,168.13,170.47,167.99,169.73,53749285.51
2025-11-10 14:00:00+00:00,169.73,169.74,165.29,166.15,84581137.08
2025-11-10 15:00:00+00:00,166.15,167.28,165.23,166.26,82404922.32
2025-11-10 16:00:00+00:00,166.26,167.05,165.26,166.12,66776881.61
2025-11-10 17:00:00+00:00,166.12,168.47,165.96,167.83,38255929.08
2025-11-10 18:00:00+00:00,167.83,168.11,165.67,165.67,33227588.79
2025-11-10 19:00:00+00:00,165.67,167.68,165.61,167.2,29199538.28
2025-11-10 20:00:00+00:00,167.2,168.41,166.86,167.86,31814646.02
2025-11-10 21:00:00+00:00,167.86,167.87,164.82,165.52,37071114.69
2025-11-10 22:00:00+00:00,165.52,167.79,165.15,167.63,34845722.26
2025-11-10 23:00:00+00:00,167.63,168.1,167.21,167.31,25449380.46
2025-11-11 00:00:00+00:00,167.31,167.61,166.02,167.5,32670527.88
2025-11-11 01:00:00+00:00,167.5,171.01,166.72,167.38,84238105.61
2025-11-11 02:00:00+00:00,167.38,171.0,166.27,170.28,73007547.7
2025-11-11 03:00:00+00:00,170.28,171.93,169.51,169.97,61055954.64
2025-11-11 04:00:00+00:00,169.97,170.11,166.58,166.92,60741017.34
2025-11-11 05:00:00+00:00,166.92,166.93,165.02,165.17,81223173.54
2025-11-11 06:00:00+00:00,165.17,165.29,163.63,164.96,89021347.18
2025-11-11 07:00:00+00:00,164.96,165.22,163.89,163.98,39045001.8
2025-11-11 08:00:00+00:00,163.98,164.9,163.62,164.01,30743553.77
2025-11-11 09:00:00+00:00,164.01,164.96,163.17,164.02,41053124.63
2025-11-11 10:00:00+00:00,164.02,164.36,162.85,163.76,71496805.8
2025-11-11 11:00:00+00:00,163.76,164.57,163.03,163.68,30544257.5
2025-11-11 12:00:00+00:00,163.68,164.37,162.58,163.33,41843627.06
2025-11-11 13:00:00+00:00,163.33,163.94,162.41,162.81,34760677.48
2025-11-11 14:00:00+00:00,162.81,163.23,161.11,162.99,96641033.01
2025-11-11 15:00:00+00:00,162.99,162.99,160.09,160.9,133197937.86
2025-11-11 16:00:00+00:00,160.9,161.22,159.76,160.64,64739382.39
2025-11-11 17:00:00+00:00,160.64,161.05,158.33,159.51,53558787.93
2025-11-11 18:00:00+00:00,159.51,159.8,158.37,158.96,31872739.84
2025-11-11 19:00:00+00:00,158.96,158.96,157.43,157.59,39628241.62
2025-11-11 20:00:00+00:00,157.59,157.87,156.3,156.76,44635782.4
2025-11-11 21:00:00+00:00,156.76,157.4,155.67,156.08,42957001.42
2025-11-11 22:00:00+00:00,156.08,157.26,155.54,156.7,40698018.21
2025-11-11 23:00:00+00:00,156.7,156.9,153.95,154.62,60339562.84
2025-11-12 00:00:00+00:00,154.62,155.31,153.61,153.82,51791652.68
2025-11-12 01:00:00+00:00,153.82,155.53,153.7,155.42,50683718.53
2025-11-12 02:00:00+00:00,155.42,155.58,153.76,154.29,46289826.27
2025-11-12 03:00:00+00:00,154.29,154.98,153.96,154.57,35753075.39
2025-11-12 04:00:00+00:00,154.57,155.03,154.2,154.94,25989568.44
2025-11-12 05:00:00+00:00,154.94,156.05,154.91,155.48,59136679.22
2025-11-12 06:00:00+00:00,155.48,156.49,155.35,155.92,42214907.58
2025-11-12 07:00:00+00:00,155.92,156.56,154.84,155.03,35602529.16
2025-11-12 08:00:00+00:00,155.03,158.1,155.01,158.0,70263880.66
2025-11-12 09:00:00+00:00,158.0,158.92,157.75,158.07,53317624.29
2025-11-12 10:00:00+00:00,158.07,160.44,158.02,160.28,66403693.71
2025-11-12 11:00:00+00:00,160.28,161.12,159.49,160.02,51255452.26
2025-11-12 12:00:00+00:00,160.02,160.76,159.11,159.85,53170025.72
2025-11-12 13:00:00+00:00,159.85,161.03,158.93,160.57,37666998.14
2025-11-12 14:00:00+00:00,160.57,161.06,157.23,158.57,86327748.73
2025-11-12 15:00:00+00:00,158.57,159.57,155.23,155.71,92609292.06
2025-11-12 16:00:00+00:00,155.71,156.19,152.2,152.8,121022397.08
2025-11-12 17:00:00+00:00,152.8,154.8,152.39,153.33,54541163.53
2025-11-12 18:00:00+00:00,153.33,154.21,152.78,152.78,42817975.11
2025-11-12 19:00:00+00:00,152.78,153.76,151.2,153.05,79090687.4
2025-11-12 20:00:00+00:00,153.05,154.66,152.54,153.74,35478157.46
2025-11-12 21:00:00+00:00,153.74,154.3,153.36,154.13,21706916.91
2025-11-12 22:00:00+00:00,154.13,154.13,152.75,153.88,33457405.11
2025-11-12 23:00:00+00:00,153.88,153.89,152.84,153.42,29155396.37
2025-11-13 00:00:00+00:00,153.42,154.4,152.41,153.01,38719890.2
2025-11-13 01:00:00+00:00,153.01,154.44,152.3,152.75,51019762.31
2025-11-13 02:00:00+00:00,152.75,153.39,152.41,152.91,31412990.61
2025-11-13 03:00:00+00:00,152.91,155.74,150.55,154.34,95147130.87
2025-11-13 04:00:00+00:00,154.34,154.93,153.4,154.3,47348301.04
2025-11-13 05:00:00+00:00,154.3,156.8,153.79,156.15,46685366.04
2025-11-13 06:00:00+00:00,156.15,157.13,155.73,156.73,49888593.97
2025-11-13 07:00:00+00:00,156.73,157.21,154.87,155.31,56815303.27
2025-11-13 08:00:00+00:00,155.31,156.5,154.95,155.94,25520599.7
2025-11-13 09:00:00+00:00,155.94,156.06,153.86,155.0,41045630.91
2025-11-13 10:00:00+00:00,155.0,156.16,154.91,155.42,28477968.91
2025-11-13 11:00:00+00:00,155.42,156.49,155.41,156.29,32458569.61
2025-11-13 12:00:00+00:00,156.29,156.96,155.79,156.42,34286407.22
2025-11-13 13:00:00+00:00,156.42,156.53,153.67,153.81,59680694.08
2025-11-13 14:00:00+00:00,153.81,156.65,152.27,155.3,89408691.05
2025-11-13 15:00:00+00:00,155.3,155.82,152.52,153.12,66117374.55
2025-11-13 16:00:00+00:00,153.12,153.38,150.78,151.1,70034538.64
2025-11-13 17:00:00+00:00,151.1,151.25,146.82,147.09,112510100.13
2025-11-13 18:00:00+00:00,147.09,147.76,144.56,145.44,122527252.58
2025-11-13 19:00:00+00:00,145.44,146.33,142.06,142.73,121957240.78
2025-11-13 20:00:00+00:00,142.73,143.27,141.08,142.73,103622227.48
2025-11-13 21:00:00+00:00,142.73,143.68,141.28,142.11,66278458.94
2025-11-13 22:00:00+00:00,142.11,144.83,141.74,144.6,59716454.2
2025-11-13 23:00:00+00:00,144.6,146.24,143.93,144.73,87989923.46
2025-11-14 00:00:00+00:00,144.73,145.24,142.94,143.31,66354985.84
2025-11-14 01:00:00+00:00,143.31,144.57,142.82,143.68,49668593.57
2025-11-14 02:00:00+00:00,143.68,145.67,143.66,145.31,32124245.66
2025-11-14 03:00:00+00:00,145.31,145.57,143.66,144.28,36118006.98
2025-11-14 04:00:00+00:00,144.28,144.37,139.07,141.91,166565379.98
2025-11-14 05:00:00+00:00,141.91,143.65,141.43,143.16,65547024.5
2025-11-14 06:00:00+00:00,143.16,144.09,139.99,143.93,84453198.96
2025-11-14 07:00:00+00:00,143.93,144.46,142.4,142.85,87391440.29
2025-11-14 08:00:00+00:00,142.85,142.95,141.42,142.49,42468919.56
2025-11-14 09:00:00+00:00,142.49,143.19,140.52,140.93,48338791.5
2025-11-14 10:00:00+00:00,140.93,142.91,140.87,141.95,42699622.61
2025-11-14 11:00:00+00:00,141.95,142.2,139.85,140.77,79827893.78
2025-11-14 12:00:00+00:00,140.77,140.77,135.78,138.72,171716864.69
2025-11-14 13:00:00+00:00,138.72,139.77,135.98,138.96,130822849.39
2025-11-14 14:00:00+00:00,138.96,142.84,137.56,142.21,148060252.34
2025-11-14 15:00:00+00:00,142.21,143.74,140.22,142.23,91449290.82
2025-11-14 16:00:00+00:00,142.23,144.21,141.58,143.43,78694561.3
2025-11-14 17:00:00+00:00,143.43,143.93,140.61,141.41,49991030.64
2025-11-14 18:00:00+00:00,141.41,142.89,140.71,141.3,36164817.24
2025-11-14 19:00:00+00:00,141.3,143.59,140.96,143.14,31889005.59
2025-11-14 20:00:00+00:00,143.14,143.24,139.29,139.62,43328038.81
2025-11-14 21:00:00+00:00,139.62,141.22,139.13,140.66,34944106.37
2025-11-14 22:00:00+00:00,140.66,141.79,139.64,140.32,26375917.92
2025-11-14 23:00:00+00:00,140.32,140.33,137.25,138.92,53909029.17
2025-11-15 00:00:00+00:00,138.92,141.31,138.76,141.1,33921484.08
2025-11-15 01:00:00+00:00,141.1,142.34,140.28,142.03,36078343.44
2025-11-15 02:00:00+00:00,142.03,143.17,141.62,143.1,42690672.99
2025-11-15 03:00:00+00:00,143.1,143.34,142.44,142.54,32852760.92
2025-11-15 04:00:00+00:00,142.54,143.09,141.86,142.4,26452775.5
2025-11-15 05:00:00+00:00,142.4,143.19,142.33,142.85,23719653.11
2025-11-15 06:00:00+00:00,142.85,143.59,142.37,142.68,32737772.56
2025-11-15 07:00:00+00:00,142.68,143.37,142.33,142.75,26045776.2
2025-11-15 08:00:00+00:00,142.75,142.84,140.51,140.79,33387169.54
2025-11-15 09:00:00+00:00,140.79,141.69,140.53,140.96,30670691.19
2025-11-15 10:00:00+00:00,140.96,141.41,140.61,141.23,29173163.77
2025-11-15 11:00:00+00:00,141.23,141.39,139.98,140.22,22310362.88
2025-11-15 12:00:00+00:00,140.22,141.02,139.99,140.89,20862023.29
2025-11-15 13:00:00+00:00,140.89,141.95,140.63,141.66,34933366.67
2025-11-15 14:00:00+00:00,141.66,141.74,140.78,141.5,23240277.3
2025-11-15 15:00:00+00:00,141.5,142.25,141.27,141.72,22267481.17
2025-11-15 16:00:00+00:00,141.72,142.83,140.85,142.75,32335153.89
2025-11-15 17:00:00+00:00,142.75,144.65,142.51,143.44,70352400.24
2025-11-15 18:00:00+00:00,143.44,143.44,142.19,142.49,27930422.6
2025-11-15 19:00:00+00:00,142.49,142.91,141.72,141.77,20040383.67
2025-11-15 20:00:00+00:00,141.77,141.96,140.14,140.43,30917094.96
2025-11-15 21:00:00+00:00,140.43,140.82,138.61,138.98,31834799.88
2025-11-15 22:00:00+00:00,138.98,140.01,138.66,139.84,31024954.15
2025-11-15 23:00:00+00:00,139.84,140.19,139.48,139.61,20380071.82
2025-11-16 00:00:00+00:00,139.61,139.78,138.64,139.26,26908612.08
2025-11-16 01:00:00+00:00,139.26,139.53,137.43,138.79,43613761.53
2025-11-16 02:00:00+00:00,138.79,140.84,138.47,140.84,32018949.61
2025-11-16 03:00:00+00:00,140.84,141.5,140.31,141.42,25582866.92
2025-11-16 04:00:00+00:00,141.42,141.62,140.73,141.35,18849404.26
2025-11-16 05:00:00+00:00,141.35,142.19,141.29,141.45,23732449.37
2025-11-16 06:00:00+00:00,141.45,142.16,141.34,141.67,17655683.49
2025-11-16 07:00:00+00:00,141.67,142.42,141.23,142.31,25882342.3
2025-11-16 08:00:00+00:00,142.31,142.62,141.64,142.2,18093390.48
2025-11-16 09:00:00+00:00,142.2,143.32,141.38,143.28,32250734.22
2025-11-16 10:00:00+00:00,143.28,143.33,142.72,142.94,27074609.56
2025-11-16 11:00:00+00:00,142.94,143.11,139.55,139.94,56777421.46
2025-11-16 12:00:00+00:00,139.94,140.64,139.13,140.05,41829856.55
2025-11-16 13:00:00+00:00,140.05,140.58,138.83,139.46,36045906.75
2025-11-16 14:00:00+00:00,139.46,140.84,139.46,140.43,25526478.23
2025-11-16 15:00:00+00:00,140.43,140.46,137.18,137.47,50959388.75
2025-11-16 16:00:00+00:00,137.47,138.23,135.39,135.73,99796913.47
2025-11-16 17:00:00+00:00,135.73,136.4,134.43,135.84,87482757.57
2025-11-16 18:00:00+00:00,135.84,138.49,135.26,135.84,78475086.6
2025-11-16 19:00:00+00:00,135.84,138.01,135.76,136.83,45721535.67
2025-11-16 20:00:00+00:00,136.83,138.16,136.63,136.65,27945813.76
2025-11-16 21:00:00+00:00,136.65,136.77,135.44,136.43,37081455.19
2025-11-16 22:00:00+00:00,136.43,137.94,135.1,137.31,41683885.01
2025-11-16 23:00:00+00:00,137.31,138.13,134.96,137.18,89016238.88
2025-11-17 00:00:00+00:00,137.18,139.51,136.1,139.17,67578426.2
2025-11-17 01:00:00+00:00,139.17,139.47,138.2,138.27,49313939.72
2025-11-17 02:00:00+00:00,138.27,139.35,137.98,138.9,37106972.59
2025-11-17 03:00:00+00:00,138.9,140.68,138.87,140.27,47873482.85
2025-11-17 04:00:00+00:00,140.27,140.8,139.67,140.36,34172122.81
2025-11-17 05:00:00+00:00,140.36,140.81,139.86,140.59,25173421.26
2025-11-17 06:00:00+00:00,140.59,141.56,140.15,141.39,32245787.49
2025-11-17 07:00:00+00:00,141.39,141.84,141.1,141.33,31519570.75
2025-11-17 08:00:00+00:00,141.33,141.79,141.01,141.35,48900445.25
2025-11-17 09:00:00+00:00,141.35,142.6,140.96,142.0,45840795.18
2025-11-17 10:00:00+00:00,142.0,142.51,141.81,142.26,29919490.62
2025-11-17 11:00:00+00:00,142.26,142.8,141.73,141.89,34523417.41
2025-11-17 12:00:00+00:00,141.89,142.65,141.58,141.79,37830054.62
2025-11-17 13:00:00+00:00,141.79,141.98,137.17,138.05,111670673.67
2025-11-17 14:00:00+00:00,138.05,142.93,136.85,140.15,157973699.95
2025-11-17 15:00:00+00:00,140.15,140.79,136.87,137.15,87370633.03
2025-11-17 16:00:00+00:00,137.15,137.18,133.32,135.87,167040634.69
2025-11-17 17:00:00+00:00,135.87,135.91,131.76,132.03,113493573.17
2025-11-17 18:00:00+00:00,132.03,133.16,130.44,130.53,107081000.02
2025-11-17 19:00:00+00:00,130.53,131.24,129.38,129.65,117998717.68
2025-11-17 20:00:00+00:00,129.65,130.87,128.82,130.36,81432369.92
2025-11-17 21:00:00+00:00,130.36,130.96,129.84,130.7,55304766.45
2025-11-17 22:00:00+00:00,130.7,131.96,130.3,131.3,48721184.62
2025-11-17 23:00:00+00:00,131.3,131.76,130.26,130.99,40752705.79
2025-11-18 00:00:00+00:00,130.99,131.52,129.02,131.31,54917236.48
2025-11-18 01:00:00+00:00,131.31,132.39,130.97,132.02,50436229.61
2025-11-18 02:00:00+00:00,132.02,134.67,130.46,132.4,125877584.66
2025-11-18 03:00:00+00:00,132.4,135.23,131.45,134.51,116835244.08
2025-11-18 04:00:00+00:00,134.51,136.09,132.59,135.54,105886783.77
2025-11-18 05:00:00+00:00,135.54,136.74,134.93,135.95,90016223.49
2025-11-18 06:00:00+00:00,135.95,137.07,135.03,135.7,107911846.46
2025-11-18 07:00:00+00:00,135.7,137.81,135.04,136.93,95335562.51
2025-11-18 08:00:00+00:00,136.93,138.26,136.93,137.76,59525212.6
2025-11-18 09:00:00+00:00,137.76,138.16,136.48,137.85,45406721.75
2025-11-18 10:00:00+00:00,137.85,139.12,137.61,137.99,48885092.59
2025-11-18 11:00:00+00:00,137.99,138.21,137.29,137.86,29559159.44
2025-11-18 12:00:00+00:00,137.86,138.59,137.0,138.23,42196010.99
2025-11-18 13:00:00+00:00,138.23,138.39,136.84,138.29,44163609.9
2025-11-18 14:00:00+00:00,138.29,139.88,137.54,137.54,82665383.04
2025-11-18 15:00:00+00:00,137.54,142.12,137.2,139.7,140196697.73
2025-11-18 16:00:00+00:00,139.7,141.98,138.79,141.09,91174578.79
2025-11-18 17:00:00+00:00,141.09,141.17,139.33,140.05,41586273.28
2025-11-18 18:00:00+00:00,140.05,141.82,140.01,141.47,35472965.09
2025-11-18 19:00:00+00:00,141.47,142.11,140.92,141.44,33311437.84
2025-11-18 20:00:00+00:00,141.44,142.11,141.14,141.14,31693029.12
2025-11-18 21:00:00+00:00,141.14,141.57,139.67,139.75,30789108.1
2025-11-18 22:00:00+00:00,139.75,141.85,139.72,141.43,32038686.49
2025-11-18 23:00:00+00:00,141.43,141.6,140.47,140.69,19443810.75
2025-11-19 00:00:00+00:00,140.69,141.63,139.29,141.15,48360736.26
2025-11-19 01:00:00+00:00,141.15,141.78,139.82,140.37,42900387.35
2025-11-19 02:00:00+00:00,140.37,142.83,140.05,142.2,40983689.04
2025-11-19 03:00:00+00:00,142.2,142.45,139.45,139.81,59642707.7
2025-11-19 04:00:00+00:00,139.81,140.24,138.43,138.67,44108384.16
2025-11-19 05:00:00+00:00,138.67,139.13,137.12,138.0,67542729.93
2025-11-19 06:00:00+00:00,138.0,139.33,137.6,139.06,45234406.16
2025-11-19 07:00:00+00:00,139.06,141.11,138.97,140.58,40033325.41
2025-11-19 08:00:00+00:00,140.58,141.02,139.8,140.18,32015082.48
2025-11-19 09:00:00+00:00,140.18,140.19,139.01,139.7,30570926.98
2025-11-19 10:00:00+00:00,139.7,140.32,139.25,139.55,20184917.81
2025-11-19 11:00:00+00:00,139.55,139.82,138.37,138.57,28606947.04
2025-11-19 12:00:00+00:00,138.57,139.22,138.2,138.95,25151534.8
2025-11-19 13:00:00+00:00,138.95,138.96,136.7,136.74,45755557.87
2025-11-19 14:00:00+00:00,136.74,137.85,136.02,137.22,82191042.96
2025-11-19 15:00:00+00:00,137.22,139.06,134.42,134.61,117282896.65
2025-11-19 16:00:00+00:00,134.61,135.43,132.86,133.38,86260101.53
2025-11-19 17:00:00+00:00,133.38,133.8,131.37,132.21,55899311.73
2025-11-19 18:00:00+00:00,132.21,132.5,130.55,131.5,50870576.71
2025-11-19 19:00:00+00:00,131.5,132.09,130.83,131.74,38745659.05
2025-11-19 20:00:00+00:00,131.74,133.55,131.36,133.19,51159143.13
2025-11-19 21:00:00+00:00,133.19,135.94,132.74,135.45,92417986.19
2025-11-19 22:00:00+00:00,135.45,135.7,134.24,135.57,37822170.31
2025-11-19 23:00:00+00:00,135.57,137.06,135.43,137.06,41394745.12
2025-11-20 00:00:00+00:00,137.06,138.13,136.38,137.71,42564255.43
2025-11-20 01:00:00+00:00,137.71,139.82,137.48,139.66,47281709.83
2025-11-20 02:00:00+00:00,139.66,144.21,139.39,143.66,206515394.32
2025-11-20 03:00:00+00:00,143.66,144.44,142.92,143.18,65963641.86
2025-11-20 04:00:00+00:00,143.18,144.72,142.41,144.67,58271530.85
2025-11-20 05:00:00+00:00,144.67,144.79,143.63,144.1,45251055.38
2025-11-20 06:00:00+00:00,144.1,144.33,142.2,142.83,50869361.06
2025-11-20 07:00:00+00:00,142.83,143.87,142.73,143.8,39307777.4
2025-11-20 08:00:00+00:00,143.8,143.96,142.94,143.39,41953562.34
2025-11-20 09:00:00+00:00,143.39,143.41,141.4,142.03,54008977.15
2025-11-20 10:00:00+00:00,142.03,142.34,141.12,142.26,36249532.15
2025-11-20 11:00:00+00:00,142.26,142.5,141.55,142.12,26865500.16
2025-11-20 12:00:00+00:00,142.12,142.41,141.37,142.02,37718129.24
2025-11-20 13:00:00+00:00,142.02,143.31,140.52,140.71,87414847.31
2025-11-20 14:00:00+00:00,140.71,141.5,138.99,140.94,85196340.31
2025-11-20 15:00:00+00:00,140.94,141.08,138.37,138.56,60754464.79
2025-11-20 16:00:00+00:00,138.56,138.73,131.59,132.65,284464507.89
2025-11-20 17:00:00+00:00,132.65,133.13,131.15,132.81,140787035.51
2025-11-20 18:00:00+00:00,132.81,134.58,132.01,132.58,108708944.34
2025-11-20 19:00:00+00:00,132.58,134.44,131.65,133.92,70909122.41
2025-11-20 20:00:00+00:00,133.92,134.66,132.66,133.7,78028748.74
2025-11-20 21:00:00+00:00,133.7,135.28,133.59,134.15,57323864.37
2025-11-20 22:00:00+00:00,134.15,136.67,133.97,136.44,41561589.42
2025-11-20 23:00:00+00:00,136.44,136.54,133.32,133.65,46228144.9
2025-11-21 00:00:00+00:00,133.65,135.06,133.63,134.2,42512993.81
2025-11-21 01:00:00+00:00,134.2,135.05,133.63,134.24,37994712.89
2025-11-21 02:00:00+00:00,134.24,134.66,131.09,131.4,72540531.84
2025-11-21 03:00:00+00:00,131.4,133.63,131.39,132.63,58093881.31
2025-11-21 04:00:00+00:00,132.63,133.05,130.48,132.64,54932269.15
2025-11-21 05:00:00+00:00,132.64,133.1,131.59,132.09,31038973.6
2025-11-21 06:00:00+00:00,132.09,132.36,130.55,130.87,53288786.49
2025-11-21 07:00:00+00:00,130.87,131.38,124.37,127.55,293379080.67
2025-11-21 08:00:00+00:00,127.55,129.41,126.88,128.09,101335791.82
2025-11-21 09:00:00+00:00,128.09,128.93,125.48,125.51,86122870.62
2025-11-21 10:00:00+00:00,125.51,126.58,124.85,125.1,105309287.73
2025-11-21 11:00:00+00:00,125.1,126.35,123.8,124.33,79172441.28
2025-11-21 12:00:00+00:00,124.33,127.25,121.7,126.25,179058810.24
2025-11-21 13:00:00+00:00,126.25,128.31,125.6,127.21,115784610.69
2025-11-21 14:00:00+00:00,127.21,129.6,126.23,128.61,112033342.26
2025-11-21 15:00:00+00:00,128.61,128.9,124.79,125.4,104175480.43
2025-11-21 16:00:00+00:00,125.4,128.82,123.59,128.66,104104049.35
2025-11-21 17:00:00+00:00,128.66,130.6,128.38,129.22,84907722.65
2025-11-21 18:00:00+00:00,129.22,130.37,126.54,129.54,64397839.52
2025-11-21 19:00:00+00:00,129.54,129.87,127.56,128.13,36671437.41
2025-11-21 20:00:00+00:00,128.13,128.4,125.97,127.17,54710707.86
2025-11-21 21:00:00+00:00,127.17,129.32,126.69,128.87,37488030.49
2025-11-21 22:00:00+00:00,128.87,129.35,125.44,125.49,34686744.94
2025-11-21 23:00:00+00:00,125.49,128.87,125.12,128.68,41697003.74
2025-11-22 00:00:00+00:00,128.68,129.43,128.0,128.46,36322848.35
2025-11-22 01:00:00+00:00,128.46,129.93,128.39,129.48,26880368.85
2025-11-22 02:00:00+00:00,129.48,129.63,127.28,128.04,27983037.81
2025-11-22 03:00:00+00:00,128.04,128.42,126.83,127.14,30671823.44
2025-11-22 04:00:00+00:00,127.14,127.41,125.69,126.99,33679432.39
2025-11-22 05:00:00+00:00,126.99,127.29,125.39,126.24,29698906.32
2025-11-22 06:00:00+00:00,126.24,128.28,125.36,128.06,32803286.97
2025-11-22 07:00:00+00:00,128.06,128.37,127.36,127.73,27101073.74
2025-11-22 08:00:00+00:00,127.73,127.74,125.51,125.92,31825557.32
2025-11-22 09:00:00+00:00,125.92,127.53,125.69,126.47,27744302.18
2025-11-22 10:00:00+00:00,126.47,127.2,125.57,125.92,23688234.19
2025-11-22 11:00:00+00:00,125.92,127.47,125.36,126.69,33231303.92
2025-11-22 12:00:00+00:00,126.69,126.72,125.23,125.82,24687051.38
2025-11-22 13:00:00+00:00,125.82,126.41,125.11,125.62,20340048.85
2025-11-22 14:00:00+00:00,125.62,127.47,125.55,127.13,27923074.95
2025-11-22 15:00:00+00:00,127.13,127.74,126.17,127.13,39511108.11
2025-11-22 16:00:00+00:00,127.13,128.56,126.87,128.21,32089365.03
2025-11-22 17:00:00+00:00,128.21,128.44,127.3,127.61,32185267.11
2025-11-22 18:00:00+00:00,127.61,128.06,127.42,127.77,16768623.79
2025-11-22 19:00:00+00:00,127.77,128.09,126.8,127.2,17745867.4
2025-11-22 20:00:00+00:00,127.2,127.62,126.11,126.45,17060081.8
2025-11-22 21:00:00+00:00,126.45,126.83,126.13,126.63,12333419.74
2025-11-22 22:00:00+00:00,126.63,128.9,126.21,128.25,24599608.96
2025-11-22 23:00:00+00:00,128.25,128.46,127.31,127.59,20822499.88
2025-11-23 00:00:00+00:00,127.59,128.64,127.56,128.02,18786775.74
2025-11-23 01:00:00+00:00,128.02,129.85,127.89,129.45,41501704.96
2025-11-23 02:00:00+00:00,129.45,130.8,129.12,130.05,43579032.17
2025-11-23 03:00:00+00:00,130.05,130.41,129.39,129.95,24000686.45
2025-11-23 04:00:00+00:00,129.95,131.88,129.94,130.74,43578860.77
2025-11-23 05:00:00+00:00,130.74,130.91,130.21,130.53,25010204.36
2025-11-23 06:00:00+00:00,130.53,130.9,129.17,129.34,29433211.04
2025-11-23 07:00:00+00:00,129.34,129.42,128.12,128.87,41625631.96
2025-11-23 08:00:00+00:00,128.87,129.77,128.85,129.68,23818221.34
2025-11-23 09:00:00+00:00,129.68,130.81,129.46,130.08,40740850.15
2025-11-23 10:00:00+00:00,130.08,130.19,129.42,129.95,18514246.72
2025-11-23 11:00:00+00:00,129.95,129.98,129.03,129.75,19335463.8
2025-11-23 12:00:00+00:00,129.75,131.71,129.66,130.86,49567580.94
2025-11-23 13:00:00+00:00,130.86,131.72,130.35,131.57,32016701.65
2025-11-23 14:00:00+00:00,131.57,132.74,130.51,130.75,44747875.92
2025-11-23 15:00:00+00:00,130.75,133.1,130.44,132.88,53123515.67
2025-11-23 16:00:00+00:00,132.88,133.43,131.76,131.79,38661980.85
2025-11-23 17:00:00+00:00,131.79,131.9,130.85,131.39,29728580.64
2025-11-23 18:00:00+00:00,131.39,132.92,131.38,132.2,23104657.75
2025-11-23 19:00:00+00:00,132.2,133.08,131.98,132.38,18813151.98
2025-11-23 20:00:00+00:00,132.38,132.84,132.1,132.64,14977918.99
2025-11-23 21:00:00+00:00,132.64,133.52,131.53,133.15,28326917.67
2025-11-23 22:00:00+00:00,133.15,133.32,132.28,132.66,22046899.94
2025-11-23 23:00:00+00:00,132.66,132.86,130.53,130.59,39617105.2
2025-11-24 00:00:00+00:00,130.59,132.08,129.32,130.81,54818777.44
2025-11-24 01:00:00+00:00,130.81,131.75,130.01,131.5,32188943.93
2025-11-24 02:00:00+00:00,131.5,134.39,131.42,133.39,59282030.97
2025-11-24 03:00:00+00:00,133.39,134.39,132.85,133.43,31311192.97
2025-11-24 04:00:00+00:00,133.43,133.53,130.62,131.39,52572446.51
2025-11-24 05:00:00+00:00,131.39,133.92,131.23,132.96,40260926.26
2025-11-24 06:00:00+00:00,132.96,133.02,130.68,131.18,53756583.22
2025-11-24 07:00:00+00:00,131.18,131.42,130.21,130.33,40393549.23
2025-11-24 08:00:00+00:00,130.33,130.74,129.64,130.58,47198432.98
2025-11-24 09:00:00+00:00,130.58,130.67,128.46,128.89,42874650.96
2025-11-24 10:00:00+00:00,128.89,129.45,128.77,129.24,26649424.63
2025-11-24 11:00:00+00:00,129.24,129.93,128.79,129.62,23498553.99
2025-11-24 12:00:00+00:00,129.62,129.99,129.01,129.53,30517746.59
2025-11-24 13:00:00+00:00,129.53,130.59,129.4,129.76,37826227.24
2025-11-24 14:00:00+00:00,129.76,131.59,128.55,130.68,76668639.04
2025-11-24 15:00:00+00:00,130.68,132.6,130.04,131.95,64177415.54
2025-11-24 16:00:00+00:00,131.95,134.38,131.84,133.71,93329865.56
2025-11-24 17:00:00+00:00,133.71,137.17,133.59,136.92,105210035.58
2025-11-24 18:00:00+00:00,136.92,137.98,136.5,137.4,62034568.49
2025-11-24 19:00:00+00:00,137.4,137.8,136.68,137.24,44803623.92
2025-11-24 20:00:00+00:00,137.24,139.34,137.24,139.0,104159757.83
2025-11-24 21:00:00+00:00,139.0,139.17,138.05,138.99,40073042.05
2025-11-24 22:00:00+00:00,138.99,139.84,138.45,139.04,43690776.8
2025-11-24 23:00:00+00:00,139.04,139.2,138.21,138.44,24340858.56
2025-11-25 00:00:00+00:00,138.44,138.98,137.64,138.43,34755066.62
2025-11-25 01:00:00+00:00,138.43,138.97,137.77,137.82,23414197.38
2025-11-25 02:00:00+00:00,137.82,138.39,137.26,138.17,23877469.85
2025-11-25 03:00:00+00:00,138.17,138.66,137.29,137.8,15498153.02
2025-11-25 04:00:00+00:00,137.8,138.96,137.74,138.55,18988240.31
2025-11-25 05:00:00+00:00,138.55,138.81,137.87,138.58,16903476.01
2025-11-25 06:00:00+00:00,138.58,138.62,137.42,138.17,20405318.25
2025-11-25 07:00:00+00:00,138.17,138.19,136.3,136.34,27681417.25
2025-11-25 08:00:00+00:00,136.34,136.7,135.18,135.45,43321486.97
2025-11-25 09:00:00+00:00,135.45,136.34,134.76,136.3,37432290.17
2025-11-25 10:00:00+00:00,136.3,136.84,135.87,136.63,26139632.92
2025-11-25 11:00:00+00:00,136.63,136.73,135.96,136.29,28618780.88
2025-11-25 12:00:00+00:00,136.29,136.96,135.66,136.31,47055094.26
2025-11-25 13:00:00+00:00,136.31,136.95,135.18,135.46,47325580.04
2025-11-25 14:00:00+00:00,135.46,136.21,133.14,134.68,78230717.97
2025-11-25 15:00:00+00:00,134.68,135.5,133.47,134.85,57464602.66
2025-11-25 16:00:00+00:00,134.85,137.07,134.56,136.08,34696039.55
2025-11-25 17:00:00+00:00,136.08,138.01,135.75,136.92,42909422.41
2025-11-25 18:00:00+00:00,136.92,137.68,136.32,136.34,35556882.73
2025-11-25 19:00:00+00:00,136.34,136.73,134.24,136.71,44960060.41
2025-11-25 20:00:00+00:00,136.71,138.0,136.28,137.81,30785026.88
2025-11-25 21:00:00+00:00,137.81,138.12,136.99,137.18,24178670.75
2025-11-25 22:00:00+00:00,137.18,139.56,135.99,138.99,41319621.89
2025-11-25 23:00:00+00:00,138.99,140.5,138.57,138.96,52380515.46
2025-11-26 00:00:00+00:00,138.96,139.85,138.82,139.05,31350120.09
2025-11-26 01:00:00+00:00,139.05,140.66,138.59,140.02,35298261.2
2025-11-26 02:00:00+00:00,140.02,140.23,139.07,139.25,27918255.13
2025-11-26 03:00:00+00:00,139.25,139.77,137.94,138.15,37205314.36
2025-11-26 04:00:00+00:00,138.15,138.55,137.75,138.04,26706377.11
2025-11-26 05:00:00+00:00,138.04,139.29,138.0,139.02,18734875.9
2025-11-26 06:00:00+00:00,139.02,139.77,138.42,139.57,33457392.9
2025-11-26 07:00:00+00:00,139.57,139.94,139.12,139.9,32796721.1
2025-11-26 08:00:00+00:00,139.9,139.9,137.92,137.93,36204414.64
2025-11-26 09:00:00+00:00,137.93,138.13,136.22,136.72,59963719.17
2025-11-26 10:00:00+00:00,136.72,137.45,136.62,137.27,26941445.74
2025-11-26 11:00:00+00:00,137.27,137.38,136.61,136.87,18843834.9
2025-11-26 12:00:00+00:00,136.87,137.1,135.58,135.65,33944539.64
2025-11-26 13:00:00+00:00,135.65,136.91,135.51,136.74,35091413.94
2025-11-26 14:00:00+00:00,136.74,138.26,135.72,136.32,99298924.71
2025-11-26 15:00:00+00:00,136.32,137.43,135.8,136.66,70588616.99
2025-11-26 16:00:00+00:00,136.66,138.1,136.47,137.06,40399845.33
2025-11-26 17:00:00+00:00,137.06,141.01,136.77,140.74,69521252.8
2025-11-26 18:00:00+00:00,140.74,144.71,140.7,144.63,176292826.95
2025-11-26 19:00:00+00:00,144.63,144.72,143.68,143.99,58198998.06
2025-11-26 20:00:00+00:00,143.99,144.01,142.55,142.91,43386736.35
2025-11-26 21:00:00+00:00,142.91,144.22,142.86,143.52,32806283.02
2025-11-26 22:00:00+00:00,143.52,144.06,142.81,143.07,36555916.91
2025-11-26 23:00:00+00:00,143.07,143.43,142.52,143.02,21831418.56
2025-11-27 00:00:00+00:00,143.02,143.72,142.23,142.83,31781151.15
2025-11-27 01:00:00+00:00,142.83,143.62,142.08,143.3,29715466.74
2025-11-27 02:00:00+00:00,143.3,144.11,142.8,143.01,41309039.8
2025-11-27 03:00:00+00:00,143.01,143.71,142.35,142.52,31982072.31
2025-11-27 04:00:00+00:00,142.52,143.02,142.33,142.87,20649314.24
2025-11-27 05:00:00+00:00,142.87,143.48,142.56,142.77,22652687.93
2025-11-27 06:00:00+00:00,142.77,144.11,142.77,143.94,28453842.85
2025-11-27 07:00:00+00:00,143.94,144.27,143.61,143.76,24972950.65
2025-11-27 08:00:00+00:00,143.76,143.89,142.13,142.58,34406482.04
2025-11-27 09:00:00+00:00,142.58,143.04,141.66,141.74,30664414.79
2025-11-27 10:00:00+00:00,141.74,142.34,141.53,142.3,27018756.36
2025-11-27 11:00:00+00:00,142.3,142.33,141.67,142.07,18282259.72
2025-11-27 12:00:00+00:00,142.07,142.18,141.02,141.13,26635744.76
2025-11-27 13:00:00+00:00,141.13,141.52,140.7,141.25,31001770.64
2025-11-27 14:00:00+00:00,141.25,141.8,140.86,141.27,26932253.81
2025-11-27 15:00:00+00:00,141.27,142.53,141.08,142.16,32205197.84
2025-11-27 16:00:00+00:00,142.16,142.45,141.61,142.2,39684806.3
2025-11-27 17:00:00+00:00,142.2,142.27,141.44,141.61,35737632.75
2025-11-27 18:00:00+00:00,141.61,143.1,141.52,142.94,40284966.99
2025-11-27 19:00:00+00:00,142.94,142.94,142.25,142.72,17931582.53
2025-11-27 20:00:00+00:00,142.72,142.9,142.43,142.48,20175631.92
2025-11-27 21:00:00+00:00,142.48,142.55,141.8,141.93,22710281.07
2025-11-27 22:00:00+00:00,141.93,142.03,140.53,140.81,27406760.66
2025-11-27 23:00:00+00:00,140.81,141.45,140.48,140.85,19349627.07
2025-11-28 00:00:00+00:00,140.85,141.44,140.51,140.99,18784934.22
2025-11-28 01:00:00+00:00,140.99,141.04,138.85,139.05,42088103.02
2025-11-28 02:00:00+00:00,139.05,139.62,138.6,139.48,26842852.22
2025-11-28 03:00:00+00:00,139.48,139.8,139.17,139.68,30422249.14
2025-11-28 04:00:00+00:00,139.68,140.25,139.56,140.06,19519601.94
2025-11-28 05:00:00+00:00,140.06,140.55,139.85,140.36,37134552.24
2025-11-28 06:00:00+00:00,140.36,140.36,139.21,139.46,23965685.81
2025-11-28 07:00:00+00:00,139.46,140.04,138.97,138.98,25172327.54
2025-11-28 08:00:00+00:00,138.98,141.59,138.96,141.46,41150691.02
2025-11-28 09:00:00+00:00,141.46,142.61,141.03,141.69,73840820.91
2025-11-28 10:00:00+00:00,141.69,142.37,141.58,142.07,29420361.42
2025-11-28 11:00:00+00:00,142.07,142.07,140.01,140.99,34001193.65
2025-11-28 12:00:00+00:00,140.99,141.55,140.77,140.79,34776595.39
2025-11-28 13:00:00+00:00,140.79,143.37,140.43,142.5,59612591.36
2025-11-28 14:00:00+00:00,142.5,143.53,141.74,142.58,69268474.3
2025-11-28 15:00:00+00:00,142.58,143.59,141.33,141.62,85968667.99
2025-11-28 16:00:00+00:00,141.62,141.64,138.76,138.8,65379310.69
2025-11-28 17:00:00+00:00,138.8,138.82,136.82,137.09,80402910.19
2025-11-28 18:00:00+00:00,137.09,137.52,136.03,137.18,53572292.5
2025-11-28 19:00:00+00:00,137.18,137.98,137.06,137.53,32207069.12
2025-11-28 20:00:00+00:00,137.53,137.98,136.94,137.91,22251614.69
2025-11-28 21:00:00+00:00,137.91,138.03,137.31,137.4,16929365.73
2025-11-28 22:00:00+00:00,137.4,137.88,136.63,137.81,32035566.67
2025-11-28 23:00:00+00:00,137.81,138.29,137.28,137.33,17503425.76
2025-11-29 00:00:00+00:00,137.33,137.89,137.15,137.66,15421956.94
2025-11-29 01:00:00+00:00,137.66,137.83,137.27,137.42,13825069.11
2025-11-29 02:00:00+00:00,137.42,137.71,136.9,137.21,22474627.35
2025-11-29 03:00:00+00:00,137.21,137.41,136.76,136.84,14878247.98
2025-11-29 04:00:00+00:00,136.84,137.73,136.84,137.65,14825938.69
2025-11-29 05:00:00+00:00,137.65,137.66,137.15,137.22,15629645.26
2025-11-29 06:00:00+00:00,137.22,137.6,136.3,137.11,41577693.9
2025-11-29 07:00:00+00:00,137.11,137.54,136.94,137.28,19401077.62
2025-11-29 08:00:00+00:00,137.28,137.48,136.69,136.98,24812992.07
2025-11-29 09:00:00+00:00,136.98,137.13,136.61,136.69,19374766.14
2025-11-29 10:00:00+00:00,136.69,137.01,136.44,136.83,24701096.6
2025-11-29 11:00:00+00:00,136.83,137.37,136.67,137.34,15189241.98
2025-11-29 12:00:00+00:00,137.34,137.47,136.87,136.94,11301230.79
2025-11-29 13:00:00+00:00,136.94,137.07,136.68,136.91,13091540.42
2025-11-29 14:00:00+00:00,136.91,136.91,136.5,136.54,13817966.32
2025-11-29 15:00:00+00:00,136.54,137.66,136.54,137.57,29542101.38
2025-11-29 16:00:00+00:00,137.57,137.82,137.05,137.66,22505804.38
2025-11-29 17:00:00+00:00,137.66,138.04,136.13,136.19,40680356.85
2025-11-29 18:00:00+00:00,136.19,136.35,134.83,135.69,57758738.97
2025-11-29 19:00:00+00:00,135.69,136.24,135.43,135.69,20934645.84
2025-11-29 20:00:00+00:00,135.69,136.32,135.35,136.23,17158038.45
2025-11-29 21:00:00+00:00,136.23,136.52,135.76,136.47,14593111.16
2025-11-29 22:00:00+00:00,136.47,136.47,135.42,135.81,26868096.78
2025-11-29 23:00:00+00:00,135.81,136.2,135.51,135.92,16514782.26
2025-11-30 00:00:00+00:00,135.92,136.45,135.74,135.95,20487927.51
2025-11-30 01:00:00+00:00,135.95,136.61,135.87,136.3,23473626.04
2025-11-30 02:00:00+00:00,136.3,136.78,135.87,135.93,23600974.01
2025-11-30 03:00:00+00:00,135.93,136.49,135.27,136.4,27899201.46
2025-11-30 04:00:00+00:00,136.4,136.89,136.23,136.35,20098948.23
2025-11-30 05:00:00+00:00,136.35,136.36,135.57,135.77,14056474.74
2025-11-30 06:00:00+00:00,135.77,136.46,135.53,136.33,18010956.11
2025-11-30 07:00:00+00:00,136.33,136.69,136.2,136.52,15608322.68
2025-11-30 08:00:00+00:00,136.52,137.07,136.13,136.8,26518764.89
2025-11-30 09:00:00+00:00,136.8,137.1,136.46,136.81,19128391.67
2025-11-30 10:00:00+00:00,136.81,136.96,136.54,136.68,13941800.77
2025-11-30 11:00:00+00:00,136.68,136.88,136.24,136.43,13440129.95
2025-11-30 12:00:00+00:00,136.43,137.68,136.2,137.57,26845972.56
2025-11-30 13:00:00+00:00,137.57,140.15,137.35,139.25,91920346.53
2025-11-30 14:00:00+00:00,139.25,139.46,138.17,138.51,51428806.85
2025-11-30 15:00:00+00:00,138.51,138.54,137.52,138.34,29027799.41
2025-11-30 16:00:00+00:00,138.34,139.82,138.3,139.53,34307231.66
2025-11-30 17:00:00+00:00,139.53,139.53,138.36,138.46,32019175.47
2025-11-30 18:00:00+00:00,138.46,138.64,137.86,138.62,25840120.41
2025-11-30 19:00:00+00:00,138.62,138.67,137.39,137.64,32777765.1
2025-11-30 20:00:00+00:00,137.64,137.93,136.89,137.3,30243332.95
2025-11-30 21:00:00+00:00,137.3,137.39,136.63,137.04,24138726.28
2025-11-30 22:00:00+00:00,137.04,137.87,137.0,137.73,17614695.46
2025-11-30 23:00:00+00:00,137.73,137.78,133.28,133.48,86730066.76
2025-12-01 00:00:00+00:00,133.48,133.73,127.54,127.58,233346438.6
2025-12-01 01:00:00+00:00,127.58,129.32,127.5,127.96,61808785.48
2025-12-01 02:00:00+00:00,127.96,128.66,127.48,127.57,59894717.11
2025-12-01 03:00:00+00:00,127.57,127.58,126.54,126.97,46272761.61
2025-12-01 04:00:00+00:00,126.97,127.04,126.19,126.38,38932058.5
2025-12-01 05:00:00+00:00,126.38,126.57,125.82,126.11,40734124.96
2025-12-01 06:00:00+00:00,126.11,126.85,126.04,126.71,29770326.58
2025-12-01 07:00:00+00:00,126.71,127.46,126.33,127.41,37627376.49
2025-12-01 08:00:00+00:00,127.41,127.82,127.0,127.73,31235801.14
2025-12-01 09:00:00+00:00,127.73,128.03,126.88,127.02,34870402.08
2025-12-01 10:00:00+00:00,127.02,127.55,126.96,127.25,15623063.28
2025-12-01 11:00:00+00:00,127.25,127.38,126.9,127.12,18875055.29
2025-12-01 12:00:00+00:00,127.12,127.19,125.48,126.6,57726418.1
2025-12-01 13:00:00+00:00,126.6,127.72,126.15,126.48,42512143.92
2025-12-01 14:00:00+00:00,126.48,127.08,125.57,126.13,46323435.16
2025-12-01 15:00:00+00:00,126.13,126.31,123.13,125.11,120850720.64
2025-12-01 16:00:00+00:00,125.11,125.33,123.39,123.52,78824387.38
2025-12-01 17:00:00+00:00,123.52,124.98,123.52,124.46,40081938.28
2025-12-01 18:00:00+00:00,124.46,125.3,123.77,124.51,40874592.64
2025-12-01 19:00:00+00:00,124.51,124.59,123.28,123.86,34756861.61
2025-12-01 20:00:00+00:00,123.86,125.36,123.84,124.45,37486133.52
2025-12-01 21:00:00+00:00,124.45,126.63,124.23,126.09,67155223.91
2025-12-01 22:00:00+00:00,126.09,127.41,125.86,126.83,40338002.0
2025-12-01 23:00:00+00:00,126.83,127.39,126.54,126.66,32229261.9
2025-12-02 00:00:00+00:00,126.66,127.55,126.47,127.36,31771922.07
2025-12-02 01:00:00+00:00,127.36,128.51,126.8,127.0,30741967.13
2025-12-02 02:00:00+00:00,127.0,128.13,126.63,126.97,27650775.47
2025-12-02 03:00:00+00:00,126.97,127.68,126.03,127.25,31550200.25
2025-12-02 04:00:00+00:00,127.25,127.84,126.88,126.9,23157774.45
2025-12-02 05:00:00+00:00,126.9,127.09,126.47,126.71,23257769.86
2025-12-02 06:00:00+00:00,126.71,127.85,126.44,127.68,24551996.43
2025-12-02 07:00:00+00:00,127.68,127.71,127.0,127.27,21600485.39
2025-12-02 08:00:00+00:00,127.27,127.31,126.01,126.16,34275462.5
2025-12-02 09:00:00+00:00,126.16,127.19,126.14,126.77,27462156.11
2025-12-02 10:00:00+00:00,126.77,128.82,126.71,128.3,31925060.74
2025-12-02 11:00:00+00:00,128.3,128.52,127.83,128.31,30226861.19
2025-12-02 12:00:00+00:00,128.31,129.01,128.2,128.87,39102497.47
2025-12-02 13:00:00+00:00,128.87,131.01,128.47,130.6,95197300.08
2025-12-02 14:00:00+00:00,130.6,133.44,130.4,132.98,100835751.32
2025-12-02 15:00:00+00:00,132.98,139.41,132.96,137.83,263002401.06
2025-12-02 16:00:00+00:00,137.83,139.71,137.39,139.37,143508811.22
2025-12-02 17:00:00+00:00,139.37,140.88,139.27,139.48,98094045.83
2025-12-02 18:00:00+00:00,139.48,140.3,139.4,139.85,54980586.06
2025-12-02 19:00:00+00:00,139.85,140.64,139.77,140.25,42116874.15
2025-12-02 20:00:00+00:00,140.25,140.38,138.22,138.75,89815072.34
2025-12-02 21:00:00+00:00,138.75,139.29,138.39,139.12,29648952.07
2025-12-02 22:00:00+00:00,139.12,139.99,138.87,139.92,38842290.27
2025-12-02 23:00:00+00:00,139.92,139.93,138.42,138.68,30265326.04
2025-12-03 00:00:00+00:00,138.68,138.95,137.76,138.16,50055610.57
2025-12-03 01:00:00+00:00,138.16,139.22,137.89,138.88,39010628.22
2025-12-03 02:00:00+00:00,138.88,140.32,138.81,140.04,50916005.33
2025-12-03 03:00:00+00:00,140.04,140.63,139.8,140.34,37621691.87
2025-12-03 04:00:00+00:00,140.34,142.49,140.2,142.27,84646264.57
2025-12-03 05:00:00+00:00,142.27,143.24,142.17,143.06,67156942.47
2025-12-03 06:00:00+00:00,143.06,144.23,142.38,142.46,64696340.98
2025-12-03 07:00:00+00:00,142.46,142.56,141.84,141.88,34805530.94
2025-12-03 08:00:00+00:00,141.88,142.66,141.49,142.15,30203876.54
2025-12-03 09:00:00+00:00,142.15,142.45,141.57,142.1,33925609.54
2025-12-03 10:00:00+00:00,142.1,142.27,141.19,141.3,24014672.86
2025-12-03 11:00:00+00:00,141.3,141.76,140.79,141.73,32773162.02
2025-12-03 12:00:00+00:00,141.73,142.08,141.1,141.92,31285496.59
2025-12-03 13:00:00+00:00,141.92,142.46,141.5,141.87,37399522.75
2025-12-03 14:00:00+00:00,141.87,143.55,138.88,140.92,147594736.25
2025-12-03 15:00:00+00:00,140.92,142.09,140.16,140.99,50403307.55
2025-12-03 16:00:00+00:00,140.99,141.85,139.91,140.71,61418362.98
2025-12-03 17:00:00+00:00,140.71,142.08,140.48,141.83,48857151.4
2025-12-03 18:00:00+00:00,141.83,142.35,140.68,141.17,57314863.09
2025-12-03 19:00:00+00:00,141.17,141.59,141.04,141.27,32584720.26
2025-12-03 20:00:00+00:00,141.27,142.17,140.74,141.7,33612741.74
2025-12-03 21:00:00+00:00,141.7,146.1,141.62,145.51,78710596.2
2025-12-03 22:00:00+00:00,145.51,145.93,143.19,144.53,92512938.34
2025-12-03 23:00:00+00:00,144.53,145.61,144.48,144.67,56486917.06
2025-12-04 00:00:00+00:00,144.67,145.37,143.66,145.02,37321626.81
2025-12-04 01:00:00+00:00,145.02,146.9,144.13,144.18,52403583.96
2025-12-04 02:00:00+00:00,144.18,146.09,143.99,145.6,30460938.14
2025-12-04 03:00:00+00:00,145.6,145.63,144.33,144.67,24048032.41
2025-12-04 04:00:00+00:00,144.67,144.9,143.74,144.17,28682492.76
2025-12-04 05:00:00+00:00,144.17,144.24,142.97,143.24,41387411.56
2025-12-04 06:00:00+00:00,143.24,144.28,143.11,143.97,43556923.8
2025-12-04 07:00:00+00:00,143.97,144.01,142.65,143.46,54560187.93
2025-12-04 08:00:00+00:00,143.46,144.05,142.74,142.9,49275539.64
2025-12-04 09:00:00+00:00,142.9,144.19,142.89,143.9,57878860.55
2025-12-04 10:00:00+00:00,143.9,144.18,143.3,143.34,20969967.71
2025-12-04 11:00:00+00:00,143.34,143.48,142.7,143.05,27144442.62
2025-12-04 12:00:00+00:00,143.05,143.49,142.4,142.87,24728578.76
2025-12-04 13:00:00+00:00,142.87,143.17,141.8,142.23,45635842.92
2025-12-04 14:00:00+00:00,142.23,143.33,141.45,141.82,47058248.85
2025-12-04 15:00:00+00:00,141.82,144.22,141.81,143.22,62915580.12
2025-12-04 16:00:00+00:00,143.22,143.84,142.26,142.63,38081024.76
2025-12-04 17:00:00+00:00,142.63,142.8,141.13,142.14,35125278.47
2025-12-04 18:00:00+00:00,142.14,142.21,140.34,140.75,34730893.22
2025-12-04 19:00:00+00:00,140.75,140.82,137.82,139.67,80292200.09
2025-12-04 20:00:00+00:00,139.67,140.5,139.19,140.4,34839736.53
2025-12-04 21:00:00+00:00,140.4,140.42,138.56,138.72,32461239.03
2025-12-04 22:00:00+00:00,138.72,139.77,138.72,139.39,27182884.2
2025-12-04 23:00:00+00:00,139.39,139.42,138.71,139.01,16660188.24
2025-12-05 00:00:00+00:00,139.01,139.71,138.92,139.25,23439894.93
2025-12-05 01:00:00+00:00,139.25,140.15,139.16,139.82,25398970.35
<<<<<<< Updated upstream
<<<<<<< Updated upstream
<<<<<<< Updated upstream
2025-12-05 02:00:00+00:00,139.82,139.83,139.26,139.73,10885657.18
=======
2025-12-05 02:00:00+00:00,139.82,139.85,139.26,139.7,13974693.86
>>>>>>> Stashed changes
=======
2025-12-05 02:00:00+00:00,139.82,140.06,139.26,140.04,17552512.51
>>>>>>> Stashed changes
=======
2025-12-05 02:00:00+00:00,139.82,140.14,139.26,139.99,18391117.73
>>>>>>> Stashed changes
