time,open,high,low,close,volume
2025-09-12 17:00:00+00:00,48.64,48.92,48.59,48.79,269784.65
2025-09-12 18:00:00+00:00,48.79,50.13,48.69,49.8,624556.11
2025-09-12 19:00:00+00:00,49.8,50.34,49.45,50.11,339774.98
2025-09-12 20:00:00+00:00,50.11,50.17,49.53,49.56,197538.53
2025-09-12 21:00:00+00:00,49.56,49.56,49.24,49.38,75951.48
2025-09-12 22:00:00+00:00,49.38,49.83,49.32,49.75,110321.3
2025-09-12 23:00:00+00:00,49.75,49.77,49.51,49.73,162636.83
2025-09-13 00:00:00+00:00,49.73,49.84,49.39,49.55,200573.69
2025-09-13 01:00:00+00:00,49.55,49.94,49.39,49.4,100322.77
2025-09-13 02:00:00+00:00,49.4,49.52,49.15,49.33,122637.45
2025-09-13 03:00:00+00:00,49.33,49.42,49.18,49.32,119474.29
2025-09-13 04:00:00+00:00,49.32,49.35,49.14,49.23,87935.47
2025-09-13 05:00:00+00:00,49.23,49.35,48.96,49.21,165781.46
2025-09-13 06:00:00+00:00,49.21,49.33,48.88,48.91,159390.45
2025-09-13 07:00:00+00:00,48.91,49.59,48.89,49.55,235970.42
2025-09-13 08:00:00+00:00,49.55,49.76,49.41,49.65,111268.67
2025-09-13 09:00:00+00:00,49.65,50.73,49.45,50.14,468391.01
2025-09-13 10:00:00+00:00,50.14,50.24,49.83,49.98,204307.38
2025-09-13 11:00:00+00:00,49.98,50.15,49.73,50.07,158976.82
2025-09-13 12:00:00+00:00,50.07,50.92,49.91,50.9,591516.17
2025-09-13 13:00:00+00:00,50.9,51.02,49.7,50.46,368767.52
2025-09-13 14:00:00+00:00,50.46,50.56,50.1,50.25,223438.13
2025-09-13 15:00:00+00:00,50.25,50.54,49.51,50.08,386645.48
2025-09-13 16:00:00+00:00,50.08,50.28,49.51,49.6,288126.38
2025-09-13 17:00:00+00:00,49.6,49.83,49.19,49.55,188044.41
2025-09-13 18:00:00+00:00,49.55,50.03,49.42,50.02,144408.48
2025-09-13 19:00:00+00:00,50.02,50.24,49.82,50.17,121555.93
2025-09-13 20:00:00+00:00,50.17,50.44,50.08,50.39,150952.69
2025-09-13 21:00:00+00:00,50.39,50.63,50.37,50.54,72623.93
2025-09-13 22:00:00+00:00,50.54,52.77,50.48,51.89,1268074.09
2025-09-13 23:00:00+00:00,51.89,53.04,51.6,52.84,636894.38
2025-09-14 00:00:00+00:00,52.84,53.5,52.78,53.43,758625.71
2025-09-14 01:00:00+00:00,53.43,53.95,53.06,53.73,453693.13
2025-09-14 02:00:00+00:00,53.73,53.91,53.12,53.7,336743.45
2025-09-14 03:00:00+00:00,53.7,53.91,53.25,53.58,532811.9
2025-09-14 04:00:00+00:00,53.58,54.0,53.3,53.81,489294.33
2025-09-14 05:00:00+00:00,53.81,54.26,53.45,53.83,338708.85
2025-09-14 06:00:00+00:00,53.83,55.23,53.75,53.97,1562270.29
2025-09-14 07:00:00+00:00,53.97,54.59,53.79,54.02,374092.35
2025-09-14 08:00:00+00:00,54.02,55.06,53.97,54.6,791165.29
2025-09-14 09:00:00+00:00,54.6,54.8,53.98,54.79,372891.65
2025-09-14 10:00:00+00:00,54.79,55.51,54.59,55.37,586683.03
2025-09-14 11:00:00+00:00,55.37,55.52,53.33,53.61,947991.88
2025-09-14 12:00:00+00:00,53.61,53.92,53.13,53.27,489360.83
2025-09-14 13:00:00+00:00,53.27,53.62,52.52,53.09,730984.24
2025-09-14 14:00:00+00:00,53.09,53.22,52.37,52.93,468418.62
2025-09-14 15:00:00+00:00,52.93,52.97,52.36,52.39,371969.67
2025-09-14 16:00:00+00:00,52.39,53.22,52.38,52.89,315872.64
2025-09-14 17:00:00+00:00,52.89,53.45,52.82,53.12,310138.74
2025-09-14 18:00:00+00:00,53.12,53.14,52.68,52.73,189905.5
2025-09-14 19:00:00+00:00,52.73,53.06,52.53,52.81,198418.54
2025-09-14 20:00:00+00:00,52.81,53.19,50.96,51.26,1144692.51
2025-09-14 21:00:00+00:00,51.26,51.8,50.85,51.54,566403.27
2025-09-14 22:00:00+00:00,51.54,51.69,51.25,51.57,192147.37
2025-09-14 23:00:00+00:00,51.57,51.65,50.22,50.43,616054.77
2025-09-15 00:00:00+00:00,50.43,50.66,50.18,50.27,237573.69
2025-09-15 01:00:00+00:00,50.27,50.82,49.66,50.68,470595.6
2025-09-15 02:00:00+00:00,50.68,51.01,50.6,50.76,233650.26
2025-09-15 03:00:00+00:00,50.76,51.24,50.27,51.2,352151.63
2025-09-15 04:00:00+00:00,51.2,51.69,51.11,51.34,240221.17
2025-09-15 05:00:00+00:00,51.34,51.94,51.29,51.93,195273.39
2025-09-15 06:00:00+00:00,51.93,52.01,50.96,51.06,296731.3
2025-09-15 07:00:00+00:00,51.06,51.39,50.49,50.72,422888.42
2025-09-15 08:00:00+00:00,50.72,51.01,50.34,50.38,630432.42
2025-09-15 09:00:00+00:00,50.38,51.21,50.34,50.87,280033.89
2025-09-15 10:00:00+00:00,50.87,51.15,50.58,50.67,296567.49
2025-09-15 11:00:00+00:00,50.67,51.33,50.58,50.99,521786.5
2025-09-15 12:00:00+00:00,50.99,51.0,50.61,50.66,189298.64
2025-09-15 13:00:00+00:00,50.66,50.81,49.87,50.0,500315.61
2025-09-15 14:00:00+00:00,50.0,50.21,49.11,49.72,802956.92
2025-09-15 15:00:00+00:00,49.72,50.36,49.44,50.22,328275.97
2025-09-15 16:00:00+00:00,50.22,50.23,49.61,49.72,208666.32
2025-09-15 17:00:00+00:00,49.72,50.56,49.71,50.49,161566.21
2025-09-15 18:00:00+00:00,50.49,50.61,50.13,50.29,145639.98
2025-09-15 19:00:00+00:00,50.29,50.57,49.92,50.48,155453.98
2025-09-15 20:00:00+00:00,50.48,50.74,50.43,50.69,107061.8
2025-09-15 21:00:00+00:00,50.69,50.78,50.61,50.73,74843.54
2025-09-15 22:00:00+00:00,50.73,50.73,49.92,50.05,179840.23
2025-09-15 23:00:00+00:00,50.05,50.06,49.87,49.91,72158.65
2025-09-16 00:00:00+00:00,49.91,50.04,49.62,49.75,158959.74
2025-09-16 01:00:00+00:00,49.75,50.07,49.72,49.76,254730.03
2025-09-16 02:00:00+00:00,49.76,50.36,49.75,50.07,129161.42
2025-09-16 03:00:00+00:00,50.07,50.69,50.06,50.68,148301.19
2025-09-16 04:00:00+00:00,50.68,51.12,49.97,50.84,442889.13
2025-09-16 05:00:00+00:00,50.84,51.39,50.7,51.32,139015.93
2025-09-16 06:00:00+00:00,51.32,51.58,50.75,50.98,206549.5
2025-09-16 07:00:00+00:00,50.98,52.06,50.97,52.06,306492.07
2025-09-16 08:00:00+00:00,52.06,53.39,52.06,52.69,707433.41
2025-09-16 09:00:00+00:00,52.69,52.75,51.76,51.88,314552.36
2025-09-16 10:00:00+00:00,51.88,52.12,51.65,51.89,146358.33
2025-09-16 11:00:00+00:00,51.89,52.07,51.72,51.84,161709.93
2025-09-16 12:00:00+00:00,51.84,52.23,51.22,51.53,234053.05
2025-09-16 13:00:00+00:00,51.53,51.97,51.26,51.64,215208.33
2025-09-16 14:00:00+00:00,51.64,51.85,51.14,51.77,172688.29
2025-09-16 15:00:00+00:00,51.77,51.81,51.44,51.66,136707.3
2025-09-16 16:00:00+00:00,51.66,51.76,51.17,51.29,243668.75
2025-09-16 17:00:00+00:00,51.29,51.95,51.26,51.72,253954.38
2025-09-16 18:00:00+00:00,51.72,52.21,51.58,51.78,182245.22
2025-09-16 19:00:00+00:00,51.78,51.82,51.6,51.71,108876.73
2025-09-16 20:00:00+00:00,51.71,51.71,51.42,51.67,120479.1
2025-09-16 21:00:00+00:00,51.67,51.7,51.46,51.59,114183.05
2025-09-16 22:00:00+00:00,51.59,51.69,51.42,51.58,81301.88
2025-09-16 23:00:00+00:00,51.58,51.6,51.32,51.36,105277.34
2025-09-17 00:00:00+00:00,51.36,51.86,51.3,51.68,103551.61
2025-09-17 01:00:00+00:00,51.68,51.97,51.61,51.97,139444.43
2025-09-17 02:00:00+00:00,51.97,51.98,51.59,51.63,122085.46
2025-09-17 03:00:00+00:00,51.63,51.78,50.75,50.79,217389.04
2025-09-17 04:00:00+00:00,50.79,50.95,50.72,50.77,130498.41
2025-09-17 05:00:00+00:00,50.77,51.19,50.72,51.12,90519.32
2025-09-17 06:00:00+00:00,51.12,51.73,51.12,51.66,119198.82
2025-09-17 07:00:00+00:00,51.66,51.86,51.6,51.82,154553.14
2025-09-17 08:00:00+00:00,51.82,51.98,51.25,51.71,366937.27
2025-09-17 09:00:00+00:00,51.71,52.46,51.65,52.15,408114.25
2025-09-17 10:00:00+00:00,52.15,52.36,51.52,51.61,375133.55
2025-09-17 11:00:00+00:00,51.61,51.81,51.41,51.45,361334.11
2025-09-17 12:00:00+00:00,51.45,52.15,51.21,51.69,384090.84
2025-09-17 13:00:00+00:00,51.69,51.82,51.25,51.36,324719.54
2025-09-17 14:00:00+00:00,51.36,51.48,50.76,50.81,470622.32
2025-09-17 15:00:00+00:00,50.81,50.93,50.45,50.65,390042.67
2025-09-17 16:00:00+00:00,50.65,51.01,50.35,50.91,199352.44
2025-09-17 17:00:00+00:00,50.91,51.37,50.68,50.83,250694.36
2025-09-17 18:00:00+00:00,50.83,51.53,50.29,50.46,450193.7
2025-09-17 19:00:00+00:00,50.46,50.94,50.45,50.81,446598.99
2025-09-17 20:00:00+00:00,50.81,51.04,50.25,50.36,216234.28
2025-09-17 21:00:00+00:00,50.36,51.26,50.15,51.24,130575.45
2025-09-17 22:00:00+00:00,51.24,51.41,51.01,51.38,212893.78
2025-09-17 23:00:00+00:00,51.38,51.45,51.11,51.2,123758.46
2025-09-18 00:00:00+00:00,51.2,51.22,50.65,50.76,192674.64
2025-09-18 01:00:00+00:00,50.76,51.11,50.76,51.0,141422.09
2025-09-18 02:00:00+00:00,51.0,51.06,50.85,50.91,108425.36
2025-09-18 03:00:00+00:00,50.91,51.23,50.54,51.21,277885.97
2025-09-18 04:00:00+00:00,51.21,51.52,50.56,50.96,603984.15
2025-09-18 05:00:00+00:00,50.96,50.98,50.71,50.97,178481.24
2025-09-18 06:00:00+00:00,50.97,50.97,50.25,50.3,226365.88
2025-09-18 07:00:00+00:00,50.3,50.56,50.18,50.34,183234.84
2025-09-18 08:00:00+00:00,50.34,50.54,50.09,50.28,247430.56
2025-09-18 09:00:00+00:00,50.28,50.66,50.22,50.47,274861.28
2025-09-18 10:00:00+00:00,50.47,50.57,50.16,50.47,162969.88
2025-09-18 11:00:00+00:00,50.47,50.98,50.27,50.53,522798.27
2025-09-18 12:00:00+00:00,50.53,50.88,50.36,50.79,306029.9
2025-09-18 13:00:00+00:00,50.79,50.95,50.36,50.72,273430.41
2025-09-18 14:00:00+00:00,50.72,50.91,50.0,50.33,534042.0
2025-09-18 15:00:00+00:00,50.33,50.36,50.08,50.25,228343.12
2025-09-18 16:00:00+00:00,50.25,50.39,50.07,50.32,208934.52
2025-09-18 17:00:00+00:00,50.32,50.62,50.19,50.51,297219.66
2025-09-18 18:00:00+00:00,50.51,50.86,50.43,50.76,195522.54
2025-09-18 19:00:00+00:00,50.76,50.89,50.52,50.88,384580.38
2025-09-18 20:00:00+00:00,50.88,50.98,50.61,50.73,265567.91
2025-09-18 21:00:00+00:00,50.73,50.85,50.54,50.56,166499.71
2025-09-18 22:00:00+00:00,50.56,50.67,50.27,50.4,123835.74
2025-09-18 23:00:00+00:00,50.4,50.57,50.18,50.39,216029.48
2025-09-19 00:00:00+00:00,50.39,51.0,50.31,50.86,246692.44
2025-09-19 01:00:00+00:00,50.86,50.87,50.4,50.45,150178.82
2025-09-19 02:00:00+00:00,50.45,50.51,50.13,50.16,192568.55
2025-09-19 03:00:00+00:00,50.16,50.33,49.59,49.6,277637.19
2025-09-19 04:00:00+00:00,49.6,49.61,48.96,49.39,414473.91
2025-09-19 05:00:00+00:00,49.39,49.42,49.01,49.19,185852.56
2025-09-19 06:00:00+00:00,49.19,49.26,48.61,48.65,403103.67
2025-09-19 07:00:00+00:00,48.65,49.25,48.58,48.97,258013.43
2025-09-19 08:00:00+00:00,48.97,49.26,48.91,49.07,166206.47
2025-09-19 09:00:00+00:00,49.07,49.57,48.78,48.85,441831.13
2025-09-19 10:00:00+00:00,48.85,48.95,48.55,48.75,235466.18
2025-09-19 11:00:00+00:00,48.75,48.8,48.18,48.37,421360.9
2025-09-19 12:00:00+00:00,48.37,49.2,48.36,48.69,318955.75
2025-09-19 13:00:00+00:00,48.69,49.4,48.66,49.14,210190.64
2025-09-19 14:00:00+00:00,49.14,49.18,48.53,48.76,196795.94
2025-09-19 15:00:00+00:00,48.76,49.06,48.5,49.02,175976.12
2025-09-19 16:00:00+00:00,49.02,49.22,48.9,49.2,168682.29
2025-09-19 17:00:00+00:00,49.2,49.21,48.84,48.89,181950.92
2025-09-19 18:00:00+00:00,48.89,49.41,48.85,49.37,218818.74
2025-09-19 19:00:00+00:00,49.37,49.87,49.14,49.56,460806.3
2025-09-19 20:00:00+00:00,49.56,49.98,49.45,49.45,191909.87
2025-09-19 21:00:00+00:00,49.45,49.65,49.06,49.51,156707.17
2025-09-19 22:00:00+00:00,49.51,49.62,49.13,49.28,134924.51
2025-09-19 23:00:00+00:00,49.28,49.3,48.42,48.95,161061.13
2025-09-20 00:00:00+00:00,48.95,49.24,48.84,49.19,164009.78
2025-09-20 01:00:00+00:00,49.19,49.24,48.58,48.65,262098.17
2025-09-20 02:00:00+00:00,48.65,48.89,48.49,48.88,133711.82
2025-09-20 03:00:00+00:00,48.88,49.13,48.76,49.09,98990.49
2025-09-20 04:00:00+00:00,49.09,49.48,49.03,49.32,147838.99
2025-09-20 05:00:00+00:00,49.32,49.68,49.27,49.6,88840.24
2025-09-20 06:00:00+00:00,49.6,50.23,49.6,50.13,186123.37
2025-09-20 07:00:00+00:00,50.13,50.88,50.1,50.26,657991.27
2025-09-20 08:00:00+00:00,50.26,51.15,50.11,50.6,470687.85
2025-09-20 09:00:00+00:00,50.6,51.18,50.45,50.74,441427.33
2025-09-20 10:00:00+00:00,50.74,50.92,50.1,50.17,299826.72
2025-09-20 11:00:00+00:00,50.17,50.37,49.66,49.76,249159.65
2025-09-20 12:00:00+00:00,49.76,50.09,49.65,49.79,223570.21
2025-09-20 13:00:00+00:00,49.79,50.4,49.69,50.19,134681.18
2025-09-20 14:00:00+00:00,50.19,50.69,49.87,50.5,245209.71
2025-09-20 15:00:00+00:00,50.5,50.85,49.99,50.13,485476.46
2025-09-20 16:00:00+00:00,50.13,50.44,49.81,50.05,212426.9
2025-09-20 17:00:00+00:00,50.05,50.27,49.84,50.13,186633.44
2025-09-20 18:00:00+00:00,50.13,50.42,50.06,50.07,260397.5
2025-09-20 19:00:00+00:00,50.07,50.51,50.03,50.26,103416.08
2025-09-20 20:00:00+00:00,50.26,50.8,50.08,50.73,180932.04
2025-09-20 21:00:00+00:00,50.73,50.84,50.52,50.55,174461.45
2025-09-20 22:00:00+00:00,50.55,50.72,50.49,50.68,141314.42
2025-09-20 23:00:00+00:00,50.68,50.76,50.36,50.61,138648.37
2025-09-21 00:00:00+00:00,50.61,50.86,50.5,50.78,143297.08
2025-09-21 01:00:00+00:00,50.78,51.16,50.51,51.13,360376.43
2025-09-21 02:00:00+00:00,51.13,51.41,50.95,51.17,334185.98
2025-09-21 03:00:00+00:00,51.17,51.38,51.12,51.37,139169.82
2025-09-21 04:00:00+00:00,51.37,51.64,51.21,51.54,244188.58
2025-09-21 05:00:00+00:00,51.54,51.63,51.43,51.53,120586.4
2025-09-21 06:00:00+00:00,51.53,51.61,50.73,51.14,279750.82
2025-09-21 07:00:00+00:00,51.14,51.45,51.02,51.17,174196.48
2025-09-21 08:00:00+00:00,51.17,51.91,50.97,50.98,535694.14
2025-09-21 09:00:00+00:00,50.98,51.19,50.43,50.98,382269.95
2025-09-21 10:00:00+00:00,50.98,51.17,50.87,50.9,222180.03
2025-09-21 11:00:00+00:00,50.9,51.03,50.67,50.72,185700.72
2025-09-21 12:00:00+00:00,50.72,51.12,50.69,50.91,123611.78
2025-09-21 13:00:00+00:00,50.91,51.37,50.9,51.27,172555.5
2025-09-21 14:00:00+00:00,51.27,51.52,51.02,51.45,190636.69
2025-09-21 15:00:00+00:00,51.45,51.73,51.4,51.43,253787.86
2025-09-21 16:00:00+00:00,51.43,51.61,50.81,51.14,318508.13
2025-09-21 17:00:00+00:00,51.14,51.45,50.88,51.42,206601.32
2025-09-21 18:00:00+00:00,51.42,51.73,51.37,51.58,208799.49
2025-09-21 19:00:00+00:00,51.58,52.01,51.48,51.9,253493.4
2025-09-21 20:00:00+00:00,51.9,52.03,51.68,51.86,292721.64
2025-09-21 21:00:00+00:00,51.86,52.1,51.83,51.91,126397.85
2025-09-21 22:00:00+00:00,51.91,52.07,51.48,51.67,280603.31
2025-09-21 23:00:00+00:00,51.67,51.83,51.28,51.7,217595.9
2025-09-22 00:00:00+00:00,51.7,51.98,50.49,50.54,651266.85
2025-09-22 01:00:00+00:00,50.54,50.65,50.09,50.18,493566.73
2025-09-22 02:00:00+00:00,50.18,50.27,49.28,49.56,610232.2
2025-09-22 03:00:00+00:00,49.56,50.04,49.5,49.91,314591.47
2025-09-22 04:00:00+00:00,49.91,49.99,49.55,49.64,314630.06
2025-09-22 05:00:00+00:00,49.64,49.67,48.8,48.8,260717.74
2025-09-22 06:00:00+00:00,48.8,48.8,46.38,48.2,983940.05
2025-09-22 07:00:00+00:00,48.2,48.43,48.0,48.09,232084.46
2025-09-22 08:00:00+00:00,48.09,48.88,47.93,48.56,402797.14
2025-09-22 09:00:00+00:00,48.56,48.76,47.78,47.95,208654.89
2025-09-22 10:00:00+00:00,47.95,48.29,47.69,48.22,192997.66
2025-09-22 11:00:00+00:00,48.22,48.35,48.0,48.04,189462.42
2025-09-22 12:00:00+00:00,48.04,48.26,47.62,47.63,371667.31
2025-09-22 13:00:00+00:00,47.63,47.95,47.46,47.95,181512.77
2025-09-22 14:00:00+00:00,47.95,48.06,47.59,47.68,240377.66
2025-09-22 15:00:00+00:00,47.68,48.41,47.3,48.13,541231.19
2025-09-22 16:00:00+00:00,48.13,48.3,47.57,47.82,259468.27
2025-09-22 17:00:00+00:00,47.82,47.87,47.56,47.74,243537.5
2025-09-22 18:00:00+00:00,47.74,47.94,47.66,47.83,148724.14
2025-09-22 19:00:00+00:00,47.83,48.05,47.41,47.51,455136.02
2025-09-22 20:00:00+00:00,47.51,48.12,47.45,48.09,213472.35
2025-09-22 21:00:00+00:00,48.09,48.65,48.0,48.51,297274.6
2025-09-22 22:00:00+00:00,48.51,48.62,48.31,48.56,286815.02
2025-09-22 23:00:00+00:00,48.56,48.81,48.52,48.59,261427.03
2025-09-23 00:00:00+00:00,48.59,48.74,48.32,48.6,331393.19
2025-09-23 01:00:00+00:00,48.6,48.9,48.22,48.22,302961.11
2025-09-23 02:00:00+00:00,48.22,48.37,47.79,47.83,329750.29
2025-09-23 03:00:00+00:00,47.83,48.71,47.78,48.47,238967.73
2025-09-23 04:00:00+00:00,48.47,48.52,47.86,48.09,266417.31
2025-09-23 05:00:00+00:00,48.09,48.41,48.07,48.23,187422.54
2025-09-23 06:00:00+00:00,48.23,49.0,48.17,48.89,309709.01
2025-09-23 07:00:00+00:00,48.89,49.27,48.8,49.15,261137.45
2025-09-23 08:00:00+00:00,49.15,49.65,49.11,49.62,230360.75
2025-09-23 09:00:00+00:00,49.62,49.75,49.07,49.1,262819.14
2025-09-23 10:00:00+00:00,49.1,49.22,48.92,49.08,133283.97
2025-09-23 11:00:00+00:00,49.08,49.24,48.9,49.07,112149.2
2025-09-23 12:00:00+00:00,49.07,49.47,48.92,49.17,238326.46
2025-09-23 13:00:00+00:00,49.17,49.22,48.89,49.14,265939.41
2025-09-23 14:00:00+00:00,49.14,50.06,49.12,50.05,744495.78
2025-09-23 15:00:00+00:00,50.05,53.1,49.97,52.96,2623820.74
2025-09-23 16:00:00+00:00,52.96,53.38,52.44,53.02,1729532.04
2025-09-23 17:00:00+00:00,53.02,53.44,52.15,52.82,723608.05
2025-09-23 18:00:00+00:00,52.82,53.49,52.39,52.69,666296.67
2025-09-23 19:00:00+00:00,52.69,53.17,52.59,52.68,539400.41
2025-09-23 20:00:00+00:00,52.68,53.26,52.66,53.2,310812.14
2025-09-23 21:00:00+00:00,53.2,53.45,52.61,53.32,677238.91
2025-09-23 22:00:00+00:00,53.32,53.55,52.97,53.27,275518.04
2025-09-23 23:00:00+00:00,53.27,54.53,53.27,54.4,1091881.11
2025-09-24 00:00:00+00:00,54.4,54.54,53.97,54.05,745050.03
2025-09-24 01:00:00+00:00,54.05,54.43,53.86,54.17,375144.24
2025-09-24 02:00:00+00:00,54.17,54.24,53.77,54.0,248194.29
2025-09-24 03:00:00+00:00,54.0,54.03,53.37,53.45,586299.01
2025-09-24 04:00:00+00:00,53.45,53.69,52.79,53.57,482959.21
2025-09-24 05:00:00+00:00,53.57,54.48,53.56,54.35,856995.15
2025-09-24 06:00:00+00:00,54.35,54.45,53.46,53.95,601388.01
2025-09-24 07:00:00+00:00,53.95,54.43,53.89,54.13,405228.78
2025-09-24 08:00:00+00:00,54.13,54.13,53.2,53.33,1104639.03
2025-09-24 09:00:00+00:00,53.33,53.37,52.43,52.93,1521131.98
2025-09-24 10:00:00+00:00,52.93,53.32,52.49,53.29,560141.43
2025-09-24 11:00:00+00:00,53.29,53.63,53.17,53.51,287527.57
2025-09-24 12:00:00+00:00,53.51,53.86,53.5,53.65,228308.19
2025-09-24 13:00:00+00:00,53.65,53.94,53.62,53.65,331360.25
2025-09-24 14:00:00+00:00,53.65,54.36,53.64,54.2,351940.49
2025-09-24 15:00:00+00:00,54.2,54.89,54.07,54.51,368652.2
2025-09-24 16:00:00+00:00,54.51,58.11,54.44,57.86,2880074.29
2025-09-24 17:00:00+00:00,57.86,59.14,57.43,57.75,1173508.32
2025-09-24 18:00:00+00:00,57.75,59.26,57.57,58.58,1720562.76
2025-09-24 19:00:00+00:00,58.58,60.15,58.43,59.82,1810329.74
2025-09-24 20:00:00+00:00,59.82,60.51,59.3,60.39,1905175.83
2025-09-24 21:00:00+00:00,60.39,60.65,59.71,60.37,1782837.66
2025-09-24 22:00:00+00:00,60.37,60.4,58.31,58.38,1684945.13
2025-09-24 23:00:00+00:00,58.38,59.03,58.24,58.38,447661.24
2025-09-25 00:00:00+00:00,58.38,59.09,58.29,58.64,468504.56
2025-09-25 01:00:00+00:00,58.64,58.94,57.84,58.0,523468.65
2025-09-25 02:00:00+00:00,58.0,58.51,57.74,58.26,368344.1
2025-09-25 03:00:00+00:00,58.26,58.44,57.72,58.38,378806.74
2025-09-25 04:00:00+00:00,58.38,58.57,57.39,57.96,596814.81
2025-09-25 05:00:00+00:00,57.96,58.42,57.87,58.3,302778.42
2025-09-25 06:00:00+00:00,58.3,58.44,57.61,57.8,445061.8
2025-09-25 07:00:00+00:00,57.8,58.48,57.8,57.88,472752.02
2025-09-25 08:00:00+00:00,57.88,58.28,57.39,57.93,561119.27
2025-09-25 09:00:00+00:00,57.93,60.02,57.87,59.31,1900610.98
2025-09-25 10:00:00+00:00,59.31,59.66,58.56,58.99,1654707.62
2025-09-25 11:00:00+00:00,58.99,59.58,58.59,58.72,946777.2
2025-09-25 12:00:00+00:00,58.72,58.73,57.47,57.81,1550898.68
2025-09-25 13:00:00+00:00,57.81,58.04,56.91,57.49,787397.75
2025-09-25 14:00:00+00:00,57.49,57.8,56.32,56.73,776905.26
2025-09-25 15:00:00+00:00,56.73,57.1,55.39,56.2,2265170.4
2025-09-25 16:00:00+00:00,56.2,56.5,55.67,55.91,350580.73
2025-09-25 17:00:00+00:00,55.91,56.03,54.73,54.78,794547.12
2025-09-25 18:00:00+00:00,54.78,55.94,54.76,55.68,600657.24
2025-09-25 19:00:00+00:00,55.68,55.94,55.48,55.58,200422.27
2025-09-25 20:00:00+00:00,55.58,55.91,55.53,55.65,318265.96
2025-09-25 21:00:00+00:00,55.65,55.9,55.53,55.79,433852.27
2025-09-25 22:00:00+00:00,55.79,55.82,53.98,54.1,1285670.98
2025-09-25 23:00:00+00:00,54.1,54.49,53.83,54.11,380040.56
2025-09-26 00:00:00+00:00,54.11,54.69,53.93,54.45,403496.93
2025-09-26 01:00:00+00:00,54.45,54.5,54.2,54.48,167165.5
2025-09-26 02:00:00+00:00,54.48,54.66,54.12,54.63,264352.87
2025-09-26 03:00:00+00:00,54.63,54.65,53.9,54.07,268981.24
2025-09-26 04:00:00+00:00,54.07,54.5,54.05,54.33,252424.67
2025-09-26 05:00:00+00:00,54.33,54.76,54.0,54.07,222552.49
2025-09-26 06:00:00+00:00,54.07,54.32,53.81,54.03,373076.32
2025-09-26 07:00:00+00:00,54.03,54.39,54.03,54.36,173675.5
2025-09-26 08:00:00+00:00,54.36,54.63,54.18,54.45,278130.72
2025-09-26 09:00:00+00:00,54.45,54.48,53.28,53.72,472115.75
2025-09-26 10:00:00+00:00,53.72,53.79,53.05,53.21,382976.15
2025-09-26 11:00:00+00:00,53.21,53.85,52.87,53.41,511238.21
2025-09-26 12:00:00+00:00,53.41,53.96,52.66,53.7,496446.97
2025-09-26 13:00:00+00:00,53.7,53.93,53.37,53.68,326151.27
2025-09-26 14:00:00+00:00,53.68,53.8,52.86,53.08,310513.07
2025-09-26 15:00:00+00:00,53.08,53.49,52.96,53.36,177405.0
2025-09-26 16:00:00+00:00,53.36,53.68,52.99,53.16,194761.75
2025-09-26 17:00:00+00:00,53.16,54.49,53.08,54.22,478497.28
2025-09-26 18:00:00+00:00,54.22,54.96,54.18,54.74,399187.42
2025-09-26 19:00:00+00:00,54.74,54.78,53.91,54.54,589141.09
2025-09-26 20:00:00+00:00,54.54,55.1,54.34,54.81,206645.47
2025-09-26 21:00:00+00:00,54.81,55.31,54.69,55.24,297771.89
2025-09-26 22:00:00+00:00,55.24,55.61,55.14,55.29,277079.15
2025-09-26 23:00:00+00:00,55.29,55.67,55.21,55.62,489985.31
2025-09-27 00:00:00+00:00,55.62,55.66,54.54,55.2,565038.21
2025-09-27 01:00:00+00:00,55.2,55.52,55.19,55.41,205467.46
2025-09-27 02:00:00+00:00,55.41,55.56,54.71,54.81,334777.98
2025-09-27 03:00:00+00:00,54.81,55.55,54.8,55.42,138058.31
2025-09-27 04:00:00+00:00,55.42,56.01,55.34,55.66,269217.95
2025-09-27 05:00:00+00:00,55.66,55.85,55.41,55.72,180916.59
2025-09-27 06:00:00+00:00,55.72,55.96,55.5,55.67,254883.65
2025-09-27 07:00:00+00:00,55.67,55.69,55.17,55.31,191896.74
2025-09-27 08:00:00+00:00,55.31,55.34,54.94,55.04,93502.04
2025-09-27 09:00:00+00:00,55.04,55.12,54.58,54.94,169106.95
2025-09-27 10:00:00+00:00,54.94,55.05,54.7,54.87,146337.67
2025-09-27 11:00:00+00:00,54.87,55.14,54.76,54.96,112422.47
2025-09-27 12:00:00+00:00,54.96,54.97,54.11,54.45,266118.2
2025-09-27 13:00:00+00:00,54.45,54.46,53.61,53.66,281652.93
2025-09-27 14:00:00+00:00,53.66,53.92,53.57,53.68,172257.78
2025-09-27 15:00:00+00:00,53.68,53.75,53.14,53.5,330426.07
2025-09-27 16:00:00+00:00,53.5,53.89,53.32,53.87,225252.29
2025-09-27 17:00:00+00:00,53.87,54.13,53.64,53.95,206576.49
2025-09-27 18:00:00+00:00,53.95,54.52,53.93,54.45,153040.65
2025-09-27 19:00:00+00:00,54.45,54.7,54.3,54.43,175388.45
2025-09-27 20:00:00+00:00,54.43,54.44,53.98,54.35,175178.58
2025-09-27 21:00:00+00:00,54.35,55.04,54.22,54.85,382133.73
2025-09-27 22:00:00+00:00,54.85,56.13,54.83,55.44,495329.33
2025-09-27 23:00:00+00:00,55.44,55.57,54.99,55.06,257158.86
2025-09-28 00:00:00+00:00,55.06,55.07,53.85,53.91,263478.78
2025-09-28 01:00:00+00:00,53.91,54.08,53.37,53.55,327867.78
2025-09-28 02:00:00+00:00,53.55,54.33,53.46,54.26,274393.62
2025-09-28 03:00:00+00:00,54.26,54.3,54.03,54.21,153348.72
2025-09-28 04:00:00+00:00,54.21,54.6,54.18,54.54,197394.76
2025-09-28 05:00:00+00:00,54.54,55.17,54.35,54.87,199938.31
2025-09-28 06:00:00+00:00,54.87,55.33,54.85,55.09,303412.68
2025-09-28 07:00:00+00:00,55.09,55.77,54.77,55.77,343442.08
2025-09-28 08:00:00+00:00,55.77,57.33,55.45,57.02,628650.09
2025-09-28 09:00:00+00:00,57.02,57.68,56.72,57.33,456099.45
2025-09-28 10:00:00+00:00,57.33,57.74,56.79,57.3,611209.5
2025-09-28 11:00:00+00:00,57.3,57.43,56.69,56.93,262043.2
2025-09-28 12:00:00+00:00,56.93,57.47,56.88,57.25,347730.09
2025-09-28 13:00:00+00:00,57.25,58.41,56.76,58.27,940756.59
2025-09-28 14:00:00+00:00,58.27,58.37,57.74,58.05,636860.62
2025-09-28 15:00:00+00:00,58.05,58.3,57.41,57.77,456669.74
2025-09-28 16:00:00+00:00,57.77,58.06,57.49,57.78,272253.63
2025-09-28 17:00:00+00:00,57.78,58.68,57.74,58.55,739538.83
2025-09-28 18:00:00+00:00,58.55,58.91,58.49,58.81,544259.17
2025-09-28 19:00:00+00:00,58.81,59.44,58.41,59.38,1385198.76
2025-09-28 20:00:00+00:00,59.38,60.35,59.32,59.79,1230354.3
2025-09-28 21:00:00+00:00,59.79,60.9,59.7,59.95,930161.38
2025-09-28 22:00:00+00:00,59.95,60.63,59.93,60.1,379355.91
2025-09-28 23:00:00+00:00,60.1,60.64,59.94,60.37,457924.28
2025-09-29 00:00:00+00:00,60.37,64.43,60.36,64.3,3945395.22
2025-09-29 01:00:00+00:00,64.3,65.24,62.51,62.72,2602993.29
2025-09-29 02:00:00+00:00,62.72,67.02,62.38,64.61,3810329.97
2025-09-29 03:00:00+00:00,64.61,64.71,63.64,64.48,757606.16
2025-09-29 04:00:00+00:00,64.48,65.43,63.86,65.39,1252279.76
2025-09-29 05:00:00+00:00,65.39,65.46,63.49,63.95,1409952.32
2025-09-29 06:00:00+00:00,63.95,64.25,63.02,63.47,802485.33
2025-09-29 07:00:00+00:00,63.47,65.37,62.84,65.26,1114249.75
2025-09-29 08:00:00+00:00,65.26,67.66,65.14,67.06,3381028.32
2025-09-29 09:00:00+00:00,67.06,67.24,65.66,66.09,634855.35
2025-09-29 10:00:00+00:00,66.09,68.19,66.08,67.35,1269745.66
2025-09-29 11:00:00+00:00,67.35,68.53,67.3,67.97,799111.53
2025-09-29 12:00:00+00:00,67.97,68.05,65.27,65.45,743874.1
2025-09-29 13:00:00+00:00,65.45,68.02,62.35,67.45,3044891.46
2025-09-29 14:00:00+00:00,67.45,70.07,67.44,68.88,3354420.37
2025-09-29 15:00:00+00:00,68.88,69.44,66.74,67.08,3993275.82
2025-09-29 16:00:00+00:00,67.08,67.59,66.5,66.52,545951.93
2025-09-29 17:00:00+00:00,66.52,68.9,66.49,67.8,1723664.69
2025-09-29 18:00:00+00:00,67.8,67.92,67.06,67.72,634268.58
2025-09-29 19:00:00+00:00,67.72,68.83,67.43,68.81,840713.62
2025-09-29 20:00:00+00:00,68.81,69.48,68.09,68.8,821869.98
2025-09-29 21:00:00+00:00,68.8,69.6,68.41,68.82,640773.0
2025-09-29 22:00:00+00:00,68.82,69.22,68.37,68.89,495855.56
2025-09-29 23:00:00+00:00,68.89,72.37,68.86,71.22,3094817.82
2025-09-30 00:00:00+00:00,71.22,72.45,70.49,70.81,1575395.91
2025-09-30 01:00:00+00:00,70.81,72.24,69.73,71.51,1884068.3
2025-09-30 02:00:00+00:00,71.51,72.27,69.68,69.9,598304.34
2025-09-30 03:00:00+00:00,69.9,69.96,68.61,68.96,690046.12
2025-09-30 04:00:00+00:00,68.96,69.03,67.88,67.98,471822.57
2025-09-30 05:00:00+00:00,67.98,68.41,67.65,68.0,363491.18
2025-09-30 06:00:00+00:00,68.0,69.38,67.74,68.72,417349.78
2025-09-30 07:00:00+00:00,68.72,69.39,66.93,67.19,917855.26
2025-09-30 08:00:00+00:00,67.19,67.95,66.33,66.74,827168.07
2025-09-30 09:00:00+00:00,66.74,68.1,63.07,64.03,3183143.99
2025-09-30 10:00:00+00:00,64.03,65.69,63.59,65.32,1746920.58
2025-09-30 11:00:00+00:00,65.32,65.36,64.13,64.56,646155.9
2025-09-30 12:00:00+00:00,64.56,66.49,64.32,65.72,724898.16
2025-09-30 13:00:00+00:00,65.72,66.62,65.35,65.75,692284.59
2025-09-30 14:00:00+00:00,65.75,76.0,65.7,75.82,13870330.65
2025-09-30 15:00:00+00:00,75.82,75.96,72.87,73.26,7567511.74
2025-09-30 16:00:00+00:00,73.26,74.42,71.87,73.09,2152129.78
2025-09-30 17:00:00+00:00,73.09,75.05,72.94,73.15,2345660.5
2025-09-30 18:00:00+00:00,73.15,74.47,72.29,74.4,1355669.4
2025-09-30 19:00:00+00:00,74.4,76.03,74.03,75.38,1304362.48
2025-09-30 20:00:00+00:00,75.38,76.12,74.79,75.98,634727.94
2025-09-30 21:00:00+00:00,75.98,77.19,73.68,74.15,1012081.52
2025-09-30 22:00:00+00:00,74.15,74.66,73.22,73.35,783623.5
2025-09-30 23:00:00+00:00,73.35,74.38,73.25,73.96,527177.49
2025-10-01 00:00:00+00:00,73.96,75.34,73.87,74.72,662118.49
2025-10-01 01:00:00+00:00,74.72,77.17,74.4,76.84,818915.26
2025-10-01 02:00:00+00:00,76.84,77.03,75.49,75.63,555183.66
2025-10-01 03:00:00+00:00,75.63,76.55,74.02,76.46,1275805.84
2025-10-01 04:00:00+00:00,76.46,79.86,76.44,79.0,2819624.44
2025-10-01 05:00:00+00:00,79.0,81.47,78.58,79.72,3755390.87
2025-10-01 06:00:00+00:00,79.72,81.0,78.34,78.49,1778950.98
2025-10-01 07:00:00+00:00,78.49,89.39,77.79,88.73,12938828.61
2025-10-01 08:00:00+00:00,88.73,92.94,85.32,90.95,10694373.22
2025-10-01 09:00:00+00:00,90.95,97.39,90.63,93.76,7971955.45
2025-10-01 10:00:00+00:00,93.76,94.31,83.56,90.54,9807810.69
2025-10-01 11:00:00+00:00,90.54,95.07,89.84,94.09,6399504.91
2025-10-01 12:00:00+00:00,94.09,95.02,88.09,93.12,11274821.97
2025-10-01 13:00:00+00:00,93.12,93.22,89.16,89.41,5280285.46
2025-10-01 14:00:00+00:00,89.41,92.42,86.68,87.06,5556778.98
2025-10-01 15:00:00+00:00,87.06,92.55,86.68,91.42,5545210.28
2025-10-01 16:00:00+00:00,91.42,95.47,90.93,94.76,4487831.67
2025-10-01 17:00:00+00:00,94.76,108.25,94.0,104.28,13440136.23
2025-10-01 18:00:00+00:00,104.28,122.43,103.97,117.49,24431450.92
2025-10-01 19:00:00+00:00,117.49,127.51,115.12,117.34,16986657.56
2025-10-01 20:00:00+00:00,117.34,119.65,112.93,118.29,9487645.13
2025-10-01 21:00:00+00:00,118.29,123.13,117.88,121.29,9838235.4
2025-10-01 22:00:00+00:00,121.29,122.11,115.1,117.7,6977084.99
2025-10-01 23:00:00+00:00,117.7,120.8,114.4,119.86,8463592.63
2025-10-02 00:00:00+00:00,119.86,121.46,117.01,118.69,7697653.94
2025-10-02 01:00:00+00:00,118.69,122.61,116.38,120.01,7769602.64
2025-10-02 02:00:00+00:00,120.01,126.43,118.89,123.56,10920796.11
2025-10-02 03:00:00+00:00,123.56,129.08,120.21,121.54,9440847.87
2025-10-02 04:00:00+00:00,121.54,140.42,120.45,139.77,16475947.52
2025-10-02 05:00:00+00:00,139.77,153.39,135.93,152.58,32934303.33
2025-10-02 06:00:00+00:00,152.58,154.27,134.83,137.53,24773812.14
2025-10-02 07:00:00+00:00,137.53,149.42,132.46,142.74,23047643.47
2025-10-02 08:00:00+00:00,142.74,148.38,137.39,143.34,15886530.02
2025-10-02 09:00:00+00:00,143.34,151.55,142.73,146.65,11972684.12
2025-10-02 10:00:00+00:00,146.65,148.62,143.29,147.39,10539231.49
2025-10-02 11:00:00+00:00,147.39,151.76,139.73,141.82,19308280.07
2025-10-02 12:00:00+00:00,141.82,147.98,138.52,147.48,15153858.28
2025-10-02 13:00:00+00:00,147.48,159.16,145.34,153.7,25131822.66
2025-10-02 14:00:00+00:00,153.7,153.8,139.72,139.88,14448913.86
2025-10-02 15:00:00+00:00,139.88,140.04,126.54,132.27,24362819.25
2025-10-02 16:00:00+00:00,132.27,134.54,127.89,129.98,13052724.49
2025-10-02 17:00:00+00:00,129.98,134.18,126.71,130.56,7320176.15
2025-10-02 18:00:00+00:00,130.56,136.0,126.54,135.37,7418868.04
2025-10-02 19:00:00+00:00,135.37,138.49,131.03,131.35,7244937.65
2025-10-02 20:00:00+00:00,131.35,132.9,129.05,130.51,3782146.45
2025-10-02 21:00:00+00:00,130.51,134.38,129.41,132.49,6690070.6
2025-10-02 22:00:00+00:00,132.49,133.8,128.66,133.11,4148659.75
2025-10-02 23:00:00+00:00,133.11,133.59,128.64,131.14,5417178.21
2025-10-03 00:00:00+00:00,131.14,137.51,130.92,135.62,7019813.68
2025-10-03 01:00:00+00:00,135.62,135.7,130.51,130.92,4621385.54
2025-10-03 02:00:00+00:00,130.92,133.08,128.82,129.8,6140461.71
2025-10-03 03:00:00+00:00,129.8,131.61,123.72,125.3,7885374.2
2025-10-03 04:00:00+00:00,125.3,133.75,124.42,132.86,4849315.39
2025-10-03 05:00:00+00:00,132.86,136.72,131.59,132.87,6352100.75
2025-10-03 06:00:00+00:00,132.87,137.95,132.76,136.05,7445981.32
2025-10-03 07:00:00+00:00,136.05,144.2,135.6,141.31,11387968.08
2025-10-03 08:00:00+00:00,141.31,151.27,135.64,147.78,12982378.99
2025-10-03 09:00:00+00:00,147.78,150.51,144.6,148.39,8194991.69
2025-10-03 10:00:00+00:00,148.39,157.66,145.48,154.92,11580531.57
2025-10-03 11:00:00+00:00,154.92,155.34,146.83,151.54,9246708.66
2025-10-03 12:00:00+00:00,151.54,151.54,140.49,145.42,8661475.94
2025-10-03 13:00:00+00:00,145.42,149.02,144.54,148.0,4105935.47
2025-10-03 14:00:00+00:00,148.0,149.55,144.56,147.52,3739352.46
2025-10-03 15:00:00+00:00,147.52,151.72,141.95,150.16,10550520.9
2025-10-03 16:00:00+00:00,150.16,153.37,142.81,146.48,10900183.37
2025-10-03 17:00:00+00:00,146.48,146.7,137.69,137.98,6100288.27
2025-10-03 18:00:00+00:00,137.98,138.41,135.62,137.66,4299784.3
2025-10-03 19:00:00+00:00,137.66,140.32,135.94,138.79,3110572.3
2025-10-03 20:00:00+00:00,138.79,140.27,137.47,140.12,1856063.17
2025-10-03 21:00:00+00:00,140.12,140.35,137.99,139.18,1213279.53
2025-10-03 22:00:00+00:00,139.18,139.29,133.9,135.95,2968180.12
2025-10-03 23:00:00+00:00,135.95,136.09,126.73,127.21,11662163.32
2025-10-04 00:00:00+00:00,127.21,128.89,125.85,127.98,2823997.65
2025-10-04 01:00:00+00:00,127.98,130.86,127.43,129.12,2549966.09
2025-10-04 02:00:00+00:00,129.12,129.17,125.69,125.69,2029536.19
2025-10-04 03:00:00+00:00,125.69,130.15,124.21,128.84,5299492.29
2025-10-04 04:00:00+00:00,128.84,133.27,128.05,132.07,5080079.14
2025-10-04 05:00:00+00:00,132.07,136.28,131.17,135.08,6065735.39
2025-10-04 06:00:00+00:00,135.08,135.59,132.42,133.18,2649660.3
2025-10-04 07:00:00+00:00,133.18,134.89,132.64,134.2,2417888.91
2025-10-04 08:00:00+00:00,134.2,136.2,132.25,134.06,3090588.62
2025-10-04 09:00:00+00:00,134.06,138.3,133.63,134.64,2266396.33
2025-10-04 10:00:00+00:00,134.64,136.49,129.71,129.83,4852913.36
2025-10-04 11:00:00+00:00,129.83,137.86,129.83,137.78,4489443.52
2025-10-04 12:00:00+00:00,137.78,144.37,136.39,142.53,6977427.26
2025-10-04 13:00:00+00:00,142.53,148.3,142.02,143.44,4852388.88
2025-10-04 14:00:00+00:00,143.44,143.5,138.17,140.06,3742531.57
2025-10-04 15:00:00+00:00,140.06,143.37,139.97,142.1,2297194.34
2025-10-04 16:00:00+00:00,142.1,147.53,140.41,143.58,4918930.65
2025-10-04 17:00:00+00:00,143.58,151.45,143.03,151.19,4479093.01
2025-10-04 18:00:00+00:00,151.19,172.49,147.98,163.86,33051856.45
2025-10-04 19:00:00+00:00,163.86,173.01,160.8,170.12,17695915.75
2025-10-04 20:00:00+00:00,170.12,175.92,165.56,166.48,21318533.1
2025-10-04 21:00:00+00:00,166.48,168.61,164.23,166.54,6247242.21
2025-10-04 22:00:00+00:00,166.54,167.06,155.94,156.66,7698702.87
2025-10-04 23:00:00+00:00,156.66,159.99,154.75,156.69,5358354.93
2025-10-05 00:00:00+00:00,156.69,163.07,156.5,162.61,5592544.16
2025-10-05 01:00:00+00:00,162.61,166.99,161.19,162.7,6511567.93
2025-10-05 02:00:00+00:00,162.7,172.05,161.61,168.8,6443150.15
2025-10-05 03:00:00+00:00,168.8,172.16,157.9,159.1,11797162.18
2025-10-05 04:00:00+00:00,159.1,163.27,157.41,162.76,5157923.17
2025-10-05 05:00:00+00:00,162.76,163.09,160.1,162.63,5049118.33
2025-10-05 06:00:00+00:00,162.63,162.85,160.46,162.03,3484005.29
2025-10-05 07:00:00+00:00,162.03,162.19,158.04,160.89,2377290.26
2025-10-05 08:00:00+00:00,160.89,160.89,156.24,158.77,3273371.88
2025-10-05 09:00:00+00:00,158.77,160.94,151.28,151.49,5086670.4
2025-10-05 10:00:00+00:00,151.49,152.05,144.66,146.79,13329206.64
2025-10-05 11:00:00+00:00,146.79,150.13,145.31,145.38,3645249.89
2025-10-05 12:00:00+00:00,145.38,148.44,143.6,148.36,2749506.73
2025-10-05 13:00:00+00:00,148.36,149.75,144.7,148.66,4348170.57
2025-10-05 14:00:00+00:00,148.66,153.46,147.77,148.25,8372143.18
2025-10-05 15:00:00+00:00,148.25,150.27,146.62,149.57,3520865.08
2025-10-05 16:00:00+00:00,149.57,153.83,149.24,153.09,4449496.83
2025-10-05 17:00:00+00:00,153.09,162.3,153.02,160.28,10073919.96
2025-10-05 18:00:00+00:00,160.28,165.73,157.48,165.08,6273035.63
2025-10-05 19:00:00+00:00,165.08,172.51,159.32,162.72,13588582.82
2025-10-05 20:00:00+00:00,162.72,165.65,159.99,161.31,3205886.64
2025-10-05 21:00:00+00:00,161.31,168.35,160.13,167.79,3698716.62
2025-10-05 22:00:00+00:00,167.79,170.39,161.42,166.14,7910265.85
2025-10-05 23:00:00+00:00,166.14,169.24,163.68,165.18,3310050.87
2025-10-06 00:00:00+00:00,165.18,169.26,162.29,163.9,3894280.73
2025-10-06 01:00:00+00:00,163.9,166.58,161.94,162.21,2607529.65
2025-10-06 02:00:00+00:00,162.21,165.3,161.04,161.54,2136802.0
2025-10-06 03:00:00+00:00,161.54,162.24,159.43,161.05,1701734.91
2025-10-06 04:00:00+00:00,161.05,162.43,155.11,156.28,3282070.85
2025-10-06 05:00:00+00:00,156.28,158.11,154.43,156.43,2657371.83
2025-10-06 06:00:00+00:00,156.43,161.21,156.15,159.83,3389154.08
2025-10-06 07:00:00+00:00,159.83,161.08,158.27,159.95,2661233.2
2025-10-06 08:00:00+00:00,159.95,164.06,158.22,163.54,5636243.38
2025-10-06 09:00:00+00:00,163.54,167.04,162.63,166.07,4220388.19
2025-10-06 10:00:00+00:00,166.07,167.38,162.99,165.5,3381437.72
2025-10-06 11:00:00+00:00,165.5,177.12,164.55,171.57,12237729.6
2025-10-06 12:00:00+00:00,171.57,174.06,167.41,169.37,7525571.89
2025-10-06 13:00:00+00:00,169.37,170.79,164.59,165.41,4825602.06
2025-10-06 14:00:00+00:00,165.41,165.41,159.33,163.51,5843211.13
2025-10-06 15:00:00+00:00,163.51,165.5,161.11,163.26,5498666.24
2025-10-06 16:00:00+00:00,163.26,166.32,156.72,164.74,10000449.3
2025-10-06 17:00:00+00:00,164.74,164.74,160.74,162.88,5030550.8
2025-10-06 18:00:00+00:00,162.88,162.96,158.69,158.95,2465614.25
2025-10-06 19:00:00+00:00,158.95,163.67,158.63,161.47,2284727.44
2025-10-06 20:00:00+00:00,161.47,162.31,156.88,158.0,3176882.26
2025-10-06 21:00:00+00:00,158.0,158.31,155.61,157.41,1775980.06
2025-10-06 22:00:00+00:00,157.41,159.02,155.24,158.04,2508516.37
2025-10-06 23:00:00+00:00,158.04,159.06,155.82,155.96,1679633.83
2025-10-07 00:00:00+00:00,155.96,158.73,155.0,157.86,1681870.62
2025-10-07 01:00:00+00:00,157.86,161.01,156.22,159.59,2507541.18
2025-10-07 02:00:00+00:00,159.59,159.85,151.39,152.32,3472926.76
2025-10-07 03:00:00+00:00,152.32,153.25,147.05,148.07,5600827.35
2025-10-07 04:00:00+00:00,148.07,148.16,142.46,146.09,5528894.83
2025-10-07 05:00:00+00:00,146.09,148.46,145.45,147.65,1894518.21
2025-10-07 06:00:00+00:00,147.65,147.91,142.55,144.12,2500373.56
2025-10-07 07:00:00+00:00,144.12,145.88,143.81,145.74,1987015.1
2025-10-07 08:00:00+00:00,145.74,154.11,143.85,152.62,4700559.62
2025-10-07 09:00:00+00:00,152.62,155.46,143.91,145.11,6389135.4
2025-10-07 10:00:00+00:00,145.11,146.23,143.06,145.75,3596358.59
2025-10-07 11:00:00+00:00,145.75,146.45,142.64,144.92,2908774.13
2025-10-07 12:00:00+00:00,144.92,146.57,142.92,146.44,2739117.25
2025-10-07 13:00:00+00:00,146.44,148.58,144.03,144.98,5032787.66
2025-10-07 14:00:00+00:00,144.98,145.62,130.81,133.07,12649821.57
2025-10-07 15:00:00+00:00,133.07,137.45,132.63,137.08,4258135.9
2025-10-07 16:00:00+00:00,137.08,146.34,136.23,141.85,8696980.65
2025-10-07 17:00:00+00:00,141.85,145.06,139.63,140.35,4223309.22
2025-10-07 18:00:00+00:00,140.35,141.98,139.83,140.21,1854293.31
2025-10-07 19:00:00+00:00,140.21,142.4,120.82,129.57,25406410.29
2025-10-07 20:00:00+00:00,129.57,131.14,124.77,128.97,5986082.1
2025-10-07 21:00:00+00:00,128.97,134.76,128.83,133.13,3486422.0
2025-10-07 22:00:00+00:00,133.13,134.08,130.36,131.07,2437324.01
2025-10-07 23:00:00+00:00,131.07,131.15,126.68,127.26,2765334.89
2025-10-08 00:00:00+00:00,127.26,129.24,125.92,127.6,2994104.8
2025-10-08 01:00:00+00:00,127.6,130.77,126.67,129.94,2163232.09
2025-10-08 02:00:00+00:00,129.94,132.94,128.24,132.82,3882046.01
2025-10-08 03:00:00+00:00,132.82,135.81,131.27,134.39,4926479.97
2025-10-08 04:00:00+00:00,134.39,134.41,129.64,131.14,1833912.31
2025-10-08 05:00:00+00:00,131.14,133.89,130.57,132.75,1740242.37
2025-10-08 06:00:00+00:00,132.75,134.15,131.78,133.4,1690784.46
2025-10-08 07:00:00+00:00,133.4,139.41,132.35,135.26,2545641.45
2025-10-08 08:00:00+00:00,135.26,140.21,131.65,139.4,4673511.75
2025-10-08 09:00:00+00:00,139.4,140.4,136.91,138.4,3521195.97
2025-10-08 10:00:00+00:00,138.4,139.93,136.28,139.29,2842842.46
2025-10-08 11:00:00+00:00,139.29,142.46,138.91,139.76,3130916.49
2025-10-08 12:00:00+00:00,139.76,143.1,137.57,142.83,2486798.15
2025-10-08 13:00:00+00:00,142.83,145.82,140.1,145.15,5092375.86
2025-10-08 14:00:00+00:00,145.15,156.89,144.23,154.89,15661698.03
2025-10-08 15:00:00+00:00,154.89,168.97,154.4,166.14,24779112.67
2025-10-08 16:00:00+00:00,166.14,171.35,164.52,170.75,14980613.0
2025-10-08 17:00:00+00:00,170.75,178.27,167.46,177.42,12870892.05
2025-10-08 18:00:00+00:00,177.42,185.32,173.01,176.58,22483728.49
2025-10-08 19:00:00+00:00,176.58,177.99,172.55,175.0,6991640.95
2025-10-08 20:00:00+00:00,175.0,177.9,170.81,171.54,4921350.94
2025-10-08 21:00:00+00:00,171.54,182.66,170.06,179.92,5362823.75
2025-10-08 22:00:00+00:00,179.92,185.19,177.51,179.43,10088230.97
2025-10-08 23:00:00+00:00,179.43,180.95,174.34,177.36,6171183.0
2025-10-09 00:00:00+00:00,177.36,180.17,172.64,172.77,7431706.2
2025-10-09 01:00:00+00:00,172.77,179.35,172.38,175.57,5837391.12
2025-10-09 02:00:00+00:00,175.57,175.95,165.02,165.36,6951759.71
2025-10-09 03:00:00+00:00,165.36,172.75,165.06,169.87,4465837.82
2025-10-09 04:00:00+00:00,169.87,172.85,167.17,171.94,2969689.52
2025-10-09 05:00:00+00:00,171.94,175.49,170.9,173.04,3307510.74
2025-10-09 06:00:00+00:00,173.04,183.32,172.17,179.48,7687538.91
2025-10-09 07:00:00+00:00,179.48,186.2,177.6,179.53,8916672.6
2025-10-09 08:00:00+00:00,179.53,180.26,163.27,166.07,9835976.07
2025-10-09 09:00:00+00:00,166.07,179.0,164.07,177.46,5837927.67
2025-10-09 10:00:00+00:00,177.46,190.41,173.44,188.16,15647126.32
2025-10-09 11:00:00+00:00,188.16,195.02,188.16,191.46,15636742.6
2025-10-09 12:00:00+00:00,191.46,195.94,186.65,193.65,12113157.48
2025-10-09 13:00:00+00:00,193.65,195.37,185.41,187.53,10588846.74
2025-10-09 14:00:00+00:00,187.53,194.81,180.04,190.21,14123296.52
2025-10-09 15:00:00+00:00,190.21,194.42,184.18,188.15,9895556.96
2025-10-09 16:00:00+00:00,188.15,193.78,185.53,187.61,10389892.23
2025-10-09 17:00:00+00:00,187.61,209.93,187.57,200.58,30216377.73
2025-10-09 18:00:00+00:00,200.58,216.92,200.58,215.33,24897072.34
2025-10-09 19:00:00+00:00,215.33,217.84,204.78,213.68,18768289.05
2025-10-09 20:00:00+00:00,213.68,217.71,208.49,211.76,10020489.03
2025-10-09 21:00:00+00:00,211.76,217.63,210.67,214.58,7080219.94
2025-10-09 22:00:00+00:00,214.58,216.2,208.01,211.29,6340196.01
2025-10-09 23:00:00+00:00,211.29,215.79,207.99,212.57,6089265.3
2025-10-10 00:00:00+00:00,212.57,227.44,210.24,226.29,17158237.35
2025-10-10 01:00:00+00:00,226.29,235.43,222.08,229.03,21031439.37
2025-10-10 02:00:00+00:00,229.03,236.85,226.53,234.89,17373683.18
2025-10-10 03:00:00+00:00,234.89,239.97,230.6,231.59,14632252.7
2025-10-10 04:00:00+00:00,231.59,239.8,228.13,238.47,8813173.63
2025-10-10 05:00:00+00:00,238.47,273.97,236.61,263.72,33847445.87
2025-10-10 06:00:00+00:00,263.72,271.66,242.0,248.3,28939326.59
2025-10-10 07:00:00+00:00,248.3,253.77,223.08,226.99,28957355.21
2025-10-10 08:00:00+00:00,226.99,240.39,220.97,230.96,18044146.92
2025-10-10 09:00:00+00:00,230.96,237.92,227.99,234.88,9997541.91
2025-10-10 10:00:00+00:00,234.88,235.29,224.13,231.4,7904889.01
2025-10-10 11:00:00+00:00,231.4,233.91,227.2,228.0,7369648.28
2025-10-10 12:00:00+00:00,228.0,234.97,218.54,233.38,12876339.26
2025-10-10 13:00:00+00:00,233.38,243.9,233.38,242.35,14506460.36
2025-10-10 14:00:00+00:00,242.35,243.11,231.03,234.89,11033002.16
2025-10-10 15:00:00+00:00,234.89,235.36,200.72,228.6,44071390.89
2025-10-10 16:00:00+00:00,228.6,241.9,226.49,234.0,24859937.03
2025-10-10 17:00:00+00:00,234.0,237.93,225.04,235.53,12271301.57
2025-10-10 18:00:00+00:00,235.53,244.96,233.31,244.61,12557852.44
2025-10-10 19:00:00+00:00,244.61,251.85,235.05,236.58,18164958.16
2025-10-10 20:00:00+00:00,236.58,237.96,222.13,223.85,12174292.09
2025-10-10 21:00:00+00:00,223.85,238.89,148.98,194.03,38683504.98
2025-10-10 22:00:00+00:00,194.03,217.51,172.85,216.32,25630836.34
2025-10-10 23:00:00+00:00,216.32,248.7,205.82,225.49,39231997.68
2025-10-11 00:00:00+00:00,225.49,236.01,212.33,228.03,15120724.12
2025-10-11 01:00:00+00:00,228.03,229.47,208.87,209.1,11472715.19
2025-10-11 02:00:00+00:00,209.1,229.94,207.55,227.4,11489356.62
2025-10-11 03:00:00+00:00,227.4,227.97,213.3,218.33,9067216.68
2025-10-11 04:00:00+00:00,218.33,223.99,210.02,223.99,8038331.65
2025-10-11 05:00:00+00:00,223.99,238.07,219.22,233.99,10903496.91
2025-10-11 06:00:00+00:00,233.99,244.82,228.9,236.86,14054981.79
2025-10-11 07:00:00+00:00,236.86,272.41,229.85,267.17,29945934.93
2025-10-11 08:00:00+00:00,267.17,288.79,251.18,285.85,42049290.32
2025-10-11 09:00:00+00:00,285.85,288.21,252.07,259.25,33696038.4
2025-10-11 10:00:00+00:00,259.25,277.99,253.71,267.24,21853081.32
2025-10-11 11:00:00+00:00,267.24,274.64,257.35,263.52,15070606.57
2025-10-11 12:00:00+00:00,263.52,278.86,258.06,278.36,20814742.28
2025-10-11 13:00:00+00:00,278.36,286.44,268.45,279.15,27659091.01
2025-10-11 14:00:00+00:00,279.15,281.67,265.51,270.89,15724309.46
2025-10-11 15:00:00+00:00,270.89,278.35,260.38,262.62,15127852.12
2025-10-11 16:00:00+00:00,262.62,273.82,260.46,267.03,9194412.59
2025-10-11 17:00:00+00:00,267.03,279.97,261.09,277.48,14112671.18
2025-10-11 18:00:00+00:00,277.48,294.56,273.11,287.02,25309294.3
2025-10-11 19:00:00+00:00,287.02,291.67,278.36,290.86,14856979.32
2025-10-11 20:00:00+00:00,290.86,292.55,271.09,277.36,19019205.32
2025-10-11 21:00:00+00:00,277.36,291.87,274.2,289.99,12345942.08
2025-10-11 22:00:00+00:00,289.99,295.96,286.08,293.75,18434378.5
2025-10-11 23:00:00+00:00,293.75,298.02,289.07,291.03,13660484.31
2025-10-12 00:00:00+00:00,291.03,296.18,276.12,276.79,18307346.75
2025-10-12 01:00:00+00:00,276.79,279.1,262.45,265.29,18991794.9
2025-10-12 02:00:00+00:00,265.29,276.39,264.84,268.18,9724533.13
2025-10-12 03:00:00+00:00,268.18,278.22,265.17,272.48,7558590.96
2025-10-12 04:00:00+00:00,272.48,281.51,264.38,278.83,10611937.58
2025-10-12 05:00:00+00:00,278.83,284.52,272.11,274.88,9652014.87
2025-10-12 06:00:00+00:00,274.88,281.74,271.99,279.87,7567722.63
2025-10-12 07:00:00+00:00,279.87,293.14,279.06,288.09,12195184.02
2025-10-12 08:00:00+00:00,288.09,290.34,270.18,274.32,11380897.57
2025-10-12 09:00:00+00:00,274.32,279.31,271.83,274.86,7070971.72
2025-10-12 10:00:00+00:00,274.86,279.64,270.38,271.77,9723199.79
2025-10-12 11:00:00+00:00,271.77,274.12,264.23,267.7,9153386.82
2025-10-12 12:00:00+00:00,267.7,269.89,253.44,253.74,15580805.32
2025-10-12 13:00:00+00:00,253.74,258.61,245.55,257.83,14069669.24
2025-10-12 14:00:00+00:00,257.83,270.56,255.27,266.01,16680798.51
2025-10-12 15:00:00+00:00,266.01,271.73,251.09,251.41,19547244.6
2025-10-12 16:00:00+00:00,251.41,264.28,250.87,256.49,13476514.34
2025-10-12 17:00:00+00:00,256.49,256.6,245.76,253.63,10976184.57
2025-10-12 18:00:00+00:00,253.63,258.85,250.05,252.61,6143070.03
2025-10-12 19:00:00+00:00,252.61,260.9,252.58,259.13,5847232.24
2025-10-12 20:00:00+00:00,259.13,278.92,258.94,265.81,17073015.52
2025-10-12 21:00:00+00:00,265.81,272.05,259.35,262.32,7324152.85
2025-10-12 22:00:00+00:00,262.32,267.57,257.22,262.75,5685911.72
2025-10-12 23:00:00+00:00,262.75,266.44,254.04,260.39,6139659.35
2025-10-13 00:00:00+00:00,260.39,270.52,258.42,263.66,7315305.63
2025-10-13 01:00:00+00:00,263.66,274.06,262.97,269.89,5920243.22
2025-10-13 02:00:00+00:00,269.89,276.9,269.56,276.63,4978765.57
2025-10-13 03:00:00+00:00,276.63,279.15,270.66,271.41,7623867.34
2025-10-13 04:00:00+00:00,271.41,285.62,268.12,284.18,6924538.41
2025-10-13 05:00:00+00:00,284.18,289.68,276.39,278.04,10737595.96
2025-10-13 06:00:00+00:00,278.04,278.06,269.1,270.44,7940044.64
2025-10-13 07:00:00+00:00,270.44,272.39,265.14,267.0,5342916.63
2025-10-13 08:00:00+00:00,267.0,268.69,262.03,265.13,4976696.12
2025-10-13 09:00:00+00:00,265.13,265.23,258.59,262.14,4835343.24
2025-10-13 10:00:00+00:00,262.14,264.16,258.74,262.53,5057002.96
2025-10-13 11:00:00+00:00,262.53,263.39,240.54,246.42,17295198.18
2025-10-13 12:00:00+00:00,246.42,254.12,239.38,246.27,9953650.49
2025-10-13 13:00:00+00:00,246.27,254.41,245.82,251.36,5336864.63
2025-10-13 14:00:00+00:00,251.36,251.75,235.42,238.07,13565647.21
2025-10-13 15:00:00+00:00,238.07,247.71,237.11,245.46,9747386.09
2025-10-13 16:00:00+00:00,245.46,249.73,242.42,246.26,6521182.24
2025-10-13 17:00:00+00:00,246.26,256.64,245.44,256.56,10395164.84
2025-10-13 18:00:00+00:00,256.56,256.7,251.56,253.61,3703142.99
2025-10-13 19:00:00+00:00,253.61,259.68,252.32,254.68,5136402.72
2025-10-13 20:00:00+00:00,254.68,273.2,254.23,266.19,16051119.27
2025-10-13 21:00:00+00:00,266.19,268.14,257.05,260.61,5824178.09
2025-10-13 22:00:00+00:00,260.61,260.72,247.99,250.61,5298795.41
2025-10-13 23:00:00+00:00,250.61,253.52,246.81,249.12,5206372.9
2025-10-14 00:00:00+00:00,249.12,249.77,240.6,242.94,4710572.91
2025-10-14 01:00:00+00:00,242.94,246.23,237.4,245.37,7280066.73
2025-10-14 02:00:00+00:00,245.37,249.65,242.36,243.33,5301970.06
2025-10-14 03:00:00+00:00,243.33,243.88,235.14,236.29,6154522.68
2025-10-14 04:00:00+00:00,236.29,239.08,230.02,234.42,6753795.02
2025-10-14 05:00:00+00:00,234.42,235.41,222.53,223.35,10820678.94
2025-10-14 06:00:00+00:00,223.35,234.88,221.16,229.31,9819945.97
2025-10-14 07:00:00+00:00,229.31,230.96,222.86,224.71,5692288.76
2025-10-14 08:00:00+00:00,224.71,226.19,217.64,225.04,6581962.18
2025-10-14 09:00:00+00:00,225.04,233.24,225.04,230.47,8727552.89
2025-10-14 10:00:00+00:00,230.47,233.16,225.69,230.81,6753705.3
2025-10-14 11:00:00+00:00,230.81,231.12,226.02,226.95,4035060.58
2025-10-14 12:00:00+00:00,226.95,229.82,224.25,224.73,3866387.67
2025-10-14 13:00:00+00:00,224.73,229.81,220.08,229.06,7034874.53
2025-10-14 14:00:00+00:00,229.06,249.97,227.44,244.01,16321302.75
2025-10-14 15:00:00+00:00,244.01,264.03,241.67,257.8,22965148.62
2025-10-14 16:00:00+00:00,257.8,263.36,253.15,259.91,14620472.98
2025-10-14 17:00:00+00:00,259.91,260.02,245.54,246.2,12962492.58
2025-10-14 18:00:00+00:00,246.2,249.68,235.71,239.26,11007948.14
2025-10-14 19:00:00+00:00,239.26,242.74,232.77,234.4,5309916.45
2025-10-14 20:00:00+00:00,234.4,238.95,234.05,237.44,3540594.43
2025-10-14 21:00:00+00:00,237.44,242.37,235.42,241.54,4494590.77
2025-10-14 22:00:00+00:00,241.54,254.25,241.54,253.45,8095750.7
2025-10-14 23:00:00+00:00,253.45,255.39,246.74,247.78,5703628.82
2025-10-15 00:00:00+00:00,247.78,250.17,243.62,244.9,3484301.45
2025-10-15 01:00:00+00:00,244.9,249.46,240.56,246.49,4568491.59
2025-10-15 02:00:00+00:00,246.49,264.38,245.82,259.48,8966853.59
2025-10-15 03:00:00+00:00,259.48,262.11,248.81,250.01,5588073.05
2025-10-15 04:00:00+00:00,250.01,253.1,246.31,249.54,3935808.61
2025-10-15 05:00:00+00:00,249.54,263.91,248.26,258.72,6638080.49
2025-10-15 06:00:00+00:00,258.72,270.89,255.66,257.99,12949367.61
2025-10-15 07:00:00+00:00,257.99,267.84,252.57,262.24,7967958.9
2025-10-15 08:00:00+00:00,262.24,271.56,261.22,265.1,10804840.48
2025-10-15 09:00:00+00:00,265.1,268.06,259.3,264.08,6754617.7
2025-10-15 10:00:00+00:00,264.08,277.9,263.31,269.93,16706689.61
2025-10-15 11:00:00+00:00,269.93,275.14,260.09,265.37,12154161.42
2025-10-15 12:00:00+00:00,265.37,271.96,260.45,261.54,8402422.57
2025-10-15 13:00:00+00:00,261.54,266.42,254.14,257.71,11731296.3
2025-10-15 14:00:00+00:00,257.71,263.37,248.58,252.51,9383847.4
2025-10-15 15:00:00+00:00,252.51,256.87,249.16,252.63,7068302.29
2025-10-15 16:00:00+00:00,252.63,255.38,247.12,248.58,6699792.17
2025-10-15 17:00:00+00:00,248.58,252.33,241.6,251.0,7658394.27
2025-10-15 18:00:00+00:00,251.0,252.48,247.19,248.93,3905621.6
2025-10-15 19:00:00+00:00,248.93,249.16,237.29,240.23,6181781.53
2025-10-15 20:00:00+00:00,240.23,242.3,236.08,236.28,5509259.75
2025-10-15 21:00:00+00:00,236.28,237.26,229.47,229.63,8806613.26
2025-10-15 22:00:00+00:00,229.63,236.67,224.45,226.79,9573032.98
2025-10-15 23:00:00+00:00,226.79,230.95,224.31,230.03,5845512.96
2025-10-16 00:00:00+00:00,230.03,230.06,222.54,226.75,5319286.66
2025-10-16 01:00:00+00:00,226.75,232.38,226.62,230.77,4634675.11
2025-10-16 02:00:00+00:00,230.77,231.95,227.49,230.44,3675369.09
2025-10-16 03:00:00+00:00,230.44,235.81,228.93,231.59,5462820.92
2025-10-16 04:00:00+00:00,231.59,235.96,226.24,226.63,4300846.76
2025-10-16 05:00:00+00:00,226.63,235.74,225.97,234.98,6059952.74
2025-10-16 06:00:00+00:00,234.98,245.21,233.43,241.23,11086328.32
2025-10-16 07:00:00+00:00,241.23,245.84,240.38,241.17,6547029.0
2025-10-16 08:00:00+00:00,241.17,242.85,236.2,240.01,7062609.23
2025-10-16 09:00:00+00:00,240.01,241.61,232.0,235.11,7950437.71
2025-10-16 10:00:00+00:00,235.11,240.86,232.98,239.57,6718827.7
2025-10-16 11:00:00+00:00,239.57,240.03,233.17,236.47,3927361.46
2025-10-16 12:00:00+00:00,236.47,240.85,235.6,235.78,4626732.95
2025-10-16 13:00:00+00:00,235.78,237.1,229.62,230.94,5685188.25
2025-10-16 14:00:00+00:00,230.94,239.94,224.63,231.97,18597102.07
2025-10-16 15:00:00+00:00,231.97,233.02,219.25,219.34,13092344.94
2025-10-16 16:00:00+00:00,219.34,226.47,208.6,224.84,24584040.68
2025-10-16 17:00:00+00:00,224.84,224.98,219.15,221.9,8285417.15
2025-10-16 18:00:00+00:00,221.9,223.12,216.37,220.16,7231074.71
2025-10-16 19:00:00+00:00,220.16,220.81,210.24,214.47,9969132.25
2025-10-16 20:00:00+00:00,214.47,216.38,209.74,211.32,6987554.07
2025-10-16 21:00:00+00:00,211.32,219.24,209.63,218.58,9881020.69
2025-10-16 22:00:00+00:00,218.58,220.11,209.08,210.17,7541249.14
2025-10-16 23:00:00+00:00,210.17,213.34,202.59,205.09,9284657.61
2025-10-17 00:00:00+00:00,205.09,211.52,204.12,210.61,4743773.89
2025-10-17 01:00:00+00:00,210.61,223.38,208.2,210.48,10892489.78
2025-10-17 02:00:00+00:00,210.48,213.47,208.25,212.35,4482149.97
2025-10-17 03:00:00+00:00,212.35,214.94,212.34,213.87,2466488.61
2025-10-17 04:00:00+00:00,213.87,218.97,213.52,215.99,3964456.52
2025-10-17 05:00:00+00:00,215.99,218.35,211.25,211.49,3523907.88
2025-10-17 06:00:00+00:00,211.49,212.77,201.13,201.24,11410534.96
2025-10-17 07:00:00+00:00,201.24,201.48,189.6,192.45,17611719.75
2025-10-17 08:00:00+00:00,192.45,198.2,190.86,194.82,9201250.91
2025-10-17 09:00:00+00:00,194.82,201.9,193.01,193.5,9204812.31
2025-10-17 10:00:00+00:00,193.5,196.7,187.2,195.84,12367426.23
2025-10-17 11:00:00+00:00,195.84,208.44,195.21,206.83,10376981.63
2025-10-17 12:00:00+00:00,206.83,210.89,205.74,208.91,7623596.26
2025-10-17 13:00:00+00:00,208.91,216.67,208.85,215.56,14206192.24
2025-10-17 14:00:00+00:00,215.56,215.56,207.04,210.14,8221533.18
2025-10-17 15:00:00+00:00,210.14,214.72,209.16,211.1,5918802.86
2025-10-17 16:00:00+00:00,211.1,224.55,210.69,216.24,15622524.81
2025-10-17 17:00:00+00:00,216.24,218.15,211.21,212.64,5715805.78
2025-10-17 18:00:00+00:00,212.64,220.56,212.33,218.13,5887104.13
2025-10-17 19:00:00+00:00,218.13,218.77,211.85,214.72,3692628.21
2025-10-17 20:00:00+00:00,214.72,227.93,212.84,226.18,9369892.71
2025-10-17 21:00:00+00:00,226.18,234.58,224.21,230.3,11718534.97
2025-10-17 22:00:00+00:00,230.3,230.91,221.15,221.31,5688916.12
2025-10-17 23:00:00+00:00,221.31,222.86,216.28,217.81,5423968.59
2025-10-18 00:00:00+00:00,217.81,220.27,214.63,218.52,3388176.13
2025-10-18 01:00:00+00:00,218.52,220.35,216.5,219.12,2713375.31
2025-10-18 02:00:00+00:00,219.12,222.97,212.59,212.8,4816402.44
2025-10-18 03:00:00+00:00,212.8,215.83,210.95,213.71,3262241.55
2025-10-18 04:00:00+00:00,213.71,215.22,210.34,214.72,2861733.29
2025-10-18 05:00:00+00:00,214.72,218.22,214.13,217.18,3390796.99
2025-10-18 06:00:00+00:00,217.18,218.08,214.42,215.39,1904127.77
2025-10-18 07:00:00+00:00,215.39,222.28,214.75,217.28,5702558.93
2025-10-18 08:00:00+00:00,217.28,217.35,213.18,214.47,2727772.57
2025-10-18 09:00:00+00:00,214.47,219.93,214.1,219.11,2783335.32
2025-10-18 10:00:00+00:00,219.11,224.35,218.3,219.58,4168104.9
2025-10-18 11:00:00+00:00,219.58,226.88,218.6,223.26,5525606.01
2025-10-18 12:00:00+00:00,223.26,225.72,220.28,221.28,3420988.33
2025-10-18 13:00:00+00:00,221.28,221.82,214.8,215.46,4506862.77
2025-10-18 14:00:00+00:00,215.46,220.35,214.14,216.52,5231368.38
2025-10-18 15:00:00+00:00,216.52,218.57,212.77,213.5,3573642.31
2025-10-18 16:00:00+00:00,213.5,215.3,210.16,211.94,4457937.31
2025-10-18 17:00:00+00:00,211.94,217.49,211.5,217.01,3027778.74
2025-10-18 18:00:00+00:00,217.01,219.93,216.98,219.44,2756352.39
2025-10-18 19:00:00+00:00,219.44,224.91,219.26,223.85,4210799.74
2025-10-18 20:00:00+00:00,223.85,224.98,220.28,220.56,3182238.26
2025-10-18 21:00:00+00:00,220.56,221.51,216.24,218.12,4397980.15
2025-10-18 22:00:00+00:00,218.12,218.6,215.41,217.17,1382939.75
2025-10-18 23:00:00+00:00,217.17,221.77,216.93,221.37,2038512.16
2025-10-19 00:00:00+00:00,221.37,222.71,217.49,219.06,2846090.41
2025-10-19 01:00:00+00:00,219.06,227.18,217.76,224.36,3513497.12
2025-10-19 02:00:00+00:00,224.36,224.42,219.85,221.88,2367614.99
2025-10-19 03:00:00+00:00,221.88,229.28,221.16,225.87,5003040.14
2025-10-19 04:00:00+00:00,225.87,229.27,223.91,223.96,3295393.76
2025-10-19 05:00:00+00:00,223.96,224.32,220.27,221.56,3045753.4
2025-10-19 06:00:00+00:00,221.56,221.76,218.05,219.49,3167740.47
2025-10-19 07:00:00+00:00,219.49,219.98,215.54,218.11,2696322.77
2025-10-19 08:00:00+00:00,218.11,221.49,213.21,213.39,4630353.83
2025-10-19 09:00:00+00:00,213.39,220.11,211.41,219.1,5460104.29
2025-10-19 10:00:00+00:00,219.1,223.65,218.18,219.7,4323534.49
2025-10-19 11:00:00+00:00,219.7,223.33,217.98,218.1,5371147.46
2025-10-19 12:00:00+00:00,218.1,218.32,215.23,216.8,3128956.57
2025-10-19 13:00:00+00:00,216.8,222.17,213.5,220.76,5612032.17
2025-10-19 14:00:00+00:00,220.76,224.37,219.18,223.4,5539615.48
2025-10-19 15:00:00+00:00,223.4,228.38,222.81,225.54,5041783.9
2025-10-19 16:00:00+00:00,225.54,229.06,224.58,225.39,5382458.22
2025-10-19 17:00:00+00:00,225.39,232.23,222.24,230.47,7295738.3
2025-10-19 18:00:00+00:00,230.47,240.2,228.15,236.79,10531683.42
2025-10-19 19:00:00+00:00,236.79,237.93,231.06,233.04,5135259.91
2025-10-19 20:00:00+00:00,233.04,237.65,231.98,233.97,3933704.11
2025-10-19 21:00:00+00:00,233.97,239.12,233.43,237.31,2899723.66
2025-10-19 22:00:00+00:00,237.31,244.77,237.2,241.86,5985880.9
2025-10-19 23:00:00+00:00,241.86,244.43,235.12,235.76,6231786.95
2025-10-20 00:00:00+00:00,235.76,242.28,232.48,242.08,6117162.39
2025-10-20 01:00:00+00:00,242.08,243.99,236.84,237.62,5622872.71
2025-10-20 02:00:00+00:00,237.62,237.78,229.67,234.56,5971362.42
2025-10-20 03:00:00+00:00,234.56,242.95,231.76,242.77,6467130.62
2025-10-20 04:00:00+00:00,242.77,248.85,241.43,247.05,7456982.19
2025-10-20 05:00:00+00:00,247.05,247.05,242.58,243.43,3888297.63
2025-10-20 06:00:00+00:00,243.43,249.04,240.01,240.03,7590419.46
2025-10-20 07:00:00+00:00,240.03,242.6,237.23,238.26,5965243.79
2025-10-20 08:00:00+00:00,238.26,244.8,237.46,243.84,6096118.76
2025-10-20 09:00:00+00:00,243.84,244.0,239.01,240.33,3138000.44
2025-10-20 10:00:00+00:00,240.33,242.39,236.1,240.41,4428526.53
2025-10-20 11:00:00+00:00,240.41,252.06,237.59,251.75,8767663.32
2025-10-20 12:00:00+00:00,251.75,255.51,246.72,253.24,9961727.3
2025-10-20 13:00:00+00:00,253.24,258.5,250.6,255.3,8348652.66
2025-10-20 14:00:00+00:00,255.3,265.01,251.68,264.09,16147547.82
2025-10-20 15:00:00+00:00,264.09,265.92,259.79,260.58,9046838.75
2025-10-20 16:00:00+00:00,260.58,269.39,248.73,254.29,18876265.72
2025-10-20 17:00:00+00:00,254.29,268.36,250.79,267.47,11557717.42
2025-10-20 18:00:00+00:00,267.47,284.41,262.36,280.65,21320796.05
2025-10-20 19:00:00+00:00,280.65,282.61,273.22,274.89,12282132.02
2025-10-20 20:00:00+00:00,274.89,277.79,270.54,272.7,6548332.4
2025-10-20 21:00:00+00:00,272.7,273.31,266.76,267.99,5900083.73
2025-10-20 22:00:00+00:00,267.99,269.36,265.13,266.69,3728516.99
2025-10-20 23:00:00+00:00,266.69,270.94,266.16,268.58,3077339.64
2025-10-21 00:00:00+00:00,268.58,270.67,265.73,268.73,3703901.08
2025-10-21 01:00:00+00:00,268.73,269.92,265.7,267.42,3022837.39
2025-10-21 02:00:00+00:00,267.42,267.42,262.04,264.18,4509158.45
2025-10-21 03:00:00+00:00,264.18,265.61,261.5,263.47,4216653.92
2025-10-21 04:00:00+00:00,263.47,263.86,256.21,257.2,6579611.7
2025-10-21 05:00:00+00:00,257.2,258.88,249.68,250.06,5426836.03
2025-10-21 06:00:00+00:00,250.06,256.2,249.37,253.22,5404936.8
2025-10-21 07:00:00+00:00,253.22,259.81,250.49,255.35,4406873.14
2025-10-21 08:00:00+00:00,255.35,255.89,250.29,254.82,4972005.06
2025-10-21 09:00:00+00:00,254.82,254.98,245.81,247.28,7150915.8
2025-10-21 10:00:00+00:00,247.28,260.13,246.98,257.05,7409211.84
2025-10-21 11:00:00+00:00,257.05,274.51,256.01,274.08,16751560.05
2025-10-21 12:00:00+00:00,274.08,279.97,266.09,266.89,15440232.16
2025-10-21 13:00:00+00:00,266.89,279.75,263.5,273.08,15210951.51
2025-10-21 14:00:00+00:00,273.08,283.42,270.67,282.43,16046056.27
2025-10-21 15:00:00+00:00,282.43,296.41,276.87,292.31,29950033.33
2025-10-21 16:00:00+00:00,292.31,309.89,279.0,288.21,44837961.22
2025-10-21 17:00:00+00:00,288.21,288.21,270.88,277.8,28569943.63
2025-10-21 18:00:00+00:00,277.8,283.75,274.18,279.34,9342633.24
2025-10-21 19:00:00+00:00,279.34,289.31,277.38,278.25,7807523.58
2025-10-21 20:00:00+00:00,278.25,279.25,270.56,274.97,6074112.62
2025-10-21 21:00:00+00:00,274.97,280.91,272.56,272.65,5470512.61
2025-10-21 22:00:00+00:00,272.65,272.67,264.84,269.1,7699797.87
2025-10-21 23:00:00+00:00,269.1,271.3,261.21,262.92,4949579.1
2025-10-22 00:00:00+00:00,262.92,269.67,261.45,265.25,5069123.11
2025-10-22 01:00:00+00:00,265.25,269.45,253.34,261.0,9883606.49
2025-10-22 02:00:00+00:00,261.0,264.06,256.51,261.59,5109344.4
2025-10-22 03:00:00+00:00,261.59,267.38,260.68,265.83,5943946.16
2025-10-22 04:00:00+00:00,265.83,276.97,264.64,276.26,11869828.23
2025-10-22 05:00:00+00:00,276.26,276.33,264.55,272.12,8514148.1
2025-10-22 06:00:00+00:00,272.12,274.19,268.63,272.28,4863661.62
2025-10-22 07:00:00+00:00,272.28,281.82,262.7,276.6,15889025.94
2025-10-22 08:00:00+00:00,276.6,280.96,272.63,276.62,7099946.92
2025-10-22 09:00:00+00:00,276.62,277.75,265.48,268.83,7254128.09
2025-10-22 10:00:00+00:00,268.83,274.6,265.95,269.23,5861590.46
2025-10-22 11:00:00+00:00,269.23,274.49,267.55,271.64,6276402.54
2025-10-22 12:00:00+00:00,271.64,277.71,268.28,274.77,10295101.22
2025-10-22 13:00:00+00:00,274.77,275.84,268.55,273.54,10050111.04
2025-10-22 14:00:00+00:00,273.54,274.36,255.46,267.93,15389048.62
2025-10-22 15:00:00+00:00,267.93,267.93,255.4,259.56,12967788.35
2025-10-22 16:00:00+00:00,259.56,262.99,255.63,261.24,8500315.6
2025-10-22 17:00:00+00:00,261.24,261.52,232.63,242.19,21068382.71
2025-10-22 18:00:00+00:00,242.19,248.64,240.2,244.22,13327530.12
2025-10-22 19:00:00+00:00,244.22,248.34,242.39,245.75,5247425.75
2025-10-22 20:00:00+00:00,245.75,245.88,230.48,230.96,10798639.24
2025-10-22 21:00:00+00:00,230.96,235.0,228.06,231.95,8516911.81
2025-10-22 22:00:00+00:00,231.95,233.65,226.5,228.2,6326807.85
2025-10-22 23:00:00+00:00,228.2,241.7,226.37,238.65,9943321.77
2025-10-23 00:00:00+00:00,238.65,240.54,236.77,238.54,4236583.12
2025-10-23 01:00:00+00:00,238.54,242.44,236.09,239.52,5012602.95
2025-10-23 02:00:00+00:00,239.52,242.99,235.55,241.96,5836679.94
2025-10-23 03:00:00+00:00,241.96,245.33,240.25,241.41,4813086.55
2025-10-23 04:00:00+00:00,241.41,241.59,236.82,239.04,4784242.09
2025-10-23 05:00:00+00:00,239.04,241.3,233.58,235.32,6210929.1
2025-10-23 06:00:00+00:00,235.32,252.0,234.25,251.17,14506737.97
2025-10-23 07:00:00+00:00,251.17,252.74,239.49,239.87,10886738.74
2025-10-23 08:00:00+00:00,239.87,243.09,237.05,238.06,4740019.79
2025-10-23 09:00:00+00:00,238.06,240.62,235.3,236.72,4478414.76
2025-10-23 10:00:00+00:00,236.72,239.38,234.8,235.03,5662876.06
2025-10-23 11:00:00+00:00,235.03,237.81,231.11,233.01,4235031.34
2025-10-23 12:00:00+00:00,233.01,237.83,230.54,236.41,8122710.66
2025-10-23 13:00:00+00:00,236.41,239.04,233.43,236.89,5060347.48
2025-10-23 14:00:00+00:00,236.89,237.1,228.64,231.57,9533695.73
2025-10-23 15:00:00+00:00,231.57,241.21,231.03,237.55,8496893.82
2025-10-23 16:00:00+00:00,237.55,239.18,233.08,238.95,5034350.28
2025-10-23 17:00:00+00:00,238.95,245.9,235.28,241.86,7674722.95
2025-10-23 18:00:00+00:00,241.86,243.5,235.66,240.4,6858170.5
2025-10-23 19:00:00+00:00,240.4,241.14,236.42,237.59,3333228.71
2025-10-23 20:00:00+00:00,237.59,238.04,232.79,233.07,4927397.97
2025-10-23 21:00:00+00:00,233.07,236.89,232.63,235.78,3562444.75
2025-10-23 22:00:00+00:00,235.78,240.5,235.78,238.4,2830793.3
2025-10-23 23:00:00+00:00,238.4,244.25,237.94,243.55,3656932.27
2025-10-24 00:00:00+00:00,243.55,257.09,240.24,253.93,11284342.94
2025-10-24 01:00:00+00:00,253.93,256.76,249.02,255.44,8680711.1
2025-10-24 02:00:00+00:00,255.44,262.84,253.95,260.12,7890544.89
2025-10-24 03:00:00+00:00,260.12,261.09,254.1,258.27,4837802.59
2025-10-24 04:00:00+00:00,258.27,269.46,256.03,267.88,6977061.54
2025-10-24 05:00:00+00:00,267.88,267.9,261.64,263.29,4714775.27
2025-10-24 06:00:00+00:00,263.29,263.29,252.98,258.61,7696877.79
2025-10-24 07:00:00+00:00,258.61,259.83,255.89,256.98,3103353.82
2025-10-24 08:00:00+00:00,256.98,259.86,254.11,259.47,3544924.04
2025-10-24 09:00:00+00:00,259.47,265.53,258.54,264.57,4651292.6
2025-10-24 10:00:00+00:00,264.57,266.72,262.38,263.73,5386686.17
2025-10-24 11:00:00+00:00,263.73,267.37,261.16,263.43,5114208.04
2025-10-24 12:00:00+00:00,263.43,273.32,263.41,268.71,13128823.26
2025-10-24 13:00:00+00:00,268.71,271.92,257.38,260.75,11662399.67
2025-10-24 14:00:00+00:00,260.75,260.78,249.43,253.55,10811135.33
2025-10-24 15:00:00+00:00,253.55,256.74,251.02,252.98,7968694.8
2025-10-24 16:00:00+00:00,252.98,253.89,248.96,253.78,4318007.74
2025-10-24 17:00:00+00:00,253.78,261.16,252.92,256.0,5506288.31
2025-10-24 18:00:00+00:00,256.0,258.91,253.43,255.76,4464715.03
2025-10-24 19:00:00+00:00,255.76,265.35,255.04,258.42,6071149.21
2025-10-24 20:00:00+00:00,258.42,262.19,257.62,259.94,2524828.8
2025-10-24 21:00:00+00:00,259.94,261.56,258.59,259.57,2460984.72
2025-10-24 22:00:00+00:00,259.57,270.16,258.18,266.35,6237705.89
2025-10-24 23:00:00+00:00,266.35,272.87,265.6,269.93,8703943.97
2025-10-25 00:00:00+00:00,269.93,271.93,265.86,268.14,4719707.48
2025-10-25 01:00:00+00:00,268.14,275.05,267.5,269.25,5571807.95
2025-10-25 02:00:00+00:00,269.25,270.28,265.66,265.85,2315632.39
2025-10-25 03:00:00+00:00,265.85,269.73,265.51,266.96,2226915.95
2025-10-25 04:00:00+00:00,266.96,272.08,266.61,270.63,3034254.16
2025-10-25 05:00:00+00:00,270.63,271.97,267.95,268.45,2354111.58
2025-10-25 06:00:00+00:00,268.45,270.98,266.4,266.55,2282399.0
2025-10-25 07:00:00+00:00,266.55,272.28,266.02,268.65,3412423.31
2025-10-25 08:00:00+00:00,268.65,274.95,268.59,272.67,5513977.09
2025-10-25 09:00:00+00:00,272.67,273.74,268.06,268.95,3040514.75
2025-10-25 10:00:00+00:00,268.95,273.3,267.01,272.51,3128531.12
2025-10-25 11:00:00+00:00,272.51,272.51,269.71,270.83,2192593.26
2025-10-25 12:00:00+00:00,270.83,275.08,270.11,275.05,3455605.21
2025-10-25 13:00:00+00:00,275.05,275.65,267.65,268.84,8869350.45
2025-10-25 14:00:00+00:00,268.84,273.17,267.3,273.14,3838408.09
2025-10-25 15:00:00+00:00,273.14,274.79,268.94,269.23,4707075.48
2025-10-25 16:00:00+00:00,269.23,274.68,269.0,274.07,4879001.52
2025-10-25 17:00:00+00:00,274.07,275.17,270.38,274.21,4705772.44
2025-10-25 18:00:00+00:00,274.21,275.97,273.94,274.85,4090984.89
2025-10-25 19:00:00+00:00,274.85,274.86,270.17,272.24,3511323.76
2025-10-25 20:00:00+00:00,272.24,276.16,271.21,272.76,5030014.79
2025-10-25 21:00:00+00:00,272.76,276.2,272.69,275.87,3614281.62
2025-10-25 22:00:00+00:00,275.87,284.7,274.73,279.57,11065935.08
2025-10-25 23:00:00+00:00,279.57,280.41,271.65,276.12,6273709.7
2025-10-26 00:00:00+00:00,276.12,276.17,272.01,273.0,3943806.92
2025-10-26 01:00:00+00:00,273.0,279.57,272.9,277.65,5163432.92
2025-10-26 02:00:00+00:00,277.65,285.67,276.65,284.63,6438610.99
2025-10-26 03:00:00+00:00,284.63,291.78,282.66,287.83,11438085.46
2025-10-26 04:00:00+00:00,287.83,292.1,285.83,289.64,11143785.3
2025-10-26 05:00:00+00:00,289.64,290.79,285.04,285.66,3987685.87
2025-10-26 06:00:00+00:00,285.66,299.27,285.63,298.04,10310638.86
2025-10-26 07:00:00+00:00,298.04,301.03,293.42,299.28,12643522.01
2025-10-26 08:00:00+00:00,299.28,308.89,297.32,308.22,16334298.01
2025-10-26 09:00:00+00:00,308.22,318.38,300.69,306.78,31679397.44
2025-10-26 10:00:00+00:00,306.78,312.46,303.23,309.91,11090569.32
2025-10-26 11:00:00+00:00,309.91,318.66,308.32,316.09,17923454.11
2025-10-26 12:00:00+00:00,316.09,325.95,314.39,325.29,23584968.55
2025-10-26 13:00:00+00:00,325.29,337.23,318.49,332.54,31548480.37
2025-10-26 14:00:00+00:00,332.54,349.55,329.4,337.09,33616171.37
2025-10-26 15:00:00+00:00,337.09,358.81,332.02,353.65,37767652.38
2025-10-26 16:00:00+00:00,353.65,357.44,334.31,348.72,38660535.57
2025-10-26 17:00:00+00:00,348.72,359.38,346.48,348.3,23941702.68
2025-10-26 18:00:00+00:00,348.3,353.96,339.35,346.46,19331763.26
2025-10-26 19:00:00+00:00,346.46,354.04,341.97,350.04,14078265.66
2025-10-26 20:00:00+00:00,350.04,357.83,343.39,346.54,17814994.06
2025-10-26 21:00:00+00:00,346.54,350.52,342.05,346.94,9281262.55
2025-10-26 22:00:00+00:00,346.94,351.95,343.02,345.06,12326944.45
2025-10-26 23:00:00+00:00,345.06,348.33,325.12,325.26,22830193.36
2025-10-27 00:00:00+00:00,325.26,354.16,325.26,353.11,18922957.89
2025-10-27 01:00:00+00:00,353.11,369.34,352.19,365.71,34387255.32
2025-10-27 02:00:00+00:00,365.71,369.32,359.28,360.05,16013094.58
2025-10-27 03:00:00+00:00,360.05,374.68,360.01,372.02,16582789.04
2025-10-27 04:00:00+00:00,372.02,373.77,355.17,360.63,18718643.67
2025-10-27 05:00:00+00:00,360.63,365.58,350.54,350.8,9257530.55
2025-10-27 06:00:00+00:00,350.8,368.5,350.37,364.3,14015577.0
2025-10-27 07:00:00+00:00,364.3,364.67,345.12,346.51,16017460.99
2025-10-27 08:00:00+00:00,346.51,359.9,345.24,349.21,12601489.13
2025-10-27 09:00:00+00:00,349.21,356.94,347.42,355.17,12295362.14
2025-10-27 10:00:00+00:00,355.17,358.92,352.74,356.75,6885063.85
2025-10-27 11:00:00+00:00,356.75,359.22,351.78,359.01,6480160.48
2025-10-27 12:00:00+00:00,359.01,368.72,356.31,361.66,10254769.22
2025-10-27 13:00:00+00:00,361.66,368.87,355.74,356.65,14103077.48
2025-10-27 14:00:00+00:00,356.65,363.21,350.22,362.53,12811945.94
2025-10-27 15:00:00+00:00,362.53,364.7,358.87,359.88,7955204.7
2025-10-27 16:00:00+00:00,359.88,373.31,358.34,368.63,13515035.9
2025-10-27 17:00:00+00:00,368.63,369.02,357.17,363.32,13350412.26
2025-10-27 18:00:00+00:00,363.32,363.71,341.49,347.84,16517878.42
2025-10-27 19:00:00+00:00,347.84,351.13,342.43,344.67,8338504.63
2025-10-27 20:00:00+00:00,344.67,349.41,334.34,343.75,16498608.86
2025-10-27 21:00:00+00:00,343.75,348.94,337.01,348.85,7224549.66
2025-10-27 22:00:00+00:00,348.85,349.19,338.72,339.84,8950793.91
2025-10-27 23:00:00+00:00,339.84,342.85,337.08,341.74,7374012.86
2025-10-28 00:00:00+00:00,341.74,343.62,330.04,334.26,18013652.85
2025-10-28 01:00:00+00:00,334.26,336.42,321.74,329.73,19951612.22
2025-10-28 02:00:00+00:00,329.73,341.51,325.9,334.93,8290987.13
2025-10-28 03:00:00+00:00,334.93,337.95,329.23,331.63,5194050.0
2025-10-28 04:00:00+00:00,331.63,338.01,330.44,334.65,5163865.88
2025-10-28 05:00:00+00:00,334.65,337.36,327.57,328.69,4641372.07
2025-10-28 06:00:00+00:00,328.69,332.33,325.77,327.26,10311823.6
2025-10-28 07:00:00+00:00,327.26,330.81,320.52,324.39,7434858.02
2025-10-28 08:00:00+00:00,324.39,333.53,323.67,330.0,5446963.15
2025-10-28 09:00:00+00:00,330.0,330.73,322.44,323.64,6126036.85
2025-10-28 10:00:00+00:00,323.64,326.03,320.04,324.65,6185836.72
2025-10-28 11:00:00+00:00,324.65,329.96,324.65,326.48,5499390.1
2025-10-28 12:00:00+00:00,326.48,336.18,324.09,335.21,10701214.18
2025-10-28 13:00:00+00:00,335.21,343.83,332.26,339.02,17684998.7
2025-10-28 14:00:00+00:00,339.02,339.09,325.07,330.93,14900125.85
2025-10-28 15:00:00+00:00,330.93,333.76,324.6,327.51,10091137.45
2025-10-28 16:00:00+00:00,327.51,327.61,316.57,319.21,18246726.6
2025-10-28 17:00:00+00:00,319.21,320.76,313.48,318.64,12131325.76
2025-10-28 18:00:00+00:00,318.64,318.94,312.57,315.52,8585239.51
2025-10-28 19:00:00+00:00,315.52,317.89,308.92,315.62,10826591.21
2025-10-28 20:00:00+00:00,315.62,320.86,308.04,316.32,11316284.03
2025-10-28 21:00:00+00:00,316.32,323.87,312.02,322.81,7160613.12
2025-10-28 22:00:00+00:00,322.81,322.81,316.42,317.79,5381783.88
2025-10-28 23:00:00+00:00,317.79,318.24,313.13,315.87,3238478.22
2025-10-29 00:00:00+00:00,315.87,317.06,309.98,315.76,3607873.21
2025-10-29 01:00:00+00:00,315.76,323.95,315.43,319.57,6882454.74
2025-10-29 02:00:00+00:00,319.57,323.06,315.22,322.26,7494603.59
2025-10-29 03:00:00+00:00,322.26,322.36,315.3,318.87,5740317.63
2025-10-29 04:00:00+00:00,318.87,323.87,318.06,321.9,3577066.47
2025-10-29 05:00:00+00:00,321.9,323.29,314.05,315.08,4944739.91
2025-10-29 06:00:00+00:00,315.08,320.2,314.52,317.72,3756085.13
2025-10-29 07:00:00+00:00,317.72,319.48,315.5,316.95,2800880.84
2025-10-29 08:00:00+00:00,316.95,319.13,311.37,319.03,5437864.97
2025-10-29 09:00:00+00:00,319.03,331.79,319.02,326.13,12751537.35
2025-10-29 10:00:00+00:00,326.13,334.59,325.81,328.06,13113738.79
2025-10-29 11:00:00+00:00,328.06,335.35,326.72,330.81,9129736.24
2025-10-29 12:00:00+00:00,330.81,343.18,330.51,338.91,14315465.99
2025-10-29 13:00:00+00:00,338.91,349.6,337.56,343.25,19911116.48
2025-10-29 14:00:00+00:00,343.25,343.91,331.81,339.74,12655755.71
2025-10-29 15:00:00+00:00,339.74,342.58,327.13,330.29,13211702.16
2025-10-29 16:00:00+00:00,330.29,333.92,326.76,330.08,9395860.11
2025-10-29 17:00:00+00:00,330.08,348.96,329.34,348.93,11632263.99
2025-10-29 18:00:00+00:00,348.93,350.09,328.51,347.56,28353735.46
2025-10-29 19:00:00+00:00,347.56,355.73,340.82,347.03,14278552.43
2025-10-29 20:00:00+00:00,347.03,358.75,346.94,357.57,13342935.75
2025-10-29 21:00:00+00:00,357.57,363.28,355.06,356.72,7996093.59
2025-10-29 22:00:00+00:00,356.72,361.36,356.1,356.92,7301623.76
2025-10-29 23:00:00+00:00,356.92,357.28,350.37,351.58,7541308.5
2025-10-30 00:00:00+00:00,351.58,362.14,341.61,361.94,10116403.6
2025-10-30 01:00:00+00:00,361.94,368.17,348.32,352.12,12415165.69
2025-10-30 02:00:00+00:00,352.12,354.67,346.45,354.27,8083524.63
2025-10-30 03:00:00+00:00,354.27,359.95,352.88,355.62,7117410.52
2025-10-30 04:00:00+00:00,355.62,355.94,337.31,338.65,22319479.25
2025-10-30 05:00:00+00:00,338.65,346.5,338.05,343.75,7678065.5
2025-10-30 06:00:00+00:00,343.75,346.55,340.84,345.62,6486257.3
2025-10-30 07:00:00+00:00,345.62,363.01,344.31,362.94,17344641.87
2025-10-30 08:00:00+00:00,362.94,364.21,357.51,361.17,14964519.77
2025-10-30 09:00:00+00:00,361.17,366.8,355.49,357.17,11070167.82
2025-10-30 10:00:00+00:00,357.17,363.81,356.61,362.36,6066178.49
2025-10-30 11:00:00+00:00,362.36,362.41,357.9,358.78,5756132.31
2025-10-30 12:00:00+00:00,358.78,360.0,340.32,343.68,19287581.06
2025-10-30 13:00:00+00:00,343.68,343.68,324.7,331.38,24519177.26
2025-10-30 14:00:00+00:00,331.38,338.27,327.46,336.51,12470798.76
2025-10-30 15:00:00+00:00,336.51,337.91,328.0,328.68,12150236.53
2025-10-30 16:00:00+00:00,328.68,338.51,326.89,333.69,11349146.94
2025-10-30 17:00:00+00:00,333.69,333.8,316.09,325.01,21067442.43
2025-10-30 18:00:00+00:00,325.01,325.08,298.08,303.62,26274084.3
2025-10-30 19:00:00+00:00,303.62,318.29,303.61,312.31,12955356.0
2025-10-30 20:00:00+00:00,312.31,333.75,311.32,332.56,21564687.17
2025-10-30 21:00:00+00:00,332.56,341.12,329.5,336.99,13903012.5
2025-10-30 22:00:00+00:00,336.99,340.52,332.72,340.52,12537803.28
2025-10-30 23:00:00+00:00,340.52,347.97,334.24,345.53,16135611.98
2025-10-31 00:00:00+00:00,345.53,350.52,339.55,350.3,13465202.9
2025-10-31 01:00:00+00:00,350.3,355.11,345.65,350.6,16986642.52
2025-10-31 02:00:00+00:00,350.6,363.89,345.82,356.41,23588511.18
2025-10-31 03:00:00+00:00,356.41,374.73,356.27,369.48,30115407.85
2025-10-31 04:00:00+00:00,369.48,381.52,366.36,378.0,29443828.48
2025-10-31 05:00:00+00:00,378.0,389.93,374.75,380.82,29111214.94
2025-10-31 06:00:00+00:00,380.82,391.34,377.25,384.23,22058121.82
2025-10-31 07:00:00+00:00,384.23,388.98,378.55,385.33,15454639.79
2025-10-31 08:00:00+00:00,385.33,388.97,377.95,385.16,15560654.02
2025-10-31 09:00:00+00:00,385.16,387.32,379.02,384.94,13829573.71
2025-10-31 10:00:00+00:00,384.94,389.07,368.31,372.81,18497066.51
2025-10-31 11:00:00+00:00,372.81,377.24,360.99,371.33,20897353.45
2025-10-31 12:00:00+00:00,371.33,373.47,358.07,360.36,16495754.86
2025-10-31 13:00:00+00:00,360.36,369.62,360.35,366.68,11928558.21
2025-10-31 14:00:00+00:00,366.68,388.29,365.5,387.22,29873224.76
2025-10-31 15:00:00+00:00,387.22,389.48,381.57,383.51,20000107.72
2025-10-31 16:00:00+00:00,383.51,386.97,364.32,367.87,21315447.25
2025-10-31 17:00:00+00:00,367.87,384.91,363.12,382.19,20473954.28
2025-10-31 18:00:00+00:00,382.19,384.68,374.78,381.64,15034875.52
2025-10-31 19:00:00+00:00,381.64,387.17,378.02,383.09,11778172.14
2025-10-31 20:00:00+00:00,383.09,388.49,380.06,387.09,12624634.98
2025-10-31 21:00:00+00:00,387.09,399.97,385.4,391.25,27610678.74
2025-10-31 22:00:00+00:00,391.25,412.74,389.03,409.61,32958481.39
2025-10-31 23:00:00+00:00,409.61,414.07,403.19,404.53,20757454.06
2025-11-01 00:00:00+00:00,404.53,410.06,401.89,408.61,17114213.23
2025-11-01 01:00:00+00:00,408.61,412.92,398.53,405.54,18884918.96
2025-11-01 02:00:00+00:00,405.54,410.32,400.05,409.33,10965759.38
2025-11-01 03:00:00+00:00,409.33,438.97,408.96,434.16,32255724.84
2025-11-01 04:00:00+00:00,434.16,434.47,418.59,426.52,14769693.91
2025-11-01 05:00:00+00:00,426.52,443.82,425.66,441.35,20274711.4
2025-11-01 06:00:00+00:00,441.35,449.68,435.58,442.47,24114365.37
2025-11-01 07:00:00+00:00,442.47,446.74,433.85,443.43,22722782.62
2025-11-01 08:00:00+00:00,443.43,443.48,424.18,427.88,28424430.72
2025-11-01 09:00:00+00:00,427.88,435.66,422.91,431.19,13822691.2
2025-11-01 10:00:00+00:00,431.19,436.82,422.0,423.07,13976023.56
2025-11-01 11:00:00+00:00,423.07,428.31,417.1,421.41,16145698.79
2025-11-01 12:00:00+00:00,421.41,427.53,415.22,416.13,13134431.63
2025-11-01 13:00:00+00:00,416.13,418.43,405.1,411.14,19128423.83
2025-11-01 14:00:00+00:00,411.14,415.34,393.44,400.99,34847376.76
2025-11-01 15:00:00+00:00,400.99,425.95,398.9,418.85,35724779.0
2025-11-01 16:00:00+00:00,418.85,419.1,407.63,412.83,11127783.69
2025-11-01 17:00:00+00:00,412.83,424.57,412.58,419.63,11959316.51
2025-11-01 18:00:00+00:00,419.63,424.7,416.72,423.66,8474233.83
2025-11-01 19:00:00+00:00,423.66,425.97,418.79,424.5,8741380.28
2025-11-01 20:00:00+00:00,424.5,431.84,413.99,418.95,15414187.46
2025-11-01 21:00:00+00:00,418.95,421.26,410.09,411.3,6755368.62
2025-11-01 22:00:00+00:00,411.3,416.12,410.04,412.18,6577901.19
2025-11-01 23:00:00+00:00,412.18,415.82,409.84,412.12,5710219.94
2025-11-02 00:00:00+00:00,412.12,412.29,398.01,407.98,15124335.96
2025-11-02 01:00:00+00:00,407.98,420.91,407.98,409.84,13064949.51
2025-11-02 02:00:00+00:00,409.84,425.64,408.36,425.25,7922929.72
2025-11-02 03:00:00+00:00,425.25,432.21,417.19,418.73,11480385.37
2025-11-02 04:00:00+00:00,418.73,421.42,410.08,412.43,8771985.34
2025-11-02 05:00:00+00:00,412.43,413.38,406.83,409.33,8859835.37
2025-11-02 06:00:00+00:00,409.33,421.02,407.21,414.24,10456272.42
2025-11-02 07:00:00+00:00,414.24,420.91,410.34,419.63,11320105.8
2025-11-02 08:00:00+00:00,419.63,429.68,417.01,417.34,13270848.42
2025-11-02 09:00:00+00:00,417.34,421.66,415.01,419.09,10191309.99
2025-11-02 10:00:00+00:00,419.09,423.1,411.04,412.44,10739187.75
2025-11-02 11:00:00+00:00,412.44,416.77,411.06,412.82,14635627.95
2025-11-02 12:00:00+00:00,412.82,416.69,403.21,407.17,19136551.89
2025-11-02 13:00:00+00:00,407.17,407.3,394.67,395.78,12623678.02
2025-11-02 14:00:00+00:00,395.78,397.44,372.99,381.3,24300606.04
2025-11-02 15:00:00+00:00,381.3,385.67,372.76,376.4,21021674.56
2025-11-02 16:00:00+00:00,376.4,396.73,367.35,394.23,30873801.72
2025-11-02 17:00:00+00:00,394.23,395.59,386.6,393.18,11816484.0
2025-11-02 18:00:00+00:00,393.18,400.1,389.14,394.61,6884210.68
2025-11-02 19:00:00+00:00,394.61,399.83,389.63,397.21,7532156.8
2025-11-02 20:00:00+00:00,397.21,399.48,391.64,396.42,4306449.35
2025-11-02 21:00:00+00:00,396.42,408.57,394.62,405.84,8307112.46
2025-11-02 22:00:00+00:00,405.84,422.38,405.37,414.36,16738352.32
2025-11-02 23:00:00+00:00,414.36,421.45,408.1,418.51,15664346.1
2025-11-03 00:00:00+00:00,418.51,418.51,407.41,410.96,9467983.78
2025-11-03 01:00:00+00:00,410.96,419.21,408.32,413.11,10403850.27
2025-11-03 02:00:00+00:00,413.11,414.46,395.78,404.33,15510550.55
2025-11-03 03:00:00+00:00,404.33,410.84,383.28,387.48,25334497.01
2025-11-03 04:00:00+00:00,387.48,399.06,385.52,395.06,13601459.14
2025-11-03 05:00:00+00:00,395.06,396.21,379.01,384.33,13670022.85
2025-11-03 06:00:00+00:00,384.33,391.76,383.06,388.63,11255316.11
2025-11-03 07:00:00+00:00,388.63,394.72,387.14,392.78,5418798.03
2025-11-03 08:00:00+00:00,392.78,394.23,381.36,387.5,11410507.8
2025-11-03 09:00:00+00:00,387.5,389.57,377.01,380.33,8279415.76
2025-11-03 10:00:00+00:00,380.33,394.03,380.17,387.78,10721433.59
2025-11-03 11:00:00+00:00,387.78,393.82,387.09,391.72,4668292.64
2025-11-03 12:00:00+00:00,391.72,403.65,390.58,394.22,9148043.29
2025-11-03 13:00:00+00:00,394.22,396.33,390.46,393.67,6777132.24
2025-11-03 14:00:00+00:00,393.67,397.99,382.78,392.54,10524614.77
2025-11-03 15:00:00+00:00,392.54,393.09,374.72,389.56,24194789.56
2025-11-03 16:00:00+00:00,389.56,419.95,387.48,410.67,36936533.43
2025-11-03 17:00:00+00:00,410.67,418.96,408.58,416.04,12109841.63
2025-11-03 18:00:00+00:00,416.04,420.81,410.11,411.28,12586463.92
2025-11-03 19:00:00+00:00,411.28,413.41,406.94,407.76,7515807.48
2025-11-03 20:00:00+00:00,407.76,430.87,407.76,418.97,16370875.48
2025-11-03 21:00:00+00:00,418.97,425.65,411.03,420.01,14406483.85
2025-11-03 22:00:00+00:00,420.01,421.68,406.33,416.75,9788370.68
2025-11-03 23:00:00+00:00,416.75,435.88,413.33,433.87,13796668.89
2025-11-04 00:00:00+00:00,433.87,435.07,410.8,434.53,30606714.84
2025-11-04 01:00:00+00:00,434.53,434.77,417.27,425.21,65662308.89
2025-11-04 02:00:00+00:00,425.21,443.91,422.59,436.9,48331337.21
2025-11-04 03:00:00+00:00,436.9,476.12,434.18,471.08,50339538.37
2025-11-04 04:00:00+00:00,471.08,483.51,464.49,477.41,36403496.2
2025-11-04 05:00:00+00:00,477.41,484.31,450.11,451.03,53684340.8
2025-11-04 06:00:00+00:00,451.03,469.98,448.17,462.55,27143378.41
2025-11-04 07:00:00+00:00,462.55,472.24,459.22,465.81,21082039.98
2025-11-04 08:00:00+00:00,465.81,476.03,452.45,469.68,17893156.9
2025-11-04 09:00:00+00:00,469.68,484.62,461.25,469.32,28215782.95
2025-11-04 10:00:00+00:00,469.32,483.63,465.21,469.65,17458490.77
2025-11-04 11:00:00+00:00,469.65,476.09,400.24,409.31,87346480.18
2025-11-04 12:00:00+00:00,409.31,423.55,392.78,404.15,45735900.85
2025-11-04 13:00:00+00:00,404.15,406.26,370.83,402.94,91356716.28
2025-11-04 14:00:00+00:00,402.94,428.96,396.61,419.04,40841727.86
2025-11-04 15:00:00+00:00,419.04,420.01,394.81,395.82,31009512.15
2025-11-04 16:00:00+00:00,395.82,405.3,385.23,388.64,35875597.31
2025-11-04 17:00:00+00:00,388.64,399.0,380.71,388.64,23583696.1
2025-11-04 18:00:00+00:00,388.64,411.45,384.66,406.84,24753423.83
2025-11-04 19:00:00+00:00,406.84,417.45,402.55,404.73,22426069.51
2025-11-04 20:00:00+00:00,404.73,423.61,388.58,411.67,25658190.48
2025-11-04 21:00:00+00:00,411.67,417.29,397.97,413.27,25313950.44
2025-11-04 22:00:00+00:00,413.27,452.02,410.34,440.73,44720365.55
2025-11-04 23:00:00+00:00,440.73,450.17,435.66,441.83,18778613.83
2025-11-05 00:00:00+00:00,441.83,444.3,424.63,436.47,14755470.81
2025-11-05 01:00:00+00:00,436.47,441.81,411.34,426.45,24013709.71
2025-11-05 02:00:00+00:00,426.45,432.41,418.09,425.15,11497475.4
2025-11-05 03:00:00+00:00,425.15,426.74,419.03,424.15,7653009.33
2025-11-05 04:00:00+00:00,424.15,435.4,417.76,430.83,8369215.6
2025-11-05 05:00:00+00:00,430.83,439.86,423.96,425.01,8682858.89
2025-11-05 06:00:00+00:00,425.01,426.88,413.09,425.79,11940240.27
2025-11-05 07:00:00+00:00,425.79,439.09,425.79,436.41,10926449.55
2025-11-05 08:00:00+00:00,436.41,438.09,427.22,434.92,9577573.44
2025-11-05 09:00:00+00:00,434.92,446.28,429.07,443.86,8917140.87
2025-11-05 10:00:00+00:00,443.86,459.27,442.6,445.19,24233197.64
2025-11-05 11:00:00+00:00,445.19,461.01,441.92,454.98,17562792.35
2025-11-05 12:00:00+00:00,454.98,466.08,450.94,454.58,15588621.72
2025-11-05 13:00:00+00:00,454.58,468.86,450.5,462.34,15881896.45
2025-11-05 14:00:00+00:00,462.34,470.74,452.86,467.56,16116167.73
2025-11-05 15:00:00+00:00,467.56,496.81,465.04,482.84,43823711.38
2025-11-05 16:00:00+00:00,482.84,493.78,473.44,481.0,22562868.36
2025-11-05 17:00:00+00:00,481.0,482.74,470.42,481.67,15342098.63
2025-11-05 18:00:00+00:00,481.67,498.87,461.4,490.44,73798726.5
2025-11-05 19:00:00+00:00,490.44,498.92,476.56,489.87,43060955.81
2025-11-05 20:00:00+00:00,489.87,507.65,482.53,495.77,30956439.56
2025-11-05 21:00:00+00:00,495.77,504.57,485.16,495.89,18044520.82
2025-11-05 22:00:00+00:00,495.89,498.7,483.22,487.77,12310411.27
2025-11-05 23:00:00+00:00,487.77,495.95,467.7,478.35,18063489.1
2025-11-06 00:00:00+00:00,478.35,489.4,471.16,480.94,11610788.79
2025-11-06 01:00:00+00:00,480.94,482.5,469.12,479.57,9993158.83
2025-11-06 02:00:00+00:00,479.57,484.0,471.51,478.61,17773089.75
2025-11-06 03:00:00+00:00,478.61,495.47,478.37,488.54,14904437.62
2025-11-06 04:00:00+00:00,488.54,505.56,488.3,502.5,13320495.75
2025-11-06 05:00:00+00:00,502.5,509.9,488.33,490.56,22262497.01
2025-11-06 06:00:00+00:00,490.56,523.2,489.9,508.05,42928251.35
2025-11-06 07:00:00+00:00,508.05,523.37,506.98,522.08,25274706.88
2025-11-06 08:00:00+00:00,522.08,526.26,512.33,522.36,17505195.11
2025-11-06 09:00:00+00:00,522.36,524.39,516.0,517.52,13760915.84
2025-11-06 10:00:00+00:00,517.52,521.79,507.28,514.66,24323829.42
2025-11-06 11:00:00+00:00,514.66,535.93,508.89,533.44,26708881.74
2025-11-06 12:00:00+00:00,533.44,540.08,526.02,538.66,22027237.51
2025-11-06 13:00:00+00:00,538.66,551.45,531.74,534.09,30243888.06
2025-11-06 14:00:00+00:00,534.09,549.8,532.14,535.7,24180235.11
2025-11-06 15:00:00+00:00,535.7,535.86,510.01,516.85,34836471.61
2025-11-06 16:00:00+00:00,516.85,543.68,501.96,531.95,79740471.49
2025-11-06 17:00:00+00:00,531.95,545.66,520.28,541.4,20551408.71
2025-11-06 18:00:00+00:00,541.4,541.86,531.27,534.08,9534397.89
2025-11-06 19:00:00+00:00,534.08,542.2,533.94,537.18,8858766.23
2025-11-06 20:00:00+00:00,537.18,538.83,519.31,521.98,10351324.1
2025-11-06 21:00:00+00:00,521.98,531.38,519.3,522.0,7281247.94
2025-11-06 22:00:00+00:00,522.0,529.09,511.54,521.68,12699025.4
2025-11-06 23:00:00+00:00,521.68,536.74,516.04,535.85,12926643.42
2025-11-07 00:00:00+00:00,535.85,557.05,525.19,552.96,18583052.07
2025-11-07 01:00:00+00:00,552.96,566.57,543.11,552.88,39193230.62
2025-11-07 02:00:00+00:00,552.88,560.89,541.54,558.95,13503570.84
2025-11-07 03:00:00+00:00,558.95,592.14,558.52,584.79,30694860.36
2025-11-07 04:00:00+00:00,584.79,594.7,575.66,585.11,18103540.72
2025-11-07 05:00:00+00:00,585.11,605.07,584.95,601.63,26523624.59
2025-11-07 06:00:00+00:00,601.63,613.39,588.2,608.4,28343674.11
2025-11-07 07:00:00+00:00,608.4,634.46,607.03,623.95,49656898.7
2025-11-07 08:00:00+00:00,623.95,631.31,616.25,629.39,23309445.25
2025-11-07 09:00:00+00:00,629.39,664.78,618.47,637.66,58273993.82
2025-11-07 10:00:00+00:00,637.66,648.1,610.99,617.12,35552436.44
2025-11-07 11:00:00+00:00,617.12,659.36,593.83,628.42,149344659.45
2025-11-07 12:00:00+00:00,628.42,652.23,605.79,630.27,153763595.4
2025-11-07 13:00:00+00:00,630.27,637.9,615.61,630.77,33419056.49
2025-11-07 14:00:00+00:00,630.77,699.86,625.36,697.17,72802126.74
2025-11-07 15:00:00+00:00,697.17,749.72,662.76,671.48,179352494.62
2025-11-07 16:00:00+00:00,671.48,721.29,670.43,706.27,140042860.89
2025-11-07 17:00:00+00:00,706.27,745.68,693.72,723.38,151316154.42
2025-11-07 18:00:00+00:00,723.38,735.06,702.0,712.33,89949895.9
2025-11-07 19:00:00+00:00,712.33,720.95,682.09,682.41,104026517.78
2025-11-07 20:00:00+00:00,682.41,699.83,660.09,688.53,119371418.41
2025-11-07 21:00:00+00:00,688.53,714.25,687.9,694.2,34554861.8
2025-11-07 22:00:00+00:00,694.2,700.39,678.43,688.81,28147401.47
2025-11-07 23:00:00+00:00,688.81,690.48,639.08,645.43,61752342.53
2025-11-08 00:00:00+00:00,645.43,658.86,617.72,636.69,41985774.63
2025-11-08 01:00:00+00:00,636.69,657.51,628.13,631.08,29185477.54
2025-11-08 02:00:00+00:00,631.08,634.43,600.03,615.05,51295828.46
2025-11-08 03:00:00+00:00,615.05,628.76,593.81,594.95,31240819.73
2025-11-08 04:00:00+00:00,594.95,608.11,562.87,563.62,64851559.63
2025-11-08 05:00:00+00:00,563.62,576.93,542.63,559.4,59631389.93
2025-11-08 06:00:00+00:00,559.4,574.91,532.02,564.63,49921058.56
2025-11-08 07:00:00+00:00,564.63,590.0,551.82,584.25,40725644.89
2025-11-08 08:00:00+00:00,584.25,589.89,548.22,553.69,29055183.81
2025-11-08 09:00:00+00:00,553.69,570.89,536.23,551.34,33824400.53
2025-11-08 10:00:00+00:00,551.34,560.17,533.43,549.56,31321518.17
2025-11-08 11:00:00+00:00,549.56,568.58,528.77,538.44,38319764.72
2025-11-08 12:00:00+00:00,538.44,555.1,534.97,550.33,21079193.57
2025-11-08 13:00:00+00:00,550.33,564.53,530.05,531.71,20875284.5
2025-11-08 14:00:00+00:00,531.71,543.63,507.82,532.63,54842243.2
2025-11-08 15:00:00+00:00,532.63,534.66,505.41,511.56,47343440.52
2025-11-08 16:00:00+00:00,511.56,529.76,488.38,519.29,215391062.92
2025-11-08 17:00:00+00:00,519.29,596.62,502.36,586.51,228728731.53
2025-11-08 18:00:00+00:00,586.51,626.9,567.17,618.51,110193236.02
2025-11-08 19:00:00+00:00,618.51,620.12,559.44,588.09,66013305.72
2025-11-08 20:00:00+00:00,588.09,588.09,568.14,577.91,22491935.5
2025-11-08 21:00:00+00:00,577.91,599.7,568.03,591.44,23877220.24
2025-11-08 22:00:00+00:00,591.44,619.95,585.1,606.99,31268051.54
2025-11-08 23:00:00+00:00,606.99,615.44,590.05,600.81,21701869.14
2025-11-09 00:00:00+00:00,600.81,603.44,575.0,577.09,27959978.6
2025-11-09 01:00:00+00:00,577.09,586.11,568.64,580.22,18559659.26
2025-11-09 02:00:00+00:00,580.22,581.48,541.14,545.31,31231876.05
2025-11-09 03:00:00+00:00,545.31,552.91,534.07,540.73,22399818.93
2025-11-09 04:00:00+00:00,540.73,565.07,529.43,547.62,27788273.12
2025-11-09 05:00:00+00:00,547.62,556.83,543.24,553.01,11249387.81
2025-11-09 06:00:00+00:00,553.01,580.84,549.09,579.32,27409827.26
2025-11-09 07:00:00+00:00,579.32,609.93,574.77,588.61,35523924.21
2025-11-09 08:00:00+00:00,588.61,589.93,571.02,583.74,14014076.35
2025-11-09 09:00:00+00:00,583.74,598.12,581.66,595.6,27500140.8
2025-11-09 10:00:00+00:00,595.6,610.74,585.8,607.58,28371020.84
2025-11-09 11:00:00+00:00,607.58,618.95,603.3,606.75,29555293.49
2025-11-09 12:00:00+00:00,606.75,619.96,594.39,607.43,27192894.94
2025-11-09 13:00:00+00:00,607.43,615.54,594.53,595.69,21338717.17
2025-11-09 14:00:00+00:00,595.69,642.32,594.87,628.62,47567036.97
2025-11-09 15:00:00+00:00,628.62,657.1,628.0,645.08,40118040.25
2025-11-09 16:00:00+00:00,645.08,652.66,625.96,630.12,47321687.16
2025-11-09 17:00:00+00:00,630.12,657.09,627.01,653.85,32597510.7
2025-11-09 18:00:00+00:00,653.85,669.38,643.65,662.13,29119351.05
2025-11-09 19:00:00+00:00,662.13,664.14,632.99,643.43,86155411.95
2025-11-09 20:00:00+00:00,643.43,647.46,630.45,643.96,17573859.94
2025-11-09 21:00:00+00:00,643.96,645.89,625.62,637.4,13711776.62
2025-11-09 22:00:00+00:00,637.4,639.16,614.82,616.9,38223547.26
2025-11-09 23:00:00+00:00,616.9,628.27,607.27,615.79,26243448.4
2025-11-10 00:00:00+00:00,615.79,659.09,607.97,652.58,32722372.83
2025-11-10 01:00:00+00:00,652.58,654.07,627.78,645.06,25191669.87
2025-11-10 02:00:00+00:00,645.06,652.96,629.32,643.38,18706344.53
2025-11-10 03:00:00+00:00,643.38,668.99,639.94,661.36,20212680.32
2025-11-10 04:00:00+00:00,661.36,661.68,642.6,646.48,17437942.66
2025-11-10 05:00:00+00:00,646.48,655.46,638.96,654.81,13171487.75
2025-11-10 06:00:00+00:00,654.81,670.56,654.09,666.37,17455238.23
2025-11-10 07:00:00+00:00,666.37,684.25,664.47,679.97,21329457.03
2025-11-10 08:00:00+00:00,679.97,680.83,655.0,657.78,15504553.05
2025-11-10 09:00:00+00:00,657.78,665.83,650.1,657.0,15134828.73
2025-11-10 10:00:00+00:00,657.0,660.34,625.15,630.96,29639380.63
2025-11-10 11:00:00+00:00,630.96,642.92,628.45,636.45,13882991.56
2025-11-10 12:00:00+00:00,636.45,637.23,619.7,626.09,21733952.35
2025-11-10 13:00:00+00:00,626.09,639.51,623.82,627.4,16355305.88
2025-11-10 14:00:00+00:00,627.4,631.69,596.78,606.2,165938850.85
2025-11-10 15:00:00+00:00,606.2,625.34,597.69,612.52,164028736.85
2025-11-10 16:00:00+00:00,612.52,614.96,525.15,570.78,197899407.66
2025-11-10 17:00:00+00:00,570.78,617.28,562.45,593.43,414817624.72
2025-11-10 18:00:00+00:00,593.43,602.85,572.11,586.34,194337157.71
2025-11-10 19:00:00+00:00,586.34,595.76,569.63,588.5,98586685.53
2025-11-10 20:00:00+00:00,588.5,598.02,557.09,569.27,65110351.11
2025-11-10 21:00:00+00:00,569.27,573.26,512.45,534.1,201322741.77
2025-11-10 22:00:00+00:00,534.1,557.51,517.1,524.48,144796291.51
2025-11-10 23:00:00+00:00,524.48,546.23,516.96,522.13,56588890.36
2025-11-11 00:00:00+00:00,522.13,536.14,503.07,524.23,35172860.36
2025-11-11 01:00:00+00:00,524.23,599.53,522.86,569.88,145291904.63
2025-11-11 02:00:00+00:00,569.88,579.87,549.81,565.14,42011405.83
2025-11-11 03:00:00+00:00,565.14,571.76,537.86,537.95,19240978.25
2025-11-11 04:00:00+00:00,537.95,548.87,522.15,530.77,19328333.44
2025-11-11 05:00:00+00:00,530.77,530.77,510.03,515.71,19936544.76
2025-11-11 06:00:00+00:00,515.71,531.71,506.5,514.36,30069459.53
2025-11-11 07:00:00+00:00,514.36,524.67,471.92,474.35,130353932.2
2025-11-11 08:00:00+00:00,474.35,492.7,471.53,485.33,43313727.42
2025-11-11 09:00:00+00:00,485.33,491.28,467.55,484.72,36245142.15
2025-11-11 10:00:00+00:00,484.72,496.6,480.06,489.87,19413791.01
2025-11-11 11:00:00+00:00,489.87,496.46,475.2,478.95,23862736.22
2025-11-11 12:00:00+00:00,478.95,496.3,460.46,493.12,44279569.86
2025-11-11 13:00:00+00:00,493.12,512.32,486.81,491.78,39068953.23
2025-11-11 14:00:00+00:00,491.78,520.45,475.77,499.94,81206614.79
2025-11-11 15:00:00+00:00,499.94,508.57,493.15,506.36,21372888.29
2025-11-11 16:00:00+00:00,506.36,520.81,486.34,494.54,34610174.03
2025-11-11 17:00:00+00:00,494.54,497.48,484.34,489.7,13729223.35
2025-11-11 18:00:00+00:00,489.7,499.87,487.73,499.59,12397986.09
2025-11-11 19:00:00+00:00,499.59,506.96,481.36,483.52,14448714.63
2025-11-11 20:00:00+00:00,483.52,484.69,464.68,469.62,19283533.53
2025-11-11 21:00:00+00:00,469.62,487.99,468.7,475.43,12996590.65
2025-11-11 22:00:00+00:00,475.43,475.53,461.03,470.61,12179356.29
2025-11-11 23:00:00+00:00,470.61,475.13,440.61,443.35,34099866.04
2025-11-12 00:00:00+00:00,443.35,452.8,425.0,425.76,38547377.69
2025-11-12 01:00:00+00:00,425.76,470.85,424.18,461.32,58671582.23
2025-11-12 02:00:00+00:00,461.32,481.61,460.36,477.29,46816975.36
2025-11-12 03:00:00+00:00,477.29,483.63,466.02,467.73,27869529.36
2025-11-12 04:00:00+00:00,467.73,471.76,457.51,465.85,18131797.53
2025-11-12 05:00:00+00:00,465.85,470.56,458.18,464.62,8647613.67
2025-11-12 06:00:00+00:00,464.62,473.97,459.76,460.01,12646594.98
2025-11-12 07:00:00+00:00,460.01,460.16,446.3,457.52,14374580.56
2025-11-12 08:00:00+00:00,457.52,487.59,456.59,471.2,47387547.46
2025-11-12 09:00:00+00:00,471.2,487.39,468.55,473.74,45141520.35
2025-11-12 10:00:00+00:00,473.74,485.37,472.43,477.55,13286306.83
2025-11-12 11:00:00+00:00,477.55,483.98,468.02,475.69,23947603.69
2025-11-12 12:00:00+00:00,475.69,481.72,464.47,466.72,20057996.66
2025-11-12 13:00:00+00:00,466.72,478.81,463.24,476.17,11575929.11
2025-11-12 14:00:00+00:00,476.17,483.41,459.31,467.04,37376421.88
2025-11-12 15:00:00+00:00,467.04,468.54,449.2,454.98,22196270.59
2025-11-12 16:00:00+00:00,454.98,459.69,445.84,453.84,20726609.77
2025-11-12 17:00:00+00:00,453.84,470.42,449.33,467.07,19215133.72
2025-11-12 18:00:00+00:00,467.07,484.54,465.95,474.9,32252572.06
2025-11-12 19:00:00+00:00,474.9,493.83,468.34,491.79,24737446.4
2025-11-12 20:00:00+00:00,491.79,539.35,491.14,532.53,60757006.95
2025-11-12 21:00:00+00:00,532.53,547.73,517.07,531.93,47181942.66
2025-11-12 22:00:00+00:00,531.93,537.9,503.38,521.93,31776208.65
2025-11-12 23:00:00+00:00,521.93,522.98,503.33,504.92,23450043.59
2025-11-13 00:00:00+00:00,504.92,520.7,500.48,516.13,25255797.27
2025-11-13 01:00:00+00:00,516.13,528.55,502.74,508.95,36476333.47
2025-11-13 02:00:00+00:00,508.95,511.64,501.3,504.14,15551899.85
2025-11-13 03:00:00+00:00,504.14,517.02,489.49,513.02,24544308.44
2025-11-13 04:00:00+00:00,513.02,520.55,509.5,516.8,15988256.54
2025-11-13 05:00:00+00:00,516.8,523.01,505.33,518.41,15452543.11
2025-11-13 06:00:00+00:00,518.41,523.19,513.06,514.02,10520018.7
2025-11-13 07:00:00+00:00,514.02,514.23,491.41,495.77,18628765.27
2025-11-13 08:00:00+00:00,495.77,506.0,491.87,501.12,21174740.5
2025-11-13 09:00:00+00:00,501.12,505.67,488.87,497.65,24028306.36
2025-11-13 10:00:00+00:00,497.65,505.88,489.83,497.77,15079437.99
2025-11-13 11:00:00+00:00,497.77,508.83,494.03,506.58,10818436.73
2025-11-13 12:00:00+00:00,506.58,513.29,501.97,504.43,11599324.1
2025-11-13 13:00:00+00:00,504.43,505.37,497.37,500.66,10504517.72
2025-11-13 14:00:00+00:00,500.66,506.99,475.9,497.92,35728186.36
2025-11-13 15:00:00+00:00,497.92,498.3,485.26,496.72,23993098.59
2025-11-13 16:00:00+00:00,496.72,507.1,483.51,488.25,29874774.21
2025-11-13 17:00:00+00:00,488.25,498.32,472.52,477.6,30336074.08
2025-11-13 18:00:00+00:00,477.6,502.78,469.76,501.61,26562401.83
2025-11-13 19:00:00+00:00,501.61,526.26,496.94,505.22,37500221.19
2025-11-13 20:00:00+00:00,505.22,520.18,504.46,507.43,18274676.52
2025-11-13 21:00:00+00:00,507.43,511.32,486.05,500.94,22388777.68
2025-11-13 22:00:00+00:00,500.94,527.86,500.94,524.72,21119533.53
2025-11-13 23:00:00+00:00,524.72,536.92,518.43,519.51,25749833.22
2025-11-14 00:00:00+00:00,519.51,521.54,510.0,511.18,15976823.05
2025-11-14 01:00:00+00:00,511.18,516.6,505.34,507.92,9483896.77
2025-11-14 02:00:00+00:00,507.92,516.02,506.97,514.95,12011263.87
2025-11-14 03:00:00+00:00,514.95,522.07,504.17,511.4,15624466.13
2025-11-14 04:00:00+00:00,511.4,511.69,485.02,489.72,38855339.54
2025-11-14 05:00:00+00:00,489.72,492.66,483.55,490.29,19556457.75
2025-11-14 06:00:00+00:00,490.29,503.31,483.79,500.82,23671716.36
2025-11-14 07:00:00+00:00,500.82,509.9,498.07,507.73,14333766.56
2025-11-14 08:00:00+00:00,507.73,528.15,504.36,517.97,29637950.01
2025-11-14 09:00:00+00:00,517.97,530.53,517.65,525.29,20971339.41
2025-11-14 10:00:00+00:00,525.29,534.93,521.13,522.13,17130857.23
2025-11-14 11:00:00+00:00,522.13,532.46,516.69,529.25,13682339.68
2025-11-14 12:00:00+00:00,529.25,550.42,518.89,548.16,39965950.31
2025-11-14 13:00:00+00:00,548.16,578.36,533.71,539.07,96312644.26
2025-11-14 14:00:00+00:00,539.07,573.13,535.17,570.14,50100082.99
2025-11-14 15:00:00+00:00,570.14,593.74,556.85,588.21,56743892.63
2025-11-14 16:00:00+00:00,588.21,588.74,564.33,569.09,57938250.48
2025-11-14 17:00:00+00:00,569.09,577.87,562.52,570.72,22182672.09
2025-11-14 18:00:00+00:00,570.72,601.79,570.25,585.25,46448439.2
2025-11-14 19:00:00+00:00,585.25,601.93,577.14,585.28,21438053.33
2025-11-14 20:00:00+00:00,585.28,591.08,572.43,580.17,17230698.09
2025-11-14 21:00:00+00:00,580.17,589.96,571.58,576.99,11350358.78
2025-11-14 22:00:00+00:00,576.99,597.86,576.99,595.83,13865940.96
2025-11-14 23:00:00+00:00,595.83,614.73,586.07,608.68,25240437.38
2025-11-15 00:00:00+00:00,608.68,650.74,598.63,646.56,47374246.04
2025-11-15 01:00:00+00:00,646.56,667.1,637.2,654.26,39907150.2
2025-11-15 02:00:00+00:00,654.26,664.61,642.49,662.07,31737384.38
2025-11-15 03:00:00+00:00,662.07,742.53,657.38,688.95,104828237.5
2025-11-15 04:00:00+00:00,688.95,722.75,680.02,683.81,71851957.56
2025-11-15 05:00:00+00:00,683.81,712.17,671.53,708.24,54855821.61
2025-11-15 06:00:00+00:00,708.24,732.42,695.05,700.43,55949505.08
2025-11-15 07:00:00+00:00,700.43,702.3,678.59,683.09,30611133.33
2025-11-15 08:00:00+00:00,683.09,687.18,657.16,673.47,41640826.9
2025-11-15 09:00:00+00:00,673.47,679.6,656.04,660.45,38088019.96
2025-11-15 10:00:00+00:00,660.45,660.97,625.47,638.84,74297789.21
2025-11-15 11:00:00+00:00,638.84,653.89,632.83,647.58,33241084.45
2025-11-15 12:00:00+00:00,647.58,651.58,624.29,646.0,33303820.39
2025-11-15 13:00:00+00:00,646.0,689.41,637.44,687.91,59100346.67
2025-11-15 14:00:00+00:00,687.91,709.88,665.35,686.4,74975017.67
2025-11-15 15:00:00+00:00,686.4,691.41,669.01,672.05,26027172.79
2025-11-15 16:00:00+00:00,672.05,675.0,640.17,656.95,40356891.05
2025-11-15 17:00:00+00:00,656.95,670.93,632.94,655.97,24805121.04
2025-11-15 18:00:00+00:00,655.97,667.74,649.54,664.91,16456976.79
2025-11-15 19:00:00+00:00,664.91,681.98,663.03,672.88,21609308.41
2025-11-15 20:00:00+00:00,672.88,674.14,653.69,660.0,17236035.05
2025-11-15 21:00:00+00:00,660.0,695.53,659.72,684.04,38816656.38
2025-11-15 22:00:00+00:00,684.04,690.55,674.51,678.62,17396897.64
2025-11-15 23:00:00+00:00,678.62,689.89,668.57,670.86,15884094.04
2025-11-16 00:00:00+00:00,670.86,672.32,649.0,662.34,16443291.85
2025-11-16 01:00:00+00:00,662.34,691.9,655.84,681.86,19618583.97
2025-11-16 02:00:00+00:00,681.86,713.51,681.5,702.42,39390950.96
2025-11-16 03:00:00+00:00,702.42,706.62,678.28,689.53,30922411.85
2025-11-16 04:00:00+00:00,689.53,690.2,667.59,671.6,13982428.44
2025-11-16 05:00:00+00:00,671.6,685.29,671.01,671.16,13018686.08
2025-11-16 06:00:00+00:00,671.16,702.91,667.44,687.61,20686991.95
2025-11-16 07:00:00+00:00,687.61,699.85,656.43,681.52,99952634.12
2025-11-16 08:00:00+00:00,681.52,699.72,666.54,691.0,132591937.27
2025-11-16 09:00:00+00:00,691.0,716.77,686.51,703.31,105958770.49
2025-11-16 10:00:00+00:00,703.31,729.88,692.43,707.75,111612589.35
2025-11-16 11:00:00+00:00,707.75,712.13,690.86,699.26,37631652.24
2025-11-16 12:00:00+00:00,699.26,723.68,695.23,715.58,84695072.08
2025-11-16 13:00:00+00:00,715.58,725.88,695.38,706.61,125034072.21
2025-11-16 14:00:00+00:00,706.61,717.52,696.76,715.02,34176898.61
2025-11-16 15:00:00+00:00,715.02,734.81,701.09,702.51,115878694.51
2025-11-16 16:00:00+00:00,702.51,739.93,701.33,718.44,132909728.28
2025-11-16 17:00:00+00:00,718.44,734.83,705.68,709.14,97603077.37
2025-11-16 18:00:00+00:00,709.14,716.35,668.28,686.74,130539009.88
2025-11-16 19:00:00+00:00,686.74,699.86,667.13,670.3,46988962.96
2025-11-16 20:00:00+00:00,670.3,689.41,662.59,682.86,28264638.71
2025-11-16 21:00:00+00:00,682.86,684.57,655.04,672.58,26489123.9
2025-11-16 22:00:00+00:00,672.58,693.74,666.54,686.64,18751481.05
2025-11-16 23:00:00+00:00,686.64,710.94,679.09,699.01,27380151.69
2025-11-17 00:00:00+00:00,699.01,728.5,691.01,704.27,85996483.71
2025-11-17 01:00:00+00:00,704.27,719.06,690.12,704.38,163506489.42
2025-11-17 02:00:00+00:00,704.38,722.94,702.92,708.46,41029996.18
2025-11-17 03:00:00+00:00,708.46,716.61,690.05,696.68,35133894.66
2025-11-17 04:00:00+00:00,696.68,701.94,681.81,682.22,34217642.85
2025-11-17 05:00:00+00:00,682.22,693.76,679.34,688.99,18386000.2
2025-11-17 06:00:00+00:00,688.99,693.66,678.03,693.25,12870281.19
2025-11-17 07:00:00+00:00,693.25,697.22,678.51,680.69,13940353.81
2025-11-17 08:00:00+00:00,680.69,687.94,667.92,679.72,25360304.86
2025-11-17 09:00:00+00:00,679.72,684.56,666.39,672.49,16430664.4
2025-11-17 10:00:00+00:00,672.49,680.91,668.66,678.86,11437430.62
2025-11-17 11:00:00+00:00,678.86,690.13,673.06,684.42,15644869.19
2025-11-17 12:00:00+00:00,684.42,689.96,682.14,685.38,13821822.15
2025-11-17 13:00:00+00:00,685.38,686.06,643.55,653.25,44136057.28
2025-11-17 14:00:00+00:00,653.25,699.96,651.14,689.28,49456220.99
2025-11-17 15:00:00+00:00,689.28,696.2,664.43,674.08,29910643.42
2025-11-17 16:00:00+00:00,674.08,694.71,667.68,689.93,19995912.02
2025-11-17 17:00:00+00:00,689.93,690.58,670.7,676.8,11905074.04
2025-11-17 18:00:00+00:00,676.8,686.68,635.89,651.14,58724055.26
2025-11-17 19:00:00+00:00,651.14,655.77,622.79,629.81,46354107.0
2025-11-17 20:00:00+00:00,629.81,648.76,628.6,639.82,21119943.68
2025-11-17 21:00:00+00:00,639.82,653.2,627.17,653.2,17482733.13
2025-11-17 22:00:00+00:00,653.2,658.33,643.27,643.86,18930097.76
2025-11-17 23:00:00+00:00,643.86,644.56,605.7,610.56,44677078.03
2025-11-18 00:00:00+00:00,610.56,619.22,595.81,610.81,41945393.53
2025-11-18 01:00:00+00:00,610.81,629.55,605.18,610.39,23322983.21
2025-11-18 02:00:00+00:00,610.39,626.85,602.6,603.68,22557204.5
2025-11-18 03:00:00+00:00,603.68,633.6,598.42,632.77,24416894.52
2025-11-18 04:00:00+00:00,632.77,634.07,612.09,621.55,19091016.02
2025-11-18 05:00:00+00:00,621.55,629.71,608.08,615.37,18337708.32
2025-11-18 06:00:00+00:00,615.37,617.01,579.08,580.12,38684540.07
2025-11-18 07:00:00+00:00,580.12,598.16,580.11,589.37,21385546.34
2025-11-18 08:00:00+00:00,589.37,608.44,589.37,600.41,20756286.28
2025-11-18 09:00:00+00:00,600.41,606.62,587.03,593.55,15675728.15
2025-11-18 10:00:00+00:00,593.55,595.66,576.58,583.95,23422232.46
2025-11-18 11:00:00+00:00,583.95,584.23,565.06,569.2,22609024.1
2025-11-18 12:00:00+00:00,569.2,579.22,565.88,570.15,12602042.02
2025-11-18 13:00:00+00:00,570.15,570.15,549.17,557.17,88848764.16
2025-11-18 14:00:00+00:00,557.17,567.88,545.13,559.16,31579596.6
2025-11-18 15:00:00+00:00,559.16,594.91,551.0,579.26,46522969.09
2025-11-18 16:00:00+00:00,579.26,612.17,574.29,609.95,59419262.94
2025-11-18 17:00:00+00:00,609.95,622.65,596.88,621.47,56794305.27
2025-11-18 18:00:00+00:00,621.47,654.92,618.36,638.17,74868720.09
2025-11-18 19:00:00+00:00,638.17,653.72,632.18,637.97,29476658.59
2025-11-18 20:00:00+00:00,637.97,638.6,623.87,631.96,18191974.81
2025-11-18 21:00:00+00:00,631.96,633.84,615.19,616.7,16130533.68
2025-11-18 22:00:00+00:00,616.7,630.08,616.7,623.64,12753625.31
2025-11-18 23:00:00+00:00,623.64,629.37,619.62,625.24,8265286.9
2025-11-19 00:00:00+00:00,625.24,625.39,603.26,608.44,17736161.96
2025-11-19 01:00:00+00:00,608.44,614.29,597.7,606.14,11544293.01
2025-11-19 02:00:00+00:00,606.14,617.45,604.1,612.74,15205091.62
2025-11-19 03:00:00+00:00,612.74,617.33,596.77,600.54,16316706.97
2025-11-19 04:00:00+00:00,600.54,607.98,592.86,598.44,13874594.46
2025-11-19 05:00:00+00:00,598.44,607.75,584.12,586.35,17589945.38
2025-11-19 06:00:00+00:00,586.35,596.23,581.8,588.39,13765190.73
2025-11-19 07:00:00+00:00,588.39,605.58,587.53,602.46,11586883.17
2025-11-19 08:00:00+00:00,602.46,603.99,596.3,601.2,7832768.1
2025-11-19 09:00:00+00:00,601.2,621.97,597.4,618.85,19652018.57
2025-11-19 10:00:00+00:00,618.85,627.6,614.42,623.52,14518675.83
2025-11-19 11:00:00+00:00,623.52,626.52,614.73,621.6,8379114.13
2025-11-19 12:00:00+00:00,621.6,636.2,616.81,626.63,21261035.9
2025-11-19 13:00:00+00:00,626.63,630.54,615.07,616.81,14041863.14
2025-11-19 14:00:00+00:00,616.81,639.23,610.63,637.3,24595542.07
2025-11-19 15:00:00+00:00,637.3,649.91,621.16,625.18,33418516.19
2025-11-19 16:00:00+00:00,625.18,629.8,592.26,603.72,91644363.26
2025-11-19 17:00:00+00:00,603.72,635.9,599.58,630.66,63094741.79
2025-11-19 18:00:00+00:00,630.66,641.04,620.04,632.72,65688442.92
2025-11-19 19:00:00+00:00,632.72,634.96,617.64,622.55,40186809.4
2025-11-19 20:00:00+00:00,622.55,664.75,621.29,653.23,54369849.79
2025-11-19 21:00:00+00:00,653.23,675.0,642.04,664.54,45253827.86
2025-11-19 22:00:00+00:00,664.54,683.18,655.48,675.89,54835542.21
2025-11-19 23:00:00+00:00,675.89,685.83,666.59,674.71,35915332.94
2025-11-20 00:00:00+00:00,674.71,677.21,659.17,674.82,25444089.63
2025-11-20 01:00:00+00:00,674.82,684.71,669.51,679.19,26482249.31
2025-11-20 02:00:00+00:00,679.19,684.18,668.69,675.93,14625531.69
2025-11-20 03:00:00+00:00,675.93,706.56,674.4,693.11,34845592.4
2025-11-20 04:00:00+00:00,693.11,697.5,684.37,688.0,15844795.57
2025-11-20 05:00:00+00:00,688.0,694.55,684.75,686.09,9747064.11
2025-11-20 06:00:00+00:00,686.09,703.34,677.15,683.06,18794489.4
2025-11-20 07:00:00+00:00,683.06,683.17,666.66,672.2,24557854.36
2025-11-20 08:00:00+00:00,672.2,675.03,665.59,674.04,15992956.97
2025-11-20 09:00:00+00:00,674.04,678.61,667.39,672.07,12985021.45
2025-11-20 10:00:00+00:00,672.07,674.71,668.61,672.81,6433217.25
2025-11-20 11:00:00+00:00,672.81,683.03,669.26,672.7,16903065.67
2025-11-20 12:00:00+00:00,672.7,695.34,670.93,688.66,28490111.44
2025-11-20 13:00:00+00:00,688.66,717.92,685.11,704.02,61504343.78
2025-11-20 14:00:00+00:00,704.02,714.79,690.73,702.0,71361175.46
2025-11-20 15:00:00+00:00,702.0,714.77,686.58,687.3,45909132.49
2025-11-20 16:00:00+00:00,687.3,697.81,676.67,688.16,75759301.24
2025-11-20 17:00:00+00:00,688.16,714.3,679.4,691.09,109412458.46
2025-11-20 18:00:00+00:00,691.09,697.88,680.18,697.79,58673055.44
2025-11-20 19:00:00+00:00,697.79,711.0,687.17,690.58,28609348.43
2025-11-20 20:00:00+00:00,690.58,693.93,673.88,682.21,20488599.53
2025-11-20 21:00:00+00:00,682.21,704.92,679.72,698.05,16097261.04
2025-11-20 22:00:00+00:00,698.05,706.67,691.69,697.98,14116199.8
2025-11-20 23:00:00+00:00,697.98,700.56,653.49,655.83,31324032.97
2025-11-21 00:00:00+00:00,655.83,673.19,655.01,671.24,23868141.61
2025-11-21 01:00:00+00:00,671.24,688.07,670.59,675.83,15591800.02
2025-11-21 02:00:00+00:00,675.83,675.83,655.67,659.92,19493542.42
2025-11-21 03:00:00+00:00,659.92,671.06,647.91,647.97,19823569.05
2025-11-21 04:00:00+00:00,647.97,662.5,637.61,658.81,25741069.39
2025-11-21 05:00:00+00:00,658.81,664.89,652.19,660.5,12431121.04
2025-11-21 06:00:00+00:00,660.5,665.23,652.35,660.36,9107204.99
2025-11-21 07:00:00+00:00,660.36,687.88,639.09,684.32,42157047.15
2025-11-21 08:00:00+00:00,684.32,698.87,667.02,671.85,33003830.33
2025-11-21 09:00:00+00:00,671.85,680.4,657.35,660.36,33641249.26
2025-11-21 10:00:00+00:00,660.36,663.68,627.92,630.25,54460527.77
2025-11-21 11:00:00+00:00,630.25,640.55,604.18,618.57,58675999.16
2025-11-21 12:00:00+00:00,618.57,644.08,598.37,631.18,67194703.47
2025-11-21 13:00:00+00:00,631.18,644.81,613.47,637.54,36442691.3
2025-11-21 14:00:00+00:00,637.54,645.96,624.17,639.7,30585486.06
2025-11-21 15:00:00+00:00,639.7,642.02,612.36,616.32,35457353.48
2025-11-21 16:00:00+00:00,616.32,619.67,586.16,615.6,51374206.59
2025-11-21 17:00:00+00:00,615.6,627.5,601.07,601.36,28334976.58
2025-11-21 18:00:00+00:00,601.36,604.8,577.43,592.51,38384013.64
2025-11-21 19:00:00+00:00,592.51,598.22,581.71,590.91,16736838.34
2025-11-21 20:00:00+00:00,590.91,591.39,564.49,581.44,32528592.36
2025-11-21 21:00:00+00:00,581.44,584.0,557.95,567.74,22777797.11
2025-11-21 22:00:00+00:00,567.74,572.62,519.46,519.86,46326805.64
2025-11-21 23:00:00+00:00,519.86,551.77,512.94,550.73,33401635.77
2025-11-22 00:00:00+00:00,550.73,550.9,515.24,527.73,35465347.3
2025-11-22 01:00:00+00:00,527.73,547.7,525.05,543.09,107059314.73
2025-11-22 02:00:00+00:00,543.09,549.89,524.04,532.08,65808426.07
2025-11-22 03:00:00+00:00,532.08,540.3,518.78,519.5,46866552.3
2025-11-22 04:00:00+00:00,519.5,523.45,479.18,509.34,67042964.56
2025-11-22 05:00:00+00:00,509.34,510.43,470.44,483.3,63387264.86
2025-11-22 06:00:00+00:00,483.3,511.89,481.5,508.12,48465907.08
2025-11-22 07:00:00+00:00,508.12,519.96,500.25,515.01,66497190.81
2025-11-22 08:00:00+00:00,515.01,516.02,490.47,493.65,22738870.15
2025-11-22 09:00:00+00:00,493.65,515.6,490.72,509.33,43304751.88
2025-11-22 10:00:00+00:00,509.33,522.05,503.02,510.52,18253387.83
2025-11-22 11:00:00+00:00,510.52,530.55,508.94,513.45,25941555.9
2025-11-22 12:00:00+00:00,513.45,519.54,497.36,502.31,22326273.42
2025-11-22 13:00:00+00:00,502.31,516.31,498.39,500.72,23396251.78
2025-11-22 14:00:00+00:00,500.72,527.74,499.63,516.5,43879066.32
2025-11-22 15:00:00+00:00,516.5,522.57,511.26,522.31,46245590.03
2025-11-22 16:00:00+00:00,522.31,524.44,512.68,518.05,22776379.67
2025-11-22 17:00:00+00:00,518.05,521.95,515.68,521.05,8817557.75
2025-11-22 18:00:00+00:00,521.05,523.05,504.08,507.46,15409460.89
2025-11-22 19:00:00+00:00,507.46,508.98,500.02,502.54,9492747.78
2025-11-22 20:00:00+00:00,502.54,507.38,485.11,494.04,16951170.36
2025-11-22 21:00:00+00:00,494.04,520.69,487.61,512.1,56022390.88
2025-11-22 22:00:00+00:00,512.1,522.32,504.48,519.84,45594861.45
2025-11-22 23:00:00+00:00,519.84,524.17,512.38,518.0,27211083.55
2025-11-23 00:00:00+00:00,518.0,522.84,514.49,518.31,11273028.64
2025-11-23 01:00:00+00:00,518.31,579.86,516.01,574.44,53218631.23
2025-11-23 02:00:00+00:00,574.44,604.97,569.51,594.91,40083195.59
2025-11-23 03:00:00+00:00,594.91,603.92,576.23,582.38,36278939.88
2025-11-23 04:00:00+00:00,582.38,585.04,566.54,580.27,28648087.95
2025-11-23 05:00:00+00:00,580.27,597.43,570.75,592.02,16247582.94
2025-11-23 06:00:00+00:00,592.02,594.65,566.07,569.03,19324681.44
2025-11-23 07:00:00+00:00,569.03,573.1,553.72,570.73,28522242.89
2025-11-23 08:00:00+00:00,570.73,576.95,559.84,571.67,24199558.52
2025-11-23 09:00:00+00:00,571.67,582.01,567.44,580.88,12123190.01
2025-11-23 10:00:00+00:00,580.88,580.94,569.36,570.32,9342028.53
2025-11-23 11:00:00+00:00,570.32,573.3,563.09,568.36,11071760.56
2025-11-23 12:00:00+00:00,568.36,580.19,565.87,574.41,9591895.03
2025-11-23 13:00:00+00:00,574.41,575.91,563.76,571.25,11977234.86
2025-11-23 14:00:00+00:00,571.25,583.93,566.15,574.18,19418687.25
2025-11-23 15:00:00+00:00,574.18,587.9,572.07,577.69,18491460.88
2025-11-23 16:00:00+00:00,577.69,584.17,570.73,571.02,10480432.13
2025-11-23 17:00:00+00:00,571.02,576.52,567.69,575.73,13872765.82
2025-11-23 18:00:00+00:00,575.73,590.19,575.33,588.06,13670853.01
2025-11-23 19:00:00+00:00,588.06,610.87,584.56,605.25,20950778.21
2025-11-23 20:00:00+00:00,605.25,606.34,590.83,595.65,11336272.61
2025-11-23 21:00:00+00:00,595.65,599.43,582.8,596.03,15640326.6
2025-11-23 22:00:00+00:00,596.03,598.45,585.08,592.71,12485999.2
2025-11-23 23:00:00+00:00,592.71,595.65,570.13,572.9,19106132.96
2025-11-24 00:00:00+00:00,572.9,583.08,561.81,577.05,20684187.45
2025-11-24 01:00:00+00:00,577.05,578.54,564.05,570.61,12254846.54
2025-11-24 02:00:00+00:00,570.61,587.69,569.04,581.53,17866823.74
2025-11-24 03:00:00+00:00,581.53,590.34,579.63,583.29,12199257.27
2025-11-24 04:00:00+00:00,583.29,584.47,568.2,569.62,13000842.79
2025-11-24 05:00:00+00:00,569.62,578.95,555.91,559.05,16802711.31
2025-11-24 06:00:00+00:00,559.05,559.95,529.38,538.24,28489760.96
2025-11-24 07:00:00+00:00,538.24,546.27,533.91,544.58,9285278.34
2025-11-24 08:00:00+00:00,544.58,549.88,538.36,543.78,9808125.73
2025-11-24 09:00:00+00:00,543.78,544.43,531.94,534.82,11664284.94
2025-11-24 10:00:00+00:00,534.82,548.95,534.36,546.72,8128520.85
2025-11-24 11:00:00+00:00,546.72,548.84,540.92,546.0,7369307.45
2025-11-24 12:00:00+00:00,546.0,547.19,535.89,538.27,8816466.51
2025-11-24 13:00:00+00:00,538.27,546.25,536.42,542.82,7485252.9
2025-11-24 14:00:00+00:00,542.82,568.39,535.18,564.17,22611166.59
2025-11-24 15:00:00+00:00,564.17,572.96,557.27,564.7,25582176.28
2025-11-24 16:00:00+00:00,564.7,573.35,557.9,559.98,12190639.09
2025-11-24 17:00:00+00:00,559.98,585.42,557.07,585.28,16490104.98
2025-11-24 18:00:00+00:00,585.28,594.89,565.65,573.06,31708766.22
2025-11-24 19:00:00+00:00,573.06,577.2,561.95,562.34,14621321.13
2025-11-24 20:00:00+00:00,562.34,565.76,546.62,551.12,17572021.87
2025-11-24 21:00:00+00:00,551.12,553.91,529.84,538.52,15960195.04
2025-11-24 22:00:00+00:00,538.52,542.07,525.98,531.42,15991548.26
2025-11-24 23:00:00+00:00,531.42,536.7,515.68,519.98,19179527.79
2025-11-25 00:00:00+00:00,519.98,531.3,517.58,524.53,18959094.21
2025-11-25 01:00:00+00:00,524.53,534.22,522.65,526.6,13867236.59
2025-11-25 02:00:00+00:00,526.6,528.62,503.05,507.03,26257906.36
2025-11-25 03:00:00+00:00,507.03,513.25,500.45,510.89,10951012.67
2025-11-25 04:00:00+00:00,510.89,516.24,507.47,513.93,10332905.98
2025-11-25 05:00:00+00:00,513.93,532.82,511.69,525.31,19373942.13
2025-11-25 06:00:00+00:00,525.31,525.81,521.19,521.77,6497779.58
2025-11-25 07:00:00+00:00,521.77,524.84,507.47,509.36,11843331.62
2025-11-25 08:00:00+00:00,509.36,513.91,502.33,505.97,14019741.76
2025-11-25 09:00:00+00:00,505.97,518.07,495.28,511.83,26481527.77
2025-11-25 10:00:00+00:00,511.83,512.03,499.24,503.08,9649640.36
2025-11-25 11:00:00+00:00,503.08,503.34,484.2,497.6,18906206.08
2025-11-25 12:00:00+00:00,497.6,510.65,496.01,506.06,11911905.64
2025-11-25 13:00:00+00:00,506.06,512.75,502.03,502.52,10903379.87
2025-11-25 14:00:00+00:00,502.52,507.69,496.64,503.81,19845818.33
2025-11-25 15:00:00+00:00,503.81,507.26,493.53,498.73,12684693.58
2025-11-25 16:00:00+00:00,498.73,507.93,490.0,492.61,17640095.44
2025-11-25 17:00:00+00:00,492.61,505.74,485.1,498.21,14993904.43
2025-11-25 18:00:00+00:00,498.21,500.99,493.02,494.5,10872340.42
2025-11-25 19:00:00+00:00,494.5,495.24,481.9,491.57,14460923.01
2025-11-25 20:00:00+00:00,491.57,504.52,485.51,499.71,11059957.83
2025-11-25 21:00:00+00:00,499.71,504.36,495.76,499.39,7333602.06
2025-11-25 22:00:00+00:00,499.39,508.83,491.37,500.1,11970220.19
2025-11-25 23:00:00+00:00,500.1,514.73,495.63,511.38,18318905.26
2025-11-26 00:00:00+00:00,511.38,528.33,510.75,516.78,15039982.96
2025-11-26 01:00:00+00:00,516.78,523.88,507.67,517.59,10972153.71
2025-11-26 02:00:00+00:00,517.59,529.42,516.53,525.68,7649928.08
2025-11-26 03:00:00+00:00,525.68,526.53,515.05,517.79,10768779.5
2025-11-26 04:00:00+00:00,517.79,520.43,507.45,509.18,9281530.58
2025-11-26 05:00:00+00:00,509.18,514.69,506.86,512.01,6975587.94
2025-11-26 06:00:00+00:00,512.01,514.92,497.73,503.26,14842265.32
2025-11-26 07:00:00+00:00,503.26,508.8,501.32,504.7,5399921.02
2025-11-26 08:00:00+00:00,504.7,507.71,498.16,500.07,9896628.87
2025-11-26 09:00:00+00:00,500.07,503.68,495.96,501.35,5911556.66
2025-11-26 10:00:00+00:00,501.35,507.36,498.17,498.59,4929372.58
2025-11-26 11:00:00+00:00,498.59,502.03,491.83,495.06,14522381.77
2025-11-26 12:00:00+00:00,495.06,501.59,492.91,495.91,7434715.44
2025-11-26 13:00:00+00:00,495.91,510.62,493.32,505.59,9467541.85
2025-11-26 14:00:00+00:00,505.59,509.75,497.3,498.7,9865531.98
2025-11-26 15:00:00+00:00,498.7,510.54,498.38,503.11,11163757.36
2025-11-26 16:00:00+00:00,503.11,520.74,500.49,514.01,23733917.28
2025-11-26 17:00:00+00:00,514.01,525.88,510.0,523.76,11518631.96
2025-11-26 18:00:00+00:00,523.76,526.09,514.1,516.4,16315035.32
2025-11-26 19:00:00+00:00,516.4,519.46,511.22,513.46,5333392.94
2025-11-26 20:00:00+00:00,513.46,524.29,510.92,520.48,8457713.7
2025-11-26 21:00:00+00:00,520.48,528.29,515.67,525.42,9512759.21
2025-11-26 22:00:00+00:00,525.42,535.87,519.25,530.26,13398941.18
2025-11-26 23:00:00+00:00,530.26,534.37,524.32,527.04,13075104.33
2025-11-27 00:00:00+00:00,527.04,534.33,520.85,527.39,10278666.61
2025-11-27 01:00:00+00:00,527.39,532.41,516.1,529.55,12932656.36
2025-11-27 02:00:00+00:00,529.55,549.72,527.62,531.23,44113176.27
2025-11-27 03:00:00+00:00,531.23,532.11,517.68,518.6,12906121.76
2025-11-27 04:00:00+00:00,518.6,528.54,516.6,521.64,15229523.75
2025-11-27 05:00:00+00:00,521.64,521.64,503.14,508.28,15610783.46
2025-11-27 06:00:00+00:00,508.28,514.72,507.37,511.91,10316162.55
2025-11-27 07:00:00+00:00,511.91,514.31,508.3,510.09,4179639.22
2025-11-27 08:00:00+00:00,510.09,511.89,505.75,510.99,4016051.51
2025-11-27 09:00:00+00:00,510.99,518.83,507.26,512.93,9489704.54
2025-11-27 10:00:00+00:00,512.93,517.5,511.24,513.73,4534009.69
2025-11-27 11:00:00+00:00,513.73,514.84,504.09,505.97,8572982.75
2025-11-27 12:00:00+00:00,505.97,507.42,497.05,500.04,11472226.83
2025-11-27 13:00:00+00:00,500.04,504.38,498.45,499.98,7653674.4
2025-11-27 14:00:00+00:00,499.98,500.6,493.75,498.34,10064265.31
2025-11-27 15:00:00+00:00,498.34,503.03,496.09,501.83,6489915.11
2025-11-27 16:00:00+00:00,501.83,509.09,500.15,506.91,7380557.74
2025-11-27 17:00:00+00:00,506.91,508.34,499.4,503.39,6465477.22
2025-11-27 18:00:00+00:00,503.39,504.07,499.51,500.43,5897041.95
2025-11-27 19:00:00+00:00,500.43,500.87,498.54,499.48,4107860.21
2025-11-27 20:00:00+00:00,499.48,504.05,495.65,500.2,5320792.0
2025-11-27 21:00:00+00:00,500.2,500.51,494.11,494.45,6278169.06
2025-11-27 22:00:00+00:00,494.45,496.41,484.86,487.81,12527279.98
2025-11-27 23:00:00+00:00,487.81,490.82,482.47,490.19,7526916.81
2025-11-28 00:00:00+00:00,490.19,490.46,483.11,487.11,9388729.08
2025-11-28 01:00:00+00:00,487.11,489.22,457.34,467.26,17082070.0
2025-11-28 02:00:00+00:00,467.26,468.43,448.31,464.02,32339302.39
2025-11-28 03:00:00+00:00,464.02,477.96,462.06,472.91,14173286.14
2025-11-28 04:00:00+00:00,472.91,478.57,467.47,470.68,7091015.38
2025-11-28 05:00:00+00:00,470.68,478.16,467.35,475.42,7415460.37
2025-11-28 06:00:00+00:00,475.42,475.59,470.4,473.02,4561310.66
2025-11-28 07:00:00+00:00,473.02,475.28,469.35,473.91,4700638.8
2025-11-28 08:00:00+00:00,473.91,484.78,473.5,479.83,10231022.09
2025-11-28 09:00:00+00:00,479.83,484.23,477.56,480.64,5497951.17
2025-11-28 10:00:00+00:00,480.64,481.25,477.31,478.74,3829266.87
2025-11-28 11:00:00+00:00,478.74,481.2,469.47,470.31,8154501.72
2025-11-28 12:00:00+00:00,470.31,473.82,467.09,471.29,5287967.87
2025-11-28 13:00:00+00:00,471.29,483.77,461.96,479.5,14964929.97
2025-11-28 14:00:00+00:00,479.5,481.91,472.53,473.92,9482425.45
2025-11-28 15:00:00+00:00,473.92,475.83,469.18,470.31,10749819.57
2025-11-28 16:00:00+00:00,470.31,470.68,461.13,465.36,11845928.64
2025-11-28 17:00:00+00:00,465.36,467.0,456.62,457.57,8716107.55
2025-11-28 18:00:00+00:00,457.57,461.54,456.01,457.71,8128670.05
2025-11-28 19:00:00+00:00,457.71,461.54,457.17,460.74,4340705.43
2025-11-28 20:00:00+00:00,460.74,465.1,458.01,463.59,5144045.76
2025-11-28 21:00:00+00:00,463.59,464.71,453.99,455.23,7018862.85
2025-11-28 22:00:00+00:00,455.23,458.91,453.91,458.4,5529427.07
2025-11-28 23:00:00+00:00,458.4,459.63,450.28,452.03,10920853.32
2025-11-29 00:00:00+00:00,452.03,466.75,438.35,459.7,25095119.67
2025-11-29 01:00:00+00:00,459.7,466.77,457.76,458.0,8761488.94
2025-11-29 02:00:00+00:00,458.0,463.2,455.46,461.52,4333511.92
2025-11-29 03:00:00+00:00,461.52,462.63,459.32,461.96,4364361.52
2025-11-29 04:00:00+00:00,461.96,472.42,461.5,470.79,9228416.28
2025-11-29 05:00:00+00:00,470.79,470.89,464.57,464.98,3243083.04
2025-11-29 06:00:00+00:00,464.98,470.66,464.49,467.92,4711644.51
2025-11-29 07:00:00+00:00,467.92,470.04,465.12,465.78,3671794.55
2025-11-29 08:00:00+00:00,465.78,469.38,462.98,468.26,5454377.08
2025-11-29 09:00:00+00:00,468.26,471.48,465.14,469.27,4265232.15
2025-11-29 10:00:00+00:00,469.27,474.18,466.17,468.86,5799248.96
2025-11-29 11:00:00+00:00,468.86,470.69,463.25,464.03,4756283.46
2025-11-29 12:00:00+00:00,464.03,465.21,458.78,458.94,4894771.88
2025-11-29 13:00:00+00:00,458.94,463.92,456.2,463.75,7211115.57
2025-11-29 14:00:00+00:00,463.75,463.91,455.33,455.94,6262953.48
2025-11-29 15:00:00+00:00,455.94,461.43,455.14,459.9,5337902.17
2025-11-29 16:00:00+00:00,459.9,462.4,458.01,460.05,5065925.02
2025-11-29 17:00:00+00:00,460.05,462.35,455.45,456.71,7113720.0
2025-11-29 18:00:00+00:00,456.71,459.63,448.56,459.09,9657823.01
2025-11-29 19:00:00+00:00,459.09,460.49,454.45,455.34,3234641.82
2025-11-29 20:00:00+00:00,455.34,458.48,452.16,457.79,2514328.02
2025-11-29 21:00:00+00:00,457.79,463.76,457.79,462.19,4443669.52
2025-11-29 22:00:00+00:00,462.19,463.45,455.52,455.78,4353503.3
2025-11-29 23:00:00+00:00,455.78,461.59,450.49,460.47,7042636.88
2025-11-30 00:00:00+00:00,460.47,466.56,459.23,465.9,4859841.01
2025-11-30 01:00:00+00:00,465.9,468.52,463.48,467.03,4412495.53
2025-11-30 02:00:00+00:00,467.03,470.48,461.02,462.53,5165064.67
2025-11-30 03:00:00+00:00,462.53,464.23,455.08,456.73,6887953.98
2025-11-30 04:00:00+00:00,456.73,459.98,454.93,456.17,7238193.75
2025-11-30 05:00:00+00:00,456.17,458.5,454.29,456.13,9804112.53
2025-11-30 06:00:00+00:00,456.13,458.79,455.51,457.4,2216631.54
2025-11-30 07:00:00+00:00,457.4,461.7,456.37,461.1,2376968.73
2025-11-30 08:00:00+00:00,461.1,461.27,457.0,459.16,2751722.03
2025-11-30 09:00:00+00:00,459.16,459.67,455.62,456.58,3391142.55
2025-11-30 10:00:00+00:00,456.58,456.59,445.46,446.88,12088503.69
2025-11-30 11:00:00+00:00,446.88,450.21,446.23,448.77,7156523.36
2025-11-30 12:00:00+00:00,448.77,448.82,435.57,446.35,17558521.79
2025-11-30 13:00:00+00:00,446.35,457.11,445.93,448.9,13453784.13
2025-11-30 14:00:00+00:00,448.9,449.28,440.96,442.8,12965180.54
2025-11-30 15:00:00+00:00,442.8,444.99,437.36,442.05,11985732.7
2025-11-30 16:00:00+00:00,442.05,447.2,441.04,445.13,7146024.65
2025-11-30 17:00:00+00:00,445.13,445.17,437.76,443.32,9962919.28
2025-11-30 18:00:00+00:00,443.32,444.64,435.81,436.88,8469342.95
2025-11-30 19:00:00+00:00,436.88,438.92,433.24,435.33,6030546.22
2025-11-30 20:00:00+00:00,435.33,438.83,429.39,434.38,11103499.06
2025-11-30 21:00:00+00:00,434.38,442.14,430.52,440.3,5910604.19
2025-11-30 22:00:00+00:00,440.3,441.67,432.66,435.34,4487633.6
2025-11-30 23:00:00+00:00,435.34,435.68,425.71,427.95,12112807.75
2025-12-01 00:00:00+00:00,427.95,430.09,388.25,392.52,47142259.59
2025-12-01 01:00:00+00:00,392.52,394.94,378.21,383.4,33480244.07
2025-12-01 02:00:00+00:00,383.4,391.93,380.2,383.86,14272889.14
2025-12-01 03:00:00+00:00,383.86,384.26,371.78,373.87,14941992.12
2025-12-01 04:00:00+00:00,373.87,377.75,351.82,367.04,28111317.25
2025-12-01 05:00:00+00:00,367.04,370.79,356.95,359.09,17466093.76
2025-12-01 06:00:00+00:00,359.09,362.94,354.63,359.22,13142441.71
2025-12-01 07:00:00+00:00,359.22,361.68,355.8,358.43,13660995.94
2025-12-01 08:00:00+00:00,358.43,367.4,356.2,365.99,10806705.32
2025-12-01 09:00:00+00:00,365.99,368.91,363.49,364.78,9855380.34
2025-12-01 10:00:00+00:00,364.78,367.72,362.62,363.63,8533747.74
2025-12-01 11:00:00+00:00,363.63,365.77,363.16,363.55,5763457.71
2025-12-01 12:00:00+00:00,363.55,364.44,343.48,347.31,23337101.39
2025-12-01 13:00:00+00:00,347.31,350.17,327.74,340.82,40419095.05
2025-12-01 14:00:00+00:00,340.82,360.77,338.37,356.02,28640169.91
2025-12-01 15:00:00+00:00,356.02,366.49,341.7,360.75,29163212.7
2025-12-01 16:00:00+00:00,360.75,363.31,351.75,355.14,13074034.89
2025-12-01 17:00:00+00:00,355.14,356.83,341.77,342.04,29717084.06
2025-12-01 18:00:00+00:00,342.04,343.73,331.55,336.36,21503533.34
2025-12-01 19:00:00+00:00,336.36,337.63,321.62,336.72,17857255.33
2025-12-01 20:00:00+00:00,336.72,347.56,335.13,335.54,14134865.98
2025-12-01 21:00:00+00:00,335.54,344.85,335.54,343.03,9412060.98
2025-12-01 22:00:00+00:00,343.03,347.57,338.25,340.82,10273901.57
2025-12-01 23:00:00+00:00,340.82,355.42,340.82,343.87,11728617.93
2025-12-02 00:00:00+00:00,343.87,354.83,343.15,348.99,11502878.77
2025-12-02 01:00:00+00:00,348.99,355.98,336.48,340.72,11435532.68
2025-12-02 02:00:00+00:00,340.72,340.9,332.2,333.7,8915467.78
2025-12-02 03:00:00+00:00,333.7,339.22,330.18,337.34,8277305.4
2025-12-02 04:00:00+00:00,337.34,338.14,322.63,326.32,16516820.14
2025-12-02 05:00:00+00:00,326.32,328.56,322.13,326.83,7636983.15
2025-12-02 06:00:00+00:00,326.83,336.62,326.26,336.39,7542237.99
2025-12-02 07:00:00+00:00,336.39,337.5,324.93,327.11,7470226.26
2025-12-02 08:00:00+00:00,327.11,328.25,314.67,317.04,14354283.79
2025-12-02 09:00:00+00:00,317.04,326.97,315.47,326.09,9041244.31
2025-12-02 10:00:00+00:00,326.09,336.48,325.45,335.45,10359710.33
2025-12-02 11:00:00+00:00,335.45,337.46,324.71,328.33,10809566.38
2025-12-02 12:00:00+00:00,328.33,331.09,322.63,327.8,10019366.81
2025-12-02 13:00:00+00:00,327.8,334.99,326.48,332.53,10183059.13
2025-12-02 14:00:00+00:00,332.53,346.4,326.56,344.25,21476847.24
2025-12-02 15:00:00+00:00,344.25,385.22,343.02,372.91,61871494.49
2025-12-02 16:00:00+00:00,372.91,374.26,350.57,353.37,50064501.37
2025-12-02 17:00:00+00:00,353.37,356.56,341.28,342.18,22915780.37
2025-12-02 18:00:00+00:00,342.18,346.89,334.93,338.72,14681215.71
2025-12-02 19:00:00+00:00,338.72,343.95,328.56,330.2,12478794.36
2025-12-02 20:00:00+00:00,330.2,334.77,305.57,313.07,31617935.8
2025-12-02 21:00:00+00:00,313.07,317.49,306.41,308.91,14329041.71
2025-12-02 22:00:00+00:00,308.91,321.41,306.49,315.93,18623623.78
2025-12-02 23:00:00+00:00,315.93,323.43,309.58,312.82,19430964.05
2025-12-03 00:00:00+00:00,312.82,314.12,303.89,304.81,12407691.36
2025-12-03 01:00:00+00:00,304.81,309.06,301.17,307.83,12174336.89
2025-12-03 02:00:00+00:00,307.83,321.17,306.99,315.35,20809251.28
2025-12-03 03:00:00+00:00,315.35,318.11,309.0,309.52,8362655.51
2025-12-03 04:00:00+00:00,309.52,339.49,309.02,327.31,22352397.99
2025-12-03 05:00:00+00:00,327.31,340.6,323.29,330.25,31057581.28
2025-12-03 06:00:00+00:00,330.25,338.19,328.45,334.21,17870972.99
2025-12-03 07:00:00+00:00,334.21,335.77,326.17,328.16,9912239.0
2025-12-03 08:00:00+00:00,328.16,336.24,327.9,333.45,12211747.98
2025-12-03 09:00:00+00:00,333.45,338.96,331.34,337.05,11008964.48
2025-12-03 10:00:00+00:00,337.05,352.24,328.21,328.54,22121476.23
2025-12-03 11:00:00+00:00,328.54,338.58,318.93,334.95,21982971.06
2025-12-03 12:00:00+00:00,334.95,345.83,332.82,342.43,18070518.11
2025-12-03 13:00:00+00:00,342.43,346.18,336.99,343.92,13251325.8
2025-12-03 14:00:00+00:00,343.92,348.3,330.93,333.81,26507741.14
2025-12-03 15:00:00+00:00,333.81,337.88,327.67,331.62,10896247.55
2025-12-03 16:00:00+00:00,331.62,347.97,331.59,343.08,15642350.05
2025-12-03 17:00:00+00:00,343.08,359.32,341.22,358.46,18992030.16
2025-12-03 18:00:00+00:00,358.46,379.96,355.88,362.18,41989066.66
2025-12-03 19:00:00+00:00,362.18,378.24,362.07,374.54,22642585.55
2025-12-03 20:00:00+00:00,374.54,374.68,338.32,344.48,43621819.96
2025-12-03 21:00:00+00:00,344.48,349.95,343.62,349.29,9745787.72
2025-12-03 22:00:00+00:00,349.29,349.33,338.96,343.01,15477316.43
2025-12-03 23:00:00+00:00,343.01,346.94,335.3,338.73,13162802.27
2025-12-04 00:00:00+00:00,338.73,344.57,335.15,343.81,8681503.39
2025-12-04 01:00:00+00:00,343.81,353.32,343.38,345.4,14137629.02
2025-12-04 02:00:00+00:00,345.4,352.07,344.16,351.78,7140674.7
2025-12-04 03:00:00+00:00,351.78,357.11,349.77,355.89,12730568.36
2025-12-04 04:00:00+00:00,355.89,358.58,351.83,358.07,9423075.27
2025-12-04 05:00:00+00:00,358.07,361.57,353.4,354.77,10320354.51
2025-12-04 06:00:00+00:00,354.77,363.53,352.68,363.53,8741983.91
2025-12-04 07:00:00+00:00,363.53,365.15,359.5,361.14,9025495.99
2025-12-04 08:00:00+00:00,361.14,366.37,356.96,364.01,10317044.5
2025-12-04 09:00:00+00:00,364.01,365.81,360.69,363.7,6827388.6
2025-12-04 10:00:00+00:00,363.7,363.83,358.16,359.6,7823430.84
2025-12-04 11:00:00+00:00,359.6,369.18,359.32,368.65,9719794.92
2025-12-04 12:00:00+00:00,368.65,369.5,359.68,364.57,12825625.0
2025-12-04 13:00:00+00:00,364.57,366.03,350.48,353.99,14870345.37
2025-12-04 14:00:00+00:00,353.99,356.65,346.38,347.34,11618713.27
2025-12-04 15:00:00+00:00,347.34,356.81,346.58,353.18,9778149.61
2025-12-04 16:00:00+00:00,353.18,361.38,349.76,356.76,12343050.73
2025-12-04 17:00:00+00:00,356.76,364.44,356.05,362.58,8179146.13
2025-12-04 18:00:00+00:00,362.58,363.63,357.74,361.28,6563701.71
2025-12-04 19:00:00+00:00,361.28,362.4,346.7,353.62,16882606.36
2025-12-04 20:00:00+00:00,353.62,367.85,349.45,364.03,12454037.12
2025-12-04 21:00:00+00:00,364.03,366.89,358.12,358.83,8774884.67
2025-12-04 22:00:00+00:00,358.83,367.48,358.72,364.21,7294301.74
2025-12-04 23:00:00+00:00,364.21,369.0,363.33,367.56,6224795.06
2025-12-05 00:00:00+00:00,367.56,399.47,366.87,386.24,45677275.11
2025-12-05 01:00:00+00:00,386.24,391.64,381.54,385.4,18259259.6
<<<<<<< Updated upstream
<<<<<<< Updated upstream
<<<<<<< Updated upstream
2025-12-05 02:00:00+00:00,385.4,389.73,384.57,387.24,4763518.33
=======
2025-12-05 02:00:00+00:00,385.4,393.09,384.57,390.89,10382192.49
>>>>>>> Stashed changes
=======
2025-12-05 02:00:00+00:00,385.4,396.39,384.57,395.21,14880216.37
>>>>>>> Stashed changes
=======
2025-12-05 02:00:00+00:00,385.4,397.66,384.57,394.72,17197313.75
>>>>>>> Stashed changes
