timestamp,open,high,low,close,volume
2025-02-17 09:00:00+00:00,96147.64,96323.4,96083.02,96172.13,138304324.08
2025-02-17 10:00:00+00:00,96172.13,96404.71,96054.15,96110.51,161960502.4
2025-02-17 11:00:00+00:00,96110.51,96297.24,95997.6,96071.36,177210101.0
2025-02-17 12:00:00+00:00,96071.36,96511.6,96062.71,96454.14,205067599.69
2025-02-17 13:00:00+00:00,96454.14,96486.8,96257.07,96406.35,120362698.19
2025-02-17 14:00:00+00:00,96406.35,97037.44,96392.88,96802.01,413475203.34
2025-02-17 15:00:00+00:00,96802.01,96898.85,95566.68,95663.53,504950337.06
2025-02-17 16:00:00+00:00,95663.53,95946.57,95306.11,95338.39,508762366.22
2025-02-17 17:00:00+00:00,95338.39,95727.22,95288.8,95481.71,259322227.89
2025-02-17 18:00:00+00:00,95481.71,95771.64,95251.64,95339.69,255027794.07
2025-02-17 19:00:00+00:00,95339.69,95600.35,95205.21,95535.54,202775455.41
2025-02-17 20:00:00+00:00,95535.54,96265.84,95497.18,95974.73,194175900.48
2025-02-17 21:00:00+00:00,95974.73,96418.49,95920.1,96410.55,192408427.68
2025-02-17 22:00:00+00:00,96410.55,96415.92,95852.43,95879.13,89655380.67
2025-02-17 23:00:00+00:00,95879.13,96015.02,95699.6,95781.65,120157538.25
2025-02-18 00:00:00+00:00,95781.65,96049.55,95554.36,95634.75,196445788.36
2025-02-18 01:00:00+00:00,95634.75,96296.87,95606.41,96263.18,186419516.6
2025-02-18 02:00:00+00:00,96263.18,96319.54,96011.63,96065.51,120651071.14
2025-02-18 03:00:00+00:00,96065.51,96291.36,95999.87,96199.04,117512118.24
2025-02-18 04:00:00+00:00,96199.04,96295.72,95967.93,96071.77,114919947.73
2025-02-18 05:00:00+00:00,96071.77,96112.91,95556.83,95610.99,194909267.72
2025-02-18 06:00:00+00:00,95610.99,95645.51,95250.12,95381.79,366914867.79
2025-02-18 07:00:00+00:00,95381.79,95711.39,95304.2,95456.14,203505349.92
2025-02-18 08:00:00+00:00,95456.14,95580.01,95101.29,95235.91,251836462.36
2025-02-18 09:00:00+00:00,95235.91,95785.71,95151.2,95779.51,218238986.91
2025-02-18 10:00:00+00:00,95779.51,95878.03,95635.29,95744.56,141979554.4
2025-02-18 11:00:00+00:00,95744.56,95781.98,95568.29,95639.57,125143768.84
2025-02-18 12:00:00+00:00,95639.57,96275.53,95601.73,96186.72,266404368.98
2025-02-18 13:00:00+00:00,96186.72,96467.02,96103.0,96225.45,324530980.66
2025-02-18 14:00:00+00:00,96225.45,96745.03,95416.66,95537.62,710296580.43
2025-02-18 15:00:00+00:00,95537.62,95726.49,95205.75,95549.81,575268330.83
2025-02-18 16:00:00+00:00,95549.81,95638.47,94614.77,94637.72,684031948.46
2025-02-18 17:00:00+00:00,94637.72,94874.91,94105.67,94105.83,568747648.81
2025-02-18 18:00:00+00:00,94105.83,94341.77,93594.31,93933.67,676078608.24
2025-02-18 19:00:00+00:00,93933.67,94405.31,93389.23,94103.14,563309073.82
2025-02-18 20:00:00+00:00,94103.14,94465.42,93745.17,94202.98,450312075.14
2025-02-18 21:00:00+00:00,94202.98,95341.09,94129.54,95063.32,640495847.45
2025-02-18 22:00:00+00:00,95063.32,95526.64,94874.35,95303.44,226617905.01
2025-02-18 23:00:00+00:00,95303.44,95676.27,95262.47,95668.54,235227942.14
2025-02-19 00:00:00+00:00,95668.54,95834.78,95284.19,95336.43,251667694.75
2025-02-19 01:00:00+00:00,95336.43,95476.42,95060.03,95474.7,196880870.66
2025-02-19 02:00:00+00:00,95474.7,95959.32,95451.0,95828.2,187748914.61
2025-02-19 03:00:00+00:00,95828.2,95840.21,95576.3,95710.15,128831078.76
2025-02-19 04:00:00+00:00,95710.15,95769.22,95231.7,95231.7,129489273.75
2025-02-19 05:00:00+00:00,95231.7,95342.2,95047.11,95285.83,316079995.4
2025-02-19 06:00:00+00:00,95285.83,95658.39,95246.79,95620.73,129468243.38
2025-02-19 07:00:00+00:00,95620.73,95846.39,95590.13,95690.92,152758421.35
2025-02-19 08:00:00+00:00,95690.92,95866.65,95631.44,95639.56,117380244.93
2025-02-19 09:00:00+00:00,95639.56,96021.04,95631.71,95935.57,160424543.04
2025-02-19 10:00:00+00:00,95935.57,96468.39,95935.55,96333.06,283763441.72
2025-02-19 11:00:00+00:00,96333.06,96430.29,96212.99,96430.05,147677830.39
2025-02-19 12:00:00+00:00,96430.05,96502.8,96162.45,96173.93,179650892.42
2025-02-19 13:00:00+00:00,96173.93,96488.43,96173.93,96287.37,167739737.58
2025-02-19 14:00:00+00:00,96287.37,96702.41,95695.05,95763.29,506307961.82
2025-02-19 15:00:00+00:00,95763.29,96412.78,95536.27,95943.2,488949119.8
2025-02-19 16:00:00+00:00,95943.2,96380.0,95938.73,96304.99,265363503.22
2025-02-19 17:00:00+00:00,96304.99,96487.41,96123.32,96397.08,217020366.36
2025-02-19 18:00:00+00:00,96397.08,96418.91,95639.53,95671.58,272317831.43
2025-02-19 19:00:00+00:00,95671.58,96234.61,95424.98,96209.45,396069779.5
2025-02-19 20:00:00+00:00,96209.45,96481.37,96105.36,96171.53,413217879.13
2025-02-19 21:00:00+00:00,96171.53,96481.42,96058.87,96315.22,142884947.58
2025-02-19 22:00:00+00:00,96315.22,96619.39,96310.35,96541.88,93630771.19
2025-02-19 23:00:00+00:00,96541.88,96880.22,96528.59,96644.46,199244688.68
2025-02-20 00:00:00+00:00,96644.46,96851.71,96425.31,96850.29,154102920.26
2025-02-20 01:00:00+00:00,96850.29,96990.26,96639.09,96773.3,202122064.29
2025-02-20 02:00:00+00:00,96773.3,97280.32,96751.14,97139.99,256663352.56
2025-02-20 03:00:00+00:00,97139.99,97370.1,96992.89,97065.67,225929141.49
2025-02-20 04:00:00+00:00,97065.67,97348.18,97050.9,97232.44,208335963.55
2025-02-20 05:00:00+00:00,97232.44,97234.16,96901.59,96914.48,179522417.48
2025-02-20 06:00:00+00:00,96914.48,96988.34,96789.41,96912.47,138437791.73
2025-02-20 07:00:00+00:00,96912.47,97088.78,96811.62,96875.99,120832758.68
2025-02-20 08:00:00+00:00,96875.99,97202.79,96806.51,97159.2,112697548.39
2025-02-20 09:00:00+00:00,97159.2,97288.65,97157.79,97195.15,113928763.94
2025-02-20 10:00:00+00:00,97195.15,97371.49,97103.18,97371.48,113333385.43
2025-02-20 11:00:00+00:00,97371.48,97382.08,97160.84,97209.0,122483432.5
2025-02-20 12:00:00+00:00,97209.0,97542.76,97209.0,97426.23,190401738.22
2025-02-20 13:00:00+00:00,97426.23,97557.13,97276.19,97549.05,184973111.03
2025-02-20 14:00:00+00:00,97549.05,98037.75,96901.37,96970.47,720216723.42
2025-02-20 15:00:00+00:00,96970.47,97306.72,96808.79,96902.97,619808048.17
2025-02-20 16:00:00+00:00,96902.97,97964.87,96881.1,97544.31,466257895.99
2025-02-20 17:00:00+00:00,97544.31,98003.88,97538.99,97956.19,306449532.13
2025-02-20 18:00:00+00:00,97956.19,98434.36,97951.08,98288.2,417249322.62
2025-02-20 19:00:00+00:00,98288.2,98515.09,98239.95,98416.74,273816358.21
2025-02-20 20:00:00+00:00,98416.74,98711.31,98310.34,98451.95,329679472.35
2025-02-20 21:00:00+00:00,98451.95,98493.27,98002.97,98086.51,184348235.18
2025-02-20 22:00:00+00:00,98086.51,98368.89,98057.72,98128.75,98530594.38
2025-02-20 23:00:00+00:00,98128.75,98510.61,98121.26,98304.5,168127861.31
2025-02-21 00:00:00+00:00,98304.5,98501.05,98088.66,98238.8,185503147.56
2025-02-21 01:00:00+00:00,98238.8,98352.42,98105.33,98312.69,156430465.7
2025-02-21 02:00:00+00:00,98312.69,98376.79,98105.95,98112.04,175615468.79
2025-02-21 03:00:00+00:00,98112.04,98300.04,98087.4,98147.35,147030576.08
2025-02-21 04:00:00+00:00,98147.35,98275.22,98122.4,98205.91,113225044.11
2025-02-21 05:00:00+00:00,98205.91,98390.32,98163.46,98336.38,117852733.58
2025-02-21 06:00:00+00:00,98336.38,98423.03,98297.69,98404.95,90647260.83
2025-02-21 07:00:00+00:00,98404.95,98600.34,98168.3,98177.21,185061622.51
2025-02-21 08:00:00+00:00,98177.21,98261.62,98135.15,98209.99,133002789.59
2025-02-21 09:00:00+00:00,98209.99,98894.61,98117.77,98340.4,427634279.25
2025-02-21 10:00:00+00:00,98340.4,98667.21,98237.35,98611.83,199459689.25
2025-02-21 11:00:00+00:00,98611.83,98819.98,98488.13,98629.3,246748339.47
2025-02-21 12:00:00+00:00,98629.3,98962.05,98529.5,98909.31,273247375.22
2025-02-21 13:00:00+00:00,98909.31,99478.24,98802.45,99338.79,640417562.81
2025-02-21 14:00:00+00:00,99338.79,99374.46,98345.63,98781.02,817437884.81
2025-02-21 15:00:00+00:00,98781.02,99327.78,97186.18,98072.47,1658136804.05
2025-02-21 16:00:00+00:00,98072.47,98727.08,97720.68,98139.01,1017658171.54
2025-02-21 17:00:00+00:00,98139.01,98355.28,96705.48,96823.72,691042451.58
2025-02-21 18:00:00+00:00,96823.72,97077.01,96420.59,96433.85,630757787.5
2025-02-21 19:00:00+00:00,96433.85,96734.33,95199.12,95229.71,615808730.01
2025-02-21 20:00:00+00:00,95229.71,95597.71,94806.0,94992.63,666263333.95
2025-02-21 21:00:00+00:00,94992.63,95447.47,94959.77,95335.5,327125769.26
2025-02-21 22:00:00+00:00,95335.5,95875.0,95184.3,95779.34,181080124.54
2025-02-21 23:00:00+00:00,95779.34,96143.5,95623.67,96127.44,149507923.81
2025-02-22 00:00:00+00:00,96127.44,96167.97,95748.87,96142.97,161294337.54
2025-02-22 01:00:00+00:00,96142.97,96436.13,96079.83,96192.22,129743732.36
2025-02-22 02:00:00+00:00,96192.22,96423.36,96070.7,96313.39,118191997.25
2025-02-22 03:00:00+00:00,96313.39,96321.51,96118.65,96256.09,105967280.54
2025-02-22 04:00:00+00:00,96256.09,96435.7,96236.48,96360.63,115174390.5
2025-02-22 05:00:00+00:00,96360.63,96500.53,96280.77,96484.79,83056766.93
2025-02-22 06:00:00+00:00,96484.79,96549.96,96308.43,96373.79,83089044.14
2025-02-22 07:00:00+00:00,96373.79,96487.11,96267.85,96267.97,94109183.15
2025-02-22 08:00:00+00:00,96267.97,96322.4,96126.2,96189.81,108152174.05
2025-02-22 09:00:00+00:00,96189.81,96515.01,96127.57,96479.59,148759450.94
2025-02-22 10:00:00+00:00,96479.59,96557.12,96413.6,96479.01,100427247.57
2025-02-22 11:00:00+00:00,96479.01,96598.01,96478.29,96567.45,73199667.9
2025-02-22 12:00:00+00:00,96567.45,96971.18,96560.74,96824.32,133175470.27
2025-02-22 13:00:00+00:00,96824.32,96909.25,96520.3,96554.96,112926096.53
2025-02-22 14:00:00+00:00,96554.96,96705.01,96524.15,96531.41,99214177.77
2025-02-22 15:00:00+00:00,96531.41,96705.85,96489.49,96592.46,112743780.45
2025-02-22 16:00:00+00:00,96592.46,96806.47,96468.96,96501.91,129628508.63
2025-02-22 17:00:00+00:00,96501.91,96674.85,96472.78,96627.63,94839547.27
2025-02-22 18:00:00+00:00,96627.63,96810.27,96413.49,96448.42,88615052.84
2025-02-22 19:00:00+00:00,96448.42,96636.9,96354.45,96629.66,85039483.42
2025-02-22 20:00:00+00:00,96629.66,96634.71,96501.36,96571.38,42596270.89
2025-02-22 21:00:00+00:00,96571.38,96654.44,96515.88,96645.3,48908186.92
2025-02-22 22:00:00+00:00,96645.3,96687.95,96597.38,96628.07,47013389.53
2025-02-22 23:00:00+00:00,96628.07,96651.27,96482.19,96546.94,48643256.71
2025-02-23 00:00:00+00:00,96546.94,96639.26,96486.46,96630.94,51604298.44
2025-02-23 01:00:00+00:00,96630.94,96630.94,96360.41,96444.51,58450460.4
2025-02-23 02:00:00+00:00,96444.51,96490.05,96384.18,96404.45,47433314.58
2025-02-23 03:00:00+00:00,96404.45,96556.53,96384.89,96416.17,54827407.49
2025-02-23 04:00:00+00:00,96416.17,96511.73,96383.21,96394.01,37895687.11
2025-02-23 05:00:00+00:00,96394.01,96406.75,96208.95,96210.33,69616231.65
2025-02-23 06:00:00+00:00,96210.33,96345.56,96146.03,96339.64,51828937.64
2025-02-23 07:00:00+00:00,96339.64,96548.98,96296.32,96505.82,63971231.13
2025-02-23 08:00:00+00:00,96505.82,96506.09,96307.6,96362.06,42283229.12
2025-02-23 09:00:00+00:00,96362.06,96464.54,96257.74,96283.62,60973589.85
2025-02-23 10:00:00+00:00,96283.62,96297.54,96090.86,96185.2,75196370.11
2025-02-23 11:00:00+00:00,96185.2,96240.68,96085.26,96114.56,55455482.62
2025-02-23 12:00:00+00:00,96114.56,96155.95,95658.03,95727.39,144804982.67
2025-02-23 13:00:00+00:00,95727.39,95970.19,95721.04,95970.19,118176210.95
2025-02-23 14:00:00+00:00,95970.19,96040.87,95544.05,95590.95,120295732.16
2025-02-23 15:00:00+00:00,95590.95,95723.45,95431.76,95441.49,134645515.56
2025-02-23 16:00:00+00:00,95441.49,95619.99,95422.76,95422.77,109192015.96
2025-02-23 17:00:00+00:00,95422.77,95748.8,95238.47,95657.2,167324216.87
2025-02-23 18:00:00+00:00,95657.2,95872.85,95623.8,95737.24,106147962.71
2025-02-23 19:00:00+00:00,95737.24,95842.37,95706.8,95756.34,50063763.45
2025-02-23 20:00:00+00:00,95756.34,95810.4,95681.48,95778.48,25475029.31
2025-02-23 21:00:00+00:00,95778.48,95779.67,95641.31,95757.81,41290548.2
2025-02-23 22:00:00+00:00,95757.81,95931.17,95539.43,95792.24,76879123.23
2025-02-23 23:00:00+00:00,95792.24,96328.05,95778.21,96260.0,209629432.25
2025-02-24 00:00:00+00:00,96260.0,96500.28,96159.5,96248.48,182877737.83
2025-02-24 01:00:00+00:00,96248.48,96340.52,95766.36,95973.79,159258713.76
2025-02-24 02:00:00+00:00,95973.79,96200.04,95756.29,95826.34,129623315.56
2025-02-24 03:00:00+00:00,95826.34,95826.34,95315.97,95434.97,190367824.13
2025-02-24 04:00:00+00:00,95434.97,95589.27,95083.56,95295.16,269160413.6
2025-02-24 05:00:00+00:00,95295.16,95765.35,95242.94,95729.08,125341713.0
2025-02-24 06:00:00+00:00,95729.08,95896.27,95618.87,95863.85,85315289.52
2025-02-24 07:00:00+00:00,95863.85,95948.08,95703.81,95871.64,111616832.31
2025-02-24 08:00:00+00:00,95871.64,95933.12,95379.57,95506.41,168041095.57
2025-02-24 09:00:00+00:00,95506.41,96157.35,95498.71,95767.65,153929184.6
2025-02-24 10:00:00+00:00,95767.65,95916.71,95362.13,95635.45,151100819.34
2025-02-24 11:00:00+00:00,95635.45,95858.09,95416.34,95822.05,101537832.0
2025-02-24 12:00:00+00:00,95822.05,95946.51,95682.21,95790.77,92051717.83
2025-02-24 13:00:00+00:00,95790.77,96093.16,95345.68,95599.83,257307527.15
2025-02-24 14:00:00+00:00,95599.83,95795.61,94582.04,94675.41,462503657.28
2025-02-24 15:00:00+00:00,94675.41,94964.47,93829.28,94325.92,797349728.12
2025-02-24 16:00:00+00:00,94325.92,94980.32,94163.76,94430.36,431806358.79
2025-02-24 17:00:00+00:00,94430.36,95182.58,94330.45,94650.76,350646746.78
2025-02-24 18:00:00+00:00,94650.76,94856.01,94141.19,94166.94,205963967.86
2025-02-24 19:00:00+00:00,94166.94,94554.16,93679.96,93946.46,357025495.74
2025-02-24 20:00:00+00:00,93946.46,94571.73,93840.14,94019.89,430870891.9
2025-02-24 21:00:00+00:00,94019.89,94345.68,93622.45,93977.71,222249760.29
2025-02-24 22:00:00+00:00,93977.71,93994.59,92397.82,92426.42,785628530.36
2025-02-24 23:00:00+00:00,92426.42,92859.82,91342.56,91548.08,756543603.47
2025-02-25 00:00:00+00:00,91548.08,92151.98,90931.87,91857.07,797816306.84
2025-02-25 01:00:00+00:00,91857.07,92395.19,91178.75,92026.56,482579266.81
2025-02-25 02:00:00+00:00,92026.56,92520.63,91601.76,92371.28,308122382.99
2025-02-25 03:00:00+00:00,92371.28,92535.76,91951.7,92156.41,206680978.31
2025-02-25 04:00:00+00:00,92156.41,92325.53,91830.26,91906.97,266729519.2
2025-02-25 05:00:00+00:00,91906.97,92109.29,91724.4,92069.14,228058269.73
2025-02-25 06:00:00+00:00,92069.14,92129.42,91215.26,91276.41,288097439.61
2025-02-25 07:00:00+00:00,91276.41,91435.73,88246.29,89325.81,1952542381.93
2025-02-25 08:00:00+00:00,89325.81,89986.69,89021.52,89401.01,661893769.5
2025-02-25 09:00:00+00:00,89401.01,89592.83,88296.54,88310.7,593146571.85
2025-02-25 10:00:00+00:00,88310.7,88889.24,86886.26,88214.24,1373081117.24
2025-02-25 11:00:00+00:00,88214.24,89351.88,87626.29,89241.36,663389636.66
2025-02-25 12:00:00+00:00,89241.36,89526.46,88916.12,89396.29,527912392.33
2025-02-25 13:00:00+00:00,89396.29,89540.27,88762.7,88835.27,416887614.94
2025-02-25 14:00:00+00:00,88835.27,89380.71,87085.75,87161.87,1014058736.58
2025-02-25 15:00:00+00:00,87161.87,87774.5,86057.67,87233.49,1679846423.42
2025-02-25 16:00:00+00:00,87233.49,87779.88,86177.57,87460.21,921901908.25
2025-02-25 17:00:00+00:00,87460.21,87809.35,86852.84,87264.97,518585638.4
2025-02-25 18:00:00+00:00,87264.97,87796.34,86927.38,87073.82,424179567.63
2025-02-25 19:00:00+00:00,87073.82,88065.25,86518.5,87942.7,498753276.11
2025-02-25 20:00:00+00:00,87942.7,89007.79,87627.24,88162.34,854359232.19
2025-02-25 21:00:00+00:00,88162.34,88821.94,87771.61,88817.83,326094714.11
2025-02-25 22:00:00+00:00,88817.83,89461.0,88516.79,88814.31,286242004.37
2025-02-25 23:00:00+00:00,88814.31,89140.32,88680.68,88684.26,243008311.38
2025-02-26 00:00:00+00:00,88684.26,88691.3,88156.94,88160.85,202291582.39
2025-02-26 01:00:00+00:00,88160.85,88843.93,88159.85,88708.41,172421607.68
2025-02-26 02:00:00+00:00,88708.41,89190.41,88439.85,89014.68,180521267.19
2025-02-26 03:00:00+00:00,89014.68,89409.14,88896.73,88903.03,221104837.93
2025-02-26 04:00:00+00:00,88903.03,89243.28,88704.48,88705.05,155747496.56
2025-02-26 05:00:00+00:00,88705.05,88890.37,88407.8,88426.96,174086319.52
2025-02-26 06:00:00+00:00,88426.96,88932.38,88426.96,88917.9,168228543.83
2025-02-26 07:00:00+00:00,88917.9,89162.17,88445.3,88726.15,190912090.39
2025-02-26 08:00:00+00:00,88726.15,88802.2,88176.14,88484.37,208691172.27
2025-02-26 09:00:00+00:00,88484.37,89285.78,88464.32,89112.45,224288055.84
2025-02-26 10:00:00+00:00,89112.45,89309.72,88884.13,89257.29,150767514.89
2025-02-26 11:00:00+00:00,89257.29,89264.61,88580.93,88617.93,176226564.33
2025-02-26 12:00:00+00:00,88617.93,88676.88,87627.56,87945.21,378092429.73
2025-02-26 13:00:00+00:00,87945.21,88090.82,87067.25,87190.81,357733976.64
2025-02-26 14:00:00+00:00,87190.81,87685.65,85440.99,87614.35,1258270328.29
2025-02-26 15:00:00+00:00,87614.35,88516.95,87419.37,87554.82,711671986.58
2025-02-26 16:00:00+00:00,87554.82,87793.77,86281.07,86807.92,650563487.46
2025-02-26 17:00:00+00:00,86807.92,87301.64,85685.53,86047.25,500313144.13
2025-02-26 18:00:00+00:00,86047.25,86487.91,83481.07,84259.94,1459828912.39
2025-02-26 19:00:00+00:00,84259.94,85063.97,83748.37,83849.55,917539973.75
2025-02-26 20:00:00+00:00,83849.55,84610.95,82248.79,84383.73,1214006849.63
2025-02-26 21:00:00+00:00,84383.73,85125.12,83471.79,84609.74,802287075.29
2025-02-26 22:00:00+00:00,84609.74,85381.01,84147.2,84429.54,429947903.49
2025-02-26 23:00:00+00:00,84429.54,84770.42,83914.26,84238.01,266150369.46
2025-02-27 00:00:00+00:00,84238.01,84793.5,84040.68,84734.87,464076312.14
2025-02-27 01:00:00+00:00,84734.87,85438.14,84322.86,84759.94,379179889.82
2025-02-27 02:00:00+00:00,84759.94,85209.21,84218.69,84291.63,415095735.71
2025-02-27 03:00:00+00:00,84291.63,85334.14,84279.1,85220.58,263830601.2
2025-02-27 04:00:00+00:00,85220.58,85363.74,84692.49,85154.79,257104428.32
2025-02-27 05:00:00+00:00,85154.79,85934.3,85059.09,85873.83,263835697.46
2025-02-27 06:00:00+00:00,85873.83,86720.24,85706.65,86259.79,268177806.72
2025-02-27 07:00:00+00:00,86259.79,86590.24,86102.59,86268.59,234019919.99
2025-02-27 08:00:00+00:00,86268.59,86435.89,85901.28,86071.44,193652621.93
2025-02-27 09:00:00+00:00,86071.44,86338.97,85862.59,86166.58,197875949.08
2025-02-27 10:00:00+00:00,86166.58,87061.95,86045.15,87011.82,279582193.26
2025-02-27 11:00:00+00:00,87011.82,87070.17,86392.5,86689.8,207237310.07
2025-02-27 12:00:00+00:00,86689.8,86786.0,86260.09,86324.88,203416463.63
2025-02-27 13:00:00+00:00,86324.88,86761.84,85785.81,86112.63,455922805.51
2025-02-27 14:00:00+00:00,86112.63,86403.4,84957.73,84980.73,856458323.99
2025-02-27 15:00:00+00:00,84980.73,86132.54,84652.54,85495.66,861332753.14
2025-02-27 16:00:00+00:00,85495.66,85681.92,84359.94,84468.16,455721892.27
2025-02-27 17:00:00+00:00,84468.16,85033.0,84359.44,84589.55,370744813.64
2025-02-27 18:00:00+00:00,84589.55,84983.31,84516.68,84633.53,226944280.22
2025-02-27 19:00:00+00:00,84633.53,84638.17,83614.93,84110.26,402358748.41
2025-02-27 20:00:00+00:00,84110.26,84155.11,82720.55,83528.26,669513065.25
2025-02-27 21:00:00+00:00,83528.26,84428.31,83225.79,84409.33,358707852.98
2025-02-27 22:00:00+00:00,84409.33,84749.56,83882.99,84714.29,167831332.2
2025-02-27 23:00:00+00:00,84714.29,84926.08,84418.98,84709.81,188605649.29
2025-02-28 00:00:00+00:00,84709.81,84893.2,84231.19,84263.8,170843452.9
2025-02-28 01:00:00+00:00,84263.8,84402.77,81192.8,81694.15,1208663576.34
2025-02-28 02:00:00+00:00,81694.15,82863.23,79555.81,80797.78,1880820990.06
2025-02-28 03:00:00+00:00,80797.78,81523.44,80263.42,80442.43,766225890.43
2025-02-28 04:00:00+00:00,80442.43,80950.55,79408.39,80402.21,872095558.6
2025-02-28 05:00:00+00:00,80402.21,80541.2,79150.75,79954.18,701326267.97
2025-02-28 06:00:00+00:00,79954.18,80430.29,79046.27,79353.68,610564339.86
2025-02-28 07:00:00+00:00,79353.68,80251.5,78855.02,79210.2,747088391.43
2025-02-28 08:00:00+00:00,79210.2,79435.02,78274.81,78976.55,699052227.76
2025-02-28 09:00:00+00:00,78976.55,80721.68,78902.2,80340.8,549841484.84
2025-02-28 10:00:00+00:00,80340.8,80460.86,79573.67,80016.02,284196813.07
2025-02-28 11:00:00+00:00,80016.02,80839.09,79985.07,80530.55,315332874.07
2025-02-28 12:00:00+00:00,80530.55,80823.21,80085.78,80782.02,352542264.91
2025-02-28 13:00:00+00:00,80782.02,81738.45,80623.73,81510.17,741216702.56
2025-02-28 14:00:00+00:00,81510.17,82535.81,81084.04,82106.08,953302399.21
2025-02-28 15:00:00+00:00,82106.08,84419.6,81999.37,84014.29,1036369988.61
2025-02-28 16:00:00+00:00,84014.29,84916.82,83484.85,84357.86,714592312.08
2025-02-28 17:00:00+00:00,84357.86,84395.45,83580.25,83602.69,395796173.23
2025-02-28 18:00:00+00:00,83602.69,85100.77,83195.17,84450.58,532263305.56
2025-02-28 19:00:00+00:00,84450.58,84803.97,84215.52,84450.61,359006566.22
2025-02-28 20:00:00+00:00,84450.61,84789.36,83603.91,84183.32,410948665.82
2025-02-28 21:00:00+00:00,84183.32,84589.17,84006.31,84259.19,181158383.96
2025-02-28 22:00:00+00:00,84259.19,84474.14,83892.17,84144.89,117151132.61
2025-02-28 23:00:00+00:00,84144.89,84546.4,84015.16,84346.47,122106100.57
2025-03-01 00:00:00+00:00,84346.47,84615.28,83821.85,83856.32,118744200.74
2025-03-01 01:00:00+00:00,83856.32,84859.05,83841.9,84651.3,228878121.23
2025-03-01 02:00:00+00:00,84651.3,85664.54,84354.13,85240.7,433257474.8
2025-03-01 03:00:00+00:00,85240.7,85503.37,84962.72,85331.75,197645026.63
2025-03-01 04:00:00+00:00,85331.75,86555.34,85313.36,86193.9,323529956.2
2025-03-01 05:00:00+00:00,86193.9,86264.35,85579.33,85583.66,170944682.43
2025-03-01 06:00:00+00:00,85583.66,85663.27,84859.08,85075.73,248849011.83
2025-03-01 07:00:00+00:00,85075.73,85075.76,84733.11,84736.54,376861917.63
2025-03-01 08:00:00+00:00,84736.54,85333.57,84736.38,85303.99,172936642.1
2025-03-01 09:00:00+00:00,85303.99,85501.57,85115.47,85377.92,106912684.08
2025-03-01 10:00:00+00:00,85377.92,85428.31,84795.4,84891.39,210187027.38
2025-03-01 11:00:00+00:00,84891.39,84960.03,84377.23,84626.52,250809177.26
2025-03-01 12:00:00+00:00,84626.52,84936.43,84474.33,84757.45,158434668.48
2025-03-01 13:00:00+00:00,84757.45,84929.54,84334.25,84521.57,204588849.19
2025-03-01 14:00:00+00:00,84521.57,84850.21,84423.77,84708.18,137648923.9
2025-03-01 15:00:00+00:00,84708.18,84912.93,84558.44,84796.21,121771286.68
2025-03-01 16:00:00+00:00,84796.21,85284.41,84697.87,85269.07,180569721.65
2025-03-01 17:00:00+00:00,85269.07,85368.88,84958.74,85212.18,159975613.75
2025-03-01 18:00:00+00:00,85212.18,85331.89,85071.61,85323.79,87167009.77
2025-03-01 19:00:00+00:00,85323.79,85562.92,85206.18,85480.34,111859333.75
2025-03-01 20:00:00+00:00,85480.34,85588.57,85337.33,85529.8,75818127.68
2025-03-01 21:00:00+00:00,85529.8,86148.09,85286.29,86074.53,130427681.58
2025-03-01 22:00:00+00:00,86074.53,86261.84,85678.1,86114.5,145167313.13
2025-03-01 23:00:00+00:00,86114.5,86195.96,85678.04,86061.22,107271169.05
2025-03-02 00:00:00+00:00,86061.22,86312.13,85806.08,86021.13,136103614.84
2025-03-02 01:00:00+00:00,86021.13,86360.54,85988.33,86352.59,145839203.34
2025-03-02 02:00:00+00:00,86352.59,86494.16,85620.44,85774.62,189959389.32
2025-03-02 03:00:00+00:00,85774.62,86215.46,85771.16,85870.58,92692182.91
2025-03-02 04:00:00+00:00,85870.58,85882.1,85537.07,85750.75,158857640.79
2025-03-02 05:00:00+00:00,85750.75,86045.67,85672.94,85953.58,58059659.19
2025-03-02 06:00:00+00:00,85953.58,86569.54,85922.13,86279.92,126089860.55
2025-03-02 07:00:00+00:00,86279.92,86351.97,86081.48,86236.76,91848641.96
2025-03-02 08:00:00+00:00,86236.76,86261.81,85714.14,85754.65,145316057.38
2025-03-02 09:00:00+00:00,85754.65,86113.95,85665.27,85898.22,109544187.01
2025-03-02 10:00:00+00:00,85898.22,85998.96,85790.87,85998.04,71752841.36
2025-03-02 11:00:00+00:00,85998.04,86214.14,85951.45,86100.76,73928083.21
2025-03-02 12:00:00+00:00,86100.76,86104.48,85745.21,85978.38,81330110.48
2025-03-02 13:00:00+00:00,85978.38,85990.21,85490.06,85704.9,119361844.71
2025-03-02 14:00:00+00:00,85704.9,85901.16,85052.06,85106.34,264610750.49
2025-03-02 15:00:00+00:00,85106.34,88671.25,85073.34,87432.16,1264456403.03
2025-03-02 16:00:00+00:00,87432.16,91959.93,87350.2,91208.12,2025910624.87
2025-03-02 17:00:00+00:00,91208.12,95011.65,90661.38,94091.2,2003234212.82
2025-03-02 18:00:00+00:00,94091.2,94400.99,92362.09,92799.38,970728575.17
2025-03-02 19:00:00+00:00,92799.38,93557.55,92617.42,93521.04,373608176.51
2025-03-02 20:00:00+00:00,93521.04,94438.96,93517.84,94330.88,428566549.36
2025-03-02 21:00:00+00:00,94330.88,94417.09,93678.04,94294.41,330876331.01
2025-03-02 22:00:00+00:00,94294.41,94753.49,93912.62,94251.64,251623991.37
2025-03-02 23:00:00+00:00,94251.64,94842.15,93853.24,94267.95,609508185.08
2025-03-03 00:00:00+00:00,94267.95,94414.06,93293.22,93312.68,396983851.01
2025-03-03 01:00:00+00:00,93312.68,93408.4,92648.89,93078.3,391220617.29
2025-03-03 02:00:00+00:00,93078.3,93444.34,92436.37,93311.93,386622176.07
2025-03-03 03:00:00+00:00,93311.93,93435.2,92464.24,92710.56,265932283.64
2025-03-03 04:00:00+00:00,92710.56,92946.02,92594.46,92862.45,187823606.13
2025-03-03 05:00:00+00:00,92862.45,93342.79,92830.54,93330.19,217441063.79
2025-03-03 06:00:00+00:00,93330.19,93336.49,91339.8,91637.32,395191389.8
2025-03-03 07:00:00+00:00,91637.32,92555.94,91188.6,92361.2,356818939.52
2025-03-03 08:00:00+00:00,92361.2,92388.05,91137.5,91465.29,321038919.03
2025-03-03 09:00:00+00:00,91465.29,92062.69,91193.51,91843.72,332657150.74
2025-03-03 10:00:00+00:00,91843.72,92566.96,91546.98,92544.04,223596553.37
2025-03-03 11:00:00+00:00,92544.04,92908.33,92414.99,92738.71,243171702.57
2025-03-03 12:00:00+00:00,92738.71,93251.57,92667.98,93021.26,338406227.55
2025-03-03 13:00:00+00:00,93021.26,93684.97,92875.11,93580.31,328205078.41
2025-03-03 14:00:00+00:00,93580.31,93713.98,89197.13,89232.36,1322002309.11
2025-03-03 15:00:00+00:00,89232.36,91287.26,89174.51,90030.82,1239146337.04
2025-03-03 16:00:00+00:00,90030.82,90751.09,89698.88,90159.03,539795170.93
2025-03-03 17:00:00+00:00,90159.03,90998.04,89914.9,90299.35,387044694.71
2025-03-03 18:00:00+00:00,90299.35,90443.47,86793.56,87138.75,1436480825.8
2025-03-03 19:00:00+00:00,87138.75,87722.7,85578.11,85600.92,1056882847.37
2025-03-03 20:00:00+00:00,85600.92,86402.1,85197.2,86068.19,1044200392.47
2025-03-03 21:00:00+00:00,86068.19,86557.29,85118.51,85368.03,403046082.06
2025-03-03 22:00:00+00:00,85368.03,87030.98,85307.93,86648.62,279675053.02
2025-03-03 23:00:00+00:00,86648.62,86799.71,86002.93,86217.34,278788615.55
2025-03-04 00:00:00+00:00,86217.34,86794.13,85881.31,86039.91,371726990.0
2025-03-04 01:00:00+00:00,86039.91,86190.0,82679.69,83374.16,1233688927.11
2025-03-04 02:00:00+00:00,83374.16,84406.54,82506.54,83932.38,844278576.45
2025-03-04 03:00:00+00:00,83932.38,84448.47,83610.2,83980.42,407000873.97
2025-03-04 04:00:00+00:00,83980.42,84032.4,83331.36,83419.1,222449249.35
2025-03-04 05:00:00+00:00,83419.1,84566.99,83361.85,84268.81,277642911.54
2025-03-04 06:00:00+00:00,84268.81,84401.62,83588.24,83872.89,175656685.55
2025-03-04 07:00:00+00:00,83872.89,84013.83,83148.08,83186.45,251304481.38
2025-03-04 08:00:00+00:00,83186.45,83931.78,83038.85,83894.1,242808470.36
2025-03-04 09:00:00+00:00,83894.1,84176.64,83643.14,83746.36,162326964.01
2025-03-04 10:00:00+00:00,83746.36,84060.76,83493.47,83966.93,161837375.84
2025-03-04 11:00:00+00:00,83966.93,84355.06,83701.38,83938.62,185996644.18
2025-03-04 12:00:00+00:00,83938.62,83975.12,83270.3,83765.5,223118195.77
2025-03-04 13:00:00+00:00,83765.5,83767.62,82365.47,82797.35,518884116.45
2025-03-04 14:00:00+00:00,82797.35,84935.68,82077.65,83197.93,1246090744.54
2025-03-04 15:00:00+00:00,83197.93,83355.95,81504.5,82981.09,1001388261.77
2025-03-04 16:00:00+00:00,82981.09,83797.0,82038.27,83549.7,662088615.61
2025-03-04 17:00:00+00:00,83549.7,85513.78,83409.27,85438.94,669894610.88
2025-03-04 18:00:00+00:00,85438.94,86921.71,85157.15,86768.91,593876548.21
2025-03-04 19:00:00+00:00,86768.91,88489.81,86541.33,88209.04,851514256.38
2025-03-04 20:00:00+00:00,88209.04,88825.52,86700.76,86832.91,623171966.37
2025-03-04 21:00:00+00:00,86832.91,88955.97,86578.83,87516.71,616773213.1
2025-03-04 22:00:00+00:00,87516.71,87964.21,87417.34,87480.28,141108075.8
2025-03-04 23:00:00+00:00,87480.28,87743.94,87097.02,87275.98,163122652.26
2025-03-05 00:00:00+00:00,87275.98,87276.01,86353.33,86797.12,312208172.2
2025-03-05 01:00:00+00:00,86797.12,87788.33,86600.09,87639.58,251973410.35
2025-03-05 02:00:00+00:00,87639.58,87890.17,87037.11,87472.47,270359712.85
2025-03-05 03:00:00+00:00,87472.47,87885.73,86792.31,86844.07,229088011.05
2025-03-05 04:00:00+00:00,86844.07,87395.64,86737.31,86913.76,274205568.49
2025-03-05 05:00:00+00:00,86913.76,87249.62,86852.63,87145.94,138876790.52
2025-03-05 06:00:00+00:00,87145.94,87573.06,87000.93,87488.16,124723198.32
2025-03-05 07:00:00+00:00,87488.16,87722.5,87358.58,87619.21,134511848.14
2025-03-05 08:00:00+00:00,87619.21,87921.64,87596.72,87751.86,110619578.83
2025-03-05 09:00:00+00:00,87751.86,88818.66,87675.1,88473.32,313532348.32
2025-03-05 10:00:00+00:00,88473.32,90654.18,88367.14,89922.44,607307581.09
2025-03-05 11:00:00+00:00,89922.44,90117.43,89566.0,89810.64,294273543.4
2025-03-05 12:00:00+00:00,89810.64,90928.83,89810.6,90354.88,482958791.31
2025-03-05 13:00:00+00:00,90354.88,90583.96,89115.54,89471.3,595317095.19
2025-03-05 14:00:00+00:00,89471.3,89829.62,88171.55,88518.39,694436262.86
2025-03-05 15:00:00+00:00,88518.39,89429.52,87960.05,88340.59,776259424.16
2025-03-05 16:00:00+00:00,88340.59,89264.25,87592.07,88927.25,614260300.41
2025-03-05 17:00:00+00:00,88927.25,90466.79,88792.61,89681.8,535675116.04
2025-03-05 18:00:00+00:00,89681.8,89942.7,88878.19,89708.13,399501289.87
2025-03-05 19:00:00+00:00,89708.13,90138.26,89474.56,89747.37,238666941.7
2025-03-05 20:00:00+00:00,89747.37,90543.85,89674.22,90491.36,260690880.22
2025-03-05 21:00:00+00:00,90491.36,90673.95,89933.72,90374.98,181477288.46
2025-03-05 22:00:00+00:00,90374.98,90534.32,90018.07,90442.56,106997411.29
2025-03-05 23:00:00+00:00,90442.56,90982.42,90302.94,90606.71,193957137.46
2025-03-06 00:00:00+00:00,90606.71,90811.45,89986.21,90047.28,225860334.18
2025-03-06 01:00:00+00:00,90047.28,91885.99,90044.23,91048.74,439547106.51
2025-03-06 02:00:00+00:00,91048.74,92003.55,91001.89,91807.86,432023163.75
2025-03-06 03:00:00+00:00,91807.86,92020.78,91402.04,91603.32,253422015.96
2025-03-06 04:00:00+00:00,91603.32,92449.34,91527.6,92281.03,224700907.18
2025-03-06 05:00:00+00:00,92281.03,92806.36,92126.6,92737.65,230975007.15
2025-03-06 06:00:00+00:00,92737.65,92766.89,91788.94,91913.85,308973651.15
2025-03-06 07:00:00+00:00,91913.85,91994.47,91267.49,91344.54,189495611.1
2025-03-06 08:00:00+00:00,91344.54,91587.18,91117.51,91156.5,192251168.18
2025-03-06 09:00:00+00:00,91156.5,91170.96,90617.45,90748.83,208237276.78
2025-03-06 10:00:00+00:00,90748.83,91662.39,90612.88,91291.85,222782266.77
2025-03-06 11:00:00+00:00,91291.85,91591.07,91003.04,91351.09,175353282.84
2025-03-06 12:00:00+00:00,91351.09,91397.69,89832.1,90101.08,368776173.17
2025-03-06 13:00:00+00:00,90101.08,90462.08,89476.76,89571.99,371580579.36
2025-03-06 14:00:00+00:00,89571.99,90365.91,89116.46,89802.68,667750799.3
2025-03-06 15:00:00+00:00,89802.68,91450.37,89632.78,90821.0,609491930.99
2025-03-06 16:00:00+00:00,90821.0,91061.04,89220.17,89308.24,471625163.49
2025-03-06 17:00:00+00:00,89308.24,89349.52,88007.89,88626.81,645571991.88
2025-03-06 18:00:00+00:00,88626.81,88962.22,88143.88,88423.23,341180583.31
2025-03-06 19:00:00+00:00,88423.23,89391.61,87836.65,88521.68,350488472.29
2025-03-06 20:00:00+00:00,88521.68,89357.55,88469.02,89028.81,334133298.61
2025-03-06 21:00:00+00:00,89028.81,89833.3,88969.33,89760.43,241256399.04
2025-03-06 22:00:00+00:00,89760.43,90772.18,89521.27,90309.49,418510485.41
2025-03-06 23:00:00+00:00,90309.49,90560.63,89903.86,89931.4,192616783.4
2025-03-07 00:00:00+00:00,89931.4,91278.23,84684.09,85525.55,1931610391.35
2025-03-07 01:00:00+00:00,85525.55,88911.39,85206.99,88253.15,1127230922.8
2025-03-07 02:00:00+00:00,88253.15,88445.12,87234.74,87234.74,462238654.47
2025-03-07 03:00:00+00:00,87234.74,87682.69,86785.58,86985.4,302709495.6
2025-03-07 04:00:00+00:00,86985.4,87883.05,86856.66,87635.28,268032270.38
2025-03-07 05:00:00+00:00,87635.28,88439.19,87593.16,88224.92,253383151.19
2025-03-07 06:00:00+00:00,88224.92,88352.72,87810.87,88207.31,174077265.65
2025-03-07 07:00:00+00:00,88207.31,88608.16,88102.07,88363.85,192866745.48
2025-03-07 08:00:00+00:00,88363.85,88484.2,87991.4,88368.62,138489470.64
2025-03-07 09:00:00+00:00,88368.62,89695.82,88364.59,88927.46,254767670.71
2025-03-07 10:00:00+00:00,88927.46,89282.45,88747.13,89259.35,162763945.46
2025-03-07 11:00:00+00:00,89259.35,89448.79,88848.4,88965.73,142708876.37
2025-03-07 12:00:00+00:00,88965.73,89310.76,88319.15,89051.37,294581275.3
2025-03-07 13:00:00+00:00,89051.37,90339.19,88981.12,89143.92,812458379.65
2025-03-07 14:00:00+00:00,89143.92,91084.73,88683.13,90444.45,809891551.94
2025-03-07 15:00:00+00:00,90444.45,90787.54,88032.85,88451.0,1009217646.59
2025-03-07 16:00:00+00:00,88451.0,88962.77,86644.39,87236.95,927433660.52
2025-03-07 17:00:00+00:00,87236.95,88639.75,86594.12,87679.37,702205499.45
2025-03-07 18:00:00+00:00,87679.37,89025.53,87513.77,88590.25,535789180.54
2025-03-07 19:00:00+00:00,88590.25,88908.44,87342.19,87820.39,413492271.72
2025-03-07 20:00:00+00:00,87820.39,88495.85,86643.77,87006.86,644921885.76
2025-03-07 21:00:00+00:00,87006.86,87366.23,85639.4,86324.79,808853102.78
2025-03-07 22:00:00+00:00,86324.79,86842.47,85615.08,86747.97,282802098.7
2025-03-07 23:00:00+00:00,86747.97,86834.31,85980.6,86797.5,230739466.39
2025-03-08 00:00:00+00:00,86797.5,86894.58,86537.86,86725.4,187201540.31
2025-03-08 01:00:00+00:00,86725.4,86763.13,85236.33,86101.51,338459215.96
2025-03-08 02:00:00+00:00,86101.51,86339.3,85941.32,86181.95,184039379.52
2025-03-08 03:00:00+00:00,86181.95,86186.12,85459.68,85921.38,125152981.74
2025-03-08 04:00:00+00:00,85921.38,86499.02,85659.97,86448.58,121740856.19
2025-03-08 05:00:00+00:00,86448.58,86457.76,86018.11,86279.3,61453772.46
2025-03-08 06:00:00+00:00,86279.3,86657.52,86269.1,86472.65,121473632.23
2025-03-08 07:00:00+00:00,86472.65,86539.84,86109.78,86196.1,92045428.06
2025-03-08 08:00:00+00:00,86196.1,86321.14,86043.28,86069.96,76846893.42
2025-03-08 09:00:00+00:00,86069.96,86453.11,85842.26,85941.07,102449524.82
2025-03-08 10:00:00+00:00,85941.07,86261.39,85941.05,86122.15,68153136.24
2025-03-08 11:00:00+00:00,86122.15,86128.39,85762.34,85950.26,107243528.81
2025-03-08 12:00:00+00:00,85950.26,86406.75,85810.66,86208.05,136232182.29
2025-03-08 13:00:00+00:00,86208.05,86529.13,86128.51,86326.61,145758277.38
2025-03-08 14:00:00+00:00,86326.61,86629.67,86221.76,86364.75,167127478.16
2025-03-08 15:00:00+00:00,86364.75,86615.6,86207.08,86401.05,94759377.36
2025-03-08 16:00:00+00:00,86401.05,86451.79,85825.43,86143.11,132103919.1
2025-03-08 17:00:00+00:00,86143.11,86152.19,85671.31,85945.58,171968858.55
2025-03-08 18:00:00+00:00,85945.58,86082.17,85873.9,86040.44,52965553.24
2025-03-08 19:00:00+00:00,86040.44,86498.11,85801.46,86229.49,112347494.94
2025-03-08 20:00:00+00:00,86229.49,86365.86,86185.82,86279.81,46704510.83
2025-03-08 21:00:00+00:00,86279.81,86501.61,86201.17,86229.88,44808462.95
2025-03-08 22:00:00+00:00,86229.88,86372.48,85857.26,86347.66,69298707.46
2025-03-08 23:00:00+00:00,86347.66,86396.29,86068.39,86224.95,77182595.51
2025-03-09 00:00:00+00:00,86224.95,86463.9,86119.98,86419.15,70151561.49
2025-03-09 01:00:00+00:00,86419.15,86506.0,86102.17,86196.83,64562433.06
2025-03-09 02:00:00+00:00,86196.83,86279.82,86004.01,86007.79,60687691.08
2025-03-09 03:00:00+00:00,86007.79,86219.89,85956.64,86119.51,69260176.11
2025-03-09 04:00:00+00:00,86119.51,86127.26,85944.67,86057.52,53235579.87
2025-03-09 05:00:00+00:00,86057.52,86159.65,85977.55,86034.01,48555414.4
2025-03-09 06:00:00+00:00,86034.01,86042.4,85811.35,85906.96,63794148.41
2025-03-09 07:00:00+00:00,85906.96,86157.31,85847.0,86007.73,61999718.88
2025-03-09 08:00:00+00:00,86007.73,86085.15,85778.79,85793.07,76044127.56
2025-03-09 09:00:00+00:00,85793.07,85891.61,85400.32,85565.69,85412849.26
2025-03-09 10:00:00+00:00,85565.69,85622.19,84712.42,84842.45,233495299.55
2025-03-09 11:00:00+00:00,84842.45,85098.11,84645.36,85022.3,204391052.33
2025-03-09 12:00:00+00:00,85022.3,85052.55,84248.92,84594.87,270210791.41
2025-03-09 13:00:00+00:00,84594.87,84693.28,83490.09,83490.09,302698817.23
2025-03-09 14:00:00+00:00,83490.09,83802.95,83010.0,83598.17,455438228.47
2025-03-09 15:00:00+00:00,83598.17,83756.98,82777.99,83076.57,314686713.08
2025-03-09 16:00:00+00:00,83076.57,83744.67,82327.23,82488.06,490242477.51
2025-03-09 17:00:00+00:00,82488.06,82936.96,82219.97,82357.76,319205978.75
2025-03-09 18:00:00+00:00,82357.76,83321.02,82263.22,82659.4,389313071.11
2025-03-09 19:00:00+00:00,82659.4,82967.45,82321.74,82621.04,307937326.62
2025-03-09 20:00:00+00:00,82621.04,83518.33,82596.58,83066.3,190209945.85
2025-03-09 21:00:00+00:00,83066.3,83074.13,81582.48,81834.88,355699786.7
2025-03-09 22:00:00+00:00,81834.88,82039.07,80200.5,80346.93,474750124.54
2025-03-09 23:00:00+00:00,80346.93,81023.43,79998.43,80725.43,516489229.14
2025-03-10 00:00:00+00:00,80725.43,81488.58,80053.39,81283.3,511751313.98
2025-03-10 01:00:00+00:00,81283.3,81878.39,80832.05,81761.6,417944049.37
2025-03-10 02:00:00+00:00,81761.6,82727.79,81524.43,82199.4,405234476.64
2025-03-10 03:00:00+00:00,82199.4,82335.29,81793.44,82044.34,223464013.74
2025-03-10 04:00:00+00:00,82044.34,82655.28,82004.28,82633.78,131586064.21
2025-03-10 05:00:00+00:00,82633.78,82783.25,82125.95,82306.2,141468044.31
2025-03-10 06:00:00+00:00,82306.2,82418.89,81990.34,82331.5,119478115.25
2025-03-10 07:00:00+00:00,82331.5,82689.3,82059.31,82320.37,152307052.43
2025-03-10 08:00:00+00:00,82320.37,82387.24,81159.89,81351.8,233552113.25
2025-03-10 09:00:00+00:00,81351.8,84044.21,81337.42,82509.66,601984714.72
2025-03-10 10:00:00+00:00,82509.66,82673.8,81643.92,82288.81,224951115.21
2025-03-10 11:00:00+00:00,82288.81,83784.54,82069.95,83571.15,292458890.23
2025-03-10 12:00:00+00:00,83571.15,83762.27,82644.28,83254.53,402962666.63
2025-03-10 13:00:00+00:00,83254.53,83313.0,81426.49,81531.01,545646951.34
2025-03-10 14:00:00+00:00,81531.01,81531.08,79186.78,79824.56,1183562010.47
2025-03-10 15:00:00+00:00,79824.56,81114.72,79569.77,80036.75,600653881.61
2025-03-10 16:00:00+00:00,80036.75,80241.15,78989.99,79002.95,510703947.48
2025-03-10 17:00:00+00:00,79002.95,79319.1,78206.76,78460.24,733562809.85
2025-03-10 18:00:00+00:00,78460.24,79138.27,77506.53,77645.89,682523329.19
2025-03-10 19:00:00+00:00,77645.89,79526.43,77466.13,79059.37,716978233.16
2025-03-10 20:00:00+00:00,79059.37,79701.35,78408.18,79303.25,358351045.6
2025-03-10 21:00:00+00:00,79303.25,79879.86,78959.12,79560.3,227299941.42
2025-03-10 22:00:00+00:00,79560.3,79843.23,79203.53,79500.68,221216469.19
2025-03-10 23:00:00+00:00,79500.68,79706.92,78491.86,78592.39,253687006.25
2025-03-11 00:00:00+00:00,78592.39,79227.25,76619.56,77674.59,919159121.58
2025-03-11 01:00:00+00:00,77674.59,79126.85,76816.98,79121.52,689883895.6
2025-03-11 02:00:00+00:00,79121.52,79645.35,78934.71,79357.21,361185545.63
2025-03-11 03:00:00+00:00,79357.21,79898.77,79280.72,79523.56,204329232.43
2025-03-11 04:00:00+00:00,79523.56,80242.74,79447.59,79759.73,227351869.01
2025-03-11 05:00:00+00:00,79759.73,80447.37,79723.32,80257.44,205792530.43
2025-03-11 06:00:00+00:00,80257.44,80539.25,80101.69,80107.34,150902909.74
2025-03-11 07:00:00+00:00,80107.34,80611.84,80091.45,80427.59,186346158.21
2025-03-11 08:00:00+00:00,80427.59,81518.36,80328.17,81129.28,353090612.28
2025-03-11 09:00:00+00:00,81129.28,81890.69,81127.9,81455.28,269227506.31
2025-03-11 10:00:00+00:00,81455.28,81871.67,81272.69,81803.71,279282472.73
2025-03-11 11:00:00+00:00,81803.71,82059.04,81404.23,81715.31,263692391.5
2025-03-11 12:00:00+00:00,81715.31,81902.59,81048.03,81225.26,388849986.64
2025-03-11 13:00:00+00:00,81225.26,81961.56,80553.96,80896.18,864817218.84
2025-03-11 14:00:00+00:00,80896.18,81367.07,79060.34,79769.57,1215113227.73
2025-03-11 15:00:00+00:00,79769.57,81655.13,79694.83,81225.39,691478827.08
2025-03-11 16:00:00+00:00,81225.39,81884.71,80639.18,81383.69,424066363.69
2025-03-11 17:00:00+00:00,81383.69,81720.59,80781.11,81303.95,341923236.2
2025-03-11 18:00:00+00:00,81303.95,83461.94,81286.36,83276.14,570393335.53
2025-03-11 19:00:00+00:00,83276.14,83613.16,82854.56,83113.54,390526526.01
2025-03-11 20:00:00+00:00,83113.54,83164.26,82606.79,82798.39,178974336.09
2025-03-11 21:00:00+00:00,82798.39,83256.74,82798.36,83110.65,104984382.92
2025-03-11 22:00:00+00:00,83110.65,83299.95,82978.64,83136.4,106300877.32
2025-03-11 23:00:00+00:00,83136.4,83183.84,82558.57,82931.92,166063429.06
2025-03-12 00:00:00+00:00,82931.92,83132.29,82607.75,82763.34,154751914.69
2025-03-12 01:00:00+00:00,82763.34,83770.38,82751.64,83309.74,255855169.35
2025-03-12 02:00:00+00:00,83309.74,83328.39,82238.66,82428.53,328692683.15
2025-03-12 03:00:00+00:00,82428.53,82609.46,82104.86,82126.73,188914882.43
2025-03-12 04:00:00+00:00,82126.73,82172.84,81622.86,81806.16,207267002.67
2025-03-12 05:00:00+00:00,81806.16,82036.86,81616.83,81981.78,127579832.12
2025-03-12 06:00:00+00:00,81981.78,81985.04,81302.24,81430.17,154666388.46
2025-03-12 07:00:00+00:00,81430.17,82533.85,81332.19,82444.54,299362622.64
2025-03-12 08:00:00+00:00,82444.54,82837.03,82038.19,82690.18,340122606.05
2025-03-12 09:00:00+00:00,82690.18,82928.58,82236.22,82677.07,202831614.91
2025-03-12 10:00:00+00:00,82677.07,82766.46,82109.25,82490.27,211652717.39
2025-03-12 11:00:00+00:00,82490.27,83065.55,82435.56,83006.12,161403943.53
2025-03-12 12:00:00+00:00,83006.12,84305.5,82871.19,84065.81,777086380.02
2025-03-12 13:00:00+00:00,84065.81,84208.29,82362.23,82684.64,621864189.34
2025-03-12 14:00:00+00:00,82684.64,82915.0,81525.7,81528.44,518152593.64
2025-03-12 15:00:00+00:00,81528.44,81997.62,80612.94,81731.3,662050176.49
2025-03-12 16:00:00+00:00,81731.3,82277.81,81616.55,81959.94,322998727.56
2025-03-12 17:00:00+00:00,81959.94,82881.64,81784.37,81843.08,309514375.26
2025-03-12 18:00:00+00:00,81843.08,82799.95,81729.95,82629.79,262393589.84
2025-03-12 19:00:00+00:00,82629.79,83149.93,82485.04,82912.74,221635147.31
2025-03-12 20:00:00+00:00,82912.74,83184.1,82710.35,83119.98,104006043.04
2025-03-12 21:00:00+00:00,83119.98,83318.58,82857.46,83087.87,69680960.8
2025-03-12 22:00:00+00:00,83087.87,83688.27,83081.69,83650.12,124146559.1
2025-03-12 23:00:00+00:00,83650.12,83885.86,83407.95,83677.41,138369983.89
2025-03-13 00:00:00+00:00,83677.41,83997.34,83440.37,83446.45,215734851.53
2025-03-13 01:00:00+00:00,83446.45,84219.28,83320.48,83920.64,192053720.51
2025-03-13 02:00:00+00:00,83920.64,84328.32,83758.69,83784.97,175881267.73
2025-03-13 03:00:00+00:00,83784.97,84187.16,83545.84,83574.81,149364321.17
2025-03-13 04:00:00+00:00,83574.81,83704.09,83217.98,83290.34,139176272.24
2025-03-13 05:00:00+00:00,83290.34,83536.7,83083.02,83155.65,126118281.43
2025-03-13 06:00:00+00:00,83155.65,83330.03,82858.19,83290.45,140329195.9
2025-03-13 07:00:00+00:00,83290.45,83550.61,83138.12,83155.83,152496154.07
2025-03-13 08:00:00+00:00,83155.83,83261.78,82406.8,82974.33,157631359.67
2025-03-13 09:00:00+00:00,82974.33,83509.65,82971.9,83431.78,173293233.02
2025-03-13 10:00:00+00:00,83431.78,83488.72,83004.04,83189.16,135254792.39
2025-03-13 11:00:00+00:00,83189.16,83228.27,82709.14,82974.76,155002105.42
2025-03-13 12:00:00+00:00,82974.76,83684.37,82297.1,82514.98,399260739.32
2025-03-13 13:00:00+00:00,82514.98,83085.12,81602.98,81773.53,428999546.1
2025-03-13 14:00:00+00:00,81773.53,82489.31,81563.05,82007.86,383328760.06
2025-03-13 15:00:00+00:00,82007.86,82172.06,80957.91,81044.14,404101309.55
2025-03-13 16:00:00+00:00,81044.14,81253.42,80661.34,80868.09,305887890.3
2025-03-13 17:00:00+00:00,80868.09,80883.81,79945.22,80061.7,446192551.91
2025-03-13 18:00:00+00:00,80061.7,80961.1,80001.55,80820.55,300626731.05
2025-03-13 19:00:00+00:00,80820.55,81032.14,80141.99,80208.23,240599145.54
2025-03-13 20:00:00+00:00,80208.23,80730.26,80192.49,80374.17,158272779.62
2025-03-13 21:00:00+00:00,80374.17,80873.29,80284.06,80809.43,117889758.5
2025-03-13 22:00:00+00:00,80809.43,81397.4,80734.32,81392.45,116701198.62
2025-03-13 23:00:00+00:00,81392.45,81482.64,81047.65,81114.23,91529080.34
2025-03-14 00:00:00+00:00,81114.23,81690.74,80821.41,81503.16,140194209.54
2025-03-14 01:00:00+00:00,81503.16,81873.3,81212.15,81598.82,116457678.64
2025-03-14 02:00:00+00:00,81598.82,82263.02,81591.55,82223.73,157202323.29
2025-03-14 03:00:00+00:00,82223.73,82242.91,81737.34,81892.71,133574511.84
2025-03-14 04:00:00+00:00,81892.71,82035.55,81845.28,81949.0,88639229.1
2025-03-14 05:00:00+00:00,81949.0,82217.16,81822.52,82145.25,103731521.01
2025-03-14 06:00:00+00:00,82145.25,82188.86,81780.25,82036.67,89814553.57
2025-03-14 07:00:00+00:00,82036.67,82449.58,81898.4,82178.37,125372660.69
2025-03-14 08:00:00+00:00,82178.37,82643.78,82176.56,82594.65,120315028.66
2025-03-14 09:00:00+00:00,82594.65,82936.8,82574.79,82781.23,139047775.55
2025-03-14 10:00:00+00:00,82781.23,83291.12,82676.42,83045.45,198313792.27
2025-03-14 11:00:00+00:00,83045.45,83350.13,82980.84,83255.79,136342496.12
2025-03-14 12:00:00+00:00,83255.79,83523.62,83055.72,83420.1,188327581.95
2025-03-14 13:00:00+00:00,83420.1,83883.32,83055.04,83599.63,392093602.31
2025-03-14 14:00:00+00:00,83599.63,83599.63,82655.35,83505.93,674880493.62
2025-03-14 15:00:00+00:00,83505.93,85301.45,83505.14,84728.67,1009211337.02
2025-03-14 16:00:00+00:00,84728.67,84952.72,83973.36,84786.33,489803613.81
2025-03-14 17:00:00+00:00,84786.33,84836.48,84193.98,84359.6,240657425.02
2025-03-14 18:00:00+00:00,84359.6,84724.38,84204.26,84570.29,184323032.27
2025-03-14 19:00:00+00:00,84570.29,84931.16,84458.93,84558.18,165239324.79
2025-03-14 20:00:00+00:00,84558.18,84558.23,83726.64,84134.03,193859146.7
2025-03-14 21:00:00+00:00,84134.03,84300.53,83956.97,84205.26,77070861.77
2025-03-14 22:00:00+00:00,84205.26,84510.77,84107.56,84440.17,128313620.82
2025-03-14 23:00:00+00:00,84440.17,84444.64,83956.48,83982.03,84041491.05
2025-03-15 00:00:00+00:00,83982.03,84348.64,83969.34,84296.93,105366471.36
2025-03-15 01:00:00+00:00,84296.93,84572.33,84111.19,84352.6,93603368.13
2025-03-15 02:00:00+00:00,84352.6,84627.08,84166.4,84553.96,91192906.27
2025-03-15 03:00:00+00:00,84553.96,84674.53,84420.99,84489.69,96694815.0
2025-03-15 04:00:00+00:00,84489.69,84559.45,84300.52,84461.23,46115230.77
2025-03-15 05:00:00+00:00,84461.23,84478.89,84269.61,84270.55,42244469.64
2025-03-15 06:00:00+00:00,84270.55,84304.84,84167.66,84186.21,76277733.85
2025-03-15 07:00:00+00:00,84186.21,84196.78,83801.94,83833.31,151716108.3
2025-03-15 08:00:00+00:00,83833.31,84020.35,83621.04,83894.75,129754655.12
2025-03-15 09:00:00+00:00,83894.75,83970.79,83714.72,83965.05,112153778.61
2025-03-15 10:00:00+00:00,83965.05,83988.27,83666.48,83910.71,74187477.4
2025-03-15 11:00:00+00:00,83910.71,84179.78,83840.34,84102.43,73965548.81
2025-03-15 12:00:00+00:00,84102.43,84274.07,84011.95,84139.19,98286356.99
2025-03-15 13:00:00+00:00,84139.19,84474.79,84132.71,84456.3,125770795.83
2025-03-15 14:00:00+00:00,84456.3,84456.3,84109.96,84137.47,126122120.34
2025-03-15 15:00:00+00:00,84137.47,84401.62,84137.47,84339.66,72980097.34
2025-03-15 16:00:00+00:00,84339.66,84481.94,84192.79,84360.03,92663546.38
2025-03-15 17:00:00+00:00,84360.03,84488.07,84275.06,84418.92,61556736.55
2025-03-15 18:00:00+00:00,84418.92,84471.36,84134.73,84221.1,50717406.72
2025-03-15 19:00:00+00:00,84221.1,84316.51,84093.06,84294.9,48360731.57
2025-03-15 20:00:00+00:00,84294.9,84445.97,84293.69,84384.47,32333607.99
2025-03-15 21:00:00+00:00,84384.47,84465.2,84239.31,84385.24,33608560.75
2025-03-15 22:00:00+00:00,84385.24,84446.1,84322.57,84382.72,28406186.21
2025-03-15 23:00:00+00:00,84382.72,84404.84,84275.32,84338.4,29301251.63
2025-03-16 00:00:00+00:00,84338.4,84385.57,84213.34,84255.12,40103051.49
2025-03-16 01:00:00+00:00,84255.12,84277.1,83840.11,83872.87,91959422.18
2025-03-16 02:00:00+00:00,83872.87,84127.38,83741.91,83968.7,86381293.37
2025-03-16 03:00:00+00:00,83968.7,84382.2,83905.35,84330.25,55201564.31
2025-03-16 04:00:00+00:00,84330.25,84412.57,84246.05,84403.92,50239548.95
2025-03-16 05:00:00+00:00,84403.92,84409.65,84303.87,84392.01,33938356.55
2025-03-16 06:00:00+00:00,84392.01,84398.0,84229.99,84229.99,26402024.5
2025-03-16 07:00:00+00:00,84229.99,84367.63,83978.0,84275.35,78517328.85
2025-03-16 08:00:00+00:00,84275.35,84335.38,84164.14,84266.66,38366335.69
2025-03-16 09:00:00+00:00,84266.66,84271.3,83808.18,83895.07,87317598.24
2025-03-16 10:00:00+00:00,83895.07,84055.4,83663.4,83668.47,102537374.82
2025-03-16 11:00:00+00:00,83668.47,83691.55,82384.08,82408.57,319521731.67
2025-03-16 12:00:00+00:00,82408.57,82927.28,82397.37,82757.45,213813990.44
2025-03-16 13:00:00+00:00,82757.45,83138.68,82503.27,82600.93,224921733.56
2025-03-16 14:00:00+00:00,82600.93,83376.46,82582.38,83368.6,175050866.15
2025-03-16 15:00:00+00:00,83368.6,83492.34,82981.7,83316.45,168271360.41
2025-03-16 16:00:00+00:00,83316.45,85071.22,83292.19,83631.5,670122397.83
2025-03-16 17:00:00+00:00,83631.5,84106.46,83492.09,83910.49,178612516.64
2025-03-16 18:00:00+00:00,83910.49,84089.77,83635.04,83699.02,130348347.47
2025-03-16 19:00:00+00:00,83699.02,83724.33,82590.55,83093.79,236404118.02
2025-03-16 20:00:00+00:00,83093.79,83441.48,82909.21,83215.65,117415291.75
2025-03-16 21:00:00+00:00,83215.65,83221.05,82688.42,82764.64,93998686.79
2025-03-16 22:00:00+00:00,82764.64,82839.04,82090.87,82095.66,198807811.61
2025-03-16 23:00:00+00:00,82095.66,82630.3,81989.32,82574.7,206322143.05
2025-03-17 00:00:00+00:00,82574.7,83149.79,82523.1,83056.74,117788346.19
2025-03-17 01:00:00+00:00,83056.74,83393.63,82830.22,83235.3,115226847.08
2025-03-17 02:00:00+00:00,83235.3,83370.38,82982.14,83217.66,74273319.65
2025-03-17 03:00:00+00:00,83217.66,83723.71,83217.27,83679.63,123007971.03
2025-03-17 04:00:00+00:00,83679.63,83869.72,83521.77,83615.83,79997978.34
2025-03-17 05:00:00+00:00,83615.83,83615.84,83121.83,83121.83,118215185.52
2025-03-17 06:00:00+00:00,83121.83,83290.33,82682.91,83217.76,115332310.27
2025-03-17 07:00:00+00:00,83217.76,83624.35,83211.63,83565.46,133175289.98
2025-03-17 08:00:00+00:00,83565.46,83705.44,83216.1,83542.09,93927662.99
2025-03-17 09:00:00+00:00,83542.09,83779.66,83430.26,83657.95,119502091.49
2025-03-17 10:00:00+00:00,83657.95,83679.64,83257.51,83339.68,86814222.11
2025-03-17 11:00:00+00:00,83339.68,83690.82,83219.02,83512.82,85090627.58
2025-03-17 12:00:00+00:00,83512.82,83936.72,82999.73,83057.36,467015037.92
2025-03-17 13:00:00+00:00,83057.36,83730.57,82808.26,83024.48,366551440.29
2025-03-17 14:00:00+00:00,83024.48,83344.22,82466.58,82912.8,412037634.37
2025-03-17 15:00:00+00:00,82912.8,83697.12,82712.07,83529.37,259088682.93
2025-03-17 16:00:00+00:00,83529.37,83865.19,83126.25,83443.47,232833103.35
2025-03-17 17:00:00+00:00,83443.47,84336.24,83356.35,84194.33,228265275.62
2025-03-17 18:00:00+00:00,84194.33,84588.78,83992.14,84501.7,231098490.56
2025-03-17 19:00:00+00:00,84501.7,84750.51,84319.75,84477.25,159440958.49
2025-03-17 20:00:00+00:00,84477.25,84502.98,83848.54,83957.4,109830515.72
2025-03-17 21:00:00+00:00,83957.4,84240.93,83884.36,84076.18,77209524.9
2025-03-17 22:00:00+00:00,84076.18,84246.89,84001.98,84064.46,40282534.98
2025-03-17 23:00:00+00:00,84064.46,84138.11,83747.5,84012.25,79999343.95
2025-03-18 00:00:00+00:00,84012.25,84023.45,83712.6,83792.46,68529614.5
2025-03-18 01:00:00+00:00,83792.46,83913.03,83012.09,83164.25,200652571.31
2025-03-18 02:00:00+00:00,83164.25,83529.72,83085.95,83369.67,115089744.98
2025-03-18 03:00:00+00:00,83369.67,83369.75,82962.41,83146.05,130285088.82
2025-03-18 04:00:00+00:00,83146.05,83207.34,82855.55,82992.51,118724668.43
2025-03-18 05:00:00+00:00,82992.51,83125.8,82903.72,83018.72,155182675.45
2025-03-18 06:00:00+00:00,83018.72,83022.95,82250.12,82450.21,209920163.59
2025-03-18 07:00:00+00:00,82450.21,83245.15,82364.51,83163.35,275372712.6
2025-03-18 08:00:00+00:00,83163.35,83453.34,83047.09,83281.34,113140969.85
2025-03-18 09:00:00+00:00,83281.34,83344.29,82787.89,82838.44,101176726.41
2025-03-18 10:00:00+00:00,82838.44,82937.76,82598.48,82814.52,118264226.62
2025-03-18 11:00:00+00:00,82814.52,82857.54,82510.06,82585.02,109372472.4
2025-03-18 12:00:00+00:00,82585.02,82819.87,82334.19,82401.66,168039331.67
2025-03-18 13:00:00+00:00,82401.66,82478.78,81160.17,81371.59,481773586.13
2025-03-18 14:00:00+00:00,81371.59,81975.37,81149.98,81854.7,375804764.19
2025-03-18 15:00:00+00:00,81854.7,82206.89,81540.5,81607.49,230630749.65
2025-03-18 16:00:00+00:00,81607.49,82157.77,81545.43,81859.7,185577386.53
2025-03-18 17:00:00+00:00,81859.7,81974.08,81335.24,81465.07,224534347.29
2025-03-18 18:00:00+00:00,81465.07,81947.83,81250.8,81886.19,160953876.8
2025-03-18 19:00:00+00:00,81886.19,82476.64,81764.81,82311.15,235514604.82
2025-03-18 20:00:00+00:00,82311.15,82355.36,81881.23,82049.38,103479048.9
2025-03-18 21:00:00+00:00,82049.38,82202.82,81930.68,82058.54,60357144.68
2025-03-18 22:00:00+00:00,82058.54,82561.29,81996.99,82394.26,85258517.51
2025-03-18 23:00:00+00:00,82394.26,82809.99,82394.25,82713.15,97091089.13
2025-03-19 00:00:00+00:00,82713.15,83253.53,82603.53,83113.18,170490601.23
2025-03-19 01:00:00+00:00,83113.18,83160.45,82592.75,82600.32,134413460.48
2025-03-19 02:00:00+00:00,82600.32,82897.35,82550.58,82867.3,100578805.36
2025-03-19 03:00:00+00:00,82867.3,83081.74,82742.27,83035.5,104500526.6
2025-03-19 04:00:00+00:00,83035.5,83074.42,82793.47,82956.19,78895984.07
2025-03-19 05:00:00+00:00,82956.19,83320.54,82915.02,83241.37,118977721.13
2025-03-19 06:00:00+00:00,83241.37,83323.7,83119.19,83197.63,82445415.11
2025-03-19 07:00:00+00:00,83197.63,83361.83,83052.94,83184.31,104732700.89
2025-03-19 08:00:00+00:00,83184.31,83500.47,83179.73,83411.02,147760592.61
2025-03-19 09:00:00+00:00,83411.02,83598.56,83361.64,83529.74,141095111.03
2025-03-19 10:00:00+00:00,83529.74,83790.67,83455.86,83472.59,167643627.59
2025-03-19 11:00:00+00:00,83472.59,84097.72,83386.69,83880.48,259786795.21
2025-03-19 12:00:00+00:00,83880.48,83924.19,83519.94,83747.93,174871705.55
2025-03-19 13:00:00+00:00,83747.93,84330.08,83626.41,84094.06,434641345.04
2025-03-19 14:00:00+00:00,84094.06,84386.37,83878.54,84310.72,333783456.22
2025-03-19 15:00:00+00:00,84310.72,84887.09,84113.45,84733.42,291788094.53
2025-03-19 16:00:00+00:00,84733.42,84822.21,84432.81,84573.85,265819179.21
2025-03-19 17:00:00+00:00,84573.85,84703.81,83774.62,84237.52,349720882.92
2025-03-19 18:00:00+00:00,84237.52,85865.57,83585.78,85616.8,955081880.17
2025-03-19 19:00:00+00:00,85616.8,85938.87,84936.74,85432.91,585388848.51
2025-03-19 20:00:00+00:00,85432.91,85848.11,85211.94,85355.25,202381855.43
2025-03-19 21:00:00+00:00,85355.25,85913.2,85334.24,85636.63,117393665.39
2025-03-19 22:00:00+00:00,85636.63,86503.77,85635.68,86157.6,254142318.23
2025-03-19 23:00:00+00:00,86157.6,86997.48,86157.59,86838.77,254128409.48
2025-03-20 00:00:00+00:00,86838.77,87431.83,85946.5,86020.01,451960941.62
2025-03-20 01:00:00+00:00,86020.01,86365.41,85731.92,85867.78,221118687.4
2025-03-20 02:00:00+00:00,85867.78,86120.93,85626.22,86066.01,190474297.23
2025-03-20 03:00:00+00:00,86066.01,86130.47,85826.08,85890.52,95910996.38
2025-03-20 04:00:00+00:00,85890.52,85930.67,85434.81,85678.83,107189662.39
2025-03-20 05:00:00+00:00,85678.83,85834.58,85471.67,85827.4,124882193.54
2025-03-20 06:00:00+00:00,85827.4,86007.16,85634.42,85759.79,89729795.68
2025-03-20 07:00:00+00:00,85759.79,85966.0,85694.16,85815.45,87060393.14
2025-03-20 08:00:00+00:00,85815.45,86303.29,85704.15,86239.63,117834627.49
2025-03-20 09:00:00+00:00,86239.63,86270.13,85800.23,85877.93,98311470.1
2025-03-20 10:00:00+00:00,85877.93,85944.35,84804.62,85172.08,351040907.19
2025-03-20 11:00:00+00:00,85172.08,85510.39,85165.12,85498.44,116632504.76
2025-03-20 12:00:00+00:00,85498.44,85560.55,85208.44,85351.93,114105534.67
2025-03-20 13:00:00+00:00,85351.93,85852.95,85086.3,85516.82,272244546.09
2025-03-20 14:00:00+00:00,85516.82,86524.27,85487.97,86167.27,446714303.84
2025-03-20 15:00:00+00:00,86167.27,86210.32,84576.41,84691.63,580436452.01
2025-03-20 16:00:00+00:00,84691.63,84879.79,83653.97,83797.68,537903376.91
2025-03-20 17:00:00+00:00,83797.68,84359.24,83737.41,84091.05,347515858.65
2025-03-20 18:00:00+00:00,84091.05,84335.99,83945.21,84054.35,179498769.6
2025-03-20 19:00:00+00:00,84054.35,84414.52,83918.43,84169.1,161707770.92
2025-03-20 20:00:00+00:00,84169.1,84602.13,84142.79,84531.89,102609806.23
2025-03-20 21:00:00+00:00,84531.89,84600.6,84247.17,84357.78,82395510.44
2025-03-20 22:00:00+00:00,84357.78,84497.34,84000.07,84139.58,105152256.93
2025-03-20 23:00:00+00:00,84139.58,84350.82,83923.61,84219.49,95884952.49
2025-03-21 00:00:00+00:00,84219.49,84529.58,84178.58,84500.75,88310209.0
2025-03-21 01:00:00+00:00,84500.75,84783.38,84369.15,84772.34,84321041.04
2025-03-21 02:00:00+00:00,84772.34,84840.49,84519.92,84677.3,67893635.92
2025-03-21 03:00:00+00:00,84677.3,84722.13,84265.58,84447.59,78279536.72
2025-03-21 04:00:00+00:00,84447.59,84795.8,84447.51,84661.47,67386433.3
2025-03-21 05:00:00+00:00,84661.47,84667.47,84335.72,84463.53,75196711.57
2025-03-21 06:00:00+00:00,84463.53,84468.67,84064.63,84197.61,142874447.43
2025-03-21 07:00:00+00:00,84197.61,84267.44,83740.6,83940.87,143606497.18
2025-03-21 08:00:00+00:00,83940.87,84151.68,83738.62,84019.38,106796088.27
2025-03-21 09:00:00+00:00,84019.38,84321.33,83804.85,84128.8,97660787.53
2025-03-21 10:00:00+00:00,84128.8,84280.48,83896.77,84159.7,81581544.7
2025-03-21 11:00:00+00:00,84159.7,84169.08,83940.48,84046.14,59292046.26
2025-03-21 12:00:00+00:00,84046.14,84351.46,83392.9,83462.73,203499728.13
2025-03-21 13:00:00+00:00,83462.73,84091.4,83176.17,83932.78,300889916.77
2025-03-21 14:00:00+00:00,83932.78,84282.8,83507.27,84237.96,244110449.4
2025-03-21 15:00:00+00:00,84237.96,84270.65,83556.56,83562.91,154814534.45
2025-03-21 16:00:00+00:00,83562.91,84140.3,83375.96,84095.31,190181507.35
2025-03-21 17:00:00+00:00,84095.31,84144.47,83708.86,84018.69,101920517.95
2025-03-21 18:00:00+00:00,84018.69,84424.7,83902.38,84099.35,120742768.28
2025-03-21 19:00:00+00:00,84099.35,84190.92,83795.2,83953.92,97199383.62
2025-03-21 20:00:00+00:00,83953.92,84227.49,83809.63,84208.34,65365198.72
2025-03-21 21:00:00+00:00,84208.34,84579.24,84170.01,84392.97,77746327.42
2025-03-21 22:00:00+00:00,84392.97,84408.29,84098.96,84177.46,48860617.39
2025-03-21 23:00:00+00:00,84177.46,84221.91,84044.94,84086.8,41759431.14
2025-03-22 00:00:00+00:00,84086.8,84251.22,84041.87,84198.99,54017607.76
2025-03-22 01:00:00+00:00,84198.99,84328.17,83987.74,84070.18,65068875.14
2025-03-22 02:00:00+00:00,84070.18,84244.61,84014.7,84183.27,49996680.33
2025-03-22 03:00:00+00:00,84183.27,84289.66,84130.23,84252.68,47151078.14
2025-03-22 04:00:00+00:00,84252.68,84384.45,84207.75,84362.02,36168846.99
2025-03-22 05:00:00+00:00,84362.02,84425.85,84254.15,84321.42,38199364.07
2025-03-22 06:00:00+00:00,84321.42,84397.69,84161.97,84332.21,36809386.01
2025-03-22 07:00:00+00:00,84332.21,84379.76,84221.54,84272.72,48081462.48
2025-03-22 08:00:00+00:00,84272.72,84282.73,84128.15,84223.61,41596830.2
2025-03-22 09:00:00+00:00,84223.61,84534.55,84223.6,84360.1,66706261.6
2025-03-22 10:00:00+00:00,84360.1,84438.48,84357.7,84415.16,32480341.35
2025-03-22 11:00:00+00:00,84415.16,84419.95,84210.86,84237.39,41023401.25
2025-03-22 12:00:00+00:00,84237.39,84294.03,84184.85,84232.36,37770655.88
2025-03-22 13:00:00+00:00,84232.36,84244.12,84053.74,84171.55,46391420.85
2025-03-22 14:00:00+00:00,84171.55,84203.54,84000.6,84008.16,47852570.04
2025-03-22 15:00:00+00:00,84008.16,84129.3,83975.71,84108.0,48830618.77
2025-03-22 16:00:00+00:00,84108.0,84151.59,84063.02,84138.42,34829592.52
2025-03-22 17:00:00+00:00,84138.42,84259.21,84127.5,84238.56,37819314.14
2025-03-22 18:00:00+00:00,84238.56,84319.87,84190.49,84240.38,37790299.99
2025-03-22 19:00:00+00:00,84240.38,84273.16,84161.24,84171.63,25772647.73
2025-03-22 20:00:00+00:00,84171.63,84203.52,83947.86,83947.86,41376362.27
2025-03-22 21:00:00+00:00,83947.86,84090.18,83850.53,84008.81,44229953.55
2025-03-22 22:00:00+00:00,84008.81,84067.5,83959.08,83962.72,25227318.76
2025-03-22 23:00:00+00:00,83962.72,83962.74,83662.59,83842.01,66667514.26
2025-03-23 00:00:00+00:00,83842.01,84045.75,83809.25,84005.21,41039592.91
2025-03-23 01:00:00+00:00,84005.21,84131.22,83978.58,84066.57,32781392.44
2025-03-23 02:00:00+00:00,84066.57,84274.98,83991.29,84231.51,38778734.48
2025-03-23 03:00:00+00:00,84231.51,84247.7,84134.31,84226.49,26929620.75
2025-03-23 04:00:00+00:00,84226.49,84232.13,84071.01,84105.5,31283991.51
2025-03-23 05:00:00+00:00,84105.5,84239.78,84100.14,84228.68,25006179.67
2025-03-23 06:00:00+00:00,84228.68,84283.46,84193.59,84238.31,31440745.88
2025-03-23 07:00:00+00:00,84238.31,84325.76,84212.93,84276.3,24670049.64
2025-03-23 08:00:00+00:00,84276.3,84349.77,84258.03,84343.06,39823506.45
2025-03-23 09:00:00+00:00,84343.06,84368.57,84313.96,84322.22,33314308.64
2025-03-23 10:00:00+00:00,84322.22,84496.97,84309.92,84459.44,46780887.61
2025-03-23 11:00:00+00:00,84459.44,85019.89,84459.39,84682.61,220118315.08
2025-03-23 12:00:00+00:00,84682.61,84813.39,84576.18,84726.62,58424178.62
2025-03-23 13:00:00+00:00,84726.62,85102.5,84646.5,85083.89,117281147.59
2025-03-23 14:00:00+00:00,85083.89,85208.64,84864.6,84900.68,146755287.05
2025-03-23 15:00:00+00:00,84900.68,85253.86,84900.63,85186.99,99500127.74
2025-03-23 16:00:00+00:00,85186.99,85378.67,84948.53,85251.58,119381757.13
2025-03-23 17:00:00+00:00,85251.58,85410.45,84893.64,85016.36,107952776.06
2025-03-23 18:00:00+00:00,85016.36,85035.97,84805.84,84975.94,66475291.06
2025-03-23 19:00:00+00:00,84975.94,85082.21,84908.89,85010.97,43965876.24
2025-03-23 20:00:00+00:00,85010.97,85272.21,85009.42,85107.22,45743040.5
2025-03-23 21:00:00+00:00,85107.22,85183.53,84923.59,85180.15,46126030.02
2025-03-23 22:00:00+00:00,85180.15,85671.54,85165.13,85362.35,170773560.83
2025-03-23 23:00:00+00:00,85362.35,86121.53,85362.35,86078.66,174842767.52
2025-03-24 00:00:00+00:00,86078.66,86630.56,85862.69,86022.09,239196530.56
2025-03-24 01:00:00+00:00,86022.09,86035.3,85532.71,85562.25,162789781.54
2025-03-24 02:00:00+00:00,85562.25,85948.86,85526.08,85879.04,111153742.85
2025-03-24 03:00:00+00:00,85879.04,86566.97,85874.96,86533.18,227703671.02
2025-03-24 04:00:00+00:00,86533.18,86938.03,86533.18,86843.92,265065592.86
2025-03-24 05:00:00+00:00,86843.92,87027.4,86814.59,86902.9,167594853.76
2025-03-24 06:00:00+00:00,86902.9,87287.04,86900.28,87113.04,198623133.05
2025-03-24 07:00:00+00:00,87113.04,87175.22,86756.33,86872.64,175639971.12
2025-03-24 08:00:00+00:00,86872.64,87513.68,86856.3,87412.83,228541446.32
2025-03-24 09:00:00+00:00,87412.83,87511.36,87129.68,87162.79,136600329.52
2025-03-24 10:00:00+00:00,87162.79,87877.52,87133.09,87793.98,201719542.95
2025-03-24 11:00:00+00:00,87793.98,87844.25,87515.94,87686.37,130006071.4
2025-03-24 12:00:00+00:00,87686.37,87702.16,87253.47,87327.3,216860943.63
2025-03-24 13:00:00+00:00,87327.3,87702.83,87143.81,87697.41,292616136.36
2025-03-24 14:00:00+00:00,87697.41,88759.69,87640.17,87962.59,685752857.38
2025-03-24 15:00:00+00:00,87962.59,88360.32,87687.43,88343.68,312827032.82
2025-03-24 16:00:00+00:00,88343.68,88496.63,87697.55,88056.69,324993760.55
2025-03-24 17:00:00+00:00,88056.69,88470.12,87944.23,88462.3,244649685.67
2025-03-24 18:00:00+00:00,88462.3,88534.21,88127.26,88462.19,200569266.09
2025-03-24 19:00:00+00:00,88462.19,88505.02,87975.98,88229.09,260023028.75
2025-03-24 20:00:00+00:00,88229.09,88478.68,87812.31,87833.67,204993307.29
2025-03-24 21:00:00+00:00,87833.67,88270.47,87808.85,88102.35,240016202.4
2025-03-24 22:00:00+00:00,88102.35,88182.23,87320.35,87451.84,310633448.61
2025-03-24 23:00:00+00:00,87451.84,87529.99,87071.44,87495.52,200950178.49
2025-03-25 00:00:00+00:00,87495.52,87678.19,87259.86,87603.37,148748475.89
2025-03-25 01:00:00+00:00,87603.37,87603.42,86815.26,87089.64,204002462.3
2025-03-25 02:00:00+00:00,87089.64,87089.68,86824.16,86857.78,112934820.51
2025-03-25 03:00:00+00:00,86857.78,86987.99,86339.37,86516.97,244625642.59
2025-03-25 04:00:00+00:00,86516.97,86659.93,86314.47,86544.23,137446041.38
2025-03-25 05:00:00+00:00,86544.23,86772.68,86401.75,86655.11,163078082.32
2025-03-25 06:00:00+00:00,86655.11,86877.49,86528.44,86539.17,131025819.23
2025-03-25 07:00:00+00:00,86539.17,86812.65,86338.42,86443.85,155786355.97
2025-03-25 08:00:00+00:00,86443.85,86762.33,86409.72,86717.93,102630159.8
2025-03-25 09:00:00+00:00,86717.93,87346.29,86646.35,87224.2,213463242.89
2025-03-25 10:00:00+00:00,87224.2,87286.3,86953.75,87129.77,107980627.16
2025-03-25 11:00:00+00:00,87129.77,87495.21,87054.82,87372.94,140900167.42
2025-03-25 12:00:00+00:00,87372.94,87443.25,86936.3,87083.33,188462490.9
2025-03-25 13:00:00+00:00,87083.33,87952.28,87052.11,87599.31,465224425.21
2025-03-25 14:00:00+00:00,87599.31,88221.88,87346.65,88017.48,418372037.55
2025-03-25 15:00:00+00:00,88017.48,88255.72,87717.57,87776.99,292097931.07
2025-03-25 16:00:00+00:00,87776.99,87979.42,87642.41,87798.96,217168278.24
2025-03-25 17:00:00+00:00,87798.96,88321.02,87798.96,87935.15,189396118.78
2025-03-25 18:00:00+00:00,87935.15,88055.59,87587.42,87821.21,158734399.77
2025-03-25 19:00:00+00:00,87821.21,88250.66,87819.14,88113.28,205931688.42
2025-03-25 20:00:00+00:00,88113.28,88536.01,87812.26,87855.85,294451443.42
2025-03-25 21:00:00+00:00,87855.85,88199.69,87719.4,87751.77,153985434.67
2025-03-25 22:00:00+00:00,87751.77,87805.63,87178.15,87468.72,242697112.82
2025-03-25 23:00:00+00:00,87468.72,87505.72,87145.23,87404.24,180732632.05
2025-03-26 00:00:00+00:00,87404.24,87818.52,87226.4,87655.02,137290392.86
2025-03-26 01:00:00+00:00,87655.02,87898.04,87574.25,87838.56,101286147.96
2025-03-26 02:00:00+00:00,87838.56,87838.59,87303.09,87329.04,119214251.47
2025-03-26 03:00:00+00:00,87329.04,87407.48,87032.66,87154.34,123314245.4
2025-03-26 04:00:00+00:00,87154.34,87451.38,87063.4,87326.06,109928751.07
2025-03-26 05:00:00+00:00,87326.06,87622.71,87220.37,87519.78,107643041.56
2025-03-26 06:00:00+00:00,87519.78,87925.17,87446.16,87907.28,89116014.68
2025-03-26 07:00:00+00:00,87907.28,88276.04,87759.9,88142.36,204850268.52
2025-03-26 08:00:00+00:00,88142.36,88200.39,87885.81,87959.06,107406041.98
2025-03-26 09:00:00+00:00,87959.06,88047.54,87836.95,87935.72,97461379.97
2025-03-26 10:00:00+00:00,87935.72,88266.21,87935.35,88211.67,122087819.03
2025-03-26 11:00:00+00:00,88211.67,88248.68,87935.45,87960.24,137407887.38
2025-03-26 12:00:00+00:00,87960.24,88007.93,87602.64,87812.62,176915907.42
2025-03-26 13:00:00+00:00,87812.62,87918.06,86723.57,86851.33,398850811.09
2025-03-26 14:00:00+00:00,86851.33,87295.58,86436.95,86771.13,502871236.73
2025-03-26 15:00:00+00:00,86771.13,87008.93,86552.59,86745.7,292285514.4
2025-03-26 16:00:00+00:00,86745.7,87052.89,86412.46,86506.59,223032509.42
2025-03-26 17:00:00+00:00,86506.59,86824.76,86475.64,86562.42,178432902.43
2025-03-26 18:00:00+00:00,86562.42,86744.97,86182.43,86201.58,175269540.14
2025-03-26 19:00:00+00:00,86201.58,86791.28,85859.45,86563.68,301866590.82
2025-03-26 20:00:00+00:00,86563.68,87397.72,86517.1,87280.45,233922447.43
2025-03-26 21:00:00+00:00,87280.45,87302.66,86734.66,87116.39,117011716.71
2025-03-26 22:00:00+00:00,87116.39,87147.88,86760.38,86833.48,84935061.37
2025-03-26 23:00:00+00:00,86833.48,86952.74,86566.48,86911.68,108395384.2
2025-03-27 00:00:00+00:00,86911.68,87307.94,86803.21,87289.92,129118001.02
2025-03-27 01:00:00+00:00,87289.92,87511.73,87184.83,87384.16,124051732.26
2025-03-27 02:00:00+00:00,87384.16,87753.11,87342.27,87575.87,138974413.98
2025-03-27 03:00:00+00:00,87575.87,87677.91,87439.48,87669.03,102569368.91
2025-03-27 04:00:00+00:00,87669.03,87689.81,87414.4,87519.89,86744734.36
2025-03-27 05:00:00+00:00,87519.89,87519.89,87263.54,87313.41,81391360.83
2025-03-27 06:00:00+00:00,87313.41,87544.57,87285.93,87351.13,77778907.1
2025-03-27 07:00:00+00:00,87351.13,87439.28,87252.15,87401.73,83937819.06
2025-03-27 08:00:00+00:00,87401.73,87594.52,87258.48,87437.66,102908784.33
2025-03-27 09:00:00+00:00,87437.66,87539.42,87391.17,87414.99,90929205.98
2025-03-27 10:00:00+00:00,87414.99,87596.05,87115.94,87195.02,122874770.99
2025-03-27 11:00:00+00:00,87195.02,87315.62,86791.57,86942.05,163806247.66
2025-03-27 12:00:00+00:00,86942.05,87107.12,86721.28,86758.0,163696014.94
2025-03-27 13:00:00+00:00,86758.0,86857.87,85823.85,86385.35,560695622.43
2025-03-27 14:00:00+00:00,86385.35,87317.27,86199.25,87294.43,506117997.36
2025-03-27 15:00:00+00:00,87294.43,87564.79,86760.6,86970.1,342455580.52
2025-03-27 16:00:00+00:00,86970.1,87266.17,86802.59,86831.3,167991658.95
2025-03-27 17:00:00+00:00,86831.3,87148.58,86793.79,86909.16,159145687.55
2025-03-27 18:00:00+00:00,86909.16,87417.35,86875.12,87204.31,125194936.09
2025-03-27 19:00:00+00:00,87204.31,87418.99,87023.83,87057.13,143096830.27
2025-03-27 20:00:00+00:00,87057.13,87344.29,86939.67,87305.57,104338363.62
2025-03-27 21:00:00+00:00,87305.57,87724.17,87235.33,87564.44,112314698.98
2025-03-27 22:00:00+00:00,87564.44,87597.54,87312.17,87348.44,55876229.31
2025-03-27 23:00:00+00:00,87348.44,87360.23,87123.28,87228.79,64790944.46
2025-03-28 00:00:00+00:00,87228.79,87400.96,86930.19,87352.2,122374108.61
2025-03-28 01:00:00+00:00,87352.2,87509.04,87118.36,87231.68,135912291.29
2025-03-28 02:00:00+00:00,87231.68,87329.95,86953.05,86987.02,125683465.3
2025-03-28 03:00:00+00:00,86987.02,87017.36,86756.0,86791.2,193631575.09
2025-03-28 04:00:00+00:00,86791.2,86834.55,85957.67,86307.06,312599828.45
2025-03-28 05:00:00+00:00,86307.06,86307.09,85829.18,86058.78,202772441.57
2025-03-28 06:00:00+00:00,86058.78,86247.99,85660.51,85718.51,197615664.27
2025-03-28 07:00:00+00:00,85718.51,85873.04,85162.9,85210.07,414290994.78
2025-03-28 08:00:00+00:00,85210.07,85439.11,85054.54,85212.17,257107095.03
2025-03-28 09:00:00+00:00,85212.17,85406.21,85007.96,85150.81,200982793.8
2025-03-28 10:00:00+00:00,85150.81,85251.16,84896.43,84945.51,175176933.38
2025-03-28 11:00:00+00:00,84945.51,85250.99,84806.27,85249.04,227364934.05
2025-03-28 12:00:00+00:00,85249.04,85483.34,84888.3,85029.64,288758043.13
2025-03-28 13:00:00+00:00,85029.64,85568.96,84914.73,84992.46,351325324.79
2025-03-28 14:00:00+00:00,84992.46,85104.34,84157.96,84170.81,670264847.31
2025-03-28 15:00:00+00:00,84170.81,84527.98,83965.03,84050.87,453137555.52
2025-03-28 16:00:00+00:00,84050.87,84210.97,83671.56,83794.04,286169339.36
2025-03-28 17:00:00+00:00,83794.04,84008.29,83595.88,84007.38,260489053.11
2025-03-28 18:00:00+00:00,84007.38,84165.98,83722.58,83880.18,170053815.83
2025-03-28 19:00:00+00:00,83880.18,83895.61,83640.08,83788.9,197257251.21
2025-03-28 20:00:00+00:00,83788.9,84118.9,83719.78,83799.46,207450978.66
2025-03-28 21:00:00+00:00,83799.46,84111.09,83700.58,84053.28,71179261.79
2025-03-28 22:00:00+00:00,84053.28,84479.69,84053.26,84479.69,79059014.9
2025-03-28 23:00:00+00:00,84479.69,84532.27,84201.63,84421.65,131854359.44
2025-03-29 00:00:00+00:00,84421.65,84619.94,84354.86,84393.72,83612283.28
2025-03-29 01:00:00+00:00,84393.72,84499.97,84215.28,84279.75,73633001.78
2025-03-29 02:00:00+00:00,84279.75,84421.5,83832.1,83852.2,107411250.54
2025-03-29 03:00:00+00:00,83852.2,84251.54,83709.43,84164.01,113087302.95
2025-03-29 04:00:00+00:00,84164.01,84253.78,83970.06,84070.88,48590037.81
2025-03-29 05:00:00+00:00,84070.88,84092.0,83856.37,84010.97,39520833.69
2025-03-29 06:00:00+00:00,84010.97,84010.98,83676.09,83789.56,73307879.55
2025-03-29 07:00:00+00:00,83789.56,83889.21,83662.84,83733.86,71549915.49
2025-03-29 08:00:00+00:00,83733.86,83941.14,83669.2,83931.69,70031387.18
2025-03-29 09:00:00+00:00,83931.69,83947.33,83318.33,83546.11,186304624.51
2025-03-29 10:00:00+00:00,83546.11,83559.69,82825.86,82926.29,196313640.25
2025-03-29 11:00:00+00:00,82926.29,83102.88,82010.62,82289.72,357044372.56
2025-03-29 12:00:00+00:00,82289.72,82514.95,82145.29,82460.26,151877762.38
2025-03-29 13:00:00+00:00,82460.26,82859.26,82453.02,82844.31,130166326.5
2025-03-29 14:00:00+00:00,82844.31,82879.47,82458.62,82506.08,101567156.46
2025-03-29 15:00:00+00:00,82506.08,82621.22,82386.32,82410.8,67074361.84
2025-03-29 16:00:00+00:00,82410.8,82685.3,82171.78,82195.54,127416509.04
2025-03-29 17:00:00+00:00,82195.54,82622.9,81653.15,82334.04,311025505.68
2025-03-29 18:00:00+00:00,82334.04,82672.7,82218.89,82347.1,102607658.56
2025-03-29 19:00:00+00:00,82347.1,82748.93,82213.66,82748.93,99050772.66
2025-03-29 20:00:00+00:00,82748.93,82781.04,82424.6,82507.96,97944311.12
2025-03-29 21:00:00+00:00,82507.96,82680.64,82357.89,82518.6,59435276.09
2025-03-29 22:00:00+00:00,82518.6,82520.1,82264.92,82395.5,46200303.83
2025-03-29 23:00:00+00:00,82395.5,82680.2,82342.74,82645.5,44610197.01
2025-03-30 00:00:00+00:00,82645.5,82885.23,82498.75,82801.54,117206654.99
2025-03-30 01:00:00+00:00,82801.54,83075.11,82763.44,82939.99,148868569.36
2025-03-30 02:00:00+00:00,82939.99,83369.3,82925.24,83324.05,108384286.84
2025-03-30 03:00:00+00:00,83324.05,83500.39,83049.39,83083.83,115721365.8
2025-03-30 04:00:00+00:00,83083.83,83312.54,83077.68,83112.27,47708720.25
2025-03-30 05:00:00+00:00,83112.27,83225.7,82924.65,82957.89,48621557.9
2025-03-30 06:00:00+00:00,82957.89,83296.81,82864.26,83182.79,73460401.7
2025-03-30 07:00:00+00:00,83182.79,83316.09,83072.96,83079.83,78994036.68
2025-03-30 08:00:00+00:00,83079.83,83405.59,83079.77,83381.36,61224342.8
2025-03-30 09:00:00+00:00,83381.36,83517.81,83256.98,83501.59,49984621.05
2025-03-30 10:00:00+00:00,83501.59,83534.75,83065.9,83123.45,80415346.66
2025-03-30 11:00:00+00:00,83123.45,83362.08,82980.75,83113.08,81515746.57
2025-03-30 12:00:00+00:00,83113.08,83267.0,82984.48,83070.39,77422185.64
2025-03-30 13:00:00+00:00,83070.39,83153.07,82594.65,82680.47,190493108.0
2025-03-30 14:00:00+00:00,82680.47,83033.17,82612.51,82804.01,112132283.33
2025-03-30 15:00:00+00:00,82804.01,83058.23,82714.71,82732.52,66712129.68
2025-03-30 16:00:00+00:00,82732.52,82811.5,82170.61,82286.11,265658462.41
2025-03-30 17:00:00+00:00,82286.11,82571.65,82054.31,82417.0,139610410.78
2025-03-30 18:00:00+00:00,82417.0,82793.3,82417.0,82733.1,84957444.46
2025-03-30 19:00:00+00:00,82733.1,82900.1,82550.1,82550.19,62410117.64
2025-03-30 20:00:00+00:00,82550.19,82656.37,82395.23,82556.47,44004112.93
2025-03-30 21:00:00+00:00,82556.47,82701.34,82066.86,82243.79,58437346.0
2025-03-30 22:00:00+00:00,82243.79,82753.27,81570.89,82423.2,206339523.37
2025-03-30 23:00:00+00:00,82423.2,82428.01,81938.48,82385.09,145935862.13
2025-03-31 00:00:00+00:00,82385.09,82442.98,81284.98,81635.11,253403151.9
2025-03-31 01:00:00+00:00,81635.11,82257.18,81537.26,81950.53,217982656.34
2025-03-31 02:00:00+00:00,81950.53,82165.12,81639.11,81922.13,171518150.02
2025-03-31 03:00:00+00:00,81922.13,82026.69,81472.67,81528.62,133785547.68
2025-03-31 04:00:00+00:00,81528.62,81869.11,81406.32,81841.18,90420603.73
2025-03-31 05:00:00+00:00,81841.18,82299.21,81831.26,82162.96,105724338.34
2025-03-31 06:00:00+00:00,82162.96,82265.97,81921.92,82050.88,115553596.21
2025-03-31 07:00:00+00:00,82050.88,82299.1,81745.37,81930.16,165977917.31
2025-03-31 08:00:00+00:00,81930.16,82260.28,81880.11,81900.93,239819414.77
2025-03-31 09:00:00+00:00,81900.93,81960.5,81340.03,81459.43,268248540.55
2025-03-31 10:00:00+00:00,81459.43,82214.53,81295.54,82170.6,152043030.28
2025-03-31 11:00:00+00:00,82170.6,82265.33,81896.15,82203.5,143120720.36
2025-03-31 12:00:00+00:00,82203.5,83097.48,81907.12,82778.78,290447546.28
2025-03-31 13:00:00+00:00,82778.78,82864.14,81657.83,82504.69,462939461.48
2025-03-31 14:00:00+00:00,82504.69,83743.58,82502.28,83495.08,532934540.03
2025-03-31 15:00:00+00:00,83495.08,83922.95,83393.89,83417.84,313644756.35
2025-03-31 16:00:00+00:00,83417.84,83691.95,83250.43,83291.66,166304775.82
2025-03-31 17:00:00+00:00,83291.66,83543.11,82575.13,82679.56,190912138.26
2025-03-31 18:00:00+00:00,82679.56,83562.97,82677.41,83288.08,204024202.26
2025-03-31 19:00:00+00:00,83288.08,83439.96,82397.62,82445.4,197508140.85
2025-03-31 20:00:00+00:00,82445.4,82838.11,82363.55,82429.69,151293123.56
2025-03-31 21:00:00+00:00,82429.69,82749.17,82418.45,82559.16,78979120.35
2025-03-31 22:00:00+00:00,82559.16,82569.82,82269.33,82405.3,71582709.16
2025-03-31 23:00:00+00:00,82405.3,82852.54,82288.46,82549.6,100125207.66
2025-04-01 00:00:00+00:00,82549.6,82798.01,82432.5,82650.02,112245422.99
2025-04-01 01:00:00+00:00,82650.02,82740.14,82460.07,82705.61,101726234.46
2025-04-01 02:00:00+00:00,82705.61,83103.2,82649.82,83098.48,135414361.82
2025-04-01 03:00:00+00:00,83098.48,83249.24,82927.83,82964.52,101916216.97
2025-04-01 04:00:00+00:00,82964.52,83235.44,82889.23,83062.68,70050178.85
2025-04-01 05:00:00+00:00,83062.68,83327.4,82995.89,83009.59,68459247.35
2025-04-01 06:00:00+00:00,83009.59,83497.56,82892.58,83453.79,102286616.18
2025-04-01 07:00:00+00:00,83453.79,83595.85,83384.96,83453.97,122291597.46
2025-04-01 08:00:00+00:00,83453.97,84202.75,83432.95,84115.17,254157304.7
2025-04-01 09:00:00+00:00,84115.17,84391.21,84114.04,84356.53,185022955.73
2025-04-01 10:00:00+00:00,84356.53,84503.13,84154.94,84178.77,191241253.63
2025-04-01 11:00:00+00:00,84178.77,84206.09,83829.35,83925.74,167858347.79
2025-04-01 12:00:00+00:00,83925.74,84150.6,83614.15,83615.47,148505752.91
2025-04-01 13:00:00+00:00,83615.47,83900.56,83417.98,83695.18,293037436.35
2025-04-01 14:00:00+00:00,83695.18,84350.79,82545.8,84194.04,607963018.55
2025-04-01 15:00:00+00:00,84194.04,85495.85,84184.1,85281.25,584296092.16
2025-04-01 16:00:00+00:00,85281.25,85488.9,84814.37,85114.7,314013266.22
2025-04-01 17:00:00+00:00,85114.7,85329.26,84903.38,85116.73,165895557.09
2025-04-01 18:00:00+00:00,85116.73,85176.37,84715.06,85120.87,176343310.44
2025-04-01 19:00:00+00:00,85120.87,85180.83,84812.16,84963.2,162118285.52
2025-04-01 20:00:00+00:00,84963.2,85341.94,84768.68,85232.52,140945643.1
2025-04-01 21:00:00+00:00,85232.52,85475.32,85125.1,85221.85,98931633.63
2025-04-01 22:00:00+00:00,85221.85,85468.2,85086.85,85104.02,100689160.79
2025-04-01 23:00:00+00:00,85104.02,85553.81,84974.89,85161.56,119430927.13
2025-04-02 00:00:00+00:00,85161.56,85255.55,84925.41,84965.21,115287359.57
2025-04-02 01:00:00+00:00,84965.21,85211.97,84858.48,85149.94,124416330.16
2025-04-02 02:00:00+00:00,85149.94,85165.19,84650.93,84718.59,182263148.25
2025-04-02 03:00:00+00:00,84718.59,84908.99,84518.89,84553.85,112559581.58
2025-04-02 04:00:00+00:00,84553.85,84725.27,84466.37,84606.88,80374734.61
2025-04-02 05:00:00+00:00,84606.88,84607.84,84108.02,84108.4,101858524.33
2025-04-02 06:00:00+00:00,84108.4,84357.56,83913.74,84126.0,131390935.91
2025-04-02 07:00:00+00:00,84126.0,84457.32,84015.54,84422.85,130240451.45
2025-04-02 08:00:00+00:00,84422.85,84751.61,84262.1,84671.92,105801664.66
2025-04-02 09:00:00+00:00,84671.92,85437.75,84634.25,85018.91,201870492.16
2025-04-02 10:00:00+00:00,85018.91,85294.26,84834.46,84865.77,141025794.59
2025-04-02 11:00:00+00:00,84865.77,84979.55,84546.37,84566.94,95946278.26
2025-04-02 12:00:00+00:00,84566.94,85057.67,84466.77,85050.51,170532845.66
2025-04-02 13:00:00+00:00,85050.51,86089.17,84477.66,85264.52,621907250.99
2025-04-02 14:00:00+00:00,85264.52,85971.17,85212.07,85873.95,459688572.05
2025-04-02 15:00:00+00:00,85873.95,87328.9,85811.84,86748.44,1023186450.59
2025-04-02 16:00:00+00:00,86748.44,87214.2,86588.72,87058.45,421337040.9
2025-04-02 17:00:00+00:00,87058.45,87312.61,86347.67,86613.64,385372395.66
2025-04-02 18:00:00+00:00,86613.64,86734.26,86211.53,86285.78,208080918.04
2025-04-02 19:00:00+00:00,86285.78,86991.15,86183.56,86903.51,232109569.29
2025-04-02 20:00:00+00:00,86903.51,88456.13,85228.57,85661.37,1733168074.19
2025-04-02 21:00:00+00:00,85661.37,85731.29,84221.22,84854.2,382227218.23
2025-04-02 22:00:00+00:00,84854.2,84854.2,82686.27,82818.64,605389169.85
2025-04-02 23:00:00+00:00,82818.64,82836.11,82331.54,82515.11,511874117.72
2025-04-03 00:00:00+00:00,82515.11,83407.21,82173.26,83226.48,422880054.61
2025-04-03 01:00:00+00:00,83226.48,83942.36,83101.68,83760.34,343785543.46
2025-04-03 02:00:00+00:00,83760.34,83886.71,83279.38,83769.16,250833439.23
2025-04-03 03:00:00+00:00,83769.16,83782.4,83351.1,83482.04,124682123.37
2025-04-03 04:00:00+00:00,83482.04,83734.26,83274.98,83559.28,119621077.56
2025-04-03 05:00:00+00:00,83559.28,83708.88,83339.52,83341.41,108862048.08
2025-04-03 06:00:00+00:00,83341.41,83413.82,83010.44,83058.0,153204087.99
2025-04-03 07:00:00+00:00,83058.0,83495.65,83004.72,83460.26,154739718.53
2025-04-03 08:00:00+00:00,83460.26,83780.63,83457.44,83681.18,158890286.23
2025-04-03 09:00:00+00:00,83681.18,83762.92,83453.94,83487.2,121357836.54
2025-04-03 10:00:00+00:00,83487.2,83744.92,83153.63,83221.1,235956165.17
2025-04-03 11:00:00+00:00,83221.1,83348.32,83045.77,83094.16,151777529.66
2025-04-03 12:00:00+00:00,83094.16,83143.66,81885.87,81950.69,462944909.58
2025-04-03 13:00:00+00:00,81950.69,82772.24,81793.49,82367.02,594647516.7
2025-04-03 14:00:00+00:00,82367.02,82391.58,81313.6,81530.93,588962226.41
2025-04-03 15:00:00+00:00,81530.93,82090.61,81251.01,82038.62,414265298.26
2025-04-03 16:00:00+00:00,82038.62,82432.04,81727.95,81825.09,374810980.68
2025-04-03 17:00:00+00:00,81825.09,82167.8,81631.33,81828.51,221974072.32
2025-04-03 18:00:00+00:00,81828.51,82308.75,81539.8,82105.65,222820240.45
2025-04-03 19:00:00+00:00,82105.65,82356.34,81828.29,81994.79,302150533.6
2025-04-03 20:00:00+00:00,81994.79,82420.78,81803.28,82362.85,203760372.71
2025-04-03 21:00:00+00:00,82362.85,82855.75,82332.59,82721.28,126331550.72
2025-04-03 22:00:00+00:00,82721.28,82871.31,82596.42,82738.86,120175535.25
2025-04-03 23:00:00+00:00,82738.86,83321.56,82509.18,83198.22,168730372.78
2025-04-04 00:00:00+00:00,83198.22,83408.45,82999.76,83041.86,218726851.5
2025-04-04 01:00:00+00:00,83041.86,83351.9,82599.9,82696.42,185728559.75
2025-04-04 02:00:00+00:00,82696.42,83183.78,82696.42,82909.37,92723251.44
2025-04-04 03:00:00+00:00,82909.37,83067.42,82690.26,82816.82,103157864.23
2025-04-04 04:00:00+00:00,82816.82,82919.91,82616.67,82723.78,122342306.8
2025-04-04 05:00:00+00:00,82723.78,83205.67,82643.26,83198.69,115762928.05
2025-04-04 06:00:00+00:00,83198.69,83262.06,83042.5,83055.94,89887344.14
2025-04-04 07:00:00+00:00,83055.94,84009.72,83052.13,83997.63,275452106.68
2025-04-04 08:00:00+00:00,83997.63,84649.17,83997.63,84416.8,359726058.15
2025-04-04 09:00:00+00:00,84416.8,84719.88,84136.67,84576.61,195159693.95
2025-04-04 10:00:00+00:00,84576.61,84690.64,82426.39,82570.27,850428965.59
2025-04-04 11:00:00+00:00,82570.27,82766.75,81664.41,82680.01,528198912.12
2025-04-04 12:00:00+00:00,82680.01,83018.87,82222.57,82869.61,574280625.49
2025-04-04 13:00:00+00:00,82869.61,83487.95,82147.16,83352.4,581825686.72
2025-04-04 14:00:00+00:00,83352.4,83509.18,81847.16,82572.19,646341696.34
2025-04-04 15:00:00+00:00,82572.19,83701.82,82485.75,82861.8,832621889.89
2025-04-04 16:00:00+00:00,82861.8,83549.8,82738.16,83392.51,466063296.08
2025-04-04 17:00:00+00:00,83392.51,84611.86,82967.95,84458.29,573489849.84
2025-04-04 18:00:00+00:00,84458.29,84585.38,83730.77,83989.07,380118245.34
2025-04-04 19:00:00+00:00,83989.07,84460.07,83787.88,84016.38,406952819.7
2025-04-04 20:00:00+00:00,84016.38,84279.79,83494.1,84162.16,199549758.9
2025-04-04 21:00:00+00:00,84162.16,84448.77,83941.85,84184.59,118001383.94
2025-04-04 22:00:00+00:00,84184.59,84271.29,84021.74,84059.46,56220083.59
2025-04-04 23:00:00+00:00,84059.46,84104.43,83651.65,83889.45,107667826.07
2025-04-05 00:00:00+00:00,83889.45,83889.48,83464.01,83789.88,100428732.01
2025-04-05 01:00:00+00:00,83789.88,84264.15,83789.29,83980.5,121705435.39
2025-04-05 02:00:00+00:00,83980.5,84094.74,83803.21,83978.24,93587820.25
2025-04-05 03:00:00+00:00,83978.24,83978.26,83627.47,83631.6,93030670.28
2025-04-05 04:00:00+00:00,83631.6,83863.86,83612.97,83683.52,66446309.24
2025-04-05 05:00:00+00:00,83683.52,83860.88,83632.95,83684.53,52160922.74
2025-04-05 06:00:00+00:00,83684.53,83725.07,83337.29,83476.02,79933563.88
2025-04-05 07:00:00+00:00,83476.02,83563.28,83353.45,83522.3,68705805.29
2025-04-05 08:00:00+00:00,83522.3,83644.84,83369.22,83518.04,153962659.77
2025-04-05 09:00:00+00:00,83518.04,83858.99,83518.01,83841.98,57601865.46
2025-04-05 10:00:00+00:00,83841.98,83894.81,83581.64,83642.73,54531852.79
2025-04-05 11:00:00+00:00,83642.73,83691.36,83451.31,83457.08,77544858.91
2025-04-05 12:00:00+00:00,83457.08,83553.35,83133.19,83282.55,119073976.02
2025-04-05 13:00:00+00:00,83282.55,83334.3,82531.63,82754.96,242121228.63
2025-04-05 14:00:00+00:00,82754.96,83024.85,82679.17,82916.91,124250037.39
2025-04-05 15:00:00+00:00,82916.91,82917.07,82388.98,82621.51,186397339.43
2025-04-05 16:00:00+00:00,82621.51,82827.5,82611.31,82747.15,70384567.84
2025-04-05 17:00:00+00:00,82747.15,82953.69,82686.21,82873.02,56302019.59
2025-04-05 18:00:00+00:00,82873.02,83110.46,82857.01,83041.15,94154279.61
2025-04-05 19:00:00+00:00,83041.15,83149.01,82783.27,82863.41,81207609.49
2025-04-05 20:00:00+00:00,82863.41,83115.47,82839.67,83082.32,102879839.26
2025-04-05 21:00:00+00:00,83082.32,83229.95,82904.78,82918.95,111458345.26
2025-04-05 22:00:00+00:00,82918.95,83210.39,82918.95,83189.88,90729275.32
2025-04-05 23:00:00+00:00,83189.88,83647.96,83132.33,83536.59,112560235.37
2025-04-06 00:00:00+00:00,83536.59,83611.02,83420.68,83524.1,80621453.88
2025-04-06 01:00:00+00:00,83524.1,83783.19,83426.66,83432.49,89171250.55
2025-04-06 02:00:00+00:00,83432.49,83490.84,83279.94,83300.3,56208254.7
2025-04-06 03:00:00+00:00,83300.3,83401.36,83176.2,83343.63,70913393.61
2025-04-06 04:00:00+00:00,83343.63,83498.16,83237.61,83498.16,48325797.9
2025-04-06 05:00:00+00:00,83498.16,83531.82,83327.78,83451.19,51739072.12
2025-04-06 06:00:00+00:00,83451.19,83468.62,83115.64,83115.65,46405093.03
2025-04-06 07:00:00+00:00,83115.65,83204.93,83029.15,83029.87,66941464.52
2025-04-06 08:00:00+00:00,83029.87,83048.67,82728.67,83032.39,90768057.16
2025-04-06 09:00:00+00:00,83032.39,83168.09,82933.48,83076.5,42249227.8
2025-04-06 10:00:00+00:00,83076.5,83077.15,82731.29,82868.85,73043799.68
2025-04-06 11:00:00+00:00,82868.85,82921.82,82667.88,82854.18,78202953.31
2025-04-06 12:00:00+00:00,82854.18,82980.02,82648.5,82698.55,110114056.79
2025-04-06 13:00:00+00:00,82698.55,82839.55,82243.44,82307.77,189058548.22
2025-04-06 14:00:00+00:00,82307.77,82790.45,82226.41,82668.1,219390446.69
2025-04-06 15:00:00+00:00,82668.1,82814.83,82403.4,82552.47,211158407.3
2025-04-06 16:00:00+00:00,82552.47,82561.83,81939.17,81978.2,236879838.75
2025-04-06 17:00:00+00:00,81978.2,81988.76,80580.2,80807.59,565860921.4
2025-04-06 18:00:00+00:00,80807.59,80807.6,78689.37,79103.27,957465266.03
2025-04-06 19:00:00+00:00,79103.27,79854.71,78838.65,79624.4,473765846.3
2025-04-06 20:00:00+00:00,79624.4,79880.81,78564.81,78866.5,494253593.28
2025-04-06 21:00:00+00:00,78866.5,79673.65,78731.02,78950.04,311689022.86
2025-04-06 22:00:00+00:00,78950.04,79119.14,77816.8,78061.36,936883653.77
2025-04-06 23:00:00+00:00,78061.36,78693.77,77157.37,78424.98,777582646.5
2025-04-07 00:00:00+00:00,78424.98,78518.03,77423.5,78320.68,541437832.56
2025-04-07 01:00:00+00:00,78320.68,79341.0,78314.36,79143.8,471257517.18
2025-04-07 02:00:00+00:00,79143.8,79217.26,78393.11,78442.95,271190624.06
2025-04-07 03:00:00+00:00,78442.95,78499.94,77355.85,77699.57,401353001.88
2025-04-07 04:00:00+00:00,77699.57,77980.84,76669.95,76988.02,526730342.94
2025-04-07 05:00:00+00:00,76988.02,77498.11,76663.99,76939.74,366030324.0
2025-04-07 06:00:00+00:00,76939.74,77287.29,74564.09,74808.75,1207334282.75
2025-04-07 07:00:00+00:00,74808.75,75472.29,74508.25,75125.9,728425943.4
2025-04-07 08:00:00+00:00,75125.9,76829.97,75089.94,76264.59,662294225.99
2025-04-07 09:00:00+00:00,76264.59,76796.74,75760.44,76281.11,395290903.6
2025-04-07 10:00:00+00:00,76281.11,77561.6,76152.95,76989.9,492486926.87
2025-04-07 11:00:00+00:00,76989.9,77399.54,76441.34,76684.11,303669278.65
2025-04-07 12:00:00+00:00,76684.11,77652.79,76416.3,77323.78,627689467.2
2025-04-07 13:00:00+00:00,77323.78,78489.86,75794.06,78373.87,979044624.7
2025-04-07 14:00:00+00:00,78373.87,81182.41,77900.04,79039.54,2728697561.61
2025-04-07 15:00:00+00:00,79039.54,79362.58,77579.36,78481.83,1141561475.7
2025-04-07 16:00:00+00:00,78481.83,78578.28,77318.4,77429.11,588252286.99
2025-04-07 17:00:00+00:00,77429.11,79180.39,77428.39,79071.02,877182219.3
2025-04-07 18:00:00+00:00,79071.02,79351.45,78285.23,78484.42,548377285.41
2025-04-07 19:00:00+00:00,78484.42,78909.54,78020.84,78118.31,546017726.04
2025-04-07 20:00:00+00:00,78118.31,79126.22,78108.64,78949.48,227990906.72
2025-04-07 21:00:00+00:00,78949.48,79585.32,78680.0,79236.09,178206158.06
2025-04-07 22:00:00+00:00,79236.09,80214.02,79181.17,79962.07,217508136.04
2025-04-07 23:00:00+00:00,79962.07,80086.16,79098.21,79167.66,261558819.85
2025-04-08 00:00:00+00:00,79167.66,79601.7,79000.56,79022.58,221785977.06
2025-04-08 01:00:00+00:00,79022.58,80801.26,78783.16,80600.08,408956048.92
2025-04-08 02:00:00+00:00,80600.08,80861.38,79899.0,79948.3,281262939.51
2025-04-08 03:00:00+00:00,79948.3,80200.35,79762.27,79903.39,187298808.26
2025-04-08 04:00:00+00:00,79903.39,80411.54,79862.25,80300.72,124087469.9
2025-04-08 05:00:00+00:00,80300.72,80310.44,79538.0,79871.57,182743706.07
2025-04-08 06:00:00+00:00,79871.57,79871.57,79297.19,79450.68,171006169.57
2025-04-08 07:00:00+00:00,79450.68,79707.01,79223.84,79495.67,187719554.44
2025-04-08 08:00:00+00:00,79495.67,79525.15,78942.98,79156.83,223661463.26
2025-04-08 09:00:00+00:00,79156.83,79225.92,78865.03,78900.23,192147017.6
2025-04-08 10:00:00+00:00,78900.23,79173.55,78821.68,79003.63,135733794.53
2025-04-08 11:00:00+00:00,79003.63,80060.67,78965.63,79980.39,276446308.08
2025-04-08 12:00:00+00:00,79980.39,80121.12,79578.89,79834.85,269194485.67
2025-04-08 13:00:00+00:00,79834.85,80370.35,79385.61,79899.98,612788922.67
2025-04-08 14:00:00+00:00,79899.98,80251.55,78475.42,78477.02,578488240.16
2025-04-08 15:00:00+00:00,78477.02,78851.52,78177.1,78497.72,437226177.71
2025-04-08 16:00:00+00:00,78497.72,78520.8,77360.04,77414.07,533709070.6
2025-04-08 17:00:00+00:00,77414.07,77550.87,76559.35,77347.12,674470524.55
2025-04-08 18:00:00+00:00,77347.12,77993.35,77081.57,77257.72,463681338.18
2025-04-08 19:00:00+00:00,77257.72,77356.45,76346.18,76853.37,621856506.0
2025-04-08 20:00:00+00:00,76853.37,77195.45,76614.1,77121.09,239498321.33
2025-04-08 21:00:00+00:00,77121.09,77285.29,76733.63,77100.27,97783159.61
2025-04-08 22:00:00+00:00,77100.27,77128.42,76242.59,76729.22,246189053.99
2025-04-08 23:00:00+00:00,76729.22,76794.88,76303.89,76322.01,216225525.89
2025-04-09 00:00:00+00:00,76322.01,76863.23,75928.85,76522.23,380861210.48
2025-04-09 01:00:00+00:00,76522.23,76590.38,74626.7,76077.31,827550019.24
2025-04-09 02:00:00+00:00,76077.31,76449.59,75575.19,75670.25,384288143.31
2025-04-09 03:00:00+00:00,75670.25,75867.95,75020.66,75074.23,298464939.1
2025-04-09 04:00:00+00:00,75074.23,76901.04,74998.82,76421.95,492149118.66
2025-04-09 05:00:00+00:00,76421.95,76821.1,76218.65,76734.04,234338960.15
2025-04-09 06:00:00+00:00,76734.04,77317.29,76717.97,76832.42,248978119.97
2025-04-09 07:00:00+00:00,76832.42,77950.49,76825.79,77693.7,636257304.83
2025-04-09 08:00:00+00:00,77693.7,77874.82,77086.3,77302.52,226037951.35
2025-04-09 09:00:00+00:00,77302.52,77537.54,77164.48,77477.06,147222010.38
2025-04-09 10:00:00+00:00,77477.06,77566.42,76951.0,77210.52,259159829.91
2025-04-09 11:00:00+00:00,77210.52,77218.53,75773.1,76234.08,885552996.98
2025-04-09 12:00:00+00:00,76234.08,77066.15,76028.8,76764.03,475597503.28
2025-04-09 13:00:00+00:00,76764.03,77840.89,76716.99,77705.22,764063221.71
2025-04-09 14:00:00+00:00,77705.22,78289.43,76804.93,76872.56,715750302.65
2025-04-09 15:00:00+00:00,76872.56,77644.21,76851.94,77257.25,432663839.72
2025-04-09 16:00:00+00:00,77257.25,78349.98,77137.68,78265.66,338070702.85
2025-04-09 17:00:00+00:00,78265.66,82282.98,77692.32,82201.41,2376963596.2
2025-04-09 18:00:00+00:00,82201.41,82989.26,81698.94,81791.48,1294560210.76
2025-04-09 19:00:00+00:00,81791.48,82595.02,81772.28,82315.43,774433031.51
2025-04-09 20:00:00+00:00,82315.43,83261.16,82005.69,83196.41,690729027.67
2025-04-09 21:00:00+00:00,83196.41,83581.41,82863.15,83283.05,527033288.05
2025-04-09 22:00:00+00:00,83283.05,83483.65,82958.19,83057.23,336122450.29
2025-04-09 23:00:00+00:00,83057.23,83157.68,82533.49,82613.7,219347711.25
2025-04-10 00:00:00+00:00,82613.7,82739.93,82061.85,82346.64,304919061.04
2025-04-10 01:00:00+00:00,82346.64,82594.64,82225.56,82247.55,300792485.79
2025-04-10 02:00:00+00:00,82247.55,82561.44,82196.98,82202.14,171702728.08
2025-04-10 03:00:00+00:00,82202.14,82221.69,81473.57,81770.87,282917829.8
2025-04-10 04:00:00+00:00,81770.87,82061.3,81643.22,82014.56,130121815.31
2025-04-10 05:00:00+00:00,82014.56,82236.62,81927.34,82159.08,151073981.4
2025-04-10 06:00:00+00:00,82159.08,82338.23,81839.74,82151.25,155194186.68
2025-04-10 07:00:00+00:00,82151.25,82240.27,81298.17,81589.25,289810685.74
2025-04-10 08:00:00+00:00,81589.25,81839.49,81431.75,81548.67,151026891.89
2025-04-10 09:00:00+00:00,81548.67,82075.07,81344.05,82033.84,184887731.73
2025-04-10 10:00:00+00:00,82033.84,82120.17,81571.94,81763.82,189603742.01
2025-04-10 11:00:00+00:00,81763.82,81939.07,81501.23,81878.87,140997307.01
2025-04-10 12:00:00+00:00,81878.87,82413.57,81461.99,81709.8,538659438.66
2025-04-10 13:00:00+00:00,81709.8,81946.7,80781.63,80869.83,550473302.33
2025-04-10 14:00:00+00:00,80869.83,81830.11,80638.13,81265.61,473107587.43
2025-04-10 15:00:00+00:00,81265.61,81345.92,78617.02,78753.74,961623502.53
2025-04-10 16:00:00+00:00,78753.74,79682.68,78467.69,79453.42,714526605.75
2025-04-10 17:00:00+00:00,79453.42,79662.18,78622.07,79328.4,520303643.85
2025-04-10 18:00:00+00:00,79328.4,79873.44,79221.58,79499.11,349395010.83
2025-04-10 19:00:00+00:00,79499.11,80024.42,79309.54,79643.99,377885743.26
2025-04-10 20:00:00+00:00,79643.99,79951.66,79568.27,79921.63,151356234.86
2025-04-10 21:00:00+00:00,79921.63,80031.42,79678.16,79713.29,101176912.2
2025-04-10 22:00:00+00:00,79713.29,79914.55,79544.76,79691.09,97704565.39
2025-04-10 23:00:00+00:00,79691.09,79739.19,79380.04,79604.53,146984194.29
2025-04-11 00:00:00+00:00,79604.53,79745.66,78976.78,79041.33,291151436.16
2025-04-11 01:00:00+00:00,79041.33,80448.57,79014.64,80444.34,339011218.71
2025-04-11 02:00:00+00:00,80444.34,80823.78,80158.75,80297.31,232901428.37
2025-04-11 03:00:00+00:00,80297.31,80898.33,80293.77,80844.07,191651815.65
2025-04-11 04:00:00+00:00,80844.07,81083.5,80720.16,80885.34,172579561.59
2025-04-11 05:00:00+00:00,80885.34,80907.19,80517.02,80819.93,130151064.5
2025-04-11 06:00:00+00:00,80819.93,81301.54,80819.22,81101.33,210098605.25
2025-04-11 07:00:00+00:00,81101.33,81438.04,80855.54,81264.59,211047832.03
2025-04-11 08:00:00+00:00,81264.59,81862.39,80787.49,81628.34,430772716.56
2025-04-11 09:00:00+00:00,81628.34,82427.7,81448.96,82422.07,307551343.9
2025-04-11 10:00:00+00:00,82422.07,82974.87,82301.75,82696.19,343872139.4
2025-04-11 11:00:00+00:00,82696.19,82898.19,82025.54,82130.73,331455111.99
2025-04-11 12:00:00+00:00,82130.73,82511.28,81839.76,82113.19,337838673.24
2025-04-11 13:00:00+00:00,82113.19,83314.15,81830.57,82927.04,596192642.17
2025-04-11 14:00:00+00:00,82927.04,82927.04,81342.27,81899.61,638087088.02
2025-04-11 15:00:00+00:00,81899.61,82694.27,81713.73,82521.81,394712372.41
2025-04-11 16:00:00+00:00,82521.81,83021.52,82019.34,82789.92,301465440.2
2025-04-11 17:00:00+00:00,82789.92,84039.19,82697.41,83926.22,567212814.38
2025-04-11 18:00:00+00:00,83926.22,84213.33,83518.49,83606.03,345980452.71
2025-04-11 19:00:00+00:00,83606.03,83970.46,83565.64,83860.18,239571376.19
2025-04-11 20:00:00+00:00,83860.18,84021.18,83715.12,83846.41,165899386.42
2025-04-11 21:00:00+00:00,83846.41,84284.06,83636.12,83672.91,179357189.19
2025-04-11 22:00:00+00:00,83672.91,83706.76,83317.25,83416.81,107115510.19
2025-04-11 23:00:00+00:00,83416.81,83573.21,83163.31,83420.54,99364657.9
2025-04-12 00:00:00+00:00,83420.54,83570.23,83244.48,83367.58,132096448.89
2025-04-12 01:00:00+00:00,83367.58,83450.5,83153.08,83215.85,131427034.47
2025-04-12 02:00:00+00:00,83215.85,83303.22,82808.37,82808.57,125683049.63
2025-04-12 03:00:00+00:00,82808.57,83137.61,82796.02,82972.99,118905842.76
2025-04-12 04:00:00+00:00,82972.99,83438.52,82857.43,83199.34,221187230.75
2025-04-12 05:00:00+00:00,83199.34,83500.13,83192.94,83335.12,81256928.13
2025-04-12 06:00:00+00:00,83335.12,83780.34,83335.06,83565.63,120358142.21
2025-04-12 07:00:00+00:00,83565.63,83818.81,83496.09,83721.21,142481450.22
2025-04-12 08:00:00+00:00,83721.21,84023.91,83477.59,83602.19,165965087.62
2025-04-12 09:00:00+00:00,83602.19,83763.7,83416.01,83545.4,81025984.94
2025-04-12 10:00:00+00:00,83545.4,83561.06,83302.9,83418.79,68067530.39
2025-04-12 11:00:00+00:00,83418.79,83642.42,83418.73,83523.9,65054994.2
2025-04-12 12:00:00+00:00,83523.9,83928.1,83472.18,83828.84,140013535.27
2025-04-12 13:00:00+00:00,83828.84,84674.05,83573.98,84457.76,463548854.7
2025-04-12 14:00:00+00:00,84457.76,85248.04,84311.25,84830.12,467336022.83
2025-04-12 15:00:00+00:00,84830.12,85401.6,84638.11,85006.03,351484234.08
2025-04-12 16:00:00+00:00,85006.03,85205.87,84587.45,84655.56,214558733.29
2025-04-12 17:00:00+00:00,84655.56,84858.3,84428.07,84760.19,138952174.53
2025-04-12 18:00:00+00:00,84760.19,85189.99,84752.26,85175.1,90114181.45
2025-04-12 19:00:00+00:00,85175.1,85252.88,84832.85,84938.13,117117796.79
2025-04-12 20:00:00+00:00,84938.13,85900.0,84876.4,85514.03,243553156.31
2025-04-12 21:00:00+00:00,85514.03,85562.51,85260.27,85364.87,153788604.53
2025-04-12 22:00:00+00:00,85364.87,85694.55,85325.78,85333.36,74386728.9
2025-04-12 23:00:00+00:00,85333.36,85424.75,85169.33,85277.28,86075517.96
2025-04-13 00:00:00+00:00,85277.28,85564.29,85016.31,85492.61,121050844.37
2025-04-13 01:00:00+00:00,85492.61,86083.25,85142.19,85257.1,362565168.11
2025-04-13 02:00:00+00:00,85257.1,85426.19,84739.09,85296.71,313647919.87
2025-04-13 03:00:00+00:00,85296.71,85707.3,85242.31,85434.25,244908355.73
2025-04-13 04:00:00+00:00,85434.25,85438.54,84486.03,84619.69,324644083.07
2025-04-13 05:00:00+00:00,84619.69,84796.91,84399.07,84515.98,324476270.09
2025-04-13 06:00:00+00:00,84515.98,84843.43,84451.08,84609.1,157888293.63
2025-04-13 07:00:00+00:00,84609.1,84771.3,84413.6,84414.3,105536365.01
2025-04-13 08:00:00+00:00,84414.3,84689.22,84278.36,84667.6,110176180.61
2025-04-13 09:00:00+00:00,84667.6,84942.03,84504.53,84914.59,107482069.78
2025-04-13 10:00:00+00:00,84914.59,84948.91,84512.95,84688.04,94734506.57
2025-04-13 11:00:00+00:00,84688.04,84766.13,84228.79,84524.12,139061810.57
2025-04-13 12:00:00+00:00,84524.12,84688.95,84241.42,84454.38,165777470.24
2025-04-13 13:00:00+00:00,84454.38,84609.24,83497.44,83593.96,410735525.86
2025-04-13 14:00:00+00:00,83593.96,84152.61,83481.68,84090.35,241981643.7
2025-04-13 15:00:00+00:00,84090.35,84090.44,83672.68,83849.96,137578841.55
2025-04-13 16:00:00+00:00,83849.96,84422.83,83843.45,84225.37,221495570.72
2025-04-13 17:00:00+00:00,84225.37,84978.23,84192.47,84760.09,264474197.25
2025-04-13 18:00:00+00:00,84760.09,84944.67,84534.89,84731.52,159812616.61
2025-04-13 19:00:00+00:00,84731.52,84731.54,83051.54,83974.16,355879650.74
2025-04-13 20:00:00+00:00,83974.16,84429.19,83172.12,83498.69,267988930.77
2025-04-13 21:00:00+00:00,83498.69,83815.59,83043.42,83602.96,225536867.48
2025-04-13 22:00:00+00:00,83602.96,83845.88,83170.76,83332.44,175831108.03
2025-04-13 23:00:00+00:00,83332.44,83836.72,83170.61,83755.43,145677235.78
2025-04-14 00:00:00+00:00,83755.43,85114.71,83686.64,84326.14,393210042.61
2025-04-14 01:00:00+00:00,84326.14,84664.41,84081.14,84229.76,227462827.97
2025-04-14 02:00:00+00:00,84229.76,85526.27,84042.86,85131.61,491975447.67
2025-04-14 03:00:00+00:00,85131.61,85145.75,84453.58,84567.44,414643256.7
2025-04-14 04:00:00+00:00,84567.44,85106.03,84422.65,84875.49,220714531.05
2025-04-14 05:00:00+00:00,84875.49,84991.78,84347.04,84574.22,124148369.86
2025-04-14 06:00:00+00:00,84574.22,84647.06,84288.03,84627.78,128383278.98
2025-04-14 07:00:00+00:00,84627.78,84783.72,84228.57,84580.38,141661864.14
2025-04-14 08:00:00+00:00,84580.38,84948.43,84442.02,84760.94,145016084.09
2025-04-14 09:00:00+00:00,84760.94,84906.62,84251.96,84448.47,129139816.85
2025-04-14 10:00:00+00:00,84448.47,84811.61,84305.87,84657.96,133265443.55
2025-04-14 11:00:00+00:00,84657.96,84963.32,84501.86,84927.49,180620466.98
2025-04-14 12:00:00+00:00,84927.49,85226.18,84754.39,85127.01,187843109.12
2025-04-14 13:00:00+00:00,85127.01,85276.12,84060.99,84378.72,361024735.52
2025-04-14 14:00:00+00:00,84378.72,85795.91,84277.31,85422.33,505069584.46
2025-04-14 15:00:00+00:00,85422.33,85461.06,83727.86,84103.26,582428923.07
2025-04-14 16:00:00+00:00,84103.26,84671.27,83865.13,84344.8,296654778.95
2025-04-14 17:00:00+00:00,84344.8,84890.54,84222.93,84862.7,260678874.95
2025-04-14 18:00:00+00:00,84862.7,85067.63,84688.44,84985.73,218447909.79
2025-04-14 19:00:00+00:00,84985.73,85208.33,84771.94,84912.68,326809661.71
2025-04-14 20:00:00+00:00,84912.68,84964.76,84542.78,84857.33,152620130.49
2025-04-14 21:00:00+00:00,84857.33,84965.58,84458.42,84705.36,95264101.65
2025-04-14 22:00:00+00:00,84705.36,84741.09,84428.29,84500.68,93240681.48
2025-04-14 23:00:00+00:00,84500.68,84779.73,84429.33,84590.43,79277701.08
2025-04-15 00:00:00+00:00,84590.43,84939.86,84355.23,84922.71,168527934.35
2025-04-15 01:00:00+00:00,84922.71,85129.12,84541.75,84974.67,196043807.45
2025-04-15 02:00:00+00:00,84974.67,85290.69,84701.93,85227.84,166188138.11
2025-04-15 03:00:00+00:00,85227.84,85409.57,85069.55,85382.99,217424433.18
2025-04-15 04:00:00+00:00,85382.99,85528.21,85159.14,85490.2,168919458.5
2025-04-15 05:00:00+00:00,85490.2,85873.11,85484.66,85547.02,213597293.86
2025-04-15 06:00:00+00:00,85547.02,85690.96,85360.0,85391.99,123762131.51
2025-04-15 07:00:00+00:00,85391.99,85784.19,85391.58,85727.56,126321578.78
2025-04-15 08:00:00+00:00,85727.56,85975.98,85676.53,85843.08,192643533.05
2025-04-15 09:00:00+00:00,85843.08,85986.6,85601.25,85986.49,158541759.09
2025-04-15 10:00:00+00:00,85986.49,86000.76,85453.92,85640.5,164604890.13
2025-04-15 11:00:00+00:00,85640.5,85666.98,85358.7,85587.89,106814400.14
2025-04-15 12:00:00+00:00,85587.89,85821.88,85448.62,85821.45,137760799.59
2025-04-15 13:00:00+00:00,85821.45,86462.65,85522.73,85587.52,477111491.75
2025-04-15 14:00:00+00:00,85587.52,85977.9,84847.59,85146.77,556647873.35
2025-04-15 15:00:00+00:00,85146.77,85386.39,84626.98,84916.19,233238885.43
2025-04-15 16:00:00+00:00,84916.19,85142.88,84776.82,84856.34,136027283.48
2025-04-15 17:00:00+00:00,84856.34,85003.22,84429.99,84481.06,165345239.44
2025-04-15 18:00:00+00:00,84481.06,84604.17,84155.24,84193.53,209134826.45
2025-04-15 19:00:00+00:00,84193.53,84217.17,83917.51,83994.48,216389921.32
2025-04-15 20:00:00+00:00,83994.48,84198.52,83804.45,84012.63,141531928.93
2025-04-15 21:00:00+00:00,84012.63,84232.02,83872.26,84173.47,106646004.27
2025-04-15 22:00:00+00:00,84173.47,84173.47,83690.59,83835.2,154676882.29
2025-04-15 23:00:00+00:00,83835.2,83859.37,83602.98,83646.56,154082880.31
2025-04-16 00:00:00+00:00,83646.56,83696.94,83139.75,83147.01,189004891.22
2025-04-16 01:00:00+00:00,83147.01,83659.79,83108.57,83636.55,184941749.71
2025-04-16 02:00:00+00:00,83636.55,83922.16,83592.33,83896.38,124388903.25
2025-04-16 03:00:00+00:00,83896.38,83955.58,83660.51,83696.2,72787351.22
2025-04-16 04:00:00+00:00,83696.2,83794.27,83403.2,83586.19,114035484.51
2025-04-16 05:00:00+00:00,83586.19,83811.45,83219.58,83364.37,164049150.11
2025-04-16 06:00:00+00:00,83364.37,83730.09,83272.39,83642.43,138803171.3
2025-04-16 07:00:00+00:00,83642.43,83753.51,83308.93,83361.06,142983419.74
2025-04-16 08:00:00+00:00,83361.06,84103.34,83143.03,83735.39,252037038.74
2025-04-16 09:00:00+00:00,83735.39,83929.5,83598.18,83598.19,100275959.62
2025-04-16 10:00:00+00:00,83598.19,83984.79,83574.22,83935.07,84918975.15
2025-04-16 11:00:00+00:00,83935.07,84121.15,83780.81,84045.13,112131927.72
2025-04-16 12:00:00+00:00,84045.13,84259.48,83729.8,83758.43,135785042.8
2025-04-16 13:00:00+00:00,83758.43,84199.37,83523.65,83740.31,256336758.94
2025-04-16 14:00:00+00:00,83740.31,84844.86,83723.61,84604.09,322464580.34
2025-04-16 15:00:00+00:00,84604.09,85264.65,84510.83,84840.47,350801342.53
2025-04-16 16:00:00+00:00,84840.47,85226.34,84702.89,85046.92,184455291.57
2025-04-16 17:00:00+00:00,85046.92,85477.13,83284.2,83289.72,525059026.43
2025-04-16 18:00:00+00:00,83289.72,84471.71,83282.61,84024.62,467745334.28
2025-04-16 19:00:00+00:00,84024.62,84482.74,83804.23,84337.28,218627357.46
2025-04-16 20:00:00+00:00,84337.28,84652.74,84243.75,84297.09,104352096.75
2025-04-16 21:00:00+00:00,84297.09,84677.31,84261.34,84540.12,85451467.42
2025-04-16 22:00:00+00:00,84540.12,84589.34,84308.28,84461.6,61122856.31
2025-04-16 23:00:00+00:00,84461.6,84491.34,84027.32,84032.73,97527908.58
2025-04-17 00:00:00+00:00,84032.73,84209.03,83939.42,84208.58,110564677.84
2025-04-17 01:00:00+00:00,84208.58,84488.7,84118.26,84333.78,77178132.62
2025-04-17 02:00:00+00:00,84333.78,84333.78,84031.46,84266.39,65439972.88
2025-04-17 03:00:00+00:00,84266.39,84296.54,83812.71,83995.07,111179814.53
2025-04-17 04:00:00+00:00,83995.07,84181.45,83899.29,84151.89,71077711.54
2025-04-17 05:00:00+00:00,84151.89,84487.58,84097.25,84386.58,84836142.99
2025-04-17 06:00:00+00:00,84386.58,84859.38,84314.21,84780.94,132659306.91
2025-04-17 07:00:00+00:00,84780.94,85042.73,84600.18,84669.29,151327845.71
2025-04-17 08:00:00+00:00,84669.29,84761.57,84402.05,84445.45,69215707.17
2025-04-17 09:00:00+00:00,84445.45,84528.15,84355.03,84476.15,76060523.64
2025-04-17 10:00:00+00:00,84476.15,84503.9,84193.23,84375.53,59721750.03
2025-04-17 11:00:00+00:00,84375.53,84759.21,84283.03,84568.42,86809304.82
2025-04-17 12:00:00+00:00,84568.42,84864.64,84568.42,84775.22,146769283.04
2025-04-17 13:00:00+00:00,84775.22,84775.22,84321.96,84474.45,198444387.65
2025-04-17 14:00:00+00:00,84474.45,84474.45,83739.64,84090.94,289125701.53
2025-04-17 15:00:00+00:00,84090.94,84696.11,84090.94,84535.07,216420334.07
2025-04-17 16:00:00+00:00,84535.07,85077.25,84400.59,84935.17,401268042.66
2025-04-17 17:00:00+00:00,84935.17,85208.56,84792.65,85112.3,216343280.81
2025-04-17 18:00:00+00:00,85112.3,85471.63,84904.82,84906.39,259167933.56
2025-04-17 19:00:00+00:00,84906.39,85122.62,84521.16,84849.8,248073067.41
2025-04-17 20:00:00+00:00,84849.8,85141.31,84848.87,85138.09,98054631.03
2025-04-17 21:00:00+00:00,85138.09,85138.09,84896.42,85060.89,57394819.17
2025-04-17 22:00:00+00:00,85060.89,85089.37,84723.79,84724.94,65540994.84
2025-04-17 23:00:00+00:00,84724.94,85015.11,84724.94,84948.09,61393054.45
2025-04-18 00:00:00+00:00,84948.09,85014.27,84733.27,84817.47,79401545.67
2025-04-18 01:00:00+00:00,84817.47,85128.75,84817.47,84927.38,77615245.65
2025-04-18 02:00:00+00:00,84927.38,84980.23,84813.0,84895.1,66123457.03
2025-04-18 03:00:00+00:00,84895.1,84904.64,84740.08,84832.04,57425844.16
2025-04-18 04:00:00+00:00,84832.04,84842.68,84601.24,84666.9,60779771.48
2025-04-18 05:00:00+00:00,84666.9,84737.3,84523.25,84733.76,77393044.5
2025-04-18 06:00:00+00:00,84733.76,84772.25,84592.41,84719.09,54550193.66
2025-04-18 07:00:00+00:00,84719.09,84728.12,84417.23,84654.25,104129113.27
2025-04-18 08:00:00+00:00,84654.25,84765.01,84612.87,84644.51,64279514.11
2025-04-18 09:00:00+00:00,84644.51,84647.34,84520.32,84549.36,58665820.46
2025-04-18 10:00:00+00:00,84549.36,84655.2,84488.95,84523.89,59108381.5
2025-04-18 11:00:00+00:00,84523.89,84669.0,84474.32,84667.61,53109445.95
2025-04-18 12:00:00+00:00,84667.61,84763.63,84565.88,84641.83,65860942.33
2025-04-18 13:00:00+00:00,84641.83,84641.83,84477.96,84567.44,87927185.44
2025-04-18 14:00:00+00:00,84567.44,84617.75,84383.42,84580.19,77702907.69
2025-04-18 15:00:00+00:00,84580.19,84607.47,84339.84,84374.12,78829170.48
2025-04-18 16:00:00+00:00,84374.12,84548.93,84304.44,84479.98,58639540.07
2025-04-18 17:00:00+00:00,84479.98,84599.88,84392.57,84572.13,44795631.58
2025-04-18 18:00:00+00:00,84572.13,84648.81,84508.59,84617.98,38119783.33
2025-04-18 19:00:00+00:00,84617.98,84641.01,84515.14,84563.2,31613722.98
2025-04-18 20:00:00+00:00,84563.2,84628.4,84467.52,84516.96,35336752.63
2025-04-18 21:00:00+00:00,84516.96,84682.78,84486.82,84618.58,43566337.31
2025-04-18 22:00:00+00:00,84618.58,84637.59,84425.95,84522.05,49341831.84
2025-04-18 23:00:00+00:00,84522.05,84522.07,84343.28,84469.04,53859486.63
2025-04-19 00:00:00+00:00,84469.04,84481.42,84366.19,84435.39,38560141.37
2025-04-19 01:00:00+00:00,84435.39,84593.41,84424.61,84541.15,41675115.75
2025-04-19 02:00:00+00:00,84541.15,84804.08,84494.01,84784.73,90195827.1
2025-04-19 03:00:00+00:00,84784.73,84979.77,84768.7,84881.54,154654723.77
2025-04-19 04:00:00+00:00,84881.54,85274.99,84881.34,85023.06,149518170.47
2025-04-19 05:00:00+00:00,85023.06,85188.72,84993.42,85079.88,66075964.37
2025-04-19 06:00:00+00:00,85079.88,85100.18,84893.38,84923.01,67061180.01
2025-04-19 07:00:00+00:00,84923.01,85249.1,84922.68,85216.88,88419612.98
2025-04-19 08:00:00+00:00,85216.88,85392.21,85116.27,85313.75,82001478.89
2025-04-19 09:00:00+00:00,85313.75,85437.43,85226.19,85331.54,157024185.24
2025-04-19 10:00:00+00:00,85331.54,85347.8,85156.53,85253.84,78681222.35
2025-04-19 11:00:00+00:00,85253.84,85284.71,85128.79,85217.81,74033576.28
2025-04-19 12:00:00+00:00,85217.81,85322.53,85201.37,85292.39,49764723.24
2025-04-19 13:00:00+00:00,85292.39,85491.4,85202.09,85474.06,120563179.52
2025-04-19 14:00:00+00:00,85474.06,85495.61,85360.27,85411.03,70908008.42
2025-04-19 15:00:00+00:00,85411.03,85636.53,85088.05,85189.27,234889501.78
2025-04-19 16:00:00+00:00,85189.27,85324.47,84721.81,84849.9,185753849.94
2025-04-19 17:00:00+00:00,84849.9,85251.36,84834.18,85239.67,80268835.21
2025-04-19 18:00:00+00:00,85239.67,85322.01,85139.5,85148.14,69379436.24
2025-04-19 19:00:00+00:00,85148.14,85203.83,85049.71,85090.94,41847192.18
2025-04-19 20:00:00+00:00,85090.94,85265.14,85021.51,85195.82,28420951.4
2025-04-19 21:00:00+00:00,85195.82,85370.95,85184.54,85342.79,35496654.77
2025-04-19 22:00:00+00:00,85342.79,85357.58,85217.63,85259.4,33067000.69
2025-04-19 23:00:00+00:00,85259.4,85259.5,85067.5,85081.85,27073868.59
2025-04-20 00:00:00+00:00,85081.85,85227.61,85050.22,85162.29,62275708.68
2025-04-20 01:00:00+00:00,85162.29,85323.26,85141.14,85316.03,66050488.93
2025-04-20 02:00:00+00:00,85316.03,85321.42,85205.0,85229.91,38164473.48
2025-04-20 03:00:00+00:00,85229.91,85260.18,85114.76,85168.06,30522320.8
2025-04-20 04:00:00+00:00,85168.06,85248.7,85106.62,85187.37,37808389.88
2025-04-20 05:00:00+00:00,85187.37,85195.56,85092.62,85092.63,30723833.17
2025-04-20 06:00:00+00:00,85092.63,85162.12,84858.78,84954.95,70210050.58
2025-04-20 07:00:00+00:00,84954.95,84955.07,84674.53,84783.87,360765386.01
2025-04-20 08:00:00+00:00,84783.87,84787.89,84626.26,84656.73,78320857.82
2025-04-20 09:00:00+00:00,84656.73,84657.52,84459.47,84546.64,140585435.68
2025-04-20 10:00:00+00:00,84546.64,84546.67,84004.5,84183.92,199385533.37
2025-04-20 11:00:00+00:00,84183.92,84254.65,83947.55,84129.33,120181073.94
2025-04-20 12:00:00+00:00,84129.33,84482.11,84102.41,84366.11,135268510.97
2025-04-20 13:00:00+00:00,84366.11,84459.3,84155.05,84310.77,95157878.36
2025-04-20 14:00:00+00:00,84310.77,84659.5,84249.05,84628.53,177379379.5
2025-04-20 15:00:00+00:00,84628.53,84629.4,84309.35,84347.04,97020262.58
2025-04-20 16:00:00+00:00,84347.04,84620.12,84276.64,84603.4,80450362.29
2025-04-20 17:00:00+00:00,84603.4,84620.73,84454.72,84580.1,36065453.45
2025-04-20 18:00:00+00:00,84580.1,84633.6,84467.81,84574.37,29928993.89
2025-04-20 19:00:00+00:00,84574.37,84661.22,84522.03,84648.19,25981706.07
2025-04-20 20:00:00+00:00,84648.19,85247.92,84616.23,85123.63,175781993.84
2025-04-20 21:00:00+00:00,85123.63,85235.04,84913.03,85007.52,64090240.38
2025-04-20 22:00:00+00:00,85007.52,85020.28,84672.75,84833.76,71729082.49
2025-04-20 23:00:00+00:00,84833.76,85291.55,84833.72,85180.93,127049978.26
2025-04-21 00:00:00+00:00,85180.93,87006.68,85143.23,86628.11,797766398.18
2025-04-21 01:00:00+00:00,86628.11,87444.22,86627.32,87290.65,563417060.06
2025-04-21 02:00:00+00:00,87290.65,87628.02,87124.54,87353.38,337401617.32
2025-04-21 03:00:00+00:00,87353.38,87608.36,87168.74,87204.05,210889047.46
2025-04-21 04:00:00+00:00,87204.05,87394.13,87052.44,87360.95,162682592.88
2025-04-21 05:00:00+00:00,87360.95,87709.72,87339.4,87551.65,168207182.4
2025-04-21 06:00:00+00:00,87551.65,87692.67,87375.6,87519.99,116303488.75
2025-04-21 07:00:00+00:00,87519.99,87612.58,87340.98,87438.11,157404499.04
2025-04-21 08:00:00+00:00,87438.11,87706.87,87424.84,87573.93,119138127.94
2025-04-21 09:00:00+00:00,87573.93,87786.76,87302.0,87508.86,187668788.99
2025-04-21 10:00:00+00:00,87508.86,87563.84,87254.42,87349.0,111893907.41
2025-04-21 11:00:00+00:00,87349.0,87353.29,86645.64,86972.94,219869835.66
2025-04-21 12:00:00+00:00,86972.94,87526.26,86966.68,87039.39,195465264.59
2025-04-21 13:00:00+00:00,87039.39,87565.42,86787.74,87032.77,382649758.7
2025-04-21 14:00:00+00:00,87032.77,88461.83,86946.4,88211.59,778209926.81
2025-04-21 15:00:00+00:00,88211.59,88331.66,87867.71,88042.43,418828191.18
2025-04-21 16:00:00+00:00,88042.43,88263.42,87054.4,87175.85,365298882.07
2025-04-21 17:00:00+00:00,87175.85,87309.16,86388.19,86849.89,540899350.23
2025-04-21 18:00:00+00:00,86849.89,87046.51,86643.66,86790.02,234157854.91
2025-04-21 19:00:00+00:00,86790.02,87475.69,86715.36,87415.46,273234299.29
2025-04-21 20:00:00+00:00,87415.46,87433.36,87145.17,87358.59,110743211.6
2025-04-21 21:00:00+00:00,87358.59,87383.31,86910.82,87272.08,101422035.76
2025-04-21 22:00:00+00:00,87272.08,87281.75,86929.71,87165.34,110274969.2
2025-04-21 23:00:00+00:00,87165.34,87621.46,87030.97,87513.76,146957838.99
2025-04-22 00:00:00+00:00,87513.76,87716.27,87078.76,87700.43,257337327.93
2025-04-22 01:00:00+00:00,87700.43,88868.68,87511.42,88402.94,488283396.56
2025-04-22 02:00:00+00:00,88402.94,88673.61,87904.31,88172.62,248144908.98
2025-04-22 03:00:00+00:00,88172.62,88275.96,87833.51,88158.8,218301744.74
2025-04-22 04:00:00+00:00,88158.8,88368.63,88042.72,88061.33,123479055.21
2025-04-22 05:00:00+00:00,88061.33,88411.11,87966.69,88387.6,118833276.11
2025-04-22 06:00:00+00:00,88387.6,88455.1,88000.15,88246.03,112149622.84
2025-04-22 07:00:00+00:00,88246.03,88489.17,88172.2,88481.07,158159621.85
2025-04-22 08:00:00+00:00,88481.07,88683.29,88332.56,88411.77,140762357.68
2025-04-22 09:00:00+00:00,88411.77,88601.3,88317.26,88576.31,108740283.96
2025-04-22 10:00:00+00:00,88576.31,88598.13,88248.16,88516.56,118791426.17
2025-04-22 11:00:00+00:00,88516.56,88698.86,88481.41,88617.0,135570407.9
2025-04-22 12:00:00+00:00,88617.0,89209.36,88487.01,88991.81,327715062.16
2025-04-22 13:00:00+00:00,88991.81,90494.04,88949.52,90224.21,1030275163.83
2025-04-22 14:00:00+00:00,90224.21,90935.07,90046.06,90795.86,699531447.45
2025-04-22 15:00:00+00:00,90795.86,91429.56,90388.42,90928.43,930721907.95
2025-04-22 16:00:00+00:00,90928.43,91040.6,90632.43,90681.48,408724333.29
2025-04-22 17:00:00+00:00,90681.48,91473.27,90670.97,91398.13,428800430.06
2025-04-22 18:00:00+00:00,91398.13,91647.53,91140.77,91500.9,320592234.74
2025-04-22 19:00:00+00:00,91500.9,91678.48,90938.16,91423.19,349712712.96
2025-04-22 20:00:00+00:00,91423.19,91507.23,91062.53,91108.61,190184650.58
2025-04-22 21:00:00+00:00,91108.61,93661.17,91054.56,93029.96,1007290084.17
2025-04-22 22:00:00+00:00,93029.96,93330.22,92549.08,92785.24,404900295.77
2025-04-22 23:00:00+00:00,92785.24,93854.27,92785.24,93441.88,481583720.91
2025-04-23 00:00:00+00:00,93441.88,93887.65,92788.84,92895.91,469399769.47
2025-04-23 01:00:00+00:00,92895.91,93492.98,92595.4,92642.61,338568692.56
2025-04-23 02:00:00+00:00,92642.61,93242.02,92613.49,92872.58,277161506.84
2025-04-23 03:00:00+00:00,92872.58,93216.68,92694.01,93166.63,152406189.29
2025-04-23 04:00:00+00:00,93166.63,93668.04,93019.82,93657.03,209753873.72
2025-04-23 05:00:00+00:00,93657.03,93657.03,93285.68,93483.35,202705466.53
2025-04-23 06:00:00+00:00,93483.35,93861.62,93424.31,93629.23,202863361.45
2025-04-23 07:00:00+00:00,93629.23,94224.2,93492.92,94138.67,282914536.73
2025-04-23 08:00:00+00:00,94138.67,94499.31,93917.76,94283.64,352326329.85
2025-04-23 09:00:00+00:00,94283.64,94395.36,93900.94,93901.15,190327948.65
2025-04-23 10:00:00+00:00,93901.15,93902.11,93358.26,93741.39,350777423.5
2025-04-23 11:00:00+00:00,93741.39,93776.19,93329.98,93466.32,153521083.57
2025-04-23 12:00:00+00:00,93466.32,93851.36,93422.93,93733.73,189058480.6
2025-04-23 13:00:00+00:00,93733.73,94426.72,92880.1,93008.32,844857799.06
2025-04-23 14:00:00+00:00,93008.32,93656.61,92680.81,92939.21,505873434.14
2025-04-23 15:00:00+00:00,92939.21,93226.22,91941.43,93192.71,724588605.72
2025-04-23 16:00:00+00:00,93192.71,93758.15,92914.99,93647.46,373886051.01
2025-04-23 17:00:00+00:00,93647.46,93963.09,93549.5,93896.92,251934533.4
2025-04-23 18:00:00+00:00,93896.92,94214.36,93621.0,93621.0,181928523.56
2025-04-23 19:00:00+00:00,93621.0,93621.01,92963.22,93501.06,278370545.11
2025-04-23 20:00:00+00:00,93501.06,93873.27,93476.1,93645.59,143026373.65
2025-04-23 21:00:00+00:00,93645.59,93901.98,93283.92,93479.97,103231918.23
2025-04-23 22:00:00+00:00,93479.97,93786.67,93238.48,93786.66,101709005.86
2025-04-23 23:00:00+00:00,93786.66,93838.69,93524.03,93685.02,75814756.84
2025-04-24 00:00:00+00:00,93685.02,93780.3,93248.27,93364.44,175307480.99
2025-04-24 01:00:00+00:00,93364.44,93616.97,93078.54,93497.27,156790817.41
2025-04-24 02:00:00+00:00,93497.27,93632.41,93055.97,93102.37,151653657.93
2025-04-24 03:00:00+00:00,93102.37,93322.38,92645.12,92669.82,218553194.76
2025-04-24 04:00:00+00:00,92669.82,92832.69,92385.07,92744.95,244919211.97
2025-04-24 05:00:00+00:00,92744.95,92898.3,92528.07,92580.62,99999033.58
2025-04-24 06:00:00+00:00,92580.62,92664.92,92254.73,92394.25,193287147.68
2025-04-24 07:00:00+00:00,92394.25,92630.94,92102.57,92199.42,213503271.23
2025-04-24 08:00:00+00:00,92199.42,92353.51,91667.84,92017.14,437729816.09
2025-04-24 09:00:00+00:00,92017.14,92577.67,91978.81,92473.45,207621653.04
2025-04-24 10:00:00+00:00,92473.45,92658.9,92366.46,92554.26,164131673.02
2025-04-24 11:00:00+00:00,92554.26,92642.4,92280.91,92624.48,150101467.29
2025-04-24 12:00:00+00:00,92624.48,92804.59,92442.25,92775.95,173692239.27
2025-04-24 13:00:00+00:00,92775.95,92966.68,92559.24,92817.84,291426222.72
2025-04-24 14:00:00+00:00,92817.84,93398.47,92630.37,93096.98,439045583.05
2025-04-24 15:00:00+00:00,93096.98,93452.86,93013.99,93207.95,248746324.84
2025-04-24 16:00:00+00:00,93207.95,93588.95,93207.82,93349.89,232402026.07
2025-04-24 17:00:00+00:00,93349.89,93429.18,92680.21,93007.82,239115454.48
2025-04-24 18:00:00+00:00,93007.82,93463.58,92996.36,93380.97,152904654.96
2025-04-24 19:00:00+00:00,93380.97,93654.6,93194.26,93563.33,164038678.36
2025-04-24 20:00:00+00:00,93563.33,93609.74,93305.74,93393.16,167219663.73
2025-04-24 21:00:00+00:00,93393.16,93559.49,93034.41,93354.42,108325635.48
2025-04-24 22:00:00+00:00,93354.42,93582.44,93286.54,93429.77,98078430.96
2025-04-24 23:00:00+00:00,93429.77,94003.09,93373.69,93977.53,266343420.76
2025-04-25 00:00:00+00:00,93977.53,94001.84,93537.31,93898.86,237304211.05
2025-04-25 01:00:00+00:00,93898.86,94433.16,93610.88,93670.93,300183755.18
2025-04-25 02:00:00+00:00,93670.93,93887.66,92893.86,92988.47,282787232.81
2025-04-25 03:00:00+00:00,92988.47,93387.59,92853.5,93312.42,189434557.28
2025-04-25 04:00:00+00:00,93312.42,93492.5,93041.72,93055.45,147396275.85
2025-04-25 05:00:00+00:00,93055.45,93420.84,93010.77,93204.85,150654982.82
2025-04-25 06:00:00+00:00,93204.85,93607.24,93197.51,93537.47,126591443.5
2025-04-25 07:00:00+00:00,93537.47,93858.49,93497.67,93770.46,335268944.07
2025-04-25 08:00:00+00:00,93770.46,93879.62,93620.99,93678.9,155622844.66
2025-04-25 09:00:00+00:00,93678.9,93863.48,93542.08,93818.36,120443160.08
2025-04-25 10:00:00+00:00,93818.36,93953.39,93577.81,93632.56,160797356.96
2025-04-25 11:00:00+00:00,93632.56,94642.96,93632.54,94622.86,351765787.29
2025-04-25 12:00:00+00:00,94622.86,94989.01,94283.54,94414.74,527688978.05
2025-04-25 13:00:00+00:00,94414.74,94683.03,93941.51,94403.69,330671777.77
2025-04-25 14:00:00+00:00,94403.69,95750.02,94403.21,95373.36,1038931070.4
2025-04-25 15:00:00+00:00,95373.36,95677.98,94819.13,95066.48,458848178.53
2025-04-25 16:00:00+00:00,95066.48,95378.58,94731.06,95221.68,220751054.82
2025-04-25 17:00:00+00:00,95221.68,95549.57,94375.95,94530.72,307838181.65
2025-04-25 18:00:00+00:00,94530.72,95226.55,94530.72,94971.86,209232150.71
2025-04-25 19:00:00+00:00,94971.86,95317.73,94879.56,95295.32,241369177.26
2025-04-25 20:00:00+00:00,95295.32,95340.47,94779.08,94869.52,150431465.55
2025-04-25 21:00:00+00:00,94869.52,95031.42,94462.54,94607.51,110924696.86
2025-04-25 22:00:00+00:00,94607.51,94962.04,94588.24,94848.44,58449981.17
2025-04-25 23:00:00+00:00,94848.44,94971.24,94613.9,94641.15,103240164.63
2025-04-26 00:00:00+00:00,94641.15,94936.51,94545.77,94888.98,223186902.33
2025-04-26 01:00:00+00:00,94888.98,95198.28,94757.74,95017.91,116193489.61
2025-04-26 02:00:00+00:00,95017.91,95153.76,94706.59,94996.15,97810165.33
2025-04-26 03:00:00+00:00,94996.15,95058.95,94710.1,94739.72,76462765.39
2025-04-26 04:00:00+00:00,94739.72,94831.15,94531.98,94535.65,106183272.18
2025-04-26 05:00:00+00:00,94535.65,94705.65,94396.68,94625.8,113191690.44
2025-04-26 06:00:00+00:00,94625.8,94745.14,94587.14,94634.66,61567139.99
2025-04-26 07:00:00+00:00,94634.66,94794.51,94571.49,94571.49,95160797.48
2025-04-26 08:00:00+00:00,94571.49,94722.62,94274.81,94315.41,138300522.87
2025-04-26 09:00:00+00:00,94315.41,94419.42,94120.99,94271.4,111276857.57
2025-04-26 10:00:00+00:00,94271.4,94394.54,94150.95,94215.78,68861934.79
2025-04-26 11:00:00+00:00,94215.78,94252.81,93996.74,94145.41,135054663.82
2025-04-26 12:00:00+00:00,94145.41,94322.42,94116.16,94248.78,106935672.11
2025-04-26 13:00:00+00:00,94248.78,94302.98,93876.02,94145.53,139428302.21
2025-04-26 14:00:00+00:00,94145.53,94267.25,93920.31,94237.37,118980026.19
2025-04-26 15:00:00+00:00,94237.37,94394.18,94184.21,94370.62,97030215.78
2025-04-26 16:00:00+00:00,94370.62,94370.62,94038.83,94287.96,114473273.28
2025-04-26 17:00:00+00:00,94287.96,94372.49,94223.56,94319.55,52087548.59
2025-04-26 18:00:00+00:00,94319.55,94372.91,94126.66,94151.55,54865808.18
2025-04-26 19:00:00+00:00,94151.55,94328.97,94095.85,94305.9,48226571.98
2025-04-26 20:00:00+00:00,94305.9,94381.3,94087.44,94090.08,54501078.95
2025-04-26 21:00:00+00:00,94090.08,94358.79,94089.86,94358.59,67771603.99
2025-04-26 22:00:00+00:00,94358.59,94795.35,94358.59,94783.2,143615578.27
2025-04-26 23:00:00+00:00,94783.2,94875.05,94558.37,94627.38,93754881.35
2025-04-27 00:00:00+00:00,94627.38,94984.68,94577.42,94870.06,149792757.14
2025-04-27 01:00:00+00:00,94870.06,95330.39,94052.34,94117.27,440759199.71
2025-04-27 02:00:00+00:00,94117.27,94464.61,94062.61,94343.06,107005090.51
2025-04-27 03:00:00+00:00,94343.06,94459.2,94134.53,94160.65,95038539.44
2025-04-27 04:00:00+00:00,94160.65,94290.59,94011.69,94015.47,97869838.73
2025-04-27 05:00:00+00:00,94015.47,94172.91,93656.4,93923.58,189883456.7
2025-04-27 06:00:00+00:00,93923.58,94098.23,93881.59,94023.9,78670428.14
2025-04-27 07:00:00+00:00,94023.9,94146.67,93936.59,94070.62,77786575.39
2025-04-27 08:00:00+00:00,94070.62,94328.2,94022.22,94209.76,101522844.63
2025-04-27 09:00:00+00:00,94209.76,94232.33,94108.23,94162.55,53319129.93
2025-04-27 10:00:00+00:00,94162.55,94183.86,93945.47,94050.96,61808090.27
2025-04-27 11:00:00+00:00,94050.96,94081.45,93887.25,93922.63,70875637.22
2025-04-27 12:00:00+00:00,93922.63,93979.06,93688.19,93740.95,115462112.85
2025-04-27 13:00:00+00:00,93740.95,94084.43,93626.03,94062.65,129295883.8
2025-04-27 14:00:00+00:00,94062.65,94167.99,93931.89,93983.78,85435611.18
2025-04-27 15:00:00+00:00,93983.78,94003.86,93792.47,93900.07,66411116.47
2025-04-27 16:00:00+00:00,93900.07,93925.48,93721.63,93882.99,121526428.35
2025-04-27 17:00:00+00:00,93882.99,94157.16,93794.11,94045.43,98588233.88
2025-04-27 18:00:00+00:00,94045.43,94412.2,93994.27,94289.56,87633542.41
2025-04-27 19:00:00+00:00,94289.56,94436.08,94203.25,94432.47,52556603.99
2025-04-27 20:00:00+00:00,94432.47,94436.4,94262.68,94265.48,48284586.28
2025-04-27 21:00:00+00:00,94265.48,94541.19,94168.06,94327.58,77748378.8
2025-04-27 22:00:00+00:00,94327.58,94331.71,93648.68,93940.48,138765605.78
2025-04-27 23:00:00+00:00,93940.48,93940.5,93658.62,93740.98,77772772.11
2025-04-28 00:00:00+00:00,93740.98,93789.4,93286.69,93417.6,257366730.42
2025-04-28 01:00:00+00:00,93417.6,93594.21,92802.65,92945.46,338831220.86
2025-04-28 02:00:00+00:00,92945.46,93623.24,92892.35,93618.14,240829589.98
2025-04-28 03:00:00+00:00,93618.14,93975.72,93470.34,93849.33,181674758.24
2025-04-28 04:00:00+00:00,93849.33,94182.03,93849.32,94031.74,197961292.33
2025-04-28 05:00:00+00:00,94031.74,94328.94,93963.97,94224.44,165326018.3
2025-04-28 06:00:00+00:00,94224.44,94667.23,94224.4,94580.89,164314371.98
2025-04-28 07:00:00+00:00,94580.89,94796.31,94485.0,94689.81,162627518.28
2025-04-28 08:00:00+00:00,94689.81,94823.97,94594.0,94703.79,130214575.51
2025-04-28 09:00:00+00:00,94703.79,94877.02,94668.34,94732.29,157987496.74
2025-04-28 10:00:00+00:00,94732.29,95218.26,94340.92,95059.85,425317609.87
2025-04-28 11:00:00+00:00,95059.85,95535.67,95003.01,95316.56,402987323.79
2025-04-28 12:00:00+00:00,95316.56,95600.51,95060.78,95346.32,344079405.66
2025-04-28 13:00:00+00:00,95346.32,95506.91,93926.47,93966.69,581539765.25
2025-04-28 14:00:00+00:00,93966.69,94889.04,93849.79,94421.19,363285758.79
2025-04-28 15:00:00+00:00,94421.19,94527.34,93586.59,93831.31,308786345.08
2025-04-28 16:00:00+00:00,93831.31,94028.54,93452.65,93734.17,224866728.19
2025-04-28 17:00:00+00:00,93734.17,94098.4,93497.88,94097.0,156011755.25
2025-04-28 18:00:00+00:00,94097.0,94218.64,93792.78,94183.87,89106438.02
2025-04-28 19:00:00+00:00,94183.87,94915.03,94157.05,94793.44,219507128.58
2025-04-28 20:00:00+00:00,94793.44,94806.98,94374.97,94468.15,88087393.3
2025-04-28 21:00:00+00:00,94468.15,94547.95,94302.9,94547.92,54961424.55
2025-04-28 22:00:00+00:00,94547.92,94881.58,94478.6,94814.09,108196997.61
2025-04-28 23:00:00+00:00,94814.09,95169.12,94795.63,95006.97,159310322.79
2025-04-29 00:00:00+00:00,95006.97,95227.44,94831.57,95058.94,142070519.4
2025-04-29 01:00:00+00:00,95058.94,95457.74,94743.03,94864.59,283631458.75
2025-04-29 02:00:00+00:00,94864.59,94958.29,94513.64,94618.35,188627738.54
2025-04-29 03:00:00+00:00,94618.35,94807.33,94449.9,94660.29,100775617.83
2025-04-29 04:00:00+00:00,94660.29,94875.28,94308.53,94361.53,158072207.95
2025-04-29 05:00:00+00:00,94361.53,94415.94,94207.62,94278.69,230184439.81
2025-04-29 06:00:00+00:00,94278.69,94808.72,94264.81,94777.57,112715831.18
2025-04-29 07:00:00+00:00,94777.57,94961.11,94708.9,94919.85,117263692.06
2025-04-29 08:00:00+00:00,94919.85,95093.28,94820.18,95025.91,145164173.94
2025-04-29 09:00:00+00:00,95025.91,95088.95,94794.1,94987.54,97210029.71
2025-04-29 10:00:00+00:00,94987.54,95039.09,94747.09,94813.94,128281166.14
2025-04-29 11:00:00+00:00,94813.94,95279.71,94807.23,95127.65,170593209.75
2025-04-29 12:00:00+00:00,95127.65,95164.25,94783.84,94817.17,139441804.14
2025-04-29 13:00:00+00:00,94817.17,95030.08,94593.76,94801.86,206228211.3
2025-04-29 14:00:00+00:00,94801.86,95291.89,94532.22,95040.54,257013495.62
2025-04-29 15:00:00+00:00,95040.54,95124.94,94729.4,94842.72,135238672.49
2025-04-29 16:00:00+00:00,94842.72,95452.49,94801.95,94953.56,245794155.84
2025-04-29 17:00:00+00:00,94953.56,95361.66,94662.25,95231.16,254961998.53
2025-04-29 18:00:00+00:00,95231.16,95437.67,95060.38,95388.73,179710520.07
2025-04-29 19:00:00+00:00,95388.73,95435.07,95224.64,95301.37,121691414.71
2025-04-29 20:00:00+00:00,95301.37,95401.35,94818.25,94837.91,107071663.94
2025-04-29 21:00:00+00:00,94837.91,94964.3,94357.42,94739.97,222624004.18
2025-04-29 22:00:00+00:00,94739.97,94740.0,94022.65,94160.97,299176277.63
2025-04-29 23:00:00+00:00,94160.97,94295.98,93743.93,94251.12,272516241.91
2025-04-30 00:00:00+00:00,94251.12,94636.03,94137.27,94547.72,192174720.73
2025-04-30 01:00:00+00:00,94547.72,94607.09,94287.61,94530.82,111483970.99
2025-04-30 02:00:00+00:00,94530.82,94787.1,94458.83,94647.71,99494132.4
2025-04-30 03:00:00+00:00,94647.71,95112.56,94504.22,95027.99,148917576.56
2025-04-30 04:00:00+00:00,95027.99,95180.68,94871.33,95055.75,169309939.14
2025-04-30 05:00:00+00:00,95055.75,95110.84,94875.0,94898.81,112415706.6
2025-04-30 06:00:00+00:00,94898.81,94970.73,94755.16,94755.49,76447340.93
2025-04-30 07:00:00+00:00,94755.49,94870.33,94508.81,94626.62,116343482.34
2025-04-30 08:00:00+00:00,94626.62,94803.51,94529.63,94714.37,80750787.63
2025-04-30 09:00:00+00:00,94714.37,95021.8,94668.84,94970.71,82176533.75
2025-04-30 10:00:00+00:00,94970.71,95022.4,94852.12,94944.0,72773133.27
2025-04-30 11:00:00+00:00,94944.0,95226.84,94931.58,95175.46,132916045.32
2025-04-30 12:00:00+00:00,95175.46,95216.23,94352.2,94555.33,365316526.5
2025-04-30 13:00:00+00:00,94555.33,94644.37,93028.94,93041.09,635525918.68
2025-04-30 14:00:00+00:00,93041.09,94357.88,92924.38,93713.8,660765182.21
2025-04-30 15:00:00+00:00,93713.8,94111.45,93662.67,94008.19,197176855.31
2025-04-30 16:00:00+00:00,94008.19,94186.64,93534.06,93940.29,195225675.87
2025-04-30 17:00:00+00:00,93940.29,94267.41,93752.22,94101.93,116653130.21
2025-04-30 18:00:00+00:00,94101.93,94500.96,94007.13,94078.71,164673936.91
2025-04-30 19:00:00+00:00,94078.71,94269.07,93757.58,94147.88,144887466.14
2025-04-30 20:00:00+00:00,94147.88,94734.25,94114.45,94559.66,188426387.42
2025-04-30 21:00:00+00:00,94559.66,94775.61,94380.62,94423.05,88314859.32
2025-04-30 22:00:00+00:00,94423.05,94716.0,94062.98,94115.88,131265714.75
2025-04-30 23:00:00+00:00,94115.88,94327.03,93999.83,94168.78,103163133.77
2025-05-01 00:00:00+00:00,94168.78,94402.27,94131.2,94401.59,83407584.81
2025-05-01 01:00:00+00:00,94401.59,94707.02,94394.54,94637.9,141793456.43
2025-05-01 02:00:00+00:00,94637.9,94968.74,94616.95,94847.96,203275006.81
2025-05-01 03:00:00+00:00,94847.96,95016.02,94686.75,94779.16,208493579.81
2025-05-01 04:00:00+00:00,94779.16,94929.13,94717.24,94867.54,62645784.71
2025-05-01 05:00:00+00:00,94867.54,95177.6,94840.66,95144.24,165362810.7
2025-05-01 06:00:00+00:00,95144.24,95177.66,94809.04,94889.97,114935968.25
2025-05-01 07:00:00+00:00,94889.97,95108.46,94797.3,95019.9,87118981.6
2025-05-01 08:00:00+00:00,95019.9,95206.53,94909.25,95203.86,106993834.46
2025-05-01 09:00:00+00:00,95203.86,95798.88,95137.52,95521.5,305233416.15
2025-05-01 10:00:00+00:00,95521.5,96387.21,95521.46,96168.57,430318335.21
2025-05-01 11:00:00+00:00,96168.57,96253.31,95841.42,96183.79,175098754.63
2025-05-01 12:00:00+00:00,96183.79,96467.39,96121.09,96377.15,291494241.09
2025-05-01 13:00:00+00:00,96377.15,96725.63,95817.44,95825.51,403333114.98
2025-05-01 14:00:00+00:00,95825.51,96894.51,95825.51,96836.07,523584313.29
2025-05-01 15:00:00+00:00,96836.07,97425.33,96757.59,96856.49,543927833.48
2025-05-01 16:00:00+00:00,96856.49,97365.21,96856.49,97008.37,253964294.15
2025-05-01 17:00:00+00:00,97008.37,97216.95,96525.17,96801.4,299369665.57
2025-05-01 18:00:00+00:00,96801.4,96953.04,96445.21,96870.47,271480612.05
2025-05-01 19:00:00+00:00,96870.47,96886.63,96426.38,96526.26,245288128.67
2025-05-01 20:00:00+00:00,96526.26,96887.68,96320.94,96412.38,232543116.59
2025-05-01 21:00:00+00:00,96412.38,96775.56,96394.73,96469.43,92394128.69
2025-05-01 22:00:00+00:00,96469.43,96646.79,96370.55,96377.09,81990753.51
2025-05-01 23:00:00+00:00,96377.09,96500.36,96189.84,96487.8,98517495.42
2025-05-02 00:00:00+00:00,96487.8,97046.72,96469.11,97038.5,169382854.99
2025-05-02 01:00:00+00:00,97038.5,97172.4,96785.48,96971.7,161094154.89
2025-05-02 02:00:00+00:00,96971.7,97042.87,96727.01,96953.86,107316501.99
2025-05-02 03:00:00+00:00,96953.86,97236.52,96953.86,97108.04,112834277.35
2025-05-02 04:00:00+00:00,97108.04,97295.46,96874.77,96942.35,124137809.6
2025-05-02 05:00:00+00:00,96942.35,97006.94,96634.09,96710.26,110573707.29
2025-05-02 06:00:00+00:00,96710.26,96884.82,96576.79,96718.18,103655882.63
2025-05-02 07:00:00+00:00,96718.18,96734.16,96359.09,96359.87,334128168.18
2025-05-02 08:00:00+00:00,96359.87,96774.75,96358.38,96637.76,235683532.34
2025-05-02 09:00:00+00:00,96637.76,96787.06,96474.87,96603.77,110838054.62
2025-05-02 10:00:00+00:00,96603.77,96927.11,96600.06,96893.79,98035655.18
2025-05-02 11:00:00+00:00,96893.79,97090.45,96888.29,96932.33,193218591.19
2025-05-02 12:00:00+00:00,96932.33,97186.2,96651.29,97186.13,286429122.03
2025-05-02 13:00:00+00:00,97186.13,97257.22,96676.03,96770.35,281174943.82
2025-05-02 14:00:00+00:00,96770.35,97887.25,96709.74,97746.28,520773627.03
2025-05-02 15:00:00+00:00,97746.28,97886.98,97065.49,97327.57,302077775.64
2025-05-02 16:00:00+00:00,97327.57,97783.08,97327.31,97349.63,258479847.69
2025-05-02 17:00:00+00:00,97349.63,97427.63,97054.73,97396.74,169584715.04
2025-05-02 18:00:00+00:00,97396.74,97612.31,97153.11,97171.92,151628527.01
2025-05-02 19:00:00+00:00,97171.92,97179.18,96764.08,96915.94,216810664.33
2025-05-02 20:00:00+00:00,96915.94,97133.74,96837.01,97019.86,114237875.63
2025-05-02 21:00:00+00:00,97019.86,97036.81,96565.45,96722.51,78110341.06
2025-05-02 22:00:00+00:00,96722.51,96789.64,96575.26,96649.03,105000838.42
2025-05-02 23:00:00+00:00,96649.03,96889.19,96595.97,96884.93,69271370.71
2025-05-03 00:00:00+00:00,96884.93,96924.98,96624.85,96698.73,112312701.36
2025-05-03 01:00:00+00:00,96698.73,96721.09,96436.26,96496.3,117557888.28
2025-05-03 02:00:00+00:00,96496.3,96702.72,96488.3,96531.23,94812378.1
2025-05-03 03:00:00+00:00,96531.23,96538.43,96311.77,96336.84,156301471.27
2025-05-03 04:00:00+00:00,96336.84,96585.3,96308.8,96516.57,64509816.62
2025-05-03 05:00:00+00:00,96516.57,96594.9,96415.33,96422.02,60141742.01
2025-05-03 06:00:00+00:00,96422.02,96422.09,96137.17,96179.31,107241741.7
2025-05-03 07:00:00+00:00,96179.31,96394.21,96157.98,96327.57,93866356.34
2025-05-03 08:00:00+00:00,96327.57,96421.51,96145.37,96289.59,199586511.54
2025-05-03 09:00:00+00:00,96289.59,96398.74,96188.06,96260.32,150151574.96
2025-05-03 10:00:00+00:00,96260.32,96260.37,95861.59,95903.29,214570642.07
2025-05-03 11:00:00+00:00,95903.29,96084.06,95870.47,95943.52,103752877.58
2025-05-03 12:00:00+00:00,95943.52,96162.64,95886.79,96122.87,111743059.12
2025-05-03 13:00:00+00:00,96122.87,96334.57,96109.53,96334.52,81607464.53
2025-05-03 14:00:00+00:00,96334.52,96447.09,96293.01,96380.08,86411500.78
2025-05-03 15:00:00+00:00,96380.08,96507.71,96326.81,96416.19,94438702.05
2025-05-03 16:00:00+00:00,96416.19,96423.76,96081.38,96209.89,89277408.72
2025-05-03 17:00:00+00:00,96209.89,96209.89,95883.29,96188.66,93577952.54
2025-05-03 18:00:00+00:00,96188.66,96270.54,96100.74,96146.3,39018659.41
2025-05-03 19:00:00+00:00,96146.3,96355.36,96125.68,96354.61,37619006.33
2025-05-03 20:00:00+00:00,96354.61,96389.75,96288.23,96342.49,32677358.37
2025-05-03 21:00:00+00:00,96342.49,96436.05,96242.72,96268.23,56300851.72
2025-05-03 22:00:00+00:00,96268.23,96339.04,96169.21,96175.48,54765597.91
2025-05-03 23:00:00+00:00,96175.48,96176.12,95760.16,95857.94,149440827.36
2025-05-04 00:00:00+00:00,95857.94,96044.03,95778.78,95874.69,84547655.92
2025-05-04 01:00:00+00:00,95874.69,96177.35,95594.06,96096.83,181257233.8
2025-05-04 02:00:00+00:00,96096.83,96296.79,95808.84,95888.75,143403011.97
2025-05-04 03:00:00+00:00,95888.75,95898.28,95669.65,95725.12,92011105.93
2025-05-04 04:00:00+00:00,95725.12,95941.52,95724.88,95732.4,55383613.32
2025-05-04 05:00:00+00:00,95732.4,96135.15,95701.29,96047.2,94016053.94
2025-05-04 06:00:00+00:00,96047.2,96144.41,95874.23,95912.1,109781120.23
2025-05-04 07:00:00+00:00,95912.1,96083.16,95813.98,95882.49,83084479.4
2025-05-04 08:00:00+00:00,95882.49,95927.61,95461.8,95649.71,155087790.66
2025-05-04 09:00:00+00:00,95649.71,95689.79,95449.74,95491.21,79917534.37
2025-05-04 10:00:00+00:00,95491.21,95528.18,95301.02,95407.83,145826760.02
2025-05-04 11:00:00+00:00,95407.83,95552.97,95365.79,95424.71,95279730.66
2025-05-04 12:00:00+00:00,95424.71,95595.62,95419.92,95469.17,88920817.94
2025-05-04 13:00:00+00:00,95469.17,95596.53,95229.49,95375.22,138203161.32
2025-05-04 14:00:00+00:00,95375.22,95644.94,95324.17,95611.14,103460344.13
2025-05-04 15:00:00+00:00,95611.14,95684.21,95425.64,95463.4,77153690.11
2025-05-04 16:00:00+00:00,95463.4,95564.26,95299.58,95340.07,80221344.05
2025-05-04 17:00:00+00:00,95340.07,95477.68,95257.96,95408.2,78667585.02
2025-05-04 18:00:00+00:00,95408.2,95486.67,95361.73,95383.65,50400010.83
2025-05-04 19:00:00+00:00,95383.65,95635.4,95344.65,95578.71,53124802.98
2025-05-04 20:00:00+00:00,95578.71,95728.09,95574.83,95716.66,50765465.64
2025-05-04 21:00:00+00:00,95716.66,95750.16,95626.38,95670.21,44586656.6
2025-05-04 22:00:00+00:00,95670.21,95679.1,94749.5,95014.8,362960014.15
2025-05-04 23:00:00+00:00,95014.8,95033.76,94165.17,94286.78,393874655.02
2025-05-05 00:00:00+00:00,94286.78,94800.46,94207.36,94718.56,218446177.88
2025-05-05 01:00:00+00:00,94718.56,94742.5,93742.91,93926.84,407015252.91
2025-05-05 02:00:00+00:00,93926.84,94389.43,93525.45,94239.93,297715348.13
2025-05-05 03:00:00+00:00,94239.93,94299.0,94021.56,94039.31,156897188.6
2025-05-05 04:00:00+00:00,94039.31,94437.42,94023.29,94413.21,119924158.71
2025-05-05 05:00:00+00:00,94413.21,94747.12,94237.13,94726.58,128765842.74
2025-05-05 06:00:00+00:00,94726.58,94774.39,94577.21,94764.44,119548352.87
2025-05-05 07:00:00+00:00,94764.44,94806.89,94536.66,94759.9,139544778.36
2025-05-05 08:00:00+00:00,94759.9,94789.41,94493.96,94561.54,137266762.48
2025-05-05 09:00:00+00:00,94561.54,94647.64,94484.04,94554.98,82635906.53
2025-05-05 10:00:00+00:00,94554.98,94562.51,94064.75,94123.92,160834525.12
2025-05-05 11:00:00+00:00,94123.92,94278.56,93897.46,94042.69,169801343.83
2025-05-05 12:00:00+00:00,94042.69,94346.03,93917.41,94334.74,127012473.32
2025-05-05 13:00:00+00:00,94334.74,94409.09,93651.83,94224.99,394252357.17
2025-05-05 14:00:00+00:00,94224.99,94523.99,93732.33,93882.43,334835749.87
2025-05-05 15:00:00+00:00,93882.43,93970.37,93617.52,93771.66,220462963.58
2025-05-05 16:00:00+00:00,93771.66,94277.64,93765.07,94208.62,160584807.38
2025-05-05 17:00:00+00:00,94208.62,94622.44,94064.31,94501.06,179615359.27
2025-05-05 18:00:00+00:00,94501.06,94896.08,94445.02,94729.66,125266583.7
2025-05-05 19:00:00+00:00,94729.66,94897.09,94292.05,94345.26,123336285.03
2025-05-05 20:00:00+00:00,94345.26,94367.08,93874.68,94240.68,131433224.44
2025-05-05 21:00:00+00:00,94240.68,94830.76,94240.66,94716.25,119915013.23
2025-05-05 22:00:00+00:00,94716.25,95196.81,94715.05,95048.07,168035649.76
2025-05-05 23:00:00+00:00,95048.07,95125.87,94723.32,94736.54,110042627.59
2025-05-06 00:00:00+00:00,94736.54,94778.88,94438.15,94598.64,93636839.82
2025-05-06 01:00:00+00:00,94598.64,94926.63,94313.07,94313.82,128914220.69
2025-05-06 02:00:00+00:00,94313.82,94402.33,94023.65,94333.77,126093242.17
2025-05-06 03:00:00+00:00,94333.77,94505.95,94232.43,94456.6,98918216.45
2025-05-06 04:00:00+00:00,94456.6,94588.09,94348.92,94578.55,62480343.4
2025-05-06 05:00:00+00:00,94578.55,94606.57,94311.1,94340.96,92267214.58
2025-05-06 06:00:00+00:00,94340.96,94497.28,94335.09,94497.27,40876290.24
2025-05-06 07:00:00+00:00,94497.27,94627.92,94354.68,94401.23,94705816.16
2025-05-06 08:00:00+00:00,94401.23,94401.81,94015.75,94376.17,173945994.39
2025-05-06 09:00:00+00:00,94376.17,94376.44,94113.45,94213.96,76483287.01
2025-05-06 10:00:00+00:00,94213.96,94328.21,93867.56,93944.14,188234921.07
2025-05-06 11:00:00+00:00,93944.14,94063.1,93723.23,93812.97,124575735.45
2025-05-06 12:00:00+00:00,93812.97,94041.86,93772.09,93942.13,149622250.07
2025-05-06 13:00:00+00:00,93942.13,94008.62,93405.49,93622.84,292763180.15
2025-05-06 14:00:00+00:00,93622.84,94682.02,93618.79,94152.45,365597780.45
2025-05-06 15:00:00+00:00,94152.45,94733.11,94076.93,94559.41,211701817.84
2025-05-06 16:00:00+00:00,94559.41,94823.93,94218.53,94240.83,202870493.22
2025-05-06 17:00:00+00:00,94240.83,94855.42,94235.38,94528.16,173112097.27
2025-05-06 18:00:00+00:00,94528.16,95082.76,94506.46,95068.02,171374457.37
2025-05-06 19:00:00+00:00,95068.02,95157.34,94921.77,94960.4,188048347.62
2025-05-06 20:00:00+00:00,94960.4,95023.14,94631.98,94680.17,134230998.17
2025-05-06 21:00:00+00:00,94680.17,94802.64,94463.38,94690.83,75060098.07
2025-05-06 22:00:00+00:00,94690.83,96286.33,94682.42,96256.78,620787405.49
2025-05-06 23:00:00+00:00,96256.78,96908.43,96102.93,96830.85,418554740.28
2025-05-07 00:00:00+00:00,96830.85,97491.04,96750.05,97414.47,501075622.15
2025-05-07 01:00:00+00:00,97414.47,97717.21,97188.72,97244.09,304251472.59
2025-05-07 02:00:00+00:00,97244.09,97273.55,96492.89,96625.13,294128970.55
2025-05-07 03:00:00+00:00,96625.13,96667.75,96210.02,96506.36,229246937.0
2025-05-07 04:00:00+00:00,96506.36,96710.11,96425.39,96580.22,97019878.95
2025-05-07 05:00:00+00:00,96580.22,96580.26,96318.48,96381.78,98139035.84
2025-05-07 06:00:00+00:00,96381.78,96663.54,96362.69,96559.89,126832253.05
2025-05-07 07:00:00+00:00,96559.89,97005.13,96555.89,96989.77,109859172.75
2025-05-07 08:00:00+00:00,96989.77,97080.49,96861.41,97022.29,102488737.26
2025-05-07 09:00:00+00:00,97022.29,97053.61,96871.29,96977.52,87080609.83
2025-05-07 10:00:00+00:00,96977.52,97108.03,96831.57,97023.17,87934238.15
2025-05-07 11:00:00+00:00,97023.17,97069.09,96927.36,97045.38,67170573.54
2025-05-07 12:00:00+00:00,97045.38,97194.75,96872.68,96968.17,134563107.13
2025-05-07 13:00:00+00:00,96968.17,97306.9,96715.11,97018.1,254944293.56
2025-05-07 14:00:00+00:00,97018.1,97484.23,96807.01,96936.24,290164490.42
2025-05-07 15:00:00+00:00,96936.24,97156.04,96766.02,96928.12,172429625.25
2025-05-07 16:00:00+00:00,96928.12,96958.97,96519.13,96856.41,188694383.01
2025-05-07 17:00:00+00:00,96856.41,96889.76,96195.83,96309.62,183623068.74
2025-05-07 18:00:00+00:00,96309.62,96869.97,95897.93,96593.49,518025091.68
2025-05-07 19:00:00+00:00,96593.49,96613.78,95792.04,96186.47,356784171.64
2025-05-07 20:00:00+00:00,96186.47,96763.43,96083.96,96763.43,136549626.64
2025-05-07 21:00:00+00:00,96763.43,97319.71,96653.91,97125.35,151125825.71
2025-05-07 22:00:00+00:00,97125.35,97305.93,97018.65,97260.85,125459906.75
2025-05-07 23:00:00+00:00,97260.85,97391.22,96977.84,97028.79,132571412.75
2025-05-08 00:00:00+00:00,97028.79,97777.47,96884.02,97762.69,218593583.53
2025-05-08 01:00:00+00:00,97762.69,98344.74,97596.36,97815.9,669001987.56
2025-05-08 02:00:00+00:00,97815.9,98843.27,97815.89,98677.82,457510548.22
2025-05-08 03:00:00+00:00,98677.82,99211.08,98534.32,99148.42,396719885.55
2025-05-08 04:00:00+00:00,99148.42,99411.56,98931.03,98956.79,431806120.58
2025-05-08 05:00:00+00:00,98956.79,99121.29,98741.17,98743.66,222969886.08
2025-05-08 06:00:00+00:00,98743.66,99029.11,98726.48,99027.17,115357592.81
2025-05-08 07:00:00+00:00,99027.17,99366.4,99026.76,99256.46,230244522.06
2025-05-08 08:00:00+00:00,99256.46,99781.88,99213.82,99668.78,373117008.3
2025-05-08 09:00:00+00:00,99668.78,99802.55,99544.32,99793.06,167100703.17
2025-05-08 10:00:00+00:00,99793.06,99887.81,99688.51,99783.39,168211711.99
2025-05-08 11:00:00+00:00,99783.39,99783.41,99413.33,99413.33,208698990.73
2025-05-08 12:00:00+00:00,99413.33,99551.5,99256.2,99290.09,212413896.45
2025-05-08 13:00:00+00:00,99290.09,99631.27,99098.45,99297.34,257382640.89
2025-05-08 14:00:00+00:00,99297.34,99819.49,99163.03,99375.82,389885779.83
2025-05-08 15:00:00+00:00,99375.82,101517.9,99323.96,100757.81,1275322770.2
2025-05-08 16:00:00+00:00,100757.81,101349.08,100595.88,101281.01,470764740.93
2025-05-08 17:00:00+00:00,101281.01,101703.34,100791.6,101025.46,440179645.66
2025-05-08 18:00:00+00:00,101025.46,101466.68,100971.58,101364.53,245097114.86
2025-05-08 19:00:00+00:00,101364.53,101364.53,100973.23,101299.35,363099465.76
2025-05-08 20:00:00+00:00,101299.35,102835.67,101283.92,102604.73,605654009.06
2025-05-08 21:00:00+00:00,102604.73,104056.42,102115.18,102820.83,919244589.79
2025-05-08 22:00:00+00:00,102820.83,103217.25,102402.39,103010.8,304294606.43
2025-05-08 23:00:00+00:00,103010.8,103285.23,102786.41,103264.94,255998495.2
2025-05-09 00:00:00+00:00,103264.94,103264.98,102549.47,102815.67,268508946.71
2025-05-09 01:00:00+00:00,102815.67,103119.7,102554.97,103093.84,268599894.97
2025-05-09 02:00:00+00:00,103093.84,103093.84,102509.82,102597.66,231885979.25
2025-05-09 03:00:00+00:00,102597.66,102795.49,102361.42,102446.38,232842371.0
2025-05-09 04:00:00+00:00,102446.38,102838.04,102372.58,102823.51,179462538.02
2025-05-09 05:00:00+00:00,102823.51,102973.51,102586.49,102973.5,177271401.45
2025-05-09 06:00:00+00:00,102973.5,103258.07,102926.57,103229.63,327694614.08
2025-05-09 07:00:00+00:00,103229.63,104353.16,103125.15,103641.65,858161296.33
2025-05-09 08:00:00+00:00,103641.65,103930.25,102660.32,102967.1,701412302.67
2025-05-09 09:00:00+00:00,102967.1,103277.71,102423.99,102920.49,459541314.42
2025-05-09 10:00:00+00:00,102920.49,103467.14,102802.81,103365.58,308782295.65
2025-05-09 11:00:00+00:00,103365.58,103476.83,102708.45,102959.34,368191970.32
2025-05-09 12:00:00+00:00,102959.34,103164.67,102811.54,102903.96,244752919.68
2025-05-09 13:00:00+00:00,102903.96,103788.47,102835.56,103632.69,405894185.64
2025-05-09 14:00:00+00:00,103632.69,103758.77,102415.99,103155.53,687565457.81
2025-05-09 15:00:00+00:00,103155.53,103312.7,102694.6,102895.86,307982496.74
2025-05-09 16:00:00+00:00,102895.86,102933.08,102322.41,102484.04,278491753.78
2025-05-09 17:00:00+00:00,102484.04,103228.95,102347.01,103201.9,265580431.1
2025-05-09 18:00:00+00:00,103201.9,103367.84,102936.49,103181.19,155190346.95
2025-05-09 19:00:00+00:00,103181.19,103285.31,102895.42,103191.15,145821647.82
2025-05-09 20:00:00+00:00,103191.15,103409.15,103146.28,103185.52,97086256.18
2025-05-09 21:00:00+00:00,103185.52,103215.75,102773.94,102984.9,111322244.02
2025-05-09 22:00:00+00:00,102984.9,103067.74,102745.44,102782.99,80393395.37
2025-05-09 23:00:00+00:00,102782.99,102981.42,102738.65,102973.44,61264917.48
2025-05-10 00:00:00+00:00,102973.44,103109.18,102817.22,102860.0,150754939.19
2025-05-10 01:00:00+00:00,102860.0,103116.1,102859.91,102981.08,91093008.62
2025-05-10 02:00:00+00:00,102981.08,103265.63,102949.93,103146.4,86328808.57
2025-05-10 03:00:00+00:00,103146.4,103228.72,102974.9,103220.38,77579672.87
2025-05-10 04:00:00+00:00,103220.38,103220.43,103036.99,103154.99,71350437.81
2025-05-10 05:00:00+00:00,103154.99,103358.77,103096.43,103358.23,113277780.4
2025-05-10 06:00:00+00:00,103358.23,103942.97,103358.07,103931.81,229845347.11
2025-05-10 07:00:00+00:00,103931.81,104102.64,103634.76,103760.9,208269007.0
2025-05-10 08:00:00+00:00,103760.9,104078.96,103466.51,103633.21,207737539.91
2025-05-10 09:00:00+00:00,103633.21,103907.06,103369.61,103762.32,175509682.41
2025-05-10 10:00:00+00:00,103762.32,103884.05,103588.36,103591.19,128462948.88
2025-05-10 11:00:00+00:00,103591.19,103654.48,103387.57,103427.94,156311035.15
2025-05-10 12:00:00+00:00,103427.94,103823.06,103420.29,103693.47,149014342.07
2025-05-10 13:00:00+00:00,103693.47,103795.58,103535.03,103627.02,116952998.93
2025-05-10 14:00:00+00:00,103627.02,103665.81,103419.33,103516.82,111677270.59
2025-05-10 15:00:00+00:00,103516.82,103528.0,103101.7,103138.44,152637303.36
2025-05-10 16:00:00+00:00,103138.44,103504.54,103130.28,103432.92,187879695.97
2025-05-10 17:00:00+00:00,103432.92,103612.73,103159.08,103174.98,235334716.89
2025-05-10 18:00:00+00:00,103174.98,103311.5,103008.73,103245.12,152214953.38
2025-05-10 19:00:00+00:00,103245.12,103302.49,103084.27,103189.29,111981787.82
2025-05-10 20:00:00+00:00,103189.29,103314.98,103065.34,103190.62,62289902.99
2025-05-10 21:00:00+00:00,103190.62,103796.53,103163.11,103756.51,93870614.65
2025-05-10 22:00:00+00:00,103756.51,103828.53,103546.85,103594.97,113224980.66
2025-05-10 23:00:00+00:00,103594.97,104983.96,103570.39,104808.93,656759053.9
2025-05-11 00:00:00+00:00,104808.93,104964.88,103934.06,104426.54,376774462.46
2025-05-11 01:00:00+00:00,104426.54,104538.71,103873.15,104138.52,201668787.99
2025-05-11 02:00:00+00:00,104138.52,104285.5,103463.82,103769.98,274808005.43
2025-05-11 03:00:00+00:00,103769.98,104194.53,103660.27,104023.37,148535879.99
2025-05-11 04:00:00+00:00,104023.37,104402.54,103999.38,104156.78,143496773.76
2025-05-11 05:00:00+00:00,104156.78,104202.89,103811.24,103845.67,101543399.43
2025-05-11 06:00:00+00:00,103845.67,103989.39,103621.47,103864.91,243381832.69
2025-05-11 07:00:00+00:00,103864.91,103879.25,103342.78,103390.15,267063165.27
2025-05-11 08:00:00+00:00,103390.15,104023.56,103383.89,103825.75,159533435.75
2025-05-11 09:00:00+00:00,103825.75,104471.73,103823.11,104344.91,161890877.24
2025-05-11 10:00:00+00:00,104344.91,104657.62,104192.52,104644.54,168516406.17
2025-05-11 11:00:00+00:00,104644.54,104766.86,104362.76,104648.88,142150219.0
2025-05-11 12:00:00+00:00,104648.88,104884.97,104520.81,104597.66,255330251.07
2025-05-11 13:00:00+00:00,104597.66,104658.91,103942.61,103966.03,313285669.4
2025-05-11 14:00:00+00:00,103966.03,104292.75,103784.95,104165.08,324957545.58
2025-05-11 15:00:00+00:00,104165.08,104678.57,103915.05,104143.76,261175786.64
2025-05-11 16:00:00+00:00,104143.76,104176.57,103749.88,103985.71,198897126.27
2025-05-11 17:00:00+00:00,103985.71,104152.41,103791.34,104035.58,126227225.77
2025-05-11 18:00:00+00:00,104035.58,104825.84,103855.61,104531.8,205329108.98
2025-05-11 19:00:00+00:00,104531.8,104652.36,104358.86,104421.05,134615717.64
2025-05-11 20:00:00+00:00,104421.05,104445.92,104161.74,104269.7,85554514.81
2025-05-11 21:00:00+00:00,104269.7,104389.11,103959.13,104352.39,98347213.66
2025-05-11 22:00:00+00:00,104352.39,104578.14,103572.31,103791.77,219986983.49
2025-05-11 23:00:00+00:00,103791.77,104138.17,103765.98,104116.6,147978807.59
2025-05-12 00:00:00+00:00,104116.6,104636.29,104070.68,104590.58,209856808.77
2025-05-12 01:00:00+00:00,104590.58,105080.4,103759.18,103982.89,463212461.76
2025-05-12 02:00:00+00:00,103982.89,104201.66,103711.48,103886.6,200912663.21
2025-05-12 03:00:00+00:00,103886.6,104100.18,103706.49,104100.16,127669977.42
2025-05-12 04:00:00+00:00,104100.16,104165.52,103822.08,104065.17,104478270.72
2025-05-12 05:00:00+00:00,104065.17,104072.03,103750.4,103943.48,114330238.76
2025-05-12 06:00:00+00:00,103943.48,104406.31,103802.42,104384.56,148473246.5
2025-05-12 07:00:00+00:00,104384.56,105815.0,104165.74,104471.21,1267122619.12
2025-05-12 08:00:00+00:00,104471.21,104739.3,104077.43,104616.25,300649033.51
2025-05-12 09:00:00+00:00,104616.25,104679.05,104374.54,104458.05,216901587.6
2025-05-12 10:00:00+00:00,104458.05,104539.44,104160.44,104527.2,246921255.84
2025-05-12 11:00:00+00:00,104527.2,104630.15,103628.89,103765.57,386294896.41
2025-05-12 12:00:00+00:00,103765.57,104147.29,103733.29,103886.04,391552539.14
2025-05-12 13:00:00+00:00,103886.04,104628.87,103676.05,104320.72,526064439.56
2025-05-12 14:00:00+00:00,104320.72,104394.94,102617.37,102802.14,945882372.76
2025-05-12 15:00:00+00:00,102802.14,103202.0,102394.25,102527.48,566550747.51
2025-05-12 16:00:00+00:00,102527.48,103074.12,102422.87,102855.95,311244842.93
2025-05-12 17:00:00+00:00,102855.95,103088.38,102535.32,102561.19,249549476.34
2025-05-12 18:00:00+00:00,102561.19,102664.26,100748.27,101627.39,856422236.69
2025-05-12 19:00:00+00:00,101627.39,102113.66,101476.92,101863.97,345318620.51
2025-05-12 20:00:00+00:00,101863.97,102882.88,101772.04,102681.11,219893869.23
2025-05-12 21:00:00+00:00,102681.11,102745.98,102358.43,102510.25,125115563.86
2025-05-12 22:00:00+00:00,102510.25,102940.27,102358.05,102857.02,124758879.25
2025-05-12 23:00:00+00:00,102857.02,103130.11,102793.04,102793.07,125536982.58
2025-05-13 00:00:00+00:00,102793.07,102794.35,102172.91,102266.27,184012183.89
2025-05-13 01:00:00+00:00,102266.27,102714.19,102078.47,102395.33,243335291.93
2025-05-13 02:00:00+00:00,102395.33,102621.64,101696.08,102065.65,324302649.44
2025-05-13 03:00:00+00:00,102065.65,102162.94,101428.72,101714.38,275224692.87
2025-05-13 04:00:00+00:00,101714.38,102760.51,101608.26,102738.85,255505815.15
2025-05-13 05:00:00+00:00,102738.85,102738.85,102263.97,102467.34,193613895.94
2025-05-13 06:00:00+00:00,102467.34,102679.27,102330.68,102547.51,146045328.8
2025-05-13 07:00:00+00:00,102547.51,102937.6,102546.69,102664.45,127674631.99
2025-05-13 08:00:00+00:00,102664.45,102953.04,102543.7,102717.95,149316118.14
2025-05-13 09:00:00+00:00,102717.95,103511.13,102717.89,103452.95,407926259.22
2025-05-13 10:00:00+00:00,103452.95,103610.51,103270.47,103555.82,185689041.33
2025-05-13 11:00:00+00:00,103555.82,103817.68,103452.97,103722.66,143420449.85
2025-05-13 12:00:00+00:00,103722.66,103964.48,103451.61,103679.04,453708360.47
2025-05-13 13:00:00+00:00,103679.04,103922.51,103393.38,103710.86,307367196.95
2025-05-13 14:00:00+00:00,103710.86,103747.14,102825.11,103192.2,435564698.8
2025-05-13 15:00:00+00:00,103192.2,103867.25,103136.01,103683.1,263515737.91
2025-05-13 16:00:00+00:00,103683.1,104388.63,103533.7,103722.8,378098596.27
2025-05-13 17:00:00+00:00,103722.8,104303.47,103707.52,104260.69,222247781.17
2025-05-13 18:00:00+00:00,104260.69,104424.28,104078.17,104355.21,208485661.93
2025-05-13 19:00:00+00:00,104355.21,104974.39,104157.5,104791.42,484141980.92
2025-05-13 20:00:00+00:00,104791.42,104927.38,104395.85,104559.47,176334002.66
2025-05-13 21:00:00+00:00,104559.47,104615.36,104183.27,104339.89,108137001.97
2025-05-13 22:00:00+00:00,104339.89,104433.83,104092.97,104128.36,134497305.28
2025-05-13 23:00:00+00:00,104128.36,104283.46,103880.52,104117.01,155555488.96
2025-05-14 00:00:00+00:00,104117.01,104121.02,103765.68,103915.21,212240403.43
2025-05-14 01:00:00+00:00,103915.21,104075.79,103692.41,103729.62,260426426.88
2025-05-14 02:00:00+00:00,103729.62,103787.85,103489.92,103709.87,168889276.59
2025-05-14 03:00:00+00:00,103709.87,103777.9,103452.07,103585.75,109848910.7
2025-05-14 04:00:00+00:00,103585.75,103848.33,103472.09,103744.66,121080056.31
2025-05-14 05:00:00+00:00,103744.66,103977.46,103694.2,103895.94,146669422.13
2025-05-14 06:00:00+00:00,103895.94,103954.41,103662.73,103756.65,108444092.85
2025-05-14 07:00:00+00:00,103756.65,103796.68,103386.07,103709.73,196923003.83
2025-05-14 08:00:00+00:00,103709.73,103881.49,103204.63,103204.73,289101019.77
2025-05-14 09:00:00+00:00,103204.73,103488.67,102874.13,103483.09,295747174.44
2025-05-14 10:00:00+00:00,103483.09,103928.05,103458.45,103712.57,206525523.76
2025-05-14 11:00:00+00:00,103712.57,104148.42,103712.57,103948.68,147780209.52
2025-05-14 12:00:00+00:00,103948.68,104208.55,103915.4,103997.11,159440798.07
2025-05-14 13:00:00+00:00,103997.11,104352.88,103492.26,103960.15,425389566.4
2025-05-14 14:00:00+00:00,103960.15,103961.71,102899.14,103264.98,592976915.37
2025-05-14 15:00:00+00:00,103264.98,103547.5,102846.44,103514.43,263667519.34
2025-05-14 16:00:00+00:00,103514.43,103615.17,103172.94,103366.54,205356204.83
2025-05-14 17:00:00+00:00,103366.54,103431.94,102606.86,103252.55,237694520.04
2025-05-14 18:00:00+00:00,103252.55,103523.75,103032.46,103521.98,145198568.43
2025-05-14 19:00:00+00:00,103521.98,103716.53,103244.18,103321.23,142398962.93
2025-05-14 20:00:00+00:00,103321.23,103653.9,103298.24,103552.97,67150780.35
2025-05-14 21:00:00+00:00,103552.97,103666.03,103429.5,103645.75,63818901.43
2025-05-14 22:00:00+00:00,103645.75,103659.81,103432.77,103510.33,46373785.53
2025-05-14 23:00:00+00:00,103510.33,103609.98,103359.34,103507.09,74130249.74
2025-05-15 00:00:00+00:00,103507.09,103861.22,103492.28,103798.99,87487402.34
2025-05-15 01:00:00+00:00,103798.99,103798.99,102968.54,103034.4,157571535.64
2025-05-15 02:00:00+00:00,103034.4,103208.29,102911.17,103046.55,129735107.15
2025-05-15 03:00:00+00:00,103046.55,103140.65,102718.22,102753.96,154442371.88
2025-05-15 04:00:00+00:00,102753.96,102963.66,102709.74,102897.95,92069099.66
2025-05-15 05:00:00+00:00,102897.95,102926.13,102335.7,102376.15,156759093.84
2025-05-15 06:00:00+00:00,102376.15,102685.15,102145.68,102255.1,167842101.39
2025-05-15 07:00:00+00:00,102255.1,102444.64,101725.04,101778.75,276546500.92
2025-05-15 08:00:00+00:00,101778.75,102324.68,101761.24,102273.68,169272905.76
2025-05-15 09:00:00+00:00,102273.68,102273.71,101510.64,101822.49,209941577.59
2025-05-15 10:00:00+00:00,101822.49,101928.04,101607.86,101808.44,118022951.91
2025-05-15 11:00:00+00:00,101808.44,102437.46,101788.18,102373.97,175212400.73
2025-05-15 12:00:00+00:00,102373.97,102836.47,102272.53,102560.94,363157994.44
2025-05-15 13:00:00+00:00,102560.94,102792.68,101582.22,102137.92,343399655.27
2025-05-15 14:00:00+00:00,102137.92,102401.56,101395.94,101983.9,405724612.0
2025-05-15 15:00:00+00:00,101983.9,103279.73,101924.57,103251.36,353136106.38
2025-05-15 16:00:00+00:00,103251.36,103836.82,103023.48,103836.79,311662101.49
2025-05-15 17:00:00+00:00,103836.79,104192.31,103649.78,103966.46,322150718.89
2025-05-15 18:00:00+00:00,103966.46,104012.71,102645.68,102694.12,335586133.27
2025-05-15 19:00:00+00:00,102694.12,103229.71,102555.61,103157.35,249984992.81
2025-05-15 20:00:00+00:00,103157.35,103489.44,102888.95,103445.43,217243528.97
2025-05-15 21:00:00+00:00,103445.43,103445.43,102715.51,103287.69,122758568.09
2025-05-15 22:00:00+00:00,103287.69,103979.2,103251.06,103497.26,189426121.92
2025-05-15 23:00:00+00:00,103497.26,103894.63,103234.89,103765.93,182229181.8
2025-05-16 00:00:00+00:00,103765.93,104027.21,103654.91,103761.6,194874753.67
2025-05-16 01:00:00+00:00,103761.6,104104.27,103470.5,104044.61,226587096.91
2025-05-16 02:00:00+00:00,104044.61,104460.49,103929.42,104195.06,263280071.7
2025-05-16 03:00:00+00:00,104195.06,104324.96,103993.36,104021.23,128212352.51
2025-05-16 04:00:00+00:00,104021.23,104185.45,103813.59,103914.51,114583493.03
2025-05-16 05:00:00+00:00,103914.51,104145.14,103830.6,103901.41,133598615.17
2025-05-16 06:00:00+00:00,103901.41,104096.42,103866.97,103990.8,144134452.51
2025-05-16 07:00:00+00:00,103990.8,104190.42,103699.62,103711.45,183904570.57
2025-05-16 08:00:00+00:00,103711.45,103764.18,103107.8,103395.42,250270518.47
2025-05-16 09:00:00+00:00,103395.42,103816.96,103395.42,103797.37,156767595.71
2025-05-16 10:00:00+00:00,103797.37,103884.92,103636.53,103800.89,118151002.91
2025-05-16 11:00:00+00:00,103800.89,103903.49,103555.74,103656.34,125128397.65
2025-05-16 12:00:00+00:00,103656.34,103770.67,103490.06,103505.53,132759288.66
2025-05-16 13:00:00+00:00,103505.53,104084.13,103436.6,103995.72,249468934.93
2025-05-16 14:00:00+00:00,103995.72,103999.54,103346.6,103581.88,311505925.91
2025-05-16 15:00:00+00:00,103581.88,104281.38,103581.88,104183.0,310665225.39
2025-05-16 16:00:00+00:00,104183.0,104546.49,103840.63,104147.66,336025473.89
2025-05-16 17:00:00+00:00,104147.66,104395.82,103775.91,103865.44,143049202.56
2025-05-16 18:00:00+00:00,103865.44,104092.47,103686.63,103688.01,131041954.76
2025-05-16 19:00:00+00:00,103688.01,104044.74,103585.52,104025.33,127519789.77
2025-05-16 20:00:00+00:00,104025.33,104027.41,103529.4,103694.39,104502995.12
2025-05-16 21:00:00+00:00,103694.39,103791.76,103501.16,103613.08,86592146.09
2025-05-16 22:00:00+00:00,103613.08,103615.72,103413.21,103517.76,117652090.27
2025-05-16 23:00:00+00:00,103517.76,103683.97,103426.83,103462.67,60073164.33
2025-05-17 00:00:00+00:00,103462.67,103537.26,103100.94,103357.22,180392799.53
2025-05-17 01:00:00+00:00,103357.22,103357.27,102607.4,102826.73,245698794.67
2025-05-17 02:00:00+00:00,102826.73,103350.0,102742.86,103278.35,162546168.06
2025-05-17 03:00:00+00:00,103278.35,103583.84,103165.52,103506.03,115015731.67
2025-05-17 04:00:00+00:00,103506.03,103660.66,103471.38,103651.14,103638810.69
2025-05-17 05:00:00+00:00,103651.14,103704.84,103329.72,103344.61,90498053.63
2025-05-17 06:00:00+00:00,103344.61,103498.43,103286.17,103482.46,80712975.57
2025-05-17 07:00:00+00:00,103482.46,103627.62,103433.14,103446.38,63946492.42
2025-05-17 08:00:00+00:00,103446.38,103566.37,103131.22,103423.44,128768901.36
2025-05-17 09:00:00+00:00,103423.44,103546.87,102821.52,102905.81,248004081.41
2025-05-17 10:00:00+00:00,102905.81,103046.42,102831.81,102882.17,116212128.19
2025-05-17 11:00:00+00:00,102882.17,103097.91,102763.08,102994.49,86894926.32
2025-05-17 12:00:00+00:00,102994.49,103065.05,102898.08,102934.48,79197459.33
2025-05-17 13:00:00+00:00,102934.48,103100.04,102642.04,102714.35,134536873.01
2025-05-17 14:00:00+00:00,102714.35,103182.77,102710.37,103131.69,107688491.04
2025-05-17 15:00:00+00:00,103131.69,103181.92,102944.83,102947.57,81877934.56
2025-05-17 16:00:00+00:00,102947.57,103112.4,102768.1,102946.79,105456934.55
2025-05-17 17:00:00+00:00,102946.79,103293.51,102931.78,103134.9,83629154.03
2025-05-17 18:00:00+00:00,103134.9,103324.5,102974.05,102994.94,151780514.45
2025-05-17 19:00:00+00:00,102994.94,103196.34,102930.23,103153.91,52773125.57
2025-05-17 20:00:00+00:00,103153.91,103430.31,103081.91,103370.65,74914646.38
2025-05-17 21:00:00+00:00,103370.65,103473.29,103122.81,103243.04,159214885.77
2025-05-17 22:00:00+00:00,103243.04,103243.49,102903.84,103035.97,90622527.91
2025-05-17 23:00:00+00:00,103035.97,103212.03,102953.86,103127.82,56392173.59
2025-05-18 00:00:00+00:00,103127.82,103409.62,103101.65,103376.55,83530280.09
2025-05-18 01:00:00+00:00,103376.55,103403.8,103135.97,103250.21,52083564.54
2025-05-18 02:00:00+00:00,103250.21,103356.1,103239.22,103337.73,37400190.27
2025-05-18 03:00:00+00:00,103337.73,103386.63,103141.42,103292.38,68138620.52
2025-05-18 04:00:00+00:00,103292.38,103437.92,103292.33,103355.63,81412611.43
2025-05-18 05:00:00+00:00,103355.63,103679.41,103355.63,103644.91,100514204.61
2025-05-18 06:00:00+00:00,103644.91,103675.2,103367.04,103471.53,98007864.22
2025-05-18 07:00:00+00:00,103471.53,103977.29,103441.93,103919.53,112474531.21
2025-05-18 08:00:00+00:00,103919.53,104085.27,103821.16,103909.99,146050412.67
2025-05-18 09:00:00+00:00,103909.99,104022.79,103837.52,103865.02,92488779.48
2025-05-18 10:00:00+00:00,103865.02,103926.55,103793.95,103851.72,50121658.56
2025-05-18 11:00:00+00:00,103851.72,103987.22,103797.03,103798.83,56023014.16
2025-05-18 12:00:00+00:00,103798.83,103938.91,103700.42,103936.83,58166046.19
2025-05-18 13:00:00+00:00,103936.83,104789.68,103898.63,104734.38,274862789.88
2025-05-18 14:00:00+00:00,104734.38,105544.39,104554.0,105267.69,520654409.01
2025-05-18 15:00:00+00:00,105267.69,105678.54,104971.88,105515.0,320298162.05
2025-05-18 16:00:00+00:00,105515.0,105970.41,105165.22,105813.56,320944476.03
2025-05-18 17:00:00+00:00,105813.56,105894.59,104834.92,104846.06,348464476.6
2025-05-18 18:00:00+00:00,104846.06,104919.89,103984.21,104504.66,522193048.28
2025-05-18 19:00:00+00:00,104504.66,104752.28,103862.38,103889.63,244446898.37
2025-05-18 20:00:00+00:00,103889.63,104238.79,103288.33,104056.54,425457611.47
2025-05-18 21:00:00+00:00,104056.54,104604.85,104056.54,104185.19,196321069.49
2025-05-18 22:00:00+00:00,104185.19,105977.65,103968.33,105935.58,452065197.41
2025-05-18 23:00:00+00:00,105935.58,106653.98,105470.72,106453.91,697853190.66
2025-05-19 00:00:00+00:00,106453.91,107113.68,105158.9,105264.06,654037949.73
2025-05-19 01:00:00+00:00,105264.06,105406.73,104737.17,105057.0,319168684.55
2025-05-19 02:00:00+00:00,105057.0,105188.02,104571.64,104646.23,270810655.85
2025-05-19 03:00:00+00:00,104646.23,104646.25,103553.95,103608.19,347507398.29
2025-05-19 04:00:00+00:00,103608.19,103780.2,102796.24,103008.06,571345452.07
2025-05-19 05:00:00+00:00,103008.06,103112.89,102570.53,103035.21,520370448.21
2025-05-19 06:00:00+00:00,103035.21,103192.91,102051.54,102209.63,541228642.66
2025-05-19 07:00:00+00:00,102209.63,103343.11,102182.33,103226.42,308355468.4
2025-05-19 08:00:00+00:00,103226.42,103357.27,102923.52,103234.7,177547276.64
2025-05-19 09:00:00+00:00,103234.7,103353.88,102998.44,103066.2,186909521.92
2025-05-19 10:00:00+00:00,103066.2,103085.15,102854.71,102925.04,141008590.45
2025-05-19 11:00:00+00:00,102925.04,103066.4,102782.73,102965.24,103726545.83
2025-05-19 12:00:00+00:00,102965.24,102965.3,102149.49,102472.05,245385863.03
2025-05-19 13:00:00+00:00,102472.05,103533.95,102325.78,103299.05,397897477.61
2025-05-19 14:00:00+00:00,103299.05,104371.08,103189.61,104327.41,496317749.58
2025-05-19 15:00:00+00:00,104327.41,104968.23,104271.67,104789.43,542600133.69
2025-05-19 16:00:00+00:00,104789.43,105434.13,104503.47,105358.9,454464908.66
2025-05-19 17:00:00+00:00,105358.9,105547.03,104942.17,105382.48,374517688.57
2025-05-19 18:00:00+00:00,105382.48,105551.28,104709.61,104781.45,299949495.08
2025-05-19 19:00:00+00:00,104781.45,105548.17,104638.49,105518.26,256064010.38
2025-05-19 20:00:00+00:00,105518.26,105786.26,105324.37,105466.42,182080507.79
2025-05-19 21:00:00+00:00,105466.42,105508.09,105021.79,105461.15,161657751.73
2025-05-19 22:00:00+00:00,105461.15,105643.56,105190.06,105552.04,225681223.97
2025-05-19 23:00:00+00:00,105552.04,105827.28,105458.26,105572.93,119518193.81
2025-05-20 00:00:00+00:00,105572.93,106569.38,105558.54,105724.58,490434559.79
2025-05-20 01:00:00+00:00,105724.58,106785.79,105700.86,106448.47,356843674.61
2025-05-20 02:00:00+00:00,106448.47,106854.36,105999.17,106098.14,323977467.61
2025-05-20 03:00:00+00:00,106098.14,106173.85,105533.19,105759.03,277435870.6
2025-05-20 04:00:00+00:00,105759.03,106248.03,105543.12,106220.94,169759348.36
2025-05-20 05:00:00+00:00,106220.94,106400.3,106068.24,106107.22,165289706.87
2025-05-20 06:00:00+00:00,106107.22,106216.02,105382.65,105459.08,163899404.03
2025-05-20 07:00:00+00:00,105459.08,105742.55,104929.16,105028.39,323068966.37
2025-05-20 08:00:00+00:00,105028.39,105245.07,104857.99,105222.36,204718556.57
2025-05-20 09:00:00+00:00,105222.36,105392.85,105188.63,105287.2,213635757.7
2025-05-20 10:00:00+00:00,105287.2,105414.01,105019.93,105028.71,152727491.39
2025-05-20 11:00:00+00:00,105028.71,105336.59,104912.74,105205.34,126071270.36
2025-05-20 12:00:00+00:00,105205.34,105205.34,104654.59,104775.92,194239134.74
2025-05-20 13:00:00+00:00,104775.92,104863.11,104183.28,104439.34,403796324.92
2025-05-20 14:00:00+00:00,104439.34,104975.63,104304.17,104525.4,345050025.21
2025-05-20 15:00:00+00:00,104525.4,105387.42,104495.77,105337.84,236028866.42
2025-05-20 16:00:00+00:00,105337.84,105511.84,105092.81,105210.82,209306662.86
2025-05-20 17:00:00+00:00,105210.82,106326.29,105210.77,106199.08,436418196.46
2025-05-20 18:00:00+00:00,106199.08,106403.58,105232.11,105281.66,371212683.16
2025-05-20 19:00:00+00:00,105281.66,107232.38,105211.2,107029.73,629486971.87
2025-05-20 20:00:00+00:00,107029.73,107304.97,106246.05,106910.81,502880158.35
2025-05-20 21:00:00+00:00,106910.81,107227.81,106113.98,106614.29,321625236.81
2025-05-20 22:00:00+00:00,106614.29,106882.64,105937.66,106775.92,290918169.05
2025-05-20 23:00:00+00:00,106775.92,107185.53,106640.79,106843.92,256541719.68
2025-05-21 00:00:00+00:00,106843.92,107205.84,106464.17,106744.29,287220004.0
2025-05-21 01:00:00+00:00,106744.29,107079.77,106429.3,106494.48,159270506.3
2025-05-21 02:00:00+00:00,106494.48,106914.12,106188.92,106857.66,257032206.45
2025-05-21 03:00:00+00:00,106857.66,107089.77,106748.81,106840.67,206268855.61
2025-05-21 04:00:00+00:00,106840.67,107701.78,106740.67,107297.72,438915900.75
2025-05-21 05:00:00+00:00,107297.72,107715.76,107292.74,107540.08,378973370.24
2025-05-21 06:00:00+00:00,107540.08,107982.4,107299.87,107757.92,372642227.46
2025-05-21 07:00:00+00:00,107757.92,107856.45,106446.11,106515.05,591255542.66
2025-05-21 08:00:00+00:00,106515.05,106789.09,106352.24,106373.31,389117705.02
2025-05-21 09:00:00+00:00,106373.31,106512.57,106095.75,106196.41,254180708.37
2025-05-21 10:00:00+00:00,106196.41,106435.4,106133.39,106323.6,199706052.3
2025-05-21 11:00:00+00:00,106323.6,106701.67,106261.51,106541.26,197737078.21
2025-05-21 12:00:00+00:00,106541.26,106881.43,106407.0,106560.69,196462517.89
2025-05-21 13:00:00+00:00,106560.69,107640.84,106328.21,107244.95,412696467.24
2025-05-21 14:00:00+00:00,107244.95,109010.88,107020.53,109006.35,1103425248.49
2025-05-21 15:00:00+00:00,109006.35,109460.05,108350.98,108976.02,1280586681.36
2025-05-21 16:00:00+00:00,108976.02,109813.45,108707.86,109135.2,879044644.14
2025-05-21 17:00:00+00:00,109135.2,109341.3,106139.06,106569.16,1784897703.63
2025-05-21 18:00:00+00:00,106569.16,107413.68,106332.77,106966.2,684348985.57
2025-05-21 19:00:00+00:00,106966.2,108834.01,106629.59,108618.39,784398802.01
2025-05-21 20:00:00+00:00,108618.39,108731.88,107739.77,108231.69,365664541.76
2025-05-21 21:00:00+00:00,108231.69,108548.42,107946.46,108419.32,210867748.37
2025-05-21 22:00:00+00:00,108419.32,109030.81,108286.54,108743.44,280764534.48
2025-05-21 23:00:00+00:00,108743.44,110760.03,108674.24,109642.79,1180033072.91
2025-05-22 00:00:00+00:00,109642.79,110169.0,109212.84,109948.62,614048770.96
2025-05-22 01:00:00+00:00,109948.62,110553.77,109669.9,109916.91,481993219.88
2025-05-22 02:00:00+00:00,109916.91,110969.91,109822.55,110465.75,527417993.64
2025-05-22 03:00:00+00:00,110465.75,111869.64,110335.41,111767.71,839176780.45
2025-05-22 04:00:00+00:00,111767.71,111778.37,111232.35,111478.91,464203199.27
2025-05-22 05:00:00+00:00,111478.91,111661.57,110827.81,110872.9,531224756.07
2025-05-22 06:00:00+00:00,110872.9,111173.51,110471.61,110597.41,453909074.35
2025-05-22 07:00:00+00:00,110597.41,111129.88,110460.5,111040.17,461473082.19
2025-05-22 08:00:00+00:00,111040.17,111150.02,110375.17,110399.94,371168759.73
2025-05-22 09:00:00+00:00,110399.94,110829.25,110267.66,110810.81,286919445.42
2025-05-22 10:00:00+00:00,110810.81,110943.76,110598.11,110796.13,201315552.05
2025-05-22 11:00:00+00:00,110796.13,111310.75,110494.35,110977.27,252555705.1
2025-05-22 12:00:00+00:00,110977.27,111606.74,110802.27,111598.74,450984105.46
2025-05-22 13:00:00+00:00,111598.74,111612.42,110909.83,110918.41,503338985.48
2025-05-22 14:00:00+00:00,110918.41,111386.54,110551.05,110897.67,686382512.86
2025-05-22 15:00:00+00:00,110897.67,111529.35,110789.36,111282.21,502111969.41
2025-05-22 16:00:00+00:00,111282.21,111785.0,111089.53,111251.65,499414433.71
2025-05-22 17:00:00+00:00,111251.65,111967.28,111172.9,111498.95,428086646.24
2025-05-22 18:00:00+00:00,111498.95,111949.85,111372.28,111721.31,284029652.72
2025-05-22 19:00:00+00:00,111721.31,111919.15,110917.83,111182.73,411756470.26
2025-05-22 20:00:00+00:00,111182.73,111433.65,110844.87,111070.14,273641024.03
2025-05-22 21:00:00+00:00,111070.14,111094.67,110763.69,110828.65,183741823.04
2025-05-22 22:00:00+00:00,110828.65,111250.17,110828.63,111021.3,242244489.4
2025-05-22 23:00:00+00:00,111021.3,111715.5,111021.3,111696.17,252908110.21
2025-05-23 00:00:00+00:00,111696.17,111785.23,111387.1,111609.39,366904554.74
2025-05-23 01:00:00+00:00,111609.39,111727.31,111206.14,111325.93,342552354.47
2025-05-23 02:00:00+00:00,111325.93,111605.4,111184.19,111267.63,311494296.69
2025-05-23 03:00:00+00:00,111267.63,111372.02,111012.09,111101.81,198152169.05
2025-05-23 04:00:00+00:00,111101.81,111181.65,110543.59,110842.94,294349740.17
2025-05-23 05:00:00+00:00,110842.94,110952.32,110658.74,110847.06,226439727.23
2025-05-23 06:00:00+00:00,110847.06,110853.11,110404.92,110514.7,300721584.41
2025-05-23 07:00:00+00:00,110514.7,110856.48,110512.3,110718.5,322544979.12
2025-05-23 08:00:00+00:00,110718.5,111025.81,110717.22,110936.24,208730007.29
2025-05-23 09:00:00+00:00,110936.24,111377.15,110914.26,111331.54,190835604.22
2025-05-23 10:00:00+00:00,111331.54,111335.62,110780.49,111069.06,242974634.97
2025-05-23 11:00:00+00:00,111069.06,111092.1,108886.6,109080.45,773284694.2
2025-05-23 12:00:00+00:00,109080.45,109088.66,107349.91,108421.62,1686361035.4
2025-05-23 13:00:00+00:00,108421.62,109713.04,107958.59,109639.48,951239170.48
2025-05-23 14:00:00+00:00,109639.48,109999.6,109533.08,109683.61,583070334.64
2025-05-23 15:00:00+00:00,109683.61,109843.92,108930.14,108939.32,409492543.94
2025-05-23 16:00:00+00:00,108939.32,109221.41,108017.03,109068.47,817260471.98
2025-05-23 17:00:00+00:00,109068.47,109804.51,109034.43,109420.6,382967413.72
2025-05-23 18:00:00+00:00,109420.6,109489.48,108656.04,108795.58,323566485.6
2025-05-23 19:00:00+00:00,108795.58,109159.74,108603.21,108714.33,288487223.02
2025-05-23 20:00:00+00:00,108714.33,108721.44,108194.01,108245.84,201337496.54
2025-05-23 21:00:00+00:00,108245.84,108664.08,108062.55,108284.14,184300789.4
2025-05-23 22:00:00+00:00,108284.14,108582.45,107640.29,107797.76,250739166.02
2025-05-23 23:00:00+00:00,107797.76,107896.67,106799.61,107319.28,477826604.49
2025-05-24 00:00:00+00:00,107319.28,107679.46,106882.69,107368.31,322628619.42
2025-05-24 01:00:00+00:00,107368.31,107871.06,107355.51,107481.74,160081533.43
2025-05-24 02:00:00+00:00,107481.74,107895.42,107249.58,107799.62,124751382.15
2025-05-24 03:00:00+00:00,107799.62,108358.99,107752.04,108354.03,176219923.57
2025-05-24 04:00:00+00:00,108354.03,108576.14,108298.34,108488.44,128938204.58
2025-05-24 05:00:00+00:00,108488.44,108522.09,108124.65,108234.42,136953328.26
2025-05-24 06:00:00+00:00,108234.42,108338.8,107688.14,107955.8,210508251.07
2025-05-24 07:00:00+00:00,107955.8,108226.93,107567.78,107593.43,165624198.44
2025-05-24 08:00:00+00:00,107593.43,108280.24,107593.43,108245.98,185011981.64
2025-05-24 09:00:00+00:00,108245.98,108430.67,108157.34,108164.34,136866918.47
2025-05-24 10:00:00+00:00,108164.34,109249.26,108157.94,109090.84,444666374.17
2025-05-24 11:00:00+00:00,109090.84,109490.18,109090.71,109195.23,395621425.51
2025-05-24 12:00:00+00:00,109195.23,109271.65,108636.13,108785.83,306695967.38
2025-05-24 13:00:00+00:00,108785.83,108891.94,108544.03,108595.93,156074634.29
2025-05-24 14:00:00+00:00,108595.93,109027.83,108592.18,108961.96,170737954.98
2025-05-24 15:00:00+00:00,108961.96,109211.33,108824.67,108931.55,159702172.91
2025-05-24 16:00:00+00:00,108931.55,109096.59,108689.11,108995.66,146251003.85
2025-05-24 17:00:00+00:00,108995.66,109200.28,108884.05,108919.41,150933020.61
2025-05-24 18:00:00+00:00,108919.41,109073.48,108779.23,108823.67,84317811.06
2025-05-24 19:00:00+00:00,108823.67,109013.66,108791.64,108955.52,122776153.54
2025-05-24 20:00:00+00:00,108955.52,109119.54,108861.57,108861.58,80193467.5
2025-05-24 21:00:00+00:00,108861.58,108864.28,108579.31,108819.67,101312524.95
2025-05-24 22:00:00+00:00,108819.67,108820.0,107979.79,108100.14,220413129.51
2025-05-24 23:00:00+00:00,108100.14,108390.29,107499.84,107763.09,590611948.37
2025-05-25 00:00:00+00:00,107763.09,108126.07,107286.81,107440.09,342969042.51
2025-05-25 01:00:00+00:00,107440.09,108002.36,107205.1,107656.1,260929056.89
2025-05-25 02:00:00+00:00,107656.1,107996.94,107479.47,107927.5,142858321.26
2025-05-25 03:00:00+00:00,107927.5,108259.39,107921.69,108100.32,130053279.82
2025-05-25 04:00:00+00:00,108100.32,108276.19,107946.38,108248.12,95992829.6
2025-05-25 05:00:00+00:00,108248.12,108292.43,107975.11,108109.45,74496186.52
2025-05-25 06:00:00+00:00,108109.45,108137.26,107695.1,107939.02,125122296.3
2025-05-25 07:00:00+00:00,107939.02,107939.04,107449.24,107678.59,161366456.81
2025-05-25 08:00:00+00:00,107678.59,107698.53,106937.74,107112.0,270999713.46
2025-05-25 09:00:00+00:00,107112.0,107255.38,106716.79,107129.49,391834060.99
2025-05-25 10:00:00+00:00,107129.49,107375.64,106834.23,106948.04,211847497.89
2025-05-25 11:00:00+00:00,106948.04,107277.68,106836.69,107255.95,168415690.35
2025-05-25 12:00:00+00:00,107255.95,107611.46,107183.32,107534.94,257976945.59
2025-05-25 13:00:00+00:00,107534.94,107746.64,107302.71,107524.28,161259992.27
2025-05-25 14:00:00+00:00,107524.28,107648.04,107155.12,107361.96,222448810.4
2025-05-25 15:00:00+00:00,107361.96,107423.25,106626.48,106969.79,606343228.17
2025-05-25 16:00:00+00:00,106969.79,107243.08,106651.4,107174.54,293478146.05
2025-05-25 17:00:00+00:00,107174.54,107366.91,107111.27,107357.25,103416967.51
2025-05-25 18:00:00+00:00,107357.25,107599.17,107268.27,107413.87,104209562.73
2025-05-25 19:00:00+00:00,107413.87,107934.23,107411.95,107711.2,106816182.79
2025-05-25 20:00:00+00:00,107711.2,107753.19,107419.81,107674.29,139135819.33
2025-05-25 21:00:00+00:00,107674.29,107908.67,107171.4,107463.75,137776855.45
2025-05-25 22:00:00+00:00,107463.75,109197.08,107365.32,109164.31,568795445.44
2025-05-25 23:00:00+00:00,109164.31,109304.45,108571.48,109004.68,339091456.37
2025-05-26 00:00:00+00:00,109004.68,109594.69,108671.35,109540.58,309947502.93
2025-05-26 01:00:00+00:00,109540.58,109844.04,109226.04,109542.61,322247790.88
2025-05-26 02:00:00+00:00,109542.61,109762.67,109190.35,109382.38,215763272.09
2025-05-26 03:00:00+00:00,109382.38,109757.45,109272.37,109618.78,193934499.05
2025-05-26 04:00:00+00:00,109618.78,109733.61,109500.99,109534.63,142429052.52
2025-05-26 05:00:00+00:00,109534.63,109678.61,109364.5,109644.7,133474027.12
2025-05-26 06:00:00+00:00,109644.7,109943.2,109512.5,109920.26,150719648.86
2025-05-26 07:00:00+00:00,109920.26,110214.04,109729.24,110090.27,321592757.98
2025-05-26 08:00:00+00:00,110090.27,110166.44,109600.88,109657.13,147907403.5
2025-05-26 09:00:00+00:00,109657.13,109984.3,109592.99,109703.43,152325176.02
2025-05-26 10:00:00+00:00,109703.43,109848.7,109568.65,109638.87,96612505.31
2025-05-26 11:00:00+00:00,109638.87,109818.81,109558.74,109765.68,94652471.63
2025-05-26 12:00:00+00:00,109765.68,110064.06,109661.81,109835.6,165464364.25
2025-05-26 13:00:00+00:00,109835.6,109967.95,109502.13,109595.32,202905296.66
2025-05-26 14:00:00+00:00,109595.32,109728.96,109501.78,109647.02,234733934.19
2025-05-26 15:00:00+00:00,109647.02,110382.73,109536.86,110004.73,452256831.37
2025-05-26 16:00:00+00:00,110004.73,110406.29,109110.31,109396.14,604865145.09
2025-05-26 17:00:00+00:00,109396.14,109685.88,108914.09,109170.78,245237191.66
2025-05-26 18:00:00+00:00,109170.78,109459.97,109008.76,109105.8,190063413.71
2025-05-26 19:00:00+00:00,109105.8,109180.28,108860.49,109128.79,174784402.78
2025-05-26 20:00:00+00:00,109128.79,109604.89,108946.84,109599.94,191508343.64
2025-05-26 21:00:00+00:00,109599.94,109646.48,109142.19,109346.58,135386372.88
2025-05-26 22:00:00+00:00,109346.58,109866.65,109177.15,109193.21,138331716.84
2025-05-26 23:00:00+00:00,109193.21,109458.63,109069.8,109440.26,107961212.91
2025-05-27 00:00:00+00:00,109440.26,109666.36,109137.44,109145.86,168068503.11
2025-05-27 01:00:00+00:00,109145.86,109146.07,107521.5,108387.68,689792694.1
2025-05-27 02:00:00+00:00,108387.68,108690.23,107893.93,108273.4,279173926.5
2025-05-27 03:00:00+00:00,108273.4,109287.85,108269.75,108883.96,359457120.47
2025-05-27 04:00:00+00:00,108883.96,109343.45,108861.62,108948.74,176798465.82
2025-05-27 05:00:00+00:00,108948.74,108965.43,108546.25,108916.33,200608518.98
2025-05-27 06:00:00+00:00,108916.33,109268.99,108834.43,108834.43,301254838.41
2025-05-27 07:00:00+00:00,108834.43,109626.59,108834.43,109506.15,187249753.93
2025-05-27 08:00:00+00:00,109506.15,109769.53,109490.94,109691.8,221344904.0
2025-05-27 09:00:00+00:00,109691.8,109889.21,109438.86,109833.56,198048290.74
2025-05-27 10:00:00+00:00,109833.56,109853.67,109640.11,109701.31,84437569.42
2025-05-27 11:00:00+00:00,109701.31,109776.67,109442.11,109588.53,121776488.84
2025-05-27 12:00:00+00:00,109588.53,109826.1,109461.8,109601.01,156435422.18
2025-05-27 13:00:00+00:00,109601.01,110720.36,109584.94,109846.48,869940227.21
2025-05-27 14:00:00+00:00,109846.48,110214.63,108682.84,109381.18,640836842.52
2025-05-27 15:00:00+00:00,109381.18,110234.61,109030.13,110136.47,531162506.12
2025-05-27 16:00:00+00:00,110136.47,110496.05,109957.55,110216.07,361836931.27
2025-05-27 17:00:00+00:00,110216.07,110449.72,109968.62,110240.21,241620709.59
2025-05-27 18:00:00+00:00,110240.21,110406.69,109834.58,109895.28,223923308.51
2025-05-27 19:00:00+00:00,109895.28,110052.95,109574.06,109874.88,204899217.22
2025-05-27 20:00:00+00:00,109874.88,109898.89,109555.95,109557.02,141587169.88
2025-05-27 21:00:00+00:00,109557.02,109683.45,108813.28,108905.9,317203018.73
2025-05-27 22:00:00+00:00,108905.9,109162.1,108587.91,109024.28,298330378.72
2025-05-27 23:00:00+00:00,109024.28,109158.43,108918.9,108938.63,185188999.91
2025-05-28 00:00:00+00:00,108938.63,109252.41,108688.52,109207.17,235055930.2
2025-05-28 01:00:00+00:00,109207.17,109282.76,108632.76,108668.29,214477422.31
2025-05-28 02:00:00+00:00,108668.29,108872.88,108403.14,108628.88,257214243.68
2025-05-28 03:00:00+00:00,108628.88,108961.63,108570.92,108865.09,157744114.92
2025-05-28 04:00:00+00:00,108865.09,109061.46,108629.58,108977.03,154073624.43
2025-05-28 05:00:00+00:00,108977.03,109087.84,108848.97,108997.1,97218857.41
2025-05-28 06:00:00+00:00,108997.1,108997.59,108639.75,108726.97,130151772.23
2025-05-28 07:00:00+00:00,108726.97,109009.19,108718.84,108816.38,101754978.68
2025-05-28 08:00:00+00:00,108816.38,109129.35,108604.94,109039.03,156953812.16
2025-05-28 09:00:00+00:00,109039.03,109067.46,108512.13,108796.04,214433250.38
2025-05-28 10:00:00+00:00,108796.04,108939.19,108283.81,108829.81,211826203.65
2025-05-28 11:00:00+00:00,108829.81,108927.65,108716.07,108862.6,99375845.8
2025-05-28 12:00:00+00:00,108862.6,109047.73,108785.4,108886.96,126606253.56
2025-05-28 13:00:00+00:00,108886.96,108986.35,108009.8,108071.4,380806864.38
2025-05-28 14:00:00+00:00,108071.4,108254.52,107488.81,107535.11,607028537.69
2025-05-28 15:00:00+00:00,107535.11,107685.09,107055.92,107116.33,476136062.35
2025-05-28 16:00:00+00:00,107116.33,107461.63,107116.33,107421.01,296872281.51
2025-05-28 17:00:00+00:00,107421.01,107837.87,107372.11,107685.95,254442933.41
2025-05-28 18:00:00+00:00,107685.95,107846.78,107394.37,107482.94,152211260.8
2025-05-28 19:00:00+00:00,107482.94,107794.66,106946.35,106946.35,269415777.35
2025-05-28 20:00:00+00:00,106946.35,107406.21,106795.86,107322.21,235626186.92
2025-05-28 21:00:00+00:00,107322.21,107567.47,107195.63,107504.82,103573062.16
2025-05-28 22:00:00+00:00,107504.82,107504.95,107159.09,107410.83,104133187.26
2025-05-28 23:00:00+00:00,107410.83,108049.25,107410.82,107785.35,255406738.11
2025-05-29 00:00:00+00:00,107785.35,108294.48,107458.9,108287.13,260089525.62
2025-05-29 01:00:00+00:00,108287.13,108341.73,107815.83,108159.7,309279367.77
2025-05-29 02:00:00+00:00,108159.7,108481.19,107946.93,108428.74,228562551.86
2025-05-29 03:00:00+00:00,108428.74,108434.68,107962.62,108043.58,235166991.52
2025-05-29 04:00:00+00:00,108043.58,108110.75,106954.78,107569.98,317070184.94
2025-05-29 05:00:00+00:00,107569.98,107772.74,107492.09,107683.23,139095154.42
2025-05-29 06:00:00+00:00,107683.23,107949.03,107651.12,107915.18,112233778.0
2025-05-29 07:00:00+00:00,107915.18,108014.74,107760.1,107881.8,143997201.43
2025-05-29 08:00:00+00:00,107881.8,108556.59,107687.13,108492.64,255642115.11
2025-05-29 09:00:00+00:00,108492.64,108639.55,108336.18,108517.83,280389086.35
2025-05-29 10:00:00+00:00,108517.83,108848.12,108394.22,108747.75,217391243.08
2025-05-29 11:00:00+00:00,108747.75,108891.44,108660.28,108773.87,160040303.63
2025-05-29 12:00:00+00:00,108773.87,108795.16,108375.51,108430.19,216515410.9
2025-05-29 13:00:00+00:00,108430.19,108585.82,107434.03,107601.28,705774284.85
2025-05-29 14:00:00+00:00,107601.28,107830.32,106474.06,107620.26,873287061.7
2025-05-29 15:00:00+00:00,107620.26,107734.08,106954.88,107023.78,418489513.73
2025-05-29 16:00:00+00:00,107023.78,107170.74,106581.87,106736.83,363143566.41
2025-05-29 17:00:00+00:00,106736.83,106884.93,106110.01,106307.45,610003447.29
2025-05-29 18:00:00+00:00,106307.45,106620.66,105814.46,105837.81,375242133.91
2025-05-29 19:00:00+00:00,105837.81,106084.98,105639.22,105734.64,418448419.02
2025-05-29 20:00:00+00:00,105734.64,106220.41,105730.85,106181.78,239467952.66
2025-05-29 21:00:00+00:00,106181.78,106470.58,106105.26,106448.77,127407488.54
2025-05-29 22:00:00+00:00,106448.77,106456.89,105912.2,105931.02,171094613.29
2025-05-29 23:00:00+00:00,105931.02,106080.79,105329.71,105586.82,294164672.99
2025-05-30 00:00:00+00:00,105586.82,106212.69,104732.0,104865.81,547444846.58
2025-05-30 01:00:00+00:00,104865.81,105923.47,104865.36,105670.03,451653568.68
2025-05-30 02:00:00+00:00,105670.03,106161.42,105652.85,106006.31,235276196.03
2025-05-30 03:00:00+00:00,106006.31,106189.51,105924.05,106023.92,155064100.55
2025-05-30 04:00:00+00:00,106023.92,106135.07,105907.15,106116.42,158654758.12
2025-05-30 05:00:00+00:00,106116.42,106316.18,106028.62,106086.12,119290856.93
2025-05-30 06:00:00+00:00,106086.12,106134.55,105535.0,105711.32,237397897.71
2025-05-30 07:00:00+00:00,105711.32,105850.9,104735.91,105031.84,590013166.36
2025-05-30 08:00:00+00:00,105031.84,105356.39,104835.5,105173.03,259939672.47
2025-05-30 09:00:00+00:00,105173.03,105662.78,104602.45,105637.18,330004217.13
2025-05-30 10:00:00+00:00,105637.18,105940.71,105288.69,105928.81,305774831.39
2025-05-30 11:00:00+00:00,105928.81,105989.5,105699.18,105881.31,186628221.17
2025-05-30 12:00:00+00:00,105881.31,105995.34,105155.87,105688.77,351659176.57
2025-05-30 13:00:00+00:00,105688.77,105980.01,105371.13,105495.5,370595664.22
2025-05-30 14:00:00+00:00,105495.5,105832.87,105051.11,105356.87,426696137.24
2025-05-30 15:00:00+00:00,105356.87,105825.62,105297.68,105540.04,233460761.52
2025-05-30 16:00:00+00:00,105540.04,105560.84,103705.76,103897.97,778755997.92
2025-05-30 17:00:00+00:00,103897.97,104290.97,103847.31,104182.45,366564440.9
2025-05-30 18:00:00+00:00,104182.45,104907.76,104068.97,104891.05,280023945.37
2025-05-30 19:00:00+00:00,104891.05,104983.15,104480.02,104638.39,237589886.09
2025-05-30 20:00:00+00:00,104638.39,104841.47,104396.55,104575.4,149369489.95
2025-05-30 21:00:00+00:00,104575.4,104883.78,104554.33,104629.3,123308144.14
2025-05-30 22:00:00+00:00,104629.3,104781.26,103975.39,103975.39,243172794.16
2025-05-30 23:00:00+00:00,103975.39,104260.2,103626.61,103996.59,317367573.8
2025-05-31 00:00:00+00:00,103996.59,104293.09,103562.55,103961.39,364721659.09
2025-05-31 01:00:00+00:00,103961.39,104198.59,103291.66,103488.9,364880862.48
2025-05-31 02:00:00+00:00,103488.9,103853.57,103110.58,103194.52,251329402.05
2025-05-31 03:00:00+00:00,103194.52,103684.78,103081.56,103678.92,214885034.55
2025-05-31 04:00:00+00:00,103678.92,103817.42,103488.08,103809.73,122840245.16
2025-05-31 05:00:00+00:00,103809.73,103906.64,103522.22,103534.41,151836000.46
2025-05-31 06:00:00+00:00,103534.41,103903.58,103528.19,103860.48,72741077.36
2025-05-31 07:00:00+00:00,103860.48,103860.48,103633.36,103749.59,91928793.72
2025-05-31 08:00:00+00:00,103749.59,103809.25,103513.89,103652.3,125239631.47
2025-05-31 09:00:00+00:00,103652.3,103735.09,103485.07,103538.28,117516925.6
2025-05-31 10:00:00+00:00,103538.28,103601.13,103284.76,103407.94,146481737.9
2025-05-31 11:00:00+00:00,103407.94,103523.28,103303.29,103496.22,103591428.35
2025-05-31 12:00:00+00:00,103496.22,104024.16,103477.0,104024.16,163853881.14
2025-05-31 13:00:00+00:00,104024.16,104193.09,103980.28,104111.29,178866382.21
2025-05-31 14:00:00+00:00,104111.29,104578.63,104110.96,104569.72,263164849.36
2025-05-31 15:00:00+00:00,104569.72,104840.59,104442.22,104554.97,217762693.56
2025-05-31 16:00:00+00:00,104554.97,104786.36,104401.95,104491.5,150841683.89
2025-05-31 17:00:00+00:00,104491.5,104621.83,104270.7,104353.36,106675093.01
2025-05-31 18:00:00+00:00,104353.36,104622.94,104353.34,104492.06,57471225.33
2025-05-31 19:00:00+00:00,104492.06,104749.03,104492.06,104701.73,73208464.88
2025-05-31 20:00:00+00:00,104701.73,104809.77,104538.95,104784.98,50554502.38
2025-05-31 21:00:00+00:00,104784.98,104886.96,104651.07,104865.39,100325288.57
2025-05-31 22:00:00+00:00,104865.39,104906.76,104613.83,104633.12,74186139.33
2025-05-31 23:00:00+00:00,104633.12,104841.85,104480.61,104598.3,119874816.64
2025-06-01 00:00:00+00:00,104598.3,104647.39,104329.73,104450.24,100103407.92
2025-06-01 01:00:00+00:00,104450.24,104513.91,103997.19,104125.95,141520347.69
2025-06-01 02:00:00+00:00,104125.95,104329.4,103928.14,104198.61,112853574.6
2025-06-01 03:00:00+00:00,104198.61,104460.14,103978.51,104383.07,94635831.09
2025-06-01 04:00:00+00:00,104383.07,104734.33,104371.98,104637.59,79077439.54
2025-06-01 05:00:00+00:00,104637.59,104716.71,104452.97,104536.35,68540146.36
2025-06-01 06:00:00+00:00,104536.35,104536.38,104201.55,104263.73,77187805.1
2025-06-01 07:00:00+00:00,104263.73,104374.53,104205.35,104279.4,56924804.22
2025-06-01 08:00:00+00:00,104279.4,104383.05,104223.02,104381.15,78208024.9
2025-06-01 09:00:00+00:00,104381.15,104460.47,103759.35,103938.15,290527188.99
2025-06-01 10:00:00+00:00,103938.15,104040.79,103778.17,103932.18,137625315.16
2025-06-01 11:00:00+00:00,103932.18,104145.72,103847.96,104079.71,79007108.56
2025-06-01 12:00:00+00:00,104079.71,104184.32,103777.98,103955.23,90130170.42
2025-06-01 13:00:00+00:00,103955.23,104428.41,103949.16,104256.84,97670946.16
2025-06-01 14:00:00+00:00,104256.84,104771.52,104256.37,104601.07,180577335.57
2025-06-01 15:00:00+00:00,104601.07,104802.79,104509.32,104712.58,112171661.7
2025-06-01 16:00:00+00:00,104712.58,105292.54,104655.99,105039.01,285906464.16
2025-06-01 17:00:00+00:00,105039.01,105194.01,104984.44,105067.0,99060036.04
2025-06-01 18:00:00+00:00,105067.0,105068.12,104343.61,104896.43,184449320.37
2025-06-01 19:00:00+00:00,104896.43,105151.39,104813.67,105117.9,129727751.84
2025-06-01 20:00:00+00:00,105117.9,105299.72,104900.19,104952.42,100238166.2
2025-06-01 21:00:00+00:00,104952.42,105501.6,104924.7,105493.87,109624174.16
2025-06-01 22:00:00+00:00,105493.87,105738.52,105418.08,105509.94,169732115.97
2025-06-01 23:00:00+00:00,105509.94,105864.09,105461.68,105645.72,128463318.46
2025-06-02 00:00:00+00:00,105645.72,105739.3,105409.45,105426.51,143533055.98
2025-06-02 01:00:00+00:00,105426.51,105656.5,105353.7,105390.57,105923443.3
2025-06-02 02:00:00+00:00,105390.57,105419.04,105021.18,105032.96,140427157.19
2025-06-02 03:00:00+00:00,105032.96,105050.56,104574.84,104836.87,158156795.62
2025-06-02 04:00:00+00:00,104836.87,104996.2,104704.21,104769.66,80691272.55
2025-06-02 05:00:00+00:00,104769.66,104919.95,104614.37,104832.12,73051495.98
2025-06-02 06:00:00+00:00,104832.12,105260.03,104738.8,105166.33,120441636.92
2025-06-02 07:00:00+00:00,105166.33,105442.11,105166.33,105389.63,149259352.72
2025-06-02 08:00:00+00:00,105389.63,105934.39,105248.43,105333.41,226564497.69
2025-06-02 09:00:00+00:00,105333.41,105335.77,104491.74,104586.23,282579601.94
2025-06-02 10:00:00+00:00,104586.23,104665.11,104261.65,104378.61,200131339.23
2025-06-02 11:00:00+00:00,104378.61,104490.39,103944.26,104047.37,203697970.8
2025-06-02 12:00:00+00:00,104047.37,104275.05,103865.22,104195.5,190827759.44
2025-06-02 13:00:00+00:00,104195.5,104556.73,103704.42,103805.92,348105842.28
2025-06-02 14:00:00+00:00,103805.92,104668.33,103672.39,104169.86,454744477.22
2025-06-02 15:00:00+00:00,104169.86,104559.56,103905.49,104423.85,249683540.55
2025-06-02 16:00:00+00:00,104423.85,104435.22,104025.26,104281.22,186224025.23
2025-06-02 17:00:00+00:00,104281.22,104485.38,104089.3,104394.19,153271854.26
2025-06-02 18:00:00+00:00,104394.19,104725.22,104199.06,104353.37,140812167.95
2025-06-02 19:00:00+00:00,104353.37,104506.15,104048.81,104424.36,126050836.39
2025-06-02 20:00:00+00:00,104424.36,104986.56,104424.35,104876.77,163547395.53
2025-06-02 21:00:00+00:00,104876.77,105090.14,104571.64,104932.08,117613153.35
2025-06-02 22:00:00+00:00,104932.08,105791.38,104930.75,105684.42,282087065.27
2025-06-02 23:00:00+00:00,105684.42,105936.27,105577.31,105859.05,230851617.59
2025-06-03 00:00:00+00:00,105859.05,106398.79,105755.78,106282.94,246476921.46
2025-06-03 01:00:00+00:00,106282.94,106492.83,106122.3,106482.26,144270823.34
2025-06-03 02:00:00+00:00,106482.26,106504.71,105575.09,105616.23,210174367.97
2025-06-03 03:00:00+00:00,105616.23,105710.9,105342.82,105479.44,144475163.93
2025-06-03 04:00:00+00:00,105479.44,105509.86,105116.16,105166.42,140543906.74
2025-06-03 05:00:00+00:00,105166.42,105465.03,105166.41,105448.13,112908027.61
2025-06-03 06:00:00+00:00,105448.13,105452.96,105213.54,105416.05,99326133.57
2025-06-03 07:00:00+00:00,105416.05,105429.77,105156.87,105169.45,85318165.36
2025-06-03 08:00:00+00:00,105169.45,105242.75,104868.52,105083.0,132693595.83
2025-06-03 09:00:00+00:00,105083.0,105269.58,105061.11,105191.53,88448563.53
2025-06-03 10:00:00+00:00,105191.53,105339.7,105142.71,105278.21,87224022.85
2025-06-03 11:00:00+00:00,105278.21,105350.98,105172.2,105287.11,89126585.03
2025-06-03 12:00:00+00:00,105287.11,105419.04,105228.03,105307.04,130445960.13
2025-06-03 13:00:00+00:00,105307.04,105658.78,105033.24,105421.06,242302323.25
2025-06-03 14:00:00+00:00,105421.06,106694.65,105148.77,106550.06,491808180.63
2025-06-03 15:00:00+00:00,106550.06,106783.66,106333.94,106609.79,456533569.47
2025-06-03 16:00:00+00:00,106609.79,106666.67,105789.49,105819.95,355891547.34
2025-06-03 17:00:00+00:00,105819.95,106140.69,105771.44,105938.98,186328840.62
2025-06-03 18:00:00+00:00,105938.98,106048.22,105595.27,106008.33,160689887.86
2025-06-03 19:00:00+00:00,106008.33,106425.99,106008.23,106232.78,198841732.73
2025-06-03 20:00:00+00:00,106232.78,106246.75,105359.62,105737.98,193397565.58
2025-06-03 21:00:00+00:00,105737.98,105845.81,105286.06,105367.51,161063008.03
2025-06-03 22:00:00+00:00,105367.51,105895.32,105305.84,105740.22,119485841.79
2025-06-03 23:00:00+00:00,105740.22,105740.25,105266.2,105375.85,149232059.61
2025-06-04 00:00:00+00:00,105375.85,105524.99,105126.26,105473.36,194229918.43
2025-06-04 01:00:00+00:00,105473.36,105732.02,105421.0,105585.33,144875529.63
2025-06-04 02:00:00+00:00,105585.33,105830.11,105416.51,105475.43,130154325.11
2025-06-04 03:00:00+00:00,105475.43,105744.43,105443.45,105520.96,125052845.33
2025-06-04 04:00:00+00:00,105520.96,105611.55,105406.26,105413.38,111153744.1
2025-06-04 05:00:00+00:00,105413.38,105533.69,105348.64,105363.02,204280569.69
2025-06-04 06:00:00+00:00,105363.02,105440.15,105256.2,105302.08,147725009.25
2025-06-04 07:00:00+00:00,105302.08,105458.86,105262.66,105318.12,149372711.71
2025-06-04 08:00:00+00:00,105318.12,105578.83,105317.68,105434.26,92611716.31
2025-06-04 09:00:00+00:00,105434.26,105902.28,105326.54,105820.02,186455332.33
2025-06-04 10:00:00+00:00,105820.02,105986.8,105647.95,105687.84,136505672.12
2025-06-04 11:00:00+00:00,105687.84,105797.52,105094.02,105097.36,388214588.23
2025-06-04 12:00:00+00:00,105097.36,105167.96,104808.0,105046.29,272403369.64
2025-06-04 13:00:00+00:00,105046.29,105272.33,104723.69,104761.85,232501789.04
2025-06-04 14:00:00+00:00,104761.85,105043.44,104190.27,105032.35,434236622.52
2025-06-04 15:00:00+00:00,105032.35,105547.21,104930.31,105299.06,359010705.7
2025-06-04 16:00:00+00:00,105299.06,105461.69,105091.67,105444.51,202818738.0
2025-06-04 17:00:00+00:00,105444.51,105477.8,104959.04,105047.62,193318017.6
2025-06-04 18:00:00+00:00,105047.62,105296.37,104927.38,104948.61,156715190.14
2025-06-04 19:00:00+00:00,104948.61,105084.87,104873.57,104919.34,139639705.03
2025-06-04 20:00:00+00:00,104919.34,104959.99,104413.93,104613.79,181849586.92
2025-06-04 21:00:00+00:00,104613.79,105048.28,104552.8,104933.75,123449414.65
2025-06-04 22:00:00+00:00,104933.75,105036.73,104745.21,104781.7,106331748.61
2025-06-04 23:00:00+00:00,104781.7,104869.17,104626.48,104694.56,108929844.84
2025-06-05 00:00:00+00:00,104694.56,104980.32,104654.96,104980.03,109248046.4
2025-06-05 01:00:00+00:00,104980.03,105154.5,104703.42,104775.97,128819885.4
2025-06-05 02:00:00+00:00,104775.97,105240.25,104775.97,105000.33,159670302.41
2025-06-05 03:00:00+00:00,105000.33,105067.43,104880.32,105044.56,91016520.04
2025-06-05 04:00:00+00:00,105044.56,105226.52,105033.47,105177.43,73646963.65
2025-06-05 05:00:00+00:00,105177.43,105188.43,104577.87,104649.78,171017029.16
2025-06-05 06:00:00+00:00,104649.78,104698.78,104380.48,104454.39,132237390.16
2025-06-05 07:00:00+00:00,104454.39,104621.69,104426.41,104517.11,109085050.13
2025-06-05 08:00:00+00:00,104517.11,104674.52,104425.63,104672.48,95099045.42
2025-06-05 09:00:00+00:00,104672.48,104909.84,104672.34,104895.92,70712878.85
2025-06-05 10:00:00+00:00,104895.92,104895.92,104514.79,104651.77,100846784.37
2025-06-05 11:00:00+00:00,104651.77,104843.29,104549.85,104819.59,88547668.99
2025-06-05 12:00:00+00:00,104819.59,105772.37,104783.28,105646.01,327686782.16
2025-06-05 13:00:00+00:00,105646.01,105906.02,104322.09,104518.11,448367696.34
2025-06-05 14:00:00+00:00,104518.11,104896.25,103905.27,104648.83,585785879.49
2025-06-05 15:00:00+00:00,104648.83,104863.11,104337.98,104531.59,246623647.14
2025-06-05 16:00:00+00:00,104531.59,104593.92,103256.34,103265.18,543518173.94
2025-06-05 17:00:00+00:00,103265.18,103585.46,103152.55,103247.09,393214079.22
2025-06-05 18:00:00+00:00,103247.09,103356.3,102595.08,103010.51,513780136.43
2025-06-05 19:00:00+00:00,103010.51,103047.68,101617.2,101912.8,770112621.07
2025-06-05 20:00:00+00:00,101912.8,102177.02,100394.12,100497.55,902938789.91
2025-06-05 21:00:00+00:00,100497.55,101653.13,100434.5,101546.44,581807155.51
2025-06-05 22:00:00+00:00,101546.44,101702.43,101038.45,101505.97,329538295.14
2025-06-05 23:00:00+00:00,101505.97,101833.63,101488.69,101511.51,235312487.83
2025-06-06 00:00:00+00:00,101511.51,101910.08,101108.61,101903.43,264795215.7
2025-06-06 01:00:00+00:00,101903.43,101944.44,101689.53,101844.38,137244332.35
2025-06-06 02:00:00+00:00,101844.38,102208.56,101541.2,102199.35,179963013.23
2025-06-06 03:00:00+00:00,102199.35,102523.45,102056.22,102499.38,238290248.65
2025-06-06 04:00:00+00:00,102499.38,102799.99,102394.25,102783.11,189779788.29
2025-06-06 05:00:00+00:00,102783.11,102951.86,102686.19,102949.88,161013252.65
2025-06-06 06:00:00+00:00,102949.88,103203.38,102891.22,103160.91,238016436.87
2025-06-06 07:00:00+00:00,103160.91,103463.66,103052.52,103150.85,202308773.19
2025-06-06 08:00:00+00:00,103150.85,103584.34,103150.85,103506.64,164319284.89
2025-06-06 09:00:00+00:00,103506.64,103744.46,103506.6,103641.59,200921888.63
2025-06-06 10:00:00+00:00,103641.59,103798.19,103554.24,103676.42,140624684.02
2025-06-06 11:00:00+00:00,103676.42,103991.32,103645.99,103926.63,162020632.1
2025-06-06 12:00:00+00:00,103926.63,104246.08,103515.85,103752.33,415215852.62
2025-06-06 13:00:00+00:00,103752.33,104522.82,103752.3,104090.31,323758831.01
2025-06-06 14:00:00+00:00,104090.31,104882.95,104005.41,104774.39,313201052.57
2025-06-06 15:00:00+00:00,104774.39,105324.54,104619.07,105089.96,424072099.52
2025-06-06 16:00:00+00:00,105089.96,105284.26,104704.93,104756.29,291274467.03
2025-06-06 17:00:00+00:00,104756.29,104960.06,104428.25,104926.23,472344529.81
2025-06-06 18:00:00+00:00,104926.23,104976.45,104479.75,104501.14,147254377.72
2025-06-06 19:00:00+00:00,104501.14,104601.26,104043.62,104220.71,164772371.92
2025-06-06 20:00:00+00:00,104220.71,104617.02,104172.46,104484.57,107928817.13
2025-06-06 21:00:00+00:00,104484.57,104491.85,104297.58,104388.78,105443818.85
2025-06-06 22:00:00+00:00,104388.78,104481.11,104232.87,104475.61,64602564.17
2025-06-06 23:00:00+00:00,104475.61,104484.73,104203.57,104293.15,61720021.09
2025-06-07 00:00:00+00:00,104293.15,104509.31,103880.69,104509.2,139924844.94
2025-06-07 01:00:00+00:00,104509.2,104567.23,104345.32,104454.96,92473459.83
2025-06-07 02:00:00+00:00,104454.96,104611.67,104330.06,104530.94,98117336.94
2025-06-07 03:00:00+00:00,104530.94,104916.98,104484.04,104873.91,224429484.78
2025-06-07 04:00:00+00:00,104873.91,104882.55,104651.28,104822.08,157565850.51
2025-06-07 05:00:00+00:00,104822.08,105000.31,104749.66,104875.39,117985258.02
2025-06-07 06:00:00+00:00,104875.39,105309.7,104787.46,105309.68,169382647.39
2025-06-07 07:00:00+00:00,105309.68,105310.93,104829.1,104863.05,158704948.54
2025-06-07 08:00:00+00:00,104863.05,104960.69,104686.66,104742.39,115873337.79
2025-06-07 09:00:00+00:00,104742.39,104934.23,104742.32,104840.57,137074576.91
2025-06-07 10:00:00+00:00,104840.57,105191.57,104836.64,105135.45,165195505.23
2025-06-07 11:00:00+00:00,105135.45,105259.5,105048.69,105143.24,221806508.94
2025-06-07 12:00:00+00:00,105143.24,105683.74,105142.38,105451.87,337884076.12
2025-06-07 13:00:00+00:00,105451.87,105791.77,105305.78,105610.43,258493097.58
2025-06-07 14:00:00+00:00,105610.43,105681.7,105399.63,105420.57,234360523.57
2025-06-07 15:00:00+00:00,105420.57,105574.23,105312.23,105555.62,171295594.16
2025-06-07 16:00:00+00:00,105555.62,105669.17,105270.8,105349.42,179637500.0
2025-06-07 17:00:00+00:00,105349.42,105555.99,105334.26,105391.34,112533113.23
2025-06-07 18:00:00+00:00,105391.34,105867.23,105391.3,105592.79,245591871.99
2025-06-07 19:00:00+00:00,105592.79,105858.84,105591.21,105724.95,181724380.96
2025-06-07 20:00:00+00:00,105724.95,105895.1,105722.75,105837.11,129796180.69
2025-06-07 21:00:00+00:00,105837.11,105856.6,105700.03,105764.68,143056763.33
2025-06-07 22:00:00+00:00,105764.68,105903.26,105662.33,105819.44,139384172.31
2025-06-07 23:00:00+00:00,105819.44,105824.25,105531.17,105552.51,153514428.78
2025-06-08 00:00:00+00:00,105552.51,105641.74,105441.54,105466.18,139948732.47
2025-06-08 01:00:00+00:00,105466.18,105784.46,105401.16,105680.01,110905496.81
2025-06-08 02:00:00+00:00,105680.01,105680.01,105431.34,105441.95,100823499.05
2025-06-08 03:00:00+00:00,105441.95,105500.81,105396.36,105472.57,95672726.95
2025-06-08 04:00:00+00:00,105472.57,105638.69,105402.95,105608.61,56436146.24
2025-06-08 05:00:00+00:00,105608.61,105646.17,105411.56,105425.57,56667268.08
2025-06-08 06:00:00+00:00,105425.57,105599.63,105425.3,105442.6,55519874.77
2025-06-08 07:00:00+00:00,105442.6,105544.39,105400.26,105417.01,54095938.23
2025-06-08 08:00:00+00:00,105417.01,105487.09,105354.55,105363.41,55824192.15
2025-06-08 09:00:00+00:00,105363.41,105400.92,105111.2,105138.85,157273201.99
2025-06-08 10:00:00+00:00,105138.85,105471.03,104974.67,105347.72,160110366.59
2025-06-08 11:00:00+00:00,105347.72,105708.01,105347.57,105672.34,108286271.6
2025-06-08 12:00:00+00:00,105672.34,105759.92,105507.63,105708.3,175905721.14
2025-06-08 13:00:00+00:00,105708.3,106113.95,105558.31,105606.37,240342445.8
2025-06-08 14:00:00+00:00,105606.37,105905.33,105561.67,105827.6,128705482.91
2025-06-08 15:00:00+00:00,105827.6,106078.92,105815.04,105975.04,109734448.32
2025-06-08 16:00:00+00:00,105975.04,106265.73,105940.97,106180.51,136565817.64
2025-06-08 17:00:00+00:00,106180.51,106345.66,106070.72,106090.15,89782994.28
2025-06-08 18:00:00+00:00,106090.15,106320.3,106025.74,106313.17,83195908.71
2025-06-08 19:00:00+00:00,106313.17,106325.06,106173.84,106281.34,66718947.28
2025-06-08 20:00:00+00:00,106281.34,106309.31,106113.36,106142.41,62693226.61
2025-06-08 21:00:00+00:00,106142.41,106480.4,106142.34,106329.67,79195486.62
2025-06-08 22:00:00+00:00,106329.67,106354.38,105698.77,105764.19,195965662.89
2025-06-08 23:00:00+00:00,105764.19,105778.58,105569.36,105731.63,151595776.15
2025-06-09 00:00:00+00:00,105731.63,105961.27,105595.95,105699.75,222095304.57
2025-06-09 01:00:00+00:00,105699.75,105742.13,105441.66,105528.69,172405216.28
2025-06-09 02:00:00+00:00,105528.69,105717.03,105476.1,105569.52,100221724.92
2025-06-09 03:00:00+00:00,105569.52,105700.65,105324.4,105657.74,150168011.87
2025-06-09 04:00:00+00:00,105657.74,105714.14,105424.29,105451.59,108017290.97
2025-06-09 05:00:00+00:00,105451.59,105521.91,105336.52,105387.35,122416206.57
2025-06-09 06:00:00+00:00,105387.35,105692.02,105324.0,105690.15,124981503.77
2025-06-09 07:00:00+00:00,105690.15,105690.15,105501.31,105559.82,81761682.34
2025-06-09 08:00:00+00:00,105559.82,105938.7,105483.14,105922.79,136559288.67
2025-06-09 09:00:00+00:00,105922.79,106884.8,105823.12,106606.94,356481264.5
2025-06-09 10:00:00+00:00,106606.94,107439.16,106562.97,107175.54,463230430.08
2025-06-09 11:00:00+00:00,107175.54,107796.48,107143.08,107746.91,356420952.77
2025-06-09 12:00:00+00:00,107746.91,107951.69,107539.55,107747.69,246342710.96
2025-06-09 13:00:00+00:00,107747.69,107884.47,106863.61,107029.0,345029262.06
2025-06-09 14:00:00+00:00,107029.0,108002.32,107029.0,107599.92,403110150.05
2025-06-09 15:00:00+00:00,107599.92,108015.22,107522.36,107636.98,267381066.19
2025-06-09 16:00:00+00:00,107636.98,108099.33,107636.92,107698.27,320024383.62
2025-06-09 17:00:00+00:00,107698.27,108407.66,107666.88,108333.14,264067887.34
2025-06-09 18:00:00+00:00,108333.14,108547.54,108284.76,108448.56,221922785.52
2025-06-09 19:00:00+00:00,108448.56,108750.05,108336.11,108561.72,255883381.87
2025-06-09 20:00:00+00:00,108561.72,108729.84,108451.32,108701.11,146357976.16
2025-06-09 21:00:00+00:00,108701.11,110476.69,108701.03,109960.46,830294247.81
2025-06-09 22:00:00+00:00,109960.46,110409.07,109729.3,110174.57,345443357.11
2025-06-09 23:00:00+00:00,110174.57,110306.15,109870.83,110258.78,282116766.85
2025-06-10 00:00:00+00:00,110258.78,110296.58,109910.73,109913.36,294104362.44
2025-06-10 01:00:00+00:00,109913.36,109948.68,109649.04,109788.37,226453989.28
2025-06-10 02:00:00+00:00,109788.37,109788.38,109412.27,109648.81,180992058.57
2025-06-10 03:00:00+00:00,109648.81,109682.79,109388.62,109564.99,189443773.6
2025-06-10 04:00:00+00:00,109564.99,109645.36,109366.31,109525.71,139455096.03
2025-06-10 05:00:00+00:00,109525.71,109731.39,109206.92,109309.39,174646157.06
2025-06-10 06:00:00+00:00,109309.39,109643.31,109152.49,109503.9,150074770.71
2025-06-10 07:00:00+00:00,109503.9,109506.31,109100.48,109212.85,260667137.55
2025-06-10 08:00:00+00:00,109212.85,109410.02,109059.45,109085.0,174609130.31
2025-06-10 09:00:00+00:00,109085.0,109508.72,109072.84,109504.61,168400012.06
2025-06-10 10:00:00+00:00,109504.61,109569.67,109272.19,109300.1,141630279.19
2025-06-10 11:00:00+00:00,109300.1,109847.79,109203.74,109543.63,315114986.47
2025-06-10 12:00:00+00:00,109543.63,109694.55,109417.99,109689.18,215977270.63
2025-06-10 13:00:00+00:00,109689.18,109887.02,108877.31,109309.26,430345210.25
2025-06-10 14:00:00+00:00,109309.26,109336.92,108482.25,108627.45,549743674.82
2025-06-10 15:00:00+00:00,108627.45,109199.36,108340.83,109011.91,451845069.1
2025-06-10 16:00:00+00:00,109011.91,109241.79,108685.86,108720.15,245949788.9
2025-06-10 17:00:00+00:00,108720.15,109053.02,108616.88,108710.6,199200733.63
2025-06-10 18:00:00+00:00,108710.6,109478.64,108521.6,109283.77,243239666.64
2025-06-10 19:00:00+00:00,109283.77,110388.51,109283.66,109521.04,427220056.83
2025-06-10 20:00:00+00:00,109521.04,110008.08,109242.89,109955.92,207144610.23
2025-06-10 21:00:00+00:00,109955.92,109995.97,109419.6,109858.07,184916778.85
2025-06-10 22:00:00+00:00,109858.07,110172.67,109604.37,109724.24,191561193.82
2025-06-10 23:00:00+00:00,109724.24,110295.03,109595.12,110272.57,220522207.98
2025-06-11 00:00:00+00:00,110272.57,110275.58,109778.98,109823.57,197587480.5
2025-06-11 01:00:00+00:00,109823.57,109829.78,109561.54,109603.84,156165300.96
2025-06-11 02:00:00+00:00,109603.84,109853.93,109539.47,109677.33,113094879.16
2025-06-11 03:00:00+00:00,109677.33,109861.29,109622.3,109720.41,118112604.3
2025-06-11 04:00:00+00:00,109720.41,109733.66,109553.6,109567.43,101213064.85
2025-06-11 05:00:00+00:00,109567.43,109654.02,109429.09,109471.99,114311673.5
2025-06-11 06:00:00+00:00,109471.99,109676.03,109369.43,109591.4,151516119.46
2025-06-11 07:00:00+00:00,109591.4,109733.94,109442.54,109443.5,155848129.5
2025-06-11 08:00:00+00:00,109443.5,109668.77,109443.42,109570.26,144179862.08
2025-06-11 09:00:00+00:00,109570.26,109602.23,109232.59,109260.8,161483419.76
2025-06-11 10:00:00+00:00,109260.8,109471.1,109210.86,109372.45,127242561.73
2025-06-11 11:00:00+00:00,109372.45,109391.41,109200.88,109250.77,109242362.7
2025-06-11 12:00:00+00:00,109250.77,109925.16,109018.31,109709.13,474033035.27
2025-06-11 13:00:00+00:00,109709.13,109892.01,109317.3,109681.19,318838868.44
2025-06-11 14:00:00+00:00,109681.19,110391.15,109650.37,109868.48,433216034.79
2025-06-11 15:00:00+00:00,109868.48,110040.07,109663.83,109738.15,237175270.78
2025-06-11 16:00:00+00:00,109738.15,109819.69,109363.97,109441.29,239144433.59
2025-06-11 17:00:00+00:00,109441.29,109762.8,108966.1,108984.01,230598174.7
2025-06-11 18:00:00+00:00,108984.01,109071.74,108416.59,108806.97,406704378.47
2025-06-11 19:00:00+00:00,108806.97,108960.48,108574.64,108745.5,238908773.67
2025-06-11 20:00:00+00:00,108745.5,108998.92,108484.1,108902.8,169396014.17
2025-06-11 21:00:00+00:00,108902.8,109206.35,108361.98,108504.19,178861552.61
2025-06-11 22:00:00+00:00,108504.19,108635.97,108065.12,108442.37,265298870.1
2025-06-11 23:00:00+00:00,108442.37,108689.76,108326.08,108645.44,125975403.6
2025-06-12 00:00:00+00:00,108645.44,108812.5,108324.34,108700.9,154338623.56
2025-06-12 01:00:00+00:00,108700.9,108700.9,108259.98,108514.31,169919103.62
2025-06-12 02:00:00+00:00,108514.31,108757.76,108382.11,108390.06,217893304.71
2025-06-12 03:00:00+00:00,108390.06,108447.05,107730.11,107864.61,507306447.79
2025-06-12 04:00:00+00:00,107864.61,107921.55,107351.27,107765.47,235120210.79
2025-06-12 05:00:00+00:00,107765.47,107922.02,107596.52,107744.38,123676531.88
2025-06-12 06:00:00+00:00,107744.38,107993.12,107638.25,107911.41,141269681.73
2025-06-12 07:00:00+00:00,107911.41,107965.3,107455.09,107634.08,213740018.1
2025-06-12 08:00:00+00:00,107634.08,107836.71,107442.77,107731.12,136154438.0
2025-06-12 09:00:00+00:00,107731.12,107773.55,107495.23,107510.86,96028699.64
2025-06-12 10:00:00+00:00,107510.86,107528.42,107205.72,107327.71,159870067.65
2025-06-12 11:00:00+00:00,107327.71,107352.13,106885.57,106905.45,213987977.7
2025-06-12 12:00:00+00:00,106905.45,107432.85,106881.48,106990.42,227032116.77
2025-06-12 13:00:00+00:00,106990.42,107197.82,106604.89,107069.36,301170262.52
2025-06-12 14:00:00+00:00,107069.36,107722.64,107069.06,107614.63,250739216.07
2025-06-12 15:00:00+00:00,107614.63,107817.86,106901.97,107022.66,252251584.85
2025-06-12 16:00:00+00:00,107022.66,107833.2,106994.36,107742.99,355649506.64
2025-06-12 17:00:00+00:00,107742.99,108438.07,107713.87,108285.97,257372364.48
2025-06-12 18:00:00+00:00,108285.97,108403.61,107242.73,107560.92,261643882.56
2025-06-12 19:00:00+00:00,107560.92,107874.48,106682.62,106792.03,335752816.27
2025-06-12 20:00:00+00:00,106792.03,106956.12,105737.24,105970.32,677427969.7
2025-06-12 21:00:00+00:00,105970.32,106420.1,105871.23,105896.2,255535426.35
2025-06-12 22:00:00+00:00,105896.2,106222.38,105740.32,105890.07,223359543.44
2025-06-12 23:00:00+00:00,105890.07,106127.54,105691.15,105691.15,161139667.21
2025-06-13 00:00:00+00:00,105691.15,105711.63,103214.08,103800.14,1393947196.31
2025-06-13 01:00:00+00:00,103800.14,103878.4,102692.34,103767.07,964647970.82
2025-06-13 02:00:00+00:00,103767.07,103969.49,103087.36,103645.0,399514298.64
2025-06-13 03:00:00+00:00,103645.0,104603.07,103618.6,104287.91,354126057.06
2025-06-13 04:00:00+00:00,104287.91,104502.52,103785.76,104406.29,233760225.15
2025-06-13 05:00:00+00:00,104406.29,104453.36,104005.37,104008.21,190935488.52
2025-06-13 06:00:00+00:00,104008.21,104726.68,103829.75,104712.33,229472558.9
2025-06-13 07:00:00+00:00,104712.33,104959.88,104376.35,104893.21,334654302.37
2025-06-13 08:00:00+00:00,104893.21,105439.76,104699.84,104739.57,333349255.54
2025-06-13 09:00:00+00:00,104739.57,104915.51,104501.8,104829.96,219484745.26
2025-06-13 10:00:00+00:00,104829.96,104908.41,104425.12,104870.84,162256723.5
2025-06-13 11:00:00+00:00,104870.84,105048.06,104645.85,105037.58,155501670.88
2025-06-13 12:00:00+00:00,105037.58,105282.9,104824.49,104852.59,208594262.61
2025-06-13 13:00:00+00:00,104852.59,105296.88,104671.98,104711.89,293676362.96
2025-06-13 14:00:00+00:00,104711.89,105007.86,104115.81,104967.27,446173809.4
2025-06-13 15:00:00+00:00,104967.27,105750.56,104856.2,105432.56,444779839.52
2025-06-13 16:00:00+00:00,105432.56,105960.73,105310.73,105784.32,318559419.1
2025-06-13 17:00:00+00:00,105784.32,105784.33,104868.1,105385.86,254673926.72
2025-06-13 18:00:00+00:00,105385.86,105477.53,104666.26,105187.5,248213799.18
2025-06-13 19:00:00+00:00,105187.5,105436.52,104899.7,105108.17,206846942.97
2025-06-13 20:00:00+00:00,105108.17,105508.71,105016.29,105425.82,137640935.41
2025-06-13 21:00:00+00:00,105425.82,105784.11,105322.54,105610.03,84669309.05
2025-06-13 22:00:00+00:00,105610.03,105845.3,105543.17,105752.23,75897928.18
2025-06-13 23:00:00+00:00,105752.23,106177.09,105752.22,106068.86,93655686.69
2025-06-14 00:00:00+00:00,106068.86,106228.66,105724.64,105816.52,245958193.07
2025-06-14 01:00:00+00:00,105816.52,105816.52,105441.83,105473.7,195067432.74
2025-06-14 02:00:00+00:00,105473.7,105614.33,105316.65,105380.18,71590739.8
2025-06-14 03:00:00+00:00,105380.18,105441.16,105203.36,105234.72,66417894.88
2025-06-14 04:00:00+00:00,105234.72,105402.55,105198.4,105369.3,63438530.17
2025-06-14 05:00:00+00:00,105369.3,105406.62,105249.36,105293.14,49208039.14
2025-06-14 06:00:00+00:00,105293.14,105327.8,105106.46,105106.48,75857121.94
2025-06-14 07:00:00+00:00,105106.48,105141.74,104790.89,105075.58,116005403.73
2025-06-14 08:00:00+00:00,105075.58,105128.47,104865.67,105096.72,57914663.52
2025-06-14 09:00:00+00:00,105096.72,105111.55,104850.79,104865.33,71174847.9
2025-06-14 10:00:00+00:00,104865.33,105117.65,104834.54,105010.37,57290804.68
2025-06-14 11:00:00+00:00,105010.37,105099.59,104950.94,105085.63,59838849.75
2025-06-14 12:00:00+00:00,105085.63,105101.04,104738.22,105046.83,95834056.63
2025-06-14 13:00:00+00:00,105046.83,105130.66,104903.3,105016.4,88069149.87
2025-06-14 14:00:00+00:00,105016.4,105065.93,104838.28,104916.18,60407980.51
2025-06-14 15:00:00+00:00,104916.18,104982.33,104625.28,104836.51,117579250.6
2025-06-14 16:00:00+00:00,104836.51,104901.9,104366.61,104457.59,219666890.51
2025-06-14 17:00:00+00:00,104457.59,104721.28,104402.74,104611.09,99141544.08
2025-06-14 18:00:00+00:00,104611.09,104989.09,104358.57,104896.94,128232056.38
2025-06-14 19:00:00+00:00,104896.94,105050.0,104643.39,104649.99,133494735.38
2025-06-14 20:00:00+00:00,104649.99,105000.33,104308.14,104895.72,162713903.23
2025-06-14 21:00:00+00:00,104895.72,105464.79,104868.27,105316.44,131192342.34
2025-06-14 22:00:00+00:00,105316.44,105486.3,105293.58,105430.38,60714439.74
2025-06-14 23:00:00+00:00,105430.38,105480.82,105353.55,105416.15,52385348.14
2025-06-15 00:00:00+00:00,105416.15,105666.85,105267.84,105645.43,79685617.23
2025-06-15 01:00:00+00:00,105645.43,105677.94,105409.98,105420.39,55372749.46
2025-06-15 02:00:00+00:00,105420.39,105624.25,105420.38,105479.44,48420217.03
2025-06-15 03:00:00+00:00,105479.44,105568.56,105462.25,105476.61,33350118.83
2025-06-15 04:00:00+00:00,105476.61,105565.52,105476.6,105561.83,29070155.86
2025-06-15 05:00:00+00:00,105561.83,106096.52,105505.42,106070.99,81523482.11
2025-06-15 06:00:00+00:00,106070.99,106125.49,105418.22,105446.18,152467302.52
2025-06-15 07:00:00+00:00,105446.18,105458.8,105204.96,105432.31,87280026.2
2025-06-15 08:00:00+00:00,105432.31,105486.09,105143.63,105199.33,69069488.97
2025-06-15 09:00:00+00:00,105199.33,105199.36,104871.03,104923.17,96658651.36
2025-06-15 10:00:00+00:00,104923.17,105189.82,104923.07,105123.28,60502420.88
2025-06-15 11:00:00+00:00,105123.28,105167.29,104918.11,104973.91,65969820.45
2025-06-15 12:00:00+00:00,104973.91,105292.86,104954.43,105290.1,86030684.01
2025-06-15 13:00:00+00:00,105290.1,105656.86,105228.64,105523.17,188890081.57
2025-06-15 14:00:00+00:00,105523.17,105832.9,105310.34,105660.98,123985667.95
2025-06-15 15:00:00+00:00,105660.98,105796.48,105540.89,105568.52,83042395.27
2025-06-15 16:00:00+00:00,105568.52,105685.65,105335.71,105566.09,106000644.2
2025-06-15 17:00:00+00:00,105566.09,105780.17,105480.26,105685.79,88141882.3
2025-06-15 18:00:00+00:00,105685.79,105690.2,105472.82,105485.72,66470590.86
2025-06-15 19:00:00+00:00,105485.72,105572.75,105082.78,105295.34,107186217.92
2025-06-15 20:00:00+00:00,105295.34,105300.49,104605.61,104735.53,151422145.01
2025-06-15 21:00:00+00:00,104735.53,104835.12,104496.48,104807.24,139406724.38
2025-06-15 22:00:00+00:00,104807.24,105365.41,104733.93,105264.75,143738145.99
2025-06-15 23:00:00+00:00,105264.75,105613.63,105227.21,105588.52,106314710.04
2025-06-16 00:00:00+00:00,105588.52,105772.26,105352.16,105431.3,136258688.16
2025-06-16 01:00:00+00:00,105431.3,105891.67,104975.14,105813.71,195664363.77
2025-06-16 02:00:00+00:00,105813.71,105968.7,105682.26,105786.44,148395055.57
2025-06-16 03:00:00+00:00,105786.44,105968.0,105710.32,105923.35,74603307.4
2025-06-16 04:00:00+00:00,105923.35,106397.96,105876.55,106388.77,187048497.56
2025-06-16 05:00:00+00:00,106388.77,106782.5,106309.97,106563.12,172344021.57
2025-06-16 06:00:00+00:00,106563.12,106772.31,106512.04,106583.54,121002023.3
2025-06-16 07:00:00+00:00,106583.54,107261.83,106583.51,107057.23,262834064.59
2025-06-16 08:00:00+00:00,107057.23,107237.09,106953.53,107178.12,135593928.16
2025-06-16 09:00:00+00:00,107178.12,107243.98,106886.79,106951.88,166762310.76
2025-06-16 10:00:00+00:00,106951.88,107207.19,106745.8,106833.28,106799034.7
2025-06-16 11:00:00+00:00,106833.28,106974.68,106589.31,106888.48,117462621.24
2025-06-16 12:00:00+00:00,106888.48,106902.32,106601.12,106691.54,124169231.64
2025-06-16 13:00:00+00:00,106691.54,107171.25,106502.24,107158.38,236790698.15
2025-06-16 14:00:00+00:00,107158.38,107780.68,106782.54,107535.51,380262055.59
2025-06-16 15:00:00+00:00,107535.51,107714.14,107307.43,107430.86,229132992.63
2025-06-16 16:00:00+00:00,107430.86,107903.28,107312.06,107765.43,180834485.62
2025-06-16 17:00:00+00:00,107765.43,108018.8,107628.34,107753.87,206646743.39
2025-06-16 18:00:00+00:00,107753.87,108276.89,107689.77,108259.25,171909272.52
2025-06-16 19:00:00+00:00,108259.25,108887.35,108259.25,108651.2,312649856.37
2025-06-16 20:00:00+00:00,108651.2,108846.39,108454.0,108786.52,201897444.17
2025-06-16 21:00:00+00:00,108786.52,108820.04,108326.67,108520.21,131493175.38
2025-06-16 22:00:00+00:00,108520.21,108948.85,107436.05,107703.61,334576101.8
2025-06-16 23:00:00+00:00,107703.61,107984.62,106702.42,106796.71,327440212.22
2025-06-17 00:00:00+00:00,106796.71,107262.92,106120.01,107240.25,436489720.05
2025-06-17 01:00:00+00:00,107240.25,107402.36,106926.82,107177.85,172297568.21
2025-06-17 02:00:00+00:00,107177.85,107594.75,106573.45,107485.47,191123890.23
2025-06-17 03:00:00+00:00,107485.47,107759.35,107369.18,107591.4,170319214.93
2025-06-17 04:00:00+00:00,107591.4,107692.39,107308.95,107335.13,105395491.69
2025-06-17 05:00:00+00:00,107335.13,107402.79,107042.26,107121.29,123266323.08
2025-06-17 06:00:00+00:00,107121.29,107230.94,106730.8,106833.0,138800907.42
2025-06-17 07:00:00+00:00,106833.0,106877.02,106482.42,106763.47,137452476.44
2025-06-17 08:00:00+00:00,106763.47,106820.82,106489.84,106568.55,109095436.7
2025-06-17 09:00:00+00:00,106568.55,106640.0,106086.68,106159.83,193367937.65
2025-06-17 10:00:00+00:00,106159.83,106243.22,105757.31,105952.76,250190043.99
2025-06-17 11:00:00+00:00,105952.76,105952.76,105508.09,105640.91,187490839.04
2025-06-17 12:00:00+00:00,105640.91,105851.84,105445.87,105510.35,180964049.87
2025-06-17 13:00:00+00:00,105510.35,105751.44,105207.64,105349.15,327191855.23
2025-06-17 14:00:00+00:00,105349.15,105694.34,104795.0,104844.51,413462873.9
2025-06-17 15:00:00+00:00,104844.51,104960.85,104144.9,104239.41,488026452.03
2025-06-17 16:00:00+00:00,104239.41,104478.05,103494.25,103624.16,530836303.83
2025-06-17 17:00:00+00:00,103624.16,104247.29,103370.22,103814.93,440160894.16
2025-06-17 18:00:00+00:00,103814.93,104415.46,103624.89,104415.46,218443684.94
2025-06-17 19:00:00+00:00,104415.46,105336.97,104415.46,104683.33,350396299.61
2025-06-17 20:00:00+00:00,104683.33,104890.2,104262.67,104363.24,212051965.06
2025-06-17 21:00:00+00:00,104363.24,104815.62,104251.69,104551.24,143267857.59
2025-06-17 22:00:00+00:00,104551.24,104727.0,104220.93,104228.49,124566959.39
2025-06-17 23:00:00+00:00,104228.49,104730.54,104228.49,104557.23,85332088.25
2025-06-18 00:00:00+00:00,104557.23,104854.78,104372.75,104840.34,120858713.06
2025-06-18 01:00:00+00:00,104840.34,105176.61,104675.78,104776.16,102288541.74
2025-06-18 02:00:00+00:00,104776.16,105093.35,104694.91,104855.06,95377764.01
2025-06-18 03:00:00+00:00,104855.06,105239.51,104848.6,105180.77,102889761.9
2025-06-18 04:00:00+00:00,105180.77,105505.25,105076.22,105446.64,88329201.56
2025-06-18 05:00:00+00:00,105446.64,105545.5,105374.81,105416.06,112035693.13
2025-06-18 06:00:00+00:00,105416.06,105528.61,104889.26,104967.94,145205317.28
2025-06-18 07:00:00+00:00,104967.94,105004.29,104715.85,104968.86,138226442.59
2025-06-18 08:00:00+00:00,104968.86,105308.64,104748.8,104950.74,124396367.32
2025-06-18 09:00:00+00:00,104950.74,105131.36,104566.02,104694.55,92668810.45
2025-06-18 10:00:00+00:00,104694.55,104798.08,104181.62,104269.2,166764793.32
2025-06-18 11:00:00+00:00,104269.2,104859.03,104200.57,104841.21,158083444.29
2025-06-18 12:00:00+00:00,104841.21,104907.61,104481.06,104517.49,178461448.48
2025-06-18 13:00:00+00:00,104517.49,104551.2,103815.44,104442.35,363795315.4
2025-06-18 14:00:00+00:00,104442.35,105326.61,104225.34,104617.59,455388715.09
2025-06-18 15:00:00+00:00,104617.59,104974.67,104155.82,104802.37,263789038.95
2025-06-18 16:00:00+00:00,104802.37,104837.8,104340.34,104422.09,172664491.74
2025-06-18 17:00:00+00:00,104422.09,104509.59,103614.68,104336.51,262224739.93
2025-06-18 18:00:00+00:00,104336.51,104704.73,103581.25,103623.0,415822909.84
2025-06-18 19:00:00+00:00,103623.0,104430.28,103528.93,103808.22,330209199.67
2025-06-18 20:00:00+00:00,103808.22,104985.38,103647.39,104817.36,190495327.9
2025-06-18 21:00:00+00:00,104817.36,105136.44,104375.32,105084.49,170458726.22
2025-06-18 22:00:00+00:00,105084.49,105136.53,104799.98,104817.34,79534262.1
2025-06-18 23:00:00+00:00,104817.34,104960.27,104630.69,104886.01,64304286.5
2025-06-19 00:00:00+00:00,104886.01,105223.97,104683.38,104947.79,148929385.97
2025-06-19 01:00:00+00:00,104947.79,104969.35,104467.9,104602.97,131505001.41
2025-06-19 02:00:00+00:00,104602.97,105003.72,104459.64,104725.32,90359397.69
2025-06-19 03:00:00+00:00,104725.32,105111.84,104724.22,105095.96,71220748.5
2025-06-19 04:00:00+00:00,105095.96,105108.16,104801.81,105073.62,77357834.13
2025-06-19 05:00:00+00:00,105073.62,105221.37,104832.19,104893.25,69976007.26
2025-06-19 06:00:00+00:00,104893.25,104986.59,104630.05,104705.55,59661591.96
2025-06-19 07:00:00+00:00,104705.55,104850.41,104619.73,104642.63,70237876.56
2025-06-19 08:00:00+00:00,104642.63,104985.52,104629.65,104743.97,75785284.03
2025-06-19 09:00:00+00:00,104743.97,105032.14,104727.82,104996.29,71050066.18
2025-06-19 10:00:00+00:00,104996.29,105074.49,104846.89,104912.39,55386122.67
2025-06-19 11:00:00+00:00,104912.39,104912.39,104723.12,104774.47,46224130.07
2025-06-19 12:00:00+00:00,104774.47,104911.3,104665.29,104753.22,74491565.23
2025-06-19 13:00:00+00:00,104753.22,104786.46,104243.61,104283.93,149845676.36
2025-06-19 14:00:00+00:00,104283.93,104686.32,104108.58,104149.69,146199630.91
2025-06-19 15:00:00+00:00,104149.69,104441.77,104080.62,104098.77,154452715.66
2025-06-19 16:00:00+00:00,104098.77,104418.35,103934.03,104003.26,122346946.24
2025-06-19 17:00:00+00:00,104003.26,104817.55,103923.23,104522.63,237041443.4
2025-06-19 18:00:00+00:00,104522.63,104696.92,104294.48,104395.58,109617065.78
2025-06-19 19:00:00+00:00,104395.58,104466.23,104124.09,104252.82,98709920.19
2025-06-19 20:00:00+00:00,104252.82,104498.88,104146.81,104271.78,85555276.67
2025-06-19 21:00:00+00:00,104271.78,104417.39,104223.92,104330.52,78954475.93
2025-06-19 22:00:00+00:00,104330.52,104775.23,104330.49,104593.87,108387768.27
2025-06-19 23:00:00+00:00,104593.87,104896.8,104464.63,104656.35,79320482.1
2025-06-20 00:00:00+00:00,104656.35,104818.65,104566.2,104694.23,86083918.39
2025-06-20 01:00:00+00:00,104694.23,104798.39,104393.11,104776.13,68024200.98
2025-06-20 02:00:00+00:00,104776.13,104802.65,104502.64,104628.16,90331491.46
2025-06-20 03:00:00+00:00,104628.16,104698.44,104511.53,104601.05,66691280.88
2025-06-20 04:00:00+00:00,104601.05,104602.21,104237.12,104260.36,68155018.74
2025-06-20 05:00:00+00:00,104260.36,104587.1,104260.35,104586.19,64766022.49
2025-06-20 06:00:00+00:00,104586.19,104761.69,104586.19,104720.3,66834688.05
2025-06-20 07:00:00+00:00,104720.3,105816.56,104647.55,105810.45,261486854.62
2025-06-20 08:00:00+00:00,105810.45,106522.99,105783.21,105959.74,411779113.43
2025-06-20 09:00:00+00:00,105959.74,106083.56,105756.9,105940.46,142561784.9
2025-06-20 10:00:00+00:00,105940.46,106165.97,105825.89,105954.9,122021358.29
2025-06-20 11:00:00+00:00,105954.9,106073.43,105807.74,105978.53,109154806.48
2025-06-20 12:00:00+00:00,105978.53,106109.82,105869.01,105977.95,135302662.41
2025-06-20 13:00:00+00:00,105977.95,106144.13,105367.86,105671.84,274561249.19
2025-06-20 14:00:00+00:00,105671.84,105790.41,103887.3,103936.89,471770083.44
2025-06-20 15:00:00+00:00,103936.89,104619.88,103903.4,104220.16,349101942.06
2025-06-20 16:00:00+00:00,104220.16,104273.23,103623.75,103680.3,322961068.31
2025-06-20 17:00:00+00:00,103680.3,103759.59,102351.19,103275.54,710650320.32
2025-06-20 18:00:00+00:00,103275.54,103428.59,103036.48,103167.97,232208402.53
2025-06-20 19:00:00+00:00,103167.97,103500.4,103008.81,103313.15,154185381.84
2025-06-20 20:00:00+00:00,103313.15,103827.78,103308.93,103697.58,170908089.9
2025-06-20 21:00:00+00:00,103697.58,103724.56,103352.63,103535.87,108389260.39
2025-06-20 22:00:00+00:00,103535.87,103536.07,102981.1,103105.92,143553959.66
2025-06-20 23:00:00+00:00,103105.92,103341.24,102967.74,103297.25,81773661.96
2025-06-21 00:00:00+00:00,103297.25,103338.57,103124.95,103249.06,81178027.43
2025-06-21 01:00:00+00:00,103249.06,103514.39,103139.3,103512.76,65442860.59
2025-06-21 02:00:00+00:00,103512.76,103533.79,103378.06,103499.89,46487421.62
2025-06-21 03:00:00+00:00,103499.89,103689.71,103494.33,103494.71,46933678.22
2025-06-21 04:00:00+00:00,103494.71,103530.2,103334.64,103385.64,41311200.58
2025-06-21 05:00:00+00:00,103385.64,103486.81,103347.34,103419.59,38377187.62
2025-06-21 06:00:00+00:00,103419.59,103595.66,103320.19,103572.24,93421564.41
2025-06-21 07:00:00+00:00,103572.24,103574.46,103366.22,103459.84,73542193.85
2025-06-21 08:00:00+00:00,103459.84,103827.17,103459.79,103821.9,72705483.03
2025-06-21 09:00:00+00:00,103821.9,103936.25,103661.07,103845.65,103050680.46
2025-06-21 10:00:00+00:00,103845.65,103987.14,103771.19,103831.9,73461113.03
2025-06-21 11:00:00+00:00,103831.9,103931.57,103728.14,103875.34,43535930.08
2025-06-21 12:00:00+00:00,103875.34,103947.9,103788.14,103809.6,63769432.79
2025-06-21 13:00:00+00:00,103809.6,103873.05,103539.56,103573.95,79935521.57
2025-06-21 14:00:00+00:00,103573.95,103777.62,103386.96,103551.75,158223556.14
2025-06-21 15:00:00+00:00,103551.75,103689.02,103289.66,103566.15,130293550.78
2025-06-21 16:00:00+00:00,103566.15,103644.93,103454.8,103490.08,62162525.45
2025-06-21 17:00:00+00:00,103490.08,103592.49,103180.4,103187.38,84519415.39
2025-06-21 18:00:00+00:00,103187.38,103427.75,102647.05,102654.56,167990921.44
2025-06-21 19:00:00+00:00,102654.56,102759.59,102219.35,102252.16,266468200.69
2025-06-21 20:00:00+00:00,102252.16,102897.62,102204.22,102781.29,154738124.95
2025-06-21 21:00:00+00:00,102781.29,102828.19,101109.78,101454.52,482442248.45
2025-06-21 22:00:00+00:00,101454.52,101998.74,101446.33,101778.05,184281306.54
2025-06-21 23:00:00+00:00,101778.05,102296.55,100871.35,102123.01,443960259.71
2025-06-22 00:00:00+00:00,102123.01,103389.08,101840.82,102852.17,531056592.89
2025-06-22 01:00:00+00:00,102852.17,103003.11,102238.95,102394.63,246749848.16
2025-06-22 02:00:00+00:00,102394.63,102885.04,101883.33,102353.97,338279950.38
2025-06-22 03:00:00+00:00,102353.97,102600.02,102131.3,102379.58,152209484.99
2025-06-22 04:00:00+00:00,102379.58,102789.13,102262.97,102554.38,112371802.48
2025-06-22 05:00:00+00:00,102554.38,102916.45,102551.02,102856.73,105162809.7
2025-06-22 06:00:00+00:00,102856.73,102946.38,102700.19,102746.18,78693173.92
2025-06-22 07:00:00+00:00,102746.18,102752.32,102266.69,102433.03,182313238.05
2025-06-22 08:00:00+00:00,102433.03,102710.09,102317.37,102710.09,104431164.1
2025-06-22 09:00:00+00:00,102710.09,102807.19,102083.1,102199.38,148064796.01
2025-06-22 10:00:00+00:00,102199.38,102535.08,102153.35,102497.73,109942833.89
2025-06-22 11:00:00+00:00,102497.73,102758.35,102432.56,102735.39,101127454.6
2025-06-22 12:00:00+00:00,102735.39,102824.73,102580.31,102755.39,118418342.44
2025-06-22 13:00:00+00:00,102755.39,102804.37,100282.95,100866.4,895189138.06
2025-06-22 14:00:00+00:00,100866.4,101237.9,99071.71,99632.65,1389966600.24
2025-06-22 15:00:00+00:00,99632.65,99824.39,98901.26,98914.59,582979328.78
2025-06-22 16:00:00+00:00,98914.59,99689.92,98682.25,99665.58,519588690.34
2025-06-22 17:00:00+00:00,99665.58,100378.23,99405.94,99481.49,349904778.6
2025-06-22 18:00:00+00:00,99481.49,99781.16,99353.76,99438.61,150010203.47
2025-06-22 19:00:00+00:00,99438.61,99456.1,98800.02,98882.32,208156912.29
2025-06-22 20:00:00+00:00,98882.32,99760.15,98199.1,99541.3,478965839.87
2025-06-22 21:00:00+00:00,99541.3,99665.32,99009.27,99177.75,193660118.83
2025-06-22 22:00:00+00:00,99177.75,100974.06,99144.22,100974.06,385369758.92
2025-06-22 23:00:00+00:00,100974.06,101031.5,100649.45,100962.59,211154753.57
2025-06-23 00:00:00+00:00,100962.59,101605.6,100488.28,100909.11,323450992.17
2025-06-23 01:00:00+00:00,100909.11,101108.66,100567.0,101099.98,150586755.06
2025-06-23 02:00:00+00:00,101099.98,101384.88,100929.45,101297.06,155816144.88
2025-06-23 03:00:00+00:00,101297.06,101370.05,101076.74,101156.11,113839383.91
2025-06-23 04:00:00+00:00,101156.11,101315.64,100984.56,101169.27,104601920.61
2025-06-23 05:00:00+00:00,101169.27,101845.31,101169.27,101771.18,140016116.73
2025-06-23 06:00:00+00:00,101771.18,102060.11,101648.94,101939.93,188155846.04
2025-06-23 07:00:00+00:00,101939.93,102128.56,101756.34,101931.6,141241423.7
2025-06-23 08:00:00+00:00,101931.6,102080.17,101748.82,101876.89,126490569.09
2025-06-23 09:00:00+00:00,101876.89,101876.93,101390.22,101565.87,154941719.33
2025-06-23 10:00:00+00:00,101565.87,101577.83,101199.63,101460.95,122611918.5
2025-06-23 11:00:00+00:00,101460.95,101564.58,101110.7,101291.94,161421443.29
2025-06-23 12:00:00+00:00,101291.94,101683.93,101111.73,101681.84,160267014.57
2025-06-23 13:00:00+00:00,101681.84,102469.18,100799.59,102351.06,505291511.48
2025-06-23 14:00:00+00:00,102351.06,102587.8,101502.39,101628.76,502381189.49
2025-06-23 15:00:00+00:00,101628.76,102053.36,101305.07,101423.05,281224682.25
2025-06-23 16:00:00+00:00,101423.05,101455.34,99632.85,100695.57,724771233.02
2025-06-23 17:00:00+00:00,100695.57,102696.87,100497.65,102484.88,685150343.17
2025-06-23 18:00:00+00:00,102484.88,103302.23,102390.16,102935.59,533692998.09
2025-06-23 19:00:00+00:00,102935.59,103233.46,102676.65,103159.78,270623788.18
2025-06-23 20:00:00+00:00,103159.78,103912.83,102879.83,103737.92,396733127.57
2025-06-23 21:00:00+00:00,103737.92,104213.64,103630.07,103702.77,235005978.96
2025-06-23 22:00:00+00:00,103702.77,106063.1,103700.35,105551.15,995780168.0
2025-06-23 23:00:00+00:00,105551.15,105669.52,105113.97,105340.32,408842780.45
2025-06-24 00:00:00+00:00,105340.32,105504.6,104916.53,105136.32,242689557.91
2025-06-24 01:00:00+00:00,105136.32,105487.1,104974.05,105448.16,157144980.37
2025-06-24 02:00:00+00:00,105448.16,105448.16,104727.61,104766.19,224509408.68
2025-06-24 03:00:00+00:00,104766.19,105128.57,104734.65,104924.23,238521242.09
2025-06-24 04:00:00+00:00,104924.23,104963.58,104707.66,104825.35,93966848.61
2025-06-24 05:00:00+00:00,104825.35,105422.19,104825.33,105394.67,214455481.39
2025-06-24 06:00:00+00:00,105394.67,105820.05,105240.62,105659.56,221986419.44
2025-06-24 07:00:00+00:00,105659.56,105779.59,104904.25,104945.12,304681766.12
2025-06-24 08:00:00+00:00,104945.12,105163.97,104626.15,105001.65,243385581.43
2025-06-24 09:00:00+00:00,105001.65,105569.18,104964.68,105199.98,145480158.07
2025-06-24 10:00:00+00:00,105199.98,105355.07,105073.02,105277.48,98425816.92
2025-06-24 11:00:00+00:00,105277.48,105427.88,105006.16,105172.86,128612662.11
2025-06-24 12:00:00+00:00,105172.86,105310.52,104968.57,105201.81,130499639.49
2025-06-24 13:00:00+00:00,105201.81,105388.75,104802.08,105071.16,293331920.35
2025-06-24 14:00:00+00:00,105071.16,105664.37,104953.56,105516.33,312764893.68
2025-06-24 15:00:00+00:00,105516.33,105731.41,105152.05,105240.21,233140429.78
2025-06-24 16:00:00+00:00,105240.21,106268.55,105178.44,106219.57,282224028.04
2025-06-24 17:00:00+00:00,106219.57,106281.65,105608.01,106050.71,206257610.23
2025-06-24 18:00:00+00:00,106050.71,106092.89,105525.46,105531.44,107596603.39
2025-06-24 19:00:00+00:00,105531.44,105680.68,105276.01,105649.1,124050087.32
2025-06-24 20:00:00+00:00,105649.1,106098.68,105441.86,106084.07,109692822.06
2025-06-24 21:00:00+00:00,106084.07,106120.48,105731.17,105990.65,109944929.89
2025-06-24 22:00:00+00:00,105990.65,106032.59,105734.01,106021.32,71373803.74
2025-06-24 23:00:00+00:00,106021.32,106083.28,105776.62,106083.26,67555904.67
2025-06-25 00:00:00+00:00,106083.26,106468.81,105814.13,106402.44,188513161.02
2025-06-25 01:00:00+00:00,106402.44,106604.08,106017.05,106386.27,206573222.52
2025-06-25 02:00:00+00:00,106386.27,106794.73,106302.67,106477.28,213045084.65
2025-06-25 03:00:00+00:00,106477.28,106605.89,106220.35,106237.64,92251118.69
2025-06-25 04:00:00+00:00,106237.64,106311.13,106000.29,106196.83,95126345.55
2025-06-25 05:00:00+00:00,106196.83,106392.15,106042.71,106214.18,82725729.37
2025-06-25 06:00:00+00:00,106214.18,106460.14,106128.57,106400.66,73225386.7
2025-06-25 07:00:00+00:00,106400.66,106704.97,106323.22,106601.5,99764805.91
2025-06-25 08:00:00+00:00,106601.5,106662.68,106342.27,106636.46,100692792.03
2025-06-25 09:00:00+00:00,106636.46,106974.2,106457.21,106636.36,201957874.5
2025-06-25 10:00:00+00:00,106636.36,107167.44,106573.34,107127.91,244105257.91
2025-06-25 11:00:00+00:00,107127.91,107225.44,106863.85,107188.94,166617613.67
2025-06-25 12:00:00+00:00,107188.94,107284.21,106930.85,107230.01,166603105.76
2025-06-25 13:00:00+00:00,107230.01,108118.52,107165.53,107919.51,551254708.14
2025-06-25 14:00:00+00:00,107919.51,108127.19,107227.89,107627.74,540081211.96
2025-06-25 15:00:00+00:00,107627.74,107637.06,106759.23,107030.57,449450426.72
2025-06-25 16:00:00+00:00,107030.57,107487.49,106985.78,107141.83,190500183.0
2025-06-25 17:00:00+00:00,107141.83,107532.05,106923.86,107400.87,137790241.85
2025-06-25 18:00:00+00:00,107400.87,107523.76,107178.81,107405.8,121120861.11
2025-06-25 19:00:00+00:00,107405.8,107902.53,107390.69,107759.3,239679898.78
2025-06-25 20:00:00+00:00,107759.3,107859.69,107496.53,107781.28,113028511.36
2025-06-25 21:00:00+00:00,107781.28,108001.05,107448.07,107564.51,104639012.83
2025-06-25 22:00:00+00:00,107564.51,107564.51,107214.48,107272.17,78305422.56
2025-06-25 23:00:00+00:00,107272.17,107375.5,107082.71,107334.9,80961056.42
2025-06-26 00:00:00+00:00,107334.9,107621.5,107253.29,107320.54,101579474.43
2025-06-26 01:00:00+00:00,107320.54,107885.81,107103.9,107631.07,143541856.97
2025-06-26 02:00:00+00:00,107631.07,108027.72,107567.38,107922.28,151780851.86
2025-06-26 03:00:00+00:00,107922.28,108273.36,107782.35,107853.54,160581617.04
2025-06-26 04:00:00+00:00,107853.54,107954.89,107694.66,107840.97,89960446.44
2025-06-26 05:00:00+00:00,107840.97,107840.97,107521.16,107628.93,67082218.22
2025-06-26 06:00:00+00:00,107628.93,107802.42,107557.43,107759.77,75527058.65
2025-06-26 07:00:00+00:00,107759.77,108084.32,107744.59,107814.72,181165914.32
2025-06-26 08:00:00+00:00,107814.72,108172.24,107713.36,107753.06,151093954.77
2025-06-26 09:00:00+00:00,107753.06,107789.92,107279.08,107327.11,197106657.88
2025-06-26 10:00:00+00:00,107327.11,107465.19,107244.36,107391.43,95481300.29
2025-06-26 11:00:00+00:00,107391.43,107401.86,107121.84,107327.55,103641877.87
2025-06-26 12:00:00+00:00,107327.55,107422.24,107035.34,107120.24,151677804.08
2025-06-26 13:00:00+00:00,107120.24,107351.38,106818.96,106960.02,257118804.61
2025-06-26 14:00:00+00:00,106960.02,107761.63,106892.34,107435.6,295930118.33
2025-06-26 15:00:00+00:00,107435.6,107516.88,106567.35,107310.55,258336497.43
2025-06-26 16:00:00+00:00,107310.55,107407.7,107005.47,107196.4,150111896.55
2025-06-26 17:00:00+00:00,107196.4,107439.91,107145.09,107192.12,114249344.82
2025-06-26 18:00:00+00:00,107192.12,107583.37,107138.41,107385.07,122334991.56
2025-06-26 19:00:00+00:00,107385.07,107669.5,107327.21,107532.15,110094345.56
2025-06-26 20:00:00+00:00,107532.15,107994.66,107456.2,107769.33,152076128.09
2025-06-26 21:00:00+00:00,107769.33,107798.43,106846.81,107027.95,150122313.2
2025-06-26 22:00:00+00:00,107027.95,107235.1,106958.68,106986.66,87358906.57
2025-06-26 23:00:00+00:00,106986.66,107065.63,106870.86,106956.7,83918998.39
2025-06-27 00:00:00+00:00,106956.7,107177.6,106665.33,106681.53,100469469.37
2025-06-27 01:00:00+00:00,106681.53,107223.28,106448.72,107125.19,151961595.92
2025-06-27 02:00:00+00:00,107125.19,107297.52,107061.07,107254.1,83826972.72
2025-06-27 03:00:00+00:00,107254.1,107513.01,107174.09,107476.96,97710439.74
2025-06-27 04:00:00+00:00,107476.96,107568.17,107358.19,107500.05,79033719.27
2025-06-27 05:00:00+00:00,107500.05,107551.13,107264.19,107264.22,76140028.02
2025-06-27 06:00:00+00:00,107264.22,107387.89,107203.67,107280.54,59019510.72
2025-06-27 07:00:00+00:00,107280.54,107732.68,106856.17,106874.11,256107769.45
2025-06-27 08:00:00+00:00,106874.11,107090.72,106686.12,107006.26,201328965.25
2025-06-27 09:00:00+00:00,107006.26,107136.4,106797.45,107084.8,168016541.55
2025-06-27 10:00:00+00:00,107084.8,107161.67,106955.99,106997.52,123375644.97
2025-06-27 11:00:00+00:00,106997.52,107147.48,106922.71,106985.22,61445522.9
2025-06-27 12:00:00+00:00,106985.22,107195.76,106607.47,106689.06,147669675.93
2025-06-27 13:00:00+00:00,106689.06,106986.81,106392.87,106823.89,220360188.04
2025-06-27 14:00:00+00:00,106823.89,107099.69,106380.33,106561.18,447259001.12
2025-06-27 15:00:00+00:00,106561.18,107414.59,106488.97,107310.25,191436781.97
2025-06-27 16:00:00+00:00,107310.25,107663.11,107098.37,107481.26,237013347.42
2025-06-27 17:00:00+00:00,107481.26,107499.02,106472.27,106875.48,178143691.31
2025-06-27 18:00:00+00:00,106875.48,106996.19,106443.25,106706.94,175049219.38
2025-06-27 19:00:00+00:00,106706.94,107022.49,106593.44,106806.95,137356744.46
2025-06-27 20:00:00+00:00,106806.95,107132.33,106797.92,107122.0,89875754.01
2025-06-27 21:00:00+00:00,107122.0,107277.79,107036.69,107052.92,74492876.92
2025-06-27 22:00:00+00:00,107052.92,107197.39,107052.54,107103.85,38774115.64
2025-06-27 23:00:00+00:00,107103.85,107174.06,106966.78,107044.03,44168595.78
2025-06-28 00:00:00+00:00,107044.03,107176.54,106854.15,107063.59,69283457.96
2025-06-28 01:00:00+00:00,107063.59,107124.8,106814.36,107067.89,71363568.46
2025-06-28 02:00:00+00:00,107067.89,107200.07,107016.42,107109.75,46447770.24
2025-06-28 03:00:00+00:00,107109.75,107345.27,107079.95,107297.77,47804908.89
2025-06-28 04:00:00+00:00,107297.77,107311.7,107182.42,107188.95,32260657.81
2025-06-28 05:00:00+00:00,107188.95,107319.83,107182.96,107294.44,46491519.55
2025-06-28 06:00:00+00:00,107294.44,107445.82,107294.4,107413.69,37944281.08
2025-06-28 07:00:00+00:00,107413.69,107493.64,107399.47,107480.42,85721246.07
2025-06-28 08:00:00+00:00,107480.42,107491.28,107343.57,107374.79,70783213.2
2025-06-28 09:00:00+00:00,107374.79,107376.36,107272.19,107302.92,36395059.57
2025-06-28 10:00:00+00:00,107302.92,107382.91,107251.46,107268.78,105480157.62
2025-06-28 11:00:00+00:00,107268.78,107370.95,107265.87,107367.96,25049245.71
2025-06-28 12:00:00+00:00,107367.96,107373.98,107290.1,107336.39,28761999.54
2025-06-28 13:00:00+00:00,107336.39,107355.67,107087.99,107105.35,96080917.75
2025-06-28 14:00:00+00:00,107105.35,107259.2,107105.35,107206.73,49552011.66
2025-06-28 15:00:00+00:00,107206.73,107553.8,107197.5,107451.66,77505698.92
2025-06-28 16:00:00+00:00,107451.66,107517.82,107259.12,107297.6,76037679.19
2025-06-28 17:00:00+00:00,107297.6,107539.06,107288.91,107467.67,47731425.66
2025-06-28 18:00:00+00:00,107467.67,107470.17,107258.46,107321.91,41858610.27
2025-06-28 19:00:00+00:00,107321.91,107335.61,107224.76,107224.76,28957180.6
2025-06-28 20:00:00+00:00,107224.76,107230.22,107156.07,107168.65,28419040.41
2025-06-28 21:00:00+00:00,107168.65,107346.48,107167.3,107325.62,29728095.65
2025-06-28 22:00:00+00:00,107325.62,107369.69,107261.71,107362.44,38831048.84
2025-06-28 23:00:00+00:00,107362.44,107365.02,107283.7,107292.89,27106752.85
2025-06-29 00:00:00+00:00,107292.89,107497.04,107258.36,107468.46,66539954.55
2025-06-29 01:00:00+00:00,107468.46,107469.59,107315.08,107316.64,39192442.96
2025-06-29 02:00:00+00:00,107316.64,107347.86,107174.5,107302.48,47508402.4
2025-06-29 03:00:00+00:00,107302.48,107302.49,107188.69,107206.85,21234498.92
2025-06-29 04:00:00+00:00,107206.85,107268.03,107205.84,107261.59,14884781.07
2025-06-29 05:00:00+00:00,107261.59,107309.58,107207.23,107304.5,27991266.57
2025-06-29 06:00:00+00:00,107304.5,107379.56,107302.92,107369.33,32655224.51
2025-06-29 07:00:00+00:00,107369.33,107396.45,107326.08,107396.45,36615465.5
2025-06-29 08:00:00+00:00,107396.45,107714.57,107396.3,107690.01,99735549.46
2025-06-29 09:00:00+00:00,107690.01,107969.21,107624.13,107891.28,112753632.25
2025-06-29 10:00:00+00:00,107891.28,108286.51,107853.65,108143.25,203345614.51
2025-06-29 11:00:00+00:00,108143.25,108470.95,108086.66,108469.75,113305149.55
2025-06-29 12:00:00+00:00,108469.75,108514.46,108029.79,108182.62,110001100.45
2025-06-29 13:00:00+00:00,108182.62,108221.98,108015.95,108053.4,132785596.5
2025-06-29 14:00:00+00:00,108053.4,108209.9,107781.01,107941.05,102831553.84
2025-06-29 15:00:00+00:00,107941.05,108023.46,107652.79,107751.03,93966260.12
2025-06-29 16:00:00+00:00,107751.03,107787.21,107319.98,107554.67,154310448.63
2025-06-29 17:00:00+00:00,107554.67,107590.35,107313.36,107534.86,86163313.82
2025-06-29 18:00:00+00:00,107534.86,107709.54,107446.33,107631.78,57685685.9
2025-06-29 19:00:00+00:00,107631.78,107634.19,107365.25,107402.64,42771417.65
2025-06-29 20:00:00+00:00,107402.64,107487.78,107362.33,107362.33,43399559.2
2025-06-29 21:00:00+00:00,107362.33,107730.07,107255.78,107544.75,78476737.76
2025-06-29 22:00:00+00:00,107544.75,108269.88,107544.75,108082.31,158778187.13
2025-06-29 23:00:00+00:00,108082.31,108434.67,108018.57,108358.13,151108387.64
2025-06-30 00:00:00+00:00,108358.13,108782.86,108256.91,108712.19,224422767.55
2025-06-30 01:00:00+00:00,108712.19,108774.15,108415.72,108502.28,146729103.89
2025-06-30 02:00:00+00:00,108502.28,108658.23,108446.95,108486.16,94338665.63
2025-06-30 03:00:00+00:00,108486.16,108582.6,108426.89,108508.25,66924467.24
2025-06-30 04:00:00+00:00,108508.25,108541.36,108313.15,108326.32,65816307.18
2025-06-30 05:00:00+00:00,108326.32,108387.61,108170.62,108284.47,89961780.2
2025-06-30 06:00:00+00:00,108284.47,108301.14,107519.15,107567.76,169401763.55
2025-06-30 07:00:00+00:00,107567.76,107743.57,107480.09,107616.29,137040842.36
2025-06-30 08:00:00+00:00,107616.29,107742.74,107459.89,107509.06,92202156.5
2025-06-30 09:00:00+00:00,107509.06,107700.56,107463.53,107476.45,82804275.46
2025-06-30 10:00:00+00:00,107476.45,107649.81,107397.25,107642.02,91767060.07
2025-06-30 11:00:00+00:00,107642.02,107956.48,107621.69,107653.87,100624479.18
2025-06-30 12:00:00+00:00,107653.87,107820.95,107561.11,107573.45,105497891.56
2025-06-30 13:00:00+00:00,107573.45,107858.57,107480.66,107522.55,173271192.92
2025-06-30 14:00:00+00:00,107522.55,107638.77,106783.75,106807.35,403994964.44
2025-06-30 15:00:00+00:00,106807.35,107785.48,106737.65,107577.59,308241030.35
2025-06-30 16:00:00+00:00,107577.59,107807.1,107281.12,107606.25,144327787.13
2025-06-30 17:00:00+00:00,107606.25,107796.84,107433.52,107465.48,98716853.7
2025-06-30 18:00:00+00:00,107465.48,107620.51,107130.96,107243.33,102150819.33
2025-06-30 19:00:00+00:00,107243.33,107794.08,107211.95,107744.65,119138561.13
2025-06-30 20:00:00+00:00,107744.65,107762.59,107479.33,107577.86,89063584.65
2025-06-30 21:00:00+00:00,107577.86,107591.7,106916.91,107128.97,114241510.01
2025-06-30 22:00:00+00:00,107128.97,107314.42,107032.89,107109.77,80294697.26
2025-06-30 23:00:00+00:00,107109.77,107228.64,107063.3,107144.26,80279584.08
2025-07-01 00:00:00+00:00,107144.26,107447.61,107030.36,107371.83,109043128.43
2025-07-01 01:00:00+00:00,107371.83,107541.06,107179.24,107222.66,83622984.79
2025-07-01 02:00:00+00:00,107222.66,107405.46,107099.74,107102.99,77746612.8
2025-07-01 03:00:00+00:00,107102.99,107220.07,107073.43,107193.4,72008541.83
2025-07-01 04:00:00+00:00,107193.4,107207.12,106869.86,106884.55,68893031.75
2025-07-01 05:00:00+00:00,106884.55,106959.7,106741.76,106937.29,101974858.63
2025-07-01 06:00:00+00:00,106937.29,106937.4,106759.76,106892.39,63579386.31
2025-07-01 07:00:00+00:00,106892.39,107177.37,106613.14,107172.25,136499018.27
2025-07-01 08:00:00+00:00,107172.25,107174.7,106679.99,106708.22,93308423.3
2025-07-01 09:00:00+00:00,106708.22,106788.67,106501.89,106553.48,120494757.6
2025-07-01 10:00:00+00:00,106553.48,106628.54,106303.05,106487.78,230726631.09
2025-07-01 11:00:00+00:00,106487.78,106617.84,106314.65,106603.66,110550733.58
2025-07-01 12:00:00+00:00,106603.66,106703.27,106368.95,106419.93,116414131.16
2025-07-01 13:00:00+00:00,106419.93,106879.09,106296.51,106806.94,339542236.22
2025-07-01 14:00:00+00:00,106806.94,107182.71,105724.67,105922.0,553035802.88
2025-07-01 15:00:00+00:00,105922.0,106202.44,105635.12,105957.51,274216371.81
2025-07-01 16:00:00+00:00,105957.51,106275.42,105832.61,106087.39,143243138.96
2025-07-01 17:00:00+00:00,106087.39,106288.14,105911.29,106252.71,113359456.41
2025-07-01 18:00:00+00:00,106252.71,106267.06,105691.78,105745.26,128245583.89
2025-07-01 19:00:00+00:00,105745.26,105803.29,105391.72,105397.51,219504054.18
2025-07-01 20:00:00+00:00,105397.51,105991.36,105253.89,105918.54,153113613.92
2025-07-01 21:00:00+00:00,105918.54,106100.15,105742.57,105786.03,98363995.82
2025-07-01 22:00:00+00:00,105786.03,105914.46,105605.87,105620.63,81176905.06
2025-07-01 23:00:00+00:00,105620.63,105699.69,105363.77,105679.16,83364166.6
2025-07-02 00:00:00+00:00,105679.16,105777.82,105377.83,105392.29,106020490.23
2025-07-02 01:00:00+00:00,105392.29,105790.32,105108.91,105717.7,163593566.12
2025-07-02 02:00:00+00:00,105717.7,105917.3,105531.22,105908.43,102265377.78
2025-07-02 03:00:00+00:00,105908.43,106211.57,105872.38,106191.85,119022857.54
2025-07-02 04:00:00+00:00,106191.85,106384.45,106136.3,106384.44,85315379.41
2025-07-02 05:00:00+00:00,106384.44,106668.52,106300.71,106636.21,112071078.7
2025-07-02 06:00:00+00:00,106636.21,107012.01,106630.22,107011.64,167023618.31
2025-07-02 07:00:00+00:00,107011.64,107186.96,106849.32,107084.6,150259463.4
2025-07-02 08:00:00+00:00,107084.6,107744.52,107084.6,107729.59,255565878.63
2025-07-02 09:00:00+00:00,107729.59,107788.34,107520.22,107639.02,116712436.77
2025-07-02 10:00:00+00:00,107639.02,107848.4,107614.35,107839.54,117052461.28
2025-07-02 11:00:00+00:00,107839.54,107839.56,107348.87,107483.96,134399723.14
2025-07-02 12:00:00+00:00,107483.96,107489.09,107188.27,107380.82,128588376.84
2025-07-02 13:00:00+00:00,107380.82,107978.86,107280.34,107773.37,233703915.28
2025-07-02 14:00:00+00:00,107773.37,108178.35,107668.08,108144.17,307937928.33
2025-07-02 15:00:00+00:00,108144.17,108762.69,108124.18,108743.59,372509984.0
2025-07-02 16:00:00+00:00,108743.59,109640.98,108656.76,109413.63,809874424.77
2025-07-02 17:00:00+00:00,109413.63,109734.02,108846.75,109133.46,323361683.39
2025-07-02 18:00:00+00:00,109133.46,109539.36,109000.75,109539.35,158577351.65
2025-07-02 19:00:00+00:00,109539.35,109684.96,109292.31,109675.43,259105671.55
2025-07-02 20:00:00+00:00,109675.43,109675.43,109137.3,109141.32,156392464.26
2025-07-02 21:00:00+00:00,109141.32,109539.59,109136.13,109440.96,194538679.65
2025-07-02 22:00:00+00:00,109440.96,109508.75,109103.7,109142.44,134941432.16
2025-07-02 23:00:00+00:00,109142.44,109170.28,108724.08,108843.38,144330856.11
2025-07-03 00:00:00+00:00,108843.38,109112.18,108717.51,108921.97,147852800.78
2025-07-03 01:00:00+00:00,108921.97,109112.49,108812.7,108982.13,119210423.82
2025-07-03 02:00:00+00:00,108982.13,108982.18,108532.74,108722.2,120534284.86
2025-07-03 03:00:00+00:00,108722.2,108815.3,108619.58,108633.33,74394848.47
2025-07-03 04:00:00+00:00,108633.33,108993.64,108566.51,108791.53,95466256.1
2025-07-03 05:00:00+00:00,108791.53,109374.05,108791.53,109339.62,123856527.74
2025-07-03 06:00:00+00:00,109339.62,109549.54,109248.01,109475.75,98043786.91
2025-07-03 07:00:00+00:00,109475.75,109475.77,109141.22,109282.12,102355634.06
2025-07-03 08:00:00+00:00,109282.12,109572.56,109282.12,109377.49,127699334.9
2025-07-03 09:00:00+00:00,109377.49,110263.94,109377.16,109937.4,413566868.9
2025-07-03 10:00:00+00:00,109937.4,109993.92,109633.45,109836.94,131054913.28
2025-07-03 11:00:00+00:00,109836.94,109838.08,109586.05,109598.93,83932398.86
2025-07-03 12:00:00+00:00,109598.93,109841.14,108753.56,109166.0,369079653.03
2025-07-03 13:00:00+00:00,109166.0,110520.18,109131.38,110260.92,482416928.25
2025-07-03 14:00:00+00:00,110260.92,110495.58,109563.53,109717.82,362249804.85
2025-07-03 15:00:00+00:00,109717.82,109833.38,109102.43,109126.69,242163435.62
2025-07-03 16:00:00+00:00,109126.69,109675.05,109017.77,109284.28,221085870.11
2025-07-03 17:00:00+00:00,109284.28,109655.4,109272.22,109552.77,112800467.45
2025-07-03 18:00:00+00:00,109552.77,109719.07,109329.41,109674.96,97563127.91
2025-07-03 19:00:00+00:00,109674.96,109908.08,109632.91,109797.19,118819905.99
2025-07-03 20:00:00+00:00,109797.19,109945.77,109770.31,109945.77,57886634.37
2025-07-03 21:00:00+00:00,109945.77,110002.23,109688.64,109790.67,78661333.72
2025-07-03 22:00:00+00:00,109790.67,109872.91,109653.46,109702.52,54431641.33
2025-07-03 23:00:00+00:00,109702.52,109820.6,109531.32,109588.64,58849841.29
2025-07-04 00:00:00+00:00,109588.64,109703.32,109382.21,109475.33,82230483.69
2025-07-04 01:00:00+00:00,109475.33,109768.28,109447.91,109504.18,77923915.04
2025-07-04 02:00:00+00:00,109504.18,109504.24,109108.36,109186.24,101994401.48
2025-07-04 03:00:00+00:00,109186.24,109376.31,109121.27,109238.22,67196854.4
2025-07-04 04:00:00+00:00,109238.22,109329.8,108957.99,108986.17,81171936.22
2025-07-04 05:00:00+00:00,108986.17,109209.06,108933.0,109012.4,88943134.4
2025-07-04 06:00:00+00:00,109012.4,109031.5,108810.27,109025.0,74336980.4
2025-07-04 07:00:00+00:00,109025.0,109143.01,108708.74,108708.74,132994795.81
2025-07-04 08:00:00+00:00,108708.74,108889.73,108531.19,108762.7,130864565.31
2025-07-04 09:00:00+00:00,108762.7,109068.77,108762.67,108995.75,81789585.88
2025-07-04 10:00:00+00:00,108995.75,109065.47,108866.1,108899.32,69210439.8
2025-07-04 11:00:00+00:00,108899.32,109108.31,108854.82,108889.66,64432243.39
2025-07-04 12:00:00+00:00,108889.66,108974.7,108615.14,108730.28,81106004.07
2025-07-04 13:00:00+00:00,108730.28,108850.37,107970.72,107978.8,275323702.57
2025-07-04 14:00:00+00:00,107978.8,108113.42,107507.0,107815.18,398736245.42
2025-07-04 15:00:00+00:00,107815.18,107944.23,107583.91,107583.93,267195098.51
2025-07-04 16:00:00+00:00,107583.93,107748.77,107340.14,107637.02,294346789.71
2025-07-04 17:00:00+00:00,107637.02,107917.74,107632.31,107878.45,126360686.89
2025-07-04 18:00:00+00:00,107878.45,107881.31,107499.35,107499.35,176218735.02
2025-07-04 19:00:00+00:00,107499.35,107646.84,107255.46,107479.31,157031914.26
2025-07-04 20:00:00+00:00,107479.31,107814.69,107445.14,107697.29,72724516.23
2025-07-04 21:00:00+00:00,107697.29,107942.75,107694.63,107914.21,68570891.27
2025-07-04 22:00:00+00:00,107914.21,108265.0,107887.99,108251.51,95241336.81
2025-07-04 23:00:00+00:00,108251.51,108251.74,107957.41,107988.6,49935492.11
2025-07-05 00:00:00+00:00,107988.6,108225.11,107957.59,108196.3,50427754.9
2025-07-05 01:00:00+00:00,108196.3,108196.34,107897.14,107985.43,43663337.65
2025-07-05 02:00:00+00:00,107985.43,108092.85,107756.38,108067.38,61126196.83
2025-07-05 03:00:00+00:00,108067.38,108261.82,108067.3,108155.91,60967675.01
2025-07-05 04:00:00+00:00,108155.91,108405.56,108035.87,108137.7,66653061.42
2025-07-05 05:00:00+00:00,108137.7,108170.67,108007.38,108131.23,44677945.65
2025-07-05 06:00:00+00:00,108131.23,108289.25,108068.21,108274.08,47315723.76
2025-07-05 07:00:00+00:00,108274.08,108275.2,108001.2,108052.64,65327901.89
2025-07-05 08:00:00+00:00,108052.64,108124.72,107931.96,108025.11,50336796.71
2025-07-05 09:00:00+00:00,108025.11,108126.17,107879.14,108080.93,59508507.32
2025-07-05 10:00:00+00:00,108080.93,108208.95,108057.9,108089.44,46043827.91
2025-07-05 11:00:00+00:00,108089.44,108220.56,108089.1,108111.49,48510687.01
2025-07-05 12:00:00+00:00,108111.49,108152.77,107969.9,108150.58,41920194.31
2025-07-05 13:00:00+00:00,108150.58,108230.98,108106.39,108125.87,43904245.65
2025-07-05 14:00:00+00:00,108125.87,108224.36,108106.15,108196.56,49026939.33
2025-07-05 15:00:00+00:00,108196.56,108196.79,108051.97,108063.18,45518980.66
2025-07-05 16:00:00+00:00,108063.18,108113.88,107869.65,108105.82,59270055.04
2025-07-05 17:00:00+00:00,108105.82,108160.62,107945.59,108091.5,38142091.46
2025-07-05 18:00:00+00:00,108091.5,108100.86,107967.94,108003.03,34657835.77
2025-07-05 19:00:00+00:00,108003.03,108165.76,107951.94,108145.36,114884199.16
2025-07-05 20:00:00+00:00,108145.36,108161.34,107993.38,108096.33,100336238.93
2025-07-05 21:00:00+00:00,108096.33,108139.38,108065.27,108089.01,105502945.06
2025-07-05 22:00:00+00:00,108089.01,108199.6,108057.96,108188.28,148720526.13
2025-07-05 23:00:00+00:00,108188.28,108236.3,108178.59,108200.57,102925235.93
2025-07-06 00:00:00+00:00,108200.57,108245.73,108123.63,108209.05,124774104.32
2025-07-06 01:00:00+00:00,108209.05,108212.79,108094.91,108203.14,35852988.96
2025-07-06 02:00:00+00:00,108203.14,108267.41,108053.68,108054.1,48390777.53
2025-07-06 03:00:00+00:00,108054.1,108091.29,108015.39,108049.4,47494512.91
2025-07-06 04:00:00+00:00,108049.4,108107.73,107950.04,107993.11,39847237.16
2025-07-06 05:00:00+00:00,107993.11,108017.16,107970.1,108001.35,26506977.34
2025-07-06 06:00:00+00:00,108001.35,108209.57,107981.79,108119.85,45662921.95
2025-07-06 07:00:00+00:00,108119.85,108184.66,108040.77,108043.4,36733924.92
2025-07-06 08:00:00+00:00,108043.4,108063.3,107976.13,108008.52,47380026.69
2025-07-06 09:00:00+00:00,108008.52,108061.69,107830.68,107852.89,56769450.83
2025-07-06 10:00:00+00:00,107852.89,108119.44,107809.5,107989.43,68818448.39
2025-07-06 11:00:00+00:00,107989.43,108090.68,107963.87,108078.83,34943540.04
2025-07-06 12:00:00+00:00,108078.83,108228.89,108049.68,108228.89,60499767.82
2025-07-06 13:00:00+00:00,108228.89,109119.16,108189.9,108769.29,261310344.91
2025-07-06 14:00:00+00:00,108769.29,109038.78,108621.9,108923.74,214944194.37
2025-07-06 15:00:00+00:00,108923.74,108985.0,108673.03,108898.21,111486022.71
2025-07-06 16:00:00+00:00,108898.21,108947.28,108713.62,108852.38,74729805.21
2025-07-06 17:00:00+00:00,108852.38,108957.73,108720.4,108912.26,49994373.5
2025-07-06 18:00:00+00:00,108912.26,108923.9,108285.15,108464.06,108704594.63
2025-07-06 19:00:00+00:00,108464.06,108628.08,108306.6,108541.89,68205683.49
2025-07-06 20:00:00+00:00,108541.89,108840.38,108533.68,108672.06,52906449.13
2025-07-06 21:00:00+00:00,108672.06,109696.64,108671.74,109212.64,240763737.32
2025-07-06 22:00:00+00:00,109212.64,109515.67,109212.64,109230.79,142341969.62
2025-07-06 23:00:00+00:00,109230.79,109277.64,108988.18,109204.61,119715908.19
2025-07-07 00:00:00+00:00,109204.61,109285.0,108801.1,108823.77,122048963.82
2025-07-07 01:00:00+00:00,108823.77,109090.47,108681.75,109018.43,101037552.01
2025-07-07 02:00:00+00:00,109018.43,109508.84,109018.4,109362.83,123780568.27
2025-07-07 03:00:00+00:00,109362.83,109701.8,109362.81,109394.7,107404955.55
2025-07-07 04:00:00+00:00,109394.7,109452.8,109124.58,109124.77,61698037.45
2025-07-07 05:00:00+00:00,109124.77,109201.55,109029.01,109081.99,63809534.66
2025-07-07 06:00:00+00:00,109081.99,109174.85,108770.37,108782.0,112619692.19
2025-07-07 07:00:00+00:00,108782.0,109061.22,108668.49,109057.73,105150307.37
2025-07-07 08:00:00+00:00,109057.73,109089.96,108862.82,109014.43,83061125.1
2025-07-07 09:00:00+00:00,109014.43,109014.47,108766.92,108854.0,71869279.17
2025-07-07 10:00:00+00:00,108854.0,108902.94,108673.04,108677.56,170399478.22
2025-07-07 11:00:00+00:00,108677.56,108807.67,108577.24,108644.18,81804408.96
2025-07-07 12:00:00+00:00,108644.18,108644.21,108315.46,108347.22,186309630.85
2025-07-07 13:00:00+00:00,108347.22,108568.61,108018.15,108532.67,282812098.3
2025-07-07 14:00:00+00:00,108532.67,108661.35,107968.43,108222.01,226444748.97
2025-07-07 15:00:00+00:00,108222.01,108621.24,108221.57,108298.16,138110799.26
2025-07-07 16:00:00+00:00,108298.16,108494.1,107910.83,107973.66,249074989.24
2025-07-07 17:00:00+00:00,107973.66,108354.64,107812.45,107941.57,161661085.42
2025-07-07 18:00:00+00:00,107941.57,108098.27,107509.56,108023.45,170558015.32
2025-07-07 19:00:00+00:00,108023.45,108311.36,108003.45,108052.04,135930939.32
2025-07-07 20:00:00+00:00,108052.04,108140.82,107862.76,107879.24,89164298.19
2025-07-07 21:00:00+00:00,107879.24,108208.91,107788.73,108164.97,88921791.78
2025-07-07 22:00:00+00:00,108164.97,108180.86,107973.12,108016.91,66317125.71
2025-07-07 23:00:00+00:00,108016.91,108298.0,108016.88,108262.88,56484396.35
2025-07-08 00:00:00+00:00,108262.88,108521.51,108191.6,108298.32,135214872.48
2025-07-08 01:00:00+00:00,108298.32,108298.35,107683.91,107699.27,112320219.5
2025-07-08 02:00:00+00:00,107699.27,107942.23,107444.05,107768.97,264383076.94
2025-07-08 03:00:00+00:00,107768.97,108002.28,107689.33,107902.96,60774608.85
2025-07-08 04:00:00+00:00,107902.96,108024.3,107748.88,108024.29,63814007.38
2025-07-08 05:00:00+00:00,108024.29,108219.93,107985.25,108208.76,62454339.55
2025-07-08 06:00:00+00:00,108208.76,108382.22,108142.68,108295.52,72932274.45
2025-07-08 07:00:00+00:00,108295.52,108494.1,108220.68,108481.83,92817216.16
2025-07-08 08:00:00+00:00,108481.83,108523.65,108266.56,108266.57,77095639.3
2025-07-08 09:00:00+00:00,108266.57,108489.08,108228.54,108465.84,50068864.21
2025-07-08 10:00:00+00:00,108465.84,108903.7,108416.63,108830.12,139986726.26
2025-07-08 11:00:00+00:00,108830.12,109010.15,108758.66,108761.9,114213137.7
2025-07-08 12:00:00+00:00,108761.9,108953.15,108691.65,108953.13,80928911.1
2025-07-08 13:00:00+00:00,108953.13,109217.88,108641.49,109033.89,212060997.4
2025-07-08 14:00:00+00:00,109033.89,109077.39,108253.71,108383.26,251614075.16
2025-07-08 15:00:00+00:00,108383.26,108529.94,108212.95,108265.66,154828963.13
2025-07-08 16:00:00+00:00,108265.66,108547.98,108097.94,108442.76,164397174.58
2025-07-08 17:00:00+00:00,108442.76,109097.93,108441.62,108992.94,298267847.71
2025-07-08 18:00:00+00:00,108992.94,109154.86,108912.58,109154.85,188762935.08
2025-07-08 19:00:00+00:00,109154.85,109154.93,108734.44,108774.2,112713496.37
2025-07-08 20:00:00+00:00,108774.2,108942.02,108637.61,108637.61,77146105.77
2025-07-08 21:00:00+00:00,108637.61,108973.06,108621.42,108895.41,71002270.17
2025-07-08 22:00:00+00:00,108895.41,108973.36,108818.65,108914.92,71290686.28
2025-07-08 23:00:00+00:00,108914.92,108972.48,108824.79,108926.6,70558395.41
2025-07-09 00:00:00+00:00,108926.6,108958.11,108785.31,108936.35,60766168.53
2025-07-09 01:00:00+00:00,108936.35,109131.04,108724.18,108781.15,105228227.24
2025-07-09 02:00:00+00:00,108781.15,108838.55,108602.45,108622.75,105675078.51
2025-07-09 03:00:00+00:00,108622.75,108665.78,108347.34,108375.06,120146113.01
2025-07-09 04:00:00+00:00,108375.06,108566.14,108329.87,108554.79,90579063.55
2025-07-09 05:00:00+00:00,108554.79,108933.18,108494.79,108779.9,137662645.47
2025-07-09 06:00:00+00:00,108779.9,108864.35,108683.41,108841.31,69332366.62
2025-07-09 07:00:00+00:00,108841.31,108876.89,108679.39,108711.47,64522341.96
2025-07-09 08:00:00+00:00,108711.47,108837.49,108664.68,108665.39,83359166.98
2025-07-09 09:00:00+00:00,108665.39,108786.97,108558.3,108757.66,77042305.03
2025-07-09 10:00:00+00:00,108757.66,108903.01,108707.0,108903.0,53190572.26
2025-07-09 11:00:00+00:00,108903.0,109118.56,108902.96,109061.08,117997476.18
2025-07-09 12:00:00+00:00,109061.08,109513.11,108995.38,109332.64,271159838.67
2025-07-09 13:00:00+00:00,109332.64,109765.64,109132.76,109186.72,399869742.86
2025-07-09 14:00:00+00:00,109186.72,109464.99,108505.06,108898.55,359876759.15
2025-07-09 15:00:00+00:00,108898.55,109207.0,108818.47,109070.43,161109202.14
2025-07-09 16:00:00+00:00,109070.43,109467.13,109039.71,109410.08,128560482.14
2025-07-09 17:00:00+00:00,109410.08,109447.07,109042.44,109166.91,150369681.7
2025-07-09 18:00:00+00:00,109166.91,109575.95,109138.34,109535.11,206251304.96
2025-07-09 19:00:00+00:00,109535.11,111996.94,109504.98,111742.43,1185986418.41
2025-07-09 20:00:00+00:00,111742.43,111911.92,110583.09,110720.19,526623652.07
2025-07-09 21:00:00+00:00,110720.19,111285.79,110682.53,110828.69,225704032.06
2025-07-09 22:00:00+00:00,110828.69,111405.71,110828.12,111386.15,195024991.49
2025-07-09 23:00:00+00:00,111386.15,111522.96,111239.55,111246.18,164037336.97
2025-07-10 00:00:00+00:00,111246.18,111324.31,110915.97,110917.49,144635634.9
2025-07-10 01:00:00+00:00,110917.49,111358.66,110886.11,111195.02,158869588.29
2025-07-10 02:00:00+00:00,111195.02,111562.99,111149.96,111218.01,167500943.02
2025-07-10 03:00:00+00:00,111218.01,111219.56,110993.95,111075.34,113840128.97
2025-07-10 04:00:00+00:00,111075.34,111185.95,110957.48,111150.18,80873813.06
2025-07-10 05:00:00+00:00,111150.18,111167.66,110945.64,111094.63,113604166.85
2025-07-10 06:00:00+00:00,111094.63,111310.79,111094.63,111236.39,110337368.89
2025-07-10 07:00:00+00:00,111236.39,111436.44,111143.95,111228.93,169071405.38
2025-07-10 08:00:00+00:00,111228.93,111400.31,111117.63,111233.15,105713975.96
2025-07-10 09:00:00+00:00,111233.15,111256.96,111022.01,111043.28,72707027.76
2025-07-10 10:00:00+00:00,111043.28,111104.72,110876.07,111093.05,95636898.98
2025-07-10 11:00:00+00:00,111093.05,111178.28,110969.8,111022.88,82005281.92
2025-07-10 12:00:00+00:00,111022.88,111023.04,110754.48,110866.24,114073119.3
2025-07-10 13:00:00+00:00,110866.24,111036.76,110517.7,110803.45,229859649.54
2025-07-10 14:00:00+00:00,110803.45,111318.66,110642.91,111249.38,302098700.48
2025-07-10 15:00:00+00:00,111249.38,111410.2,110971.92,111405.73,217444759.74
2025-07-10 16:00:00+00:00,111405.73,112717.53,111334.33,112642.85,718837578.64
2025-07-10 17:00:00+00:00,112642.85,113791.83,112565.29,113728.38,816417445.27
2025-07-10 18:00:00+00:00,113728.38,113750.75,112986.6,113420.45,390349412.72
2025-07-10 19:00:00+00:00,113420.45,113678.29,113106.32,113309.5,258677981.24
2025-07-10 20:00:00+00:00,113309.5,113581.37,113270.1,113493.99,182830711.69
2025-07-10 21:00:00+00:00,113493.99,116869.73,113395.94,116480.6,1799014431.14
2025-07-10 22:00:00+00:00,116480.6,116480.7,115793.38,116007.95,520786069.27
2025-07-10 23:00:00+00:00,116007.95,116101.11,115651.47,116008.58,292760469.78
2025-07-11 00:00:00+00:00,116008.58,116080.6,115222.64,115585.73,321566679.85
2025-07-11 01:00:00+00:00,115585.73,116071.75,115507.43,115968.67,219883202.86
2025-07-11 02:00:00+00:00,115968.67,116795.37,115706.66,116667.63,364907903.67
2025-07-11 03:00:00+00:00,116667.63,116952.54,116383.69,116886.58,313641032.29
2025-07-11 04:00:00+00:00,116886.58,116924.92,116493.11,116907.81,184083464.75
2025-07-11 05:00:00+00:00,116907.81,118403.65,116907.36,117857.77,701605679.48
2025-07-11 06:00:00+00:00,117857.77,118396.75,117604.11,117648.41,406555971.81
2025-07-11 07:00:00+00:00,117648.41,118103.11,117463.74,117540.37,681495702.54
2025-07-11 08:00:00+00:00,117540.37,118136.78,117540.37,117970.04,270107581.82
2025-07-11 09:00:00+00:00,117970.04,118862.87,117879.69,118472.86,376115016.78
2025-07-11 10:00:00+00:00,118472.86,118472.9,117946.11,117982.41,285043975.7
2025-07-11 11:00:00+00:00,117982.41,118107.8,117593.17,117816.39,216307561.07
2025-07-11 12:00:00+00:00,117816.39,118252.92,117735.91,117874.67,228570911.35
2025-07-11 13:00:00+00:00,117874.67,118186.95,117274.74,117982.35,474350473.11
2025-07-11 14:00:00+00:00,117982.35,118170.95,117386.36,117856.93,393509457.24
2025-07-11 15:00:00+00:00,117856.93,117958.26,116728.01,116902.53,437341344.46
2025-07-11 16:00:00+00:00,116902.53,117439.9,116606.2,117398.35,366447709.06
2025-07-11 17:00:00+00:00,117398.35,117732.94,117250.61,117634.22,274684563.34
2025-07-11 18:00:00+00:00,117634.22,117733.93,117304.87,117698.91,189703280.3
2025-07-11 19:00:00+00:00,117698.91,118142.48,117435.4,118102.47,275702468.6
2025-07-11 20:00:00+00:00,118102.47,118102.47,117661.88,117662.86,168664177.57
2025-07-11 21:00:00+00:00,117662.86,117881.98,117468.67,117618.08,130912988.9
2025-07-11 22:00:00+00:00,117618.08,117662.72,117161.15,117615.79,209827450.55
2025-07-11 23:00:00+00:00,117615.79,117679.32,117440.3,117529.37,98439160.82
2025-07-12 00:00:00+00:00,117529.37,117650.01,117154.29,117406.85,137040528.62
2025-07-12 01:00:00+00:00,117406.85,117689.42,117406.79,117644.15,91737914.27
2025-07-12 02:00:00+00:00,117644.15,117798.77,117563.92,117601.63,83071717.16
2025-07-12 03:00:00+00:00,117601.63,117844.4,117599.75,117773.6,96497724.42
2025-07-12 04:00:00+00:00,117773.6,117882.12,117584.25,117649.42,173939355.33
2025-07-12 05:00:00+00:00,117649.42,117716.27,117507.99,117687.94,118116266.82
2025-07-12 06:00:00+00:00,117687.94,117984.69,117658.45,117840.94,161637022.65
2025-07-12 07:00:00+00:00,117840.94,118058.02,117635.89,117728.98,166502251.72
2025-07-12 08:00:00+00:00,117728.98,117957.21,117722.48,117918.97,174102707.02
2025-07-12 09:00:00+00:00,117918.97,118200.46,117871.36,118164.26,129300329.27
2025-07-12 10:00:00+00:00,118164.26,118164.46,117865.41,118078.0,207473402.95
2025-07-12 11:00:00+00:00,118078.0,118104.18,117620.07,117813.55,100019569.21
2025-07-12 12:00:00+00:00,117813.55,117865.17,117310.06,117546.12,247972780.25
2025-07-12 13:00:00+00:00,117546.12,117580.38,117237.48,117501.62,334184222.21
2025-07-12 14:00:00+00:00,117501.62,117731.05,117314.42,117388.88,207024319.08
2025-07-12 15:00:00+00:00,117388.88,117460.08,116909.27,117105.54,226028002.16
2025-07-12 16:00:00+00:00,117105.54,117392.12,117049.07,117189.54,93772838.72
2025-07-12 17:00:00+00:00,117189.54,117540.08,117180.28,117481.44,72427105.27
2025-07-12 18:00:00+00:00,117481.44,117504.39,117376.7,117495.08,48498309.23
2025-07-12 19:00:00+00:00,117495.08,117640.73,117439.55,117556.37,84347881.74
2025-07-12 20:00:00+00:00,117556.37,117556.79,117030.07,117030.09,68209243.91
2025-07-12 21:00:00+00:00,117030.09,117556.01,117003.19,117490.77,68855076.64
2025-07-12 22:00:00+00:00,117490.77,117555.94,117306.9,117379.75,61352613.74
2025-07-12 23:00:00+00:00,117379.75,117466.61,117214.83,117417.84,47185943.34
2025-07-13 00:00:00+00:00,117417.84,117455.1,117248.47,117316.59,59865459.98
2025-07-13 01:00:00+00:00,117316.59,117646.58,117221.92,117546.16,86423894.46
2025-07-13 02:00:00+00:00,117546.16,117802.59,117403.64,117616.77,55782024.53
2025-07-13 03:00:00+00:00,117616.77,117818.46,117594.39,117748.56,52324915.68
2025-07-13 04:00:00+00:00,117748.56,117889.3,117682.61,117877.99,51613108.96
2025-07-13 05:00:00+00:00,117877.99,117905.7,117691.74,117757.38,51656237.84
2025-07-13 06:00:00+00:00,117757.38,117979.73,117736.87,117887.79,45922348.09
2025-07-13 07:00:00+00:00,117887.79,118055.22,117851.48,117995.33,74487178.31
2025-07-13 08:00:00+00:00,117995.33,118008.97,117756.0,117896.93,49655322.95
2025-07-13 09:00:00+00:00,117896.93,117903.92,117696.67,117743.06,49512255.1
2025-07-13 10:00:00+00:00,117743.06,117849.89,117740.65,117754.67,41364389.17
2025-07-13 11:00:00+00:00,117754.67,118094.17,117754.67,118072.81,116385350.47
2025-07-13 12:00:00+00:00,118072.81,118632.57,117986.51,118421.3,247757136.47
2025-07-13 13:00:00+00:00,118421.3,118751.68,118152.34,118608.7,294623284.52
2025-07-13 14:00:00+00:00,118608.7,119365.71,118361.17,118759.67,606874518.34
2025-07-13 15:00:00+00:00,118759.67,119121.6,118529.55,118672.95,227371466.89
2025-07-13 16:00:00+00:00,118672.95,118981.58,118516.0,118526.7,159318929.17
2025-07-13 17:00:00+00:00,118526.7,118838.65,118382.75,118688.01,122360179.6
2025-07-13 18:00:00+00:00,118688.01,119058.23,118590.11,118989.81,113260964.88
2025-07-13 19:00:00+00:00,118989.81,119472.14,118907.05,118965.64,188266182.1
2025-07-13 20:00:00+00:00,118965.64,119371.06,118827.66,119084.85,111002520.63
2025-07-13 21:00:00+00:00,119084.85,119084.86,118497.22,118642.49,158063391.39
2025-07-13 22:00:00+00:00,118642.49,118780.78,118262.91,118520.91,166959691.89
2025-07-13 23:00:00+00:00,118520.91,119195.39,118386.23,119079.77,147089658.88
2025-07-14 00:00:00+00:00,119079.77,119469.38,118924.29,119069.88,187808614.98
2025-07-14 01:00:00+00:00,119069.88,119234.65,118906.56,119100.22,119702795.25
2025-07-14 02:00:00+00:00,119100.22,120004.04,118976.11,119652.71,405819675.09
2025-07-14 03:00:00+00:00,119652.71,121411.82,119594.4,120753.22,749146779.83
2025-07-14 04:00:00+00:00,120753.22,121430.83,120558.27,121395.15,380602143.29
2025-07-14 05:00:00+00:00,121395.15,122635.84,121143.34,122454.75,760492069.68
2025-07-14 06:00:00+00:00,122454.75,122459.97,122037.18,122126.72,305613614.34
2025-07-14 07:00:00+00:00,122126.72,123223.25,122098.74,122733.19,499628696.41
2025-07-14 08:00:00+00:00,122733.19,122756.6,122292.01,122569.51,259429645.25
2025-07-14 09:00:00+00:00,122569.51,122574.95,121902.14,121972.57,296122266.16
2025-07-14 10:00:00+00:00,121972.57,122127.3,121643.56,121906.18,234860890.75
2025-07-14 11:00:00+00:00,121906.18,121906.18,121353.72,121471.22,216064536.99
2025-07-14 12:00:00+00:00,121471.22,121918.77,121401.98,121901.94,252186771.19
2025-07-14 13:00:00+00:00,121901.94,122111.76,121180.07,121704.87,397650078.53
2025-07-14 14:00:00+00:00,121704.87,121977.02,120623.25,121162.45,649466925.69
2025-07-14 15:00:00+00:00,121162.45,121175.52,119607.08,119874.52,609714678.11
2025-07-14 16:00:00+00:00,119874.52,120300.08,119205.77,120270.32,520517394.61
2025-07-14 17:00:00+00:00,120270.32,120521.12,119769.52,119896.16,381926319.46
2025-07-14 18:00:00+00:00,119896.16,120180.06,119623.8,119635.08,247210899.01
2025-07-14 19:00:00+00:00,119635.08,120096.89,119599.24,119936.13,244323387.23
2025-07-14 20:00:00+00:00,119936.13,120442.44,119525.13,120168.64,181607527.41
2025-07-14 21:00:00+00:00,120168.64,120238.85,119829.62,120034.35,105267424.42
2025-07-14 22:00:00+00:00,120034.35,120303.61,119928.87,120049.78,116298437.53
2025-07-14 23:00:00+00:00,120049.78,120054.66,119770.47,119846.83,88472032.77
2025-07-15 00:00:00+00:00,119846.83,119936.89,119110.16,119491.26,215440867.98
2025-07-15 01:00:00+00:00,119491.26,119530.27,118376.77,118466.12,545126723.8
2025-07-15 02:00:00+00:00,118466.12,118859.33,117814.0,118245.3,757546785.52
2025-07-15 03:00:00+00:00,118245.3,118245.3,116843.92,117155.91,750927755.19
2025-07-15 04:00:00+00:00,117155.91,117509.12,116266.68,117481.98,531433236.34
2025-07-15 05:00:00+00:00,117481.98,117753.58,116964.9,117329.48,298467601.88
2025-07-15 06:00:00+00:00,117329.48,117329.48,116763.7,117067.92,300269640.33
2025-07-15 07:00:00+00:00,117067.92,117269.0,116403.62,116784.48,398949748.92
2025-07-15 08:00:00+00:00,116784.48,116862.35,116321.03,116773.36,287666287.18
2025-07-15 09:00:00+00:00,116773.36,117217.96,116708.46,116777.22,219812724.16
2025-07-15 10:00:00+00:00,116777.22,117196.43,116739.27,117019.41,228257214.84
2025-07-15 11:00:00+00:00,117019.41,117159.17,116332.18,117112.71,203392266.76
2025-07-15 12:00:00+00:00,117112.71,117455.64,116411.96,117195.93,490372491.93
2025-07-15 13:00:00+00:00,117195.93,118445.09,117152.67,118081.12,731115122.98
2025-07-15 14:00:00+00:00,118081.12,118454.3,115737.01,116000.89,798841605.59
2025-07-15 15:00:00+00:00,116000.89,116751.41,115796.79,116389.95,639561080.91
2025-07-15 16:00:00+00:00,116389.95,117717.5,116362.01,117181.25,501292499.03
2025-07-15 17:00:00+00:00,117181.25,117541.17,117136.19,117376.81,302720466.49
2025-07-15 18:00:00+00:00,117376.81,117390.18,116015.91,116713.7,514073580.97
2025-07-15 19:00:00+00:00,116713.7,117195.79,116283.8,116407.06,314552942.54
2025-07-15 20:00:00+00:00,116407.06,116698.62,116185.17,116406.75,229242532.8
2025-07-15 21:00:00+00:00,116406.75,117591.66,116341.64,117551.81,216195660.16
2025-07-15 22:00:00+00:00,117551.81,117865.5,117251.82,117825.5,236710901.06
2025-07-15 23:00:00+00:00,117825.5,117969.41,117500.85,117753.84,189195086.32
2025-07-16 00:00:00+00:00,117753.84,118181.98,117416.0,118112.45,216094840.48
2025-07-16 01:00:00+00:00,118112.45,118198.14,117582.79,117722.13,170252014.38
2025-07-16 02:00:00+00:00,117722.13,117757.21,117019.43,117321.33,175188288.73
2025-07-16 03:00:00+00:00,117321.33,117520.99,117218.13,117483.51,106965912.66
2025-07-16 04:00:00+00:00,117483.51,117708.67,117276.44,117602.73,104599912.08
2025-07-16 05:00:00+00:00,117602.73,118008.17,117602.73,117868.56,140289862.16
2025-07-16 06:00:00+00:00,117868.56,118288.3,117755.01,118277.12,113823894.31
2025-07-16 07:00:00+00:00,118277.12,118300.82,118049.33,118193.63,121385060.03
2025-07-16 08:00:00+00:00,118193.63,118785.62,118122.44,118701.52,209559884.52
2025-07-16 09:00:00+00:00,118701.52,119199.38,118699.12,119188.99,225006305.27
2025-07-16 10:00:00+00:00,119188.99,119304.53,118734.13,118739.79,167066617.04
2025-07-16 11:00:00+00:00,118739.79,118911.18,118648.96,118771.58,117862463.63
2025-07-16 12:00:00+00:00,118771.58,119079.75,118594.02,118618.83,173671101.68
2025-07-16 13:00:00+00:00,118618.83,118922.14,118180.67,118688.35,337183058.79
2025-07-16 14:00:00+00:00,118688.35,119263.99,118199.01,119057.87,481931951.79
2025-07-16 15:00:00+00:00,119057.87,119803.76,118351.72,119096.51,765982456.21
2025-07-16 16:00:00+00:00,119096.51,119334.76,118467.85,119294.64,280972597.59
2025-07-16 17:00:00+00:00,119294.64,119701.8,118968.77,119076.26,254842612.07
2025-07-16 18:00:00+00:00,119076.26,119913.55,118886.56,119511.18,270330843.42
2025-07-16 19:00:00+00:00,119511.18,119650.64,118834.37,119236.09,241974953.82
2025-07-16 20:00:00+00:00,119236.09,119938.63,118945.94,119918.37,222771044.21
2025-07-16 21:00:00+00:00,119918.37,120055.37,119212.51,119301.84,277592679.53
2025-07-16 22:00:00+00:00,119301.84,119504.56,118597.05,118649.31,244234231.93
2025-07-16 23:00:00+00:00,118649.31,118830.47,118415.64,118635.21,150666093.01
2025-07-17 00:00:00+00:00,118635.21,119167.64,118619.68,118896.59,186073821.27
2025-07-17 01:00:00+00:00,118896.59,119082.85,117695.74,118143.55,344172339.56
2025-07-17 02:00:00+00:00,118143.55,118522.04,118021.6,118326.23,182182001.98
2025-07-17 03:00:00+00:00,118326.23,118352.5,117761.0,118125.6,145534179.64
2025-07-17 04:00:00+00:00,118125.6,118487.81,117964.54,118487.8,105387466.53
2025-07-17 05:00:00+00:00,118487.8,118644.35,118226.65,118585.7,125986132.9
2025-07-17 06:00:00+00:00,118585.7,118774.1,118348.72,118457.61,173803619.69
2025-07-17 07:00:00+00:00,118457.61,118550.85,117863.91,118315.23,218186244.6
2025-07-17 08:00:00+00:00,118315.23,118428.79,118089.42,118332.53,139470663.17
2025-07-17 09:00:00+00:00,118332.53,119190.21,118246.21,118773.56,224766076.05
2025-07-17 10:00:00+00:00,118773.56,118873.38,118240.13,118345.09,147326986.31
2025-07-17 11:00:00+00:00,118345.09,118396.95,117977.35,117987.9,141406920.35
2025-07-17 12:00:00+00:00,117987.9,118180.56,117453.65,117869.2,315708191.36
2025-07-17 13:00:00+00:00,117869.2,118449.01,117527.87,118281.67,307203330.68
2025-07-17 14:00:00+00:00,118281.67,118841.44,118155.01,118769.49,337042975.53
2025-07-17 15:00:00+00:00,118769.49,119082.63,118340.68,118881.98,225385528.89
2025-07-17 16:00:00+00:00,118881.98,118953.3,118338.3,118554.95,217694312.57
2025-07-17 17:00:00+00:00,118554.95,119328.05,118501.21,119266.62,231654872.6
2025-07-17 18:00:00+00:00,119266.62,119785.2,119210.54,119582.16,214887807.43
2025-07-17 19:00:00+00:00,119582.16,119874.33,118821.77,118951.98,195403084.26
2025-07-17 20:00:00+00:00,118951.98,119436.09,118394.25,119432.06,244110385.27
2025-07-17 21:00:00+00:00,119432.06,120959.86,119431.89,120265.26,557242516.68
2025-07-17 22:00:00+00:00,120265.26,120691.9,119486.15,119769.37,237891941.7
2025-07-17 23:00:00+00:00,119769.37,119878.56,119167.17,119178.66,229789806.54
2025-07-18 00:00:00+00:00,119178.66,119787.78,119020.62,119744.68,202021799.47
2025-07-18 01:00:00+00:00,119744.68,120774.54,119645.41,120340.05,368551246.5
2025-07-18 02:00:00+00:00,120340.05,120395.93,119871.46,120092.31,204057637.52
2025-07-18 03:00:00+00:00,120092.31,120480.02,119950.76,120222.07,156963740.22
2025-07-18 04:00:00+00:00,120222.07,120486.4,119750.18,120407.06,165243796.36
2025-07-18 05:00:00+00:00,120407.06,120630.78,120212.29,120581.92,247765077.94
2025-07-18 06:00:00+00:00,120581.92,120818.87,120080.32,120244.09,214531112.41
2025-07-18 07:00:00+00:00,120244.09,120381.59,119297.91,119350.71,387784288.15
2025-07-18 08:00:00+00:00,119350.71,119469.77,118396.56,118639.95,387249522.11
2025-07-18 09:00:00+00:00,118639.95,118976.43,118448.76,118880.17,230440374.6
2025-07-18 10:00:00+00:00,118880.17,119259.62,118509.78,119246.71,208311983.26
2025-07-18 11:00:00+00:00,119246.71,119282.64,118777.27,119170.22,138891694.44
2025-07-18 12:00:00+00:00,119170.22,119517.58,119141.19,119437.06,165054828.95
2025-07-18 13:00:00+00:00,119437.06,119437.29,118490.08,118773.69,370137601.1
2025-07-18 14:00:00+00:00,118773.69,119243.73,117312.82,118135.65,691454381.64
2025-07-18 15:00:00+00:00,118135.65,118262.21,117472.0,117852.84,363939288.96
2025-07-18 16:00:00+00:00,117852.84,118050.64,117475.43,117551.92,280293223.43
2025-07-18 17:00:00+00:00,117551.92,117993.95,117365.85,117596.05,232742851.36
2025-07-18 18:00:00+00:00,117596.05,117719.96,117248.27,117308.09,191570030.07
2025-07-18 19:00:00+00:00,117308.09,117872.31,117129.95,117369.32,303764363.25
2025-07-18 20:00:00+00:00,117369.32,117543.27,116822.19,117402.52,345606377.36
2025-07-18 21:00:00+00:00,117402.52,117883.77,117366.31,117680.15,153225647.31
2025-07-18 22:00:00+00:00,117680.15,117966.36,117404.04,117691.62,161498666.58
2025-07-18 23:00:00+00:00,117691.62,118021.98,117463.1,117932.03,146159472.57
2025-07-19 00:00:00+00:00,117932.03,118032.33,117716.82,117742.91,97012418.42
2025-07-19 01:00:00+00:00,117742.91,118108.62,117620.56,118039.48,95324993.34
2025-07-19 02:00:00+00:00,118039.48,118295.41,117940.37,118206.26,108463357.86
2025-07-19 03:00:00+00:00,118206.26,118378.58,118128.92,118331.56,119175852.75
2025-07-19 04:00:00+00:00,118331.56,118368.26,118099.29,118137.19,154538744.94
2025-07-19 05:00:00+00:00,118137.19,118290.66,118047.86,118209.08,69427486.19
2025-07-19 06:00:00+00:00,118209.08,118268.96,118070.35,118168.48,56858412.86
2025-07-19 07:00:00+00:00,118168.48,118329.56,118155.75,118169.2,64664860.34
2025-07-19 08:00:00+00:00,118169.2,118270.93,117946.04,118103.29,103398179.13
2025-07-19 09:00:00+00:00,118103.29,118327.47,118074.03,118240.23,67457135.26
2025-07-19 10:00:00+00:00,118240.23,118478.0,118182.06,118441.72,82142754.5
2025-07-19 11:00:00+00:00,118441.72,118492.4,118172.75,118328.79,76296952.7
2025-07-19 12:00:00+00:00,118328.79,118332.11,118102.15,118241.8,90022531.35
2025-07-19 13:00:00+00:00,118241.8,118317.67,118086.31,118196.8,70754757.72
2025-07-19 14:00:00+00:00,118196.8,118229.07,117636.24,117674.62,193794035.63
2025-07-19 15:00:00+00:00,117674.62,118240.43,117661.09,118061.72,92716598.42
2025-07-19 16:00:00+00:00,118061.72,118159.77,117851.52,117973.92,91489962.01
2025-07-19 17:00:00+00:00,117973.92,117986.26,117741.43,117810.66,66566837.83
2025-07-19 18:00:00+00:00,117810.66,118028.96,117759.37,117859.36,50989472.43
2025-07-19 19:00:00+00:00,117859.36,118141.27,117601.35,118008.91,86222701.54
2025-07-19 20:00:00+00:00,118008.91,118145.67,117705.1,117719.14,66027024.86
2025-07-19 21:00:00+00:00,117719.14,117838.78,117280.17,117703.06,165272833.23
2025-07-19 22:00:00+00:00,117703.06,117848.79,117528.9,117789.9,71891757.05
2025-07-19 23:00:00+00:00,117789.9,117932.63,117737.83,117839.64,46561833.12
2025-07-20 00:00:00+00:00,117839.64,117995.38,117648.33,117942.1,62201012.51
2025-07-20 01:00:00+00:00,117942.1,118132.86,117895.72,117942.14,95583962.58
2025-07-20 02:00:00+00:00,117942.14,118009.75,117770.12,117980.5,80610181.47
2025-07-20 03:00:00+00:00,117980.5,118161.99,117722.33,117961.14,131915120.45
2025-07-20 04:00:00+00:00,117961.14,118126.33,117894.75,117955.25,58309395.51
2025-07-20 05:00:00+00:00,117955.25,117980.51,117799.4,117848.36,58216129.66
2025-07-20 06:00:00+00:00,117848.36,117888.19,117766.28,117826.94,39565385.92
2025-07-20 07:00:00+00:00,117826.94,118216.89,117826.7,118025.7,86025565.14
2025-07-20 08:00:00+00:00,118025.7,118255.74,118025.56,118159.58,156538440.69
2025-07-20 09:00:00+00:00,118159.58,118280.23,117891.64,117918.12,138220548.65
2025-07-20 10:00:00+00:00,117918.12,117998.85,117880.68,117893.49,90093464.1
2025-07-20 11:00:00+00:00,117893.49,118082.36,117822.72,117882.57,100993595.18
2025-07-20 12:00:00+00:00,117882.57,118171.75,117726.2,118081.41,284656676.46
2025-07-20 13:00:00+00:00,118081.41,118411.07,118080.95,118405.75,146082025.68
2025-07-20 14:00:00+00:00,118405.75,118794.33,118280.74,118461.73,257045620.0
2025-07-20 15:00:00+00:00,118461.73,118771.38,118351.11,118676.6,135140573.25
2025-07-20 16:00:00+00:00,118676.6,118858.82,118460.66,118559.0,183427092.6
2025-07-20 17:00:00+00:00,118559.0,118559.01,117956.04,118016.86,191296261.74
2025-07-20 18:00:00+00:00,118016.86,118443.65,118016.85,118359.68,145881178.07
2025-07-20 19:00:00+00:00,118359.68,118563.94,118158.72,118158.72,71385432.48
2025-07-20 20:00:00+00:00,118158.72,118270.96,117857.45,118094.87,186749232.5
2025-07-20 21:00:00+00:00,118094.87,118160.04,117840.17,118003.2,108636261.63
2025-07-20 22:00:00+00:00,118003.2,118043.15,116475.28,117483.76,572320775.61
2025-07-20 23:00:00+00:00,117483.76,117559.01,116959.18,117266.62,181698279.03
2025-07-21 00:00:00+00:00,117266.62,117357.74,116517.72,117355.28,288557157.91
2025-07-21 01:00:00+00:00,117355.28,117441.15,116783.33,117305.61,199466327.74
2025-07-21 02:00:00+00:00,117305.61,118185.47,117305.6,118183.81,241746848.72
2025-07-21 03:00:00+00:00,118183.81,118613.63,118140.46,118402.2,213790609.18
2025-07-21 04:00:00+00:00,118402.2,118639.15,118280.48,118334.81,149065559.86
2025-07-21 05:00:00+00:00,118334.81,118427.43,118184.73,118425.97,112427306.76
2025-07-21 06:00:00+00:00,118425.97,119238.38,118284.44,119175.55,315193358.26
2025-07-21 07:00:00+00:00,119175.55,119653.73,119163.81,119362.82,215118865.83
2025-07-21 08:00:00+00:00,119362.82,119500.09,118854.84,119015.4,213839164.32
2025-07-21 09:00:00+00:00,119015.4,119091.6,118536.98,118689.98,128003294.8
2025-07-21 10:00:00+00:00,118689.98,118809.69,118342.4,118573.81,173998610.52
2025-07-21 11:00:00+00:00,118573.81,118791.76,118069.42,118070.92,186222853.86
2025-07-21 12:00:00+00:00,118070.92,118585.42,117773.97,118173.05,265239957.29
2025-07-21 13:00:00+00:00,118173.05,119104.78,117887.38,118839.92,398765339.93
2025-07-21 14:00:00+00:00,118839.92,119230.58,118430.34,118826.08,368457085.17
2025-07-21 15:00:00+00:00,118826.08,119117.98,118274.53,118316.07,296483697.32
2025-07-21 16:00:00+00:00,118316.07,118395.66,117496.15,117737.31,459768462.02
2025-07-21 17:00:00+00:00,117737.31,118094.17,117326.33,117845.02,319354901.61
2025-07-21 18:00:00+00:00,117845.02,118171.24,117088.26,117154.62,308080457.01
2025-07-21 19:00:00+00:00,117154.62,117518.93,116660.08,116761.49,406075618.94
2025-07-21 20:00:00+00:00,116761.49,117255.98,116653.25,116941.28,290756828.0
2025-07-21 21:00:00+00:00,116941.28,117371.69,116880.9,117218.18,168176552.23
2025-07-21 22:00:00+00:00,117218.18,117634.36,117115.81,117354.32,112907392.5
2025-07-21 23:00:00+00:00,117354.32,117509.41,117110.58,117382.34,129768782.31
2025-07-22 00:00:00+00:00,117382.34,117518.73,117024.14,117122.83,174738164.87
2025-07-22 01:00:00+00:00,117122.83,117942.64,116124.66,117750.71,545293910.19
2025-07-22 02:00:00+00:00,117750.71,117807.42,116968.21,117030.6,214938739.8
2025-07-22 03:00:00+00:00,117030.6,117265.86,116694.86,117212.85,237261300.02
2025-07-22 04:00:00+00:00,117212.85,117360.07,116559.11,116561.44,299699414.29
2025-07-22 05:00:00+00:00,116561.44,117351.35,116556.8,117324.53,270075959.64
2025-07-22 06:00:00+00:00,117324.53,117840.84,117270.78,117840.37,202891415.28
2025-07-22 07:00:00+00:00,117840.37,118580.63,117776.28,117984.2,404487495.65
2025-07-22 08:00:00+00:00,117984.2,118342.81,117485.74,118288.26,247340625.91
2025-07-22 09:00:00+00:00,118288.26,118648.89,117872.38,118394.32,230254370.61
2025-07-22 10:00:00+00:00,118394.32,118952.34,118301.29,118952.34,189882510.97
2025-07-22 11:00:00+00:00,118952.34,119185.04,118777.87,119146.53,314077270.84
2025-07-22 12:00:00+00:00,119146.53,119408.91,119035.79,119281.77,231150461.14
2025-07-22 13:00:00+00:00,119281.77,119579.7,118033.29,118148.86,575440035.77
2025-07-22 14:00:00+00:00,118148.86,119121.14,117553.18,119060.62,445523175.54
2025-07-22 15:00:00+00:00,119060.62,119181.28,118695.28,118909.62,246548627.28
2025-07-22 16:00:00+00:00,118909.62,119365.56,118620.37,118679.17,258774950.29
2025-07-22 17:00:00+00:00,118679.17,119216.21,118386.36,119203.85,223814458.73
2025-07-22 18:00:00+00:00,119203.85,120197.18,119062.74,119742.56,453763210.83
2025-07-22 19:00:00+00:00,119742.56,119918.99,119099.44,119281.6,246824234.66
2025-07-22 20:00:00+00:00,119281.6,119899.6,119202.95,119700.26,227433150.44
2025-07-22 21:00:00+00:00,119700.26,119767.74,119399.04,119399.04,98990318.54
2025-07-22 22:00:00+00:00,119399.04,120024.76,119393.71,119838.98,160458938.91
2025-07-22 23:00:00+00:00,119838.98,120242.23,119826.07,119954.35,155265701.23
2025-07-23 00:00:00+00:00,119954.35,120091.32,119501.45,119550.89,128912260.81
2025-07-23 01:00:00+00:00,119550.89,119675.35,119390.22,119490.35,128548454.61
2025-07-23 02:00:00+00:00,119490.35,119528.69,118982.94,119092.5,329522735.5
2025-07-23 03:00:00+00:00,119092.5,119116.03,118525.33,118612.72,142898157.16
2025-07-23 04:00:00+00:00,118612.72,118996.69,118574.29,118995.64,177720070.8
2025-07-23 05:00:00+00:00,118995.64,119011.94,118619.04,118648.41,143871641.0
2025-07-23 06:00:00+00:00,118648.41,118718.67,118372.29,118421.92,136623051.4
2025-07-23 07:00:00+00:00,118421.92,118592.31,118290.6,118353.28,123149135.72
2025-07-23 08:00:00+00:00,118353.28,118553.84,118221.24,118418.53,130889700.16
2025-07-23 09:00:00+00:00,118418.53,118460.58,117908.51,118037.7,165202918.59
2025-07-23 10:00:00+00:00,118037.7,118381.88,117835.46,118366.15,172184968.44
2025-07-23 11:00:00+00:00,118366.15,118618.23,118157.55,118532.69,103515893.57
2025-07-23 12:00:00+00:00,118532.69,118652.53,117808.45,117982.39,234536981.01
2025-07-23 13:00:00+00:00,117982.39,118203.26,117328.33,117378.4,525398637.43
2025-07-23 14:00:00+00:00,117378.4,118207.21,117310.46,118207.21,354812743.2
2025-07-23 15:00:00+00:00,118207.21,118715.83,117821.96,118568.93,243308326.22
2025-07-23 16:00:00+00:00,118568.93,118568.96,117555.88,117715.87,342018320.45
2025-07-23 17:00:00+00:00,117715.87,118141.53,117330.47,118130.4,317234974.43
2025-07-23 18:00:00+00:00,118130.4,118393.17,117997.56,118385.43,197665333.1
2025-07-23 19:00:00+00:00,118385.43,118472.93,118227.21,118391.91,143340752.56
2025-07-23 20:00:00+00:00,118391.91,118496.48,117567.92,117900.9,267818207.3
2025-07-23 21:00:00+00:00,117900.9,118184.79,117390.49,118184.65,206069964.28
2025-07-23 22:00:00+00:00,118184.65,118633.11,117942.48,118570.95,173075230.92
2025-07-23 23:00:00+00:00,118570.95,118757.33,118417.6,118754.33,143209204.02
2025-07-24 00:00:00+00:00,118754.33,119125.91,118570.03,119053.79,186346593.75
2025-07-24 01:00:00+00:00,119053.79,119096.55,118786.08,119085.83,95623364.13
2025-07-24 02:00:00+00:00,119085.83,119088.34,118808.44,118955.54,94355557.06
2025-07-24 03:00:00+00:00,118955.54,119263.53,118469.39,118494.55,192690026.73
2025-07-24 04:00:00+00:00,118494.55,118589.57,117829.81,117945.29,223075487.18
2025-07-24 05:00:00+00:00,117945.29,117961.05,117499.76,117603.22,273386952.66
2025-07-24 06:00:00+00:00,117603.22,117860.33,117386.47,117464.63,253845373.06
2025-07-24 07:00:00+00:00,117464.63,118476.11,117110.42,118406.66,366374263.6
2025-07-24 08:00:00+00:00,118406.66,118798.85,118224.74,118772.9,251398875.3
2025-07-24 09:00:00+00:00,118772.9,118819.42,118304.8,118501.16,207551950.78
2025-07-24 10:00:00+00:00,118501.16,118645.5,117961.36,118382.39,184418153.52
2025-07-24 11:00:00+00:00,118382.39,118740.43,118311.51,118598.82,164656870.01
2025-07-24 12:00:00+00:00,118598.82,118728.81,118283.28,118526.63,241892901.17
2025-07-24 13:00:00+00:00,118526.63,118722.34,118213.47,118226.65,264483073.45
2025-07-24 14:00:00+00:00,118226.65,119120.14,117833.29,119058.49,447656960.39
2025-07-24 15:00:00+00:00,119058.49,119469.08,118614.84,119095.96,493204911.74
2025-07-24 16:00:00+00:00,119095.96,119196.83,118353.41,118532.17,293191151.4
2025-07-24 17:00:00+00:00,118532.17,119313.41,118484.74,119126.7,153569657.01
2025-07-24 18:00:00+00:00,119126.7,119403.86,118966.64,119044.23,159905108.6
2025-07-24 19:00:00+00:00,119044.23,119352.91,118904.06,118948.57,150768618.99
2025-07-24 20:00:00+00:00,118948.57,118991.65,118719.17,118724.98,99205679.47
2025-07-24 21:00:00+00:00,118724.98,118791.39,118489.61,118530.6,94821353.58
2025-07-24 22:00:00+00:00,118530.6,118627.75,118189.78,118282.68,134297138.03
2025-07-24 23:00:00+00:00,118282.68,118457.24,118174.2,118339.83,154162430.4
2025-07-25 00:00:00+00:00,118339.83,118451.63,117658.79,117667.72,325085327.82
2025-07-25 01:00:00+00:00,117667.72,117797.95,117224.3,117362.1,668244647.68
2025-07-25 02:00:00+00:00,117362.1,117386.14,116356.21,116356.44,815469234.71
2025-07-25 03:00:00+00:00,116356.44,116420.46,115334.27,115416.79,1134277725.84
2025-07-25 04:00:00+00:00,115416.79,116132.22,115100.69,116093.04,750050463.23
2025-07-25 05:00:00+00:00,116093.04,116093.04,115254.82,115511.73,503973056.42
2025-07-25 06:00:00+00:00,115511.73,115516.2,115197.12,115288.37,402889793.7
2025-07-25 07:00:00+00:00,115288.37,115953.94,114727.11,115322.9,702070043.04
2025-07-25 08:00:00+00:00,115322.9,115976.46,115014.87,115191.94,1005706934.39
2025-07-25 09:00:00+00:00,115191.94,116032.89,115008.67,116027.17,406904663.3
2025-07-25 10:00:00+00:00,116027.17,116494.04,115988.09,116302.45,270297940.05
2025-07-25 11:00:00+00:00,116302.45,116780.63,116302.4,116537.46,259486615.22
2025-07-25 12:00:00+00:00,116537.46,116652.32,115955.94,116106.92,437140423.66
2025-07-25 13:00:00+00:00,116106.92,116604.98,115567.81,116218.86,475580784.52
2025-07-25 14:00:00+00:00,116218.86,116287.42,114915.38,114957.53,592788903.71
2025-07-25 15:00:00+00:00,114957.53,115843.57,114917.67,115721.19,386100744.49
2025-07-25 16:00:00+00:00,115721.19,116200.58,115449.52,116178.74,268132503.11
2025-07-25 17:00:00+00:00,116178.74,116345.77,115866.32,116039.74,215178187.34
2025-07-25 18:00:00+00:00,116039.74,116574.98,116039.72,116493.64,161178806.56
2025-07-25 19:00:00+00:00,116493.64,117005.78,116411.21,116689.59,240301374.56
2025-07-25 20:00:00+00:00,116689.59,117309.77,116575.03,117047.44,219549644.03
2025-07-25 21:00:00+00:00,117047.44,117388.26,116953.67,117213.42,128686019.7
2025-07-25 22:00:00+00:00,117213.42,117352.44,117110.35,117281.77,70881872.55
2025-07-25 23:00:00+00:00,117281.77,117637.2,117182.67,117613.46,108850324.36
2025-07-26 00:00:00+00:00,117613.46,117613.48,117332.91,117496.18,113615359.79
2025-07-26 01:00:00+00:00,117496.18,117554.86,117138.11,117155.63,76415516.35
2025-07-26 02:00:00+00:00,117155.63,117747.34,117155.63,117471.78,116799406.78
2025-07-26 03:00:00+00:00,117471.78,117607.41,117460.99,117488.84,71347313.16
2025-07-26 04:00:00+00:00,117488.84,117548.32,117400.86,117497.27,52553787.51
2025-07-26 05:00:00+00:00,117497.27,117545.49,117420.61,117446.91,41296870.36
2025-07-26 06:00:00+00:00,117446.91,117460.8,117314.96,117344.08,62777797.26
2025-07-26 07:00:00+00:00,117344.08,117391.99,117306.25,117309.93,117813123.56
2025-07-26 08:00:00+00:00,117309.93,117615.88,117309.36,117558.33,92668530.71
2025-07-26 09:00:00+00:00,117558.33,117621.06,117454.63,117572.88,60509146.95
2025-07-26 10:00:00+00:00,117572.88,118212.53,117537.39,117972.31,204703075.9
2025-07-26 11:00:00+00:00,117972.31,118070.98,117775.5,117775.51,81462988.43
2025-07-26 12:00:00+00:00,117775.51,117990.66,117764.21,117909.39,57375020.88
2025-07-26 13:00:00+00:00,117909.39,118223.46,117849.57,118123.49,114711882.14
2025-07-26 14:00:00+00:00,118123.49,118210.88,117949.75,118059.02,110030319.63
2025-07-26 15:00:00+00:00,118059.02,118144.83,117818.79,118125.67,100380242.6
2025-07-26 16:00:00+00:00,118125.67,118195.14,118005.18,118074.1,86860247.02
2025-07-26 17:00:00+00:00,118074.1,118091.66,117982.38,118028.41,39551907.5
2025-07-26 18:00:00+00:00,118028.41,118099.22,117934.34,118086.19,54457653.77
2025-07-26 19:00:00+00:00,118086.19,118291.72,118035.08,118226.32,72770632.17
2025-07-26 20:00:00+00:00,118226.32,118226.36,117880.01,117947.25,65039974.76
2025-07-26 21:00:00+00:00,117947.25,118071.85,117883.6,118026.66,43214786.28
2025-07-26 22:00:00+00:00,118026.66,118268.44,117972.94,118001.09,132045321.56
2025-07-26 23:00:00+00:00,118001.09,118042.98,117887.6,117915.27,92612598.46
2025-07-27 00:00:00+00:00,117915.27,117960.61,117824.67,117945.94,96761935.62
2025-07-27 01:00:00+00:00,117945.94,118199.98,117914.99,118096.55,132796774.41
2025-07-27 02:00:00+00:00,118096.55,118348.4,118016.55,118314.6,157661875.96
2025-07-27 03:00:00+00:00,118314.6,118318.9,118080.51,118184.06,113122284.13
2025-07-27 04:00:00+00:00,118184.06,118266.39,118146.79,118214.7,44426320.59
2025-07-27 05:00:00+00:00,118214.7,118303.85,118160.91,118280.07,62457182.17
2025-07-27 06:00:00+00:00,118280.07,118447.26,118199.31,118271.03,97016558.97
2025-07-27 07:00:00+00:00,118271.03,118271.22,118073.78,118105.98,46897811.17
2025-07-27 08:00:00+00:00,118105.98,118136.51,117947.45,117947.95,54268331.89
2025-07-27 09:00:00+00:00,117947.95,118003.56,117856.8,117942.96,64456484.22
2025-07-27 10:00:00+00:00,117942.96,118290.94,117942.48,118188.67,90935746.03
2025-07-27 11:00:00+00:00,118188.67,118255.78,118052.14,118070.75,60604103.52
2025-07-27 12:00:00+00:00,118070.75,118113.73,117888.45,118104.91,86658967.2
2025-07-27 13:00:00+00:00,118104.91,118221.96,118086.24,118204.61,69434026.93
2025-07-27 14:00:00+00:00,118204.61,118497.2,118152.92,118422.09,152295278.09
2025-07-27 15:00:00+00:00,118422.09,118587.96,118248.23,118585.53,177835247.53
2025-07-27 16:00:00+00:00,118585.53,119539.35,118585.52,119090.88,627266631.47
2025-07-27 17:00:00+00:00,119090.88,119334.96,118852.23,119198.42,218661037.35
2025-07-27 18:00:00+00:00,119198.42,119377.93,118942.39,119023.79,134467201.1
2025-07-27 19:00:00+00:00,119023.79,119075.77,118893.1,118958.46,50624675.96
2025-07-27 20:00:00+00:00,118958.46,119174.17,118723.87,118750.64,86931391.36
2025-07-27 21:00:00+00:00,118750.64,119270.01,118727.26,119265.95,77948830.89
2025-07-27 22:00:00+00:00,119265.95,119769.66,119235.51,119502.0,221865431.1
2025-07-27 23:00:00+00:00,119502.0,119538.12,119144.09,119422.54,127911962.15
2025-07-28 00:00:00+00:00,119422.54,119691.75,119131.33,119247.28,164439688.97
2025-07-28 01:00:00+00:00,119247.28,119482.72,118957.8,119037.58,156504712.67
2025-07-28 02:00:00+00:00,119037.58,119801.36,119019.63,119432.93,200041525.8
2025-07-28 03:00:00+00:00,119432.93,119521.74,119231.6,119282.38,91912454.22
2025-07-28 04:00:00+00:00,119282.38,119415.73,119129.03,119212.74,102590977.94
2025-07-28 05:00:00+00:00,119212.74,119688.84,119138.51,119523.75,175675796.9
2025-07-28 06:00:00+00:00,119523.75,119602.34,119440.41,119453.15,130865235.17
2025-07-28 07:00:00+00:00,119453.15,119453.72,118767.35,118891.04,222955565.08
2025-07-28 08:00:00+00:00,118891.04,119098.68,118775.21,119066.94,146623885.13
2025-07-28 09:00:00+00:00,119066.94,119066.94,118706.14,118932.32,107953202.65
2025-07-28 10:00:00+00:00,118932.32,118961.16,118628.0,118766.92,102812846.34
2025-07-28 11:00:00+00:00,118766.92,118869.46,118487.34,118825.89,157640674.18
2025-07-28 12:00:00+00:00,118825.89,119092.68,118784.23,118843.89,221419971.33
2025-07-28 13:00:00+00:00,118843.89,119080.39,118242.27,118435.86,362934631.47
2025-07-28 14:00:00+00:00,118435.86,118684.99,117913.84,117986.94,397713666.27
2025-07-28 15:00:00+00:00,117986.94,118502.11,117911.57,118174.06,214734628.92
2025-07-28 16:00:00+00:00,118174.06,118374.79,118005.53,118021.43,156737830.8
2025-07-28 17:00:00+00:00,118021.43,118106.42,117648.12,117666.64,258442512.27
2025-07-28 18:00:00+00:00,117666.64,117854.33,117424.57,117777.97,228765289.66
2025-07-28 19:00:00+00:00,117777.97,118234.76,117546.5,118070.51,226286891.72
2025-07-28 20:00:00+00:00,118070.51,118154.01,117498.31,118047.14,317960154.92
2025-07-28 21:00:00+00:00,118047.14,118341.4,117952.81,118110.05,329969411.83
2025-07-28 22:00:00+00:00,118110.05,118264.3,117767.02,117859.27,177277964.74
2025-07-28 23:00:00+00:00,117859.27,118173.31,117820.76,118065.34,105725624.28
2025-07-29 00:00:00+00:00,118065.34,118431.23,117547.46,117978.69,234746404.12
2025-07-29 01:00:00+00:00,117978.69,118248.69,117780.93,117780.95,101114206.14
2025-07-29 02:00:00+00:00,117780.95,118103.55,117460.11,118093.7,180011550.93
2025-07-29 03:00:00+00:00,118093.7,118798.22,118093.7,118759.27,229690499.81
2025-07-29 04:00:00+00:00,118759.27,118797.88,118419.96,118531.04,127938563.2
2025-07-29 05:00:00+00:00,118531.04,118854.58,118526.65,118803.47,107216767.53
2025-07-29 06:00:00+00:00,118803.47,119066.63,118738.52,118765.06,196434293.4
2025-07-29 07:00:00+00:00,118765.06,119273.18,118757.52,118887.66,231000759.11
2025-07-29 08:00:00+00:00,118887.66,119049.86,118762.52,118922.34,100803384.68
2025-07-29 09:00:00+00:00,118922.34,118986.39,118762.3,118785.36,105568775.98
2025-07-29 10:00:00+00:00,118785.36,118828.73,118306.52,118322.57,188036250.37
2025-07-29 11:00:00+00:00,118322.57,118599.14,118170.14,118599.04,161469426.81
2025-07-29 12:00:00+00:00,118599.04,119079.96,118460.46,118905.83,218178429.44
2025-07-29 13:00:00+00:00,118905.83,119028.34,118537.97,118621.38,254833663.98
2025-07-29 14:00:00+00:00,118621.38,118634.7,117709.08,117821.85,389445980.77
2025-07-29 15:00:00+00:00,117821.85,117955.16,117278.68,117392.5,392388396.53
2025-07-29 16:00:00+00:00,117392.5,117749.16,116971.92,117735.84,355661955.03
2025-07-29 17:00:00+00:00,117735.84,118052.84,117641.0,117774.94,172644813.71
2025-07-29 18:00:00+00:00,117774.94,117824.83,117487.75,117607.02,119708122.34
2025-07-29 19:00:00+00:00,117607.02,117996.4,117415.61,117527.31,199896273.55
2025-07-29 20:00:00+00:00,117527.31,117865.65,117096.96,117496.21,288936440.83
2025-07-29 21:00:00+00:00,117496.21,117695.05,117185.76,117600.8,130970457.74
2025-07-29 22:00:00+00:00,117600.8,117857.45,117453.28,117842.54,80163374.75
2025-07-29 23:00:00+00:00,117842.54,117991.71,117726.43,117946.07,63877012.97
2025-07-30 00:00:00+00:00,117946.07,117994.39,117538.39,117744.75,97278499.31
2025-07-30 01:00:00+00:00,117744.75,118010.49,117415.59,117860.83,96042065.05
2025-07-30 02:00:00+00:00,117860.83,118123.28,117793.86,118025.63,119447732.21
2025-07-30 03:00:00+00:00,118025.63,118254.03,117910.7,118160.73,121864068.06
2025-07-30 04:00:00+00:00,118160.73,118273.28,117967.83,117999.3,77522729.51
2025-07-30 05:00:00+00:00,117999.3,118081.62,117680.56,117992.0,75069992.84
2025-07-30 06:00:00+00:00,117992.0,118327.38,117991.9,118284.37,96026060.58
2025-07-30 07:00:00+00:00,118284.37,118411.9,118120.26,118127.62,89473902.79
2025-07-30 08:00:00+00:00,118127.62,118479.52,117955.05,118372.71,131934677.34
2025-07-30 09:00:00+00:00,118372.71,118422.86,117987.24,118161.53,109650817.01
2025-07-30 10:00:00+00:00,118161.53,118438.75,117948.28,118013.13,176940337.81
2025-07-30 11:00:00+00:00,118013.13,118183.18,117365.76,117576.85,209775069.4
2025-07-30 12:00:00+00:00,117576.85,117909.67,117355.21,117739.05,290904066.95
2025-07-30 13:00:00+00:00,117739.05,117861.11,117426.66,117678.93,401348435.4
2025-07-30 14:00:00+00:00,117678.93,118723.94,117616.42,118714.41,373834754.6
2025-07-30 15:00:00+00:00,118714.41,118784.91,117844.8,117998.8,323589204.57
2025-07-30 16:00:00+00:00,117998.8,118019.97,117635.17,117733.47,206988748.48
2025-07-30 17:00:00+00:00,117733.47,117945.39,117648.77,117798.18,148170624.17
2025-07-30 18:00:00+00:00,117798.18,118022.47,116503.79,116521.55,609617438.32
2025-07-30 19:00:00+00:00,116521.55,117116.58,115820.88,116926.76,921890992.75
2025-07-30 20:00:00+00:00,116926.76,117325.0,116878.22,117179.72,235887801.45
2025-07-30 21:00:00+00:00,117179.72,117336.11,116955.7,117327.57,80197012.5
2025-07-30 22:00:00+00:00,117327.57,117497.14,117252.13,117485.52,131202798.55
2025-07-30 23:00:00+00:00,117485.52,117911.55,117459.77,117834.55,107690556.02
2025-07-31 00:00:00+00:00,117834.55,118534.69,117784.23,118410.97,243554980.44
2025-07-31 01:00:00+00:00,118410.97,118460.42,117993.04,118053.05,153120716.87
2025-07-31 02:00:00+00:00,118053.05,118501.17,117974.09,118444.14,159641817.35
2025-07-31 03:00:00+00:00,118444.14,118597.8,118380.39,118463.6,156682867.72
2025-07-31 04:00:00+00:00,118463.6,118554.82,118360.22,118510.99,109681548.63
2025-07-31 05:00:00+00:00,118510.99,118541.18,118331.96,118357.77,77353875.59
2025-07-31 06:00:00+00:00,118357.77,118730.43,118287.1,118692.35,134682286.27
2025-07-31 07:00:00+00:00,118692.35,118918.82,118602.72,118668.59,174094483.78
2025-07-31 08:00:00+00:00,118668.59,118764.2,118566.05,118590.73,82758599.59
2025-07-31 09:00:00+00:00,118590.73,118618.24,118466.19,118602.85,79442035.58
2025-07-31 10:00:00+00:00,118602.85,118707.02,118433.82,118511.96,95680093.33
2025-07-31 11:00:00+00:00,118511.96,118561.66,118288.65,118367.61,115040773.38
2025-07-31 12:00:00+00:00,118367.61,118644.31,118293.43,118623.05,150210656.49
2025-07-31 13:00:00+00:00,118623.05,118696.8,117820.13,118565.07,343991871.9
2025-07-31 14:00:00+00:00,118565.07,118656.75,117903.07,117915.57,356400333.25
2025-07-31 15:00:00+00:00,117915.57,118352.97,117903.98,118308.26,298309001.45
2025-07-31 16:00:00+00:00,118308.26,118879.81,118239.11,118532.52,268575067.85
2025-07-31 17:00:00+00:00,118532.52,118554.14,117711.79,117734.95,321051600.61
2025-07-31 18:00:00+00:00,117734.95,117988.64,117398.6,117659.16,287988413.9
2025-07-31 19:00:00+00:00,117659.16,117761.04,116756.64,116784.87,420052974.65
2025-07-31 20:00:00+00:00,116784.87,116981.03,116450.45,116516.42,324021524.35
2025-07-31 21:00:00+00:00,116516.42,116902.84,116237.93,116535.45,242016683.4
2025-07-31 22:00:00+00:00,116535.45,116536.1,116012.66,116012.94,263096647.46
2025-07-31 23:00:00+00:00,116012.94,116359.14,115495.82,115757.69,428672597.73
2025-08-01 00:00:00+00:00,115757.69,115928.64,114319.53,115423.37,829466631.77
2025-08-01 01:00:00+00:00,115423.37,115605.27,114595.14,115329.42,660935096.96
2025-08-01 02:00:00+00:00,115329.42,116014.75,115221.62,115962.18,227946860.14
2025-08-01 03:00:00+00:00,115962.18,116056.25,115612.03,115647.28,158899057.75
2025-08-01 04:00:00+00:00,115647.28,115694.75,115270.58,115692.03,171980285.01
2025-08-01 05:00:00+00:00,115692.03,115912.58,115385.78,115566.2,159937122.49
2025-08-01 06:00:00+00:00,115566.2,115655.94,115071.41,115155.16,191913756.1
2025-08-01 07:00:00+00:00,115155.16,115296.26,114635.35,115076.62,388575935.82
2025-08-01 08:00:00+00:00,115076.62,115076.62,114130.44,114621.52,411852528.79
2025-08-01 09:00:00+00:00,114621.52,115336.98,114569.39,114942.82,253388806.08
2025-08-01 10:00:00+00:00,114942.82,115203.65,114705.3,114755.13,180701667.82
2025-08-01 11:00:00+00:00,114755.13,115332.68,114604.44,115300.78,155353440.58
2025-08-01 12:00:00+00:00,115300.78,115894.48,115211.02,115732.93,419199061.7
2025-08-01 13:00:00+00:00,115732.93,116005.36,114179.51,114347.65,720607800.63
2025-08-01 14:00:00+00:00,114347.65,115825.95,113992.64,115616.14,662529474.26
2025-08-01 15:00:00+00:00,115616.14,115637.86,114681.61,115358.24,370037242.86
2025-08-01 16:00:00+00:00,115358.24,115698.72,114824.56,115007.57,252613771.01
2025-08-01 17:00:00+00:00,115007.57,115082.52,114346.62,114422.09,381594038.58
2025-08-01 18:00:00+00:00,114422.09,114492.56,113681.03,113840.38,507312796.37
2025-08-01 19:00:00+00:00,113840.38,113920.61,113220.1,113321.19,476127028.19
2025-08-01 20:00:00+00:00,113321.19,113978.54,113166.26,113951.33,307654911.41
2025-08-01 21:00:00+00:00,113951.33,114092.49,113713.53,113894.09,138984872.13
2025-08-01 22:00:00+00:00,113894.09,114010.62,112732.28,113144.4,498143684.49
2025-08-01 23:00:00+00:00,113144.4,113557.42,112921.46,113306.67,189396092.26
2025-08-02 00:00:00+00:00,113306.67,113843.81,113208.89,113820.02,210645253.84
2025-08-02 01:00:00+00:00,113820.02,113912.7,113441.35,113672.16,114304975.99
2025-08-02 02:00:00+00:00,113672.16,113765.73,113544.19,113706.67,79691880.5
2025-08-02 03:00:00+00:00,113706.67,113913.41,113706.67,113913.39,81483927.43
2025-08-02 04:00:00+00:00,113913.39,114058.14,113832.45,114031.54,74872634.56
2025-08-02 05:00:00+00:00,114031.54,114056.75,113862.35,113988.66,87107609.27
2025-08-02 06:00:00+00:00,113988.66,113992.8,113475.0,113708.11,188311285.5
2025-08-02 07:00:00+00:00,113708.11,114024.17,113568.32,113991.44,123118074.92
2025-08-02 08:00:00+00:00,113991.44,114043.77,113685.46,113689.98,95616633.48
2025-08-02 09:00:00+00:00,113689.98,113850.57,113579.11,113692.26,75377842.5
2025-08-02 10:00:00+00:00,113692.26,113707.16,113446.54,113562.37,105749185.0
2025-08-02 11:00:00+00:00,113562.37,113914.91,113460.7,113790.89,100970228.47
2025-08-02 12:00:00+00:00,113790.89,113792.64,113575.34,113632.66,95185156.66
2025-08-02 13:00:00+00:00,113632.66,113640.18,113239.07,113466.11,161104408.0
2025-08-02 14:00:00+00:00,113466.11,113536.03,112956.93,113116.23,237334063.95
2025-08-02 15:00:00+00:00,113116.23,113428.02,112829.93,112845.72,165052577.48
2025-08-02 16:00:00+00:00,112845.72,113258.14,112725.16,113200.81,206707835.55
2025-08-02 17:00:00+00:00,113200.81,113422.64,112599.57,112725.94,171199070.29
2025-08-02 18:00:00+00:00,112725.94,112915.02,112122.63,112326.67,396519921.1
2025-08-02 19:00:00+00:00,112326.67,112943.38,112017.08,112236.4,339636223.2
2025-08-02 20:00:00+00:00,112236.4,112778.54,112080.68,112778.52,186186278.92
2025-08-02 21:00:00+00:00,112778.52,113060.86,112571.43,112866.89,129476466.92
2025-08-02 22:00:00+00:00,112866.89,113015.23,112559.1,112865.92,85769804.76
2025-08-02 23:00:00+00:00,112865.92,112871.59,112289.63,112555.0,193304964.11
2025-08-03 00:00:00+00:00,112555.0,112987.69,111952.78,112951.43,314927109.27
2025-08-03 01:00:00+00:00,112951.43,113260.2,112850.73,113112.62,162397833.01
2025-08-03 02:00:00+00:00,113112.62,113517.56,113104.93,113516.04,125993503.72
2025-08-03 03:00:00+00:00,113516.04,113739.02,113431.44,113611.04,107953637.63
2025-08-03 04:00:00+00:00,113611.04,113611.14,113346.12,113472.23,74379338.04
2025-08-03 05:00:00+00:00,113472.23,113662.86,113414.2,113622.75,63299660.51
2025-08-03 06:00:00+00:00,113622.75,113639.0,113473.87,113556.21,42387472.53
2025-08-03 07:00:00+00:00,113556.21,113723.19,113556.17,113700.96,50719587.24
2025-08-03 08:00:00+00:00,113700.96,113794.81,113557.49,113694.56,76529935.91
2025-08-03 09:00:00+00:00,113694.56,113717.22,113627.48,113657.91,67588896.23
2025-08-03 10:00:00+00:00,113657.91,113897.21,113657.28,113896.2,62141223.09
2025-08-03 11:00:00+00:00,113896.2,114243.71,113863.03,113863.03,159322727.3
2025-08-03 12:00:00+00:00,113863.03,114097.08,113661.33,114010.12,102991954.78
2025-08-03 13:00:00+00:00,114010.12,114089.35,113809.58,113940.49,80630977.72
2025-08-03 14:00:00+00:00,113940.49,114063.3,113591.94,113788.66,126137983.21
2025-08-03 15:00:00+00:00,113788.66,113964.02,113672.32,113953.7,71089736.72
2025-08-03 16:00:00+00:00,113953.7,114022.75,113773.64,113994.56,71714540.31
2025-08-03 17:00:00+00:00,113994.56,114157.46,113963.98,114117.85,61852333.46
2025-08-03 18:00:00+00:00,114117.85,114450.72,114065.39,114380.62,127436711.12
2025-08-03 19:00:00+00:00,114380.62,114779.93,114263.09,114310.5,160764210.63
2025-08-03 20:00:00+00:00,114310.5,114466.03,114168.56,114425.14,74419508.75
2025-08-03 21:00:00+00:00,114425.14,114526.37,114365.78,114438.63,67709505.89
2025-08-03 22:00:00+00:00,114438.63,114609.04,114068.36,114320.95,100370487.88
2025-08-03 23:00:00+00:00,114320.95,114500.71,114175.11,114207.85,104481012.4
2025-08-04 00:00:00+00:00,114207.85,114911.56,114113.32,114899.21,184612612.41
2025-08-04 01:00:00+00:00,114899.21,114992.22,114619.01,114677.29,156572047.85
2025-08-04 02:00:00+00:00,114677.29,114878.19,114419.76,114800.58,115703207.87
2025-08-04 03:00:00+00:00,114800.58,114802.75,114530.74,114576.74,75385694.57
2025-08-04 04:00:00+00:00,114576.74,114649.64,114346.47,114383.55,98994993.43
2025-08-04 05:00:00+00:00,114383.55,114418.71,114189.93,114392.7,90036046.67
2025-08-04 06:00:00+00:00,114392.7,114487.17,114152.16,114424.18,97943110.21
2025-08-04 07:00:00+00:00,114424.18,114783.08,114404.22,114659.16,108057866.65
2025-08-04 08:00:00+00:00,114659.16,114761.69,114366.27,114548.23,142404673.97
2025-08-04 09:00:00+00:00,114548.23,114749.2,114309.61,114326.48,92187014.11
2025-08-04 10:00:00+00:00,114326.48,114499.61,114233.21,114250.62,83913018.02
2025-08-04 11:00:00+00:00,114250.62,114506.3,114217.54,114495.01,77031623.84
2025-08-04 12:00:00+00:00,114495.01,114539.85,114323.58,114449.74,87893197.55
2025-08-04 13:00:00+00:00,114449.74,114921.75,114128.71,114917.15,287335092.53
2025-08-04 14:00:00+00:00,114917.15,115467.23,114659.57,114738.44,476034103.98
2025-08-04 15:00:00+00:00,114738.44,115023.4,114562.17,114825.32,183468788.54
2025-08-04 16:00:00+00:00,114825.32,115407.6,114822.17,115293.29,271875564.5
2025-08-04 17:00:00+00:00,115293.29,115715.23,115141.8,115192.02,232340823.15
2025-08-04 18:00:00+00:00,115192.02,115313.46,114913.29,114957.63,120988915.94
2025-08-04 19:00:00+00:00,114957.63,115133.5,114726.88,114768.25,124440332.56
2025-08-04 20:00:00+00:00,114768.25,115058.74,114631.59,114817.1,145899826.27
2025-08-04 21:00:00+00:00,114817.1,115260.95,114814.06,115115.43,84539147.77
2025-08-04 22:00:00+00:00,115115.43,115329.9,115087.49,115329.6,99037844.48
2025-08-04 23:00:00+00:00,115329.6,115342.93,115057.2,115059.46,76574468.66
2025-08-05 00:00:00+00:00,115059.46,115117.04,114838.51,114886.83,114147563.93
2025-08-05 01:00:00+00:00,114886.83,115046.67,114696.27,114711.49,117189546.5
2025-08-05 02:00:00+00:00,114711.49,114829.8,114621.63,114720.91,80278641.81
2025-08-05 03:00:00+00:00,114720.91,114742.08,114255.24,114255.24,177803551.19
2025-08-05 04:00:00+00:00,114255.24,114423.69,114170.03,114339.83,133138327.41
2025-08-05 05:00:00+00:00,114339.83,114491.81,114246.44,114414.8,83081594.09
2025-08-05 06:00:00+00:00,114414.8,114510.19,114107.17,114182.01,103193990.44
2025-08-05 07:00:00+00:00,114182.01,114401.77,113734.47,113977.15,215377071.33
2025-08-05 08:00:00+00:00,113977.15,114526.58,113930.36,114283.61,150346934.12
2025-08-05 09:00:00+00:00,114283.61,114795.4,114283.39,114692.3,121968898.89
2025-08-05 10:00:00+00:00,114692.3,115090.76,114584.81,114841.89,130956689.1
2025-08-05 11:00:00+00:00,114841.89,114976.97,114749.51,114828.23,66027708.65
2025-08-05 12:00:00+00:00,114828.23,114897.93,113521.61,113942.24,315869339.95
2025-08-05 13:00:00+00:00,113942.24,114578.51,113876.15,114381.02,241880977.37
2025-08-05 14:00:00+00:00,114381.02,114390.39,112666.45,113035.02,695437574.96
2025-08-05 15:00:00+00:00,113035.02,113244.35,112698.54,112928.24,323358996.06
2025-08-05 16:00:00+00:00,112928.24,113366.55,112817.28,113176.53,212354252.92
2025-08-05 17:00:00+00:00,113176.53,113668.06,113100.4,113642.89,188165273.24
2025-08-05 18:00:00+00:00,113642.89,113659.33,113274.13,113644.93,255567155.55
2025-08-05 19:00:00+00:00,113644.93,113764.61,113417.71,113626.16,163141993.99
2025-08-05 20:00:00+00:00,113626.16,113997.56,113498.58,113683.29,103459124.98
2025-08-05 21:00:00+00:00,113683.29,113865.66,113569.22,113602.15,67899311.54
2025-08-05 22:00:00+00:00,113602.15,113987.63,113334.51,113957.48,101023574.46
2025-08-05 23:00:00+00:00,113957.48,114223.12,113922.5,114129.52,78848873.29
2025-08-06 00:00:00+00:00,114129.52,114141.28,113754.93,113882.62,108770742.93
2025-08-06 01:00:00+00:00,113882.62,113941.95,113588.08,113832.14,116809342.37
2025-08-06 02:00:00+00:00,113832.14,113834.83,113500.12,113628.27,83101919.9
2025-08-06 03:00:00+00:00,113628.27,113658.2,113410.18,113519.56,79562239.77
2025-08-06 04:00:00+00:00,113519.56,113586.54,113364.2,113430.4,80738225.86
2025-08-06 05:00:00+00:00,113430.4,114409.22,113391.3,114151.16,193734997.71
2025-08-06 06:00:00+00:00,114151.16,114194.63,113934.72,114085.78,84593594.48
2025-08-06 07:00:00+00:00,114085.78,114298.95,114022.4,114227.77,90015814.82
2025-08-06 08:00:00+00:00,114227.77,114251.4,113729.59,113944.49,137268904.2
2025-08-06 09:00:00+00:00,113944.49,114364.07,113908.43,114092.57,116372107.76
2025-08-06 10:00:00+00:00,114092.57,114220.95,113897.86,114066.44,100875544.78
2025-08-06 11:00:00+00:00,114066.44,114385.49,114005.03,114232.95,79658010.57
2025-08-06 12:00:00+00:00,114232.95,114335.68,113808.7,113917.69,125526586.46
2025-08-06 13:00:00+00:00,113917.69,114385.05,113592.97,114272.86,310692704.79
2025-08-06 14:00:00+00:00,114272.86,115184.15,113868.09,115176.26,383818406.21
2025-08-06 15:00:00+00:00,115176.26,115511.96,114836.98,115419.91,409125037.12
2025-08-06 16:00:00+00:00,115419.91,115476.63,114946.03,115134.5,228994848.29
2025-08-06 17:00:00+00:00,115134.5,115512.19,115023.99,115505.99,118449985.36
2025-08-06 18:00:00+00:00,115505.99,115709.2,115304.72,115421.72,154085915.66
2025-08-06 19:00:00+00:00,115421.72,115522.55,115124.36,115261.87,76660633.01
2025-08-06 20:00:00+00:00,115261.87,115265.29,115003.69,115050.01,79279547.46
2025-08-06 21:00:00+00:00,115050.01,115225.82,114808.52,115055.81,196271009.14
2025-08-06 22:00:00+00:00,115055.81,115215.38,115044.88,115104.2,83551798.42
2025-08-06 23:00:00+00:00,115104.2,115119.71,114975.83,114996.61,62731837.62
2025-08-07 00:00:00+00:00,114996.61,115015.13,114859.37,114896.08,60550310.05
2025-08-07 01:00:00+00:00,114896.08,115188.66,114586.54,114756.33,121790603.71
2025-08-07 02:00:00+00:00,114756.33,114859.41,114419.78,114567.78,117171484.59
2025-08-07 03:00:00+00:00,114567.78,114622.6,114405.21,114550.93,56466665.16
2025-08-07 04:00:00+00:00,114550.93,114653.31,114266.97,114354.61,67905388.65
2025-08-07 05:00:00+00:00,114354.61,114569.27,114281.71,114569.26,91035536.22
2025-08-07 06:00:00+00:00,114569.26,114789.79,114512.98,114656.31,94884547.51
2025-08-07 07:00:00+00:00,114656.31,114877.1,114647.12,114792.1,71408956.53
2025-08-07 08:00:00+00:00,114792.1,115180.56,114792.03,114953.71,101971852.97
2025-08-07 09:00:00+00:00,114953.71,115073.05,114847.47,115064.12,75191797.75
2025-08-07 10:00:00+00:00,115064.12,116428.19,115040.37,116343.91,602738441.67
2025-08-07 11:00:00+00:00,116343.91,116820.88,116343.86,116516.25,296743235.36
2025-08-07 12:00:00+00:00,116516.25,116582.27,116040.23,116383.14,230159194.14
2025-08-07 13:00:00+00:00,116383.14,116744.65,116200.18,116635.66,241513695.85
2025-08-07 14:00:00+00:00,116635.66,116666.74,116209.2,116358.58,245770746.36
2025-08-07 15:00:00+00:00,116358.58,116791.62,116245.46,116700.53,204927166.09
2025-08-07 16:00:00+00:00,116700.53,116747.93,115639.44,116257.91,267475193.75
2025-08-07 17:00:00+00:00,116257.91,116552.86,116129.32,116507.64,193294147.31
2025-08-07 18:00:00+00:00,116507.64,116572.77,116152.01,116561.29,130399778.26
2025-08-07 19:00:00+00:00,116561.29,117522.38,116494.19,117460.57,317904050.23
2025-08-07 20:00:00+00:00,117460.57,117491.35,117146.89,117184.23,183822307.52
2025-08-07 21:00:00+00:00,117184.23,117357.43,117019.21,117098.2,118316980.54
2025-08-07 22:00:00+00:00,117098.2,117625.44,117085.6,117557.62,183663222.39
2025-08-07 23:00:00+00:00,117557.62,117577.66,117291.35,117472.81,88238479.4
2025-08-08 00:00:00+00:00,117472.81,117641.14,116860.31,117274.89,462583189.04
2025-08-08 01:00:00+00:00,117274.89,117275.05,116792.12,116887.68,401564832.89
2025-08-08 02:00:00+00:00,116887.68,116925.24,116701.21,116707.7,176365860.19
2025-08-08 03:00:00+00:00,116707.7,116981.57,116701.59,116747.21,159459687.19
2025-08-08 04:00:00+00:00,116747.21,116870.0,116674.03,116755.4,89409745.35
2025-08-08 05:00:00+00:00,116755.4,116755.5,116516.76,116536.32,84001586.96
2025-08-08 06:00:00+00:00,116536.32,116763.8,116401.27,116747.42,107290388.61
2025-08-08 07:00:00+00:00,116747.42,116985.87,116562.36,116824.73,260032345.65
2025-08-08 08:00:00+00:00,116824.73,116925.35,116449.21,116625.54,122346136.2
2025-08-08 09:00:00+00:00,116625.54,116728.95,116493.44,116686.15,74788647.49
2025-08-08 10:00:00+00:00,116686.15,116719.4,116330.74,116546.47,98461774.78
2025-08-08 11:00:00+00:00,116546.47,116908.71,116546.11,116895.45,58027212.53
2025-08-08 12:00:00+00:00,116895.45,116895.54,116500.23,116503.3,90305904.73
2025-08-08 13:00:00+00:00,116503.3,116943.18,116503.01,116911.59,191990484.35
2025-08-08 14:00:00+00:00,116911.59,117261.25,116386.4,116489.81,295431024.92
2025-08-08 15:00:00+00:00,116489.81,116538.08,115902.86,116208.49,272872847.33
2025-08-08 16:00:00+00:00,116208.49,116364.74,116007.97,116195.06,136420883.41
2025-08-08 17:00:00+00:00,116195.06,116704.06,116166.36,116703.67,152025784.33
2025-08-08 18:00:00+00:00,116703.67,116892.6,116326.66,116494.2,234550086.41
2025-08-08 19:00:00+00:00,116494.2,116713.38,116339.25,116450.49,138187006.96
2025-08-08 20:00:00+00:00,116450.49,116890.52,116320.53,116886.3,121887184.38
2025-08-08 21:00:00+00:00,116886.3,116976.03,116748.84,116930.96,78271005.31
2025-08-08 22:00:00+00:00,116930.96,116977.13,116754.69,116883.09,57999372.35
2025-08-08 23:00:00+00:00,116883.09,116912.41,116650.8,116671.07,38301992.84
2025-08-09 00:00:00+00:00,116671.07,116744.7,116574.07,116582.38,50790829.69
2025-08-09 01:00:00+00:00,116582.38,116650.6,116524.56,116562.95,44841610.22
2025-08-09 02:00:00+00:00,116562.95,116562.96,116394.45,116401.22,46196925.08
2025-08-09 03:00:00+00:00,116401.22,116478.74,116352.11,116381.98,109414102.58
2025-08-09 04:00:00+00:00,116381.98,116674.36,116355.3,116438.98,134765988.75
2025-08-09 05:00:00+00:00,116438.98,116984.71,116417.67,116740.24,249240337.32
2025-08-09 06:00:00+00:00,116740.24,116750.76,116545.12,116654.42,96731057.91
2025-08-09 07:00:00+00:00,116654.42,116902.68,116631.14,116753.86,63905052.51
2025-08-09 08:00:00+00:00,116753.86,117165.38,116751.92,117104.03,109161183.74
2025-08-09 09:00:00+00:00,117104.03,117503.01,117044.37,117502.6,199029654.57
2025-08-09 10:00:00+00:00,117502.6,117926.47,117385.07,117421.99,276384477.75
2025-08-09 11:00:00+00:00,117421.99,117465.03,117083.92,117111.4,114234497.39
2025-08-09 12:00:00+00:00,117111.4,117235.57,117009.93,117111.49,98637024.4
2025-08-09 13:00:00+00:00,117111.49,117151.58,116881.77,116969.46,93145348.53
2025-08-09 14:00:00+00:00,116969.46,117000.73,116776.24,116970.46,106866390.61
2025-08-09 15:00:00+00:00,116970.46,117135.91,116704.5,116887.06,162816787.63
2025-08-09 16:00:00+00:00,116887.06,116943.81,116638.78,116645.33,85068303.64
2025-08-09 17:00:00+00:00,116645.33,116785.76,116624.63,116675.3,71752425.74
2025-08-09 18:00:00+00:00,116675.3,116721.41,116555.72,116632.63,68608983.21
2025-08-09 19:00:00+00:00,116632.63,116727.56,116282.76,116540.03,120864114.52
2025-08-09 20:00:00+00:00,116540.03,117015.36,116282.79,116774.68,221523821.02
2025-08-09 21:00:00+00:00,116774.68,116791.08,116295.73,116524.87,123518737.51
2025-08-09 22:00:00+00:00,116524.87,116741.17,116498.96,116549.75,124132460.88
2025-08-09 23:00:00+00:00,116549.75,116593.94,116374.15,116467.14,58562961.22
2025-08-10 00:00:00+00:00,116467.14,116747.5,116394.16,116743.99,87225221.24
2025-08-10 01:00:00+00:00,116743.99,116775.86,116543.55,116577.2,69898194.95
2025-08-10 02:00:00+00:00,116577.2,117315.61,116575.85,117312.96,155769396.21
2025-08-10 03:00:00+00:00,117312.96,118500.52,117245.23,118499.9,686740386.97
2025-08-10 04:00:00+00:00,118499.9,118735.34,118387.61,118489.81,267312559.69
2025-08-10 05:00:00+00:00,118489.81,118513.3,117906.8,118046.16,199496387.56
2025-08-10 06:00:00+00:00,118046.16,118162.12,117744.58,118077.23,127018509.87
2025-08-10 07:00:00+00:00,118077.23,118238.09,117478.89,117809.34,194106495.38
2025-08-10 08:00:00+00:00,117809.34,118395.76,117613.98,118306.59,160320544.08
2025-08-10 09:00:00+00:00,118306.59,118436.12,118108.78,118287.51,121561068.12
2025-08-10 10:00:00+00:00,118287.51,118287.93,117999.79,118015.88,99639990.12
2025-08-10 11:00:00+00:00,118015.88,118498.02,117934.72,118326.21,131776378.64
2025-08-10 12:00:00+00:00,118326.21,118738.25,118231.45,118511.4,182928652.01
2025-08-10 13:00:00+00:00,118511.4,118683.23,118363.37,118447.7,136991023.72
2025-08-10 14:00:00+00:00,118447.7,118838.1,118312.71,118775.36,260893467.61
2025-08-10 15:00:00+00:00,118775.36,119103.39,118561.03,118804.26,264183996.84
2025-08-10 16:00:00+00:00,118804.26,118937.52,118620.66,118665.27,124111878.38
2025-08-10 17:00:00+00:00,118665.27,118686.88,118455.88,118521.48,72931517.72
2025-08-10 18:00:00+00:00,118521.48,118610.47,118432.36,118549.73,45881665.91
2025-08-10 19:00:00+00:00,118549.73,118714.31,118459.27,118660.55,66781894.01
2025-08-10 20:00:00+00:00,118660.55,118762.94,118083.32,118321.04,244475921.7
2025-08-10 21:00:00+00:00,118321.04,118708.52,118089.61,118708.51,134330816.43
2025-08-10 22:00:00+00:00,118708.51,119015.4,118616.16,119015.4,160580950.56
2025-08-10 23:00:00+00:00,119015.4,119310.95,118855.6,119291.51,208240707.2
2025-08-11 00:00:00+00:00,119291.51,119497.12,119109.92,119129.53,235346806.79
2025-08-11 01:00:00+00:00,119129.53,119867.47,118981.37,119867.47,320609874.72
2025-08-11 02:00:00+00:00,119867.47,121888.45,119863.27,121864.41,1097417498.38
2025-08-11 03:00:00+00:00,121864.41,122152.12,121555.7,121723.05,448244757.73
2025-08-11 04:00:00+00:00,121723.05,122162.39,121620.66,122076.67,394274080.76
2025-08-11 05:00:00+00:00,122076.67,122310.81,121817.54,122050.07,289632183.7
2025-08-11 06:00:00+00:00,122050.07,122316.81,121950.38,122292.69,249165758.18
2025-08-11 07:00:00+00:00,122292.69,122305.2,121465.58,121531.22,318607653.03
2025-08-11 08:00:00+00:00,121531.22,121811.65,121215.25,121679.09,265308637.77
2025-08-11 09:00:00+00:00,121679.09,121703.78,121124.1,121422.93,217413161.89
2025-08-11 10:00:00+00:00,121422.93,121451.13,120972.69,121182.27,227908494.97
2025-08-11 11:00:00+00:00,121182.27,121278.6,120281.18,120558.22,440284737.26
2025-08-11 12:00:00+00:00,120558.22,120662.27,119533.98,119644.23,556652574.94
2025-08-11 13:00:00+00:00,119644.23,120321.95,119380.38,120007.64,457545474.92
2025-08-11 14:00:00+00:00,120007.64,120583.38,119807.69,120239.19,373108922.66
2025-08-11 15:00:00+00:00,120239.19,120406.3,119847.2,120310.15,247658571.74
2025-08-11 16:00:00+00:00,120310.15,120789.78,119915.45,119953.46,315756826.58
2025-08-11 17:00:00+00:00,119953.46,120151.48,119469.22,119505.78,210144295.16
2025-08-11 18:00:00+00:00,119505.78,119877.34,119264.95,119774.39,194192621.53
2025-08-11 19:00:00+00:00,119774.39,119789.3,118644.87,119084.97,254704477.94
2025-08-11 20:00:00+00:00,119084.97,119092.73,118575.55,118827.87,208596062.84
2025-08-11 21:00:00+00:00,118827.87,119179.99,118106.49,118714.15,251319441.69
2025-08-11 22:00:00+00:00,118714.15,118914.03,118284.67,118890.98,185155540.59
2025-08-11 23:00:00+00:00,118890.98,118891.78,118595.5,118690.82,91807438.12
2025-08-12 00:00:00+00:00,118690.82,119027.21,118597.64,118953.03,185720816.61
2025-08-12 01:00:00+00:00,118953.03,119111.66,118770.01,118977.36,132813679.18
2025-08-12 02:00:00+00:00,118977.36,119286.2,118838.12,119056.03,113921366.17
2025-08-12 03:00:00+00:00,119056.03,119121.36,118753.17,118859.3,124964812.96
2025-08-12 04:00:00+00:00,118859.3,119161.74,118811.41,119067.83,107560440.12
2025-08-12 05:00:00+00:00,119067.83,119067.83,118436.82,118821.81,204185921.46
2025-08-12 06:00:00+00:00,118821.81,119030.41,118609.4,118841.87,263485125.54
2025-08-12 07:00:00+00:00,118841.87,119153.94,118841.87,118992.24,158218523.45
2025-08-12 08:00:00+00:00,118992.24,119055.45,118745.35,118815.14,155184263.42
2025-08-12 09:00:00+00:00,118815.14,118893.97,118406.08,118413.37,179364022.05
2025-08-12 10:00:00+00:00,118413.37,118659.79,118212.64,118458.24,223352990.73
2025-08-12 11:00:00+00:00,118458.24,118664.02,118223.99,118518.86,201841612.62
2025-08-12 12:00:00+00:00,118518.86,119264.44,118281.62,119261.25,525618301.71
2025-08-12 13:00:00+00:00,119261.25,119704.81,118624.93,118850.61,600647417.0
2025-08-12 14:00:00+00:00,118850.61,119443.77,118765.38,119443.75,274663232.88
2025-08-12 15:00:00+00:00,119443.75,119958.71,119316.87,119930.7,324090526.21
2025-08-12 16:00:00+00:00,119930.7,120182.48,119522.02,119647.58,294799850.41
2025-08-12 17:00:00+00:00,119647.58,119853.22,119176.78,119269.95,249419155.48
2025-08-12 18:00:00+00:00,119269.95,120071.37,119259.94,119342.73,217831756.86
2025-08-12 19:00:00+00:00,119342.73,119957.53,119305.34,119658.83,142154454.35
2025-08-12 20:00:00+00:00,119658.83,120319.18,119487.24,120192.36,305261578.02
2025-08-12 21:00:00+00:00,120192.36,120204.54,119796.64,119902.15,169753893.44
2025-08-12 22:00:00+00:00,119902.15,120098.82,119650.15,120096.73,133840242.17
2025-08-12 23:00:00+00:00,120096.73,120302.51,119916.96,120139.04,152871534.11
2025-08-13 00:00:00+00:00,120139.04,120192.33,119647.58,119713.73,170596917.19
2025-08-13 01:00:00+00:00,119713.73,119718.0,119355.16,119475.12,201964303.74
2025-08-13 02:00:00+00:00,119475.12,119733.41,119090.71,119554.02,218775744.16
2025-08-13 03:00:00+00:00,119554.02,119634.64,119312.81,119484.94,183096625.38
2025-08-13 04:00:00+00:00,119484.94,119828.77,119332.41,119340.96,181540338.92
2025-08-13 05:00:00+00:00,119340.96,119681.04,118943.37,119072.19,206415623.27
2025-08-13 06:00:00+00:00,119072.19,119424.59,118956.74,119414.54,152382337.56
2025-08-13 07:00:00+00:00,119414.54,119635.29,119294.82,119579.33,163746059.31
2025-08-13 08:00:00+00:00,119579.33,120040.09,119448.33,120038.89,244922854.55
2025-08-13 09:00:00+00:00,120038.89,120164.42,119793.59,120117.49,194695447.61
2025-08-13 10:00:00+00:00,120117.49,120494.19,120048.68,120488.13,243822767.39
2025-08-13 11:00:00+00:00,120488.13,120723.73,120432.37,120569.78,198455453.33
2025-08-13 12:00:00+00:00,120569.78,120681.87,120207.8,120274.41,267752526.17
2025-08-13 13:00:00+00:00,120274.41,122050.2,120105.68,121762.2,718400496.64
2025-08-13 14:00:00+00:00,121762.2,122200.62,120771.3,120897.3,1002317628.67
2025-08-13 15:00:00+00:00,120897.3,121348.47,120329.05,120924.68,507393031.76
2025-08-13 16:00:00+00:00,120924.68,121725.23,120924.68,121424.98,318304427.95
2025-08-13 17:00:00+00:00,121424.98,121865.41,121422.99,121815.36,261307040.5
2025-08-13 18:00:00+00:00,121815.36,121951.0,121427.06,121629.47,309533225.59
2025-08-13 19:00:00+00:00,121629.47,122842.55,121520.3,122748.29,496176485.58
2025-08-13 20:00:00+00:00,122748.29,122979.16,122466.97,122906.25,264452729.06
2025-08-13 21:00:00+00:00,122906.25,123008.44,122306.74,122563.42,333159017.11
2025-08-13 22:00:00+00:00,122563.42,123628.58,122563.42,122953.39,435475004.25
2025-08-13 23:00:00+00:00,122953.39,123675.75,122919.21,123311.29,235957191.87
2025-08-14 00:00:00+00:00,123311.29,124481.39,123260.5,123848.23,646273015.57
2025-08-14 01:00:00+00:00,123848.23,123942.56,123342.42,123344.5,281078691.61
2025-08-14 02:00:00+00:00,123344.5,123699.23,123279.15,123673.76,246295768.84
2025-08-14 03:00:00+00:00,123673.76,123856.55,123296.36,123349.07,226480936.52
2025-08-14 04:00:00+00:00,123349.07,123428.25,123004.73,123004.88,197339900.56
2025-08-14 05:00:00+00:00,123004.88,123124.73,122083.5,122137.62,319641238.92
2025-08-14 06:00:00+00:00,122137.62,122137.63,121314.27,121774.19,474104401.27
2025-08-14 07:00:00+00:00,121774.19,122047.56,121548.37,121729.63,236774579.4
2025-08-14 08:00:00+00:00,121729.63,122031.08,121564.93,121636.79,229780900.74
2025-08-14 09:00:00+00:00,121636.79,121911.61,121525.32,121648.62,149038118.27
2025-08-14 10:00:00+00:00,121648.62,121771.44,120765.82,120938.0,364739287.59
2025-08-14 11:00:00+00:00,120938.0,121026.3,120695.77,120951.86,254015885.46
2025-08-14 12:00:00+00:00,120951.86,121167.46,118694.04,118869.78,1605546875.34
2025-08-14 13:00:00+00:00,118869.78,119252.4,117737.08,118429.46,1275323766.83
2025-08-14 14:00:00+00:00,118429.46,119361.45,118013.77,118805.03,643588486.3
2025-08-14 15:00:00+00:00,118805.03,118899.98,117882.07,118249.97,658251451.0
2025-08-14 16:00:00+00:00,118249.97,118249.97,117408.47,117868.08,766469227.45
2025-08-14 17:00:00+00:00,117868.08,118138.34,117504.31,117920.9,485915739.57
2025-08-14 18:00:00+00:00,117920.9,118216.55,117197.27,118088.28,401387214.93
2025-08-14 19:00:00+00:00,118088.28,118527.31,117920.96,117947.53,327192781.97
2025-08-14 20:00:00+00:00,117947.53,118143.52,117728.34,117871.08,358536621.14
2025-08-14 21:00:00+00:00,117871.08,118197.5,117314.66,117901.18,343916854.24
2025-08-14 22:00:00+00:00,117901.18,118347.65,117643.5,118289.82,318283063.63
2025-08-14 23:00:00+00:00,118289.82,118518.52,118241.28,118294.86,202725201.64
2025-08-15 00:00:00+00:00,118294.86,118475.34,118049.58,118181.82,281993335.36
2025-08-15 01:00:00+00:00,118181.82,118740.98,118042.8,118689.53,237691851.64
2025-08-15 02:00:00+00:00,118689.53,118897.08,118592.53,118697.4,181620677.52
2025-08-15 03:00:00+00:00,118697.4,119080.35,118616.15,118970.36,122264870.96
2025-08-15 04:00:00+00:00,118970.36,119200.58,118783.54,118841.63,135963860.5
2025-08-15 05:00:00+00:00,118841.63,119006.61,118645.94,118987.55,155909154.35
2025-08-15 06:00:00+00:00,118987.55,119221.57,118872.6,119085.37,234110204.76
2025-08-15 07:00:00+00:00,119085.37,119104.89,118765.87,118961.8,173813413.1
2025-08-15 08:00:00+00:00,118961.8,119150.67,118884.72,118884.74,232096360.43
2025-08-15 09:00:00+00:00,118884.74,119053.24,118614.88,118706.67,128684940.8
2025-08-15 10:00:00+00:00,118706.67,119026.8,118706.64,118884.71,150121762.6
2025-08-15 11:00:00+00:00,118884.71,119093.7,118883.82,119010.22,151324241.56
2025-08-15 12:00:00+00:00,119010.22,119107.17,118530.51,118654.2,551480771.1
2025-08-15 13:00:00+00:00,118654.2,118738.69,117742.96,117779.6,502783309.82
2025-08-15 14:00:00+00:00,117779.6,118272.57,117263.95,117401.18,476665502.33
2025-08-15 15:00:00+00:00,117401.18,117587.81,116834.36,117281.91,580601512.28
2025-08-15 16:00:00+00:00,117281.91,117408.25,116811.16,117359.78,344238762.06
2025-08-15 17:00:00+00:00,117359.78,117877.38,117002.7,117588.22,312799295.49
2025-08-15 18:00:00+00:00,117588.22,117656.0,117029.58,117155.06,153002437.28
2025-08-15 19:00:00+00:00,117155.06,117413.1,116860.15,116932.48,207132746.34
2025-08-15 20:00:00+00:00,116932.48,117325.34,116866.18,117284.63,95211307.53
2025-08-15 21:00:00+00:00,117284.63,117359.85,117003.84,117316.64,102330468.42
2025-08-15 22:00:00+00:00,117316.64,117738.41,117301.71,117699.67,91594428.98
2025-08-15 23:00:00+00:00,117699.67,117763.61,117045.81,117342.29,118221076.4
2025-08-16 00:00:00+00:00,117342.29,117777.34,117237.09,117738.54,148155656.85
2025-08-16 01:00:00+00:00,117738.54,117898.38,117628.78,117822.62,103894287.87
2025-08-16 02:00:00+00:00,117822.62,117823.27,117446.19,117504.06,111230756.04
2025-08-16 03:00:00+00:00,117504.06,117661.04,117393.89,117431.69,72347104.41
2025-08-16 04:00:00+00:00,117431.69,117877.23,117422.2,117818.66,72020188.46
2025-08-16 05:00:00+00:00,117818.66,117853.59,117529.09,117596.66,57130490.24
2025-08-16 06:00:00+00:00,117596.66,117638.04,117290.46,117398.58,141850887.2
2025-08-16 07:00:00+00:00,117398.58,117677.71,117346.99,117604.63,96785107.18
2025-08-16 08:00:00+00:00,117604.63,117673.99,117498.65,117626.64,80573597.5
2025-08-16 09:00:00+00:00,117626.64,117698.65,117303.43,117309.5,117113002.15
2025-08-16 10:00:00+00:00,117309.5,117446.43,117159.21,117388.14,176647797.35
2025-08-16 11:00:00+00:00,117388.14,117536.91,117357.54,117379.78,57438685.46
2025-08-16 12:00:00+00:00,117379.78,117745.65,117333.41,117742.63,137116169.83
2025-08-16 13:00:00+00:00,117742.63,117789.6,117589.94,117628.56,108215350.93
2025-08-16 14:00:00+00:00,117628.56,117778.05,117549.18,117774.64,103623389.46
2025-08-16 15:00:00+00:00,117774.64,117824.94,117621.6,117679.21,62636470.61
2025-08-16 16:00:00+00:00,117679.21,117818.99,117678.92,117750.04,109231145.16
2025-08-16 17:00:00+00:00,117750.04,117754.25,117652.17,117698.49,51258755.65
2025-08-16 18:00:00+00:00,117698.49,117757.2,117631.46,117690.97,36626298.02
2025-08-16 19:00:00+00:00,117690.97,117771.82,117654.91,117673.88,43010624.97
2025-08-16 20:00:00+00:00,117673.88,117713.27,117523.45,117653.43,61902361.82
2025-08-16 21:00:00+00:00,117653.43,117653.43,117433.44,117451.58,46197048.27
2025-08-16 22:00:00+00:00,117451.58,117554.52,117219.61,117468.12,91281884.74
2025-08-16 23:00:00+00:00,117468.12,117477.36,117283.59,117386.82,51107055.51
2025-08-17 00:00:00+00:00,117386.82,117427.23,117258.58,117259.72,66473605.71
2025-08-17 01:00:00+00:00,117259.72,117494.83,117182.77,117440.44,97952425.28
2025-08-17 02:00:00+00:00,117440.44,117626.55,117387.99,117610.53,58876863.9
2025-08-17 03:00:00+00:00,117610.53,117766.18,117511.99,117688.74,59969348.26
2025-08-17 04:00:00+00:00,117688.74,118183.28,117688.74,118077.51,122605251.4
2025-08-17 05:00:00+00:00,118077.51,118232.3,118002.85,118004.48,105511654.19
2025-08-17 06:00:00+00:00,118004.48,118115.61,117906.28,117926.22,59215709.46
2025-08-17 07:00:00+00:00,117926.22,118037.08,117847.46,118005.38,60676843.51
2025-08-17 08:00:00+00:00,118005.38,118390.77,117926.37,118366.95,98173448.74
2025-08-17 09:00:00+00:00,118366.95,118483.11,118235.41,118345.6,116159022.47
2025-08-17 10:00:00+00:00,118345.6,118391.52,118190.05,118391.35,55087648.39
2025-08-17 11:00:00+00:00,118391.35,118391.77,118270.72,118308.28,53120711.38
2025-08-17 12:00:00+00:00,118308.28,118355.53,118136.69,118160.85,71651231.92
2025-08-17 13:00:00+00:00,118160.85,118576.43,118073.21,118432.94,111952797.68
2025-08-17 14:00:00+00:00,118432.94,118475.39,118155.09,118156.87,68646543.19
2025-08-17 15:00:00+00:00,118156.87,118267.13,118142.5,118248.64,61295163.44
2025-08-17 16:00:00+00:00,118248.64,118318.51,117715.6,117836.72,171966769.36
2025-08-17 17:00:00+00:00,117836.72,117936.94,117653.37,117906.76,86973797.34
2025-08-17 18:00:00+00:00,117906.76,117955.09,117329.62,117549.58,110558736.91
2025-08-17 19:00:00+00:00,117549.58,117755.72,117471.07,117577.65,96587034.13
2025-08-17 20:00:00+00:00,117577.65,117749.1,117514.62,117605.86,53063674.69
2025-08-17 21:00:00+00:00,117605.86,117781.05,117605.86,117706.98,39131928.77
2025-08-17 22:00:00+00:00,117706.98,117998.67,117696.77,117957.92,83933357.57
2025-08-17 23:00:00+00:00,117957.92,117974.43,117380.85,117408.44,76864320.76
2025-08-18 00:00:00+00:00,117408.44,117549.47,117029.27,117295.88,239054506.69
2025-08-18 01:00:00+00:00,117295.88,117412.31,116185.55,116282.27,625079211.59
2025-08-18 02:00:00+00:00,116282.27,116333.46,115305.02,115455.72,603966609.28
2025-08-18 03:00:00+00:00,115455.72,115639.04,115003.41,115321.26,315521478.42
2025-08-18 04:00:00+00:00,115321.26,115536.26,115086.27,115474.97,143162038.68
2025-08-18 05:00:00+00:00,115474.97,115690.18,115001.63,115689.74,202587344.44
2025-08-18 06:00:00+00:00,115689.74,115716.92,114886.16,115253.72,344932041.41
2025-08-18 07:00:00+00:00,115253.72,115477.39,115197.23,115214.26,200982214.06
2025-08-18 08:00:00+00:00,115214.26,115404.99,115077.52,115140.57,164511482.74
2025-08-18 09:00:00+00:00,115140.57,115144.53,114651.38,115038.93,315102368.8
2025-08-18 10:00:00+00:00,115038.93,115265.64,114991.66,115064.68,144163992.86
2025-08-18 11:00:00+00:00,115064.68,115135.23,114861.75,114951.19,109723415.46
2025-08-18 12:00:00+00:00,114951.19,115523.87,114906.48,115523.87,168415839.76
2025-08-18 13:00:00+00:00,115523.87,115741.89,114832.93,114845.82,355488225.32
2025-08-18 14:00:00+00:00,114845.82,115639.25,114845.81,115638.55,260648534.32
2025-08-18 15:00:00+00:00,115638.55,116182.97,115408.02,116146.71,223138965.19
2025-08-18 16:00:00+00:00,116146.71,116350.52,115830.37,115963.28,197527799.09
2025-08-18 17:00:00+00:00,115963.28,116800.2,115963.14,116425.43,209762426.47
2025-08-18 18:00:00+00:00,116425.43,116580.04,116235.36,116482.21,95216931.84
2025-08-18 19:00:00+00:00,116482.21,116636.43,116200.74,116312.92,128705302.96
2025-08-18 20:00:00+00:00,116312.92,116531.48,115981.53,116407.69,152127085.83
2025-08-18 21:00:00+00:00,116407.69,116682.53,116407.6,116651.57,90221937.29
2025-08-18 22:00:00+00:00,116651.57,116980.56,116393.03,116399.67,139486508.57
2025-08-18 23:00:00+00:00,116399.67,116561.09,116094.43,116228.72,99732621.32
2025-08-19 00:00:00+00:00,116228.72,116561.22,115525.66,116558.81,275432258.48
2025-08-19 01:00:00+00:00,116558.81,116720.2,115718.12,115801.58,170282140.16
2025-08-19 02:00:00+00:00,115801.58,116050.69,115641.43,115749.5,128332724.87
2025-08-19 03:00:00+00:00,115749.5,115765.85,114793.96,114814.38,316542671.16
2025-08-19 04:00:00+00:00,114814.38,115370.3,114373.15,115308.66,304904544.18
2025-08-19 05:00:00+00:00,115308.66,115477.08,114946.29,114970.19,175808053.82
2025-08-19 06:00:00+00:00,114970.19,115221.4,114913.06,115018.3,144892370.41
2025-08-19 07:00:00+00:00,115018.3,115056.42,114614.63,114980.46,183669206.26
2025-08-19 08:00:00+00:00,114980.46,115301.99,114805.89,115191.9,140695483.42
2025-08-19 09:00:00+00:00,115191.9,115493.71,115186.59,115325.48,146311401.6
2025-08-19 10:00:00+00:00,115325.48,115578.96,115318.14,115401.26,90887757.19
2025-08-19 11:00:00+00:00,115401.26,115651.88,115401.26,115515.66,87261478.82
2025-08-19 12:00:00+00:00,115515.66,115617.04,115281.12,115593.59,115927595.09
2025-08-19 13:00:00+00:00,115593.59,115875.64,114880.48,115191.09,357854549.82
2025-08-19 14:00:00+00:00,115191.09,115376.44,113768.85,113883.2,735718137.73
2025-08-19 15:00:00+00:00,113883.2,114182.85,113586.61,113784.69,534735128.61
2025-08-19 16:00:00+00:00,113784.69,113895.08,113341.39,113385.18,326684995.68
2025-08-19 17:00:00+00:00,113385.18,113591.4,113110.15,113516.85,339888950.67
2025-08-19 18:00:00+00:00,113516.85,113516.85,112835.74,113065.21,268664187.59
2025-08-19 19:00:00+00:00,113065.21,113546.41,112767.28,113129.75,268731413.15
2025-08-19 20:00:00+00:00,113129.75,113566.36,112926.85,113566.36,174939405.32
2025-08-19 21:00:00+00:00,113566.36,113579.35,113409.8,113418.16,95205068.4
2025-08-19 22:00:00+00:00,113418.16,113438.38,113059.92,113170.45,198796221.34
2025-08-19 23:00:00+00:00,113170.45,113196.02,112733.22,112876.77,275541544.71
2025-08-20 00:00:00+00:00,112876.77,113318.56,112843.31,113214.68,271340283.01
2025-08-20 01:00:00+00:00,113214.68,113408.31,112573.51,113004.22,297015245.43
2025-08-20 02:00:00+00:00,113004.22,113504.17,112959.03,113448.42,241861195.73
2025-08-20 03:00:00+00:00,113448.42,113644.95,113328.66,113531.07,190729956.09
2025-08-20 04:00:00+00:00,113531.07,113706.35,113471.63,113637.9,110846127.25
2025-08-20 05:00:00+00:00,113637.9,113773.65,113474.03,113714.66,110560222.24
2025-08-20 06:00:00+00:00,113714.66,113740.72,113503.22,113663.48,132317964.74
2025-08-20 07:00:00+00:00,113663.48,113841.73,113439.38,113491.16,135401071.8
2025-08-20 08:00:00+00:00,113491.16,114023.41,113405.42,114013.62,286628381.12
2025-08-20 09:00:00+00:00,114013.62,114013.65,113641.73,113701.4,224410541.63
2025-08-20 10:00:00+00:00,113701.4,113870.53,113590.45,113793.33,110422632.65
2025-08-20 11:00:00+00:00,113793.33,113859.64,113065.49,113663.96,189881535.57
2025-08-20 12:00:00+00:00,113663.96,113945.96,113513.25,113658.44,239185491.8
2025-08-20 13:00:00+00:00,113658.44,113658.98,112600.54,112684.31,375513140.29
2025-08-20 14:00:00+00:00,112684.31,113855.38,112378.11,113465.95,542556391.07
2025-08-20 15:00:00+00:00,113465.95,114317.73,113238.12,113351.21,416332393.0
2025-08-20 16:00:00+00:00,113351.21,114308.71,113285.18,113842.11,324444687.17
2025-08-20 17:00:00+00:00,113842.11,114441.49,113783.65,114202.11,212376656.16
2025-08-20 18:00:00+00:00,114202.11,114274.45,113260.13,113491.76,234040069.8
2025-08-20 19:00:00+00:00,113491.76,114335.55,113472.19,114282.27,188226871.28
2025-08-20 20:00:00+00:00,114282.27,114381.22,114003.23,114375.26,120791173.24
2025-08-20 21:00:00+00:00,114375.26,114471.6,114004.38,114359.93,138219204.39
2025-08-20 22:00:00+00:00,114359.93,114614.41,114209.71,114594.02,128588607.21
2025-08-20 23:00:00+00:00,114594.02,114611.56,114218.81,114270.48,83284652.75
2025-08-21 00:00:00+00:00,114270.48,114490.06,114011.76,114292.98,149487627.82
2025-08-21 01:00:00+00:00,114292.98,114728.83,113958.12,114724.85,155162124.93
2025-08-21 02:00:00+00:00,114724.85,114810.36,113906.59,114040.29,173437090.17
2025-08-21 03:00:00+00:00,114040.29,114527.1,113955.64,113957.13,128663450.89
2025-08-21 04:00:00+00:00,113957.13,114033.56,113802.38,113806.0,98370308.0
2025-08-21 05:00:00+00:00,113806.0,114008.91,113635.64,113991.89,123217686.79
2025-08-21 06:00:00+00:00,113991.89,113991.92,113615.95,113805.02,126935897.84
2025-08-21 07:00:00+00:00,113805.02,113937.57,113579.17,113895.44,119743210.88
2025-08-21 08:00:00+00:00,113895.44,113987.57,113583.17,113583.19,156744301.37
2025-08-21 09:00:00+00:00,113583.19,113614.65,113300.98,113382.5,154283792.62
2025-08-21 10:00:00+00:00,113382.5,113476.34,113227.84,113329.9,130661435.87
2025-08-21 11:00:00+00:00,113329.9,113537.87,113002.42,113146.12,156988125.69
2025-08-21 12:00:00+00:00,113146.12,113410.78,112951.89,113095.37,178126256.54
2025-08-21 13:00:00+00:00,113095.37,113716.55,113052.45,113486.47,295375450.08
2025-08-21 14:00:00+00:00,113486.47,113987.88,112918.78,113281.57,310255119.42
2025-08-21 15:00:00+00:00,113281.57,113388.85,112614.29,112793.47,334092312.71
2025-08-21 16:00:00+00:00,112793.47,112972.1,112328.05,112376.46,268528975.61
2025-08-21 17:00:00+00:00,112376.46,112594.59,112193.34,112410.36,258428464.2
2025-08-21 18:00:00+00:00,112410.36,112675.41,112226.25,112602.89,154027128.15
2025-08-21 19:00:00+00:00,112602.89,112723.29,112010.06,112192.43,236621917.51
2025-08-21 20:00:00+00:00,112192.43,112865.54,112064.1,112453.16,178711883.51
2025-08-21 21:00:00+00:00,112453.16,112735.69,112100.61,112627.33,148920785.44
2025-08-21 22:00:00+00:00,112627.33,112708.04,112422.28,112505.87,76103210.13
2025-08-21 23:00:00+00:00,112505.87,112505.87,112275.08,112499.59,76637695.8
2025-08-22 00:00:00+00:00,112499.59,112838.52,112487.12,112628.6,105974655.9
2025-08-22 01:00:00+00:00,112628.6,112922.23,112328.63,112838.3,120255531.29
2025-08-22 02:00:00+00:00,112838.3,113522.95,112786.41,113152.49,215752361.26
2025-08-22 03:00:00+00:00,113152.49,113443.52,112886.71,112929.25,116952425.48
2025-08-22 04:00:00+00:00,112929.25,113259.26,112708.06,112838.42,117404783.36
2025-08-22 05:00:00+00:00,112838.42,113281.43,112838.26,113241.92,101041471.74
2025-08-22 06:00:00+00:00,113241.92,113389.6,112843.82,112995.41,138529183.72
2025-08-22 07:00:00+00:00,112995.41,113248.94,112949.51,113093.71,162579070.15
2025-08-22 08:00:00+00:00,113093.71,113314.01,112946.69,112978.03,129120423.08
2025-08-22 09:00:00+00:00,112978.03,113120.0,112813.58,113047.53,127487157.59
2025-08-22 10:00:00+00:00,113047.53,113057.78,112518.92,112532.8,119881205.82
2025-08-22 11:00:00+00:00,112532.8,112622.59,112179.77,112317.9,126585632.82
2025-08-22 12:00:00+00:00,112317.9,112708.35,111685.54,112339.3,475908282.2
2025-08-22 13:00:00+00:00,112339.3,112659.66,111937.4,112481.27,383800650.37
2025-08-22 14:00:00+00:00,112481.27,116112.76,112475.25,115809.16,1746469488.14
2025-08-22 15:00:00+00:00,115809.16,117290.55,115809.16,116374.52,679356536.7
2025-08-22 16:00:00+00:00,116374.52,116772.76,116115.86,116146.48,507314014.66
2025-08-22 17:00:00+00:00,116146.48,117019.95,116146.48,117015.08,432855629.65
2025-08-22 18:00:00+00:00,117015.08,117423.17,116748.99,116802.06,300686066.87
2025-08-22 19:00:00+00:00,116802.06,116914.75,116513.98,116651.45,177126079.97
2025-08-22 20:00:00+00:00,116651.45,117112.77,116572.23,117052.83,187997684.42
2025-08-22 21:00:00+00:00,117052.83,117176.46,116827.75,117023.44,257720015.67
2025-08-22 22:00:00+00:00,117023.44,117049.64,116556.13,116756.56,152053891.21
2025-08-22 23:00:00+00:00,116756.56,116938.41,116678.72,116937.74,89825403.15
2025-08-23 00:00:00+00:00,116937.74,117026.43,116729.31,116867.25,142100790.43
2025-08-23 01:00:00+00:00,116867.25,116876.18,116300.67,116449.64,178928980.04
2025-08-23 02:00:00+00:00,116449.64,116544.84,115495.52,115929.11,355779746.15
2025-08-23 03:00:00+00:00,115929.11,116038.46,115458.17,115570.51,166539095.71
2025-08-23 04:00:00+00:00,115570.51,115967.91,115555.7,115926.2,143991690.86
2025-08-23 05:00:00+00:00,115926.2,116033.7,115800.83,115957.46,163398742.04
2025-08-23 06:00:00+00:00,115957.46,116019.96,115692.22,115781.85,153465504.26
2025-08-23 07:00:00+00:00,115781.85,115922.23,115670.78,115800.1,160533311.96
2025-08-23 08:00:00+00:00,115800.1,115864.08,115609.41,115747.73,141944196.25
2025-08-23 09:00:00+00:00,115747.73,115783.71,115608.73,115765.36,120421974.66
2025-08-23 10:00:00+00:00,115765.36,115774.45,115577.01,115577.01,131972846.65
2025-08-23 11:00:00+00:00,115577.01,115623.69,115227.57,115283.11,135403194.1
2025-08-23 12:00:00+00:00,115283.11,115483.53,115182.3,115217.89,167707496.08
2025-08-23 13:00:00+00:00,115217.89,115218.04,114742.83,114869.32,283641113.98
2025-08-23 14:00:00+00:00,114869.32,115088.41,114622.69,114628.35,279227824.15
2025-08-23 15:00:00+00:00,114628.35,114952.0,114567.69,114820.72,171967935.47
2025-08-23 16:00:00+00:00,114820.72,115097.21,114686.27,115017.43,132986834.86
2025-08-23 17:00:00+00:00,115017.43,115169.57,114950.44,115091.53,104176569.17
2025-08-23 18:00:00+00:00,115091.53,115193.93,115043.62,115148.28,60820354.25
2025-08-23 19:00:00+00:00,115148.28,115175.74,115049.19,115137.56,53082662.17
2025-08-23 20:00:00+00:00,115137.56,115327.12,115110.61,115325.36,57034878.36
2025-08-23 21:00:00+00:00,115325.36,115325.62,115008.01,115033.39,76925112.33
2025-08-23 22:00:00+00:00,115033.39,115316.41,115033.39,115316.16,45846363.07
2025-08-23 23:00:00+00:00,115316.16,115439.81,115248.46,115431.65,90570896.62
2025-08-24 00:00:00+00:00,115431.65,115546.81,115314.69,115376.38,137948527.97
2025-08-24 01:00:00+00:00,115376.38,115578.88,115192.27,115474.19,159155569.45
2025-08-24 02:00:00+00:00,115474.19,115667.81,115004.32,115011.59,166276948.38
2025-08-24 03:00:00+00:00,115011.59,115162.76,114946.85,115037.66,156473892.79
2025-08-24 04:00:00+00:00,115037.66,115280.27,115037.66,115170.49,149724189.46
2025-08-24 05:00:00+00:00,115170.49,115208.69,114934.28,114999.38,174740217.32
2025-08-24 06:00:00+00:00,114999.38,115064.17,114853.17,114866.5,123901912.09
2025-08-24 07:00:00+00:00,114866.5,115123.98,114861.97,114891.72,121396498.04
2025-08-24 08:00:00+00:00,114891.72,114980.07,114759.56,114836.82,241837867.7
2025-08-24 09:00:00+00:00,114836.82,115056.71,114675.2,114845.74,140230232.58
2025-08-24 10:00:00+00:00,114845.74,114959.56,114605.05,114794.36,159812996.99
2025-08-24 11:00:00+00:00,114794.36,114891.8,114627.3,114736.69,99478416.28
2025-08-24 12:00:00+00:00,114736.69,114838.17,114599.76,114676.11,112998273.16
2025-08-24 13:00:00+00:00,114676.11,114866.85,114562.29,114563.1,205163137.06
2025-08-24 14:00:00+00:00,114563.1,114656.25,114357.02,114519.93,278551235.91
2025-08-24 15:00:00+00:00,114519.93,114868.92,114406.93,114406.93,269699275.51
2025-08-24 16:00:00+00:00,114406.93,114543.59,114262.58,114275.24,235495910.38
2025-08-24 17:00:00+00:00,114275.24,114574.28,114251.9,114424.17,283602029.15
2025-08-24 18:00:00+00:00,114424.17,114908.88,114308.0,114629.49,304069879.27
2025-08-24 19:00:00+00:00,114629.49,114785.29,111573.84,112604.52,1583726926.68
2025-08-24 20:00:00+00:00,112604.52,112995.49,111673.86,112775.08,679377688.82
2025-08-24 21:00:00+00:00,112775.08,113405.3,112381.93,112990.2,274430355.49
2025-08-24 22:00:00+00:00,112990.2,113497.21,112622.96,113454.35,262556175.07
2025-08-24 23:00:00+00:00,113454.35,113689.72,113362.88,113491.99,216260560.46
2025-08-25 00:00:00+00:00,113491.99,113511.73,112161.72,112643.65,377612954.17
2025-08-25 01:00:00+00:00,112643.65,113141.64,112618.72,113071.47,230879532.4
2025-08-25 02:00:00+00:00,113071.47,113632.96,113069.18,113414.63,186956873.39
2025-08-25 03:00:00+00:00,113414.63,113663.66,112915.84,112920.84,185446759.0
2025-08-25 04:00:00+00:00,112920.84,113054.76,112611.53,112766.09,186653383.23
2025-08-25 05:00:00+00:00,112766.09,112854.96,112329.03,112329.03,192426281.45
2025-08-25 06:00:00+00:00,112329.03,112458.12,111762.39,111930.85,242635459.13
2025-08-25 07:00:00+00:00,111930.85,112155.23,111311.53,111514.53,389376650.73
2025-08-25 08:00:00+00:00,111514.53,111824.65,111001.21,111418.11,322149482.98
2025-08-25 09:00:00+00:00,111418.11,111849.97,111269.28,111802.71,171109020.84
2025-08-25 10:00:00+00:00,111802.71,111808.23,110947.67,110994.19,388556718.14
2025-08-25 11:00:00+00:00,110994.19,111283.43,110937.16,111218.71,222508569.26
2025-08-25 12:00:00+00:00,111218.71,111684.85,111073.29,111589.57,241704876.3
2025-08-25 13:00:00+00:00,111589.57,111754.88,110594.46,111492.89,553825685.75
2025-08-25 14:00:00+00:00,111492.89,112308.25,111329.32,112262.56,456343452.56
2025-08-25 15:00:00+00:00,112262.56,112575.27,111838.91,112199.23,298443958.38
2025-08-25 16:00:00+00:00,112199.23,112936.64,112031.45,112511.29,338713676.6
2025-08-25 17:00:00+00:00,112511.29,112803.39,112167.95,112429.62,281123097.35
2025-08-25 18:00:00+00:00,112429.62,112620.05,112251.85,112403.76,198034553.03
2025-08-25 19:00:00+00:00,112403.76,112430.73,110662.77,110707.53,541971384.49
2025-08-25 20:00:00+00:00,110707.53,111084.58,109426.64,109571.56,1525915873.25
2025-08-25 21:00:00+00:00,109571.56,110281.89,109280.52,109892.42,710412203.92
2025-08-25 22:00:00+00:00,109892.42,110595.75,109892.36,110153.28,258784041.01
2025-08-25 23:00:00+00:00,110153.28,110268.37,109789.82,110115.06,260664317.13
2025-08-26 00:00:00+00:00,110115.06,110115.37,108948.52,109105.44,981561462.82
2025-08-26 01:00:00+00:00,109105.44,109911.74,108705.69,109901.55,541236100.15
2025-08-26 02:00:00+00:00,109901.55,110020.85,109512.12,109714.45,315565659.47
2025-08-26 03:00:00+00:00,109714.45,109927.02,109438.91,109878.93,166653461.91
2025-08-26 04:00:00+00:00,109878.93,110240.48,109878.92,110104.72,318606175.32
2025-08-26 05:00:00+00:00,110104.72,110374.39,110089.87,110202.14,132842782.77
2025-08-26 06:00:00+00:00,110202.14,110343.28,109906.32,109991.89,186152016.39
2025-08-26 07:00:00+00:00,109991.89,110544.33,109765.98,110300.61,255760101.4
2025-08-26 08:00:00+00:00,110300.61,110454.61,110001.83,110102.57,221413942.15
2025-08-26 09:00:00+00:00,110102.57,110410.46,110038.49,110153.82,157850829.39
2025-08-26 10:00:00+00:00,110153.82,110415.84,110066.72,110218.84,158464032.62
2025-08-26 11:00:00+00:00,110218.84,110225.17,109573.43,109875.74,184958697.71
2025-08-26 12:00:00+00:00,109875.74,110804.31,109612.75,110213.23,399875426.7
2025-08-26 13:00:00+00:00,110213.23,110261.2,109394.9,110083.22,521084715.5
2025-08-26 14:00:00+00:00,110083.22,110551.4,109804.03,110358.24,488126648.87
2025-08-26 15:00:00+00:00,110358.24,110555.54,109549.56,109671.43,364332820.75
2025-08-26 16:00:00+00:00,109671.43,110151.81,109446.98,110151.75,238995074.3
2025-08-26 17:00:00+00:00,110151.75,110206.85,109584.51,109983.54,221177593.86
2025-08-26 18:00:00+00:00,109983.54,110978.19,109969.22,110697.55,213985331.05
2025-08-26 19:00:00+00:00,110697.55,111161.53,110502.39,111117.13,269349610.58
2025-08-26 20:00:00+00:00,111117.13,111376.34,110918.15,111324.79,207150882.12
2025-08-26 21:00:00+00:00,111324.79,111586.18,111116.64,111584.71,123869891.1
2025-08-26 22:00:00+00:00,111584.71,111942.79,111558.4,111911.22,205981436.96
2025-08-26 23:00:00+00:00,111911.22,112368.65,111737.01,111764.48,265731084.54
2025-08-27 00:00:00+00:00,111764.48,111825.86,111340.92,111359.9,177400132.0
2025-08-27 01:00:00+00:00,111359.9,111468.9,111105.05,111300.11,130339480.57
2025-08-27 02:00:00+00:00,111300.11,111466.58,111111.1,111143.21,169560584.13
2025-08-27 03:00:00+00:00,111143.21,111724.04,110916.87,111429.87,182646359.57
2025-08-27 04:00:00+00:00,111429.87,111733.0,111412.3,111576.58,162709208.29
2025-08-27 05:00:00+00:00,111576.58,111675.26,111335.79,111367.81,110988394.24
2025-08-27 06:00:00+00:00,111367.81,111373.42,111030.54,111038.9,130117805.42
2025-08-27 07:00:00+00:00,111038.9,111126.87,110641.59,110728.4,197817501.12
2025-08-27 08:00:00+00:00,110728.4,110836.86,110372.13,110757.96,209822321.75
2025-08-27 09:00:00+00:00,110757.96,111121.12,110722.84,110813.68,149148001.91
2025-08-27 10:00:00+00:00,110813.68,111262.7,110813.68,110980.52,166534096.81
2025-08-27 11:00:00+00:00,110980.52,111374.59,110980.52,111322.86,108264272.86
2025-08-27 12:00:00+00:00,111322.86,111396.28,111028.18,111342.47,186898632.79
2025-08-27 13:00:00+00:00,111342.47,111888.91,111033.62,111489.95,490863390.6
2025-08-27 14:00:00+00:00,111489.95,112616.19,111290.14,111805.57,627005928.94
2025-08-27 15:00:00+00:00,111805.57,112086.33,111530.15,112006.02,352508421.77
2025-08-27 16:00:00+00:00,112006.02,112244.93,111560.88,112120.86,273578024.07
2025-08-27 17:00:00+00:00,112120.86,112441.42,111902.02,112348.63,191029965.99
2025-08-27 18:00:00+00:00,112348.63,112602.27,111927.38,111945.29,163446332.24
2025-08-27 19:00:00+00:00,111945.29,112212.67,111616.24,112079.68,250683552.38
2025-08-27 20:00:00+00:00,112079.68,112412.08,111131.89,112409.16,755124311.0
2025-08-27 21:00:00+00:00,112409.16,112438.27,111364.81,111512.45,204919254.66
2025-08-27 22:00:00+00:00,111512.45,111599.46,111060.27,111409.71,177323209.32
2025-08-27 23:00:00+00:00,111409.71,111537.32,111109.22,111255.32,124076303.36
2025-08-28 00:00:00+00:00,111255.32,111536.66,110868.01,111340.61,202712573.77
2025-08-28 01:00:00+00:00,111340.61,111713.82,111336.06,111648.23,139360377.39
2025-08-28 02:00:00+00:00,111648.23,111761.46,111444.18,111495.14,129520466.17
2025-08-28 03:00:00+00:00,111495.14,112036.15,111407.6,112002.65,137491485.69
2025-08-28 04:00:00+00:00,112002.65,113082.93,111948.52,112969.26,304974003.76
2025-08-28 05:00:00+00:00,112969.26,113158.44,112706.55,112862.35,221996698.16
2025-08-28 06:00:00+00:00,112862.35,113282.44,112720.65,113217.54,183855938.66
2025-08-28 07:00:00+00:00,113217.54,113358.53,113010.81,113126.88,203065284.06
2025-08-28 08:00:00+00:00,113126.88,113350.07,113008.4,113128.48,200672309.58
2025-08-28 09:00:00+00:00,113128.48,113137.28,112855.75,112861.72,108594948.1
2025-08-28 10:00:00+00:00,112861.72,113121.82,112828.51,113121.82,148738643.99
2025-08-28 11:00:00+00:00,113121.82,113152.51,112851.55,112915.35,121124903.05
2025-08-28 12:00:00+00:00,112915.35,113332.56,112788.3,113241.84,279591496.7
2025-08-28 13:00:00+00:00,113241.84,113474.98,112594.2,112821.46,497989517.75
2025-08-28 14:00:00+00:00,112821.46,113301.72,112543.5,113156.26,353808122.96
2025-08-28 15:00:00+00:00,113156.26,113245.24,112394.92,112673.98,280781264.69
2025-08-28 16:00:00+00:00,112673.98,113183.53,112339.02,112339.02,245250946.54
2025-08-28 17:00:00+00:00,112339.02,112621.07,112218.99,112390.71,226972278.28
2025-08-28 18:00:00+00:00,112390.71,112711.8,112230.04,112377.12,184199737.68
2025-08-28 19:00:00+00:00,112377.12,112567.68,111898.31,111901.92,248371302.32
2025-08-28 20:00:00+00:00,111901.92,112111.44,111869.56,111908.22,129745723.98
2025-08-28 21:00:00+00:00,111908.22,112135.07,111901.44,112026.5,95712466.43
2025-08-28 22:00:00+00:00,112026.5,112498.6,112026.29,112350.32,110541516.37
2025-08-28 23:00:00+00:00,112350.32,112573.37,112310.91,112565.08,120013080.54
2025-08-29 00:00:00+00:00,112565.08,112633.42,112132.6,112203.08,196469455.23
2025-08-29 01:00:00+00:00,112203.08,112270.54,111425.11,111486.04,256649848.68
2025-08-29 02:00:00+00:00,111486.04,111770.62,111370.14,111429.12,163376446.82
2025-08-29 03:00:00+00:00,111429.12,111823.89,111320.43,111709.02,148519814.24
2025-08-29 04:00:00+00:00,111709.02,111855.57,111427.54,111503.44,211481999.08
2025-08-29 05:00:00+00:00,111503.44,111583.97,111137.82,111309.29,214881395.67
2025-08-29 06:00:00+00:00,111309.29,111403.68,110967.32,111275.98,399208894.26
2025-08-29 07:00:00+00:00,111275.98,111275.98,109900.72,110023.05,626134221.06
2025-08-29 08:00:00+00:00,110023.05,110266.43,109610.49,109622.16,429024182.59
2025-08-29 09:00:00+00:00,109622.16,109921.88,109417.09,109772.68,300359335.0
2025-08-29 10:00:00+00:00,109772.68,110021.83,109759.69,110006.6,187916008.62
2025-08-29 11:00:00+00:00,110006.6,110157.76,109835.54,110096.24,170357808.71
2025-08-29 12:00:00+00:00,110096.24,111407.11,110073.25,110722.47,639478168.74
2025-08-29 13:00:00+00:00,110722.47,110777.8,108919.51,109100.89,662496420.6
2025-08-29 14:00:00+00:00,109100.89,109519.41,108108.94,108195.53,935122022.17
2025-08-29 15:00:00+00:00,108195.53,108718.17,108187.46,108393.34,522131553.18
2025-08-29 16:00:00+00:00,108393.34,108832.97,108146.56,108711.94,335858228.91
2025-08-29 17:00:00+00:00,108711.94,108725.73,108169.91,108470.37,240389365.89
2025-08-29 18:00:00+00:00,108470.37,108497.54,108101.08,108145.92,173252195.85
2025-08-29 19:00:00+00:00,108145.92,108743.11,107977.07,108215.62,312211054.3
2025-08-29 20:00:00+00:00,108215.62,108263.35,107556.75,107782.05,517474042.3
2025-08-29 21:00:00+00:00,107782.05,108461.92,107479.68,108447.24,297163541.62
2025-08-29 22:00:00+00:00,108447.24,108476.66,108209.14,108378.28,108008158.53
2025-08-29 23:00:00+00:00,108378.28,108550.29,108334.14,108374.74,159810249.86
2025-08-30 00:00:00+00:00,108374.74,108409.09,108143.92,108299.14,194320685.63
2025-08-30 01:00:00+00:00,108299.14,108347.97,107373.64,107446.12,238408555.84
2025-08-30 02:00:00+00:00,107446.12,107947.35,107393.81,107784.1,297017956.53
2025-08-30 03:00:00+00:00,107784.1,108431.12,107773.13,108430.75,422304619.93
2025-08-30 04:00:00+00:00,108430.75,108677.8,108373.64,108431.09,370840990.25
2025-08-30 05:00:00+00:00,108431.09,108474.07,108138.79,108348.69,172015271.69
2025-08-30 06:00:00+00:00,108348.69,108549.11,108208.8,108317.61,152092369.64
2025-08-30 07:00:00+00:00,108317.61,108519.27,108126.35,108519.27,276147216.94
2025-08-30 08:00:00+00:00,108519.27,108766.58,108488.25,108569.18,159388769.72
2025-08-30 09:00:00+00:00,108569.18,108608.05,108473.56,108522.9,87775165.1
2025-08-30 10:00:00+00:00,108522.9,108695.84,108406.92,108434.76,125567794.05
2025-08-30 11:00:00+00:00,108434.76,108717.47,108428.16,108689.62,126262172.67
2025-08-30 12:00:00+00:00,108689.62,108690.23,108342.96,108614.72,212553940.93
2025-08-30 13:00:00+00:00,108614.72,108614.88,108210.94,108534.3,202927564.89
2025-08-30 14:00:00+00:00,108534.3,108731.57,108413.12,108661.67,104513560.07
2025-08-30 15:00:00+00:00,108661.67,108923.61,108550.21,108871.63,128185124.95
2025-08-30 16:00:00+00:00,108871.63,108878.99,108672.24,108818.89,133099504.72
2025-08-30 17:00:00+00:00,108818.89,108900.29,108624.98,108784.4,101267912.28
2025-08-30 18:00:00+00:00,108784.4,108842.84,108628.58,108741.15,80464421.09
2025-08-30 19:00:00+00:00,108741.15,108904.65,108652.89,108833.27,79825544.83
2025-08-30 20:00:00+00:00,108833.27,108839.61,108595.36,108649.81,98187915.41
2025-08-30 21:00:00+00:00,108649.81,108685.67,108505.83,108591.64,91218783.05
2025-08-30 22:00:00+00:00,108591.64,108593.41,108479.61,108532.54,78884573.78
2025-08-30 23:00:00+00:00,108532.54,108810.43,108531.57,108810.4,77480974.96
2025-08-31 00:00:00+00:00,108810.4,109401.27,108804.27,109389.77,274320659.8
2025-08-31 01:00:00+00:00,109389.77,109481.81,109145.04,109433.36,198197421.87
2025-08-31 02:00:00+00:00,109433.36,109443.14,109183.95,109224.99,100840642.3
2025-08-31 03:00:00+00:00,109224.99,109379.03,109161.62,109219.58,126759755.65
2025-08-31 04:00:00+00:00,109219.58,109226.09,108676.66,108811.44,148072027.18
2025-08-31 05:00:00+00:00,108811.44,108812.82,108569.13,108755.5,139587835.6
2025-08-31 06:00:00+00:00,108755.5,108773.37,108523.17,108717.48,138273523.02
2025-08-31 07:00:00+00:00,108717.48,108828.6,108669.56,108709.92,116010951.18
2025-08-31 08:00:00+00:00,108709.92,109029.97,108707.33,109012.78,92153847.99
2025-08-31 09:00:00+00:00,109012.78,109101.54,108454.78,108505.84,172940894.98
2025-08-31 10:00:00+00:00,108505.84,108623.17,108312.72,108560.41,217363496.26
2025-08-31 11:00:00+00:00,108560.41,108597.66,108318.37,108390.81,114213259.04
2025-08-31 12:00:00+00:00,108390.81,108480.99,108307.97,108318.89,187436563.6
2025-08-31 13:00:00+00:00,108318.89,108437.89,108196.6,108414.69,213029367.74
2025-08-31 14:00:00+00:00,108414.69,108510.08,108260.25,108462.18,175679626.37
2025-08-31 15:00:00+00:00,108462.18,108844.79,108462.12,108813.36,176578030.28
2025-08-31 16:00:00+00:00,108813.36,108975.62,108562.58,108924.56,182379357.21
2025-08-31 17:00:00+00:00,108924.56,108991.69,108853.11,108990.95,99172882.21
2025-08-31 18:00:00+00:00,108990.95,109227.61,108929.16,109146.35,121086809.1
2025-08-31 19:00:00+00:00,109146.35,109165.94,108914.56,108926.74,71357345.51
2025-08-31 20:00:00+00:00,108926.74,109119.24,108879.02,109117.51,86350458.19
2025-08-31 21:00:00+00:00,109117.51,109117.52,108953.59,109037.3,82768398.94
2025-08-31 22:00:00+00:00,109037.3,109228.9,108759.12,108890.63,113913882.79
2025-08-31 23:00:00+00:00,108890.63,108907.56,108082.2,108243.19,335270007.15
2025-09-01 00:00:00+00:00,108243.19,108400.63,107637.99,108224.58,411869704.64
2025-09-01 01:00:00+00:00,108224.58,108463.19,107971.22,108158.85,252758095.4
2025-09-01 02:00:00+00:00,108158.85,108190.88,107427.05,107615.78,336754013.83
2025-09-01 03:00:00+00:00,107615.78,107770.22,107398.07,107660.65,248915577.67
2025-09-01 04:00:00+00:00,107660.65,107750.43,107278.13,107406.69,223644845.01
2025-09-01 05:00:00+00:00,107406.69,107979.92,107257.52,107863.35,220067098.13
2025-09-01 06:00:00+00:00,107863.35,108126.18,107603.76,108065.95,171888714.25
2025-09-01 07:00:00+00:00,108065.95,109422.16,107989.1,109422.16,448240129.22
2025-09-01 08:00:00+00:00,109422.16,109809.47,109422.09,109589.29,346925661.37
2025-09-01 09:00:00+00:00,109589.29,109900.7,109494.01,109515.21,225245677.78
2025-09-01 10:00:00+00:00,109515.21,109534.14,108188.68,108569.9,359569410.7
2025-09-01 11:00:00+00:00,108569.9,108855.54,108468.42,108777.92,194975010.41
2025-09-01 12:00:00+00:00,108777.92,109154.98,108645.71,109107.51,212947119.45
2025-09-01 13:00:00+00:00,109107.51,109516.9,108954.62,109026.32,309204085.31
2025-09-01 14:00:00+00:00,109026.32,109325.77,108830.24,109149.84,263143962.4
2025-09-01 15:00:00+00:00,109149.84,109367.03,108574.22,108781.07,222600355.62
2025-09-01 16:00:00+00:00,108781.07,109096.8,108658.89,108777.88,178451824.48
2025-09-01 17:00:00+00:00,108777.88,108952.02,108413.42,108927.95,244897473.92
2025-09-01 18:00:00+00:00,108927.95,109268.66,108922.57,109239.43,144843286.79
2025-09-01 19:00:00+00:00,109239.43,109324.2,109167.07,109219.58,98207181.61
2025-09-01 20:00:00+00:00,109219.58,109220.01,108292.95,108873.84,340685335.26
2025-09-01 21:00:00+00:00,108873.84,108921.93,107467.84,107797.76,330942902.53
2025-09-01 22:00:00+00:00,107797.76,108497.97,107593.12,108445.39,193903411.24
2025-09-01 23:00:00+00:00,108445.39,109438.98,108434.85,109240.06,249568827.6
2025-09-02 00:00:00+00:00,109240.06,109328.51,108895.48,109030.4,206195535.33
2025-09-02 01:00:00+00:00,109030.4,109607.23,108995.22,109315.21,246428114.91
2025-09-02 02:00:00+00:00,109315.21,110261.85,109177.81,110249.06,312287685.96
2025-09-02 03:00:00+00:00,110249.06,110612.36,110065.42,110328.27,345893298.38
2025-09-02 04:00:00+00:00,110328.27,110417.02,110151.62,110311.05,149355092.07
2025-09-02 05:00:00+00:00,110311.05,110333.68,110048.67,110210.73,122712449.98
2025-09-02 06:00:00+00:00,110210.73,110610.57,110173.87,110376.3,215652503.8
2025-09-02 07:00:00+00:00,110376.3,110395.42,110002.92,110231.92,185588392.37
2025-09-02 08:00:00+00:00,110231.92,110693.84,110048.84,110357.12,271222600.39
2025-09-02 09:00:00+00:00,110357.12,110681.47,110260.58,110449.54,163239966.05
2025-09-02 10:00:00+00:00,110449.54,110476.93,110130.14,110248.6,126387392.98
2025-09-02 11:00:00+00:00,110248.6,110252.17,109572.14,109728.35,231114713.66
2025-09-02 12:00:00+00:00,109728.35,109833.61,108398.32,108799.35,610070819.12
2025-09-02 13:00:00+00:00,108799.35,111277.45,108767.51,111158.71,935938704.25
2025-09-02 14:00:00+00:00,111158.71,111769.92,110793.87,111356.93,739290375.28
2025-09-02 15:00:00+00:00,111356.93,111534.8,110629.77,110831.87,418006443.06
2025-09-02 16:00:00+00:00,110831.87,111123.7,110475.88,110780.77,378806426.64
2025-09-02 17:00:00+00:00,110780.77,111049.77,110629.04,110913.46,259010492.15
2025-09-02 18:00:00+00:00,110913.46,110936.01,110198.88,110645.31,300759879.44
2025-09-02 19:00:00+00:00,110645.31,110841.36,110447.69,110810.22,184976327.67
2025-09-02 20:00:00+00:00,110810.22,111422.4,110719.53,111417.58,210323496.8
2025-09-02 21:00:00+00:00,111417.58,111540.86,111133.21,111133.21,124967035.38
2025-09-02 22:00:00+00:00,111133.21,111263.64,110877.15,111262.69,138576740.95
2025-09-02 23:00:00+00:00,111262.69,111274.55,111019.87,111237.32,73711708.86
2025-09-03 00:00:00+00:00,111237.32,111779.05,111237.29,111336.05,248501978.75
2025-09-03 01:00:00+00:00,111336.05,111402.7,110904.13,111177.47,158434056.93
2025-09-03 02:00:00+00:00,111177.47,111481.69,111032.29,111375.38,303569441.34
2025-09-03 03:00:00+00:00,111375.38,111406.32,110898.05,111051.99,276673563.57
2025-09-03 04:00:00+00:00,111051.99,111154.4,110840.25,111024.09,191324630.88
2025-09-03 05:00:00+00:00,111024.09,111069.75,110672.7,110696.74,111061905.22
2025-09-03 06:00:00+00:00,110696.74,110878.55,110564.77,110724.57,159317156.85
2025-09-03 07:00:00+00:00,110724.57,111110.64,110540.9,111097.86,202034549.22
2025-09-03 08:00:00+00:00,111097.86,111275.76,110976.76,111019.05,142011377.09
2025-09-03 09:00:00+00:00,111019.05,111320.97,110893.07,111310.89,111551340.03
2025-09-03 10:00:00+00:00,111310.89,111482.07,111171.07,111447.26,127373996.08
2025-09-03 11:00:00+00:00,111447.26,111705.67,111392.24,111442.08,139269050.36
2025-09-03 12:00:00+00:00,111442.08,111859.37,111033.52,111113.0,188733098.97
2025-09-03 13:00:00+00:00,111113.0,111904.24,111072.47,111472.34,391494413.77
2025-09-03 14:00:00+00:00,111472.34,112507.2,111125.84,112263.36,586044548.09
2025-09-03 15:00:00+00:00,112263.36,112363.89,111912.76,112224.66,300330955.1
2025-09-03 16:00:00+00:00,112224.66,112339.7,111688.99,111860.68,201912220.7
2025-09-03 17:00:00+00:00,111860.68,112570.33,111855.61,112307.64,206827207.64
2025-09-03 18:00:00+00:00,112307.64,112512.96,111796.06,111998.1,166020493.04
2025-09-03 19:00:00+00:00,111998.1,112242.2,111778.22,112198.4,135306502.37
2025-09-03 20:00:00+00:00,112198.4,112248.38,112051.72,112209.52,96285043.77
2025-09-03 21:00:00+00:00,112209.52,112252.68,111759.64,111985.84,70841307.8
2025-09-03 22:00:00+00:00,111985.84,112145.82,111840.34,111948.85,56924490.4
2025-09-03 23:00:00+00:00,111948.85,111980.48,111618.8,111698.08,89735025.79
2025-09-04 00:00:00+00:00,111698.08,112180.16,111618.59,112067.53,115321595.95
2025-09-04 01:00:00+00:00,112067.53,112071.85,111646.47,111942.36,97471542.48
2025-09-04 02:00:00+00:00,111942.36,111981.63,111405.75,111451.05,140830803.07
2025-09-04 03:00:00+00:00,111451.05,111723.03,111135.72,111148.33,183724252.47
2025-09-04 04:00:00+00:00,111148.33,111322.72,110918.57,110924.3,104958185.58
2025-09-04 05:00:00+00:00,110924.3,110926.55,110580.86,110654.07,268420918.99
2025-09-04 06:00:00+00:00,110654.07,110724.57,110287.9,110397.47,143061180.87
2025-09-04 07:00:00+00:00,110397.47,110643.37,110353.84,110468.62,121068801.03
2025-09-04 08:00:00+00:00,110468.62,110853.96,110420.4,110644.55,123108013.57
2025-09-04 09:00:00+00:00,110644.55,110858.73,110644.55,110818.19,86722657.51
2025-09-04 10:00:00+00:00,110818.19,111147.18,110629.83,110629.83,121333863.47
2025-09-04 11:00:00+00:00,110629.83,111052.73,110546.25,110811.74,136781803.02
2025-09-04 12:00:00+00:00,110811.74,111125.02,110531.12,110938.42,187577675.79
2025-09-04 13:00:00+00:00,110938.42,110969.05,110214.93,110462.83,282433569.71
2025-09-04 14:00:00+00:00,110462.83,110520.07,109703.86,109840.67,498918752.65
2025-09-04 15:00:00+00:00,109840.67,109865.39,109331.03,109515.08,386036900.3
2025-09-04 16:00:00+00:00,109515.08,109684.14,109362.32,109435.12,237545895.54
2025-09-04 17:00:00+00:00,109435.12,109911.57,109426.47,109783.42,173821810.18
2025-09-04 18:00:00+00:00,109783.42,110198.41,109695.36,109977.78,223148332.66
2025-09-04 19:00:00+00:00,109977.78,110110.5,109716.68,109797.38,145687680.7
2025-09-04 20:00:00+00:00,109797.38,110411.71,109752.63,110402.57,147673246.7
2025-09-04 21:00:00+00:00,110402.57,110543.2,110325.82,110497.02,65288835.21
2025-09-04 22:00:00+00:00,110497.02,111586.55,110480.74,111486.47,198823473.3
2025-09-04 23:00:00+00:00,111486.47,111757.46,110604.15,110727.05,278373370.52
2025-09-05 00:00:00+00:00,110727.05,110930.44,110441.55,110458.68,199694760.23
2025-09-05 01:00:00+00:00,110458.68,111138.25,110454.94,111119.39,227212546.18
2025-09-05 02:00:00+00:00,111119.39,111481.74,111042.8,111340.21,319118275.03
2025-09-05 03:00:00+00:00,111340.21,111340.21,111093.77,111311.53,188889638.56
2025-09-05 04:00:00+00:00,111311.53,111467.66,111145.06,111442.41,236598195.86
2025-09-05 05:00:00+00:00,111442.41,111711.44,111410.28,111577.69,178225222.34
2025-09-05 06:00:00+00:00,111577.69,111910.96,111506.85,111907.33,211504029.85
2025-09-05 07:00:00+00:00,111907.33,112996.3,111886.83,112955.24,695429045.17
2025-09-05 08:00:00+00:00,112955.24,112979.73,112608.43,112620.69,216371539.15
2025-09-05 09:00:00+00:00,112620.69,112621.87,112136.57,112307.98,239046964.12
2025-09-05 10:00:00+00:00,112307.98,112570.91,112195.28,112252.33,166801051.29
2025-09-05 11:00:00+00:00,112252.33,112438.39,112141.61,112352.04,157872079.48
2025-09-05 12:00:00+00:00,112352.04,113379.43,112257.54,113206.7,1123715161.64
2025-09-05 13:00:00+00:00,113206.7,113289.03,112724.17,113071.26,790886232.51
2025-09-05 14:00:00+00:00,113071.26,113071.26,110495.59,110564.28,1270678924.23
2025-09-05 15:00:00+00:00,110564.28,111018.34,110292.06,110716.96,443878272.96
2025-09-05 16:00:00+00:00,110716.96,110927.61,110538.87,110814.44,232082648.65
2025-09-05 17:00:00+00:00,110814.44,110814.45,110229.47,110608.54,245969775.96
2025-09-05 18:00:00+00:00,110608.54,111282.63,110574.28,111199.69,222878216.55
2025-09-05 19:00:00+00:00,111199.69,111613.41,111125.99,111610.3,234131573.4
2025-09-05 20:00:00+00:00,111610.3,111655.42,111308.44,111635.48,237939456.94
2025-09-05 21:00:00+00:00,111635.48,111696.55,110537.04,110608.22,473015884.52
2025-09-05 22:00:00+00:00,110608.22,110923.65,110504.27,110804.3,84558525.77
2025-09-05 23:00:00+00:00,110804.3,110858.82,110611.94,110660.57,65539244.63
2025-09-06 00:00:00+00:00,110660.57,110835.04,110559.3,110785.06,78295470.09
2025-09-06 01:00:00+00:00,110785.06,110923.06,110750.68,110871.85,57543119.54
2025-09-06 02:00:00+00:00,110871.85,111212.49,110737.76,111212.49,70302702.33
2025-09-06 03:00:00+00:00,111212.49,111313.01,111007.06,111082.08,163978658.81
2025-09-06 04:00:00+00:00,111082.08,111082.39,110788.24,110879.52,86329134.14
2025-09-06 05:00:00+00:00,110879.52,110879.58,110704.72,110715.66,60613063.9
2025-09-06 06:00:00+00:00,110715.66,110816.72,110714.8,110760.1,37388381.93
2025-09-06 07:00:00+00:00,110760.1,110834.46,110754.94,110828.83,38893852.41
2025-09-06 08:00:00+00:00,110828.83,110966.24,110778.6,110950.7,39604800.76
2025-09-06 09:00:00+00:00,110950.7,110950.76,110699.46,110704.26,63212677.86
2025-09-06 10:00:00+00:00,110704.26,110803.83,110679.59,110774.67,48392046.47
2025-09-06 11:00:00+00:00,110774.67,110871.74,110675.21,110783.65,62792327.36
2025-09-06 12:00:00+00:00,110783.65,110897.48,110756.49,110834.94,52757676.96
2025-09-06 13:00:00+00:00,110834.94,110946.48,110823.66,110934.15,59280517.84
2025-09-06 14:00:00+00:00,110934.15,110996.04,110784.54,110811.49,61915041.64
2025-09-06 15:00:00+00:00,110811.49,110841.21,110362.94,110386.28,155629549.18
2025-09-06 16:00:00+00:00,110386.28,110402.59,110000.51,110269.23,422156134.15
2025-09-06 17:00:00+00:00,110269.23,110278.73,109998.24,110155.06,120582632.26
2025-09-06 18:00:00+00:00,110155.06,110288.05,110060.35,110231.1,77560823.24
2025-09-06 19:00:00+00:00,110231.1,110260.85,110006.13,110040.44,53233607.78
2025-09-06 20:00:00+00:00,110040.44,110167.25,110037.19,110167.23,41316715.8
2025-09-06 21:00:00+00:00,110167.23,110214.86,110094.26,110206.49,51896181.46
2025-09-06 22:00:00+00:00,110206.49,110242.24,110079.14,110173.97,46880974.41
2025-09-06 23:00:00+00:00,110173.97,110284.27,110115.24,110190.66,46637741.69
2025-09-07 00:00:00+00:00,110190.66,110370.18,110180.86,110360.59,73928727.58
2025-09-07 01:00:00+00:00,110360.59,110591.48,110335.97,110552.44,83354505.78
2025-09-07 02:00:00+00:00,110552.44,110696.51,110449.66,110665.81,64570143.78
2025-09-07 03:00:00+00:00,110665.81,110738.31,110597.21,110634.36,78215062.53
2025-09-07 04:00:00+00:00,110634.36,110640.93,110493.48,110561.21,43967021.51
2025-09-07 05:00:00+00:00,110561.21,110700.91,110561.14,110653.75,121897750.59
2025-09-07 06:00:00+00:00,110653.75,110664.1,110475.83,110507.32,66688877.87
2025-09-07 07:00:00+00:00,110507.32,110920.16,110470.94,110753.98,212009326.96
2025-09-07 08:00:00+00:00,110753.98,111365.41,110722.01,111068.16,287832036.86
2025-09-07 09:00:00+00:00,111068.16,111243.0,110878.03,111115.42,152184304.72
2025-09-07 10:00:00+00:00,111115.42,111236.65,111039.97,111221.34,89810548.62
2025-09-07 11:00:00+00:00,111221.34,111292.78,111192.1,111292.75,88589393.21
2025-09-07 12:00:00+00:00,111292.75,111293.03,111073.89,111118.01,60262726.62
2025-09-07 13:00:00+00:00,111118.01,111233.48,111047.11,111214.03,55188290.52
2025-09-07 14:00:00+00:00,111214.03,111411.32,111063.85,111143.62,123851635.67
2025-09-07 15:00:00+00:00,111143.62,111374.1,111118.41,111328.55,64839834.87
2025-09-07 16:00:00+00:00,111328.55,111370.47,111160.7,111206.32,58391967.3
2025-09-07 17:00:00+00:00,111206.32,111236.38,110891.8,110964.78,128461468.66
2025-09-07 18:00:00+00:00,110964.78,111063.3,110861.82,111053.26,75968936.31
2025-09-07 19:00:00+00:00,111053.26,111293.74,111047.93,111257.84,71330726.32
2025-09-07 20:00:00+00:00,111257.84,111369.26,111148.96,111333.79,69384702.7
2025-09-07 21:00:00+00:00,111333.79,111334.06,111048.88,111049.03,41226936.85
2025-09-07 22:00:00+00:00,111049.03,111356.83,111003.62,111248.46,105009385.66
2025-09-07 23:00:00+00:00,111248.46,111601.89,111072.37,111137.38,141106092.23
2025-09-08 00:00:00+00:00,111137.38,111289.28,110737.62,110832.65,202232184.45
2025-09-08 01:00:00+00:00,110832.65,110991.77,110730.22,110894.42,172013395.28
2025-09-08 02:00:00+00:00,110894.42,111366.34,110620.94,111239.35,178430012.62
2025-09-08 03:00:00+00:00,111239.35,111346.11,111023.65,111048.52,225312986.11
2025-09-08 04:00:00+00:00,111048.52,111217.33,110930.72,110980.99,116115068.18
2025-09-08 05:00:00+00:00,110980.99,111062.61,110903.62,111028.91,68524756.9
2025-09-08 06:00:00+00:00,111028.91,111197.17,110916.13,111116.91,66149546.74
2025-09-08 07:00:00+00:00,111116.91,111604.99,111115.97,111275.82,447528428.12
2025-09-08 08:00:00+00:00,111275.82,111902.89,111249.2,111679.6,248837802.47
2025-09-08 09:00:00+00:00,111679.6,112092.31,111589.48,112092.31,281387131.31
2025-09-08 10:00:00+00:00,112092.31,112176.19,111918.8,112047.15,215046534.6
2025-09-08 11:00:00+00:00,112047.15,112119.7,111761.44,112055.95,163583785.16
2025-09-08 12:00:00+00:00,112055.95,112154.48,111932.35,112039.32,114291758.48
2025-09-08 13:00:00+00:00,112039.32,112363.42,111883.95,111908.5,429989258.68
2025-09-08 14:00:00+00:00,111908.5,112783.46,111893.46,112644.27,457059936.13
2025-09-08 15:00:00+00:00,112644.27,112923.47,112531.47,112635.14,266574479.1
2025-09-08 16:00:00+00:00,112635.14,112672.4,112300.46,112395.8,218271467.04
2025-09-08 17:00:00+00:00,112395.8,112539.69,112084.53,112214.17,174453305.6
2025-09-08 18:00:00+00:00,112214.17,112517.58,112189.6,112477.49,153721977.97
2025-09-08 19:00:00+00:00,112477.49,112477.53,111984.39,112084.2,149243817.87
2025-09-08 20:00:00+00:00,112084.2,112148.68,111897.61,111962.89,110733526.31
2025-09-08 21:00:00+00:00,111962.89,112330.75,111931.01,112327.29,81133824.88
2025-09-08 22:00:00+00:00,112327.29,112510.33,112211.86,112235.22,86427428.36
2025-09-08 23:00:00+00:00,112235.22,112302.52,111990.79,112068.95,69305379.42
2025-09-09 00:00:00+00:00,112068.95,112105.53,111464.5,111652.11,215562017.98
2025-09-09 01:00:00+00:00,111652.11,111749.02,111270.78,111371.22,163827020.37
2025-09-09 02:00:00+00:00,111371.22,111439.63,111117.04,111330.37,183623089.03
2025-09-09 03:00:00+00:00,111330.37,111739.65,111234.38,111707.64,138384177.17
2025-09-09 04:00:00+00:00,111707.64,112098.32,111626.95,112024.17,194244598.68
2025-09-09 05:00:00+00:00,112024.17,112236.21,111852.28,112198.79,106212684.16
2025-09-09 06:00:00+00:00,112198.79,113156.61,112155.95,113025.3,396287375.37
2025-09-09 07:00:00+00:00,113025.3,113283.5,112752.59,112992.32,441731188.6
2025-09-09 08:00:00+00:00,112992.32,113169.5,112894.82,112992.43,188960708.74
2025-09-09 09:00:00+00:00,112992.43,113059.72,112905.62,112966.27,108090832.17
2025-09-09 10:00:00+00:00,112966.27,113038.56,112639.8,112732.48,185807399.25
2025-09-09 11:00:00+00:00,112732.48,112799.71,112412.28,112435.54,132256876.11
2025-09-09 12:00:00+00:00,112435.54,112824.32,112397.95,112668.24,184084596.24
2025-09-09 13:00:00+00:00,112668.24,112939.41,112475.66,112758.92,348742843.84
2025-09-09 14:00:00+00:00,112758.92,112950.7,111515.25,111765.74,780973010.31
2025-09-09 15:00:00+00:00,111765.74,111804.18,110769.1,110879.95,626071134.16
2025-09-09 16:00:00+00:00,110879.95,111146.07,110785.49,110969.48,250424021.37
2025-09-09 17:00:00+00:00,110969.48,111188.07,110888.1,111029.48,221227604.98
2025-09-09 18:00:00+00:00,111029.48,111302.56,110916.07,111140.53,217662972.53
2025-09-09 19:00:00+00:00,111140.53,111388.18,111129.41,111305.03,112289593.57
2025-09-09 20:00:00+00:00,111305.03,111528.42,111097.57,111528.42,218932154.18
2025-09-09 21:00:00+00:00,111528.42,111736.17,111266.97,111296.43,178793674.22
2025-09-09 22:00:00+00:00,111296.43,111631.93,111261.74,111555.85,102297455.91
2025-09-09 23:00:00+00:00,111555.85,111577.66,111362.9,111541.52,133038932.59
2025-09-10 00:00:00+00:00,111541.52,111563.92,110940.5,111010.26,272336734.63
2025-09-10 01:00:00+00:00,111010.26,111214.04,110924.52,111011.54,313493829.25
2025-09-10 02:00:00+00:00,111011.54,111552.69,111011.54,111410.07,225857166.59
2025-09-10 03:00:00+00:00,111410.07,111573.97,111374.89,111541.34,123680178.44
2025-09-10 04:00:00+00:00,111541.34,111642.68,111412.46,111530.96,109967295.65
2025-09-10 05:00:00+00:00,111530.96,111705.52,111382.65,111578.95,262200158.35
2025-09-10 06:00:00+00:00,111578.95,111957.18,111400.64,111788.34,250628066.21
2025-09-10 07:00:00+00:00,111788.34,112584.47,111761.03,112547.44,358485152.06
2025-09-10 08:00:00+00:00,112547.44,112836.52,112336.84,112377.92,388746088.62
2025-09-10 09:00:00+00:00,112377.92,112414.21,112111.34,112271.43,218781531.32
2025-09-10 10:00:00+00:00,112271.43,112414.42,112202.76,112267.23,172688599.59
2025-09-10 11:00:00+00:00,112267.23,112398.36,112163.6,112294.19,136318479.43
2025-09-10 12:00:00+00:00,112294.19,113519.01,112294.12,113404.66,930201593.6
2025-09-10 13:00:00+00:00,113404.66,114305.63,113394.86,113952.98,905576766.04
2025-09-10 14:00:00+00:00,113952.98,114281.33,113807.11,113898.86,583024597.57
2025-09-10 15:00:00+00:00,113898.86,114094.6,113730.94,113857.5,378437931.17
2025-09-10 16:00:00+00:00,113857.5,113936.41,113571.66,113757.0,298261028.66
2025-09-10 17:00:00+00:00,113757.0,114061.43,113418.23,113737.33,320318444.12
2025-09-10 18:00:00+00:00,113737.33,113881.39,113357.95,113593.74,346381396.22
2025-09-10 19:00:00+00:00,113593.74,113612.45,113156.55,113575.96,285495344.69
2025-09-10 20:00:00+00:00,113575.96,113838.36,113565.62,113575.19,272508406.93
2025-09-10 21:00:00+00:00,113575.19,113840.28,113539.81,113835.58,135580332.81
2025-09-10 22:00:00+00:00,113835.58,113986.47,113724.5,113881.43,140392437.37
2025-09-10 23:00:00+00:00,113881.43,114021.97,113789.03,113956.92,182049929.81
2025-09-11 00:00:00+00:00,113956.92,113996.64,113684.07,113888.3,178447972.63
2025-09-11 01:00:00+00:00,113888.3,114163.23,113837.8,113909.39,178650145.79
2025-09-11 02:00:00+00:00,113909.39,113954.31,113725.16,113828.05,124200060.35
2025-09-11 03:00:00+00:00,113828.05,114428.64,113824.57,114402.48,239891611.36
2025-09-11 04:00:00+00:00,114402.48,114403.32,114080.91,114151.05,185720036.52
2025-09-11 05:00:00+00:00,114151.05,114332.21,113966.71,114259.42,179610179.23
2025-09-11 06:00:00+00:00,114259.42,114451.72,114082.26,114327.65,155392259.75
2025-09-11 07:00:00+00:00,114327.65,114327.96,113959.56,114078.7,196957416.57
2025-09-11 08:00:00+00:00,114078.7,114193.73,113978.65,114043.68,135025897.21
2025-09-11 09:00:00+00:00,114043.68,114072.4,113778.22,113895.72,204124257.4
2025-09-11 10:00:00+00:00,113895.72,114104.3,113889.24,114057.01,154254264.84
2025-09-11 11:00:00+00:00,114057.01,114107.55,113898.36,113995.18,160393584.53
2025-09-11 12:00:00+00:00,113995.18,114469.35,113720.48,113972.49,976811910.66
2025-09-11 13:00:00+00:00,113972.49,114710.59,113433.83,114625.45,677202109.66
2025-09-11 14:00:00+00:00,114625.45,114647.85,113945.06,114465.5,443935561.4
2025-09-11 15:00:00+00:00,114465.5,114691.85,114000.58,114181.87,310557560.74
2025-09-11 16:00:00+00:00,114181.87,114585.44,114181.87,114486.46,213891282.46
2025-09-11 17:00:00+00:00,114486.46,114597.58,114335.2,114589.87,203322974.91
2025-09-11 18:00:00+00:00,114589.87,114612.17,114106.3,114313.28,226172340.91
2025-09-11 19:00:00+00:00,114313.28,114530.17,114185.25,114420.67,153858319.25
2025-09-11 20:00:00+00:00,114420.67,114491.18,114252.7,114402.64,142679616.59
2025-09-11 21:00:00+00:00,114402.64,114520.62,114402.17,114485.85,104148607.23
2025-09-11 22:00:00+00:00,114485.85,115259.87,114443.39,115089.72,377828084.96
2025-09-11 23:00:00+00:00,115089.72,115481.54,115089.65,115480.67,185046008.16
2025-09-12 00:00:00+00:00,115480.67,116319.05,115412.12,115835.14,695895543.43
2025-09-12 01:00:00+00:00,115835.14,116012.39,115374.18,115379.68,465390270.27
2025-09-12 02:00:00+00:00,115379.68,115661.15,115257.34,115395.33,299068219.63
2025-09-12 03:00:00+00:00,115395.33,115430.12,115047.42,115202.37,220665839.85
2025-09-12 04:00:00+00:00,115202.37,115509.93,115085.22,115364.32,259895615.51
2025-09-12 05:00:00+00:00,115364.32,115656.5,115325.87,115611.63,208743493.15
2025-09-12 06:00:00+00:00,115611.63,115611.64,115264.56,115316.19,147783693.78
2025-09-12 07:00:00+00:00,115316.19,115402.01,115087.92,115089.25,159585369.01
2025-09-12 08:00:00+00:00,115089.25,115269.43,114952.26,115047.85,270609791.73
2025-09-12 09:00:00+00:00,115047.85,115125.98,114885.67,115047.96,162905550.98
2025-09-12 10:00:00+00:00,115047.96,115090.81,114933.36,114983.76,134223299.47
2025-09-12 11:00:00+00:00,114983.76,115152.04,114904.19,114918.14,139642708.73
2025-09-12 12:00:00+00:00,114918.14,115170.95,114747.95,115085.02,227757663.59
2025-09-12 13:00:00+00:00,115085.02,115211.36,114825.05,115163.99,245190828.92
2025-09-12 14:00:00+00:00,115163.99,115472.77,114865.16,115260.57,396107922.61
2025-09-12 15:00:00+00:00,115260.57,115288.03,114939.22,115119.87,190542105.0
2025-09-12 16:00:00+00:00,115119.87,115516.92,115033.78,115487.24,299225278.1
2025-09-12 17:00:00+00:00,115487.24,115936.0,115395.93,115815.7,402138838.81
2025-09-12 18:00:00+00:00,115815.7,116491.04,115771.82,116482.96,418945953.02
2025-09-12 19:00:00+00:00,116482.96,116661.35,116237.51,116641.8,437091612.41
2025-09-12 20:00:00+00:00,116641.8,116641.8,115968.06,116151.17,368298734.87
2025-09-12 21:00:00+00:00,116151.17,116151.18,115760.41,115861.7,325496671.82
2025-09-12 22:00:00+00:00,115861.7,116330.28,115861.61,116024.82,212834977.48
2025-09-12 23:00:00+00:00,116024.82,116162.33,115931.28,116028.65,139633285.53
2025-09-13 00:00:00+00:00,116028.65,116289.24,115964.31,116212.16,170430167.06
2025-09-13 01:00:00+00:00,116212.16,116267.39,115594.81,115762.31,250148292.46
2025-09-13 02:00:00+00:00,115762.31,115995.36,115687.94,115889.47,188508335.53
2025-09-13 03:00:00+00:00,115889.47,116018.91,115850.59,115966.45,221804961.5
2025-09-13 04:00:00+00:00,115966.45,115966.53,115685.11,115700.82,227156789.83
2025-09-13 05:00:00+00:00,115700.82,115841.69,115661.78,115708.74,195338429.13
2025-09-13 06:00:00+00:00,115708.74,115808.1,115664.44,115745.69,161291448.9
2025-09-13 07:00:00+00:00,115745.69,115856.34,115707.68,115783.62,144867444.39
2025-09-13 08:00:00+00:00,115783.62,116054.43,115775.14,115975.42,137899338.69
2025-09-13 09:00:00+00:00,115975.42,116040.52,115874.9,116033.12,155610444.81
2025-09-13 10:00:00+00:00,116033.12,116166.58,115916.55,115938.29,169090298.28
2025-09-13 11:00:00+00:00,115938.29,116009.56,115884.8,115974.16,118996392.26
2025-09-13 12:00:00+00:00,115974.16,116053.76,115871.79,116004.07,114022032.5
2025-09-13 13:00:00+00:00,116004.07,116004.17,115650.04,115762.93,189565855.63
2025-09-13 14:00:00+00:00,115762.93,115952.5,115608.54,115807.4,255294428.53
2025-09-13 15:00:00+00:00,115807.4,115923.8,115619.98,115768.08,157195368.59
2025-09-13 16:00:00+00:00,115768.08,115817.69,115158.14,115334.96,378638472.68
2025-09-13 17:00:00+00:00,115334.96,115582.55,115177.29,115567.37,285205482.66
2025-09-13 18:00:00+00:00,115567.37,115653.76,115431.21,115630.39,144662654.47
2025-09-13 19:00:00+00:00,115630.39,115796.53,115569.46,115796.53,129931238.91
2025-09-13 20:00:00+00:00,115796.53,115987.58,115793.43,115903.53,162389152.01
2025-09-13 21:00:00+00:00,115903.53,115971.22,115841.87,115889.63,162918210.58
2025-09-13 22:00:00+00:00,115889.63,115931.8,115805.89,115868.48,192678846.59
2025-09-13 23:00:00+00:00,115868.48,115982.48,115861.51,115910.21,179832499.17
2025-09-14 00:00:00+00:00,115910.21,116001.26,115809.72,115927.41,204170579.34
2025-09-14 01:00:00+00:00,115927.41,115993.52,115737.33,115960.16,168720739.23
2025-09-14 02:00:00+00:00,115960.16,116098.39,115750.47,115862.25,176318821.32
2025-09-14 03:00:00+00:00,115862.25,115872.59,115645.1,115671.1,297525625.7
2025-09-14 04:00:00+00:00,115671.1,115772.02,115455.73,115750.24,362343579.24
2025-09-14 05:00:00+00:00,115750.24,115927.83,115730.96,115861.42,320262163.66
2025-09-14 06:00:00+00:00,115861.42,115934.86,115704.17,115734.69,374648342.65
2025-09-14 07:00:00+00:00,115734.69,115836.45,115723.25,115804.84,362743565.21
2025-09-14 08:00:00+00:00,115804.84,115992.14,115752.4,115933.3,325867150.04
2025-09-14 09:00:00+00:00,115933.3,116164.19,115900.98,116057.77,370363300.43
2025-09-14 10:00:00+00:00,116057.77,116131.46,115948.08,116035.47,115429326.07
2025-09-14 11:00:00+00:00,116035.47,116111.96,115742.86,115794.78,161202033.33
2025-09-14 12:00:00+00:00,115794.78,115874.42,115668.04,115776.14,135430180.41
2025-09-14 13:00:00+00:00,115776.14,115782.43,115219.32,115346.99,277516457.14
2025-09-14 14:00:00+00:00,115346.99,115694.84,115173.84,115394.85,300092846.46
2025-09-14 15:00:00+00:00,115394.85,115420.41,115198.19,115214.2,137227476.8
2025-09-14 16:00:00+00:00,115214.2,115532.42,115198.93,115470.9,144211320.94
2025-09-14 17:00:00+00:00,115470.9,115654.8,115419.47,115566.7,120677343.61
2025-09-14 18:00:00+00:00,115566.7,115566.83,115366.95,115384.05,88688789.65
2025-09-14 19:00:00+00:00,115384.05,115634.71,115324.28,115634.7,104156618.33
2025-09-14 20:00:00+00:00,115634.7,115846.12,115628.65,115801.62,113971056.59
2025-09-14 21:00:00+00:00,115801.62,116088.14,115615.21,116045.11,189262973.22
2025-09-14 22:00:00+00:00,116045.11,116073.39,115809.67,116009.01,182800392.97
2025-09-14 23:00:00+00:00,116009.01,116009.07,115133.79,115283.77,215571840.92
2025-09-15 00:00:00+00:00,115283.77,115283.82,114970.71,115068.58,232842447.5
2025-09-15 01:00:00+00:00,115068.58,115273.88,114833.43,115234.4,183169132.48
2025-09-15 02:00:00+00:00,115234.4,115442.06,115225.2,115359.07,105451354.87
2025-09-15 03:00:00+00:00,115359.07,115587.09,115350.9,115449.67,84161018.73
2025-09-15 04:00:00+00:00,115449.67,116169.86,115404.92,116047.03,313227579.76
2025-09-15 05:00:00+00:00,116047.03,116568.94,116014.6,116522.23,250767077.04
2025-09-15 06:00:00+00:00,116522.23,116753.27,116050.13,116123.9,233903118.16
2025-09-15 07:00:00+00:00,116123.9,116403.75,115627.06,115810.4,333314223.55
2025-09-15 08:00:00+00:00,115810.4,115810.72,114715.63,114740.25,435827334.35
2025-09-15 09:00:00+00:00,114740.25,115177.73,114642.36,114871.65,383138116.74
2025-09-15 10:00:00+00:00,114871.65,114951.51,114723.92,114772.55,175636513.32
2025-09-15 11:00:00+00:00,114772.55,115196.17,114742.29,115061.81,188814184.85
2025-09-15 12:00:00+00:00,115061.81,115071.49,114669.13,114720.4,199388584.44
2025-09-15 13:00:00+00:00,114720.4,115086.99,114383.98,114666.56,441870197.65
2025-09-15 14:00:00+00:00,114666.56,115024.81,114449.36,114675.93,343098556.32
2025-09-15 15:00:00+00:00,114675.93,114912.45,114401.11,114850.49,331500011.12
2025-09-15 16:00:00+00:00,114850.49,114923.14,114601.4,114663.85,220384544.03
2025-09-15 17:00:00+00:00,114663.85,115128.12,114613.42,115124.0,174162891.99
2025-09-15 18:00:00+00:00,115124.0,115357.75,114904.12,115314.41,229019255.49
2025-09-15 19:00:00+00:00,115314.41,115569.64,114975.04,115305.71,317851689.92
2025-09-15 20:00:00+00:00,115305.71,115499.31,115204.96,115377.23,163281243.9
2025-09-15 21:00:00+00:00,115377.23,115536.6,115286.31,115526.42,91729120.29
2025-09-15 22:00:00+00:00,115526.42,115608.09,115224.43,115293.51,111537048.53
2025-09-15 23:00:00+00:00,115293.51,115479.06,115238.03,115355.49,77567101.63
2025-09-16 00:00:00+00:00,115355.49,115355.69,114949.57,115087.14,119386169.28
2025-09-16 01:00:00+00:00,115087.14,115522.09,115009.87,115024.97,155656058.9
2025-09-16 02:00:00+00:00,115024.97,115230.17,115024.97,115033.08,106768402.45
2025-09-16 03:00:00+00:00,115033.08,115426.89,115032.99,115309.21,102138245.25
2025-09-16 04:00:00+00:00,115309.21,115557.97,114937.78,115504.8,167606726.51
2025-09-16 05:00:00+00:00,115504.8,115955.9,115452.21,115937.13,307353740.38
2025-09-16 06:00:00+00:00,115937.13,116008.03,115596.33,115773.08,285739132.1
2025-09-16 07:00:00+00:00,115773.08,115892.0,115725.58,115832.02,136506907.57
2025-09-16 08:00:00+00:00,115832.02,115980.37,115530.68,115661.0,184701214.11
2025-09-16 09:00:00+00:00,115661.0,115726.12,115450.19,115478.23,143845306.75
2025-09-16 10:00:00+00:00,115478.23,115592.29,115375.44,115376.51,110566116.74
2025-09-16 11:00:00+00:00,115376.51,115432.32,115208.15,115285.06,117263340.61
2025-09-16 12:00:00+00:00,115285.06,115459.56,115284.55,115436.2,147310638.61
2025-09-16 13:00:00+00:00,115436.2,115556.38,114761.59,115203.45,474290399.25
2025-09-16 14:00:00+00:00,115203.45,115309.55,114816.35,115294.58,324971384.77
2025-09-16 15:00:00+00:00,115294.58,115907.29,115024.38,115907.25,288029913.45
2025-09-16 16:00:00+00:00,115907.25,116069.63,115610.07,116066.3,269647693.31
2025-09-16 17:00:00+00:00,116066.3,116873.72,116059.85,116461.89,521925079.54
2025-09-16 18:00:00+00:00,116461.89,116773.68,116229.69,116419.57,267628776.63
2025-09-16 19:00:00+00:00,116419.57,116820.97,116393.3,116801.67,196832975.86
2025-09-16 20:00:00+00:00,116801.67,116909.24,116722.96,116840.98,145784807.84
2025-09-16 21:00:00+00:00,116840.98,116939.32,116598.16,116805.28,177824794.18
2025-09-16 22:00:00+00:00,116805.28,116957.89,116697.58,116850.99,197959702.89
2025-09-16 23:00:00+00:00,116850.99,116915.11,116632.08,116789.33,97291869.23
2025-09-17 00:00:00+00:00,116789.33,116829.51,116560.48,116566.08,126661946.12
2025-09-17 01:00:00+00:00,116566.08,116762.72,116513.67,116662.85,149321924.24
2025-09-17 02:00:00+00:00,116662.85,117056.19,116557.69,116689.56,232962448.56
2025-09-17 03:00:00+00:00,116689.56,116752.08,116370.6,116370.6,158850338.76
2025-09-17 04:00:00+00:00,116370.6,116479.99,116160.82,116316.38,96511718.32
2025-09-17 05:00:00+00:00,116316.38,117203.6,116315.54,117107.86,353535300.82
2025-09-17 06:00:00+00:00,117107.86,117280.85,116979.22,117231.06,257934312.89
2025-09-17 07:00:00+00:00,117231.06,117272.68,117126.36,117162.19,178392151.74
2025-09-17 08:00:00+00:00,117162.19,117191.25,116691.12,116859.78,230046660.38
2025-09-17 09:00:00+00:00,116859.78,116859.79,116558.54,116558.59,127987504.8
2025-09-17 10:00:00+00:00,116558.59,116606.86,116267.27,116367.71,162785898.63
2025-09-17 11:00:00+00:00,116367.71,116377.7,116257.07,116260.0,194357507.58
2025-09-17 12:00:00+00:00,116260.0,116523.59,116100.1,116203.06,368154508.46
2025-09-17 13:00:00+00:00,116203.06,116329.07,115907.46,116111.79,423126617.33
2025-09-17 14:00:00+00:00,116111.79,116241.55,115459.02,115608.08,471547284.2
2025-09-17 15:00:00+00:00,115608.08,115885.57,115529.58,115876.5,280450004.22
2025-09-17 16:00:00+00:00,115876.5,115876.52,115388.11,115641.91,283927690.66
2025-09-17 17:00:00+00:00,115641.91,116287.9,115570.46,115744.25,378099899.18
2025-09-17 18:00:00+00:00,115744.25,116211.64,114731.95,115225.31,1649238759.96
2025-09-17 19:00:00+00:00,115225.31,115986.53,115076.09,115645.78,648286587.89
2025-09-17 20:00:00+00:00,115645.78,116137.59,115500.43,115620.52,210901294.59
2025-09-17 21:00:00+00:00,115620.52,116119.99,115315.04,116038.79,225610542.21
2025-09-17 22:00:00+00:00,116038.79,116814.15,116038.79,116557.01,395326465.49
2025-09-17 23:00:00+00:00,116557.01,116985.59,116340.52,116439.39,356259119.19
2025-09-18 00:00:00+00:00,116439.39,116461.07,116088.91,116352.35,245167521.43
2025-09-18 01:00:00+00:00,116352.35,116869.33,116339.04,116640.37,232537690.57
2025-09-18 02:00:00+00:00,116640.37,116951.5,116432.67,116942.18,189843206.31
2025-09-18 03:00:00+00:00,116942.18,117896.93,116900.36,117580.12,673676180.25
2025-09-18 04:00:00+00:00,117580.12,117752.34,117231.71,117605.73,368950899.27
2025-09-18 05:00:00+00:00,117605.73,117607.45,117186.22,117266.2,160844105.13
2025-09-18 06:00:00+00:00,117266.2,117332.23,116893.61,117100.23,250818817.28
2025-09-18 07:00:00+00:00,117100.23,117207.17,117051.28,117083.6,183048295.55
2025-09-18 08:00:00+00:00,117083.6,117408.51,117011.6,117229.0,161062906.06
2025-09-18 09:00:00+00:00,117229.0,117350.02,117111.35,117299.99,159814818.72
2025-09-18 10:00:00+00:00,117299.99,117311.91,117078.79,117185.99,125581301.09
2025-09-18 11:00:00+00:00,117185.99,117301.82,117012.44,117063.01,148721169.42
2025-09-18 12:00:00+00:00,117063.01,117281.29,116978.53,117126.28,216408425.45
2025-09-18 13:00:00+00:00,117126.28,117654.93,117006.23,117431.12,517960278.94
2025-09-18 14:00:00+00:00,117431.12,117844.41,117405.51,117643.04,443606335.97
2025-09-18 15:00:00+00:00,117643.04,117705.11,117326.08,117586.14,325690183.81
2025-09-18 16:00:00+00:00,117586.14,117796.2,117505.08,117562.42,254490705.74
2025-09-18 17:00:00+00:00,117562.42,117766.74,117412.33,117581.26,236079703.45
2025-09-18 18:00:00+00:00,117581.26,117905.39,117511.73,117821.74,227883851.9
2025-09-18 19:00:00+00:00,117821.74,117822.39,117195.96,117453.72,179641968.17
2025-09-18 20:00:00+00:00,117453.72,117658.8,117338.89,117524.25,109084012.1
2025-09-18 21:00:00+00:00,117524.25,117524.27,117297.58,117297.67,77286604.19
2025-09-18 22:00:00+00:00,117297.67,117333.32,117046.32,117062.54,126110340.76
2025-09-18 23:00:00+00:00,117062.54,117175.06,116647.07,117079.06,290805460.41
2025-09-19 00:00:00+00:00,117079.06,117427.67,117023.12,117418.99,145963951.71
2025-09-19 01:00:00+00:00,117418.99,117459.13,117122.61,117239.0,117522098.43
2025-09-19 02:00:00+00:00,117239.0,117287.53,117049.67,117114.08,125564130.21
2025-09-19 03:00:00+00:00,117114.08,117288.88,116872.59,116976.23,141882844.24
2025-09-19 04:00:00+00:00,116976.23,117102.21,116705.05,116992.0,161602291.92
2025-09-19 05:00:00+00:00,116992.0,117013.63,116795.48,116897.96,109107746.03
2025-09-19 06:00:00+00:00,116897.96,116898.0,116637.36,116677.68,132847060.0
2025-09-19 07:00:00+00:00,116677.68,116990.9,116677.68,116910.09,167961601.63
2025-09-19 08:00:00+00:00,116910.09,117094.18,116887.98,116916.59,118616334.89
2025-09-19 09:00:00+00:00,116916.59,116983.29,116485.6,116489.61,142658311.18
2025-09-19 10:00:00+00:00,116489.61,116547.44,116433.72,116534.36,133880207.0
2025-09-19 11:00:00+00:00,116534.36,116550.73,116305.73,116391.59,117389017.94
2025-09-19 12:00:00+00:00,116391.59,116529.4,116128.7,116161.32,221235421.28
2025-09-19 13:00:00+00:00,116161.32,116460.93,116068.71,116285.04,238564569.04
2025-09-19 14:00:00+00:00,116285.04,116481.95,115795.13,115901.33,363792736.6
2025-09-19 15:00:00+00:00,115901.33,115946.6,115466.03,115883.14,365604308.68
2025-09-19 16:00:00+00:00,115883.14,116141.85,115799.59,116085.06,176241239.21
2025-09-19 17:00:00+00:00,116085.06,116090.32,115542.87,115543.33,158945257.02
2025-09-19 18:00:00+00:00,115543.33,115642.81,115381.06,115407.79,151543560.06
2025-09-19 19:00:00+00:00,115407.79,115475.68,115101.86,115118.78,140285114.83
2025-09-19 20:00:00+00:00,115118.78,115437.09,115099.04,115341.67,124452890.74
2025-09-19 21:00:00+00:00,115341.67,115533.84,115307.84,115464.58,69623796.32
2025-09-19 22:00:00+00:00,115464.58,115654.71,115464.53,115613.98,51873080.62
2025-09-19 23:00:00+00:00,115613.98,115647.62,115452.83,115632.16,60007799.84
2025-09-20 00:00:00+00:00,115632.16,115727.44,115552.0,115723.86,81336823.97
2025-09-20 01:00:00+00:00,115723.86,115723.92,115614.18,115628.13,65590810.84
2025-09-20 02:00:00+00:00,115628.13,115628.21,115445.08,115602.88,53423394.75
2025-09-20 03:00:00+00:00,115602.88,115602.98,115414.01,115446.54,49751678.48
2025-09-20 04:00:00+00:00,115446.54,115585.0,115413.88,115567.2,52156178.05
2025-09-20 05:00:00+00:00,115567.2,115716.15,115517.54,115716.13,65505720.1
2025-09-20 06:00:00+00:00,115716.13,115723.1,115628.62,115701.49,46699445.56
2025-09-20 07:00:00+00:00,115701.49,115983.51,115686.66,115967.8,128515420.71
2025-09-20 08:00:00+00:00,115967.8,115967.82,115706.67,115708.59,80323471.38
2025-09-20 09:00:00+00:00,115708.59,115793.35,115672.97,115673.87,70213778.62
2025-09-20 10:00:00+00:00,115673.87,115794.19,115673.87,115749.54,58001358.37
2025-09-20 11:00:00+00:00,115749.54,115909.47,115749.54,115894.16,74298522.84
2025-09-20 12:00:00+00:00,115894.16,115955.83,115810.52,115878.06,62916606.97
2025-09-20 13:00:00+00:00,115878.06,115951.68,115861.46,115917.41,46556408.49
2025-09-20 14:00:00+00:00,115917.41,116033.83,115887.7,115971.17,75457166.53
2025-09-20 15:00:00+00:00,115971.17,116120.46,115949.44,115988.45,118847926.63
2025-09-20 16:00:00+00:00,115988.45,116058.21,115885.11,116030.86,79873514.6
2025-09-20 17:00:00+00:00,116030.86,116076.47,115821.45,115826.5,66592640.64
2025-09-20 18:00:00+00:00,115826.5,115826.65,115704.47,115715.17,64811422.78
2025-09-20 19:00:00+00:00,115715.17,115805.65,115700.39,115700.43,77457908.1
2025-09-20 20:00:00+00:00,115700.43,115788.28,115691.27,115724.73,48812345.28
2025-09-20 21:00:00+00:00,115724.73,115940.78,115723.85,115786.07,89270028.39
2025-09-20 22:00:00+00:00,115786.07,115798.62,115742.86,115773.77,65908985.97
2025-09-20 23:00:00+00:00,115773.77,115774.39,115610.89,115683.18,48192932.84
2025-09-21 00:00:00+00:00,115683.18,115729.51,115559.35,115655.61,63900797.06
2025-09-21 01:00:00+00:00,115655.61,115655.87,115503.45,115503.55,54386677.17
2025-09-21 02:00:00+00:00,115503.55,115704.26,115447.05,115691.84,84343354.82
2025-09-21 03:00:00+00:00,115691.84,115716.63,115618.63,115670.73,55144082.52
2025-09-21 04:00:00+00:00,115670.73,115670.82,115499.18,115499.99,37129888.5
2025-09-21 05:00:00+00:00,115499.99,115666.91,115494.48,115666.9,57252484.63
2025-09-21 06:00:00+00:00,115666.9,115786.49,115666.9,115689.39,57073295.82
2025-09-21 07:00:00+00:00,115689.39,115813.25,115619.37,115813.21,87552861.24
2025-09-21 08:00:00+00:00,115813.21,115818.02,115562.96,115631.38,66913647.68
2025-09-21 09:00:00+00:00,115631.38,115705.0,115331.37,115683.95,124657215.49
2025-09-21 10:00:00+00:00,115683.95,115708.21,115505.02,115523.34,51036196.7
2025-09-21 11:00:00+00:00,115523.34,115694.29,115517.54,115606.93,57343137.84
2025-09-21 12:00:00+00:00,115606.93,115747.88,115606.84,115681.72,53029838.52
2025-09-21 13:00:00+00:00,115681.72,115747.16,115641.37,115661.09,49687326.19
2025-09-21 14:00:00+00:00,115661.09,115688.58,115501.44,115505.89,81309313.72
2025-09-21 15:00:00+00:00,115505.89,115604.47,115476.52,115531.77,64422385.06
2025-09-21 16:00:00+00:00,115531.77,115551.13,115212.11,115318.55,92207989.86
2025-09-21 17:00:00+00:00,115318.55,115632.51,115255.16,115625.7,108302791.73
2025-09-21 18:00:00+00:00,115625.7,115662.97,115515.36,115532.46,56563857.39
2025-09-21 19:00:00+00:00,115532.46,115532.51,115321.52,115482.38,56913568.37
2025-09-21 20:00:00+00:00,115482.38,115503.11,115312.92,115312.92,42262448.7
2025-09-21 21:00:00+00:00,115312.92,115427.48,115249.75,115406.47,71104086.27
2025-09-21 22:00:00+00:00,115406.47,115545.63,115188.84,115533.05,76681802.48
2025-09-21 23:00:00+00:00,115533.05,115533.05,115202.74,115233.68,90015895.1
2025-09-22 00:00:00+00:00,115233.68,115376.55,114307.82,114400.64,599734695.9
2025-09-22 01:00:00+00:00,114400.64,114746.87,114250.1,114273.11,326547593.14
2025-09-22 02:00:00+00:00,114273.11,114610.78,114172.64,114190.56,402207275.32
2025-09-22 03:00:00+00:00,114190.56,114649.38,114190.41,114649.31,179203845.18
2025-09-22 04:00:00+00:00,114649.31,114652.03,114400.58,114434.51,91836382.09
2025-09-22 05:00:00+00:00,114434.51,114548.89,114012.71,114012.71,187586857.31
2025-09-22 06:00:00+00:00,114012.71,114012.71,112490.85,112812.19,1730340574.43
2025-09-22 07:00:00+00:00,112812.19,113002.87,112483.58,112519.74,545812742.77
2025-09-22 08:00:00+00:00,112519.74,112785.05,112467.63,112631.15,280631750.38
2025-09-22 09:00:00+00:00,112631.15,112667.76,112174.26,112340.28,395394866.2
2025-09-22 10:00:00+00:00,112340.28,112848.75,112264.23,112790.76,212751925.25
2025-09-22 11:00:00+00:00,112790.76,112970.05,112682.08,112876.27,186553502.18
2025-09-22 12:00:00+00:00,112876.27,112876.36,112517.91,112743.12,223338137.9
2025-09-22 13:00:00+00:00,112743.12,113145.94,112388.22,113135.65,309369320.02
2025-09-22 14:00:00+00:00,113135.65,113430.6,112765.17,112934.86,549096342.02
2025-09-22 15:00:00+00:00,112934.86,113024.52,112577.76,112821.68,278094405.74
2025-09-22 16:00:00+00:00,112821.68,112886.58,112587.44,112602.54,202888466.08
2025-09-22 17:00:00+00:00,112602.54,112622.05,112252.48,112394.07,244995923.2
2025-09-22 18:00:00+00:00,112394.07,112817.07,112346.65,112436.54,168090330.14
2025-09-22 19:00:00+00:00,112436.54,112598.16,111939.81,112120.41,410914246.5
2025-09-22 20:00:00+00:00,112120.41,112975.62,111978.66,112781.98,229214139.08
2025-09-22 21:00:00+00:00,112781.98,112973.07,112602.32,112970.33,139394077.25
2025-09-22 22:00:00+00:00,112970.33,112970.34,112593.27,112641.04,109130337.58
2025-09-22 23:00:00+00:00,112641.04,112739.1,112590.73,112652.87,85582658.3
2025-09-23 00:00:00+00:00,112652.87,112831.44,112382.12,112396.07,176593329.08
2025-09-23 01:00:00+00:00,112396.07,112509.1,112144.84,112153.75,143796915.77
2025-09-23 02:00:00+00:00,112153.75,112488.27,111681.93,111810.46,262935431.81
2025-09-23 03:00:00+00:00,111810.46,112445.94,111487.98,112331.43,330096005.61
2025-09-23 04:00:00+00:00,112331.43,112466.54,111874.06,112437.53,193248962.25
2025-09-23 05:00:00+00:00,112437.53,112889.06,112420.29,112667.69,197765945.5
2025-09-23 06:00:00+00:00,112667.69,113110.11,112613.64,112975.17,190089421.39
2025-09-23 07:00:00+00:00,112975.17,113112.15,112884.98,113090.28,242423985.28
2025-09-23 08:00:00+00:00,113090.28,113171.13,112941.52,113128.72,206182178.98
2025-09-23 09:00:00+00:00,113128.72,113272.47,112883.2,112936.39,157048513.38
2025-09-23 10:00:00+00:00,112936.39,113003.82,112825.96,112971.01,133956068.96
2025-09-23 11:00:00+00:00,112971.01,113075.41,112692.89,112974.92,135923474.5
2025-09-23 12:00:00+00:00,112974.92,113046.54,112812.55,112941.47,166988980.47
2025-09-23 13:00:00+00:00,112941.47,113018.54,112722.8,112948.96,253139836.16
2025-09-23 14:00:00+00:00,112948.96,113288.23,112571.91,112649.8,339931013.62
2025-09-23 15:00:00+00:00,112649.8,113060.57,112491.75,112876.4,239447947.44
2025-09-23 16:00:00+00:00,112876.4,112956.71,112481.74,112816.88,245558355.87
2025-09-23 17:00:00+00:00,112816.88,112819.32,111880.79,111950.24,315601772.92
2025-09-23 18:00:00+00:00,111950.24,112191.04,111680.12,111777.82,402196861.51
2025-09-23 19:00:00+00:00,111777.82,111975.66,111536.68,111648.55,293022286.79
2025-09-23 20:00:00+00:00,111648.55,111990.95,111464.4,111984.55,183932244.36
2025-09-23 21:00:00+00:00,111984.55,112194.88,111891.74,112159.02,97825035.97
2025-09-23 22:00:00+00:00,112159.02,112214.61,112004.19,112158.89,81960748.28
2025-09-23 23:00:00+00:00,112158.89,112225.02,111877.41,111998.18,121707682.47
2025-09-24 00:00:00+00:00,111998.18,112383.34,111819.15,112224.33,197702035.17
2025-09-24 01:00:00+00:00,112224.33,112496.7,112141.52,112442.75,130772152.92
2025-09-24 02:00:00+00:00,112442.75,112494.47,111896.25,112112.86,375597498.89
2025-09-24 03:00:00+00:00,112112.86,112216.36,111680.25,111685.18,366552071.22
2025-09-24 04:00:00+00:00,111685.18,112376.4,111189.84,112168.25,530768612.41
2025-09-24 05:00:00+00:00,112168.25,112670.29,112137.68,112642.41,170833681.73
2025-09-24 06:00:00+00:00,112642.41,112786.82,112536.16,112597.84,174669497.98
2025-09-24 07:00:00+00:00,112597.84,112743.24,112461.72,112579.85,154049673.08
2025-09-24 08:00:00+00:00,112579.85,112634.66,112406.12,112620.3,147307406.95
2025-09-24 09:00:00+00:00,112620.3,112825.48,112499.87,112736.44,110114250.18
2025-09-24 10:00:00+00:00,112736.44,112960.82,112669.41,112941.45,171179597.91
2025-09-24 11:00:00+00:00,112941.45,113162.51,112875.05,113029.64,211938474.04
2025-09-24 12:00:00+00:00,113029.64,113098.16,112938.49,113066.93,99621628.64
2025-09-24 13:00:00+00:00,113066.93,113228.02,112812.37,112824.46,268391540.75
2025-09-24 14:00:00+00:00,112824.46,113893.99,112824.38,113716.22,398217909.18
2025-09-24 15:00:00+00:00,113716.22,113886.35,113260.37,113343.85,337652437.32
2025-09-24 16:00:00+00:00,113343.85,113749.11,113162.68,113726.96,233497416.09
2025-09-24 17:00:00+00:00,113726.96,113943.29,113610.68,113759.0,201082976.32
2025-09-24 18:00:00+00:00,113759.0,113827.9,113514.04,113641.88,150683271.81
2025-09-24 19:00:00+00:00,113641.88,113680.62,113291.72,113421.99,134912352.23
2025-09-24 20:00:00+00:00,113421.99,113609.74,113400.28,113507.22,127520569.02
2025-09-24 21:00:00+00:00,113507.22,113585.36,113287.84,113340.17,97612006.02
2025-09-24 22:00:00+00:00,113340.17,113645.56,113258.61,113335.81,145333110.82
2025-09-24 23:00:00+00:00,113335.81,113426.11,113207.84,113303.6,132864862.68
2025-09-25 00:00:00+00:00,113303.6,113505.14,112970.17,113061.2,227637460.03
2025-09-25 01:00:00+00:00,113061.2,113366.19,112451.46,112662.42,480685100.15
2025-09-25 02:00:00+00:00,112662.42,113178.21,112512.26,112902.4,281112986.68
2025-09-25 03:00:00+00:00,112902.4,112902.4,112228.75,112556.19,316653416.65
2025-09-25 04:00:00+00:00,112556.19,112616.3,111601.64,111738.09,509712589.11
2025-09-25 05:00:00+00:00,111738.09,112037.65,111597.88,111748.7,291566236.46
2025-09-25 06:00:00+00:00,111748.7,111842.85,111508.55,111528.43,206528286.26
2025-09-25 07:00:00+00:00,111528.43,111880.19,111449.39,111764.02,250271865.45
2025-09-25 08:00:00+00:00,111764.02,112034.37,111695.62,111741.27,192391805.74
2025-09-25 09:00:00+00:00,111741.27,112243.36,111572.83,111572.83,253915434.12
2025-09-25 10:00:00+00:00,111572.83,111858.78,111529.28,111649.87,155670748.11
2025-09-25 11:00:00+00:00,111649.87,111725.77,111286.42,111351.3,214683119.28
2025-09-25 12:00:00+00:00,111351.3,111654.33,111112.24,111114.92,549780143.89
2025-09-25 13:00:00+00:00,111114.92,111716.35,110630.08,110992.62,844085454.73
2025-09-25 14:00:00+00:00,110992.62,111724.76,110976.17,111545.58,498435510.82
2025-09-25 15:00:00+00:00,111545.58,111585.69,110859.39,111579.68,345410452.48
2025-09-25 16:00:00+00:00,111579.68,111670.53,110901.97,110953.12,330920193.65
2025-09-25 17:00:00+00:00,110953.12,110959.86,108659.99,108826.27,1137996269.13
2025-09-25 18:00:00+00:00,108826.27,109803.35,108631.2,109759.24,672841160.98
2025-09-25 19:00:00+00:00,109759.24,109972.38,109305.82,109363.54,398067115.77
2025-09-25 20:00:00+00:00,109363.54,109484.77,109060.13,109164.49,225476046.83
2025-09-25 21:00:00+00:00,109164.49,109663.19,109074.13,109412.25,186900134.73
2025-09-25 22:00:00+00:00,109412.25,109580.22,109260.63,109420.2,147308115.79
2025-09-25 23:00:00+00:00,109420.2,109679.37,108836.35,108993.33,398965071.08
2025-09-26 00:00:00+00:00,108993.33,109609.87,108813.93,109473.52,390463354.55
2025-09-26 01:00:00+00:00,109473.52,109758.63,109311.74,109680.86,274490769.59
2025-09-26 02:00:00+00:00,109680.86,109798.87,109488.41,109618.97,223011351.12
2025-09-26 03:00:00+00:00,109618.97,109630.27,109292.77,109579.01,217075509.31
2025-09-26 04:00:00+00:00,109579.01,109624.55,109250.4,109339.8,140284151.62
2025-09-26 05:00:00+00:00,109339.8,109581.09,109086.14,109250.11,168475338.83
2025-09-26 06:00:00+00:00,109250.11,109621.45,109013.03,109354.77,302713726.05
2025-09-26 07:00:00+00:00,109354.77,109589.8,108909.5,109313.12,674068690.51
2025-09-26 08:00:00+00:00,109313.12,109608.15,109309.06,109565.57,217453888.51
2025-09-26 09:00:00+00:00,109565.57,109691.26,109398.04,109562.57,166774420.96
2025-09-26 10:00:00+00:00,109562.57,109565.73,108706.19,108893.82,313949904.11
2025-09-26 11:00:00+00:00,108893.82,109199.61,108621.79,109129.32,279812922.54
2025-09-26 12:00:00+00:00,109129.32,109576.86,108819.81,109373.63,421196200.0
2025-09-26 13:00:00+00:00,109373.63,109778.29,109004.57,109666.87,585570550.03
2025-09-26 14:00:00+00:00,109666.87,109743.89,108769.39,108836.67,622095949.6
2025-09-26 15:00:00+00:00,108836.67,109359.05,108807.35,109025.71,298769708.12
2025-09-26 16:00:00+00:00,109025.71,109614.98,109025.69,109463.58,189847060.62
2025-09-26 17:00:00+00:00,109463.58,110000.94,109391.75,109900.99,314104027.56
2025-09-26 18:00:00+00:00,109900.99,110295.54,109698.44,109724.32,291272702.85
2025-09-26 19:00:00+00:00,109724.32,109724.32,109026.12,109165.31,290942981.3
2025-09-26 20:00:00+00:00,109165.31,109343.88,109087.42,109289.71,145831388.67
2025-09-26 21:00:00+00:00,109289.71,109536.7,109187.61,109467.22,102197990.77
2025-09-26 22:00:00+00:00,109467.22,109604.13,109350.02,109556.61,80872567.02
2025-09-26 23:00:00+00:00,109556.61,109681.56,109430.79,109645.1,71638229.56
2025-09-27 00:00:00+00:00,109645.1,109661.2,109476.37,109642.54,97498316.8
2025-09-27 01:00:00+00:00,109642.54,109656.8,109328.11,109429.71,128303103.59
2025-09-27 02:00:00+00:00,109429.71,109471.39,109320.47,109400.82,88674974.73
2025-09-27 03:00:00+00:00,109400.82,109731.6,109380.69,109558.36,143924000.39
2025-09-27 04:00:00+00:00,109558.36,109735.99,109518.51,109651.1,106567851.78
2025-09-27 05:00:00+00:00,109651.1,109683.04,109592.77,109634.57,48679510.96
2025-09-27 06:00:00+00:00,109634.57,109634.76,109482.8,109539.05,63561892.64
2025-09-27 07:00:00+00:00,109539.05,109564.91,109337.03,109408.05,87901937.47
2025-09-27 08:00:00+00:00,109408.05,109408.05,109257.09,109257.24,120357970.98
2025-09-27 09:00:00+00:00,109257.24,109350.18,109071.57,109300.24,138092870.14
2025-09-27 10:00:00+00:00,109300.24,109478.95,109263.09,109434.18,120544720.77
2025-09-27 11:00:00+00:00,109434.18,109439.86,109288.09,109312.76,63121041.38
2025-09-27 12:00:00+00:00,109312.76,109479.96,109244.01,109404.54,110146459.82
2025-09-27 13:00:00+00:00,109404.54,109408.32,109301.35,109313.96,95350877.95
2025-09-27 14:00:00+00:00,109313.96,109391.61,109256.57,109288.73,79150748.39
2025-09-27 15:00:00+00:00,109288.73,109426.01,109195.01,109396.36,129009902.4
2025-09-27 16:00:00+00:00,109396.36,109422.29,109312.19,109387.16,94090403.2
2025-09-27 17:00:00+00:00,109387.16,109414.65,109242.77,109383.02,120219696.39
2025-09-27 18:00:00+00:00,109383.02,109439.01,109345.99,109431.04,69990732.27
2025-09-27 19:00:00+00:00,109431.04,109438.92,109382.74,109422.56,34310871.4
2025-09-27 20:00:00+00:00,109422.56,109434.71,109359.13,109390.49,29317472.47
2025-09-27 21:00:00+00:00,109390.49,109479.95,109390.15,109471.31,51485088.09
2025-09-27 22:00:00+00:00,109471.31,109699.05,109471.27,109601.91,104351691.44
2025-09-27 23:00:00+00:00,109601.91,109677.24,109459.52,109630.7,67876929.64
2025-09-28 00:00:00+00:00,109630.7,109787.22,109549.51,109611.31,141329854.65
2025-09-28 01:00:00+00:00,109611.31,109656.19,109334.33,109354.55,167363318.28
2025-09-28 02:00:00+00:00,109354.55,109538.21,109349.25,109448.17,81246023.23
2025-09-28 03:00:00+00:00,109448.17,109532.48,109411.61,109440.17,52013858.39
2025-09-28 04:00:00+00:00,109440.17,109484.18,109367.29,109372.29,35237190.25
2025-09-28 05:00:00+00:00,109372.29,109401.43,109356.62,109357.48,38453624.97
2025-09-28 06:00:00+00:00,109357.48,109452.97,109262.58,109412.54,67855761.55
2025-09-28 07:00:00+00:00,109412.54,109538.77,109352.76,109515.34,59429673.46
2025-09-28 08:00:00+00:00,109515.34,109584.34,109427.69,109510.75,94773727.64
2025-09-28 09:00:00+00:00,109510.75,109560.22,109329.38,109521.38,103064373.53
2025-09-28 10:00:00+00:00,109521.38,109521.46,109365.29,109368.77,71775027.09
2025-09-28 11:00:00+00:00,109368.77,109447.12,109247.61,109375.48,103482597.29
2025-09-28 12:00:00+00:00,109375.48,109446.59,109198.33,109316.77,158163054.21
2025-09-28 13:00:00+00:00,109316.77,109669.88,109316.72,109633.71,167863774.85
2025-09-28 14:00:00+00:00,109633.71,109882.7,109509.18,109849.37,158786413.09
2025-09-28 15:00:00+00:00,109849.37,110032.31,109710.95,110032.31,185792410.63
2025-09-28 16:00:00+00:00,110032.31,110386.97,110011.95,110223.82,194323669.27
2025-09-28 17:00:00+00:00,110223.82,110373.74,110130.85,110209.63,176478689.89
2025-09-28 18:00:00+00:00,110209.63,110292.62,110066.73,110292.62,80480085.8
2025-09-28 19:00:00+00:00,110292.62,110386.09,110121.98,110332.99,67311895.91
2025-09-28 20:00:00+00:00,110332.99,110944.05,110294.09,110809.14,184687981.84
2025-09-28 21:00:00+00:00,110809.14,110895.14,110637.78,110832.79,98237775.05
2025-09-28 22:00:00+00:00,110832.79,112019.29,110832.78,111934.12,430037147.98
2025-09-28 23:00:00+00:00,111934.12,112345.26,111934.07,112165.14,341148337.38
2025-09-29 00:00:00+00:00,112165.14,112309.52,111988.21,112258.03,275041438.34
2025-09-29 01:00:00+00:00,112258.03,112308.87,111728.84,111855.48,275837957.55
2025-09-29 02:00:00+00:00,111855.48,112021.68,111629.63,111749.19,268244590.65
2025-09-29 03:00:00+00:00,111749.19,111862.86,111587.61,111862.8,196240736.88
2025-09-29 04:00:00+00:00,111862.8,111902.97,111751.66,111812.06,156425048.71
2025-09-29 05:00:00+00:00,111812.06,111817.02,111574.29,111753.19,160332442.92
2025-09-29 06:00:00+00:00,111753.19,111855.05,111630.6,111644.02,167333734.95
2025-09-29 07:00:00+00:00,111644.02,111865.31,111563.46,111864.9,261327300.13
2025-09-29 08:00:00+00:00,111864.9,112429.84,111864.55,112101.1,481556307.61
2025-09-29 09:00:00+00:00,112101.1,112217.24,111994.4,112108.88,228233592.29
2025-09-29 10:00:00+00:00,112108.88,112232.75,112027.76,112094.23,199114673.08
2025-09-29 11:00:00+00:00,112094.23,112115.95,111923.77,112105.14,187688738.38
2025-09-29 12:00:00+00:00,112105.14,112506.93,111942.33,112023.71,282334982.32
2025-09-29 13:00:00+00:00,112023.71,113485.74,111908.0,113226.08,754974701.61
2025-09-29 14:00:00+00:00,113226.08,114233.92,113213.44,114031.79,672619913.44
2025-09-29 15:00:00+00:00,114031.79,114120.87,113690.27,113816.35,324827198.4
2025-09-29 16:00:00+00:00,113816.35,114058.02,113606.87,113629.93,258284081.42
2025-09-29 17:00:00+00:00,113629.93,114159.83,113456.15,114051.59,312524571.25
2025-09-29 18:00:00+00:00,114051.59,114145.31,113867.12,114012.9,171725515.24
2025-09-29 19:00:00+00:00,114012.9,114386.61,113851.89,114263.71,280541617.69
2025-09-29 20:00:00+00:00,114263.71,114403.71,114123.26,114259.47,251196507.24
2025-09-29 21:00:00+00:00,114259.47,114329.72,114095.71,114177.04,118283375.4
2025-09-29 22:00:00+00:00,114177.04,114209.28,114021.31,114189.03,109726951.43
2025-09-29 23:00:00+00:00,114189.03,114392.04,114189.02,114310.95,139371496.17
2025-09-30 00:00:00+00:00,114310.95,114750.06,114040.91,114520.47,392164571.3
2025-09-30 01:00:00+00:00,114520.47,114780.81,114271.54,114499.34,362685333.9
2025-09-30 02:00:00+00:00,114499.34,114586.59,114362.57,114454.9,212707497.91
2025-09-30 03:00:00+00:00,114454.9,114515.92,114303.72,114372.18,157636635.81
2025-09-30 04:00:00+00:00,114372.18,114372.27,114093.07,114093.08,150786942.47
2025-09-30 05:00:00+00:00,114093.08,114206.75,113835.53,113903.83,349150696.69
2025-09-30 06:00:00+00:00,113903.83,114082.1,113841.22,113889.32,258029997.45
2025-09-30 07:00:00+00:00,113889.32,113989.47,113590.43,113704.16,294241171.95
2025-09-30 08:00:00+00:00,113704.16,113742.24,113354.62,113452.07,262982832.22
2025-09-30 09:00:00+00:00,113452.07,113452.44,112741.25,112784.0,342473825.07
2025-09-30 10:00:00+00:00,112784.0,113084.47,112661.65,112920.14,265004803.66
2025-09-30 11:00:00+00:00,112920.14,113130.77,112809.19,113054.87,179006422.41
2025-09-30 12:00:00+00:00,113054.87,113247.93,112986.43,112999.67,161433798.92
2025-09-30 13:00:00+00:00,112999.67,113673.75,112859.79,113396.68,441426760.99
2025-09-30 14:00:00+00:00,113396.68,113629.66,112901.3,113594.83,423331253.6
2025-09-30 15:00:00+00:00,113594.83,113597.19,112922.49,113106.09,341875975.81
2025-09-30 16:00:00+00:00,113106.09,113282.91,112798.4,112844.73,184400206.43
2025-09-30 17:00:00+00:00,112844.73,113509.63,112819.21,113245.11,318464153.8
2025-09-30 18:00:00+00:00,113245.11,113711.62,113179.88,113711.6,183105869.78
2025-09-30 19:00:00+00:00,113711.6,114569.86,113707.41,114358.66,405264381.76
2025-09-30 20:00:00+00:00,114358.66,114720.38,114119.7,114628.7,256215774.93
2025-09-30 21:00:00+00:00,114628.7,114761.95,114140.21,114166.69,218684520.23
2025-09-30 22:00:00+00:00,114166.69,114358.26,113885.94,113939.08,157621628.54
2025-09-30 23:00:00+00:00,113939.08,114044.95,113766.65,114044.95,132945034.91
2025-10-01 00:00:00+00:00,114044.95,114298.25,113964.98,114237.7,165993171.23
2025-10-01 01:00:00+00:00,114237.7,114548.29,114143.85,114548.29,193937519.8
2025-10-01 02:00:00+00:00,114548.29,114548.95,114272.94,114275.04,155080139.14
2025-10-01 03:00:00+00:00,114275.04,114526.89,114103.95,114177.89,189048026.95
2025-10-01 04:00:00+00:00,114177.89,114702.27,114153.21,114287.41,202497360.69
2025-10-01 05:00:00+00:00,114287.41,114740.89,114267.5,114567.34,187591642.24
2025-10-01 06:00:00+00:00,114567.34,114627.84,114229.45,114266.93,177040686.75
2025-10-01 07:00:00+00:00,114266.93,114584.07,114250.62,114541.72,179582621.2
2025-10-01 08:00:00+00:00,114541.72,116536.82,114485.07,116112.55,798807325.01
2025-10-01 09:00:00+00:00,116112.55,116527.11,115950.55,116414.15,299442250.0
2025-10-01 10:00:00+00:00,116414.15,116552.75,116204.86,116274.43,160521531.95
2025-10-01 11:00:00+00:00,116274.43,116788.54,116267.54,116785.68,172411219.05
2025-10-01 12:00:00+00:00,116785.68,116885.29,116358.64,116403.19,300974555.82
2025-10-01 13:00:00+00:00,116403.19,116826.18,116402.81,116809.25,408909843.98
2025-10-01 14:00:00+00:00,116809.25,117426.95,116710.6,117296.91,624661632.37
2025-10-01 15:00:00+00:00,117296.91,117653.09,117091.44,117420.55,361090135.21
2025-10-01 16:00:00+00:00,117420.55,118195.89,117318.45,117537.08,762392041.15
2025-10-01 17:00:00+00:00,117537.08,117680.97,116725.81,116772.27,356584899.2
2025-10-01 18:00:00+00:00,116772.27,117333.37,116771.6,117234.57,313486053.54
2025-10-01 19:00:00+00:00,117234.57,117616.19,117214.53,117436.69,279578243.6
2025-10-01 20:00:00+00:00,117436.69,117536.49,117165.24,117534.35,175477388.43
2025-10-01 21:00:00+00:00,117534.35,117583.14,117341.66,117555.39,91447021.62
2025-10-01 22:00:00+00:00,117555.39,118077.77,117555.36,117747.06,231028812.08
2025-10-01 23:00:00+00:00,117747.06,118641.15,117687.46,118590.47,435709459.62
2025-10-02 00:00:00+00:00,118590.47,119443.98,118406.78,118432.27,753405425.44
2025-10-02 01:00:00+00:00,118432.27,118893.28,118373.51,118622.74,291343285.92
2025-10-02 02:00:00+00:00,118622.74,118781.15,118477.04,118748.71,328841962.73
2025-10-02 03:00:00+00:00,118748.71,119060.65,118693.37,118734.3,296257002.45
2025-10-02 04:00:00+00:00,118734.3,118930.03,118429.41,118661.67,201990882.11
2025-10-02 05:00:00+00:00,118661.67,118678.2,118281.22,118374.29,200668368.63
2025-10-02 06:00:00+00:00,118374.29,118672.53,118299.88,118649.69,176421034.52
2025-10-02 07:00:00+00:00,118649.69,118672.54,118425.93,118489.28,179786110.43
2025-10-02 08:00:00+00:00,118489.28,118678.2,118356.75,118667.86,139700841.23
2025-10-02 09:00:00+00:00,118667.86,118855.56,118565.72,118855.55,151380003.29
2025-10-02 10:00:00+00:00,118855.55,118923.1,118571.91,118619.24,190670060.18
2025-10-02 11:00:00+00:00,118619.24,118891.15,118537.34,118765.85,164210021.68
2025-10-02 12:00:00+00:00,118765.85,119407.3,118744.71,119407.29,325056867.01
2025-10-02 13:00:00+00:00,119407.29,119764.13,118930.74,119624.55,689583721.11
2025-10-02 14:00:00+00:00,119624.55,119793.24,118663.29,118817.47,582706067.31
2025-10-02 15:00:00+00:00,118817.47,119922.17,118519.42,119922.12,608068103.07
2025-10-02 16:00:00+00:00,119922.12,120296.18,119606.77,119730.76,653895816.91
2025-10-02 17:00:00+00:00,119730.76,119952.41,119361.06,119917.28,334269386.35
2025-10-02 18:00:00+00:00,119917.28,120665.44,119909.8,120511.57,465850519.34
2025-10-02 19:00:00+00:00,120511.57,121024.85,120449.13,120836.63,581372383.17
2025-10-02 20:00:00+00:00,120836.63,120914.91,120307.85,120645.98,313566158.75
2025-10-02 21:00:00+00:00,120645.98,120761.62,120143.36,120147.03,185370093.62
2025-10-02 22:00:00+00:00,120147.03,120413.15,120074.08,120254.83,163076427.0
2025-10-02 23:00:00+00:00,120254.83,120673.45,120249.15,120531.94,224830425.31
2025-10-03 00:00:00+00:00,120531.94,120550.6,120082.93,120133.03,251760264.82
2025-10-03 01:00:00+00:00,120133.03,120293.15,119827.61,119878.95,226817161.06
2025-10-03 02:00:00+00:00,119878.95,120268.41,119870.15,120161.21,197887057.58
2025-10-03 03:00:00+00:00,120161.21,120474.07,120158.98,120230.34,216839382.56
2025-10-03 04:00:00+00:00,120230.34,120323.82,120010.04,120045.03,126228216.66
2025-10-03 05:00:00+00:00,120045.03,120070.63,119757.94,119924.53,191684590.48
2025-10-03 06:00:00+00:00,119924.53,120075.61,119775.32,119916.82,180105231.46
2025-10-03 07:00:00+00:00,119916.82,120015.24,119619.14,119643.37,414543673.23
2025-10-03 08:00:00+00:00,119643.37,120074.65,119250.45,120043.26,401477067.74
2025-10-03 09:00:00+00:00,120043.26,120361.39,120013.46,120302.23,341046482.66
2025-10-03 10:00:00+00:00,120302.23,120512.51,120270.61,120431.07,249868471.56
2025-10-03 11:00:00+00:00,120431.07,120467.29,120133.84,120337.64,179190863.65
2025-10-03 12:00:00+00:00,120337.64,120399.98,120099.95,120359.1,226915319.85
2025-10-03 13:00:00+00:00,120359.1,120689.64,120116.62,120378.23,455612681.07
2025-10-03 14:00:00+00:00,120378.23,120981.85,119886.59,120920.79,561835117.61
2025-10-03 15:00:00+00:00,120920.79,122367.26,120649.21,122269.44,881191179.85
2025-10-03 16:00:00+00:00,122269.44,123895.25,122269.44,122552.86,1613468583.11
2025-10-03 17:00:00+00:00,122552.86,123111.02,121607.77,122073.29,1322469164.43
2025-10-03 18:00:00+00:00,122073.29,122731.32,121477.39,122543.38,563478729.23
2025-10-03 19:00:00+00:00,122543.38,122960.02,122359.62,122662.8,332106087.27
2025-10-03 20:00:00+00:00,122662.8,122729.76,122039.58,122448.72,272148885.38
2025-10-03 21:00:00+00:00,122448.72,122453.85,122008.6,122309.79,157307429.67
2025-10-03 22:00:00+00:00,122309.79,122664.47,122309.79,122477.12,97448366.2
2025-10-03 23:00:00+00:00,122477.12,122477.47,122181.02,122229.36,97977835.94
2025-10-04 00:00:00+00:00,122229.36,122292.03,121988.42,122102.92,186550402.87
2025-10-04 01:00:00+00:00,122102.92,122109.97,121701.05,121863.35,191099658.09
2025-10-04 02:00:00+00:00,121863.35,122033.66,121684.99,121854.54,197718970.46
2025-10-04 03:00:00+00:00,121854.54,122328.37,121833.84,122242.87,159852260.06
2025-10-04 04:00:00+00:00,122242.87,122527.1,122224.01,122497.76,145053298.62
2025-10-04 05:00:00+00:00,122497.76,122801.73,122406.63,122526.27,211282073.16
2025-10-04 06:00:00+00:00,122526.27,122606.41,122384.28,122437.42,145260236.52
2025-10-04 07:00:00+00:00,122437.42,122456.29,122262.08,122321.23,228497000.06
2025-10-04 08:00:00+00:00,122321.23,122535.44,122200.92,122274.06,242681703.44
2025-10-04 09:00:00+00:00,122274.06,122455.39,122190.79,122215.0,91303520.15
2025-10-04 10:00:00+00:00,122215.0,122335.66,122110.42,122130.26,88188983.47
2025-10-04 11:00:00+00:00,122130.26,122218.9,121966.77,121978.49,129565209.76
2025-10-04 12:00:00+00:00,121978.49,122107.16,121954.05,122011.82,89984292.0
2025-10-04 13:00:00+00:00,122011.82,122507.69,122009.73,122387.36,186988645.81
2025-10-04 14:00:00+00:00,122387.36,122460.26,122002.57,122002.57,113852508.78
2025-10-04 15:00:00+00:00,122002.57,122136.9,121706.76,121790.14,276176117.88
2025-10-04 16:00:00+00:00,121790.14,121964.66,121598.61,121722.26,266958906.92
2025-10-04 17:00:00+00:00,121722.26,121915.19,121667.39,121747.91,112499483.19
2025-10-04 18:00:00+00:00,121747.91,121833.24,121518.47,121580.09,110297917.28
2025-10-04 19:00:00+00:00,121580.09,121966.92,121580.09,121966.92,92970788.36
2025-10-04 20:00:00+00:00,121966.92,122086.12,121892.71,121892.71,101375908.93
2025-10-04 21:00:00+00:00,121892.71,122347.31,121874.57,122194.99,117921459.07
2025-10-04 22:00:00+00:00,122194.99,122364.82,122145.09,122287.16,82018487.34
2025-10-04 23:00:00+00:00,122287.16,122415.69,122212.62,122390.67,63648312.42
2025-10-05 00:00:00+00:00,122390.67,122415.53,122159.65,122159.65,76199030.67
2025-10-05 01:00:00+00:00,122159.65,122412.65,122136.31,122376.94,102987203.37
2025-10-05 02:00:00+00:00,122376.94,124342.28,122340.66,124034.33,974377654.34
2025-10-05 03:00:00+00:00,124034.33,124163.86,123345.17,123775.97,487824580.69
2025-10-05 04:00:00+00:00,123775.97,125685.48,123738.82,125178.09,1111659001.47
2025-10-05 05:00:00+00:00,125178.09,125431.35,124879.47,125124.33,736294464.26
2025-10-05 06:00:00+00:00,125124.33,125221.75,124802.67,124997.97,335938590.61
2025-10-05 07:00:00+00:00,124997.97,125155.88,124625.26,124713.12,405299712.52
2025-10-05 08:00:00+00:00,124713.12,124843.84,124554.87,124597.79,242647958.61
2025-10-05 09:00:00+00:00,124597.79,124666.02,122792.39,123021.77,960300966.63
2025-10-05 10:00:00+00:00,123021.77,123132.19,122528.54,123031.67,415316383.81
2025-10-05 11:00:00+00:00,123031.67,123542.73,122855.23,123470.94,299358100.48
2025-10-05 12:00:00+00:00,123470.94,123470.97,122938.08,123090.42,258394839.63
2025-10-05 13:00:00+00:00,123090.42,123350.11,123076.39,123166.24,215271734.94
2025-10-05 14:00:00+00:00,123166.24,123337.57,122778.36,123039.53,224602650.49
2025-10-05 15:00:00+00:00,123039.53,123039.55,122681.07,122808.19,161193191.83
2025-10-05 16:00:00+00:00,122808.19,123345.63,122351.2,123269.92,390919898.77
2025-10-05 17:00:00+00:00,123269.92,123466.5,122902.91,123064.0,202268181.68
2025-10-05 18:00:00+00:00,123064.0,123220.92,122870.86,123007.68,296655102.7
2025-10-05 19:00:00+00:00,123007.68,123026.83,122513.31,122597.58,170697647.64
2025-10-05 20:00:00+00:00,122597.58,123059.42,122480.82,122715.99,154961462.76
2025-10-05 21:00:00+00:00,122715.99,122798.57,122497.43,122736.23,108271051.08
2025-10-05 22:00:00+00:00,122736.23,123280.85,122736.23,123243.26,165078574.05
2025-10-05 23:00:00+00:00,123243.26,123546.69,123224.6,123483.28,200043215.46
2025-10-06 00:00:00+00:00,123483.28,124362.82,123088.02,123354.02,587306699.24
2025-10-06 01:00:00+00:00,123354.02,124233.07,123199.7,124034.27,374981134.02
2025-10-06 02:00:00+00:00,124034.27,124238.62,123481.71,124119.11,339693583.0
2025-10-06 03:00:00+00:00,124119.11,124127.47,123747.53,123844.01,163340883.64
2025-10-06 04:00:00+00:00,123844.01,123990.15,123572.78,123580.01,144754793.41
2025-10-06 05:00:00+00:00,123580.01,123747.1,123294.05,123581.76,271909387.23
2025-10-06 06:00:00+00:00,123581.76,124166.84,123581.68,123952.88,238040646.87
2025-10-06 07:00:00+00:00,123952.88,124034.34,123284.51,123392.7,358915050.47
2025-10-06 08:00:00+00:00,123392.7,123878.75,123391.57,123848.87,245376786.49
2025-10-06 09:00:00+00:00,123848.87,124063.52,123785.82,123957.34,261541347.03
2025-10-06 10:00:00+00:00,123957.34,124148.23,123904.78,123976.53,171435695.81
2025-10-06 11:00:00+00:00,123976.53,124527.57,123739.55,124220.12,356568818.29
2025-10-06 12:00:00+00:00,124220.12,124686.04,124181.98,124558.9,348142369.37
2025-10-06 13:00:00+00:00,124558.9,125070.12,124398.65,125036.57,623157004.83
2025-10-06 14:00:00+00:00,125036.57,125337.71,124354.47,124525.19,665485185.9
2025-10-06 15:00:00+00:00,124525.19,125417.71,124516.94,125001.02,384001916.59
2025-10-06 16:00:00+00:00,125001.02,125495.14,124804.71,125465.48,345381457.7
2025-10-06 17:00:00+00:00,125465.48,125827.36,125128.87,125290.0,575243181.92
2025-10-06 18:00:00+00:00,125290.0,126195.85,125045.55,126011.54,474148287.96
2025-10-06 19:00:00+00:00,126011.54,126126.03,125246.39,125408.4,549675585.62
2025-10-06 20:00:00+00:00,125408.4,125534.19,125030.9,125210.63,227306277.07
2025-10-06 21:00:00+00:00,125210.63,125271.76,124527.75,125102.42,318727180.52
2025-10-06 22:00:00+00:00,125102.42,125287.98,124782.32,125039.79,173126504.2
2025-10-06 23:00:00+00:00,125039.79,125097.49,124639.5,124652.09,150844034.54
2025-10-07 00:00:00+00:00,124652.09,124918.67,124601.97,124896.97,215303199.91
2025-10-07 01:00:00+00:00,124896.97,125076.75,124448.15,124701.61,237867717.41
2025-10-07 02:00:00+00:00,124701.61,124701.75,124158.49,124264.87,258841301.36
2025-10-07 03:00:00+00:00,124264.87,124564.61,124102.79,124328.19,192332811.75
2025-10-07 04:00:00+00:00,124328.19,124654.05,124113.82,124501.65,189918131.86
2025-10-07 05:00:00+00:00,124501.65,124637.15,124244.82,124405.22,188905434.83
2025-10-07 06:00:00+00:00,124405.22,124461.27,123800.85,123896.89,325912404.52
2025-10-07 07:00:00+00:00,123896.89,124043.27,123573.3,123670.15,264574095.61
2025-10-07 08:00:00+00:00,123670.15,123993.4,123324.79,123859.94,379869108.55
2025-10-07 09:00:00+00:00,123859.94,124247.82,123857.52,124114.91,233208168.11
2025-10-07 10:00:00+00:00,124114.91,124408.85,124020.3,124282.83,174225126.38
2025-10-07 11:00:00+00:00,124282.83,124511.53,124183.3,124453.73,192974407.76
2025-10-07 12:00:00+00:00,124453.73,125123.71,124340.36,124914.64,307734803.3
2025-10-07 13:00:00+00:00,124914.64,125046.28,123433.98,123894.23,724513019.22
2025-10-07 14:00:00+00:00,123894.23,123996.98,122576.35,122732.33,865572362.85
2025-10-07 15:00:00+00:00,122732.33,122871.27,121214.95,121850.04,1244112091.09
2025-10-07 16:00:00+00:00,121850.04,122096.86,120838.43,121693.63,842142064.19
2025-10-07 17:00:00+00:00,121693.63,121837.52,121105.39,121139.04,444956580.18
2025-10-07 18:00:00+00:00,121139.04,121310.18,120593.77,120895.17,536179664.1
2025-10-07 19:00:00+00:00,120895.17,122019.43,120870.92,121639.43,487806460.75
2025-10-07 20:00:00+00:00,121639.43,122196.19,121639.43,121947.45,219074525.23
2025-10-07 21:00:00+00:00,121947.45,122292.89,121776.06,122009.96,184756140.67
2025-10-07 22:00:00+00:00,122009.96,122175.66,121801.05,122013.04,162516456.02
2025-10-07 23:00:00+00:00,122013.04,122019.29,121292.83,121339.96,252046572.15
2025-10-08 00:00:00+00:00,121339.96,122085.55,121275.21,121912.7,335752031.81
2025-10-08 01:00:00+00:00,121912.7,122050.63,121605.22,121952.5,289942960.01
2025-10-08 02:00:00+00:00,121952.5,122229.61,121826.55,122046.82,225313671.59
2025-10-08 03:00:00+00:00,122046.82,122046.83,121217.54,121372.7,272751571.04
2025-10-08 04:00:00+00:00,121372.7,121908.22,121081.31,121901.13,255341942.38
2025-10-08 05:00:00+00:00,121901.13,121901.74,121175.08,121373.94,265768208.71
2025-10-08 06:00:00+00:00,121373.94,121842.72,121072.01,121783.65,225426215.49
2025-10-08 07:00:00+00:00,121783.65,121874.57,121317.27,121593.59,312955480.82
2025-10-08 08:00:00+00:00,121593.59,122854.47,121524.7,122382.49,509287850.27
2025-10-08 09:00:00+00:00,122382.49,122639.35,122379.89,122518.11,235590010.33
2025-10-08 10:00:00+00:00,122518.11,123097.15,122499.45,122939.69,303516782.61
2025-10-08 11:00:00+00:00,122939.69,123192.98,122748.85,122885.02,266311749.12
2025-10-08 12:00:00+00:00,122885.02,123068.85,122538.39,122625.77,216530830.94
2025-10-08 13:00:00+00:00,122625.77,122771.05,121666.38,122609.99,447409054.26
2025-10-08 14:00:00+00:00,122609.99,123320.12,122111.88,122322.02,634266112.98
2025-10-08 15:00:00+00:00,122322.02,122620.63,121958.69,122194.0,303007676.54
2025-10-08 16:00:00+00:00,122194.0,123120.98,122115.83,123049.2,282204801.13
2025-10-08 17:00:00+00:00,123049.2,124161.87,122963.07,124035.4,572362793.91
2025-10-08 18:00:00+00:00,124035.4,124143.75,123413.01,123449.46,428630226.42
2025-10-08 19:00:00+00:00,123449.46,123755.97,123161.49,123448.16,374088507.65
2025-10-08 20:00:00+00:00,123448.16,123723.34,122822.26,122855.07,347141086.74
2025-10-08 21:00:00+00:00,122855.07,123324.78,122826.95,123276.44,150968990.94
2025-10-08 22:00:00+00:00,123276.44,123415.13,123205.07,123205.07,62211041.75
2025-10-08 23:00:00+00:00,123205.07,123530.39,123057.89,123306.9,110176271.21
2025-10-09 00:00:00+00:00,123306.9,123343.69,122841.91,122841.91,154670323.79
2025-10-09 01:00:00+00:00,122841.91,122856.62,122338.46,122550.75,261225307.35
2025-10-09 02:00:00+00:00,122550.75,122550.78,121480.67,121616.72,346687071.1
2025-10-09 03:00:00+00:00,121616.72,122115.45,121611.48,122036.5,211378757.56
2025-10-09 04:00:00+00:00,122036.5,122262.66,121900.25,122143.84,143670516.19
2025-10-09 05:00:00+00:00,122143.84,122195.76,121835.03,122112.03,164413811.41
2025-10-09 06:00:00+00:00,122112.03,122184.4,121887.99,121958.14,135447385.28
2025-10-09 07:00:00+00:00,121958.14,122061.21,121730.02,121903.04,163278422.46
2025-10-09 08:00:00+00:00,121903.04,121958.27,121151.5,121263.59,387224640.26
2025-10-09 09:00:00+00:00,121263.59,121846.98,121263.59,121812.96,220030557.43
2025-10-09 10:00:00+00:00,121812.96,122326.93,121658.8,122167.61,204699607.77
2025-10-09 11:00:00+00:00,122167.61,122829.28,122167.3,122734.2,250468192.94
2025-10-09 12:00:00+00:00,122734.2,123750.72,122715.76,123557.76,507193315.65
2025-10-09 13:00:00+00:00,123557.76,123627.1,122287.42,122409.66,603794475.47
2025-10-09 14:00:00+00:00,122409.66,122598.45,120764.19,121320.78,1086210740.11
2025-10-09 15:00:00+00:00,121320.78,121729.2,120696.69,121156.72,525786158.15
2025-10-09 16:00:00+00:00,121156.72,121482.68,119725.26,119830.11,836926990.39
2025-10-09 17:00:00+00:00,119830.11,121019.31,119685.72,120978.22,642788821.06
2025-10-09 18:00:00+00:00,120978.22,121093.66,120396.72,120658.55,375552422.65
2025-10-09 19:00:00+00:00,120658.55,121111.75,120657.68,120954.16,223728173.77
2025-10-09 20:00:00+00:00,120954.16,121195.05,120846.17,121106.07,205750048.18
2025-10-09 21:00:00+00:00,121106.07,121508.14,121065.95,121462.64,151520985.25
2025-10-09 22:00:00+00:00,121462.64,121768.86,121407.59,121689.65,141029572.67
2025-10-09 23:00:00+00:00,121689.65,121759.03,121346.77,121652.13,238906825.82
2025-10-10 00:00:00+00:00,121652.13,121862.17,121597.2,121748.5,131135392.18
2025-10-10 01:00:00+00:00,121748.5,121876.29,121490.71,121632.98,148579651.03
2025-10-10 02:00:00+00:00,121632.98,121646.67,120910.3,121065.93,322613896.54
2025-10-10 03:00:00+00:00,121065.93,121575.68,120918.1,121036.84,245855579.63
2025-10-10 04:00:00+00:00,121036.84,121391.7,121031.56,121242.45,190450156.43
2025-10-10 05:00:00+00:00,121242.45,121601.71,120993.65,121586.44,176571618.45
2025-10-10 06:00:00+00:00,121586.44,121758.5,121262.47,121378.22,263794091.92
2025-10-10 07:00:00+00:00,121378.22,121391.07,120867.73,120931.65,384155467.5
2025-10-10 08:00:00+00:00,120931.65,121654.56,120925.14,121627.97,206445683.7
2025-10-10 09:00:00+00:00,121627.97,121780.54,121274.49,121311.63,214880776.42
2025-10-10 10:00:00+00:00,121311.63,121538.69,121228.51,121497.93,126797766.52
2025-10-10 11:00:00+00:00,121497.93,121658.42,121423.15,121558.17,130576302.4
2025-10-10 12:00:00+00:00,121558.17,121685.58,121426.34,121598.28,156708568.08
2025-10-10 13:00:00+00:00,121598.28,122522.24,121389.91,121683.51,676215922.51
2025-10-10 14:00:00+00:00,121683.51,122067.64,120554.29,120554.3,616930500.75
2025-10-10 15:00:00+00:00,120554.3,120623.88,118567.88,119018.48,1801063619.19
2025-10-10 16:00:00+00:00,119018.48,119432.78,118204.99,118204.99,848208955.18
2025-10-10 17:00:00+00:00,118204.99,118426.52,117581.91,117629.41,943139374.99
2025-10-10 18:00:00+00:00,117629.41,117851.98,117230.64,117230.69,605040338.11
2025-10-10 19:00:00+00:00,117230.69,117337.55,115963.25,116660.06,1028077488.35
2025-10-10 20:00:00+00:00,116660.06,117196.92,114211.54,114520.05,1262138252.17
2025-10-10 21:00:00+00:00,114520.05,114893.16,105386.03,113341.73,4303005723.25
2025-10-10 22:00:00+00:00,113341.73,114025.18,111591.39,113660.22,1861957311.58
2025-10-10 23:00:00+00:00,113660.22,114637.89,112738.42,112769.01,1332785962.21
2025-10-11 00:00:00+00:00,112769.01,113166.44,111616.49,112512.0,1057442080.93
2025-10-11 01:00:00+00:00,112512.0,112521.25,111004.98,111075.09,1051513967.77
2025-10-11 02:00:00+00:00,111075.09,113269.13,111058.71,113188.28,900921070.7
2025-10-11 03:00:00+00:00,113188.28,113313.27,111714.62,112253.13,704571757.42
2025-10-11 04:00:00+00:00,112253.13,112955.08,111686.92,112930.6,336816036.08
2025-10-11 05:00:00+00:00,112930.6,112930.6,111994.81,112379.12,351010852.23
2025-10-11 06:00:00+00:00,112379.12,112749.91,112005.13,112042.65,310550234.57
2025-10-11 07:00:00+00:00,112042.65,112087.17,110100.7,110396.36,808571720.13
2025-10-11 08:00:00+00:00,110396.36,111531.04,110166.48,111328.02,462740146.51
2025-10-11 09:00:00+00:00,111328.02,111883.75,111276.8,111637.07,346442803.04
2025-10-11 10:00:00+00:00,111637.07,112246.16,111620.81,112112.39,404472084.48
2025-10-11 11:00:00+00:00,112112.39,112359.03,111696.97,112278.1,291865926.49
2025-10-11 12:00:00+00:00,112278.1,112472.42,112045.12,112378.61,353225530.88
2025-10-11 13:00:00+00:00,112378.61,112506.14,111913.73,112269.09,300564902.21
2025-10-11 14:00:00+00:00,112269.09,112347.47,111881.51,111982.56,311467275.66
2025-10-11 15:00:00+00:00,111982.56,112368.24,111791.64,111791.85,350858163.23
2025-10-11 16:00:00+00:00,111791.85,112087.19,111443.43,111844.75,305731620.11
2025-10-11 17:00:00+00:00,111844.75,112183.88,111718.2,112004.72,216976297.89
2025-10-11 18:00:00+00:00,112004.72,112023.71,111846.02,111956.84,108853182.72
2025-10-11 19:00:00+00:00,111956.84,112014.94,110861.86,111178.39,462390053.66
2025-10-11 20:00:00+00:00,111178.39,111358.25,109673.66,110250.4,655916808.98
2025-10-11 21:00:00+00:00,110250.4,110998.3,109593.79,110896.0,427859489.47
2025-10-11 22:00:00+00:00,110896.0,111288.78,110652.53,111042.6,216209828.67
2025-10-11 23:00:00+00:00,111042.6,111094.76,110645.94,110646.75,236251942.79
2025-10-12 00:00:00+00:00,110646.75,110669.44,109574.58,109646.16,442672612.82
2025-10-12 01:00:00+00:00,109646.16,110313.34,109641.88,109976.32,511454201.54
2025-10-12 02:00:00+00:00,109976.32,110698.03,109599.97,110117.39,478247866.53
2025-10-12 03:00:00+00:00,110117.39,111282.79,110001.38,110680.48,569176165.81
2025-10-12 04:00:00+00:00,110680.48,111942.41,110614.11,111517.56,332956443.96
2025-10-12 05:00:00+00:00,111517.56,111807.64,111186.76,111704.08,209828025.66
2025-10-12 06:00:00+00:00,111704.08,112110.3,111616.36,111684.72,285369799.28
2025-10-12 07:00:00+00:00,111684.72,111931.74,111494.52,111525.23,281268836.61
2025-10-12 08:00:00+00:00,111525.23,111796.57,111300.87,111307.45,210799565.52
2025-10-12 09:00:00+00:00,111307.45,111909.88,111141.49,111831.1,217628974.54
2025-10-12 10:00:00+00:00,111831.1,112018.7,111445.69,111650.21,191305389.15
2025-10-12 11:00:00+00:00,111650.21,112113.38,111477.11,111845.34,290410499.9
2025-10-12 12:00:00+00:00,111845.34,112238.61,111550.55,111784.22,345131494.81
2025-10-12 13:00:00+00:00,111784.22,111934.42,111259.01,111296.0,360960494.96
2025-10-12 14:00:00+00:00,111296.0,112930.51,111180.82,112446.71,910203081.36
2025-10-12 15:00:00+00:00,112446.71,113742.6,112264.66,113200.05,1313608247.85
2025-10-12 16:00:00+00:00,113200.05,114657.49,113200.01,114072.93,1110988303.56
2025-10-12 17:00:00+00:00,114072.93,114463.63,113529.68,113806.57,574833696.09
2025-10-12 18:00:00+00:00,113806.57,114242.15,113557.84,113875.76,286226979.82
2025-10-12 19:00:00+00:00,113875.76,114391.88,113825.32,114341.6,217861212.91
2025-10-12 20:00:00+00:00,114341.6,115451.22,114341.58,114929.41,566657084.43
2025-10-12 21:00:00+00:00,114929.41,115592.25,114248.8,114878.86,500655781.27
2025-10-12 22:00:00+00:00,114878.86,115758.14,114878.84,115224.39,553075491.46
2025-10-12 23:00:00+00:00,115224.39,115351.69,114741.4,114963.82,365076432.65
2025-10-13 00:00:00+00:00,114963.82,115893.28,114781.13,115282.94,531793279.32
2025-10-13 01:00:00+00:00,115282.94,115755.77,115091.09,115709.74,382875556.61
2025-10-13 02:00:00+00:00,115709.74,115947.17,115007.33,115321.98,347769119.7
2025-10-13 03:00:00+00:00,115321.98,115614.43,114624.65,114823.84,289753585.75
2025-10-13 04:00:00+00:00,114823.84,115002.28,114414.79,114704.65,435910766.05
2025-10-13 05:00:00+00:00,114704.65,114835.81,114509.0,114616.54,217489234.51
2025-10-13 06:00:00+00:00,114616.54,115364.3,114427.55,115226.26,271534472.41
2025-10-13 07:00:00+00:00,115226.26,115553.09,115036.2,115395.05,340343946.4
2025-10-13 08:00:00+00:00,115395.05,115436.62,115140.73,115267.71,220063588.31
2025-10-13 09:00:00+00:00,115267.71,115267.82,114769.83,115124.19,257416243.1
2025-10-13 10:00:00+00:00,115124.19,115148.99,114744.27,114820.41,222852020.05
2025-10-13 11:00:00+00:00,114820.41,114820.53,113732.24,114181.28,594296751.34
2025-10-13 12:00:00+00:00,114181.28,114741.74,113937.83,114411.42,412637090.73
2025-10-13 13:00:00+00:00,114411.42,115412.89,114222.98,115349.65,800123652.9
2025-10-13 14:00:00+00:00,115349.65,115460.36,113807.71,114034.08,623424295.54
2025-10-13 15:00:00+00:00,114034.08,114722.57,113985.66,114319.13,408943746.35
2025-10-13 16:00:00+00:00,114319.13,115180.21,114273.88,114668.51,455082796.98
2025-10-13 17:00:00+00:00,114668.51,115023.36,114221.02,115019.19,312769029.68
2025-10-13 18:00:00+00:00,115019.19,115368.36,114714.06,115161.0,350467475.86
2025-10-13 19:00:00+00:00,115161.0,115883.38,115072.31,115795.87,406786812.12
2025-10-13 20:00:00+00:00,115795.87,115871.99,115400.05,115710.6,208571581.14
2025-10-13 21:00:00+00:00,115710.6,115779.63,115557.63,115700.71,191981554.35
2025-10-13 22:00:00+00:00,115700.71,115831.08,115444.86,115507.32,163953361.72
2025-10-13 23:00:00+00:00,115507.32,115508.33,115014.59,115162.55,229790650.1
2025-10-14 00:00:00+00:00,115162.55,115408.62,114874.77,114957.76,267740592.69
2025-10-14 01:00:00+00:00,114957.76,114989.01,114137.6,114267.92,278721886.68
2025-10-14 02:00:00+00:00,114267.92,114289.65,113638.67,113638.67,342567303.32
2025-10-14 03:00:00+00:00,113638.67,113689.91,113277.7,113487.68,438196057.97
2025-10-14 04:00:00+00:00,113487.68,113590.28,112785.95,113059.11,476693604.35
2025-10-14 05:00:00+00:00,113059.11,113680.4,112392.7,112486.44,632455489.51
2025-10-14 06:00:00+00:00,112486.44,112697.86,111486.29,111982.74,599718169.65
2025-10-14 07:00:00+00:00,111982.74,112184.84,111471.32,111722.19,461733645.05
2025-10-14 08:00:00+00:00,111722.19,112138.53,111520.19,111806.14,283831930.98
2025-10-14 09:00:00+00:00,111806.14,111997.86,111059.66,111290.36,272128286.93
2025-10-14 10:00:00+00:00,111290.36,111337.19,110050.53,110628.2,626971594.24
2025-10-14 11:00:00+00:00,110628.2,111626.7,110618.11,111315.69,475316661.01
2025-10-14 12:00:00+00:00,111315.69,111356.75,110741.46,110801.32,418114260.7
2025-10-14 13:00:00+00:00,110801.32,111267.04,109871.36,111016.9,922946095.01
2025-10-14 14:00:00+00:00,111016.9,112197.37,110917.2,111428.75,766008434.57
2025-10-14 15:00:00+00:00,111428.75,112908.33,111064.36,112907.88,692082181.48
2025-10-14 16:00:00+00:00,112907.88,113164.07,112205.97,112333.24,783629666.94
2025-10-14 17:00:00+00:00,112333.24,112939.04,111728.26,112777.78,731200575.24
2025-10-14 18:00:00+00:00,112777.78,113462.01,112665.68,112861.07,532755033.9
2025-10-14 19:00:00+00:00,112861.07,113543.92,112055.47,112613.29,642533291.12
2025-10-14 20:00:00+00:00,112613.29,113001.28,112230.14,112992.31,260251383.29
2025-10-14 21:00:00+00:00,112992.31,113185.56,112695.33,113123.55,191864991.74
2025-10-14 22:00:00+00:00,113123.55,113569.95,112825.42,113207.65,209929736.44
2025-10-14 23:00:00+00:00,113207.65,113516.97,113011.03,113031.93,187276178.85
2025-10-15 00:00:00+00:00,113031.93,113111.61,112606.08,112991.15,330346738.67
2025-10-15 01:00:00+00:00,112991.15,113005.24,112326.41,112733.6,302776080.04
2025-10-15 02:00:00+00:00,112733.6,113611.71,112674.45,112811.89,335468034.2
2025-10-15 03:00:00+00:00,112811.89,112866.52,111819.73,112019.85,388775010.01
2025-10-15 04:00:00+00:00,112019.85,112468.86,111751.39,112342.93,307633127.71
2025-10-15 05:00:00+00:00,112342.93,112657.21,112188.38,112429.99,220557088.86
2025-10-15 06:00:00+00:00,112429.99,112559.33,111898.97,112448.42,251767518.14
2025-10-15 07:00:00+00:00,112448.42,112677.35,112236.51,112580.13,282898358.12
2025-10-15 08:00:00+00:00,112580.13,113513.8,112545.0,112950.88,450815675.02
2025-10-15 09:00:00+00:00,112950.88,113126.01,112386.06,112562.34,293344040.87
2025-10-15 10:00:00+00:00,112562.34,112649.74,112095.38,112264.28,363609147.49
2025-10-15 11:00:00+00:00,112264.28,112604.98,111688.08,111904.39,336724976.24
2025-10-15 12:00:00+00:00,111904.39,112088.45,111397.55,111710.86,387383897.68
2025-10-15 13:00:00+00:00,111710.86,112007.02,110764.8,111393.9,679840055.95
2025-10-15 14:00:00+00:00,111393.9,112233.07,110805.55,111060.94,678848580.41
2025-10-15 15:00:00+00:00,111060.94,111579.74,110387.34,110792.44,684655782.49
2025-10-15 16:00:00+00:00,110792.44,111110.27,110603.17,110743.5,333521421.53
2025-10-15 17:00:00+00:00,110743.5,111182.64,110158.85,111182.61,461973184.4
2025-10-15 18:00:00+00:00,111182.61,111501.34,110823.17,111441.23,220003766.49
2025-10-15 19:00:00+00:00,111441.23,111554.44,111092.45,111271.48,262363397.72
2025-10-15 20:00:00+00:00,111271.48,111556.57,110539.93,111106.21,328804836.62
2025-10-15 21:00:00+00:00,111106.21,111420.73,110501.0,110845.45,303063933.47
2025-10-15 22:00:00+00:00,110845.45,111387.7,110664.07,110664.91,168335143.64
2025-10-15 23:00:00+00:00,110664.91,111001.97,110586.81,110752.17,173108109.57
2025-10-16 00:00:00+00:00,110752.17,110850.61,110358.19,110433.01,276428531.79
2025-10-16 01:00:00+00:00,110433.01,111329.64,110424.83,111297.08,280997746.53
2025-10-16 02:00:00+00:00,111297.08,111550.46,111020.07,111513.42,278890863.6
2025-10-16 03:00:00+00:00,111513.42,111848.48,111272.32,111326.14,254387814.77
2025-10-16 04:00:00+00:00,111326.14,111666.77,110812.55,110972.47,208019187.82
2025-10-16 05:00:00+00:00,110972.47,111465.9,110742.66,110946.67,291970016.94
2025-10-16 06:00:00+00:00,110946.67,111716.9,110925.08,111667.94,218447755.66
2025-10-16 07:00:00+00:00,111667.94,111769.65,110553.29,110576.79,405403312.11
2025-10-16 08:00:00+00:00,110576.79,110897.9,110402.99,110816.48,297561475.72
2025-10-16 09:00:00+00:00,110816.48,111644.98,109634.37,111151.62,861058626.75
2025-10-16 10:00:00+00:00,111151.62,111713.47,111029.73,111473.07,339920820.05
2025-10-16 11:00:00+00:00,111473.07,111559.18,111007.77,111403.14,244545116.99
2025-10-16 12:00:00+00:00,111403.14,111981.54,111338.3,111523.33,360427365.0
2025-10-16 13:00:00+00:00,111523.33,111548.95,110682.85,110867.36,432191891.23
2025-10-16 14:00:00+00:00,110867.36,111422.1,109731.85,110523.43,886512111.21
2025-10-16 15:00:00+00:00,110523.43,110723.3,108371.97,108553.58,1170835416.09
2025-10-16 16:00:00+00:00,108553.58,109254.31,107579.05,109231.38,1226384259.69
2025-10-16 17:00:00+00:00,109231.38,109236.51,108219.96,108273.86,713767182.36
2025-10-16 18:00:00+00:00,108273.86,108653.66,107678.44,108651.42,777372129.1
2025-10-16 19:00:00+00:00,108651.42,108744.95,107686.83,108194.11,753198110.96
2025-10-16 20:00:00+00:00,108194.11,108421.22,107437.73,107838.89,471353767.86
2025-10-16 21:00:00+00:00,107838.89,108457.27,107591.3,108437.03,213766047.24
2025-10-16 22:00:00+00:00,108437.03,108486.84,107779.95,107795.61,163170248.18
2025-10-16 23:00:00+00:00,107795.61,108418.55,107739.42,108191.84,175619022.69
2025-10-17 00:00:00+00:00,108191.84,108835.07,107935.92,108789.25,262099652.47
2025-10-17 01:00:00+00:00,108789.25,109107.52,108508.81,108835.44,249788209.92
2025-10-17 02:00:00+00:00,108835.44,109064.76,108393.34,108972.96,239473915.38
2025-10-17 03:00:00+00:00,108972.96,109228.66,108901.24,109176.96,199902023.59
2025-10-17 04:00:00+00:00,109176.96,109232.71,108789.2,108793.64,170569933.43
2025-10-17 05:00:00+00:00,108793.64,108917.68,108306.73,108381.98,236031480.47
2025-10-17 06:00:00+00:00,108381.98,108511.81,106702.9,106749.05,862568940.17
2025-10-17 07:00:00+00:00,106749.05,106903.88,105531.83,105622.62,1123934162.53
2025-10-17 08:00:00+00:00,105622.62,105697.42,104508.86,104882.32,1220600941.03
2025-10-17 09:00:00+00:00,104882.32,105623.21,104535.3,104535.45,513046984.5
2025-10-17 10:00:00+00:00,104535.45,104907.95,103535.61,104749.08,938580872.11
2025-10-17 11:00:00+00:00,104749.08,106587.11,104678.15,105683.19,922210876.43
2025-10-17 12:00:00+00:00,105683.19,106066.66,105233.17,105351.74,441958411.55
2025-10-17 13:00:00+00:00,105351.74,106164.82,104896.18,105833.64,735195077.49
2025-10-17 14:00:00+00:00,105833.64,105994.66,104543.14,105161.59,836564709.43
2025-10-17 15:00:00+00:00,105161.59,106840.83,105108.26,106799.39,654723435.65
2025-10-17 16:00:00+00:00,106799.39,107549.68,106243.78,106371.71,764885788.19
2025-10-17 17:00:00+00:00,106371.71,106722.1,106073.96,106452.82,348128809.21
2025-10-17 18:00:00+00:00,106452.82,107093.1,106452.79,106645.6,313733868.42
2025-10-17 19:00:00+00:00,106645.6,106886.87,106236.53,106456.16,265232985.93
2025-10-17 20:00:00+00:00,106456.16,107174.37,106349.47,107011.19,187039862.14
2025-10-17 21:00:00+00:00,107011.19,107442.04,107011.19,107302.76,158072186.52
2025-10-17 22:00:00+00:00,107302.76,107417.39,106820.25,106993.24,134990955.65
2025-10-17 23:00:00+00:00,106993.24,106993.36,106387.88,106429.9,123718048.21
2025-10-18 00:00:00+00:00,106429.9,106839.37,106323.38,106837.6,186694048.72
2025-10-18 01:00:00+00:00,106837.6,107300.44,106820.83,107154.71,170682134.75
2025-10-18 02:00:00+00:00,107154.71,107298.75,106499.59,106595.45,261209861.98
2025-10-18 03:00:00+00:00,106595.45,107126.84,106577.07,107073.29,187383124.67
2025-10-18 04:00:00+00:00,107073.29,107076.48,106445.88,106478.47,213449808.78
2025-10-18 05:00:00+00:00,106478.47,106846.76,106478.46,106818.16,114545698.67
2025-10-18 06:00:00+00:00,106818.16,106952.35,106717.46,106855.42,132353012.6
2025-10-18 07:00:00+00:00,106855.42,107497.29,106630.32,106685.75,350289791.88
2025-10-18 08:00:00+00:00,106685.75,106969.59,106623.15,106724.05,251296776.42
2025-10-18 09:00:00+00:00,106724.05,106942.6,106633.24,106890.05,127709114.1
2025-10-18 10:00:00+00:00,106890.05,107148.54,106794.57,106922.03,103239223.64
2025-10-18 11:00:00+00:00,106922.03,107226.85,106774.41,107210.82,108001290.91
2025-10-18 12:00:00+00:00,107210.82,107304.52,106975.65,107068.85,103147184.82
2025-10-18 13:00:00+00:00,107068.85,107097.08,106813.75,106890.49,135658165.97
2025-10-18 14:00:00+00:00,106890.49,107111.55,106737.6,107026.21,191200056.35
2025-10-18 15:00:00+00:00,107026.21,107146.18,106822.74,106948.09,134053823.22
2025-10-18 16:00:00+00:00,106948.09,107059.18,106478.91,106661.42,154798667.97
2025-10-18 17:00:00+00:00,106661.42,106953.57,106569.58,106880.77,104139354.51
2025-10-18 18:00:00+00:00,106880.77,106920.55,106724.05,106843.57,60782907.45
2025-10-18 19:00:00+00:00,106843.57,107090.95,106766.7,107076.0,65795739.78
2025-10-18 20:00:00+00:00,107076.0,107338.41,106999.06,107016.06,110433577.62
2025-10-18 21:00:00+00:00,107016.06,107221.46,106847.66,107174.64,80952428.54
2025-10-18 22:00:00+00:00,107174.64,107283.76,107068.86,107120.21,61693292.37
2025-10-18 23:00:00+00:00,107120.21,107197.79,107008.54,107180.46,51872856.09
2025-10-19 00:00:00+00:00,107180.46,107264.2,106754.59,106894.95,171975392.68
2025-10-19 01:00:00+00:00,106894.95,106988.31,106744.11,106970.54,75850658.43
2025-10-19 02:00:00+00:00,106970.54,106997.75,106811.16,106850.44,65861232.33
2025-10-19 03:00:00+00:00,106850.44,107365.64,106806.58,107270.74,133630304.97
2025-10-19 04:00:00+00:00,107270.74,107285.34,107002.46,107044.53,101123511.51
2025-10-19 05:00:00+00:00,107044.53,107179.7,106805.08,106890.62,119659260.15
2025-10-19 06:00:00+00:00,106890.62,106911.16,106559.33,106775.95,108770136.49
2025-10-19 07:00:00+00:00,106775.95,106915.18,106707.21,106786.63,64910112.02
2025-10-19 08:00:00+00:00,106786.63,107201.46,106288.39,106451.9,349766789.21
2025-10-19 09:00:00+00:00,106451.9,108139.3,106112.78,107400.74,766351654.39
2025-10-19 10:00:00+00:00,107400.74,107881.54,107003.9,107880.94,324418010.93
2025-10-19 11:00:00+00:00,107880.94,108241.39,107638.09,107784.5,348638908.15
2025-10-19 12:00:00+00:00,107784.5,107856.42,107443.66,107593.39,202586524.83
2025-10-19 13:00:00+00:00,107593.39,108227.4,107367.97,108086.5,300541982.3
2025-10-19 14:00:00+00:00,108086.5,108511.35,107888.2,108410.93,390689045.78
2025-10-19 15:00:00+00:00,108410.93,108618.9,108330.65,108483.83,207687416.04
2025-10-19 16:00:00+00:00,108483.83,108968.02,108244.89,108625.79,227971570.92
2025-10-19 17:00:00+00:00,108625.79,109430.12,108617.8,109113.77,306753652.62
2025-10-19 18:00:00+00:00,109113.77,109447.9,109039.8,109385.19,140248304.56
2025-10-19 19:00:00+00:00,109385.19,109385.19,108805.96,108912.64,161868931.16
2025-10-19 20:00:00+00:00,108912.64,108984.22,108812.92,108848.52,137725412.21
2025-10-19 21:00:00+00:00,108848.52,108869.97,108615.34,108743.28,102536137.48
2025-10-19 22:00:00+00:00,108743.28,109364.92,108743.27,109150.76,188774494.82
2025-10-19 23:00:00+00:00,109150.76,109150.78,108472.51,108645.61,168867623.15
2025-10-20 00:00:00+00:00,108645.61,108645.64,107419.9,108055.29,424678754.16
2025-10-20 01:00:00+00:00,108055.29,108283.55,107899.78,108057.81,235911240.05
2025-10-20 02:00:00+00:00,108057.81,108965.79,107854.77,108769.98,272513638.04
2025-10-20 03:00:00+00:00,108769.98,110420.42,108571.41,110142.65,426224589.7
2025-10-20 04:00:00+00:00,110142.65,110528.06,109949.59,110425.35,325132867.48
2025-10-20 05:00:00+00:00,110425.35,111108.2,110293.17,111024.82,384945867.72
2025-10-20 06:00:00+00:00,111024.82,111371.73,110998.18,111294.3,360508498.91
2025-10-20 07:00:00+00:00,111294.3,111420.23,111057.28,111176.36,303045262.9
2025-10-20 08:00:00+00:00,111176.36,111661.45,110952.42,111099.55,323550585.99
2025-10-20 09:00:00+00:00,111099.55,111196.08,110700.45,110971.18,318256784.91
2025-10-20 10:00:00+00:00,110971.18,111103.42,110652.96,110742.79,231022365.91
2025-10-20 11:00:00+00:00,110742.79,111031.78,110624.69,111016.69,230833493.31
2025-10-20 12:00:00+00:00,111016.69,111200.2,110783.48,110848.5,208889935.53
2025-10-20 13:00:00+00:00,110848.5,111212.0,110595.07,111164.17,356466511.58
2025-10-20 14:00:00+00:00,111164.17,111393.62,110739.67,111219.48,346900255.32
2025-10-20 15:00:00+00:00,111219.48,111699.5,111020.37,111147.14,374383378.74
2025-10-20 16:00:00+00:00,111147.14,111308.29,110117.64,110683.94,684019432.56
2025-10-20 17:00:00+00:00,110683.94,111075.38,109859.84,110286.28,398634090.72
2025-10-20 18:00:00+00:00,110286.28,110964.13,110219.95,110936.35,214292798.47
2025-10-20 19:00:00+00:00,110936.35,111065.08,110536.51,110808.87,254526865.6
2025-10-20 20:00:00+00:00,110808.87,111259.78,110662.92,111089.28,204074614.95
2025-10-20 21:00:00+00:00,111089.28,111243.71,110474.27,110564.97,158789353.82
2025-10-20 22:00:00+00:00,110564.97,110867.77,110424.62,110797.85,123028424.94
2025-10-20 23:00:00+00:00,110797.85,110826.64,110529.75,110540.12,136363292.1
2025-10-21 00:00:00+00:00,110540.12,110541.13,110171.74,110455.3,269970669.28
2025-10-21 01:00:00+00:00,110455.3,110490.81,109623.72,109859.91,244344322.48
2025-10-21 02:00:00+00:00,109859.91,109914.25,109315.58,109519.14,305563935.96
2025-10-21 03:00:00+00:00,109519.14,109622.56,109070.29,109072.56,205980330.89
2025-10-21 04:00:00+00:00,109072.56,109072.61,107653.85,107787.98,639052619.43
2025-10-21 05:00:00+00:00,107787.98,107981.32,107479.25,107541.23,436539002.55
2025-10-21 06:00:00+00:00,107541.23,108202.12,107505.5,107911.65,283003209.23
2025-10-21 07:00:00+00:00,107911.65,108196.75,107654.74,108085.65,290585441.07
2025-10-21 08:00:00+00:00,108085.65,108095.61,107485.46,107699.3,264019582.42
2025-10-21 09:00:00+00:00,107699.3,107866.64,107545.37,107749.84,194371196.12
2025-10-21 10:00:00+00:00,107749.84,108815.95,107578.81,108499.97,387312242.1
2025-10-21 11:00:00+00:00,108499.97,108633.3,108171.7,108582.97,229641196.59
2025-10-21 12:00:00+00:00,108582.97,109471.97,108474.08,108790.32,442430229.39
2025-10-21 13:00:00+00:00,108790.32,108902.46,107989.68,108423.75,563143803.59
2025-10-21 14:00:00+00:00,108423.75,112296.85,108410.03,112179.67,1143015182.31
2025-10-21 15:00:00+00:00,112179.67,113555.42,111732.87,113420.98,1213293047.96
2025-10-21 16:00:00+00:00,113420.98,114006.88,112474.59,112557.82,927332934.63
2025-10-21 17:00:00+00:00,112557.82,112999.12,111816.38,112007.47,1358034313.98
2025-10-21 18:00:00+00:00,112007.47,112295.36,111340.95,111992.84,604166731.62
2025-10-21 19:00:00+00:00,111992.84,112196.02,111571.29,111783.87,325385898.15
2025-10-21 20:00:00+00:00,111783.87,111802.43,110609.86,110798.07,481434135.27
2025-10-21 21:00:00+00:00,110798.07,111108.67,110164.22,110827.51,385687639.48
2025-10-21 22:00:00+00:00,110827.51,110827.55,108694.49,109067.37,804959643.52
2025-10-21 23:00:00+00:00,109067.37,109426.18,108092.25,108307.97,503497935.01
2025-10-22 00:00:00+00:00,108307.97,108639.97,107846.19,107986.94,481967895.37
2025-10-22 01:00:00+00:00,107986.94,108461.96,107986.94,108361.57,404831478.25
2025-10-22 02:00:00+00:00,108361.57,108677.78,108209.74,108209.75,239351994.74
2025-10-22 03:00:00+00:00,108209.75,108221.72,107869.29,108216.4,327672436.29
2025-10-22 04:00:00+00:00,108216.4,108633.21,108163.94,108620.67,186935821.7
2025-10-22 05:00:00+00:00,108620.67,108642.84,107886.07,108170.23,326452411.54
2025-10-22 06:00:00+00:00,108170.23,108338.3,107954.99,107986.45,201242891.05
2025-10-22 07:00:00+00:00,107986.45,108324.04,107616.41,108324.03,340036734.8
2025-10-22 08:00:00+00:00,108324.03,108355.36,108086.07,108225.99,177567067.52
2025-10-22 09:00:00+00:00,108225.99,108273.15,107776.83,107961.77,195164867.38
2025-10-22 10:00:00+00:00,107961.77,108108.7,107647.36,107659.69,177539248.05
2025-10-22 11:00:00+00:00,107659.69,108210.06,106885.83,107551.61,680825434.13
2025-10-22 12:00:00+00:00,107551.61,108391.69,107449.7,108038.88,313775882.13
2025-10-22 13:00:00+00:00,108038.88,109012.09,107630.64,108785.89,614800313.32
2025-10-22 14:00:00+00:00,108785.89,108998.04,107513.29,108951.53,1025034007.19
2025-10-22 15:00:00+00:00,108951.53,109158.55,107741.94,108411.95,621321592.31
2025-10-22 16:00:00+00:00,108411.95,108794.92,107871.31,108225.58,537831123.22
2025-10-22 17:00:00+00:00,108225.58,108333.63,107569.0,107776.01,368652723.55
2025-10-22 18:00:00+00:00,107776.01,108196.78,107465.86,108015.46,328018290.51
2025-10-22 19:00:00+00:00,108015.46,108399.56,107750.56,107870.35,330417632.34
2025-10-22 20:00:00+00:00,107870.35,108067.87,107503.98,107687.39,274706117.63
2025-10-22 21:00:00+00:00,107687.39,107744.37,106737.22,107204.53,501702454.51
2025-10-22 22:00:00+00:00,107204.53,107677.3,106921.88,107194.22,270658013.31
2025-10-22 23:00:00+00:00,107194.22,107942.15,107172.77,107577.29,260872504.05
2025-10-23 00:00:00+00:00,107577.29,107975.92,107506.24,107856.12,149339590.13
2025-10-23 01:00:00+00:00,107856.12,108491.26,107817.15,108154.43,376186887.16
2025-10-23 02:00:00+00:00,108154.43,108412.35,108064.64,108411.79,149000050.5
2025-10-23 03:00:00+00:00,108411.79,108716.9,108333.84,108370.4,194761694.89
2025-10-23 04:00:00+00:00,108370.4,108935.28,108355.84,108648.28,138387970.42
2025-10-23 05:00:00+00:00,108648.28,108987.26,108629.49,108949.2,136982493.16
2025-10-23 06:00:00+00:00,108949.2,110295.61,108852.77,110244.89,513104545.88
2025-10-23 07:00:00+00:00,110244.89,110265.74,109211.81,109267.67,344615160.02
2025-10-23 08:00:00+00:00,109267.67,109900.31,109249.01,109504.54,224863375.42
2025-10-23 09:00:00+00:00,109504.54,109537.97,109136.29,109430.62,162136412.66
2025-10-23 10:00:00+00:00,109430.62,109704.57,109384.71,109442.49,158267928.48
2025-10-23 11:00:00+00:00,109442.49,109656.03,109116.85,109258.65,199780305.84
2025-10-23 12:00:00+00:00,109258.65,109258.7,108695.88,109168.93,332044069.19
2025-10-23 13:00:00+00:00,109168.93,109625.36,108809.8,109498.2,413588093.17
2025-10-23 14:00:00+00:00,109498.2,109811.22,108731.2,109593.21,481465529.08
2025-10-23 15:00:00+00:00,109593.21,110105.36,109489.94,109907.59,340197430.09
2025-10-23 16:00:00+00:00,109907.59,110562.47,109648.6,110260.33,306436714.61
2025-10-23 17:00:00+00:00,110260.33,111295.74,109650.11,111239.28,532633644.22
2025-10-23 18:00:00+00:00,111239.28,111292.5,110262.64,110572.01,296874063.64
2025-10-23 19:00:00+00:00,110572.01,110623.67,110105.47,110204.26,155835483.78
2025-10-23 20:00:00+00:00,110204.26,110205.03,109366.49,109522.69,263145524.14
2025-10-23 21:00:00+00:00,109522.69,109722.63,109374.97,109535.49,198479571.6
2025-10-23 22:00:00+00:00,109535.49,110153.19,109521.1,109942.41,165629525.66
2025-10-23 23:00:00+00:00,109942.41,110092.57,109836.46,110068.79,96694037.67
2025-10-24 00:00:00+00:00,110068.79,110688.78,109996.95,110501.92,233495676.5
2025-10-24 01:00:00+00:00,110501.92,110659.95,110141.0,110583.66,182624493.16
2025-10-24 02:00:00+00:00,110583.66,110810.32,110353.91,110571.93,131599514.98
2025-10-24 03:00:00+00:00,110571.93,110631.74,110282.14,110447.84,134136762.21
2025-10-24 04:00:00+00:00,110447.84,111466.82,110338.33,111178.96,330938740.83
2025-10-24 05:00:00+00:00,111178.96,111312.63,110943.87,111259.44,206093622.57
2025-10-24 06:00:00+00:00,111259.44,111497.12,111128.34,111466.4,184744903.54
2025-10-24 07:00:00+00:00,111466.4,111527.29,110779.88,111065.89,290937327.53
2025-10-24 08:00:00+00:00,111065.89,111226.02,110697.78,111096.51,251131878.06
2025-10-24 09:00:00+00:00,111096.51,111489.56,111002.5,111331.28,202325873.89
2025-10-24 10:00:00+00:00,111331.28,111331.34,111073.93,111121.11,148622058.97
2025-10-24 11:00:00+00:00,111121.11,111271.71,110611.26,111070.38,210985929.89
2025-10-24 12:00:00+00:00,111070.38,111882.98,110877.89,111304.04,676165470.54
2025-10-24 13:00:00+00:00,111304.04,111448.86,110391.4,110938.62,541391493.91
2025-10-24 14:00:00+00:00,110938.62,110938.64,109696.2,110215.92,745891409.81
2025-10-24 15:00:00+00:00,110215.92,110615.49,109891.69,110048.82,297150851.74
2025-10-24 16:00:00+00:00,110048.82,110384.28,109802.18,110259.44,201418419.4
2025-10-24 17:00:00+00:00,110259.44,110570.15,110183.96,110226.75,159890330.77
2025-10-24 18:00:00+00:00,110226.75,110632.96,110159.16,110606.57,137433061.52
2025-10-24 19:00:00+00:00,110606.57,110940.59,110523.06,110614.98,178323610.1
2025-10-24 20:00:00+00:00,110614.98,111018.09,110480.63,110891.36,138121040.78
2025-10-24 21:00:00+00:00,110891.36,111107.01,110641.36,111086.29,240088861.27
2025-10-24 22:00:00+00:00,111086.29,111135.7,110928.06,111023.98,67554692.4
2025-10-24 23:00:00+00:00,111023.98,111122.37,110884.81,111008.5,49690700.26
2025-10-25 00:00:00+00:00,111008.5,111043.61,110674.85,110768.43,96468657.04
2025-10-25 01:00:00+00:00,110768.43,111229.6,110752.15,111072.04,103326552.72
2025-10-25 02:00:00+00:00,111072.04,111128.83,110952.11,111031.39,56642332.78
2025-10-25 03:00:00+00:00,111031.39,111136.37,111001.57,111027.86,80510205.43
2025-10-25 04:00:00+00:00,111027.86,111444.26,111027.81,111226.83,115215830.91
2025-10-25 05:00:00+00:00,111226.83,111430.83,111092.24,111382.35,84093018.57
2025-10-25 06:00:00+00:00,111382.35,111496.41,111257.89,111365.82,108517677.59
2025-10-25 07:00:00+00:00,111365.82,111787.66,111365.73,111498.46,185832515.26
2025-10-25 08:00:00+00:00,111498.46,111799.71,111490.62,111771.41,122103567.23
2025-10-25 09:00:00+00:00,111771.41,111842.04,111495.39,111523.58,156372880.13
2025-10-25 10:00:00+00:00,111523.58,111721.18,111386.9,111569.24,137556995.07
2025-10-25 11:00:00+00:00,111569.24,111666.82,111488.11,111570.33,62716438.92
2025-10-25 12:00:00+00:00,111570.33,111939.32,111533.78,111906.53,127074280.84
2025-10-25 13:00:00+00:00,111906.53,111922.58,111523.55,111681.59,145656746.25
2025-10-25 14:00:00+00:00,111681.59,111765.24,111525.48,111595.86,79836027.37
2025-10-25 15:00:00+00:00,111595.86,111595.99,111318.54,111388.13,112272480.85
2025-10-25 16:00:00+00:00,111388.13,111478.66,111162.48,111374.79,134785980.0
2025-10-25 17:00:00+00:00,111374.79,111454.33,111299.06,111378.4,47547105.89
2025-10-25 18:00:00+00:00,111378.4,111735.18,111319.53,111724.87,77561552.98
2025-10-25 19:00:00+00:00,111724.87,111726.02,111582.05,111626.27,51287852.49
2025-10-25 20:00:00+00:00,111626.27,111659.4,111375.77,111436.79,62134834.09
2025-10-25 21:00:00+00:00,111436.79,111482.87,111350.34,111480.01,54694157.58
2025-10-25 22:00:00+00:00,111480.01,111685.18,111413.36,111626.85,49045138.18
2025-10-25 23:00:00+00:00,111626.85,111672.99,111535.39,111646.14,48421680.43
2025-10-26 00:00:00+00:00,111646.14,111905.71,111545.17,111721.27,127377608.57
2025-10-26 01:00:00+00:00,111721.27,111840.54,111527.67,111646.64,103279211.21
2025-10-26 02:00:00+00:00,111646.64,111686.28,111414.76,111454.31,94552412.11
2025-10-26 03:00:00+00:00,111454.31,111506.66,111262.33,111264.29,79534135.53
2025-10-26 04:00:00+00:00,111264.29,111480.78,111259.36,111433.01,49747901.93
2025-10-26 05:00:00+00:00,111433.01,111647.91,111365.39,111612.02,67225630.28
2025-10-26 06:00:00+00:00,111612.02,111678.15,111545.02,111630.95,48762880.87
2025-10-26 07:00:00+00:00,111630.95,111726.62,111616.12,111723.82,53873974.98
2025-10-26 08:00:00+00:00,111723.82,111845.33,111723.72,111777.07,74324757.72
2025-10-26 09:00:00+00:00,111777.07,112783.95,111709.95,112528.46,447890744.17
2025-10-26 10:00:00+00:00,112528.46,112558.14,112192.15,112480.99,136951195.98
2025-10-26 11:00:00+00:00,112480.99,113468.63,112430.13,113285.13,383393902.78
2025-10-26 12:00:00+00:00,113285.13,113829.38,113281.63,113575.18,461810131.46
2025-10-26 13:00:00+00:00,113575.18,114015.42,113279.27,113710.33,435873813.04
2025-10-26 14:00:00+00:00,113710.33,113887.42,113545.5,113573.67,281555641.65
2025-10-26 15:00:00+00:00,113573.67,113733.25,113429.75,113697.11,154026714.74
2025-10-26 16:00:00+00:00,113697.11,113761.14,113287.53,113519.49,204788722.23
2025-10-26 17:00:00+00:00,113519.49,113748.63,113442.08,113442.09,99551470.39
2025-10-26 18:00:00+00:00,113442.09,113786.81,113442.08,113580.86,98916496.35
2025-10-26 19:00:00+00:00,113580.86,113715.05,113504.4,113585.06,73684460.94
2025-10-26 20:00:00+00:00,113585.06,113585.06,113302.53,113317.48,73086431.16
2025-10-26 21:00:00+00:00,113317.48,113585.87,112910.73,113489.83,167895660.1
2025-10-26 22:00:00+00:00,113489.83,115259.92,113489.79,114680.05,702034642.74
2025-10-26 23:00:00+00:00,114680.05,114965.3,114388.2,114553.22,242796150.67
2025-10-27 00:00:00+00:00,114553.22,115168.35,114365.3,114764.93,367141999.01
2025-10-27 01:00:00+00:00,114764.93,115379.82,114710.89,115281.26,238971089.69
2025-10-27 02:00:00+00:00,115281.26,115450.04,114823.77,114885.27,252928009.88
2025-10-27 03:00:00+00:00,114885.27,115250.68,114834.95,114971.72,177962589.1
2025-10-27 04:00:00+00:00,114971.72,115285.29,114945.3,115258.61,122593762.5
2025-10-27 05:00:00+00:00,115258.61,115648.98,115258.6,115553.17,274177420.38
2025-10-27 06:00:00+00:00,115553.17,116119.43,115363.16,116044.13,468722362.19
2025-10-27 07:00:00+00:00,116044.13,116392.83,115497.82,115552.44,601900711.8
2025-10-27 08:00:00+00:00,115552.44,115600.66,114899.88,115017.73,345410907.01
2025-10-27 09:00:00+00:00,115017.73,115351.45,114821.12,115251.87,342691777.07
2025-10-27 10:00:00+00:00,115251.87,115549.44,115122.47,115448.92,159378101.75
2025-10-27 11:00:00+00:00,115448.92,115528.16,115132.96,115356.43,197506911.67
2025-10-27 12:00:00+00:00,115356.43,115433.53,115005.06,115064.94,291036567.8
2025-10-27 13:00:00+00:00,115064.94,115408.86,114590.02,115262.62,415369784.65
2025-10-27 14:00:00+00:00,115262.62,115357.46,114501.7,114807.36,458297393.36
2025-10-27 15:00:00+00:00,114807.36,115217.73,114787.07,114965.59,380010385.84
2025-10-27 16:00:00+00:00,114965.59,115632.25,114872.83,115493.47,295861060.77
2025-10-27 17:00:00+00:00,115493.47,115702.97,115308.89,115700.83,202290562.86
2025-10-27 18:00:00+00:00,115700.83,115791.21,115324.27,115343.26,208527219.73
2025-10-27 19:00:00+00:00,115343.26,115343.3,114790.61,114943.98,261117445.8
2025-10-27 20:00:00+00:00,114943.98,114944.06,114420.86,114457.94,265343545.31
2025-10-27 21:00:00+00:00,114457.94,114615.64,114152.81,114304.13,285968979.93
2025-10-27 22:00:00+00:00,114304.13,114581.65,114064.04,114110.22,232980654.97
2025-10-27 23:00:00+00:00,114110.22,114220.83,113840.57,114107.19,242890508.17
2025-10-28 00:00:00+00:00,114107.19,114358.47,113793.78,113961.17,225881477.82
2025-10-28 01:00:00+00:00,113961.17,114531.58,113961.13,114421.2,206382901.19
2025-10-28 02:00:00+00:00,114421.2,114466.44,113605.09,113934.83,237078668.67
2025-10-28 03:00:00+00:00,113934.83,114105.89,113729.56,113912.46,196792558.98
2025-10-28 04:00:00+00:00,113912.46,114065.83,113762.6,113967.81,139882941.17
2025-10-28 05:00:00+00:00,113967.81,113984.83,113502.67,113610.06,200295606.81
2025-10-28 06:00:00+00:00,113610.06,114179.79,113610.06,114113.09,188900094.74
2025-10-28 07:00:00+00:00,114113.09,114353.8,114096.25,114184.76,229770327.41
2025-10-28 08:00:00+00:00,114184.76,114474.78,114113.28,114423.36,144267858.87
2025-10-28 09:00:00+00:00,114423.36,114626.85,114209.19,114522.91,146367064.73
2025-10-28 10:00:00+00:00,114522.91,114601.83,114426.9,114592.48,84515691.48
2025-10-28 11:00:00+00:00,114592.48,114661.71,114298.04,114352.0,117708119.42
2025-10-28 12:00:00+00:00,114352.0,114516.82,114142.94,114451.42,148065869.31
2025-10-28 13:00:00+00:00,114451.42,115523.76,114451.42,115523.72,486811439.03
2025-10-28 14:00:00+00:00,115523.72,116086.13,114335.81,115065.05,735946135.34
2025-10-28 15:00:00+00:00,115065.05,115399.81,114517.02,114645.55,304386527.07
2025-10-28 16:00:00+00:00,114645.55,115496.05,114534.14,115348.97,304039344.86
2025-10-28 17:00:00+00:00,115348.97,115579.89,115234.89,115292.58,204982124.32
2025-10-28 18:00:00+00:00,115292.58,115363.49,114652.11,115020.11,183378816.54
2025-10-28 19:00:00+00:00,115020.11,115049.73,113568.42,113688.66,482242973.02
2025-10-28 20:00:00+00:00,113688.66,113691.22,112328.94,112806.31,703797225.4
2025-10-28 21:00:00+00:00,112806.31,113217.39,112291.23,112990.86,316756249.05
2025-10-28 22:00:00+00:00,112990.86,113291.92,112837.94,113223.31,132901515.15
2025-10-28 23:00:00+00:00,113223.31,113223.36,112775.51,112896.45,141195219.33
2025-10-29 00:00:00+00:00,112896.45,112897.16,112439.51,112439.53,185766984.31
2025-10-29 01:00:00+00:00,112439.53,112948.02,112097.63,112495.3,321099125.65
2025-10-29 02:00:00+00:00,112495.3,112780.51,112406.48,112662.07,147573672.97
2025-10-29 03:00:00+00:00,112662.07,112662.07,112332.82,112518.83,125134794.52
2025-10-29 04:00:00+00:00,112518.83,112873.08,112500.64,112812.15,127480347.6
2025-10-29 05:00:00+00:00,112812.15,113355.5,112807.76,113036.66,224302460.53
2025-10-29 06:00:00+00:00,113036.66,113341.04,112970.05,113278.92,166147451.51
2025-10-29 07:00:00+00:00,113278.92,113567.47,113233.68,113564.08,282612576.26
2025-10-29 08:00:00+00:00,113564.08,113621.77,112952.76,113064.92,208908409.53
2025-10-29 09:00:00+00:00,113064.92,113095.0,112770.88,112979.43,212285321.63
2025-10-29 10:00:00+00:00,112979.43,113186.01,112734.6,112867.86,146989168.19
2025-10-29 11:00:00+00:00,112867.86,113243.49,112746.13,113132.43,151647896.05
2025-10-29 12:00:00+00:00,113132.43,113323.54,113060.87,113149.99,163854158.17
2025-10-29 13:00:00+00:00,113149.99,113633.57,112709.84,112873.48,534776403.76
2025-10-29 14:00:00+00:00,112873.48,112905.48,112245.01,112483.28,521813887.93
2025-10-29 15:00:00+00:00,112483.28,112565.99,111411.72,111512.4,756577594.85
2025-10-29 16:00:00+00:00,111512.4,111516.1,110957.99,111111.7,536612880.25
2025-10-29 17:00:00+00:00,111111.7,111915.8,111014.11,111855.13,300889675.69
2025-10-29 18:00:00+00:00,111855.13,111998.15,109426.97,110809.74,1411019312.07
2025-10-29 19:00:00+00:00,110809.74,111438.94,110155.99,110638.61,483481866.43
2025-10-29 20:00:00+00:00,110638.61,111539.3,110405.44,111433.37,301192745.48
2025-10-29 21:00:00+00:00,111433.37,111793.04,111378.18,111614.39,138312322.59
2025-10-29 22:00:00+00:00,111614.39,111617.11,110966.22,111028.19,142558722.34
2025-10-29 23:00:00+00:00,111028.19,111073.96,109740.15,110024.93,321694332.54
2025-10-30 00:00:00+00:00,110024.93,110580.05,109728.24,110560.23,371071003.63
2025-10-30 01:00:00+00:00,110560.23,110720.64,110256.74,110463.06,218490782.17
2025-10-30 02:00:00+00:00,110463.06,111002.71,110345.04,110978.27,176522459.16
2025-10-30 03:00:00+00:00,110978.27,110982.04,110539.75,110759.83,177880453.24
2025-10-30 04:00:00+00:00,110759.83,110759.86,107986.22,108567.1,966135626.77
2025-10-30 05:00:00+00:00,108567.1,110425.31,108424.89,110261.95,403608184.62
2025-10-30 06:00:00+00:00,110261.95,110956.57,109988.69,110770.23,293374829.9
2025-10-30 07:00:00+00:00,110770.23,111580.58,110652.88,111367.05,279936628.43
2025-10-30 08:00:00+00:00,111367.05,111434.85,110688.93,110714.03,289451478.59
2025-10-30 09:00:00+00:00,110714.03,110809.73,110131.24,110174.97,210168104.37
2025-10-30 10:00:00+00:00,110174.97,110227.92,109840.95,110106.86,220744788.87
2025-10-30 11:00:00+00:00,110106.86,110142.12,109706.33,109720.66,176927475.91
2025-10-30 12:00:00+00:00,109720.66,109779.68,108284.19,108391.06,570230443.03
2025-10-30 13:00:00+00:00,108391.06,108724.7,107404.8,107627.0,806376349.95
2025-10-30 14:00:00+00:00,107627.0,108358.71,107618.4,108281.03,468468658.99
2025-10-30 15:00:00+00:00,108281.03,108341.61,107334.39,107711.94,371684538.5
2025-10-30 16:00:00+00:00,107711.94,108212.48,107563.39,108140.71,257601095.65
2025-10-30 17:00:00+00:00,108140.71,108148.19,106812.75,107483.96,538137799.4
2025-10-30 18:00:00+00:00,107483.96,107550.36,106794.14,106834.88,267215837.9
2025-10-30 19:00:00+00:00,106834.88,107147.21,106346.71,106538.83,448528479.28
2025-10-30 20:00:00+00:00,106538.83,107644.54,106323.28,107512.02,405833605.54
2025-10-30 21:00:00+00:00,107512.02,107944.87,107403.05,107908.39,209306008.38
2025-10-30 22:00:00+00:00,107908.39,107924.66,107474.81,107910.43,124725482.15
2025-10-30 23:00:00+00:00,107910.43,108333.86,107601.37,108314.62,243845134.28
2025-10-31 00:00:00+00:00,108314.62,109582.83,108280.58,109312.55,396646543.6
2025-10-31 01:00:00+00:00,109312.55,110033.6,109178.86,109620.17,451652603.22
2025-10-31 02:00:00+00:00,109620.17,109683.49,108563.83,108854.29,295258213.17
2025-10-31 03:00:00+00:00,108854.29,109316.24,108621.08,109228.22,247981860.98
2025-10-31 04:00:00+00:00,109228.22,110211.14,109110.99,110087.63,345643286.08
2025-10-31 05:00:00+00:00,110087.63,110087.74,109695.47,109894.12,206889270.69
2025-10-31 06:00:00+00:00,109894.12,109963.72,109520.01,109645.11,149863836.32
2025-10-31 07:00:00+00:00,109645.11,109798.03,109261.81,109441.49,252606930.69
2025-10-31 08:00:00+00:00,109441.49,110095.6,109214.07,110061.68,266871709.0
2025-10-31 09:00:00+00:00,110061.68,110443.21,109814.47,109849.04,262715824.75
2025-10-31 10:00:00+00:00,109849.04,110113.99,109709.71,109816.72,116762628.06
2025-10-31 11:00:00+00:00,109816.72,110513.51,109466.5,110422.31,231466678.85
2025-10-31 12:00:00+00:00,110422.31,110677.71,109622.94,109652.9,327296915.28
2025-10-31 13:00:00+00:00,109652.9,110224.52,109382.39,110144.73,411883534.96
2025-10-31 14:00:00+00:00,110144.73,111031.05,109584.64,110776.32,719942780.17
2025-10-31 15:00:00+00:00,110776.32,111155.65,110125.13,110198.4,541635354.46
2025-10-31 16:00:00+00:00,110198.4,110292.06,108670.02,108830.24,572217841.57
2025-10-31 17:00:00+00:00,108830.24,109410.54,108627.21,109297.39,446731940.25
2025-10-31 18:00:00+00:00,109297.39,109791.52,108978.18,109447.43,332128718.98
2025-10-31 19:00:00+00:00,109447.43,110234.3,109118.11,109826.84,313064447.02
2025-10-31 20:00:00+00:00,109826.84,109826.84,109442.89,109487.58,200314856.63
2025-10-31 21:00:00+00:00,109487.58,109738.03,109334.9,109561.2,141715466.88
2025-10-31 22:00:00+00:00,109561.2,109799.84,109483.24,109586.89,92690057.18
2025-10-31 23:00:00+00:00,109586.89,109678.11,109521.58,109606.44,70998174.12
2025-11-01 00:00:00+00:00,109606.44,109750.22,109400.51,109730.14,149698144.67
2025-11-01 01:00:00+00:00,109730.14,110042.27,109702.18,109733.4,149504482.49
2025-11-01 02:00:00+00:00,109733.4,109863.4,109478.68,109788.05,185585339.22
2025-11-01 03:00:00+00:00,109788.05,110299.53,109787.23,110228.71,233185304.49
2025-11-01 04:00:00+00:00,110228.71,110547.23,110117.7,110285.74,194320289.29
2025-11-01 05:00:00+00:00,110285.74,110380.31,110048.06,110136.79,152295199.5
2025-11-01 06:00:00+00:00,110136.79,110169.03,109940.55,110001.22,115748784.34
2025-11-01 07:00:00+00:00,110001.22,110248.39,109993.29,110070.98,171878331.32
2025-11-01 08:00:00+00:00,110070.98,110268.98,110070.96,110245.59,160909112.51
2025-11-01 09:00:00+00:00,110245.59,110251.72,109971.64,109988.22,171222200.6
2025-11-01 10:00:00+00:00,109988.22,110171.41,109845.29,110146.91,163078614.13
2025-11-01 11:00:00+00:00,110146.91,110231.61,110007.26,110131.2,107831005.23
2025-11-01 12:00:00+00:00,110131.2,110199.52,110003.45,110017.11,127783309.61
2025-11-01 13:00:00+00:00,110017.11,110052.44,109709.5,109946.89,140663683.91
2025-11-01 14:00:00+00:00,109946.89,109994.54,109729.75,109934.12,146478545.64
2025-11-01 15:00:00+00:00,109934.12,110348.32,109912.99,110301.72,188066055.09
2025-11-01 16:00:00+00:00,110301.72,110528.82,110202.75,110460.3,202751048.53
2025-11-01 17:00:00+00:00,110460.3,110480.46,110193.34,110211.72,111437649.8
2025-11-01 18:00:00+00:00,110211.72,110363.26,110198.02,110337.97,60087671.85
2025-11-01 19:00:00+00:00,110337.97,110338.0,110221.32,110298.9,48912599.16
2025-11-01 20:00:00+00:00,110298.9,110499.31,110298.0,110407.65,88012377.61
2025-11-01 21:00:00+00:00,110407.65,110428.78,109866.74,109870.37,129690057.95
2025-11-01 22:00:00+00:00,109870.37,110094.85,109870.37,110091.57,110940121.14
2025-11-01 23:00:00+00:00,110091.57,110141.35,109973.57,110106.37,75838611.59
2025-11-02 00:00:00+00:00,110106.37,110126.2,109908.32,109972.89,112094654.59
2025-11-02 01:00:00+00:00,109972.89,110088.14,109917.75,109977.7,70171719.09
2025-11-02 02:00:00+00:00,109977.7,110248.11,109893.37,110025.35,112470442.94
2025-11-02 03:00:00+00:00,110025.35,110081.68,109965.98,110051.36,102820253.75
2025-11-02 04:00:00+00:00,110051.36,110765.63,110024.52,110666.41,277942701.51
2025-11-02 05:00:00+00:00,110666.41,110703.3,110280.9,110507.78,285242364.87
2025-11-02 06:00:00+00:00,110507.78,110715.62,110295.71,110659.87,185094925.64
2025-11-02 07:00:00+00:00,110659.87,111036.58,110433.28,110892.61,230487646.35
2025-11-02 08:00:00+00:00,110892.61,111008.38,110715.93,110847.15,192221279.3
2025-11-02 09:00:00+00:00,110847.15,111037.22,110527.71,110706.55,199523516.2
2025-11-02 10:00:00+00:00,110706.55,110851.86,110356.79,110490.99,222598710.98
2025-11-02 11:00:00+00:00,110490.99,111220.46,110484.97,111193.12,233102890.55
2025-11-02 12:00:00+00:00,111193.12,111241.97,110694.59,110745.81,187942612.43
2025-11-02 13:00:00+00:00,110745.81,110759.56,110201.07,110563.45,220794974.95
2025-11-02 14:00:00+00:00,110563.45,110666.86,110207.2,110418.81,235564392.86
2025-11-02 15:00:00+00:00,110418.81,110564.96,110105.3,110121.39,187033632.13
2025-11-02 16:00:00+00:00,110121.39,110135.28,109749.45,110116.3,282291764.08
2025-11-02 17:00:00+00:00,110116.3,110260.92,110029.98,110190.87,93080214.98
2025-11-02 18:00:00+00:00,110190.87,110333.21,110178.81,110333.21,65012920.77
2025-11-02 19:00:00+00:00,110333.21,110333.48,109964.58,110178.03,95198259.2
2025-11-02 20:00:00+00:00,110178.03,110206.94,109891.35,110086.2,98265344.17
2025-11-02 21:00:00+00:00,110086.2,110130.0,109980.15,109995.81,83534764.69
2025-11-02 22:00:00+00:00,109995.81,110017.4,109516.77,109899.19,184642583.69
2025-11-02 23:00:00+00:00,109899.19,110724.05,109899.18,110545.92,276313869.6
2025-11-03 00:00:00+00:00,110545.92,110748.91,109759.38,109759.56,185562859.49
2025-11-03 01:00:00+00:00,109759.56,109894.64,109383.57,109676.61,333012519.29
2025-11-03 02:00:00+00:00,109676.61,109753.47,108671.35,109031.34,495268621.47
2025-11-03 03:00:00+00:00,109031.34,109152.46,107917.16,107944.35,544960614.95
2025-11-03 04:00:00+00:00,107944.35,107991.71,107492.79,107891.13,369808143.56
2025-11-03 05:00:00+00:00,107891.13,108027.28,107404.51,107604.27,271983146.1
2025-11-03 06:00:00+00:00,107604.27,107698.07,107028.32,107494.94,365864185.16
2025-11-03 07:00:00+00:00,107494.94,107826.79,107277.34,107473.16,346593056.57
2025-11-03 08:00:00+00:00,107473.16,107708.03,106985.79,107588.83,328348597.17
2025-11-03 09:00:00+00:00,107588.83,107911.19,107090.03,107205.55,221466494.14
2025-11-03 10:00:00+00:00,107205.55,107623.38,106854.71,106962.52,273906510.37
2025-11-03 11:00:00+00:00,106962.52,107909.55,106962.52,107792.34,246009392.71
2025-11-03 12:00:00+00:00,107792.34,108256.1,107719.25,107768.56,303858682.38
2025-11-03 13:00:00+00:00,107768.56,108063.44,107577.23,107907.99,235499792.12
2025-11-03 14:00:00+00:00,107907.99,108325.79,107369.51,108058.46,421642892.99
2025-11-03 15:00:00+00:00,108058.46,108141.39,105655.14,105747.09,1190750240.64
2025-11-03 16:00:00+00:00,105747.09,106788.96,105314.35,106677.53,852612286.46
2025-11-03 17:00:00+00:00,106677.53,107738.13,106533.53,107476.49,455298200.63
2025-11-03 18:00:00+00:00,107476.49,107594.23,106808.23,106956.5,357706263.78
2025-11-03 19:00:00+00:00,106956.5,107385.06,106452.9,107085.87,266926356.93
2025-11-03 20:00:00+00:00,107085.87,107166.38,106320.19,106658.03,263278748.49
2025-11-03 21:00:00+00:00,106658.03,107090.98,106088.83,106889.11,295891792.61
2025-11-03 22:00:00+00:00,106889.11,106889.11,105804.04,106485.45,260125728.81
2025-11-03 23:00:00+00:00,106485.45,106749.93,106039.26,106581.78,161298725.99
2025-11-04 00:00:00+00:00,106581.78,106807.67,105854.68,106468.51,372561216.93
2025-11-04 01:00:00+00:00,106468.51,107287.26,106275.19,107041.31,349566552.85
2025-11-04 02:00:00+00:00,107041.31,107230.75,106474.03,106483.35,234799772.04
2025-11-04 03:00:00+00:00,106483.35,107231.16,106220.45,107155.53,287894483.72
2025-11-04 04:00:00+00:00,107155.53,107292.38,106710.04,106748.96,197531637.97
2025-11-04 05:00:00+00:00,106748.96,106749.01,104198.61,104226.18,803731078.62
2025-11-04 06:00:00+00:00,104226.18,105211.49,104200.15,104771.28,617017937.04
2025-11-04 07:00:00+00:00,104771.28,104955.3,104325.71,104493.37,480031924.77
2025-11-04 08:00:00+00:00,104493.37,104624.83,103761.85,104053.85,503208196.98
2025-11-04 09:00:00+00:00,104053.85,104130.37,103636.23,103856.35,389610164.73
2025-11-04 10:00:00+00:00,103856.35,104091.78,103607.47,103817.64,308787924.95
2025-11-04 11:00:00+00:00,103817.64,104695.84,103782.16,104584.81,287074294.31
2025-11-04 12:00:00+00:00,104584.81,104635.52,103843.1,103955.55,346965250.73
2025-11-04 13:00:00+00:00,103955.55,104238.21,103576.67,103922.51,339950524.91
2025-11-04 14:00:00+00:00,103922.51,104688.4,102926.31,104502.77,852713792.33
2025-11-04 15:00:00+00:00,104502.77,104840.4,103193.54,103202.41,735698962.04
2025-11-04 16:00:00+00:00,103202.41,103502.74,102174.54,102253.05,871609840.16
2025-11-04 17:00:00+00:00,102253.05,102253.05,100827.84,101114.02,1115145461.3
2025-11-04 18:00:00+00:00,101114.02,101488.39,100015.12,101363.88,1024356296.92
2025-11-04 19:00:00+00:00,101363.88,101710.84,100409.79,100537.52,574674475.25
2025-11-04 20:00:00+00:00,100537.52,101106.43,99700.12,100759.81,1059502787.14
2025-11-04 21:00:00+00:00,100759.81,100828.47,98954.32,100311.72,1002421183.47
2025-11-04 22:00:00+00:00,100311.72,101891.14,100113.53,101291.18,556022811.27
2025-11-04 23:00:00+00:00,101291.18,101726.26,100907.99,101487.43,416389868.29
2025-11-05 00:00:00+00:00,101487.43,101749.09,100355.4,100566.33,459998460.1
2025-11-05 01:00:00+00:00,100566.33,100992.61,98967.38,100744.33,830758074.95
2025-11-05 02:00:00+00:00,100744.33,101914.05,100744.29,101675.68,864893146.09
2025-11-05 03:00:00+00:00,101675.68,102269.6,101460.79,102134.0,651702782.89
2025-11-05 04:00:00+00:00,102134.0,102239.35,101527.53,101991.85,368755809.19
2025-11-05 05:00:00+00:00,101991.85,102352.41,101598.45,101821.2,263982391.05
2025-11-05 06:00:00+00:00,101821.2,102133.72,101494.61,102116.35,242883006.38
2025-11-05 07:00:00+00:00,102116.35,102149.64,101603.66,101993.19,270238480.42
2025-11-05 08:00:00+00:00,101993.19,101996.55,101179.04,101701.55,346546835.74
2025-11-05 09:00:00+00:00,101701.55,102202.45,101613.79,101992.5,231159043.13
2025-11-05 10:00:00+00:00,101992.5,101994.9,101300.3,101397.24,196890134.88
2025-11-05 11:00:00+00:00,101397.24,102097.15,101384.57,102073.18,233355550.16
2025-11-05 12:00:00+00:00,102073.18,102757.85,101919.39,102672.79,369687711.78
2025-11-05 13:00:00+00:00,102672.79,103248.23,102294.79,102982.52,412350693.11
2025-11-05 14:00:00+00:00,102982.52,103464.99,102179.83,103204.59,559907401.58
2025-11-05 15:00:00+00:00,103204.59,103791.16,102832.13,103727.46,532161068.63
2025-11-05 16:00:00+00:00,103727.46,104038.53,103081.19,103924.4,476794147.64
2025-11-05 17:00:00+00:00,103924.4,104002.4,103387.27,103909.68,385161607.84
2025-11-05 18:00:00+00:00,103909.68,104431.06,103765.49,104349.22,308888554.64
2025-11-05 19:00:00+00:00,104349.22,104524.83,103984.42,104008.67,237494077.32
2025-11-05 20:00:00+00:00,104008.67,104536.25,103635.09,103838.45,277760952.59
2025-11-05 21:00:00+00:00,103838.45,103838.75,103521.67,103670.49,205097983.37
2025-11-05 22:00:00+00:00,103670.49,103791.38,103303.47,103711.83,168364411.94
2025-11-05 23:00:00+00:00,103711.83,104098.06,103670.16,103887.33,168553055.65
2025-11-06 00:00:00+00:00,103887.33,103894.19,103332.51,103676.16,299679663.81
2025-11-06 01:00:00+00:00,103676.16,103676.16,102725.91,103366.76,340036166.81
2025-11-06 02:00:00+00:00,103366.76,103570.99,102858.21,103323.52,259848600.88
2025-11-06 03:00:00+00:00,103323.52,103932.54,103321.2,103636.56,236115361.63
2025-11-06 04:00:00+00:00,103636.56,104186.17,103581.58,104028.75,184978004.86
2025-11-06 05:00:00+00:00,104028.75,104028.75,103091.76,103142.99,218516755.7
2025-11-06 06:00:00+00:00,103142.99,103590.06,103010.31,103321.97,203447230.14
2025-11-06 07:00:00+00:00,103321.97,103564.35,102917.64,103193.52,290353385.28
2025-11-06 08:00:00+00:00,103193.52,103439.23,102978.14,103198.23,178471355.5
2025-11-06 09:00:00+00:00,103198.23,103265.12,102813.38,102816.36,161256157.04
2025-11-06 10:00:00+00:00,102816.36,103289.01,102658.19,103128.3,224531228.18
2025-11-06 11:00:00+00:00,103128.3,103303.46,102749.13,103227.97,155234727.71
2025-11-06 12:00:00+00:00,103227.97,103333.09,102389.7,102558.51,312334689.64
2025-11-06 13:00:00+00:00,102558.51,103629.21,102558.51,103320.04,280297586.7
2025-11-06 14:00:00+00:00,103320.04,103579.57,102054.47,102126.49,508041313.93
2025-11-06 15:00:00+00:00,102126.49,102912.03,101630.75,102014.48,793071979.34
2025-11-06 16:00:00+00:00,102014.48,102387.98,100298.15,100862.94,761521652.51
2025-11-06 17:00:00+00:00,100862.94,101937.56,100767.1,101801.81,467691859.85
2025-11-06 18:00:00+00:00,101801.81,102335.36,100916.48,101723.37,370610603.21
2025-11-06 19:00:00+00:00,101723.37,101996.49,101204.25,101387.49,307475568.92
2025-11-06 20:00:00+00:00,101387.49,101642.9,100650.52,100912.08,324694890.85
2025-11-06 21:00:00+00:00,100912.08,101220.98,100543.75,101119.02,269719763.24
2025-11-06 22:00:00+00:00,101119.02,101483.3,101007.24,101416.11,156787759.33
2025-11-06 23:00:00+00:00,101416.11,101535.03,101133.48,101345.14,272068657.74
2025-11-07 00:00:00+00:00,101345.14,101639.19,100753.61,101479.45,306270625.34
2025-11-07 01:00:00+00:00,101479.45,101883.38,100901.78,101539.15,397908646.46
2025-11-07 02:00:00+00:00,101539.15,101926.3,101247.69,101905.59,259735702.87
2025-11-07 03:00:00+00:00,101905.59,102351.29,101880.71,101915.26,319229790.97
2025-11-07 04:00:00+00:00,101915.26,102066.36,101584.33,102020.0,199972650.61
2025-11-07 05:00:00+00:00,102020.0,102521.25,102019.01,102446.99,212535057.13
2025-11-07 06:00:00+00:00,102446.99,102496.03,101821.86,101823.33,171866164.78
2025-11-07 07:00:00+00:00,101823.33,102019.24,101639.05,102016.02,283060352.17
2025-11-07 08:00:00+00:00,102016.02,102050.0,101443.62,101498.03,200457989.66
2025-11-07 09:00:00+00:00,101498.03,101506.62,100792.97,101011.84,342737088.71
2025-11-07 10:00:00+00:00,101011.84,101252.56,100568.65,100775.46,264578360.26
2025-11-07 11:00:00+00:00,100775.46,100793.89,99805.05,100410.27,647703988.42
2025-11-07 12:00:00+00:00,100410.27,100622.82,99270.87,99639.82,499328766.43
2025-11-07 13:00:00+00:00,99639.82,100574.98,99457.06,100342.0,476083237.6
2025-11-07 14:00:00+00:00,100342.0,100900.48,99526.21,100783.64,719479510.31
2025-11-07 15:00:00+00:00,100783.64,101252.75,100359.66,100798.66,698809092.27
2025-11-07 16:00:00+00:00,100798.66,101623.37,100515.67,101166.29,524304731.38
2025-11-07 17:00:00+00:00,101166.29,102712.81,100941.8,102393.03,557764297.99
2025-11-07 18:00:00+00:00,102393.03,102855.75,102289.13,102611.29,421150231.7
2025-11-07 19:00:00+00:00,102611.29,103397.94,102484.6,103397.94,328179189.76
2025-11-07 20:00:00+00:00,103397.94,103900.73,102957.49,103781.06,321807067.29
2025-11-07 21:00:00+00:00,103781.06,103878.84,103332.9,103878.84,214936767.27
2025-11-07 22:00:00+00:00,103878.84,104083.01,103595.7,103629.67,208134564.47
2025-11-07 23:00:00+00:00,103629.67,103762.0,103330.32,103341.53,147019163.58
2025-11-08 00:00:00+00:00,103341.53,103406.94,102547.94,102712.46,269309932.15
2025-11-08 01:00:00+00:00,102712.46,103239.71,102663.22,102999.57,170839002.66
2025-11-08 02:00:00+00:00,102999.57,103334.29,102765.23,102848.75,177514611.49
2025-11-08 03:00:00+00:00,102848.75,103295.03,102593.04,102593.06,182356497.31
2025-11-08 04:00:00+00:00,102593.06,102835.6,102410.76,102565.74,172813533.01
2025-11-08 05:00:00+00:00,102565.74,102737.11,102281.61,102305.83,116241722.86
2025-11-08 06:00:00+00:00,102305.83,102521.88,102101.49,102221.37,213427008.75
2025-11-08 07:00:00+00:00,102221.37,102399.0,101910.46,102355.58,149806298.69
2025-11-08 08:00:00+00:00,102355.58,102678.73,102157.77,102435.47,158166640.11
2025-11-08 09:00:00+00:00,102435.47,102603.93,102229.67,102397.67,93774163.54
2025-11-08 10:00:00+00:00,102397.67,102578.21,102305.97,102481.28,78684065.71
2025-11-08 11:00:00+00:00,102481.28,102632.32,101727.33,101860.5,232695022.61
2025-11-08 12:00:00+00:00,101860.5,102105.02,101737.04,102060.18,154574993.93
2025-11-08 13:00:00+00:00,102060.18,102190.5,101726.79,101808.92,239837047.58
2025-11-08 14:00:00+00:00,101808.92,102084.31,101461.44,101831.71,291555833.03
2025-11-08 15:00:00+00:00,101831.71,101955.53,101500.65,101717.73,146792783.83
2025-11-08 16:00:00+00:00,101717.73,101964.68,101528.27,101853.47,151486727.86
2025-11-08 17:00:00+00:00,101853.47,102007.27,101595.05,101996.06,145632104.53
2025-11-08 18:00:00+00:00,101996.06,102224.85,101834.21,102142.96,156681180.43
2025-11-08 19:00:00+00:00,102142.96,102189.49,101521.9,101989.44,119298572.89
2025-11-08 20:00:00+00:00,101989.44,102174.51,101957.89,102071.54,67573441.74
2025-11-08 21:00:00+00:00,102071.54,102370.53,102030.3,102277.39,71899966.71
2025-11-08 22:00:00+00:00,102277.39,102426.05,102175.86,102379.94,66899995.23
2025-11-08 23:00:00+00:00,102379.94,102487.42,102284.37,102315.95,62663367.95
2025-11-09 00:00:00+00:00,102315.95,102341.13,101626.47,101798.04,169290278.17
2025-11-09 01:00:00+00:00,101798.04,102105.9,101691.53,102047.05,122670214.4
2025-11-09 02:00:00+00:00,102047.05,102047.08,101587.31,101635.53,124342656.09
2025-11-09 03:00:00+00:00,101635.53,101813.6,101419.9,101660.99,192786668.95
2025-11-09 04:00:00+00:00,101660.99,102133.2,101640.34,101725.33,125820082.45
2025-11-09 05:00:00+00:00,101725.33,102022.08,101683.05,101929.05,101715411.06
2025-11-09 06:00:00+00:00,101929.05,101972.62,101705.83,101749.35,114014371.29
2025-11-09 07:00:00+00:00,101749.35,101969.53,101682.12,101945.2,172998211.34
2025-11-09 08:00:00+00:00,101945.2,102047.87,101817.66,101972.35,146135377.94
2025-11-09 09:00:00+00:00,101972.35,102130.83,101627.71,101656.36,145179843.87
2025-11-09 10:00:00+00:00,101656.36,101921.3,101507.11,101874.8,184573782.72
2025-11-09 11:00:00+00:00,101874.8,102315.51,101874.77,102242.38,144747720.75
2025-11-09 12:00:00+00:00,102242.38,102427.84,102052.65,102087.2,163251376.95
2025-11-09 13:00:00+00:00,102087.2,102996.38,102073.89,102918.32,268868761.34
2025-11-09 14:00:00+00:00,102918.32,104044.57,102770.16,103035.98,602207507.64
2025-11-09 15:00:00+00:00,103035.98,104158.09,102974.27,103761.57,344763536.35
2025-11-09 16:00:00+00:00,103761.57,103899.79,103330.16,103846.13,236892313.97
2025-11-09 17:00:00+00:00,103846.13,103964.61,103358.83,103639.64,164922348.79
2025-11-09 18:00:00+00:00,103639.64,104583.44,103517.93,104521.04,244561901.36
2025-11-09 19:00:00+00:00,104521.04,104808.31,104161.8,104808.31,294138901.58
2025-11-09 20:00:00+00:00,104808.31,105060.3,104417.22,104633.62,221074401.84
2025-11-09 21:00:00+00:00,104633.62,104841.28,104317.2,104530.87,145987598.06
2025-11-09 22:00:00+00:00,104530.87,104816.36,104090.79,104729.08,289029209.93
2025-11-09 23:00:00+00:00,104729.08,105485.78,104532.83,104727.18,330143974.5
2025-11-10 00:00:00+00:00,104727.18,106517.89,104269.01,106305.78,664496789.75
2025-11-10 01:00:00+00:00,106305.78,106664.57,105716.44,105716.45,521222062.9
2025-11-10 02:00:00+00:00,105716.45,106051.31,105591.4,106006.76,229290569.05
2025-11-10 03:00:00+00:00,106006.76,106291.14,105846.72,106029.79,246445694.55
2025-11-10 04:00:00+00:00,106029.79,106303.08,105849.99,106156.78,206901743.91
2025-11-10 05:00:00+00:00,106156.78,106473.76,105999.84,106094.88,177708613.39
2025-11-10 06:00:00+00:00,106094.88,106307.74,105961.09,106220.45,150357039.47
2025-11-10 07:00:00+00:00,106220.45,106534.54,106153.91,106462.7,246717132.39
2025-11-10 08:00:00+00:00,106462.7,106553.55,105902.16,105970.74,239357135.52
2025-11-10 09:00:00+00:00,105970.74,106600.86,105842.29,106443.25,222842023.81
2025-11-10 10:00:00+00:00,106443.25,106453.02,105970.45,106001.57,132077325.34
2025-11-10 11:00:00+00:00,106001.57,106321.36,105959.61,106183.27,136740690.03
2025-11-10 12:00:00+00:00,106183.27,106213.85,105867.53,105947.69,204080950.01
2025-11-10 13:00:00+00:00,105947.69,106593.55,105925.87,106548.94,260049756.32
2025-11-10 14:00:00+00:00,106548.94,106549.03,104690.14,104897.73,581426028.6
2025-11-10 15:00:00+00:00,104897.73,105626.95,104682.54,105077.5,629922831.3
2025-11-10 16:00:00+00:00,105077.5,105355.46,104789.09,105244.97,342535221.3
2025-11-10 17:00:00+00:00,105244.97,105979.29,105193.41,105954.76,250985873.79
2025-11-10 18:00:00+00:00,105954.76,106078.8,105477.21,105480.33,197278193.36
2025-11-10 19:00:00+00:00,105480.33,106042.89,105409.64,105820.22,193996259.84
2025-11-10 20:00:00+00:00,105820.22,106287.75,105812.07,106009.89,235145328.59
2025-11-10 21:00:00+00:00,106009.89,106017.12,105278.37,105627.96,302338604.32
2025-11-10 22:00:00+00:00,105627.96,106132.85,105363.56,106055.22,138373225.71
2025-11-10 23:00:00+00:00,106055.22,106274.74,105892.19,106010.6,185583559.69
2025-11-11 00:00:00+00:00,106010.6,106136.82,105525.93,106136.63,237372413.86
2025-11-11 01:00:00+00:00,106136.63,107504.11,106027.8,106092.67,603508821.59
2025-11-11 02:00:00+00:00,106092.67,107133.36,105614.81,106657.72,594248498.3
2025-11-11 03:00:00+00:00,106657.72,107097.91,106365.76,106464.16,264633082.69
2025-11-11 04:00:00+00:00,106464.16,106546.92,105716.93,105754.85,229859043.46
2025-11-11 05:00:00+00:00,105754.85,105756.67,105172.61,105252.76,271237569.24
2025-11-11 06:00:00+00:00,105252.76,105344.89,104895.19,105265.95,371055259.81
2025-11-11 07:00:00+00:00,105265.95,105328.53,104747.02,104787.83,266051960.37
2025-11-11 08:00:00+00:00,104787.83,105278.03,104771.16,105161.4,178808812.62
2025-11-11 09:00:00+00:00,105161.4,105479.45,104912.27,104972.01,176175238.21
2025-11-11 10:00:00+00:00,104972.01,105236.02,104925.4,105172.45,154458353.1
2025-11-11 11:00:00+00:00,105172.45,105498.82,105147.33,105305.92,156469040.63
2025-11-11 12:00:00+00:00,105305.92,105499.31,104393.93,104537.63,462298933.66
2025-11-11 13:00:00+00:00,104537.63,104709.59,104170.75,104388.46,744069931.06
2025-11-11 14:00:00+00:00,104388.46,104667.28,103855.59,104565.46,522972450.45
2025-11-11 15:00:00+00:00,104565.46,104565.64,103184.41,103461.19,703558489.51
2025-11-11 16:00:00+00:00,103461.19,103733.45,103211.55,103404.8,278762294.6
2025-11-11 17:00:00+00:00,103404.8,103637.31,102848.41,103339.14,326896249.81
2025-11-11 18:00:00+00:00,103339.14,103570.98,103070.18,103402.47,236667335.73
2025-11-11 19:00:00+00:00,103402.47,103458.26,102892.62,103131.42,212675948.86
2025-11-11 20:00:00+00:00,103131.42,103231.03,102678.62,102811.12,254658344.7
2025-11-11 21:00:00+00:00,102811.12,103094.64,102489.53,102643.88,253573519.7
2025-11-11 22:00:00+00:00,102643.88,103151.8,102508.23,103001.48,153457764.52
2025-11-11 23:00:00+00:00,103001.48,103213.95,102805.05,103058.77,173002584.28
2025-11-12 00:00:00+00:00,103058.77,103323.82,102817.36,102886.48,219271050.95
2025-11-12 01:00:00+00:00,102886.48,103379.53,102683.36,103254.89,268550321.84
2025-11-12 02:00:00+00:00,103254.89,103410.53,102943.52,103152.35,220795498.23
2025-11-12 03:00:00+00:00,103152.35,103442.26,103097.75,103314.54,120461558.97
2025-11-12 04:00:00+00:00,103314.54,103459.21,103025.82,103242.99,101113791.74
2025-11-12 05:00:00+00:00,103242.99,103467.77,103236.0,103392.47,110061338.41
2025-11-12 06:00:00+00:00,103392.47,103649.9,103354.58,103363.85,154043709.05
2025-11-12 07:00:00+00:00,103363.85,103540.52,103064.36,103116.86,155007673.91
2025-11-12 08:00:00+00:00,103116.86,104227.18,103116.86,104147.71,288369714.24
2025-11-12 09:00:00+00:00,104147.71,105076.19,104144.85,104518.77,442782173.98
2025-11-12 10:00:00+00:00,104518.77,105037.49,104509.57,104899.75,216663169.16
2025-11-12 11:00:00+00:00,104899.75,105203.11,104750.43,105023.2,172165149.69
2025-11-12 12:00:00+00:00,105023.2,105330.21,104824.81,104995.85,212272595.29
2025-11-12 13:00:00+00:00,104995.85,105182.56,104626.9,105041.93,236967471.44
2025-11-12 14:00:00+00:00,105041.93,105041.98,103641.26,103991.44,510673970.23
2025-11-12 15:00:00+00:00,103991.44,104301.71,101973.04,102173.42,785078850.01
2025-11-12 16:00:00+00:00,102173.42,102282.09,101331.53,101441.35,698889806.52
2025-11-12 17:00:00+00:00,101441.35,102151.99,101406.62,101748.89,336038120.69
2025-11-12 18:00:00+00:00,101748.89,101945.23,101417.94,101541.67,222550462.2
2025-11-12 19:00:00+00:00,101541.67,101564.07,100819.4,101295.24,351083421.95
2025-11-12 20:00:00+00:00,101295.24,101842.01,101140.31,101537.25,221320987.97
2025-11-12 21:00:00+00:00,101537.25,101921.08,101521.07,101921.08,143085076.18
2025-11-12 22:00:00+00:00,101921.08,101996.76,101455.64,101979.88,116086660.93
2025-11-12 23:00:00+00:00,101979.88,101998.75,101468.56,101652.7,172657738.34
2025-11-13 00:00:00+00:00,101652.7,102041.69,101470.62,101859.0,178251350.2
2025-11-13 01:00:00+00:00,101859.0,102606.91,101839.84,102005.93,369169532.71
2025-11-13 02:00:00+00:00,102005.93,102338.27,101974.02,102062.38,172904107.78
2025-11-13 03:00:00+00:00,102062.38,102560.74,100923.29,102129.53,456243695.92
2025-11-13 04:00:00+00:00,102129.53,102406.06,101663.68,102124.12,284858376.79
2025-11-13 05:00:00+00:00,102124.12,103390.89,101789.86,103127.31,295929297.05
2025-11-13 06:00:00+00:00,103127.31,103672.58,102916.46,103587.7,387450551.76
2025-11-13 07:00:00+00:00,103587.7,104060.9,103322.62,103476.98,362142253.51
2025-11-13 08:00:00+00:00,103476.98,103807.2,103283.38,103676.44,252799545.89
2025-11-13 09:00:00+00:00,103676.44,103740.38,102560.17,102826.92,389706014.89
2025-11-13 10:00:00+00:00,102826.92,103282.17,102776.61,102989.42,161322639.53
2025-11-13 11:00:00+00:00,102989.42,103149.51,102710.58,102939.99,135733759.04
2025-11-13 12:00:00+00:00,102939.99,103275.3,102734.94,103144.02,217885392.67
2025-11-13 13:00:00+00:00,103144.02,103161.29,102152.36,102324.41,363799573.73
2025-11-13 14:00:00+00:00,102324.41,103464.8,101751.33,102875.68,725590685.93
2025-11-13 15:00:00+00:00,102875.68,102989.57,101188.14,101385.87,718639493.74
2025-11-13 16:00:00+00:00,101385.87,101535.68,100568.77,100629.57,704039048.75
2025-11-13 17:00:00+00:00,100629.57,100811.46,99615.39,99656.53,812878331.36
2025-11-13 18:00:00+00:00,99656.53,99915.31,98149.82,98587.3,1145161690.95
2025-11-13 19:00:00+00:00,98587.3,99284.7,98327.23,98677.69,681515428.97
2025-11-13 20:00:00+00:00,98677.69,99001.12,98003.72,98152.88,670788342.48
2025-11-13 21:00:00+00:00,98152.88,98904.61,98020.66,98815.76,320613681.2
2025-11-13 22:00:00+00:00,98815.76,99933.95,98705.1,99849.23,308332449.43
2025-11-13 23:00:00+00:00,99849.23,100500.94,99568.14,99693.64,344815718.11
2025-11-14 00:00:00+00:00,99693.64,99783.14,98731.16,98977.86,486177634.91
2025-11-14 01:00:00+00:00,98977.86,99554.15,98708.05,99255.15,512852124.75
2025-11-14 02:00:00+00:00,99255.15,99862.26,99246.98,99620.85,268450985.85
2025-11-14 03:00:00+00:00,99620.85,99649.77,98804.23,99140.86,271432192.15
2025-11-14 04:00:00+00:00,99140.86,99180.14,96817.77,97822.41,806368136.24
2025-11-14 05:00:00+00:00,97822.41,98033.86,97032.51,97524.5,509922603.3
2025-11-14 06:00:00+00:00,97524.5,97601.74,95979.82,97562.81,696709851.68
2025-11-14 07:00:00+00:00,97562.81,97740.06,96788.65,97151.31,562769382.78
2025-11-14 08:00:00+00:00,97151.31,97465.16,96787.26,97373.85,364755399.48
2025-11-14 09:00:00+00:00,97373.85,97547.98,96679.48,96845.78,285929457.2
2025-11-14 10:00:00+00:00,96845.78,97287.43,96677.99,96755.25,209658897.92
2025-11-14 11:00:00+00:00,96755.25,96941.06,95735.19,96170.57,450737243.88
2025-11-14 12:00:00+00:00,96170.57,96170.59,94558.19,95354.61,1037511381.11
2025-11-14 13:00:00+00:00,95354.61,95698.19,94576.52,95243.78,794999875.94
2025-11-14 14:00:00+00:00,95243.78,96802.41,94959.82,96539.02,917601451.26
2025-11-14 15:00:00+00:00,96539.02,97314.56,95868.47,96796.8,630601713.61
2025-11-14 16:00:00+00:00,96796.8,97405.21,96275.15,97012.92,518862272.21
2025-11-14 17:00:00+00:00,97012.92,97129.74,95610.6,95845.48,439227910.09
2025-11-14 18:00:00+00:00,95845.48,96325.74,94984.08,95074.93,461882260.55
2025-11-14 19:00:00+00:00,95074.93,95921.42,94799.35,95778.16,377273619.5
2025-11-14 20:00:00+00:00,95778.16,95939.07,94206.97,94374.68,572870146.57
2025-11-14 21:00:00+00:00,94374.68,95144.78,94236.56,95057.79,313563976.43
2025-11-14 22:00:00+00:00,95057.79,95479.33,94702.67,95179.68,250154485.13
2025-11-14 23:00:00+00:00,95179.68,95179.68,94031.99,94587.9,387272661.3
2025-11-15 00:00:00+00:00,94587.9,95411.98,94564.53,95147.58,327657514.75
2025-11-15 01:00:00+00:00,95147.58,95781.72,94750.75,95650.31,273858006.26
2025-11-15 02:00:00+00:00,95650.31,96480.14,95407.66,96478.88,291463158.2
2025-11-15 03:00:00+00:00,96478.88,96827.41,96132.64,96414.04,358709247.97
2025-11-15 04:00:00+00:00,96414.04,96513.88,95937.91,96113.57,164835820.87
2025-11-15 05:00:00+00:00,96113.57,96425.5,95981.06,96341.27,190914456.06
2025-11-15 06:00:00+00:00,96341.27,96576.38,95985.4,96126.67,161426643.6
2025-11-15 07:00:00+00:00,96126.67,96371.16,95968.39,96334.24,185455807.94
2025-11-15 08:00:00+00:00,96334.24,96348.26,95648.72,95914.94,275355418.87
2025-11-15 09:00:00+00:00,95914.94,96146.88,95666.77,95814.76,171795658.87
2025-11-15 10:00:00+00:00,95814.76,96062.72,95693.48,95951.45,121492546.1
2025-11-15 11:00:00+00:00,95951.45,95984.44,95632.93,95695.51,101958523.4
2025-11-15 12:00:00+00:00,95695.51,95875.41,95578.84,95811.24,121118488.57
2025-11-15 13:00:00+00:00,95811.24,96370.7,95729.81,96370.7,206540939.47
2025-11-15 14:00:00+00:00,96370.7,96472.55,96021.25,96251.36,185308502.3
2025-11-15 15:00:00+00:00,96251.36,96426.81,96112.12,96259.84,135816603.92
2025-11-15 16:00:00+00:00,96259.84,96332.18,95726.95,96156.74,209476446.49
2025-11-15 17:00:00+00:00,96156.74,96403.27,95852.66,96230.39,221355993.13
2025-11-15 18:00:00+00:00,96230.39,96345.28,95968.68,96052.82,125953049.57
2025-11-15 19:00:00+00:00,96052.82,96152.19,95927.25,96013.9,66638175.7
2025-11-15 20:00:00+00:00,96013.9,96018.66,95127.38,95282.75,207449546.0
2025-11-15 21:00:00+00:00,95282.75,95673.15,95127.13,95279.37,153479466.62
2025-11-15 22:00:00+00:00,95279.37,95658.0,95230.83,95621.17,99689759.98
2025-11-15 23:00:00+00:00,95621.17,95691.74,95496.07,95598.59,76005837.28
2025-11-16 00:00:00+00:00,95598.59,95707.33,95206.97,95368.75,117015168.99
2025-11-16 01:00:00+00:00,95368.75,95497.13,94846.68,95278.88,265204705.05
2025-11-16 02:00:00+00:00,95278.88,95965.59,95098.39,95963.65,208982919.1
2025-11-16 03:00:00+00:00,95963.65,95971.52,95633.31,95823.32,117891272.74
2025-11-16 04:00:00+00:00,95823.32,95923.64,95649.94,95822.64,103745854.95
2025-11-16 05:00:00+00:00,95822.64,96183.57,95813.93,95882.65,124753329.88
2025-11-16 06:00:00+00:00,95882.65,96040.6,95754.09,95796.06,68942825.68
2025-11-16 07:00:00+00:00,95796.06,96094.99,95729.03,96094.75,135446573.45
2025-11-16 08:00:00+00:00,96094.75,96229.61,95858.91,96113.7,116223925.37
2025-11-16 09:00:00+00:00,96113.7,96628.51,95935.33,96625.98,163544014.1
2025-11-16 10:00:00+00:00,96625.98,96625.98,96375.99,96444.54,167335065.26
2025-11-16 11:00:00+00:00,96444.54,96448.36,95505.64,95632.58,274293738.09
2025-11-16 12:00:00+00:00,95632.58,95903.3,95452.79,95755.04,193412163.36
2025-11-16 13:00:00+00:00,95755.04,95852.8,95120.9,95419.36,218287471.19
2025-11-16 14:00:00+00:00,95419.36,95672.17,95313.79,95533.22,157588313.32
2025-11-16 15:00:00+00:00,95533.22,95556.58,94376.75,94578.15,315355186.59
2025-11-16 16:00:00+00:00,94578.15,94944.22,94045.12,94223.32,626919827.78
2025-11-16 17:00:00+00:00,94223.32,94530.69,93784.76,94365.49,551122616.55
2025-11-16 18:00:00+00:00,94365.49,95564.29,93790.81,94048.49,698581965.7
2025-11-16 19:00:00+00:00,94048.49,94600.99,93946.18,94025.54,268940178.75
2025-11-16 20:00:00+00:00,94025.54,94736.94,93962.25,94095.77,190175379.5
2025-11-16 21:00:00+00:00,94095.77,94210.81,93374.88,93505.0,448373480.45
2025-11-16 22:00:00+00:00,93505.0,94497.48,93029.74,94182.95,415896055.95
2025-11-16 23:00:00+00:00,94182.95,94539.56,93002.68,94262.55,578074913.31
2025-11-17 00:00:00+00:00,94262.55,95372.52,93771.33,95292.43,507970718.95
2025-11-17 01:00:00+00:00,95292.43,95491.07,94727.54,94772.41,286203865.76
2025-11-17 02:00:00+00:00,94772.41,95404.66,94713.77,94974.79,234227349.53
2025-11-17 03:00:00+00:00,94974.79,95553.91,94970.55,95498.93,222786105.54
2025-11-17 04:00:00+00:00,95498.93,95571.51,94880.44,95103.2,323936846.09
2025-11-17 05:00:00+00:00,95103.2,95266.69,94904.56,95124.63,169645648.06
2025-11-17 06:00:00+00:00,95124.63,95335.36,94899.88,95281.48,156744250.59
2025-11-17 07:00:00+00:00,95281.48,95878.15,95207.23,95650.58,295572003.72
2025-11-17 08:00:00+00:00,95650.58,96020.52,95531.01,95619.37,243334857.73
2025-11-17 09:00:00+00:00,95619.37,95866.26,95311.26,95657.42,218232331.3
2025-11-17 10:00:00+00:00,95657.42,95885.61,95551.85,95651.95,147269435.3
2025-11-17 11:00:00+00:00,95651.95,95936.4,95386.02,95567.27,221700181.23
2025-11-17 12:00:00+00:00,95567.27,95571.81,95264.48,95315.71,184653218.28
2025-11-17 13:00:00+00:00,95315.71,95372.12,93577.89,93961.22,613659972.61
2025-11-17 14:00:00+00:00,93961.22,95996.25,93763.73,94769.98,829527137.97
2025-11-17 15:00:00+00:00,94769.98,95016.46,93808.29,93957.38,582642324.46
2025-11-17 16:00:00+00:00,93957.38,94413.71,93057.17,94304.84,714129742.02
2025-11-17 17:00:00+00:00,94304.84,94377.17,92668.1,92759.78,561989439.94
2025-11-17 18:00:00+00:00,92759.78,93203.44,92419.09,92542.85,675689896.52
2025-11-17 19:00:00+00:00,92542.85,92650.91,91600.16,91683.16,785455374.04
2025-11-17 20:00:00+00:00,91683.16,92228.24,91302.76,91985.39,736503563.63
2025-11-17 21:00:00+00:00,91985.39,92252.84,91530.25,91957.21,435532635.85
2025-11-17 22:00:00+00:00,91957.21,92396.04,91789.23,92248.85,312191016.11
2025-11-17 23:00:00+00:00,92248.85,92289.67,91795.5,92212.69,300338814.26
2025-11-18 00:00:00+00:00,92212.69,92356.57,91208.62,92167.85,449520384.2
2025-11-18 01:00:00+00:00,92167.85,92216.06,91618.61,91748.32,422999140.37
2025-11-18 02:00:00+00:00,91748.32,91748.32,90703.73,90863.91,762366866.35
2025-11-18 03:00:00+00:00,90863.91,90921.95,89711.84,90843.22,1054395135.3
2025-11-18 04:00:00+00:00,90843.22,90854.08,89418.3,90081.08,730029808.67
2025-11-18 05:00:00+00:00,90081.08,90463.09,89719.94,90219.75,407629132.58
2025-11-18 06:00:00+00:00,90219.75,90227.76,89379.46,89649.51,334858601.83
2025-11-18 07:00:00+00:00,89649.51,90545.09,89355.14,90506.08,541229278.74
2025-11-18 08:00:00+00:00,90506.08,91436.85,90506.03,91221.51,498392587.05
2025-11-18 09:00:00+00:00,91221.51,91476.73,90893.48,91399.24,422349617.52
2025-11-18 10:00:00+00:00,91399.24,91609.14,91257.57,91585.46,288655531.26
2025-11-18 11:00:00+00:00,91585.46,91606.56,91246.93,91518.95,252714768.09
2025-11-18 12:00:00+00:00,91518.95,91875.25,91110.2,91521.38,331002014.32
2025-11-18 13:00:00+00:00,91521.38,91657.25,90920.33,91476.58,313680213.85
2025-11-18 14:00:00+00:00,91476.58,92441.48,91214.46,91363.64,705118088.61
2025-11-18 15:00:00+00:00,91363.64,93027.16,91016.41,92909.29,858415621.47
2025-11-18 16:00:00+00:00,92909.29,93835.16,92582.62,93496.41,657280139.46
2025-11-18 17:00:00+00:00,93496.41,93653.22,92825.49,93257.27,368662717.59
2025-11-18 18:00:00+00:00,93257.27,93763.42,93152.94,93331.5,252759905.62
2025-11-18 19:00:00+00:00,93331.5,93611.99,92991.69,93183.62,197099080.55
2025-11-18 20:00:00+00:00,93183.62,93297.82,92658.22,92786.67,199813770.49
2025-11-18 21:00:00+00:00,92786.67,93029.17,92462.2,92492.43,190974178.47
2025-11-18 22:00:00+00:00,92492.43,93418.51,92488.98,93160.9,142468421.03
2025-11-18 23:00:00+00:00,93160.9,93167.12,92732.47,92963.76,189082935.04
2025-11-19 00:00:00+00:00,92963.76,92980.81,91967.41,92417.68,310632359.09
2025-11-19 01:00:00+00:00,92417.68,92646.99,91944.35,92437.73,290666374.98
2025-11-19 02:00:00+00:00,92437.73,92863.69,92283.24,92572.49,191903247.35
2025-11-19 03:00:00+00:00,92572.49,92639.74,91672.62,91880.5,265670095.53
2025-11-19 04:00:00+00:00,91880.5,91973.9,91168.59,91168.59,291274537.98
2025-11-19 05:00:00+00:00,91168.59,91266.11,90031.6,90459.08,443753373.81
2025-11-19 06:00:00+00:00,90459.08,91098.71,90284.0,90986.71,319439846.08
2025-11-19 07:00:00+00:00,90986.71,92017.77,90952.51,91860.88,350145328.62
2025-11-19 08:00:00+00:00,91860.88,91949.88,91330.61,91468.27,225353577.13
2025-11-19 09:00:00+00:00,91468.27,91513.8,91078.87,91513.8,202304667.0
2025-11-19 10:00:00+00:00,91513.8,91696.09,91230.98,91312.91,150839428.21
2025-11-19 11:00:00+00:00,91312.91,91767.57,91311.56,91412.48,128876693.0
2025-11-19 12:00:00+00:00,91412.48,91867.44,91220.25,91779.92,183584425.02
2025-11-19 13:00:00+00:00,91779.92,91897.01,91252.77,91399.34,246487294.61
2025-11-19 14:00:00+00:00,91399.34,91853.5,91050.93,91711.98,435016074.84
2025-11-19 15:00:00+00:00,91711.98,92384.8,89871.54,89945.52,773339578.0
2025-11-19 16:00:00+00:00,89945.52,90225.41,89458.05,89902.3,579816112.33
2025-11-19 17:00:00+00:00,89902.3,90123.93,88892.56,89499.54,630513190.14
2025-11-19 18:00:00+00:00,89499.54,89722.65,88801.01,89236.91,582182406.45
2025-11-19 19:00:00+00:00,89236.91,89373.74,88637.02,88885.47,395652919.73
2025-11-19 20:00:00+00:00,88885.47,89697.11,88613.41,89548.53,406168144.55
2025-11-19 21:00:00+00:00,89548.53,90847.92,89453.77,90607.96,601937824.49
2025-11-19 22:00:00+00:00,90607.96,90635.69,90106.64,90484.8,179175573.55
2025-11-19 23:00:00+00:00,90484.8,91594.18,90484.8,91557.18,333438553.37
2025-11-20 00:00:00+00:00,91557.18,92305.31,91189.27,91894.06,307211116.31
2025-11-20 01:00:00+00:00,91894.06,92711.87,91828.99,92592.07,307522535.57
2025-11-20 02:00:00+00:00,92592.07,92798.82,92330.1,92594.33,285460980.06
2025-11-20 03:00:00+00:00,92594.33,92719.77,92367.55,92444.61,269550647.56
2025-11-20 04:00:00+00:00,92444.61,92986.81,92131.16,92964.39,283336838.96
2025-11-20 05:00:00+00:00,92964.39,93161.75,92572.47,92619.73,209217803.49
2025-11-20 06:00:00+00:00,92619.73,92850.83,91693.43,91975.38,295617097.05
2025-11-20 07:00:00+00:00,91975.38,92443.88,91802.36,92318.95,234286360.55
2025-11-20 08:00:00+00:00,92318.95,92400.02,92039.48,92126.45,187668341.11
2025-11-20 09:00:00+00:00,92126.45,92132.72,91445.46,91898.28,272735713.46
2025-11-20 10:00:00+00:00,91898.28,92056.98,91604.37,91806.78,232551628.79
2025-11-20 11:00:00+00:00,91806.78,92025.22,91489.79,91937.17,137399440.95
2025-11-20 12:00:00+00:00,91937.17,91996.43,91692.15,91837.57,163509104.65
2025-11-20 13:00:00+00:00,91837.57,92495.74,91481.4,91526.48,491758996.66
2025-11-20 14:00:00+00:00,91526.48,91670.61,90466.27,91095.91,684356727.56
2025-11-20 15:00:00+00:00,91095.91,91156.33,89827.74,89865.6,496595680.67
2025-11-20 16:00:00+00:00,89865.6,89895.91,87500.4,87890.08,1330328117.39
2025-11-20 17:00:00+00:00,87890.08,88113.76,86405.05,87236.65,1165843512.66
2025-11-20 18:00:00+00:00,87236.65,87763.53,86332.19,86487.48,671588383.09
2025-11-20 19:00:00+00:00,86487.48,87147.13,86102.91,86919.97,584273346.26
2025-11-20 20:00:00+00:00,86919.97,87126.34,86335.89,86462.16,401953480.53
2025-11-20 21:00:00+00:00,86462.16,87672.79,86442.6,87296.6,321092550.04
2025-11-20 22:00:00+00:00,87296.6,88253.65,87213.35,88067.44,302554779.79
2025-11-20 23:00:00+00:00,88067.44,88169.87,86560.41,86636.89,351114841.17
2025-11-21 00:00:00+00:00,86636.89,87498.92,86607.28,87285.16,309653247.82
2025-11-21 01:00:00+00:00,87285.16,87464.76,86837.71,87054.01,293926491.65
2025-11-21 02:00:00+00:00,87054.01,87066.33,85373.86,85459.58,675529781.46
2025-11-21 03:00:00+00:00,85459.58,86132.32,85442.8,85823.99,456588238.16
2025-11-21 04:00:00+00:00,85823.99,86115.62,85403.03,86053.79,316737383.63
2025-11-21 05:00:00+00:00,86053.79,86347.08,85833.07,86188.41,320793133.99
2025-11-21 06:00:00+00:00,86188.41,86254.08,85548.04,85580.22,336761852.17
2025-11-21 07:00:00+00:00,85580.22,85764.59,83112.71,84049.96,1790187252.92
2025-11-21 08:00:00+00:00,84049.96,84707.48,83593.48,83646.28,800663674.66
2025-11-21 09:00:00+00:00,83646.28,83988.26,82116.7,82215.48,855717547.93
2025-11-21 10:00:00+00:00,82215.48,82905.19,81666.12,82706.71,950061329.17
2025-11-21 11:00:00+00:00,82706.71,83342.3,82199.7,82317.16,463516429.69
2025-11-21 12:00:00+00:00,82317.16,83601.7,80642.76,83283.02,1546275719.11
2025-11-21 13:00:00+00:00,83283.02,84426.87,83122.9,84116.77,792562405.91
2025-11-21 14:00:00+00:00,84116.77,85492.41,83556.16,84853.74,1026394083.7
2025-11-21 15:00:00+00:00,84853.74,85101.08,82740.84,82931.58,934444965.82
2025-11-21 16:00:00+00:00,82931.58,84919.11,82336.16,84917.62,760615099.94
2025-11-21 17:00:00+00:00,84917.62,85567.58,84588.03,84874.4,628085448.48
2025-11-21 18:00:00+00:00,84874.4,85077.83,83306.63,84580.36,631763256.13
2025-11-21 19:00:00+00:00,84580.36,85025.95,84083.21,84210.63,309133468.05
2025-11-21 20:00:00+00:00,84210.63,84649.98,83464.3,84569.4,397048929.85
2025-11-21 21:00:00+00:00,84569.4,85413.75,84357.24,85182.77,323557387.67
2025-11-21 22:00:00+00:00,85182.77,85402.16,84266.69,84286.41,226007823.35
2025-11-21 23:00:00+00:00,84286.41,85350.16,84119.01,85130.93,225662421.99
2025-11-22 00:00:00+00:00,85130.93,85610.34,84575.53,84739.21,302843645.07
2025-11-22 01:00:00+00:00,84739.21,85204.53,84591.63,85174.4,223745135.56
2025-11-22 02:00:00+00:00,85174.4,85207.64,84289.06,84529.51,200062931.79
2025-11-22 03:00:00+00:00,84529.51,84609.92,84214.12,84442.83,168606819.75
2025-11-22 04:00:00+00:00,84442.83,84546.62,83834.57,84242.63,182762722.93
2025-11-22 05:00:00+00:00,84242.63,84317.11,83873.41,84281.37,161698131.61
2025-11-22 06:00:00+00:00,84281.37,84797.33,84084.26,84635.84,168075356.82
2025-11-22 07:00:00+00:00,84635.84,84666.09,84403.33,84581.51,126529692.7
2025-11-22 08:00:00+00:00,84581.51,84584.96,83936.57,84019.99,207072393.25
2025-11-22 09:00:00+00:00,84019.99,84345.47,83821.05,83931.05,333754644.96
2025-11-22 10:00:00+00:00,83931.05,84210.91,83503.91,83697.61,203090150.64
2025-11-22 11:00:00+00:00,83697.61,84340.59,83594.38,84092.42,171505539.81
2025-11-22 12:00:00+00:00,84092.42,84160.74,83622.5,83883.7,170243231.12
2025-11-22 13:00:00+00:00,83883.7,84132.01,83657.62,83944.87,166816156.4
2025-11-22 14:00:00+00:00,83944.87,84752.61,83936.39,84494.56,278423326.66
2025-11-22 15:00:00+00:00,84494.56,84570.53,84015.44,84281.2,186501709.91
2025-11-22 16:00:00+00:00,84281.2,84892.49,84219.37,84697.73,153364734.73
2025-11-22 17:00:00+00:00,84697.73,84723.05,84422.83,84554.99,117110103.06
2025-11-22 18:00:00+00:00,84554.99,84680.05,84477.39,84658.94,84574459.23
2025-11-22 19:00:00+00:00,84658.94,84792.46,84507.38,84608.91,77228345.67
2025-11-22 20:00:00+00:00,84608.91,84805.33,84240.44,84471.07,96328635.99
2025-11-22 21:00:00+00:00,84471.07,84511.79,84239.88,84409.54,82875878.15
2025-11-22 22:00:00+00:00,84409.54,85260.31,84273.45,85073.39,136673034.97
2025-11-22 23:00:00+00:00,85073.39,85174.41,84669.23,84735.98,135297279.8
2025-11-23 00:00:00+00:00,84735.98,85320.85,84673.72,84968.68,216859018.41
2025-11-23 01:00:00+00:00,84968.68,86136.29,84957.72,85877.73,315613741.0
2025-11-23 02:00:00+00:00,85877.73,86347.38,85688.15,85999.16,333052601.48
2025-11-23 03:00:00+00:00,85999.16,86306.72,85820.26,86306.72,167072296.54
2025-11-23 04:00:00+00:00,86306.72,86855.66,86154.58,86547.33,284714976.03
2025-11-23 05:00:00+00:00,86547.33,86592.27,86007.08,86354.03,162360610.4
2025-11-23 06:00:00+00:00,86354.03,86496.74,85864.92,85864.94,166899932.9
2025-11-23 07:00:00+00:00,85864.94,85915.55,85426.76,85777.75,211469355.52
2025-11-23 08:00:00+00:00,85777.75,86192.55,85767.2,86141.87,171430323.96
2025-11-23 09:00:00+00:00,86141.87,86468.9,86081.03,86397.0,128201552.54
2025-11-23 10:00:00+00:00,86397.0,86453.28,86059.99,86070.86,129289591.87
2025-11-23 11:00:00+00:00,86070.86,86422.77,85829.86,86333.71,177932223.85
2025-11-23 12:00:00+00:00,86333.71,86887.57,86272.23,86532.96,251437962.4
2025-11-23 13:00:00+00:00,86532.96,86931.27,86322.81,86927.83,193558462.72
2025-11-23 14:00:00+00:00,86927.83,87199.44,86484.98,86550.8,307938012.62
2025-11-23 15:00:00+00:00,86550.8,87235.29,86453.29,87088.04,207419352.96
2025-11-23 16:00:00+00:00,87088.04,87497.75,86673.82,86685.35,335782654.27
2025-11-23 17:00:00+00:00,86685.35,86956.94,86503.33,86745.8,211186257.99
2025-11-23 18:00:00+00:00,86745.8,87255.25,86724.59,86996.57,172910768.04
2025-11-23 19:00:00+00:00,86996.57,87673.16,86940.88,87325.22,225648526.48
2025-11-23 20:00:00+00:00,87325.22,87696.64,87236.64,87482.78,190566306.87
2025-11-23 21:00:00+00:00,87482.78,87997.46,87168.84,87993.96,180915603.21
2025-11-23 22:00:00+00:00,87993.96,88118.62,87556.57,88006.56,201163099.86
2025-11-23 23:00:00+00:00,88006.56,88089.21,86744.84,86837.17,318368124.69
2025-11-24 00:00:00+00:00,86837.17,87209.02,85947.73,86738.36,410072906.79
2025-11-24 01:00:00+00:00,86738.36,87087.16,86399.98,87069.37,341118765.53
2025-11-24 02:00:00+00:00,87069.37,88053.2,87023.49,87516.58,384521152.99
2025-11-24 03:00:00+00:00,87516.58,87789.2,87199.55,87455.47,226264332.43
2025-11-24 04:00:00+00:00,87455.47,87600.19,86448.95,86734.68,248181197.08
2025-11-24 05:00:00+00:00,86734.68,87833.52,86679.21,87464.77,248209947.65
2025-11-24 06:00:00+00:00,87464.77,87505.09,86821.23,86911.76,245734680.39
2025-11-24 07:00:00+00:00,86911.76,87348.54,86698.83,87043.41,236838934.7
2025-11-24 08:00:00+00:00,87043.41,87043.41,86725.64,86958.52,183148621.13
2025-11-24 09:00:00+00:00,86958.52,86958.52,85828.85,85947.85,308945293.12
2025-11-24 10:00:00+00:00,85947.85,86187.57,85696.53,86051.63,255428824.24
2025-11-24 11:00:00+00:00,86051.63,86432.29,85842.2,86267.72,179090084.31
2025-11-24 12:00:00+00:00,86267.72,86312.02,85883.49,86004.39,247167289.61
2025-11-24 13:00:00+00:00,86004.39,86570.84,85952.54,86152.06,261701135.3
2025-11-24 14:00:00+00:00,86152.06,86647.47,85275.56,86151.64,498656963.3
2025-11-24 15:00:00+00:00,86151.64,86746.97,85916.28,86619.62,415887712.27
2025-11-24 16:00:00+00:00,86619.62,87691.04,86619.62,87174.73,413067073.56
2025-11-24 17:00:00+00:00,87174.73,88470.21,86955.34,88366.94,418747742.57
2025-11-24 18:00:00+00:00,88366.94,88723.7,88206.28,88715.9,344947425.75
2025-11-24 19:00:00+00:00,88715.9,88833.24,88138.84,88324.45,297488018.04
2025-11-24 20:00:00+00:00,88324.45,89224.27,88324.42,89086.25,360200104.3
2025-11-24 21:00:00+00:00,89086.25,89124.92,88720.92,88761.82,196609295.11
2025-11-24 22:00:00+00:00,88761.82,89089.0,88590.91,88629.6,138756584.27
2025-11-24 23:00:00+00:00,88629.6,88688.12,88247.65,88291.87,132858763.75
2025-11-25 00:00:00+00:00,88291.87,88291.91,87869.32,88099.08,220341519.52
2025-11-25 01:00:00+00:00,88099.08,88201.24,87720.93,87734.59,187827118.23
2025-11-25 02:00:00+00:00,87734.59,87939.5,87465.03,87905.33,190051306.32
2025-11-25 03:00:00+00:00,87905.33,88033.92,87551.32,87817.07,163470689.86
2025-11-25 04:00:00+00:00,87817.07,88508.75,87791.17,88340.67,176029040.8
2025-11-25 05:00:00+00:00,88340.67,88340.71,87936.65,88117.15,111709822.31
2025-11-25 06:00:00+00:00,88117.15,88144.77,87802.37,88002.04,124141099.72
2025-11-25 07:00:00+00:00,88002.04,88060.34,87346.85,87389.4,284666380.97
2025-11-25 08:00:00+00:00,87389.4,87610.27,86997.41,87013.09,212842949.21
2025-11-25 09:00:00+00:00,87013.09,87243.81,86676.62,87233.07,303285642.08
2025-11-25 10:00:00+00:00,87233.07,87427.99,86948.35,87408.54,127335659.41
2025-11-25 11:00:00+00:00,87408.54,87531.13,87309.84,87363.41,114153299.13
2025-11-25 12:00:00+00:00,87363.41,87773.21,87363.41,87511.85,216562002.72
2025-11-25 13:00:00+00:00,87511.85,87724.5,86873.31,87079.15,320306540.51
2025-11-25 14:00:00+00:00,87079.15,87297.49,86117.74,86743.84,585609992.15
2025-11-25 15:00:00+00:00,86743.84,87301.27,86200.42,86988.28,506852499.7
2025-11-25 16:00:00+00:00,86988.28,87290.67,86711.39,87122.43,273479241.09
2025-11-25 17:00:00+00:00,87122.43,88149.55,87049.04,87624.94,314052041.95
2025-11-25 18:00:00+00:00,87624.94,87829.84,87236.12,87237.06,208812819.77
2025-11-25 19:00:00+00:00,87237.06,87325.16,86184.07,86881.23,317908108.43
2025-11-25 20:00:00+00:00,86881.23,87462.44,86710.91,87409.7,221883566.27
2025-11-25 21:00:00+00:00,87409.7,87443.12,86985.23,87034.62,165550617.12
2025-11-25 22:00:00+00:00,87034.62,87721.83,86586.31,87639.69,178297844.72
2025-11-25 23:00:00+00:00,87639.69,87880.23,87327.48,87366.04,196359691.44
2025-11-26 00:00:00+00:00,87366.04,87772.5,87353.15,87576.05,194732899.19
2025-11-26 01:00:00+00:00,87576.05,88223.1,87339.86,87918.73,238890920.07
2025-11-26 02:00:00+00:00,87918.73,88088.39,87665.1,87710.86,153343278.33
2025-11-26 03:00:00+00:00,87710.86,87887.68,87070.81,87118.94,217471420.73
2025-11-26 04:00:00+00:00,87118.94,87366.18,86903.1,87232.04,150129661.07
2025-11-26 05:00:00+00:00,87232.04,87736.87,87223.79,87514.74,131005176.78
2025-11-26 06:00:00+00:00,87514.74,87884.01,87456.98,87797.31,206167204.42
2025-11-26 07:00:00+00:00,87797.31,87972.37,87699.21,87935.58,175910469.21
2025-11-26 08:00:00+00:00,87935.58,87939.45,87417.06,87421.99,141535199.34
2025-11-26 09:00:00+00:00,87421.99,87445.6,86750.38,86834.2,235413866.71
2025-11-26 10:00:00+00:00,86834.2,87061.47,86673.48,86956.05,130174026.09
2025-11-26 11:00:00+00:00,86956.05,87097.33,86848.3,87095.11,101994267.37
2025-11-26 12:00:00+00:00,87095.11,87175.34,86309.48,86648.4,232633131.2
2025-11-26 13:00:00+00:00,86648.4,87132.33,86570.58,87126.28,268690505.19
2025-11-26 14:00:00+00:00,87126.28,87685.92,86813.79,86899.3,356621010.24
2025-11-26 15:00:00+00:00,86899.3,87345.56,86690.28,86976.23,383067028.26
2025-11-26 16:00:00+00:00,86976.23,87938.72,86969.36,87825.11,348962630.87
2025-11-26 17:00:00+00:00,87825.11,89962.33,87715.2,89833.29,600802017.18
2025-11-26 18:00:00+00:00,89833.29,90410.31,89681.21,90147.03,528708827.86
2025-11-26 19:00:00+00:00,90147.03,90194.36,89738.31,89960.81,325624181.81
2025-11-26 20:00:00+00:00,89960.81,90109.51,89516.56,89869.33,312963750.73
2025-11-26 21:00:00+00:00,89869.33,90470.21,89815.48,90189.93,228379683.21
2025-11-26 22:00:00+00:00,90189.93,90632.72,90128.6,90382.86,180971839.06
2025-11-26 23:00:00+00:00,90382.86,90596.21,90314.08,90486.03,178705028.81
2025-11-27 00:00:00+00:00,90486.03,90585.71,90091.48,90476.43,242864373.39
2025-11-27 01:00:00+00:00,90476.43,91229.66,90383.17,91143.29,293943420.51
2025-11-27 02:00:00+00:00,91143.29,91908.03,90879.1,91382.54,643435943.39
2025-11-27 03:00:00+00:00,91382.54,91604.9,91045.66,91089.97,260081013.59
2025-11-27 04:00:00+00:00,91089.97,91345.88,91055.61,91273.96,164138539.84
2025-11-27 05:00:00+00:00,91273.96,91542.9,90893.56,90968.6,237678616.73
2025-11-27 06:00:00+00:00,90968.6,91437.04,90968.54,91238.45,149083656.91
2025-11-27 07:00:00+00:00,91238.45,91496.03,91136.22,91405.1,173576834.07
2025-11-27 08:00:00+00:00,91405.1,91515.74,91224.4,91484.73,154042007.85
2025-11-27 09:00:00+00:00,91484.73,91929.39,91468.39,91564.01,222878085.71
2025-11-27 10:00:00+00:00,91564.01,91741.45,91348.25,91613.57,184900084.52
2025-11-27 11:00:00+00:00,91613.57,91618.36,91308.56,91373.16,107892680.91
2025-11-27 12:00:00+00:00,91373.16,91454.28,90953.51,90988.13,212039501.75
2025-11-27 13:00:00+00:00,90988.13,91073.7,90451.84,90854.47,390627789.03
2025-11-27 14:00:00+00:00,90854.47,90977.25,90579.97,90791.7,200928477.07
2025-11-27 15:00:00+00:00,90791.7,90984.86,90632.8,90957.81,164904969.25
2025-11-27 16:00:00+00:00,90957.81,91558.56,90854.18,91466.08,267477337.73
2025-11-27 17:00:00+00:00,91466.08,91634.1,91306.61,91478.79,175959024.77
2025-11-27 18:00:00+00:00,91478.79,91840.05,91348.54,91791.25,154249820.11
2025-11-27 19:00:00+00:00,91791.25,91791.25,91509.7,91530.11,132697264.54
2025-11-27 20:00:00+00:00,91530.11,91596.5,91399.23,91435.99,149929801.85
2025-11-27 21:00:00+00:00,91435.99,91595.92,91220.11,91410.6,96533612.28
2025-11-27 22:00:00+00:00,91410.6,91590.36,91111.71,91322.1,108557085.61
2025-11-27 23:00:00+00:00,91322.1,91561.24,91214.95,91332.73,86756173.93
2025-11-28 00:00:00+00:00,91332.73,91416.92,91074.1,91206.6,123844273.85
2025-11-28 01:00:00+00:00,91206.6,91208.32,90800.96,90800.96,175634883.29
2025-11-28 02:00:00+00:00,90800.96,91132.1,90657.81,91077.53,236206165.34
2025-11-28 03:00:00+00:00,91077.53,91301.84,90997.23,91203.94,151342179.08
2025-11-28 04:00:00+00:00,91203.94,91483.75,91123.1,91424.05,115240135.55
2025-11-28 05:00:00+00:00,91424.05,91712.64,91303.66,91614.73,177083511.7
2025-11-28 06:00:00+00:00,91614.73,91614.81,91158.8,91299.88,139709998.31
2025-11-28 07:00:00+00:00,91299.88,91562.75,90864.61,90911.97,255123414.06
2025-11-28 08:00:00+00:00,90911.97,91707.38,90908.78,91686.26,288430351.19
2025-11-28 09:00:00+00:00,91686.26,91845.73,91436.81,91597.3,240537346.89
2025-11-28 10:00:00+00:00,91597.3,91868.18,91480.01,91843.69,179835665.9
2025-11-28 11:00:00+00:00,91843.69,92003.51,91063.0,91435.51,265094097.45
2025-11-28 12:00:00+00:00,91435.51,91682.46,91401.9,91509.72,151209349.73
2025-11-28 13:00:00+00:00,91509.72,92594.92,91381.11,92367.04,392884729.65
2025-11-28 14:00:00+00:00,92367.04,93052.62,91822.24,92246.17,692971041.77
2025-11-28 15:00:00+00:00,92246.17,92792.22,91987.35,92360.47,392896069.54
2025-11-28 16:00:00+00:00,92360.47,92369.85,90879.98,90933.21,459931585.14
2025-11-28 17:00:00+00:00,90933.21,91200.87,90201.02,90620.23,682858630.74
2025-11-28 18:00:00+00:00,90620.23,90959.39,90426.45,90827.15,270589033.34
2025-11-28 19:00:00+00:00,90827.15,91202.27,90823.34,91154.52,148794344.23
2025-11-28 20:00:00+00:00,91154.52,91220.54,90868.05,91195.92,140263264.6
2025-11-28 21:00:00+00:00,91195.92,91244.55,90883.17,90883.28,116276123.97
2025-11-28 22:00:00+00:00,90883.28,91154.52,90705.26,91113.84,135707668.63
2025-11-28 23:00:00+00:00,91113.84,91192.36,90888.32,90890.61,86823805.71
2025-11-29 00:00:00+00:00,90890.61,90968.88,90768.34,90883.6,100495476.56
2025-11-29 01:00:00+00:00,90883.6,91119.4,90799.76,90882.35,85345418.5
2025-11-29 02:00:00+00:00,90882.35,90926.06,90546.42,90795.17,120876754.86
2025-11-29 03:00:00+00:00,90795.17,90866.79,90667.18,90684.02,69706837.95
2025-11-29 04:00:00+00:00,90684.02,90910.13,90554.09,90901.61,69087611.95
2025-11-29 05:00:00+00:00,90901.61,90928.15,90732.35,90754.86,67039040.99
2025-11-29 06:00:00+00:00,90754.86,90829.45,90326.97,90567.26,172147601.86
2025-11-29 07:00:00+00:00,90567.26,90668.62,90375.43,90565.06,148718249.45
2025-11-29 08:00:00+00:00,90565.06,90733.88,90481.18,90630.81,120894563.23
2025-11-29 09:00:00+00:00,90630.81,90669.4,90505.6,90565.18,121466829.06
2025-11-29 10:00:00+00:00,90565.18,90646.6,90383.74,90557.07,96428861.11
2025-11-29 11:00:00+00:00,90557.07,90684.85,90462.58,90674.79,71035414.07
2025-11-29 12:00:00+00:00,90674.79,90808.68,90536.38,90621.31,69535375.32
2025-11-29 13:00:00+00:00,90621.31,90806.77,90599.06,90784.69,70257066.98
2025-11-29 14:00:00+00:00,90784.69,90784.83,90621.03,90627.9,68470968.18
2025-11-29 15:00:00+00:00,90627.9,91108.89,90627.9,91066.31,164723509.08
2025-11-29 16:00:00+00:00,91066.31,91167.32,90869.88,91008.32,92609998.95
2025-11-29 17:00:00+00:00,91008.32,91024.65,90431.87,90433.2,190184743.76
2025-11-29 18:00:00+00:00,90433.2,90721.14,90166.93,90696.45,241544544.48
2025-11-29 19:00:00+00:00,90696.45,90852.03,90605.92,90646.48,80330572.73
2025-11-29 20:00:00+00:00,90646.48,91040.54,90409.75,90969.9,124298484.83
2025-11-29 21:00:00+00:00,90969.9,91052.21,90815.49,91012.02,78853973.88
2025-11-29 22:00:00+00:00,91012.02,91012.07,90710.61,90756.72,84324434.68
2025-11-29 23:00:00+00:00,90756.72,90899.45,90695.75,90807.82,51759476.57
2025-11-30 00:00:00+00:00,90807.82,90945.44,90772.89,90892.74,57909379.24
2025-11-30 01:00:00+00:00,90892.74,91053.87,90864.8,90913.2,79560088.0
2025-11-30 02:00:00+00:00,90913.2,91033.19,90753.79,90790.29,87790698.35
2025-11-30 03:00:00+00:00,90790.29,90922.62,90470.08,90913.8,131949549.09
2025-11-30 04:00:00+00:00,90913.8,90973.59,90800.64,90856.11,50831329.07
2025-11-30 05:00:00+00:00,90856.11,90856.11,90675.63,90789.07,68520838.94
2025-11-30 06:00:00+00:00,90789.07,90938.67,90720.24,90895.23,85159332.17
2025-11-30 07:00:00+00:00,90895.23,91039.14,90862.22,90966.38,112027654.28
2025-11-30 08:00:00+00:00,90966.38,91409.86,90931.37,91178.85,261316796.88
2025-11-30 09:00:00+00:00,91178.85,91625.3,91130.48,91405.55,217088402.65
2025-11-30 10:00:00+00:00,91405.55,91459.88,91198.02,91229.46,68259953.73
2025-11-30 11:00:00+00:00,91229.46,91391.47,90996.4,91047.59,126612673.27
2025-11-30 12:00:00+00:00,91047.59,91526.69,91006.36,91468.06,139457048.28
2025-11-30 13:00:00+00:00,91468.06,91974.36,91402.73,91765.94,287403246.65
2025-11-30 14:00:00+00:00,91765.94,91774.65,91255.91,91496.36,145856105.33
2025-11-30 15:00:00+00:00,91496.36,91606.3,91325.4,91440.2,125307239.7
2025-11-30 16:00:00+00:00,91440.2,91850.78,91408.02,91822.93,98372033.5
2025-11-30 17:00:00+00:00,91822.93,91822.93,91313.84,91487.78,96457951.61
2025-11-30 18:00:00+00:00,91487.78,91487.78,91161.67,91458.84,94731928.66
2025-11-30 19:00:00+00:00,91458.84,91495.52,91300.95,91467.07,60555548.63
2025-11-30 20:00:00+00:00,91467.07,91626.06,91182.46,91314.58,82206653.83
2025-11-30 21:00:00+00:00,91314.58,91330.25,90896.02,91173.83,149816429.16
2025-11-30 22:00:00+00:00,91173.83,91344.0,91045.42,91225.55,89473930.71
2025-11-30 23:00:00+00:00,91225.55,91250.3,90341.62,90361.5,270895008.01
2025-12-01 00:00:00+00:00,90361.5,90418.33,86975.25,87001.94,1179249199.7
2025-12-01 01:00:00+00:00,87001.94,87745.85,86946.39,87168.9,527613324.18
2025-12-01 02:00:00+00:00,87168.9,87500.98,86478.48,86723.68,502860457.56
2025-12-01 03:00:00+00:00,86723.68,86812.16,86174.41,86353.39,442997820.84
2025-12-01 04:00:00+00:00,86353.39,86356.21,85700.92,85806.47,382766395.77
2025-12-01 05:00:00+00:00,85806.47,86010.47,85612.28,86006.56,205147054.23
2025-12-01 06:00:00+00:00,86006.56,86356.43,85980.62,86238.24,233384418.05
2025-12-01 07:00:00+00:00,86238.24,86571.07,86056.18,86549.72,306731942.32
2025-12-01 08:00:00+00:00,86549.72,86888.79,86394.38,86873.89,275623657.64
2025-12-01 09:00:00+00:00,86873.89,86936.87,86526.86,86708.15,298606179.91
2025-12-01 10:00:00+00:00,86708.15,86815.28,86553.09,86647.19,124537444.87
2025-12-01 11:00:00+00:00,86647.19,86698.89,86133.42,86144.34,203217164.95
2025-12-01 12:00:00+00:00,86144.34,86234.61,84765.15,85430.79,562022017.95
2025-12-01 13:00:00+00:00,85430.79,86144.19,85354.23,85987.0,402267421.87
2025-12-01 14:00:00+00:00,85987.0,86667.18,85879.23,86063.64,496057281.3
2025-12-01 15:00:00+00:00,86063.64,86131.84,83827.65,84679.67,759729756.51
2025-12-01 16:00:00+00:00,84679.67,85451.57,84042.73,84549.85,568556070.88
2025-12-01 17:00:00+00:00,84549.85,85264.28,84450.3,84945.66,295642064.62
2025-12-01 18:00:00+00:00,84945.66,85544.89,84723.52,85196.76,311124222.46
2025-12-01 19:00:00+00:00,85196.76,85295.32,84606.51,85023.64,228610575.83
2025-12-01 20:00:00+00:00,85023.64,85828.27,85016.01,85512.65,349558417.89
2025-12-01 21:00:00+00:00,85512.65,86495.67,85497.82,86436.88,375700395.43
2025-12-01 22:00:00+00:00,86436.88,86855.98,86296.58,86574.85,219444697.01
2025-12-01 23:00:00+00:00,86574.85,86827.3,86250.59,86286.7,174233648.71
2025-12-02 00:00:00+00:00,86286.7,86668.61,86186.73,86512.23,215406765.24
2025-12-02 01:00:00+00:00,86512.23,87343.47,86392.08,86453.51,340609717.47
2025-12-02 02:00:00+00:00,86453.51,86856.03,86275.38,86550.27,195997864.85
2025-12-02 03:00:00+00:00,86550.27,87097.45,86217.01,86975.87,191587609.61
2025-12-02 04:00:00+00:00,86975.87,87275.4,86903.89,86966.99,168136914.49
2025-12-02 05:00:00+00:00,86966.99,87117.47,86821.16,87010.64,113190700.4
2025-12-02 06:00:00+00:00,87010.64,87180.16,86867.49,87090.37,147845266.51
2025-12-02 07:00:00+00:00,87090.37,87116.72,86886.16,87012.05,144060398.77
2025-12-02 08:00:00+00:00,87012.05,87045.43,86357.45,86470.95,262216732.39
2025-12-02 09:00:00+00:00,86470.95,86999.03,86453.44,86772.0,202723291.59
2025-12-02 10:00:00+00:00,86772.0,87583.28,86761.84,87278.86,194795084.87
2025-12-02 11:00:00+00:00,87278.86,87600.32,87000.82,87368.14,206210744.5
2025-12-02 12:00:00+00:00,87368.14,87553.17,87219.85,87269.16,215270432.32
2025-12-02 13:00:00+00:00,87269.16,87878.8,87058.85,87732.09,338405996.93
2025-12-02 14:00:00+00:00,87732.09,89268.99,87606.54,89268.7,677412780.48
2025-12-02 15:00:00+00:00,89268.7,91185.59,89266.21,90851.1,1095898998.19
2025-12-02 16:00:00+00:00,90851.1,91266.9,90212.61,90752.07,571950506.34
2025-12-02 17:00:00+00:00,90752.07,91989.14,90739.59,91453.06,471512905.34
2025-12-02 18:00:00+00:00,91453.06,92217.19,91374.86,91946.56,484282806.57
2025-12-02 19:00:00+00:00,91946.56,92299.31,91855.6,91898.9,289552576.45
2025-12-02 20:00:00+00:00,91898.9,91921.43,90733.14,91026.07,490380083.84
2025-12-02 21:00:00+00:00,91026.07,91632.29,90969.67,91565.63,225110322.16
2025-12-02 22:00:00+00:00,91565.63,91996.23,91516.13,91984.5,250714139.09
2025-12-02 23:00:00+00:00,91984.5,91984.52,91276.73,91281.79,174344357.7
2025-12-03 00:00:00+00:00,91281.79,91746.81,91000.03,91658.41,311225972.43
2025-12-03 01:00:00+00:00,91658.41,92465.22,91470.23,92243.54,323966804.57
2025-12-03 02:00:00+00:00,92243.54,93047.42,92161.08,92815.61,388076215.18
2025-12-03 03:00:00+00:00,92815.61,93072.38,92593.79,92628.49,236135975.17
2025-12-03 04:00:00+00:00,92628.49,93450.74,92622.67,93349.93,327137085.31
2025-12-03 05:00:00+00:00,93349.93,93653.47,93112.28,93634.72,322860998.02
2025-12-03 06:00:00+00:00,93634.72,93953.43,93160.01,93433.75,332597535.94
2025-12-03 07:00:00+00:00,93433.75,93461.37,92874.29,92998.27,329983934.79
2025-12-03 08:00:00+00:00,92998.27,93174.48,92686.96,92767.54,242766715.65
2025-12-03 09:00:00+00:00,92767.54,93210.04,92715.26,93178.54,176505060.61
2025-12-03 10:00:00+00:00,93178.54,93386.45,92865.22,92939.73,187236183.21
2025-12-03 11:00:00+00:00,92939.73,93051.62,92671.94,93007.04,206784302.19
2025-12-03 12:00:00+00:00,93007.04,93102.31,92685.1,92933.03,260425441.22
2025-12-03 13:00:00+00:00,92933.03,93254.51,92893.46,93131.36,276987712.07
2025-12-03 14:00:00+00:00,93131.36,93685.85,91707.71,92355.36,1044107579.71
2025-12-03 15:00:00+00:00,92355.36,92992.9,91928.76,92373.96,510716113.57
2025-12-03 16:00:00+00:00,92373.96,92736.84,91827.35,92247.45,319250690.37
2025-12-03 17:00:00+00:00,92247.45,93038.12,92211.45,92956.68,347627193.23
2025-12-03 18:00:00+00:00,92956.68,93503.44,92387.48,92617.85,320682681.73
2025-12-03 19:00:00+00:00,92617.85,93096.43,92534.46,93025.35,171370748.84
2025-12-03 20:00:00+00:00,93025.35,93383.61,92832.88,92975.38,255529931.09
2025-12-03 21:00:00+00:00,92975.38,93764.13,92857.09,93704.83,249983024.65
2025-12-03 22:00:00+00:00,93704.83,94140.03,93306.34,93784.19,378221233.02
2025-12-03 23:00:00+00:00,93784.19,94088.46,93388.64,93433.61,258830587.85
2025-12-04 00:00:00+00:00,93433.61,93477.08,92675.98,93053.28,278432732.24
2025-12-04 01:00:00+00:00,93053.28,93751.5,92989.53,93191.37,278053429.14
2025-12-04 02:00:00+00:00,93191.37,94056.37,93121.04,93937.91,282059726.98
2025-12-04 03:00:00+00:00,93937.91,94071.59,93401.59,93539.08,190511026.7
2025-12-04 04:00:00+00:00,93539.08,93584.85,93227.86,93354.5,110791765.75
2025-12-04 05:00:00+00:00,93354.5,93375.5,92784.38,92975.92,219862413.09
2025-12-04 06:00:00+00:00,92975.92,93372.21,92844.22,93139.0,212218807.27
2025-12-04 07:00:00+00:00,93139.0,93413.28,92893.2,93397.05,158900654.99
2025-12-04 08:00:00+00:00,93397.05,93594.36,93043.97,93252.93,170406322.3
2025-12-04 09:00:00+00:00,93252.93,93611.65,93237.97,93453.96,183779445.3
2025-12-04 10:00:00+00:00,93453.96,93556.13,93163.94,93256.21,137266159.46
2025-12-04 11:00:00+00:00,93256.21,93313.06,92740.52,92940.25,195906230.9
2025-12-04 12:00:00+00:00,92940.25,93194.1,92783.73,92989.49,168312933.93
2025-12-04 13:00:00+00:00,92989.49,93054.02,92435.63,92523.56,315998621.94
2025-12-04 14:00:00+00:00,92523.56,92821.07,91804.14,91896.55,426445503.27
2025-12-04 15:00:00+00:00,91896.55,93239.73,91893.37,92973.2,462363787.89
2025-12-04 16:00:00+00:00,92973.2,93174.63,92273.92,92433.1,327006619.61
2025-12-04 17:00:00+00:00,92433.1,92536.95,91758.98,92426.43,316838140.85
2025-12-04 18:00:00+00:00,92426.43,92552.16,91947.93,92128.1,190889081.96
2025-12-04 19:00:00+00:00,92128.1,92173.86,90891.11,91974.75,491974504.62
2025-12-04 20:00:00+00:00,91974.75,92530.4,91692.46,92501.44,262022637.64
2025-12-04 21:00:00+00:00,92501.44,92711.93,92088.63,92155.16,172824771.2
2025-12-04 22:00:00+00:00,92155.16,92492.4,92151.09,92347.2,86626801.76
2025-12-04 23:00:00+00:00,92347.2,92459.42,92073.85,92074.16,111281521.27
2025-12-05 00:00:00+00:00,92074.16,92471.94,92062.75,92300.04,112205598.95
2025-12-05 01:00:00+00:00,92300.04,92594.8,92230.08,92360.32,139996355.91
2025-12-05 02:00:00+00:00,92360.32,92687.76,92255.21,92516.68,126778208.75
2025-12-05 03:00:00+00:00,92516.68,92659.47,91972.66,92152.18,144540453.7
2025-12-05 04:00:00+00:00,92152.18,92388.91,91812.84,92028.06,164978501.38
2025-12-05 05:00:00+00:00,92028.06,92204.22,91879.42,91935.96,72118216.28
2025-12-05 06:00:00+00:00,91935.96,92285.42,91907.14,92274.46,84521986.19
2025-12-05 07:00:00+00:00,92274.46,92492.52,92203.53,92257.43,115150613.51
2025-12-05 08:00:00+00:00,92257.43,92260.95,91900.67,92110.5,143089388.21
2025-12-05 09:00:00+00:00,92110.5,92110.57,90977.61,91129.24,332607295.26
2025-12-05 10:00:00+00:00,91129.24,91487.3,91092.2,91279.71,148387577.2
2025-12-05 11:00:00+00:00,91279.71,91558.42,91128.6,91346.47,123526863.96
2025-12-05 12:00:00+00:00,91346.47,91427.52,91082.81,91241.58,121762200.39
2025-12-05 13:00:00+00:00,91241.58,91351.62,90242.57,90470.33,376309826.96
2025-12-05 14:00:00+00:00,90470.33,90740.93,89963.11,90290.32,438186954.89
2025-12-05 15:00:00+00:00,90290.32,91451.45,90260.32,90455.02,616632032.31
2025-12-05 16:00:00+00:00,90455.02,90488.1,88094.46,88815.21,846417066.63
2025-12-05 17:00:00+00:00,88815.21,89517.37,88612.24,89334.99,374511995.67
2025-12-05 18:00:00+00:00,89334.99,89796.8,88909.27,88940.14,282609026.89
2025-12-05 19:00:00+00:00,88940.14,89806.01,88826.21,89634.58,277590967.62
2025-12-05 20:00:00+00:00,89634.58,89744.85,89194.68,89309.37,240814998.74
2025-12-05 21:00:00+00:00,89309.37,89485.27,89082.45,89178.7,155610065.91
2025-12-05 22:00:00+00:00,89178.7,89367.09,88911.13,89237.74,121884528.62
2025-12-05 23:00:00+00:00,89237.74,89377.88,88940.22,89330.15,93569327.36
2025-12-06 00:00:00+00:00,89330.15,89459.28,89042.0,89419.9,106668278.89
2025-12-06 01:00:00+00:00,89419.9,89497.56,89206.06,89326.13,71811790.17
2025-12-06 02:00:00+00:00,89326.13,89399.76,89171.56,89385.79,68538915.69
2025-12-06 03:00:00+00:00,89385.79,89795.36,89385.73,89678.3,148479499.3
2025-12-06 04:00:00+00:00,89678.3,89710.48,89523.67,89658.55,62036069.29
2025-12-06 05:00:00+00:00,89658.55,89734.08,89528.84,89603.38,44374594.89
2025-12-06 06:00:00+00:00,89603.38,89762.86,89522.37,89683.06,46046519.87
2025-12-06 07:00:00+00:00,89683.06,89716.01,89465.09,89591.91,114346006.09
2025-12-06 08:00:00+00:00,89591.91,89641.09,89215.09,89276.67,160664075.86
2025-12-06 09:00:00+00:00,89276.67,89669.02,89265.89,89573.21,111198943.44
2025-12-06 10:00:00+00:00,89573.21,89684.14,89464.97,89506.87,86263854.47
2025-12-06 11:00:00+00:00,89506.87,89727.8,89494.75,89623.64,124032303.88
2025-12-06 12:00:00+00:00,89623.64,89644.07,89562.31,89576.77,71698227.79
2025-12-06 13:00:00+00:00,89576.77,89783.21,89576.63,89669.58,82890500.7
2025-12-06 14:00:00+00:00,89669.58,90277.05,89655.69,90004.65,252237854.22
2025-12-06 15:00:00+00:00,90004.65,90034.41,89489.42,89757.81,165950856.3
2025-12-06 16:00:00+00:00,89757.81,89978.25,89680.32,89709.51,109289607.51
2025-12-06 17:00:00+00:00,89709.51,89839.03,89614.71,89709.56,94918944.49
2025-12-06 18:00:00+00:00,89709.56,89786.74,89530.43,89648.46,63586390.76
2025-12-06 19:00:00+00:00,89648.46,89747.97,89237.14,89407.55,208566605.46
2025-12-06 20:00:00+00:00,89407.55,89554.68,89319.34,89550.71,51059656.85
2025-12-06 21:00:00+00:00,89550.71,89616.29,89396.2,89424.67,66843522.79
2025-12-06 22:00:00+00:00,89424.67,89526.5,89258.07,89283.67,59915852.91
2025-12-06 23:00:00+00:00,89283.67,89327.96,88912.62,89232.65,159293734.58
2025-12-07 00:00:00+00:00,89232.65,89556.42,89179.49,89400.25,85666555.58
2025-12-07 01:00:00+00:00,89400.25,89588.93,89295.53,89295.85,57143034.06
2025-12-07 02:00:00+00:00,89295.85,89690.16,89295.32,89622.45,54409381.85
2025-12-07 03:00:00+00:00,89622.45,89744.19,89549.78,89718.54,59627843.2
2025-12-07 04:00:00+00:00,89718.54,89790.77,89485.77,89537.11,74501875.08
2025-12-07 05:00:00+00:00,89537.11,89562.57,89427.08,89515.58,37348048.64
2025-12-07 06:00:00+00:00,89515.58,89706.34,89489.37,89705.64,69818752.33
2025-12-07 07:00:00+00:00,89705.64,89733.73,89204.29,89374.61,107557377.9
2025-12-07 08:00:00+00:00,89374.61,89536.7,89194.37,89312.42,61761224.92
2025-12-07 09:00:00+00:00,89312.42,89397.32,89053.41,89111.84,69623651.59
2025-12-07 10:00:00+00:00,89111.84,89386.76,89106.67,89240.87,103791152.75
2025-12-07 11:00:00+00:00,89240.87,89272.18,89146.6,89154.77,43357945.96
2025-12-07 12:00:00+00:00,89154.77,89582.68,89118.42,89473.6,73828512.56
2025-12-07 13:00:00+00:00,89473.6,89516.42,88717.39,89050.49,210063185.06
2025-12-07 14:00:00+00:00,89050.49,89105.68,87730.08,88231.52,485703604.64
2025-12-07 15:00:00+00:00,88231.52,89706.5,88172.93,89553.35,354678816.74
2025-12-07 16:00:00+00:00,89553.35,89857.52,89115.81,89857.52,195392673.57
2025-12-07 17:00:00+00:00,89857.52,91272.19,89624.32,90955.71,454917777.22
2025-12-07 18:00:00+00:00,90955.71,91757.11,90954.24,91364.63,248251242.47
2025-12-07 19:00:00+00:00,91364.63,91543.77,91219.61,91421.12,86295211.98
2025-12-07 20:00:00+00:00,91421.12,91512.81,91314.46,91442.37,66735613.89
2025-12-07 21:00:00+00:00,91442.37,91442.39,89868.82,90232.72,219466807.96
2025-12-07 22:00:00+00:00,90232.72,90232.72,89033.93,89602.81,368675637.8
2025-12-07 23:00:00+00:00,89602.81,90470.12,89523.05,90393.48,167253309.8
2025-12-08 00:00:00+00:00,90393.48,90607.89,89864.94,90350.33,154233696.57
2025-12-08 01:00:00+00:00,90350.33,91692.84,90304.56,90911.93,280355255.97
2025-12-08 02:00:00+00:00,90911.93,91436.41,90817.07,91360.51,170856157.41
2025-12-08 03:00:00+00:00,91360.51,91415.91,90991.36,91076.93,128222528.67
2025-12-08 04:00:00+00:00,91076.93,91474.04,91028.58,91284.29,90106981.38
2025-12-08 05:00:00+00:00,91284.29,91440.66,91042.76,91334.49,104800555.42
2025-12-08 06:00:00+00:00,91334.49,91647.32,91247.83,91457.69,134456935.8
2025-12-08 07:00:00+00:00,91457.69,91866.24,91361.56,91562.14,167380416.83
2025-12-08 08:00:00+00:00,91562.14,91936.1,91484.77,91835.52,126047038.56
2025-12-08 09:00:00+00:00,91835.52,92286.3,91799.94,91915.16,203817768.53
2025-12-08 10:00:00+00:00,91915.16,92214.63,91817.55,92131.07,114860270.53
2025-12-08 11:00:00+00:00,92131.07,92183.33,91855.23,91962.49,96998038.53
2025-12-08 12:00:00+00:00,91962.49,91983.52,91668.49,91766.95,176545628.58
2025-12-08 13:00:00+00:00,91766.95,92111.22,91331.4,91461.17,288477010.76
2025-12-08 14:00:00+00:00,91461.17,91768.65,90791.89,90852.06,502353727.56
2025-12-08 15:00:00+00:00,90852.06,90997.45,89618.86,89963.95,603592571.79
2025-12-08 16:00:00+00:00,89963.95,90483.3,89682.68,89975.96,343316295.92
2025-12-08 17:00:00+00:00,89975.96,90336.45,89696.04,90256.53,259680047.7
2025-12-08 18:00:00+00:00,90256.53,90515.29,89725.82,89911.96,212993599.7
2025-12-08 19:00:00+00:00,89911.96,90365.0,89859.54,90117.52,150351725.03
2025-12-08 20:00:00+00:00,90117.52,90914.02,90117.49,90795.22,206462158.48
2025-12-08 21:00:00+00:00,90795.22,91371.87,90676.11,91314.29,175889978.02
2025-12-08 22:00:00+00:00,91314.29,91372.07,90724.66,90829.53,102641857.94
2025-12-08 23:00:00+00:00,90829.53,91012.97,90499.65,90636.06,129045173.67
2025-12-09 00:00:00+00:00,90636.06,90845.28,90358.9,90395.89,102934293.17
2025-12-09 01:00:00+00:00,90395.89,90570.08,89966.38,90055.3,181062667.64
2025-12-09 02:00:00+00:00,90055.3,90366.65,89981.23,90068.28,113378727.38
2025-12-09 03:00:00+00:00,90068.28,90441.71,89811.04,90403.99,255584124.31
2025-12-09 04:00:00+00:00,90403.99,90502.51,89739.03,89918.16,155882091.16
2025-12-09 05:00:00+00:00,89918.16,90205.43,89537.14,89894.33,188213335.65
2025-12-09 06:00:00+00:00,89894.33,90232.0,89784.48,90167.67,106630434.7
2025-12-09 07:00:00+00:00,90167.67,90521.47,90091.55,90493.41,209465812.58
2025-12-09 08:00:00+00:00,90493.41,90601.29,90370.51,90492.56,196361617.54
2025-12-09 09:00:00+00:00,90492.56,90492.56,90131.99,90135.11,137521396.48
2025-12-09 10:00:00+00:00,90135.11,90340.98,89923.86,90293.61,159233511.91
2025-12-09 11:00:00+00:00,90293.61,90391.39,90139.5,90382.02,134565473.72
2025-12-09 12:00:00+00:00,90382.02,90667.11,90331.03,90579.07,211066513.25
2025-12-09 13:00:00+00:00,90579.07,90831.91,90172.47,90423.84,321708558.81
2025-12-09 14:00:00+00:00,90423.84,90630.35,90004.8,90358.1,287538815.24
2025-12-09 15:00:00+00:00,90358.1,92871.65,90292.3,92704.59,739081016.88
2025-12-09 16:00:00+00:00,92704.59,94487.44,92700.36,94183.76,888380683.33
2025-12-09 17:00:00+00:00,94183.76,94589.74,93541.42,93915.22,475209737.84
2025-12-09 18:00:00+00:00,93915.22,94171.19,93661.13,93922.11,236809318.49
2025-12-09 19:00:00+00:00,93922.11,94208.38,93656.73,93802.0,193521118.35
2025-12-09 20:00:00+00:00,93802.0,93851.11,92772.31,93112.93,329709165.22
2025-12-09 21:00:00+00:00,93112.93,93233.71,92252.29,92653.94,253575863.57
2025-12-09 22:00:00+00:00,92653.94,93034.26,92507.94,92879.91,190266704.65
2025-12-09 23:00:00+00:00,92879.91,92977.95,92556.88,92681.26,145196171.45
2025-12-10 00:00:00+00:00,92681.26,92780.34,92073.37,92132.83,207652000.87
2025-12-10 01:00:00+00:00,92132.83,92400.26,91971.85,92317.62,152101681.2
2025-12-10 02:00:00+00:00,92317.62,92571.09,92027.02,92493.63,151612064.47
2025-12-10 03:00:00+00:00,92493.63,92552.76,92349.96,92413.27,95886876.35
2025-12-10 04:00:00+00:00,92413.27,92658.6,92389.55,92550.63,88924853.42
2025-12-10 05:00:00+00:00,92550.63,92721.14,92519.53,92558.56,101505473.65
2025-12-10 06:00:00+00:00,92558.56,92755.12,92397.65,92699.32,87501923.43
2025-12-10 07:00:00+00:00,92699.32,92782.43,92498.66,92782.43,147981472.58
2025-12-10 08:00:00+00:00,92782.43,92787.52,92550.41,92610.82,155060716.65
2025-12-10 09:00:00+00:00,92610.82,92942.53,92441.73,92921.12,147235635.21
2025-12-10 10:00:00+00:00,92921.12,93249.16,92143.76,92278.68,349066416.54
2025-12-10 11:00:00+00:00,92278.68,92441.6,91777.49,92124.31,281429837.33
2025-12-10 12:00:00+00:00,92124.31,92217.87,91825.36,91992.93,153944261.81
2025-12-10 13:00:00+00:00,91992.93,92226.09,91943.62,92092.11,156968098.99
2025-12-10 14:00:00+00:00,92092.11,92113.87,91605.38,91834.85,342653640.77
2025-12-10 15:00:00+00:00,91834.85,92146.43,91574.63,92066.14,277902449.81
2025-12-10 16:00:00+00:00,92066.14,92589.86,91897.17,92173.69,290888894.69
2025-12-10 17:00:00+00:00,92173.69,92511.25,92105.02,92392.38,210863937.48
2025-12-10 18:00:00+00:00,92392.38,93057.57,92002.7,92500.89,289827066.12
2025-12-10 19:00:00+00:00,92500.89,93194.04,91931.92,92959.07,904808942.57
2025-12-10 20:00:00+00:00,92959.07,94476.93,92268.59,92454.56,849259849.3
2025-12-10 21:00:00+00:00,92454.56,92775.03,91876.96,92357.05,321043284.22
2025-12-10 22:00:00+00:00,92357.05,92692.5,91961.43,92517.74,202643103.88
2025-12-10 23:00:00+00:00,92517.74,92594.19,91945.64,92015.6,182864194.13
2025-12-11 00:00:00+00:00,92015.6,92082.28,91055.75,91388.63,329334857.21
2025-12-11 01:00:00+00:00,91388.63,91407.49,90658.44,90680.2,325996001.38
2025-12-11 02:00:00+00:00,90680.2,90680.27,89880.25,90073.34,381379577.7
2025-12-11 03:00:00+00:00,90073.34,90074.89,89402.99,89879.98,313300546.11
2025-12-11 04:00:00+00:00,89879.98,90478.31,89696.71,90435.93,231148133.32
2025-12-11 05:00:00+00:00,90435.93,90435.93,90067.49,90309.31,123405166.38
2025-12-11 06:00:00+00:00,90309.31,90446.6,89972.04,90298.59,126000329.68
2025-12-11 07:00:00+00:00,90298.59,90327.21,90090.21,90272.36,132490400.3
2025-12-11 08:00:00+00:00,90272.36,90272.4,89972.88,90184.34,127588810.93
2025-12-11 09:00:00+00:00,90184.34,90507.88,90139.2,90231.32,199786709.97
2025-12-11 10:00:00+00:00,90231.32,90348.7,90172.42,90321.14,103025997.53
2025-12-11 11:00:00+00:00,90321.14,90414.97,90211.59,90239.37,128871415.18
2025-12-11 12:00:00+00:00,90239.37,90377.59,90008.91,90031.42,128154580.11
2025-12-11 13:00:00+00:00,90031.42,90166.49,89882.57,90098.46,168191570.02
2025-12-11 14:00:00+00:00,90098.46,90478.34,89270.96,89551.81,387768620.11
2025-12-11 15:00:00+00:00,89551.81,90638.54,89407.45,89875.82,424521708.03
2025-12-11 16:00:00+00:00,89875.82,90178.7,89332.65,89736.02,296358493.42
2025-12-11 17:00:00+00:00,89736.02,90258.65,89629.37,89979.45,224180941.05
2025-12-11 18:00:00+00:00,89979.45,91190.29,89892.71,90707.62,349344398.97
2025-12-11 19:00:00+00:00,90707.62,91538.49,90593.23,90840.11,275706336.67
2025-12-11 20:00:00+00:00,90840.11,91829.18,90815.92,91787.85,269856804.79
2025-12-11 21:00:00+00:00,91787.85,93557.5,91706.39,92861.79,614901043.19
2025-12-11 22:00:00+00:00,92861.79,93193.66,92092.45,92360.97,272527095.66
2025-12-11 23:00:00+00:00,92360.97,92800.93,92337.35,92514.27,254261222.95
2025-12-12 00:00:00+00:00,92514.27,92652.73,91469.05,91484.61,254916420.68
2025-12-12 01:00:00+00:00,91484.61,92311.81,91484.59,92169.93,211277153.42
2025-12-12 02:00:00+00:00,92169.93,92740.51,91930.72,92585.95,178553494.69
2025-12-12 03:00:00+00:00,92585.95,92747.44,92179.24,92282.96,123570504.71
2025-12-12 04:00:00+00:00,92282.96,92460.47,92136.54,92397.7,140866260.67
2025-12-12 05:00:00+00:00,92397.7,92497.54,92082.61,92444.52,104401292.18
2025-12-12 06:00:00+00:00,92444.52,92720.05,92406.67,92515.06,118989191.03
2025-12-12 07:00:00+00:00,92515.06,92568.16,92259.42,92427.91,114904792.18
2025-12-12 08:00:00+00:00,92427.91,92483.71,92107.74,92337.03,142887294.77
2025-12-12 09:00:00+00:00,92337.03,92550.59,92092.91,92521.66,116715430.33
2025-12-12 10:00:00+00:00,92521.66,92640.9,92415.8,92496.27,138828618.26
2025-12-12 11:00:00+00:00,92496.27,92496.33,92281.24,92415.18,86120402.74
2025-12-12 12:00:00+00:00,92415.18,92423.23,92081.21,92422.35,142726085.78
2025-12-12 13:00:00+00:00,92422.35,92506.52,92244.68,92306.69,139085499.26
2025-12-12 14:00:00+00:00,92306.69,92659.82,91906.83,92452.27,317167372.02
2025-12-12 15:00:00+00:00,92452.27,92452.27,89790.17,89932.61,791781063.55
2025-12-12 16:00:00+00:00,89932.61,90435.14,89481.84,90043.71,592582894.61
2025-12-12 17:00:00+00:00,90043.71,90624.38,89826.79,90079.94,320408166.61
2025-12-12 18:00:00+00:00,90079.94,90664.7,90044.46,90370.57,269470236.21
2025-12-12 19:00:00+00:00,90370.57,90393.13,90013.24,90199.6,172002345.49
2025-12-12 20:00:00+00:00,90199.6,90331.19,89891.06,90213.26,186058256.89
2025-12-12 21:00:00+00:00,90213.26,90342.56,90107.69,90194.71,110763919.86
2025-12-12 22:00:00+00:00,90194.71,90395.61,90187.65,90333.57,56294058.31
2025-12-12 23:00:00+00:00,90333.57,90386.45,90232.43,90268.55,60806195.77
2025-12-13 00:00:00+00:00,90268.55,90436.81,90208.54,90320.95,63685163.12
2025-12-13 01:00:00+00:00,90320.95,90356.58,90118.4,90226.7,44918559.9
2025-12-13 02:00:00+00:00,90226.7,90313.26,90221.68,90230.53,51225285.89
2025-12-13 03:00:00+00:00,90230.53,90465.62,90204.94,90342.51,55367095.49
2025-12-13 04:00:00+00:00,90342.51,90412.29,90271.44,90374.87,42000820.73
2025-12-13 05:00:00+00:00,90374.87,90389.04,90268.32,90339.47,55624179.38
2025-12-13 06:00:00+00:00,90339.47,90375.0,90274.85,90354.36,46467616.4
2025-12-13 07:00:00+00:00,90354.36,90398.84,90325.52,90331.0,108895118.93
2025-12-13 08:00:00+00:00,90331.0,90574.76,90324.05,90455.97,122375260.22
2025-12-13 09:00:00+00:00,90455.97,90513.24,90386.33,90420.2,69688205.44
2025-12-13 10:00:00+00:00,90420.2,90634.77,90418.79,90590.79,100712536.52
2025-12-13 11:00:00+00:00,90590.79,90609.02,90301.36,90339.99,109316899.53
2025-12-13 12:00:00+00:00,90339.99,90476.38,90289.32,90349.15,91007983.83
2025-12-13 13:00:00+00:00,90349.15,90455.36,90197.43,90255.98,111562878.84
2025-12-13 14:00:00+00:00,90255.98,90319.3,89937.16,90086.47,144044916.53
2025-12-13 15:00:00+00:00,90086.47,90292.04,90040.53,90096.71,88307426.28
2025-12-13 16:00:00+00:00,90096.71,90270.59,90034.74,90092.49,72285083.21
2025-12-13 17:00:00+00:00,90092.49,90103.4,89986.22,90055.14,71782225.48
2025-12-13 18:00:00+00:00,90055.14,90184.95,90049.31,90122.86,67242214.94
2025-12-13 19:00:00+00:00,90122.86,90224.54,90113.38,90183.61,45664099.85
2025-12-13 20:00:00+00:00,90183.61,90211.01,90044.88,90094.38,46683641.35
2025-12-13 21:00:00+00:00,90094.38,90182.78,89768.06,90171.53,139160569.63
2025-12-13 22:00:00+00:00,90171.53,90248.54,90003.87,90136.68,67971354.84
2025-12-13 23:00:00+00:00,90136.68,90280.27,90063.58,90241.81,57509316.08
2025-12-14 00:00:00+00:00,90241.81,90474.22,90125.22,90343.19,123618701.52
2025-12-14 01:00:00+00:00,90343.19,90445.45,90209.6,90296.58,71391961.55
2025-12-14 02:00:00+00:00,90296.58,90388.5,90247.08,90291.56,83277538.44
2025-12-14 03:00:00+00:00,90291.56,90304.62,90246.15,90265.18,94896966.18
2025-12-14 04:00:00+00:00,90265.18,90337.33,90130.44,90201.67,65908540.31
2025-12-14 05:00:00+00:00,90201.67,90228.09,90054.05,90202.44,80645017.27
2025-12-14 06:00:00+00:00,90202.44,90254.8,90099.44,90151.99,75952765.52
2025-12-14 07:00:00+00:00,90151.99,90280.35,90083.37,90250.23,82348805.67
2025-12-14 08:00:00+00:00,90250.23,90289.07,90112.19,90114.23,82383259.9
2025-12-14 09:00:00+00:00,90114.23,90156.78,90008.8,90024.95,87504354.33
2025-12-14 10:00:00+00:00,90024.95,90130.95,89791.21,89854.29,138600154.59
2025-12-14 11:00:00+00:00,89854.29,89854.33,88734.96,89361.12,399179915.59
2025-12-14 12:00:00+00:00,89361.12,89663.78,89106.27,89426.33,152760562.72
2025-12-14 13:00:00+00:00,89426.33,89494.22,89089.02,89486.2,133441715.97
2025-12-14 14:00:00+00:00,89486.2,89553.9,88889.67,89117.17,180170196.95
2025-12-14 15:00:00+00:00,89117.17,89176.48,88880.35,89022.49,109092819.83
2025-12-14 16:00:00+00:00,89022.49,89395.0,88541.61,88830.21,196822880.9
2025-12-14 17:00:00+00:00,88830.21,89028.64,88607.31,88804.85,151670904.34
2025-12-14 18:00:00+00:00,88804.85,89067.95,88724.39,89001.05,100871403.75
2025-12-14 19:00:00+00:00,89001.05,89001.06,88493.82,88642.64,104451223.17
2025-12-14 20:00:00+00:00,88642.64,88819.87,88358.81,88559.41,168367101.13
2025-12-14 21:00:00+00:00,88559.41,88712.14,88347.75,88445.81,107110334.18
2025-12-14 22:00:00+00:00,88445.81,88603.85,88019.61,88415.12,165227589.84
2025-12-14 23:00:00+00:00,88415.12,88601.26,87612.1,88163.2,321312009.54
2025-12-15 00:00:00+00:00,88163.2,88690.27,88074.63,88462.22,224493343.86
2025-12-15 01:00:00+00:00,88462.22,89337.23,88424.74,89248.55,254614255.42
2025-12-15 02:00:00+00:00,89248.55,90028.55,89234.25,89316.08,275006718.16
2025-12-15 03:00:00+00:00,89316.08,89540.31,89228.87,89280.74,113338105.4
2025-12-15 04:00:00+00:00,89280.74,89785.7,89276.61,89668.2,118742761.33
2025-12-15 05:00:00+00:00,89668.2,89748.68,89496.36,89614.04,99394829.25
2025-12-15 06:00:00+00:00,89614.04,89915.59,89475.12,89738.97,82482195.86
2025-12-15 07:00:00+00:00,89738.97,89826.89,89522.27,89751.23,118484235.82
2025-12-15 08:00:00+00:00,89751.23,89898.92,89655.79,89771.25,86919609.78
2025-12-15 09:00:00+00:00,89771.25,89980.99,89769.84,89867.61,115036165.56
2025-12-15 10:00:00+00:00,89867.61,89980.85,89720.25,89861.1,145603144.4
2025-12-15 11:00:00+00:00,89861.1,89899.24,89584.27,89647.65,115278462.85
2025-12-15 12:00:00+00:00,89647.65,89760.51,89435.34,89699.13,152750940.2
2025-12-15 13:00:00+00:00,89699.13,89736.92,89281.78,89432.11,169567467.69
2025-12-15 14:00:00+00:00,89432.11,89867.88,87842.32,88050.69,478881269.64
2025-12-15 15:00:00+00:00,88050.69,88182.93,86623.32,87036.14,846853082.85
2025-12-15 16:00:00+00:00,87036.14,87215.13,86065.42,86399.23,455384015.19
2025-12-15 17:00:00+00:00,86399.23,86492.11,85596.95,85760.21,401386026.75
2025-12-15 18:00:00+00:00,85760.21,86270.77,85169.43,86185.45,378866741.19
2025-12-15 19:00:00+00:00,86185.45,86546.36,85876.91,86147.87,321586279.04
2025-12-15 20:00:00+00:00,86147.87,86191.43,85612.97,85781.44,260343008.46
2025-12-15 21:00:00+00:00,85781.44,86298.74,85531.29,86218.47,199715474.46
2025-12-15 22:00:00+00:00,86218.47,86255.49,85826.76,86255.49,106356617.28
2025-12-15 23:00:00+00:00,86255.49,86467.96,86116.41,86430.08,165389483.95
2025-12-16 00:00:00+00:00,86430.08,86516.53,85843.87,85860.86,141787194.99
2025-12-16 01:00:00+00:00,85860.86,86166.96,85673.08,85893.55,177728338.4
2025-12-16 02:00:00+00:00,85893.55,86224.0,85807.99,85938.48,147569664.35
2025-12-16 03:00:00+00:00,85938.48,86015.9,85385.48,85869.76,218309236.19
2025-12-16 04:00:00+00:00,85869.76,85920.89,85280.03,85833.93,162734579.42
2025-12-16 05:00:00+00:00,85833.93,86198.39,85809.84,86027.98,118310997.63
2025-12-16 06:00:00+00:00,86027.98,86602.16,86027.98,86504.36,125128804.27
2025-12-16 07:00:00+00:00,86504.36,86608.62,85853.92,86015.26,218472256.96
2025-12-16 08:00:00+00:00,86015.26,86375.17,85931.93,86279.59,111406257.78
2025-12-16 09:00:00+00:00,86279.59,86423.35,86199.72,86348.16,86944436.96
2025-12-16 10:00:00+00:00,86348.16,87327.22,86276.62,86979.38,226449956.68
2025-12-16 11:00:00+00:00,86979.38,87326.54,86818.62,87258.71,150788005.73
2025-12-16 12:00:00+00:00,87258.71,87469.87,87082.19,87212.84,187707903.43
2025-12-16 13:00:00+00:00,87212.84,87715.05,86425.41,86446.07,531517731.96
2025-12-16 14:00:00+00:00,86446.07,87746.76,86132.16,87295.44,543775112.77
2025-12-16 15:00:00+00:00,87295.44,88170.59,86850.02,87974.36,562018924.24
2025-12-16 16:00:00+00:00,87974.36,88048.79,87381.55,87587.6,355081651.03
2025-12-16 17:00:00+00:00,87587.6,87842.08,87096.54,87129.44,207500262.93
2025-12-16 18:00:00+00:00,87129.44,88016.17,87063.82,87781.76,242610393.9
2025-12-16 19:00:00+00:00,87781.76,87795.25,87294.8,87586.45,158234602.27
2025-12-16 20:00:00+00:00,87586.45,87837.08,87343.4,87575.4,138214371.63
2025-12-16 21:00:00+00:00,87575.4,87906.79,87496.44,87769.33,82468989.55
2025-12-16 22:00:00+00:00,87769.33,87931.93,87642.66,87784.8,66706618.98
2025-12-16 23:00:00+00:00,87784.8,87866.6,87603.48,87861.0,75441222.85
2025-12-17 00:00:00+00:00,87861.0,87861.2,87424.36,87533.06,97070649.68
2025-12-17 01:00:00+00:00,87533.06,87945.64,87485.88,87550.54,107901565.06
2025-12-17 02:00:00+00:00,87550.54,87585.32,87189.7,87483.06,114048622.57
2025-12-17 03:00:00+00:00,87483.06,87609.45,87152.99,87209.56,82510540.14
2025-12-17 04:00:00+00:00,87209.56,87385.93,86722.64,86753.59,100843474.81
2025-12-17 05:00:00+00:00,86753.59,86755.33,86208.29,86628.14,170949525.53
2025-12-17 06:00:00+00:00,86628.14,86994.36,86589.21,86774.97,130503541.08
2025-12-17 07:00:00+00:00,86774.97,87137.62,86594.59,87045.26,159175761.05
2025-12-17 08:00:00+00:00,87045.26,87045.27,86325.72,86393.68,113447698.29
2025-12-17 09:00:00+00:00,86393.68,86607.96,86264.17,86415.62,95045729.75
2025-12-17 10:00:00+00:00,86415.62,86831.41,86239.78,86622.3,104424703.79
2025-12-17 11:00:00+00:00,86622.3,87131.31,86566.39,86977.11,100855689.32
2025-12-17 12:00:00+00:00,86977.11,87212.35,86825.06,87025.4,153358724.21
2025-12-17 13:00:00+00:00,87025.4,87845.07,86816.22,87625.72,237741006.85
2025-12-17 14:00:00+00:00,87625.72,89683.74,87169.26,89672.79,592564882.37
2025-12-17 15:00:00+00:00,89672.79,90354.82,87145.57,87232.65,981848241.24
2025-12-17 16:00:00+00:00,87232.65,87764.45,86168.38,86987.53,621508831.8
2025-12-17 17:00:00+00:00,86987.53,87099.44,86266.65,86421.48,270081186.0
2025-12-17 18:00:00+00:00,86421.48,86842.31,85662.67,85821.14,283079227.93
2025-12-17 19:00:00+00:00,85821.14,86181.04,85312.17,86015.45,329807303.92
2025-12-17 20:00:00+00:00,86015.45,86247.0,85658.4,85891.06,217867868.0
2025-12-17 21:00:00+00:00,85891.06,86045.3,85701.42,85976.92,93226231.82
2025-12-17 22:00:00+00:00,85976.92,86424.18,85888.37,86343.42,127287963.07
2025-12-17 23:00:00+00:00,86343.42,86344.85,85950.38,86240.15,87129648.42
2025-12-18 00:00:00+00:00,86240.15,86314.16,86055.73,86231.91,87725081.67
2025-12-18 01:00:00+00:00,86231.91,86238.8,85861.94,86121.43,115144578.31
2025-12-18 02:00:00+00:00,86121.43,86864.02,86012.1,86695.39,186672757.42
2025-12-18 03:00:00+00:00,86695.39,86695.39,86268.91,86617.95,142922366.99
2025-12-18 04:00:00+00:00,86617.95,86897.65,86606.67,86763.6,97161498.7
2025-12-18 05:00:00+00:00,86763.6,86769.6,86387.69,86441.1,94229744.26
2025-12-18 06:00:00+00:00,86441.1,86660.46,86414.19,86649.12,79066493.83
2025-12-18 07:00:00+00:00,86649.12,86865.97,86595.19,86833.69,110964383.69
2025-12-18 08:00:00+00:00,86833.69,87128.79,86689.07,86979.07,154235275.39
2025-12-18 09:00:00+00:00,86979.07,87391.61,86808.16,87284.42,148281574.62
2025-12-18 10:00:00+00:00,87284.42,87453.11,87220.01,87344.78,103408835.73
2025-12-18 11:00:00+00:00,87344.78,87354.73,87067.27,87272.77,88010475.73
2025-12-18 12:00:00+00:00,87272.77,87429.47,87115.36,87258.87,123525521.28
2025-12-18 13:00:00+00:00,87258.87,89199.12,87258.86,88845.23,715833353.16
2025-12-18 14:00:00+00:00,88845.23,89471.22,87743.79,88346.24,668002640.64
2025-12-18 15:00:00+00:00,88346.24,89355.99,87976.73,88507.57,543470666.65
2025-12-18 16:00:00+00:00,88507.57,88528.81,87859.87,88010.31,306575186.23
2025-12-18 17:00:00+00:00,88010.31,88021.07,85477.43,86479.85,686990701.15
2025-12-18 18:00:00+00:00,86479.85,86879.48,85718.49,85980.21,382059975.83
2025-12-18 19:00:00+00:00,85980.21,86018.42,84482.82,84487.62,796270590.18
2025-12-18 20:00:00+00:00,84487.62,85265.03,84459.51,84650.32,394833144.2
2025-12-18 21:00:00+00:00,84650.32,85826.1,84604.32,85632.08,298389063.76
2025-12-18 22:00:00+00:00,85632.08,85744.76,85284.51,85583.81,131229844.63
2025-12-18 23:00:00+00:00,85583.81,85619.74,85327.39,85510.71,114932829.4
2025-12-19 00:00:00+00:00,85510.71,85600.93,85297.67,85600.92,115207329.46
2025-12-19 01:00:00+00:00,85600.92,85601.03,85116.98,85323.98,134113374.19
2025-12-19 02:00:00+00:00,85323.98,85924.14,85133.75,85644.79,194892966.56
2025-12-19 03:00:00+00:00,85644.79,87564.88,85610.78,86889.25,537721669.65
2025-12-19 04:00:00+00:00,86889.25,87378.32,86851.2,87098.5,186731937.2
2025-12-19 05:00:00+00:00,87098.5,87226.43,86672.0,87140.79,198285726.39
2025-12-19 06:00:00+00:00,87140.79,87482.45,86910.27,87482.44,107294663.02
2025-12-19 07:00:00+00:00,87482.44,88406.35,87475.94,87952.28,354402122.99
2025-12-19 08:00:00+00:00,87952.28,88214.88,87737.71,88103.24,147664361.55
2025-12-19 09:00:00+00:00,88103.24,88163.83,87898.74,88103.92,105474535.14
2025-12-19 10:00:00+00:00,88103.92,88311.96,87922.06,88265.63,152198806.73
2025-12-19 11:00:00+00:00,88265.63,88373.29,88141.66,88194.91,106779215.91
2025-12-19 12:00:00+00:00,88194.91,88272.41,87847.17,87854.53,212246769.09
2025-12-19 13:00:00+00:00,87854.53,88206.63,87826.57,87994.84,205465319.72
2025-12-19 14:00:00+00:00,87994.84,88511.29,87522.65,88173.59,457703334.76
2025-12-19 15:00:00+00:00,88173.59,89396.59,87709.22,87953.32,640117093.87
2025-12-19 16:00:00+00:00,87953.32,88876.8,87877.17,87979.68,282657000.05
2025-12-19 17:00:00+00:00,87979.68,88340.58,86877.12,86942.2,432370651.5
2025-12-19 18:00:00+00:00,86942.2,87457.39,86844.36,87153.57,196276526.52
2025-12-19 19:00:00+00:00,87153.57,88111.66,87129.13,87838.22,266377951.42
2025-12-19 20:00:00+00:00,87838.22,88394.49,87606.56,88039.59,305407687.05
2025-12-19 21:00:00+00:00,88039.59,88088.38,87795.97,87833.48,128805358.58
2025-12-19 22:00:00+00:00,87833.48,88419.79,87833.45,88344.7,125759354.79
2025-12-19 23:00:00+00:00,88344.7,88357.97,88136.25,88141.61,60285823.01
2025-12-20 00:00:00+00:00,88141.61,88188.68,87963.67,88007.23,76866181.89
2025-12-20 01:00:00+00:00,88007.23,88165.35,88006.03,88075.1,47405455.98
2025-12-20 02:00:00+00:00,88075.1,88312.65,87992.5,88205.68,75890414.53
2025-12-20 03:00:00+00:00,88205.68,88339.28,88180.04,88217.93,46323632.05
2025-12-20 04:00:00+00:00,88217.93,88335.15,88122.92,88294.39,50643691.55
2025-12-20 05:00:00+00:00,88294.39,88566.08,88277.12,88298.51,80382947.65
2025-12-20 06:00:00+00:00,88298.51,88446.12,88281.63,88308.23,32465814.58
2025-12-20 07:00:00+00:00,88308.23,88332.34,88190.86,88274.74,61856958.91
2025-12-20 08:00:00+00:00,88274.74,88429.6,88258.09,88259.1,62193681.16
2025-12-20 09:00:00+00:00,88259.1,88340.38,88222.63,88226.45,55663910.72
2025-12-20 10:00:00+00:00,88226.45,88281.19,88133.59,88165.1,56014446.69
2025-12-20 11:00:00+00:00,88165.1,88313.64,88109.85,88280.34,50521895.81
2025-12-20 12:00:00+00:00,88280.34,88336.9,88193.29,88252.12,39336428.64
2025-12-20 13:00:00+00:00,88252.12,88340.51,87830.67,88266.17,152761942.81
2025-12-20 14:00:00+00:00,88266.17,88275.78,88010.07,88255.18,94167967.69
2025-12-20 15:00:00+00:00,88255.18,88262.8,88024.7,88177.23,84480622.46
2025-12-20 16:00:00+00:00,88177.23,88230.15,88132.27,88150.67,42926074.69
2025-12-20 17:00:00+00:00,88150.67,88255.37,88105.7,88183.91,43958719.67
2025-12-20 18:00:00+00:00,88183.91,88404.01,88151.73,88315.94,50838060.7
2025-12-20 19:00:00+00:00,88315.94,88327.58,88201.66,88232.11,33847298.66
2025-12-20 20:00:00+00:00,88232.11,88312.59,88213.64,88276.83,25814350.85
2025-12-20 21:00:00+00:00,88276.83,88445.35,88186.39,88212.39,45160330.62
2025-12-20 22:00:00+00:00,88212.39,88341.1,88150.08,88282.59,44070940.94
2025-12-20 23:00:00+00:00,88282.59,88422.95,88257.67,88361.32,42189096.59
2025-12-21 00:00:00+00:00,88361.32,88432.03,88305.5,88390.11,42332525.1
2025-12-21 01:00:00+00:00,88390.11,88390.22,88016.76,88017.28,81913671.01
2025-12-21 02:00:00+00:00,88017.28,88147.08,87871.82,87950.84,93762652.75
2025-12-21 03:00:00+00:00,87950.84,88155.33,87937.77,88078.33,50106538.63
2025-12-21 04:00:00+00:00,88078.33,88151.37,88054.14,88071.25,39858118.0
2025-12-21 05:00:00+00:00,88071.25,88153.25,88056.93,88138.47,24805209.13
2025-12-21 06:00:00+00:00,88138.47,88203.14,88073.77,88092.37,28376046.21
2025-12-21 07:00:00+00:00,88092.37,88178.19,88059.65,88174.47,35349088.59
2025-12-21 08:00:00+00:00,88174.47,88735.21,88146.27,88539.49,130149227.3
2025-12-21 09:00:00+00:00,88539.49,89071.45,88502.95,88895.03,163623055.23
2025-12-21 10:00:00+00:00,88895.03,88974.39,88581.26,88666.46,101411316.66
2025-12-21 11:00:00+00:00,88666.46,88749.4,88587.41,88604.71,51162320.74
2025-12-21 12:00:00+00:00,88604.71,88920.75,88468.0,88632.83,103144306.93
2025-12-21 13:00:00+00:00,88632.83,88694.51,87601.85,87678.51,304323870.31
2025-12-21 14:00:00+00:00,87678.51,88146.32,87620.27,88066.44,171853256.78
2025-12-21 15:00:00+00:00,88066.44,88255.67,87811.79,88068.79,109158731.38
2025-12-21 16:00:00+00:00,88068.79,88363.72,87986.4,88353.72,121083404.11
2025-12-21 17:00:00+00:00,88353.72,88493.1,88284.6,88320.81,86776565.55
2025-12-21 18:00:00+00:00,88320.81,88449.64,87953.76,88444.74,87194332.73
2025-12-21 19:00:00+00:00,88444.74,88601.94,88207.29,88488.56,79710730.04
2025-12-21 20:00:00+00:00,88488.56,88503.39,88231.01,88234.77,41675862.76
2025-12-21 21:00:00+00:00,88234.77,88371.97,88095.76,88161.96,43066239.48
2025-12-21 22:00:00+00:00,88161.96,88491.52,88121.21,88478.8,55033864.75
2025-12-21 23:00:00+00:00,88478.8,88812.29,88369.37,88655.4,124283324.02
2025-12-22 00:00:00+00:00,88655.4,89620.53,88627.79,88627.8,328096270.17
2025-12-22 01:00:00+00:00,88627.8,89280.37,88539.83,88624.84,201541691.19
2025-12-22 02:00:00+00:00,88624.84,88643.7,87917.78,88459.98,236003038.79
2025-12-22 03:00:00+00:00,88459.98,88845.63,88285.81,88775.84,129772881.48
2025-12-22 04:00:00+00:00,88775.84,89031.04,88718.03,88905.54,98085101.39
2025-12-22 05:00:00+00:00,88905.54,88994.55,88764.62,88831.01,77645831.66
2025-12-22 06:00:00+00:00,88831.01,89004.91,88734.24,88908.68,79877934.77
2025-12-22 07:00:00+00:00,88908.68,89199.38,88894.26,89167.71,155191068.82
2025-12-22 08:00:00+00:00,89167.71,89905.94,89094.15,89333.66,295068544.75
2025-12-22 09:00:00+00:00,89333.66,89833.39,89301.52,89826.44,141863115.2
2025-12-22 10:00:00+00:00,89826.44,89866.39,89614.72,89777.12,135825444.58
2025-12-22 11:00:00+00:00,89777.12,90107.73,89657.84,89940.29,209376526.85
2025-12-22 12:00:00+00:00,89940.29,90584.63,89864.33,90209.93,272923400.43
2025-12-22 13:00:00+00:00,90209.93,90322.76,89731.17,89911.8,191269867.23
2025-12-22 14:00:00+00:00,89911.8,90291.31,89440.77,90127.69,412453800.99
2025-12-22 15:00:00+00:00,90127.69,90428.0,89209.57,89730.64,451293034.76
2025-12-22 16:00:00+00:00,89730.64,90118.67,89524.7,89552.67,267163355.59
2025-12-22 17:00:00+00:00,89552.67,89563.47,89104.42,89309.9,230417390.78
2025-12-22 18:00:00+00:00,89309.9,89523.35,89147.11,89147.11,152880681.57
2025-12-22 19:00:00+00:00,89147.11,89148.8,87968.28,88052.86,316538016.77
2025-12-22 20:00:00+00:00,88052.86,88475.91,87918.71,88356.74,239540536.26
2025-12-22 21:00:00+00:00,88356.74,88615.78,88235.64,88280.07,125504901.41
2025-12-22 22:00:00+00:00,88280.07,88818.31,88154.72,88662.35,123681164.66
2025-12-22 23:00:00+00:00,88662.35,88700.3,88428.89,88618.16,99864913.27
2025-12-23 00:00:00+00:00,88618.16,88936.64,88504.56,88770.56,116079871.09
2025-12-23 01:00:00+00:00,88770.56,88885.31,88431.7,88517.27,103462328.19
2025-12-23 02:00:00+00:00,88517.27,88752.04,88120.17,88206.3,190531643.0
2025-12-23 03:00:00+00:00,88206.3,88352.93,87804.41,88182.18,186944461.2
2025-12-23 04:00:00+00:00,88182.18,88366.25,87929.83,87930.89,107905094.9
2025-12-23 05:00:00+00:00,87930.89,88023.67,87616.55,87763.49,191835392.58
2025-12-23 06:00:00+00:00,87763.49,87779.1,87060.3,87402.82,271298860.76
2025-12-23 07:00:00+00:00,87402.82,87695.86,87380.73,87576.85,166219220.86
2025-12-23 08:00:00+00:00,87576.85,87703.67,87437.57,87476.43,162383644.95
2025-12-23 09:00:00+00:00,87476.43,87624.36,87303.12,87532.86,125986986.0
2025-12-23 10:00:00+00:00,87532.86,87658.04,87512.46,87611.98,80972163.68
2025-12-23 11:00:00+00:00,87611.98,87882.58,87564.26,87852.42,139008733.48
2025-12-23 12:00:00+00:00,87852.42,87952.29,87599.33,87791.72,143021734.01
2025-12-23 13:00:00+00:00,87791.72,87901.86,87431.8,87615.22,239190636.03
2025-12-23 14:00:00+00:00,87615.22,87829.32,86602.66,86868.12,433280838.92
2025-12-23 15:00:00+00:00,86868.12,87545.08,86715.27,87446.12,336207975.43
2025-12-23 16:00:00+00:00,87446.12,88187.78,87327.27,87998.9,352435592.88
2025-12-23 17:00:00+00:00,87998.9,88274.68,87175.37,87177.15,236104824.77
2025-12-23 18:00:00+00:00,87177.15,88165.05,87163.34,87972.25,274099721.96
2025-12-23 19:00:00+00:00,87972.25,88038.2,87647.54,87750.27,175925663.54
2025-12-23 20:00:00+00:00,87750.27,88365.19,87526.89,87682.18,258702079.66
2025-12-23 21:00:00+00:00,87682.18,87851.77,87537.51,87716.23,147159843.41
2025-12-23 22:00:00+00:00,87716.23,87774.33,87246.7,87399.08,167683765.3
2025-12-23 23:00:00+00:00,87399.08,87516.22,87177.76,87487.02,172841353.64
2025-12-24 00:00:00+00:00,87487.02,87667.25,87263.23,87657.6,133038866.52
2025-12-24 01:00:00+00:00,87657.6,87836.75,87498.71,87632.59,134958865.14
2025-12-24 02:00:00+00:00,87632.59,87655.83,86941.55,87134.43,197884135.15
2025-12-24 03:00:00+00:00,87134.43,87391.63,86866.49,87340.44,131778519.23
2025-12-24 04:00:00+00:00,87340.44,87458.5,87089.66,87143.83,101536060.57
2025-12-24 05:00:00+00:00,87143.83,87248.95,86792.63,86957.88,167100367.24
2025-12-24 06:00:00+00:00,86957.88,87063.13,86804.91,87015.58,175719719.72
2025-12-24 07:00:00+00:00,87015.58,87178.29,86911.46,86912.17,146021679.16
2025-12-24 08:00:00+00:00,86912.17,87076.3,86765.0,86787.07,150400049.69
2025-12-24 09:00:00+00:00,86787.07,86894.43,86722.06,86809.88,108137117.26
2025-12-24 10:00:00+00:00,86809.88,87192.76,86807.61,87082.31,115090913.24
2025-12-24 11:00:00+00:00,87082.31,87352.14,87082.25,87207.06,120406642.63
2025-12-24 12:00:00+00:00,87207.06,87483.93,87140.91,87431.53,130557356.18
2025-12-24 13:00:00+00:00,87431.53,87439.35,87049.77,87288.39,160181069.55
2025-12-24 14:00:00+00:00,87288.39,87445.17,86424.16,86988.69,346551102.24
2025-12-24 15:00:00+00:00,86988.69,87220.94,86586.75,87046.64,283914640.78
2025-12-24 16:00:00+00:00,87046.64,87641.83,86919.69,87278.77,332284598.19
2025-12-24 17:00:00+00:00,87278.77,87570.9,87253.53,87318.95,171114436.95
2025-12-24 18:00:00+00:00,87318.95,87497.87,87233.25,87469.49,124333675.32
2025-12-24 19:00:00+00:00,87469.49,87574.77,87351.68,87562.86,91496420.86
2025-12-24 20:00:00+00:00,87562.86,87676.79,87520.99,87554.49,69784658.81
2025-12-24 21:00:00+00:00,87554.49,87795.35,87554.47,87698.09,83577232.0
2025-12-24 22:00:00+00:00,87698.09,88050.11,87696.58,88007.4,125707371.06
2025-12-24 23:00:00+00:00,88007.4,88019.26,87598.36,87668.7,112646829.54
2025-12-25 00:00:00+00:00,87668.7,87744.59,87514.68,87565.12,79805869.41
2025-12-25 01:00:00+00:00,87565.12,87742.63,87564.9,87698.31,65417492.13
2025-12-25 02:00:00+00:00,87698.31,87961.51,87569.72,87887.18,76391752.16
2025-12-25 03:00:00+00:00,87887.18,87921.87,87770.82,87844.96,57226019.82
2025-12-25 04:00:00+00:00,87844.96,87845.47,87744.0,87777.86,52346327.01
2025-12-25 05:00:00+00:00,87777.86,87815.6,87657.0,87748.11,78960970.4
2025-12-25 06:00:00+00:00,87748.11,87837.87,87690.2,87831.99,63779809.82
2025-12-25 07:00:00+00:00,87831.99,87857.29,87751.37,87830.66,77281722.15
2025-12-25 08:00:00+00:00,87830.66,87881.64,87353.99,87581.95,178271852.3
2025-12-25 09:00:00+00:00,87581.95,87590.78,87448.9,87519.48,120756975.29
2025-12-25 10:00:00+00:00,87519.48,87526.27,87257.33,87413.81,153952713.58
2025-12-25 11:00:00+00:00,87413.81,87582.03,87410.07,87516.95,111297932.03
2025-12-25 12:00:00+00:00,87516.95,87584.55,87480.34,87564.48,53067366.03
2025-12-25 13:00:00+00:00,87564.48,87681.95,87401.74,87634.58,89942876.75
2025-12-25 14:00:00+00:00,87634.58,87760.43,87554.63,87716.25,78324247.53
2025-12-25 15:00:00+00:00,87716.25,88586.06,87714.55,88362.88,345318061.19
2025-12-25 16:00:00+00:00,88362.88,88475.08,87998.01,88083.94,162458453.03
2025-12-25 17:00:00+00:00,88083.94,88205.68,87997.33,88136.88,80891255.37
2025-12-25 18:00:00+00:00,88136.88,88310.11,88136.36,88237.09,63411212.84
2025-12-25 19:00:00+00:00,88237.09,88244.43,88069.42,88150.94,40317660.35
2025-12-25 20:00:00+00:00,88150.94,88168.67,87650.18,87886.73,101387058.59
2025-12-25 21:00:00+00:00,87886.73,87982.59,87818.03,87901.05,57406264.9
2025-12-25 22:00:00+00:00,87901.05,87917.87,87322.41,87655.02,137612512.33
2025-12-25 23:00:00+00:00,87655.02,87768.3,86953.37,87229.03,252876542.87
2025-12-26 00:00:00+00:00,87229.03,87324.53,86893.06,87122.52,198830102.85
2025-12-26 01:00:00+00:00,87122.52,87495.09,87122.52,87433.92,114371200.68
2025-12-26 02:00:00+00:00,87433.92,89427.09,87417.49,89185.17,670464716.94
2025-12-26 03:00:00+00:00,89185.17,89274.18,88708.8,88837.48,293276649.92
2025-12-26 04:00:00+00:00,88837.48,89146.92,88516.51,88966.41,153181813.53
2025-12-26 05:00:00+00:00,88966.41,89040.18,88824.13,88993.36,90952178.95
2025-12-26 06:00:00+00:00,88993.36,89243.34,88993.32,89124.5,132024645.48
2025-12-26 07:00:00+00:00,89124.5,89561.84,88352.34,88471.64,386887364.81
2025-12-26 08:00:00+00:00,88471.64,88877.46,88428.97,88740.23,233266846.65
2025-12-26 09:00:00+00:00,88740.23,88911.14,88650.03,88811.37,131318099.59
2025-12-26 10:00:00+00:00,88811.37,88879.55,88679.37,88747.42,94317003.79
2025-12-26 11:00:00+00:00,88747.42,88752.73,88532.45,88535.31,73108703.69
2025-12-26 12:00:00+00:00,88535.31,88757.3,88535.29,88681.62,97417168.49
2025-12-26 13:00:00+00:00,88681.62,89053.23,88620.4,88998.46,132373520.26
2025-12-26 14:00:00+00:00,88998.46,89047.95,87352.88,87385.03,515009565.17
2025-12-26 15:00:00+00:00,87385.03,87385.29,86659.01,87133.01,804844840.75
2025-12-26 16:00:00+00:00,87133.01,87380.8,86846.4,86855.02,283789682.15
2025-12-26 17:00:00+00:00,86855.02,87458.58,86815.94,87321.76,234649397.93
2025-12-26 18:00:00+00:00,87321.76,87375.06,87137.84,87272.86,133694632.81
2025-12-26 19:00:00+00:00,87272.86,87571.33,87241.96,87498.99,101469376.15
2025-12-26 20:00:00+00:00,87498.99,87790.06,87394.16,87584.54,129973822.55
2025-12-26 21:00:00+00:00,87584.54,87698.72,87457.87,87466.73,87999465.49
2025-12-26 22:00:00+00:00,87466.73,87588.99,87318.53,87543.3,102186870.09
2025-12-26 23:00:00+00:00,87543.3,87546.46,87334.77,87366.14,71922969.54
2025-12-27 00:00:00+00:00,87366.14,87408.85,87251.08,87399.21,62973054.38
2025-12-27 01:00:00+00:00,87399.21,87477.91,87330.97,87470.53,43198496.57
2025-12-27 02:00:00+00:00,87470.53,87489.15,87392.02,87443.74,54628385.45
2025-12-27 03:00:00+00:00,87443.74,87531.64,87384.15,87509.94,53202838.31
2025-12-27 04:00:00+00:00,87509.94,87514.11,87457.53,87470.27,42212433.9
2025-12-27 05:00:00+00:00,87470.27,87513.73,87443.52,87505.33,32541315.56
2025-12-27 06:00:00+00:00,87505.33,87562.65,87416.61,87467.05,81347249.36
2025-12-27 07:00:00+00:00,87467.05,87701.05,87466.54,87537.77,99636868.18
2025-12-27 08:00:00+00:00,87537.77,87673.32,87537.71,87590.34,84592225.39
2025-12-27 09:00:00+00:00,87590.34,87664.35,87539.68,87617.52,89420870.51
2025-12-27 10:00:00+00:00,87617.52,87623.8,87370.31,87504.5,86477408.32
2025-12-27 11:00:00+00:00,87504.5,87547.46,87444.92,87471.3,52986667.61
2025-12-27 12:00:00+00:00,87471.3,87515.27,87424.59,87472.18,38547938.39
2025-12-27 13:00:00+00:00,87472.18,87475.84,87314.52,87451.79,64431929.97
2025-12-27 14:00:00+00:00,87451.79,87547.02,87396.36,87540.71,73717620.84
2025-12-27 15:00:00+00:00,87540.71,87588.49,87485.2,87553.05,51452620.66
2025-12-27 16:00:00+00:00,87553.05,87582.19,87441.78,87499.36,56935620.89
2025-12-27 17:00:00+00:00,87499.36,87557.8,87465.69,87557.5,41222244.57
2025-12-27 18:00:00+00:00,87557.5,87571.37,87466.05,87494.93,42057769.46
2025-12-27 19:00:00+00:00,87494.93,87576.39,87494.83,87568.01,36627255.16
2025-12-27 20:00:00+00:00,87568.01,87628.66,87527.67,87557.37,34112354.54
2025-12-27 21:00:00+00:00,87557.37,87669.95,87557.24,87667.9,33566354.33
2025-12-27 22:00:00+00:00,87667.9,87944.34,87502.47,87565.85,124389943.62
2025-12-27 23:00:00+00:00,87565.85,87981.36,87565.84,87875.52,115289164.46
2025-12-28 00:00:00+00:00,87875.52,87952.07,87708.39,87848.62,85424176.1
2025-12-28 01:00:00+00:00,87848.62,87938.66,87740.49,87783.47,54548024.89
2025-12-28 02:00:00+00:00,87783.47,87870.11,87753.96,87808.02,32460872.19
2025-12-28 03:00:00+00:00,87808.02,87841.28,87733.68,87736.45,49433732.83
2025-12-28 04:00:00+00:00,87736.45,87831.31,87695.1,87721.93,53738349.03
2025-12-28 05:00:00+00:00,87721.93,87723.47,87610.4,87649.22,57716597.7
2025-12-28 06:00:00+00:00,87649.22,87782.1,87641.96,87730.23,40915931.41
2025-12-28 07:00:00+00:00,87730.23,87730.23,87675.63,87728.69,51152338.59
2025-12-28 08:00:00+00:00,87728.69,87970.39,87728.67,87801.78,84272142.43
2025-12-28 09:00:00+00:00,87801.78,87896.47,87719.91,87798.31,68119920.02
2025-12-28 10:00:00+00:00,87798.31,88006.08,87798.28,87858.99,199140535.61
2025-12-28 11:00:00+00:00,87858.99,87921.27,87817.0,87883.11,69434072.14
2025-12-28 12:00:00+00:00,87883.11,87891.41,87795.27,87854.95,53499289.56
2025-12-28 13:00:00+00:00,87854.95,87954.57,87813.95,87896.0,94437142.59
2025-12-28 14:00:00+00:00,87896.0,88087.4,87895.99,87912.76,85362975.36
2025-12-28 15:00:00+00:00,87912.76,88000.78,87826.39,87835.49,74137549.94
2025-12-28 16:00:00+00:00,87835.49,87895.35,87741.56,87815.04,63374099.3
2025-12-28 17:00:00+00:00,87815.04,87928.78,87755.22,87758.74,41343503.89
2025-12-28 18:00:00+00:00,87758.74,87767.21,87513.86,87599.25,130392992.78
2025-12-28 19:00:00+00:00,87599.25,87690.53,87510.35,87522.8,86084756.15
2025-12-28 20:00:00+00:00,87522.8,87651.06,87450.79,87514.49,50405147.96
2025-12-28 21:00:00+00:00,87514.49,87591.61,87439.26,87582.86,48972778.6
2025-12-28 22:00:00+00:00,87582.86,87986.13,87483.02,87898.22,86839491.65
2025-12-28 23:00:00+00:00,87898.22,88029.98,87640.6,87949.31,135976905.86
2025-12-29 00:00:00+00:00,87949.31,88423.61,87814.01,88301.34,270053676.99
2025-12-29 01:00:00+00:00,88301.34,88473.61,87867.16,88439.93,235186694.38
2025-12-29 02:00:00+00:00,88439.93,89374.49,88439.9,89163.12,529821878.15
2025-12-29 03:00:00+00:00,89163.12,90169.99,89096.22,90124.23,561593319.57
2025-12-29 04:00:00+00:00,90124.23,90400.42,89958.89,90141.8,357725428.74
2025-12-29 05:00:00+00:00,90141.8,90291.27,89927.76,89982.25,245067065.82
2025-12-29 06:00:00+00:00,89982.25,90119.95,89750.02,89770.15,186057076.58
2025-12-29 07:00:00+00:00,89770.15,89846.65,89504.84,89610.94,275277128.21
2025-12-29 08:00:00+00:00,89610.94,89823.15,89464.85,89551.34,238252600.5
2025-12-29 09:00:00+00:00,89551.34,89607.55,87774.26,88104.64,537634184.32
2025-12-29 10:00:00+00:00,88104.64,88269.77,87662.89,87782.2,250840851.54
2025-12-29 11:00:00+00:00,87782.2,87794.25,87567.83,87567.88,172472492.55
2025-12-29 12:00:00+00:00,87567.88,87632.04,86806.53,87381.37,500909484.41
2025-12-29 13:00:00+00:00,87381.37,87530.27,87165.62,87379.9,274456360.46
2025-12-29 14:00:00+00:00,87379.9,88190.06,87253.68,87430.71,434487545.09
2025-12-29 15:00:00+00:00,87430.71,87910.37,87214.17,87687.67,366271863.9
2025-12-29 16:00:00+00:00,87687.67,87840.03,87442.47,87626.51,223882404.91
2025-12-29 17:00:00+00:00,87626.51,87848.31,87350.65,87847.76,188157219.51
2025-12-29 18:00:00+00:00,87847.76,87994.71,87360.37,87456.57,214929658.94
2025-12-29 19:00:00+00:00,87456.57,87668.03,87311.3,87360.01,174140021.39
2025-12-29 20:00:00+00:00,87360.01,87594.01,87077.29,87213.37,261472683.75
2025-12-29 21:00:00+00:00,87213.37,87367.21,87198.35,87336.01,103090461.0
2025-12-29 22:00:00+00:00,87336.01,87401.03,87072.6,87348.11,99653171.16
2025-12-29 23:00:00+00:00,87348.11,87397.04,87184.6,87234.16,71947260.44
2025-12-30 00:00:00+00:00,87234.16,87356.15,87106.98,87247.55,104728535.91
2025-12-30 01:00:00+00:00,87247.55,87352.52,87117.18,87304.82,99161908.57
2025-12-30 02:00:00+00:00,87304.82,87337.69,86980.34,87106.35,187434254.03
2025-12-30 03:00:00+00:00,87106.35,87417.99,86834.5,87373.54,216376570.55
2025-12-30 04:00:00+00:00,87373.54,87493.27,87295.13,87302.94,102617710.12
2025-12-30 05:00:00+00:00,87302.94,87359.64,87154.43,87253.43,70805556.07
2025-12-30 06:00:00+00:00,87253.43,87523.14,87238.08,87443.14,105098967.67
2025-12-30 07:00:00+00:00,87443.14,87604.37,87374.71,87495.74,141757059.85
2025-12-30 08:00:00+00:00,87495.74,88205.48,87495.61,87868.5,352426183.56
2025-12-30 09:00:00+00:00,87868.5,88027.68,87657.71,87987.7,171991764.46
2025-12-30 10:00:00+00:00,87987.7,88179.78,87908.25,87948.12,161035664.38
2025-12-30 11:00:00+00:00,87948.12,88022.42,87753.3,87901.54,159789512.51
2025-12-30 12:00:00+00:00,87901.54,88086.25,87901.47,88020.0,141754191.12
2025-12-30 13:00:00+00:00,88020.0,88135.56,87917.32,88110.66,174298755.24
2025-12-30 14:00:00+00:00,88110.66,89005.06,87835.56,88877.69,529078890.52
2025-12-30 15:00:00+00:00,88877.69,89156.78,88214.91,89011.96,519155574.96
2025-12-30 16:00:00+00:00,89011.96,89400.21,88576.62,88746.47,581481583.21
2025-12-30 17:00:00+00:00,88746.47,88898.4,88143.17,88378.7,404993683.76
2025-12-30 18:00:00+00:00,88378.7,88495.24,88140.18,88306.12,240160969.97
2025-12-30 19:00:00+00:00,88306.12,88424.48,87964.28,88228.64,213381178.48
2025-12-30 20:00:00+00:00,88228.64,88228.67,87883.17,87938.96,166385291.17
2025-12-30 21:00:00+00:00,87938.96,88329.62,87888.09,88280.7,106245778.44
2025-12-30 22:00:00+00:00,88280.7,88471.88,88280.66,88427.93,89366034.49
2025-12-30 23:00:00+00:00,88427.93,88573.51,88369.2,88493.38,103906515.03
2025-12-31 00:00:00+00:00,88493.38,88493.42,88254.58,88259.86,97483358.01
2025-12-31 01:00:00+00:00,88259.86,88784.85,88177.24,88650.12,156342392.54
2025-12-31 02:00:00+00:00,88650.12,88744.0,88525.83,88674.31,139090018.25
2025-12-31 03:00:00+00:00,88674.31,88815.23,88380.11,88454.22,135108043.07
2025-12-31 04:00:00+00:00,88454.22,88550.78,88332.76,88333.78,107873540.31
2025-12-31 05:00:00+00:00,88333.78,88527.96,88333.78,88463.8,114862546.16
2025-12-31 06:00:00+00:00,88463.8,88564.3,88463.58,88514.33,84177574.69
2025-12-31 07:00:00+00:00,88514.33,88640.3,88432.2,88613.72,100594098.23
2025-12-31 08:00:00+00:00,88613.72,88732.61,88391.78,88435.95,102549933.58
2025-12-31 09:00:00+00:00,88435.95,88716.07,88435.95,88662.63,94114570.95
2025-12-31 10:00:00+00:00,88662.63,88894.26,88662.63,88846.01,138438256.14
2025-12-31 11:00:00+00:00,88846.01,89046.33,88807.71,89016.98,177117657.13
2025-12-31 12:00:00+00:00,89016.98,89043.03,88743.9,88779.8,173052827.65
2025-12-31 13:00:00+00:00,88779.8,89050.38,88746.91,88991.16,141388382.1
2025-12-31 14:00:00+00:00,88991.16,89203.24,88280.21,88484.18,386137869.2
2025-12-31 15:00:00+00:00,88484.18,88488.36,87786.03,87948.92,403233142.71
2025-12-31 16:00:00+00:00,87948.92,88052.28,87399.78,87655.45,341090978.86
2025-12-31 17:00:00+00:00,87655.45,87740.4,87492.29,87618.69,169127380.17
2025-12-31 18:00:00+00:00,87618.69,87979.3,87572.89,87686.98,133525662.72
2025-12-31 19:00:00+00:00,87686.98,87867.88,87525.72,87541.52,126319885.9
2025-12-31 20:00:00+00:00,87541.52,87709.61,87251.11,87663.57,195706696.8
2025-12-31 21:00:00+00:00,87663.57,87875.93,87663.57,87797.76,81155247.42
2025-12-31 22:00:00+00:00,87797.76,87877.88,87656.51,87723.62,65651283.24
2025-12-31 23:00:00+00:00,87723.62,87723.79,87620.22,87645.05,53147698.58
2026-01-01 00:00:00+00:00,87645.05,87844.5,87632.2,87807.03,60836063.28
2026-01-01 01:00:00+00:00,87807.03,88045.91,87806.96,87955.53,83779658.71
2026-01-01 02:00:00+00:00,87955.53,88087.45,87892.9,87915.08,72227113.8
2026-01-01 03:00:00+00:00,87915.08,88011.86,87835.63,87847.6,48558073.44
2026-01-01 04:00:00+00:00,87847.6,87853.8,87551.62,87590.31,118630351.7
2026-01-01 05:00:00+00:00,87590.31,87745.62,87590.3,87702.87,70332438.52
2026-01-01 06:00:00+00:00,87702.87,87702.9,87636.9,87653.05,31267370.79
2026-01-01 07:00:00+00:00,87653.05,87671.36,87598.29,87629.43,59869229.73
2026-01-01 08:00:00+00:00,87629.43,87805.34,87625.48,87768.77,78071225.54
2026-01-01 09:00:00+00:00,87768.77,87957.97,87750.94,87876.83,49820514.55
2026-01-01 10:00:00+00:00,87876.83,87882.93,87793.28,87862.67,28180523.76
2026-01-01 11:00:00+00:00,87862.67,88021.62,87853.7,88019.84,55715440.25
2026-01-01 12:00:00+00:00,88019.84,88036.93,87925.02,87947.45,54148631.86
2026-01-01 13:00:00+00:00,87947.45,88017.84,87862.89,87919.0,51963253.57
2026-01-01 14:00:00+00:00,87919.0,87969.2,87810.1,87963.72,98355775.0
2026-01-01 15:00:00+00:00,87963.72,88111.78,87920.5,88032.18,71813778.07
2026-01-01 16:00:00+00:00,88032.18,88044.19,87879.84,87990.48,59984048.98
2026-01-01 17:00:00+00:00,87990.48,88506.15,87977.29,88316.53,150168792.69
2026-01-01 18:00:00+00:00,88316.53,88362.9,88105.95,88195.52,77139953.89
2026-01-01 19:00:00+00:00,88195.52,88433.41,88075.61,88389.8,58115411.04
2026-01-01 20:00:00+00:00,88389.8,88390.28,88245.32,88260.0,42826288.29
2026-01-01 21:00:00+00:00,88260.0,88444.01,88256.39,88385.13,43453264.53
2026-01-01 22:00:00+00:00,88385.13,88698.12,88385.13,88648.4,107171279.97
2026-01-01 23:00:00+00:00,88648.4,88917.65,88479.29,88840.13,166139535.05
2026-01-02 00:00:00+00:00,88840.13,88886.65,88595.11,88833.55,154254170.94
2026-01-02 01:00:00+00:00,88833.55,88876.78,88526.49,88641.64,87952669.31
2026-01-02 02:00:00+00:00,88641.64,88666.57,88383.8,88640.37,94168851.71
2026-01-02 03:00:00+00:00,88640.37,89120.35,88576.08,88946.52,208774990.83
2026-01-02 04:00:00+00:00,88946.52,88989.55,88633.47,88642.81,91236673.9
2026-01-02 05:00:00+00:00,88642.81,88793.01,88580.29,88762.57,71176054.77
2026-01-02 06:00:00+00:00,88762.57,89079.46,88730.66,88935.93,97466745.6
2026-01-02 07:00:00+00:00,88935.93,89061.74,88827.56,88860.86,116754965.28
2026-01-02 08:00:00+00:00,88860.86,89192.37,88801.71,89176.55,129079381.77
2026-01-02 09:00:00+00:00,89176.55,89489.72,89113.29,89468.75,251247664.81
2026-01-02 10:00:00+00:00,89468.75,89936.01,89454.4,89664.62,352129144.64
2026-01-02 11:00:00+00:00,89664.62,89679.17,89372.03,89507.6,174313062.58
2026-01-02 12:00:00+00:00,89507.6,89594.45,89396.17,89415.73,117572870.98
2026-01-02 13:00:00+00:00,89415.73,89684.35,89315.59,89356.29,145292247.51
2026-01-02 14:00:00+00:00,89356.29,90196.65,88477.73,89570.52,653027875.29
2026-01-02 15:00:00+00:00,89570.52,89884.14,88805.34,89413.49,549853777.91
2026-01-02 16:00:00+00:00,89413.49,90796.74,89207.85,90381.26,691890555.09
2026-01-02 17:00:00+00:00,90381.26,90960.96,90200.76,90366.96,418758999.52
2026-01-02 18:00:00+00:00,90366.96,90557.74,89560.69,89770.04,306178798.65
2026-01-02 19:00:00+00:00,89770.04,90154.87,89656.66,89895.94,209801685.39
2026-01-02 20:00:00+00:00,89895.94,90077.11,89631.03,89734.73,196347994.2
2026-01-02 21:00:00+00:00,89734.73,90164.54,89731.7,90063.38,112116548.21
2026-01-02 22:00:00+00:00,90063.38,90396.23,90023.66,90194.38,146769624.32
2026-01-02 23:00:00+00:00,90194.38,90196.64,89898.33,89988.97,95121007.23
2026-01-03 00:00:00+00:00,89988.97,90192.69,89964.91,90156.01,80247129.72
2026-01-03 01:00:00+00:00,90156.01,90293.08,90077.97,90282.18,65879629.64
2026-01-03 02:00:00+00:00,90282.18,90405.07,90135.94,90334.16,91785293.24
2026-01-03 03:00:00+00:00,90334.16,90372.4,90197.54,90317.43,61986974.22
2026-01-03 04:00:00+00:00,90317.43,90470.74,90060.04,90163.58,118667952.45
2026-01-03 05:00:00+00:00,90163.58,90193.59,89928.08,90032.49,72473579.09
2026-01-03 06:00:00+00:00,90032.49,90131.95,89853.69,89868.69,96759727.58
2026-01-03 07:00:00+00:00,89868.69,89946.46,89318.61,89577.67,255866523.25
2026-01-03 08:00:00+00:00,89577.67,89827.31,89426.14,89668.86,151238487.41
2026-01-03 09:00:00+00:00,89668.86,89971.67,89636.03,89791.5,118726717.04
2026-01-03 10:00:00+00:00,89791.5,89871.32,89710.59,89753.33,72212359.64
2026-01-03 11:00:00+00:00,89753.33,89779.9,89678.82,89752.27,47407302.27
2026-01-03 12:00:00+00:00,89752.27,90037.85,89666.45,90035.79,114408615.45
2026-01-03 13:00:00+00:00,90035.79,90059.44,89923.24,90002.28,77305996.65
2026-01-03 14:00:00+00:00,90002.28,90238.01,89964.12,90121.74,91700582.74
2026-01-03 15:00:00+00:00,90121.74,90121.79,89970.42,89972.44,60152890.89
2026-01-03 16:00:00+00:00,89972.44,90215.41,89918.48,90106.19,67294421.82
2026-01-03 17:00:00+00:00,90106.19,90125.84,90031.93,90094.41,29538217.83
2026-01-03 18:00:00+00:00,90094.41,90195.65,90036.89,90139.27,38844969.7
2026-01-03 19:00:00+00:00,90139.27,90151.68,90060.58,90121.98,44599786.39
2026-01-03 20:00:00+00:00,90121.98,90373.05,90023.51,90370.74,60984357.36
2026-01-03 21:00:00+00:00,90370.74,90738.02,90332.42,90561.71,132892063.05
2026-01-03 22:00:00+00:00,90561.71,90734.26,90495.24,90589.52,106075517.71
2026-01-03 23:00:00+00:00,90589.52,90698.59,90472.03,90631.99,94285768.02
2026-01-04 00:00:00+00:00,90631.99,91532.6,90631.99,91338.35,434680044.3
2026-01-04 01:00:00+00:00,91338.35,91475.4,91007.44,91231.7,126448277.29
2026-01-04 02:00:00+00:00,91231.7,91295.06,91082.08,91128.72,93713433.87
2026-01-04 03:00:00+00:00,91128.72,91353.35,91085.7,91235.04,117796968.65
2026-01-04 04:00:00+00:00,91235.04,91582.67,91184.6,91400.7,134706152.94
2026-01-04 05:00:00+00:00,91400.7,91490.65,91348.41,91482.68,66716096.77
2026-01-04 06:00:00+00:00,91482.68,91790.31,91237.02,91237.05,217877776.95
2026-01-04 07:00:00+00:00,91237.05,91538.08,91213.48,91527.95,125119774.84
2026-01-04 08:00:00+00:00,91527.95,91533.95,91175.49,91372.77,215034962.42
2026-01-04 09:00:00+00:00,91372.77,91477.63,91249.81,91460.59,175877866.9
2026-01-04 10:00:00+00:00,91460.59,91616.8,91418.67,91596.66,184213297.56
2026-01-04 11:00:00+00:00,91596.66,91596.66,91242.17,91302.82,101619699.07
2026-01-04 12:00:00+00:00,91302.82,91360.93,91089.39,91147.58,157362930.67
2026-01-04 13:00:00+00:00,91147.58,91271.81,91023.99,91262.52,99033082.27
2026-01-04 14:00:00+00:00,91262.52,91415.64,91148.65,91334.09,96152120.77
2026-01-04 15:00:00+00:00,91334.09,91377.55,91095.88,91330.49,91711963.36
2026-01-04 16:00:00+00:00,91330.49,91450.41,91247.14,91320.94,95647853.73
2026-01-04 17:00:00+00:00,91320.94,91436.48,91306.36,91340.31,64533112.55
2026-01-04 18:00:00+00:00,91340.31,91340.6,90993.87,91206.36,102191131.54
2026-01-04 19:00:00+00:00,91206.36,91206.37,90875.33,91143.62,145100694.67
2026-01-04 20:00:00+00:00,91143.62,91346.56,91130.87,91313.53,55521095.59
2026-01-04 21:00:00+00:00,91313.53,91422.7,91184.4,91280.37,57894814.04
2026-01-04 22:00:00+00:00,91280.37,91400.24,91152.69,91220.03,62718864.51
2026-01-04 23:00:00+00:00,91220.03,91589.56,91220.02,91534.45,166749464.63
2026-01-05 00:00:00+00:00,91534.45,92422.02,91520.58,92400.66,475409124.86
2026-01-05 01:00:00+00:00,92400.66,93362.84,92279.93,92962.26,588853094.71
2026-01-05 02:00:00+00:00,92962.26,93158.42,92736.62,93035.42,242038637.48
2026-01-05 03:00:00+00:00,93035.42,93206.54,92879.61,92883.64,172114864.92
2026-01-05 04:00:00+00:00,92883.64,92955.89,92337.17,92603.08,203022258.7
2026-01-05 05:00:00+00:00,92603.08,92725.06,92351.32,92363.28,142104727.28
2026-01-05 06:00:00+00:00,92363.28,92505.12,92159.35,92492.12,130223830.41
2026-01-05 07:00:00+00:00,92492.12,92641.33,92485.65,92526.08,126106510.4
2026-01-05 08:00:00+00:00,92526.08,92775.08,92456.45,92475.28,159206385.13
2026-01-05 09:00:00+00:00,92475.28,92838.75,92327.62,92690.76,173308827.64
2026-01-05 10:00:00+00:00,92690.76,93153.03,92678.33,93077.55,179163775.63
2026-01-05 11:00:00+00:00,93077.55,93156.43,92891.95,93131.62,173087245.29
2026-01-05 12:00:00+00:00,93131.62,93208.06,92760.12,92874.77,155185117.61
2026-01-05 13:00:00+00:00,92874.77,93013.81,92540.66,92743.51,200846823.69
2026-01-05 14:00:00+00:00,92743.51,93659.57,92411.83,93424.16,516979420.94
2026-01-05 15:00:00+00:00,93424.16,94012.56,93172.77,93961.34,606261123.11
2026-01-05 16:00:00+00:00,93961.34,94077.72,93589.22,93704.1,439682294.99
2026-01-05 17:00:00+00:00,93704.1,94440.48,93256.91,94322.58,417932327.95
2026-01-05 18:00:00+00:00,94322.58,94508.51,93923.53,94454.68,346123177.61
2026-01-05 19:00:00+00:00,94454.68,94501.48,94133.25,94302.65,246708710.14
2026-01-05 20:00:00+00:00,94302.65,94790.54,94038.71,94175.87,386181289.05
2026-01-05 21:00:00+00:00,94175.87,94226.85,93805.37,94095.68,175232060.17
2026-01-05 22:00:00+00:00,94095.68,94401.87,94012.36,94171.76,135502887.3
2026-01-05 23:00:00+00:00,94171.76,94184.89,93868.38,93868.4,147495760.97
2026-01-06 00:00:00+00:00,93868.4,93988.86,93558.41,93819.07,184824631.18
2026-01-06 01:00:00+00:00,93819.07,94157.85,93739.63,93775.77,158672893.18
2026-01-06 02:00:00+00:00,93775.77,93867.86,93527.03,93622.96,124588173.29
2026-01-06 03:00:00+00:00,93622.96,93934.91,93604.98,93768.24,119745243.19
2026-01-06 04:00:00+00:00,93768.24,93998.86,93735.72,93806.14,92610442.03
2026-01-06 05:00:00+00:00,93806.14,93820.16,93573.42,93600.19,119780209.87
2026-01-06 06:00:00+00:00,93600.19,93948.47,93545.33,93779.78,179462234.77
2026-01-06 07:00:00+00:00,93779.78,93783.82,93144.98,93255.85,261394133.94
2026-01-06 08:00:00+00:00,93255.85,93422.1,93173.19,93237.29,150403032.82
2026-01-06 09:00:00+00:00,93237.29,93565.59,93229.29,93465.31,168117119.86
2026-01-06 10:00:00+00:00,93465.31,93654.66,93411.86,93577.84,124339336.52
2026-01-06 11:00:00+00:00,93577.84,93899.51,93573.33,93841.45,127078166.2
2026-01-06 12:00:00+00:00,93841.45,93986.66,93789.74,93871.31,122929167.37
2026-01-06 13:00:00+00:00,93871.31,93871.31,93643.11,93722.12,138756508.24
2026-01-06 14:00:00+00:00,93722.12,94446.68,93534.59,93836.54,586444337.02
2026-01-06 15:00:00+00:00,93836.54,94308.91,93348.5,93647.57,496860996.9
2026-01-06 16:00:00+00:00,93647.57,93770.83,92335.28,92688.45,633441640.03
2026-01-06 17:00:00+00:00,92688.45,92766.44,91547.02,91590.96,546659676.27
2026-01-06 18:00:00+00:00,91590.96,92219.88,91277.57,92035.13,420547138.52
2026-01-06 19:00:00+00:00,92035.13,92343.2,91901.25,92104.35,195967925.51
2026-01-06 20:00:00+00:00,92104.35,92700.01,92102.05,92512.58,225215476.12
2026-01-06 21:00:00+00:00,92512.58,93847.57,92379.33,93260.0,513284953.79
2026-01-06 22:00:00+00:00,93260.0,93536.3,92970.35,93363.49,209205523.87
2026-01-06 23:00:00+00:00,93363.49,93790.41,93341.02,93752.85,149334169.18
2026-01-07 00:00:00+00:00,93752.85,93752.9,92658.33,92706.57,243941435.52
2026-01-07 01:00:00+00:00,92706.57,92892.57,92333.74,92442.57,262586295.81
2026-01-07 02:00:00+00:00,92442.57,93049.1,92241.58,92952.07,193614998.71
2026-01-07 03:00:00+00:00,92952.07,93110.84,92748.66,92812.52,118258298.99
2026-01-07 04:00:00+00:00,92812.52,92923.95,92606.02,92671.4,105654304.5
2026-01-07 05:00:00+00:00,92671.4,92847.68,92506.23,92529.89,84478953.64
2026-01-07 06:00:00+00:00,92529.89,92891.93,92523.67,92614.47,80052778.11
2026-01-07 07:00:00+00:00,92614.47,92889.3,92614.33,92881.54,81235875.83
2026-01-07 08:00:00+00:00,92881.54,92962.27,92693.43,92720.25,152453165.59
2026-01-07 09:00:00+00:00,92720.25,92720.26,91600.0,91711.7,420695198.8
2026-01-07 10:00:00+00:00,91711.7,91997.71,91600.92,91971.99,181575210.55
2026-01-07 11:00:00+00:00,91971.99,92251.94,91929.86,92096.75,141435744.44
2026-01-07 12:00:00+00:00,92096.75,92176.8,91976.0,91996.73,133167052.02
2026-01-07 13:00:00+00:00,91996.73,92290.16,91864.82,92041.43,149954291.42
2026-01-07 14:00:00+00:00,92041.43,92140.46,91364.29,91965.17,443442712.46
2026-01-07 15:00:00+00:00,91965.17,91998.2,91034.97,91346.19,508261767.55
2026-01-07 16:00:00+00:00,91346.19,91793.12,91155.86,91262.45,255674135.28
2026-01-07 17:00:00+00:00,91262.45,91696.44,91032.78,91253.96,209844116.24
2026-01-07 18:00:00+00:00,91253.96,91443.99,90738.21,90902.29,276449045.14
2026-01-07 19:00:00+00:00,90902.29,91275.46,90677.21,91185.08,232095705.68
2026-01-07 20:00:00+00:00,91185.08,91300.85,90778.71,91050.78,185095207.42
2026-01-07 21:00:00+00:00,91050.78,91231.58,91041.23,91091.12,95691017.97
2026-01-07 22:00:00+00:00,91091.12,91356.87,90878.03,91179.19,139413224.35
2026-01-07 23:00:00+00:00,91179.19,91485.3,91009.2,91369.15,210668750.07
2026-01-08 00:00:00+00:00,91369.15,91516.43,91075.56,91390.35,139729215.54
2026-01-08 01:00:00+00:00,91390.35,91656.85,91301.19,91424.89,123364656.81
2026-01-08 02:00:00+00:00,91424.89,91466.21,90759.83,90954.44,189614638.61
2026-01-08 03:00:00+00:00,90954.44,91117.95,90618.1,90810.03,177009226.92
2026-01-08 04:00:00+00:00,90810.03,91159.43,90703.35,91024.5,139588244.91
2026-01-08 05:00:00+00:00,91024.5,91183.96,90792.33,90824.13,102739576.64
2026-01-08 06:00:00+00:00,90824.13,90869.34,89890.78,89891.75,364548671.77
2026-01-08 07:00:00+00:00,89891.75,90582.4,89654.35,90547.06,347647697.47
2026-01-08 08:00:00+00:00,90547.06,90788.5,90161.74,90227.08,217276836.79
2026-01-08 09:00:00+00:00,90227.08,90369.94,89959.61,90010.1,181324228.45
2026-01-08 10:00:00+00:00,90010.1,90488.79,89777.35,90410.67,242540901.76
2026-01-08 11:00:00+00:00,90410.67,90482.35,90024.89,90226.1,188501192.23
2026-01-08 12:00:00+00:00,90226.1,90236.87,89787.55,89990.18,246645159.49
2026-01-08 13:00:00+00:00,89990.18,90102.9,89871.28,89965.21,127461969.42
2026-01-08 14:00:00+00:00,89965.21,90168.93,89322.6,90024.31,475683521.37
2026-01-08 15:00:00+00:00,90024.31,90836.22,89821.01,90790.5,432282132.16
2026-01-08 16:00:00+00:00,90790.5,90933.13,90320.61,90933.12,338229218.31
2026-01-08 17:00:00+00:00,90933.12,91442.12,90844.24,91367.21,300308046.24
2026-01-08 18:00:00+00:00,91367.21,91466.38,90950.58,91113.88,183834687.81
2026-01-08 19:00:00+00:00,91113.88,91327.98,90812.34,90931.22,135047250.82
2026-01-08 20:00:00+00:00,90931.22,90996.04,90574.72,90927.73,167850056.47
2026-01-08 21:00:00+00:00,90927.73,91337.2,90922.87,91274.18,158083828.16
2026-01-08 22:00:00+00:00,91274.18,91490.46,91032.59,91228.14,117356727.77
2026-01-08 23:00:00+00:00,91228.14,91333.95,91049.68,91101.69,83747698.65
2026-01-09 00:00:00+00:00,91101.69,91301.41,91061.69,91291.03,70650049.19
2026-01-09 01:00:00+00:00,91291.03,91628.97,90859.39,91056.35,193520788.9
2026-01-09 02:00:00+00:00,91056.35,91479.63,91026.53,91040.55,147097291.07
2026-01-09 03:00:00+00:00,91040.55,91270.84,90967.83,91226.03,111443212.44
2026-01-09 04:00:00+00:00,91226.03,91237.87,90939.12,91021.03,70946386.17
2026-01-09 05:00:00+00:00,91021.03,91123.21,90911.36,91093.83,78357308.23
2026-01-09 06:00:00+00:00,91093.83,91146.02,90993.07,91139.99,72612916.78
2026-01-09 07:00:00+00:00,91139.99,91140.11,90746.04,90748.74,147097408.52
2026-01-09 08:00:00+00:00,90748.74,90848.03,89697.42,90030.15,348082235.93
2026-01-09 09:00:00+00:00,90030.15,90476.13,90021.41,90339.68,149413306.28
2026-01-09 10:00:00+00:00,90339.68,90556.16,90283.21,90488.29,121507009.32
2026-01-09 11:00:00+00:00,90488.29,90683.43,90407.17,90457.71,157636022.08
2026-01-09 12:00:00+00:00,90457.71,90600.5,90232.54,90451.34,191463652.06
2026-01-09 13:00:00+00:00,90451.34,90812.88,90407.47,90606.54,265398953.67
2026-01-09 14:00:00+00:00,90606.54,90663.39,89941.39,90150.55,348008557.07
2026-01-09 15:00:00+00:00,90150.55,92025.2,89845.52,91174.9,877941016.76
2026-01-09 16:00:00+00:00,91174.9,91783.05,91174.79,91623.62,352161010.97
2026-01-09 17:00:00+00:00,91623.62,91680.9,91012.33,91425.34,238990478.18
2026-01-09 18:00:00+00:00,91425.34,91507.81,90342.13,90822.68,245127732.03
2026-01-09 19:00:00+00:00,90822.68,90822.7,90182.77,90332.37,241251343.47
2026-01-09 20:00:00+00:00,90332.37,90580.75,90232.51,90300.79,196292185.9
2026-01-09 21:00:00+00:00,90300.79,90633.43,90130.24,90539.67,120095467.19
2026-01-09 22:00:00+00:00,90539.67,90704.56,90353.87,90628.82,126341657.02
2026-01-09 23:00:00+00:00,90628.82,90727.84,90604.56,90637.97,65301427.42
2026-01-10 00:00:00+00:00,90637.97,90686.48,90521.49,90596.69,53464040.26
2026-01-10 01:00:00+00:00,90596.69,90729.64,90583.52,90686.34,50627327.65
2026-01-10 02:00:00+00:00,90686.34,90779.52,90604.61,90690.66,51255445.15
2026-01-10 03:00:00+00:00,90690.66,90690.86,90552.06,90628.73,41652456.58
2026-01-10 04:00:00+00:00,90628.73,90644.77,90412.61,90451.66,64831057.32
2026-01-10 05:00:00+00:00,90451.66,90616.99,90432.25,90605.4,39571075.14
2026-01-10 06:00:00+00:00,90605.4,90609.27,90476.53,90509.36,33166148.15
2026-01-10 07:00:00+00:00,90509.36,90684.36,90507.55,90674.18,64034550.56
2026-01-10 08:00:00+00:00,90674.18,90755.03,90615.26,90661.1,115339934.38
2026-01-10 09:00:00+00:00,90661.1,90764.14,90628.97,90764.13,108689835.4
2026-01-10 10:00:00+00:00,90764.13,90832.09,90726.63,90827.96,43708490.16
2026-01-10 11:00:00+00:00,90827.96,90827.96,90704.16,90724.79,36816255.54
2026-01-10 12:00:00+00:00,90724.79,90789.91,90664.86,90729.98,56795720.87
2026-01-10 13:00:00+00:00,90729.98,90762.69,90637.54,90653.06,45175350.02
2026-01-10 14:00:00+00:00,90653.06,90660.15,90540.26,90590.75,80744167.86
2026-01-10 15:00:00+00:00,90590.75,90665.84,90581.35,90663.21,62891507.24
2026-01-10 16:00:00+00:00,90663.21,90725.21,90607.91,90676.98,36757591.18
2026-01-10 17:00:00+00:00,90676.98,90743.02,90543.74,90546.73,43742302.34
2026-01-10 18:00:00+00:00,90546.73,90596.75,90508.76,90591.98,41699151.7
2026-01-10 19:00:00+00:00,90591.98,90625.3,90580.45,90622.09,23408752.22
2026-01-10 20:00:00+00:00,90622.09,90654.47,90570.71,90572.49,22077749.02
2026-01-10 21:00:00+00:00,90572.49,90572.53,90501.5,90508.36,40834834.88
2026-01-10 22:00:00+00:00,90508.36,90595.24,90401.09,90428.46,67245398.05
2026-01-10 23:00:00+00:00,90428.46,90568.12,90428.46,90507.42,42438409.34
2026-01-11 00:00:00+00:00,90507.42,90645.32,90454.18,90637.0,39469063.09
2026-01-11 01:00:00+00:00,90637.0,90674.15,90563.0,90628.56,30195389.75
2026-01-11 02:00:00+00:00,90628.56,90730.18,90617.28,90695.9,36733303.2
2026-01-11 03:00:00+00:00,90695.9,90732.39,90632.69,90732.39,39578612.49
2026-01-11 04:00:00+00:00,90732.39,90789.89,90671.44,90788.04,47061742.03
2026-01-11 05:00:00+00:00,90788.04,90851.41,90740.49,90774.12,47583824.8
2026-01-11 06:00:00+00:00,90774.12,90797.8,90585.16,90740.79,69668217.53
2026-01-11 07:00:00+00:00,90740.79,90750.79,90675.03,90710.23,50478762.09
2026-01-11 08:00:00+00:00,90710.23,90807.43,90614.43,90789.19,101243242.77
2026-01-11 09:00:00+00:00,90789.19,90808.24,90672.19,90735.11,111124977.59
2026-01-11 10:00:00+00:00,90735.11,90738.58,90686.33,90732.45,55818839.87
2026-01-11 11:00:00+00:00,90732.45,90743.83,90695.68,90741.78,68805839.18
2026-01-11 12:00:00+00:00,90741.78,91007.57,90717.7,90935.78,82089059.32
2026-01-11 13:00:00+00:00,90935.78,90967.77,90826.19,90851.98,70966232.84
2026-01-11 14:00:00+00:00,90851.98,91184.88,90851.9,91125.98,85442948.84
2026-01-11 15:00:00+00:00,91125.98,91146.69,90712.69,90875.27,159459022.48
2026-01-11 16:00:00+00:00,90875.27,91280.52,90875.26,91039.57,121134883.48
2026-01-11 17:00:00+00:00,91039.57,91141.66,90910.07,90988.72,71598654.21
2026-01-11 18:00:00+00:00,90988.72,90989.57,90797.15,90883.83,53841707.91
2026-01-11 19:00:00+00:00,90883.83,90925.37,90676.79,90692.55,49624206.58
2026-01-11 20:00:00+00:00,90692.55,90736.52,90421.98,90706.77,148121021.77
2026-01-11 21:00:00+00:00,90706.77,90837.07,90594.35,90759.0,68682425.34
2026-01-11 22:00:00+00:00,90759.0,90759.03,90461.61,90531.83,86045693.38
2026-01-11 23:00:00+00:00,90531.83,91038.65,90255.04,91010.23,230205086.4
2026-01-12 00:00:00+00:00,91010.23,91254.61,90701.44,91254.61,230040843.93
2026-01-12 01:00:00+00:00,91254.61,91794.78,91094.24,91407.86,315649285.14
2026-01-12 02:00:00+00:00,91407.86,92379.84,91375.1,92209.57,324784792.69
2026-01-12 03:00:00+00:00,92209.57,92523.13,91806.11,91806.83,313857546.2
2026-01-12 04:00:00+00:00,91806.83,92285.66,91754.79,92171.62,169986234.97
2026-01-12 05:00:00+00:00,92171.62,92264.9,92050.5,92111.7,93657955.07
2026-01-12 06:00:00+00:00,92111.7,92204.42,91810.69,91836.86,100401434.54
2026-01-12 07:00:00+00:00,91836.86,91964.36,91395.39,91412.33,213551427.27
2026-01-12 08:00:00+00:00,91412.33,91626.18,90390.76,90752.89,386310195.22
2026-01-12 09:00:00+00:00,90752.89,90937.75,90649.41,90688.33,178757775.42
2026-01-12 10:00:00+00:00,90688.33,90787.98,90365.22,90430.47,129085308.56
2026-01-12 11:00:00+00:00,90430.47,90813.26,90423.15,90621.59,135643947.0
2026-01-12 12:00:00+00:00,90621.59,90863.53,90615.35,90787.61,88637448.08
2026-01-12 13:00:00+00:00,90787.61,90827.94,90538.54,90633.18,128458569.68
2026-01-12 14:00:00+00:00,90633.18,91123.05,90130.38,90906.62,426687943.44
2026-01-12 15:00:00+00:00,90906.62,91670.27,90710.27,91668.36,417669018.05
2026-01-12 16:00:00+00:00,91668.36,92323.34,91579.1,92124.3,494832922.34
2026-01-12 17:00:00+00:00,92124.3,92309.68,91008.42,91519.04,420623537.55
2026-01-12 18:00:00+00:00,91519.04,91947.64,91411.58,91691.81,197991773.94
2026-01-12 19:00:00+00:00,91691.81,91879.36,91434.84,91860.85,131286201.72
2026-01-12 20:00:00+00:00,91860.85,92047.3,91415.85,91488.51,157711780.94
2026-01-12 21:00:00+00:00,91488.51,91499.25,90942.72,91052.16,157152636.73
2026-01-12 22:00:00+00:00,91052.16,91440.62,91052.14,91246.33,114281537.02
2026-01-12 23:00:00+00:00,91246.33,91314.51,91067.04,91297.8,89875365.29
2026-01-13 00:00:00+00:00,91297.8,91545.46,91255.5,91481.05,132668494.77
2026-01-13 01:00:00+00:00,91481.05,91544.64,91049.76,91185.44,120565802.68
2026-01-13 02:00:00+00:00,91185.44,91381.14,91117.5,91126.08,88802131.15
2026-01-13 03:00:00+00:00,91126.08,91456.33,91120.29,91412.05,108321425.24
2026-01-13 04:00:00+00:00,91412.05,91647.55,91354.31,91514.05,98307565.69
2026-01-13 05:00:00+00:00,91514.05,92254.98,91488.61,91922.12,290085878.76
2026-01-13 06:00:00+00:00,91922.12,92273.84,91812.02,92187.45,197338810.89
2026-01-13 07:00:00+00:00,92187.45,92204.51,91909.02,91946.69,226886327.89
2026-01-13 08:00:00+00:00,91946.69,92253.34,91928.48,92168.75,171182964.94
2026-01-13 09:00:00+00:00,92168.75,92667.58,91955.15,92269.81,325859350.21
2026-01-13 10:00:00+00:00,92269.81,92342.74,92022.12,92130.78,130201618.98
2026-01-13 11:00:00+00:00,92130.78,92261.69,91971.09,92001.6,134889374.02
2026-01-13 12:00:00+00:00,92001.6,92152.98,91913.12,92108.53,134373222.32
2026-01-13 13:00:00+00:00,92108.53,92587.26,91984.29,92074.24,436539164.5
2026-01-13 14:00:00+00:00,92074.24,92913.28,91794.3,92469.96,473473826.43
2026-01-13 15:00:00+00:00,92469.96,93459.53,92133.02,93459.53,525756801.92
2026-01-13 16:00:00+00:00,93459.53,93756.26,93085.37,93390.67,576873722.66
2026-01-13 17:00:00+00:00,93390.67,93491.64,93097.54,93243.51,270351012.3
2026-01-13 18:00:00+00:00,93243.51,93872.58,93204.49,93630.59,313643215.45
2026-01-13 19:00:00+00:00,93630.59,94240.01,93475.38,94226.82,356833456.67
2026-01-13 20:00:00+00:00,94226.82,94502.47,94119.33,94407.4,507443162.43
2026-01-13 21:00:00+00:00,94407.4,94513.36,94064.4,94088.29,282256242.37
2026-01-13 22:00:00+00:00,94088.29,96034.85,94088.27,95746.59,888255555.66
2026-01-13 23:00:00+00:00,95746.59,96106.41,95066.84,95411.36,381193846.88
2026-01-14 00:00:00+00:00,95411.36,95636.33,95163.57,95239.85,223165069.88
2026-01-14 01:00:00+00:00,95239.85,95582.9,95137.85,95245.37,242939099.02
2026-01-14 02:00:00+00:00,95245.37,95561.88,95199.77,95345.0,187446249.33
2026-01-14 03:00:00+00:00,95345.0,95718.3,95285.3,95716.55,132626218.31
2026-01-14 04:00:00+00:00,95716.55,95793.2,95224.63,95244.29,155714909.78
2026-01-14 05:00:00+00:00,95244.29,95276.02,94973.09,95010.59,197122359.23
2026-01-14 06:00:00+00:00,95010.59,95031.68,94561.33,95031.12,243128345.0
2026-01-14 07:00:00+00:00,95031.12,95240.37,94860.75,95208.68,268378769.52
2026-01-14 08:00:00+00:00,95208.68,95317.21,94900.31,94904.58,141159118.73
2026-01-14 09:00:00+00:00,94904.58,95188.05,94886.54,95090.6,159498355.69
2026-01-14 10:00:00+00:00,95090.6,95290.67,94893.54,95092.55,166987018.02
2026-01-14 11:00:00+00:00,95092.55,95093.08,94745.3,94795.32,142115239.99
2026-01-14 12:00:00+00:00,94795.32,95157.51,94683.9,95077.2,135661326.45
2026-01-14 13:00:00+00:00,95077.2,95238.3,94893.16,94998.27,153591284.39
2026-01-14 14:00:00+00:00,94998.27,96827.45,94982.69,96490.67,770329172.71
2026-01-14 15:00:00+00:00,96490.67,97089.35,96197.26,96762.66,893400756.91
2026-01-14 16:00:00+00:00,96762.66,97691.27,96735.95,97294.2,813622042.95
2026-01-14 17:00:00+00:00,97294.2,97783.25,96800.47,96958.45,673906934.86
2026-01-14 18:00:00+00:00,96958.45,97110.22,96260.05,96807.88,478411799.12
2026-01-14 19:00:00+00:00,96807.88,97635.34,96686.15,97263.28,404215250.01
2026-01-14 20:00:00+00:00,97263.28,97930.1,97205.96,97655.31,442571319.51
2026-01-14 21:00:00+00:00,97655.31,97715.11,97381.6,97562.14,189748932.73
2026-01-14 22:00:00+00:00,97562.14,97580.16,96813.61,96883.8,294012712.51
2026-01-14 23:00:00+00:00,96883.8,97368.94,96864.58,96946.83,185694369.81
2026-01-15 00:00:00+00:00,96946.83,96997.34,96499.89,96652.06,260351109.83
2026-01-15 01:00:00+00:00,96652.06,96961.85,96302.21,96445.94,228758866.32
2026-01-15 02:00:00+00:00,96445.94,96612.33,96108.74,96335.12,197208522.59
2026-01-15 03:00:00+00:00,96335.12,96394.31,95776.83,95984.24,294319073.64
2026-01-15 04:00:00+00:00,95984.24,96378.51,95958.73,96311.93,182223945.71
2026-01-15 05:00:00+00:00,96311.93,96509.74,96245.47,96433.63,163525332.83
2026-01-15 06:00:00+00:00,96433.63,96581.38,96177.09,96246.84,147447386.25
2026-01-15 07:00:00+00:00,96246.84,96750.04,96195.06,96634.26,209111162.89
2026-01-15 08:00:00+00:00,96634.26,96666.2,96295.81,96647.67,179392819.26
2026-01-15 09:00:00+00:00,96647.67,97191.82,96564.43,97042.01,231644489.79
2026-01-15 10:00:00+00:00,97042.01,97064.29,96750.04,96816.44,124252772.83
2026-01-15 11:00:00+00:00,96816.44,96928.58,96588.76,96588.76,142612145.73
2026-01-15 12:00:00+00:00,96588.76,96999.17,96536.49,96983.4,126132125.0
2026-01-15 13:00:00+00:00,96983.4,97029.38,96620.39,96852.41,177897860.64
2026-01-15 14:00:00+00:00,96852.41,97154.37,95596.17,96065.32,536228526.34
2026-01-15 15:00:00+00:00,96065.32,96781.93,95446.26,96770.01,675406355.42
2026-01-15 16:00:00+00:00,96770.01,96934.24,96270.62,96733.82,503558653.01
2026-01-15 17:00:00+00:00,96733.82,97102.55,96420.25,96626.58,450865519.41
2026-01-15 18:00:00+00:00,96626.58,96631.93,95747.96,95835.88,439865682.91
2026-01-15 19:00:00+00:00,95835.88,95920.77,95196.8,95511.52,412418671.67
2026-01-15 20:00:00+00:00,95511.52,95657.48,95135.37,95254.45,231197862.43
2026-01-15 21:00:00+00:00,95254.45,95625.3,95192.48,95584.89,127752331.89
2026-01-15 22:00:00+00:00,95584.89,95864.94,95492.54,95583.39,119618461.72
2026-01-15 23:00:00+00:00,95583.39,95717.92,95394.99,95601.71,114463054.14
2026-01-16 00:00:00+00:00,95601.71,95827.0,95574.97,95629.11,88159859.18
2026-01-16 01:00:00+00:00,95629.11,95852.05,95422.89,95666.79,121600435.85
2026-01-16 02:00:00+00:00,95666.79,95682.13,95394.17,95504.97,128627017.53
2026-01-16 03:00:00+00:00,95504.97,95585.24,95330.03,95354.9,75338859.16
2026-01-16 04:00:00+00:00,95354.9,95582.84,95144.11,95264.44,168203139.84
2026-01-16 05:00:00+00:00,95264.44,95678.28,95255.37,95665.07,184074935.74
2026-01-16 06:00:00+00:00,95665.07,95820.05,95542.31,95743.18,123921492.45
2026-01-16 07:00:00+00:00,95743.18,95787.16,95490.08,95654.33,134356387.02
2026-01-16 08:00:00+00:00,95654.33,95856.14,95576.21,95674.7,155694981.83
2026-01-16 09:00:00+00:00,95674.7,95782.93,95598.23,95615.26,81561966.03
2026-01-16 10:00:00+00:00,95615.26,95634.17,95296.79,95315.34,125738095.07
2026-01-16 11:00:00+00:00,95315.34,95470.71,95265.52,95426.84,102845084.21
2026-01-16 12:00:00+00:00,95426.84,95570.62,95358.39,95452.4,94607364.32
2026-01-16 13:00:00+00:00,95452.4,95574.57,95296.14,95450.82,111165149.11
2026-01-16 14:00:00+00:00,95450.82,95809.11,95194.0,95194.79,271036679.62
2026-01-16 15:00:00+00:00,95194.79,95667.17,94293.22,94586.53,633896833.17
2026-01-16 16:00:00+00:00,94586.53,94989.73,94511.06,94873.66,302812609.29
2026-01-16 17:00:00+00:00,94873.66,95131.33,94563.5,95081.15,192432098.12
2026-01-16 18:00:00+00:00,95081.15,95219.74,94978.55,95008.58,158510889.31
2026-01-16 19:00:00+00:00,95008.58,95056.39,94840.14,95004.15,100015358.77
2026-01-16 20:00:00+00:00,95004.15,95566.0,94684.04,95561.01,186632030.02
2026-01-16 21:00:00+00:00,95561.01,95601.13,95365.14,95521.59,139497860.25
2026-01-16 22:00:00+00:00,95521.59,95558.53,95263.32,95514.31,109662956.43
2026-01-16 23:00:00+00:00,95514.31,95580.79,95436.75,95554.52,66607284.21
2026-01-17 00:00:00+00:00,95554.52,95577.8,95437.11,95467.09,61981163.05
2026-01-17 01:00:00+00:00,95467.09,95528.31,95383.74,95398.86,58343333.86
2026-01-17 02:00:00+00:00,95398.86,95416.17,95208.32,95366.47,73190032.36
2026-01-17 03:00:00+00:00,95366.47,95386.09,95272.52,95370.93,45219847.64
2026-01-17 04:00:00+00:00,95370.93,95371.11,95263.59,95305.98,46342000.3
2026-01-17 05:00:00+00:00,95305.98,95378.98,95287.72,95321.1,45299068.05
2026-01-17 06:00:00+00:00,95321.1,95344.85,95197.98,95238.75,44575396.31
2026-01-17 07:00:00+00:00,95238.75,95238.79,95047.04,95102.45,77257268.54
2026-01-17 08:00:00+00:00,95102.45,95252.57,95027.08,95246.17,59423001.73
2026-01-17 09:00:00+00:00,95246.17,95288.56,95175.66,95261.08,36216040.87
2026-01-17 10:00:00+00:00,95261.08,95270.0,95115.9,95117.23,37798326.54
2026-01-17 11:00:00+00:00,95117.23,95319.07,95073.22,95319.01,52108879.04
2026-01-17 12:00:00+00:00,95319.01,95401.88,95237.42,95252.11,54997863.53
2026-01-17 13:00:00+00:00,95252.11,95438.83,95199.39,95438.78,70218110.87
2026-01-17 14:00:00+00:00,95438.78,95537.27,95357.26,95473.24,98125020.33
2026-01-17 15:00:00+00:00,95473.24,95638.1,95431.61,95573.51,183833018.28
2026-01-17 16:00:00+00:00,95573.51,95574.59,95215.77,95311.05,127918797.44
2026-01-17 17:00:00+00:00,95311.05,95437.61,95291.24,95360.2,54161935.39
2026-01-17 18:00:00+00:00,95360.2,95465.68,95345.67,95430.11,36785777.9
2026-01-17 19:00:00+00:00,95430.11,95430.12,95287.43,95294.65,27866866.22
2026-01-17 20:00:00+00:00,95294.65,95378.1,95289.74,95376.15,28763358.41
2026-01-17 21:00:00+00:00,95376.15,95410.95,95284.04,95305.46,38717299.25
2026-01-17 22:00:00+00:00,95305.46,95305.73,95048.08,95170.72,87803045.17
2026-01-17 23:00:00+00:00,95170.72,95211.06,95122.87,95147.42,60111332.26
2026-01-18 00:00:00+00:00,95147.42,95243.86,95069.34,95115.0,75402408.73
2026-01-18 01:00:00+00:00,95115.0,95115.12,94876.9,94964.28,96197866.62
2026-01-18 02:00:00+00:00,94964.28,95066.09,94880.79,95025.1,59562440.69
2026-01-18 03:00:00+00:00,95025.1,95206.2,95025.1,95195.21,54628716.92
2026-01-18 04:00:00+00:00,95195.21,95195.22,95078.59,95097.9,37120353.52
2026-01-18 05:00:00+00:00,95097.9,95252.47,95062.51,95191.22,59640404.17
2026-01-18 06:00:00+00:00,95191.22,95208.35,95145.79,95173.97,44277997.9
2026-01-18 07:00:00+00:00,95173.97,95184.06,95029.78,95035.58,77072950.59
2026-01-18 08:00:00+00:00,95035.58,95194.14,95023.35,95183.85,48113738.46
2026-01-18 09:00:00+00:00,95183.85,95289.35,95152.5,95273.42,73792213.25
2026-01-18 10:00:00+00:00,95273.42,95297.22,95088.72,95175.48,78928853.63
2026-01-18 11:00:00+00:00,95175.48,95182.1,95074.17,95168.07,56560922.29
2026-01-18 12:00:00+00:00,95168.07,95179.83,95085.54,95112.75,44521875.56
2026-01-18 13:00:00+00:00,95112.75,95204.05,94911.65,95152.14,113410816.81
2026-01-18 14:00:00+00:00,95152.14,95361.19,94933.55,94957.42,128800716.86
2026-01-18 15:00:00+00:00,94957.42,95115.76,94922.22,95112.92,74057262.98
2026-01-18 16:00:00+00:00,95112.92,95183.12,95071.51,95168.57,52792970.15
2026-01-18 17:00:00+00:00,95168.57,95273.72,95141.65,95271.53,57662561.54
2026-01-18 18:00:00+00:00,95271.53,95516.1,95176.79,95439.61,107970916.66
2026-01-18 19:00:00+00:00,95439.61,95514.33,95332.02,95378.07,70532772.36
2026-01-18 20:00:00+00:00,95378.07,95438.28,95288.74,95303.65,35547884.14
2026-01-18 21:00:00+00:00,95303.65,95430.37,95285.09,95428.39,31246522.55
2026-01-18 22:00:00+00:00,95428.39,95527.55,95409.03,95493.11,69033131.49
2026-01-18 23:00:00+00:00,95493.11,95493.11,93615.51,93668.87,589909166.5
2026-01-19 00:00:00+00:00,93668.87,93668.87,92284.71,92714.51,1059276321.06
2026-01-19 01:00:00+00:00,92714.51,92871.43,92245.61,92579.97,304804519.12
2026-01-19 02:00:00+00:00,92579.97,92670.4,92385.26,92566.43,166389796.5
2026-01-19 03:00:00+00:00,92566.43,92781.09,92498.25,92691.19,172578584.89
2026-01-19 04:00:00+00:00,92691.19,92744.63,92499.87,92665.88,143955459.45
2026-01-19 05:00:00+00:00,92665.88,92802.33,92504.5,92513.95,113748976.57
2026-01-19 06:00:00+00:00,92513.95,92629.54,92389.0,92583.27,135089213.79
2026-01-19 07:00:00+00:00,92583.27,92858.31,92562.63,92839.32,203144541.79
2026-01-19 08:00:00+00:00,92839.32,93368.01,92700.33,93257.31,318678054.35
2026-01-19 09:00:00+00:00,93257.31,93263.01,92944.98,93050.75,231791201.76
2026-01-19 10:00:00+00:00,93050.75,93079.73,92893.89,93063.84,99505444.74
2026-01-19 11:00:00+00:00,93063.84,93310.42,92972.64,93191.21,106590474.21
2026-01-19 12:00:00+00:00,93191.21,93227.49,92998.26,93067.85,145350190.66
2026-01-19 13:00:00+00:00,93067.85,93147.18,92816.14,93028.85,127935238.96
2026-01-19 14:00:00+00:00,93028.85,93036.39,92704.04,92814.64,136119435.71
2026-01-19 15:00:00+00:00,92814.64,93079.35,92814.64,93062.87,139213600.76
2026-01-19 16:00:00+00:00,93062.87,93412.63,92994.83,93302.72,131286860.86
2026-01-19 17:00:00+00:00,93302.72,93386.48,93149.3,93237.17,115393285.37
2026-01-19 18:00:00+00:00,93237.17,93257.6,92930.77,93059.68,88081208.32
2026-01-19 19:00:00+00:00,93059.68,93152.59,92996.64,93107.64,69207514.66
2026-01-19 20:00:00+00:00,93107.64,93270.48,93093.97,93139.13,59664180.78
2026-01-19 21:00:00+00:00,93139.13,93343.72,93005.44,93006.61,79336570.51
2026-01-19 22:00:00+00:00,93006.61,93056.99,92565.07,92565.5,131451894.87
2026-01-19 23:00:00+00:00,92565.5,92748.51,92163.41,92628.5,274928777.32
2026-01-20 00:00:00+00:00,92628.5,92864.32,92368.54,92716.12,133109226.53
2026-01-20 01:00:00+00:00,92716.12,92868.74,92525.67,92715.88,124049117.6
2026-01-20 02:00:00+00:00,92715.88,92725.0,92370.06,92553.28,144921198.53
2026-01-20 03:00:00+00:00,92553.28,92650.96,92260.98,92436.89,136462365.94
2026-01-20 04:00:00+00:00,92436.89,92473.88,92004.22,92065.58,131059137.3
2026-01-20 05:00:00+00:00,92065.58,92077.04,91295.32,91632.53,481535450.27
2026-01-20 06:00:00+00:00,91632.53,91634.11,90779.92,90931.25,451640337.21
2026-01-20 07:00:00+00:00,90931.25,91307.23,90866.27,91181.47,245731155.78
2026-01-20 08:00:00+00:00,91181.47,91254.73,90692.63,91116.01,351753828.91
2026-01-20 09:00:00+00:00,91116.01,91116.01,90899.25,91038.53,209828202.44
2026-01-20 10:00:00+00:00,91038.53,91291.21,91001.07,91266.25,131689654.93
2026-01-20 11:00:00+00:00,91266.25,91439.69,91216.57,91223.01,126275659.65
2026-01-20 12:00:00+00:00,91223.01,91319.27,91057.26,91279.29,166120725.92
2026-01-20 13:00:00+00:00,91279.29,91288.39,90777.07,90956.06,252649725.92
2026-01-20 14:00:00+00:00,90956.06,91368.51,90269.37,90530.81,565103576.57
2026-01-20 15:00:00+00:00,90530.81,90803.48,89861.27,90685.39,586699470.21
2026-01-20 16:00:00+00:00,90685.39,90973.96,90023.19,90162.05,324471281.8
2026-01-20 17:00:00+00:00,90162.05,90502.2,89436.24,89771.65,482605560.86
2026-01-20 18:00:00+00:00,89771.65,89955.97,89392.55,89492.32,286278520.44
2026-01-20 19:00:00+00:00,89492.32,89789.46,89288.2,89722.35,262280180.09
2026-01-20 20:00:00+00:00,89722.35,89849.36,89395.29,89729.54,277958173.01
2026-01-20 21:00:00+00:00,89729.54,89829.92,89423.41,89476.53,148022352.16
2026-01-20 22:00:00+00:00,89476.53,89642.79,88122.78,88502.07,416002701.63
2026-01-20 23:00:00+00:00,88502.07,88519.6,87893.82,88426.57,358791336.54
2026-01-21 00:00:00+00:00,88426.57,88976.2,88254.03,88929.17,339179192.12
2026-01-21 01:00:00+00:00,88929.17,89159.72,88847.75,89017.1,218877860.5
2026-01-21 02:00:00+00:00,89017.1,89356.29,88997.16,89048.61,243466513.1
2026-01-21 03:00:00+00:00,89048.61,89594.42,89042.39,89429.1,203169243.8
2026-01-21 04:00:00+00:00,89429.1,89626.74,89349.59,89445.98,132789869.45
2026-01-21 05:00:00+00:00,89445.98,90116.72,89434.99,89952.3,200990979.52
2026-01-21 06:00:00+00:00,89952.3,89952.61,89492.84,89646.26,134723166.14
2026-01-21 07:00:00+00:00,89646.26,89761.79,89092.19,89220.12,256180834.03
2026-01-21 08:00:00+00:00,89220.12,89379.22,88995.4,89196.19,211103582.4
2026-01-21 09:00:00+00:00,89196.19,89489.8,89075.35,89106.56,136996248.56
2026-01-21 10:00:00+00:00,89106.56,89393.33,89073.92,89246.99,111977642.79
2026-01-21 11:00:00+00:00,89246.99,89380.31,88702.56,88793.07,206113115.64
2026-01-21 12:00:00+00:00,88793.07,88852.05,88206.56,88736.94,440915601.82
2026-01-21 13:00:00+00:00,88736.94,89020.62,88563.41,88674.52,276284825.81
2026-01-21 14:00:00+00:00,88674.52,89995.46,88616.47,89802.87,622550956.81
2026-01-21 15:00:00+00:00,89802.87,90562.06,89762.28,90283.49,504623000.66
2026-01-21 16:00:00+00:00,90283.49,90359.54,87582.58,87596.31,657789363.13
2026-01-21 17:00:00+00:00,87596.31,88151.48,87259.62,87928.15,609235762.33
2026-01-21 18:00:00+00:00,87928.15,88654.13,87584.84,88480.5,313238672.63
2026-01-21 19:00:00+00:00,88480.5,90449.68,88287.85,90357.6,578845027.19
2026-01-21 20:00:00+00:00,90357.6,90371.31,89454.62,90204.61,394530105.97
2026-01-21 21:00:00+00:00,90204.61,90339.21,89961.05,90247.64,183011592.85
2026-01-21 22:00:00+00:00,90247.64,90383.24,89762.07,89767.05,129876447.57
2026-01-21 23:00:00+00:00,89767.05,90211.16,89355.85,89454.24,220372791.31
2026-01-22 00:00:00+00:00,89454.24,90029.87,89453.88,89907.53,170076081.9
2026-01-22 01:00:00+00:00,89907.53,90191.13,89820.72,90110.16,155243718.8
2026-01-22 02:00:00+00:00,90110.16,90357.93,89847.91,89942.17,168298583.49
2026-01-22 03:00:00+00:00,89942.17,90160.3,89701.96,89894.71,130125952.66
2026-01-22 04:00:00+00:00,89894.71,90074.75,89827.39,89998.45,112356528.82
2026-01-22 05:00:00+00:00,89998.45,90072.82,89926.82,90023.68,79890583.1
2026-01-22 06:00:00+00:00,90023.68,90213.68,89899.38,90169.05,107825015.38
2026-01-22 07:00:00+00:00,90169.05,90191.86,89795.84,89816.41,137439382.21
2026-01-22 08:00:00+00:00,89816.41,89968.14,89758.52,89916.55,114128892.04
2026-01-22 09:00:00+00:00,89916.55,90116.28,89887.09,90031.64,133577811.7
2026-01-22 10:00:00+00:00,90031.64,90100.98,89957.34,90078.12,147251560.07
2026-01-22 11:00:00+00:00,90078.12,90155.14,89896.56,89940.43,133207132.4
2026-01-22 12:00:00+00:00,89940.43,90094.79,89873.21,90021.55,113358998.32
2026-01-22 13:00:00+00:00,90021.55,90336.7,89480.66,89613.83,280236151.47
2026-01-22 14:00:00+00:00,89613.83,89732.36,89051.76,89108.15,435097145.39
2026-01-22 15:00:00+00:00,89108.15,89445.97,88513.39,89000.49,651281889.58
2026-01-22 16:00:00+00:00,89000.49,89267.12,88676.22,89050.71,431866379.98
2026-01-22 17:00:00+00:00,89050.71,89612.07,89020.38,89549.98,332031265.96
2026-01-22 18:00:00+00:00,89549.98,89793.04,89304.86,89332.87,242322557.72
2026-01-22 19:00:00+00:00,89332.87,89919.6,89110.38,89774.9,234827242.87
2026-01-22 20:00:00+00:00,89774.9,89943.77,89398.06,89408.57,180247462.4
2026-01-22 21:00:00+00:00,89408.57,89665.11,89246.88,89267.87,125945868.75
2026-01-22 22:00:00+00:00,89267.87,89562.57,89158.78,89349.12,116372091.99
2026-01-22 23:00:00+00:00,89349.12,89580.47,89169.98,89555.87,98746970.29
2026-01-23 00:00:00+00:00,89555.87,89637.21,89452.15,89525.25,90351329.03
2026-01-23 01:00:00+00:00,89525.25,89940.29,89525.25,89938.21,134669377.04
2026-01-23 02:00:00+00:00,89938.21,89977.33,89658.03,89664.68,131520964.43
2026-01-23 03:00:00+00:00,89664.68,89925.65,89643.25,89925.62,108921422.72
2026-01-23 04:00:00+00:00,89925.62,90084.05,89881.23,89969.84,125736930.34
2026-01-23 05:00:00+00:00,89969.84,89969.86,89487.13,89613.76,127018195.39
2026-01-23 06:00:00+00:00,89613.76,89798.35,89401.17,89510.74,158195784.25
2026-01-23 07:00:00+00:00,89510.74,89682.11,89449.81,89545.69,188515155.84
2026-01-23 08:00:00+00:00,89545.69,89629.32,89139.29,89219.79,277954814.83
2026-01-23 09:00:00+00:00,89219.79,89383.5,88904.95,88976.97,214179980.46
2026-01-23 10:00:00+00:00,88976.97,89156.84,88871.5,89046.21,116451426.57
2026-01-23 11:00:00+00:00,89046.21,89351.38,89003.3,89205.03,120851603.47
2026-01-23 12:00:00+00:00,89205.03,89372.6,89100.32,89266.5,70339738.23
2026-01-23 13:00:00+00:00,89266.5,89444.03,89240.34,89349.74,119983843.37
2026-01-23 14:00:00+00:00,89349.74,89722.23,88659.78,89012.57,427865514.04
2026-01-23 15:00:00+00:00,89012.57,89861.73,88567.4,89754.33,378644693.08
2026-01-23 16:00:00+00:00,89754.33,90487.91,89481.94,90125.73,431327958.44
2026-01-23 17:00:00+00:00,90125.73,91225.16,89981.04,90605.0,453320288.66
2026-01-23 18:00:00+00:00,90605.0,91024.97,90464.93,90525.37,277940404.23
2026-01-23 19:00:00+00:00,90525.37,90534.18,89615.45,89981.8,378659981.66
2026-01-23 20:00:00+00:00,89981.8,90159.16,89211.26,89505.63,344884029.44
2026-01-23 21:00:00+00:00,89505.63,89694.05,89321.6,89350.3,147039193.08
2026-01-23 22:00:00+00:00,89350.3,89754.96,89340.49,89628.42,127055770.84
2026-01-23 23:00:00+00:00,89628.42,89631.86,89471.88,89603.1,56555763.2
2026-01-24 00:00:00+00:00,89603.1,89630.88,89424.67,89454.41,57214971.56
2026-01-24 01:00:00+00:00,89454.41,89587.46,89451.53,89550.02,43257529.74
2026-01-24 02:00:00+00:00,89550.02,89717.72,89550.02,89702.56,48277125.31
2026-01-24 03:00:00+00:00,89702.56,89936.62,89673.62,89771.89,94094694.09
2026-01-24 04:00:00+00:00,89771.89,89847.97,89712.26,89833.64,50690395.78
2026-01-24 05:00:00+00:00,89833.64,89850.23,89751.95,89779.8,39689233.94
2026-01-24 06:00:00+00:00,89779.8,89786.85,89640.82,89652.19,77033702.84
2026-01-24 07:00:00+00:00,89652.19,89694.03,89575.75,89619.26,76923105.52
2026-01-24 08:00:00+00:00,89619.26,89692.19,89584.12,89668.43,56398400.69
2026-01-24 09:00:00+00:00,89668.43,89668.55,89594.28,89603.43,40112746.47
2026-01-24 10:00:00+00:00,89603.43,89660.02,89580.99,89624.82,72767808.68
2026-01-24 11:00:00+00:00,89624.82,89674.34,89596.01,89596.03,31232056.13
2026-01-24 12:00:00+00:00,89596.03,89596.54,89489.81,89536.31,48358256.63
2026-01-24 13:00:00+00:00,89536.31,89540.11,89368.85,89368.85,35063650.83
2026-01-24 14:00:00+00:00,89368.85,89510.7,89178.15,89451.87,110664969.3
2026-01-24 15:00:00+00:00,89451.87,89493.11,89264.38,89279.91,97955553.6
2026-01-24 16:00:00+00:00,89279.91,89367.95,89166.42,89289.81,88246185.0
2026-01-24 17:00:00+00:00,89289.81,89413.84,89254.85,89402.09,58381930.22
2026-01-24 18:00:00+00:00,89402.09,89460.96,89382.76,89394.67,44168964.26
2026-01-24 19:00:00+00:00,89394.67,89395.73,89277.5,89333.25,96288532.48
2026-01-24 20:00:00+00:00,89333.25,89401.91,89332.98,89384.09,117053191.75
2026-01-24 21:00:00+00:00,89384.09,89390.46,89274.46,89387.86,137511437.78
2026-01-24 22:00:00+00:00,89387.86,89494.19,89306.19,89433.03,39190795.36
2026-01-24 23:00:00+00:00,89433.03,89477.66,89217.43,89228.83,63545416.06
2026-01-25 00:00:00+00:00,89228.83,89312.73,89185.99,89312.68,39842186.98
2026-01-25 01:00:00+00:00,89312.68,89318.32,89104.09,89181.59,60372245.67
2026-01-25 02:00:00+00:00,89181.59,89264.08,89141.34,89142.9,53808840.95
2026-01-25 03:00:00+00:00,89142.9,89179.01,88846.85,88963.32,122984625.5
2026-01-25 04:00:00+00:00,88963.32,89089.27,88945.14,89011.28,94506304.41
2026-01-25 05:00:00+00:00,89011.28,89047.2,88876.17,88994.03,73954951.16
2026-01-25 06:00:00+00:00,88994.03,88994.67,88659.38,88843.29,166539063.9
2026-01-25 07:00:00+00:00,88843.29,88843.45,88638.46,88660.44,80777918.74
2026-01-25 08:00:00+00:00,88660.44,88758.5,88135.53,88303.68,168542342.14
2026-01-25 09:00:00+00:00,88303.68,88491.12,88239.78,88404.33,105695895.39
2026-01-25 10:00:00+00:00,88404.33,88675.36,88404.32,88659.58,110622984.67
2026-01-25 11:00:00+00:00,88659.58,88709.22,88539.1,88570.73,68285122.11
2026-01-25 12:00:00+00:00,88570.73,88800.58,88450.89,88794.54,129730797.63
2026-01-25 13:00:00+00:00,88794.54,88972.95,88653.22,88921.82,105899633.75
2026-01-25 14:00:00+00:00,88921.82,88938.94,88624.89,88710.23,116339674.89
2026-01-25 15:00:00+00:00,88710.23,88757.58,88395.05,88448.58,97257373.22
2026-01-25 16:00:00+00:00,88448.58,88448.6,87575.85,88082.79,545898308.65
2026-01-25 17:00:00+00:00,88082.79,88108.57,87766.33,87884.8,204068107.8
2026-01-25 18:00:00+00:00,87884.8,87985.45,86932.45,87422.53,520243246.81
2026-01-25 19:00:00+00:00,87422.53,87504.57,86258.53,86495.89,519463422.89
2026-01-25 20:00:00+00:00,86495.89,86716.15,86229.72,86661.43,257112593.02
2026-01-25 21:00:00+00:00,86661.43,87008.31,86403.19,86575.72,232641441.77
2026-01-25 22:00:00+00:00,86575.72,86687.91,86226.19,86525.15,218510295.24
2026-01-25 23:00:00+00:00,86525.15,86790.83,86083.98,86669.93,339162226.87
2026-01-26 00:00:00+00:00,86669.93,87173.06,86510.7,86849.12,233527133.35
2026-01-26 01:00:00+00:00,86849.12,87813.33,86813.71,87697.09,339823957.55
2026-01-26 02:00:00+00:00,87697.09,87963.07,87439.38,87557.57,244382810.35
2026-01-26 03:00:00+00:00,87557.57,87679.09,87078.74,87275.47,242323025.28
2026-01-26 04:00:00+00:00,87275.47,87947.57,87241.54,87735.67,257403639.24
2026-01-26 05:00:00+00:00,87735.67,87950.98,87670.99,87822.92,176014167.32
2026-01-26 06:00:00+00:00,87822.92,88028.6,87761.17,87941.02,205308925.51
2026-01-26 07:00:00+00:00,87941.02,88075.53,87706.28,88001.82,208594302.6
2026-01-26 08:00:00+00:00,88001.82,88364.49,87847.95,87978.67,215410436.42
2026-01-26 09:00:00+00:00,87978.67,88002.25,87601.87,87663.08,156279445.77
2026-01-26 10:00:00+00:00,87663.08,87951.87,87658.19,87897.42,85795961.08
2026-01-26 11:00:00+00:00,87897.42,87980.14,87765.14,87853.17,78476922.97
2026-01-26 12:00:00+00:00,87853.17,87968.96,87737.62,87797.56,95010860.69
2026-01-26 13:00:00+00:00,87797.56,88044.56,87694.38,87958.45,157434899.56
2026-01-26 14:00:00+00:00,87958.45,88501.74,87452.51,88182.41,517617561.43
2026-01-26 15:00:00+00:00,88182.41,88857.55,87324.13,87640.24,573012831.83
2026-01-26 16:00:00+00:00,87640.24,87951.38,87206.46,87611.3,324811377.73
2026-01-26 17:00:00+00:00,87611.3,87787.02,87040.76,87697.6,260346854.41
2026-01-26 18:00:00+00:00,87697.6,88407.69,87652.2,88404.63,247224555.75
2026-01-26 19:00:00+00:00,88404.63,88540.92,87955.26,88012.73,213692878.54
2026-01-26 20:00:00+00:00,88012.73,88120.44,87542.13,87631.0,166018534.59
2026-01-26 21:00:00+00:00,87631.0,88233.79,87574.94,88065.99,158302494.99
2026-01-26 22:00:00+00:00,88065.99,88271.4,88003.33,88143.54,104784573.1
2026-01-26 23:00:00+00:00,88143.54,88657.24,88021.97,88347.12,149369198.37
2026-01-27 00:00:00+00:00,88347.12,88458.38,88205.84,88353.47,99281439.38
2026-01-27 01:00:00+00:00,88353.47,88703.16,88199.61,88554.88,142393639.0
2026-01-27 02:00:00+00:00,88554.88,88854.93,88554.88,88825.0,157909445.01
2026-01-27 03:00:00+00:00,88825.0,88892.72,88580.93,88782.79,132160176.44
2026-01-27 04:00:00+00:00,88782.79,89000.24,88515.9,88580.8,156103442.65
2026-01-27 05:00:00+00:00,88580.8,88585.15,88404.17,88461.52,103067858.06
2026-01-27 06:00:00+00:00,88461.52,88525.34,88280.88,88329.34,86207153.53
2026-01-27 07:00:00+00:00,88329.34,88554.63,88317.31,88323.32,121463876.55
2026-01-27 08:00:00+00:00,88323.32,88397.79,88122.32,88174.57,161822435.96
2026-01-27 09:00:00+00:00,88174.57,88174.63,87866.88,87890.17,174090449.96
2026-01-27 10:00:00+00:00,87890.17,88052.41,87758.88,87784.11,103861440.17
2026-01-27 11:00:00+00:00,87784.11,88093.42,87744.02,87989.67,123945307.18
2026-01-27 12:00:00+00:00,87989.67,88157.38,87950.15,87981.06,160467776.29
2026-01-27 13:00:00+00:00,87981.06,88067.34,87800.69,87980.15,149134115.56
2026-01-27 14:00:00+00:00,87980.15,88458.53,87656.48,87737.61,342701686.95
2026-01-27 15:00:00+00:00,87737.61,88184.29,87571.46,88036.42,368727988.75
2026-01-27 16:00:00+00:00,88036.42,88814.98,87998.42,88637.17,449485033.53
2026-01-27 17:00:00+00:00,88637.17,88695.48,87302.87,87544.24,475263497.25
2026-01-27 18:00:00+00:00,87544.24,88506.49,87451.12,88281.04,332605923.48
2026-01-27 19:00:00+00:00,88281.04,88549.43,88053.9,88407.7,263208593.49
2026-01-27 20:00:00+00:00,88407.7,89495.63,88387.97,89400.28,500888609.73
2026-01-27 21:00:00+00:00,89400.28,89520.53,89004.68,89078.34,291424656.09
2026-01-27 22:00:00+00:00,89078.34,89425.58,89015.95,89242.18,153076888.61
2026-01-27 23:00:00+00:00,89242.18,89515.42,89142.53,89246.18,212271973.49
2026-01-28 00:00:00+00:00,89246.18,89471.62,89152.38,89470.07,220244120.06
2026-01-28 01:00:00+00:00,89470.07,89496.64,89194.59,89403.75,426872585.93
2026-01-28 02:00:00+00:00,89403.75,89446.98,89098.05,89285.07,174518745.19
2026-01-28 03:00:00+00:00,89285.07,89309.6,88984.65,89126.03,150919365.78
2026-01-28 04:00:00+00:00,89126.03,89161.08,88840.64,88980.45,126152810.56
2026-01-28 05:00:00+00:00,88980.45,89102.45,88847.43,89086.95,132943565.85
2026-01-28 06:00:00+00:00,89086.95,89395.6,89086.95,89321.46,155056384.57
2026-01-28 07:00:00+00:00,89321.46,89350.33,89110.39,89142.06,155165145.67
2026-01-28 08:00:00+00:00,89142.06,89259.64,88878.17,88926.9,194030545.29
2026-01-28 09:00:00+00:00,88926.9,89539.79,88861.12,89539.08,225453232.62
2026-01-28 10:00:00+00:00,89539.08,89677.04,89337.5,89407.11,220536918.5
2026-01-28 11:00:00+00:00,89407.11,90154.16,89319.08,90077.09,317599526.66
2026-01-28 12:00:00+00:00,90077.09,90170.75,89790.79,90000.1,256890333.21
2026-01-28 13:00:00+00:00,90000.1,90477.33,89966.57,90256.94,346051551.96
2026-01-28 14:00:00+00:00,90256.94,90257.32,89454.84,89614.21,389343702.29
2026-01-28 15:00:00+00:00,89614.21,89847.61,88916.61,89480.12,423438131.77
2026-01-28 16:00:00+00:00,89480.12,89827.55,89246.91,89632.38,294805372.01
2026-01-28 17:00:00+00:00,89632.38,90599.41,89283.12,90170.17,423518598.43
2026-01-28 18:00:00+00:00,90170.17,90173.11,89323.68,89545.59,338752136.15
2026-01-28 19:00:00+00:00,89545.59,89716.94,89012.4,89400.35,407177524.43
2026-01-28 20:00:00+00:00,89400.35,89895.34,89003.66,89132.23,309314089.07
2026-01-28 21:00:00+00:00,89132.23,89483.68,88870.85,89406.83,192386271.63
2026-01-28 22:00:00+00:00,89406.83,89474.48,89133.86,89383.3,85400291.75
2026-01-28 23:00:00+00:00,89383.3,89468.77,89207.9,89298.55,102562048.32
2026-01-29 00:00:00+00:00,89298.55,89346.81,88898.2,89143.33,164382914.05
2026-01-29 01:00:00+00:00,89143.33,89158.86,88543.91,88600.15,233201798.68
2026-01-29 02:00:00+00:00,88600.15,88749.67,87701.85,87901.32,393647664.44
2026-01-29 03:00:00+00:00,87901.32,88261.44,87773.26,88051.96,263606014.49
2026-01-29 04:00:00+00:00,88051.96,88342.54,87901.35,88315.41,106679485.88
2026-01-29 05:00:00+00:00,88315.41,88408.38,88144.65,88186.7,102976574.83
2026-01-29 06:00:00+00:00,88186.7,88337.1,88170.05,88317.1,132352312.69
2026-01-29 07:00:00+00:00,88317.1,88429.06,88250.09,88350.47,160911125.48
2026-01-29 08:00:00+00:00,88350.47,88495.67,87908.62,88061.33,317525692.75
2026-01-29 09:00:00+00:00,88061.33,88150.96,87887.5,87887.51,128625703.71
2026-01-29 10:00:00+00:00,87887.51,88001.33,87823.35,87946.03,161513238.91
2026-01-29 11:00:00+00:00,87946.03,88057.25,87747.88,87833.44,179292809.22
2026-01-29 12:00:00+00:00,87833.44,88116.63,87812.87,88111.76,139948404.32
2026-01-29 13:00:00+00:00,88111.76,88165.44,87946.99,88040.35,101521750.44
2026-01-29 14:00:00+00:00,88040.35,88068.43,87004.17,87008.65,359387116.56
2026-01-29 15:00:00+00:00,87008.65,87019.74,84372.74,84934.69,1524210501.05
2026-01-29 16:00:00+00:00,84934.69,85390.67,84273.35,85270.71,796032616.47
2026-01-29 17:00:00+00:00,85270.71,85633.08,84022.25,84253.44,654840510.59
2026-01-29 18:00:00+00:00,84253.44,84628.85,83419.65,83476.37,610959990.64
2026-01-29 19:00:00+00:00,83476.37,84299.51,83387.66,84005.89,415245336.56
2026-01-29 20:00:00+00:00,84005.89,84393.82,83825.41,84207.15,293906778.5
2026-01-29 21:00:00+00:00,84207.15,84666.91,84201.13,84523.29,229783512.96
2026-01-29 22:00:00+00:00,84523.29,84612.48,84305.96,84565.23,95431810.53
2026-01-29 23:00:00+00:00,84565.23,84733.64,84442.7,84652.14,147012085.08
2026-01-30 00:00:00+00:00,84652.14,84732.78,84153.0,84192.36,212220602.11
2026-01-30 01:00:00+00:00,84192.36,84192.37,81601.36,82474.61,1187974128.37
2026-01-30 02:00:00+00:00,82474.61,82539.14,81159.2,82164.45,729947852.79
2026-01-30 03:00:00+00:00,82164.45,82735.73,82040.43,82678.41,359859839.03
2026-01-30 04:00:00+00:00,82678.41,83329.97,82678.39,82934.42,292660049.14
2026-01-30 05:00:00+00:00,82934.42,83329.68,82900.18,82911.53,234669202.02
2026-01-30 06:00:00+00:00,82911.53,82917.28,82061.16,82600.3,395852806.96
2026-01-30 07:00:00+00:00,82600.3,83093.86,82476.41,82810.7,472073376.74
2026-01-30 08:00:00+00:00,82810.7,82976.56,82443.66,82665.78,275926661.86
2026-01-30 09:00:00+00:00,82665.78,82829.51,82157.1,82362.86,279502819.43
2026-01-30 10:00:00+00:00,82362.86,82889.47,82169.02,82828.69,197546475.4
2026-01-30 11:00:00+00:00,82828.69,83309.37,82683.7,83150.22,201341631.48
2026-01-30 12:00:00+00:00,83150.22,83322.54,82650.72,82798.02,227885415.36
2026-01-30 13:00:00+00:00,82798.02,83079.32,82500.47,82742.02,313441851.09
2026-01-30 14:00:00+00:00,82742.02,83796.5,82740.12,83097.95,513689428.39
2026-01-30 15:00:00+00:00,83097.95,83615.6,82383.07,82885.01,497359207.61
2026-01-30 16:00:00+00:00,82885.01,83493.72,82555.41,83147.67,358983107.52
2026-01-30 17:00:00+00:00,83147.67,83474.9,82639.01,82941.75,373399215.97
2026-01-30 18:00:00+00:00,82941.75,84155.22,81882.63,83936.96,613731439.32
2026-01-30 19:00:00+00:00,83936.96,84627.42,83923.11,84242.76,486450653.64
2026-01-30 20:00:00+00:00,84242.76,84298.65,83537.36,83901.24,628143709.79
2026-01-30 21:00:00+00:00,83901.24,84511.72,83790.7,84308.01,308013229.94
2026-01-30 22:00:00+00:00,84308.01,84323.27,83915.72,84220.47,151702230.32
2026-01-30 23:00:00+00:00,84220.47,84295.31,83933.34,84258.51,128982153.49
2026-01-31 00:00:00+00:00,84258.51,84273.57,84014.58,84065.1,182761984.71
2026-01-31 01:00:00+00:00,84065.1,84258.69,83904.19,84003.61,165895850.77
2026-01-31 02:00:00+00:00,84003.61,84182.79,83815.98,84126.38,155523768.92
2026-01-31 03:00:00+00:00,84126.38,84225.83,84020.33,84022.42,88687885.85
2026-01-31 04:00:00+00:00,84022.42,84142.62,83936.66,83991.31,73640604.21
2026-01-31 05:00:00+00:00,83991.31,84092.74,83901.7,83997.69,84475478.62
2026-01-31 06:00:00+00:00,83997.69,84042.7,83641.37,83783.78,156450167.88
2026-01-31 07:00:00+00:00,83783.78,83800.67,83404.12,83542.46,241078206.96
2026-01-31 08:00:00+00:00,83542.46,83625.29,82571.36,83070.29,485963525.87
2026-01-31 09:00:00+00:00,83070.29,83293.05,82891.98,83106.72,222726100.43
2026-01-31 10:00:00+00:00,83106.72,83198.48,82915.98,83158.29,148050301.62
2026-01-31 11:00:00+00:00,83158.29,83158.88,82856.7,83017.65,129501718.03
2026-01-31 12:00:00+00:00,83017.65,83141.09,82715.44,82762.18,179626947.6
2026-01-31 13:00:00+00:00,82762.18,82922.04,82480.81,82767.54,211903979.45
2026-01-31 14:00:00+00:00,82767.54,82927.61,80909.02,81483.66,944594222.05
2026-01-31 15:00:00+00:00,81483.66,81777.94,81091.46,81299.89,421773485.5
2026-01-31 16:00:00+00:00,81299.89,82121.98,80100.73,80360.21,1159424211.54
2026-01-31 17:00:00+00:00,80360.21,80543.74,78571.53,78888.94,1335330553.07
2026-01-31 18:00:00+00:00,78888.94,79136.4,76405.07,78040.48,1446855163.02
2026-01-31 19:00:00+00:00,78040.48,78478.04,77192.71,77753.99,715263231.11
2026-01-31 20:00:00+00:00,77753.99,78106.7,77092.38,78000.44,446956465.94
2026-01-31 21:00:00+00:00,78000.44,78366.5,77374.12,78294.61,382346102.98
2026-01-31 22:00:00+00:00,78294.61,78496.85,77999.67,78162.86,261370459.93
2026-01-31 23:00:00+00:00,78162.86,79235.4,78076.47,78737.12,422643439.74
2026-02-01 00:00:00+00:00,78737.12,79421.49,78646.85,78901.79,383519494.58
2026-02-01 01:00:00+00:00,78901.79,78943.07,78293.56,78525.06,282885761.24
2026-02-01 02:00:00+00:00,78525.06,79056.87,78377.53,78898.96,200417698.34
2026-02-01 03:00:00+00:00,78898.96,79007.87,78670.24,78867.1,161883720.33
2026-02-01 04:00:00+00:00,78867.1,79113.4,78724.35,78968.82,154470766.1
2026-02-01 05:00:00+00:00,78968.82,79004.35,78526.01,78615.97,204731186.57
2026-02-01 06:00:00+00:00,78615.97,78821.52,78265.67,78298.87,169076910.73
2026-02-01 07:00:00+00:00,78298.87,78720.39,77991.07,78350.8,254336110.62
2026-02-01 08:00:00+00:00,78350.8,78864.71,78259.24,78604.12,190012574.04
2026-02-01 09:00:00+00:00,78604.12,79138.94,78552.24,79039.0,139814952.26
2026-02-01 10:00:00+00:00,79039.0,79223.35,78150.97,78279.01,255853597.02
2026-02-01 11:00:00+00:00,78279.01,78876.24,78279.01,78745.53,148494546.96
2026-02-01 12:00:00+00:00,78745.53,78758.35,78244.2,78458.35,172085215.42
2026-02-01 13:00:00+00:00,78458.35,78765.54,78200.98,78320.29,170185609.62
2026-02-01 14:00:00+00:00,78320.29,78518.36,77236.14,78212.81,507281713.98
2026-02-01 15:00:00+00:00,78212.81,78256.87,76788.51,77595.16,542758271.68
2026-02-01 16:00:00+00:00,77595.16,77821.53,77091.08,77494.64,348292505.37
2026-02-01 17:00:00+00:00,77494.64,77746.32,77301.06,77746.03,239301799.5
2026-02-01 18:00:00+00:00,77746.03,78434.05,77725.15,78032.24,291858623.61
2026-02-01 19:00:00+00:00,78032.24,78104.76,76996.67,77175.32,217964643.86
2026-02-01 20:00:00+00:00,77175.32,77741.44,76607.25,77106.28,369578857.57
2026-02-01 21:00:00+00:00,77106.28,77167.17,76364.35,76525.68,445493732.21
2026-02-01 22:00:00+00:00,76525.68,77770.3,76455.11,77252.53,372407657.48
2026-02-01 23:00:00+00:00,77252.53,77586.97,75733.44,76970.27,980737596.86
2026-02-02 00:00:00+00:00,76970.27,78168.75,76613.32,77675.77,508222082.08
2026-02-02 01:00:00+00:00,77675.77,77945.02,76622.73,77518.41,410107404.99
2026-02-02 02:00:00+00:00,77518.41,77554.88,76446.52,76491.55,362100857.74
2026-02-02 03:00:00+00:00,76491.55,76574.65,74620.37,76298.43,1308617750.42
2026-02-02 04:00:00+00:00,76298.43,76609.91,75332.85,75890.2,461657132.82
2026-02-02 05:00:00+00:00,75890.2,75993.06,74907.69,75497.52,579050343.89
2026-02-02 06:00:00+00:00,75497.52,76657.52,74953.89,76540.85,730137941.33
2026-02-02 07:00:00+00:00,76540.85,76953.06,76326.27,76653.57,389880865.09
2026-02-02 08:00:00+00:00,76653.57,77180.52,76621.89,76876.96,338228489.65
2026-02-02 09:00:00+00:00,76876.96,77814.45,76657.59,77713.98,425763185.54
2026-02-02 10:00:00+00:00,77713.98,77864.44,77470.17,77504.18,225978881.93
2026-02-02 11:00:00+00:00,77504.18,77966.22,77447.26,77757.2,226390987.73
2026-02-02 12:00:00+00:00,77757.2,78413.92,77711.92,77993.49,299222297.75
2026-02-02 13:00:00+00:00,77993.49,78442.81,77802.57,78222.53,263097585.78
2026-02-02 14:00:00+00:00,78222.53,78882.73,77629.32,77846.43,596654726.45
2026-02-02 15:00:00+00:00,77846.43,79327.43,77593.53,78847.61,793494761.87
2026-02-02 16:00:00+00:00,78847.61,79289.11,78583.13,78634.04,471205845.08
2026-02-02 17:00:00+00:00,78634.04,79217.01,78604.92,78991.05,346249712.0
2026-02-02 18:00:00+00:00,78991.05,78991.06,78367.55,78572.97,356037015.59
2026-02-02 19:00:00+00:00,78572.97,78694.32,78280.44,78339.28,244009189.9
2026-02-02 20:00:00+00:00,78339.28,78665.13,77895.35,77999.91,300769921.35
2026-02-02 21:00:00+00:00,77999.91,78554.62,77921.56,78527.38,172194885.6
2026-02-02 22:00:00+00:00,78527.38,78852.62,78527.32,78796.79,124189430.31
2026-02-02 23:00:00+00:00,78796.79,78966.78,78565.79,78739.64,197488391.44
2026-02-03 00:00:00+00:00,78739.64,79102.91,78411.88,79072.61,240301087.91
2026-02-03 01:00:00+00:00,79072.61,79189.92,78719.57,79016.68,225354014.69
2026-02-03 02:00:00+00:00,79016.68,79016.88,77801.8,77810.07,247101425.25
2026-02-03 03:00:00+00:00,77810.07,78903.35,77655.93,78754.06,265957381.07
2026-02-03 04:00:00+00:00,78754.06,78994.57,78488.27,78805.05,172141176.03
2026-02-03 05:00:00+00:00,78805.05,78811.27,78222.15,78241.51,150030186.3
2026-02-03 06:00:00+00:00,78241.51,78667.63,77951.49,78594.62,257629476.36
2026-02-03 07:00:00+00:00,78594.62,78923.97,78489.48,78787.12,204646831.85
2026-02-03 08:00:00+00:00,78787.12,79081.43,78462.27,78744.9,212945353.11
2026-02-03 09:00:00+00:00,78744.9,78837.34,77942.63,78398.44,260571067.0
2026-02-03 10:00:00+00:00,78398.44,78558.29,78064.65,78118.0,128464601.12
2026-02-03 11:00:00+00:00,78118.0,78343.36,78000.59,78077.08,150659585.95
2026-02-03 12:00:00+00:00,78077.08,78412.24,77992.6,78325.98,256354321.26
2026-02-03 13:00:00+00:00,78325.98,78451.41,78188.47,78303.89,199005185.85
2026-02-03 14:00:00+00:00,78303.89,78430.02,77170.6,77200.8,496423780.43
2026-02-03 15:00:00+00:00,77200.8,78187.1,77052.62,78129.97,615508696.79
2026-02-03 16:00:00+00:00,78129.97,78132.37,76479.43,76488.49,684784166.6
2026-02-03 17:00:00+00:00,76488.49,76524.28,74878.94,74902.59,662165122.26
2026-02-03 18:00:00+00:00,74902.59,75299.81,73141.35,73143.92,1380598907.26
2026-02-03 19:00:00+00:00,73143.92,75243.66,72952.68,74935.32,773009277.88
2026-02-03 20:00:00+00:00,74935.32,76684.44,74587.58,76472.02,595825893.15
2026-02-03 21:00:00+00:00,76472.02,76955.83,76136.56,76240.37,294613892.54
2026-02-03 22:00:00+00:00,76240.37,76298.97,75412.17,75710.61,240228819.06
2026-02-03 23:00:00+00:00,75710.61,76000.54,75431.11,75771.61,240675564.21
2026-02-04 00:00:00+00:00,75771.61,76264.06,75467.32,75910.93,226675431.69
2026-02-04 01:00:00+00:00,75910.93,76784.59,75910.93,76428.86,271703942.49
2026-02-04 02:00:00+00:00,76428.86,76610.01,75718.1,75966.85,216945862.46
2026-02-04 03:00:00+00:00,75966.85,76971.84,75911.7,76701.35,278788695.24
2026-02-04 04:00:00+00:00,76701.35,76831.52,76422.69,76485.29,116985740.09
2026-02-04 05:00:00+00:00,76485.29,76528.1,76108.46,76285.13,152087440.69
2026-02-04 06:00:00+00:00,76285.13,76785.02,76263.61,76653.17,135425613.42
2026-02-04 07:00:00+00:00,76653.17,76660.41,76340.8,76514.66,214373743.5
2026-02-04 08:00:00+00:00,76514.66,76599.86,76071.58,76587.14,198161033.99
2026-02-04 09:00:00+00:00,76587.14,76607.46,75967.85,76118.12,200660681.1
2026-02-04 10:00:00+00:00,76118.12,76334.21,76065.75,76299.53,155503350.99
2026-02-04 11:00:00+00:00,76299.53,76299.53,75671.37,76020.26,248576745.65
2026-02-04 12:00:00+00:00,76020.26,76264.34,76006.59,76181.34,229044631.17
2026-02-04 13:00:00+00:00,76181.34,76189.3,74863.85,74873.5,386641079.67
2026-02-04 14:00:00+00:00,74873.5,75746.49,74250.73,74350.32,600164355.44
2026-02-04 15:00:00+00:00,74350.32,75320.5,73794.78,74127.69,794731450.01
2026-02-04 16:00:00+00:00,74127.69,74238.45,73074.95,73637.2,617631748.48
2026-02-04 17:00:00+00:00,73637.2,73850.71,72204.58,72577.33,948234225.47
2026-02-04 18:00:00+00:00,72577.33,74134.74,72271.54,73426.58,705590178.25
2026-02-04 19:00:00+00:00,73426.58,74006.34,73040.72,73921.2,428527430.5
2026-02-04 20:00:00+00:00,73921.2,74145.55,73421.2,73510.31,277241768.82
2026-02-04 21:00:00+00:00,73510.31,73649.21,72207.9,72800.84,329530099.87
2026-02-04 22:00:00+00:00,72800.84,73683.96,71886.48,72542.88,423414499.25
2026-02-04 23:00:00+00:00,72542.88,73518.26,72465.57,73167.46,321855021.22
2026-02-05 00:00:00+00:00,73167.46,73322.72,72755.87,72865.55,240506143.71
2026-02-05 01:00:00+00:00,72865.55,73336.17,71993.52,72417.39,417551023.09
2026-02-05 02:00:00+00:00,72417.39,72846.1,71307.35,71462.86,590317719.05
2026-02-05 03:00:00+00:00,71462.86,71879.98,71154.94,71224.03,516896017.86
2026-02-05 04:00:00+00:00,71224.03,71430.17,70721.65,70883.71,629286794.82
2026-02-05 05:00:00+00:00,70883.71,71140.24,70144.13,70732.16,647688778.6
2026-02-05 06:00:00+00:00,70732.16,70983.53,70441.19,70948.0,358667539.08
2026-02-05 07:00:00+00:00,70948.0,71614.81,70642.83,70750.06,482731724.35
2026-02-05 08:00:00+00:00,70750.06,71540.88,70686.21,71051.87,344438245.12
2026-02-05 09:00:00+00:00,71051.87,71975.71,71047.37,71555.13,348384282.47
2026-02-05 10:00:00+00:00,71555.13,71728.77,70655.24,70857.55,289386144.07
2026-02-05 11:00:00+00:00,70857.55,71057.28,69927.75,70320.44,675975764.04
2026-02-05 12:00:00+00:00,70320.44,70599.88,69165.39,69567.39,833493914.16
2026-02-05 13:00:00+00:00,69567.39,69828.22,69262.26,69690.89,461367480.37
2026-02-05 14:00:00+00:00,69690.89,70854.35,69288.59,69405.57,677698612.58
2026-02-05 15:00:00+00:00,69405.57,69557.66,66779.6,67489.04,1967222692.89
2026-02-05 16:00:00+00:00,67489.04,68677.33,66951.71,68297.02,952027545.83
2026-02-05 17:00:00+00:00,68297.02,68356.23,66160.1,66181.77,965270806.17
2026-02-05 18:00:00+00:00,66181.77,66539.19,65386.96,66353.53,882082682.85
2026-02-05 19:00:00+00:00,66353.53,66627.52,65191.39,65263.97,653453274.54
2026-02-05 20:00:00+00:00,65263.97,65699.55,62387.2,63773.53,1853083651.22
2026-02-05 21:00:00+00:00,63773.53,64729.29,62891.23,63219.24,1055315439.6
2026-02-05 22:00:00+00:00,63219.24,64576.45,62690.39,63908.0,771561384.87
2026-02-05 23:00:00+00:00,63908.0,64907.39,62723.99,62910.53,779860120.46
2026-02-06 00:00:00+00:00,62910.53,63807.94,60260.99,63484.76,2160618780.61
2026-02-06 01:00:00+00:00,63484.76,65757.27,63484.55,65709.54,935443429.31
2026-02-06 02:00:00+00:00,65709.54,66007.09,64223.96,64987.84,675393158.49
2026-02-06 03:00:00+00:00,64987.84,65153.28,63771.64,64170.96,465755634.32
2026-02-06 04:00:00+00:00,64170.96,65003.3,63942.12,64913.47,368134329.46
2026-02-06 05:00:00+00:00,64913.47,66821.31,64802.2,66402.02,512519938.28
2026-02-06 06:00:00+00:00,66402.02,66786.88,64857.23,64986.53,663893481.02
2026-02-06 07:00:00+00:00,64986.53,65542.7,64652.73,64848.24,731521031.59
2026-02-06 08:00:00+00:00,64848.24,65200.26,64507.73,64894.23,533082025.51
2026-02-06 09:00:00+00:00,64894.23,66162.33,64764.46,65798.81,494276489.58
2026-02-06 10:00:00+00:00,65798.81,66215.8,65552.19,65965.27,366813894.8
2026-02-06 11:00:00+00:00,65965.27,66746.45,65773.08,66630.95,428697610.32
2026-02-06 12:00:00+00:00,66630.95,66630.95,66115.78,66560.59,349971165.97
2026-02-06 13:00:00+00:00,66560.59,67684.88,66479.9,67316.77,665897284.85
2026-02-06 14:00:00+00:00,67316.77,68640.04,66642.62,68192.49,960297673.16
2026-02-06 15:00:00+00:00,68192.49,69190.7,67777.08,68626.03,1018385176.69
2026-02-06 16:00:00+00:00,68626.03,70222.04,68449.51,69949.96,1017739857.73
2026-02-06 17:00:00+00:00,69949.96,71498.15,69594.21,70754.73,924556300.87
2026-02-06 18:00:00+00:00,70754.73,70807.31,69348.09,69776.57,647793157.9
2026-02-06 19:00:00+00:00,69776.57,70951.05,69664.37,70732.63,425702572.27
2026-02-06 20:00:00+00:00,70732.63,70991.26,70001.74,70002.5,422997414.03
2026-02-06 21:00:00+00:00,70002.5,70504.31,69843.93,70359.78,274746954.47
2026-02-06 22:00:00+00:00,70359.78,71571.53,70283.75,71351.54,307563533.09
2026-02-06 23:00:00+00:00,71351.54,71742.29,70506.2,70575.81,297139151.49
2026-02-07 00:00:00+00:00,70575.81,70590.19,69718.16,69957.55,376857065.61
2026-02-07 01:00:00+00:00,69957.55,70677.9,69749.11,70479.32,244090984.59
2026-02-07 02:00:00+00:00,70479.32,70623.16,70152.04,70358.75,157853150.44
2026-02-07 03:00:00+00:00,70358.75,70924.09,70277.4,70916.43,226134537.4
2026-02-07 04:00:00+00:00,70916.43,71687.71,70605.06,70765.65,364657051.42
2026-02-07 05:00:00+00:00,70765.65,71185.41,69923.64,70163.14,414451370.37
2026-02-07 06:00:00+00:00,70163.14,70314.07,68758.48,68769.14,563183878.05
2026-02-07 07:00:00+00:00,68769.14,69086.32,67347.27,68094.26,1060813915.71
2026-02-07 08:00:00+00:00,68094.26,68788.6,67765.2,68500.68,487311254.96
2026-02-07 09:00:00+00:00,68500.68,68766.99,67896.69,68142.21,420958273.8
2026-02-07 10:00:00+00:00,68142.21,68297.93,67609.31,67995.0,353678717.5
2026-02-07 11:00:00+00:00,67995.0,68156.2,67702.42,67975.31,244018299.78
2026-02-07 12:00:00+00:00,67975.31,69964.98,67909.41,69025.58,732592517.89
2026-02-07 13:00:00+00:00,69025.58,69364.59,68824.33,69096.07,330481255.64
2026-02-07 14:00:00+00:00,69096.07,69188.62,68393.29,68646.72,355664131.77
2026-02-07 15:00:00+00:00,68646.72,69758.33,68588.18,69155.09,466748985.8
2026-02-07 16:00:00+00:00,69155.09,69756.78,68835.82,68963.64,842979182.4
2026-02-07 17:00:00+00:00,68963.64,69414.16,68579.69,69190.24,238900614.4
2026-02-07 18:00:00+00:00,69190.24,69693.92,69011.59,69517.26,172545956.97
2026-02-07 19:00:00+00:00,69517.26,69581.39,69269.43,69373.72,140089616.88
2026-02-07 20:00:00+00:00,69373.72,69722.17,69254.96,69631.39,100183265.71
2026-02-07 21:00:00+00:00,69631.39,69700.13,69355.31,69499.39,99035698.24
2026-02-07 22:00:00+00:00,69499.39,69709.12,69323.59,69400.9,83517832.36
2026-02-07 23:00:00+00:00,69400.9,69459.95,68783.65,69288.4,151567679.35
2026-02-08 00:00:00+00:00,69288.4,69432.77,68889.82,69136.14,130011887.93
2026-02-08 01:00:00+00:00,69136.14,69500.49,69095.69,69382.41,99516050.17
2026-02-08 02:00:00+00:00,69382.41,69698.27,69169.2,69373.04,123563201.81
2026-02-08 03:00:00+00:00,69373.04,69437.47,69069.26,69101.68,115769650.27
2026-02-08 04:00:00+00:00,69101.68,69364.45,68968.26,69343.72,89542242.59
2026-02-08 05:00:00+00:00,69343.72,69422.86,69147.72,69223.1,96217538.11
2026-02-08 06:00:00+00:00,69223.1,69449.6,69092.36,69359.12,176215624.54
2026-02-08 07:00:00+00:00,69359.12,69713.29,69220.28,69705.68,181825789.85
2026-02-08 08:00:00+00:00,69705.68,70791.23,69517.6,70661.61,376081494.11
2026-02-08 09:00:00+00:00,70661.61,70710.1,70098.59,70107.66,183897991.68
2026-02-08 10:00:00+00:00,70107.66,70450.23,69893.01,70264.34,204173401.46
2026-02-08 11:00:00+00:00,70264.34,71213.25,70216.72,70993.68,265255920.84
2026-02-08 12:00:00+00:00,70993.68,71270.38,70706.51,71248.49,196601375.58
2026-02-08 13:00:00+00:00,71248.49,71513.34,70976.09,71511.52,230048855.91
2026-02-08 14:00:00+00:00,71511.52,71554.15,71101.15,71260.21,182736289.8
2026-02-08 15:00:00+00:00,71260.21,71460.18,70784.94,71186.74,231457440.65
2026-02-08 16:00:00+00:00,71186.74,71257.12,70256.04,70419.51,249100061.08
2026-02-08 17:00:00+00:00,70419.51,70875.87,70413.88,70787.06,153278486.95
2026-02-08 18:00:00+00:00,70787.06,71415.52,70752.13,71147.6,160703663.02
2026-02-08 19:00:00+00:00,71147.6,71523.88,71145.18,71422.63,105879787.68
2026-02-08 20:00:00+00:00,71422.63,71425.8,70706.37,70838.89,148107785.54
2026-02-08 21:00:00+00:00,70838.89,71130.96,70539.99,70702.26,125791912.89
2026-02-08 22:00:00+00:00,70702.26,71099.93,70660.78,71064.76,105610986.93
2026-02-08 23:00:00+00:00,71064.76,72270.19,69999.02,70329.1,595546349.92
2026-02-09 00:00:00+00:00,70329.1,70775.67,70120.91,70500.25,215999685.92
2026-02-09 01:00:00+00:00,70500.25,70923.41,70066.36,70367.87,246588790.17
2026-02-09 02:00:00+00:00,70367.87,71000.48,70218.29,70628.89,190287972.17
2026-02-09 03:00:00+00:00,70628.89,71440.19,70613.68,71305.74,232570709.62
2026-02-09 04:00:00+00:00,71305.74,71354.88,70923.82,71001.27,130719202.75
2026-02-09 05:00:00+00:00,71001.27,71108.73,70805.62,71044.86,116189961.42
2026-02-09 06:00:00+00:00,71044.86,71044.86,70314.61,70663.21,169084312.24
2026-02-09 07:00:00+00:00,70663.21,70896.5,70350.28,70421.25,204507356.74
2026-02-09 08:00:00+00:00,70421.25,70607.96,69399.11,69878.59,359549821.45
2026-02-09 09:00:00+00:00,69878.59,70116.99,69477.59,69628.84,221016150.28
2026-02-09 10:00:00+00:00,69628.84,69726.89,68424.1,68731.03,375985239.75
2026-02-09 11:00:00+00:00,68731.03,69020.64,68585.18,68927.5,240338447.02
2026-02-09 12:00:00+00:00,68927.5,69247.34,68859.03,69143.25,203006350.95
2026-02-09 13:00:00+00:00,69143.25,69297.73,68595.32,68596.07,200543342.59
2026-02-09 14:00:00+00:00,68596.07,69714.95,68314.18,69272.35,476354809.24
2026-02-09 15:00:00+00:00,69272.35,69871.84,68808.01,69575.99,470412616.59
2026-02-09 16:00:00+00:00,69575.99,70416.79,69100.88,70093.16,374805667.58
2026-02-09 17:00:00+00:00,70093.16,70935.0,69876.81,70613.94,452280117.95
2026-02-09 18:00:00+00:00,70613.94,71010.0,70090.31,70418.62,273804755.85
2026-02-09 19:00:00+00:00,70418.62,71072.43,70262.28,70960.0,204344805.61
2026-02-09 20:00:00+00:00,70960.0,71127.31,70500.02,70742.44,217423797.53
2026-02-09 21:00:00+00:00,70742.44,70799.65,69827.49,70405.57,223922920.34
2026-02-09 22:00:00+00:00,70405.57,70722.7,70277.0,70376.98,460367373.27
2026-02-09 23:00:00+00:00,70376.98,70574.15,70087.11,70137.68,192062185.46
2026-02-10 00:00:00+00:00,70137.68,70253.68,69750.51,69828.72,157457081.76
2026-02-10 01:00:00+00:00,69828.72,70522.78,69828.72,70487.6,156944794.26
2026-02-10 02:00:00+00:00,70487.6,70487.61,69993.44,70107.22,127468629.08
2026-02-10 03:00:00+00:00,70107.22,70166.41,69224.04,69512.78,244251209.95
2026-02-10 04:00:00+00:00,69512.78,69902.96,69490.86,69833.23,148706106.24
2026-02-10 05:00:00+00:00,69833.23,69846.32,69216.26,69449.5,145112983.4
2026-02-10 06:00:00+00:00,69449.5,69496.2,68694.34,68919.03,267031885.63
2026-02-10 07:00:00+00:00,68919.03,69212.39,68850.61,68921.63,183535058.41
2026-02-10 08:00:00+00:00,68921.63,69221.95,68728.42,69138.38,174424090.48
2026-02-10 09:00:00+00:00,69138.38,69412.47,68973.55,69146.91,167803723.79
2026-02-10 10:00:00+00:00,69146.91,69258.97,68924.31,68924.31,118379133.26
2026-02-10 11:00:00+00:00,68924.31,69082.25,68461.95,68534.79,225695147.56
2026-02-10 12:00:00+00:00,68534.79,68854.2,68441.67,68611.39,190299204.5
2026-02-10 13:00:00+00:00,68611.39,69133.11,68397.72,69028.81,230541630.12
2026-02-10 14:00:00+00:00,69028.81,69586.18,67922.37,68458.35,527282961.34
2026-02-10 15:00:00+00:00,68458.35,69513.12,68294.25,69291.65,411101145.95
2026-02-10 16:00:00+00:00,69291.65,69803.56,68944.94,69516.36,288925567.46
2026-02-10 17:00:00+00:00,69516.36,69992.78,69312.84,69924.0,204570705.08
2026-02-10 18:00:00+00:00,69924.0,69936.2,68616.47,68898.53,235861673.69
2026-02-10 19:00:00+00:00,68898.53,69305.95,68699.03,69067.77,200171450.25
2026-02-10 20:00:00+00:00,69067.77,69141.13,68628.99,68761.43,152142463.28
2026-02-10 21:00:00+00:00,68761.43,69007.55,68359.79,68658.11,150066662.7
2026-02-10 22:00:00+00:00,68658.11,68862.48,68566.25,68705.46,90716485.64
2026-02-10 23:00:00+00:00,68705.46,68858.32,68511.64,68840.87,84727706.58
2026-02-11 00:00:00+00:00,68840.87,69241.41,68783.86,69194.64,120729849.58
2026-02-11 01:00:00+00:00,69194.64,69294.31,68914.43,68980.63,95910752.2
2026-02-11 02:00:00+00:00,68980.63,69166.86,68610.76,68679.78,131050771.24
2026-02-11 03:00:00+00:00,68679.78,68749.86,68013.32,68186.51,197910337.63
2026-02-11 04:00:00+00:00,68186.51,68322.96,67366.84,67586.87,308558828.89
2026-02-11 05:00:00+00:00,67586.87,67804.99,67398.31,67405.75,181620201.66
2026-02-11 06:00:00+00:00,67405.75,67494.08,66561.03,66795.69,350716300.16
2026-02-11 07:00:00+00:00,66795.69,67258.0,66654.25,67035.18,265484967.19
2026-02-11 08:00:00+00:00,67035.18,67127.91,66797.66,66984.5,192904372.73
2026-02-11 09:00:00+00:00,66984.5,67109.49,66721.84,66877.89,168157148.61
2026-02-11 10:00:00+00:00,66877.89,66891.7,66378.84,66536.56,269779422.1
2026-02-11 11:00:00+00:00,66536.56,67108.95,66527.67,67060.61,186093066.33
2026-02-11 12:00:00+00:00,67060.61,67427.57,66964.77,67135.17,235958505.33
2026-02-11 13:00:00+00:00,67135.17,67657.98,66809.23,67453.76,392441936.77
2026-02-11 14:00:00+00:00,67453.76,68712.23,66444.48,66586.88,683302516.03
2026-02-11 15:00:00+00:00,66586.88,66810.5,65757.42,66519.72,604458440.15
2026-02-11 16:00:00+00:00,66519.72,67247.19,65953.22,66040.11,373683502.22
2026-02-11 17:00:00+00:00,66040.11,66918.79,65879.23,66518.62,252263180.36
2026-02-11 18:00:00+00:00,66518.62,67303.52,66154.04,67274.92,225574055.06
2026-02-11 19:00:00+00:00,67274.92,67858.65,67111.15,67586.77,260979159.96
2026-02-11 20:00:00+00:00,67586.77,67755.45,67185.97,67553.67,157746455.03
2026-02-11 21:00:00+00:00,67553.67,68345.63,67418.59,67809.07,303934370.87
2026-02-11 22:00:00+00:00,67809.07,67869.11,67385.66,67422.5,105261676.81
2026-02-11 23:00:00+00:00,67422.5,67558.42,66789.91,67082.71,175979481.02
2026-02-12 00:00:00+00:00,67082.71,67698.89,67054.3,67463.46,159033753.65
2026-02-12 01:00:00+00:00,67463.46,68043.57,67463.46,67696.98,182102492.36
2026-02-12 02:00:00+00:00,67696.98,67796.7,67417.03,67437.0,141180314.55
2026-02-12 03:00:00+00:00,67437.0,67594.01,67309.89,67582.61,91487088.25
2026-02-12 04:00:00+00:00,67582.61,67680.36,67000.13,67020.35,129189978.31
2026-02-12 05:00:00+00:00,67020.35,67206.59,66672.26,67141.06,161637827.01
2026-02-12 06:00:00+00:00,67141.06,67355.5,67013.59,67123.34,134974769.86
2026-02-12 07:00:00+00:00,67123.34,67329.02,66936.19,67215.78,136956560.34
2026-02-12 08:00:00+00:00,67215.78,67336.96,66895.21,67137.23,145420768.03
2026-02-12 09:00:00+00:00,67137.23,67694.22,67050.61,67553.46,152121843.84
2026-02-12 10:00:00+00:00,67553.46,68027.81,67409.81,68015.48,164171847.87
2026-02-12 11:00:00+00:00,68015.48,68287.92,67742.93,68081.98,246454813.73
2026-02-12 12:00:00+00:00,68081.98,68155.36,67721.51,67863.49,154746323.99
2026-02-12 13:00:00+00:00,67863.49,68396.08,67683.3,68375.53,203478660.02
2026-02-12 14:00:00+00:00,68375.53,68401.63,67497.97,67591.61,318261672.25
2026-02-12 15:00:00+00:00,67591.61,67998.3,67036.47,67132.75,388474780.65
2026-02-12 16:00:00+00:00,67132.75,67231.1,65555.81,65859.12,625082767.91
2026-02-12 17:00:00+00:00,65859.12,66262.81,65366.67,65407.2,370796461.53
2026-02-12 18:00:00+00:00,65407.2,65792.77,65114.75,65589.48,296645876.22
2026-02-12 19:00:00+00:00,65589.48,66119.54,65273.35,65791.02,214303065.99
2026-02-12 20:00:00+00:00,65791.02,66039.47,65218.68,65427.63,201645844.27
2026-02-12 21:00:00+00:00,65427.63,65898.11,65427.11,65847.44,127903357.44
2026-02-12 22:00:00+00:00,65847.44,66394.33,65646.04,66288.58,114253409.05
2026-02-12 23:00:00+00:00,66288.58,66488.11,66165.53,66270.7,155874619.38
2026-02-13 00:00:00+00:00,66270.7,66524.44,65873.34,65920.09,151481025.24
2026-02-13 01:00:00+00:00,65920.09,66617.12,65920.02,66451.73,154130814.03
2026-02-13 02:00:00+00:00,66451.73,66759.25,66385.2,66666.37,107885206.41
2026-02-13 03:00:00+00:00,66666.37,66802.74,66461.76,66554.01,150597921.21
2026-02-13 04:00:00+00:00,66554.01,66671.83,66312.0,66330.88,120144285.01
2026-02-13 05:00:00+00:00,66330.88,66502.71,66182.67,66182.67,126078383.21
2026-02-13 06:00:00+00:00,66182.67,66397.63,66005.48,66364.61,152066595.21
2026-02-13 07:00:00+00:00,66364.61,66568.64,66050.51,66211.82,189969582.47
2026-02-13 08:00:00+00:00,66211.82,66746.15,66193.38,66699.42,204161410.27
2026-02-13 09:00:00+00:00,66699.42,67061.79,66614.9,66961.18,223554936.24
2026-02-13 10:00:00+00:00,66961.18,67114.51,66803.77,66980.8,144033722.05
2026-02-13 11:00:00+00:00,66980.8,67222.49,66787.21,67171.88,170215452.78
2026-02-13 12:00:00+00:00,67171.88,67208.45,66923.17,67083.83,138641406.55
2026-02-13 13:00:00+00:00,67083.83,67614.39,66942.08,67272.54,325486209.12
2026-02-13 14:00:00+00:00,67272.54,68018.28,66866.94,67732.39,407745335.23
2026-02-13 15:00:00+00:00,67732.39,69303.55,67694.91,68696.0,681398045.06
2026-02-13 16:00:00+00:00,68696.0,69463.96,68543.32,68955.92,377307938.76
2026-02-13 17:00:00+00:00,68955.92,69241.53,68638.22,69042.82,221333324.74
2026-02-13 18:00:00+00:00,69042.82,69405.93,68904.9,69127.16,217693874.24
2026-02-13 19:00:00+00:00,69127.16,69232.3,68921.36,68936.96,133945351.75
2026-02-13 20:00:00+00:00,68936.96,68969.49,68682.37,68778.73,139009272.0
2026-02-13 21:00:00+00:00,68778.73,69077.97,68744.51,68902.49,100909892.18
2026-02-13 22:00:00+00:00,68902.49,69001.58,68728.99,68995.66,99898917.68
2026-02-13 23:00:00+00:00,68995.66,69003.63,68834.17,68851.42,77783840.23
2026-02-14 00:00:00+00:00,68851.42,69138.02,68767.61,69040.6,97374821.85
2026-02-14 01:00:00+00:00,69040.6,69109.01,68924.01,68961.97,90414623.36
2026-02-14 02:00:00+00:00,68961.97,69007.97,68853.52,68881.51,71218711.53
2026-02-14 03:00:00+00:00,68881.51,69021.88,68851.07,68975.74,66315902.6
2026-02-14 04:00:00+00:00,68975.74,68993.29,68791.95,68793.49,64954912.77
2026-02-14 05:00:00+00:00,68793.49,68907.02,68758.37,68773.77,77193150.07
2026-02-14 06:00:00+00:00,68773.77,68934.84,68732.76,68934.18,101476595.81
2026-02-14 07:00:00+00:00,68934.18,69341.37,68888.18,69217.56,162784711.86
2026-02-14 08:00:00+00:00,69217.56,69871.69,69214.68,69745.49,259462969.13
2026-02-14 09:00:00+00:00,69745.49,69899.41,69568.57,69714.14,108259487.76
2026-02-14 10:00:00+00:00,69714.14,69714.15,69583.51,69671.81,69994595.51
2026-02-14 11:00:00+00:00,69671.81,70554.67,69671.8,70507.16,297163025.66
2026-02-14 12:00:00+00:00,70507.16,70529.13,69630.48,69639.76,283571780.12
2026-02-14 13:00:00+00:00,69639.76,69771.51,69212.22,69465.8,452702884.98
2026-02-14 14:00:00+00:00,69465.8,69859.08,69298.05,69707.68,249286228.9
2026-02-14 15:00:00+00:00,69707.68,70047.39,69566.19,69784.2,144609915.27
2026-02-14 16:00:00+00:00,69784.2,69814.57,69291.89,69758.59,170090262.83
2026-02-14 17:00:00+00:00,69758.59,69927.97,69613.14,69740.33,113707265.23
2026-02-14 18:00:00+00:00,69740.33,69859.52,69673.74,69767.51,65714560.71
2026-02-14 19:00:00+00:00,69767.51,69916.12,69620.46,69872.38,66100483.89
2026-02-14 20:00:00+00:00,69872.38,70029.79,69737.11,70023.39,88062972.49
2026-02-14 21:00:00+00:00,70023.39,70250.73,69671.87,69934.84,139230939.48
2026-02-14 22:00:00+00:00,69934.84,70098.77,69785.67,69965.51,66544392.58
2026-02-14 23:00:00+00:00,69965.51,70023.41,69724.75,69821.31,74711292.25
2026-02-15 00:00:00+00:00,69821.31,69857.9,69603.26,69778.04,73327434.76
2026-02-15 01:00:00+00:00,69778.04,69905.21,69352.3,69714.16,103835196.14
2026-02-15 02:00:00+00:00,69714.16,69753.3,69355.86,69486.55,83519973.03
2026-02-15 03:00:00+00:00,69486.55,69991.6,69252.97,69955.53,162733110.15
2026-02-15 04:00:00+00:00,69955.53,70517.61,69790.33,70184.38,328841018.37
2026-02-15 05:00:00+00:00,70184.38,70470.44,70131.04,70269.02,115964130.14
2026-02-15 06:00:00+00:00,70269.02,70534.26,70185.34,70402.82,88401332.15
2026-02-15 07:00:00+00:00,70402.82,70925.48,70307.66,70822.94,225033532.54
2026-02-15 08:00:00+00:00,70822.94,70975.4,70186.47,70443.07,191979091.24
2026-02-15 09:00:00+00:00,70443.07,70664.34,70370.73,70419.36,86465674.99
2026-02-15 10:00:00+00:00,70419.36,70523.09,70212.1,70428.62,88221810.65
2026-02-15 11:00:00+00:00,70428.62,70541.24,70272.34,70299.14,81531929.74
2026-02-15 12:00:00+00:00,70299.14,70417.23,69318.22,69318.22,231255919.55
2026-02-15 13:00:00+00:00,69318.22,69621.14,68778.14,68936.06,351737322.3
2026-02-15 14:00:00+00:00,68936.06,69218.34,68851.02,69172.17,150997540.23
2026-02-15 15:00:00+00:00,69172.17,69257.98,68890.92,69099.74,102875751.92
2026-02-15 16:00:00+00:00,69099.74,69100.27,68776.75,69019.15,194996090.13
2026-02-15 17:00:00+00:00,69019.15,69087.5,68217.15,68641.99,246807174.22
2026-02-15 18:00:00+00:00,68641.99,68792.58,68354.89,68450.94,370756739.62
2026-02-15 19:00:00+00:00,68450.94,68560.33,68064.64,68292.92,395020679.1
2026-02-15 20:00:00+00:00,68292.92,68557.98,68128.39,68451.77,107709304.55
2026-02-15 21:00:00+00:00,68451.77,68952.53,68451.77,68853.28,112007586.88
2026-02-15 22:00:00+00:00,68853.28,69080.44,68798.93,68998.94,96576082.51
2026-02-15 23:00:00+00:00,68998.94,68998.94,68333.39,68831.25,149556707.95
2026-02-16 00:00:00+00:00,68831.25,69065.76,68702.13,68847.9,108701773.41
2026-02-16 01:00:00+00:00,68847.9,69041.68,68453.97,68632.66,112352310.01
2026-02-16 02:00:00+00:00,68632.66,68732.88,68247.84,68323.92,146015621.16
2026-02-16 03:00:00+00:00,68323.92,68464.39,68151.83,68424.51,111792041.12
2026-02-16 04:00:00+00:00,68424.51,68891.81,68418.66,68868.96,99616706.18
2026-02-16 05:00:00+00:00,68868.96,68887.27,68294.42,68389.77,86489394.76
2026-02-16 06:00:00+00:00,68389.77,68529.67,68233.38,68453.37,67661698.24
2026-02-16 07:00:00+00:00,68453.37,68671.59,68379.01,68590.62,105831904.52
2026-02-16 08:00:00+00:00,68590.62,68800.67,68547.21,68765.45,79969100.18
2026-02-16 09:00:00+00:00,68765.45,69059.02,68754.44,68993.75,113728352.42
2026-02-16 10:00:00+00:00,68993.75,68993.76,68700.75,68798.17,80613553.9
2026-02-16 11:00:00+00:00,68798.17,68918.88,68343.75,68816.15,111279385.1
2026-02-16 12:00:00+00:00,68816.15,69840.61,68807.67,69760.21,374968238.59
2026-02-16 13:00:00+00:00,69760.21,70120.67,68230.28,68397.06,536081657.51
2026-02-16 14:00:00+00:00,68397.06,68708.62,68269.73,68425.14,246552851.67
2026-02-16 15:00:00+00:00,68425.14,68599.83,67299.04,67537.73,496735416.94
2026-02-16 16:00:00+00:00,67537.73,67971.64,67516.0,67887.97,241599135.88
2026-02-16 17:00:00+00:00,67887.97,68069.68,67605.83,67952.13,169634180.1
2026-02-16 18:00:00+00:00,67952.13,68242.85,67832.73,67860.68,123572848.09
2026-02-16 19:00:00+00:00,67860.68,68132.02,67831.32,67916.44,70872318.69
2026-02-16 20:00:00+00:00,67916.44,68551.15,67833.17,68527.98,125095423.7
2026-02-16 21:00:00+00:00,68527.98,68932.68,68428.17,68863.04,120906603.2
2026-02-16 22:00:00+00:00,68863.04,68878.35,68515.54,68593.85,111969564.83
2026-02-16 23:00:00+00:00,68593.85,68980.52,68540.28,68893.68,87475339.04
2026-02-17 00:00:00+00:00,68893.68,69014.32,68705.73,68879.31,100414727.14
2026-02-17 01:00:00+00:00,68879.31,68997.59,68567.64,68617.58,87112801.6
2026-02-17 02:00:00+00:00,68617.58,69225.44,68398.09,68840.33,120977870.19
2026-02-17 03:00:00+00:00,68840.33,68858.9,68473.37,68476.55,73827103.86
2026-02-17 04:00:00+00:00,68476.55,68705.62,68292.32,68481.31,64908147.21
2026-02-17 05:00:00+00:00,68481.31,68509.96,67898.95,68242.77,113314099.29
2026-02-17 06:00:00+00:00,68242.77,68515.37,68240.47,68405.39,49296623.76
2026-02-17 07:00:00+00:00,68405.39,68480.83,68171.2,68391.0,67067678.6
2026-02-17 08:00:00+00:00,68391.0,68479.29,68133.71,68177.16,79734442.21
2026-02-17 09:00:00+00:00,68177.16,68308.28,67995.78,68126.91,96915468.77
2026-02-17 10:00:00+00:00,68126.91,68194.94,67716.35,67845.51,123327172.43
2026-02-17 11:00:00+00:00,67845.51,67933.5,67692.23,67855.28,154612758.02
2026-02-17 12:00:00+00:00,67855.28,68303.22,67834.97,67920.42,172346393.42
2026-02-17 13:00:00+00:00,67920.42,68358.2,67747.48,68138.06,205303728.29
2026-02-17 14:00:00+00:00,68138.06,68338.91,66743.17,66877.46,471354768.04
2026-02-17 15:00:00+00:00,66877.46,67412.6,66635.49,67393.65,448869799.01
2026-02-17 16:00:00+00:00,67393.65,68149.0,67325.59,67521.56,357922994.66
2026-02-17 17:00:00+00:00,67521.56,67715.12,66888.19,67244.5,265397176.46
2026-02-17 18:00:00+00:00,67244.5,68213.34,67129.58,68094.25,247169456.64
2026-02-17 19:00:00+00:00,68094.25,68236.68,67732.49,67794.13,179517303.11
2026-02-17 20:00:00+00:00,67794.13,67923.88,67489.95,67766.92,144680264.87
2026-02-17 21:00:00+00:00,67766.92,67929.26,67536.54,67677.52,84329285.12
2026-02-17 22:00:00+00:00,67677.52,67785.21,67510.88,67528.58,64340428.29
2026-02-17 23:00:00+00:00,67528.58,67616.64,67391.97,67503.71,95529258.95
2026-02-18 00:00:00+00:00,67503.71,67625.87,67290.5,67303.77,80933190.19
2026-02-18 01:00:00+00:00,67303.77,67376.4,66895.38,67165.53,158455178.29
2026-02-18 02:00:00+00:00,67165.53,67420.03,67152.03,67336.18,74172820.1
2026-02-18 03:00:00+00:00,67336.18,67704.45,67333.09,67631.36,67000993.67
2026-02-18 04:00:00+00:00,67631.36,67899.2,67499.98,67821.41,78603365.66
2026-02-18 05:00:00+00:00,67821.41,67937.56,67605.25,67649.05,92265550.03
2026-02-18 06:00:00+00:00,67649.05,67973.9,67617.98,67848.79,50004250.4
2026-02-18 07:00:00+00:00,67848.79,68219.09,67700.91,68112.54,82384925.59
2026-02-18 08:00:00+00:00,68112.54,68468.64,68070.68,68131.07,123400600.69
2026-02-18 09:00:00+00:00,68131.07,68279.27,68010.43,68162.5,74151141.1
2026-02-18 10:00:00+00:00,68162.5,68184.89,67735.97,67799.23,95470017.52
2026-02-18 11:00:00+00:00,67799.23,67804.6,67080.79,67372.4,246021225.3
2026-02-18 12:00:00+00:00,67372.4,67686.44,67346.89,67461.57,137710450.47
2026-02-18 13:00:00+00:00,67461.57,67595.85,67056.66,67239.72,152184415.91
2026-02-18 14:00:00+00:00,67239.72,67364.03,66718.0,67223.64,314163641.68
2026-02-18 15:00:00+00:00,67223.64,68344.7,67192.73,67694.46,361379774.04
2026-02-18 16:00:00+00:00,67694.46,67702.16,66999.21,67141.6,263329982.89
2026-02-18 17:00:00+00:00,67141.6,67483.97,67057.8,67184.5,162213794.24
2026-02-18 18:00:00+00:00,67184.5,67226.41,66210.53,66367.2,309971333.93
2026-02-18 19:00:00+00:00,66367.2,66615.57,65868.08,66177.51,318666615.62
2026-02-18 20:00:00+00:00,66177.51,66538.82,66145.0,66265.7,186625830.23
2026-02-18 21:00:00+00:00,66265.7,66502.72,66092.89,66340.77,169689031.84
2026-02-18 22:00:00+00:00,66340.77,66478.21,66234.94,66406.37,70031899.34
2026-02-18 23:00:00+00:00,66406.37,66504.45,66276.38,66463.86,83669386.04
2026-02-19 00:00:00+00:00,66463.86,66597.26,66344.41,66447.02,69899910.95
2026-02-19 01:00:00+00:00,66447.02,66876.1,66445.94,66866.92,111764085.57
2026-02-19 02:00:00+00:00,66866.92,66961.07,66641.68,66838.56,92472962.87
2026-02-19 03:00:00+00:00,66838.56,66992.74,66726.73,66983.7,56440189.07
2026-02-19 04:00:00+00:00,66983.7,67071.7,66764.07,66808.53,78164083.1
2026-02-19 05:00:00+00:00,66808.53,66892.68,66691.36,66875.31,65837283.47
2026-02-19 06:00:00+00:00,66875.31,67291.85,66870.7,67147.97,103443629.75
2026-02-19 07:00:00+00:00,67147.97,67321.11,67032.52,67211.21,103487555.31
2026-02-19 08:00:00+00:00,67211.21,67211.26,66795.86,66966.75,126963375.81
2026-02-19 09:00:00+00:00,66966.75,67193.03,66761.84,66838.38,121201071.34
2026-02-19 10:00:00+00:00,66838.38,66960.33,66745.04,66842.21,85167329.83
2026-02-19 11:00:00+00:00,66842.21,66936.82,66480.26,66499.87,109827863.13
2026-02-19 12:00:00+00:00,66499.87,66682.18,66326.58,66519.05,133636575.48
2026-02-19 13:00:00+00:00,66519.05,66557.15,65770.9,65925.78,302879818.32
2026-02-19 14:00:00+00:00,65925.78,66667.64,65638.99,66420.98,377259553.39
2026-02-19 15:00:00+00:00,66420.98,66753.11,65968.85,66402.1,296769221.43
2026-02-19 16:00:00+00:00,66402.1,66517.11,65900.98,66298.3,224497462.74
2026-02-19 17:00:00+00:00,66298.3,67053.1,66176.93,66369.0,242366746.62
2026-02-19 18:00:00+00:00,66369.0,67075.56,66242.7,67030.73,237004062.96
2026-02-19 19:00:00+00:00,67030.73,67198.56,66700.77,67051.88,193005601.51
2026-02-19 20:00:00+00:00,67051.88,67169.17,66828.71,67130.4,130711481.45
2026-02-19 21:00:00+00:00,67130.4,67167.2,66906.0,66922.88,75264612.65
2026-02-19 22:00:00+00:00,66922.88,67000.58,66656.24,66916.4,125969313.39
2026-02-19 23:00:00+00:00,66916.4,67023.76,66823.18,67001.84,80786618.15
2026-02-20 00:00:00+00:00,67001.84,67471.12,66951.37,67229.59,155280323.6
2026-02-20 01:00:00+00:00,67229.59,67353.77,67150.63,67277.14,85045104.58
2026-02-20 02:00:00+00:00,67277.14,67345.52,67181.12,67242.53,77025325.17
2026-02-20 03:00:00+00:00,67242.53,67487.15,67241.89,67362.96,100603206.14
2026-02-20 04:00:00+00:00,67362.96,67387.26,67117.2,67262.45,114684498.6
2026-02-20 05:00:00+00:00,67262.45,68012.59,67200.99,67786.87,270206484.94
2026-02-20 06:00:00+00:00,67786.87,67895.62,67665.31,67844.4,134578365.27
2026-02-20 07:00:00+00:00,67844.4,67992.58,67771.18,67826.11,113836955.15
2026-02-20 08:00:00+00:00,67826.11,67951.05,67753.58,67880.37,114731231.07
2026-02-20 09:00:00+00:00,67880.37,68225.18,67880.22,68211.54,225673574.39
2026-02-20 10:00:00+00:00,68211.54,68315.32,67867.32,67944.88,170729545.68
2026-02-20 11:00:00+00:00,67944.88,67978.88,67287.27,67325.85,282301748.52
2026-02-20 12:00:00+00:00,67325.85,67592.98,67281.14,67542.16,176707473.31
2026-02-20 13:00:00+00:00,67542.16,67542.4,66433.88,66809.04,830188154.64
2026-02-20 14:00:00+00:00,66809.04,67320.96,66630.03,67074.34,686720825.12
2026-02-20 15:00:00+00:00,67074.34,68021.15,66546.68,67581.85,740002172.59
2026-02-20 16:00:00+00:00,67581.85,67917.09,67291.23,67797.21,389963759.13
2026-02-20 17:00:00+00:00,67797.21,67797.23,66956.16,67611.92,821658917.72
2026-02-20 18:00:00+00:00,67611.92,68002.14,67465.21,67925.88,305458008.73
2026-02-20 19:00:00+00:00,67925.88,68003.84,67548.76,67645.05,173007998.61
2026-02-20 20:00:00+00:00,67645.05,67851.1,67522.52,67751.58,466116540.47
2026-02-20 21:00:00+00:00,67751.58,67838.53,67636.54,67822.75,148840042.41
2026-02-20 22:00:00+00:00,67822.75,68108.29,67641.11,68079.62,153580850.17
2026-02-20 23:00:00+00:00,68079.62,68231.29,67915.93,68018.75,129323798.76
2026-02-21 00:00:00+00:00,68018.75,68047.72,67796.55,67834.58,101611114.27
2026-02-21 01:00:00+00:00,67834.58,68003.2,67834.56,67949.95,55465560.76
2026-02-21 02:00:00+00:00,67949.95,68094.61,67910.24,68003.71,51021442.29
2026-02-21 03:00:00+00:00,68003.71,68003.78,67537.18,67664.55,129715533.7
2026-02-21 04:00:00+00:00,67664.55,67844.9,67592.57,67818.05,59049605.95
2026-02-21 05:00:00+00:00,67818.05,67885.58,67800.18,67853.13,54628960.68
2026-02-21 06:00:00+00:00,67853.13,67921.42,67757.47,67792.78,66115401.42
2026-02-21 07:00:00+00:00,67792.78,67881.9,67751.85,67855.96,42651734.45
2026-02-21 08:00:00+00:00,67855.96,68079.19,67810.97,68054.47,78644343.03
2026-02-21 09:00:00+00:00,68054.47,68305.95,67980.11,68146.42,141109890.82
2026-02-21 10:00:00+00:00,68146.42,68243.74,68141.42,68211.02,68603962.08
2026-02-21 11:00:00+00:00,68211.02,68280.33,68083.55,68091.94,104090811.46
2026-02-21 12:00:00+00:00,68091.94,68216.53,67920.54,68207.09,84208059.66
2026-02-21 13:00:00+00:00,68207.09,68261.36,68109.66,68257.61,63138654.84
2026-02-21 14:00:00+00:00,68257.61,68622.87,68183.81,68449.33,249012632.95
2026-02-21 15:00:00+00:00,68449.33,68697.9,68420.11,68612.82,140057292.37
2026-02-21 16:00:00+00:00,68612.82,68628.89,68102.01,68324.3,201578682.32
2026-02-21 17:00:00+00:00,68324.3,68465.86,68199.65,68438.12,92151189.34
2026-02-21 18:00:00+00:00,68438.12,68645.18,68385.01,68575.31,104363517.48
2026-02-21 19:00:00+00:00,68575.31,68662.04,68527.15,68548.8,75193515.95
2026-02-21 20:00:00+00:00,68548.8,68601.75,68206.71,68217.27,166061180.46
2026-02-21 21:00:00+00:00,68217.27,68391.68,68185.63,68384.87,67798370.04
2026-02-21 22:00:00+00:00,68384.87,68430.84,67923.49,67971.5,174052743.63
2026-02-21 23:00:00+00:00,67971.5,68120.84,67943.37,67977.11,93433489.83
2026-02-22 00:00:00+00:00,67977.11,68060.94,67808.99,67943.98,99906575.92
2026-02-22 01:00:00+00:00,67943.98,68173.0,67941.77,68160.63,82467228.96
2026-02-22 02:00:00+00:00,68160.63,68225.68,67875.33,67910.3,101961942.19
2026-02-22 03:00:00+00:00,67910.3,68063.66,67830.53,68042.17,112687425.18
2026-02-22 04:00:00+00:00,68042.17,68084.83,67971.9,67986.03,112641306.43
2026-02-22 05:00:00+00:00,67986.03,68015.16,67884.07,67978.45,79807803.68
2026-02-22 06:00:00+00:00,67978.45,68175.14,67972.1,68040.76,90715790.3
2026-02-22 07:00:00+00:00,68040.76,68095.6,67993.62,68006.26,66760498.38
2026-02-22 08:00:00+00:00,68006.26,68017.94,67913.54,67952.05,58901828.15
2026-02-22 09:00:00+00:00,67952.05,68098.38,67949.33,68056.96,61204429.18
2026-02-22 10:00:00+00:00,68056.96,68151.62,68014.95,68129.09,60990081.12
2026-02-22 11:00:00+00:00,68129.09,68246.29,68129.06,68214.44,59505846.44
2026-02-22 12:00:00+00:00,68214.44,68230.47,67876.1,67932.84,107008771.83
2026-02-22 13:00:00+00:00,67932.84,68041.06,67576.22,67651.32,218799051.37
2026-02-22 14:00:00+00:00,67651.32,67683.86,67354.69,67448.0,207249782.66
2026-02-22 15:00:00+00:00,67448.0,67814.34,67310.04,67684.93,184498652.14
2026-02-22 16:00:00+00:00,67684.93,67725.04,67516.6,67631.23,92093679.52
2026-02-22 17:00:00+00:00,67631.23,67633.12,67190.57,67382.46,171450008.53
2026-02-22 18:00:00+00:00,67382.46,67460.09,67315.27,67421.99,71103356.67
2026-02-22 19:00:00+00:00,67421.99,67480.55,67405.39,67426.29,64293621.62
2026-02-22 20:00:00+00:00,67426.29,67487.54,67348.02,67398.74,100613768.7
2026-02-22 21:00:00+00:00,67398.74,67633.93,67398.73,67610.45,70698478.41
2026-02-22 22:00:00+00:00,67610.45,67748.67,67482.13,67665.57,92956502.87
2026-02-22 23:00:00+00:00,67665.57,67723.72,67468.78,67641.63,101270335.16
2026-02-23 00:00:00+00:00,67641.63,67681.59,66718.36,66736.82,197547118.07
2026-02-23 01:00:00+00:00,66736.82,66736.82,64375.15,64428.56,1150323764.5
2026-02-23 02:00:00+00:00,64428.56,64915.01,64331.29,64786.14,354553765.48
2026-02-23 03:00:00+00:00,64786.14,65058.09,64702.38,64936.13,222132523.57
2026-02-23 04:00:00+00:00,64936.13,65029.74,64685.28,64812.63,153870033.1
2026-02-23 05:00:00+00:00,64812.63,65244.93,64807.6,65068.13,227234786.47
2026-02-23 06:00:00+00:00,65068.13,65802.86,65032.91,65756.1,244697131.21
2026-02-23 07:00:00+00:00,65756.1,66012.98,65660.59,65959.53,234606764.71
2026-02-23 08:00:00+00:00,65959.53,65959.53,65570.26,65678.61,195647797.86
2026-02-23 09:00:00+00:00,65678.61,66458.08,65677.38,66408.65,224383246.08
2026-02-23 10:00:00+00:00,66408.65,66601.59,66226.47,66321.42,171130195.36
2026-02-23 11:00:00+00:00,66321.42,66487.97,66112.8,66206.19,137772366.25
2026-02-23 12:00:00+00:00,66206.19,66507.16,65891.6,66279.18,221365267.73
2026-02-23 13:00:00+00:00,66279.18,66428.98,66105.56,66131.53,189390969.94
2026-02-23 14:00:00+00:00,66131.53,66264.66,65538.7,65924.28,313604053.81
2026-02-23 15:00:00+00:00,65924.28,66245.15,65579.06,65658.27,273351931.23
2026-02-23 16:00:00+00:00,65658.27,65721.31,65182.7,65363.34,316389457.3
2026-02-23 17:00:00+00:00,65363.34,65447.24,64153.76,64807.4,489084476.19
2026-02-23 18:00:00+00:00,64807.4,65179.27,64583.84,64632.32,256569701.34
2026-02-23 19:00:00+00:00,64632.32,64842.63,64087.98,64290.99,365505643.28
2026-02-23 20:00:00+00:00,64290.99,64486.05,63884.71,64473.18,276500563.83
2026-02-23 21:00:00+00:00,64473.18,64784.58,64459.77,64577.07,152446878.34
2026-02-23 22:00:00+00:00,64577.07,65019.29,64554.15,64722.58,231399220.04
2026-02-23 23:00:00+00:00,64722.58,64899.12,64532.79,64654.32,146613167.21
2026-02-24 00:00:00+00:00,64654.32,65010.41,64654.28,64940.7,111052538.0
2026-02-24 01:00:00+00:00,64940.7,64940.7,63443.38,64159.06,509135527.31
2026-02-24 02:00:00+00:00,64159.06,64499.11,63999.23,64109.45,180797189.42
2026-02-24 03:00:00+00:00,64109.45,64109.45,63353.86,63589.7,281625759.31
2026-02-24 04:00:00+00:00,63589.7,63629.15,62870.14,63376.64,399280052.63
2026-02-24 05:00:00+00:00,63376.64,63547.28,62709.37,63102.15,262362397.8
2026-02-24 06:00:00+00:00,63102.15,63320.24,62896.9,63081.0,167819098.66
2026-02-24 07:00:00+00:00,63081.0,63364.58,62915.26,63193.84,243528190.88
2026-02-24 08:00:00+00:00,63193.84,63434.46,63009.14,63395.16,173591846.29
2026-02-24 09:00:00+00:00,63395.16,63413.36,62934.99,63249.14,176146398.98
2026-02-24 10:00:00+00:00,63249.14,63368.92,63113.01,63281.19,125646650.52
2026-02-24 11:00:00+00:00,63281.19,63316.47,63065.2,63225.76,200518023.37
2026-02-24 12:00:00+00:00,63225.76,63343.93,62965.24,62968.1,176506674.71
2026-02-24 13:00:00+00:00,62968.1,63099.43,62574.21,62904.02,406108256.94
2026-02-24 14:00:00+00:00,62904.02,63834.98,62767.2,63455.81,361848021.29
2026-02-24 15:00:00+00:00,63455.81,64029.32,63310.36,63975.86,349847200.63
2026-02-24 16:00:00+00:00,63975.86,64423.85,63699.5,64266.79,371543190.64
2026-02-24 17:00:00+00:00,64266.79,64509.94,64044.29,64220.27,262584505.1
2026-02-24 18:00:00+00:00,64220.27,64496.86,63933.47,64430.73,199472209.04
2026-02-24 19:00:00+00:00,64430.73,64732.16,64247.21,64435.18,165539771.34
2026-02-24 20:00:00+00:00,64435.18,64586.16,64319.29,64469.72,114041416.41
2026-02-24 21:00:00+00:00,64469.72,64469.72,63841.77,64041.64,156435614.75
2026-02-24 22:00:00+00:00,64041.64,64227.2,63975.37,64118.12,83006856.71
2026-02-24 23:00:00+00:00,64118.12,64245.65,63851.89,64057.56,109256608.54
2026-02-25 00:00:00+00:00,64057.56,64317.0,63912.33,64220.84,96374596.65
2026-02-25 01:00:00+00:00,64220.84,66301.31,64147.75,65897.2,645178928.18
2026-02-25 02:00:00+00:00,65897.2,66308.28,65866.81,65883.61,309009747.87
2026-02-25 03:00:00+00:00,65883.61,65951.78,65350.93,65392.85,227284190.06
2026-02-25 04:00:00+00:00,65392.85,65651.01,65129.54,65458.74,214492202.97
2026-02-25 05:00:00+00:00,65458.74,65513.76,64757.9,64881.8,235585563.75
2026-02-25 06:00:00+00:00,64881.8,65123.97,64866.24,64895.1,142760661.31
2026-02-25 07:00:00+00:00,64895.1,65189.84,64782.15,65028.32,239852647.13
2026-02-25 08:00:00+00:00,65028.32,65583.03,64961.81,65524.07,232995537.18
2026-02-25 09:00:00+00:00,65524.07,65691.85,65422.29,65556.54,185339893.16
2026-02-25 10:00:00+00:00,65556.54,65646.56,65347.21,65399.39,121854064.17
2026-02-25 11:00:00+00:00,65399.39,65485.5,65201.84,65426.62,142703941.51
2026-02-25 12:00:00+00:00,65426.62,66237.89,65322.23,66066.89,281426301.9
2026-02-25 13:00:00+00:00,66066.89,66675.34,66019.46,66242.36,346511323.11
2026-02-25 14:00:00+00:00,66242.36,67004.46,66207.93,66970.6,522146078.79
2026-02-25 15:00:00+00:00,66970.6,67575.11,66716.44,67407.0,587218086.09
2026-02-25 16:00:00+00:00,67407.0,68319.68,67400.65,68292.8,566626045.68
2026-02-25 17:00:00+00:00,68292.8,68876.91,68025.3,68671.65,625402248.07
2026-02-25 18:00:00+00:00,68671.65,69550.22,68378.4,69327.15,540613682.62
2026-02-25 19:00:00+00:00,69327.15,69404.77,68778.34,69032.07,400594883.52
2026-02-25 20:00:00+00:00,69032.07,69370.62,68620.38,69137.84,333115697.02
2026-02-25 21:00:00+00:00,69137.84,69960.83,68776.73,68918.66,459901353.02
2026-02-25 22:00:00+00:00,68918.66,69176.29,68058.22,68446.22,302427890.07
2026-02-25 23:00:00+00:00,68446.22,68688.2,67599.42,67985.36,353294234.7
2026-02-26 00:00:00+00:00,67985.36,68535.75,67731.89,68335.62,343919675.65
2026-02-26 01:00:00+00:00,68335.62,68699.3,68210.6,68246.74,251684104.92
2026-02-26 02:00:00+00:00,68246.74,68348.89,67800.98,68257.87,249630119.09
2026-02-26 03:00:00+00:00,68257.87,68369.83,68048.25,68217.36,182256496.72
2026-02-26 04:00:00+00:00,68217.36,68850.01,68184.4,68569.61,171866703.66
2026-02-26 05:00:00+00:00,68569.61,68569.61,68126.17,68443.98,161491754.4
2026-02-26 06:00:00+00:00,68443.98,68521.79,68065.88,68178.69,172239006.01
2026-02-26 07:00:00+00:00,68178.69,68292.93,67822.46,67826.7,195114968.01
2026-02-26 08:00:00+00:00,67826.7,68239.23,67792.33,67952.3,248994310.98
2026-02-26 09:00:00+00:00,67952.3,68639.31,67937.13,68582.63,249375137.58
2026-02-26 10:00:00+00:00,68582.63,68717.63,68254.55,68299.71,161217136.82
2026-02-26 11:00:00+00:00,68299.71,68398.27,67976.08,68043.51,145220873.44
2026-02-26 12:00:00+00:00,68043.51,68297.09,68006.14,68166.66,173080523.99
2026-02-26 13:00:00+00:00,68166.66,68208.97,67847.28,67904.54,208227915.24
2026-02-26 14:00:00+00:00,67904.54,68269.34,67271.97,67698.74,466683262.44
2026-02-26 15:00:00+00:00,67698.74,67742.55,66763.72,67380.84,541399013.44
2026-02-26 16:00:00+00:00,67380.84,67560.68,66503.24,66645.84,450711440.49
2026-02-26 17:00:00+00:00,66645.84,67047.05,66616.85,66827.5,272272090.1
2026-02-26 18:00:00+00:00,66827.5,67376.17,66575.87,67306.87,291582296.55
2026-02-26 19:00:00+00:00,67306.87,67827.03,67292.13,67587.23,337519643.25
2026-02-26 20:00:00+00:00,67587.23,67823.79,67286.46,67413.5,211746411.01
2026-02-26 21:00:00+00:00,67413.5,67575.63,67148.21,67462.49,108029362.05
2026-02-26 22:00:00+00:00,67462.49,67625.85,67319.98,67572.23,81502464.24
2026-02-26 23:00:00+00:00,67572.23,67654.36,67394.63,67482.28,97529527.12
2026-02-27 00:00:00+00:00,67482.28,67536.8,67008.03,67226.71,154233048.38
2026-02-27 01:00:00+00:00,67226.71,67383.82,66884.98,67349.81,264856217.68
2026-02-27 02:00:00+00:00,67349.81,67537.54,67261.72,67262.62,164359287.55
2026-02-27 03:00:00+00:00,67262.62,67709.4,67098.1,67601.07,135805454.23
2026-02-27 04:00:00+00:00,67601.07,68215.6,67576.74,67743.32,276514966.1
2026-02-27 05:00:00+00:00,67743.32,67917.37,67674.92,67721.77,120993936.38
2026-02-27 06:00:00+00:00,67721.77,67820.86,67526.45,67655.73,99615216.4
2026-02-27 07:00:00+00:00,67655.73,67767.5,67460.76,67687.75,199577403.64
2026-02-27 08:00:00+00:00,67687.75,68073.8,67657.78,67931.91,177029944.99
2026-02-27 09:00:00+00:00,67931.91,68145.71,67289.69,67356.45,276179924.79
2026-02-27 10:00:00+00:00,67356.45,67418.99,66574.63,66608.89,319802533.81
2026-02-27 11:00:00+00:00,66608.89,66777.99,65960.79,66124.86,294615553.06
2026-02-27 12:00:00+00:00,66124.86,66208.97,65745.18,65928.56,282074069.87
2026-02-27 13:00:00+00:00,65928.56,66345.82,65662.23,66274.38,311106814.22
2026-02-27 14:00:00+00:00,66274.38,66328.52,65691.68,65891.96,326066042.98
2026-02-27 15:00:00+00:00,65891.96,66310.23,65845.05,66099.86,281251117.55
2026-02-27 16:00:00+00:00,66099.86,66121.13,65461.68,65476.37,266118961.66
2026-02-27 17:00:00+00:00,65476.37,65749.21,65117.81,65703.22,296756691.8
2026-02-27 18:00:00+00:00,65703.22,65785.43,65227.27,65311.11,176191573.57
2026-02-27 19:00:00+00:00,65311.11,65455.8,65169.49,65390.97,154664519.66
2026-02-27 20:00:00+00:00,65390.97,65664.05,65388.6,65593.93,137516244.63
2026-02-27 21:00:00+00:00,65593.93,65745.49,65400.36,65528.33,94060986.57
2026-02-27 22:00:00+00:00,65528.33,65670.06,64944.19,65637.53,157358460.48
2026-02-27 23:00:00+00:00,65637.53,65950.63,65550.91,65873.31,91841723.75
2026-02-28 00:00:00+00:00,65873.31,66015.06,65724.48,65942.05,96050514.3
2026-02-28 01:00:00+00:00,65942.05,65968.86,65744.57,65774.53,75150152.48
2026-02-28 02:00:00+00:00,65774.53,66016.37,65762.41,65959.51,56997980.42
2026-02-28 03:00:00+00:00,65959.51,65977.34,65745.39,65792.35,66167325.42
2026-02-28 04:00:00+00:00,65792.35,65816.43,65489.03,65664.23,80762150.9
2026-02-28 05:00:00+00:00,65664.23,65725.57,65501.73,65589.24,79160696.65
2026-02-28 06:00:00+00:00,65589.24,65589.28,63028.07,63217.05,639027599.06
2026-02-28 07:00:00+00:00,63217.05,64324.58,63036.88,63826.83,546396576.77
2026-02-28 08:00:00+00:00,63826.83,63878.68,63412.51,63473.7,281716563.01
2026-02-28 09:00:00+00:00,63473.7,63940.26,63371.12,63657.22,196214245.34
2026-02-28 10:00:00+00:00,63657.22,64044.65,63472.36,64003.72,287369324.75
2026-02-28 11:00:00+00:00,64003.72,64301.95,63790.85,63839.18,217226319.17
2026-02-28 12:00:00+00:00,63839.18,64081.81,63829.0,64016.8,129094169.0
2026-02-28 13:00:00+00:00,64016.8,65215.9,63905.43,65106.42,363068771.16
2026-02-28 14:00:00+00:00,65106.42,65361.03,64278.98,64432.01,364619387.47
2026-02-28 15:00:00+00:00,64432.01,65020.03,64205.6,64839.91,215184409.82
2026-02-28 16:00:00+00:00,64839.91,65203.43,64680.66,65094.63,130326973.84
2026-02-28 17:00:00+00:00,65094.63,65531.42,64840.97,65443.09,147630312.36
2026-02-28 18:00:00+00:00,65443.09,66143.41,65184.99,65907.85,230004897.38
2026-02-28 19:00:00+00:00,65907.85,66651.25,65600.1,66356.63,284060322.05
2026-02-28 20:00:00+00:00,66356.63,67147.96,66190.04,66953.02,255194026.47
2026-02-28 21:00:00+00:00,66953.02,67028.21,66367.74,66720.19,237916853.67
2026-02-28 22:00:00+00:00,66720.19,67752.09,66617.21,67111.41,255487023.41
2026-02-28 23:00:00+00:00,67111.41,67209.85,66743.58,66972.47,136630058.04
2026-03-01 00:00:00+00:00,66972.47,67116.09,66622.16,66793.9,150047182.06
2026-03-01 01:00:00+00:00,66793.9,67701.2,66062.12,67340.65,393731620.1
2026-03-01 02:00:00+00:00,67340.65,68193.04,67335.04,67620.81,419707399.69
2026-03-01 03:00:00+00:00,67620.81,67812.62,67399.98,67505.31,175203194.36
2026-03-01 04:00:00+00:00,67505.31,67611.31,67082.91,67344.82,163395089.11
2026-03-01 05:00:00+00:00,67344.82,67571.24,67200.79,67291.87,113166476.16
2026-03-01 06:00:00+00:00,67291.87,67344.95,66792.97,66925.94,219956440.76
2026-03-01 07:00:00+00:00,66925.94,67232.91,66788.26,67138.6,168389316.88
2026-03-01 08:00:00+00:00,67138.6,67291.57,66464.46,66561.55,255992518.75
2026-03-01 09:00:00+00:00,66561.55,66770.8,66246.64,66407.98,184741344.88
2026-03-01 10:00:00+00:00,66407.98,66732.03,66220.28,66467.03,119721823.28
2026-03-01 11:00:00+00:00,66467.03,66659.49,66374.64,66468.47,65823057.93
2026-03-01 12:00:00+00:00,66468.47,66552.12,66244.73,66296.3,94691989.35
2026-03-01 13:00:00+00:00,66296.3,67333.42,66134.31,66939.65,287928104.8
2026-03-01 14:00:00+00:00,66939.65,67312.47,66756.02,66866.47,233190859.7
2026-03-01 15:00:00+00:00,66866.47,67245.43,66826.29,66843.39,196393939.58
2026-03-01 16:00:00+00:00,66843.39,67110.01,65815.57,66136.07,329573884.93
2026-03-01 17:00:00+00:00,66136.07,66220.46,65725.43,65980.64,235681974.92
2026-03-01 18:00:00+00:00,65980.64,66653.87,65980.64,66316.44,201052392.77
2026-03-01 19:00:00+00:00,66316.44,66347.57,65782.71,65960.83,144063989.37
2026-03-01 20:00:00+00:00,65960.83,65960.83,65083.56,65294.58,221180045.99
2026-03-01 21:00:00+00:00,65294.58,65749.58,65280.98,65665.11,159206847.38
2026-03-01 22:00:00+00:00,65665.11,66355.23,65050.35,65262.07,367712314.87
2026-03-01 23:00:00+00:00,65262.07,66079.47,65170.06,65773.01,224213672.67
2026-03-02 00:00:00+00:00,65773.01,66791.84,65760.09,66506.66,257625267.19
2026-03-02 01:00:00+00:00,66506.66,67070.81,66372.11,66531.81,246842817.38
2026-03-02 02:00:00+00:00,66531.81,66611.91,65896.23,66279.44,174260980.99
2026-03-02 03:00:00+00:00,66279.44,67037.98,66110.53,66821.45,157326531.8
2026-03-02 04:00:00+00:00,66821.45,66977.2,66636.87,66861.84,156633916.5
2026-03-02 05:00:00+00:00,66861.84,66996.62,66558.97,66730.0,162301039.27
2026-03-02 06:00:00+00:00,66730.0,66734.75,66062.17,66209.92,146464842.71
2026-03-02 07:00:00+00:00,66209.92,66211.09,65553.02,66007.98,224577281.24
2026-03-02 08:00:00+00:00,66007.98,66303.56,65660.55,66282.96,215927130.08
2026-03-02 09:00:00+00:00,66282.96,66722.27,66172.95,66173.54,276216248.17
2026-03-02 10:00:00+00:00,66173.54,66386.04,66083.37,66317.61,111411559.32
2026-03-02 11:00:00+00:00,66317.61,66462.0,66008.18,66362.87,192911678.55
2026-03-02 12:00:00+00:00,66362.87,66392.4,65902.01,65963.76,158056101.93
2026-03-02 13:00:00+00:00,65963.76,66138.09,65357.67,65445.79,298730470.8
2026-03-02 14:00:00+00:00,65445.79,67220.8,65275.28,67174.94,565536197.87
2026-03-02 15:00:00+00:00,67174.94,69610.5,66985.32,69125.79,1038546119.62
2026-03-02 16:00:00+00:00,69125.79,70094.9,68929.59,69435.18,703704628.87
2026-03-02 17:00:00+00:00,69435.18,69575.71,68790.81,69194.67,337920805.54
2026-03-02 18:00:00+00:00,69194.67,69270.54,68732.84,68879.98,264216386.61
2026-03-02 19:00:00+00:00,68879.98,69046.54,68573.47,68964.5,273423555.94
2026-03-02 20:00:00+00:00,68964.5,69506.35,68582.45,69117.67,273765562.12
2026-03-02 21:00:00+00:00,69117.67,69534.34,69001.15,69408.41,166754422.63
2026-03-02 22:00:00+00:00,69408.41,69498.55,69140.67,69440.6,184959874.99
2026-03-02 23:00:00+00:00,69440.6,69482.51,68741.09,68829.64,207513974.28
2026-03-03 00:00:00+00:00,68829.64,69161.86,68651.87,69089.68,157416029.89
2026-03-03 01:00:00+00:00,69089.68,69250.39,68749.73,68756.29,148833591.94
2026-03-03 02:00:00+00:00,68756.29,68764.06,68225.72,68512.33,228994967.61
2026-03-03 03:00:00+00:00,68512.33,68548.86,68232.82,68373.38,121018857.15
2026-03-03 04:00:00+00:00,68373.38,68452.8,68052.1,68124.3,104503457.1
2026-03-03 05:00:00+00:00,68124.3,68569.99,67847.49,67949.01,192062873.43
2026-03-03 06:00:00+00:00,67949.01,68206.61,67798.75,68107.64,173144365.3
2026-03-03 07:00:00+00:00,68107.64,68270.86,67953.44,68173.25,265974869.38
2026-03-03 08:00:00+00:00,68173.25,68311.29,66905.33,67003.82,371013626.04
2026-03-03 09:00:00+00:00,67003.82,67186.39,66351.8,66651.03,374722645.18
2026-03-03 10:00:00+00:00,66651.03,67019.59,66440.88,66859.6,211885826.9
2026-03-03 11:00:00+00:00,66859.6,67165.62,66776.09,67028.14,214326596.2
2026-03-03 12:00:00+00:00,67028.14,67960.23,67027.45,67393.8,268273195.91
2026-03-03 13:00:00+00:00,67393.8,67420.64,66635.45,66930.02,201741095.64
2026-03-03 14:00:00+00:00,66930.02,67582.82,66186.77,66568.09,442625865.2
2026-03-03 15:00:00+00:00,66568.09,67833.94,66468.09,67730.26,459653906.19
2026-03-03 16:00:00+00:00,67730.26,68994.96,67485.78,68173.09,609042151.68
2026-03-03 17:00:00+00:00,68173.09,68401.22,67627.44,68314.11,310068679.48
2026-03-03 18:00:00+00:00,68314.11,68910.73,67981.58,68628.24,281287703.67
2026-03-03 19:00:00+00:00,68628.24,68882.5,68317.57,68435.46,275580713.64
2026-03-03 20:00:00+00:00,68435.46,68590.8,68091.82,68264.54,229409526.03
2026-03-03 21:00:00+00:00,68264.54,68264.54,67827.58,68021.45,148348065.63
2026-03-03 22:00:00+00:00,68021.45,68522.52,68021.38,68318.96,135713791.96
2026-03-03 23:00:00+00:00,68318.96,68858.87,68250.84,68333.01,171913209.33
2026-03-04 00:00:00+00:00,68333.01,68413.11,67861.59,68093.4,175671265.02
2026-03-04 01:00:00+00:00,68093.4,68904.91,67961.58,68413.93,283936733.16
2026-03-04 02:00:00+00:00,68413.93,68440.27,67981.92,68322.19,177920181.87
2026-03-04 03:00:00+00:00,68322.19,68384.11,67399.24,67732.46,245965311.28
2026-03-04 04:00:00+00:00,67732.46,67954.1,67465.89,67786.73,204993548.74
2026-03-04 05:00:00+00:00,67786.73,68376.28,67683.14,68203.31,149688752.37
2026-03-04 06:00:00+00:00,68203.31,68676.89,68045.73,68507.68,242576387.16
2026-03-04 07:00:00+00:00,68507.68,69645.0,68348.9,69496.68,420962998.19
2026-03-04 08:00:00+00:00,69496.68,71132.82,69138.62,71015.29,790395704.68
2026-03-04 09:00:00+00:00,71015.29,71897.39,70726.53,71518.36,861244888.3
2026-03-04 10:00:00+00:00,71518.36,71876.83,71204.31,71331.94,436040658.71
2026-03-04 11:00:00+00:00,71331.94,71493.41,70930.81,71112.13,277136635.25
2026-03-04 12:00:00+00:00,71112.13,71353.56,70592.36,71339.0,342231418.66
2026-03-04 13:00:00+00:00,71339.0,71618.09,71213.12,71479.88,318123902.45
2026-03-04 14:00:00+00:00,71479.88,72623.69,71313.73,71616.57,804139595.59
2026-03-04 15:00:00+00:00,71616.57,73477.74,71604.17,73394.15,794280250.57
2026-03-04 16:00:00+00:00,73394.15,73503.13,72542.19,73294.44,533342601.53
2026-03-04 17:00:00+00:00,73294.44,73750.28,72944.57,73217.83,475703231.62
2026-03-04 18:00:00+00:00,73217.83,73701.8,72915.59,73693.46,298491406.35
2026-03-04 19:00:00+00:00,73693.46,74050.95,73512.97,73614.2,482542288.04
2026-03-04 20:00:00+00:00,73614.2,73712.6,73042.77,73042.77,204682792.58
2026-03-04 21:00:00+00:00,73042.77,73313.92,72878.18,73308.8,199715819.64
2026-03-04 22:00:00+00:00,73308.8,73520.75,72638.11,72705.78,189720441.83
2026-03-04 23:00:00+00:00,72705.78,72870.07,72321.59,72673.08,247276267.32
2026-03-05 00:00:00+00:00,72673.08,72997.4,72553.74,72760.44,203011891.02
2026-03-05 01:00:00+00:00,72760.44,73284.72,72407.71,72537.86,236148464.28
2026-03-05 02:00:00+00:00,72537.86,72894.69,72340.76,72505.55,177839742.29
2026-03-05 03:00:00+00:00,72505.55,72751.01,72347.09,72499.23,158104632.93
2026-03-05 04:00:00+00:00,72499.23,73081.21,72450.24,72817.8,184692188.93
2026-03-05 05:00:00+00:00,72817.8,72917.87,72263.96,72410.05,196807745.69
2026-03-05 06:00:00+00:00,72410.05,72657.29,72040.39,72553.98,262963805.97
2026-03-05 07:00:00+00:00,72553.98,72666.66,71773.71,72055.67,323705735.98
2026-03-05 08:00:00+00:00,72055.67,72373.12,71762.05,72337.89,323473941.61
2026-03-05 09:00:00+00:00,72337.89,72872.89,72304.25,72595.62,279229023.37
2026-03-05 10:00:00+00:00,72595.62,73554.73,72519.84,73390.97,314523363.34
2026-03-05 11:00:00+00:00,73390.97,73451.05,72779.37,72917.18,298898366.23
2026-03-05 12:00:00+00:00,72917.18,73065.4,72669.77,72889.95,189754092.97
2026-03-05 13:00:00+00:00,72889.95,72934.28,72196.65,72467.42,258376825.91
2026-03-05 14:00:00+00:00,72467.42,72821.86,71966.38,72606.03,388291917.64
2026-03-05 15:00:00+00:00,72606.03,72766.97,71168.05,71650.36,577295479.77
2026-03-05 16:00:00+00:00,71650.36,71651.44,70794.98,71308.22,429271319.04
2026-03-05 17:00:00+00:00,71308.22,71568.24,70646.18,70706.76,309768367.36
2026-03-05 18:00:00+00:00,70706.76,71082.74,70657.98,70992.25,222821427.35
2026-03-05 19:00:00+00:00,70992.25,71427.16,70870.26,70915.09,191545804.43
2026-03-05 20:00:00+00:00,70915.09,71387.5,70843.53,71243.41,186570592.82
2026-03-05 21:00:00+00:00,71243.41,71561.49,71023.97,71137.18,153048094.35
2026-03-05 22:00:00+00:00,71137.18,71359.04,71071.82,71211.52,132025601.04
2026-03-05 23:00:00+00:00,71211.52,71295.07,70780.21,70885.05,164764838.62
2026-03-06 00:00:00+00:00,70885.05,71047.87,70782.32,70984.41,124430576.31
2026-03-06 01:00:00+00:00,70984.41,71296.16,70388.54,71252.73,228021533.95
2026-03-06 02:00:00+00:00,71252.73,71417.15,71032.64,71246.55,173245352.71
2026-03-06 03:00:00+00:00,71246.55,71293.51,71000.1,71080.54,125050807.84
2026-03-06 04:00:00+00:00,71080.54,71117.74,70279.89,70614.1,157435376.37
2026-03-06 05:00:00+00:00,70614.1,70660.09,70142.58,70438.6,193899334.34
2026-03-06 06:00:00+00:00,70438.6,70851.04,70266.9,70602.53,132545359.16
2026-03-06 07:00:00+00:00,70602.53,71181.76,70476.0,71058.67,283987197.08
2026-03-06 08:00:00+00:00,71058.67,71069.42,70737.83,70784.69,190447575.3
2026-03-06 09:00:00+00:00,70784.69,70810.76,70300.92,70565.73,173182195.1
2026-03-06 10:00:00+00:00,70565.73,70799.17,70472.06,70537.58,121691767.96
2026-03-06 11:00:00+00:00,70537.58,70640.36,70195.2,70216.09,166508335.44
2026-03-06 12:00:00+00:00,70216.09,70226.83,69666.69,69920.24,346314405.95
2026-03-06 13:00:00+00:00,69920.24,70336.46,69220.2,69226.78,436860898.04
2026-03-06 14:00:00+00:00,69226.78,69258.97,68176.09,68410.02,642536297.81
2026-03-06 15:00:00+00:00,68410.02,69100.81,68305.05,68500.72,357577045.34
2026-03-06 16:00:00+00:00,68500.72,68794.81,68222.44,68448.9,288563911.73
2026-03-06 17:00:00+00:00,68448.9,68642.55,67745.95,67957.25,307073481.89
2026-03-06 18:00:00+00:00,67957.25,68472.82,67951.04,68179.95,183094901.58
2026-03-06 19:00:00+00:00,68179.95,68477.13,68004.48,68127.98,164323680.27
2026-03-06 20:00:00+00:00,68127.98,68282.22,67773.68,68107.53,187769535.89
2026-03-06 21:00:00+00:00,68107.53,68331.45,67930.31,68291.26,125336679.36
2026-03-06 22:00:00+00:00,68291.26,68436.61,68228.5,68322.55,79627800.54
2026-03-06 23:00:00+00:00,68322.55,68368.39,68100.98,68115.24,88643428.03
2026-03-07 00:00:00+00:00,68115.24,68390.08,68114.1,68286.38,90523515.46
2026-03-07 01:00:00+00:00,68286.38,68366.02,68178.94,68261.15,62558851.5
2026-03-07 02:00:00+00:00,68261.15,68366.64,68059.36,68347.87,57514448.69
2026-03-07 03:00:00+00:00,68347.87,68545.1,68098.09,68098.09,88558854.03
2026-03-07 04:00:00+00:00,68098.09,68147.07,67816.64,68064.34,107468052.34
2026-03-07 05:00:00+00:00,68064.34,68140.9,67908.11,68019.66,79917638.11
2026-03-07 06:00:00+00:00,68019.66,68024.34,67642.05,67688.44,136800102.26
2026-03-07 07:00:00+00:00,67688.44,67865.48,67444.52,67846.28,220858907.83
2026-03-07 08:00:00+00:00,67846.28,68039.32,67723.4,67801.61,116125142.94
2026-03-07 09:00:00+00:00,67801.61,68072.03,67741.16,68004.79,80810778.94
2026-03-07 10:00:00+00:00,68004.79,68103.7,67872.9,67884.3,71921412.15
2026-03-07 11:00:00+00:00,67884.3,68229.76,67847.2,68011.03,126843746.7
2026-03-07 12:00:00+00:00,68011.03,68084.65,67898.45,67991.37,71920610.55
2026-03-07 13:00:00+00:00,67991.37,68078.26,67855.52,67929.98,78402805.08
2026-03-07 14:00:00+00:00,67929.98,68085.46,67617.25,68016.96,112954876.58
2026-03-07 15:00:00+00:00,68016.96,68036.52,67774.97,67879.97,101812275.63
2026-03-07 16:00:00+00:00,67879.97,67890.83,67706.35,67790.35,79553257.4
2026-03-07 17:00:00+00:00,67790.35,67939.95,67770.84,67788.22,53137029.59
2026-03-07 18:00:00+00:00,67788.22,67788.25,67494.11,67567.25,164598887.68
2026-03-07 19:00:00+00:00,67567.25,67571.56,66940.74,67080.46,233714851.82
2026-03-07 20:00:00+00:00,67080.46,67434.73,67071.99,67395.87,98042011.96
2026-03-07 21:00:00+00:00,67395.87,67477.58,67277.97,67450.95,91622985.32
2026-03-07 22:00:00+00:00,67450.95,67470.27,67100.89,67258.53,99649972.07
2026-03-07 23:00:00+00:00,67258.53,67405.55,67186.92,67263.11,66443249.11
2026-03-08 00:00:00+00:00,67263.11,67485.4,67181.79,67191.98,82697224.93
2026-03-08 01:00:00+00:00,67191.98,67356.93,67093.59,67299.79,87326210.97
2026-03-08 02:00:00+00:00,67299.79,67427.69,66863.63,66925.59,155754418.37
2026-03-08 03:00:00+00:00,66925.59,67087.96,66852.47,67005.78,136680818.13
2026-03-08 04:00:00+00:00,67005.78,67093.87,66552.36,66639.15,172117100.83
2026-03-08 05:00:00+00:00,66639.15,67246.61,66627.8,67149.09,92212944.61
2026-03-08 06:00:00+00:00,67149.09,67231.93,67041.75,67164.84,76764088.27
2026-03-08 07:00:00+00:00,67164.84,67457.62,67159.13,67320.93,180634749.74
2026-03-08 08:00:00+00:00,67320.93,67571.54,67158.98,67537.88,152106291.12
2026-03-08 09:00:00+00:00,67537.88,67898.98,67474.73,67690.91,171287791.56
2026-03-08 10:00:00+00:00,67690.91,68196.78,67690.55,67903.49,175505623.64
2026-03-08 11:00:00+00:00,67903.49,67903.52,67410.14,67517.72,144906315.72
2026-03-08 12:00:00+00:00,67517.72,67651.08,66891.36,67322.04,225323088.96
2026-03-08 13:00:00+00:00,67322.04,67433.73,66826.81,67236.38,319735615.6
2026-03-08 14:00:00+00:00,67236.38,67427.11,67056.52,67340.5,125914713.04
2026-03-08 15:00:00+00:00,67340.5,67369.04,67077.11,67215.98,138733103.52
2026-03-08 16:00:00+00:00,67215.98,67265.14,66803.99,66869.49,129278890.17
2026-03-08 17:00:00+00:00,66869.49,67179.26,66802.3,67057.7,152579870.72
2026-03-08 18:00:00+00:00,67057.7,67068.13,66750.8,66808.78,102655558.35
2026-03-08 19:00:00+00:00,66808.78,67468.5,66781.18,67335.01,145484932.09
2026-03-08 20:00:00+00:00,67335.01,67544.05,67029.26,67226.1,175464850.72
2026-03-08 21:00:00+00:00,67226.1,67263.5,66718.81,67016.78,142619347.7
2026-03-08 22:00:00+00:00,67016.78,67016.9,65619.73,66237.41,513804470.49
2026-03-08 23:00:00+00:00,66237.41,66568.83,65931.28,65973.38,171016801.89
2026-03-09 00:00:00+00:00,65973.38,66766.48,65827.53,66370.97,258430128.59
2026-03-09 01:00:00+00:00,66370.97,66695.89,66130.41,66196.71,313917952.49
2026-03-09 02:00:00+00:00,66196.71,66706.53,65960.64,66538.98,202659021.04
2026-03-09 03:00:00+00:00,66538.98,67662.47,66522.44,67205.3,294372185.93
2026-03-09 04:00:00+00:00,67205.3,67610.14,67105.24,67131.75,158858154.93
2026-03-09 05:00:00+00:00,67131.75,68063.27,67116.24,67908.02,235237620.43
2026-03-09 06:00:00+00:00,67908.02,67935.68,67248.48,67264.04,164796084.19
2026-03-09 07:00:00+00:00,67264.04,67569.13,66883.64,67550.61,240952554.45
2026-03-09 08:00:00+00:00,67550.61,67924.82,67388.22,67813.35,316858176.07
2026-03-09 09:00:00+00:00,67813.35,68449.96,67574.88,67979.26,254128473.41
2026-03-09 10:00:00+00:00,67979.26,68083.54,67555.53,67607.54,277746173.19
2026-03-09 11:00:00+00:00,67607.54,67855.8,67343.64,67763.17,130782737.25
2026-03-09 12:00:00+00:00,67763.17,68341.86,67756.43,68156.27,219752129.54
2026-03-09 13:00:00+00:00,68156.27,69298.39,68134.66,68977.51,492820200.48
2026-03-09 14:00:00+00:00,68977.51,69475.02,68695.66,69153.05,489555915.08
2026-03-09 15:00:00+00:00,69153.05,69253.98,68735.77,68867.41,339934886.46
2026-03-09 16:00:00+00:00,68867.41,69227.58,68629.87,68959.71,221403539.46
2026-03-09 17:00:00+00:00,68959.71,69087.07,68278.29,68602.57,215067591.13
2026-03-09 18:00:00+00:00,68602.57,68691.87,68224.16,68357.34,205504528.1
2026-03-09 19:00:00+00:00,68357.34,69504.21,68357.34,68989.29,386563861.82
2026-03-09 20:00:00+00:00,68989.29,69141.16,68760.3,68958.95,137661352.99
2026-03-09 21:00:00+00:00,68958.95,69098.08,68661.41,68921.53,136226374.88
2026-03-09 22:00:00+00:00,68921.53,69020.33,68599.09,68636.78,153726771.32
2026-03-09 23:00:00+00:00,68636.78,68694.63,68383.44,68431.14,112106985.69
2026-03-10 00:00:00+00:00,68431.14,69287.15,68391.32,69155.97,215110886.84
2026-03-10 01:00:00+00:00,69155.97,69383.42,68804.31,69260.77,186335739.3
2026-03-10 02:00:00+00:00,69260.77,70582.41,69106.7,70274.8,456610539.41
2026-03-10 03:00:00+00:00,70274.8,70370.89,69388.13,69429.68,243061755.8
2026-03-10 04:00:00+00:00,69429.68,70127.31,69429.68,70069.51,193464859.7
2026-03-10 05:00:00+00:00,70069.51,70357.68,69888.43,69972.34,147560896.42
2026-03-10 06:00:00+00:00,69972.34,70185.16,69757.42,69912.52,170850265.03
2026-03-10 07:00:00+00:00,69912.52,70523.95,69828.32,70403.85,341270856.53
2026-03-10 08:00:00+00:00,70403.85,71080.86,70373.33,70692.0,336080198.76
2026-03-10 09:00:00+00:00,70692.0,71296.95,70658.94,71070.3,279701340.52
2026-03-10 10:00:00+00:00,71070.3,71082.1,70667.93,70774.02,252907259.03
2026-03-10 11:00:00+00:00,70774.02,70865.39,70542.9,70593.57,157463932.06
2026-03-10 12:00:00+00:00,70593.57,70628.3,70294.24,70516.57,178343794.62
2026-03-10 13:00:00+00:00,70516.57,70922.64,69722.11,69920.58,376196476.66
2026-03-10 14:00:00+00:00,69920.58,71526.17,69280.56,71467.7,533339611.48
2026-03-10 15:00:00+00:00,71467.7,71774.1,70900.88,71343.52,488291502.87
2026-03-10 16:00:00+00:00,71343.52,71686.76,70944.07,71266.36,292228359.71
2026-03-10 17:00:00+00:00,71266.36,71452.3,70515.46,70869.22,290658771.74
2026-03-10 18:00:00+00:00,70869.22,70914.77,69897.58,70011.17,360934033.69
2026-03-10 19:00:00+00:00,70011.17,70285.27,69730.55,70044.27,212428282.04
2026-03-10 20:00:00+00:00,70044.27,70345.85,70003.87,70233.62,133258597.44
2026-03-10 21:00:00+00:00,70233.62,70412.51,69542.31,69759.72,188429737.34
2026-03-10 22:00:00+00:00,69759.72,69868.82,69453.07,69711.55,153332926.73
2026-03-10 23:00:00+00:00,69711.55,69973.47,69700.33,69947.92,165988843.47
2026-03-11 00:00:00+00:00,69947.92,70170.56,69754.84,70040.82,150249999.17
2026-03-11 01:00:00+00:00,70040.82,70142.62,69879.83,70070.75,155489582.98
2026-03-11 02:00:00+00:00,70070.75,70119.39,69617.08,69815.29,201815464.29
2026-03-11 03:00:00+00:00,69815.29,69892.78,69491.16,69552.86,156633590.0
2026-03-11 04:00:00+00:00,69552.86,70267.53,69502.15,70130.15,140522957.39
2026-03-11 05:00:00+00:00,70130.15,70200.47,69421.04,69507.34,148710468.79
2026-03-11 06:00:00+00:00,69507.34,69995.93,69501.36,69947.82,103684990.31
2026-03-11 07:00:00+00:00,69947.82,70022.62,69502.28,69651.55,168333167.63
2026-03-11 08:00:00+00:00,69651.55,69772.46,69501.65,69658.49,151313212.37
2026-03-11 09:00:00+00:00,69658.49,69744.98,69391.41,69465.27,149889265.1
2026-03-11 10:00:00+00:00,69465.27,69720.29,69397.64,69606.61,150863181.49
2026-03-11 11:00:00+00:00,69606.61,69676.79,69156.99,69173.01,156312436.21
2026-03-11 12:00:00+00:00,69173.01,69742.37,68978.37,69359.96,277685632.49
2026-03-11 13:00:00+00:00,69359.96,71087.17,69337.18,70180.06,518072153.18
2026-03-11 14:00:00+00:00,70180.06,70981.07,69957.98,70576.58,426888331.87
2026-03-11 15:00:00+00:00,70576.58,70651.96,69706.7,70229.49,374001426.5
2026-03-11 16:00:00+00:00,70229.49,70828.64,70165.44,70570.94,324649856.85
2026-03-11 17:00:00+00:00,70570.94,71319.8,70513.53,70785.7,419608771.65
2026-03-11 18:00:00+00:00,70785.7,70897.44,70419.47,70622.71,234649708.68
2026-03-11 19:00:00+00:00,70622.71,70743.63,70378.68,70644.93,139072268.46
2026-03-11 20:00:00+00:00,70644.93,70704.2,70393.71,70634.15,94590786.22
2026-03-11 21:00:00+00:00,70634.15,70780.19,70494.09,70740.92,113581670.6
2026-03-11 22:00:00+00:00,70740.92,70936.83,70240.66,70370.57,164960890.69
2026-03-11 23:00:00+00:00,70370.57,70506.83,70123.55,70191.43,114420559.81
2026-03-12 00:00:00+00:00,70191.43,70353.88,70130.31,70222.1,117822202.53
2026-03-12 01:00:00+00:00,70222.1,70225.16,69754.96,69832.24,160282871.72
2026-03-12 02:00:00+00:00,69832.24,69886.88,69224.82,69285.97,175402913.95
2026-03-12 03:00:00+00:00,69285.97,69619.48,69248.31,69441.86,105258782.09
2026-03-12 04:00:00+00:00,69441.86,69669.1,69295.83,69370.34,92268672.3
2026-03-12 05:00:00+00:00,69370.34,69540.04,69209.22,69476.2,140083663.6
2026-03-12 06:00:00+00:00,69476.2,69559.9,69350.75,69496.77,108186594.25
2026-03-12 07:00:00+00:00,69496.77,69850.04,69411.59,69827.27,174318287.81
2026-03-12 08:00:00+00:00,69827.27,70113.17,69702.24,69911.22,214221105.89
2026-03-12 09:00:00+00:00,69911.22,70395.08,69578.89,69954.17,242833306.72
2026-03-12 10:00:00+00:00,69954.17,70511.4,69858.62,70413.9,202222796.73
2026-03-12 11:00:00+00:00,70413.9,70794.44,70367.83,70428.86,231424923.77
2026-03-12 12:00:00+00:00,70428.86,70619.01,70281.37,70386.41,182017297.63
2026-03-12 13:00:00+00:00,70386.41,70527.86,69689.02,69971.63,333880223.91
2026-03-12 14:00:00+00:00,69971.63,70659.75,69350.77,69586.36,430693592.48
2026-03-12 15:00:00+00:00,69586.36,70564.09,69478.75,70330.57,374300514.12
2026-03-12 16:00:00+00:00,70330.57,70565.85,69908.37,70379.83,280026091.07
2026-03-12 17:00:00+00:00,70379.83,70546.33,70076.72,70210.59,192027996.21
2026-03-12 18:00:00+00:00,70210.59,70302.48,69801.96,69820.56,162276725.59
2026-03-12 19:00:00+00:00,69820.56,70549.46,69772.09,70431.54,171683454.53
2026-03-12 20:00:00+00:00,70431.54,70555.41,70114.67,70164.26,108454257.0
2026-03-12 21:00:00+00:00,70164.26,70474.07,70164.25,70276.9,70707449.65
2026-03-12 22:00:00+00:00,70276.9,70305.11,70016.07,70172.57,85858673.2
2026-03-12 23:00:00+00:00,70172.57,70732.62,70165.75,70528.84,189286217.83
2026-03-13 00:00:00+00:00,70528.84,72002.81,70389.65,71476.98,576178137.36
2026-03-13 01:00:00+00:00,71476.98,71754.58,71282.89,71667.71,215475653.99
2026-03-13 02:00:00+00:00,71667.71,71695.1,71049.68,71144.25,189664270.15
2026-03-13 03:00:00+00:00,71144.25,71508.15,70962.92,71406.17,163893785.65
2026-03-13 04:00:00+00:00,71406.17,71494.31,71241.12,71391.66,115409178.77
2026-03-13 05:00:00+00:00,71391.66,71633.91,71240.94,71547.88,168528221.57
2026-03-13 06:00:00+00:00,71547.88,71592.48,71184.72,71344.43,163597472.95
2026-03-13 07:00:00+00:00,71344.43,71671.8,71239.21,71617.62,234384375.08
2026-03-13 08:00:00+00:00,71617.62,72112.14,71384.57,71824.21,314835628.55
2026-03-13 09:00:00+00:00,71824.21,72100.68,71592.12,72007.67,184395895.31
2026-03-13 10:00:00+00:00,72007.67,72576.71,71999.42,72458.63,296947534.75
2026-03-13 11:00:00+00:00,72458.63,72528.9,72205.85,72229.8,155288642.71
2026-03-13 12:00:00+00:00,72229.8,72882.66,72216.26,72778.45,254345064.69
2026-03-13 13:00:00+00:00,72778.45,73582.67,72686.86,73379.98,582103654.3
2026-03-13 14:00:00+00:00,73379.98,73903.05,72362.67,72372.74,728285562.75
2026-03-13 15:00:00+00:00,72372.74,72826.1,71739.25,71831.76,567797997.87
2026-03-13 16:00:00+00:00,71831.76,72096.27,71154.62,71883.57,488764627.38
2026-03-13 17:00:00+00:00,71883.57,72246.34,70909.02,71036.74,381872591.5
2026-03-13 18:00:00+00:00,71036.74,71349.96,70843.05,71053.3,204710585.24
2026-03-13 19:00:00+00:00,71053.3,71304.64,71003.16,71184.34,147836831.61
2026-03-13 20:00:00+00:00,71184.34,71466.08,71145.8,71347.49,107233281.47
2026-03-13 21:00:00+00:00,71347.49,71486.73,71061.34,71101.55,115124418.49
2026-03-13 22:00:00+00:00,71101.55,71184.21,70557.8,70814.53,159901054.05
2026-03-13 23:00:00+00:00,70814.53,71004.65,70694.96,70930.91,160459103.29
2026-03-14 00:00:00+00:00,70930.91,70953.8,70557.43,70634.58,147284333.41
2026-03-14 01:00:00+00:00,70634.58,70910.55,70488.02,70831.3,133050220.98
2026-03-14 02:00:00+00:00,70831.3,70897.71,70738.67,70783.22,120011537.74
2026-03-14 03:00:00+00:00,70783.22,71168.66,70783.22,71077.92,138100253.37
2026-03-14 04:00:00+00:00,71077.92,71301.34,71023.57,71038.57,105680370.76
2026-03-14 05:00:00+00:00,71038.57,71150.19,70918.51,71013.94,100803715.58
2026-03-14 06:00:00+00:00,71013.94,71013.95,70331.35,70626.15,151239753.65
2026-03-14 07:00:00+00:00,70626.15,70737.88,70483.19,70596.38,177822226.22
2026-03-14 08:00:00+00:00,70596.38,70710.63,70536.94,70586.6,112757746.75
2026-03-14 09:00:00+00:00,70586.6,70726.32,70398.32,70508.66,118406001.39
2026-03-14 10:00:00+00:00,70508.66,70574.18,70389.66,70569.07,86499073.9
2026-03-14 11:00:00+00:00,70569.07,70778.23,70563.61,70744.26,74085022.26
2026-03-14 12:00:00+00:00,70744.26,70834.08,70612.84,70776.18,81461492.3
2026-03-14 13:00:00+00:00,70776.18,70923.79,70712.54,70849.89,116742021.1
2026-03-14 14:00:00+00:00,70849.89,70940.5,70577.95,70597.54,82741923.39
2026-03-14 15:00:00+00:00,70597.54,70727.54,70496.86,70583.79,115394869.82
2026-03-14 16:00:00+00:00,70583.79,70707.87,70499.08,70677.4,62908218.87
2026-03-14 17:00:00+00:00,70677.4,70732.25,70587.72,70616.92,77108409.68
2026-03-14 18:00:00+00:00,70616.92,70703.99,70559.01,70669.48,27742784.38
2026-03-14 19:00:00+00:00,70669.48,70737.36,70596.73,70698.01,64056565.73
2026-03-14 20:00:00+00:00,70698.01,70856.91,70649.96,70806.43,36854593.41
2026-03-14 21:00:00+00:00,70806.43,70821.03,70660.66,70800.09,35891122.03
2026-03-14 22:00:00+00:00,70800.09,70803.9,70696.18,70711.56,31465467.87
2026-03-14 23:00:00+00:00,70711.56,71249.49,70711.56,71208.41,105897149.49
2026-03-15 00:00:00+00:00,71208.41,71217.81,70966.13,70986.99,97456112.38
2026-03-15 01:00:00+00:00,70986.99,71039.56,70860.25,70995.19,57790519.78
2026-03-15 02:00:00+00:00,70995.19,71626.99,70995.19,71451.14,160899843.85
2026-03-15 03:00:00+00:00,71451.14,71530.69,71239.77,71358.67,128577656.64
2026-03-15 04:00:00+00:00,71358.67,71661.06,71331.02,71595.1,118775104.5
2026-03-15 05:00:00+00:00,71595.1,71796.53,71474.37,71491.47,127107840.54
2026-03-15 06:00:00+00:00,71491.47,71592.1,71387.38,71456.58,84292760.0
2026-03-15 07:00:00+00:00,71456.58,71659.15,71411.13,71456.22,92918445.36
2026-03-15 08:00:00+00:00,71456.22,71714.95,71456.22,71714.94,96390553.95
2026-03-15 09:00:00+00:00,71714.94,71937.44,71714.23,71794.33,127097866.85
2026-03-15 10:00:00+00:00,71794.33,71916.03,71718.49,71784.31,71924155.74
2026-03-15 11:00:00+00:00,71784.31,71888.68,71663.05,71840.83,76592995.82
2026-03-15 12:00:00+00:00,71840.83,71841.12,71567.45,71608.97,63593935.5
2026-03-15 13:00:00+00:00,71608.97,71679.64,71264.18,71607.22,214422301.57
2026-03-15 14:00:00+00:00,71607.22,71619.89,71342.77,71619.88,104440804.24
2026-03-15 15:00:00+00:00,71619.88,71621.81,71412.78,71480.49,82634256.1
2026-03-15 16:00:00+00:00,71480.49,71585.49,71328.48,71434.46,77616311.66
2026-03-15 17:00:00+00:00,71434.46,71988.92,71410.18,71822.73,89540795.77
2026-03-15 18:00:00+00:00,71822.73,71868.65,71321.0,71387.09,91291798.75
2026-03-15 19:00:00+00:00,71387.09,71577.68,71339.74,71550.37,71811930.22
2026-03-15 20:00:00+00:00,71550.37,71928.21,71433.21,71730.66,76521779.38
2026-03-15 21:00:00+00:00,71730.66,72219.75,71627.39,72106.33,118342757.14
2026-03-15 22:00:00+00:00,72106.33,73042.95,71723.81,72742.25,306227462.04
2026-03-15 23:00:00+00:00,72742.25,73198.46,72418.25,72813.97,329335362.16
2026-03-16 00:00:00+00:00,72813.97,73008.07,72451.56,72528.99,161817844.54
2026-03-16 01:00:00+00:00,72528.99,72853.12,72278.78,72753.69,159261539.92
2026-03-16 02:00:00+00:00,72753.69,72851.73,72368.91,72520.52,114376256.12
2026-03-16 03:00:00+00:00,72520.52,74293.15,72437.62,73573.5,631425472.43
2026-03-16 04:00:00+00:00,73573.5,74431.05,73573.49,73837.99,363931462.7
2026-03-16 05:00:00+00:00,73837.99,74250.73,73717.81,74206.36,290514570.23
2026-03-16 06:00:00+00:00,74206.36,74206.63,73609.06,73715.61,210040374.99
2026-03-16 07:00:00+00:00,73715.61,73922.79,73386.26,73452.53,228471689.54
2026-03-16 08:00:00+00:00,73452.53,73772.48,72890.33,73133.94,289471048.3
2026-03-16 09:00:00+00:00,73133.94,73331.97,73058.86,73259.76,128836538.02
2026-03-16 10:00:00+00:00,73259.76,73782.53,73204.65,73782.52,189002226.55
2026-03-16 11:00:00+00:00,73782.52,73822.06,73517.52,73549.87,135486312.72
2026-03-16 12:00:00+00:00,73549.87,74039.71,73459.37,73862.18,219085608.33
2026-03-16 13:00:00+00:00,73862.18,74507.07,73784.76,74106.92,364814695.05
2026-03-16 14:00:00+00:00,74106.92,74454.65,72994.89,73561.04,473126406.12
2026-03-16 15:00:00+00:00,73561.04,74007.48,73187.89,73274.82,283290807.67
2026-03-16 16:00:00+00:00,73274.82,73903.7,73161.62,73759.55,259631924.2
2026-03-16 17:00:00+00:00,73759.55,74055.27,73647.66,73946.08,201554747.17
2026-03-16 18:00:00+00:00,73946.08,74357.43,73860.14,73911.27,236972269.17
2026-03-16 19:00:00+00:00,73911.27,74412.85,73792.49,73962.89,235082650.67
2026-03-16 20:00:00+00:00,73962.89,74244.42,73860.42,74233.24,100385920.2
2026-03-16 21:00:00+00:00,74233.24,74795.87,74147.56,74400.55,269278026.21
2026-03-16 22:00:00+00:00,74400.55,74900.85,74382.9,74765.76,209228003.89
2026-03-16 23:00:00+00:00,74765.76,74911.14,74250.0,74881.66,217118256.45
2026-03-17 00:00:00+00:00,74881.66,75509.43,74615.11,75315.36,428253940.76
2026-03-17 01:00:00+00:00,75315.36,76005.07,75072.94,75621.47,441489477.98
2026-03-17 02:00:00+00:00,75621.47,75674.64,75119.89,75196.06,220057502.17
2026-03-17 03:00:00+00:00,75196.06,75323.15,74268.95,74465.27,365047442.28
2026-03-17 04:00:00+00:00,74465.27,74685.66,73988.85,74250.91,350691970.36
2026-03-17 05:00:00+00:00,74250.91,74460.76,73787.61,74042.39,235200139.83
2026-03-17 06:00:00+00:00,74042.39,74279.41,73884.37,74085.43,180700424.54
2026-03-17 07:00:00+00:00,74085.43,74452.58,74070.87,74251.35,147738373.14
2026-03-17 08:00:00+00:00,74251.35,74453.26,74108.34,74190.1,138770006.71
2026-03-17 09:00:00+00:00,74190.1,74403.56,73843.91,73936.47,179746587.92
2026-03-17 10:00:00+00:00,73936.47,73960.59,73584.82,73728.16,217658574.03
2026-03-17 11:00:00+00:00,73728.16,74214.31,73682.61,74031.83,157594532.34
2026-03-17 12:00:00+00:00,74031.83,74169.18,73670.39,73740.47,172714950.6
2026-03-17 13:00:00+00:00,73740.47,74160.72,73395.33,73613.04,323117357.75
2026-03-17 14:00:00+00:00,73613.04,74418.46,73430.4,74381.1,314805741.47
2026-03-17 15:00:00+00:00,74381.1,74889.08,73672.46,73918.38,358606740.64
2026-03-17 16:00:00+00:00,73918.38,74348.71,73865.35,74157.18,195613018.22
2026-03-17 17:00:00+00:00,74157.18,74594.51,74007.21,74525.96,191174092.38
2026-03-17 18:00:00+00:00,74525.96,74768.16,74386.23,74683.4,165380999.25
2026-03-17 19:00:00+00:00,74683.4,74800.4,74428.93,74513.11,167105862.3
2026-03-17 20:00:00+00:00,74513.11,74685.96,74370.19,74513.25,96329602.36
2026-03-17 21:00:00+00:00,74513.25,74799.91,74456.96,74687.25,106628331.49
2026-03-17 22:00:00+00:00,74687.25,74773.51,73932.46,74307.85,117794859.5
2026-03-17 23:00:00+00:00,74307.85,74398.75,73873.2,73907.83,110483542.51
2026-03-18 00:00:00+00:00,73907.83,74061.01,73535.84,73864.74,156346403.16
2026-03-18 01:00:00+00:00,73864.74,74209.75,73818.83,74074.77,117307096.11
2026-03-18 02:00:00+00:00,74074.77,74474.78,74057.92,74337.82,103749738.88
2026-03-18 03:00:00+00:00,74337.82,74670.82,74251.93,74450.26,116966000.31
2026-03-18 04:00:00+00:00,74450.26,74488.79,74137.89,74173.05,83407908.97
2026-03-18 05:00:00+00:00,74173.05,74300.76,73834.7,73952.7,112977021.2
2026-03-18 06:00:00+00:00,73952.7,74224.15,73941.69,73953.74,98533746.46
2026-03-18 07:00:00+00:00,73953.74,73992.37,73698.97,73882.96,109425294.72
2026-03-18 08:00:00+00:00,73882.96,74123.75,73862.43,74041.86,126024652.78
2026-03-18 09:00:00+00:00,74041.86,74279.07,74039.21,74176.68,68701468.77
2026-03-18 10:00:00+00:00,74176.68,74259.62,73814.28,73938.2,97306080.79
2026-03-18 11:00:00+00:00,73938.2,74069.83,72794.77,72951.87,425551963.01
2026-03-18 12:00:00+00:00,72951.87,72981.1,72273.16,72361.24,401211797.23
2026-03-18 13:00:00+00:00,72361.24,72556.78,71978.0,72127.27,381517669.33
2026-03-18 14:00:00+00:00,72127.27,72218.7,71142.26,71189.37,507659290.7
2026-03-18 15:00:00+00:00,71189.37,71525.26,70859.66,71468.7,470152698.57
2026-03-18 16:00:00+00:00,71468.7,71562.94,71036.92,71313.48,251248422.14
2026-03-18 17:00:00+00:00,71313.48,71749.83,71198.85,71594.34,218800955.78
2026-03-18 18:00:00+00:00,71594.34,71987.66,70950.67,71097.79,340982986.08
2026-03-18 19:00:00+00:00,71097.79,71482.85,70933.37,71069.24,213350276.55
2026-03-18 20:00:00+00:00,71069.24,71314.61,70497.48,71220.8,246639149.8
2026-03-18 21:00:00+00:00,71220.8,71432.12,71166.38,71263.71,87742962.1
2026-03-18 22:00:00+00:00,71263.71,71265.27,70942.89,71149.97,108816531.82
2026-03-18 23:00:00+00:00,71149.97,71364.0,71066.94,71249.45,121754852.46
2026-03-19 00:00:00+00:00,71249.45,71318.98,70979.1,71003.67,154920570.8
2026-03-19 01:00:00+00:00,71003.67,71181.19,70956.77,71118.28,103055604.85
2026-03-19 02:00:00+00:00,71118.28,71253.84,70905.29,71056.87,111062722.3
2026-03-19 03:00:00+00:00,71056.87,71610.13,71056.86,71216.24,144012543.98
2026-03-19 04:00:00+00:00,71216.24,71216.25,70659.08,70825.49,140048477.29
2026-03-19 05:00:00+00:00,70825.49,70910.3,70664.54,70827.74,87653194.77
2026-03-19 06:00:00+00:00,70827.74,70963.26,70509.13,70585.7,120925687.25
2026-03-19 07:00:00+00:00,70585.7,70600.1,69483.71,70195.4,521868377.1
2026-03-19 08:00:00+00:00,70195.4,70299.43,69902.62,69990.9,214254959.01
2026-03-19 09:00:00+00:00,69990.9,70556.1,69980.92,70509.58,236629382.62
2026-03-19 10:00:00+00:00,70509.58,70536.1,70117.21,70132.15,113581846.78
2026-03-19 11:00:00+00:00,70132.15,70258.41,69908.65,69951.93,120326907.97
2026-03-19 12:00:00+00:00,69951.93,69951.93,69113.72,69292.39,289768006.54
2026-03-19 13:00:00+00:00,69292.39,70075.47,69082.79,69904.09,394118804.44
2026-03-19 14:00:00+00:00,69904.09,70140.86,69096.07,69487.43,349402759.43
2026-03-19 15:00:00+00:00,69487.43,69918.64,68795.97,69408.07,410286036.64
2026-03-19 16:00:00+00:00,69408.07,69638.97,69175.69,69456.56,232561566.29
2026-03-19 17:00:00+00:00,69456.56,69944.5,69123.04,69854.14,216334688.21
2026-03-19 18:00:00+00:00,69854.14,69931.3,69583.05,69820.88,132089882.61
2026-03-19 19:00:00+00:00,69820.88,70596.02,69806.54,70269.77,302145854.31
2026-03-19 20:00:00+00:00,70269.77,70671.76,70198.99,70485.52,109727638.0
2026-03-19 21:00:00+00:00,70485.52,70692.18,70380.56,70413.18,120057785.19
2026-03-19 22:00:00+00:00,70413.18,70504.01,69956.22,70184.22,120839292.04
2026-03-19 23:00:00+00:00,70184.22,70284.45,69721.03,69925.05,131987576.13
2026-03-20 00:00:00+00:00,69925.05,70308.33,69839.23,70193.81,148789281.39
2026-03-20 01:00:00+00:00,70193.81,70587.46,70187.99,70406.98,129413610.31
2026-03-20 02:00:00+00:00,70406.98,70514.48,70087.13,70414.78,100032760.85
2026-03-20 03:00:00+00:00,70414.78,70808.5,70385.13,70733.05,143615202.29
2026-03-20 04:00:00+00:00,70733.05,70967.71,70556.7,70784.05,122409501.11
2026-03-20 05:00:00+00:00,70784.05,70865.37,70528.17,70607.82,82367699.93
2026-03-20 06:00:00+00:00,70607.82,70647.05,70347.04,70499.26,122683553.6
2026-03-20 07:00:00+00:00,70499.26,70934.04,70199.97,70853.86,210898658.44
2026-03-20 08:00:00+00:00,70853.86,71363.11,70797.78,71041.38,234955957.37
2026-03-20 09:00:00+00:00,71041.38,71041.38,70418.79,70582.62,189054102.38
2026-03-20 10:00:00+00:00,70582.62,70671.53,70217.73,70612.53,137859988.39
2026-03-20 11:00:00+00:00,70612.53,70799.34,70307.36,70479.28,125776715.05
2026-03-20 12:00:00+00:00,70479.28,70683.45,70251.12,70342.0,133328596.13
2026-03-20 13:00:00+00:00,70342.0,70611.67,69797.47,69864.59,291114417.83
2026-03-20 14:00:00+00:00,69864.59,70266.29,69591.25,69733.87,396269527.04
2026-03-20 15:00:00+00:00,69733.87,70003.43,69481.53,69862.97,262690599.64
2026-03-20 16:00:00+00:00,69862.97,70097.52,69609.32,69830.33,206047849.12
2026-03-20 17:00:00+00:00,69830.33,70028.2,69392.2,69997.89,220862433.3
2026-03-20 18:00:00+00:00,69997.89,70070.93,69525.91,69768.9,181905788.2
2026-03-20 19:00:00+00:00,69768.9,70190.1,69672.68,70178.89,154150139.22
2026-03-20 20:00:00+00:00,70178.89,70258.35,69756.32,70058.54,121041886.58
2026-03-20 21:00:00+00:00,70058.54,70705.72,69948.41,70545.41,164992113.57
2026-03-20 22:00:00+00:00,70545.41,70923.23,70540.44,70773.2,122261400.51
2026-03-20 23:00:00+00:00,70773.2,70773.38,70431.09,70511.05,82313202.33
2026-03-21 00:00:00+00:00,70511.05,70822.78,70470.07,70682.5,70156687.38
2026-03-21 01:00:00+00:00,70682.5,70759.94,70462.39,70468.15,63178983.68
2026-03-21 02:00:00+00:00,70468.15,70784.33,70442.56,70736.35,83294876.61
2026-03-21 03:00:00+00:00,70736.35,70783.64,70631.69,70668.28,71176009.47
2026-03-21 04:00:00+00:00,70668.28,70817.83,70623.2,70642.4,71959784.25
2026-03-21 05:00:00+00:00,70642.4,70831.53,70636.66,70705.1,149496568.76
2026-03-21 06:00:00+00:00,70705.1,70823.36,70695.46,70773.44,133667405.99
2026-03-21 07:00:00+00:00,70773.44,70877.39,70678.41,70719.57,151034702.27
2026-03-21 08:00:00+00:00,70719.57,70753.52,70492.52,70595.66,115054661.09
2026-03-21 09:00:00+00:00,70595.66,70733.85,70580.68,70660.67,48891602.86
2026-03-21 10:00:00+00:00,70660.67,70676.66,70562.87,70605.34,119527666.22
2026-03-21 11:00:00+00:00,70605.34,70648.94,70565.27,70648.94,81100493.6
2026-03-21 12:00:00+00:00,70648.94,70796.86,70648.88,70718.88,43137775.58
2026-03-21 13:00:00+00:00,70718.88,70809.62,70706.26,70737.46,39765793.51
2026-03-21 14:00:00+00:00,70737.46,71087.33,70593.03,70627.58,139837068.37
2026-03-21 15:00:00+00:00,70627.58,70760.62,70461.77,70631.46,106892474.85
2026-03-21 16:00:00+00:00,70631.46,70652.29,70254.36,70304.0,145773362.0
2026-03-21 17:00:00+00:00,70304.0,70426.24,70211.04,70312.14,71690150.14
2026-03-21 18:00:00+00:00,70312.14,70532.34,70295.62,70393.67,50664500.34
2026-03-21 19:00:00+00:00,70393.67,70446.69,70328.34,70394.5,38861565.99
2026-03-21 20:00:00+00:00,70394.5,70504.52,70360.72,70461.4,79458671.58
2026-03-21 21:00:00+00:00,70461.4,70512.88,70269.66,70353.28,71858436.92
2026-03-21 22:00:00+00:00,70353.28,70379.56,70267.49,70281.63,85497010.63
2026-03-21 23:00:00+00:00,70281.63,70292.96,68591.91,68921.7,381635123.96
2026-03-22 00:00:00+00:00,68921.7,69150.14,68238.83,68951.59,435493363.19
2026-03-22 01:00:00+00:00,68951.59,69098.54,68765.37,68965.3,158106050.0
2026-03-22 02:00:00+00:00,68965.3,69409.62,68951.4,69276.94,123025897.28
2026-03-22 03:00:00+00:00,69276.94,69586.21,69125.88,69340.91,139018664.9
2026-03-22 04:00:00+00:00,69340.91,69525.17,69215.27,69355.52,114539101.91
2026-03-22 05:00:00+00:00,69355.52,69355.52,69147.18,69153.68,66538989.14
2026-03-22 06:00:00+00:00,69153.68,69241.39,69064.15,69161.79,66903212.38
2026-03-22 07:00:00+00:00,69161.79,69249.19,68897.56,68916.83,101861320.24
2026-03-22 08:00:00+00:00,68916.83,68985.7,68560.13,68804.8,171786920.79
2026-03-22 09:00:00+00:00,68804.8,68900.04,68586.64,68825.19,78308136.92
2026-03-22 10:00:00+00:00,68825.19,68845.86,68586.52,68648.32,64492407.77
2026-03-22 11:00:00+00:00,68648.32,68689.55,68156.09,68219.72,144997957.37
2026-03-22 12:00:00+00:00,68219.72,68755.84,68196.6,68654.81,127423067.61
2026-03-22 13:00:00+00:00,68654.81,68947.41,68546.33,68698.38,115919594.27
2026-03-22 14:00:00+00:00,68698.38,68914.86,68541.19,68714.06,86713047.18
2026-03-22 15:00:00+00:00,68714.06,69001.79,68710.89,68846.36,96670763.03
2026-03-22 16:00:00+00:00,68846.36,68883.35,68669.47,68804.41,55434597.21
2026-03-22 17:00:00+00:00,68804.41,68850.92,68673.3,68673.3,54253957.09
2026-03-22 18:00:00+00:00,68673.3,68744.39,68354.33,68619.22,85164099.1
2026-03-22 19:00:00+00:00,68619.22,68627.36,68146.47,68199.84,113600467.35
2026-03-22 20:00:00+00:00,68199.84,68497.61,68082.22,68175.28,84340876.31
2026-03-22 21:00:00+00:00,68175.28,68226.35,67357.72,67897.45,306529081.09
2026-03-22 22:00:00+00:00,67897.45,68394.16,67574.75,68334.45,231637519.68
2026-03-22 23:00:00+00:00,68334.45,68468.02,67843.62,67862.49,144422585.52
2026-03-23 00:00:00+00:00,67862.49,68158.15,67448.55,67672.33,316418978.51
2026-03-23 01:00:00+00:00,67672.33,68155.19,67538.2,67909.39,179588787.07
2026-03-23 02:00:00+00:00,67909.39,68400.51,67805.04,68321.57,149040923.03
2026-03-23 03:00:00+00:00,68321.57,68583.13,68068.25,68080.29,107630489.86
2026-03-23 04:00:00+00:00,68080.29,68551.12,68060.1,68543.28,92707710.1
2026-03-23 05:00:00+00:00,68543.28,68904.46,68543.28,68902.5,196624560.44
2026-03-23 06:00:00+00:00,68902.5,68903.41,67703.65,67877.65,226686859.66
2026-03-23 07:00:00+00:00,67877.65,68461.7,67510.13,68318.75,333074288.7
2026-03-23 08:00:00+00:00,68318.75,68696.18,68318.75,68435.96,256655665.38
2026-03-23 09:00:00+00:00,68435.96,68464.98,67920.9,68333.46,120565359.95
2026-03-23 10:00:00+00:00,68333.46,68714.89,68298.75,68549.45,123513244.39
2026-03-23 11:00:00+00:00,68549.45,71314.05,68549.43,70126.81,1247902740.13
2026-03-23 12:00:00+00:00,70126.81,70878.93,69676.15,70746.21,389527588.65
2026-03-23 13:00:00+00:00,70746.21,71587.72,70599.19,71482.24,400035835.82
2026-03-23 14:00:00+00:00,71482.24,71808.43,71127.08,71449.22,371224340.7
2026-03-23 15:00:00+00:00,71449.22,71660.7,70106.29,70131.6,396625512.35
2026-03-23 16:00:00+00:00,70131.6,70755.9,70131.6,70563.0,323769141.3
2026-03-23 17:00:00+00:00,70563.0,71117.53,70365.64,71082.53,195421750.28
2026-03-23 18:00:00+00:00,71082.53,71192.54,70879.23,71075.69,154276695.81
2026-03-23 19:00:00+00:00,71075.69,71244.11,70650.45,70676.03,141312228.79
2026-03-23 20:00:00+00:00,70676.03,70982.84,70561.06,70912.62,87528283.48
2026-03-23 21:00:00+00:00,70912.62,70996.39,70824.46,70850.71,51801029.53
2026-03-23 22:00:00+00:00,70850.71,70894.51,70520.7,70778.91,76515960.79
2026-03-23 23:00:00+00:00,70778.91,70992.45,70408.66,70903.47,95670532.75
2026-03-24 00:00:00+00:00,70903.47,71095.0,70419.44,70681.9,177332602.04
2026-03-24 01:00:00+00:00,70681.9,70874.53,70290.58,70513.93,172594241.13
2026-03-24 02:00:00+00:00,70513.93,70695.02,70370.87,70453.81,115078119.19
2026-03-24 03:00:00+00:00,70453.81,70583.58,70402.2,70542.73,86920981.93
2026-03-24 04:00:00+00:00,70542.73,70741.32,70256.92,70375.3,108627420.16
2026-03-24 05:00:00+00:00,70375.3,70376.99,70123.64,70282.73,128009572.34
2026-03-24 06:00:00+00:00,70282.73,70573.03,70253.94,70537.95,122473276.83
2026-03-24 07:00:00+00:00,70537.95,71400.29,70486.73,71293.34,333489699.13
2026-03-24 08:00:00+00:00,71293.34,71335.17,70857.48,70966.49,168191055.43
2026-03-24 09:00:00+00:00,70966.49,71366.06,70847.92,71320.98,123387244.61
2026-03-24 10:00:00+00:00,71320.98,71327.74,71088.26,71272.72,123002851.04
2026-03-24 11:00:00+00:00,71272.72,71323.14,70962.31,71155.51,119456031.7
2026-03-24 12:00:00+00:00,71155.51,71174.72,70863.61,70957.69,114562029.96
2026-03-24 13:00:00+00:00,70957.69,71061.19,69979.6,70101.68,382405904.73
2026-03-24 14:00:00+00:00,70101.68,70462.3,69508.91,69869.58,451073314.39
2026-03-24 15:00:00+00:00,69869.58,70252.64,69771.26,69869.53,317705988.92
2026-03-24 16:00:00+00:00,69869.53,70003.49,69365.27,69474.5,248447750.65
2026-03-24 17:00:00+00:00,69474.5,69512.6,68922.1,69236.34,322151881.42
2026-03-24 18:00:00+00:00,69236.34,69743.56,69170.54,69427.72,216769824.4
2026-03-24 19:00:00+00:00,69427.72,69699.53,69277.92,69372.66,128812214.31
2026-03-24 20:00:00+00:00,69372.66,70288.59,69292.06,70092.5,239686133.14
2026-03-24 21:00:00+00:00,70092.5,70403.34,69901.12,70330.17,167111538.35
2026-03-24 22:00:00+00:00,70330.17,70586.13,70141.41,70316.5,158826449.3
2026-03-24 23:00:00+00:00,70316.5,70832.14,70268.28,70558.1,182861529.75
2026-03-25 00:00:00+00:00,70558.1,71056.39,70478.24,70844.06,196332223.57
2026-03-25 01:00:00+00:00,70844.06,70976.95,70631.25,70680.06,134365136.15
2026-03-25 02:00:00+00:00,70680.06,70765.31,70498.83,70528.94,111818043.91
2026-03-25 03:00:00+00:00,70528.94,70807.54,70414.52,70719.27,128219875.98
2026-03-25 04:00:00+00:00,70719.27,70972.9,70702.89,70968.43,105344764.62
2026-03-25 05:00:00+00:00,70968.43,71344.33,70940.97,71118.47,161050702.4
2026-03-25 06:00:00+00:00,71118.47,71259.31,70987.04,70989.1,179210809.51
2026-03-25 07:00:00+00:00,70989.1,71266.32,70892.74,70927.49,117080192.45
2026-03-25 08:00:00+00:00,70927.49,71502.83,70799.62,71246.05,220578098.32
2026-03-25 09:00:00+00:00,71246.05,71410.87,71096.13,71340.55,122994150.79
2026-03-25 10:00:00+00:00,71340.55,71606.52,71291.79,71497.59,122059809.3
2026-03-25 11:00:00+00:00,71497.59,72021.4,71469.34,71677.23,225723778.09
2026-03-25 12:00:00+00:00,71677.23,71951.96,71123.02,71720.44,259558557.41
2026-03-25 13:00:00+00:00,71720.44,71960.37,71513.62,71580.44,250523119.44
2026-03-25 14:00:00+00:00,71580.44,71694.13,71229.68,71233.68,256997779.11
2026-03-25 15:00:00+00:00,71233.68,71301.99,70572.12,70829.51,287759398.54
2026-03-25 16:00:00+00:00,70829.51,71740.68,70720.79,71320.6,279284798.17
2026-03-25 17:00:00+00:00,71320.6,71385.08,70722.17,70777.44,148607367.19
2026-03-25 18:00:00+00:00,70777.44,71147.77,70688.51,70811.72,131236294.9
2026-03-25 19:00:00+00:00,70811.72,71090.79,70775.73,70880.55,114417103.27
2026-03-25 20:00:00+00:00,70880.55,71057.26,70644.92,71005.69,108903200.57
2026-03-25 21:00:00+00:00,71005.69,71173.47,70949.67,71033.03,79555147.74
2026-03-25 22:00:00+00:00,71033.03,71566.28,70945.51,71370.7,113912598.64
2026-03-25 23:00:00+00:00,71370.7,71453.62,71188.42,71335.36,82899118.51
2026-03-26 00:00:00+00:00,71335.36,71439.42,71143.33,71297.94,102211710.87
2026-03-26 01:00:00+00:00,71297.94,71373.11,71156.35,71250.14,89926230.25
2026-03-26 02:00:00+00:00,71250.14,71286.98,70678.29,70892.17,122082298.46
2026-03-26 03:00:00+00:00,70892.17,70969.54,70685.91,70910.63,87967435.03
2026-03-26 04:00:00+00:00,70910.63,70911.79,70719.62,70771.63,67906883.49
2026-03-26 05:00:00+00:00,70771.63,70797.27,69950.79,70017.24,223023100.46
2026-03-26 06:00:00+00:00,70017.24,70151.17,69860.93,70097.88,183066013.53
2026-03-26 07:00:00+00:00,70097.88,70168.36,69811.84,70088.26,141908347.54
2026-03-26 08:00:00+00:00,70088.26,70127.36,69805.24,70023.56,182660008.02
2026-03-26 09:00:00+00:00,70023.56,70143.29,69412.02,69573.5,251972062.16
2026-03-26 10:00:00+00:00,69573.5,69714.78,69464.69,69516.81,127624011.47
2026-03-26 11:00:00+00:00,69516.81,69660.28,69190.56,69276.86,147579852.34
2026-03-26 12:00:00+00:00,69276.86,69460.28,69225.78,69436.85,125896110.9
2026-03-26 13:00:00+00:00,69436.85,69874.21,69220.21,69646.08,292785601.88
2026-03-26 14:00:00+00:00,69646.08,69835.86,69261.48,69482.38,244035534.78
2026-03-26 15:00:00+00:00,69482.38,69497.08,68712.6,69085.19,377036752.42
2026-03-26 16:00:00+00:00,69085.19,69085.63,68829.08,68931.03,193499760.6
2026-03-26 17:00:00+00:00,68931.03,69162.44,68430.02,68485.24,214525291.56
2026-03-26 18:00:00+00:00,68485.24,68605.56,68155.09,68494.99,294110454.08
2026-03-26 19:00:00+00:00,68494.99,68681.38,68357.44,68530.86,137576138.99
2026-03-26 20:00:00+00:00,68530.86,69383.33,68440.8,69004.72,341676324.3
2026-03-26 21:00:00+00:00,69004.72,69193.99,68878.82,68923.26,121112203.61
2026-03-26 22:00:00+00:00,68923.26,69026.67,68610.39,68889.73,119703989.56
2026-03-26 23:00:00+00:00,68889.73,68995.03,68638.22,68822.25,97440359.43
2026-03-27 00:00:00+00:00,68822.25,68965.1,68533.08,68782.93,130543441.65
2026-03-27 01:00:00+00:00,68782.93,69062.68,68699.07,69048.44,97968694.45
2026-03-27 02:00:00+00:00,69048.44,69176.99,68864.85,68904.8,118160952.39
2026-03-27 03:00:00+00:00,68904.8,68918.87,68676.58,68767.68,100205403.43
2026-03-27 04:00:00+00:00,68767.68,68792.1,68304.63,68578.03,145790645.14
2026-03-27 05:00:00+00:00,68578.03,68863.36,68512.64,68627.7,114797474.6
2026-03-27 06:00:00+00:00,68627.7,68846.61,68568.8,68657.98,90931018.34
2026-03-27 07:00:00+00:00,68657.98,68956.51,68438.95,68535.93,232548043.85
2026-03-27 08:00:00+00:00,68535.93,68629.52,67612.76,67920.6,346693319.63
2026-03-27 09:00:00+00:00,67920.6,67949.43,67551.21,67693.89,162557777.78
2026-03-27 10:00:00+00:00,67693.89,67776.08,66378.21,66500.33,471615556.57
2026-03-27 11:00:00+00:00,66500.33,66851.34,66244.8,66704.18,268120188.3
2026-03-27 12:00:00+00:00,66704.18,66775.55,66433.9,66618.26,187241794.86
2026-03-27 13:00:00+00:00,66618.26,66728.75,66028.58,66181.66,452652734.54
2026-03-27 14:00:00+00:00,66181.66,66400.25,65728.07,66200.6,438119829.39
2026-03-27 15:00:00+00:00,66200.6,66634.0,65963.12,66111.24,438169121.79
2026-03-27 16:00:00+00:00,66111.24,66176.33,65811.04,65979.92,262568739.97
2026-03-27 17:00:00+00:00,65979.92,66278.21,65603.01,65633.37,219714803.03
2026-03-27 18:00:00+00:00,65633.37,65949.69,65568.65,65839.09,178260161.71
2026-03-27 19:00:00+00:00,65839.09,66148.49,65700.2,66041.81,192838825.84
2026-03-27 20:00:00+00:00,66041.81,66155.73,65821.99,66022.08,129613611.67
2026-03-27 21:00:00+00:00,66022.08,66181.4,66014.97,66090.6,95579963.57
2026-03-27 22:00:00+00:00,66090.6,66093.44,65921.9,66024.15,93876613.13
2026-03-27 23:00:00+00:00,66024.15,66418.69,65973.15,66406.13,90130925.94
2026-03-28 00:00:00+00:00,66406.13,66516.6,66291.65,66431.53,87712930.99
2026-03-28 01:00:00+00:00,66431.53,66431.65,66058.86,66178.11,103503573.21
2026-03-28 02:00:00+00:00,66178.11,66249.74,65934.85,66052.01,86565810.03
2026-03-28 03:00:00+00:00,66052.01,66247.14,66052.0,66236.91,85521574.97
2026-03-28 04:00:00+00:00,66236.91,66303.12,66112.4,66281.23,68642830.61
2026-03-28 05:00:00+00:00,66281.23,66395.05,66203.45,66345.62,82225708.0
2026-03-28 06:00:00+00:00,66345.62,66494.95,66308.93,66387.53,89994352.32
2026-03-28 07:00:00+00:00,66387.53,66572.69,66382.18,66562.32,105360617.41
2026-03-28 08:00:00+00:00,66562.32,66566.51,66394.57,66409.67,98532514.79
2026-03-28 09:00:00+00:00,66409.67,66410.0,66246.26,66308.47,77434450.82
2026-03-28 10:00:00+00:00,66308.47,66412.37,66128.06,66220.33,55528927.37
2026-03-28 11:00:00+00:00,66220.33,66355.57,66202.59,66324.31,44377901.22
2026-03-28 12:00:00+00:00,66324.31,66524.56,66240.44,66455.01,67694110.55
2026-03-28 13:00:00+00:00,66455.01,67145.58,66407.24,66839.18,210865124.25
2026-03-28 14:00:00+00:00,66839.18,66962.75,66668.11,66743.21,118189037.03
2026-03-28 15:00:00+00:00,66743.21,67291.32,66717.77,67016.19,189479416.84
2026-03-28 16:00:00+00:00,67016.19,67097.2,66855.24,66928.42,103242468.13
2026-03-28 17:00:00+00:00,66928.42,66992.84,66705.96,66845.88,74203999.84
2026-03-28 18:00:00+00:00,66845.88,66951.83,66834.58,66910.44,45375940.26
2026-03-28 19:00:00+00:00,66910.44,66953.76,66803.47,66914.41,35302234.39
2026-03-28 20:00:00+00:00,66914.41,67010.12,66909.14,66915.9,57512048.22
2026-03-28 21:00:00+00:00,66915.9,66927.02,66600.11,66686.59,62082943.75
2026-03-28 22:00:00+00:00,66686.59,66789.74,66594.85,66756.03,68391861.88
2026-03-28 23:00:00+00:00,66756.03,66756.04,66284.58,66375.58,96814510.3
2026-03-29 00:00:00+00:00,66375.58,66499.5,66281.84,66487.48,78200708.73
2026-03-29 01:00:00+00:00,66487.48,66618.18,66386.75,66570.09,82970554.66
2026-03-29 02:00:00+00:00,66570.09,66842.42,66539.01,66814.1,74567218.08
2026-03-29 03:00:00+00:00,66814.1,67124.13,66760.72,66909.93,105464352.3
2026-03-29 04:00:00+00:00,66909.93,66938.0,66719.1,66736.21,51118696.06
2026-03-29 05:00:00+00:00,66736.21,66820.32,66602.26,66774.86,83645619.92
2026-03-29 06:00:00+00:00,66774.86,66873.91,66639.09,66738.68,57022133.1
2026-03-29 07:00:00+00:00,66738.68,66751.42,66557.73,66669.01,67317934.44
2026-03-29 08:00:00+00:00,66669.01,66776.14,66599.78,66724.0,46874185.93
2026-03-29 09:00:00+00:00,66724.0,66771.24,66547.91,66630.77,62463004.15
2026-03-29 10:00:00+00:00,66630.77,66630.77,66414.85,66504.62,58752469.47
2026-03-29 11:00:00+00:00,66504.62,66970.56,66504.61,66814.45,79227637.47
2026-03-29 12:00:00+00:00,66814.45,66870.82,66699.71,66848.29,71819731.61
2026-03-29 13:00:00+00:00,66848.29,66872.78,66528.9,66576.04,101056388.75
2026-03-29 14:00:00+00:00,66576.04,66796.15,66459.89,66592.11,101460086.73
2026-03-29 15:00:00+00:00,66592.11,66718.07,66332.08,66525.13,116120550.57
2026-03-29 16:00:00+00:00,66525.13,66664.11,66432.66,66496.5,75115687.31
2026-03-29 17:00:00+00:00,66496.5,66543.45,66169.13,66385.65,86314266.88
2026-03-29 18:00:00+00:00,66385.65,66538.93,66323.11,66427.56,46113361.45
2026-03-29 19:00:00+00:00,66427.56,66478.98,66323.69,66352.09,57714298.12
2026-03-29 20:00:00+00:00,66352.09,66791.24,66350.77,66612.18,88775142.87
2026-03-29 21:00:00+00:00,66612.18,66759.78,66507.38,66712.36,59017584.23
2026-03-29 22:00:00+00:00,66712.36,66712.65,64995.54,65856.59,428091239.11
2026-03-29 23:00:00+00:00,65856.59,66382.58,65856.52,66014.83,253212776.25
2026-03-30 00:00:00+00:00,66014.83,67014.97,65802.16,66276.89,329173530.98
2026-03-30 01:00:00+00:00,66276.89,66831.96,66276.88,66652.16,196350316.98
2026-03-30 02:00:00+00:00,66652.16,67438.5,66577.39,67118.72,256566854.46
2026-03-30 03:00:00+00:00,67118.72,67312.92,66978.89,67170.57,125389818.63
2026-03-30 04:00:00+00:00,67170.57,67648.78,67170.53,67615.38,165948808.69
2026-03-30 05:00:00+00:00,67615.38,67803.07,67442.32,67494.42,143842461.22
2026-03-30 06:00:00+00:00,67494.42,67583.11,67282.44,67306.62,143438202.26
2026-03-30 07:00:00+00:00,67306.62,67626.76,67231.69,67626.74,136197228.5
2026-03-30 08:00:00+00:00,67626.74,67927.93,67611.46,67669.99,248753763.06
2026-03-30 09:00:00+00:00,67669.99,67696.21,67459.4,67499.85,126928333.94
2026-03-30 10:00:00+00:00,67499.85,67520.26,67365.47,67488.48,76581116.47
2026-03-30 11:00:00+00:00,67488.48,67957.44,67488.48,67677.75,201519891.39
2026-03-30 12:00:00+00:00,67677.75,67978.79,67665.42,67897.33,154823911.73
2026-03-30 13:00:00+00:00,67897.33,68159.69,67449.29,67530.61,303363893.12
2026-03-30 14:00:00+00:00,67530.61,67865.74,67092.85,67804.48,294339048.78
2026-03-30 15:00:00+00:00,67804.48,67901.32,67410.29,67630.8,226384401.47
2026-03-30 16:00:00+00:00,67630.8,67645.51,67225.71,67367.96,142271535.81
2026-03-30 17:00:00+00:00,67367.96,67468.1,66652.03,66830.45,227659846.61
2026-03-30 18:00:00+00:00,66830.45,66926.53,66514.55,66656.9,163617485.57
2026-03-30 19:00:00+00:00,66656.9,66666.63,66238.05,66550.67,174673213.63
2026-03-30 20:00:00+00:00,66550.67,66693.62,66531.94,66651.46,90138518.09
2026-03-30 21:00:00+00:00,66651.46,66992.89,66588.52,66806.82,115850933.85
2026-03-30 22:00:00+00:00,66806.82,66991.55,66686.54,66783.38,61335021.88
2026-03-30 23:00:00+00:00,66783.38,66795.53,66418.54,66795.53,125057078.61
2026-03-31 00:00:00+00:00,66795.53,67302.71,66543.88,67208.66,186870962.35
2026-03-31 01:00:00+00:00,67208.66,68403.5,67053.46,67940.79,377789221.86
2026-03-31 02:00:00+00:00,67940.79,68097.03,67777.58,67952.09,130043390.58
2026-03-31 03:00:00+00:00,67952.09,68008.98,67651.1,67706.8,103480490.66
2026-03-31 04:00:00+00:00,67706.8,67898.74,67507.53,67546.17,193395463.85
2026-03-31 05:00:00+00:00,67546.17,67780.39,67402.29,67684.05,148446957.23
2026-03-31 06:00:00+00:00,67684.05,67710.47,67339.23,67497.3,116576093.12
2026-03-31 07:00:00+00:00,67497.3,67526.41,67106.54,67371.59,246055648.72
2026-03-31 08:00:00+00:00,67371.59,67500.21,66690.61,66778.1,187991120.47
2026-03-31 09:00:00+00:00,66778.1,66917.66,65995.87,66125.28,274158731.74
2026-03-31 10:00:00+00:00,66125.28,66472.85,66102.67,66361.7,168091562.83
2026-03-31 11:00:00+00:00,66361.7,66886.13,66242.17,66686.06,211332389.97
2026-03-31 12:00:00+00:00,66686.06,66937.62,66522.25,66655.43,142912991.72
2026-03-31 13:00:00+00:00,66655.43,67413.75,66655.43,67299.78,242897372.51
2026-03-31 14:00:00+00:00,67299.78,67765.56,66440.34,66588.05,349529568.56
2026-03-31 15:00:00+00:00,66588.05,67285.89,66588.05,66735.51,264037097.08
2026-03-31 16:00:00+00:00,66735.51,68019.52,66732.63,67669.38,320197959.38
2026-03-31 17:00:00+00:00,67669.38,68588.12,67408.82,67527.37,503523487.85
2026-03-31 18:00:00+00:00,67527.37,67945.92,67527.37,67852.76,141893885.25
2026-03-31 19:00:00+00:00,67852.76,68030.52,67716.73,67838.87,123222492.45
2026-03-31 20:00:00+00:00,67838.87,68268.36,67836.7,68265.82,139213093.63
2026-03-31 21:00:00+00:00,68265.82,68408.73,67886.65,68275.59,150072484.36
2026-03-31 22:00:00+00:00,68275.59,68341.29,67977.78,68176.05,136395605.82
2026-03-31 23:00:00+00:00,68176.05,68370.65,68091.37,68282.28,113204554.07
2026-04-01 00:00:00+00:00,68282.28,68330.54,67863.17,68325.43,134353603.74
2026-04-01 01:00:00+00:00,68325.43,68363.52,67768.2,67785.01,209377499.5
2026-04-01 02:00:00+00:00,67785.01,67911.96,67593.18,67665.25,360036758.01
2026-04-01 03:00:00+00:00,67665.25,68246.64,67665.24,68169.52,203800209.05
2026-04-01 04:00:00+00:00,68169.52,68466.23,68021.38,68304.44,162615187.25
2026-04-01 05:00:00+00:00,68304.44,68751.01,68153.41,68457.85,191095240.77
2026-04-01 06:00:00+00:00,68457.85,69237.01,68457.85,69105.42,234722913.12
2026-04-01 07:00:00+00:00,69105.42,69296.36,68672.3,68694.55,250646706.5
2026-04-01 08:00:00+00:00,68694.55,68851.79,68444.11,68667.55,209912680.89
2026-04-01 09:00:00+00:00,68667.55,68734.31,68392.94,68645.01,114222629.53
2026-04-01 10:00:00+00:00,68645.01,68662.85,68409.21,68583.58,130585424.94
2026-04-01 11:00:00+00:00,68583.58,68736.17,68507.13,68711.29,114398104.51
2026-04-01 12:00:00+00:00,68711.29,68718.05,68258.9,68392.5,237720753.66
2026-04-01 13:00:00+00:00,68392.5,68679.33,67937.59,68113.31,260612395.85
2026-04-01 14:00:00+00:00,68113.31,68680.7,68059.27,68592.21,228850678.43
2026-04-01 15:00:00+00:00,68592.21,68954.76,68427.74,68916.51,180647870.07
2026-04-01 16:00:00+00:00,68916.51,68988.32,68612.64,68816.24,169681624.75
2026-04-01 17:00:00+00:00,68816.24,69168.19,68247.32,68263.23,182097214.38
2026-04-01 18:00:00+00:00,68263.23,68317.55,67942.24,68080.15,172168493.53
2026-04-01 19:00:00+00:00,68080.15,68285.84,68028.57,68169.44,110951713.32
2026-04-01 20:00:00+00:00,68169.44,68247.95,67962.46,68190.79,78760373.66
2026-04-01 21:00:00+00:00,68190.79,68532.33,68172.3,68362.18,85333319.51
2026-04-01 22:00:00+00:00,68362.18,68362.19,68069.89,68121.76,82797040.5
2026-04-01 23:00:00+00:00,68121.76,68249.97,67995.82,68112.98,86321472.76
2026-04-02 00:00:00+00:00,68112.98,68650.56,68048.5,68599.35,105764484.7
2026-04-02 01:00:00+00:00,68599.35,68599.35,67048.71,67358.76,438934541.62
2026-04-02 02:00:00+00:00,67358.76,67358.76,66639.09,66858.98,217540173.34
2026-04-02 03:00:00+00:00,66858.98,66964.86,66500.26,66581.59,138175275.52
2026-04-02 04:00:00+00:00,66581.59,66651.37,66222.45,66330.91,161834347.41
2026-04-02 05:00:00+00:00,66330.91,66643.91,66310.62,66592.49,163319234.69
2026-04-02 06:00:00+00:00,66592.49,66819.13,66548.08,66681.06,102306441.09
2026-04-02 07:00:00+00:00,66681.06,66941.06,66558.21,66926.63,130640042.67
2026-04-02 08:00:00+00:00,66926.63,66926.63,66357.32,66442.42,133467859.36
2026-04-02 09:00:00+00:00,66442.42,66513.46,66301.34,66467.04,97027184.62
2026-04-02 10:00:00+00:00,66467.04,66509.35,66228.84,66458.64,83808605.88
2026-04-02 11:00:00+00:00,66458.64,66486.37,66173.3,66218.84,156037153.13
2026-04-02 12:00:00+00:00,66218.84,66247.69,65963.06,66050.7,202013361.06
2026-04-02 13:00:00+00:00,66050.7,66280.22,65734.35,66270.97,249761895.46
2026-04-02 14:00:00+00:00,66270.97,67104.65,66166.94,66866.83,389166148.25
2026-04-02 15:00:00+00:00,66866.83,66991.07,66645.86,66855.15,195903898.5
2026-04-02 16:00:00+00:00,66855.15,67266.89,66760.71,67096.8,184789179.82
2026-04-02 17:00:00+00:00,67096.8,67431.19,66668.31,66680.75,242296964.12
2026-04-02 18:00:00+00:00,66680.75,67067.64,66599.15,66981.78,153191925.09
2026-04-02 19:00:00+00:00,66981.78,67108.48,66877.8,66978.38,108396671.77
2026-04-02 20:00:00+00:00,66978.38,67101.53,66801.3,66938.56,123034334.73
2026-04-02 21:00:00+00:00,66938.56,67010.92,66729.59,66938.32,127011306.06
2026-04-02 22:00:00+00:00,66938.32,67038.48,66827.56,66983.86,111965416.8
2026-04-02 23:00:00+00:00,66983.86,67095.77,66855.06,66900.5,121608826.79
2026-04-03 00:00:00+00:00,66900.5,66999.75,66703.94,66786.36,107984403.74
2026-04-03 01:00:00+00:00,66786.36,66903.51,66492.25,66628.72,138925151.59
2026-04-03 02:00:00+00:00,66628.72,66750.18,66283.66,66535.1,123001388.31
2026-04-03 03:00:00+00:00,66535.1,66723.03,66494.42,66584.56,132712688.54
2026-04-03 04:00:00+00:00,66584.56,66698.3,66504.92,66605.91,103728371.13
2026-04-03 05:00:00+00:00,66605.91,66807.65,66417.67,66604.66,106559389.6
2026-04-03 06:00:00+00:00,66604.66,66799.32,66557.34,66796.02,75051332.55
2026-04-03 07:00:00+00:00,66796.02,67250.77,66758.71,67042.14,150700390.92
2026-04-03 08:00:00+00:00,67042.14,67287.85,66902.86,66965.59,135086640.68
2026-04-03 09:00:00+00:00,66965.59,67007.73,66751.25,66861.3,84183422.25
2026-04-03 10:00:00+00:00,66861.3,66898.71,66681.47,66884.06,57625360.08
2026-04-03 11:00:00+00:00,66884.06,67055.8,66826.62,67015.59,58081865.71
2026-04-03 12:00:00+00:00,67015.59,67319.75,66647.16,66725.98,161591544.98
2026-04-03 13:00:00+00:00,66725.98,66735.16,66511.87,66673.42,107402483.33
2026-04-03 14:00:00+00:00,66673.42,66988.59,66634.74,66934.69,99822196.31
2026-04-03 15:00:00+00:00,66934.69,67024.02,66821.73,66840.77,82290225.61
2026-04-03 16:00:00+00:00,66840.77,67066.11,66828.16,67008.91,68919045.39
2026-04-03 17:00:00+00:00,67008.91,67065.53,66759.53,66846.88,86228273.49
2026-04-03 18:00:00+00:00,66846.88,66928.69,66781.22,66815.03,56429003.9
2026-04-03 19:00:00+00:00,66815.03,66907.26,66775.78,66885.59,45695243.67
2026-04-03 20:00:00+00:00,66885.59,66917.91,66832.26,66832.43,31854823.91
2026-04-03 21:00:00+00:00,66832.43,66975.8,66827.59,66964.3,59904917.19
2026-04-03 22:00:00+00:00,66964.3,66971.18,66844.18,66889.12,45972322.71
2026-04-03 23:00:00+00:00,66889.12,66962.74,66829.6,66962.74,62041078.72
2026-04-04 00:00:00+00:00,66962.74,66965.18,66875.51,66893.28,29897337.48
2026-04-04 01:00:00+00:00,66893.28,66923.36,66828.48,66851.13,54620694.22
2026-04-04 02:00:00+00:00,66851.13,66919.51,66814.43,66844.1,33177055.78
2026-04-04 03:00:00+00:00,66844.1,66904.55,66831.58,66833.12,27607820.27
2026-04-04 04:00:00+00:00,66833.12,66873.57,66776.98,66860.38,41629964.3
2026-04-04 05:00:00+00:00,66860.38,66935.53,66844.54,66911.11,83198337.71
2026-04-04 06:00:00+00:00,66911.11,67046.72,66911.02,67013.81,52215733.19
2026-04-04 07:00:00+00:00,67013.81,67049.18,66942.29,67016.05,92324672.04
2026-04-04 08:00:00+00:00,67016.05,67058.91,66915.33,66941.02,70493743.16
2026-04-04 09:00:00+00:00,66941.02,66990.39,66918.53,66984.76,52752129.0
2026-04-04 10:00:00+00:00,66984.76,67167.92,66915.53,67167.28,66308725.12
2026-04-04 11:00:00+00:00,67167.28,67229.44,67085.41,67156.46,83287107.27
2026-04-04 12:00:00+00:00,67156.46,67181.75,67059.14,67097.67,45941941.48
2026-04-04 13:00:00+00:00,67097.67,67267.03,67083.49,67195.69,72243196.35
2026-04-04 14:00:00+00:00,67195.69,67218.14,67028.24,67210.85,89158949.89
2026-04-04 15:00:00+00:00,67210.85,67524.7,67179.39,67384.08,128517048.56
2026-04-04 16:00:00+00:00,67384.08,67520.91,67329.29,67365.17,71461257.36
2026-04-04 17:00:00+00:00,67365.17,67417.72,67289.97,67336.27,74005194.27
2026-04-04 18:00:00+00:00,67336.27,67380.46,67268.6,67297.18,43353350.67
2026-04-04 19:00:00+00:00,67297.18,67542.65,67276.92,67288.91,60797349.53
2026-04-04 20:00:00+00:00,67288.91,67293.31,67185.29,67268.12,58554445.37
2026-04-04 21:00:00+00:00,67268.12,67478.32,67215.44,67357.98,68345980.63
2026-04-04 22:00:00+00:00,67357.98,67467.4,67341.33,67399.47,66823067.2
2026-04-04 23:00:00+00:00,67399.47,67400.2,67258.22,67301.84,67986470.26
2026-04-05 00:00:00+00:00,67301.84,67306.64,67165.93,67215.95,68478604.01
2026-04-05 01:00:00+00:00,67215.95,67230.04,67080.36,67087.37,65407124.76
2026-04-05 02:00:00+00:00,67087.37,67176.14,66983.88,67170.41,66376252.61
2026-04-05 03:00:00+00:00,67170.41,67190.91,67088.66,67145.91,53991218.24
2026-04-05 04:00:00+00:00,67145.91,67187.99,67072.08,67099.2,43069554.58
2026-04-05 05:00:00+00:00,67099.2,67153.5,66895.7,66928.74,73309444.31
2026-04-05 06:00:00+00:00,66928.74,66942.32,66611.29,66801.08,117153855.01
2026-04-05 07:00:00+00:00,66801.08,66911.14,66718.72,66820.13,94826440.28
2026-04-05 08:00:00+00:00,66820.13,66937.13,66817.12,66932.72,57824605.24
2026-04-05 09:00:00+00:00,66932.72,67045.91,66900.57,67032.67,66090405.23
2026-04-05 10:00:00+00:00,67032.67,67147.2,66969.09,67047.01,65051500.23
2026-04-05 11:00:00+00:00,67047.01,67085.81,66971.88,67001.07,58861643.21
2026-04-05 12:00:00+00:00,67001.07,67001.08,66687.58,66786.19,115727004.93
2026-04-05 13:00:00+00:00,66786.19,66919.11,66700.01,66894.37,74164780.27
2026-04-05 14:00:00+00:00,66894.37,66968.29,66819.55,66920.46,65259512.29
2026-04-05 15:00:00+00:00,66920.46,67831.65,66831.56,67304.51,269105597.61
2026-04-05 16:00:00+00:00,67304.51,67411.21,67175.85,67211.28,74855646.17
2026-04-05 17:00:00+00:00,67211.28,67402.83,67184.95,67374.18,58220045.91
2026-04-05 18:00:00+00:00,67374.18,67453.05,67278.63,67408.96,51778118.05
2026-04-05 19:00:00+00:00,67408.96,67559.65,67282.79,67356.71,68498980.41
2026-04-05 20:00:00+00:00,67356.71,67705.23,67334.16,67658.42,81126986.54
2026-04-05 21:00:00+00:00,67658.42,67682.15,67418.34,67548.41,85407224.08
2026-04-05 22:00:00+00:00,67548.41,68369.87,67344.82,68339.5,255372164.14
2026-04-05 23:00:00+00:00,68339.5,69131.99,68266.06,69030.27,354830206.69
2026-04-06 00:00:00+00:00,69030.27,69573.0,69030.22,69083.3,345449503.72
2026-04-06 01:00:00+00:00,69083.3,69132.27,68789.92,68808.34,167129136.75
2026-04-06 02:00:00+00:00,68808.34,69406.27,68779.27,69209.0,188466241.51
2026-04-06 03:00:00+00:00,69209.0,69256.28,69064.27,69122.67,112593115.16
2026-04-06 04:00:00+00:00,69122.67,69211.25,68981.08,69139.46,97761611.36
2026-04-06 05:00:00+00:00,69139.46,69243.27,69087.74,69197.34,102721651.92
2026-04-06 06:00:00+00:00,69197.34,69352.8,68807.89,68977.83,143925739.14
2026-04-06 07:00:00+00:00,68977.83,69212.98,68825.05,69112.93,143834506.32
2026-04-06 08:00:00+00:00,69112.93,69347.11,69079.73,69224.42,110454978.33
2026-04-06 09:00:00+00:00,69224.42,70264.3,69214.27,69727.02,385174376.52
2026-04-06 10:00:00+00:00,69727.02,69945.46,69703.09,69769.11,172927538.79
2026-04-06 11:00:00+00:00,69769.11,69769.11,69565.4,69614.16,87912996.51
2026-04-06 12:00:00+00:00,69614.16,69631.1,69329.69,69366.34,126928794.96
2026-04-06 13:00:00+00:00,69366.34,69546.63,69240.62,69426.07,174727527.66
2026-04-06 14:00:00+00:00,69426.07,69810.06,69172.38,69654.41,302761189.65
2026-04-06 15:00:00+00:00,69654.41,69970.95,69529.95,69965.34,204600095.36
2026-04-06 16:00:00+00:00,69965.34,70339.18,69780.93,69797.99,255474706.27
2026-04-06 17:00:00+00:00,69797.99,69818.9,69276.74,69574.12,211224292.5
2026-04-06 18:00:00+00:00,69574.12,69951.84,69476.57,69889.7,128500957.06
2026-04-06 19:00:00+00:00,69889.7,69897.52,69582.07,69749.56,284604826.57
2026-04-06 20:00:00+00:00,69749.56,69974.62,69621.93,69823.77,114044862.82
2026-04-06 21:00:00+00:00,69823.77,69823.77,69432.32,69508.75,104708500.02
2026-04-06 22:00:00+00:00,69508.75,69583.44,68809.36,68809.57,154320371.19
2026-04-06 23:00:00+00:00,68809.57,68906.85,68317.4,68849.19,219277592.09
2026-04-07 00:00:00+00:00,68849.19,69123.73,68727.42,68773.88,156398528.69
2026-04-07 01:00:00+00:00,68773.88,68899.1,68353.22,68399.42,161980101.27
2026-04-07 02:00:00+00:00,68399.42,68712.73,68277.36,68674.12,109856068.65
2026-04-07 03:00:00+00:00,68674.12,68800.21,68625.17,68778.05,98426466.84
2026-04-07 04:00:00+00:00,68778.05,68977.65,68546.49,68852.88,107206420.8
2026-04-07 05:00:00+00:00,68852.88,68860.1,68616.19,68665.29,104296833.06
2026-04-07 06:00:00+00:00,68665.29,68665.29,68440.36,68569.83,103686243.71
2026-04-07 07:00:00+00:00,68569.83,68705.62,68502.08,68619.32,72298939.67
2026-04-07 08:00:00+00:00,68619.32,68982.39,68603.74,68937.37,109784837.75
2026-04-07 09:00:00+00:00,68937.37,69243.19,68930.01,69144.1,130864266.81
2026-04-07 10:00:00+00:00,69144.1,69198.44,68202.54,68232.62,236118895.99
2026-04-07 11:00:00+00:00,68232.62,68453.9,68072.71,68344.5,152122093.81
2026-04-07 12:00:00+00:00,68344.5,68569.78,68080.17,68393.8,198191359.93
2026-04-07 13:00:00+00:00,68393.8,68631.09,68198.45,68234.77,221113887.54
2026-04-07 14:00:00+00:00,68234.77,68252.97,67765.76,67859.56,306882196.35
2026-04-07 15:00:00+00:00,67859.56,68256.37,67732.36,68165.52,240502540.71
2026-04-07 16:00:00+00:00,68165.52,68449.55,68084.03,68232.51,195673665.17
2026-04-07 17:00:00+00:00,68232.51,69000.29,68196.15,68702.06,227599086.66
2026-04-07 18:00:00+00:00,68702.06,68771.03,68355.07,68442.07,145722114.67
2026-04-07 19:00:00+00:00,68442.07,69091.56,68356.09,69009.12,326088987.3
2026-04-07 20:00:00+00:00,69009.12,69534.5,69009.08,69316.47,316773476.79
2026-04-07 21:00:00+00:00,69316.47,70217.48,69311.95,69924.17,428658497.83
2026-04-07 22:00:00+00:00,69924.17,71519.92,69924.14,71511.68,690349026.35
2026-04-07 23:00:00+00:00,71511.68,72761.36,71192.69,71923.59,810332310.73
2026-04-08 00:00:00+00:00,71923.59,72109.09,71547.06,71707.83,296411675.31
2026-04-08 01:00:00+00:00,71707.83,71753.25,71455.88,71474.87,154988453.53
2026-04-08 02:00:00+00:00,71474.87,71727.98,71245.73,71364.31,202932441.62
2026-04-08 03:00:00+00:00,71364.31,71482.82,71274.79,71292.29,103289186.55
2026-04-08 04:00:00+00:00,71292.29,71681.94,71290.94,71570.56,140985761.22
2026-04-08 05:00:00+00:00,71570.56,71833.55,71557.84,71734.48,167331139.96
2026-04-08 06:00:00+00:00,71734.48,71945.03,71584.14,71732.22,182623832.07
2026-04-08 07:00:00+00:00,71732.22,71906.46,71581.48,71634.65,261101227.65
2026-04-08 08:00:00+00:00,71634.65,71826.92,71634.05,71798.78,140676518.9
2026-04-08 09:00:00+00:00,71798.78,71950.6,71593.23,71683.03,105495993.45
2026-04-08 10:00:00+00:00,71683.03,71786.11,71462.24,71475.91,169052308.06
2026-04-08 11:00:00+00:00,71475.91,71728.22,71408.11,71676.33,169604247.5
2026-04-08 12:00:00+00:00,71676.33,72155.08,71579.18,72070.01,234736257.86
2026-04-08 13:00:00+00:00,72070.01,72853.64,71507.6,71600.51,605796464.45
2026-04-08 14:00:00+00:00,71600.51,71750.14,70708.38,70909.99,440593794.95
2026-04-08 15:00:00+00:00,70909.99,71349.33,70831.57,71306.21,235754832.18
2026-04-08 16:00:00+00:00,71306.21,71673.06,71251.28,71600.76,211696577.68
2026-04-08 17:00:00+00:00,71600.76,71958.4,71490.47,71887.49,225382599.27
2026-04-08 18:00:00+00:00,71887.49,71887.9,71084.57,71097.37,219974909.76
2026-04-08 19:00:00+00:00,71097.37,71372.32,71018.96,71326.65,146093312.9
2026-04-08 20:00:00+00:00,71326.65,71479.21,71277.83,71372.67,89169035.76
2026-04-08 21:00:00+00:00,71372.67,71748.33,71330.3,71550.1,98791558.94
2026-04-08 22:00:00+00:00,71550.1,71559.24,71065.1,71065.31,92890242.39
2026-04-08 23:00:00+00:00,71065.31,71206.47,70903.17,71071.86,114893321.25
2026-04-09 00:00:00+00:00,71071.86,71134.57,70654.16,70814.58,157970777.54
2026-04-09 01:00:00+00:00,70814.58,70953.64,70462.97,70926.19,165123020.69
2026-04-09 02:00:00+00:00,70926.19,71195.83,70813.24,71059.12,144275588.23
2026-04-09 03:00:00+00:00,71059.12,71122.05,70847.08,70993.66,142157912.7
2026-04-09 04:00:00+00:00,70993.66,71008.2,70739.96,70783.99,100848809.69
2026-04-09 05:00:00+00:00,70783.99,71087.16,70698.96,70984.92,96070193.12
2026-04-09 06:00:00+00:00,70984.92,71082.67,70812.03,71026.93,92255893.42
2026-04-09 07:00:00+00:00,71026.93,71113.82,70952.93,70978.91,155412222.56
2026-04-09 08:00:00+00:00,70978.91,71369.26,70870.53,71250.44,161033412.12
2026-04-09 09:00:00+00:00,71250.44,71569.35,71109.12,71536.02,146910824.66
2026-04-09 10:00:00+00:00,71536.02,71539.1,71279.26,71279.26,82183697.11
2026-04-09 11:00:00+00:00,71279.26,71354.31,71053.36,71151.76,203287108.45
2026-04-09 12:00:00+00:00,71151.76,71329.94,71041.97,71285.91,147809926.32
2026-04-09 13:00:00+00:00,71285.91,71349.55,70633.21,70805.41,199561754.14
2026-04-09 14:00:00+00:00,70805.41,71247.08,70526.62,71126.13,246879552.47
2026-04-09 15:00:00+00:00,71126.13,72357.28,70930.29,72142.89,459581046.85
2026-04-09 16:00:00+00:00,72142.89,72399.31,71731.39,72079.89,307574505.38
2026-04-09 17:00:00+00:00,72079.89,72549.18,72065.74,72346.55,307110594.56
2026-04-09 18:00:00+00:00,72346.55,72377.86,71743.91,71886.63,169875832.8
2026-04-09 19:00:00+00:00,71886.63,72298.55,71747.32,72096.34,177944155.52
2026-04-09 20:00:00+00:00,72096.34,72452.41,71984.18,72412.9,155142635.66
2026-04-09 21:00:00+00:00,72412.9,72697.96,72144.73,72264.84,184230786.44
2026-04-09 22:00:00+00:00,72264.84,73120.27,71946.58,71946.6,289750191.74
2026-04-09 23:00:00+00:00,71946.6,72030.19,71590.75,71790.98,206987787.58
2026-04-10 00:00:00+00:00,71790.98,72028.46,71583.83,71933.13,177830825.08
2026-04-10 01:00:00+00:00,71966.39,72080.16,71823.18,72012.27,52197024.09
