timestamp,open,high,low,close,volume
2025-05-11 19:00:00+00:00,0.2062,0.2069,0.2045,0.2049,2770675.46
2025-05-11 20:00:00+00:00,0.2049,0.2057,0.2043,0.2057,1505936.78
2025-05-11 21:00:00+00:00,0.2057,0.2067,0.205,0.2065,1313184.94
2025-05-11 22:00:00+00:00,0.2065,0.2072,0.2041,0.2054,2486977.16
2025-05-11 23:00:00+00:00,0.2054,0.2069,0.2054,0.2068,2182422.63
2025-05-12 00:00:00+00:00,0.2068,0.2099,0.2067,0.2098,3912611.45
2025-05-12 01:00:00+00:00,0.2098,0.211,0.2047,0.2064,5285750.72
2025-05-12 02:00:00+00:00,0.2064,0.2084,0.2064,0.2076,3462335.14
2025-05-12 03:00:00+00:00,0.2076,0.2091,0.2061,0.2091,3107293.18
2025-05-12 04:00:00+00:00,0.2091,0.211,0.2082,0.2103,3670011.91
2025-05-12 05:00:00+00:00,0.2103,0.2107,0.2064,0.2082,2820804.73
2025-05-12 06:00:00+00:00,0.2082,0.2118,0.2074,0.2117,4314618.43
2025-05-12 07:00:00+00:00,0.2117,0.2181,0.2117,0.2144,15069409.11
2025-05-12 08:00:00+00:00,0.2144,0.2166,0.212,0.2164,6198515.61
2025-05-12 09:00:00+00:00,0.2164,0.217,0.2136,0.2138,3352100.92
2025-05-12 10:00:00+00:00,0.2138,0.2146,0.2127,0.2139,4085904.81
2025-05-12 11:00:00+00:00,0.2139,0.2165,0.2111,0.2115,7786277.45
2025-05-12 12:00:00+00:00,0.2115,0.2265,0.2112,0.223,18404686.89
2025-05-12 13:00:00+00:00,0.223,0.2287,0.2204,0.2257,24698370.27
2025-05-12 14:00:00+00:00,0.2257,0.2263,0.217,0.2203,22534120.29
2025-05-12 15:00:00+00:00,0.2203,0.2219,0.2157,0.2181,16725392.52
2025-05-12 16:00:00+00:00,0.2181,0.2253,0.2168,0.223,11120070.61
2025-05-12 17:00:00+00:00,0.223,0.2243,0.2174,0.2185,9473868.37
2025-05-12 18:00:00+00:00,0.2185,0.2199,0.2073,0.2106,17479106.89
2025-05-12 19:00:00+00:00,0.2106,0.2138,0.2101,0.213,7773770.64
2025-05-12 20:00:00+00:00,0.213,0.2142,0.2108,0.2137,4765626.53
2025-05-12 21:00:00+00:00,0.2137,0.216,0.2133,0.214,4549163.88
2025-05-12 22:00:00+00:00,0.214,0.2176,0.2131,0.2161,4101305.12
2025-05-12 23:00:00+00:00,0.2161,0.2178,0.2145,0.2151,2898360.49
2025-05-13 00:00:00+00:00,0.2151,0.2154,0.2096,0.2099,6003625.61
2025-05-13 01:00:00+00:00,0.2099,0.2108,0.2055,0.2069,6537545.03
2025-05-13 02:00:00+00:00,0.2069,0.2077,0.2031,0.2046,8723413.11
2025-05-13 03:00:00+00:00,0.2046,0.2051,0.2012,0.2014,5315502.63
2025-05-13 04:00:00+00:00,0.2014,0.2056,0.2007,0.2056,4546870.81
2025-05-13 05:00:00+00:00,0.2056,0.2061,0.2042,0.2054,2050192.36
2025-05-13 06:00:00+00:00,0.2054,0.2077,0.2053,0.2062,2964604.48
2025-05-13 07:00:00+00:00,0.2062,0.209,0.206,0.2068,2839984.87
2025-05-13 08:00:00+00:00,0.2068,0.2083,0.2065,0.2072,2286454.97
2025-05-13 09:00:00+00:00,0.2072,0.2103,0.2072,0.2099,3360014.78
2025-05-13 10:00:00+00:00,0.2099,0.2099,0.208,0.2093,2240871.1
2025-05-13 11:00:00+00:00,0.2093,0.2118,0.2087,0.2094,3225648.87
2025-05-13 12:00:00+00:00,0.2094,0.2119,0.2076,0.21,6030998.84
2025-05-13 13:00:00+00:00,0.21,0.2121,0.2095,0.2104,4160563.25
2025-05-13 14:00:00+00:00,0.2104,0.2106,0.2065,0.2078,5812470.74
2025-05-13 15:00:00+00:00,0.2078,0.2106,0.2074,0.2104,4084561.42
2025-05-13 16:00:00+00:00,0.2104,0.2146,0.2104,0.2131,5670577.7
2025-05-13 17:00:00+00:00,0.2131,0.2147,0.2125,0.2138,3622666.71
2025-05-13 18:00:00+00:00,0.2138,0.2163,0.2135,0.2162,3738231.64
2025-05-13 19:00:00+00:00,0.2162,0.2185,0.2147,0.217,6800289.11
2025-05-13 20:00:00+00:00,0.217,0.2176,0.2152,0.217,6570332.01
2025-05-13 21:00:00+00:00,0.217,0.2177,0.2157,0.2169,2342648.83
2025-05-13 22:00:00+00:00,0.2169,0.2174,0.2154,0.2165,2457165.14
2025-05-13 23:00:00+00:00,0.2165,0.2176,0.2146,0.2161,3080734.4
2025-05-14 00:00:00+00:00,0.2161,0.2168,0.2128,0.2147,4104489.01
2025-05-14 01:00:00+00:00,0.2147,0.216,0.2128,0.2135,3801612.1
2025-05-14 02:00:00+00:00,0.2135,0.2135,0.2106,0.2124,5035826.87
2025-05-14 03:00:00+00:00,0.2124,0.2128,0.2113,0.2128,2000860.66
2025-05-14 04:00:00+00:00,0.2128,0.2145,0.2111,0.2143,3054061.2
2025-05-14 05:00:00+00:00,0.2143,0.2155,0.2135,0.2149,2474227.65
2025-05-14 06:00:00+00:00,0.2149,0.2161,0.2147,0.2158,2999353.2
2025-05-14 07:00:00+00:00,0.2158,0.2159,0.2127,0.2146,3506300.87
2025-05-14 08:00:00+00:00,0.2146,0.2159,0.2085,0.2086,7682118.45
2025-05-14 09:00:00+00:00,0.2086,0.2123,0.2082,0.211,5380217.43
2025-05-14 10:00:00+00:00,0.211,0.2123,0.2102,0.2112,2735280.18
2025-05-14 11:00:00+00:00,0.2112,0.2126,0.2111,0.2112,1827910.1
2025-05-14 12:00:00+00:00,0.2112,0.2114,0.2082,0.2088,4330746.11
2025-05-14 13:00:00+00:00,0.2088,0.211,0.2049,0.2081,9615329.95
2025-05-14 14:00:00+00:00,0.2081,0.2081,0.205,0.206,4164600.54
2025-05-14 15:00:00+00:00,0.206,0.2074,0.2049,0.2069,3580630.05
2025-05-14 16:00:00+00:00,0.2069,0.2076,0.2048,0.2059,2624731.06
2025-05-14 17:00:00+00:00,0.2059,0.2064,0.2039,0.2064,2927570.21
2025-05-14 18:00:00+00:00,0.2064,0.2073,0.2055,0.2069,2718402.0
2025-05-14 19:00:00+00:00,0.2069,0.2078,0.2064,0.2075,1385510.69
2025-05-14 20:00:00+00:00,0.2075,0.209,0.2074,0.2085,2008333.97
2025-05-14 21:00:00+00:00,0.2085,0.2085,0.2067,0.2077,1571753.95
2025-05-14 22:00:00+00:00,0.2077,0.2079,0.2059,0.2062,1116360.16
2025-05-14 23:00:00+00:00,0.2062,0.2063,0.2046,0.2061,1481257.02
2025-05-15 00:00:00+00:00,0.2061,0.2078,0.2058,0.2076,1774786.61
2025-05-15 01:00:00+00:00,0.2076,0.2078,0.2024,0.2032,3105730.59
2025-05-15 02:00:00+00:00,0.2032,0.2051,0.2028,0.2046,1510545.57
2025-05-15 03:00:00+00:00,0.2046,0.2053,0.2029,0.2032,1036164.0
2025-05-15 04:00:00+00:00,0.2032,0.2051,0.203,0.205,952674.71
2025-05-15 05:00:00+00:00,0.205,0.205,0.2009,0.2014,2100797.93
2025-05-15 06:00:00+00:00,0.2014,0.2033,0.1998,0.2016,4406373.21
2025-05-15 07:00:00+00:00,0.2016,0.2022,0.1973,0.1978,6548747.29
2025-05-15 08:00:00+00:00,0.1978,0.2016,0.1978,0.2016,3837126.74
2025-05-15 09:00:00+00:00,0.2016,0.2016,0.1978,0.1998,3942828.01
2025-05-15 10:00:00+00:00,0.1998,0.2001,0.1967,0.1986,3721085.75
2025-05-15 11:00:00+00:00,0.1986,0.2006,0.1984,0.1997,2517706.89
2025-05-15 12:00:00+00:00,0.1997,0.201,0.1982,0.1995,5656401.43
2025-05-15 13:00:00+00:00,0.1995,0.201,0.1957,0.1979,6149529.89
2025-05-15 14:00:00+00:00,0.1979,0.1985,0.1934,0.1949,7498931.07
2025-05-15 15:00:00+00:00,0.1949,0.2001,0.1948,0.1997,4318950.34
2025-05-15 16:00:00+00:00,0.1997,0.2021,0.1986,0.202,3773786.68
2025-05-15 17:00:00+00:00,0.202,0.2032,0.2011,0.2016,2880992.25
2025-05-15 18:00:00+00:00,0.2016,0.2018,0.1963,0.1973,3049177.4
2025-05-15 19:00:00+00:00,0.1973,0.2,0.1966,0.1993,2464226.01
2025-05-15 20:00:00+00:00,0.1993,0.2006,0.1978,0.198,3815147.16
2025-05-15 21:00:00+00:00,0.198,0.1986,0.1947,0.1982,1999310.78
2025-05-15 22:00:00+00:00,0.1982,0.1999,0.197,0.1971,1715964.85
2025-05-15 23:00:00+00:00,0.1971,0.1981,0.1939,0.198,2892844.05
2025-05-16 00:00:00+00:00,0.198,0.1999,0.1973,0.1984,2196576.16
2025-05-16 01:00:00+00:00,0.1984,0.1991,0.1962,0.1985,2588929.82
2025-05-16 02:00:00+00:00,0.1985,0.2003,0.1979,0.2,3235210.99
2025-05-16 03:00:00+00:00,0.2,0.2013,0.1999,0.2007,2105887.3
2025-05-16 04:00:00+00:00,0.2007,0.2012,0.1987,0.1997,2381310.92
2025-05-16 05:00:00+00:00,0.1997,0.201,0.1997,0.2003,1135891.42
2025-05-16 06:00:00+00:00,0.2003,0.2008,0.1997,0.2005,1181027.03
2025-05-16 07:00:00+00:00,0.2005,0.2011,0.1992,0.1998,2563821.91
2025-05-16 08:00:00+00:00,0.1998,0.2002,0.1963,0.1979,2629172.11
2025-05-16 09:00:00+00:00,0.1979,0.2004,0.1976,0.2002,1719545.19
2025-05-16 10:00:00+00:00,0.2002,0.201,0.1995,0.2008,1274127.75
2025-05-16 11:00:00+00:00,0.2008,0.2017,0.2004,0.201,2014449.4
2025-05-16 12:00:00+00:00,0.201,0.2013,0.1999,0.1999,1380191.03
2025-05-16 13:00:00+00:00,0.1999,0.2018,0.1996,0.2016,1972913.71
2025-05-16 14:00:00+00:00,0.2016,0.2016,0.1978,0.1988,2806669.97
2025-05-16 15:00:00+00:00,0.1988,0.2008,0.1983,0.1996,4763126.14
2025-05-16 16:00:00+00:00,0.1996,0.2005,0.1973,0.1991,1997006.87
2025-05-16 17:00:00+00:00,0.1991,0.1999,0.1972,0.1977,1134054.92
2025-05-16 18:00:00+00:00,0.1977,0.1987,0.1976,0.1984,976114.41
2025-05-16 19:00:00+00:00,0.1984,0.1998,0.1977,0.1996,1340295.84
2025-05-16 20:00:00+00:00,0.1996,0.1996,0.1959,0.1973,2252375.05
2025-05-16 21:00:00+00:00,0.1973,0.1979,0.1962,0.1971,1206146.32
2025-05-16 22:00:00+00:00,0.1971,0.1972,0.1938,0.1949,1929786.48
2025-05-16 23:00:00+00:00,0.1949,0.1964,0.1949,0.1956,2258668.92
2025-05-17 00:00:00+00:00,0.1956,0.1959,0.1922,0.1933,4663206.39
2025-05-17 01:00:00+00:00,0.1933,0.1933,0.1897,0.1912,4093950.54
2025-05-17 02:00:00+00:00,0.1912,0.1931,0.19,0.1929,2390850.89
2025-05-17 03:00:00+00:00,0.1929,0.1942,0.1911,0.1941,1062943.32
2025-05-17 04:00:00+00:00,0.1941,0.1953,0.1936,0.1951,1562033.68
2025-05-17 05:00:00+00:00,0.1951,0.1953,0.1927,0.193,1229341.0
2025-05-17 06:00:00+00:00,0.193,0.1942,0.1929,0.1941,756492.14
2025-05-17 07:00:00+00:00,0.1941,0.1954,0.1931,0.194,913867.79
2025-05-17 08:00:00+00:00,0.194,0.1947,0.193,0.193,1164641.75
2025-05-17 09:00:00+00:00,0.193,0.1932,0.191,0.1917,1572595.94
2025-05-17 10:00:00+00:00,0.1917,0.1924,0.191,0.1914,1058339.77
2025-05-17 11:00:00+00:00,0.1914,0.1925,0.19,0.1918,2339450.25
2025-05-17 12:00:00+00:00,0.1918,0.192,0.1905,0.1906,1183081.82
2025-05-17 13:00:00+00:00,0.1906,0.1915,0.188,0.1887,2363451.91
2025-05-17 14:00:00+00:00,0.1887,0.1918,0.1887,0.1915,1911515.93
2025-05-17 15:00:00+00:00,0.1915,0.1917,0.1899,0.1899,978777.66
2025-05-17 16:00:00+00:00,0.1899,0.1905,0.187,0.1891,2278836.57
2025-05-17 17:00:00+00:00,0.1891,0.1904,0.1889,0.189,1304126.87
2025-05-17 18:00:00+00:00,0.189,0.1907,0.1884,0.1885,2520199.59
2025-05-17 19:00:00+00:00,0.1885,0.1901,0.1881,0.189,1793756.77
2025-05-17 20:00:00+00:00,0.189,0.1918,0.1885,0.1913,2299331.74
2025-05-17 21:00:00+00:00,0.1913,0.1915,0.1901,0.1911,1039951.42
2025-05-17 22:00:00+00:00,0.1911,0.1911,0.1886,0.1897,1680095.84
2025-05-17 23:00:00+00:00,0.1897,0.1913,0.1893,0.1911,1186802.71
2025-05-18 00:00:00+00:00,0.1911,0.1921,0.1907,0.1918,1504278.08
2025-05-18 01:00:00+00:00,0.1918,0.1929,0.1912,0.1924,637675.48
2025-05-18 02:00:00+00:00,0.1924,0.1927,0.191,0.1913,862046.46
2025-05-18 03:00:00+00:00,0.1913,0.1921,0.1905,0.1913,1353445.01
2025-05-18 04:00:00+00:00,0.1913,0.1923,0.1912,0.1921,353045.48
2025-05-18 05:00:00+00:00,0.1921,0.1943,0.1921,0.1941,2059147.73
2025-05-18 06:00:00+00:00,0.1941,0.1941,0.1926,0.1929,791770.05
2025-05-18 07:00:00+00:00,0.1929,0.1948,0.1928,0.1946,1497870.9
2025-05-18 08:00:00+00:00,0.1946,0.1956,0.1943,0.195,1717046.05
2025-05-18 09:00:00+00:00,0.195,0.1956,0.194,0.1943,1218443.59
2025-05-18 10:00:00+00:00,0.1943,0.1948,0.1938,0.1943,430217.98
2025-05-18 11:00:00+00:00,0.1943,0.195,0.1935,0.1935,553726.83
2025-05-18 12:00:00+00:00,0.1935,0.194,0.1925,0.194,725350.9
2025-05-18 13:00:00+00:00,0.194,0.1959,0.1932,0.1957,1335515.27
2025-05-18 14:00:00+00:00,0.1957,0.1987,0.1952,0.1978,3490661.39
2025-05-18 15:00:00+00:00,0.1978,0.2,0.1971,0.1999,2621294.27
2025-05-18 16:00:00+00:00,0.1999,0.2007,0.1986,0.1994,4230886.9
2025-05-18 17:00:00+00:00,0.1994,0.1994,0.1945,0.1946,4249649.09
2025-05-18 18:00:00+00:00,0.1946,0.1947,0.1912,0.1923,5379133.01
2025-05-18 19:00:00+00:00,0.1923,0.1934,0.1895,0.1895,3213616.57
2025-05-18 20:00:00+00:00,0.1895,0.1914,0.187,0.1913,6651828.4
2025-05-18 21:00:00+00:00,0.1913,0.1933,0.1905,0.1913,2321556.46
2025-05-18 22:00:00+00:00,0.1913,0.1947,0.1898,0.1946,2966526.0
2025-05-18 23:00:00+00:00,0.1946,0.1975,0.1933,0.1968,2492722.73
2025-05-19 00:00:00+00:00,0.1968,0.1979,0.1936,0.1942,3336264.89
2025-05-19 01:00:00+00:00,0.1942,0.1949,0.1929,0.1941,1532936.68
2025-05-19 02:00:00+00:00,0.1941,0.1947,0.1924,0.1925,1231378.18
2025-05-19 03:00:00+00:00,0.1925,0.1925,0.1894,0.1896,1593635.83
2025-05-19 04:00:00+00:00,0.1896,0.1906,0.1869,0.1877,2852867.83
2025-05-19 05:00:00+00:00,0.1877,0.1883,0.1864,0.1882,2708235.63
2025-05-19 06:00:00+00:00,0.1882,0.1908,0.1858,0.1858,3646898.76
2025-05-19 07:00:00+00:00,0.1858,0.1891,0.1858,0.1881,2241236.9
2025-05-19 08:00:00+00:00,0.1881,0.1888,0.1865,0.1876,1302073.52
2025-05-19 09:00:00+00:00,0.1876,0.1884,0.1865,0.1873,1992743.63
2025-05-19 10:00:00+00:00,0.1873,0.188,0.1863,0.1872,919479.51
2025-05-19 11:00:00+00:00,0.1872,0.188,0.1866,0.1878,916526.95
2025-05-19 12:00:00+00:00,0.1878,0.1878,0.1844,0.1855,1999794.5
2025-05-19 13:00:00+00:00,0.1855,0.189,0.1852,0.1881,3227620.74
2025-05-19 14:00:00+00:00,0.1881,0.1905,0.1878,0.1901,2081722.11
2025-05-19 15:00:00+00:00,0.1901,0.1918,0.1898,0.191,2061943.2
2025-05-19 16:00:00+00:00,0.191,0.1926,0.1895,0.1926,2423925.6
2025-05-19 17:00:00+00:00,0.1926,0.194,0.1916,0.1922,2779770.0
2025-05-19 18:00:00+00:00,0.1922,0.1928,0.19,0.1907,1912975.03
2025-05-19 19:00:00+00:00,0.1907,0.1923,0.1903,0.1921,1272136.64
2025-05-19 20:00:00+00:00,0.1921,0.1929,0.1916,0.192,1299178.45
2025-05-19 21:00:00+00:00,0.192,0.193,0.1908,0.1929,1674425.21
2025-05-19 22:00:00+00:00,0.1929,0.1929,0.1918,0.192,744193.11
2025-05-19 23:00:00+00:00,0.192,0.1942,0.1919,0.1938,2221489.04
2025-05-20 00:00:00+00:00,0.1938,0.1957,0.1932,0.1935,3524796.06
2025-05-20 01:00:00+00:00,0.1935,0.1969,0.1934,0.1964,1964057.86
2025-05-20 02:00:00+00:00,0.1964,0.1984,0.1964,0.1969,2647293.62
2025-05-20 03:00:00+00:00,0.1969,0.197,0.1948,0.1957,2394100.6
2025-05-20 04:00:00+00:00,0.1957,0.1966,0.1948,0.1962,1108167.24
2025-05-20 05:00:00+00:00,0.1962,0.1973,0.196,0.1964,1699242.61
2025-05-20 06:00:00+00:00,0.1964,0.1969,0.1951,0.1961,854432.94
2025-05-20 07:00:00+00:00,0.1961,0.1962,0.1944,0.195,1525037.77
2025-05-20 08:00:00+00:00,0.195,0.1955,0.1935,0.1949,1268583.7
2025-05-20 09:00:00+00:00,0.1949,0.1956,0.1945,0.1948,1039100.39
2025-05-20 10:00:00+00:00,0.1948,0.1955,0.1933,0.1941,1093589.03
2025-05-20 11:00:00+00:00,0.1941,0.1943,0.1926,0.1939,1064079.65
2025-05-20 12:00:00+00:00,0.1939,0.1939,0.1914,0.1927,2305228.52
2025-05-20 13:00:00+00:00,0.1927,0.1932,0.1914,0.192,2955747.44
2025-05-20 14:00:00+00:00,0.192,0.1934,0.1917,0.1928,2088099.78
2025-05-20 15:00:00+00:00,0.1928,0.1949,0.1928,0.1942,4490335.95
2025-05-20 16:00:00+00:00,0.1942,0.1949,0.1929,0.1929,2365913.51
2025-05-20 17:00:00+00:00,0.1929,0.1947,0.1928,0.1941,2051157.89
2025-05-20 18:00:00+00:00,0.1941,0.1944,0.1903,0.1907,4449026.64
2025-05-20 19:00:00+00:00,0.1907,0.1941,0.1903,0.1936,3186854.79
2025-05-20 20:00:00+00:00,0.1936,0.1948,0.1924,0.1943,2632353.97
2025-05-20 21:00:00+00:00,0.1943,0.1956,0.1939,0.1948,2766801.87
2025-05-20 22:00:00+00:00,0.1948,0.1952,0.1931,0.1947,1979315.36
2025-05-20 23:00:00+00:00,0.1947,0.1958,0.1943,0.1948,3314176.44
2025-05-21 00:00:00+00:00,0.1948,0.1958,0.194,0.1941,1998414.32
2025-05-21 01:00:00+00:00,0.1941,0.1951,0.1934,0.1936,1772249.77
2025-05-21 02:00:00+00:00,0.1936,0.1948,0.1925,0.1943,2599190.71
2025-05-21 03:00:00+00:00,0.1943,0.1955,0.1939,0.1948,1983943.17
2025-05-21 04:00:00+00:00,0.1948,0.1965,0.1943,0.1955,2820728.85
2025-05-21 05:00:00+00:00,0.1955,0.1977,0.1955,0.1973,2674396.68
2025-05-21 06:00:00+00:00,0.1973,0.1984,0.1964,0.1978,2838052.5
2025-05-21 07:00:00+00:00,0.1978,0.1981,0.1954,0.1964,3188819.59
2025-05-21 08:00:00+00:00,0.1964,0.1973,0.1954,0.1955,2060409.87
2025-05-21 09:00:00+00:00,0.1955,0.1959,0.1943,0.1945,1795004.85
2025-05-21 10:00:00+00:00,0.1945,0.1958,0.1941,0.1955,965849.65
2025-05-21 11:00:00+00:00,0.1955,0.1969,0.1954,0.1956,4300248.55
2025-05-21 12:00:00+00:00,0.1956,0.1965,0.1948,0.1955,1347485.45
2025-05-21 13:00:00+00:00,0.1955,0.1971,0.1947,0.1964,3580591.77
2025-05-21 14:00:00+00:00,0.1964,0.1983,0.1952,0.1983,4422514.47
2025-05-21 15:00:00+00:00,0.1983,0.1993,0.1973,0.1988,7105056.08
2025-05-21 16:00:00+00:00,0.1988,0.2024,0.1983,0.2004,6682776.16
2025-05-21 17:00:00+00:00,0.2004,0.2012,0.1924,0.1935,15632454.14
2025-05-21 18:00:00+00:00,0.1935,0.1959,0.1928,0.1946,5233693.35
2025-05-21 19:00:00+00:00,0.1946,0.1973,0.1943,0.1971,4759494.92
2025-05-21 20:00:00+00:00,0.1971,0.1972,0.1956,0.1964,2905699.98
2025-05-21 21:00:00+00:00,0.1964,0.1975,0.1958,0.1968,2010023.65
2025-05-21 22:00:00+00:00,0.1968,0.1986,0.1967,0.1984,2995469.03
2025-05-21 23:00:00+00:00,0.1984,0.2005,0.1977,0.198,7799190.82
2025-05-22 00:00:00+00:00,0.198,0.1993,0.1973,0.1992,3726699.01
2025-05-22 01:00:00+00:00,0.1992,0.1998,0.1975,0.1981,3441232.7
2025-05-22 02:00:00+00:00,0.1981,0.1993,0.1975,0.1992,3265046.51
2025-05-22 03:00:00+00:00,0.1992,0.2011,0.1985,0.2008,4056820.86
2025-05-22 04:00:00+00:00,0.2008,0.2018,0.2002,0.2012,3096738.08
2025-05-22 05:00:00+00:00,0.2012,0.2025,0.2005,0.2009,3354547.0
2025-05-22 06:00:00+00:00,0.2009,0.2012,0.1999,0.2003,2441111.57
2025-05-22 07:00:00+00:00,0.2003,0.2025,0.1999,0.2025,3232986.76
2025-05-22 08:00:00+00:00,0.2025,0.2042,0.2023,0.2031,4340401.0
2025-05-22 09:00:00+00:00,0.2031,0.2047,0.2028,0.2042,4057446.72
2025-05-22 10:00:00+00:00,0.2042,0.2047,0.2031,0.2032,3114668.3
2025-05-22 11:00:00+00:00,0.2032,0.2041,0.2019,0.2033,4760291.31
2025-05-22 12:00:00+00:00,0.2033,0.2039,0.2027,0.2034,2577626.16
2025-05-22 13:00:00+00:00,0.2034,0.2036,0.2015,0.2016,4515081.65
2025-05-22 14:00:00+00:00,0.2016,0.2046,0.2016,0.2035,3908479.3
2025-05-22 15:00:00+00:00,0.2035,0.2048,0.2029,0.204,3119131.0
2025-05-22 16:00:00+00:00,0.204,0.2054,0.2031,0.2032,2729166.82
2025-05-22 17:00:00+00:00,0.2032,0.2048,0.2028,0.2041,2938164.38
2025-05-22 18:00:00+00:00,0.2041,0.206,0.2035,0.205,5386636.49
2025-05-22 19:00:00+00:00,0.205,0.2064,0.2038,0.2049,5033220.67
2025-05-22 20:00:00+00:00,0.2049,0.2055,0.2035,0.2036,3182971.94
2025-05-22 21:00:00+00:00,0.2036,0.2036,0.2023,0.2028,3224944.45
2025-05-22 22:00:00+00:00,0.2028,0.2048,0.2028,0.2034,2980056.21
2025-05-22 23:00:00+00:00,0.2034,0.2052,0.2032,0.2047,2033385.34
2025-05-23 00:00:00+00:00,0.2047,0.2053,0.2035,0.2043,4497804.39
2025-05-23 01:00:00+00:00,0.2043,0.2068,0.2034,0.2065,6903408.5
2025-05-23 02:00:00+00:00,0.2065,0.2092,0.2064,0.2078,6161777.21
2025-05-23 03:00:00+00:00,0.2078,0.2087,0.2078,0.2083,2822511.99
2025-05-23 04:00:00+00:00,0.2083,0.2085,0.2047,0.2061,3948548.11
2025-05-23 05:00:00+00:00,0.2061,0.2063,0.2044,0.2056,2415901.11
2025-05-23 06:00:00+00:00,0.2056,0.2056,0.2024,0.2032,4183499.17
2025-05-23 07:00:00+00:00,0.2032,0.205,0.203,0.2035,3749009.83
2025-05-23 08:00:00+00:00,0.2035,0.2062,0.2034,0.2061,2484919.15
2025-05-23 09:00:00+00:00,0.2061,0.2077,0.2056,0.2076,2481255.29
2025-05-23 10:00:00+00:00,0.2076,0.2076,0.2057,0.2066,3743153.63
2025-05-23 11:00:00+00:00,0.2066,0.2067,0.1967,0.1977,12905426.02
2025-05-23 12:00:00+00:00,0.1977,0.1977,0.1928,0.1966,12902376.02
2025-05-23 13:00:00+00:00,0.1966,0.2002,0.1955,0.2,5536657.78
2025-05-23 14:00:00+00:00,0.2,0.2018,0.1997,0.2012,2850270.88
2025-05-23 15:00:00+00:00,0.2012,0.2017,0.1985,0.1986,3483959.83
2025-05-23 16:00:00+00:00,0.1986,0.1993,0.1966,0.199,4974936.59
2025-05-23 17:00:00+00:00,0.199,0.1998,0.1984,0.199,1384855.11
2025-05-23 18:00:00+00:00,0.199,0.1993,0.1969,0.1973,2673369.01
2025-05-23 19:00:00+00:00,0.1973,0.1985,0.1964,0.1966,2081086.8
2025-05-23 20:00:00+00:00,0.1966,0.1966,0.1943,0.1945,2158977.98
2025-05-23 21:00:00+00:00,0.1945,0.1955,0.1935,0.1942,3477615.81
2025-05-23 22:00:00+00:00,0.1942,0.1952,0.1929,0.1929,2121380.02
2025-05-23 23:00:00+00:00,0.1929,0.1931,0.1889,0.1904,6041320.88
2025-05-24 00:00:00+00:00,0.1904,0.192,0.1893,0.19,4883127.58
2025-05-24 01:00:00+00:00,0.19,0.1915,0.1899,0.1902,2987337.77
2025-05-24 02:00:00+00:00,0.1902,0.1918,0.1897,0.1917,1433099.95
2025-05-24 03:00:00+00:00,0.1917,0.1928,0.1914,0.1927,1560742.55
2025-05-24 04:00:00+00:00,0.1927,0.1936,0.1924,0.1935,1162698.51
2025-05-24 05:00:00+00:00,0.1935,0.1936,0.1915,0.1922,1502820.36
2025-05-24 06:00:00+00:00,0.1922,0.1925,0.1905,0.1916,1336509.44
2025-05-24 07:00:00+00:00,0.1916,0.1923,0.1905,0.1909,1128905.94
2025-05-24 08:00:00+00:00,0.1909,0.1918,0.1903,0.1918,1129617.47
2025-05-24 09:00:00+00:00,0.1918,0.192,0.1905,0.1906,1206491.07
2025-05-24 10:00:00+00:00,0.1906,0.1923,0.1903,0.192,1951586.52
2025-05-24 11:00:00+00:00,0.192,0.1928,0.1909,0.1911,1940851.99
2025-05-24 12:00:00+00:00,0.1911,0.1915,0.1899,0.191,1551590.37
2025-05-24 13:00:00+00:00,0.191,0.1912,0.1897,0.1898,1471701.86
2025-05-24 14:00:00+00:00,0.1898,0.191,0.1894,0.1908,1749131.13
2025-05-24 15:00:00+00:00,0.1908,0.1913,0.1895,0.1902,2022044.31
2025-05-24 16:00:00+00:00,0.1902,0.1907,0.1894,0.1903,1320045.08
2025-05-24 17:00:00+00:00,0.1903,0.1912,0.1899,0.1903,1829088.25
2025-05-24 18:00:00+00:00,0.1903,0.1913,0.1896,0.1898,1932982.2
2025-05-24 19:00:00+00:00,0.1898,0.1908,0.1896,0.1906,1112519.59
2025-05-24 20:00:00+00:00,0.1906,0.1911,0.1902,0.1907,843331.91
2025-05-24 21:00:00+00:00,0.1907,0.1908,0.1891,0.1902,1450113.3
2025-05-24 22:00:00+00:00,0.1902,0.1902,0.188,0.1882,2050192.82
2025-05-24 23:00:00+00:00,0.1882,0.1888,0.1871,0.1884,2842770.79
2025-05-25 00:00:00+00:00,0.1884,0.1891,0.1855,0.1863,3441767.25
2025-05-25 01:00:00+00:00,0.1863,0.1871,0.1848,0.1863,2424181.82
2025-05-25 02:00:00+00:00,0.1863,0.1875,0.1852,0.1874,2323910.18
2025-05-25 03:00:00+00:00,0.1874,0.1879,0.1872,0.1876,916851.78
2025-05-25 04:00:00+00:00,0.1876,0.189,0.1867,0.1889,1481379.52
2025-05-25 05:00:00+00:00,0.1889,0.19,0.1884,0.19,2715258.94
2025-05-25 06:00:00+00:00,0.19,0.1903,0.1888,0.1894,1261375.82
2025-05-25 07:00:00+00:00,0.1894,0.1894,0.1877,0.1881,929285.84
2025-05-25 08:00:00+00:00,0.1881,0.1881,0.184,0.1847,3654802.44
2025-05-25 09:00:00+00:00,0.1847,0.1854,0.1834,0.1849,2489363.61
2025-05-25 10:00:00+00:00,0.1849,0.1854,0.1834,0.1835,2137234.33
2025-05-25 11:00:00+00:00,0.1835,0.184,0.1826,0.184,2074124.88
2025-05-25 12:00:00+00:00,0.184,0.1852,0.1832,0.1851,1519169.84
2025-05-25 13:00:00+00:00,0.1851,0.1853,0.1841,0.1844,1355559.17
2025-05-25 14:00:00+00:00,0.1844,0.1851,0.1828,0.1833,2042257.84
2025-05-25 15:00:00+00:00,0.1833,0.1835,0.1806,0.1833,4291282.04
2025-05-25 16:00:00+00:00,0.1833,0.184,0.1821,0.1837,2043340.94
2025-05-25 17:00:00+00:00,0.1837,0.1842,0.183,0.1838,1155344.43
2025-05-25 18:00:00+00:00,0.1838,0.185,0.1835,0.1842,1327312.2
2025-05-25 19:00:00+00:00,0.1842,0.1858,0.1841,0.1852,1184009.83
2025-05-25 20:00:00+00:00,0.1852,0.1854,0.1839,0.1844,1548522.44
2025-05-25 21:00:00+00:00,0.1844,0.1852,0.1834,0.184,1591816.76
2025-05-25 22:00:00+00:00,0.184,0.1882,0.1838,0.1881,3602632.77
2025-05-25 23:00:00+00:00,0.1881,0.1886,0.1869,0.1881,1624436.69
2025-05-26 00:00:00+00:00,0.1881,0.1893,0.1871,0.1893,2099290.95
2025-05-26 01:00:00+00:00,0.1893,0.1895,0.1881,0.1886,1576764.18
2025-05-26 02:00:00+00:00,0.1886,0.1888,0.1879,0.1885,1131267.74
2025-05-26 03:00:00+00:00,0.1885,0.1896,0.1883,0.1891,1129961.79
2025-05-26 04:00:00+00:00,0.1891,0.1894,0.1887,0.1893,844644.8
2025-05-26 05:00:00+00:00,0.1893,0.19,0.189,0.1899,1324101.13
2025-05-26 06:00:00+00:00,0.1899,0.1909,0.1897,0.1908,1453381.4
2025-05-26 07:00:00+00:00,0.1908,0.1927,0.1908,0.1926,3246181.2
2025-05-26 08:00:00+00:00,0.1926,0.1932,0.1915,0.1918,2279992.64
2025-05-26 09:00:00+00:00,0.1918,0.1923,0.1907,0.1909,1659942.73
2025-05-26 10:00:00+00:00,0.1909,0.1918,0.1905,0.1908,1421816.23
2025-05-26 11:00:00+00:00,0.1908,0.1909,0.1899,0.1905,1683676.68
2025-05-26 12:00:00+00:00,0.1905,0.1917,0.19,0.1913,1473891.57
2025-05-26 13:00:00+00:00,0.1913,0.1917,0.1888,0.1893,2522784.11
2025-05-26 14:00:00+00:00,0.1893,0.1895,0.1876,0.1885,2949302.4
2025-05-26 15:00:00+00:00,0.1885,0.1902,0.1878,0.1895,2122561.3
2025-05-26 16:00:00+00:00,0.1895,0.19,0.1867,0.1869,2638613.03
2025-05-26 17:00:00+00:00,0.1869,0.187,0.1844,0.185,3086601.08
2025-05-26 18:00:00+00:00,0.185,0.1861,0.1845,0.1852,1549167.5
2025-05-26 19:00:00+00:00,0.1852,0.1858,0.1847,0.1852,1327445.79
2025-05-26 20:00:00+00:00,0.1852,0.1864,0.1843,0.1864,1585475.91
2025-05-26 21:00:00+00:00,0.1864,0.1864,0.1854,0.186,1197546.15
2025-05-26 22:00:00+00:00,0.186,0.1869,0.1849,0.1851,1048670.07
2025-05-26 23:00:00+00:00,0.1851,0.1859,0.1846,0.1859,844744.1
2025-05-27 00:00:00+00:00,0.1859,0.1866,0.1849,0.185,1324482.02
2025-05-27 01:00:00+00:00,0.185,0.185,0.1822,0.1837,3452696.26
2025-05-27 02:00:00+00:00,0.1837,0.1844,0.1834,0.1837,1302680.98
2025-05-27 03:00:00+00:00,0.1837,0.1852,0.1837,0.184,1448560.71
2025-05-27 04:00:00+00:00,0.184,0.1852,0.1838,0.1844,873951.64
2025-05-27 05:00:00+00:00,0.1844,0.1846,0.1831,0.1844,1351067.29
2025-05-27 06:00:00+00:00,0.1844,0.1865,0.1844,0.1848,3029361.55
2025-05-27 07:00:00+00:00,0.1848,0.1869,0.1848,0.1863,1403928.75
2025-05-27 08:00:00+00:00,0.1863,0.1885,0.1863,0.1877,3328556.93
2025-05-27 09:00:00+00:00,0.1877,0.1885,0.1873,0.1884,2823263.05
2025-05-27 10:00:00+00:00,0.1884,0.1887,0.1877,0.1885,1441407.17
2025-05-27 11:00:00+00:00,0.1885,0.1885,0.1873,0.1883,1594759.81
2025-05-27 12:00:00+00:00,0.1883,0.189,0.188,0.1886,2746338.7
2025-05-27 13:00:00+00:00,0.1886,0.1919,0.1886,0.1893,4597738.6
2025-05-27 14:00:00+00:00,0.1893,0.1899,0.1869,0.1882,2800344.38
2025-05-27 15:00:00+00:00,0.1882,0.1899,0.1876,0.1899,2464376.5
2025-05-27 16:00:00+00:00,0.1899,0.1908,0.1895,0.1901,2334138.61
2025-05-27 17:00:00+00:00,0.1901,0.1917,0.1901,0.1908,2017495.22
2025-05-27 18:00:00+00:00,0.1908,0.1914,0.1906,0.1906,2076759.19
2025-05-27 19:00:00+00:00,0.1906,0.1906,0.1896,0.1898,3132638.35
2025-05-27 20:00:00+00:00,0.1898,0.1912,0.1898,0.1904,1681219.05
2025-05-27 21:00:00+00:00,0.1904,0.1907,0.1882,0.1887,2290448.58
2025-05-27 22:00:00+00:00,0.1887,0.1891,0.1872,0.1874,1667724.93
2025-05-27 23:00:00+00:00,0.1874,0.1875,0.1862,0.1873,1569496.42
2025-05-28 00:00:00+00:00,0.1873,0.1884,0.1857,0.1883,1664238.33
2025-05-28 01:00:00+00:00,0.1883,0.1884,0.1867,0.1868,1487755.55
2025-05-28 02:00:00+00:00,0.1868,0.187,0.1855,0.1864,1842168.24
2025-05-28 03:00:00+00:00,0.1864,0.1872,0.186,0.1871,1278373.26
2025-05-28 04:00:00+00:00,0.1871,0.1876,0.186,0.1872,998059.96
2025-05-28 05:00:00+00:00,0.1872,0.1878,0.1866,0.1872,832107.78
2025-05-28 06:00:00+00:00,0.1872,0.1872,0.1852,0.1853,1402521.06
2025-05-28 07:00:00+00:00,0.1853,0.1865,0.1851,0.1857,1701586.21
2025-05-28 08:00:00+00:00,0.1857,0.1869,0.1851,0.1869,1701069.82
2025-05-28 09:00:00+00:00,0.1869,0.1869,0.1847,0.1847,1954306.22
2025-05-28 10:00:00+00:00,0.1847,0.1863,0.1839,0.1862,1693444.89
2025-05-28 11:00:00+00:00,0.1862,0.1871,0.1861,0.1869,1221038.93
2025-05-28 12:00:00+00:00,0.1869,0.1885,0.1866,0.1875,1827434.2
2025-05-28 13:00:00+00:00,0.1875,0.1879,0.1851,0.1853,2578376.6
2025-05-28 14:00:00+00:00,0.1853,0.1856,0.1832,0.1832,4054677.24
2025-05-28 15:00:00+00:00,0.1832,0.1839,0.1818,0.1826,2837970.56
2025-05-28 16:00:00+00:00,0.1826,0.1841,0.1826,0.1841,1212139.2
2025-05-28 17:00:00+00:00,0.1841,0.1853,0.183,0.1837,2113091.69
2025-05-28 18:00:00+00:00,0.1837,0.1846,0.1823,0.1824,1777051.12
2025-05-28 19:00:00+00:00,0.1824,0.1834,0.1812,0.1813,2065399.83
2025-05-28 20:00:00+00:00,0.1813,0.1832,0.1813,0.1832,1788094.38
2025-05-28 21:00:00+00:00,0.1832,0.184,0.1828,0.1839,961507.04
2025-05-28 22:00:00+00:00,0.1839,0.184,0.1829,0.1837,593095.67
2025-05-28 23:00:00+00:00,0.1837,0.1861,0.1837,0.1861,1516600.38
2025-05-29 00:00:00+00:00,0.1861,0.1894,0.1854,0.1894,2875449.67
2025-05-29 01:00:00+00:00,0.1894,0.1894,0.1874,0.1884,2808255.31
2025-05-29 02:00:00+00:00,0.1884,0.1906,0.1875,0.1906,2518416.02
2025-05-29 03:00:00+00:00,0.1906,0.1907,0.1878,0.1885,3010835.82
2025-05-29 04:00:00+00:00,0.1885,0.1887,0.1844,0.1859,2960389.12
2025-05-29 05:00:00+00:00,0.1859,0.1861,0.1853,0.1857,1728622.22
2025-05-29 06:00:00+00:00,0.1857,0.1859,0.185,0.1854,1086807.29
2025-05-29 07:00:00+00:00,0.1854,0.1863,0.1849,0.1854,1036954.66
2025-05-29 08:00:00+00:00,0.1854,0.1864,0.1846,0.1863,1929120.99
2025-05-29 09:00:00+00:00,0.1863,0.1864,0.1857,0.1862,1296339.64
2025-05-29 10:00:00+00:00,0.1862,0.1871,0.1855,0.1869,1092822.58
2025-05-29 11:00:00+00:00,0.1869,0.1874,0.1865,0.1873,1014116.03
2025-05-29 12:00:00+00:00,0.1873,0.1873,0.1846,0.185,2548023.08
2025-05-29 13:00:00+00:00,0.185,0.1858,0.1831,0.1834,3190490.3
2025-05-29 14:00:00+00:00,0.1834,0.1838,0.1809,0.1834,4743666.34
2025-05-29 15:00:00+00:00,0.1834,0.1837,0.1813,0.1817,2317186.4
2025-05-29 16:00:00+00:00,0.1817,0.1826,0.1802,0.1805,2984394.05
2025-05-29 17:00:00+00:00,0.1805,0.182,0.1801,0.1812,3444191.08
2025-05-29 18:00:00+00:00,0.1812,0.1821,0.1799,0.1805,2540347.1
2025-05-29 19:00:00+00:00,0.1805,0.181,0.1789,0.18,3540342.66
2025-05-29 20:00:00+00:00,0.18,0.1814,0.18,0.1812,2171964.38
2025-05-29 21:00:00+00:00,0.1812,0.1821,0.1811,0.182,1310660.22
2025-05-29 22:00:00+00:00,0.182,0.1821,0.181,0.181,1329013.91
2025-05-29 23:00:00+00:00,0.181,0.1812,0.1788,0.1797,2520007.1
2025-05-30 00:00:00+00:00,0.1797,0.1806,0.1727,0.1735,8307712.74
2025-05-30 01:00:00+00:00,0.1735,0.1771,0.1733,0.1763,6759371.71
2025-05-30 02:00:00+00:00,0.1763,0.1784,0.1761,0.1779,2623311.89
2025-05-30 03:00:00+00:00,0.1779,0.1786,0.1775,0.1776,1128735.75
2025-05-30 04:00:00+00:00,0.1776,0.178,0.1766,0.1778,1335617.69
2025-05-30 05:00:00+00:00,0.1778,0.1785,0.1771,0.1776,1358199.53
2025-05-30 06:00:00+00:00,0.1776,0.1777,0.1743,0.1753,2383279.27
2025-05-30 07:00:00+00:00,0.1753,0.1766,0.1745,0.1745,3094390.28
2025-05-30 08:00:00+00:00,0.1745,0.1753,0.1736,0.1746,2962537.52
2025-05-30 09:00:00+00:00,0.1746,0.1755,0.1731,0.1754,2964635.9
2025-05-30 10:00:00+00:00,0.1754,0.1765,0.1745,0.1764,2629022.0
2025-05-30 11:00:00+00:00,0.1764,0.1773,0.1761,0.1765,1622652.63
2025-05-30 12:00:00+00:00,0.1765,0.177,0.1745,0.176,2947047.24
2025-05-30 13:00:00+00:00,0.176,0.1766,0.1737,0.1737,3171565.55
2025-05-30 14:00:00+00:00,0.1737,0.1753,0.1728,0.1749,3511461.73
2025-05-30 15:00:00+00:00,0.1749,0.176,0.1738,0.1738,2910370.54
2025-05-30 16:00:00+00:00,0.1738,0.174,0.1677,0.1687,9193889.59
2025-05-30 17:00:00+00:00,0.1687,0.1706,0.1686,0.17,4319809.27
2025-05-30 18:00:00+00:00,0.17,0.1722,0.1699,0.1721,3212686.41
2025-05-30 19:00:00+00:00,0.1721,0.1726,0.1713,0.1716,1964262.04
2025-05-30 20:00:00+00:00,0.1716,0.1719,0.1706,0.171,1503148.3
2025-05-30 21:00:00+00:00,0.171,0.172,0.1705,0.1707,1301774.53
2025-05-30 22:00:00+00:00,0.1707,0.1712,0.1665,0.1665,3001901.17
2025-05-30 23:00:00+00:00,0.1665,0.168,0.1652,0.1673,5586249.76
2025-05-31 00:00:00+00:00,0.1673,0.1674,0.1619,0.1635,7527869.56
2025-05-31 01:00:00+00:00,0.1635,0.1651,0.1611,0.163,7580311.05
2025-05-31 02:00:00+00:00,0.163,0.1648,0.162,0.1623,4571643.47
2025-05-31 03:00:00+00:00,0.1623,0.1641,0.1614,0.1637,2949862.68
2025-05-31 04:00:00+00:00,0.1637,0.1645,0.1625,0.1643,3726957.49
2025-05-31 05:00:00+00:00,0.1643,0.1645,0.1628,0.1628,1367128.97
2025-05-31 06:00:00+00:00,0.1628,0.1641,0.1627,0.1637,1400348.46
2025-05-31 07:00:00+00:00,0.1637,0.1638,0.1626,0.1629,1103689.94
2025-05-31 08:00:00+00:00,0.1629,0.1637,0.162,0.1634,1779578.77
2025-05-31 09:00:00+00:00,0.1634,0.1638,0.1618,0.1628,2044684.6
2025-05-31 10:00:00+00:00,0.1628,0.1641,0.1615,0.1623,2441458.04
2025-05-31 11:00:00+00:00,0.1623,0.1624,0.1609,0.1618,1372243.42
2025-05-31 12:00:00+00:00,0.1618,0.1646,0.1616,0.1645,1989380.37
2025-05-31 13:00:00+00:00,0.1645,0.1659,0.1639,0.1644,3733321.83
2025-05-31 14:00:00+00:00,0.1644,0.1666,0.1644,0.1665,2631543.5
2025-05-31 15:00:00+00:00,0.1665,0.168,0.1663,0.1674,2758082.31
2025-05-31 16:00:00+00:00,0.1674,0.1702,0.1669,0.1693,4163347.66
2025-05-31 17:00:00+00:00,0.1693,0.1693,0.1671,0.1674,2752016.05
2025-05-31 18:00:00+00:00,0.1674,0.1686,0.1672,0.1678,1500397.83
2025-05-31 19:00:00+00:00,0.1678,0.1689,0.1676,0.1678,1012290.62
2025-05-31 20:00:00+00:00,0.1678,0.1684,0.1675,0.1684,970426.5
2025-05-31 21:00:00+00:00,0.1684,0.169,0.1679,0.1682,1997067.35
2025-05-31 22:00:00+00:00,0.1682,0.1684,0.1672,0.1672,1021089.45
2025-05-31 23:00:00+00:00,0.1672,0.1685,0.1671,0.1674,1575203.86
2025-06-01 00:00:00+00:00,0.1674,0.1675,0.1665,0.167,1421345.68
2025-06-01 01:00:00+00:00,0.167,0.168,0.1659,0.1663,1187817.63
2025-06-01 02:00:00+00:00,0.1663,0.1672,0.1655,0.1669,1782949.6
2025-06-01 03:00:00+00:00,0.1669,0.1676,0.1659,0.1672,1362375.02
2025-06-01 04:00:00+00:00,0.1672,0.1695,0.1667,0.1693,3074202.18
2025-06-01 05:00:00+00:00,0.1693,0.1697,0.1688,0.1691,753378.16
2025-06-01 06:00:00+00:00,0.1691,0.1692,0.1679,0.1679,2260173.02
2025-06-01 07:00:00+00:00,0.1679,0.1684,0.1673,0.168,1107202.82
2025-06-01 08:00:00+00:00,0.168,0.1682,0.1665,0.167,1432844.71
2025-06-01 09:00:00+00:00,0.167,0.1675,0.164,0.1652,2449182.2
2025-06-01 10:00:00+00:00,0.1652,0.1659,0.165,0.1658,1688654.85
2025-06-01 11:00:00+00:00,0.1658,0.1669,0.1653,0.1663,1300764.5
2025-06-01 12:00:00+00:00,0.1663,0.1664,0.1644,0.165,1276762.9
2025-06-01 13:00:00+00:00,0.165,0.1666,0.1648,0.166,793848.51
2025-06-01 14:00:00+00:00,0.166,0.1679,0.166,0.167,1412919.3
2025-06-01 15:00:00+00:00,0.167,0.1677,0.1667,0.1673,883430.13
2025-06-01 16:00:00+00:00,0.1673,0.1694,0.1672,0.1686,3070217.99
2025-06-01 17:00:00+00:00,0.1686,0.1688,0.1681,0.1684,1150489.84
2025-06-01 18:00:00+00:00,0.1684,0.1684,0.1658,0.1668,1735094.74
2025-06-01 19:00:00+00:00,0.1668,0.168,0.1668,0.168,1535318.11
2025-06-01 20:00:00+00:00,0.168,0.1686,0.1674,0.1674,741675.16
2025-06-01 21:00:00+00:00,0.1674,0.169,0.1673,0.1685,1069735.59
2025-06-01 22:00:00+00:00,0.1685,0.1692,0.1679,0.1682,967782.72
2025-06-01 23:00:00+00:00,0.1682,0.1693,0.1682,0.1687,664236.42
2025-06-02 00:00:00+00:00,0.1687,0.1691,0.1683,0.1686,814861.09
2025-06-02 01:00:00+00:00,0.1686,0.1701,0.1686,0.1693,1153874.44
2025-06-02 02:00:00+00:00,0.1693,0.17,0.1688,0.1694,1930434.95
2025-06-02 03:00:00+00:00,0.1694,0.1708,0.168,0.1693,3279887.67
2025-06-02 04:00:00+00:00,0.1693,0.1704,0.1685,0.1686,1235541.41
2025-06-02 05:00:00+00:00,0.1686,0.1694,0.1683,0.1688,1267527.17
2025-06-02 06:00:00+00:00,0.1688,0.1704,0.1684,0.17,1365565.29
2025-06-02 07:00:00+00:00,0.17,0.1713,0.1698,0.1699,1197216.72
2025-06-02 08:00:00+00:00,0.1699,0.171,0.1692,0.1694,2155038.39
2025-06-02 09:00:00+00:00,0.1694,0.1704,0.1685,0.1689,2609323.0
2025-06-02 10:00:00+00:00,0.1689,0.1689,0.1674,0.1679,2161017.05
2025-06-02 11:00:00+00:00,0.1679,0.1687,0.1677,0.168,1760764.12
2025-06-02 12:00:00+00:00,0.168,0.1693,0.1675,0.1688,1572465.23
2025-06-02 13:00:00+00:00,0.1688,0.1695,0.1679,0.1682,1696690.24
2025-06-02 14:00:00+00:00,0.1682,0.1698,0.1677,0.1687,2332856.42
2025-06-02 15:00:00+00:00,0.1687,0.1695,0.1682,0.1689,1422781.05
2025-06-02 16:00:00+00:00,0.1689,0.169,0.1678,0.1684,880373.67
2025-06-02 17:00:00+00:00,0.1684,0.1688,0.1677,0.1686,902595.04
2025-06-02 18:00:00+00:00,0.1686,0.1699,0.1679,0.1682,1072714.0
2025-06-02 19:00:00+00:00,0.1682,0.1688,0.1666,0.1677,1200755.75
2025-06-02 20:00:00+00:00,0.1677,0.1701,0.1677,0.17,1887063.18
2025-06-02 21:00:00+00:00,0.17,0.1716,0.17,0.1709,2885955.43
2025-06-02 22:00:00+00:00,0.1709,0.1726,0.1708,0.1715,1864492.01
2025-06-02 23:00:00+00:00,0.1715,0.1721,0.1713,0.1714,1189244.4
2025-06-03 00:00:00+00:00,0.1714,0.1731,0.1714,0.1723,1833998.25
2025-06-03 01:00:00+00:00,0.1723,0.1739,0.1721,0.1737,1655329.22
2025-06-03 02:00:00+00:00,0.1737,0.1739,0.1726,0.1728,1633549.39
2025-06-03 03:00:00+00:00,0.1728,0.1729,0.1712,0.1721,1670277.71
2025-06-03 04:00:00+00:00,0.1721,0.1723,0.171,0.1713,1144607.5
2025-06-03 05:00:00+00:00,0.1713,0.1732,0.1713,0.1731,1291908.01
2025-06-03 06:00:00+00:00,0.1731,0.1735,0.1727,0.1735,671181.0
2025-06-03 07:00:00+00:00,0.1735,0.1736,0.1721,0.1722,843617.78
2025-06-03 08:00:00+00:00,0.1722,0.1724,0.171,0.1717,806819.9
2025-06-03 09:00:00+00:00,0.1717,0.1728,0.1716,0.1725,745186.23
2025-06-03 10:00:00+00:00,0.1725,0.1736,0.1722,0.1735,1276900.62
2025-06-03 11:00:00+00:00,0.1735,0.1739,0.173,0.1734,1125726.05
2025-06-03 12:00:00+00:00,0.1734,0.174,0.1731,0.1734,964225.13
2025-06-03 13:00:00+00:00,0.1734,0.1746,0.173,0.1743,2681165.36
2025-06-03 14:00:00+00:00,0.1743,0.1751,0.1733,0.175,2428116.53
2025-06-03 15:00:00+00:00,0.175,0.1755,0.1744,0.1748,1567682.39
2025-06-03 16:00:00+00:00,0.1748,0.1753,0.1739,0.1739,1139367.69
2025-06-03 17:00:00+00:00,0.1739,0.1748,0.1738,0.1742,1237354.16
2025-06-03 18:00:00+00:00,0.1742,0.1743,0.1732,0.1739,999222.59
2025-06-03 19:00:00+00:00,0.1739,0.175,0.1739,0.1749,746893.28
2025-06-03 20:00:00+00:00,0.1749,0.175,0.1718,0.1726,1511851.38
2025-06-03 21:00:00+00:00,0.1726,0.1731,0.1711,0.1717,2204422.91
2025-06-03 22:00:00+00:00,0.1717,0.1733,0.1715,0.1729,1115882.8
2025-06-03 23:00:00+00:00,0.1729,0.1729,0.1717,0.1718,815189.16
2025-06-04 00:00:00+00:00,0.1718,0.1728,0.1713,0.1728,1116886.41
2025-06-04 01:00:00+00:00,0.1728,0.1738,0.1728,0.1732,1073286.95
2025-06-04 02:00:00+00:00,0.1732,0.1739,0.1724,0.1725,731740.07
2025-06-04 03:00:00+00:00,0.1725,0.1736,0.1723,0.173,654062.75
2025-06-04 04:00:00+00:00,0.173,0.1732,0.1726,0.1729,465577.83
2025-06-04 05:00:00+00:00,0.1729,0.1732,0.1722,0.1722,850410.13
2025-06-04 06:00:00+00:00,0.1722,0.1727,0.1718,0.172,654389.77
2025-06-04 07:00:00+00:00,0.172,0.1725,0.1716,0.172,959631.91
2025-06-04 08:00:00+00:00,0.172,0.1735,0.172,0.1732,1764458.73
2025-06-04 09:00:00+00:00,0.1732,0.1735,0.1726,0.1735,861069.16
2025-06-04 10:00:00+00:00,0.1735,0.1738,0.1717,0.1718,1641581.52
2025-06-04 11:00:00+00:00,0.1718,0.1721,0.1703,0.1704,1218050.52
2025-06-04 12:00:00+00:00,0.1704,0.1706,0.1693,0.1697,1479702.65
2025-06-04 13:00:00+00:00,0.1697,0.1706,0.169,0.1696,1329535.42
2025-06-04 14:00:00+00:00,0.1696,0.1703,0.1684,0.1703,1918546.17
2025-06-04 15:00:00+00:00,0.1703,0.1715,0.17,0.1707,2076654.52
2025-06-04 16:00:00+00:00,0.1707,0.1708,0.1696,0.1705,1102446.68
2025-06-04 17:00:00+00:00,0.1705,0.1705,0.1686,0.1693,877097.26
2025-06-04 18:00:00+00:00,0.1693,0.1698,0.1686,0.1688,878849.01
2025-06-04 19:00:00+00:00,0.1688,0.1691,0.168,0.168,850271.58
2025-06-04 20:00:00+00:00,0.168,0.1682,0.1667,0.167,2158845.47
2025-06-04 21:00:00+00:00,0.167,0.1685,0.1663,0.1681,1350619.02
2025-06-04 22:00:00+00:00,0.1681,0.1683,0.1674,0.1674,826955.74
2025-06-04 23:00:00+00:00,0.1674,0.1677,0.1666,0.1671,771153.28
2025-06-05 00:00:00+00:00,0.1671,0.1682,0.1666,0.1681,851507.41
2025-06-05 01:00:00+00:00,0.1681,0.1688,0.1672,0.1676,593324.41
2025-06-05 02:00:00+00:00,0.1676,0.1692,0.1676,0.1686,1572782.58
2025-06-05 03:00:00+00:00,0.1686,0.1686,0.1677,0.1683,1208629.43
2025-06-05 04:00:00+00:00,0.1683,0.1691,0.168,0.169,819304.56
2025-06-05 05:00:00+00:00,0.169,0.1691,0.1669,0.1674,847049.32
2025-06-05 06:00:00+00:00,0.1674,0.1676,0.1664,0.1664,1811488.56
2025-06-05 07:00:00+00:00,0.1664,0.1679,0.1664,0.1667,1452381.51
2025-06-05 08:00:00+00:00,0.1667,0.1673,0.1665,0.1671,742372.48
2025-06-05 09:00:00+00:00,0.1671,0.1679,0.167,0.1674,710183.11
2025-06-05 10:00:00+00:00,0.1674,0.1674,0.1659,0.1667,1146163.33
2025-06-05 11:00:00+00:00,0.1667,0.1672,0.1664,0.1671,559946.51
2025-06-05 12:00:00+00:00,0.1671,0.1697,0.167,0.1691,1281020.99
2025-06-05 13:00:00+00:00,0.1691,0.1696,0.1665,0.1667,2329000.17
2025-06-05 14:00:00+00:00,0.1667,0.1679,0.1655,0.167,1977941.12
2025-06-05 15:00:00+00:00,0.167,0.1681,0.1668,0.1675,1267091.51
2025-06-05 16:00:00+00:00,0.1675,0.1678,0.1652,0.1656,2083627.87
2025-06-05 17:00:00+00:00,0.1656,0.1666,0.1653,0.1656,1354146.96
2025-06-05 18:00:00+00:00,0.1656,0.1659,0.1637,0.1651,2352729.25
2025-06-05 19:00:00+00:00,0.1651,0.1652,0.1612,0.1622,5151570.68
2025-06-05 20:00:00+00:00,0.1622,0.1624,0.1561,0.1562,9063644.06
2025-06-05 21:00:00+00:00,0.1562,0.1605,0.1561,0.1604,5783799.85
2025-06-05 22:00:00+00:00,0.1604,0.1605,0.158,0.1601,2264835.57
2025-06-05 23:00:00+00:00,0.1601,0.1604,0.1593,0.1595,1416056.72
2025-06-06 00:00:00+00:00,0.1595,0.1605,0.1586,0.1605,1912178.47
2025-06-06 01:00:00+00:00,0.1605,0.1608,0.1599,0.1607,929605.89
2025-06-06 02:00:00+00:00,0.1607,0.1622,0.1601,0.162,1074235.17
2025-06-06 03:00:00+00:00,0.162,0.1633,0.1616,0.163,1042939.78
2025-06-06 04:00:00+00:00,0.163,0.165,0.1627,0.1649,4290551.3
2025-06-06 05:00:00+00:00,0.1649,0.1649,0.1638,0.1642,833650.42
2025-06-06 06:00:00+00:00,0.1642,0.165,0.1639,0.1639,1060789.57
2025-06-06 07:00:00+00:00,0.1639,0.1648,0.1635,0.1638,902954.61
2025-06-06 08:00:00+00:00,0.1638,0.1648,0.1638,0.1643,966754.35
2025-06-06 09:00:00+00:00,0.1643,0.1657,0.1643,0.1647,2556734.81
2025-06-06 10:00:00+00:00,0.1647,0.1653,0.1644,0.1647,870586.38
2025-06-06 11:00:00+00:00,0.1647,0.1655,0.1645,0.1646,1331889.76
2025-06-06 12:00:00+00:00,0.1646,0.1666,0.1646,0.1654,2280020.17
2025-06-06 13:00:00+00:00,0.1654,0.169,0.1654,0.1676,3018006.39
2025-06-06 14:00:00+00:00,0.1676,0.1685,0.1673,0.1682,1632246.11
2025-06-06 15:00:00+00:00,0.1682,0.169,0.1673,0.1679,1670390.7
2025-06-06 16:00:00+00:00,0.1679,0.1686,0.167,0.1673,1182933.47
2025-06-06 17:00:00+00:00,0.1673,0.1673,0.1661,0.1667,1273181.03
2025-06-06 18:00:00+00:00,0.1667,0.1667,0.1638,0.1643,4271608.72
2025-06-06 19:00:00+00:00,0.1643,0.1647,0.1637,0.1643,1125373.85
2025-06-06 20:00:00+00:00,0.1643,0.1657,0.1641,0.1655,837849.88
2025-06-06 21:00:00+00:00,0.1655,0.1658,0.1648,0.1655,812748.1
2025-06-06 22:00:00+00:00,0.1655,0.1656,0.1647,0.1654,848270.24
2025-06-06 23:00:00+00:00,0.1654,0.1654,0.1643,0.1644,601358.45
2025-06-07 00:00:00+00:00,0.1644,0.1659,0.1638,0.1659,879986.11
2025-06-07 01:00:00+00:00,0.1659,0.166,0.1647,0.165,636024.52
2025-06-07 02:00:00+00:00,0.165,0.1661,0.1648,0.1661,661063.06
2025-06-07 03:00:00+00:00,0.1661,0.1675,0.1659,0.1675,1083511.42
2025-06-07 04:00:00+00:00,0.1675,0.1676,0.1669,0.167,591095.05
2025-06-07 05:00:00+00:00,0.167,0.1678,0.1667,0.1677,506721.96
2025-06-07 06:00:00+00:00,0.1677,0.1687,0.1671,0.1687,734220.51
2025-06-07 07:00:00+00:00,0.1687,0.1689,0.1678,0.1689,889568.64
2025-06-07 08:00:00+00:00,0.1689,0.1693,0.1679,0.1679,832097.19
2025-06-07 09:00:00+00:00,0.1679,0.1684,0.1677,0.1681,860208.8
2025-06-07 10:00:00+00:00,0.1681,0.1697,0.1681,0.1696,1259258.41
2025-06-07 11:00:00+00:00,0.1696,0.17,0.1693,0.1695,805515.56
2025-06-07 12:00:00+00:00,0.1695,0.1699,0.1692,0.1695,596620.6
2025-06-07 13:00:00+00:00,0.1695,0.1702,0.1693,0.1699,1043050.12
2025-06-07 14:00:00+00:00,0.1699,0.1699,0.1691,0.1692,736641.75
2025-06-07 15:00:00+00:00,0.1692,0.1701,0.1691,0.1693,2039106.13
2025-06-07 16:00:00+00:00,0.1693,0.1705,0.1693,0.1696,1461297.12
2025-06-07 17:00:00+00:00,0.1696,0.17,0.1686,0.1688,661781.76
2025-06-07 18:00:00+00:00,0.1688,0.1697,0.1688,0.1694,585782.45
2025-06-07 19:00:00+00:00,0.1694,0.17,0.1691,0.1694,458788.63
2025-06-07 20:00:00+00:00,0.1694,0.1698,0.169,0.1691,987966.33
2025-06-07 21:00:00+00:00,0.1691,0.1697,0.1691,0.1695,658053.56
2025-06-07 22:00:00+00:00,0.1695,0.1703,0.1693,0.1696,758220.34
2025-06-07 23:00:00+00:00,0.1696,0.1696,0.1685,0.1687,1022070.78
2025-06-08 00:00:00+00:00,0.1687,0.1689,0.1677,0.168,743274.25
2025-06-08 01:00:00+00:00,0.168,0.1687,0.1676,0.1685,505046.9
2025-06-08 02:00:00+00:00,0.1685,0.1685,0.1679,0.1679,500678.24
2025-06-08 03:00:00+00:00,0.1679,0.168,0.1676,0.1678,358205.45
2025-06-08 04:00:00+00:00,0.1678,0.1679,0.1671,0.1677,481684.88
2025-06-08 05:00:00+00:00,0.1677,0.168,0.1672,0.1674,401662.28
2025-06-08 06:00:00+00:00,0.1674,0.1689,0.1674,0.1678,593983.53
2025-06-08 07:00:00+00:00,0.1678,0.1685,0.1675,0.1676,458174.72
2025-06-08 08:00:00+00:00,0.1676,0.1686,0.1676,0.1682,558381.13
2025-06-08 09:00:00+00:00,0.1682,0.1683,0.1666,0.1671,1068251.74
2025-06-08 10:00:00+00:00,0.1671,0.1673,0.1666,0.1672,544395.21
2025-06-08 11:00:00+00:00,0.1672,0.1688,0.1672,0.1687,1048709.34
2025-06-08 12:00:00+00:00,0.1687,0.1695,0.1684,0.1691,1416938.25
2025-06-08 13:00:00+00:00,0.1691,0.1713,0.1688,0.1698,2882408.58
2025-06-08 14:00:00+00:00,0.1698,0.1706,0.1694,0.1706,1312275.6
2025-06-08 15:00:00+00:00,0.1706,0.1713,0.1701,0.1704,1140863.77
2025-06-08 16:00:00+00:00,0.1704,0.1721,0.1704,0.1713,1843993.65
2025-06-08 17:00:00+00:00,0.1713,0.1719,0.1707,0.1708,777283.5
2025-06-08 18:00:00+00:00,0.1708,0.1712,0.1706,0.1708,547998.01
2025-06-08 19:00:00+00:00,0.1708,0.1711,0.1702,0.1707,668572.97
2025-06-08 20:00:00+00:00,0.1707,0.171,0.17,0.1702,644868.68
2025-06-08 21:00:00+00:00,0.1702,0.1713,0.17,0.171,960922.74
2025-06-08 22:00:00+00:00,0.171,0.1711,0.169,0.1692,1487529.15
2025-06-08 23:00:00+00:00,0.1692,0.1694,0.1687,0.1693,987669.8
2025-06-09 00:00:00+00:00,0.1693,0.1702,0.169,0.1702,1559320.44
2025-06-09 01:00:00+00:00,0.1702,0.1707,0.1695,0.1701,905390.71
2025-06-09 02:00:00+00:00,0.1701,0.1707,0.1698,0.1705,1004712.89
2025-06-09 03:00:00+00:00,0.1705,0.1706,0.1695,0.1701,1292687.78
2025-06-09 04:00:00+00:00,0.1701,0.1702,0.169,0.169,758807.93
2025-06-09 05:00:00+00:00,0.169,0.1691,0.1685,0.1686,1017587.08
2025-06-09 06:00:00+00:00,0.1686,0.169,0.1677,0.1689,1065730.27
2025-06-09 07:00:00+00:00,0.1689,0.1689,0.1676,0.1682,909108.86
2025-06-09 08:00:00+00:00,0.1682,0.1692,0.1677,0.1692,768201.62
2025-06-09 09:00:00+00:00,0.1692,0.1715,0.169,0.1705,1585573.49
2025-06-09 10:00:00+00:00,0.1705,0.1722,0.1703,0.1716,1704376.47
2025-06-09 11:00:00+00:00,0.1716,0.1718,0.1712,0.1715,931795.03
2025-06-09 12:00:00+00:00,0.1715,0.1716,0.1705,0.1715,2824370.99
2025-06-09 13:00:00+00:00,0.1715,0.1716,0.1694,0.1697,1875106.75
2025-06-09 14:00:00+00:00,0.1697,0.1715,0.1697,0.1707,1742673.02
2025-06-09 15:00:00+00:00,0.1707,0.1715,0.1705,0.1711,1054433.3
2025-06-09 16:00:00+00:00,0.1711,0.1729,0.171,0.1722,2345884.82
2025-06-09 17:00:00+00:00,0.1722,0.1744,0.1722,0.1743,2211931.48
2025-06-09 18:00:00+00:00,0.1743,0.1753,0.1743,0.175,2109713.42
2025-06-09 19:00:00+00:00,0.175,0.1765,0.1747,0.1762,2348886.7
2025-06-09 20:00:00+00:00,0.1762,0.1769,0.1758,0.1762,1315006.31
2025-06-09 21:00:00+00:00,0.1762,0.1784,0.1762,0.178,2786371.7
2025-06-09 22:00:00+00:00,0.178,0.1788,0.1779,0.1787,1443525.99
2025-06-09 23:00:00+00:00,0.1787,0.1789,0.1772,0.1779,1755478.08
2025-06-10 00:00:00+00:00,0.1779,0.1792,0.1774,0.178,2122424.54
2025-06-10 01:00:00+00:00,0.178,0.1792,0.1774,0.179,1610803.9
2025-06-10 02:00:00+00:00,0.179,0.1795,0.1782,0.1793,1162015.44
2025-06-10 03:00:00+00:00,0.1793,0.1797,0.1786,0.1791,1050589.11
2025-06-10 04:00:00+00:00,0.1791,0.1792,0.1779,0.1787,931960.08
2025-06-10 05:00:00+00:00,0.1787,0.1796,0.1774,0.1776,1353044.4
2025-06-10 06:00:00+00:00,0.1776,0.1777,0.1764,0.1771,1189082.35
2025-06-10 07:00:00+00:00,0.1771,0.1778,0.1764,0.1766,1216805.97
2025-06-10 08:00:00+00:00,0.1766,0.177,0.176,0.1763,1103044.23
2025-06-10 09:00:00+00:00,0.1763,0.1777,0.176,0.1776,1169017.14
2025-06-10 10:00:00+00:00,0.1776,0.1777,0.1762,0.1772,952223.67
2025-06-10 11:00:00+00:00,0.1772,0.1814,0.1765,0.1813,4459622.91
2025-06-10 12:00:00+00:00,0.1813,0.1838,0.1802,0.1833,3278502.83
2025-06-10 13:00:00+00:00,0.1833,0.1834,0.1795,0.1808,3631357.84
2025-06-10 14:00:00+00:00,0.1808,0.1813,0.1787,0.1792,2047560.19
2025-06-10 15:00:00+00:00,0.1792,0.1806,0.1779,0.1793,2190047.79
2025-06-10 16:00:00+00:00,0.1793,0.1801,0.1784,0.1785,1166624.55
2025-06-10 17:00:00+00:00,0.1785,0.1798,0.1781,0.1786,1160462.34
2025-06-10 18:00:00+00:00,0.1786,0.181,0.1783,0.1805,1602536.97
2025-06-10 19:00:00+00:00,0.1805,0.1817,0.1791,0.1799,5211222.83
2025-06-10 20:00:00+00:00,0.1799,0.1803,0.179,0.1802,978243.59
2025-06-10 21:00:00+00:00,0.1802,0.1807,0.1791,0.18,1785978.09
2025-06-10 22:00:00+00:00,0.18,0.1813,0.1799,0.1803,2166435.63
2025-06-10 23:00:00+00:00,0.1803,0.1806,0.1798,0.1801,1084629.66
2025-06-11 00:00:00+00:00,0.1801,0.1819,0.18,0.18,3544845.01
2025-06-11 01:00:00+00:00,0.18,0.1803,0.1789,0.1792,1299739.0
2025-06-11 02:00:00+00:00,0.1792,0.1803,0.1792,0.1794,698765.82
2025-06-11 03:00:00+00:00,0.1794,0.1806,0.1794,0.1799,696038.44
2025-06-11 04:00:00+00:00,0.1799,0.1802,0.179,0.1797,605370.61
2025-06-11 05:00:00+00:00,0.1797,0.18,0.1787,0.179,1028995.8
2025-06-11 06:00:00+00:00,0.179,0.1801,0.179,0.18,825682.83
2025-06-11 07:00:00+00:00,0.18,0.1805,0.1791,0.1803,1206348.53
2025-06-11 08:00:00+00:00,0.1803,0.1812,0.1797,0.1801,2030381.26
2025-06-11 09:00:00+00:00,0.1801,0.1803,0.1784,0.1787,1810838.15
2025-06-11 10:00:00+00:00,0.1787,0.1804,0.1787,0.1804,2155394.92
2025-06-11 11:00:00+00:00,0.1804,0.1806,0.1785,0.1788,1260130.58
2025-06-11 12:00:00+00:00,0.1788,0.1813,0.1786,0.1808,3746167.26
2025-06-11 13:00:00+00:00,0.1808,0.181,0.1782,0.1785,7053623.74
2025-06-11 14:00:00+00:00,0.1785,0.1805,0.1784,0.1791,2522446.83
2025-06-11 15:00:00+00:00,0.1791,0.1798,0.1786,0.1795,1866148.83
2025-06-11 16:00:00+00:00,0.1795,0.1799,0.1769,0.1771,4361876.6
2025-06-11 17:00:00+00:00,0.1771,0.1779,0.1758,0.1759,3853895.89
2025-06-11 18:00:00+00:00,0.1759,0.1767,0.1751,0.1757,2761709.71
2025-06-11 19:00:00+00:00,0.1757,0.1761,0.1749,0.1752,2490415.97
2025-06-11 20:00:00+00:00,0.1752,0.1763,0.1748,0.175,1900579.91
2025-06-11 21:00:00+00:00,0.175,0.1759,0.1725,0.1727,3818866.7
2025-06-11 22:00:00+00:00,0.1727,0.1727,0.1711,0.1719,3261807.17
2025-06-11 23:00:00+00:00,0.1719,0.1732,0.1718,0.1729,1417598.65
2025-06-12 00:00:00+00:00,0.1729,0.1732,0.1717,0.1725,1504363.78
2025-06-12 01:00:00+00:00,0.1725,0.1725,0.1712,0.1723,1484382.13
2025-06-12 02:00:00+00:00,0.1723,0.1729,0.1721,0.1726,1389694.48
2025-06-12 03:00:00+00:00,0.1726,0.1727,0.1707,0.1709,1862076.78
2025-06-12 04:00:00+00:00,0.1709,0.1709,0.1695,0.1704,1506960.66
2025-06-12 05:00:00+00:00,0.1704,0.1705,0.1687,0.17,2668652.76
2025-06-12 06:00:00+00:00,0.17,0.1703,0.169,0.1696,1106697.44
2025-06-12 07:00:00+00:00,0.1696,0.17,0.1686,0.169,1714468.01
2025-06-12 08:00:00+00:00,0.169,0.1698,0.1683,0.1695,2011228.72
2025-06-12 09:00:00+00:00,0.1695,0.1696,0.1686,0.169,1437978.96
2025-06-12 10:00:00+00:00,0.169,0.1691,0.1675,0.168,1731043.16
2025-06-12 11:00:00+00:00,0.168,0.168,0.1664,0.1668,1883394.05
2025-06-12 12:00:00+00:00,0.1668,0.17,0.1665,0.1688,3175287.85
2025-06-12 13:00:00+00:00,0.1688,0.1707,0.1688,0.1704,1234801.98
2025-06-12 14:00:00+00:00,0.1704,0.171,0.1696,0.1697,1232423.76
2025-06-12 15:00:00+00:00,0.1697,0.1698,0.1674,0.1675,2190214.63
2025-06-12 16:00:00+00:00,0.1675,0.1692,0.1674,0.1687,2064739.41
2025-06-12 17:00:00+00:00,0.1687,0.1694,0.1686,0.1689,1060158.08
2025-06-12 18:00:00+00:00,0.1689,0.1689,0.167,0.1678,1406550.66
2025-06-12 19:00:00+00:00,0.1678,0.1681,0.1652,0.1657,2023536.74
2025-06-12 20:00:00+00:00,0.1657,0.1662,0.1631,0.164,3714653.23
2025-06-12 21:00:00+00:00,0.164,0.165,0.1629,0.163,2963516.73
2025-06-12 22:00:00+00:00,0.163,0.164,0.1629,0.1633,1507419.16
2025-06-12 23:00:00+00:00,0.1633,0.1636,0.1621,0.1629,3879675.16
2025-06-13 00:00:00+00:00,0.1629,0.163,0.1538,0.1543,13568929.5
2025-06-13 01:00:00+00:00,0.1543,0.1543,0.1503,0.152,12110715.81
2025-06-13 02:00:00+00:00,0.152,0.153,0.1504,0.1529,4717367.51
2025-06-13 03:00:00+00:00,0.1529,0.1563,0.1526,0.1557,3406381.59
2025-06-13 04:00:00+00:00,0.1557,0.1558,0.1539,0.155,2408933.75
2025-06-13 05:00:00+00:00,0.155,0.1557,0.1544,0.1551,2208332.89
2025-06-13 06:00:00+00:00,0.1551,0.1556,0.1536,0.1556,1861506.39
2025-06-13 07:00:00+00:00,0.1556,0.1556,0.154,0.1549,5134492.74
2025-06-13 08:00:00+00:00,0.1549,0.1563,0.1543,0.155,2857396.54
2025-06-13 09:00:00+00:00,0.155,0.1552,0.1532,0.154,3518298.93
2025-06-13 10:00:00+00:00,0.154,0.1542,0.1527,0.1541,2298372.48
2025-06-13 11:00:00+00:00,0.1541,0.1552,0.1533,0.1551,2679607.39
2025-06-13 12:00:00+00:00,0.1551,0.1556,0.154,0.1543,2616536.88
2025-06-13 13:00:00+00:00,0.1543,0.1556,0.1537,0.1546,2915241.68
2025-06-13 14:00:00+00:00,0.1546,0.1552,0.1532,0.1549,2757174.17
2025-06-13 15:00:00+00:00,0.1549,0.1573,0.1547,0.1562,2980706.92
2025-06-13 16:00:00+00:00,0.1562,0.1577,0.1559,0.1576,2199408.3
2025-06-13 17:00:00+00:00,0.1576,0.1577,0.1557,0.157,1720798.65
2025-06-13 18:00:00+00:00,0.157,0.1571,0.1546,0.1553,2352507.77
2025-06-13 19:00:00+00:00,0.1553,0.1562,0.1549,0.1559,1312457.99
2025-06-13 20:00:00+00:00,0.1559,0.1576,0.1556,0.1573,1402899.48
2025-06-13 21:00:00+00:00,0.1573,0.1582,0.1567,0.1579,1350517.74
2025-06-13 22:00:00+00:00,0.1579,0.1587,0.1574,0.1581,852508.4
2025-06-13 23:00:00+00:00,0.1581,0.1592,0.158,0.159,728105.29
2025-06-14 00:00:00+00:00,0.159,0.159,0.1579,0.1579,1320271.18
2025-06-14 01:00:00+00:00,0.1579,0.1581,0.1573,0.1577,763213.61
2025-06-14 02:00:00+00:00,0.1577,0.1584,0.1576,0.1582,487007.67
2025-06-14 03:00:00+00:00,0.1582,0.159,0.1581,0.1587,561621.89
2025-06-14 04:00:00+00:00,0.1587,0.1594,0.1587,0.1589,718619.23
2025-06-14 05:00:00+00:00,0.1589,0.1595,0.1582,0.1593,701502.33
2025-06-14 06:00:00+00:00,0.1593,0.1595,0.1586,0.1587,1128091.82
2025-06-14 07:00:00+00:00,0.1587,0.1598,0.1584,0.1594,707526.38
2025-06-14 08:00:00+00:00,0.1594,0.1597,0.1586,0.1596,644105.02
2025-06-14 09:00:00+00:00,0.1596,0.1596,0.1587,0.1587,440006.37
2025-06-14 10:00:00+00:00,0.1587,0.1594,0.1586,0.1592,371685.07
2025-06-14 11:00:00+00:00,0.1592,0.1598,0.1591,0.1596,465547.58
2025-06-14 12:00:00+00:00,0.1596,0.1598,0.1585,0.1592,665458.05
2025-06-14 13:00:00+00:00,0.1592,0.1596,0.1578,0.1581,1078441.09
2025-06-14 14:00:00+00:00,0.1581,0.1589,0.1577,0.1578,786752.18
2025-06-14 15:00:00+00:00,0.1578,0.1581,0.1564,0.1569,1301456.12
2025-06-14 16:00:00+00:00,0.1569,0.1571,0.1531,0.1532,2184652.47
2025-06-14 17:00:00+00:00,0.1532,0.1541,0.1528,0.1537,1852430.95
2025-06-14 18:00:00+00:00,0.1537,0.1549,0.1519,0.1531,1687919.71
2025-06-14 19:00:00+00:00,0.1531,0.1538,0.1521,0.1521,1029847.78
2025-06-14 20:00:00+00:00,0.1521,0.1529,0.1512,0.1528,1311002.77
2025-06-14 21:00:00+00:00,0.1528,0.1548,0.1527,0.1547,1044533.71
2025-06-14 22:00:00+00:00,0.1547,0.1554,0.1547,0.1549,901808.01
2025-06-14 23:00:00+00:00,0.1549,0.1557,0.1549,0.155,590463.53
2025-06-15 00:00:00+00:00,0.155,0.1552,0.1537,0.1539,1843295.56
2025-06-15 01:00:00+00:00,0.1539,0.1541,0.1526,0.1531,1250570.51
2025-06-15 02:00:00+00:00,0.1531,0.154,0.1529,0.1535,1953559.0
2025-06-15 03:00:00+00:00,0.1535,0.1545,0.1534,0.154,962097.49
2025-06-15 04:00:00+00:00,0.154,0.1545,0.1539,0.1545,1052186.4
2025-06-15 05:00:00+00:00,0.1545,0.1554,0.1537,0.1553,1067835.84
2025-06-15 06:00:00+00:00,0.1553,0.1555,0.1542,0.1542,956610.87
2025-06-15 07:00:00+00:00,0.1542,0.1542,0.1532,0.1537,739654.81
2025-06-15 08:00:00+00:00,0.1537,0.1539,0.1532,0.1536,794992.68
2025-06-15 09:00:00+00:00,0.1536,0.1536,0.1523,0.1524,1317753.18
2025-06-15 10:00:00+00:00,0.1524,0.1535,0.1524,0.1533,656829.14
2025-06-15 11:00:00+00:00,0.1533,0.1535,0.1523,0.1529,762070.62
2025-06-15 12:00:00+00:00,0.1529,0.1535,0.1524,0.1533,787254.52
2025-06-15 13:00:00+00:00,0.1533,0.1543,0.153,0.154,1058965.45
2025-06-15 14:00:00+00:00,0.154,0.1552,0.1534,0.155,1695719.21
2025-06-15 15:00:00+00:00,0.155,0.1556,0.1542,0.1544,1689066.21
2025-06-15 16:00:00+00:00,0.1544,0.1548,0.1537,0.1541,1362315.29
2025-06-15 17:00:00+00:00,0.1541,0.1542,0.1532,0.1538,953260.87
2025-06-15 18:00:00+00:00,0.1538,0.1538,0.1525,0.153,1799034.21
2025-06-15 19:00:00+00:00,0.153,0.1534,0.1522,0.1526,1018230.74
2025-06-15 20:00:00+00:00,0.1526,0.1526,0.1507,0.1516,2140480.18
2025-06-15 21:00:00+00:00,0.1516,0.1529,0.1513,0.1528,1213999.58
2025-06-15 22:00:00+00:00,0.1528,0.1545,0.1528,0.1543,1646035.55
2025-06-15 23:00:00+00:00,0.1543,0.1548,0.1541,0.1544,1456696.46
2025-06-16 00:00:00+00:00,0.1544,0.155,0.1538,0.1542,1121123.49
2025-06-16 01:00:00+00:00,0.1542,0.1558,0.1533,0.1557,1218591.18
2025-06-16 02:00:00+00:00,0.1557,0.1566,0.1557,0.1558,1681186.74
2025-06-16 03:00:00+00:00,0.1558,0.156,0.1552,0.1552,698714.16
2025-06-16 04:00:00+00:00,0.1552,0.1568,0.1549,0.1561,1380905.68
2025-06-16 05:00:00+00:00,0.1561,0.1574,0.1556,0.1573,1734482.28
2025-06-16 06:00:00+00:00,0.1573,0.1577,0.1572,0.1576,804451.63
2025-06-16 07:00:00+00:00,0.1576,0.1591,0.1576,0.1591,1719246.17
2025-06-16 08:00:00+00:00,0.1591,0.1596,0.158,0.1588,2356612.81
2025-06-16 09:00:00+00:00,0.1588,0.1589,0.1582,0.1588,1069920.74
2025-06-16 10:00:00+00:00,0.1588,0.1593,0.1582,0.1586,752139.97
2025-06-16 11:00:00+00:00,0.1586,0.1602,0.1576,0.16,2087622.97
2025-06-16 12:00:00+00:00,0.16,0.1608,0.1591,0.1596,3438695.11
2025-06-16 13:00:00+00:00,0.1596,0.1618,0.1596,0.1618,2297962.67
2025-06-16 14:00:00+00:00,0.1618,0.163,0.1613,0.1619,4090672.44
2025-06-16 15:00:00+00:00,0.1619,0.1625,0.1611,0.1615,2381568.74
2025-06-16 16:00:00+00:00,0.1615,0.1633,0.1615,0.1624,3192553.9
2025-06-16 17:00:00+00:00,0.1624,0.1626,0.1608,0.1609,2482575.27
2025-06-16 18:00:00+00:00,0.1609,0.1614,0.1602,0.161,2400447.75
2025-06-16 19:00:00+00:00,0.161,0.1615,0.1598,0.1603,2361084.9
2025-06-16 20:00:00+00:00,0.1603,0.1615,0.1597,0.1606,2983260.6
2025-06-16 21:00:00+00:00,0.1606,0.1607,0.1593,0.1595,2242404.27
2025-06-16 22:00:00+00:00,0.1595,0.1599,0.1555,0.1564,4863049.68
2025-06-16 23:00:00+00:00,0.1564,0.157,0.1531,0.1534,3885637.88
2025-06-17 00:00:00+00:00,0.1534,0.155,0.1501,0.1549,6875054.04
2025-06-17 01:00:00+00:00,0.1549,0.1557,0.154,0.1548,2609489.47
2025-06-17 02:00:00+00:00,0.1548,0.1564,0.1543,0.1564,2101259.59
2025-06-17 03:00:00+00:00,0.1564,0.1572,0.1561,0.1564,1444729.79
2025-06-17 04:00:00+00:00,0.1564,0.1568,0.1558,0.156,886675.64
2025-06-17 05:00:00+00:00,0.156,0.1566,0.1554,0.1555,1073389.73
2025-06-17 06:00:00+00:00,0.1555,0.1563,0.1552,0.1556,1202180.99
2025-06-17 07:00:00+00:00,0.1556,0.156,0.1551,0.1557,1082573.41
2025-06-17 08:00:00+00:00,0.1557,0.1559,0.1541,0.1543,1174084.82
2025-06-17 09:00:00+00:00,0.1543,0.1548,0.1536,0.154,1277720.91
2025-06-17 10:00:00+00:00,0.154,0.1541,0.1524,0.1535,1813384.22
2025-06-17 11:00:00+00:00,0.1535,0.1535,0.1514,0.1516,2327185.35
2025-06-17 12:00:00+00:00,0.1516,0.1524,0.1512,0.1518,2797421.35
2025-06-17 13:00:00+00:00,0.1518,0.1531,0.1517,0.1523,1734265.93
2025-06-17 14:00:00+00:00,0.1523,0.1531,0.1509,0.1509,1387716.77
2025-06-17 15:00:00+00:00,0.1509,0.1513,0.1481,0.1493,6000763.66
2025-06-17 16:00:00+00:00,0.1493,0.1495,0.1474,0.1474,3339426.57
2025-06-17 17:00:00+00:00,0.1474,0.1488,0.1468,0.1477,3157259.46
2025-06-17 18:00:00+00:00,0.1477,0.1501,0.1475,0.1501,2681829.47
2025-06-17 19:00:00+00:00,0.1501,0.1521,0.1499,0.1507,4539030.98
2025-06-17 20:00:00+00:00,0.1507,0.1513,0.1498,0.15,1748950.8
2025-06-17 21:00:00+00:00,0.15,0.1502,0.1485,0.1488,2333033.91
2025-06-17 22:00:00+00:00,0.1488,0.1489,0.1475,0.1477,1300135.49
2025-06-17 23:00:00+00:00,0.1477,0.1493,0.1476,0.1486,902115.21
2025-06-18 00:00:00+00:00,0.1486,0.1502,0.1486,0.1497,1468707.12
2025-06-18 01:00:00+00:00,0.1497,0.1504,0.1492,0.1493,1400469.97
2025-06-18 02:00:00+00:00,0.1493,0.1498,0.1487,0.1492,2797944.31
2025-06-18 03:00:00+00:00,0.1492,0.1502,0.1492,0.1501,924445.72
2025-06-18 04:00:00+00:00,0.1501,0.1523,0.1501,0.1517,2971838.99
2025-06-18 05:00:00+00:00,0.1517,0.1518,0.1505,0.1506,1338513.55
2025-06-18 06:00:00+00:00,0.1506,0.1508,0.1496,0.1502,2282525.02
2025-06-18 07:00:00+00:00,0.1502,0.1504,0.1496,0.1502,1456267.66
2025-06-18 08:00:00+00:00,0.1502,0.1508,0.1481,0.1485,2207322.37
2025-06-18 09:00:00+00:00,0.1485,0.1489,0.1475,0.1477,1488039.28
2025-06-18 10:00:00+00:00,0.1477,0.1478,0.1452,0.1457,2454293.21
2025-06-18 11:00:00+00:00,0.1457,0.1471,0.1453,0.1471,1615077.1
2025-06-18 12:00:00+00:00,0.1471,0.1473,0.1455,0.1457,1435385.25
2025-06-18 13:00:00+00:00,0.1457,0.1463,0.1438,0.1462,3376696.08
2025-06-18 14:00:00+00:00,0.1462,0.1482,0.1457,0.1468,4830987.09
2025-06-18 15:00:00+00:00,0.1468,0.1474,0.1458,0.1468,1935908.96
2025-06-18 16:00:00+00:00,0.1468,0.1469,0.1457,0.1461,1517458.36
2025-06-18 17:00:00+00:00,0.1461,0.1465,0.145,0.1464,2834245.53
2025-06-18 18:00:00+00:00,0.1464,0.1471,0.1441,0.1442,3706728.05
2025-06-18 19:00:00+00:00,0.1442,0.1459,0.1441,0.1445,2206226.74
2025-06-18 20:00:00+00:00,0.1445,0.1481,0.1441,0.148,2061913.69
2025-06-18 21:00:00+00:00,0.148,0.1486,0.1473,0.1482,1923110.33
2025-06-18 22:00:00+00:00,0.1482,0.1485,0.1478,0.1481,968645.67
2025-06-18 23:00:00+00:00,0.1481,0.1486,0.147,0.1479,781176.96
2025-06-19 00:00:00+00:00,0.1479,0.1496,0.1477,0.1486,2907908.2
2025-06-19 01:00:00+00:00,0.1486,0.1487,0.1473,0.1474,1185117.12
2025-06-19 02:00:00+00:00,0.1474,0.148,0.1469,0.1473,727260.81
2025-06-19 03:00:00+00:00,0.1473,0.1483,0.1472,0.1481,808165.13
2025-06-19 04:00:00+00:00,0.1481,0.1482,0.1472,0.1479,1009754.9
2025-06-19 05:00:00+00:00,0.1479,0.1488,0.1475,0.1475,1327743.81
2025-06-19 06:00:00+00:00,0.1475,0.1479,0.1469,0.1472,896436.27
2025-06-19 07:00:00+00:00,0.1472,0.1475,0.1465,0.1467,1490686.58
2025-06-19 08:00:00+00:00,0.1467,0.1475,0.1465,0.1465,930325.2
2025-06-19 09:00:00+00:00,0.1465,0.1471,0.1463,0.1468,1291004.76
2025-06-19 10:00:00+00:00,0.1468,0.1469,0.1461,0.1465,1082326.03
2025-06-19 11:00:00+00:00,0.1465,0.1465,0.1458,0.1462,747732.42
2025-06-19 12:00:00+00:00,0.1462,0.147,0.1459,0.1467,678279.95
2025-06-19 13:00:00+00:00,0.1467,0.147,0.1456,0.1457,1156502.09
2025-06-19 14:00:00+00:00,0.1457,0.1466,0.1449,0.1451,1623811.34
2025-06-19 15:00:00+00:00,0.1451,0.1458,0.1449,0.1454,814933.38
2025-06-19 16:00:00+00:00,0.1454,0.1461,0.1447,0.1448,864647.83
2025-06-19 17:00:00+00:00,0.1448,0.147,0.1447,0.1466,1563867.57
2025-06-19 18:00:00+00:00,0.1466,0.1476,0.1464,0.1469,1115132.25
2025-06-19 19:00:00+00:00,0.1469,0.1473,0.1466,0.1468,673501.82
2025-06-19 20:00:00+00:00,0.1468,0.1478,0.1464,0.1469,1077920.53
2025-06-19 21:00:00+00:00,0.1469,0.1475,0.1469,0.1472,874775.6
2025-06-19 22:00:00+00:00,0.1472,0.1484,0.1472,0.148,1015404.3
2025-06-19 23:00:00+00:00,0.148,0.1481,0.1473,0.1477,674238.28
2025-06-20 00:00:00+00:00,0.1477,0.1483,0.1474,0.1477,508326.02
2025-06-20 01:00:00+00:00,0.1477,0.1478,0.1469,0.1476,686915.89
2025-06-20 02:00:00+00:00,0.1476,0.1477,0.1467,0.147,459051.24
2025-06-20 03:00:00+00:00,0.147,0.1471,0.1466,0.1468,428429.44
2025-06-20 04:00:00+00:00,0.1468,0.1469,0.1457,0.1458,783516.71
2025-06-20 05:00:00+00:00,0.1458,0.1463,0.1453,0.1463,529325.89
2025-06-20 06:00:00+00:00,0.1463,0.1468,0.1462,0.1466,523950.36
2025-06-20 07:00:00+00:00,0.1466,0.1484,0.1464,0.1483,1274821.31
2025-06-20 08:00:00+00:00,0.1483,0.1494,0.1482,0.1487,1976317.83
2025-06-20 09:00:00+00:00,0.1487,0.1492,0.1484,0.1488,855871.81
2025-06-20 10:00:00+00:00,0.1488,0.1498,0.1484,0.1493,850465.53
2025-06-20 11:00:00+00:00,0.1493,0.1504,0.1492,0.15,1159524.28
2025-06-20 12:00:00+00:00,0.15,0.1509,0.1499,0.1506,926971.01
2025-06-20 13:00:00+00:00,0.1506,0.1515,0.1495,0.15,1472184.03
2025-06-20 14:00:00+00:00,0.15,0.1503,0.1464,0.1466,2673361.53
2025-06-20 15:00:00+00:00,0.1466,0.1472,0.1458,0.1464,2489287.08
2025-06-20 16:00:00+00:00,0.1464,0.1464,0.1444,0.1447,3639352.08
2025-06-20 17:00:00+00:00,0.1447,0.1451,0.1408,0.1441,7405374.91
2025-06-20 18:00:00+00:00,0.1441,0.145,0.1438,0.1445,2497987.05
2025-06-20 19:00:00+00:00,0.1445,0.1448,0.1433,0.1447,1880342.22
2025-06-20 20:00:00+00:00,0.1447,0.1462,0.1447,0.1454,1148305.49
2025-06-20 21:00:00+00:00,0.1454,0.1455,0.1446,0.1447,937322.62
2025-06-20 22:00:00+00:00,0.1447,0.1447,0.1432,0.1437,1255666.49
2025-06-20 23:00:00+00:00,0.1437,0.1447,0.1434,0.1446,880772.32
2025-06-21 00:00:00+00:00,0.1446,0.1455,0.1445,0.145,731838.98
2025-06-21 01:00:00+00:00,0.145,0.1457,0.145,0.1454,950485.79
2025-06-21 02:00:00+00:00,0.1454,0.1456,0.1448,0.145,576597.96
2025-06-21 03:00:00+00:00,0.145,0.1456,0.1449,0.1452,637730.28
2025-06-21 04:00:00+00:00,0.1452,0.1452,0.1447,0.1448,464036.19
2025-06-21 05:00:00+00:00,0.1448,0.1456,0.1447,0.1456,863337.62
2025-06-21 06:00:00+00:00,0.1456,0.1458,0.1453,0.1458,609731.56
2025-06-21 07:00:00+00:00,0.1458,0.1459,0.1452,0.1453,724466.61
2025-06-21 08:00:00+00:00,0.1453,0.1458,0.145,0.1458,607263.73
2025-06-21 09:00:00+00:00,0.1458,0.1463,0.1452,0.1462,835473.69
2025-06-21 10:00:00+00:00,0.1462,0.1464,0.1451,0.1453,843477.56
2025-06-21 11:00:00+00:00,0.1453,0.1455,0.145,0.1451,549731.83
2025-06-21 12:00:00+00:00,0.1451,0.1452,0.1443,0.1444,687492.85
2025-06-21 13:00:00+00:00,0.1444,0.1446,0.1423,0.1425,1629237.03
2025-06-21 14:00:00+00:00,0.1425,0.1438,0.1423,0.1429,2208510.04
2025-06-21 15:00:00+00:00,0.1429,0.1434,0.1418,0.1428,1174827.27
2025-06-21 16:00:00+00:00,0.1428,0.1436,0.1423,0.1427,1623229.83
2025-06-21 17:00:00+00:00,0.1427,0.1433,0.1404,0.1407,2626592.44
2025-06-21 18:00:00+00:00,0.1407,0.1418,0.1394,0.1398,4095482.53
2025-06-21 19:00:00+00:00,0.1398,0.1401,0.1382,0.1383,3821399.64
2025-06-21 20:00:00+00:00,0.1383,0.1397,0.1379,0.1393,2897331.14
2025-06-21 21:00:00+00:00,0.1393,0.1393,0.134,0.1355,4850546.72
2025-06-21 22:00:00+00:00,0.1355,0.1375,0.1353,0.1373,3081539.53
2025-06-21 23:00:00+00:00,0.1373,0.1382,0.1351,0.138,4015056.64
2025-06-22 00:00:00+00:00,0.138,0.1398,0.1367,0.1388,3961331.3
2025-06-22 01:00:00+00:00,0.1388,0.1397,0.1372,0.1373,2292202.2
2025-06-22 02:00:00+00:00,0.1373,0.1384,0.1358,0.1366,2819502.63
2025-06-22 03:00:00+00:00,0.1366,0.1371,0.1354,0.1365,4379722.14
2025-06-22 04:00:00+00:00,0.1365,0.1376,0.1361,0.1371,3616155.26
2025-06-22 05:00:00+00:00,0.1371,0.1377,0.1364,0.1373,1263339.91
2025-06-22 06:00:00+00:00,0.1373,0.138,0.1367,0.1376,1209986.08
2025-06-22 07:00:00+00:00,0.1376,0.138,0.136,0.1362,2537324.45
2025-06-22 08:00:00+00:00,0.1362,0.1365,0.1353,0.1356,1297983.46
2025-06-22 09:00:00+00:00,0.1356,0.136,0.1328,0.1329,2984427.75
2025-06-22 10:00:00+00:00,0.1329,0.134,0.1326,0.1335,2290446.08
2025-06-22 11:00:00+00:00,0.1335,0.1344,0.1327,0.1335,1466431.89
2025-06-22 12:00:00+00:00,0.1335,0.1344,0.1321,0.1343,2115929.59
2025-06-22 13:00:00+00:00,0.1343,0.1345,0.1285,0.1294,10988955.33
2025-06-22 14:00:00+00:00,0.1294,0.1314,0.1284,0.1312,9310257.14
2025-06-22 15:00:00+00:00,0.1312,0.1316,0.1293,0.1295,4301938.75
2025-06-22 16:00:00+00:00,0.1295,0.1303,0.1282,0.1297,4560480.68
2025-06-22 17:00:00+00:00,0.1297,0.1312,0.1292,0.1308,5219057.87
2025-06-22 18:00:00+00:00,0.1308,0.1313,0.1297,0.1299,1694858.11
2025-06-22 19:00:00+00:00,0.1299,0.1303,0.1291,0.1296,1704207.59
2025-06-22 20:00:00+00:00,0.1296,0.1301,0.1261,0.1294,6992461.53
2025-06-22 21:00:00+00:00,0.1294,0.1304,0.1287,0.1292,2027592.76
2025-06-22 22:00:00+00:00,0.1292,0.1334,0.1292,0.1334,4094476.09
2025-06-22 23:00:00+00:00,0.1334,0.1338,0.1327,0.1336,1740235.53
2025-06-23 00:00:00+00:00,0.1336,0.1358,0.1335,0.1347,3562321.14
2025-06-23 01:00:00+00:00,0.1347,0.1358,0.1341,0.1357,1305943.49
2025-06-23 02:00:00+00:00,0.1357,0.136,0.1353,0.1356,1127732.77
2025-06-23 03:00:00+00:00,0.1356,0.1363,0.1352,0.1354,1269446.94
2025-06-23 04:00:00+00:00,0.1354,0.1362,0.1353,0.1357,931281.87
2025-06-23 05:00:00+00:00,0.1357,0.1366,0.1355,0.1364,1277046.59
2025-06-23 06:00:00+00:00,0.1364,0.1374,0.1364,0.1374,1533712.11
2025-06-23 07:00:00+00:00,0.1374,0.1381,0.1368,0.1373,1468340.99
2025-06-23 08:00:00+00:00,0.1373,0.1379,0.1369,0.1378,761133.34
2025-06-23 09:00:00+00:00,0.1378,0.1378,0.137,0.1373,1086819.76
2025-06-23 10:00:00+00:00,0.1373,0.1374,0.1354,0.1359,2362880.11
2025-06-23 11:00:00+00:00,0.1359,0.1365,0.1355,0.1362,855670.53
2025-06-23 12:00:00+00:00,0.1362,0.1373,0.1353,0.1373,1253973.91
2025-06-23 13:00:00+00:00,0.1373,0.1394,0.1352,0.1391,4498757.7
2025-06-23 14:00:00+00:00,0.1391,0.1402,0.1385,0.1386,5209912.9
2025-06-23 15:00:00+00:00,0.1386,0.1396,0.137,0.1373,2860030.03
2025-06-23 16:00:00+00:00,0.1373,0.1376,0.1331,0.1343,6571312.91
2025-06-23 17:00:00+00:00,0.1343,0.1401,0.1339,0.139,7649595.29
2025-06-23 18:00:00+00:00,0.139,0.1417,0.139,0.1407,4396395.94
2025-06-23 19:00:00+00:00,0.1407,0.1419,0.1397,0.1415,3041113.72
2025-06-23 20:00:00+00:00,0.1415,0.1462,0.1412,0.1457,6663895.07
2025-06-23 21:00:00+00:00,0.1457,0.1465,0.1452,0.1453,3114978.81
2025-06-23 22:00:00+00:00,0.1453,0.1522,0.1453,0.1517,9604729.26
2025-06-23 23:00:00+00:00,0.1517,0.152,0.1505,0.1516,3049415.46
2025-06-24 00:00:00+00:00,0.1516,0.1531,0.1514,0.1531,3236733.43
2025-06-24 01:00:00+00:00,0.1531,0.1533,0.1521,0.1527,1760912.73
2025-06-24 02:00:00+00:00,0.1527,0.1527,0.1517,0.1517,1958405.61
2025-06-24 03:00:00+00:00,0.1517,0.1522,0.1511,0.1519,1570883.97
2025-06-24 04:00:00+00:00,0.1519,0.1522,0.1506,0.1508,1056693.39
2025-06-24 05:00:00+00:00,0.1508,0.1547,0.1507,0.1546,2466984.19
2025-06-24 06:00:00+00:00,0.1546,0.1548,0.1532,0.1544,2005908.33
2025-06-24 07:00:00+00:00,0.1544,0.1548,0.1519,0.152,2693682.45
2025-06-24 08:00:00+00:00,0.152,0.1522,0.1506,0.1511,2344891.18
2025-06-24 09:00:00+00:00,0.1511,0.1529,0.1506,0.1517,1915369.2
2025-06-24 10:00:00+00:00,0.1517,0.1524,0.1511,0.1519,1269430.28
2025-06-24 11:00:00+00:00,0.1519,0.1523,0.1507,0.1519,2044267.0
2025-06-24 12:00:00+00:00,0.1519,0.1524,0.151,0.1515,1024607.78
2025-06-24 13:00:00+00:00,0.1515,0.1522,0.1507,0.1512,2578434.77
2025-06-24 14:00:00+00:00,0.1512,0.1529,0.1511,0.1522,2294644.85
2025-06-24 15:00:00+00:00,0.1522,0.1528,0.1508,0.1516,2461786.95
2025-06-24 16:00:00+00:00,0.1516,0.1542,0.1511,0.1542,4362052.17
2025-06-24 17:00:00+00:00,0.1542,0.1543,0.1521,0.1529,3421385.98
2025-06-24 18:00:00+00:00,0.1529,0.1532,0.1519,0.1528,1283685.22
2025-06-24 19:00:00+00:00,0.1528,0.154,0.1525,0.154,2314153.62
2025-06-24 20:00:00+00:00,0.154,0.1553,0.1535,0.1549,2191323.21
2025-06-24 21:00:00+00:00,0.1549,0.155,0.1537,0.1545,1122434.89
2025-06-24 22:00:00+00:00,0.1545,0.1545,0.1532,0.1537,1135457.8
2025-06-24 23:00:00+00:00,0.1537,0.154,0.1525,0.154,1074284.93
2025-06-25 00:00:00+00:00,0.154,0.1555,0.1534,0.1553,1836921.23
2025-06-25 01:00:00+00:00,0.1553,0.156,0.1545,0.1555,2131143.19
2025-06-25 02:00:00+00:00,0.1555,0.1561,0.1547,0.1549,2286830.97
2025-06-25 03:00:00+00:00,0.1549,0.1553,0.1538,0.1539,1220140.33
2025-06-25 04:00:00+00:00,0.1539,0.1539,0.1526,0.1529,1078426.46
2025-06-25 05:00:00+00:00,0.1529,0.1534,0.1525,0.1526,1023524.11
2025-06-25 06:00:00+00:00,0.1526,0.1527,0.1521,0.1526,1156062.75
2025-06-25 07:00:00+00:00,0.1526,0.1536,0.152,0.1535,1355042.39
2025-06-25 08:00:00+00:00,0.1535,0.1537,0.1517,0.1527,1768689.06
2025-06-25 09:00:00+00:00,0.1527,0.1539,0.1522,0.1525,2018609.43
2025-06-25 10:00:00+00:00,0.1525,0.1532,0.1518,0.1532,1268693.58
2025-06-25 11:00:00+00:00,0.1532,0.1535,0.1521,0.1534,1070351.75
2025-06-25 12:00:00+00:00,0.1534,0.1534,0.1522,0.1527,1093209.13
2025-06-25 13:00:00+00:00,0.1527,0.1549,0.1524,0.1543,2966529.53
2025-06-25 14:00:00+00:00,0.1543,0.1544,0.1517,0.1528,2842562.25
2025-06-25 15:00:00+00:00,0.1528,0.1528,0.1494,0.1497,3284611.86
2025-06-25 16:00:00+00:00,0.1497,0.1508,0.149,0.1497,1959529.77
2025-06-25 17:00:00+00:00,0.1497,0.1515,0.1496,0.1509,1881126.1
2025-06-25 18:00:00+00:00,0.1509,0.151,0.1496,0.1498,1054384.57
2025-06-25 19:00:00+00:00,0.1498,0.1514,0.1496,0.1509,1516116.16
2025-06-25 20:00:00+00:00,0.1509,0.1514,0.1505,0.1514,633988.13
2025-06-25 21:00:00+00:00,0.1514,0.152,0.1501,0.1505,1137716.94
2025-06-25 22:00:00+00:00,0.1505,0.1506,0.1496,0.15,919039.71
2025-06-25 23:00:00+00:00,0.15,0.1502,0.1495,0.1499,837765.63
2025-06-26 00:00:00+00:00,0.1499,0.1507,0.1496,0.1499,1142901.51
2025-06-26 01:00:00+00:00,0.1499,0.1516,0.1489,0.1507,3056392.12
2025-06-26 02:00:00+00:00,0.1507,0.1515,0.1499,0.1513,1584014.66
2025-06-26 03:00:00+00:00,0.1513,0.1526,0.1504,0.1507,2684546.05
2025-06-26 04:00:00+00:00,0.1507,0.1507,0.1493,0.1498,1133079.04
2025-06-26 05:00:00+00:00,0.1498,0.1499,0.1481,0.1483,1289624.14
2025-06-26 06:00:00+00:00,0.1483,0.1494,0.148,0.1489,1663066.92
2025-06-26 07:00:00+00:00,0.1489,0.1502,0.1488,0.1494,1431593.73
2025-06-26 08:00:00+00:00,0.1494,0.1502,0.1486,0.1486,1332543.67
2025-06-26 09:00:00+00:00,0.1486,0.1487,0.1467,0.147,1985034.22
2025-06-26 10:00:00+00:00,0.147,0.1474,0.1466,0.1468,1095285.77
2025-06-26 11:00:00+00:00,0.1468,0.1468,0.1452,0.1455,3902830.86
2025-06-26 12:00:00+00:00,0.1455,0.1459,0.1443,0.1445,1879224.92
2025-06-26 13:00:00+00:00,0.1445,0.1449,0.1436,0.1439,3135504.11
2025-06-26 14:00:00+00:00,0.1439,0.1461,0.143,0.1449,2500239.65
2025-06-26 15:00:00+00:00,0.1449,0.1455,0.1438,0.1446,1771875.3
2025-06-26 16:00:00+00:00,0.1446,0.1447,0.1425,0.1429,2467612.01
2025-06-26 17:00:00+00:00,0.1429,0.1441,0.1428,0.143,1498852.15
2025-06-26 18:00:00+00:00,0.143,0.1438,0.1425,0.1428,1493699.4
2025-06-26 19:00:00+00:00,0.1428,0.1445,0.1427,0.1438,1605714.86
2025-06-26 20:00:00+00:00,0.1438,0.1454,0.1435,0.1445,1892540.05
2025-06-26 21:00:00+00:00,0.1445,0.1445,0.1424,0.1435,1786193.27
2025-06-26 22:00:00+00:00,0.1435,0.1442,0.142,0.1421,1645423.98
2025-06-26 23:00:00+00:00,0.1421,0.1428,0.142,0.1428,801310.02
2025-06-27 00:00:00+00:00,0.1428,0.1433,0.1418,0.1419,1301095.95
2025-06-27 01:00:00+00:00,0.1419,0.1441,0.1415,0.1438,2031189.27
2025-06-27 02:00:00+00:00,0.1438,0.1446,0.1437,0.1442,1115524.52
2025-06-27 03:00:00+00:00,0.1442,0.1447,0.1437,0.1442,1057302.49
2025-06-27 04:00:00+00:00,0.1442,0.1442,0.1432,0.1433,764927.85
2025-06-27 05:00:00+00:00,0.1433,0.1441,0.1427,0.1427,876032.77
2025-06-27 06:00:00+00:00,0.1427,0.1438,0.1426,0.1434,830274.1
2025-06-27 07:00:00+00:00,0.1434,0.1444,0.1425,0.143,1069794.61
2025-06-27 08:00:00+00:00,0.143,0.1452,0.143,0.1447,1279496.71
2025-06-27 09:00:00+00:00,0.1447,0.1449,0.1441,0.1445,1455333.05
2025-06-27 10:00:00+00:00,0.1445,0.1447,0.1441,0.1444,1020410.45
2025-06-27 11:00:00+00:00,0.1444,0.1452,0.1443,0.1451,594318.61
2025-06-27 12:00:00+00:00,0.1451,0.1459,0.1439,0.144,2306322.29
2025-06-27 13:00:00+00:00,0.144,0.1447,0.1434,0.1446,1310275.24
2025-06-27 14:00:00+00:00,0.1446,0.1455,0.144,0.1441,1418161.81
2025-06-27 15:00:00+00:00,0.1441,0.1459,0.1438,0.1458,1202450.82
2025-06-27 16:00:00+00:00,0.1458,0.1477,0.1455,0.1471,2348094.92
2025-06-27 17:00:00+00:00,0.1471,0.1471,0.1444,0.1448,1535744.26
2025-06-27 18:00:00+00:00,0.1448,0.145,0.1432,0.1437,1251363.62
2025-06-27 19:00:00+00:00,0.1437,0.1451,0.1436,0.1447,1128950.87
2025-06-27 20:00:00+00:00,0.1447,0.146,0.1446,0.1459,906123.22
2025-06-27 21:00:00+00:00,0.1459,0.1475,0.1459,0.1465,1335537.64
2025-06-27 22:00:00+00:00,0.1465,0.1471,0.1465,0.1466,878817.57
2025-06-27 23:00:00+00:00,0.1466,0.1466,0.1457,0.146,622931.8
2025-06-28 00:00:00+00:00,0.146,0.1463,0.1456,0.1457,721082.78
2025-06-28 01:00:00+00:00,0.1457,0.1465,0.1451,0.1464,884155.58
2025-06-28 02:00:00+00:00,0.1464,0.1471,0.1459,0.1461,1072333.73
2025-06-28 03:00:00+00:00,0.1461,0.1462,0.1458,0.1459,424475.59
2025-06-28 04:00:00+00:00,0.1459,0.1461,0.1454,0.1455,681281.02
2025-06-28 05:00:00+00:00,0.1455,0.1466,0.1455,0.1465,900709.43
2025-06-28 06:00:00+00:00,0.1465,0.1473,0.1464,0.1472,671213.71
2025-06-28 07:00:00+00:00,0.1472,0.1479,0.1467,0.1479,890483.96
2025-06-28 08:00:00+00:00,0.1479,0.148,0.1473,0.1476,566043.71
2025-06-28 09:00:00+00:00,0.1476,0.1479,0.1472,0.1477,950183.35
2025-06-28 10:00:00+00:00,0.1477,0.1483,0.1477,0.1479,770649.53
2025-06-28 11:00:00+00:00,0.1479,0.1483,0.1469,0.147,1771386.17
2025-06-28 12:00:00+00:00,0.147,0.1471,0.1465,0.1466,791280.69
2025-06-28 13:00:00+00:00,0.1466,0.1468,0.1461,0.1462,793426.99
2025-06-28 14:00:00+00:00,0.1462,0.1467,0.146,0.1465,716332.61
2025-06-28 15:00:00+00:00,0.1465,0.1477,0.1463,0.1475,564568.83
2025-06-28 16:00:00+00:00,0.1475,0.1479,0.147,0.1471,762683.9
2025-06-28 17:00:00+00:00,0.1471,0.1483,0.1469,0.148,1504494.14
2025-06-28 18:00:00+00:00,0.148,0.1481,0.1474,0.1479,701641.7
2025-06-28 19:00:00+00:00,0.1479,0.1483,0.1477,0.1477,739455.56
2025-06-28 20:00:00+00:00,0.1477,0.1478,0.1472,0.1472,672991.72
2025-06-28 21:00:00+00:00,0.1472,0.1485,0.1471,0.1484,487345.08
2025-06-28 22:00:00+00:00,0.1484,0.1487,0.1483,0.1484,1237001.52
2025-06-28 23:00:00+00:00,0.1484,0.1485,0.1477,0.1478,378495.42
2025-06-29 00:00:00+00:00,0.1478,0.1484,0.1475,0.148,633670.83
2025-06-29 01:00:00+00:00,0.148,0.148,0.1472,0.1472,422886.17
2025-06-29 02:00:00+00:00,0.1472,0.1473,0.1468,0.147,453183.33
2025-06-29 03:00:00+00:00,0.147,0.1474,0.1467,0.1468,466439.41
2025-06-29 04:00:00+00:00,0.1468,0.147,0.1466,0.1468,249250.55
2025-06-29 05:00:00+00:00,0.1468,0.1471,0.1466,0.1471,254519.1
2025-06-29 06:00:00+00:00,0.1471,0.1477,0.1471,0.1476,373928.43
2025-06-29 07:00:00+00:00,0.1476,0.1481,0.1473,0.1481,543785.36
2025-06-29 08:00:00+00:00,0.1481,0.1486,0.148,0.1486,665688.14
2025-06-29 09:00:00+00:00,0.1486,0.149,0.1481,0.1487,855292.39
2025-06-29 10:00:00+00:00,0.1487,0.1491,0.1483,0.1488,1384677.41
2025-06-29 11:00:00+00:00,0.1488,0.1488,0.1483,0.1486,520416.31
2025-06-29 12:00:00+00:00,0.1486,0.1488,0.1482,0.1484,529256.63
2025-06-29 13:00:00+00:00,0.1484,0.1491,0.148,0.1481,994232.53
2025-06-29 14:00:00+00:00,0.1481,0.1488,0.1477,0.1478,691337.96
2025-06-29 15:00:00+00:00,0.1478,0.1482,0.1472,0.1473,793000.3
2025-06-29 16:00:00+00:00,0.1473,0.1478,0.147,0.1478,639297.98
2025-06-29 17:00:00+00:00,0.1478,0.148,0.1471,0.1479,459321.36
2025-06-29 18:00:00+00:00,0.1479,0.1488,0.1478,0.1487,633414.96
2025-06-29 19:00:00+00:00,0.1487,0.149,0.1483,0.1488,761513.82
2025-06-29 20:00:00+00:00,0.1488,0.149,0.148,0.1481,1369751.9
2025-06-29 21:00:00+00:00,0.1481,0.1495,0.1476,0.1494,1026602.98
2025-06-29 22:00:00+00:00,0.1494,0.1541,0.1494,0.1531,4681739.07
2025-06-29 23:00:00+00:00,0.1531,0.1537,0.1524,0.1527,2426041.16
2025-06-30 00:00:00+00:00,0.1527,0.1533,0.1521,0.1523,1980928.01
2025-06-30 01:00:00+00:00,0.1523,0.1523,0.1513,0.1518,1355190.7
2025-06-30 02:00:00+00:00,0.1518,0.152,0.1514,0.1516,701845.82
2025-06-30 03:00:00+00:00,0.1516,0.152,0.1512,0.1517,627587.31
2025-06-30 04:00:00+00:00,0.1517,0.1518,0.1505,0.1506,816041.3
2025-06-30 05:00:00+00:00,0.1506,0.1512,0.1505,0.1512,679967.67
2025-06-30 06:00:00+00:00,0.1512,0.1519,0.1495,0.1498,1208795.42
2025-06-30 07:00:00+00:00,0.1498,0.1506,0.1496,0.1505,850759.94
2025-06-30 08:00:00+00:00,0.1505,0.1506,0.1489,0.149,2133704.03
2025-06-30 09:00:00+00:00,0.149,0.1494,0.1483,0.1483,957566.36
2025-06-30 10:00:00+00:00,0.1483,0.149,0.1483,0.1489,674230.11
2025-06-30 11:00:00+00:00,0.1489,0.1502,0.1487,0.15,1165421.56
2025-06-30 12:00:00+00:00,0.15,0.1508,0.1491,0.1494,1544082.57
2025-06-30 13:00:00+00:00,0.1494,0.1505,0.1486,0.1489,1618367.16
2025-06-30 14:00:00+00:00,0.1489,0.1491,0.1477,0.148,3887311.14
2025-06-30 15:00:00+00:00,0.148,0.1505,0.1476,0.1497,3426740.41
2025-06-30 16:00:00+00:00,0.1497,0.1502,0.1493,0.1498,2105974.89
2025-06-30 17:00:00+00:00,0.1498,0.15,0.1493,0.1496,1137597.25
2025-06-30 18:00:00+00:00,0.1496,0.1499,0.1487,0.1494,1049317.4
2025-06-30 19:00:00+00:00,0.1494,0.1533,0.1494,0.1531,3177694.37
2025-06-30 20:00:00+00:00,0.1531,0.1532,0.1516,0.152,2009833.9
2025-06-30 21:00:00+00:00,0.152,0.1525,0.1505,0.1509,1783292.74
2025-06-30 22:00:00+00:00,0.1509,0.1512,0.1502,0.1504,949282.29
2025-06-30 23:00:00+00:00,0.1504,0.1507,0.1496,0.15,1297796.84
2025-07-01 00:00:00+00:00,0.15,0.1509,0.1493,0.15,1234163.1
2025-07-01 01:00:00+00:00,0.15,0.1514,0.1498,0.1507,1189723.94
2025-07-01 02:00:00+00:00,0.1507,0.1516,0.1504,0.1506,1253436.02
2025-07-01 03:00:00+00:00,0.1506,0.1515,0.1503,0.1513,1238831.91
2025-07-01 04:00:00+00:00,0.1513,0.1516,0.15,0.1502,1144406.54
2025-07-01 05:00:00+00:00,0.1502,0.1506,0.149,0.1497,1494128.2
2025-07-01 06:00:00+00:00,0.1497,0.1502,0.1489,0.1499,1111774.92
2025-07-01 07:00:00+00:00,0.1499,0.1504,0.1487,0.15,1773240.57
2025-07-01 08:00:00+00:00,0.15,0.1503,0.1484,0.1485,1211802.48
2025-07-01 09:00:00+00:00,0.1485,0.1491,0.148,0.1487,1172431.17
2025-07-01 10:00:00+00:00,0.1487,0.1493,0.1483,0.149,1038956.17
2025-07-01 11:00:00+00:00,0.149,0.149,0.1479,0.1481,704745.06
2025-07-01 12:00:00+00:00,0.1481,0.1483,0.1463,0.1467,1456190.23
2025-07-01 13:00:00+00:00,0.1467,0.148,0.1464,0.1478,1930637.89
2025-07-01 14:00:00+00:00,0.1478,0.1484,0.1458,0.1463,2413475.58
2025-07-01 15:00:00+00:00,0.1463,0.1467,0.1457,0.1459,1396309.2
2025-07-01 16:00:00+00:00,0.1459,0.1468,0.1453,0.1458,1404121.29
2025-07-01 17:00:00+00:00,0.1458,0.1463,0.1453,0.1458,1694112.18
2025-07-01 18:00:00+00:00,0.1458,0.1458,0.1439,0.1441,1921745.26
2025-07-01 19:00:00+00:00,0.1441,0.1446,0.1436,0.1436,1535900.63
2025-07-01 20:00:00+00:00,0.1436,0.145,0.1429,0.1448,1584450.01
2025-07-01 21:00:00+00:00,0.1448,0.1454,0.144,0.1447,1257337.79
2025-07-01 22:00:00+00:00,0.1447,0.1449,0.144,0.1442,886902.87
2025-07-01 23:00:00+00:00,0.1442,0.1448,0.1438,0.1447,939747.58
2025-07-02 00:00:00+00:00,0.1447,0.1451,0.1438,0.1439,994083.94
2025-07-02 01:00:00+00:00,0.1439,0.1447,0.1432,0.1446,1105338.67
2025-07-02 02:00:00+00:00,0.1446,0.1449,0.144,0.1447,576758.71
2025-07-02 03:00:00+00:00,0.1447,0.1457,0.1446,0.1452,698491.41
2025-07-02 04:00:00+00:00,0.1452,0.1467,0.145,0.1467,979497.46
2025-07-02 05:00:00+00:00,0.1467,0.147,0.1462,0.1469,831990.47
2025-07-02 06:00:00+00:00,0.1469,0.1478,0.1468,0.1477,1331924.48
2025-07-02 07:00:00+00:00,0.1477,0.1479,0.1472,0.1477,937893.82
2025-07-02 08:00:00+00:00,0.1477,0.1481,0.1476,0.148,981470.06
2025-07-02 09:00:00+00:00,0.148,0.1483,0.1469,0.147,837156.09
2025-07-02 10:00:00+00:00,0.147,0.1478,0.1467,0.1478,650902.37
2025-07-02 11:00:00+00:00,0.1478,0.1486,0.147,0.1471,1221119.06
2025-07-02 12:00:00+00:00,0.1471,0.1472,0.1459,0.1466,1171962.39
2025-07-02 13:00:00+00:00,0.1466,0.1487,0.1465,0.1481,1397349.44
2025-07-02 14:00:00+00:00,0.1481,0.1494,0.1481,0.1492,1861831.19
2025-07-02 15:00:00+00:00,0.1492,0.1511,0.1492,0.151,2816770.59
2025-07-02 16:00:00+00:00,0.151,0.1548,0.151,0.1545,6199746.16
2025-07-02 17:00:00+00:00,0.1545,0.1552,0.1525,0.1536,5937537.68
2025-07-02 18:00:00+00:00,0.1536,0.1549,0.1536,0.1548,2045709.23
2025-07-02 19:00:00+00:00,0.1548,0.1566,0.1543,0.1564,3174256.67
2025-07-02 20:00:00+00:00,0.1564,0.1592,0.1558,0.1564,9001541.72
2025-07-02 21:00:00+00:00,0.1564,0.157,0.156,0.1567,1609472.83
2025-07-02 22:00:00+00:00,0.1567,0.1577,0.1566,0.1566,2001674.14
2025-07-02 23:00:00+00:00,0.1566,0.1568,0.1551,0.1553,1971574.72
2025-07-03 00:00:00+00:00,0.1553,0.1562,0.1549,0.1555,1488021.41
2025-07-03 01:00:00+00:00,0.1555,0.1564,0.1551,0.1563,1211833.48
2025-07-03 02:00:00+00:00,0.1563,0.1563,0.155,0.1555,1166219.65
2025-07-03 03:00:00+00:00,0.1555,0.1564,0.1552,0.1552,836529.15
2025-07-03 04:00:00+00:00,0.1552,0.1566,0.1551,0.1565,929220.83
2025-07-03 05:00:00+00:00,0.1565,0.1592,0.1565,0.1591,3229190.05
2025-07-03 06:00:00+00:00,0.1591,0.1601,0.1587,0.1598,2126534.06
2025-07-03 07:00:00+00:00,0.1598,0.1608,0.1594,0.1605,1767135.17
2025-07-03 08:00:00+00:00,0.1605,0.1611,0.1593,0.1593,3512855.04
2025-07-03 09:00:00+00:00,0.1593,0.161,0.1591,0.1607,2777096.42
2025-07-03 10:00:00+00:00,0.1607,0.1609,0.1594,0.1603,1979668.89
2025-07-03 11:00:00+00:00,0.1603,0.1609,0.1591,0.1595,1896984.45
2025-07-03 12:00:00+00:00,0.1595,0.162,0.1587,0.1603,5601901.81
2025-07-03 13:00:00+00:00,0.1603,0.1625,0.1594,0.162,5558409.99
2025-07-03 14:00:00+00:00,0.162,0.1627,0.16,0.1604,4097193.54
2025-07-03 15:00:00+00:00,0.1604,0.1607,0.1574,0.1576,4301230.1
2025-07-03 16:00:00+00:00,0.1576,0.1587,0.1571,0.1584,2769312.78
2025-07-03 17:00:00+00:00,0.1584,0.1593,0.1584,0.159,895798.91
2025-07-03 18:00:00+00:00,0.159,0.1593,0.1583,0.1591,900803.67
2025-07-03 19:00:00+00:00,0.1591,0.1594,0.1584,0.1585,831488.5
2025-07-03 20:00:00+00:00,0.1585,0.16,0.1585,0.16,1106068.07
2025-07-03 21:00:00+00:00,0.16,0.1607,0.1597,0.1604,1537573.18
2025-07-03 22:00:00+00:00,0.1604,0.1605,0.1596,0.1598,892117.48
2025-07-03 23:00:00+00:00,0.1598,0.1602,0.1584,0.159,1189936.96
2025-07-04 00:00:00+00:00,0.159,0.1607,0.159,0.1605,1527465.96
2025-07-04 01:00:00+00:00,0.1605,0.1627,0.1604,0.1607,4240799.84
2025-07-04 02:00:00+00:00,0.1607,0.1607,0.1587,0.1592,2225394.52
2025-07-04 03:00:00+00:00,0.1592,0.1597,0.1583,0.1583,1420248.11
2025-07-04 04:00:00+00:00,0.1583,0.1583,0.1568,0.1569,2495957.92
2025-07-04 05:00:00+00:00,0.1569,0.1583,0.1568,0.1574,1577725.34
2025-07-04 06:00:00+00:00,0.1574,0.1575,0.1559,0.1561,1986444.2
2025-07-04 07:00:00+00:00,0.1561,0.1565,0.1546,0.1546,2225053.86
2025-07-04 08:00:00+00:00,0.1546,0.1559,0.1534,0.1557,2174989.6
2025-07-04 09:00:00+00:00,0.1557,0.1565,0.1556,0.1558,1005199.99
2025-07-04 10:00:00+00:00,0.1558,0.156,0.1551,0.1552,569284.7
2025-07-04 11:00:00+00:00,0.1552,0.1559,0.155,0.1555,693283.91
2025-07-04 12:00:00+00:00,0.1555,0.1561,0.1552,0.156,1054226.08
2025-07-04 13:00:00+00:00,0.156,0.1567,0.1546,0.1548,1574837.04
2025-07-04 14:00:00+00:00,0.1548,0.156,0.1537,0.1556,3022213.04
2025-07-04 15:00:00+00:00,0.1556,0.1559,0.1539,0.154,2006595.12
2025-07-04 16:00:00+00:00,0.154,0.1543,0.152,0.1532,3102246.66
2025-07-04 17:00:00+00:00,0.1532,0.1539,0.1526,0.1538,1619729.55
2025-07-04 18:00:00+00:00,0.1538,0.1538,0.1528,0.1535,1318562.3
2025-07-04 19:00:00+00:00,0.1535,0.1535,0.1519,0.152,1057266.97
2025-07-04 20:00:00+00:00,0.152,0.153,0.1518,0.1524,1269762.81
2025-07-04 21:00:00+00:00,0.1524,0.1532,0.1521,0.1531,827832.41
2025-07-04 22:00:00+00:00,0.1531,0.1541,0.153,0.1541,1016638.24
2025-07-04 23:00:00+00:00,0.1541,0.1541,0.1528,0.153,627779.46
2025-07-05 00:00:00+00:00,0.153,0.1537,0.1529,0.1535,712974.33
2025-07-05 01:00:00+00:00,0.1535,0.1535,0.1527,0.1532,664979.5
2025-07-05 02:00:00+00:00,0.1532,0.154,0.1526,0.1539,805780.69
2025-07-05 03:00:00+00:00,0.1539,0.1547,0.1538,0.1544,773037.95
2025-07-05 04:00:00+00:00,0.1544,0.1548,0.1539,0.1539,819052.74
2025-07-05 05:00:00+00:00,0.1539,0.1547,0.1534,0.1547,923306.34
2025-07-05 06:00:00+00:00,0.1547,0.1556,0.1545,0.1556,970779.45
2025-07-05 07:00:00+00:00,0.1556,0.1556,0.1547,0.1549,599603.55
2025-07-05 08:00:00+00:00,0.1549,0.156,0.1548,0.1553,1174438.36
2025-07-05 09:00:00+00:00,0.1553,0.1562,0.1546,0.1561,935808.49
2025-07-05 10:00:00+00:00,0.1561,0.1566,0.1553,0.1554,910665.23
2025-07-05 11:00:00+00:00,0.1554,0.1564,0.1554,0.1557,669665.46
2025-07-05 12:00:00+00:00,0.1557,0.1558,0.1542,0.1549,992599.51
2025-07-05 13:00:00+00:00,0.1549,0.1552,0.1544,0.1546,765163.81
2025-07-05 14:00:00+00:00,0.1546,0.1556,0.1542,0.1555,984834.69
2025-07-05 15:00:00+00:00,0.1555,0.1558,0.1547,0.1553,856754.22
2025-07-05 16:00:00+00:00,0.1553,0.1567,0.1544,0.1556,4645327.89
2025-07-05 17:00:00+00:00,0.1556,0.1561,0.1539,0.1547,2038773.58
2025-07-05 18:00:00+00:00,0.1547,0.1547,0.1529,0.153,1499758.51
2025-07-05 19:00:00+00:00,0.153,0.1549,0.1528,0.1548,850586.8
2025-07-05 20:00:00+00:00,0.1548,0.1551,0.1538,0.1547,926202.84
2025-07-05 21:00:00+00:00,0.1547,0.1552,0.1545,0.1549,840664.68
2025-07-05 22:00:00+00:00,0.1549,0.1549,0.1542,0.1548,811542.97
2025-07-05 23:00:00+00:00,0.1548,0.1551,0.1539,0.1542,518703.75
2025-07-06 00:00:00+00:00,0.1542,0.1543,0.1535,0.1539,750800.71
2025-07-06 01:00:00+00:00,0.1539,0.1539,0.1531,0.1535,557344.74
2025-07-06 02:00:00+00:00,0.1535,0.1537,0.1528,0.1528,657121.47
2025-07-06 03:00:00+00:00,0.1528,0.1534,0.1528,0.1532,496272.41
2025-07-06 04:00:00+00:00,0.1532,0.1535,0.1526,0.1528,529926.27
2025-07-06 05:00:00+00:00,0.1528,0.1528,0.1524,0.1525,432607.72
2025-07-06 06:00:00+00:00,0.1525,0.1533,0.1522,0.1532,698287.68
2025-07-06 07:00:00+00:00,0.1532,0.1537,0.1523,0.1525,887979.27
2025-07-06 08:00:00+00:00,0.1525,0.1535,0.1523,0.153,884073.06
2025-07-06 09:00:00+00:00,0.153,0.154,0.1528,0.153,1032763.83
2025-07-06 10:00:00+00:00,0.153,0.1541,0.1529,0.1537,841934.68
2025-07-06 11:00:00+00:00,0.1537,0.1549,0.1536,0.1548,1523956.91
2025-07-06 12:00:00+00:00,0.1548,0.1558,0.1546,0.1556,845890.63
2025-07-06 13:00:00+00:00,0.1556,0.1577,0.1552,0.1573,3478670.21
2025-07-06 14:00:00+00:00,0.1573,0.158,0.1564,0.1571,3712167.73
2025-07-06 15:00:00+00:00,0.1571,0.1575,0.1567,0.1575,901517.71
2025-07-06 16:00:00+00:00,0.1575,0.1584,0.1573,0.1583,1098173.78
2025-07-06 17:00:00+00:00,0.1583,0.1585,0.1575,0.1582,937520.96
2025-07-06 18:00:00+00:00,0.1582,0.1591,0.1577,0.1587,2118509.32
2025-07-06 19:00:00+00:00,0.1587,0.159,0.1576,0.1583,844818.53
2025-07-06 20:00:00+00:00,0.1583,0.16,0.1583,0.1594,1421286.1
2025-07-06 21:00:00+00:00,0.1594,0.1615,0.1594,0.1599,2761041.02
2025-07-06 22:00:00+00:00,0.1599,0.1613,0.1599,0.1607,1822397.27
2025-07-06 23:00:00+00:00,0.1607,0.1608,0.1588,0.1593,1643758.98
2025-07-07 00:00:00+00:00,0.1593,0.1599,0.1588,0.1593,1578816.99
2025-07-07 01:00:00+00:00,0.1593,0.1594,0.1585,0.1587,1076521.28
2025-07-07 02:00:00+00:00,0.1587,0.1607,0.1587,0.16,1136644.61
2025-07-07 03:00:00+00:00,0.16,0.1609,0.1596,0.1602,933687.38
2025-07-07 04:00:00+00:00,0.1602,0.1608,0.1597,0.1597,1016113.52
2025-07-07 05:00:00+00:00,0.1597,0.1607,0.1594,0.1603,1105356.52
2025-07-07 06:00:00+00:00,0.1603,0.1603,0.1593,0.1594,1523021.93
2025-07-07 07:00:00+00:00,0.1594,0.1607,0.1589,0.1607,1439972.04
2025-07-07 08:00:00+00:00,0.1607,0.1612,0.1602,0.1604,999272.14
2025-07-07 09:00:00+00:00,0.1604,0.1605,0.1589,0.1592,1076789.16
2025-07-07 10:00:00+00:00,0.1592,0.1599,0.1588,0.1595,996278.0
2025-07-07 11:00:00+00:00,0.1595,0.16,0.1584,0.1598,1544716.89
2025-07-07 12:00:00+00:00,0.1598,0.1598,0.1583,0.1586,1344043.84
2025-07-07 13:00:00+00:00,0.1586,0.1607,0.1582,0.1606,2789112.21
2025-07-07 14:00:00+00:00,0.1606,0.1608,0.1586,0.1588,2934176.36
2025-07-07 15:00:00+00:00,0.1588,0.1607,0.1587,0.1606,2399858.5
2025-07-07 16:00:00+00:00,0.1606,0.1608,0.159,0.1591,3980770.29
2025-07-07 17:00:00+00:00,0.1591,0.1597,0.1584,0.1589,2276632.24
2025-07-07 18:00:00+00:00,0.1589,0.1591,0.1572,0.1584,2054644.29
2025-07-07 19:00:00+00:00,0.1584,0.1594,0.1582,0.1586,1413282.27
2025-07-07 20:00:00+00:00,0.1586,0.1586,0.1568,0.1571,1885126.92
2025-07-07 21:00:00+00:00,0.1571,0.158,0.1562,0.1576,2000205.89
2025-07-07 22:00:00+00:00,0.1576,0.1579,0.1567,0.1572,1081131.66
2025-07-07 23:00:00+00:00,0.1572,0.1585,0.1571,0.1584,760761.62
2025-07-08 00:00:00+00:00,0.1584,0.1587,0.1573,0.1574,2325065.05
2025-07-08 01:00:00+00:00,0.1574,0.1574,0.1558,0.1563,1753206.01
2025-07-08 02:00:00+00:00,0.1563,0.1568,0.1554,0.1554,2091393.77
2025-07-08 03:00:00+00:00,0.1554,0.1563,0.1554,0.1559,560460.69
2025-07-08 04:00:00+00:00,0.1559,0.1559,0.1551,0.1555,1315019.24
2025-07-08 05:00:00+00:00,0.1555,0.1562,0.1552,0.156,615964.0
2025-07-08 06:00:00+00:00,0.156,0.1569,0.1557,0.1563,1054225.78
2025-07-08 07:00:00+00:00,0.1563,0.1569,0.1558,0.1568,823589.05
2025-07-08 08:00:00+00:00,0.1568,0.1571,0.1561,0.1563,765675.49
2025-07-08 09:00:00+00:00,0.1563,0.157,0.1562,0.1564,723551.91
2025-07-08 10:00:00+00:00,0.1564,0.1582,0.1563,0.1581,1071240.79
2025-07-08 11:00:00+00:00,0.1581,0.1594,0.1581,0.1588,1139827.31
2025-07-08 12:00:00+00:00,0.1588,0.16,0.1585,0.16,1111644.0
2025-07-08 13:00:00+00:00,0.16,0.162,0.1597,0.1619,3341287.52
2025-07-08 14:00:00+00:00,0.1619,0.1622,0.1596,0.1599,7063511.49
2025-07-08 15:00:00+00:00,0.1599,0.1613,0.1596,0.1606,1660679.42
2025-07-08 16:00:00+00:00,0.1606,0.161,0.1582,0.1594,4449376.31
2025-07-08 17:00:00+00:00,0.1594,0.1621,0.1593,0.1612,4306464.62
2025-07-08 18:00:00+00:00,0.1612,0.1619,0.161,0.1619,1535318.35
2025-07-08 19:00:00+00:00,0.1619,0.162,0.1606,0.1612,1441954.76
2025-07-08 20:00:00+00:00,0.1612,0.1613,0.1598,0.1598,1217309.0
2025-07-08 21:00:00+00:00,0.1598,0.162,0.1598,0.1618,1282510.21
2025-07-08 22:00:00+00:00,0.1618,0.1621,0.1609,0.1616,926164.23
2025-07-08 23:00:00+00:00,0.1616,0.1616,0.1606,0.1608,1240905.26
2025-07-09 00:00:00+00:00,0.1608,0.161,0.16,0.1608,1192807.58
2025-07-09 01:00:00+00:00,0.1608,0.1615,0.1598,0.1607,1257129.49
2025-07-09 02:00:00+00:00,0.1607,0.1611,0.1604,0.1606,1442627.2
2025-07-09 03:00:00+00:00,0.1606,0.1609,0.16,0.1604,1138441.82
2025-07-09 04:00:00+00:00,0.1604,0.1619,0.1604,0.1619,1068335.95
2025-07-09 05:00:00+00:00,0.1619,0.1636,0.1615,0.1626,2884185.61
2025-07-09 06:00:00+00:00,0.1626,0.163,0.162,0.1629,2376987.91
2025-07-09 07:00:00+00:00,0.1629,0.163,0.1624,0.1629,1047779.74
2025-07-09 08:00:00+00:00,0.1629,0.1649,0.1626,0.1643,2379317.12
2025-07-09 09:00:00+00:00,0.1643,0.1652,0.164,0.1649,1948401.82
2025-07-09 10:00:00+00:00,0.1649,0.1664,0.1648,0.1664,2166772.86
2025-07-09 11:00:00+00:00,0.1664,0.1693,0.1661,0.1688,4194585.55
2025-07-09 12:00:00+00:00,0.1688,0.1715,0.1688,0.1693,7921892.05
2025-07-09 13:00:00+00:00,0.1693,0.1713,0.1689,0.1692,5414939.81
2025-07-09 14:00:00+00:00,0.1692,0.1697,0.1669,0.1682,6217919.81
2025-07-09 15:00:00+00:00,0.1682,0.1698,0.168,0.1698,2847293.88
2025-07-09 16:00:00+00:00,0.1698,0.1709,0.1697,0.17,2955152.97
2025-07-09 17:00:00+00:00,0.17,0.1722,0.1691,0.1711,8307922.11
2025-07-09 18:00:00+00:00,0.1711,0.1723,0.171,0.1715,3939870.9
2025-07-09 19:00:00+00:00,0.1715,0.1735,0.1708,0.1731,4833964.79
2025-07-09 20:00:00+00:00,0.1731,0.1732,0.1698,0.1705,5206840.13
2025-07-09 21:00:00+00:00,0.1705,0.1713,0.1699,0.1706,2967591.99
2025-07-09 22:00:00+00:00,0.1706,0.1721,0.1706,0.1719,2220820.24
2025-07-09 23:00:00+00:00,0.1719,0.1719,0.1706,0.1709,1277532.79
2025-07-10 00:00:00+00:00,0.1709,0.1715,0.1702,0.1703,1918185.0
2025-07-10 01:00:00+00:00,0.1703,0.1735,0.1702,0.1734,2803628.99
2025-07-10 02:00:00+00:00,0.1734,0.1749,0.1731,0.1747,4512558.17
2025-07-10 03:00:00+00:00,0.1747,0.1747,0.173,0.1732,2229310.74
2025-07-10 04:00:00+00:00,0.1732,0.1747,0.1725,0.1741,2789137.69
2025-07-10 05:00:00+00:00,0.1741,0.1757,0.1736,0.1753,2381621.7
2025-07-10 06:00:00+00:00,0.1753,0.1768,0.1741,0.1765,2833197.81
2025-07-10 07:00:00+00:00,0.1765,0.1776,0.176,0.1771,4012960.02
2025-07-10 08:00:00+00:00,0.1771,0.18,0.1763,0.1794,5633723.51
2025-07-10 09:00:00+00:00,0.1794,0.1801,0.1785,0.179,4289216.77
2025-07-10 10:00:00+00:00,0.179,0.1793,0.1769,0.1788,3694112.19
2025-07-10 11:00:00+00:00,0.1788,0.1788,0.1776,0.1779,2633632.19
2025-07-10 12:00:00+00:00,0.1779,0.1779,0.1764,0.1773,3081251.88
2025-07-10 13:00:00+00:00,0.1773,0.1786,0.1771,0.1783,3398285.14
2025-07-10 14:00:00+00:00,0.1783,0.1783,0.1758,0.1777,4323751.78
2025-07-10 15:00:00+00:00,0.1777,0.1783,0.1766,0.178,2934270.01
2025-07-10 16:00:00+00:00,0.178,0.1804,0.1773,0.1799,5975784.55
2025-07-10 17:00:00+00:00,0.1799,0.1824,0.1794,0.1813,6888914.84
2025-07-10 18:00:00+00:00,0.1813,0.1819,0.1796,0.1805,4029260.23
2025-07-10 19:00:00+00:00,0.1805,0.1817,0.1803,0.1808,1949061.12
2025-07-10 20:00:00+00:00,0.1808,0.1833,0.1807,0.1829,3765312.89
2025-07-10 21:00:00+00:00,0.1829,0.1888,0.1828,0.1884,10456204.81
2025-07-10 22:00:00+00:00,0.1884,0.1898,0.1872,0.1885,6082626.5
2025-07-10 23:00:00+00:00,0.1885,0.1903,0.188,0.1899,4703622.88
2025-07-11 00:00:00+00:00,0.1899,0.1926,0.1881,0.1905,10454459.86
2025-07-11 01:00:00+00:00,0.1905,0.1954,0.1904,0.1953,8804021.12
2025-07-11 02:00:00+00:00,0.1953,0.1993,0.195,0.198,8984158.88
2025-07-11 03:00:00+00:00,0.198,0.1983,0.1963,0.197,4742549.71
2025-07-11 04:00:00+00:00,0.197,0.198,0.1947,0.1976,5774509.38
2025-07-11 05:00:00+00:00,0.1976,0.2002,0.1976,0.1998,7162794.14
2025-07-11 06:00:00+00:00,0.1998,0.2007,0.1956,0.1977,6466669.98
2025-07-11 07:00:00+00:00,0.1977,0.2011,0.1966,0.1996,6535219.85
2025-07-11 08:00:00+00:00,0.1996,0.2029,0.1991,0.201,7683494.72
2025-07-11 09:00:00+00:00,0.201,0.2052,0.2002,0.2049,7910859.2
2025-07-11 10:00:00+00:00,0.2049,0.2086,0.2035,0.2064,15356063.36
2025-07-11 11:00:00+00:00,0.2064,0.2066,0.2031,0.2038,7595305.09
2025-07-11 12:00:00+00:00,0.2038,0.2066,0.2034,0.206,9522103.37
2025-07-11 13:00:00+00:00,0.206,0.2094,0.2033,0.2084,21439719.81
2025-07-11 14:00:00+00:00,0.2084,0.2087,0.2025,0.204,14105527.81
2025-07-11 15:00:00+00:00,0.204,0.209,0.1998,0.2006,31087152.55
2025-07-11 16:00:00+00:00,0.2006,0.2022,0.1982,0.1991,15054197.73
2025-07-11 17:00:00+00:00,0.1991,0.2006,0.198,0.1996,7738754.64
2025-07-11 18:00:00+00:00,0.1996,0.2019,0.1995,0.2011,6842008.37
2025-07-11 19:00:00+00:00,0.2011,0.2026,0.1998,0.2026,7198659.52
2025-07-11 20:00:00+00:00,0.2026,0.205,0.1984,0.1984,11519498.7
2025-07-11 21:00:00+00:00,0.1984,0.1998,0.1943,0.1955,8669497.87
2025-07-11 22:00:00+00:00,0.1955,0.1962,0.1897,0.1925,12507181.04
2025-07-11 23:00:00+00:00,0.1925,0.195,0.1924,0.1937,4893222.48
2025-07-12 00:00:00+00:00,0.1937,0.1949,0.1901,0.1919,5301138.13
2025-07-12 01:00:00+00:00,0.1919,0.1998,0.1919,0.1998,12817306.3
2025-07-12 02:00:00+00:00,0.1998,0.203,0.1982,0.1996,12808240.36
2025-07-12 03:00:00+00:00,0.1996,0.2019,0.1994,0.2008,9067151.26
2025-07-12 04:00:00+00:00,0.2008,0.2017,0.1972,0.1976,6704649.41
2025-07-12 05:00:00+00:00,0.1976,0.1981,0.1959,0.1967,5629219.43
2025-07-12 06:00:00+00:00,0.1967,0.1985,0.1949,0.1981,5938465.45
2025-07-12 07:00:00+00:00,0.1981,0.1991,0.1964,0.1977,4898408.22
2025-07-12 08:00:00+00:00,0.1977,0.1991,0.1973,0.199,3667153.18
2025-07-12 09:00:00+00:00,0.199,0.2061,0.1986,0.2061,15323301.82
2025-07-12 10:00:00+00:00,0.2061,0.2066,0.202,0.2041,10263617.72
2025-07-12 11:00:00+00:00,0.2041,0.206,0.2017,0.2021,9870583.27
2025-07-12 12:00:00+00:00,0.2021,0.2025,0.198,0.201,9926548.78
2025-07-12 13:00:00+00:00,0.201,0.2011,0.1965,0.1982,10509595.82
2025-07-12 14:00:00+00:00,0.1982,0.1997,0.1958,0.1961,6470034.94
2025-07-12 15:00:00+00:00,0.1961,0.1967,0.1909,0.1921,12601044.88
2025-07-12 16:00:00+00:00,0.1921,0.1948,0.191,0.1923,7539120.81
2025-07-12 17:00:00+00:00,0.1923,0.1955,0.1921,0.1947,4994398.9
2025-07-12 18:00:00+00:00,0.1947,0.1971,0.194,0.197,4555917.2
2025-07-12 19:00:00+00:00,0.197,0.1971,0.195,0.1962,3662946.9
2025-07-12 20:00:00+00:00,0.1962,0.1962,0.1926,0.1926,4169182.86
2025-07-12 21:00:00+00:00,0.1926,0.1984,0.1924,0.1983,5097684.58
2025-07-12 22:00:00+00:00,0.1983,0.1987,0.1958,0.198,5505341.62
2025-07-12 23:00:00+00:00,0.198,0.1986,0.196,0.1973,3885097.11
2025-07-13 00:00:00+00:00,0.1973,0.1982,0.1963,0.1973,6819941.79
2025-07-13 01:00:00+00:00,0.1973,0.2003,0.1968,0.1997,5666275.89
2025-07-13 02:00:00+00:00,0.1997,0.2024,0.1984,0.2018,8023569.58
2025-07-13 03:00:00+00:00,0.2018,0.2029,0.1999,0.2011,8819708.64
2025-07-13 04:00:00+00:00,0.2011,0.2087,0.1996,0.2067,17572904.9
2025-07-13 05:00:00+00:00,0.2067,0.2147,0.2061,0.2127,25573873.74
2025-07-13 06:00:00+00:00,0.2127,0.225,0.2125,0.225,33675116.96
2025-07-13 07:00:00+00:00,0.225,0.2304,0.2233,0.2266,28529270.52
2025-07-13 08:00:00+00:00,0.2266,0.2336,0.2244,0.2303,24014315.39
2025-07-13 09:00:00+00:00,0.2303,0.2306,0.2232,0.2252,17899624.62
2025-07-13 10:00:00+00:00,0.2252,0.2361,0.2241,0.2271,28406172.19
2025-07-13 11:00:00+00:00,0.2271,0.2312,0.2251,0.2272,19735776.85
2025-07-13 12:00:00+00:00,0.2272,0.2379,0.2271,0.2362,27977304.5
2025-07-13 13:00:00+00:00,0.2362,0.2456,0.2344,0.242,32233148.54
2025-07-13 14:00:00+00:00,0.242,0.2498,0.2407,0.2452,37551374.85
2025-07-13 15:00:00+00:00,0.2452,0.2519,0.2412,0.2451,34920103.58
2025-07-13 16:00:00+00:00,0.2451,0.2489,0.2438,0.2466,27532283.08
2025-07-13 17:00:00+00:00,0.2466,0.2488,0.2381,0.2416,28719229.23
2025-07-13 18:00:00+00:00,0.2416,0.2462,0.2408,0.2443,15981672.79
2025-07-13 19:00:00+00:00,0.2443,0.2447,0.2407,0.2407,11216954.95
2025-07-13 20:00:00+00:00,0.2407,0.2411,0.236,0.2374,14110576.29
2025-07-13 21:00:00+00:00,0.2374,0.2394,0.2315,0.2329,13148069.48
2025-07-13 22:00:00+00:00,0.2329,0.2351,0.2293,0.2327,17573223.81
2025-07-13 23:00:00+00:00,0.2327,0.2419,0.2326,0.2413,14984228.29
2025-07-14 00:00:00+00:00,0.2413,0.2513,0.2413,0.2472,45434734.28
2025-07-14 01:00:00+00:00,0.2472,0.2577,0.2454,0.2491,35062988.92
2025-07-14 02:00:00+00:00,0.2491,0.255,0.2478,0.2527,21529864.32
2025-07-14 03:00:00+00:00,0.2527,0.2549,0.2498,0.2534,19038892.76
2025-07-14 04:00:00+00:00,0.2534,0.2571,0.2512,0.2523,21509725.08
2025-07-14 05:00:00+00:00,0.2523,0.2536,0.2446,0.247,22241546.07
2025-07-14 06:00:00+00:00,0.247,0.2483,0.2437,0.2458,13905413.12
2025-07-14 07:00:00+00:00,0.2458,0.2532,0.2457,0.2531,16363845.46
2025-07-14 08:00:00+00:00,0.2531,0.2562,0.2458,0.2477,21922721.59
2025-07-14 09:00:00+00:00,0.2477,0.2488,0.2448,0.2457,12083049.85
2025-07-14 10:00:00+00:00,0.2457,0.2458,0.2413,0.2437,11828465.52
2025-07-14 11:00:00+00:00,0.2437,0.2443,0.2376,0.2398,13825408.65
2025-07-14 12:00:00+00:00,0.2398,0.2414,0.2383,0.2414,10385802.21
2025-07-14 13:00:00+00:00,0.2414,0.2441,0.2389,0.2425,11101761.35
2025-07-14 14:00:00+00:00,0.2425,0.2449,0.2391,0.2433,17866807.15
2025-07-14 15:00:00+00:00,0.2433,0.2433,0.2371,0.24,13466849.19
2025-07-14 16:00:00+00:00,0.24,0.2449,0.2378,0.2426,16267764.04
2025-07-14 17:00:00+00:00,0.2426,0.2441,0.2399,0.2417,8505958.47
2025-07-14 18:00:00+00:00,0.2417,0.2432,0.2389,0.2396,7913716.18
2025-07-14 19:00:00+00:00,0.2396,0.2418,0.2361,0.2371,8191688.81
2025-07-14 20:00:00+00:00,0.2371,0.2384,0.2336,0.2375,10513582.45
2025-07-14 21:00:00+00:00,0.2375,0.239,0.2367,0.2377,4904588.69
2025-07-14 22:00:00+00:00,0.2377,0.2377,0.2337,0.2367,10320641.59
2025-07-14 23:00:00+00:00,0.2367,0.2373,0.2343,0.2369,5083456.79
2025-07-15 00:00:00+00:00,0.2369,0.2417,0.2345,0.235,11198647.38
2025-07-15 01:00:00+00:00,0.235,0.2397,0.2329,0.2377,12698809.43
2025-07-15 02:00:00+00:00,0.2377,0.2388,0.2329,0.2342,10502124.9
2025-07-15 03:00:00+00:00,0.2342,0.2342,0.2276,0.2318,15877808.58
2025-07-15 04:00:00+00:00,0.2318,0.2351,0.229,0.2349,12220335.02
2025-07-15 05:00:00+00:00,0.2349,0.2372,0.2334,0.2342,7684274.63
2025-07-15 06:00:00+00:00,0.2342,0.2353,0.2309,0.2317,6437059.34
2025-07-15 07:00:00+00:00,0.2317,0.2334,0.2292,0.2303,7057898.65
2025-07-15 08:00:00+00:00,0.2303,0.232,0.2282,0.2301,7603206.2
2025-07-15 09:00:00+00:00,0.2301,0.2351,0.2299,0.2323,7146891.26
2025-07-15 10:00:00+00:00,0.2323,0.2351,0.2318,0.2329,6720968.72
2025-07-15 11:00:00+00:00,0.2329,0.2347,0.2303,0.2323,9861506.2
2025-07-15 12:00:00+00:00,0.2323,0.2369,0.228,0.2338,13708121.07
2025-07-15 13:00:00+00:00,0.2338,0.2366,0.2302,0.2318,11951003.21
2025-07-15 14:00:00+00:00,0.2318,0.2369,0.2276,0.2286,12463249.78
2025-07-15 15:00:00+00:00,0.2286,0.2327,0.2284,0.2318,7694760.32
2025-07-15 16:00:00+00:00,0.2318,0.2362,0.2314,0.2342,10498046.74
2025-07-15 17:00:00+00:00,0.2342,0.2361,0.2321,0.2361,11089776.65
2025-07-15 18:00:00+00:00,0.2361,0.2366,0.2296,0.2302,11504576.89
2025-07-15 19:00:00+00:00,0.2302,0.2322,0.2245,0.2246,12640311.17
2025-07-15 20:00:00+00:00,0.2246,0.2268,0.2232,0.2248,9174180.16
2025-07-15 21:00:00+00:00,0.2248,0.2295,0.2244,0.229,6744598.71
2025-07-15 22:00:00+00:00,0.229,0.2301,0.2265,0.2299,6595397.04
2025-07-15 23:00:00+00:00,0.2299,0.2332,0.2299,0.2331,7944989.86
2025-07-16 00:00:00+00:00,0.2331,0.2349,0.2303,0.2336,7767743.48
2025-07-16 01:00:00+00:00,0.2336,0.2354,0.2321,0.2332,8128670.81
2025-07-16 02:00:00+00:00,0.2332,0.2335,0.2287,0.2314,7862638.72
2025-07-16 03:00:00+00:00,0.2314,0.2348,0.2311,0.2335,6744722.73
2025-07-16 04:00:00+00:00,0.2335,0.2354,0.2319,0.233,7594749.25
2025-07-16 05:00:00+00:00,0.233,0.2344,0.2312,0.2332,8312147.23
2025-07-16 06:00:00+00:00,0.2332,0.2362,0.2328,0.2356,8458982.86
2025-07-16 07:00:00+00:00,0.2356,0.2371,0.2342,0.2353,8655466.22
2025-07-16 08:00:00+00:00,0.2353,0.2413,0.2351,0.2401,10979809.94
2025-07-16 09:00:00+00:00,0.2401,0.2424,0.2366,0.2376,12403480.44
2025-07-16 10:00:00+00:00,0.2376,0.2404,0.2363,0.239,10179790.19
2025-07-16 11:00:00+00:00,0.239,0.2394,0.2359,0.2364,7337945.56
2025-07-16 12:00:00+00:00,0.2364,0.2391,0.2356,0.2388,7952600.75
2025-07-16 13:00:00+00:00,0.2388,0.2417,0.2373,0.2394,9831967.2
2025-07-16 14:00:00+00:00,0.2394,0.2407,0.2366,0.2395,9624461.21
2025-07-16 15:00:00+00:00,0.2395,0.2414,0.2365,0.2384,11222981.19
2025-07-16 16:00:00+00:00,0.2384,0.2407,0.2367,0.2405,7019518.62
2025-07-16 17:00:00+00:00,0.2405,0.2413,0.2383,0.2388,12953518.74
2025-07-16 18:00:00+00:00,0.2388,0.2423,0.238,0.2407,11818645.54
2025-07-16 19:00:00+00:00,0.2407,0.2413,0.237,0.2381,6072386.81
2025-07-16 20:00:00+00:00,0.2381,0.2423,0.2375,0.2399,8107834.19
2025-07-16 21:00:00+00:00,0.2399,0.2446,0.2388,0.2405,10558671.46
2025-07-16 22:00:00+00:00,0.2405,0.2423,0.2357,0.2375,9869837.4
2025-07-16 23:00:00+00:00,0.2375,0.2378,0.2344,0.2362,7602525.62
2025-07-17 00:00:00+00:00,0.2362,0.2386,0.2336,0.2343,9483099.16
2025-07-17 01:00:00+00:00,0.2343,0.2358,0.2294,0.2314,11475281.08
2025-07-17 02:00:00+00:00,0.2314,0.2329,0.231,0.2322,3449507.12
2025-07-17 03:00:00+00:00,0.2322,0.2323,0.2287,0.231,5529553.5
2025-07-17 04:00:00+00:00,0.231,0.2358,0.2301,0.2356,7157229.67
2025-07-17 05:00:00+00:00,0.2356,0.2423,0.2342,0.2414,16553183.81
2025-07-17 06:00:00+00:00,0.2414,0.2444,0.2398,0.2416,13939527.73
2025-07-17 07:00:00+00:00,0.2416,0.2417,0.2379,0.2391,8386907.85
2025-07-17 08:00:00+00:00,0.2391,0.2502,0.2376,0.25,16501737.27
2025-07-17 09:00:00+00:00,0.25,0.2507,0.2473,0.2497,21661614.64
2025-07-17 10:00:00+00:00,0.2497,0.2517,0.2479,0.2495,14580418.72
2025-07-17 11:00:00+00:00,0.2495,0.2538,0.2477,0.2495,13398732.37
2025-07-17 12:00:00+00:00,0.2495,0.2505,0.2446,0.2487,14857586.35
2025-07-17 13:00:00+00:00,0.2487,0.2506,0.2413,0.2448,17452858.32
2025-07-17 14:00:00+00:00,0.2448,0.2467,0.2428,0.2443,8000355.04
2025-07-17 15:00:00+00:00,0.2443,0.2459,0.2414,0.2448,8745473.42
2025-07-17 16:00:00+00:00,0.2448,0.2487,0.243,0.2485,21085153.99
2025-07-17 17:00:00+00:00,0.2485,0.2497,0.2446,0.2495,11950678.2
2025-07-17 18:00:00+00:00,0.2495,0.2562,0.2485,0.2562,21264977.25
2025-07-17 19:00:00+00:00,0.2562,0.2569,0.2479,0.2484,15000229.2
2025-07-17 20:00:00+00:00,0.2484,0.254,0.2464,0.2515,14961917.27
2025-07-17 21:00:00+00:00,0.2515,0.2716,0.2509,0.2694,36131161.8
2025-07-17 22:00:00+00:00,0.2694,0.2847,0.2686,0.2815,48085333.05
2025-07-17 23:00:00+00:00,0.2815,0.2851,0.2751,0.2766,36898069.23
2025-07-18 00:00:00+00:00,0.2766,0.2989,0.2762,0.2988,45562593.96
2025-07-18 01:00:00+00:00,0.2988,0.2989,0.2848,0.2891,33480442.6
2025-07-18 02:00:00+00:00,0.2891,0.2891,0.2808,0.2838,21054410.91
2025-07-18 03:00:00+00:00,0.2838,0.2892,0.2827,0.2854,16012467.61
2025-07-18 04:00:00+00:00,0.2854,0.2881,0.2827,0.2836,19578518.99
2025-07-18 05:00:00+00:00,0.2836,0.287,0.2827,0.2848,14036734.89
2025-07-18 06:00:00+00:00,0.2848,0.2851,0.2785,0.2802,16773405.66
2025-07-18 07:00:00+00:00,0.2802,0.282,0.2698,0.2702,20011176.46
2025-07-18 08:00:00+00:00,0.2702,0.2738,0.2681,0.2685,15911722.64
2025-07-18 09:00:00+00:00,0.2685,0.2726,0.2663,0.2722,16583619.36
2025-07-18 10:00:00+00:00,0.2722,0.2723,0.269,0.272,8934880.68
2025-07-18 11:00:00+00:00,0.272,0.2738,0.2671,0.2725,10667460.56
2025-07-18 12:00:00+00:00,0.2725,0.2753,0.2702,0.2739,10926587.92
2025-07-18 13:00:00+00:00,0.2739,0.2762,0.2712,0.2745,10270309.62
2025-07-18 14:00:00+00:00,0.2745,0.2748,0.2673,0.2708,17522711.15
2025-07-18 15:00:00+00:00,0.2708,0.2712,0.2643,0.2653,15039586.25
2025-07-18 16:00:00+00:00,0.2653,0.2685,0.2636,0.2656,10799283.4
2025-07-18 17:00:00+00:00,0.2656,0.2696,0.2646,0.2693,6607780.85
2025-07-18 18:00:00+00:00,0.2693,0.2705,0.266,0.2676,9026035.42
2025-07-18 19:00:00+00:00,0.2676,0.2701,0.2647,0.267,10970670.49
2025-07-18 20:00:00+00:00,0.267,0.2676,0.2577,0.2631,19803471.41
2025-07-18 21:00:00+00:00,0.2631,0.2658,0.2621,0.2625,5547159.7
2025-07-18 22:00:00+00:00,0.2625,0.2642,0.2556,0.2566,13067444.88
2025-07-18 23:00:00+00:00,0.2566,0.2599,0.2532,0.2594,12022431.79
2025-07-19 00:00:00+00:00,0.2594,0.2647,0.2586,0.2587,12527512.4
2025-07-19 01:00:00+00:00,0.2587,0.2623,0.2565,0.2613,9685494.88
2025-07-19 02:00:00+00:00,0.2613,0.2641,0.2596,0.2634,6088231.35
2025-07-19 03:00:00+00:00,0.2634,0.2656,0.2617,0.2624,6930787.97
2025-07-19 04:00:00+00:00,0.2624,0.2663,0.2617,0.2655,7573184.51
2025-07-19 05:00:00+00:00,0.2655,0.2696,0.2634,0.2695,9065983.37
2025-07-19 06:00:00+00:00,0.2695,0.2697,0.2638,0.2663,7000138.76
2025-07-19 07:00:00+00:00,0.2663,0.2723,0.2657,0.2682,10492893.22
2025-07-19 08:00:00+00:00,0.2682,0.2701,0.2662,0.2695,7949321.1
2025-07-19 09:00:00+00:00,0.2695,0.2725,0.267,0.2704,11422898.19
2025-07-19 10:00:00+00:00,0.2704,0.2715,0.2685,0.2691,7098623.18
2025-07-19 11:00:00+00:00,0.2691,0.2692,0.2636,0.2641,9748027.05
2025-07-19 12:00:00+00:00,0.2641,0.267,0.263,0.2665,6590190.07
2025-07-19 13:00:00+00:00,0.2665,0.2691,0.2644,0.2663,6502791.37
2025-07-19 14:00:00+00:00,0.2663,0.2665,0.2614,0.2619,9542227.84
2025-07-19 15:00:00+00:00,0.2619,0.2689,0.2617,0.2669,8548357.21
2025-07-19 16:00:00+00:00,0.2669,0.2706,0.2649,0.2699,10179686.7
2025-07-19 17:00:00+00:00,0.2699,0.2703,0.2663,0.2674,6697844.81
2025-07-19 18:00:00+00:00,0.2674,0.2678,0.2656,0.2661,4600396.33
2025-07-19 19:00:00+00:00,0.2661,0.2683,0.265,0.2672,4635927.1
2025-07-19 20:00:00+00:00,0.2672,0.2701,0.2669,0.2678,6351944.88
2025-07-19 21:00:00+00:00,0.2678,0.269,0.2635,0.266,6811590.16
2025-07-19 22:00:00+00:00,0.266,0.2686,0.2645,0.2676,5363343.07
2025-07-19 23:00:00+00:00,0.2676,0.2694,0.2665,0.2665,4993803.84
2025-07-20 00:00:00+00:00,0.2665,0.2682,0.264,0.2671,8149469.66
2025-07-20 01:00:00+00:00,0.2671,0.2705,0.2655,0.2665,10302332.91
2025-07-20 02:00:00+00:00,0.2665,0.2688,0.2654,0.2673,5565571.55
2025-07-20 03:00:00+00:00,0.2673,0.27,0.2664,0.268,5727952.41
2025-07-20 04:00:00+00:00,0.268,0.2706,0.2676,0.2682,5001175.8
2025-07-20 05:00:00+00:00,0.2682,0.2697,0.2665,0.269,3412385.45
2025-07-20 06:00:00+00:00,0.269,0.2691,0.2664,0.2676,3944094.71
2025-07-20 07:00:00+00:00,0.2676,0.2709,0.2676,0.2695,5719248.21
2025-07-20 08:00:00+00:00,0.2695,0.2747,0.2694,0.2742,8613494.21
2025-07-20 09:00:00+00:00,0.2742,0.2756,0.2715,0.2728,10465387.69
2025-07-20 10:00:00+00:00,0.2728,0.2759,0.2727,0.274,7747729.02
2025-07-20 11:00:00+00:00,0.274,0.2753,0.2721,0.2724,8802525.36
2025-07-20 12:00:00+00:00,0.2724,0.2725,0.2703,0.2716,6614442.1
2025-07-20 13:00:00+00:00,0.2716,0.276,0.271,0.2758,6852274.67
2025-07-20 14:00:00+00:00,0.2758,0.276,0.2726,0.275,9443812.24
2025-07-20 15:00:00+00:00,0.275,0.2762,0.2737,0.2754,6045461.43
2025-07-20 16:00:00+00:00,0.2754,0.2801,0.2747,0.2776,14134167.99
2025-07-20 17:00:00+00:00,0.2776,0.2829,0.2741,0.2752,16121120.0
2025-07-20 18:00:00+00:00,0.2752,0.2806,0.2752,0.2799,7923797.63
2025-07-20 19:00:00+00:00,0.2799,0.2811,0.2771,0.2789,7237861.25
2025-07-20 20:00:00+00:00,0.2789,0.2795,0.2752,0.2754,7182806.65
2025-07-20 21:00:00+00:00,0.2754,0.276,0.2725,0.2756,7758587.15
2025-07-20 22:00:00+00:00,0.2756,0.2757,0.2654,0.2706,18244061.8
2025-07-20 23:00:00+00:00,0.2706,0.2723,0.2686,0.2709,6792317.62
2025-07-21 00:00:00+00:00,0.2709,0.2725,0.2664,0.2725,9306459.6
2025-07-21 01:00:00+00:00,0.2725,0.2779,0.27,0.2751,12714364.02
2025-07-21 02:00:00+00:00,0.2751,0.2834,0.2751,0.2792,18758679.69
2025-07-21 03:00:00+00:00,0.2792,0.281,0.2765,0.2767,7933015.67
2025-07-21 04:00:00+00:00,0.2767,0.2791,0.2759,0.2767,6502735.36
2025-07-21 05:00:00+00:00,0.2767,0.2784,0.2759,0.2783,4352351.63
2025-07-21 06:00:00+00:00,0.2783,0.2849,0.2781,0.2812,14100688.08
2025-07-21 07:00:00+00:00,0.2812,0.2848,0.2808,0.2831,9712245.61
2025-07-21 08:00:00+00:00,0.2831,0.2852,0.2826,0.2829,10350537.47
2025-07-21 09:00:00+00:00,0.2829,0.284,0.2781,0.2801,9286214.14
2025-07-21 10:00:00+00:00,0.2801,0.2836,0.2789,0.2828,8394737.27
2025-07-21 11:00:00+00:00,0.2828,0.2854,0.2818,0.2832,10369795.45
2025-07-21 12:00:00+00:00,0.2832,0.2865,0.2809,0.2856,12562162.98
2025-07-21 13:00:00+00:00,0.2856,0.2862,0.2822,0.2843,10225346.92
2025-07-21 14:00:00+00:00,0.2843,0.2876,0.2836,0.2859,14107519.11
2025-07-21 15:00:00+00:00,0.2859,0.2884,0.2789,0.2794,17068087.44
2025-07-21 16:00:00+00:00,0.2794,0.2811,0.2743,0.2795,18405003.18
2025-07-21 17:00:00+00:00,0.2795,0.2825,0.2783,0.2805,9207537.02
2025-07-21 18:00:00+00:00,0.2805,0.2838,0.2777,0.2783,7544876.58
2025-07-21 19:00:00+00:00,0.2783,0.28,0.2657,0.2658,26857412.4
2025-07-21 20:00:00+00:00,0.2658,0.2719,0.2636,0.2692,21171461.35
2025-07-21 21:00:00+00:00,0.2692,0.2725,0.2685,0.2721,7106234.89
2025-07-21 22:00:00+00:00,0.2721,0.2735,0.2708,0.2723,5001311.45
2025-07-21 23:00:00+00:00,0.2723,0.2732,0.2708,0.2712,4541053.22
2025-07-22 00:00:00+00:00,0.2712,0.2719,0.2682,0.2685,6441454.18
2025-07-22 01:00:00+00:00,0.2685,0.272,0.2628,0.2706,16518851.9
2025-07-22 02:00:00+00:00,0.2706,0.274,0.2675,0.2685,10042475.97
2025-07-22 03:00:00+00:00,0.2685,0.2695,0.2659,0.2683,10993173.22
2025-07-22 04:00:00+00:00,0.2683,0.269,0.2608,0.2609,14240708.0
2025-07-22 05:00:00+00:00,0.2609,0.2671,0.2607,0.2662,14051222.51
2025-07-22 06:00:00+00:00,0.2662,0.2681,0.2651,0.2663,6532259.72
2025-07-22 07:00:00+00:00,0.2663,0.2686,0.2643,0.2652,9138038.16
2025-07-22 08:00:00+00:00,0.2652,0.2652,0.2596,0.2632,9888163.31
2025-07-22 09:00:00+00:00,0.2632,0.2633,0.2592,0.2626,9640542.22
2025-07-22 10:00:00+00:00,0.2626,0.2665,0.2616,0.2663,6825961.65
2025-07-22 11:00:00+00:00,0.2663,0.2675,0.264,0.2673,5853694.3
2025-07-22 12:00:00+00:00,0.2673,0.268,0.2654,0.2665,6656254.81
2025-07-22 13:00:00+00:00,0.2665,0.2692,0.2633,0.2635,11458104.24
2025-07-22 14:00:00+00:00,0.2635,0.27,0.2608,0.2698,14386912.46
2025-07-22 15:00:00+00:00,0.2698,0.2733,0.269,0.271,11161682.02
2025-07-22 16:00:00+00:00,0.271,0.2741,0.2692,0.274,7305636.92
2025-07-22 17:00:00+00:00,0.274,0.2752,0.2713,0.2728,11060049.08
2025-07-22 18:00:00+00:00,0.2728,0.2747,0.2718,0.2725,9674715.75
2025-07-22 19:00:00+00:00,0.2725,0.2738,0.2673,0.268,7923401.69
2025-07-22 20:00:00+00:00,0.268,0.2723,0.2676,0.2718,4959968.0
2025-07-22 21:00:00+00:00,0.2718,0.2735,0.2701,0.2711,4407890.01
2025-07-22 22:00:00+00:00,0.2711,0.2727,0.2711,0.2714,3156344.18
2025-07-22 23:00:00+00:00,0.2714,0.2754,0.2711,0.2753,8326696.96
2025-07-23 00:00:00+00:00,0.2753,0.2753,0.2715,0.2732,6169142.72
2025-07-23 01:00:00+00:00,0.2732,0.2735,0.2707,0.2714,4598898.53
2025-07-23 02:00:00+00:00,0.2714,0.272,0.2701,0.271,4585382.49
2025-07-23 03:00:00+00:00,0.271,0.2716,0.2687,0.2692,4321363.22
2025-07-23 04:00:00+00:00,0.2692,0.2713,0.2688,0.2707,3639301.4
2025-07-23 05:00:00+00:00,0.2707,0.2719,0.2694,0.2712,3517802.31
2025-07-23 06:00:00+00:00,0.2712,0.2713,0.2676,0.2696,5066100.84
2025-07-23 07:00:00+00:00,0.2696,0.2718,0.2678,0.2687,5656213.44
2025-07-23 08:00:00+00:00,0.2687,0.2695,0.267,0.2693,4694463.77
2025-07-23 09:00:00+00:00,0.2693,0.2697,0.2655,0.2659,5700666.94
2025-07-23 10:00:00+00:00,0.2659,0.2659,0.2633,0.2647,8100484.66
2025-07-23 11:00:00+00:00,0.2647,0.2651,0.2618,0.263,6067064.0
2025-07-23 12:00:00+00:00,0.263,0.2639,0.2549,0.2561,13366588.54
2025-07-23 13:00:00+00:00,0.2561,0.2578,0.2444,0.2489,33510889.8
2025-07-23 14:00:00+00:00,0.2489,0.254,0.2485,0.2529,15069468.05
2025-07-23 15:00:00+00:00,0.2529,0.2551,0.2499,0.2544,10785555.31
2025-07-23 16:00:00+00:00,0.2544,0.2545,0.2473,0.2478,11023264.35
2025-07-23 17:00:00+00:00,0.2478,0.2494,0.2429,0.2483,20616018.07
2025-07-23 18:00:00+00:00,0.2483,0.2505,0.2474,0.2502,6750615.63
2025-07-23 19:00:00+00:00,0.2502,0.2504,0.2476,0.2478,4441503.03
2025-07-23 20:00:00+00:00,0.2478,0.2494,0.2403,0.2447,16325615.8
2025-07-23 21:00:00+00:00,0.2447,0.2462,0.2385,0.2443,13715854.62
2025-07-23 22:00:00+00:00,0.2443,0.2478,0.243,0.2465,7659183.07
2025-07-23 23:00:00+00:00,0.2465,0.2477,0.2447,0.2452,6186810.54
2025-07-24 00:00:00+00:00,0.2452,0.2487,0.2427,0.248,7756304.78
2025-07-24 01:00:00+00:00,0.248,0.2488,0.2457,0.2484,4775518.05
2025-07-24 02:00:00+00:00,0.2484,0.249,0.2466,0.2469,4164038.15
2025-07-24 03:00:00+00:00,0.2469,0.2501,0.2464,0.2467,6051164.07
2025-07-24 04:00:00+00:00,0.2467,0.2472,0.2418,0.2424,8797737.23
2025-07-24 05:00:00+00:00,0.2424,0.2425,0.2355,0.2361,16343719.79
2025-07-24 06:00:00+00:00,0.2361,0.24,0.231,0.2344,15317237.34
2025-07-24 07:00:00+00:00,0.2344,0.2394,0.2315,0.2389,10717894.17
2025-07-24 08:00:00+00:00,0.2389,0.2431,0.2377,0.2426,9340175.81
2025-07-24 09:00:00+00:00,0.2426,0.2432,0.2392,0.2408,5011922.68
2025-07-24 10:00:00+00:00,0.2408,0.2425,0.2366,0.2399,7254677.28
2025-07-24 11:00:00+00:00,0.2399,0.2437,0.2398,0.2433,6809284.69
2025-07-24 12:00:00+00:00,0.2433,0.2442,0.24,0.2418,4792860.26
2025-07-24 13:00:00+00:00,0.2418,0.244,0.2394,0.2398,6327889.39
2025-07-24 14:00:00+00:00,0.2398,0.2473,0.2381,0.247,14148863.11
2025-07-24 15:00:00+00:00,0.247,0.2485,0.244,0.2451,12690487.08
2025-07-24 16:00:00+00:00,0.2451,0.2453,0.24,0.2417,7987723.41
2025-07-24 17:00:00+00:00,0.2417,0.247,0.2414,0.2455,6422320.38
2025-07-24 18:00:00+00:00,0.2455,0.2469,0.2438,0.2461,4166666.69
2025-07-24 19:00:00+00:00,0.2461,0.2471,0.2433,0.2433,5042497.7
2025-07-24 20:00:00+00:00,0.2433,0.2454,0.2432,0.2449,2626355.68
2025-07-24 21:00:00+00:00,0.2449,0.2449,0.2419,0.242,3700084.13
2025-07-24 22:00:00+00:00,0.242,0.2433,0.2406,0.2415,4358245.46
2025-07-24 23:00:00+00:00,0.2415,0.2415,0.238,0.2391,9199452.04
2025-07-25 00:00:00+00:00,0.2391,0.2394,0.2358,0.2369,8909163.86
2025-07-25 01:00:00+00:00,0.2369,0.2414,0.2354,0.2403,7975820.63
2025-07-25 02:00:00+00:00,0.2403,0.2412,0.2359,0.2366,8754706.25
2025-07-25 03:00:00+00:00,0.2366,0.2387,0.234,0.2364,9759270.88
2025-07-25 04:00:00+00:00,0.2364,0.2393,0.2332,0.2391,12780571.69
2025-07-25 05:00:00+00:00,0.2391,0.2399,0.2359,0.2363,5313557.93
2025-07-25 06:00:00+00:00,0.2363,0.2383,0.2346,0.2372,4662115.95
2025-07-25 07:00:00+00:00,0.2372,0.2397,0.2348,0.2373,5832006.4
2025-07-25 08:00:00+00:00,0.2373,0.2405,0.2369,0.2382,4993993.44
2025-07-25 09:00:00+00:00,0.2382,0.2425,0.2374,0.2424,6072505.39
2025-07-25 10:00:00+00:00,0.2424,0.2446,0.2416,0.2444,4622380.22
2025-07-25 11:00:00+00:00,0.2444,0.2468,0.244,0.2462,4262899.62
2025-07-25 12:00:00+00:00,0.2462,0.2645,0.2461,0.2503,65798785.23
2025-07-25 13:00:00+00:00,0.2503,0.2505,0.2429,0.2457,16194820.53
2025-07-25 14:00:00+00:00,0.2457,0.2489,0.2408,0.2471,25765896.32
2025-07-25 15:00:00+00:00,0.2471,0.2499,0.2431,0.2445,27918984.91
2025-07-25 16:00:00+00:00,0.2445,0.249,0.2438,0.2482,13782511.75
2025-07-25 17:00:00+00:00,0.2482,0.2551,0.248,0.2524,15502060.38
2025-07-25 18:00:00+00:00,0.2524,0.2536,0.2498,0.2509,7669679.89
2025-07-25 19:00:00+00:00,0.2509,0.2559,0.25,0.2544,7822049.81
2025-07-25 20:00:00+00:00,0.2544,0.2597,0.2527,0.2595,14066087.18
2025-07-25 21:00:00+00:00,0.2595,0.2628,0.2575,0.2618,11883430.81
2025-07-25 22:00:00+00:00,0.2618,0.2638,0.2595,0.2636,8500250.12
2025-07-25 23:00:00+00:00,0.2636,0.2638,0.2573,0.2587,11137412.58
2025-07-26 00:00:00+00:00,0.2587,0.2594,0.2559,0.2587,7177263.37
2025-07-26 01:00:00+00:00,0.2587,0.2663,0.257,0.2611,13261288.75
2025-07-26 02:00:00+00:00,0.2611,0.2683,0.2611,0.2674,12044944.31
2025-07-26 03:00:00+00:00,0.2674,0.268,0.2624,0.2666,8687168.32
2025-07-26 04:00:00+00:00,0.2666,0.2707,0.2659,0.2681,16114084.36
2025-07-26 05:00:00+00:00,0.2681,0.2706,0.2654,0.2685,8538325.85
2025-07-26 06:00:00+00:00,0.2685,0.2686,0.2647,0.2653,6353898.16
2025-07-26 07:00:00+00:00,0.2653,0.2663,0.2633,0.2634,5341671.51
2025-07-26 08:00:00+00:00,0.2634,0.2645,0.2624,0.2642,4502452.33
2025-07-26 09:00:00+00:00,0.2642,0.2663,0.264,0.2662,5805157.18
2025-07-26 10:00:00+00:00,0.2662,0.2706,0.2662,0.2694,8731990.39
2025-07-26 11:00:00+00:00,0.2694,0.2729,0.2678,0.269,10955568.67
2025-07-26 12:00:00+00:00,0.269,0.2759,0.2686,0.2737,15736230.95
2025-07-26 13:00:00+00:00,0.2737,0.2815,0.2721,0.2792,19278739.57
2025-07-26 14:00:00+00:00,0.2792,0.286,0.2737,0.2814,30899665.39
2025-07-26 15:00:00+00:00,0.2814,0.2842,0.2776,0.2811,20597851.36
2025-07-26 16:00:00+00:00,0.2811,0.2864,0.279,0.2849,19454405.36
2025-07-26 17:00:00+00:00,0.2849,0.2871,0.2791,0.2792,21887618.82
2025-07-26 18:00:00+00:00,0.2792,0.284,0.2788,0.2817,10700411.08
2025-07-26 19:00:00+00:00,0.2817,0.2911,0.2806,0.2872,24003271.16
2025-07-26 20:00:00+00:00,0.2872,0.2885,0.2828,0.2854,15231961.67
2025-07-26 21:00:00+00:00,0.2854,0.286,0.2819,0.2848,7757337.53
2025-07-26 22:00:00+00:00,0.2848,0.2883,0.2819,0.2819,11193559.72
2025-07-26 23:00:00+00:00,0.2819,0.2828,0.2788,0.2798,9068003.66
2025-07-27 00:00:00+00:00,0.2798,0.2805,0.2767,0.278,9974056.52
2025-07-27 01:00:00+00:00,0.278,0.2823,0.2764,0.281,14702633.6
2025-07-27 02:00:00+00:00,0.281,0.2905,0.2801,0.2894,23132913.92
2025-07-27 03:00:00+00:00,0.2894,0.2937,0.2875,0.2918,17787715.93
2025-07-27 04:00:00+00:00,0.2918,0.3,0.2888,0.3,20951012.62
2025-07-27 05:00:00+00:00,0.3,0.305,0.2977,0.3022,25331671.54
2025-07-27 06:00:00+00:00,0.3022,0.3031,0.2955,0.2959,20676737.26
2025-07-27 07:00:00+00:00,0.2959,0.2961,0.2881,0.2905,16393353.23
2025-07-27 08:00:00+00:00,0.2905,0.2911,0.2838,0.2865,17887732.86
2025-07-27 09:00:00+00:00,0.2865,0.287,0.2818,0.282,9686087.78
2025-07-27 10:00:00+00:00,0.282,0.2886,0.2818,0.2871,12972047.51
2025-07-27 11:00:00+00:00,0.2871,0.2884,0.2827,0.2841,11224509.15
2025-07-27 12:00:00+00:00,0.2841,0.2853,0.2823,0.2843,7253478.67
2025-07-27 13:00:00+00:00,0.2843,0.2873,0.2832,0.2836,8582794.81
2025-07-27 14:00:00+00:00,0.2836,0.2862,0.2833,0.2846,6176563.26
2025-07-27 15:00:00+00:00,0.2846,0.2873,0.2844,0.2865,6429499.16
2025-07-27 16:00:00+00:00,0.2865,0.291,0.2841,0.2859,18516620.17
2025-07-27 17:00:00+00:00,0.2859,0.2887,0.2847,0.2877,9268761.65
2025-07-27 18:00:00+00:00,0.2877,0.2895,0.2869,0.2886,7274667.42
2025-07-27 19:00:00+00:00,0.2886,0.2917,0.2881,0.2896,8355485.21
2025-07-27 20:00:00+00:00,0.2896,0.2949,0.2894,0.2926,8498174.23
2025-07-27 21:00:00+00:00,0.2926,0.2942,0.2905,0.2927,6925935.78
2025-07-27 22:00:00+00:00,0.2927,0.2956,0.2924,0.2932,8120287.98
2025-07-27 23:00:00+00:00,0.2932,0.2935,0.2888,0.2916,9023447.89
2025-07-28 00:00:00+00:00,0.2916,0.2924,0.2864,0.2883,11255403.5
2025-07-28 01:00:00+00:00,0.2883,0.2889,0.2842,0.2864,7138553.9
2025-07-28 02:00:00+00:00,0.2864,0.2888,0.2851,0.2876,6094450.72
2025-07-28 03:00:00+00:00,0.2876,0.2881,0.2852,0.2866,5624178.23
2025-07-28 04:00:00+00:00,0.2866,0.2875,0.2845,0.2858,5660825.39
2025-07-28 05:00:00+00:00,0.2858,0.2889,0.2848,0.2883,6319852.92
2025-07-28 06:00:00+00:00,0.2883,0.291,0.287,0.2881,6479344.0
2025-07-28 07:00:00+00:00,0.2881,0.2883,0.2845,0.2852,6772879.01
2025-07-28 08:00:00+00:00,0.2852,0.2859,0.2833,0.2859,4667480.92
2025-07-28 09:00:00+00:00,0.2859,0.2875,0.2849,0.2863,6333057.15
2025-07-28 10:00:00+00:00,0.2863,0.2868,0.2834,0.2837,5190393.63
2025-07-28 11:00:00+00:00,0.2837,0.2849,0.2813,0.2839,6304947.77
2025-07-28 12:00:00+00:00,0.2839,0.284,0.2812,0.2815,4242827.01
2025-07-28 13:00:00+00:00,0.2815,0.2817,0.2771,0.2782,11130197.48
2025-07-28 14:00:00+00:00,0.2782,0.2795,0.2724,0.2728,13251421.61
2025-07-28 15:00:00+00:00,0.2728,0.2752,0.2714,0.2725,7649096.67
2025-07-28 16:00:00+00:00,0.2725,0.2746,0.2704,0.2737,6650062.92
2025-07-28 17:00:00+00:00,0.2737,0.2744,0.2713,0.2726,5326844.89
2025-07-28 18:00:00+00:00,0.2726,0.2729,0.2686,0.2702,9270138.24
2025-07-28 19:00:00+00:00,0.2702,0.2713,0.2668,0.2698,8657424.33
2025-07-28 20:00:00+00:00,0.2698,0.2707,0.267,0.2693,6141165.08
2025-07-28 21:00:00+00:00,0.2693,0.2742,0.2691,0.2731,6231953.27
2025-07-28 22:00:00+00:00,0.2731,0.2747,0.2695,0.2715,6302267.7
2025-07-28 23:00:00+00:00,0.2715,0.2732,0.2703,0.2715,3889810.84
2025-07-29 00:00:00+00:00,0.2715,0.2732,0.2671,0.2701,8808650.89
2025-07-29 01:00:00+00:00,0.2701,0.271,0.2677,0.2677,3007909.75
2025-07-29 02:00:00+00:00,0.2677,0.2688,0.2644,0.2653,7432801.56
2025-07-29 03:00:00+00:00,0.2653,0.2702,0.2653,0.2698,4479638.72
2025-07-29 04:00:00+00:00,0.2698,0.2709,0.2672,0.2676,3578188.05
2025-07-29 05:00:00+00:00,0.2676,0.2728,0.2675,0.2708,3921008.79
2025-07-29 06:00:00+00:00,0.2708,0.2741,0.27,0.272,4970919.35
2025-07-29 07:00:00+00:00,0.272,0.277,0.2715,0.2753,7419430.97
2025-07-29 08:00:00+00:00,0.2753,0.2795,0.2744,0.2764,8358395.91
2025-07-29 09:00:00+00:00,0.2764,0.2771,0.274,0.2746,4670567.6
2025-07-29 10:00:00+00:00,0.2746,0.2752,0.2713,0.2715,8488389.41
2025-07-29 11:00:00+00:00,0.2715,0.2742,0.2714,0.2735,3282247.15
2025-07-29 12:00:00+00:00,0.2735,0.2759,0.2724,0.2744,4886656.16
2025-07-29 13:00:00+00:00,0.2744,0.2748,0.2684,0.269,6509817.75
2025-07-29 14:00:00+00:00,0.269,0.2691,0.2632,0.2653,8649069.99
2025-07-29 15:00:00+00:00,0.2653,0.2653,0.2603,0.2616,12467916.48
2025-07-29 16:00:00+00:00,0.2616,0.2628,0.2585,0.2628,10130117.88
2025-07-29 17:00:00+00:00,0.2628,0.2658,0.2621,0.264,5677279.26
2025-07-29 18:00:00+00:00,0.264,0.2646,0.2617,0.2625,3757466.25
2025-07-29 19:00:00+00:00,0.2625,0.2636,0.2598,0.2599,5602036.58
2025-07-29 20:00:00+00:00,0.2599,0.2614,0.2572,0.2593,6872834.6
2025-07-29 21:00:00+00:00,0.2593,0.263,0.2581,0.262,5225354.75
2025-07-29 22:00:00+00:00,0.262,0.2638,0.26,0.2632,4395365.06
2025-07-29 23:00:00+00:00,0.2632,0.2651,0.2622,0.2637,4284013.15
2025-07-30 00:00:00+00:00,0.2637,0.2644,0.2604,0.2621,3573797.87
2025-07-30 01:00:00+00:00,0.2621,0.2643,0.2589,0.2631,5517474.75
2025-07-30 02:00:00+00:00,0.2631,0.2651,0.2602,0.2603,6437537.01
2025-07-30 03:00:00+00:00,0.2603,0.2619,0.2594,0.2608,3474397.14
2025-07-30 04:00:00+00:00,0.2608,0.2616,0.2587,0.2591,2204392.4
2025-07-30 05:00:00+00:00,0.2591,0.2612,0.2568,0.2605,7633211.59
2025-07-30 06:00:00+00:00,0.2605,0.262,0.2598,0.2617,2617199.15
2025-07-30 07:00:00+00:00,0.2617,0.2623,0.2578,0.2586,3589987.69
2025-07-30 08:00:00+00:00,0.2586,0.261,0.2571,0.2599,3836420.19
2025-07-30 09:00:00+00:00,0.2599,0.2603,0.2573,0.2579,2976471.36
2025-07-30 10:00:00+00:00,0.2579,0.2604,0.2567,0.2573,4425790.97
2025-07-30 11:00:00+00:00,0.2573,0.2589,0.254,0.2554,9043150.02
2025-07-30 12:00:00+00:00,0.2554,0.2575,0.2526,0.2546,12053853.39
2025-07-30 13:00:00+00:00,0.2546,0.2565,0.2536,0.2549,6957699.95
2025-07-30 14:00:00+00:00,0.2549,0.261,0.2539,0.26,8062675.93
2025-07-30 15:00:00+00:00,0.26,0.2607,0.2563,0.257,8535685.2
2025-07-30 16:00:00+00:00,0.257,0.2579,0.2544,0.2575,7799144.12
2025-07-30 17:00:00+00:00,0.2575,0.2594,0.2568,0.2592,4133387.99
2025-07-30 18:00:00+00:00,0.2592,0.2608,0.2506,0.251,12380350.51
2025-07-30 19:00:00+00:00,0.251,0.2568,0.2459,0.2558,16459827.36
2025-07-30 20:00:00+00:00,0.2558,0.2593,0.2544,0.2547,7393798.56
2025-07-30 21:00:00+00:00,0.2547,0.2559,0.2517,0.2543,4870697.88
2025-07-30 22:00:00+00:00,0.2543,0.2553,0.2526,0.2537,3396878.83
2025-07-30 23:00:00+00:00,0.2537,0.2568,0.2537,0.2558,3066288.39
2025-07-31 00:00:00+00:00,0.2558,0.2603,0.2547,0.2603,5602151.41
2025-07-31 01:00:00+00:00,0.2603,0.262,0.2583,0.2619,6586431.19
2025-07-31 02:00:00+00:00,0.2619,0.2652,0.2602,0.265,6797098.17
2025-07-31 03:00:00+00:00,0.265,0.2724,0.265,0.2719,14584394.46
2025-07-31 04:00:00+00:00,0.2719,0.2744,0.2704,0.2712,10878141.89
2025-07-31 05:00:00+00:00,0.2712,0.2752,0.2709,0.2731,8234363.51
2025-07-31 06:00:00+00:00,0.2731,0.2742,0.2712,0.2738,5791499.65
2025-07-31 07:00:00+00:00,0.2738,0.2747,0.2715,0.2735,4760095.99
2025-07-31 08:00:00+00:00,0.2735,0.2762,0.2725,0.2751,8813662.67
2025-07-31 09:00:00+00:00,0.2751,0.2769,0.2731,0.2756,6149391.77
2025-07-31 10:00:00+00:00,0.2756,0.2789,0.2741,0.2769,7997232.78
2025-07-31 11:00:00+00:00,0.2769,0.278,0.2718,0.2731,9948493.82
2025-07-31 12:00:00+00:00,0.2731,0.2733,0.2686,0.2711,10891187.56
2025-07-31 13:00:00+00:00,0.2711,0.2711,0.2656,0.2675,12953324.18
2025-07-31 14:00:00+00:00,0.2675,0.2688,0.2601,0.2601,15008112.23
2025-07-31 15:00:00+00:00,0.2601,0.2644,0.26,0.2627,7698376.89
2025-07-31 16:00:00+00:00,0.2627,0.268,0.2622,0.2648,8768845.5
2025-07-31 17:00:00+00:00,0.2648,0.2649,0.2594,0.2602,7401296.3
2025-07-31 18:00:00+00:00,0.2602,0.2604,0.2563,0.2583,7469345.78
2025-07-31 19:00:00+00:00,0.2583,0.2588,0.2556,0.2561,5779625.06
2025-07-31 20:00:00+00:00,0.2561,0.2591,0.2549,0.2589,6540432.38
2025-07-31 21:00:00+00:00,0.2589,0.2593,0.2551,0.258,5174131.27
2025-07-31 22:00:00+00:00,0.258,0.258,0.2507,0.2523,10338023.8
2025-07-31 23:00:00+00:00,0.2523,0.2546,0.2498,0.251,8197909.18
2025-08-01 00:00:00+00:00,0.251,0.2515,0.2439,0.2505,18219660.54
2025-08-01 01:00:00+00:00,0.2505,0.2516,0.2462,0.2498,12369006.8
2025-08-01 02:00:00+00:00,0.2498,0.2562,0.2495,0.2548,10088890.07
2025-08-01 03:00:00+00:00,0.2548,0.2552,0.2519,0.2523,5461511.4
2025-08-01 04:00:00+00:00,0.2523,0.2527,0.2501,0.2503,5499655.33
2025-08-01 05:00:00+00:00,0.2503,0.2509,0.247,0.2477,5953668.03
2025-08-01 06:00:00+00:00,0.2477,0.2481,0.2452,0.2477,5325030.51
2025-08-01 07:00:00+00:00,0.2477,0.2487,0.2453,0.2475,6041581.22
2025-08-01 08:00:00+00:00,0.2475,0.2475,0.2417,0.244,11358109.2
2025-08-01 09:00:00+00:00,0.244,0.2463,0.2421,0.2423,7765854.84
2025-08-01 10:00:00+00:00,0.2423,0.2444,0.2421,0.2429,6243220.08
2025-08-01 11:00:00+00:00,0.2429,0.2466,0.2417,0.2455,5939738.19
2025-08-01 12:00:00+00:00,0.2455,0.2491,0.2444,0.247,13715664.35
2025-08-01 13:00:00+00:00,0.247,0.249,0.2403,0.2418,10995163.1
2025-08-01 14:00:00+00:00,0.2418,0.2541,0.2404,0.2541,18875338.25
2025-08-01 15:00:00+00:00,0.2541,0.2554,0.2496,0.2526,11987209.84
2025-08-01 16:00:00+00:00,0.2526,0.2548,0.2484,0.2489,7264281.74
2025-08-01 17:00:00+00:00,0.2489,0.2502,0.2459,0.2466,7231340.41
2025-08-01 18:00:00+00:00,0.2466,0.2503,0.2453,0.2473,8159434.22
2025-08-01 19:00:00+00:00,0.2473,0.2503,0.246,0.2491,6427545.13
2025-08-01 20:00:00+00:00,0.2491,0.2496,0.2423,0.2472,10688794.03
2025-08-01 21:00:00+00:00,0.2472,0.2484,0.244,0.2442,5252090.47
2025-08-01 22:00:00+00:00,0.2442,0.2442,0.237,0.2392,13106901.52
2025-08-01 23:00:00+00:00,0.2392,0.2429,0.2379,0.2411,6140066.04
2025-08-02 00:00:00+00:00,0.2411,0.2415,0.2387,0.2415,8415202.48
2025-08-02 01:00:00+00:00,0.2415,0.2426,0.2381,0.2422,4539344.68
2025-08-02 02:00:00+00:00,0.2422,0.2422,0.2401,0.2409,2507232.54
2025-08-02 03:00:00+00:00,0.2409,0.2419,0.2395,0.2403,2741109.88
2025-08-02 04:00:00+00:00,0.2403,0.2449,0.2393,0.2443,5019941.56
2025-08-02 05:00:00+00:00,0.2443,0.2444,0.2418,0.2428,3981366.2
2025-08-02 06:00:00+00:00,0.2428,0.2429,0.2363,0.2382,8292443.08
2025-08-02 07:00:00+00:00,0.2382,0.2417,0.2363,0.2412,6065492.9
2025-08-02 08:00:00+00:00,0.2412,0.2413,0.2373,0.2375,4944951.0
2025-08-02 09:00:00+00:00,0.2375,0.2384,0.2358,0.2369,4298819.52
2025-08-02 10:00:00+00:00,0.2369,0.2373,0.235,0.2371,3867195.71
2025-08-02 11:00:00+00:00,0.2371,0.2394,0.2357,0.2374,4414566.31
2025-08-02 12:00:00+00:00,0.2374,0.2377,0.2355,0.2369,2750363.59
2025-08-02 13:00:00+00:00,0.2369,0.2374,0.2352,0.2366,3616704.84
2025-08-02 14:00:00+00:00,0.2366,0.2367,0.2316,0.2326,8710587.16
2025-08-02 15:00:00+00:00,0.2326,0.2355,0.2293,0.2298,7527802.85
2025-08-02 16:00:00+00:00,0.2298,0.2323,0.228,0.2318,8696966.44
2025-08-02 17:00:00+00:00,0.2318,0.2342,0.2281,0.229,8478861.01
2025-08-02 18:00:00+00:00,0.229,0.2306,0.2258,0.2266,8750796.77
2025-08-02 19:00:00+00:00,0.2266,0.2308,0.2256,0.2281,7453366.39
2025-08-02 20:00:00+00:00,0.2281,0.2306,0.228,0.2306,4007585.76
2025-08-02 21:00:00+00:00,0.2306,0.2323,0.229,0.2308,3486149.49
2025-08-02 22:00:00+00:00,0.2308,0.2328,0.2288,0.232,4496277.4
2025-08-02 23:00:00+00:00,0.232,0.2323,0.228,0.2301,6043638.64
2025-08-03 00:00:00+00:00,0.2301,0.2318,0.2269,0.2316,7522940.2
2025-08-03 01:00:00+00:00,0.2316,0.2323,0.2298,0.2314,3950771.14
2025-08-03 02:00:00+00:00,0.2314,0.234,0.2313,0.2339,4990896.18
2025-08-03 03:00:00+00:00,0.2339,0.2343,0.2323,0.2339,3315820.62
2025-08-03 04:00:00+00:00,0.2339,0.2346,0.2328,0.2344,2174441.83
2025-08-03 05:00:00+00:00,0.2344,0.2356,0.2338,0.235,2621407.68
2025-08-03 06:00:00+00:00,0.235,0.2367,0.2344,0.2367,3262048.78
2025-08-03 07:00:00+00:00,0.2367,0.2396,0.2367,0.2386,4585061.02
2025-08-03 08:00:00+00:00,0.2386,0.2415,0.2385,0.2407,5626107.75
2025-08-03 09:00:00+00:00,0.2407,0.2408,0.2382,0.2395,2992866.07
2025-08-03 10:00:00+00:00,0.2395,0.2418,0.2392,0.2416,2839527.13
2025-08-03 11:00:00+00:00,0.2416,0.2479,0.2413,0.2459,11361660.69
2025-08-03 12:00:00+00:00,0.2459,0.2463,0.2435,0.2453,7412826.63
2025-08-03 13:00:00+00:00,0.2453,0.2454,0.2416,0.2424,5421446.11
2025-08-03 14:00:00+00:00,0.2424,0.2461,0.241,0.2459,5153900.58
2025-08-03 15:00:00+00:00,0.2459,0.2482,0.2447,0.2481,7435073.56
2025-08-03 16:00:00+00:00,0.2481,0.2499,0.2449,0.2492,5932590.73
2025-08-03 17:00:00+00:00,0.2492,0.2505,0.2476,0.249,4916306.37
2025-08-03 18:00:00+00:00,0.249,0.2492,0.2463,0.247,3811362.43
2025-08-03 19:00:00+00:00,0.247,0.2486,0.2466,0.2482,4391311.37
2025-08-03 20:00:00+00:00,0.2482,0.2483,0.2458,0.2473,4099697.7
2025-08-03 21:00:00+00:00,0.2473,0.2494,0.2463,0.2486,2992550.09
2025-08-03 22:00:00+00:00,0.2486,0.2493,0.2462,0.2482,2521156.35
2025-08-03 23:00:00+00:00,0.2482,0.2511,0.248,0.2486,5696764.81
2025-08-04 00:00:00+00:00,0.2486,0.2536,0.2469,0.2526,9020251.82
2025-08-04 01:00:00+00:00,0.2526,0.2531,0.2488,0.2491,6691932.2
2025-08-04 02:00:00+00:00,0.2491,0.2519,0.2481,0.2517,5594487.03
2025-08-04 03:00:00+00:00,0.2517,0.2524,0.25,0.2508,2609274.02
2025-08-04 04:00:00+00:00,0.2508,0.2521,0.2485,0.249,3148989.13
2025-08-04 05:00:00+00:00,0.249,0.25,0.247,0.2499,3171986.57
2025-08-04 06:00:00+00:00,0.2499,0.2499,0.2471,0.249,3397649.99
2025-08-04 07:00:00+00:00,0.249,0.2514,0.2465,0.2485,8012800.42
2025-08-04 08:00:00+00:00,0.2485,0.2521,0.2483,0.2493,7857125.33
2025-08-04 09:00:00+00:00,0.2493,0.25,0.2476,0.2478,3822928.06
2025-08-04 10:00:00+00:00,0.2478,0.2486,0.2471,0.2477,3689247.25
2025-08-04 11:00:00+00:00,0.2477,0.2483,0.2455,0.2462,4962037.21
2025-08-04 12:00:00+00:00,0.2462,0.2474,0.2455,0.2465,4240965.56
2025-08-04 13:00:00+00:00,0.2465,0.2526,0.2457,0.2516,11730512.93
2025-08-04 14:00:00+00:00,0.2516,0.2562,0.2494,0.2503,16607007.99
2025-08-04 15:00:00+00:00,0.2503,0.2526,0.2483,0.2499,6076525.85
2025-08-04 16:00:00+00:00,0.2499,0.2528,0.2498,0.2525,5549696.11
2025-08-04 17:00:00+00:00,0.2525,0.2551,0.251,0.2528,7313569.86
2025-08-04 18:00:00+00:00,0.2528,0.2543,0.2506,0.2507,4399863.68
2025-08-04 19:00:00+00:00,0.2507,0.2511,0.2483,0.2492,4028624.08
2025-08-04 20:00:00+00:00,0.2492,0.2516,0.2485,0.2509,3798653.03
2025-08-04 21:00:00+00:00,0.2509,0.2531,0.2505,0.2523,7171155.87
2025-08-04 22:00:00+00:00,0.2523,0.2539,0.2517,0.253,3484013.89
2025-08-04 23:00:00+00:00,0.253,0.253,0.2502,0.2509,3211270.58
2025-08-05 00:00:00+00:00,0.2509,0.2513,0.2492,0.2496,3249502.23
2025-08-05 01:00:00+00:00,0.2496,0.2513,0.2477,0.2479,4578904.23
2025-08-05 02:00:00+00:00,0.2479,0.2487,0.2469,0.2485,3240435.6
2025-08-05 03:00:00+00:00,0.2485,0.2485,0.2444,0.2449,4893031.58
2025-08-05 04:00:00+00:00,0.2449,0.2459,0.2434,0.2442,3360885.74
2025-08-05 05:00:00+00:00,0.2442,0.2454,0.2435,0.245,3488157.41
2025-08-05 06:00:00+00:00,0.245,0.2462,0.2438,0.2441,2517223.76
2025-08-05 07:00:00+00:00,0.2441,0.2455,0.2412,0.2423,6145916.53
2025-08-05 08:00:00+00:00,0.2423,0.2438,0.2415,0.2437,2986427.38
2025-08-05 09:00:00+00:00,0.2437,0.2471,0.2437,0.2468,4125558.88
2025-08-05 10:00:00+00:00,0.2468,0.2527,0.2462,0.2497,7364114.1
2025-08-05 11:00:00+00:00,0.2497,0.2506,0.2487,0.2491,3441083.65
2025-08-05 12:00:00+00:00,0.2491,0.2494,0.2459,0.247,6142965.85
2025-08-05 13:00:00+00:00,0.247,0.2483,0.2462,0.2474,3746813.62
2025-08-05 14:00:00+00:00,0.2474,0.2476,0.2403,0.2416,10866412.54
2025-08-05 15:00:00+00:00,0.2416,0.2439,0.2377,0.2388,8818813.29
2025-08-05 16:00:00+00:00,0.2388,0.2415,0.2382,0.2394,4670728.89
2025-08-05 17:00:00+00:00,0.2394,0.2416,0.2392,0.2415,3049295.0
2025-08-05 18:00:00+00:00,0.2415,0.2417,0.2387,0.2403,2868788.29
2025-08-05 19:00:00+00:00,0.2403,0.2411,0.2378,0.2389,3092477.86
2025-08-05 20:00:00+00:00,0.2389,0.2403,0.2373,0.2377,4166253.69
2025-08-05 21:00:00+00:00,0.2377,0.2388,0.236,0.237,2268558.6
2025-08-05 22:00:00+00:00,0.237,0.2382,0.2355,0.2381,4044204.8
2025-08-05 23:00:00+00:00,0.2381,0.24,0.238,0.2393,2848277.63
2025-08-06 00:00:00+00:00,0.2393,0.2394,0.2353,0.2356,3260976.31
2025-08-06 01:00:00+00:00,0.2356,0.2365,0.2347,0.2356,4550323.02
2025-08-06 02:00:00+00:00,0.2356,0.236,0.234,0.2352,1847643.94
2025-08-06 03:00:00+00:00,0.2352,0.2353,0.2339,0.234,2576322.09
2025-08-06 04:00:00+00:00,0.234,0.2346,0.2333,0.2342,1981212.01
2025-08-06 05:00:00+00:00,0.2342,0.2413,0.2336,0.2393,6921290.43
2025-08-06 06:00:00+00:00,0.2393,0.2421,0.2377,0.2419,3481896.09
2025-08-06 07:00:00+00:00,0.2419,0.244,0.2414,0.2439,4113790.38
2025-08-06 08:00:00+00:00,0.2439,0.2449,0.2417,0.2434,5061072.23
2025-08-06 09:00:00+00:00,0.2434,0.2477,0.2424,0.2463,6679510.02
2025-08-06 10:00:00+00:00,0.2463,0.2469,0.2419,0.2423,5425849.15
2025-08-06 11:00:00+00:00,0.2423,0.2436,0.2405,0.2409,2891716.06
2025-08-06 12:00:00+00:00,0.2409,0.2415,0.2376,0.2378,4546384.95
2025-08-06 13:00:00+00:00,0.2378,0.2406,0.2374,0.2397,4647949.84
2025-08-06 14:00:00+00:00,0.2397,0.2437,0.238,0.2437,7022280.35
2025-08-06 15:00:00+00:00,0.2437,0.2468,0.2419,0.2462,7090025.92
2025-08-06 16:00:00+00:00,0.2462,0.2469,0.2444,0.245,4887678.5
2025-08-06 17:00:00+00:00,0.245,0.2485,0.245,0.2482,5298142.75
2025-08-06 18:00:00+00:00,0.2482,0.2498,0.2456,0.2461,4733817.98
2025-08-06 19:00:00+00:00,0.2461,0.2469,0.2438,0.2448,3987690.03
2025-08-06 20:00:00+00:00,0.2448,0.2453,0.2438,0.244,3533315.91
2025-08-06 21:00:00+00:00,0.244,0.2455,0.2435,0.245,1933414.88
2025-08-06 22:00:00+00:00,0.245,0.2466,0.2445,0.2461,3144113.94
2025-08-06 23:00:00+00:00,0.2461,0.2462,0.2444,0.2446,1932373.23
2025-08-07 00:00:00+00:00,0.2446,0.2457,0.2435,0.2445,1291703.7
2025-08-07 01:00:00+00:00,0.2445,0.2478,0.2441,0.2446,3240292.07
2025-08-07 02:00:00+00:00,0.2446,0.2449,0.2428,0.2433,2241138.58
2025-08-07 03:00:00+00:00,0.2433,0.2438,0.2418,0.2419,1686321.35
2025-08-07 04:00:00+00:00,0.2419,0.2436,0.2416,0.2423,1621100.3
2025-08-07 05:00:00+00:00,0.2423,0.2458,0.2418,0.2457,1836335.65
2025-08-07 06:00:00+00:00,0.2457,0.2473,0.2444,0.245,8410016.51
2025-08-07 07:00:00+00:00,0.245,0.246,0.2443,0.2446,2977437.28
2025-08-07 08:00:00+00:00,0.2446,0.247,0.2446,0.2457,2244170.66
2025-08-07 09:00:00+00:00,0.2457,0.2477,0.2452,0.2477,2364630.38
2025-08-07 10:00:00+00:00,0.2477,0.2528,0.2473,0.2522,10740213.83
2025-08-07 11:00:00+00:00,0.2522,0.2549,0.2522,0.2538,5927993.17
2025-08-07 12:00:00+00:00,0.2538,0.255,0.2512,0.253,5705830.4
2025-08-07 13:00:00+00:00,0.253,0.2547,0.2525,0.253,4062254.9
2025-08-07 14:00:00+00:00,0.253,0.2532,0.2506,0.2509,4574726.51
2025-08-07 15:00:00+00:00,0.2509,0.2527,0.25,0.2527,3103338.85
2025-08-07 16:00:00+00:00,0.2527,0.2535,0.2467,0.2499,6595556.33
2025-08-07 17:00:00+00:00,0.2499,0.251,0.2489,0.2506,3696509.91
2025-08-07 18:00:00+00:00,0.2506,0.2506,0.2479,0.2494,3624190.53
2025-08-07 19:00:00+00:00,0.2494,0.2544,0.2489,0.2544,6147481.74
2025-08-07 20:00:00+00:00,0.2544,0.2554,0.2532,0.2541,6004244.37
2025-08-07 21:00:00+00:00,0.2541,0.2586,0.2537,0.2566,7616443.28
2025-08-07 22:00:00+00:00,0.2566,0.2606,0.2557,0.2599,8231043.17
2025-08-07 23:00:00+00:00,0.2599,0.2609,0.2577,0.2599,5966190.25
2025-08-08 00:00:00+00:00,0.2599,0.2647,0.2581,0.2619,18616886.66
2025-08-08 01:00:00+00:00,0.2619,0.2624,0.2598,0.2623,14454176.18
2025-08-08 02:00:00+00:00,0.2623,0.2651,0.2621,0.2625,6749450.91
2025-08-08 03:00:00+00:00,0.2625,0.2661,0.2621,0.2641,6414895.39
2025-08-08 04:00:00+00:00,0.2641,0.2652,0.2622,0.2625,5774857.28
2025-08-08 05:00:00+00:00,0.2625,0.263,0.2607,0.2609,4314446.86
2025-08-08 06:00:00+00:00,0.2609,0.2652,0.2609,0.2649,4014228.31
2025-08-08 07:00:00+00:00,0.2649,0.2656,0.2627,0.2638,4496895.14
2025-08-08 08:00:00+00:00,0.2638,0.2664,0.2626,0.265,5549175.5
2025-08-08 09:00:00+00:00,0.265,0.2655,0.2618,0.2638,4406831.33
2025-08-08 10:00:00+00:00,0.2638,0.2643,0.2627,0.2627,3539002.94
2025-08-08 11:00:00+00:00,0.2627,0.2639,0.2621,0.2632,3216173.43
2025-08-08 12:00:00+00:00,0.2632,0.2634,0.2597,0.2604,5752694.5
2025-08-08 13:00:00+00:00,0.2604,0.2659,0.2599,0.2659,5582880.07
2025-08-08 14:00:00+00:00,0.2659,0.268,0.2601,0.2611,9823416.14
2025-08-08 15:00:00+00:00,0.2611,0.2613,0.2552,0.2567,10268751.06
2025-08-08 16:00:00+00:00,0.2567,0.2585,0.2548,0.2572,8787566.52
2025-08-08 17:00:00+00:00,0.2572,0.2635,0.2572,0.2635,5743534.55
2025-08-08 18:00:00+00:00,0.2635,0.2642,0.2611,0.2622,5538094.37
2025-08-08 19:00:00+00:00,0.2622,0.2637,0.2615,0.2636,3707342.47
2025-08-08 20:00:00+00:00,0.2636,0.2639,0.2611,0.2635,3191425.97
2025-08-08 21:00:00+00:00,0.2635,0.2636,0.2617,0.2629,1780310.6
2025-08-08 22:00:00+00:00,0.2629,0.2634,0.2615,0.2626,2520622.11
2025-08-08 23:00:00+00:00,0.2626,0.2633,0.2617,0.2618,1649043.97
2025-08-09 00:00:00+00:00,0.2618,0.2624,0.2609,0.2619,2205364.8
2025-08-09 01:00:00+00:00,0.2619,0.2647,0.2609,0.2637,3354409.89
2025-08-09 02:00:00+00:00,0.2637,0.264,0.2627,0.2635,2285803.64
2025-08-09 03:00:00+00:00,0.2635,0.2639,0.2613,0.2613,2490764.61
2025-08-09 04:00:00+00:00,0.2613,0.2639,0.2611,0.2636,2993911.78
2025-08-09 05:00:00+00:00,0.2636,0.2698,0.2633,0.2677,9645865.47
2025-08-09 06:00:00+00:00,0.2677,0.2679,0.2649,0.2656,4739410.18
2025-08-09 07:00:00+00:00,0.2656,0.2672,0.2653,0.2666,2424301.49
2025-08-09 08:00:00+00:00,0.2666,0.2688,0.2664,0.2674,3164526.35
2025-08-09 09:00:00+00:00,0.2674,0.269,0.2666,0.2675,3509374.32
2025-08-09 10:00:00+00:00,0.2675,0.2691,0.2669,0.2678,3757545.24
2025-08-09 11:00:00+00:00,0.2678,0.2688,0.2649,0.2651,4297257.68
2025-08-09 12:00:00+00:00,0.2651,0.2691,0.2646,0.2691,4336750.83
2025-08-09 13:00:00+00:00,0.2691,0.2695,0.2621,0.2621,5874155.24
2025-08-09 14:00:00+00:00,0.2621,0.2645,0.2607,0.2644,4249568.79
2025-08-09 15:00:00+00:00,0.2644,0.265,0.2617,0.263,3417026.02
2025-08-09 16:00:00+00:00,0.263,0.2649,0.2628,0.2629,3503866.22
2025-08-09 17:00:00+00:00,0.2629,0.267,0.2626,0.2649,3202136.11
2025-08-09 18:00:00+00:00,0.2649,0.2665,0.2641,0.2662,2488434.6
2025-08-09 19:00:00+00:00,0.2662,0.2682,0.2656,0.2659,3693405.39
2025-08-09 20:00:00+00:00,0.2659,0.2679,0.2646,0.2666,4151383.3
2025-08-09 21:00:00+00:00,0.2666,0.2667,0.263,0.2639,2927303.61
2025-08-09 22:00:00+00:00,0.2639,0.2676,0.2634,0.2668,9079528.61
2025-08-09 23:00:00+00:00,0.2668,0.2673,0.2649,0.2661,4181880.37
2025-08-10 00:00:00+00:00,0.2661,0.2684,0.2658,0.2681,3846970.37
2025-08-10 01:00:00+00:00,0.2681,0.2688,0.2653,0.2672,4592824.72
2025-08-10 02:00:00+00:00,0.2672,0.2677,0.2649,0.265,3240991.58
2025-08-10 03:00:00+00:00,0.265,0.2685,0.2639,0.2681,4834135.24
2025-08-10 04:00:00+00:00,0.2681,0.2719,0.2673,0.2708,5353711.88
2025-08-10 05:00:00+00:00,0.2708,0.2708,0.2645,0.2646,5771107.66
2025-08-10 06:00:00+00:00,0.2646,0.2647,0.261,0.2621,4579407.9
2025-08-10 07:00:00+00:00,0.2621,0.2634,0.2571,0.2573,7336054.47
2025-08-10 08:00:00+00:00,0.2573,0.2595,0.2547,0.259,6378965.52
2025-08-10 09:00:00+00:00,0.259,0.2598,0.2577,0.2581,2114517.35
2025-08-10 10:00:00+00:00,0.2581,0.2587,0.2551,0.256,3072111.23
2025-08-10 11:00:00+00:00,0.256,0.2576,0.2553,0.256,2259639.0
2025-08-10 12:00:00+00:00,0.256,0.258,0.2556,0.2579,2318041.66
2025-08-10 13:00:00+00:00,0.2579,0.2592,0.2562,0.2565,3120125.68
2025-08-10 14:00:00+00:00,0.2565,0.2602,0.2556,0.2598,3697237.19
2025-08-10 15:00:00+00:00,0.2598,0.2606,0.2586,0.2593,3572024.55
2025-08-10 16:00:00+00:00,0.2593,0.2605,0.2588,0.2595,1831007.09
2025-08-10 17:00:00+00:00,0.2595,0.2598,0.2579,0.259,1452749.35
2025-08-10 18:00:00+00:00,0.259,0.2608,0.259,0.2607,1760398.83
2025-08-10 19:00:00+00:00,0.2607,0.2612,0.2598,0.26,2003215.64
2025-08-10 20:00:00+00:00,0.26,0.2602,0.2578,0.2582,3487902.66
2025-08-10 21:00:00+00:00,0.2582,0.2582,0.2552,0.2578,2428895.92
2025-08-10 22:00:00+00:00,0.2578,0.2582,0.2563,0.2579,2046899.23
2025-08-10 23:00:00+00:00,0.2579,0.2595,0.257,0.2593,1457708.69
2025-08-11 00:00:00+00:00,0.2593,0.2605,0.2577,0.2588,2414397.1
2025-08-11 01:00:00+00:00,0.2588,0.2638,0.2585,0.2635,3188423.14
2025-08-11 02:00:00+00:00,0.2635,0.27,0.2634,0.2689,7889071.62
2025-08-11 03:00:00+00:00,0.2689,0.2691,0.2654,0.266,5050329.58
2025-08-11 04:00:00+00:00,0.266,0.2679,0.2654,0.2654,3025461.09
2025-08-11 05:00:00+00:00,0.2654,0.267,0.2652,0.2659,2598750.71
2025-08-11 06:00:00+00:00,0.2659,0.2668,0.2649,0.2668,2593143.7
2025-08-11 07:00:00+00:00,0.2668,0.2673,0.261,0.2615,3981484.94
2025-08-11 08:00:00+00:00,0.2615,0.2648,0.2602,0.2631,3989583.35
2025-08-11 09:00:00+00:00,0.2631,0.2643,0.2612,0.2617,2480784.56
2025-08-11 10:00:00+00:00,0.2617,0.2617,0.259,0.2595,3514721.22
2025-08-11 11:00:00+00:00,0.2595,0.2598,0.252,0.2527,8854751.38
2025-08-11 12:00:00+00:00,0.2527,0.2546,0.2514,0.2535,6674230.71
2025-08-11 13:00:00+00:00,0.2535,0.2559,0.2504,0.2552,9863654.05
2025-08-11 14:00:00+00:00,0.2552,0.2565,0.2534,0.2538,4561496.57
2025-08-11 15:00:00+00:00,0.2538,0.2541,0.2517,0.2539,3826879.6
2025-08-11 16:00:00+00:00,0.2539,0.2561,0.2513,0.2525,5186734.86
2025-08-11 17:00:00+00:00,0.2525,0.2538,0.2508,0.252,3589956.65
2025-08-11 18:00:00+00:00,0.252,0.2521,0.2496,0.2515,4965937.08
2025-08-11 19:00:00+00:00,0.2515,0.2517,0.2473,0.2475,5869045.42
2025-08-11 20:00:00+00:00,0.2475,0.2482,0.2455,0.2477,9407984.05
2025-08-11 21:00:00+00:00,0.2477,0.2494,0.2442,0.2458,5069691.69
2025-08-11 22:00:00+00:00,0.2458,0.2462,0.2434,0.2461,4108144.93
2025-08-11 23:00:00+00:00,0.2461,0.2474,0.2458,0.2466,2039430.64
2025-08-12 00:00:00+00:00,0.2466,0.25,0.2463,0.2493,3579736.15
2025-08-12 01:00:00+00:00,0.2493,0.2503,0.2484,0.2501,2524335.86
2025-08-12 02:00:00+00:00,0.2501,0.2511,0.2495,0.2496,3110502.65
2025-08-12 03:00:00+00:00,0.2496,0.2496,0.2479,0.2486,1734666.29
2025-08-12 04:00:00+00:00,0.2486,0.2502,0.2481,0.2494,2231788.92
2025-08-12 05:00:00+00:00,0.2494,0.2494,0.2465,0.2468,3433854.13
2025-08-12 06:00:00+00:00,0.2468,0.2478,0.2449,0.2466,3558829.57
2025-08-12 07:00:00+00:00,0.2466,0.249,0.2466,0.2489,2499916.21
2025-08-12 08:00:00+00:00,0.2489,0.2493,0.2469,0.2477,1881284.55
2025-08-12 09:00:00+00:00,0.2477,0.2478,0.2457,0.2462,2831567.3
2025-08-12 10:00:00+00:00,0.2462,0.2475,0.2452,0.2462,3597025.18
2025-08-12 11:00:00+00:00,0.2462,0.2471,0.2447,0.2467,2285186.97
2025-08-12 12:00:00+00:00,0.2467,0.2526,0.2462,0.2517,8580387.49
2025-08-12 13:00:00+00:00,0.2517,0.2528,0.2495,0.2512,6509946.86
2025-08-12 14:00:00+00:00,0.2512,0.2546,0.2507,0.2545,4586117.11
2025-08-12 15:00:00+00:00,0.2545,0.2562,0.254,0.2562,5797002.77
2025-08-12 16:00:00+00:00,0.2562,0.2564,0.2539,0.2562,4660774.11
2025-08-12 17:00:00+00:00,0.2562,0.2584,0.2557,0.2573,4738096.32
2025-08-12 18:00:00+00:00,0.2573,0.2604,0.2571,0.2589,5849315.65
2025-08-12 19:00:00+00:00,0.2589,0.2617,0.2585,0.2616,3688164.77
2025-08-12 20:00:00+00:00,0.2616,0.2641,0.2607,0.2635,7300707.06
2025-08-12 21:00:00+00:00,0.2635,0.2635,0.2605,0.2608,5222752.18
2025-08-12 22:00:00+00:00,0.2608,0.262,0.2595,0.2619,4270532.44
2025-08-12 23:00:00+00:00,0.2619,0.2622,0.2601,0.261,2976613.46
2025-08-13 00:00:00+00:00,0.261,0.2611,0.2589,0.2591,4408012.12
2025-08-13 01:00:00+00:00,0.2591,0.2592,0.2568,0.2578,4372937.56
2025-08-13 02:00:00+00:00,0.2578,0.2609,0.256,0.2609,4267642.79
2025-08-13 03:00:00+00:00,0.2609,0.2628,0.2591,0.2618,5116120.7
2025-08-13 04:00:00+00:00,0.2618,0.2636,0.2613,0.2627,3989526.65
2025-08-13 05:00:00+00:00,0.2627,0.2629,0.2586,0.2591,4377826.27
2025-08-13 06:00:00+00:00,0.2591,0.2603,0.2581,0.2594,2456592.09
2025-08-13 07:00:00+00:00,0.2594,0.2631,0.2594,0.263,3432870.05
2025-08-13 08:00:00+00:00,0.263,0.2669,0.2629,0.2654,8796722.39
2025-08-13 09:00:00+00:00,0.2654,0.2669,0.2642,0.2661,8954112.96
2025-08-13 10:00:00+00:00,0.2661,0.2675,0.2654,0.2665,4537224.95
2025-08-13 11:00:00+00:00,0.2665,0.2669,0.2644,0.2645,4709993.07
2025-08-13 12:00:00+00:00,0.2645,0.2662,0.2629,0.2631,4586674.22
2025-08-13 13:00:00+00:00,0.2631,0.2676,0.2619,0.265,10643450.75
2025-08-13 14:00:00+00:00,0.265,0.2659,0.26,0.261,10222103.1
2025-08-13 15:00:00+00:00,0.261,0.2632,0.2599,0.2626,6001495.57
2025-08-13 16:00:00+00:00,0.2626,0.2649,0.2618,0.2637,5026275.14
2025-08-13 17:00:00+00:00,0.2637,0.2646,0.2628,0.2638,3712377.42
2025-08-13 18:00:00+00:00,0.2638,0.2646,0.2617,0.2631,2990705.74
2025-08-13 19:00:00+00:00,0.2631,0.265,0.2625,0.2648,3124221.5
2025-08-13 20:00:00+00:00,0.2648,0.2649,0.2627,0.2637,2706975.88
2025-08-13 21:00:00+00:00,0.2637,0.2648,0.2622,0.2633,2727167.05
2025-08-13 22:00:00+00:00,0.2633,0.267,0.2627,0.2657,4890632.72
2025-08-13 23:00:00+00:00,0.2657,0.2676,0.2657,0.266,4344877.47
2025-08-14 00:00:00+00:00,0.266,0.2688,0.2658,0.2676,5149408.41
2025-08-14 01:00:00+00:00,0.2676,0.2722,0.2655,0.2709,8075908.4
2025-08-14 02:00:00+00:00,0.2709,0.2752,0.2701,0.2752,6819985.71
2025-08-14 03:00:00+00:00,0.2752,0.2762,0.2731,0.2732,9485097.55
2025-08-14 04:00:00+00:00,0.2732,0.2748,0.271,0.2711,5916206.56
2025-08-14 05:00:00+00:00,0.2711,0.2724,0.2681,0.2685,6080469.1
2025-08-14 06:00:00+00:00,0.2685,0.2716,0.2652,0.2705,8791802.07
2025-08-14 07:00:00+00:00,0.2705,0.2708,0.268,0.2703,5347574.32
2025-08-14 08:00:00+00:00,0.2703,0.2704,0.2671,0.2679,7880485.75
2025-08-14 09:00:00+00:00,0.2679,0.2696,0.2662,0.2686,5605484.1
2025-08-14 10:00:00+00:00,0.2686,0.2686,0.262,0.2636,7984739.04
2025-08-14 11:00:00+00:00,0.2636,0.2641,0.2618,0.2623,4884075.2
2025-08-14 12:00:00+00:00,0.2623,0.2642,0.2502,0.2512,32496052.97
2025-08-14 13:00:00+00:00,0.2512,0.2549,0.2475,0.2529,19180214.11
2025-08-14 14:00:00+00:00,0.2529,0.2553,0.2515,0.2542,7216155.9
2025-08-14 15:00:00+00:00,0.2542,0.2548,0.2508,0.2522,6759190.22
2025-08-14 16:00:00+00:00,0.2522,0.2522,0.2478,0.2486,9169605.55
2025-08-14 17:00:00+00:00,0.2486,0.2501,0.247,0.2493,5528620.63
2025-08-14 18:00:00+00:00,0.2493,0.2498,0.2456,0.2491,5068405.77
2025-08-14 19:00:00+00:00,0.2491,0.2509,0.2484,0.2485,3096346.88
2025-08-14 20:00:00+00:00,0.2485,0.2496,0.2472,0.2496,3485250.8
2025-08-14 21:00:00+00:00,0.2496,0.2496,0.244,0.2469,5262604.42
2025-08-14 22:00:00+00:00,0.2469,0.2497,0.2454,0.2487,3417958.86
2025-08-14 23:00:00+00:00,0.2487,0.2501,0.2481,0.2487,2826535.98
2025-08-15 00:00:00+00:00,0.2487,0.2508,0.2479,0.2489,3881408.4
2025-08-15 01:00:00+00:00,0.2489,0.251,0.2478,0.2501,2536317.38
2025-08-15 02:00:00+00:00,0.2501,0.2513,0.2495,0.2504,2654949.98
2025-08-15 03:00:00+00:00,0.2504,0.2543,0.2498,0.2542,2832958.02
2025-08-15 04:00:00+00:00,0.2542,0.2543,0.2517,0.2518,2998039.81
2025-08-15 05:00:00+00:00,0.2518,0.253,0.2507,0.253,2015915.69
2025-08-15 06:00:00+00:00,0.253,0.2568,0.2529,0.2555,4167580.78
2025-08-15 07:00:00+00:00,0.2555,0.256,0.2538,0.2552,2917649.67
2025-08-15 08:00:00+00:00,0.2552,0.2585,0.2552,0.2563,4275021.71
2025-08-15 09:00:00+00:00,0.2563,0.257,0.2525,0.2533,3273586.69
2025-08-15 10:00:00+00:00,0.2533,0.2549,0.2525,0.2532,2365901.25
2025-08-15 11:00:00+00:00,0.2532,0.2543,0.2522,0.2529,2255068.02
2025-08-15 12:00:00+00:00,0.2529,0.2558,0.2511,0.2533,6905364.0
2025-08-15 13:00:00+00:00,0.2533,0.2542,0.2498,0.2506,6949118.0
2025-08-15 14:00:00+00:00,0.2506,0.2519,0.2467,0.2473,7387292.25
2025-08-15 15:00:00+00:00,0.2473,0.2475,0.2423,0.2436,12527130.26
2025-08-15 16:00:00+00:00,0.2436,0.2454,0.2405,0.2443,12947511.7
2025-08-15 17:00:00+00:00,0.2443,0.2461,0.2419,0.2456,6798279.83
2025-08-15 18:00:00+00:00,0.2456,0.2462,0.243,0.2437,5543483.56
2025-08-15 19:00:00+00:00,0.2437,0.2457,0.2427,0.2443,4717160.77
2025-08-15 20:00:00+00:00,0.2443,0.2462,0.2433,0.2461,3087063.33
2025-08-15 21:00:00+00:00,0.2461,0.2471,0.2446,0.2467,3543156.19
2025-08-15 22:00:00+00:00,0.2467,0.2509,0.2464,0.2508,4059301.51
2025-08-15 23:00:00+00:00,0.2508,0.2514,0.2466,0.2475,5751222.83
2025-08-16 00:00:00+00:00,0.2475,0.2506,0.2472,0.2506,3059778.21
2025-08-16 01:00:00+00:00,0.2506,0.2507,0.2492,0.2505,2040800.8
2025-08-16 02:00:00+00:00,0.2505,0.2509,0.2497,0.2506,2055277.8
2025-08-16 03:00:00+00:00,0.2506,0.255,0.2496,0.2504,9663904.34
2025-08-16 04:00:00+00:00,0.2504,0.251,0.2497,0.2505,1787611.31
2025-08-16 05:00:00+00:00,0.2505,0.2505,0.2478,0.2479,2418074.64
2025-08-16 06:00:00+00:00,0.2479,0.249,0.2478,0.2481,1747076.28
2025-08-16 07:00:00+00:00,0.2481,0.2505,0.2481,0.25,2190382.36
2025-08-16 08:00:00+00:00,0.25,0.2506,0.2494,0.2499,1482676.74
2025-08-16 09:00:00+00:00,0.2499,0.2522,0.2494,0.2494,3329550.27
2025-08-16 10:00:00+00:00,0.2494,0.2505,0.2482,0.2489,3045355.09
2025-08-16 11:00:00+00:00,0.2489,0.2504,0.2481,0.2481,1592403.5
2025-08-16 12:00:00+00:00,0.2481,0.2495,0.2472,0.2493,3282508.74
2025-08-16 13:00:00+00:00,0.2493,0.2518,0.2491,0.2494,3132077.43
2025-08-16 14:00:00+00:00,0.2494,0.252,0.2488,0.2517,3014444.39
2025-08-16 15:00:00+00:00,0.2517,0.2521,0.2498,0.2502,2320562.39
2025-08-16 16:00:00+00:00,0.2502,0.2513,0.2499,0.2509,1695423.39
2025-08-16 17:00:00+00:00,0.2509,0.2509,0.249,0.2496,1846943.62
2025-08-16 18:00:00+00:00,0.2496,0.2511,0.249,0.2505,1616892.24
2025-08-16 19:00:00+00:00,0.2505,0.2517,0.2503,0.2511,1654751.16
2025-08-16 20:00:00+00:00,0.2511,0.2523,0.2506,0.252,1557824.07
2025-08-16 21:00:00+00:00,0.252,0.252,0.2507,0.2509,1073939.3
2025-08-16 22:00:00+00:00,0.2509,0.2525,0.2504,0.252,1378302.7
2025-08-16 23:00:00+00:00,0.252,0.2524,0.251,0.2523,974851.81
2025-08-17 00:00:00+00:00,0.2523,0.2523,0.2513,0.2513,1017293.27
2025-08-17 01:00:00+00:00,0.2513,0.252,0.2504,0.2513,1388833.32
2025-08-17 02:00:00+00:00,0.2513,0.2535,0.2507,0.2535,2634588.02
2025-08-17 03:00:00+00:00,0.2535,0.254,0.2527,0.2535,1279601.88
2025-08-17 04:00:00+00:00,0.2535,0.2555,0.2535,0.2554,2710643.74
2025-08-17 05:00:00+00:00,0.2554,0.2561,0.2546,0.2546,2617700.37
2025-08-17 06:00:00+00:00,0.2546,0.2549,0.2532,0.2533,1393119.25
2025-08-17 07:00:00+00:00,0.2533,0.2545,0.2531,0.2544,1075642.11
2025-08-17 08:00:00+00:00,0.2544,0.2569,0.254,0.2569,3171315.76
2025-08-17 09:00:00+00:00,0.2569,0.257,0.255,0.2567,2623856.14
2025-08-17 10:00:00+00:00,0.2567,0.2572,0.2553,0.2563,1951768.39
2025-08-17 11:00:00+00:00,0.2563,0.2568,0.2553,0.2566,1638201.65
2025-08-17 12:00:00+00:00,0.2566,0.257,0.2548,0.255,1670331.65
2025-08-17 13:00:00+00:00,0.255,0.2568,0.2542,0.2562,3345940.95
2025-08-17 14:00:00+00:00,0.2562,0.2571,0.2551,0.2566,2163757.37
2025-08-17 15:00:00+00:00,0.2566,0.2588,0.255,0.2588,4300160.93
2025-08-17 16:00:00+00:00,0.2588,0.2604,0.2554,0.2561,6026786.71
2025-08-17 17:00:00+00:00,0.2561,0.2565,0.2551,0.2553,1797398.28
2025-08-17 18:00:00+00:00,0.2553,0.2556,0.2511,0.2531,4399156.62
2025-08-17 19:00:00+00:00,0.2531,0.2535,0.2514,0.2517,3449579.25
2025-08-17 20:00:00+00:00,0.2517,0.253,0.2515,0.2518,1400451.58
2025-08-17 21:00:00+00:00,0.2518,0.2524,0.2513,0.2519,1237094.47
2025-08-17 22:00:00+00:00,0.2519,0.2553,0.2517,0.2546,2683431.77
2025-08-17 23:00:00+00:00,0.2546,0.2548,0.252,0.2521,2109825.84
2025-08-18 00:00:00+00:00,0.2521,0.2529,0.2506,0.2518,3136248.86
2025-08-18 01:00:00+00:00,0.2518,0.2521,0.2474,0.2479,6654009.41
2025-08-18 02:00:00+00:00,0.2479,0.2481,0.2434,0.2436,8556330.36
2025-08-18 03:00:00+00:00,0.2436,0.2445,0.2418,0.2441,5443298.3
2025-08-18 04:00:00+00:00,0.2441,0.2465,0.2432,0.246,3760915.56
2025-08-18 05:00:00+00:00,0.246,0.247,0.2435,0.2456,3800265.8
2025-08-18 06:00:00+00:00,0.2456,0.2456,0.2421,0.2434,5212543.63
2025-08-18 07:00:00+00:00,0.2434,0.2439,0.2419,0.2427,3257073.09
2025-08-18 08:00:00+00:00,0.2427,0.2432,0.2398,0.2403,6342666.09
2025-08-18 09:00:00+00:00,0.2403,0.242,0.2384,0.241,5224809.16
2025-08-18 10:00:00+00:00,0.241,0.2426,0.2401,0.2418,2749828.43
2025-08-18 11:00:00+00:00,0.2418,0.242,0.24,0.2405,3408290.88
2025-08-18 12:00:00+00:00,0.2405,0.2445,0.2399,0.2444,3508814.24
2025-08-18 13:00:00+00:00,0.2444,0.2454,0.2416,0.2416,3978151.51
2025-08-18 14:00:00+00:00,0.2416,0.2441,0.2411,0.2438,4020983.1
2025-08-18 15:00:00+00:00,0.2438,0.2451,0.2418,0.2451,3735517.7
2025-08-18 16:00:00+00:00,0.2451,0.2465,0.2428,0.2431,4947125.49
2025-08-18 17:00:00+00:00,0.2431,0.2481,0.243,0.2452,5541718.83
2025-08-18 18:00:00+00:00,0.2452,0.2463,0.2441,0.2462,3003628.86
2025-08-18 19:00:00+00:00,0.2462,0.2469,0.2441,0.2449,3155491.44
2025-08-18 20:00:00+00:00,0.2449,0.2459,0.2439,0.2454,1865948.28
2025-08-18 21:00:00+00:00,0.2454,0.2476,0.2453,0.2473,2031698.63
2025-08-18 22:00:00+00:00,0.2473,0.2493,0.2472,0.2472,2865925.67
2025-08-18 23:00:00+00:00,0.2472,0.2474,0.244,0.245,2781221.55
2025-08-19 00:00:00+00:00,0.245,0.2462,0.2414,0.2461,4987247.22
2025-08-19 01:00:00+00:00,0.2461,0.2475,0.2429,0.2436,3984765.89
2025-08-19 02:00:00+00:00,0.2436,0.2438,0.2422,0.2423,2018300.6
2025-08-19 03:00:00+00:00,0.2423,0.2425,0.2382,0.2383,5415548.74
2025-08-19 04:00:00+00:00,0.2383,0.2404,0.2365,0.2404,5102717.08
2025-08-19 05:00:00+00:00,0.2404,0.2412,0.2391,0.2396,2145804.13
2025-08-19 06:00:00+00:00,0.2396,0.2407,0.2388,0.2396,2094234.27
2025-08-19 07:00:00+00:00,0.2396,0.2397,0.2378,0.2392,2127375.37
2025-08-19 08:00:00+00:00,0.2392,0.2402,0.2376,0.2395,3778365.71
2025-08-19 09:00:00+00:00,0.2395,0.2421,0.2395,0.2414,3892181.03
2025-08-19 10:00:00+00:00,0.2414,0.2432,0.241,0.2418,3559766.78
2025-08-19 11:00:00+00:00,0.2418,0.2423,0.2408,0.2421,1903381.05
2025-08-19 12:00:00+00:00,0.2421,0.2422,0.2402,0.2409,2023113.37
2025-08-19 13:00:00+00:00,0.2409,0.2428,0.2384,0.2396,6757847.82
2025-08-19 14:00:00+00:00,0.2396,0.2407,0.2349,0.2358,8048620.01
2025-08-19 15:00:00+00:00,0.2358,0.2385,0.2349,0.2355,5337624.79
2025-08-19 16:00:00+00:00,0.2355,0.2358,0.2337,0.2345,4508174.95
2025-08-19 17:00:00+00:00,0.2345,0.2358,0.2327,0.2356,4055862.76
2025-08-19 18:00:00+00:00,0.2356,0.2363,0.2324,0.2332,3788278.74
2025-08-19 19:00:00+00:00,0.2332,0.2353,0.2319,0.2331,4418290.43
2025-08-19 20:00:00+00:00,0.2331,0.2355,0.2325,0.2354,3069150.18
2025-08-19 21:00:00+00:00,0.2354,0.2356,0.2344,0.235,2001008.94
2025-08-19 22:00:00+00:00,0.235,0.235,0.2334,0.2336,1983506.83
2025-08-19 23:00:00+00:00,0.2336,0.2336,0.2305,0.2316,4307513.31
2025-08-20 00:00:00+00:00,0.2316,0.2334,0.2315,0.2326,3620760.67
2025-08-20 01:00:00+00:00,0.2326,0.2337,0.2305,0.2333,3686544.58
2025-08-20 02:00:00+00:00,0.2333,0.2342,0.2329,0.2331,2283311.42
2025-08-20 03:00:00+00:00,0.2331,0.2353,0.2328,0.2337,2337742.41
2025-08-20 04:00:00+00:00,0.2337,0.2355,0.2337,0.235,2483135.37
2025-08-20 05:00:00+00:00,0.235,0.2355,0.2338,0.2355,1797073.5
2025-08-20 06:00:00+00:00,0.2355,0.2355,0.2336,0.2347,1688448.63
2025-08-20 07:00:00+00:00,0.2347,0.2355,0.2338,0.2339,1874456.6
2025-08-20 08:00:00+00:00,0.2339,0.2358,0.2337,0.2356,3771101.47
2025-08-20 09:00:00+00:00,0.2356,0.2359,0.2336,0.2337,3690055.46
2025-08-20 10:00:00+00:00,0.2337,0.2351,0.2335,0.2345,1837815.28
2025-08-20 11:00:00+00:00,0.2345,0.2349,0.2306,0.2337,3635999.44
2025-08-20 12:00:00+00:00,0.2337,0.2357,0.2326,0.2339,4484550.94
2025-08-20 13:00:00+00:00,0.2339,0.2344,0.2306,0.231,5761973.25
2025-08-20 14:00:00+00:00,0.231,0.235,0.2292,0.2332,8222161.58
2025-08-20 15:00:00+00:00,0.2332,0.238,0.2329,0.2356,7268033.0
2025-08-20 16:00:00+00:00,0.2356,0.239,0.2356,0.2379,4125920.73
2025-08-20 17:00:00+00:00,0.2379,0.2407,0.2378,0.2393,4063342.96
2025-08-20 18:00:00+00:00,0.2393,0.2394,0.2359,0.2376,4528667.55
2025-08-20 19:00:00+00:00,0.2376,0.2424,0.2375,0.2423,4152761.45
2025-08-20 20:00:00+00:00,0.2423,0.2423,0.2409,0.2419,2421097.5
2025-08-20 21:00:00+00:00,0.2419,0.2425,0.2405,0.2417,2646598.86
2025-08-20 22:00:00+00:00,0.2417,0.2429,0.2413,0.2426,2039807.53
2025-08-20 23:00:00+00:00,0.2426,0.2426,0.2413,0.2417,1309063.69
2025-08-21 00:00:00+00:00,0.2417,0.2418,0.2401,0.2417,2526307.16
2025-08-21 01:00:00+00:00,0.2417,0.2427,0.2405,0.2427,1755864.07
2025-08-21 02:00:00+00:00,0.2427,0.2432,0.2384,0.2395,2401975.73
2025-08-21 03:00:00+00:00,0.2395,0.2424,0.2392,0.2392,2471394.61
2025-08-21 04:00:00+00:00,0.2392,0.2401,0.2384,0.2388,1513211.99
2025-08-21 05:00:00+00:00,0.2388,0.24,0.2379,0.24,1846440.52
2025-08-21 06:00:00+00:00,0.24,0.24,0.2377,0.238,2011933.16
2025-08-21 07:00:00+00:00,0.238,0.2384,0.2363,0.2383,1423362.75
2025-08-21 08:00:00+00:00,0.2383,0.2385,0.2364,0.2365,2094693.74
2025-08-21 09:00:00+00:00,0.2365,0.2373,0.2352,0.2358,1809229.58
2025-08-21 10:00:00+00:00,0.2358,0.2369,0.2352,0.2361,1693207.14
2025-08-21 11:00:00+00:00,0.2361,0.2375,0.2354,0.2363,2038162.29
2025-08-21 12:00:00+00:00,0.2363,0.237,0.2344,0.2358,3675980.06
2025-08-21 13:00:00+00:00,0.2358,0.2382,0.2352,0.2363,5078567.23
2025-08-21 14:00:00+00:00,0.2363,0.2391,0.2351,0.2361,6049359.92
2025-08-21 15:00:00+00:00,0.2361,0.2367,0.2336,0.2338,3655915.94
2025-08-21 16:00:00+00:00,0.2338,0.2353,0.2327,0.2329,2897130.35
2025-08-21 17:00:00+00:00,0.2329,0.2354,0.2324,0.2346,2718262.36
2025-08-21 18:00:00+00:00,0.2346,0.2368,0.2346,0.2365,1984670.38
2025-08-21 19:00:00+00:00,0.2365,0.2371,0.2343,0.2348,1784111.9
2025-08-21 20:00:00+00:00,0.2348,0.2368,0.2339,0.2357,2367624.39
2025-08-21 21:00:00+00:00,0.2357,0.2371,0.2348,0.2366,1952468.38
2025-08-21 22:00:00+00:00,0.2366,0.2377,0.2365,0.2371,1427072.14
2025-08-21 23:00:00+00:00,0.2371,0.2371,0.2348,0.2355,1318023.21
2025-08-22 00:00:00+00:00,0.2355,0.2375,0.2355,0.236,1756472.0
2025-08-22 01:00:00+00:00,0.236,0.2367,0.2345,0.2364,1837510.71
2025-08-22 02:00:00+00:00,0.2364,0.2386,0.2361,0.2369,3274377.23
2025-08-22 03:00:00+00:00,0.2369,0.2374,0.2347,0.2351,1720034.42
2025-08-22 04:00:00+00:00,0.2351,0.2371,0.2351,0.2355,1951255.61
2025-08-22 05:00:00+00:00,0.2355,0.2368,0.235,0.2364,1440901.8
2025-08-22 06:00:00+00:00,0.2364,0.2373,0.2347,0.2353,1989332.67
2025-08-22 07:00:00+00:00,0.2353,0.2377,0.2352,0.237,1630749.18
2025-08-22 08:00:00+00:00,0.237,0.2386,0.2369,0.2372,2451850.35
2025-08-22 09:00:00+00:00,0.2372,0.2376,0.2359,0.237,1588959.03
2025-08-22 10:00:00+00:00,0.237,0.237,0.2342,0.2345,1638606.39
2025-08-22 11:00:00+00:00,0.2345,0.2345,0.2321,0.2322,2304671.75
2025-08-22 12:00:00+00:00,0.2322,0.2324,0.2281,0.2299,8022133.29
2025-08-22 13:00:00+00:00,0.2299,0.2336,0.2292,0.2318,6617219.57
2025-08-22 14:00:00+00:00,0.2318,0.249,0.2318,0.2478,44000884.27
2025-08-22 15:00:00+00:00,0.2478,0.2521,0.2478,0.2493,8685332.42
2025-08-22 16:00:00+00:00,0.2493,0.2548,0.2493,0.2524,13159593.74
2025-08-22 17:00:00+00:00,0.2524,0.257,0.2524,0.2557,8402731.75
2025-08-22 18:00:00+00:00,0.2557,0.2568,0.2534,0.2546,4802671.7
2025-08-22 19:00:00+00:00,0.2546,0.2565,0.2544,0.2555,2806643.14
2025-08-22 20:00:00+00:00,0.2555,0.2563,0.2551,0.2562,3065591.0
2025-08-22 21:00:00+00:00,0.2562,0.2589,0.256,0.2579,5009064.69
2025-08-22 22:00:00+00:00,0.2579,0.2583,0.2554,0.256,3141536.31
2025-08-22 23:00:00+00:00,0.256,0.2575,0.2558,0.2569,3096975.01
2025-08-23 00:00:00+00:00,0.2569,0.2571,0.2541,0.2543,2561935.58
2025-08-23 01:00:00+00:00,0.2543,0.2544,0.2509,0.2527,4706860.93
2025-08-23 02:00:00+00:00,0.2527,0.2531,0.2471,0.2491,4370264.69
2025-08-23 03:00:00+00:00,0.2491,0.2493,0.2469,0.2475,2753485.93
2025-08-23 04:00:00+00:00,0.2475,0.2514,0.2474,0.2514,2692023.88
2025-08-23 05:00:00+00:00,0.2514,0.2554,0.251,0.255,3805598.48
2025-08-23 06:00:00+00:00,0.255,0.2558,0.253,0.254,2632722.52
2025-08-23 07:00:00+00:00,0.254,0.254,0.2509,0.2512,3450546.08
2025-08-23 08:00:00+00:00,0.2512,0.2519,0.2498,0.2509,2149236.06
2025-08-23 09:00:00+00:00,0.2509,0.2511,0.2494,0.2509,1890146.57
2025-08-23 10:00:00+00:00,0.2509,0.2511,0.2489,0.2493,1735885.23
2025-08-23 11:00:00+00:00,0.2493,0.2509,0.2491,0.2502,1514167.15
2025-08-23 12:00:00+00:00,0.2502,0.2509,0.249,0.2493,1490319.04
2025-08-23 13:00:00+00:00,0.2493,0.2495,0.2482,0.249,2282561.2
2025-08-23 14:00:00+00:00,0.249,0.2509,0.2481,0.2483,3643721.31
2025-08-23 15:00:00+00:00,0.2483,0.2495,0.2481,0.2489,1398285.36
2025-08-23 16:00:00+00:00,0.2489,0.25,0.2481,0.2492,2102608.09
2025-08-23 17:00:00+00:00,0.2492,0.2499,0.2488,0.2495,1273381.23
2025-08-23 18:00:00+00:00,0.2495,0.2505,0.2493,0.2504,802224.7
2025-08-23 19:00:00+00:00,0.2504,0.2535,0.2504,0.2535,1639656.84
2025-08-23 20:00:00+00:00,0.2535,0.2539,0.2522,0.2532,2911169.36
2025-08-23 21:00:00+00:00,0.2532,0.2534,0.2522,0.2526,1833877.45
2025-08-23 22:00:00+00:00,0.2526,0.2541,0.2526,0.2539,1204246.6
2025-08-23 23:00:00+00:00,0.2539,0.2546,0.2531,0.2534,1263912.61
2025-08-24 00:00:00+00:00,0.2534,0.2538,0.2524,0.2531,1405155.23
2025-08-24 01:00:00+00:00,0.2531,0.2532,0.2514,0.2525,1708732.34
2025-08-24 02:00:00+00:00,0.2525,0.2535,0.2517,0.252,1558701.38
2025-08-24 03:00:00+00:00,0.252,0.2522,0.2505,0.2518,1069264.67
2025-08-24 04:00:00+00:00,0.2518,0.2524,0.251,0.2516,993475.22
2025-08-24 05:00:00+00:00,0.2516,0.2517,0.2497,0.2502,1322335.84
2025-08-24 06:00:00+00:00,0.2502,0.2502,0.2476,0.2476,2161713.5
2025-08-24 07:00:00+00:00,0.2476,0.2492,0.247,0.247,1889899.24
2025-08-24 08:00:00+00:00,0.247,0.2485,0.2462,0.248,1890076.31
2025-08-24 09:00:00+00:00,0.248,0.2486,0.2468,0.2472,1019480.5
2025-08-24 10:00:00+00:00,0.2472,0.2475,0.2445,0.2445,2333338.1
2025-08-24 11:00:00+00:00,0.2445,0.2453,0.2431,0.2442,2174306.73
2025-08-24 12:00:00+00:00,0.2442,0.2456,0.2439,0.2456,1168365.11
2025-08-24 13:00:00+00:00,0.2456,0.2474,0.2454,0.2459,1811964.39
2025-08-24 14:00:00+00:00,0.2459,0.2472,0.2448,0.2468,1881215.13
2025-08-24 15:00:00+00:00,0.2468,0.2495,0.2462,0.2468,2767060.0
2025-08-24 16:00:00+00:00,0.2468,0.2479,0.2459,0.2474,1931300.29
2025-08-24 17:00:00+00:00,0.2474,0.2519,0.2474,0.251,3948334.03
2025-08-24 18:00:00+00:00,0.251,0.2574,0.2504,0.2571,6294662.95
2025-08-24 19:00:00+00:00,0.2571,0.2607,0.2479,0.2516,28367874.73
2025-08-24 20:00:00+00:00,0.2516,0.2517,0.2462,0.2487,12209302.53
2025-08-24 21:00:00+00:00,0.2487,0.2518,0.2472,0.2491,5763612.5
2025-08-24 22:00:00+00:00,0.2491,0.25,0.2459,0.2499,4780984.53
2025-08-24 23:00:00+00:00,0.2499,0.2504,0.2476,0.2482,2585013.05
2025-08-25 00:00:00+00:00,0.2482,0.2493,0.2426,0.2444,5472030.19
2025-08-25 01:00:00+00:00,0.2444,0.2476,0.244,0.2457,3913710.95
2025-08-25 02:00:00+00:00,0.2457,0.2505,0.2456,0.25,3294661.4
2025-08-25 03:00:00+00:00,0.25,0.2509,0.2477,0.2481,2562647.86
2025-08-25 04:00:00+00:00,0.2481,0.2485,0.2461,0.2462,2776008.18
2025-08-25 05:00:00+00:00,0.2462,0.2468,0.244,0.2441,2301949.99
2025-08-25 06:00:00+00:00,0.2441,0.2445,0.2411,0.2413,5264853.43
2025-08-25 07:00:00+00:00,0.2413,0.2426,0.2378,0.2383,4751641.43
2025-08-25 08:00:00+00:00,0.2383,0.2403,0.237,0.2388,3836131.18
2025-08-25 09:00:00+00:00,0.2388,0.239,0.2364,0.2382,4471239.85
2025-08-25 10:00:00+00:00,0.2382,0.2382,0.2351,0.2361,7924880.35
2025-08-25 11:00:00+00:00,0.2361,0.2366,0.2355,0.2364,2570143.4
2025-08-25 12:00:00+00:00,0.2364,0.2385,0.2357,0.2384,2039827.13
2025-08-25 13:00:00+00:00,0.2384,0.2388,0.2357,0.2382,4298983.18
2025-08-25 14:00:00+00:00,0.2382,0.2417,0.2375,0.24,4594705.23
2025-08-25 15:00:00+00:00,0.24,0.2405,0.2377,0.2381,2317543.49
2025-08-25 16:00:00+00:00,0.2381,0.24,0.237,0.238,2858018.54
2025-08-25 17:00:00+00:00,0.238,0.2384,0.2363,0.2378,2733616.01
2025-08-25 18:00:00+00:00,0.2378,0.238,0.2359,0.2366,2714757.63
2025-08-25 19:00:00+00:00,0.2366,0.2371,0.2314,0.2318,7770037.79
2025-08-25 20:00:00+00:00,0.2318,0.2328,0.227,0.2273,12278644.29
2025-08-25 21:00:00+00:00,0.2273,0.2294,0.227,0.2275,6264315.59
2025-08-25 22:00:00+00:00,0.2275,0.2314,0.2274,0.2299,4818529.78
2025-08-25 23:00:00+00:00,0.2299,0.2314,0.229,0.2308,2376655.94
2025-08-26 00:00:00+00:00,0.2308,0.2332,0.2297,0.2325,6895063.11
2025-08-26 01:00:00+00:00,0.2325,0.236,0.232,0.2358,5306596.34
2025-08-26 02:00:00+00:00,0.2358,0.2358,0.2321,0.2335,4034283.78
2025-08-26 03:00:00+00:00,0.2335,0.235,0.2328,0.2337,2082930.57
2025-08-26 04:00:00+00:00,0.2337,0.2363,0.2337,0.2357,2255224.71
2025-08-26 05:00:00+00:00,0.2357,0.2365,0.2349,0.2349,1675906.26
2025-08-26 06:00:00+00:00,0.2349,0.236,0.2338,0.2352,2241888.81
2025-08-26 07:00:00+00:00,0.2352,0.2384,0.2348,0.2361,3542017.83
2025-08-26 08:00:00+00:00,0.2361,0.2367,0.2345,0.236,2662632.02
2025-08-26 09:00:00+00:00,0.236,0.2386,0.2359,0.2377,2602372.9
2025-08-26 10:00:00+00:00,0.2377,0.2382,0.2356,0.2359,2222861.61
2025-08-26 11:00:00+00:00,0.2359,0.236,0.2334,0.2346,2016431.76
2025-08-26 12:00:00+00:00,0.2346,0.2389,0.2334,0.2363,6460472.05
2025-08-26 13:00:00+00:00,0.2363,0.237,0.2331,0.2358,6323781.91
2025-08-26 14:00:00+00:00,0.2358,0.2373,0.2343,0.2366,4391741.27
2025-08-26 15:00:00+00:00,0.2366,0.2377,0.2349,0.2361,2789902.98
2025-08-26 16:00:00+00:00,0.2361,0.2389,0.2356,0.2389,2756099.97
2025-08-26 17:00:00+00:00,0.2389,0.2391,0.2373,0.2388,3039289.55
2025-08-26 18:00:00+00:00,0.2388,0.2412,0.2386,0.2407,3746200.52
2025-08-26 19:00:00+00:00,0.2407,0.245,0.2397,0.244,4468636.15
2025-08-26 20:00:00+00:00,0.244,0.2447,0.2421,0.2427,2422175.04
2025-08-26 21:00:00+00:00,0.2427,0.2438,0.2415,0.2438,1808414.45
2025-08-26 22:00:00+00:00,0.2438,0.2441,0.2419,0.2427,2122434.11
2025-08-26 23:00:00+00:00,0.2427,0.244,0.2415,0.2417,2169683.1
2025-08-27 00:00:00+00:00,0.2417,0.2418,0.2399,0.2405,2484864.22
2025-08-27 01:00:00+00:00,0.2405,0.2408,0.2395,0.2403,1659768.68
2025-08-27 02:00:00+00:00,0.2403,0.2412,0.2392,0.2402,1508130.51
2025-08-27 03:00:00+00:00,0.2402,0.243,0.239,0.2415,2743784.28
2025-08-27 04:00:00+00:00,0.2415,0.2433,0.2411,0.2426,1883707.17
2025-08-27 05:00:00+00:00,0.2426,0.2429,0.2408,0.241,1448128.8
2025-08-27 06:00:00+00:00,0.241,0.2417,0.2401,0.2401,1491260.11
2025-08-27 07:00:00+00:00,0.2401,0.2404,0.2392,0.2399,2013578.83
2025-08-27 08:00:00+00:00,0.2399,0.2413,0.2388,0.2413,1707141.29
2025-08-27 09:00:00+00:00,0.2413,0.2421,0.2401,0.2402,1320319.08
2025-08-27 10:00:00+00:00,0.2402,0.2407,0.2394,0.2401,1293341.16
2025-08-27 11:00:00+00:00,0.2401,0.2412,0.2401,0.241,703704.38
2025-08-27 12:00:00+00:00,0.241,0.2412,0.2394,0.241,1947019.66
2025-08-27 13:00:00+00:00,0.241,0.2421,0.2387,0.2402,4119645.52
2025-08-27 14:00:00+00:00,0.2402,0.2436,0.2396,0.2411,7299534.64
2025-08-27 15:00:00+00:00,0.2411,0.2419,0.2404,0.2413,2894533.8
2025-08-27 16:00:00+00:00,0.2413,0.2425,0.2401,0.2417,2881666.55
2025-08-27 17:00:00+00:00,0.2417,0.2424,0.2406,0.2421,1939525.84
2025-08-27 18:00:00+00:00,0.2421,0.2429,0.2413,0.2413,1380446.81
2025-08-27 19:00:00+00:00,0.2413,0.2419,0.2395,0.2404,3038222.82
2025-08-27 20:00:00+00:00,0.2404,0.2425,0.2386,0.2419,14264368.17
2025-08-27 21:00:00+00:00,0.2419,0.2427,0.2397,0.2401,2507644.13
2025-08-27 22:00:00+00:00,0.2401,0.2403,0.2383,0.2392,2421578.35
2025-08-27 23:00:00+00:00,0.2392,0.2396,0.2372,0.2376,1707342.29
2025-08-28 00:00:00+00:00,0.2376,0.2388,0.2362,0.238,4192686.73
2025-08-28 01:00:00+00:00,0.238,0.24,0.2379,0.2388,2222644.55
2025-08-28 02:00:00+00:00,0.2388,0.239,0.237,0.2373,2407440.65
2025-08-28 03:00:00+00:00,0.2373,0.2392,0.237,0.2386,1279911.58
2025-08-28 04:00:00+00:00,0.2386,0.2412,0.2381,0.2408,3018671.74
2025-08-28 05:00:00+00:00,0.2408,0.2414,0.2395,0.2402,1834922.72
2025-08-28 06:00:00+00:00,0.2402,0.2404,0.2394,0.2404,1274034.48
2025-08-28 07:00:00+00:00,0.2404,0.2407,0.2392,0.2403,1119864.33
2025-08-28 08:00:00+00:00,0.2403,0.242,0.2398,0.2403,2391978.44
2025-08-28 09:00:00+00:00,0.2403,0.2403,0.2386,0.2387,1258998.87
2025-08-28 10:00:00+00:00,0.2387,0.2399,0.2383,0.2398,891928.28
2025-08-28 11:00:00+00:00,0.2398,0.2398,0.2383,0.2388,1101504.17
2025-08-28 12:00:00+00:00,0.2388,0.24,0.2379,0.2393,2398875.16
2025-08-28 13:00:00+00:00,0.2393,0.2404,0.2381,0.2388,3707506.35
2025-08-28 14:00:00+00:00,0.2388,0.2418,0.2383,0.2409,4642867.91
2025-08-28 15:00:00+00:00,0.2409,0.2418,0.2375,0.2383,2856067.27
2025-08-28 16:00:00+00:00,0.2383,0.2398,0.2361,0.2361,3704474.83
2025-08-28 17:00:00+00:00,0.2361,0.2383,0.236,0.2379,3328531.29
2025-08-28 18:00:00+00:00,0.2379,0.2382,0.2368,0.2375,1963284.72
2025-08-28 19:00:00+00:00,0.2375,0.2383,0.2356,0.2356,2800491.83
2025-08-28 20:00:00+00:00,0.2356,0.2371,0.2354,0.2368,1367132.94
2025-08-28 21:00:00+00:00,0.2368,0.2382,0.2366,0.2381,1370713.99
2025-08-28 22:00:00+00:00,0.2381,0.2409,0.2381,0.2406,3469500.6
2025-08-28 23:00:00+00:00,0.2406,0.2409,0.2387,0.2392,3294390.56
2025-08-29 00:00:00+00:00,0.2392,0.2403,0.2382,0.2389,3987023.77
2025-08-29 01:00:00+00:00,0.2389,0.2392,0.2363,0.237,3094436.63
2025-08-29 02:00:00+00:00,0.237,0.2398,0.2365,0.2385,3662898.42
2025-08-29 03:00:00+00:00,0.2385,0.2388,0.2373,0.2373,2137656.26
2025-08-29 04:00:00+00:00,0.2373,0.2375,0.2354,0.2357,3089305.26
2025-08-29 05:00:00+00:00,0.2357,0.2357,0.2341,0.2343,2780768.87
2025-08-29 06:00:00+00:00,0.2343,0.2351,0.2325,0.2331,30826518.79
2025-08-29 07:00:00+00:00,0.2331,0.2331,0.23,0.2316,6430820.32
2025-08-29 08:00:00+00:00,0.2316,0.2322,0.2287,0.2287,4658111.87
2025-08-29 09:00:00+00:00,0.2287,0.2289,0.2253,0.2264,7212412.09
2025-08-29 10:00:00+00:00,0.2264,0.2289,0.2264,0.2288,2113377.26
2025-08-29 11:00:00+00:00,0.2288,0.2294,0.2278,0.2285,1508101.11
2025-08-29 12:00:00+00:00,0.2285,0.2329,0.2284,0.2301,8820442.17
2025-08-29 13:00:00+00:00,0.2301,0.2302,0.2265,0.2271,5519204.56
2025-08-29 14:00:00+00:00,0.2271,0.228,0.2238,0.2255,8498370.2
2025-08-29 15:00:00+00:00,0.2255,0.2272,0.2253,0.2262,4118555.67
2025-08-29 16:00:00+00:00,0.2262,0.2273,0.2253,0.2264,3262418.75
2025-08-29 17:00:00+00:00,0.2264,0.2264,0.2246,0.2254,2642315.33
2025-08-29 18:00:00+00:00,0.2254,0.2258,0.2242,0.2249,3824879.15
2025-08-29 19:00:00+00:00,0.2249,0.2266,0.2243,0.2256,2644722.69
2025-08-29 20:00:00+00:00,0.2256,0.226,0.2245,0.2248,2777426.32
2025-08-29 21:00:00+00:00,0.2248,0.2268,0.2239,0.2267,2985138.94
2025-08-29 22:00:00+00:00,0.2267,0.2274,0.2257,0.2274,1319096.08
2025-08-29 23:00:00+00:00,0.2274,0.2287,0.2274,0.2279,1255085.06
2025-08-30 00:00:00+00:00,0.2279,0.2286,0.2269,0.2273,1508875.0
2025-08-30 01:00:00+00:00,0.2273,0.2275,0.2229,0.2232,3337232.59
2025-08-30 02:00:00+00:00,0.2232,0.2254,0.2231,0.2243,2408661.87
2025-08-30 03:00:00+00:00,0.2243,0.2276,0.2241,0.2263,2987044.73
2025-08-30 04:00:00+00:00,0.2263,0.2275,0.2259,0.2259,938418.74
2025-08-30 05:00:00+00:00,0.2259,0.2282,0.2259,0.2277,1903155.89
2025-08-30 06:00:00+00:00,0.2277,0.2295,0.2277,0.2283,1828891.51
2025-08-30 07:00:00+00:00,0.2283,0.2285,0.2273,0.2276,1292610.81
2025-08-30 08:00:00+00:00,0.2276,0.2278,0.2262,0.2263,967428.97
2025-08-30 09:00:00+00:00,0.2263,0.2263,0.2242,0.2242,1492563.7
2025-08-30 10:00:00+00:00,0.2242,0.2266,0.2231,0.2263,5160451.01
2025-08-30 11:00:00+00:00,0.2263,0.2266,0.2252,0.2262,1087375.78
2025-08-30 12:00:00+00:00,0.2262,0.2264,0.2233,0.2237,2766593.33
2025-08-30 13:00:00+00:00,0.2237,0.2238,0.2203,0.2226,4882018.88
2025-08-30 14:00:00+00:00,0.2226,0.2232,0.2213,0.2229,1709166.67
2025-08-30 15:00:00+00:00,0.2229,0.2259,0.2224,0.2258,2492828.95
2025-08-30 16:00:00+00:00,0.2258,0.2259,0.2244,0.225,1478664.06
2025-08-30 17:00:00+00:00,0.225,0.2258,0.2245,0.2248,1083562.89
2025-08-30 18:00:00+00:00,0.2248,0.2253,0.2238,0.2251,1240547.49
2025-08-30 19:00:00+00:00,0.2251,0.2259,0.2247,0.2258,1058738.9
2025-08-30 20:00:00+00:00,0.2258,0.2258,0.2246,0.2253,729746.7
2025-08-30 21:00:00+00:00,0.2253,0.2256,0.2247,0.2249,868560.87
2025-08-30 22:00:00+00:00,0.2249,0.2266,0.2247,0.2262,983363.33
2025-08-30 23:00:00+00:00,0.2262,0.2268,0.2253,0.2258,2597619.45
2025-08-31 00:00:00+00:00,0.2258,0.2281,0.2256,0.2277,1743493.39
2025-08-31 01:00:00+00:00,0.2277,0.2287,0.2266,0.2283,1177432.2
2025-08-31 02:00:00+00:00,0.2283,0.2286,0.2275,0.2276,755365.24
2025-08-31 03:00:00+00:00,0.2276,0.2282,0.2271,0.2277,856419.45
2025-08-31 04:00:00+00:00,0.2277,0.2278,0.2265,0.2269,964969.45
2025-08-31 05:00:00+00:00,0.2269,0.2269,0.2256,0.2259,829769.24
2025-08-31 06:00:00+00:00,0.2259,0.226,0.2244,0.2244,891269.72
2025-08-31 07:00:00+00:00,0.2244,0.2253,0.224,0.2242,872160.43
2025-08-31 08:00:00+00:00,0.2242,0.2262,0.2242,0.2261,697285.85
2025-08-31 09:00:00+00:00,0.2261,0.2271,0.2257,0.2259,1265572.95
2025-08-31 10:00:00+00:00,0.2259,0.226,0.2238,0.2246,1131575.93
2025-08-31 11:00:00+00:00,0.2246,0.2253,0.2239,0.225,944894.6
2025-08-31 12:00:00+00:00,0.225,0.2251,0.2235,0.2249,998171.01
2025-08-31 13:00:00+00:00,0.2249,0.2251,0.2232,0.2235,1064890.3
2025-08-31 14:00:00+00:00,0.2235,0.224,0.2224,0.2235,1220981.75
2025-08-31 15:00:00+00:00,0.2235,0.2257,0.2234,0.2257,1777848.46
2025-08-31 16:00:00+00:00,0.2257,0.2258,0.2235,0.2239,1688561.15
2025-08-31 17:00:00+00:00,0.2239,0.2239,0.2227,0.2229,1600485.39
2025-08-31 18:00:00+00:00,0.2229,0.2249,0.2227,0.2245,1003439.64
2025-08-31 19:00:00+00:00,0.2245,0.2245,0.2227,0.2228,828624.33
2025-08-31 20:00:00+00:00,0.2228,0.2238,0.2224,0.2238,1696581.37
2025-08-31 21:00:00+00:00,0.2238,0.2242,0.2231,0.2236,1709115.68
2025-08-31 22:00:00+00:00,0.2236,0.2238,0.2216,0.2218,1914492.46
2025-08-31 23:00:00+00:00,0.2218,0.2218,0.2183,0.2189,7407950.71
2025-09-01 00:00:00+00:00,0.2189,0.219,0.2145,0.2163,8051215.53
2025-09-01 01:00:00+00:00,0.2163,0.2169,0.2152,0.2159,2303264.7
2025-09-01 02:00:00+00:00,0.2159,0.2162,0.2124,0.2139,4550946.1
2025-09-01 03:00:00+00:00,0.2139,0.2155,0.2135,0.2151,3104436.93
2025-09-01 04:00:00+00:00,0.2151,0.2154,0.2132,0.2138,1761149.26
2025-09-01 05:00:00+00:00,0.2138,0.2149,0.2128,0.2135,3426417.58
2025-09-01 06:00:00+00:00,0.2135,0.2144,0.2118,0.2132,4090175.37
2025-09-01 07:00:00+00:00,0.2132,0.2208,0.2128,0.2205,6996228.97
2025-09-01 08:00:00+00:00,0.2205,0.2233,0.2205,0.2232,7443581.34
2025-09-01 09:00:00+00:00,0.2232,0.2236,0.2213,0.2213,3372528.85
2025-09-01 10:00:00+00:00,0.2213,0.2223,0.219,0.2201,2556797.87
2025-09-01 11:00:00+00:00,0.2201,0.2208,0.2182,0.2184,1962416.27
2025-09-01 12:00:00+00:00,0.2184,0.2192,0.2177,0.2182,2250105.35
2025-09-01 13:00:00+00:00,0.2182,0.219,0.2165,0.2168,3655752.91
2025-09-01 14:00:00+00:00,0.2168,0.2177,0.2147,0.2163,5287428.13
2025-09-01 15:00:00+00:00,0.2163,0.2172,0.2146,0.2156,3350711.0
2025-09-01 16:00:00+00:00,0.2156,0.2156,0.2139,0.2143,2173468.82
2025-09-01 17:00:00+00:00,0.2143,0.2144,0.2127,0.2133,2464725.75
2025-09-01 18:00:00+00:00,0.2133,0.2157,0.2132,0.2157,1655635.24
2025-09-01 19:00:00+00:00,0.2157,0.2165,0.2153,0.2163,1769811.23
2025-09-01 20:00:00+00:00,0.2163,0.2163,0.2126,0.2143,5111436.83
2025-09-01 21:00:00+00:00,0.2143,0.2144,0.2107,0.2129,3930078.94
2025-09-01 22:00:00+00:00,0.2129,0.2144,0.212,0.2132,2448999.53
2025-09-01 23:00:00+00:00,0.2132,0.2146,0.2131,0.2146,2349824.05
2025-09-02 00:00:00+00:00,0.2146,0.2152,0.213,0.2135,2423866.49
2025-09-02 01:00:00+00:00,0.2135,0.2158,0.2127,0.2146,2664618.97
2025-09-02 02:00:00+00:00,0.2146,0.2173,0.2141,0.2173,2316822.19
2025-09-02 03:00:00+00:00,0.2173,0.2188,0.217,0.2181,2291891.66
2025-09-02 04:00:00+00:00,0.2181,0.2191,0.2177,0.2191,1204191.39
2025-09-02 05:00:00+00:00,0.2191,0.2197,0.2185,0.2195,1947451.21
2025-09-02 06:00:00+00:00,0.2195,0.2202,0.2193,0.2199,1587273.03
2025-09-02 07:00:00+00:00,0.2199,0.22,0.2169,0.2176,2815125.45
2025-09-02 08:00:00+00:00,0.2176,0.2191,0.2172,0.2184,1410691.31
2025-09-02 09:00:00+00:00,0.2184,0.2196,0.2181,0.2187,1302754.62
2025-09-02 10:00:00+00:00,0.2187,0.2188,0.2176,0.2184,1063945.1
2025-09-02 11:00:00+00:00,0.2184,0.2184,0.2163,0.2165,1578235.07
2025-09-02 12:00:00+00:00,0.2165,0.2168,0.2118,0.212,5909986.36
2025-09-02 13:00:00+00:00,0.212,0.2172,0.2119,0.217,13330668.04
2025-09-02 14:00:00+00:00,0.217,0.2177,0.2144,0.2153,8671120.21
2025-09-02 15:00:00+00:00,0.2153,0.2155,0.2114,0.212,4471724.13
2025-09-02 16:00:00+00:00,0.212,0.2142,0.212,0.2139,3143132.34
2025-09-02 17:00:00+00:00,0.2139,0.2158,0.2139,0.2149,2220109.87
2025-09-02 18:00:00+00:00,0.2149,0.215,0.2125,0.2142,2421926.08
2025-09-02 19:00:00+00:00,0.2142,0.2152,0.213,0.2141,1963052.68
2025-09-02 20:00:00+00:00,0.2141,0.218,0.2139,0.2178,4167130.41
2025-09-02 21:00:00+00:00,0.2178,0.22,0.2178,0.2195,3800936.24
2025-09-02 22:00:00+00:00,0.2195,0.2207,0.2185,0.2206,2146941.03
2025-09-02 23:00:00+00:00,0.2206,0.2208,0.2194,0.2206,1335121.77
2025-09-03 00:00:00+00:00,0.2206,0.223,0.2203,0.221,2185717.7
2025-09-03 01:00:00+00:00,0.221,0.2211,0.2187,0.2208,1716370.79
2025-09-03 02:00:00+00:00,0.2208,0.2225,0.2199,0.2213,2495301.32
2025-09-03 03:00:00+00:00,0.2213,0.2218,0.2197,0.2205,1382141.82
2025-09-03 04:00:00+00:00,0.2205,0.2209,0.2194,0.2199,1228221.28
2025-09-03 05:00:00+00:00,0.2199,0.2201,0.2185,0.2187,1184386.49
2025-09-03 06:00:00+00:00,0.2187,0.2198,0.218,0.2186,1469273.84
2025-09-03 07:00:00+00:00,0.2186,0.2191,0.2177,0.219,1715152.0
2025-09-03 08:00:00+00:00,0.219,0.2213,0.2189,0.2198,2088665.54
2025-09-03 09:00:00+00:00,0.2198,0.2208,0.2192,0.2208,1632946.24
2025-09-03 10:00:00+00:00,0.2208,0.2218,0.2198,0.2204,1541540.77
2025-09-03 11:00:00+00:00,0.2204,0.2214,0.2203,0.2204,1516033.55
2025-09-03 12:00:00+00:00,0.2204,0.2218,0.2195,0.2198,1698387.23
2025-09-03 13:00:00+00:00,0.2198,0.2222,0.2197,0.2207,3618871.67
2025-09-03 14:00:00+00:00,0.2207,0.2235,0.2204,0.2227,3096945.54
2025-09-03 15:00:00+00:00,0.2227,0.2229,0.2214,0.2218,1884761.56
2025-09-03 16:00:00+00:00,0.2218,0.2224,0.2202,0.221,1577710.43
2025-09-03 17:00:00+00:00,0.221,0.2225,0.221,0.2212,1497687.58
2025-09-03 18:00:00+00:00,0.2212,0.2214,0.2198,0.2205,1481037.56
2025-09-03 19:00:00+00:00,0.2205,0.2211,0.2196,0.221,1453460.7
2025-09-03 20:00:00+00:00,0.221,0.2213,0.2199,0.2201,1087877.7
2025-09-03 21:00:00+00:00,0.2201,0.2205,0.2193,0.2198,1735251.61
2025-09-03 22:00:00+00:00,0.2198,0.2204,0.2189,0.2195,1462063.73
2025-09-03 23:00:00+00:00,0.2195,0.2196,0.2188,0.2193,1091334.41
2025-09-04 00:00:00+00:00,0.2193,0.2201,0.2183,0.2185,2055317.03
2025-09-04 01:00:00+00:00,0.2185,0.2188,0.2176,0.218,2266329.74
2025-09-04 02:00:00+00:00,0.218,0.2181,0.2169,0.2176,1655105.75
2025-09-04 03:00:00+00:00,0.2176,0.2178,0.2164,0.217,1893467.0
2025-09-04 04:00:00+00:00,0.217,0.2179,0.2166,0.2173,1351328.28
2025-09-04 05:00:00+00:00,0.2173,0.2174,0.215,0.2154,2395525.32
2025-09-04 06:00:00+00:00,0.2154,0.2159,0.2145,0.215,2653444.81
2025-09-04 07:00:00+00:00,0.215,0.2154,0.2148,0.215,948302.58
2025-09-04 08:00:00+00:00,0.215,0.216,0.2148,0.2148,1446642.68
2025-09-04 09:00:00+00:00,0.2148,0.2155,0.2148,0.2152,1000190.99
2025-09-04 10:00:00+00:00,0.2152,0.2156,0.2147,0.2147,2405257.55
2025-09-04 11:00:00+00:00,0.2147,0.2153,0.2141,0.2142,1393282.92
2025-09-04 12:00:00+00:00,0.2142,0.2156,0.2131,0.2154,4094942.78
2025-09-04 13:00:00+00:00,0.2154,0.2159,0.2122,0.2147,13829106.02
2025-09-04 14:00:00+00:00,0.2147,0.2148,0.2117,0.2127,6892183.48
2025-09-04 15:00:00+00:00,0.2127,0.213,0.2117,0.2122,2884465.62
2025-09-04 16:00:00+00:00,0.2122,0.2127,0.2117,0.2118,1536420.21
2025-09-04 17:00:00+00:00,0.2118,0.2132,0.2118,0.2121,1165728.69
2025-09-04 18:00:00+00:00,0.2121,0.2128,0.2109,0.2114,1901350.58
2025-09-04 19:00:00+00:00,0.2114,0.2121,0.211,0.2111,2320131.26
2025-09-04 20:00:00+00:00,0.2111,0.2125,0.211,0.2118,1548240.34
2025-09-04 21:00:00+00:00,0.2118,0.2129,0.2117,0.2126,1153813.41
2025-09-04 22:00:00+00:00,0.2126,0.2149,0.2126,0.2147,3034565.26
2025-09-04 23:00:00+00:00,0.2147,0.2152,0.2135,0.2135,1278155.73
2025-09-05 00:00:00+00:00,0.2135,0.215,0.2126,0.2127,1792035.58
2025-09-05 01:00:00+00:00,0.2127,0.2147,0.2124,0.2145,1190870.15
2025-09-05 02:00:00+00:00,0.2145,0.2155,0.2141,0.2151,1447230.65
2025-09-05 03:00:00+00:00,0.2151,0.2153,0.2141,0.2153,767100.31
2025-09-05 04:00:00+00:00,0.2153,0.216,0.2145,0.2159,665224.24
2025-09-05 05:00:00+00:00,0.2159,0.2165,0.2158,0.2163,1641048.22
2025-09-05 06:00:00+00:00,0.2163,0.2166,0.2158,0.2162,842963.38
2025-09-05 07:00:00+00:00,0.2162,0.2193,0.2162,0.2192,2209218.24
2025-09-05 08:00:00+00:00,0.2192,0.2197,0.218,0.2196,2350274.38
2025-09-05 09:00:00+00:00,0.2196,0.2202,0.218,0.2195,1713592.02
2025-09-05 10:00:00+00:00,0.2195,0.2202,0.2188,0.2188,1585729.67
2025-09-05 11:00:00+00:00,0.2188,0.2208,0.2186,0.2206,2703745.03
2025-09-05 12:00:00+00:00,0.2206,0.2228,0.2195,0.2228,7820808.6
2025-09-05 13:00:00+00:00,0.2228,0.2241,0.2223,0.2239,4786939.67
2025-09-05 14:00:00+00:00,0.2239,0.2239,0.2164,0.2172,9051707.06
2025-09-05 15:00:00+00:00,0.2172,0.219,0.2166,0.2178,3520584.12
2025-09-05 16:00:00+00:00,0.2178,0.2184,0.2167,0.2168,1633179.15
2025-09-05 17:00:00+00:00,0.2168,0.2169,0.2158,0.2166,1304674.8
2025-09-05 18:00:00+00:00,0.2166,0.2192,0.2161,0.2188,1422307.63
2025-09-05 19:00:00+00:00,0.2188,0.2205,0.2187,0.2205,1778636.02
2025-09-05 20:00:00+00:00,0.2205,0.2208,0.219,0.2205,1449185.82
2025-09-05 21:00:00+00:00,0.2205,0.2209,0.2186,0.2189,3226142.97
2025-09-05 22:00:00+00:00,0.2189,0.2196,0.2179,0.2192,1793356.84
2025-09-05 23:00:00+00:00,0.2192,0.2192,0.2183,0.2183,912937.36
2025-09-06 00:00:00+00:00,0.2183,0.2197,0.2182,0.2189,631718.67
2025-09-06 01:00:00+00:00,0.2189,0.219,0.2184,0.2186,565573.46
2025-09-06 02:00:00+00:00,0.2186,0.2188,0.2177,0.2188,441279.05
2025-09-06 03:00:00+00:00,0.2188,0.2189,0.2179,0.2182,500114.31
2025-09-06 04:00:00+00:00,0.2182,0.2182,0.2167,0.2171,827824.18
2025-09-06 05:00:00+00:00,0.2171,0.2171,0.2161,0.2163,729081.94
2025-09-06 06:00:00+00:00,0.2163,0.2168,0.2161,0.2167,402659.02
2025-09-06 07:00:00+00:00,0.2167,0.2174,0.2166,0.2173,988387.8
2025-09-06 08:00:00+00:00,0.2173,0.2174,0.2166,0.2167,350116.89
2025-09-06 09:00:00+00:00,0.2167,0.2167,0.2154,0.2158,1019947.04
2025-09-06 10:00:00+00:00,0.2158,0.2163,0.2155,0.2162,525256.15
2025-09-06 11:00:00+00:00,0.2162,0.2163,0.2155,0.2163,594626.61
2025-09-06 12:00:00+00:00,0.2163,0.2164,0.2157,0.2161,520385.46
2025-09-06 13:00:00+00:00,0.2161,0.217,0.2159,0.217,956163.16
2025-09-06 14:00:00+00:00,0.217,0.2174,0.2167,0.2172,821847.28
2025-09-06 15:00:00+00:00,0.2172,0.2172,0.2154,0.2155,1124263.15
2025-09-06 16:00:00+00:00,0.2155,0.2162,0.215,0.2155,2386111.66
2025-09-06 17:00:00+00:00,0.2155,0.2157,0.2146,0.215,655384.67
2025-09-06 18:00:00+00:00,0.215,0.2159,0.2149,0.2153,635742.87
2025-09-06 19:00:00+00:00,0.2153,0.2154,0.2138,0.214,1051116.55
2025-09-06 20:00:00+00:00,0.214,0.2148,0.2137,0.2145,637234.33
2025-09-06 21:00:00+00:00,0.2145,0.2146,0.2138,0.2141,750309.67
2025-09-06 22:00:00+00:00,0.2141,0.2146,0.2138,0.214,866715.68
2025-09-06 23:00:00+00:00,0.214,0.2151,0.2138,0.2146,920450.18
2025-09-07 00:00:00+00:00,0.2146,0.2164,0.2145,0.2163,1193505.41
2025-09-07 01:00:00+00:00,0.2163,0.2172,0.2158,0.2169,967139.52
2025-09-07 02:00:00+00:00,0.2169,0.2186,0.2166,0.2184,652748.62
2025-09-07 03:00:00+00:00,0.2184,0.2187,0.2178,0.218,864201.0
2025-09-07 04:00:00+00:00,0.218,0.2194,0.218,0.2194,892458.15
2025-09-07 05:00:00+00:00,0.2194,0.2203,0.2189,0.2202,1217407.22
2025-09-07 06:00:00+00:00,0.2202,0.2204,0.2188,0.2188,1303881.2
2025-09-07 07:00:00+00:00,0.2188,0.2207,0.2182,0.2196,2110827.45
2025-09-07 08:00:00+00:00,0.2196,0.221,0.2196,0.2201,1352184.11
2025-09-07 09:00:00+00:00,0.2201,0.2201,0.2194,0.2198,666199.3
2025-09-07 10:00:00+00:00,0.2198,0.2202,0.2194,0.2201,601442.93
2025-09-07 11:00:00+00:00,0.2201,0.2204,0.2198,0.22,521998.49
2025-09-07 12:00:00+00:00,0.22,0.2201,0.219,0.2197,912851.21
2025-09-07 13:00:00+00:00,0.2197,0.2199,0.2187,0.2197,819845.04
2025-09-07 14:00:00+00:00,0.2197,0.2218,0.2192,0.2198,4369347.07
2025-09-07 15:00:00+00:00,0.2198,0.2202,0.2186,0.2201,2553105.41
2025-09-07 16:00:00+00:00,0.2201,0.2203,0.2186,0.2196,1312661.56
2025-09-07 17:00:00+00:00,0.2196,0.2198,0.2179,0.218,1644961.03
2025-09-07 18:00:00+00:00,0.218,0.2183,0.2173,0.2178,1285118.69
2025-09-07 19:00:00+00:00,0.2178,0.2189,0.2175,0.2182,1084599.8
2025-09-07 20:00:00+00:00,0.2182,0.2192,0.2179,0.2192,627192.62
2025-09-07 21:00:00+00:00,0.2192,0.2198,0.2186,0.2186,721998.33
2025-09-07 22:00:00+00:00,0.2186,0.2195,0.2185,0.2194,2397091.02
2025-09-07 23:00:00+00:00,0.2194,0.2208,0.2193,0.2195,1709962.9
2025-09-08 00:00:00+00:00,0.2195,0.2203,0.2187,0.2189,1333307.61
2025-09-08 01:00:00+00:00,0.2189,0.2191,0.2184,0.2187,992052.42
2025-09-08 02:00:00+00:00,0.2187,0.2212,0.218,0.2212,2129140.72
2025-09-08 03:00:00+00:00,0.2212,0.2225,0.2207,0.2209,2430357.04
2025-09-08 04:00:00+00:00,0.2209,0.2215,0.22,0.2208,1759018.53
2025-09-08 05:00:00+00:00,0.2208,0.2215,0.2202,0.2208,1276408.95
2025-09-08 06:00:00+00:00,0.2208,0.221,0.2198,0.2201,1163996.29
2025-09-08 07:00:00+00:00,0.2201,0.2217,0.22,0.2212,2316989.72
2025-09-08 08:00:00+00:00,0.2212,0.2229,0.2212,0.2225,2281142.88
2025-09-08 09:00:00+00:00,0.2225,0.2236,0.222,0.2235,2398243.34
2025-09-08 10:00:00+00:00,0.2235,0.2252,0.2231,0.2243,3775247.88
2025-09-08 11:00:00+00:00,0.2243,0.2243,0.2217,0.2227,2337800.96
2025-09-08 12:00:00+00:00,0.2227,0.2248,0.2226,0.2248,2288581.99
2025-09-08 13:00:00+00:00,0.2248,0.2265,0.2245,0.2245,6237007.77
2025-09-08 14:00:00+00:00,0.2245,0.227,0.2245,0.2269,4003162.0
2025-09-08 15:00:00+00:00,0.2269,0.2279,0.2262,0.2272,2410632.46
2025-09-08 16:00:00+00:00,0.2272,0.2276,0.2257,0.226,1927236.39
2025-09-08 17:00:00+00:00,0.226,0.2275,0.2249,0.2257,2091980.42
2025-09-08 18:00:00+00:00,0.2257,0.2272,0.2256,0.227,1126301.56
2025-09-08 19:00:00+00:00,0.227,0.227,0.2248,0.2255,1726905.25
2025-09-08 20:00:00+00:00,0.2255,0.2257,0.2242,0.2248,1467604.61
2025-09-08 21:00:00+00:00,0.2248,0.2266,0.2244,0.2262,974160.87
2025-09-08 22:00:00+00:00,0.2262,0.2272,0.2258,0.2269,1706665.75
2025-09-08 23:00:00+00:00,0.2269,0.2271,0.2258,0.2264,906385.53
2025-09-09 00:00:00+00:00,0.2264,0.2285,0.2256,0.2273,3030579.96
2025-09-09 01:00:00+00:00,0.2273,0.2281,0.2257,0.2259,1682962.48
2025-09-09 02:00:00+00:00,0.2259,0.2263,0.2239,0.2244,2173458.9
2025-09-09 03:00:00+00:00,0.2244,0.2263,0.2241,0.2263,1507021.14
2025-09-09 04:00:00+00:00,0.2263,0.2277,0.2258,0.2272,2363544.06
2025-09-09 05:00:00+00:00,0.2272,0.2275,0.2261,0.2275,1263746.58
2025-09-09 06:00:00+00:00,0.2275,0.2314,0.2272,0.2306,4774761.57
2025-09-09 07:00:00+00:00,0.2306,0.233,0.2306,0.2322,3659004.87
2025-09-09 08:00:00+00:00,0.2322,0.2339,0.2315,0.2336,2152562.21
2025-09-09 09:00:00+00:00,0.2336,0.2341,0.2323,0.2324,1952537.5
2025-09-09 10:00:00+00:00,0.2324,0.2342,0.2324,0.2327,2421971.3
2025-09-09 11:00:00+00:00,0.2327,0.2335,0.2319,0.2319,1525816.55
2025-09-09 12:00:00+00:00,0.2319,0.2349,0.2311,0.2313,3123968.39
2025-09-09 13:00:00+00:00,0.2313,0.232,0.2303,0.2312,3105341.27
2025-09-09 14:00:00+00:00,0.2312,0.2318,0.2264,0.2279,7605352.07
2025-09-09 15:00:00+00:00,0.2279,0.2281,0.2248,0.2257,3935650.91
2025-09-09 16:00:00+00:00,0.2257,0.2264,0.2248,0.2256,2053594.91
2025-09-09 17:00:00+00:00,0.2256,0.227,0.2252,0.2261,1330961.54
2025-09-09 18:00:00+00:00,0.2261,0.2274,0.2255,0.227,1559167.52
2025-09-09 19:00:00+00:00,0.227,0.2285,0.2267,0.2275,1426489.22
2025-09-09 20:00:00+00:00,0.2275,0.2284,0.2269,0.2283,1523617.37
2025-09-09 21:00:00+00:00,0.2283,0.2292,0.2271,0.2272,1836272.32
2025-09-09 22:00:00+00:00,0.2272,0.2287,0.2269,0.2287,1638024.76
2025-09-09 23:00:00+00:00,0.2287,0.2287,0.2274,0.2281,1174862.72
2025-09-10 00:00:00+00:00,0.2281,0.2285,0.2268,0.2272,1284397.5
2025-09-10 01:00:00+00:00,0.2272,0.2289,0.2269,0.2289,1314436.98
2025-09-10 02:00:00+00:00,0.2289,0.2314,0.2289,0.2308,2350433.62
2025-09-10 03:00:00+00:00,0.2308,0.2313,0.2296,0.2313,1115378.42
2025-09-10 04:00:00+00:00,0.2313,0.2313,0.2297,0.2308,1136678.44
2025-09-10 05:00:00+00:00,0.2308,0.2311,0.2294,0.2305,1410088.71
2025-09-10 06:00:00+00:00,0.2305,0.232,0.2295,0.2315,1549697.93
2025-09-10 07:00:00+00:00,0.2315,0.2332,0.2311,0.2327,1960041.73
2025-09-10 08:00:00+00:00,0.2327,0.2334,0.2318,0.2321,1861870.32
2025-09-10 09:00:00+00:00,0.2321,0.2337,0.2313,0.2319,1855125.99
2025-09-10 10:00:00+00:00,0.2319,0.232,0.2304,0.2306,1564579.25
2025-09-10 11:00:00+00:00,0.2306,0.2316,0.2305,0.2313,1190118.59
2025-09-10 12:00:00+00:00,0.2313,0.2346,0.2309,0.2345,7214441.16
2025-09-10 13:00:00+00:00,0.2345,0.2368,0.2334,0.2354,5933723.15
2025-09-10 14:00:00+00:00,0.2354,0.2364,0.2339,0.234,3889513.56
2025-09-10 15:00:00+00:00,0.234,0.2351,0.2329,0.2334,3797931.97
2025-09-10 16:00:00+00:00,0.2334,0.2343,0.2319,0.2341,2271690.3
2025-09-10 17:00:00+00:00,0.2341,0.2344,0.2325,0.2335,1928638.8
2025-09-10 18:00:00+00:00,0.2335,0.2338,0.2321,0.2328,1105583.25
2025-09-10 19:00:00+00:00,0.2328,0.2329,0.2299,0.2307,2227475.32
2025-09-10 20:00:00+00:00,0.2307,0.232,0.2306,0.2319,902977.12
2025-09-10 21:00:00+00:00,0.2319,0.2335,0.2318,0.2334,878489.98
2025-09-10 22:00:00+00:00,0.2334,0.2337,0.2325,0.2327,1194619.31
2025-09-10 23:00:00+00:00,0.2327,0.2342,0.2327,0.2342,1229061.25
2025-09-11 00:00:00+00:00,0.2342,0.2356,0.234,0.2341,1827797.6
2025-09-11 01:00:00+00:00,0.2341,0.2356,0.2338,0.2353,1704725.34
2025-09-11 02:00:00+00:00,0.2353,0.2353,0.234,0.2345,831657.72
2025-09-11 03:00:00+00:00,0.2345,0.2361,0.234,0.2359,2106823.95
2025-09-11 04:00:00+00:00,0.2359,0.2364,0.2353,0.2357,1229873.13
2025-09-11 05:00:00+00:00,0.2357,0.2363,0.2349,0.2363,1130883.41
2025-09-11 06:00:00+00:00,0.2363,0.2378,0.2358,0.2374,1358125.04
2025-09-11 07:00:00+00:00,0.2374,0.2375,0.236,0.2368,2059115.94
2025-09-11 08:00:00+00:00,0.2368,0.2386,0.2364,0.2379,1721201.99
2025-09-11 09:00:00+00:00,0.2379,0.2385,0.2368,0.2381,1799638.47
2025-09-11 10:00:00+00:00,0.2381,0.239,0.2372,0.2381,1516444.69
2025-09-11 11:00:00+00:00,0.2381,0.2388,0.2367,0.237,1792300.73
2025-09-11 12:00:00+00:00,0.237,0.2414,0.2349,0.237,11722047.65
2025-09-11 13:00:00+00:00,0.237,0.2371,0.2346,0.2366,5903286.82
2025-09-11 14:00:00+00:00,0.2366,0.2367,0.234,0.2349,3057665.33
2025-09-11 15:00:00+00:00,0.2349,0.2355,0.2334,0.2335,3766225.71
2025-09-11 16:00:00+00:00,0.2335,0.2353,0.2334,0.2346,1816843.41
2025-09-11 17:00:00+00:00,0.2346,0.2361,0.2343,0.2351,2377834.44
2025-09-11 18:00:00+00:00,0.2351,0.2358,0.2346,0.2352,2435730.02
2025-09-11 19:00:00+00:00,0.2352,0.2364,0.2345,0.2358,2026703.26
2025-09-11 20:00:00+00:00,0.2358,0.2361,0.2345,0.2349,2101240.19
2025-09-11 21:00:00+00:00,0.2349,0.2399,0.2348,0.2398,3258221.31
2025-09-11 22:00:00+00:00,0.2398,0.2406,0.2384,0.2387,5296375.14
2025-09-11 23:00:00+00:00,0.2387,0.2403,0.2387,0.2398,2274592.65
2025-09-12 00:00:00+00:00,0.2398,0.2428,0.2395,0.2422,4761274.12
2025-09-12 01:00:00+00:00,0.2422,0.2433,0.2415,0.2417,3246401.73
2025-09-12 02:00:00+00:00,0.2417,0.2425,0.2409,0.2418,2749320.52
2025-09-12 03:00:00+00:00,0.2418,0.2427,0.2412,0.2425,1388205.4
2025-09-12 04:00:00+00:00,0.2425,0.2445,0.2419,0.2444,3251408.08
2025-09-12 05:00:00+00:00,0.2444,0.2454,0.2437,0.2453,4912023.16
2025-09-12 06:00:00+00:00,0.2453,0.2456,0.243,0.2433,3534363.01
2025-09-12 07:00:00+00:00,0.2433,0.2439,0.2415,0.2421,3030539.04
2025-09-12 08:00:00+00:00,0.2421,0.2422,0.2398,0.2405,2403720.03
2025-09-12 09:00:00+00:00,0.2405,0.2423,0.2401,0.2408,2796066.83
2025-09-12 10:00:00+00:00,0.2408,0.2416,0.2398,0.2411,2183847.65
2025-09-12 11:00:00+00:00,0.2411,0.2413,0.2393,0.2395,4246728.6
2025-09-12 12:00:00+00:00,0.2395,0.2405,0.2379,0.24,4929373.53
2025-09-12 13:00:00+00:00,0.24,0.2404,0.2389,0.2404,1882932.54
2025-09-12 14:00:00+00:00,0.2404,0.243,0.2399,0.2422,5291262.93
2025-09-12 15:00:00+00:00,0.2422,0.2423,0.2401,0.2411,1467437.49
2025-09-12 16:00:00+00:00,0.2411,0.2426,0.2406,0.2422,1694391.1
2025-09-12 17:00:00+00:00,0.2422,0.2438,0.2418,0.243,4160997.72
2025-09-12 18:00:00+00:00,0.243,0.2447,0.2429,0.2439,3584910.59
2025-09-12 19:00:00+00:00,0.2439,0.2447,0.2426,0.2445,1901545.41
2025-09-12 20:00:00+00:00,0.2445,0.2445,0.2428,0.244,2316864.94
2025-09-12 21:00:00+00:00,0.244,0.2441,0.2423,0.2427,1907443.53
2025-09-12 22:00:00+00:00,0.2427,0.2453,0.2427,0.2453,2845942.38
2025-09-12 23:00:00+00:00,0.2453,0.2457,0.2448,0.2455,1814085.63
2025-09-13 00:00:00+00:00,0.2455,0.2463,0.2443,0.2462,1993678.11
2025-09-13 01:00:00+00:00,0.2462,0.2475,0.2449,0.245,2344334.41
2025-09-13 02:00:00+00:00,0.245,0.2456,0.2441,0.2452,1522565.15
2025-09-13 03:00:00+00:00,0.2452,0.2467,0.2451,0.2466,1203759.83
2025-09-13 04:00:00+00:00,0.2466,0.2468,0.2455,0.2455,1079952.47
2025-09-13 05:00:00+00:00,0.2455,0.2461,0.245,0.2458,1318049.52
2025-09-13 06:00:00+00:00,0.2458,0.2472,0.2458,0.2469,1354455.25
2025-09-13 07:00:00+00:00,0.2469,0.2472,0.2464,0.2466,1300455.47
2025-09-13 08:00:00+00:00,0.2466,0.2488,0.2465,0.2487,1990122.55
2025-09-13 09:00:00+00:00,0.2487,0.253,0.2482,0.2526,4344650.33
2025-09-13 10:00:00+00:00,0.2526,0.2528,0.2505,0.2506,3553647.78
2025-09-13 11:00:00+00:00,0.2506,0.253,0.2496,0.2526,2711128.38
2025-09-13 12:00:00+00:00,0.2526,0.2537,0.2514,0.2534,3463916.56
2025-09-13 13:00:00+00:00,0.2534,0.2548,0.2493,0.2513,6517282.11
2025-09-13 14:00:00+00:00,0.2513,0.2526,0.2485,0.2506,6165671.14
2025-09-13 15:00:00+00:00,0.2506,0.2524,0.2482,0.249,4609356.89
2025-09-13 16:00:00+00:00,0.249,0.2502,0.2457,0.2458,4651855.56
2025-09-13 17:00:00+00:00,0.2458,0.2464,0.2439,0.2458,5858001.59
2025-09-13 18:00:00+00:00,0.2458,0.2461,0.2445,0.2459,1907922.46
2025-09-13 19:00:00+00:00,0.2459,0.2465,0.2453,0.2463,2324007.67
2025-09-13 20:00:00+00:00,0.2463,0.248,0.2463,0.2473,2661117.1
2025-09-13 21:00:00+00:00,0.2473,0.249,0.2472,0.2489,1162776.71
2025-09-13 22:00:00+00:00,0.2489,0.2492,0.2474,0.2478,998462.43
2025-09-13 23:00:00+00:00,0.2478,0.2483,0.2471,0.2482,920128.71
2025-09-14 00:00:00+00:00,0.2482,0.2485,0.2457,0.2462,1670701.07
2025-09-14 01:00:00+00:00,0.2462,0.2469,0.244,0.2468,2571063.25
2025-09-14 02:00:00+00:00,0.2468,0.2475,0.2451,0.2459,2521725.05
2025-09-14 03:00:00+00:00,0.2459,0.2461,0.2436,0.2439,2593820.22
2025-09-14 04:00:00+00:00,0.2439,0.2441,0.2417,0.2432,3382822.63
2025-09-14 05:00:00+00:00,0.2432,0.2452,0.2431,0.2452,1312938.9
2025-09-14 06:00:00+00:00,0.2452,0.2454,0.243,0.2437,1351865.39
2025-09-14 07:00:00+00:00,0.2437,0.2443,0.2426,0.2433,2101289.34
2025-09-14 08:00:00+00:00,0.2433,0.2441,0.2425,0.2431,1506304.11
2025-09-14 09:00:00+00:00,0.2431,0.245,0.2428,0.2447,1918122.19
2025-09-14 10:00:00+00:00,0.2447,0.2451,0.2437,0.2438,1434587.64
2025-09-14 11:00:00+00:00,0.2438,0.2441,0.2405,0.2407,3768457.2
2025-09-14 12:00:00+00:00,0.2407,0.2418,0.2391,0.2401,2579583.79
2025-09-14 13:00:00+00:00,0.2401,0.2408,0.238,0.2387,2688271.8
2025-09-14 14:00:00+00:00,0.2387,0.2403,0.237,0.2383,5294416.0
2025-09-14 15:00:00+00:00,0.2383,0.239,0.2372,0.2384,2485865.32
2025-09-14 16:00:00+00:00,0.2384,0.2431,0.2381,0.2404,4780706.05
2025-09-14 17:00:00+00:00,0.2404,0.2424,0.2402,0.2417,1488866.72
2025-09-14 18:00:00+00:00,0.2417,0.2418,0.2397,0.2399,1057025.57
2025-09-14 19:00:00+00:00,0.2399,0.2408,0.2392,0.2397,1392442.67
2025-09-14 20:00:00+00:00,0.2397,0.2406,0.2396,0.2399,857346.17
2025-09-14 21:00:00+00:00,0.2399,0.2419,0.2389,0.2413,1719846.3
2025-09-14 22:00:00+00:00,0.2413,0.2431,0.2407,0.2429,1740260.29
2025-09-14 23:00:00+00:00,0.2429,0.243,0.2397,0.2408,2255106.81
2025-09-15 00:00:00+00:00,0.2408,0.2426,0.2407,0.2408,1981467.87
2025-09-15 01:00:00+00:00,0.2408,0.2417,0.2386,0.2409,2147254.47
2025-09-15 02:00:00+00:00,0.2409,0.2425,0.2407,0.241,1247698.68
2025-09-15 03:00:00+00:00,0.241,0.2428,0.2409,0.2423,1268507.43
2025-09-15 04:00:00+00:00,0.2423,0.2429,0.2414,0.2415,2418313.99
2025-09-15 05:00:00+00:00,0.2415,0.2433,0.2413,0.2431,1268401.14
2025-09-15 06:00:00+00:00,0.2431,0.2432,0.2386,0.2394,2694664.45
2025-09-15 07:00:00+00:00,0.2394,0.2412,0.2374,0.2377,4230440.28
2025-09-15 08:00:00+00:00,0.2377,0.2377,0.232,0.232,9695395.27
2025-09-15 09:00:00+00:00,0.232,0.2343,0.2318,0.2342,3429981.61
2025-09-15 10:00:00+00:00,0.2342,0.2342,0.2321,0.2336,1953960.44
2025-09-15 11:00:00+00:00,0.2336,0.2341,0.2326,0.2338,1711201.53
2025-09-15 12:00:00+00:00,0.2338,0.2343,0.2324,0.2326,2017915.98
2025-09-15 13:00:00+00:00,0.2326,0.2353,0.2322,0.2337,2962375.83
2025-09-15 14:00:00+00:00,0.2337,0.2344,0.232,0.2323,3584409.96
2025-09-15 15:00:00+00:00,0.2323,0.2334,0.2307,0.2318,4832322.98
2025-09-15 16:00:00+00:00,0.2318,0.2328,0.2301,0.2313,4897210.21
2025-09-15 17:00:00+00:00,0.2313,0.2336,0.2311,0.2336,3109445.53
2025-09-15 18:00:00+00:00,0.2336,0.2347,0.2327,0.2345,1972914.66
2025-09-15 19:00:00+00:00,0.2345,0.2354,0.2333,0.2344,2073112.38
2025-09-15 20:00:00+00:00,0.2344,0.2352,0.2339,0.2351,1145448.12
2025-09-15 21:00:00+00:00,0.2351,0.2364,0.2348,0.2364,1186488.47
2025-09-15 22:00:00+00:00,0.2364,0.2367,0.2355,0.2357,1746094.57
2025-09-15 23:00:00+00:00,0.2357,0.2373,0.2355,0.237,978049.9
2025-09-16 00:00:00+00:00,0.237,0.237,0.2348,0.2355,1375836.26
2025-09-16 01:00:00+00:00,0.2355,0.2366,0.2348,0.2348,1497722.11
2025-09-16 02:00:00+00:00,0.2348,0.2355,0.2344,0.2345,1114923.65
2025-09-16 03:00:00+00:00,0.2345,0.2351,0.234,0.234,1281251.08
2025-09-16 04:00:00+00:00,0.234,0.2342,0.2316,0.2336,1619310.07
2025-09-16 05:00:00+00:00,0.2336,0.2351,0.2333,0.235,1243095.49
2025-09-16 06:00:00+00:00,0.235,0.2355,0.2334,0.2338,964359.1
2025-09-16 07:00:00+00:00,0.2338,0.2353,0.2337,0.2348,1207450.58
2025-09-16 08:00:00+00:00,0.2348,0.2376,0.2348,0.2372,2065209.05
2025-09-16 09:00:00+00:00,0.2372,0.238,0.2363,0.2375,1633408.99
2025-09-16 10:00:00+00:00,0.2375,0.2382,0.2368,0.2369,2261567.64
2025-09-16 11:00:00+00:00,0.2369,0.2372,0.2361,0.2364,1574371.81
2025-09-16 12:00:00+00:00,0.2364,0.2384,0.2359,0.2371,2033021.83
2025-09-16 13:00:00+00:00,0.2371,0.2385,0.2347,0.2365,4900252.47
2025-09-16 14:00:00+00:00,0.2365,0.2365,0.2334,0.2362,2915300.6
2025-09-16 15:00:00+00:00,0.2362,0.2368,0.2347,0.2368,2039282.98
2025-09-16 16:00:00+00:00,0.2368,0.2369,0.2351,0.2359,2222406.86
2025-09-16 17:00:00+00:00,0.2359,0.2396,0.2359,0.2391,2728858.22
2025-09-16 18:00:00+00:00,0.2391,0.2398,0.2377,0.2382,2052363.08
2025-09-16 19:00:00+00:00,0.2382,0.2384,0.2372,0.2383,1628668.48
2025-09-16 20:00:00+00:00,0.2383,0.2388,0.2379,0.2382,1519973.94
2025-09-16 21:00:00+00:00,0.2382,0.2389,0.2381,0.2389,1394810.36
2025-09-16 22:00:00+00:00,0.2389,0.2399,0.2384,0.2388,2201961.26
2025-09-16 23:00:00+00:00,0.2388,0.2389,0.2377,0.238,1241465.2
2025-09-17 00:00:00+00:00,0.238,0.2385,0.2372,0.2379,1099821.24
2025-09-17 01:00:00+00:00,0.2379,0.2385,0.2366,0.2369,1339917.56
2025-09-17 02:00:00+00:00,0.2369,0.2386,0.2363,0.2375,1773879.88
2025-09-17 03:00:00+00:00,0.2375,0.2379,0.236,0.2362,1857154.97
2025-09-17 04:00:00+00:00,0.2362,0.2368,0.2342,0.2352,1873864.8
2025-09-17 05:00:00+00:00,0.2352,0.2372,0.2349,0.2372,1662882.65
2025-09-17 06:00:00+00:00,0.2372,0.2388,0.2369,0.2387,1718403.62
2025-09-17 07:00:00+00:00,0.2387,0.2387,0.2376,0.2377,1451009.55
2025-09-17 08:00:00+00:00,0.2377,0.2377,0.2353,0.2356,2570640.61
2025-09-17 09:00:00+00:00,0.2356,0.2357,0.2341,0.2341,1732545.09
2025-09-17 10:00:00+00:00,0.2341,0.2346,0.2336,0.2342,1809296.47
2025-09-17 11:00:00+00:00,0.2342,0.2352,0.2339,0.2345,1498814.87
2025-09-17 12:00:00+00:00,0.2345,0.2354,0.234,0.2354,1466562.17
2025-09-17 13:00:00+00:00,0.2354,0.2356,0.2342,0.2349,2447356.73
2025-09-17 14:00:00+00:00,0.2349,0.2355,0.2331,0.2332,2121242.87
2025-09-17 15:00:00+00:00,0.2332,0.2346,0.2329,0.2341,3385653.29
2025-09-17 16:00:00+00:00,0.2341,0.2356,0.2327,0.2352,2975827.18
2025-09-17 17:00:00+00:00,0.2352,0.2391,0.2345,0.2366,7505142.64
2025-09-17 18:00:00+00:00,0.2366,0.239,0.2329,0.2335,24350976.67
2025-09-17 19:00:00+00:00,0.2335,0.2384,0.2334,0.2375,10045916.25
2025-09-17 20:00:00+00:00,0.2375,0.2406,0.2358,0.2364,13131554.43
2025-09-17 21:00:00+00:00,0.2364,0.2401,0.2354,0.2395,3993650.93
2025-09-17 22:00:00+00:00,0.2395,0.245,0.2395,0.2443,7821121.41
2025-09-17 23:00:00+00:00,0.2443,0.2455,0.2418,0.243,5629234.94
2025-09-18 00:00:00+00:00,0.243,0.2441,0.2417,0.2421,3170448.29
2025-09-18 01:00:00+00:00,0.2421,0.2439,0.2417,0.2434,2630327.38
2025-09-18 02:00:00+00:00,0.2434,0.2435,0.242,0.2432,2163915.94
2025-09-18 03:00:00+00:00,0.2432,0.2459,0.2426,0.2458,5471462.16
2025-09-18 04:00:00+00:00,0.2458,0.2462,0.245,0.2458,3541283.91
2025-09-18 05:00:00+00:00,0.2458,0.2458,0.2434,0.2438,2139247.08
2025-09-18 06:00:00+00:00,0.2438,0.2442,0.2416,0.2439,4450207.02
2025-09-18 07:00:00+00:00,0.2439,0.247,0.2438,0.246,4446786.56
2025-09-18 08:00:00+00:00,0.246,0.2518,0.2456,0.2518,7415948.27
2025-09-18 09:00:00+00:00,0.2518,0.2522,0.2481,0.2485,9528342.94
2025-09-18 10:00:00+00:00,0.2485,0.249,0.2457,0.2469,4268444.98
2025-09-18 11:00:00+00:00,0.2469,0.2483,0.2468,0.2479,2002109.33
2025-09-18 12:00:00+00:00,0.2479,0.2489,0.2465,0.247,2926003.49
2025-09-18 13:00:00+00:00,0.247,0.2482,0.2458,0.2469,4652839.45
2025-09-18 14:00:00+00:00,0.2469,0.2482,0.2461,0.2462,4519169.04
2025-09-18 15:00:00+00:00,0.2462,0.2478,0.2461,0.247,3235919.77
2025-09-18 16:00:00+00:00,0.247,0.2476,0.2463,0.2472,2207334.32
2025-09-18 17:00:00+00:00,0.2472,0.2486,0.2469,0.2482,3496077.15
2025-09-18 18:00:00+00:00,0.2482,0.2493,0.2473,0.249,3868589.24
2025-09-18 19:00:00+00:00,0.249,0.2496,0.2472,0.2492,3720022.15
2025-09-18 20:00:00+00:00,0.2492,0.2499,0.2485,0.2493,1603435.68
2025-09-18 21:00:00+00:00,0.2493,0.2497,0.2478,0.2479,1838634.18
2025-09-18 22:00:00+00:00,0.2479,0.2483,0.2465,0.2466,2376902.12
2025-09-18 23:00:00+00:00,0.2466,0.247,0.2449,0.2462,2955273.84
2025-09-19 00:00:00+00:00,0.2462,0.2492,0.2462,0.2492,2817881.05
2025-09-19 01:00:00+00:00,0.2492,0.2502,0.2484,0.249,3961660.75
2025-09-19 02:00:00+00:00,0.249,0.249,0.2469,0.2469,2184722.19
2025-09-19 03:00:00+00:00,0.2469,0.2482,0.2446,0.2448,3049973.02
2025-09-19 04:00:00+00:00,0.2448,0.2466,0.2427,0.2465,3533434.16
2025-09-19 05:00:00+00:00,0.2465,0.2465,0.2443,0.2449,2758877.02
2025-09-19 06:00:00+00:00,0.2449,0.2449,0.2426,0.2427,2332280.42
2025-09-19 07:00:00+00:00,0.2427,0.245,0.2422,0.2444,2958020.35
2025-09-19 08:00:00+00:00,0.2444,0.2461,0.2442,0.2443,2222909.03
2025-09-19 09:00:00+00:00,0.2443,0.245,0.2418,0.2423,3418388.95
2025-09-19 10:00:00+00:00,0.2423,0.2423,0.241,0.2416,2310709.56
2025-09-19 11:00:00+00:00,0.2416,0.2417,0.2393,0.2398,3011963.67
2025-09-19 12:00:00+00:00,0.2398,0.2416,0.2398,0.2405,1633928.33
2025-09-19 13:00:00+00:00,0.2405,0.2419,0.2401,0.2413,2251468.06
2025-09-19 14:00:00+00:00,0.2413,0.2417,0.2384,0.2386,3923033.58
2025-09-19 15:00:00+00:00,0.2386,0.2388,0.2363,0.2384,4473653.85
2025-09-19 16:00:00+00:00,0.2384,0.2399,0.238,0.2399,2046092.4
2025-09-19 17:00:00+00:00,0.2399,0.2399,0.2369,0.2369,1334669.51
2025-09-19 18:00:00+00:00,0.2369,0.2381,0.236,0.2374,1936148.27
2025-09-19 19:00:00+00:00,0.2374,0.2391,0.2371,0.2371,3580613.52
2025-09-19 20:00:00+00:00,0.2371,0.2385,0.2371,0.2373,1354729.68
2025-09-19 21:00:00+00:00,0.2373,0.2394,0.2368,0.2394,915515.55
2025-09-19 22:00:00+00:00,0.2394,0.2403,0.2394,0.2399,793777.95
2025-09-19 23:00:00+00:00,0.2399,0.2399,0.2371,0.2388,1096267.27
2025-09-20 00:00:00+00:00,0.2388,0.241,0.2387,0.241,1213675.57
2025-09-20 01:00:00+00:00,0.241,0.241,0.2392,0.2398,1310265.68
2025-09-20 02:00:00+00:00,0.2398,0.241,0.2379,0.241,1206775.81
2025-09-20 03:00:00+00:00,0.241,0.241,0.2396,0.2398,1407643.79
2025-09-20 04:00:00+00:00,0.2398,0.2417,0.2394,0.2411,1589620.71
2025-09-20 05:00:00+00:00,0.2411,0.2431,0.2404,0.2431,1960615.37
2025-09-20 06:00:00+00:00,0.2431,0.245,0.2421,0.2449,1848863.95
2025-09-20 07:00:00+00:00,0.2449,0.2454,0.2436,0.2443,2468702.82
2025-09-20 08:00:00+00:00,0.2443,0.2448,0.2416,0.2417,1448947.77
2025-09-20 09:00:00+00:00,0.2417,0.2428,0.2411,0.2412,1198102.23
2025-09-20 10:00:00+00:00,0.2412,0.2416,0.2398,0.24,1256329.58
2025-09-20 11:00:00+00:00,0.24,0.242,0.2397,0.2417,1358118.35
2025-09-20 12:00:00+00:00,0.2417,0.2426,0.2413,0.2425,1458320.99
2025-09-20 13:00:00+00:00,0.2425,0.2436,0.2419,0.2421,1858670.85
2025-09-20 14:00:00+00:00,0.2421,0.2436,0.241,0.2436,2593150.99
2025-09-20 15:00:00+00:00,0.2436,0.2469,0.2436,0.2448,4400217.34
2025-09-20 16:00:00+00:00,0.2448,0.2454,0.2427,0.2438,2023624.16
2025-09-20 17:00:00+00:00,0.2438,0.2441,0.2427,0.243,1316266.73
2025-09-20 18:00:00+00:00,0.243,0.2433,0.2421,0.2427,1202941.92
2025-09-20 19:00:00+00:00,0.2427,0.2436,0.2419,0.2425,1046048.61
2025-09-20 20:00:00+00:00,0.2425,0.244,0.2423,0.2435,930651.75
2025-09-20 21:00:00+00:00,0.2435,0.2439,0.2429,0.2429,710975.5
2025-09-20 22:00:00+00:00,0.2429,0.243,0.2421,0.2426,658690.01
2025-09-20 23:00:00+00:00,0.2426,0.2426,0.2417,0.2419,538699.11
2025-09-21 00:00:00+00:00,0.2419,0.2427,0.241,0.2422,1655852.51
2025-09-21 01:00:00+00:00,0.2422,0.2422,0.2408,0.2411,870094.94
2025-09-21 02:00:00+00:00,0.2411,0.2422,0.2405,0.2421,1019000.49
2025-09-21 03:00:00+00:00,0.2421,0.2423,0.2418,0.2422,724124.85
2025-09-21 04:00:00+00:00,0.2422,0.2422,0.2409,0.2414,1056697.99
2025-09-21 05:00:00+00:00,0.2414,0.2426,0.2412,0.2426,1820974.64
2025-09-21 06:00:00+00:00,0.2426,0.243,0.2413,0.2413,1306246.72
2025-09-21 07:00:00+00:00,0.2413,0.2413,0.2406,0.2409,1378609.85
2025-09-21 08:00:00+00:00,0.2409,0.2409,0.2394,0.2395,1527344.82
2025-09-21 09:00:00+00:00,0.2395,0.2396,0.2366,0.2382,2823757.36
2025-09-21 10:00:00+00:00,0.2382,0.2384,0.2367,0.2368,1766441.87
2025-09-21 11:00:00+00:00,0.2368,0.2376,0.2365,0.2369,1269381.51
2025-09-21 12:00:00+00:00,0.2369,0.2379,0.2368,0.2369,1180637.77
2025-09-21 13:00:00+00:00,0.2369,0.238,0.2368,0.2378,1049021.6
2025-09-21 14:00:00+00:00,0.2378,0.2379,0.2366,0.2366,871158.66
2025-09-21 15:00:00+00:00,0.2366,0.237,0.2357,0.2357,1545726.71
2025-09-21 16:00:00+00:00,0.2357,0.236,0.2339,0.2346,2261204.28
2025-09-21 17:00:00+00:00,0.2346,0.2366,0.2338,0.2363,1914590.5
2025-09-21 18:00:00+00:00,0.2363,0.237,0.2357,0.237,1025805.82
2025-09-21 19:00:00+00:00,0.237,0.237,0.2355,0.2362,911951.22
2025-09-21 20:00:00+00:00,0.2362,0.2363,0.2349,0.2349,938433.98
2025-09-21 21:00:00+00:00,0.2349,0.2356,0.2347,0.2351,869570.91
2025-09-21 22:00:00+00:00,0.2351,0.2354,0.2335,0.2353,1377618.6
2025-09-21 23:00:00+00:00,0.2353,0.2353,0.2335,0.234,1514108.35
2025-09-22 00:00:00+00:00,0.234,0.2348,0.2277,0.2284,10452833.71
2025-09-22 01:00:00+00:00,0.2284,0.2297,0.2271,0.228,3652110.23
2025-09-22 02:00:00+00:00,0.228,0.2284,0.2238,0.2252,6073426.72
2025-09-22 03:00:00+00:00,0.2252,0.2268,0.2251,0.2267,2625592.86
2025-09-22 04:00:00+00:00,0.2267,0.227,0.2257,0.2259,1889489.75
2025-09-22 05:00:00+00:00,0.2259,0.2259,0.2221,0.2221,3226815.94
2025-09-22 06:00:00+00:00,0.2221,0.2221,0.2145,0.2196,23401415.4
2025-09-22 07:00:00+00:00,0.2196,0.2199,0.2169,0.2169,5003711.05
2025-09-22 08:00:00+00:00,0.2169,0.2178,0.2155,0.217,4286054.22
2025-09-22 09:00:00+00:00,0.217,0.2173,0.2143,0.2145,3573300.6
2025-09-22 10:00:00+00:00,0.2145,0.2176,0.214,0.2175,3132258.29
2025-09-22 11:00:00+00:00,0.2175,0.2176,0.2158,0.217,2376174.24
2025-09-22 12:00:00+00:00,0.217,0.2184,0.2165,0.218,2396434.75
2025-09-22 13:00:00+00:00,0.218,0.2218,0.2179,0.2218,8364193.26
2025-09-22 14:00:00+00:00,0.2218,0.2222,0.2188,0.2201,8028323.67
2025-09-22 15:00:00+00:00,0.2201,0.2209,0.219,0.2191,3755845.59
2025-09-22 16:00:00+00:00,0.2191,0.2206,0.2186,0.2189,3501411.17
2025-09-22 17:00:00+00:00,0.2189,0.22,0.2182,0.219,3441765.03
2025-09-22 18:00:00+00:00,0.219,0.2191,0.2183,0.2183,2768313.13
2025-09-22 19:00:00+00:00,0.2183,0.2186,0.2169,0.2172,3382431.69
2025-09-22 20:00:00+00:00,0.2172,0.2196,0.2167,0.2192,2288963.64
2025-09-22 21:00:00+00:00,0.2192,0.2217,0.2189,0.2215,2348030.09
2025-09-22 22:00:00+00:00,0.2215,0.2216,0.221,0.2216,1232323.54
2025-09-22 23:00:00+00:00,0.2216,0.2225,0.2215,0.2222,1917535.05
2025-09-23 00:00:00+00:00,0.2222,0.2226,0.2201,0.2212,4936324.39
2025-09-23 01:00:00+00:00,0.2212,0.2221,0.2198,0.2199,2333200.92
2025-09-23 02:00:00+00:00,0.2199,0.2209,0.219,0.2192,2932882.94
2025-09-23 03:00:00+00:00,0.2192,0.2227,0.2184,0.2209,5938668.34
2025-09-23 04:00:00+00:00,0.2209,0.2215,0.2195,0.2206,1719260.12
2025-09-23 05:00:00+00:00,0.2206,0.2222,0.2202,0.2207,1975619.62
2025-09-23 06:00:00+00:00,0.2207,0.2241,0.2206,0.2238,4166676.81
2025-09-23 07:00:00+00:00,0.2238,0.2245,0.2231,0.2238,2877571.71
2025-09-23 08:00:00+00:00,0.2238,0.2248,0.2235,0.2248,1624370.75
2025-09-23 09:00:00+00:00,0.2248,0.2252,0.2225,0.2229,2711820.74
2025-09-23 10:00:00+00:00,0.2229,0.2236,0.2226,0.2228,1867501.76
2025-09-23 11:00:00+00:00,0.2228,0.2228,0.2214,0.2222,2733049.22
2025-09-23 12:00:00+00:00,0.2222,0.2234,0.2217,0.2226,2381984.1
2025-09-23 13:00:00+00:00,0.2226,0.2229,0.2217,0.2222,1803090.08
2025-09-23 14:00:00+00:00,0.2222,0.2238,0.2215,0.2219,3719307.55
2025-09-23 15:00:00+00:00,0.2219,0.2235,0.2211,0.2229,2346514.44
2025-09-23 16:00:00+00:00,0.2229,0.224,0.2213,0.2233,4136631.06
2025-09-23 17:00:00+00:00,0.2233,0.2234,0.2202,0.2204,3515529.6
2025-09-23 18:00:00+00:00,0.2204,0.221,0.2193,0.2196,3645299.62
2025-09-23 19:00:00+00:00,0.2196,0.221,0.2186,0.219,2655646.9
2025-09-23 20:00:00+00:00,0.219,0.22,0.2183,0.22,2644278.1
2025-09-23 21:00:00+00:00,0.22,0.2215,0.2193,0.221,1431460.23
2025-09-23 22:00:00+00:00,0.221,0.221,0.2195,0.22,1448470.56
2025-09-23 23:00:00+00:00,0.22,0.2202,0.2188,0.219,1304636.65
2025-09-24 00:00:00+00:00,0.219,0.221,0.2187,0.2201,2224159.51
2025-09-24 01:00:00+00:00,0.2201,0.2226,0.2197,0.2225,2548971.97
2025-09-24 02:00:00+00:00,0.2225,0.2226,0.2205,0.2213,1998051.39
2025-09-24 03:00:00+00:00,0.2213,0.2218,0.2184,0.2186,4293481.53
2025-09-24 04:00:00+00:00,0.2186,0.2215,0.2166,0.2201,7868589.82
2025-09-24 05:00:00+00:00,0.2201,0.2235,0.22,0.2234,3302848.51
2025-09-24 06:00:00+00:00,0.2234,0.2239,0.2225,0.2236,2287445.65
2025-09-24 07:00:00+00:00,0.2236,0.2238,0.2227,0.2236,2809186.51
2025-09-24 08:00:00+00:00,0.2236,0.2245,0.2226,0.223,3861083.39
2025-09-24 09:00:00+00:00,0.223,0.2243,0.2226,0.2241,1236218.39
2025-09-24 10:00:00+00:00,0.2241,0.2246,0.2232,0.2238,2281739.49
2025-09-24 11:00:00+00:00,0.2238,0.2248,0.2236,0.2243,1688913.86
2025-09-24 12:00:00+00:00,0.2243,0.2248,0.2237,0.2239,2407395.04
2025-09-24 13:00:00+00:00,0.2239,0.2244,0.2225,0.2226,2119551.3
2025-09-24 14:00:00+00:00,0.2226,0.2262,0.2226,0.2253,3553305.42
2025-09-24 15:00:00+00:00,0.2253,0.2256,0.2237,0.2241,2581380.23
2025-09-24 16:00:00+00:00,0.2241,0.2253,0.2237,0.2245,3508411.71
2025-09-24 17:00:00+00:00,0.2245,0.225,0.2238,0.2241,1936035.24
2025-09-24 18:00:00+00:00,0.2241,0.2245,0.2237,0.224,1210747.44
2025-09-24 19:00:00+00:00,0.224,0.2246,0.2233,0.2242,1336714.12
2025-09-24 20:00:00+00:00,0.2242,0.2243,0.2225,0.2233,1857532.81
2025-09-24 21:00:00+00:00,0.2233,0.2238,0.222,0.2222,1603302.39
2025-09-24 22:00:00+00:00,0.2222,0.2231,0.2218,0.2221,1430484.09
2025-09-24 23:00:00+00:00,0.2221,0.2224,0.2209,0.2212,1422240.87
2025-09-25 00:00:00+00:00,0.2212,0.2219,0.2199,0.2202,3535507.08
2025-09-25 01:00:00+00:00,0.2202,0.2208,0.2188,0.2192,3616971.0
2025-09-25 02:00:00+00:00,0.2192,0.2211,0.2183,0.22,4213398.79
2025-09-25 03:00:00+00:00,0.22,0.22,0.2169,0.2184,3737051.55
2025-09-25 04:00:00+00:00,0.2184,0.2188,0.2125,0.2134,12218440.67
2025-09-25 05:00:00+00:00,0.2134,0.2157,0.2128,0.2153,2845103.11
2025-09-25 06:00:00+00:00,0.2153,0.2153,0.2134,0.2136,3862270.0
2025-09-25 07:00:00+00:00,0.2136,0.2152,0.2134,0.2137,2558471.67
2025-09-25 08:00:00+00:00,0.2137,0.2148,0.213,0.2136,2653774.05
2025-09-25 09:00:00+00:00,0.2136,0.2152,0.2129,0.213,3837005.96
2025-09-25 10:00:00+00:00,0.213,0.2146,0.2127,0.2127,3038919.9
2025-09-25 11:00:00+00:00,0.2127,0.2132,0.2114,0.2117,2662692.35
2025-09-25 12:00:00+00:00,0.2117,0.2137,0.2097,0.2133,7658017.94
2025-09-25 13:00:00+00:00,0.2133,0.2148,0.2114,0.2128,6229575.65
2025-09-25 14:00:00+00:00,0.2128,0.2192,0.2128,0.2155,7613194.99
2025-09-25 15:00:00+00:00,0.2155,0.2158,0.214,0.215,2686399.27
2025-09-25 16:00:00+00:00,0.215,0.2153,0.2117,0.2118,3407549.56
2025-09-25 17:00:00+00:00,0.2118,0.2118,0.2054,0.2063,9979382.83
2025-09-25 18:00:00+00:00,0.2063,0.2111,0.2055,0.2111,5901293.72
2025-09-25 19:00:00+00:00,0.2111,0.2122,0.209,0.2093,2718291.88
2025-09-25 20:00:00+00:00,0.2093,0.2096,0.2073,0.2074,2333631.61
2025-09-25 21:00:00+00:00,0.2074,0.2096,0.2071,0.2091,2363501.75
2025-09-25 22:00:00+00:00,0.2091,0.2102,0.2076,0.2084,1706392.3
2025-09-25 23:00:00+00:00,0.2084,0.2095,0.206,0.2075,3291821.23
2025-09-26 00:00:00+00:00,0.2075,0.2112,0.2074,0.2107,2628919.36
2025-09-26 01:00:00+00:00,0.2107,0.2116,0.2098,0.2102,3300411.26
2025-09-26 02:00:00+00:00,0.2102,0.211,0.2089,0.2097,1837341.53
2025-09-26 03:00:00+00:00,0.2097,0.2101,0.2087,0.21,1476045.22
2025-09-26 04:00:00+00:00,0.21,0.2103,0.2084,0.2086,1744424.8
2025-09-26 05:00:00+00:00,0.2086,0.2102,0.2072,0.2074,2806165.29
2025-09-26 06:00:00+00:00,0.2074,0.2088,0.2062,0.2074,4382859.73
2025-09-26 07:00:00+00:00,0.2074,0.2084,0.2063,0.2075,2786463.11
2025-09-26 08:00:00+00:00,0.2075,0.209,0.2075,0.2086,1645217.53
2025-09-26 09:00:00+00:00,0.2086,0.2096,0.2071,0.208,1863579.23
2025-09-26 10:00:00+00:00,0.208,0.208,0.2056,0.2062,3149912.45
2025-09-26 11:00:00+00:00,0.2062,0.208,0.205,0.2074,2857968.32
2025-09-26 12:00:00+00:00,0.2074,0.2106,0.2057,0.2092,6870123.99
2025-09-26 13:00:00+00:00,0.2092,0.2109,0.2079,0.2105,6439953.27
2025-09-26 14:00:00+00:00,0.2105,0.2107,0.2077,0.2083,4305668.67
2025-09-26 15:00:00+00:00,0.2083,0.2103,0.2082,0.2096,2653032.8
2025-09-26 16:00:00+00:00,0.2096,0.2121,0.2094,0.212,2714920.38
2025-09-26 17:00:00+00:00,0.212,0.2151,0.2117,0.2147,3454229.09
2025-09-26 18:00:00+00:00,0.2147,0.2164,0.2146,0.2157,2731300.47
2025-09-26 19:00:00+00:00,0.2157,0.2158,0.2131,0.2141,3437308.86
2025-09-26 20:00:00+00:00,0.2141,0.2146,0.2134,0.2138,1459974.53
2025-09-26 21:00:00+00:00,0.2138,0.2148,0.2134,0.2147,1240067.89
2025-09-26 22:00:00+00:00,0.2147,0.215,0.2139,0.2139,834529.04
2025-09-26 23:00:00+00:00,0.2139,0.2147,0.2135,0.2144,702559.19
2025-09-27 00:00:00+00:00,0.2144,0.2144,0.2134,0.2137,813628.9
2025-09-27 01:00:00+00:00,0.2137,0.2138,0.2124,0.2128,1027667.78
2025-09-27 02:00:00+00:00,0.2128,0.2132,0.2122,0.213,1393669.7
2025-09-27 03:00:00+00:00,0.213,0.2138,0.213,0.2134,935561.17
2025-09-27 04:00:00+00:00,0.2134,0.2139,0.2131,0.2136,891048.73
2025-09-27 05:00:00+00:00,0.2136,0.2142,0.2128,0.214,593521.43
2025-09-27 06:00:00+00:00,0.214,0.214,0.2129,0.2134,565761.12
2025-09-27 07:00:00+00:00,0.2134,0.2138,0.2125,0.2128,606112.33
2025-09-27 08:00:00+00:00,0.2128,0.2136,0.2121,0.2128,1148671.54
2025-09-27 09:00:00+00:00,0.2128,0.2143,0.2116,0.2142,1412966.9
2025-09-27 10:00:00+00:00,0.2142,0.2152,0.2125,0.2133,2909668.36
2025-09-27 11:00:00+00:00,0.2133,0.2135,0.2128,0.2133,714349.06
2025-09-27 12:00:00+00:00,0.2133,0.2144,0.2127,0.2138,1205079.84
2025-09-27 13:00:00+00:00,0.2138,0.2138,0.2132,0.2132,946319.44
2025-09-27 14:00:00+00:00,0.2132,0.2136,0.213,0.2134,1358956.17
2025-09-27 15:00:00+00:00,0.2134,0.2135,0.2122,0.2134,1206388.69
2025-09-27 16:00:00+00:00,0.2134,0.2135,0.2124,0.2126,817902.51
2025-09-27 17:00:00+00:00,0.2126,0.2127,0.2114,0.2126,1368664.17
2025-09-27 18:00:00+00:00,0.2126,0.2128,0.2118,0.2124,579616.45
2025-09-27 19:00:00+00:00,0.2124,0.2128,0.212,0.2125,590638.98
2025-09-27 20:00:00+00:00,0.2125,0.213,0.2122,0.2124,824868.9
2025-09-27 21:00:00+00:00,0.2124,0.2133,0.2122,0.2132,643379.93
2025-09-27 22:00:00+00:00,0.2132,0.2144,0.2131,0.2133,743224.92
2025-09-27 23:00:00+00:00,0.2133,0.2137,0.2126,0.2127,1311877.1
2025-09-28 00:00:00+00:00,0.2127,0.2129,0.2116,0.2117,1415753.61
2025-09-28 01:00:00+00:00,0.2117,0.2118,0.2105,0.2109,1749854.63
2025-09-28 02:00:00+00:00,0.2109,0.2116,0.2107,0.2112,1109512.04
2025-09-28 03:00:00+00:00,0.2112,0.2115,0.2107,0.2111,802334.93
2025-09-28 04:00:00+00:00,0.2111,0.2114,0.2107,0.2112,856204.3
2025-09-28 05:00:00+00:00,0.2112,0.2116,0.2107,0.211,736867.09
2025-09-28 06:00:00+00:00,0.211,0.2111,0.2099,0.2105,955967.77
2025-09-28 07:00:00+00:00,0.2105,0.2111,0.2099,0.2108,700293.29
2025-09-28 08:00:00+00:00,0.2108,0.2111,0.2097,0.2097,1169594.66
2025-09-28 09:00:00+00:00,0.2097,0.2098,0.2089,0.2092,1368663.95
2025-09-28 10:00:00+00:00,0.2092,0.2092,0.2084,0.2092,817055.94
2025-09-28 11:00:00+00:00,0.2092,0.2092,0.2081,0.2086,848643.84
2025-09-28 12:00:00+00:00,0.2086,0.2086,0.2075,0.2079,1060563.5
2025-09-28 13:00:00+00:00,0.2079,0.2107,0.2078,0.2104,1244680.12
2025-09-28 14:00:00+00:00,0.2104,0.211,0.2098,0.2106,1421590.59
2025-09-28 15:00:00+00:00,0.2106,0.2113,0.2104,0.2113,1407759.56
2025-09-28 16:00:00+00:00,0.2113,0.213,0.2113,0.2125,1305099.38
2025-09-28 17:00:00+00:00,0.2125,0.2144,0.2124,0.2137,2218452.08
2025-09-28 18:00:00+00:00,0.2137,0.2139,0.213,0.2135,754399.37
2025-09-28 19:00:00+00:00,0.2135,0.2136,0.2127,0.213,607493.54
2025-09-28 20:00:00+00:00,0.213,0.2147,0.2127,0.2138,1356031.39
2025-09-28 21:00:00+00:00,0.2138,0.2146,0.2133,0.2137,805154.83
2025-09-28 22:00:00+00:00,0.2137,0.217,0.2137,0.2166,3751908.34
2025-09-28 23:00:00+00:00,0.2166,0.2168,0.2159,0.2161,1185087.86
2025-09-29 00:00:00+00:00,0.2161,0.2165,0.2154,0.216,1053893.22
2025-09-29 01:00:00+00:00,0.216,0.2162,0.2152,0.2153,1023238.31
2025-09-29 02:00:00+00:00,0.2153,0.2167,0.2149,0.2163,1420183.53
2025-09-29 03:00:00+00:00,0.2163,0.2165,0.2155,0.2162,847336.19
2025-09-29 04:00:00+00:00,0.2162,0.2162,0.2149,0.2151,791414.4
2025-09-29 05:00:00+00:00,0.2151,0.2153,0.214,0.2152,991612.93
2025-09-29 06:00:00+00:00,0.2152,0.2154,0.2142,0.2142,1059371.03
2025-09-29 07:00:00+00:00,0.2142,0.216,0.2138,0.2152,1138015.15
2025-09-29 08:00:00+00:00,0.2152,0.2164,0.2148,0.216,1810223.8
2025-09-29 09:00:00+00:00,0.216,0.2163,0.2144,0.2147,1359933.85
2025-09-29 10:00:00+00:00,0.2147,0.2149,0.2134,0.2135,1357392.23
2025-09-29 11:00:00+00:00,0.2135,0.2142,0.2124,0.2141,1403739.47
2025-09-29 12:00:00+00:00,0.2141,0.215,0.2127,0.2128,1841162.16
2025-09-29 13:00:00+00:00,0.2128,0.2159,0.212,0.215,4227636.75
2025-09-29 14:00:00+00:00,0.215,0.2193,0.2148,0.2193,6443002.07
2025-09-29 15:00:00+00:00,0.2193,0.22,0.2168,0.2171,3584113.26
2025-09-29 16:00:00+00:00,0.2171,0.218,0.2146,0.2147,2857000.54
2025-09-29 17:00:00+00:00,0.2147,0.216,0.214,0.2158,2189597.81
2025-09-29 18:00:00+00:00,0.2158,0.2158,0.2146,0.2148,2379879.73
2025-09-29 19:00:00+00:00,0.2148,0.217,0.2147,0.2168,3973883.1
2025-09-29 20:00:00+00:00,0.2168,0.2187,0.2166,0.2185,2386949.96
2025-09-29 21:00:00+00:00,0.2185,0.2191,0.2179,0.2184,1431539.05
2025-09-29 22:00:00+00:00,0.2184,0.2186,0.217,0.2173,1337956.61
2025-09-29 23:00:00+00:00,0.2173,0.2177,0.2167,0.2168,1516269.07
2025-09-30 00:00:00+00:00,0.2168,0.2178,0.216,0.2162,3785346.22
2025-09-30 01:00:00+00:00,0.2162,0.2172,0.2147,0.2156,3049993.6
2025-09-30 02:00:00+00:00,0.2156,0.2161,0.215,0.2151,1378132.25
2025-09-30 03:00:00+00:00,0.2151,0.2161,0.2148,0.2152,1961229.36
2025-09-30 04:00:00+00:00,0.2152,0.2164,0.2151,0.2154,1143082.39
2025-09-30 05:00:00+00:00,0.2154,0.2159,0.2147,0.2157,1352401.71
2025-09-30 06:00:00+00:00,0.2157,0.2161,0.215,0.2151,1734646.81
2025-09-30 07:00:00+00:00,0.2151,0.2157,0.2135,0.2138,2225235.85
2025-09-30 08:00:00+00:00,0.2138,0.2139,0.2126,0.2126,1925044.42
2025-09-30 09:00:00+00:00,0.2126,0.2132,0.2118,0.2122,1884469.58
2025-09-30 10:00:00+00:00,0.2122,0.2132,0.212,0.2128,1231480.86
2025-09-30 11:00:00+00:00,0.2128,0.2141,0.2125,0.2139,1357128.05
2025-09-30 12:00:00+00:00,0.2139,0.2144,0.2133,0.2133,1071219.62
2025-09-30 13:00:00+00:00,0.2133,0.2144,0.2127,0.2134,3115089.02
2025-09-30 14:00:00+00:00,0.2134,0.2137,0.2119,0.2132,3648893.96
2025-09-30 15:00:00+00:00,0.2132,0.2132,0.2102,0.2113,3805081.74
2025-09-30 16:00:00+00:00,0.2113,0.2115,0.2101,0.211,2328861.23
2025-09-30 17:00:00+00:00,0.211,0.2116,0.209,0.2094,6796521.16
2025-09-30 18:00:00+00:00,0.2094,0.2119,0.2091,0.2117,1787364.06
2025-09-30 19:00:00+00:00,0.2117,0.2152,0.2115,0.215,4321613.19
2025-09-30 20:00:00+00:00,0.215,0.2165,0.2146,0.2165,2800106.68
2025-09-30 21:00:00+00:00,0.2165,0.2177,0.2157,0.2157,3672266.8
2025-09-30 22:00:00+00:00,0.2157,0.2173,0.2143,0.2146,3020315.43
2025-09-30 23:00:00+00:00,0.2146,0.2151,0.2139,0.215,1392718.6
2025-10-01 00:00:00+00:00,0.215,0.2159,0.2134,0.2144,2334591.81
2025-10-01 01:00:00+00:00,0.2144,0.2159,0.2138,0.2159,1640298.88
2025-10-01 02:00:00+00:00,0.2159,0.2159,0.2139,0.214,1190967.76
2025-10-01 03:00:00+00:00,0.214,0.2142,0.2103,0.2106,2782119.31
2025-10-01 04:00:00+00:00,0.2106,0.2135,0.2104,0.2125,2266263.43
2025-10-01 05:00:00+00:00,0.2125,0.214,0.2123,0.213,2101684.61
2025-10-01 06:00:00+00:00,0.213,0.2135,0.2109,0.211,1959537.94
2025-10-01 07:00:00+00:00,0.211,0.2125,0.211,0.2116,2875102.97
2025-10-01 08:00:00+00:00,0.2116,0.2212,0.2115,0.221,9387189.63
2025-10-01 09:00:00+00:00,0.221,0.2227,0.2208,0.2222,4757630.93
2025-10-01 10:00:00+00:00,0.2222,0.2223,0.219,0.2198,2589551.61
2025-10-01 11:00:00+00:00,0.2198,0.221,0.2198,0.2209,2192755.84
2025-10-01 12:00:00+00:00,0.2209,0.2211,0.2192,0.2192,2201458.61
2025-10-01 13:00:00+00:00,0.2192,0.2212,0.2192,0.2206,2382133.4
2025-10-01 14:00:00+00:00,0.2206,0.223,0.2202,0.2225,2985920.92
2025-10-01 15:00:00+00:00,0.2225,0.2228,0.2213,0.2225,2440499.72
2025-10-01 16:00:00+00:00,0.2225,0.2242,0.2217,0.2221,3594344.53
2025-10-01 17:00:00+00:00,0.2221,0.2225,0.2211,0.2213,3797412.95
2025-10-01 18:00:00+00:00,0.2213,0.2236,0.2212,0.2229,1654479.08
2025-10-01 19:00:00+00:00,0.2229,0.2241,0.2227,0.2235,2056876.24
2025-10-01 20:00:00+00:00,0.2235,0.2237,0.2224,0.2226,2567316.11
2025-10-01 21:00:00+00:00,0.2226,0.2227,0.2217,0.2218,1485802.47
2025-10-01 22:00:00+00:00,0.2218,0.2231,0.2215,0.2222,2397100.14
2025-10-01 23:00:00+00:00,0.2222,0.2244,0.2217,0.2243,1888185.09
2025-10-02 00:00:00+00:00,0.2243,0.2254,0.2237,0.2239,2738017.14
2025-10-02 01:00:00+00:00,0.2239,0.227,0.2233,0.2269,1752727.21
2025-10-02 02:00:00+00:00,0.2269,0.2279,0.2258,0.2276,1837182.5
2025-10-02 03:00:00+00:00,0.2276,0.2282,0.2266,0.2273,3076460.94
2025-10-02 04:00:00+00:00,0.2273,0.2279,0.2254,0.2265,2078052.96
2025-10-02 05:00:00+00:00,0.2265,0.2275,0.2257,0.2264,2875435.37
2025-10-02 06:00:00+00:00,0.2264,0.2285,0.2264,0.2276,2682549.04
2025-10-02 07:00:00+00:00,0.2276,0.2283,0.2264,0.2265,1560909.03
2025-10-02 08:00:00+00:00,0.2265,0.2275,0.2263,0.2274,1277429.52
2025-10-02 09:00:00+00:00,0.2274,0.2274,0.2264,0.2268,1066443.8
2025-10-02 10:00:00+00:00,0.2268,0.2279,0.2258,0.2277,1403117.4
2025-10-02 11:00:00+00:00,0.2277,0.2282,0.2268,0.2269,1480075.34
2025-10-02 12:00:00+00:00,0.2269,0.2278,0.2267,0.2277,1645888.25
2025-10-02 13:00:00+00:00,0.2277,0.228,0.2251,0.2264,3664306.38
2025-10-02 14:00:00+00:00,0.2264,0.2266,0.2222,0.2226,4463907.45
2025-10-02 15:00:00+00:00,0.2226,0.2259,0.2215,0.2258,3828972.06
2025-10-02 16:00:00+00:00,0.2258,0.2275,0.2255,0.2272,5284621.78
2025-10-02 17:00:00+00:00,0.2272,0.228,0.2264,0.2274,2370243.08
2025-10-02 18:00:00+00:00,0.2274,0.2291,0.2274,0.2289,2088725.39
2025-10-02 19:00:00+00:00,0.2289,0.2303,0.2285,0.2295,2836184.35
2025-10-02 20:00:00+00:00,0.2295,0.2297,0.2276,0.2288,2236905.6
2025-10-02 21:00:00+00:00,0.2288,0.2296,0.2279,0.2281,1576484.3
2025-10-02 22:00:00+00:00,0.2281,0.2287,0.2263,0.2269,3232973.67
2025-10-02 23:00:00+00:00,0.2269,0.2276,0.2266,0.2275,1428470.71
2025-10-03 00:00:00+00:00,0.2275,0.2275,0.2248,0.2249,2414378.88
2025-10-03 01:00:00+00:00,0.2249,0.2254,0.2238,0.224,2625024.82
2025-10-03 02:00:00+00:00,0.224,0.2253,0.2238,0.225,2719501.22
2025-10-03 03:00:00+00:00,0.225,0.2268,0.2243,0.2246,2789736.51
2025-10-03 04:00:00+00:00,0.2246,0.2263,0.2245,0.2258,1878762.17
2025-10-03 05:00:00+00:00,0.2258,0.2261,0.2246,0.2252,1304826.77
2025-10-03 06:00:00+00:00,0.2252,0.2254,0.2234,0.224,1773315.94
2025-10-03 07:00:00+00:00,0.224,0.2241,0.2232,0.2238,1378624.37
2025-10-03 08:00:00+00:00,0.2238,0.2248,0.2226,0.2247,1706455.18
2025-10-03 09:00:00+00:00,0.2247,0.225,0.224,0.2249,1318490.85
2025-10-03 10:00:00+00:00,0.2249,0.225,0.2242,0.2243,1058252.89
2025-10-03 11:00:00+00:00,0.2243,0.2243,0.2228,0.2231,1201475.85
2025-10-03 12:00:00+00:00,0.2231,0.2231,0.2223,0.2226,1584475.21
2025-10-03 13:00:00+00:00,0.2226,0.2238,0.2216,0.2224,2923115.17
2025-10-03 14:00:00+00:00,0.2224,0.2224,0.2202,0.2213,6431930.08
2025-10-03 15:00:00+00:00,0.2213,0.226,0.2206,0.2258,3688956.65
2025-10-03 16:00:00+00:00,0.2258,0.2299,0.2258,0.2263,6781440.51
2025-10-03 17:00:00+00:00,0.2263,0.227,0.2231,0.2237,8537275.73
2025-10-03 18:00:00+00:00,0.2237,0.2262,0.2227,0.2261,3463826.28
2025-10-03 19:00:00+00:00,0.2261,0.2267,0.225,0.225,2944780.11
2025-10-03 20:00:00+00:00,0.225,0.2256,0.224,0.2253,1669733.29
2025-10-03 21:00:00+00:00,0.2253,0.2256,0.2246,0.2248,1078681.29
2025-10-03 22:00:00+00:00,0.2248,0.2262,0.2248,0.2255,1199024.77
2025-10-03 23:00:00+00:00,0.2255,0.2259,0.2248,0.2254,983393.47
2025-10-04 00:00:00+00:00,0.2254,0.2262,0.2247,0.2251,1841022.1
2025-10-04 01:00:00+00:00,0.2251,0.2252,0.2226,0.2229,1760202.71
2025-10-04 02:00:00+00:00,0.2229,0.2236,0.222,0.2227,1569543.65
2025-10-04 03:00:00+00:00,0.2227,0.2232,0.2217,0.223,1081112.46
2025-10-04 04:00:00+00:00,0.223,0.2239,0.2229,0.2236,1073041.5
2025-10-04 05:00:00+00:00,0.2236,0.2243,0.2228,0.2238,1264938.21
2025-10-04 06:00:00+00:00,0.2238,0.2254,0.2237,0.2253,1349060.54
2025-10-04 07:00:00+00:00,0.2253,0.2253,0.2236,0.224,1035388.91
2025-10-04 08:00:00+00:00,0.224,0.224,0.2209,0.2216,3590135.86
2025-10-04 09:00:00+00:00,0.2216,0.2221,0.2206,0.2207,2096029.35
2025-10-04 10:00:00+00:00,0.2207,0.2213,0.2189,0.2192,2575415.01
2025-10-04 11:00:00+00:00,0.2192,0.2199,0.2187,0.2195,1879331.02
2025-10-04 12:00:00+00:00,0.2195,0.2197,0.2187,0.219,2447678.62
2025-10-04 13:00:00+00:00,0.219,0.2207,0.2189,0.2197,1549014.07
2025-10-04 14:00:00+00:00,0.2197,0.2206,0.2174,0.2174,2643240.35
2025-10-04 15:00:00+00:00,0.2174,0.218,0.215,0.2155,6717110.46
2025-10-04 16:00:00+00:00,0.2155,0.2165,0.215,0.2159,2145781.94
2025-10-04 17:00:00+00:00,0.2159,0.2167,0.2152,0.216,954367.27
2025-10-04 18:00:00+00:00,0.216,0.2162,0.2155,0.2158,684551.55
2025-10-04 19:00:00+00:00,0.2158,0.2164,0.2157,0.2162,673827.2
2025-10-04 20:00:00+00:00,0.2162,0.2169,0.216,0.2161,991021.38
2025-10-04 21:00:00+00:00,0.2161,0.2175,0.216,0.217,927112.62
2025-10-04 22:00:00+00:00,0.217,0.2177,0.2168,0.2169,1226122.46
2025-10-04 23:00:00+00:00,0.2169,0.2174,0.2165,0.2171,572468.25
2025-10-05 00:00:00+00:00,0.2171,0.2181,0.2161,0.2162,1688163.67
2025-10-05 01:00:00+00:00,0.2162,0.2174,0.2162,0.2172,1043851.15
2025-10-05 02:00:00+00:00,0.2172,0.2214,0.2168,0.2213,4428872.72
2025-10-05 03:00:00+00:00,0.2213,0.2222,0.2198,0.2199,2812228.58
2025-10-05 04:00:00+00:00,0.2199,0.2227,0.2196,0.2217,5019343.84
2025-10-05 05:00:00+00:00,0.2217,0.2226,0.2213,0.2218,2805844.62
2025-10-05 06:00:00+00:00,0.2218,0.2227,0.2217,0.2224,1424875.91
2025-10-05 07:00:00+00:00,0.2224,0.2255,0.2224,0.2253,2676183.57
2025-10-05 08:00:00+00:00,0.2253,0.2267,0.2242,0.2251,3446768.47
2025-10-05 09:00:00+00:00,0.2251,0.2252,0.2228,0.223,4236087.39
2025-10-05 10:00:00+00:00,0.223,0.2233,0.221,0.2219,2165298.93
2025-10-05 11:00:00+00:00,0.2219,0.222,0.2199,0.2211,3433521.77
2025-10-05 12:00:00+00:00,0.2211,0.2213,0.2199,0.22,1646645.35
2025-10-05 13:00:00+00:00,0.22,0.2213,0.2199,0.2208,1379096.44
2025-10-05 14:00:00+00:00,0.2208,0.2219,0.2194,0.22,2685824.69
2025-10-05 15:00:00+00:00,0.22,0.2206,0.2194,0.2204,1227300.78
2025-10-05 16:00:00+00:00,0.2204,0.2206,0.2181,0.2199,2173770.97
2025-10-05 17:00:00+00:00,0.2199,0.2202,0.2164,0.2165,3594852.95
2025-10-05 18:00:00+00:00,0.2165,0.2175,0.2161,0.2169,1865105.35
2025-10-05 19:00:00+00:00,0.2169,0.2169,0.2144,0.2146,2712915.26
2025-10-05 20:00:00+00:00,0.2146,0.2163,0.2143,0.2158,1990249.09
2025-10-05 21:00:00+00:00,0.2158,0.2162,0.2151,0.2161,1403222.19
2025-10-05 22:00:00+00:00,0.2161,0.2169,0.2152,0.2167,1754028.18
2025-10-05 23:00:00+00:00,0.2167,0.2173,0.2162,0.2164,1200315.91
2025-10-06 00:00:00+00:00,0.2164,0.2181,0.2152,0.2159,2387776.65
2025-10-06 01:00:00+00:00,0.2159,0.2184,0.2154,0.2172,1797765.8
2025-10-06 02:00:00+00:00,0.2172,0.2184,0.2159,0.2176,1631467.94
2025-10-06 03:00:00+00:00,0.2176,0.2184,0.2173,0.218,1168338.01
2025-10-06 04:00:00+00:00,0.218,0.2185,0.2172,0.2173,855446.77
2025-10-06 05:00:00+00:00,0.2173,0.2182,0.2167,0.2181,1051440.64
2025-10-06 06:00:00+00:00,0.2181,0.2205,0.218,0.2199,1583020.08
2025-10-06 07:00:00+00:00,0.2199,0.2208,0.2181,0.2195,2100208.96
2025-10-06 08:00:00+00:00,0.2195,0.2217,0.2195,0.2215,2093217.53
2025-10-06 09:00:00+00:00,0.2215,0.2224,0.2211,0.2212,1701290.55
2025-10-06 10:00:00+00:00,0.2212,0.2216,0.2204,0.221,1698465.48
2025-10-06 11:00:00+00:00,0.221,0.2233,0.2204,0.2228,2293354.59
2025-10-06 12:00:00+00:00,0.2228,0.2245,0.2228,0.2241,2755612.05
2025-10-06 13:00:00+00:00,0.2241,0.2259,0.2238,0.2258,4060781.22
2025-10-06 14:00:00+00:00,0.2258,0.2336,0.2251,0.229,18387264.89
2025-10-06 15:00:00+00:00,0.229,0.2314,0.2276,0.2307,8768500.75
2025-10-06 16:00:00+00:00,0.2307,0.2311,0.2277,0.2291,7571882.23
2025-10-06 17:00:00+00:00,0.2291,0.2309,0.2287,0.2297,5133739.63
2025-10-06 18:00:00+00:00,0.2297,0.231,0.2286,0.2305,6894849.63
2025-10-06 19:00:00+00:00,0.2305,0.231,0.2297,0.2302,2790942.67
2025-10-06 20:00:00+00:00,0.2302,0.2315,0.2297,0.2302,3091444.38
2025-10-06 21:00:00+00:00,0.2302,0.2323,0.2298,0.2323,3173166.74
2025-10-06 22:00:00+00:00,0.2323,0.233,0.2313,0.2319,4475209.04
2025-10-06 23:00:00+00:00,0.2319,0.2321,0.23,0.2301,3261652.69
2025-10-07 00:00:00+00:00,0.2301,0.231,0.2288,0.2295,4231606.09
2025-10-07 01:00:00+00:00,0.2295,0.2308,0.2288,0.2296,2915892.93
2025-10-07 02:00:00+00:00,0.2296,0.2303,0.2284,0.2289,1984041.0
2025-10-07 03:00:00+00:00,0.2289,0.2292,0.2278,0.2285,1837624.92
2025-10-07 04:00:00+00:00,0.2285,0.2301,0.2266,0.2293,3211750.61
2025-10-07 05:00:00+00:00,0.2293,0.23,0.2286,0.2289,1606027.63
2025-10-07 06:00:00+00:00,0.2289,0.2294,0.2259,0.226,2516623.92
2025-10-07 07:00:00+00:00,0.226,0.2272,0.2251,0.2255,2270962.39
2025-10-07 08:00:00+00:00,0.2255,0.2257,0.2234,0.2251,2442810.09
2025-10-07 09:00:00+00:00,0.2251,0.2261,0.2242,0.2247,1809037.93
2025-10-07 10:00:00+00:00,0.2247,0.2256,0.2242,0.2253,1493041.84
2025-10-07 11:00:00+00:00,0.2253,0.2262,0.2245,0.2256,1993768.0
2025-10-07 12:00:00+00:00,0.2256,0.2277,0.2247,0.2276,2490988.18
2025-10-07 13:00:00+00:00,0.2276,0.2282,0.2238,0.2251,6374927.34
2025-10-07 14:00:00+00:00,0.2251,0.2254,0.2199,0.22,7241313.59
2025-10-07 15:00:00+00:00,0.22,0.2201,0.2166,0.2173,9871170.73
2025-10-07 16:00:00+00:00,0.2173,0.2201,0.2162,0.219,4741257.09
2025-10-07 17:00:00+00:00,0.219,0.2198,0.2184,0.2184,2529014.09
2025-10-07 18:00:00+00:00,0.2184,0.2191,0.217,0.217,2518012.32
2025-10-07 19:00:00+00:00,0.217,0.2188,0.2168,0.2175,2589385.63
2025-10-07 20:00:00+00:00,0.2175,0.2208,0.2175,0.2198,3201203.26
2025-10-07 21:00:00+00:00,0.2198,0.2216,0.2194,0.2196,4533040.13
2025-10-07 22:00:00+00:00,0.2196,0.2209,0.2189,0.2194,1862137.14
2025-10-07 23:00:00+00:00,0.2194,0.2195,0.2177,0.2182,1975515.5
2025-10-08 00:00:00+00:00,0.2182,0.2209,0.2181,0.2205,1896315.61
2025-10-08 01:00:00+00:00,0.2205,0.2214,0.22,0.2205,1596970.56
2025-10-08 02:00:00+00:00,0.2205,0.2215,0.2198,0.2201,1631481.86
2025-10-08 03:00:00+00:00,0.2201,0.2201,0.2167,0.2172,2621626.53
2025-10-08 04:00:00+00:00,0.2172,0.2186,0.216,0.2182,2811430.63
2025-10-08 05:00:00+00:00,0.2182,0.2182,0.2153,0.2163,2558573.44
2025-10-08 06:00:00+00:00,0.2163,0.2167,0.2153,0.216,2809714.49
2025-10-08 07:00:00+00:00,0.216,0.2172,0.2155,0.2171,2429300.51
2025-10-08 08:00:00+00:00,0.2171,0.2188,0.2169,0.2181,2408470.21
2025-10-08 09:00:00+00:00,0.2181,0.2183,0.217,0.2183,1706469.31
2025-10-08 10:00:00+00:00,0.2183,0.2191,0.2181,0.2188,1694094.88
2025-10-08 11:00:00+00:00,0.2188,0.2192,0.2173,0.2176,1553535.14
2025-10-08 12:00:00+00:00,0.2176,0.2182,0.217,0.2179,1580356.68
2025-10-08 13:00:00+00:00,0.2179,0.2186,0.2156,0.2179,2850953.44
2025-10-08 14:00:00+00:00,0.2179,0.22,0.2163,0.2165,4526432.35
2025-10-08 15:00:00+00:00,0.2165,0.2184,0.2165,0.217,1946207.06
2025-10-08 16:00:00+00:00,0.217,0.2192,0.2166,0.2192,2708981.7
2025-10-08 17:00:00+00:00,0.2192,0.2223,0.2192,0.2214,4412853.74
2025-10-08 18:00:00+00:00,0.2214,0.2219,0.2199,0.2206,4773192.25
2025-10-08 19:00:00+00:00,0.2206,0.2208,0.2195,0.2202,2105595.81
2025-10-08 20:00:00+00:00,0.2202,0.2208,0.2191,0.2192,2039958.2
2025-10-08 21:00:00+00:00,0.2192,0.2202,0.2191,0.2198,2317392.49
2025-10-08 22:00:00+00:00,0.2198,0.2208,0.2194,0.2195,1142707.77
2025-10-08 23:00:00+00:00,0.2195,0.2202,0.2186,0.2197,1951409.48
2025-10-09 00:00:00+00:00,0.2197,0.22,0.2188,0.219,1258706.19
2025-10-09 01:00:00+00:00,0.219,0.219,0.2143,0.2166,7022511.56
2025-10-09 02:00:00+00:00,0.2166,0.2166,0.2129,0.2132,4366137.86
2025-10-09 03:00:00+00:00,0.2132,0.2148,0.2132,0.2144,1944209.94
2025-10-09 04:00:00+00:00,0.2144,0.2152,0.2137,0.2151,2064689.23
2025-10-09 05:00:00+00:00,0.2151,0.2153,0.214,0.2145,1946532.53
2025-10-09 06:00:00+00:00,0.2145,0.2146,0.2133,0.2134,1616463.64
2025-10-09 07:00:00+00:00,0.2134,0.2137,0.2121,0.2124,3478526.76
2025-10-09 08:00:00+00:00,0.2124,0.213,0.2099,0.2101,8473705.07
2025-10-09 09:00:00+00:00,0.2101,0.2123,0.2101,0.2118,5628883.44
2025-10-09 10:00:00+00:00,0.2118,0.2123,0.2105,0.2116,4495239.53
2025-10-09 11:00:00+00:00,0.2116,0.2134,0.2114,0.2129,4265954.3
2025-10-09 12:00:00+00:00,0.2129,0.2173,0.2127,0.2171,5211904.63
2025-10-09 13:00:00+00:00,0.2171,0.2173,0.2124,0.2126,7203576.63
2025-10-09 14:00:00+00:00,0.2126,0.2132,0.2101,0.2118,8947628.89
2025-10-09 15:00:00+00:00,0.2118,0.2135,0.2105,0.2111,5504637.39
2025-10-09 16:00:00+00:00,0.2111,0.2119,0.2088,0.2091,4886652.78
2025-10-09 17:00:00+00:00,0.2091,0.2119,0.209,0.2118,5121004.24
2025-10-09 18:00:00+00:00,0.2118,0.212,0.2103,0.2103,3068838.74
2025-10-09 19:00:00+00:00,0.2103,0.2122,0.2103,0.2112,1557316.12
2025-10-09 20:00:00+00:00,0.2112,0.2119,0.2104,0.2111,1138780.3
2025-10-09 21:00:00+00:00,0.2111,0.212,0.2109,0.2118,1110546.19
2025-10-09 22:00:00+00:00,0.2118,0.2144,0.2115,0.2139,2874182.35
2025-10-09 23:00:00+00:00,0.2139,0.2139,0.2126,0.213,1244978.95
2025-10-10 00:00:00+00:00,0.213,0.2136,0.2125,0.2133,2121769.57
2025-10-10 01:00:00+00:00,0.2133,0.2142,0.2129,0.2133,1889279.78
2025-10-10 02:00:00+00:00,0.2133,0.2133,0.2113,0.2115,2355284.16
2025-10-10 03:00:00+00:00,0.2115,0.2153,0.2108,0.214,3402183.03
2025-10-10 04:00:00+00:00,0.214,0.2153,0.2136,0.2142,2501452.91
2025-10-10 05:00:00+00:00,0.2142,0.2153,0.213,0.2153,2235105.16
2025-10-10 06:00:00+00:00,0.2153,0.216,0.2132,0.2139,2017831.99
2025-10-10 07:00:00+00:00,0.2139,0.2141,0.2124,0.2126,2003176.4
2025-10-10 08:00:00+00:00,0.2126,0.2148,0.2123,0.2148,2096040.14
2025-10-10 09:00:00+00:00,0.2148,0.2156,0.2138,0.2142,1998840.78
2025-10-10 10:00:00+00:00,0.2142,0.2152,0.2141,0.2149,1521732.68
2025-10-10 11:00:00+00:00,0.2149,0.2158,0.2143,0.2154,2531917.58
2025-10-10 12:00:00+00:00,0.2154,0.2162,0.2148,0.2162,2192780.52
2025-10-10 13:00:00+00:00,0.2162,0.2168,0.2151,0.216,4018149.36
2025-10-10 14:00:00+00:00,0.216,0.2169,0.2128,0.2129,5405915.93
2025-10-10 15:00:00+00:00,0.2129,0.2131,0.2049,0.2066,22877922.15
2025-10-10 16:00:00+00:00,0.2066,0.2082,0.2059,0.2062,7632700.61
2025-10-10 17:00:00+00:00,0.2062,0.2065,0.2044,0.2049,7009030.31
2025-10-10 18:00:00+00:00,0.2049,0.2058,0.2038,0.2039,4755856.98
2025-10-10 19:00:00+00:00,0.2039,0.2044,0.2009,0.2023,10199317.64
2025-10-10 20:00:00+00:00,0.2023,0.2044,0.1911,0.192,13511371.77
2025-10-10 21:00:00+00:00,0.192,0.1941,0.1103,0.1611,64938709.6
2025-10-10 22:00:00+00:00,0.1611,0.166,0.1491,0.1646,42361934.14
2025-10-10 23:00:00+00:00,0.1646,0.1729,0.161,0.1644,30188866.59
2025-10-11 00:00:00+00:00,0.1644,0.1696,0.1633,0.1668,22520113.41
2025-10-11 01:00:00+00:00,0.1668,0.1669,0.1609,0.1621,9083130.43
2025-10-11 02:00:00+00:00,0.1621,0.1713,0.162,0.17,7994184.52
2025-10-11 03:00:00+00:00,0.17,0.1707,0.1656,0.1678,7749874.6
2025-10-11 04:00:00+00:00,0.1678,0.1711,0.1673,0.1711,5013637.2
2025-10-11 05:00:00+00:00,0.1711,0.1714,0.167,0.1679,5503345.56
2025-10-11 06:00:00+00:00,0.1679,0.1705,0.1673,0.1688,4695497.58
2025-10-11 07:00:00+00:00,0.1688,0.1705,0.168,0.1695,5177540.89
2025-10-11 08:00:00+00:00,0.1695,0.1751,0.1688,0.1747,4678110.33
2025-10-11 09:00:00+00:00,0.1747,0.177,0.1745,0.1749,5491879.54
2025-10-11 10:00:00+00:00,0.1749,0.177,0.1741,0.1755,4403162.04
2025-10-11 11:00:00+00:00,0.1755,0.176,0.1738,0.1753,3711624.85
2025-10-11 12:00:00+00:00,0.1753,0.1753,0.1719,0.1729,3551842.57
2025-10-11 13:00:00+00:00,0.1729,0.173,0.1702,0.1725,4823750.94
2025-10-11 14:00:00+00:00,0.1725,0.1735,0.1712,0.1733,4340588.01
2025-10-11 15:00:00+00:00,0.1733,0.1755,0.1733,0.1748,4381437.69
2025-10-11 16:00:00+00:00,0.1748,0.176,0.1734,0.1741,3944962.28
2025-10-11 17:00:00+00:00,0.1741,0.1757,0.1741,0.175,3735269.3
2025-10-11 18:00:00+00:00,0.175,0.1751,0.173,0.173,2096227.4
2025-10-11 19:00:00+00:00,0.173,0.173,0.1657,0.1673,7826724.61
2025-10-11 20:00:00+00:00,0.1673,0.1677,0.1633,0.1642,6902587.85
2025-10-11 21:00:00+00:00,0.1642,0.1676,0.1618,0.1671,6509401.46
2025-10-11 22:00:00+00:00,0.1671,0.1692,0.167,0.169,3693271.46
2025-10-11 23:00:00+00:00,0.169,0.1693,0.1678,0.168,2425283.36
2025-10-12 00:00:00+00:00,0.168,0.1683,0.1651,0.1654,3032369.9
2025-10-12 01:00:00+00:00,0.1654,0.1673,0.165,0.1652,2714167.69
2025-10-12 02:00:00+00:00,0.1652,0.1673,0.1647,0.166,3916848.53
2025-10-12 03:00:00+00:00,0.166,0.1698,0.1656,0.1686,4523621.67
2025-10-12 04:00:00+00:00,0.1686,0.1709,0.1683,0.1702,3565590.38
2025-10-12 05:00:00+00:00,0.1702,0.1711,0.1692,0.1707,2614612.01
2025-10-12 06:00:00+00:00,0.1707,0.1722,0.1706,0.1718,2465317.48
2025-10-12 07:00:00+00:00,0.1718,0.1725,0.1703,0.1722,3918602.47
2025-10-12 08:00:00+00:00,0.1722,0.1729,0.1708,0.1709,3153719.92
2025-10-12 09:00:00+00:00,0.1709,0.1711,0.1693,0.171,3065118.46
2025-10-12 10:00:00+00:00,0.171,0.1719,0.1695,0.1696,3522197.16
2025-10-12 11:00:00+00:00,0.1696,0.171,0.1696,0.1705,4580102.59
2025-10-12 12:00:00+00:00,0.1705,0.1725,0.1704,0.1717,5077795.58
2025-10-12 13:00:00+00:00,0.1717,0.1719,0.1686,0.1691,4801807.98
2025-10-12 14:00:00+00:00,0.1691,0.1764,0.169,0.1746,11210517.44
2025-10-12 15:00:00+00:00,0.1746,0.1814,0.1744,0.1808,11372390.71
2025-10-12 16:00:00+00:00,0.1808,0.1865,0.1808,0.1853,12575478.46
2025-10-12 17:00:00+00:00,0.1853,0.1864,0.1838,0.1852,6707319.14
2025-10-12 18:00:00+00:00,0.1852,0.1863,0.1828,0.1838,5896438.53
2025-10-12 19:00:00+00:00,0.1838,0.1868,0.1837,0.1868,2820375.36
2025-10-12 20:00:00+00:00,0.1868,0.1883,0.1858,0.1864,3758596.64
2025-10-12 21:00:00+00:00,0.1864,0.1878,0.1828,0.185,5803583.63
2025-10-12 22:00:00+00:00,0.185,0.1864,0.1844,0.1849,4712209.69
2025-10-12 23:00:00+00:00,0.1849,0.1855,0.1836,0.1853,3969505.1
2025-10-13 00:00:00+00:00,0.1853,0.1863,0.1828,0.1835,5978633.41
2025-10-13 01:00:00+00:00,0.1835,0.1851,0.1825,0.1851,5361597.21
2025-10-13 02:00:00+00:00,0.1851,0.1856,0.1831,0.1847,3158894.34
2025-10-13 03:00:00+00:00,0.1847,0.1855,0.1832,0.1839,2465044.71
2025-10-13 04:00:00+00:00,0.1839,0.1855,0.1833,0.1853,2913399.13
2025-10-13 05:00:00+00:00,0.1853,0.1855,0.184,0.1841,2688834.93
2025-10-13 06:00:00+00:00,0.1841,0.1874,0.1831,0.1872,5122097.43
2025-10-13 07:00:00+00:00,0.1872,0.1897,0.1868,0.1871,6432288.11
2025-10-13 08:00:00+00:00,0.1871,0.1898,0.187,0.1893,6945286.64
2025-10-13 09:00:00+00:00,0.1893,0.1901,0.1876,0.19,4788935.54
2025-10-13 10:00:00+00:00,0.19,0.1904,0.1876,0.1888,6584245.88
2025-10-13 11:00:00+00:00,0.1888,0.1888,0.1834,0.1863,17127746.01
2025-10-13 12:00:00+00:00,0.1863,0.1889,0.185,0.1871,11102638.67
2025-10-13 13:00:00+00:00,0.1871,0.1908,0.1865,0.1902,17347779.76
2025-10-13 14:00:00+00:00,0.1902,0.1908,0.1853,0.186,23508293.8
2025-10-13 15:00:00+00:00,0.186,0.1891,0.186,0.188,9081540.74
2025-10-13 16:00:00+00:00,0.188,0.1894,0.1873,0.1888,10088866.89
2025-10-13 17:00:00+00:00,0.1888,0.1907,0.1874,0.1907,11937739.99
2025-10-13 18:00:00+00:00,0.1907,0.1916,0.1895,0.1904,10292304.95
2025-10-13 19:00:00+00:00,0.1904,0.1936,0.19,0.1934,12802884.72
2025-10-13 20:00:00+00:00,0.1934,0.1944,0.1924,0.1944,10585364.92
2025-10-13 21:00:00+00:00,0.1944,0.195,0.1933,0.1933,8144607.19
2025-10-13 22:00:00+00:00,0.1933,0.1946,0.1933,0.1946,5791429.55
2025-10-13 23:00:00+00:00,0.1946,0.1955,0.1938,0.1943,5242721.53
2025-10-14 00:00:00+00:00,0.1943,0.1951,0.1929,0.194,6866527.39
2025-10-14 01:00:00+00:00,0.194,0.1946,0.1929,0.1938,6503700.24
2025-10-14 02:00:00+00:00,0.1938,0.1938,0.1904,0.1907,7702493.54
2025-10-14 03:00:00+00:00,0.1907,0.1907,0.1884,0.1895,6196151.38
2025-10-14 04:00:00+00:00,0.1895,0.1901,0.1855,0.1868,6952639.57
2025-10-14 05:00:00+00:00,0.1868,0.1882,0.1837,0.1842,8174688.9
2025-10-14 06:00:00+00:00,0.1842,0.1853,0.1779,0.1804,14370231.72
2025-10-14 07:00:00+00:00,0.1804,0.1815,0.1788,0.1795,12174949.08
2025-10-14 08:00:00+00:00,0.1795,0.1822,0.1782,0.1809,10571469.95
2025-10-14 09:00:00+00:00,0.1809,0.1821,0.1803,0.1811,9504918.35
2025-10-14 10:00:00+00:00,0.1811,0.1811,0.1764,0.179,6485856.14
2025-10-14 11:00:00+00:00,0.179,0.1817,0.179,0.1804,4044731.09
2025-10-14 12:00:00+00:00,0.1804,0.1804,0.1777,0.1779,4221776.39
2025-10-14 13:00:00+00:00,0.1779,0.1802,0.1759,0.1791,8613758.16
2025-10-14 14:00:00+00:00,0.1791,0.1841,0.1784,0.1817,10568820.57
2025-10-14 15:00:00+00:00,0.1817,0.1861,0.1809,0.1857,7449414.64
2025-10-14 16:00:00+00:00,0.1857,0.1884,0.1845,0.1856,12473243.75
2025-10-14 17:00:00+00:00,0.1856,0.1876,0.1836,0.1859,8778604.93
2025-10-14 18:00:00+00:00,0.1859,0.188,0.1859,0.187,3882172.87
2025-10-14 19:00:00+00:00,0.187,0.1885,0.1842,0.1861,8664085.74
2025-10-14 20:00:00+00:00,0.1861,0.1867,0.1849,0.1864,3101800.14
2025-10-14 21:00:00+00:00,0.1864,0.1881,0.1849,0.1881,2200530.17
2025-10-14 22:00:00+00:00,0.1881,0.1901,0.188,0.189,3028016.68
2025-10-14 23:00:00+00:00,0.189,0.1905,0.1889,0.1902,1819220.83
2025-10-15 00:00:00+00:00,0.1902,0.1906,0.1886,0.1895,3400035.01
2025-10-15 01:00:00+00:00,0.1895,0.1898,0.1873,0.1882,2836272.53
2025-10-15 02:00:00+00:00,0.1882,0.1899,0.1878,0.1883,2693345.09
2025-10-15 03:00:00+00:00,0.1883,0.1886,0.1868,0.1875,2682623.41
2025-10-15 04:00:00+00:00,0.1875,0.1892,0.1868,0.1889,1605343.29
2025-10-15 05:00:00+00:00,0.1889,0.1893,0.1876,0.1883,1985742.46
2025-10-15 06:00:00+00:00,0.1883,0.1889,0.1864,0.1889,5662571.32
2025-10-15 07:00:00+00:00,0.1889,0.1898,0.1882,0.1897,1804237.65
2025-10-15 08:00:00+00:00,0.1897,0.1917,0.1894,0.19,5061032.08
2025-10-15 09:00:00+00:00,0.19,0.1904,0.188,0.1888,2856793.62
2025-10-15 10:00:00+00:00,0.1888,0.1897,0.1879,0.188,2185858.09
2025-10-15 11:00:00+00:00,0.188,0.1886,0.1866,0.1875,2771649.61
2025-10-15 12:00:00+00:00,0.1875,0.1877,0.1848,0.186,3921161.67
2025-10-15 13:00:00+00:00,0.186,0.186,0.182,0.1846,8561520.47
2025-10-15 14:00:00+00:00,0.1846,0.1869,0.183,0.1838,5954863.57
2025-10-15 15:00:00+00:00,0.1838,0.1849,0.1805,0.1813,6590213.69
2025-10-15 16:00:00+00:00,0.1813,0.1823,0.1798,0.1811,5528568.07
2025-10-15 17:00:00+00:00,0.1811,0.182,0.1796,0.1819,4354953.67
2025-10-15 18:00:00+00:00,0.1819,0.1825,0.1809,0.1824,2587709.5
2025-10-15 19:00:00+00:00,0.1824,0.1824,0.1796,0.1802,2359852.5
2025-10-15 20:00:00+00:00,0.1802,0.1809,0.1775,0.179,5086052.88
2025-10-15 21:00:00+00:00,0.179,0.1804,0.1776,0.1786,2795528.77
2025-10-15 22:00:00+00:00,0.1786,0.1799,0.1776,0.1781,2195611.89
2025-10-15 23:00:00+00:00,0.1781,0.1794,0.178,0.1789,1582419.89
2025-10-16 00:00:00+00:00,0.1789,0.1793,0.1778,0.1779,2407145.79
2025-10-16 01:00:00+00:00,0.1779,0.1806,0.1778,0.1801,2753599.81
2025-10-16 02:00:00+00:00,0.1801,0.1811,0.1791,0.1801,1972005.36
2025-10-16 03:00:00+00:00,0.1801,0.1803,0.1789,0.179,1457526.36
2025-10-16 04:00:00+00:00,0.179,0.1803,0.1783,0.1788,2781762.9
2025-10-16 05:00:00+00:00,0.1788,0.1799,0.1778,0.1788,2063691.73
2025-10-16 06:00:00+00:00,0.1788,0.1809,0.1786,0.1806,2764152.15
2025-10-16 07:00:00+00:00,0.1806,0.1807,0.1787,0.1795,2243064.98
2025-10-16 08:00:00+00:00,0.1795,0.1798,0.1783,0.179,1610560.88
2025-10-16 09:00:00+00:00,0.179,0.1813,0.1756,0.1806,9493211.13
2025-10-16 10:00:00+00:00,0.1806,0.183,0.1805,0.1821,3763254.69
2025-10-16 11:00:00+00:00,0.1821,0.183,0.1807,0.1829,3689997.01
2025-10-16 12:00:00+00:00,0.1829,0.1851,0.1829,0.1831,4235970.47
2025-10-16 13:00:00+00:00,0.1831,0.1835,0.1807,0.1811,3882588.94
2025-10-16 14:00:00+00:00,0.1811,0.1822,0.1784,0.1799,7217500.51
2025-10-16 15:00:00+00:00,0.1799,0.1805,0.1737,0.1743,8058037.92
2025-10-16 16:00:00+00:00,0.1743,0.1778,0.1727,0.1777,9125009.54
2025-10-16 17:00:00+00:00,0.1777,0.1777,0.1744,0.1745,5149367.3
2025-10-16 18:00:00+00:00,0.1745,0.1748,0.1723,0.1741,6032370.3
2025-10-16 19:00:00+00:00,0.1741,0.1744,0.1698,0.1712,6046914.55
2025-10-16 20:00:00+00:00,0.1712,0.172,0.1688,0.1692,5375601.74
2025-10-16 21:00:00+00:00,0.1692,0.1715,0.1688,0.1714,3118057.58
2025-10-16 22:00:00+00:00,0.1714,0.1717,0.1689,0.169,2720080.87
2025-10-16 23:00:00+00:00,0.169,0.171,0.1687,0.1708,3244975.47
2025-10-17 00:00:00+00:00,0.1708,0.1721,0.1704,0.1721,2478169.07
2025-10-17 01:00:00+00:00,0.1721,0.1736,0.1715,0.1721,2444789.27
2025-10-17 02:00:00+00:00,0.1721,0.1725,0.1706,0.1718,2162466.84
2025-10-17 03:00:00+00:00,0.1718,0.1723,0.1713,0.1723,1665977.33
2025-10-17 04:00:00+00:00,0.1723,0.1724,0.1709,0.1711,1547179.59
2025-10-17 05:00:00+00:00,0.1711,0.1714,0.1695,0.1698,3033614.25
2025-10-17 06:00:00+00:00,0.1698,0.1703,0.1642,0.1645,6456743.09
2025-10-17 07:00:00+00:00,0.1645,0.1648,0.159,0.1594,10765255.25
2025-10-17 08:00:00+00:00,0.1594,0.1607,0.1571,0.1581,8752720.21
2025-10-17 09:00:00+00:00,0.1581,0.1623,0.1577,0.1598,4772179.18
2025-10-17 10:00:00+00:00,0.1598,0.1606,0.1573,0.1597,6301624.36
2025-10-17 11:00:00+00:00,0.1597,0.1645,0.1595,0.1631,8545395.64
2025-10-17 12:00:00+00:00,0.1631,0.1641,0.1612,0.1614,4386365.35
2025-10-17 13:00:00+00:00,0.1614,0.1629,0.1595,0.1618,6773931.66
2025-10-17 14:00:00+00:00,0.1618,0.1624,0.1588,0.1591,7344146.9
2025-10-17 15:00:00+00:00,0.1591,0.1608,0.1556,0.1608,13075922.48
2025-10-17 16:00:00+00:00,0.1608,0.1631,0.1592,0.1598,7938466.34
2025-10-17 17:00:00+00:00,0.1598,0.1624,0.1598,0.162,3893119.04
2025-10-17 18:00:00+00:00,0.162,0.1638,0.1616,0.1622,3004515.12
2025-10-17 19:00:00+00:00,0.1622,0.1628,0.161,0.1623,2862035.04
2025-10-17 20:00:00+00:00,0.1623,0.1646,0.1619,0.1643,2471362.54
2025-10-17 21:00:00+00:00,0.1643,0.1655,0.1641,0.1652,2154901.05
2025-10-17 22:00:00+00:00,0.1652,0.1652,0.1636,0.1638,1653748.24
2025-10-17 23:00:00+00:00,0.1638,0.1638,0.1625,0.1626,1404412.76
2025-10-18 00:00:00+00:00,0.1626,0.1633,0.1623,0.1629,1732442.2
2025-10-18 01:00:00+00:00,0.1629,0.1651,0.1629,0.165,1331131.88
2025-10-18 02:00:00+00:00,0.165,0.1653,0.1637,0.164,2048784.16
2025-10-18 03:00:00+00:00,0.164,0.1653,0.164,0.1646,1154067.89
2025-10-18 04:00:00+00:00,0.1646,0.1646,0.1632,0.1633,1460729.12
2025-10-18 05:00:00+00:00,0.1633,0.1646,0.163,0.1646,1129532.56
2025-10-18 06:00:00+00:00,0.1646,0.1652,0.1638,0.1646,1014728.95
2025-10-18 07:00:00+00:00,0.1646,0.1666,0.1646,0.165,2869783.44
2025-10-18 08:00:00+00:00,0.165,0.1659,0.1649,0.1651,1335552.38
2025-10-18 09:00:00+00:00,0.1651,0.1667,0.1648,0.1665,1429429.68
2025-10-18 10:00:00+00:00,0.1665,0.1667,0.1654,0.166,1630415.45
2025-10-18 11:00:00+00:00,0.166,0.1669,0.1658,0.1666,1144184.65
2025-10-18 12:00:00+00:00,0.1666,0.1677,0.1657,0.1659,1600304.95
2025-10-18 13:00:00+00:00,0.1659,0.1659,0.1645,0.1647,1977992.6
2025-10-18 14:00:00+00:00,0.1647,0.1655,0.1637,0.1651,2660312.72
2025-10-18 15:00:00+00:00,0.1651,0.1656,0.1641,0.1648,1358941.12
2025-10-18 16:00:00+00:00,0.1648,0.165,0.1632,0.1641,2344203.57
2025-10-18 17:00:00+00:00,0.1641,0.1658,0.1636,0.1657,2284772.74
2025-10-18 18:00:00+00:00,0.1657,0.166,0.1649,0.1651,943800.52
2025-10-18 19:00:00+00:00,0.1651,0.1658,0.1648,0.1658,1140039.04
2025-10-18 20:00:00+00:00,0.1658,0.1668,0.1656,0.1659,1653799.33
2025-10-18 21:00:00+00:00,0.1659,0.1663,0.1652,0.1662,1742115.0
2025-10-18 22:00:00+00:00,0.1662,0.1663,0.1657,0.1658,1307569.56
2025-10-18 23:00:00+00:00,0.1658,0.1659,0.1655,0.1659,1087828.11
2025-10-19 00:00:00+00:00,0.1659,0.1662,0.1644,0.1649,1768895.5
2025-10-19 01:00:00+00:00,0.1649,0.1654,0.1644,0.1651,1756242.66
2025-10-19 02:00:00+00:00,0.1651,0.1655,0.1645,0.1647,1483016.38
2025-10-19 03:00:00+00:00,0.1647,0.1664,0.1645,0.166,1478294.48
2025-10-19 04:00:00+00:00,0.166,0.166,0.1648,0.1649,867170.11
2025-10-19 05:00:00+00:00,0.1649,0.1657,0.1644,0.1646,906233.14
2025-10-19 06:00:00+00:00,0.1646,0.1649,0.1636,0.1641,998904.39
2025-10-19 07:00:00+00:00,0.1641,0.1645,0.1639,0.1645,844999.36
2025-10-19 08:00:00+00:00,0.1645,0.166,0.1633,0.1633,4694101.27
2025-10-19 09:00:00+00:00,0.1633,0.167,0.1624,0.1658,5442748.52
2025-10-19 10:00:00+00:00,0.1658,0.1683,0.1652,0.1678,3437112.35
2025-10-19 11:00:00+00:00,0.1678,0.169,0.1671,0.1674,3357197.46
2025-10-19 12:00:00+00:00,0.1674,0.1678,0.1664,0.167,1849389.07
2025-10-19 13:00:00+00:00,0.167,0.1702,0.1668,0.1699,2434056.35
2025-10-19 14:00:00+00:00,0.1699,0.1723,0.1691,0.172,4662455.89
2025-10-19 15:00:00+00:00,0.172,0.1722,0.1706,0.1712,2331068.82
2025-10-19 16:00:00+00:00,0.1712,0.1723,0.1706,0.1713,2538218.41
2025-10-19 17:00:00+00:00,0.1713,0.1735,0.1712,0.1714,3745915.04
2025-10-19 18:00:00+00:00,0.1714,0.1723,0.1711,0.1722,1564006.54
2025-10-19 19:00:00+00:00,0.1722,0.1722,0.1712,0.1719,1317485.52
2025-10-19 20:00:00+00:00,0.1719,0.1725,0.1717,0.1724,1064825.18
2025-10-19 21:00:00+00:00,0.1724,0.1724,0.1706,0.1713,1426295.27
2025-10-19 22:00:00+00:00,0.1713,0.1723,0.1713,0.1717,1470131.12
2025-10-19 23:00:00+00:00,0.1717,0.1717,0.1702,0.1705,1326153.22
2025-10-20 00:00:00+00:00,0.1705,0.1705,0.1669,0.1689,2779626.38
2025-10-20 01:00:00+00:00,0.1689,0.1697,0.1684,0.1689,1589623.71
2025-10-20 02:00:00+00:00,0.1689,0.1705,0.1681,0.17,2013463.67
2025-10-20 03:00:00+00:00,0.17,0.1747,0.1697,0.1746,2572068.28
2025-10-20 04:00:00+00:00,0.1746,0.1762,0.1739,0.176,2742589.25
2025-10-20 05:00:00+00:00,0.176,0.1768,0.1748,0.1764,2384709.18
2025-10-20 06:00:00+00:00,0.1764,0.1787,0.1763,0.1782,2363278.39
2025-10-20 07:00:00+00:00,0.1782,0.1786,0.1769,0.1775,2039246.9
2025-10-20 08:00:00+00:00,0.1775,0.1784,0.1764,0.1774,2129950.07
2025-10-20 09:00:00+00:00,0.1774,0.1774,0.1762,0.1771,1730625.19
2025-10-20 10:00:00+00:00,0.1771,0.1801,0.1771,0.1788,3461657.52
2025-10-20 11:00:00+00:00,0.1788,0.1788,0.1772,0.178,2787150.43
2025-10-20 12:00:00+00:00,0.178,0.179,0.1774,0.1782,2661316.75
2025-10-20 13:00:00+00:00,0.1782,0.181,0.1776,0.1807,3370334.54
2025-10-20 14:00:00+00:00,0.1807,0.1809,0.1792,0.1802,3404036.67
2025-10-20 15:00:00+00:00,0.1802,0.1808,0.1771,0.1772,3676080.85
2025-10-20 16:00:00+00:00,0.1772,0.1772,0.1744,0.1753,6420977.36
2025-10-20 17:00:00+00:00,0.1753,0.1765,0.1741,0.175,2983591.13
2025-10-20 18:00:00+00:00,0.175,0.1767,0.1749,0.1766,1757349.74
2025-10-20 19:00:00+00:00,0.1766,0.178,0.1754,0.1774,2309914.66
2025-10-20 20:00:00+00:00,0.1774,0.1775,0.1766,0.1774,2065530.09
2025-10-20 21:00:00+00:00,0.1774,0.1782,0.1758,0.1762,1874550.68
2025-10-20 22:00:00+00:00,0.1762,0.1767,0.1758,0.1765,1453724.52
2025-10-20 23:00:00+00:00,0.1765,0.1767,0.1755,0.1755,1698516.41
2025-10-21 00:00:00+00:00,0.1755,0.1759,0.175,0.1751,1684164.35
2025-10-21 01:00:00+00:00,0.1751,0.1755,0.1737,0.1742,2200643.35
2025-10-21 02:00:00+00:00,0.1742,0.1742,0.1727,0.1728,1908849.07
2025-10-21 03:00:00+00:00,0.1728,0.1732,0.1718,0.1719,1676866.46
2025-10-21 04:00:00+00:00,0.1719,0.172,0.1686,0.169,3979244.29
2025-10-21 05:00:00+00:00,0.169,0.1704,0.1687,0.1696,2378153.35
2025-10-21 06:00:00+00:00,0.1696,0.1707,0.1693,0.1704,2112461.16
2025-10-21 07:00:00+00:00,0.1704,0.1712,0.1696,0.171,1128410.03
2025-10-21 08:00:00+00:00,0.171,0.171,0.1694,0.1703,1346570.08
2025-10-21 09:00:00+00:00,0.1703,0.1706,0.1698,0.1701,800827.07
2025-10-21 10:00:00+00:00,0.1701,0.1731,0.17,0.1726,2406510.86
2025-10-21 11:00:00+00:00,0.1726,0.1731,0.1722,0.1725,1591775.98
2025-10-21 12:00:00+00:00,0.1725,0.1745,0.1718,0.1726,2434138.29
2025-10-21 13:00:00+00:00,0.1726,0.1735,0.1713,0.1718,3325939.35
2025-10-21 14:00:00+00:00,0.1718,0.179,0.1718,0.1789,6607917.98
2025-10-21 15:00:00+00:00,0.1789,0.1819,0.1777,0.1802,7519204.39
2025-10-21 16:00:00+00:00,0.1802,0.1807,0.1768,0.1772,5411575.94
2025-10-21 17:00:00+00:00,0.1772,0.1791,0.1759,0.1782,5689287.68
2025-10-21 18:00:00+00:00,0.1782,0.1786,0.1767,0.1778,2070894.27
2025-10-21 19:00:00+00:00,0.1778,0.1782,0.177,0.177,1283164.98
2025-10-21 20:00:00+00:00,0.177,0.177,0.1751,0.1754,3121604.45
2025-10-21 21:00:00+00:00,0.1754,0.1761,0.1738,0.1755,2450707.5
2025-10-21 22:00:00+00:00,0.1755,0.1755,0.1721,0.1723,3763043.87
2025-10-21 23:00:00+00:00,0.1723,0.1725,0.1701,0.1704,2896135.57
2025-10-22 00:00:00+00:00,0.1704,0.1709,0.1693,0.1699,4169251.95
2025-10-22 01:00:00+00:00,0.1699,0.1715,0.1699,0.171,2387345.9
2025-10-22 02:00:00+00:00,0.171,0.1715,0.1708,0.1708,1154979.62
2025-10-22 03:00:00+00:00,0.1708,0.171,0.17,0.171,1016223.31
2025-10-22 04:00:00+00:00,0.171,0.1723,0.1709,0.1721,1204961.08
2025-10-22 05:00:00+00:00,0.1721,0.1722,0.1694,0.1706,2346478.86
2025-10-22 06:00:00+00:00,0.1706,0.1715,0.1702,0.1707,1755524.57
2025-10-22 07:00:00+00:00,0.1707,0.1711,0.1697,0.171,2058840.6
2025-10-22 08:00:00+00:00,0.171,0.171,0.17,0.1704,1100088.76
2025-10-22 09:00:00+00:00,0.1704,0.1707,0.1686,0.1688,2066998.52
2025-10-22 10:00:00+00:00,0.1688,0.1695,0.1681,0.1683,1702624.8
2025-10-22 11:00:00+00:00,0.1683,0.17,0.1671,0.1689,5339539.94
2025-10-22 12:00:00+00:00,0.1689,0.17,0.1683,0.1693,2018633.63
2025-10-22 13:00:00+00:00,0.1693,0.171,0.1684,0.1707,3704051.28
2025-10-22 14:00:00+00:00,0.1707,0.1707,0.1673,0.1699,6187214.99
2025-10-22 15:00:00+00:00,0.1699,0.1707,0.1678,0.1692,3560401.14
2025-10-22 16:00:00+00:00,0.1692,0.17,0.1679,0.1689,4032625.47
2025-10-22 17:00:00+00:00,0.1689,0.1692,0.1672,0.1676,2121046.13
2025-10-22 18:00:00+00:00,0.1676,0.1681,0.1666,0.1671,2352348.45
2025-10-22 19:00:00+00:00,0.1671,0.1687,0.1659,0.1671,3565900.44
2025-10-22 20:00:00+00:00,0.1671,0.1674,0.1648,0.165,3255661.76
2025-10-22 21:00:00+00:00,0.165,0.165,0.162,0.1627,6166037.75
2025-10-22 22:00:00+00:00,0.1627,0.1639,0.1626,0.1636,2747238.8
2025-10-22 23:00:00+00:00,0.1636,0.1663,0.1635,0.1661,2575882.6
2025-10-23 00:00:00+00:00,0.1661,0.1666,0.1655,0.1662,1500138.39
2025-10-23 01:00:00+00:00,0.1662,0.1671,0.1661,0.1663,1717773.4
2025-10-23 02:00:00+00:00,0.1663,0.167,0.166,0.1663,2467562.24
2025-10-23 03:00:00+00:00,0.1663,0.1669,0.1662,0.1663,913458.7
2025-10-23 04:00:00+00:00,0.1663,0.1672,0.166,0.1666,929442.63
2025-10-23 05:00:00+00:00,0.1666,0.1673,0.1665,0.1672,1187517.49
2025-10-23 06:00:00+00:00,0.1672,0.1694,0.1671,0.1693,2915741.5
2025-10-23 07:00:00+00:00,0.1693,0.1694,0.1684,0.1687,1172502.18
2025-10-23 08:00:00+00:00,0.1687,0.1699,0.1687,0.1693,1277678.0
2025-10-23 09:00:00+00:00,0.1693,0.1695,0.169,0.1694,860447.45
2025-10-23 10:00:00+00:00,0.1694,0.1702,0.1694,0.1696,1128280.23
2025-10-23 11:00:00+00:00,0.1696,0.1698,0.1682,0.1685,1361955.6
2025-10-23 12:00:00+00:00,0.1685,0.1685,0.167,0.1684,2087224.16
2025-10-23 13:00:00+00:00,0.1684,0.1697,0.1675,0.1682,3206517.04
2025-10-23 14:00:00+00:00,0.1682,0.1683,0.166,0.1667,4764367.01
2025-10-23 15:00:00+00:00,0.1667,0.1672,0.163,0.1631,7806388.96
2025-10-23 16:00:00+00:00,0.1631,0.1656,0.1628,0.1654,5904548.83
2025-10-23 17:00:00+00:00,0.1654,0.1676,0.1641,0.1671,4590736.22
2025-10-23 18:00:00+00:00,0.1671,0.1674,0.1645,0.1647,2690689.05
2025-10-23 19:00:00+00:00,0.1647,0.1657,0.1636,0.1652,2109203.53
2025-10-23 20:00:00+00:00,0.1652,0.1653,0.1633,0.1636,2156782.54
2025-10-23 21:00:00+00:00,0.1636,0.1644,0.1633,0.1642,1631802.74
2025-10-23 22:00:00+00:00,0.1642,0.1656,0.1642,0.1652,2728984.42
2025-10-23 23:00:00+00:00,0.1652,0.1656,0.1647,0.165,2057621.55
2025-10-24 00:00:00+00:00,0.165,0.1656,0.1642,0.165,2741678.65
2025-10-24 01:00:00+00:00,0.165,0.1654,0.1644,0.1653,1344308.07
2025-10-24 02:00:00+00:00,0.1653,0.166,0.1649,0.1657,1162893.23
2025-10-24 03:00:00+00:00,0.1657,0.1659,0.1648,0.1654,1185723.27
2025-10-24 04:00:00+00:00,0.1654,0.1688,0.1651,0.1686,3227610.18
2025-10-24 05:00:00+00:00,0.1686,0.1691,0.1681,0.1685,2091237.65
2025-10-24 06:00:00+00:00,0.1685,0.17,0.1682,0.17,4578891.04
2025-10-24 07:00:00+00:00,0.17,0.1705,0.1687,0.1696,3881231.62
2025-10-24 08:00:00+00:00,0.1696,0.1713,0.1686,0.1704,2618384.64
2025-10-24 09:00:00+00:00,0.1704,0.1705,0.1698,0.17,2158035.37
2025-10-24 10:00:00+00:00,0.17,0.17,0.169,0.169,1538565.4
2025-10-24 11:00:00+00:00,0.169,0.1693,0.1672,0.1693,2686218.64
2025-10-24 12:00:00+00:00,0.1693,0.172,0.1693,0.1712,5203141.6
2025-10-24 13:00:00+00:00,0.1712,0.1714,0.169,0.1703,5138973.18
2025-10-24 14:00:00+00:00,0.1703,0.1703,0.1675,0.1686,4565469.17
2025-10-24 15:00:00+00:00,0.1686,0.1689,0.167,0.1676,2699093.52
2025-10-24 16:00:00+00:00,0.1676,0.1678,0.1668,0.1678,2070445.87
2025-10-24 17:00:00+00:00,0.1678,0.169,0.1678,0.1682,1247270.53
2025-10-24 18:00:00+00:00,0.1682,0.1689,0.1676,0.1686,1629983.69
2025-10-24 19:00:00+00:00,0.1686,0.17,0.1686,0.1694,2076338.15
2025-10-24 20:00:00+00:00,0.1694,0.1712,0.1694,0.171,2040896.33
2025-10-24 21:00:00+00:00,0.171,0.1715,0.1706,0.1714,1721573.78
2025-10-24 22:00:00+00:00,0.1714,0.1715,0.1705,0.1707,1186839.82
2025-10-24 23:00:00+00:00,0.1707,0.1708,0.1702,0.1708,831985.27
2025-10-25 00:00:00+00:00,0.1708,0.1709,0.17,0.1703,1534778.45
2025-10-25 01:00:00+00:00,0.1703,0.1709,0.17,0.1704,1206196.29
2025-10-25 02:00:00+00:00,0.1704,0.1707,0.1701,0.1702,746352.49
2025-10-25 03:00:00+00:00,0.1702,0.1708,0.1697,0.1699,1459484.97
2025-10-25 04:00:00+00:00,0.1699,0.1711,0.1699,0.1703,1015626.63
2025-10-25 05:00:00+00:00,0.1703,0.1705,0.1698,0.1701,891160.27
2025-10-25 06:00:00+00:00,0.1701,0.1703,0.1689,0.169,1324714.6
2025-10-25 07:00:00+00:00,0.169,0.17,0.1689,0.1691,1314393.47
2025-10-25 08:00:00+00:00,0.1691,0.1701,0.169,0.17,3238387.23
2025-10-25 09:00:00+00:00,0.17,0.17,0.1691,0.1692,2026870.36
2025-10-25 10:00:00+00:00,0.1692,0.1698,0.1686,0.1696,4741017.08
2025-10-25 11:00:00+00:00,0.1696,0.1705,0.1693,0.1703,1145610.45
2025-10-25 12:00:00+00:00,0.1703,0.1709,0.1702,0.1706,952815.49
2025-10-25 13:00:00+00:00,0.1706,0.1712,0.1702,0.1711,1403366.43
2025-10-25 14:00:00+00:00,0.1711,0.1722,0.1709,0.1721,1864916.61
2025-10-25 15:00:00+00:00,0.1721,0.1725,0.1717,0.1722,1258958.77
2025-10-25 16:00:00+00:00,0.1722,0.1732,0.172,0.1732,1443131.58
2025-10-25 17:00:00+00:00,0.1732,0.1732,0.1721,0.1721,1018515.29
2025-10-25 18:00:00+00:00,0.1721,0.1739,0.1719,0.1737,1002677.85
2025-10-25 19:00:00+00:00,0.1737,0.1739,0.1731,0.1736,828109.37
2025-10-25 20:00:00+00:00,0.1736,0.1739,0.1728,0.1729,1079868.54
2025-10-25 21:00:00+00:00,0.1729,0.1733,0.1724,0.1728,638183.14
2025-10-25 22:00:00+00:00,0.1728,0.1731,0.1722,0.173,1871322.09
2025-10-25 23:00:00+00:00,0.173,0.173,0.1723,0.1725,806147.27
2025-10-26 00:00:00+00:00,0.1725,0.1734,0.172,0.1728,831573.39
2025-10-26 01:00:00+00:00,0.1728,0.1731,0.1717,0.1722,1151130.1
2025-10-26 02:00:00+00:00,0.1722,0.1722,0.1715,0.1719,1229709.02
2025-10-26 03:00:00+00:00,0.1719,0.1719,0.1709,0.1712,1519640.46
2025-10-26 04:00:00+00:00,0.1712,0.1722,0.1711,0.172,577695.33
2025-10-26 05:00:00+00:00,0.172,0.1735,0.1717,0.1733,857502.3
2025-10-26 06:00:00+00:00,0.1733,0.1737,0.173,0.1734,708081.75
2025-10-26 07:00:00+00:00,0.1734,0.1747,0.1731,0.1744,848311.53
2025-10-26 08:00:00+00:00,0.1744,0.1752,0.1743,0.1747,1283679.79
2025-10-26 09:00:00+00:00,0.1747,0.1773,0.1746,0.177,2246987.96
2025-10-26 10:00:00+00:00,0.177,0.177,0.1757,0.1762,1293610.68
2025-10-26 11:00:00+00:00,0.1762,0.1782,0.1757,0.1781,2338132.28
2025-10-26 12:00:00+00:00,0.1781,0.1797,0.1781,0.1792,2672776.24
2025-10-26 13:00:00+00:00,0.1792,0.1806,0.1786,0.1797,2077193.52
2025-10-26 14:00:00+00:00,0.1797,0.1798,0.1785,0.1794,1331171.49
2025-10-26 15:00:00+00:00,0.1794,0.1803,0.1786,0.18,1075065.86
2025-10-26 16:00:00+00:00,0.18,0.1801,0.1792,0.1792,1304238.06
2025-10-26 17:00:00+00:00,0.1792,0.1792,0.1786,0.1786,851755.81
2025-10-26 18:00:00+00:00,0.1786,0.1791,0.1783,0.179,1033436.16
2025-10-26 19:00:00+00:00,0.179,0.179,0.1783,0.1784,770472.61
2025-10-26 20:00:00+00:00,0.1784,0.1785,0.1772,0.1772,2979934.49
2025-10-26 21:00:00+00:00,0.1772,0.1781,0.1769,0.178,1499227.68
2025-10-26 22:00:00+00:00,0.178,0.1811,0.178,0.1807,5998440.32
2025-10-26 23:00:00+00:00,0.1807,0.1812,0.1798,0.18,1495658.9
2025-10-27 00:00:00+00:00,0.18,0.1815,0.1795,0.1812,1883277.99
2025-10-27 01:00:00+00:00,0.1812,0.184,0.1811,0.1839,3028661.02
2025-10-27 02:00:00+00:00,0.1839,0.184,0.182,0.1824,2194880.38
2025-10-27 03:00:00+00:00,0.1824,0.183,0.1812,0.1815,1381037.53
2025-10-27 04:00:00+00:00,0.1815,0.1828,0.1814,0.1826,936191.24
2025-10-27 05:00:00+00:00,0.1826,0.1837,0.182,0.1822,1378390.71
2025-10-27 06:00:00+00:00,0.1822,0.1836,0.1814,0.1831,1897056.67
2025-10-27 07:00:00+00:00,0.1831,0.1838,0.1811,0.1819,2360032.39
2025-10-27 08:00:00+00:00,0.1819,0.1824,0.1803,0.1809,1981496.65
2025-10-27 09:00:00+00:00,0.1809,0.181,0.1784,0.1789,2432687.65
2025-10-27 10:00:00+00:00,0.1789,0.1793,0.1783,0.1785,1296536.21
2025-10-27 11:00:00+00:00,0.1785,0.1793,0.1778,0.1791,1808168.17
2025-10-27 12:00:00+00:00,0.1791,0.1792,0.1775,0.1776,1016617.95
2025-10-27 13:00:00+00:00,0.1776,0.1786,0.1764,0.1782,2089096.57
2025-10-27 14:00:00+00:00,0.1782,0.1784,0.1765,0.1773,1864271.04
2025-10-27 15:00:00+00:00,0.1773,0.1821,0.1773,0.1799,9885216.76
2025-10-27 16:00:00+00:00,0.1799,0.1835,0.1798,0.1831,4890227.83
2025-10-27 17:00:00+00:00,0.1831,0.1832,0.1812,0.1815,3883190.23
2025-10-27 18:00:00+00:00,0.1815,0.1839,0.1813,0.1834,5998962.43
2025-10-27 19:00:00+00:00,0.1834,0.1835,0.1817,0.1825,2420960.42
2025-10-27 20:00:00+00:00,0.1825,0.1825,0.181,0.1814,2788285.88
2025-10-27 21:00:00+00:00,0.1814,0.1829,0.1807,0.1818,2706385.11
2025-10-27 22:00:00+00:00,0.1818,0.1831,0.1814,0.1816,2352166.31
2025-10-27 23:00:00+00:00,0.1816,0.1849,0.1812,0.1848,3001833.36
2025-10-28 00:00:00+00:00,0.1848,0.1901,0.1839,0.19,10181421.38
2025-10-28 01:00:00+00:00,0.19,0.1971,0.19,0.1967,26752072.04
2025-10-28 02:00:00+00:00,0.1967,0.1972,0.1931,0.1948,15851805.32
2025-10-28 03:00:00+00:00,0.1948,0.1986,0.194,0.1971,14036089.68
2025-10-28 04:00:00+00:00,0.1971,0.2025,0.1967,0.2008,13904352.85
2025-10-28 05:00:00+00:00,0.2008,0.206,0.2,0.2011,23736548.49
2025-10-28 06:00:00+00:00,0.2011,0.2191,0.2006,0.2188,43009650.67
2025-10-28 07:00:00+00:00,0.2188,0.2197,0.2095,0.2117,24973235.32
2025-10-28 08:00:00+00:00,0.2117,0.2156,0.2084,0.2107,18479159.81
2025-10-28 09:00:00+00:00,0.2107,0.2118,0.2085,0.2091,8149295.65
2025-10-28 10:00:00+00:00,0.2091,0.2098,0.2042,0.2059,10596285.97
2025-10-28 11:00:00+00:00,0.2059,0.2078,0.2033,0.2075,10065011.79
2025-10-28 12:00:00+00:00,0.2075,0.2106,0.206,0.2096,16020299.89
2025-10-28 13:00:00+00:00,0.2096,0.21,0.2052,0.2082,16320130.95
2025-10-28 14:00:00+00:00,0.2082,0.2084,0.1981,0.2011,20467443.36
2025-10-28 15:00:00+00:00,0.2011,0.2054,0.2008,0.203,14597662.13
2025-10-28 16:00:00+00:00,0.203,0.2036,0.2006,0.2008,7573578.48
2025-10-28 17:00:00+00:00,0.2008,0.2032,0.1997,0.2025,6736211.44
2025-10-28 18:00:00+00:00,0.2025,0.2039,0.2008,0.2018,4339844.49
2025-10-28 19:00:00+00:00,0.2018,0.2026,0.1972,0.1982,8455000.58
2025-10-28 20:00:00+00:00,0.1982,0.1982,0.1941,0.1948,13082724.72
2025-10-28 21:00:00+00:00,0.1948,0.198,0.1928,0.1963,8054232.96
2025-10-28 22:00:00+00:00,0.1963,0.197,0.1953,0.1958,5176461.13
2025-10-28 23:00:00+00:00,0.1958,0.1962,0.1942,0.1945,2918220.1
2025-10-29 00:00:00+00:00,0.1945,0.195,0.193,0.1935,5976213.73
2025-10-29 01:00:00+00:00,0.1935,0.1966,0.1932,0.1939,4584574.8
2025-10-29 02:00:00+00:00,0.1939,0.1953,0.1931,0.1931,3297536.71
2025-10-29 03:00:00+00:00,0.1931,0.1958,0.1925,0.1949,3474624.26
2025-10-29 04:00:00+00:00,0.1949,0.1956,0.1936,0.1938,2613045.45
2025-10-29 05:00:00+00:00,0.1938,0.1952,0.1937,0.1948,2536057.27
2025-10-29 06:00:00+00:00,0.1948,0.1953,0.1936,0.1945,2279655.27
2025-10-29 07:00:00+00:00,0.1945,0.1977,0.1941,0.1969,4497916.55
2025-10-29 08:00:00+00:00,0.1969,0.1974,0.1942,0.1951,5771020.48
2025-10-29 09:00:00+00:00,0.1951,0.1977,0.195,0.1975,5754185.51
2025-10-29 10:00:00+00:00,0.1975,0.1995,0.1965,0.1965,6461486.49
2025-10-29 11:00:00+00:00,0.1965,0.1992,0.196,0.1985,5209531.79
2025-10-29 12:00:00+00:00,0.1985,0.2027,0.198,0.2016,9522103.43
2025-10-29 13:00:00+00:00,0.2016,0.205,0.1994,0.201,18268211.48
2025-10-29 14:00:00+00:00,0.201,0.202,0.1993,0.2002,8994043.24
2025-10-29 15:00:00+00:00,0.2002,0.2007,0.1973,0.1978,8451848.96
2025-10-29 16:00:00+00:00,0.1978,0.1994,0.1964,0.1991,7107228.44
2025-10-29 17:00:00+00:00,0.1991,0.2047,0.1984,0.2045,9791283.46
2025-10-29 18:00:00+00:00,0.2045,0.2046,0.1952,0.2015,25865253.05
2025-10-29 19:00:00+00:00,0.2015,0.2033,0.1986,0.2002,9259614.14
2025-10-29 20:00:00+00:00,0.2002,0.2039,0.1997,0.2031,7749365.89
2025-10-29 21:00:00+00:00,0.2031,0.2048,0.2026,0.2048,4642819.76
2025-10-29 22:00:00+00:00,0.2048,0.2067,0.2037,0.2043,6278165.24
2025-10-29 23:00:00+00:00,0.2043,0.2043,0.2,0.2011,8177162.3
2025-10-30 00:00:00+00:00,0.2011,0.2054,0.2002,0.2051,8943124.33
2025-10-30 01:00:00+00:00,0.2051,0.2069,0.2037,0.205,12050410.54
2025-10-30 02:00:00+00:00,0.205,0.2058,0.2032,0.2055,6788573.82
2025-10-30 03:00:00+00:00,0.2055,0.2056,0.2029,0.204,5393878.54
2025-10-30 04:00:00+00:00,0.204,0.204,0.1968,0.1992,21100212.4
2025-10-30 05:00:00+00:00,0.1992,0.2056,0.1989,0.2055,10483781.14
2025-10-30 06:00:00+00:00,0.2055,0.2106,0.2055,0.2086,17409057.27
2025-10-30 07:00:00+00:00,0.2086,0.2109,0.2073,0.2079,7741410.67
2025-10-30 08:00:00+00:00,0.2079,0.2086,0.2061,0.2076,6593512.66
2025-10-30 09:00:00+00:00,0.2076,0.2081,0.2046,0.205,6962775.64
2025-10-30 10:00:00+00:00,0.205,0.206,0.2024,0.2035,5844794.18
2025-10-30 11:00:00+00:00,0.2035,0.2055,0.2026,0.203,7662828.5
2025-10-30 12:00:00+00:00,0.203,0.2035,0.198,0.1999,12648160.91
2025-10-30 13:00:00+00:00,0.1999,0.2005,0.1963,0.1964,9138668.35
2025-10-30 14:00:00+00:00,0.1964,0.1978,0.1934,0.1944,13072861.75
2025-10-30 15:00:00+00:00,0.1944,0.1949,0.1921,0.1923,6488365.03
2025-10-30 16:00:00+00:00,0.1923,0.1945,0.1909,0.1944,9297214.39
2025-10-30 17:00:00+00:00,0.1944,0.1954,0.1909,0.1938,9979320.74
2025-10-30 18:00:00+00:00,0.1938,0.1949,0.1925,0.1933,5724799.09
2025-10-30 19:00:00+00:00,0.1933,0.1937,0.1895,0.19,9064312.23
2025-10-30 20:00:00+00:00,0.19,0.1926,0.1893,0.1919,6793420.93
2025-10-30 21:00:00+00:00,0.1919,0.1969,0.191,0.1969,6410326.83
2025-10-30 22:00:00+00:00,0.1969,0.1969,0.1948,0.1967,6028165.54
2025-10-30 23:00:00+00:00,0.1967,0.1973,0.195,0.1966,5151770.23
2025-10-31 00:00:00+00:00,0.1966,0.1974,0.1955,0.197,3781874.97
2025-10-31 01:00:00+00:00,0.197,0.1988,0.196,0.1969,5820368.49
2025-10-31 02:00:00+00:00,0.1969,0.1969,0.1939,0.194,2980884.28
2025-10-31 03:00:00+00:00,0.194,0.1941,0.1909,0.1926,5430681.43
2025-10-31 04:00:00+00:00,0.1926,0.1944,0.1922,0.1938,6879904.53
2025-10-31 05:00:00+00:00,0.1938,0.1941,0.1922,0.1931,2760382.54
2025-10-31 06:00:00+00:00,0.1931,0.1939,0.1923,0.1928,3005717.5
2025-10-31 07:00:00+00:00,0.1928,0.1942,0.1917,0.1922,3012077.58
2025-10-31 08:00:00+00:00,0.1922,0.1933,0.191,0.1928,2483653.04
2025-10-31 09:00:00+00:00,0.1928,0.1934,0.1912,0.1913,2686259.09
2025-10-31 10:00:00+00:00,0.1913,0.1936,0.1911,0.1932,2593951.12
2025-10-31 11:00:00+00:00,0.1932,0.1973,0.1924,0.1969,4895953.15
2025-10-31 12:00:00+00:00,0.1969,0.1995,0.1963,0.1966,9387687.79
2025-10-31 13:00:00+00:00,0.1966,0.1978,0.195,0.1972,6451253.64
2025-10-31 14:00:00+00:00,0.1972,0.1993,0.1968,0.1982,7685253.6
2025-10-31 15:00:00+00:00,0.1982,0.1987,0.1936,0.1957,7624522.99
2025-10-31 16:00:00+00:00,0.1957,0.1957,0.1918,0.1921,6684865.26
2025-10-31 17:00:00+00:00,0.1921,0.1937,0.1903,0.193,5452880.12
2025-10-31 18:00:00+00:00,0.193,0.1948,0.192,0.1929,4872996.08
2025-10-31 19:00:00+00:00,0.1929,0.1986,0.192,0.1979,6070403.07
2025-10-31 20:00:00+00:00,0.1979,0.1994,0.1964,0.1966,5169347.49
2025-10-31 21:00:00+00:00,0.1966,0.1975,0.1965,0.1972,2425499.95
2025-10-31 22:00:00+00:00,0.1972,0.1993,0.1964,0.1991,3808853.67
2025-10-31 23:00:00+00:00,0.1991,0.2041,0.1991,0.201,12487487.15
2025-11-01 00:00:00+00:00,0.201,0.2022,0.1999,0.2,5152875.49
2025-11-01 01:00:00+00:00,0.2,0.2017,0.1987,0.1988,5321827.64
2025-11-01 02:00:00+00:00,0.1988,0.2,0.1976,0.1997,2068963.9
2025-11-01 03:00:00+00:00,0.1997,0.2035,0.1997,0.2034,4669933.62
2025-11-01 04:00:00+00:00,0.2034,0.2048,0.2016,0.202,4655395.26
2025-11-01 05:00:00+00:00,0.202,0.2027,0.2011,0.2019,2467296.48
2025-11-01 06:00:00+00:00,0.2019,0.2022,0.2006,0.2022,2244448.44
2025-11-01 07:00:00+00:00,0.2022,0.2039,0.2007,0.2017,3788246.43
2025-11-01 08:00:00+00:00,0.2017,0.2021,0.2001,0.2015,3301506.2
2025-11-01 09:00:00+00:00,0.2015,0.2021,0.2005,0.2007,2500854.48
2025-11-01 10:00:00+00:00,0.2007,0.2012,0.1998,0.2,2329361.32
2025-11-01 11:00:00+00:00,0.2,0.2004,0.1987,0.1991,4169942.36
2025-11-01 12:00:00+00:00,0.1991,0.1994,0.1983,0.1986,2396201.93
2025-11-01 13:00:00+00:00,0.1986,0.2001,0.1982,0.1992,2719485.27
2025-11-01 14:00:00+00:00,0.1992,0.1997,0.1979,0.1985,2708340.34
2025-11-01 15:00:00+00:00,0.1985,0.201,0.1984,0.2006,3947811.9
2025-11-01 16:00:00+00:00,0.2006,0.2021,0.2,0.2014,4721686.91
2025-11-01 17:00:00+00:00,0.2014,0.2021,0.2004,0.2006,2251107.84
2025-11-01 18:00:00+00:00,0.2006,0.2012,0.1998,0.2005,2324248.58
2025-11-01 19:00:00+00:00,0.2005,0.2005,0.1985,0.1993,2717767.13
2025-11-01 20:00:00+00:00,0.1993,0.1995,0.1985,0.1989,2237009.76
2025-11-01 21:00:00+00:00,0.1989,0.199,0.1965,0.1965,2534669.56
2025-11-01 22:00:00+00:00,0.1965,0.1971,0.1958,0.1964,2579338.8
2025-11-01 23:00:00+00:00,0.1964,0.1966,0.1958,0.1964,1649117.37
2025-11-02 00:00:00+00:00,0.1964,0.1964,0.1951,0.1953,1723068.16
2025-11-02 01:00:00+00:00,0.1953,0.1963,0.1947,0.1954,2587841.35
2025-11-02 02:00:00+00:00,0.1954,0.1966,0.1952,0.1957,1359417.55
2025-11-02 03:00:00+00:00,0.1957,0.1958,0.1949,0.1954,1379829.98
2025-11-02 04:00:00+00:00,0.1954,0.1968,0.195,0.1967,1690479.42
2025-11-02 05:00:00+00:00,0.1967,0.1968,0.1954,0.196,1645729.1
2025-11-02 06:00:00+00:00,0.196,0.196,0.1951,0.1954,1484632.5
2025-11-02 07:00:00+00:00,0.1954,0.1968,0.195,0.1964,2087516.75
2025-11-02 08:00:00+00:00,0.1964,0.1968,0.1955,0.196,1583151.04
2025-11-02 09:00:00+00:00,0.196,0.1979,0.196,0.1964,2463302.2
2025-11-02 10:00:00+00:00,0.1964,0.197,0.1933,0.1939,4439582.66
2025-11-02 11:00:00+00:00,0.1939,0.1979,0.1939,0.1978,3575157.22
2025-11-02 12:00:00+00:00,0.1978,0.198,0.1967,0.1968,2757102.94
2025-11-02 13:00:00+00:00,0.1968,0.1968,0.1955,0.1958,2198409.74
2025-11-02 14:00:00+00:00,0.1958,0.1963,0.1923,0.1932,5835248.24
2025-11-02 15:00:00+00:00,0.1932,0.1951,0.1923,0.1936,2557010.91
2025-11-02 16:00:00+00:00,0.1936,0.1951,0.1916,0.194,7191426.26
2025-11-02 17:00:00+00:00,0.194,0.1956,0.1928,0.1936,2906392.27
2025-11-02 18:00:00+00:00,0.1936,0.1936,0.1921,0.1921,1102498.51
2025-11-02 19:00:00+00:00,0.1921,0.1922,0.1905,0.1912,1911405.31
2025-11-02 20:00:00+00:00,0.1912,0.192,0.1905,0.192,1218163.13
2025-11-02 21:00:00+00:00,0.192,0.1939,0.192,0.1931,1604274.97
2025-11-02 22:00:00+00:00,0.1931,0.1936,0.1912,0.1917,1979592.08
2025-11-02 23:00:00+00:00,0.1917,0.1951,0.1917,0.1945,3835405.05
2025-11-03 00:00:00+00:00,0.1945,0.1955,0.1912,0.1912,3695645.02
2025-11-03 01:00:00+00:00,0.1912,0.1918,0.1897,0.1904,4054868.11
2025-11-03 02:00:00+00:00,0.1904,0.1906,0.1874,0.188,6614075.36
2025-11-03 03:00:00+00:00,0.188,0.1884,0.1842,0.1846,5879415.74
2025-11-03 04:00:00+00:00,0.1846,0.1855,0.1833,0.1855,4388151.88
2025-11-03 05:00:00+00:00,0.1855,0.1865,0.184,0.1841,2874780.46
2025-11-03 06:00:00+00:00,0.1841,0.1846,0.1818,0.1829,4754715.35
2025-11-03 07:00:00+00:00,0.1829,0.1839,0.182,0.1828,3955831.69
2025-11-03 08:00:00+00:00,0.1828,0.1841,0.1821,0.1833,2787961.87
2025-11-03 09:00:00+00:00,0.1833,0.1849,0.1814,0.1815,3386950.23
2025-11-03 10:00:00+00:00,0.1815,0.1824,0.1806,0.1808,2454285.81
2025-11-03 11:00:00+00:00,0.1808,0.1832,0.1808,0.1826,2799903.99
2025-11-03 12:00:00+00:00,0.1826,0.1843,0.1822,0.1824,2602377.14
2025-11-03 13:00:00+00:00,0.1824,0.1831,0.1815,0.1822,2993467.87
2025-11-03 14:00:00+00:00,0.1822,0.184,0.182,0.1828,4053181.12
2025-11-03 15:00:00+00:00,0.1828,0.1829,0.1708,0.1748,20721336.56
2025-11-03 16:00:00+00:00,0.1748,0.181,0.1737,0.1805,7125153.07
2025-11-03 17:00:00+00:00,0.1805,0.1827,0.1794,0.1821,4706688.2
2025-11-03 18:00:00+00:00,0.1821,0.1832,0.1799,0.1805,5430479.19
2025-11-03 19:00:00+00:00,0.1805,0.1819,0.1793,0.1794,3992217.44
2025-11-03 20:00:00+00:00,0.1794,0.1797,0.1749,0.1759,6231665.78
2025-11-03 21:00:00+00:00,0.1759,0.1778,0.1748,0.1768,6773280.23
2025-11-03 22:00:00+00:00,0.1768,0.1769,0.1734,0.175,3756537.93
2025-11-03 23:00:00+00:00,0.175,0.176,0.1737,0.1753,2561783.39
2025-11-04 00:00:00+00:00,0.1753,0.1783,0.1743,0.177,4877360.25
2025-11-04 01:00:00+00:00,0.177,0.1787,0.1764,0.1787,4459297.59
2025-11-04 02:00:00+00:00,0.1787,0.1792,0.1762,0.1764,3845428.72
2025-11-04 03:00:00+00:00,0.1764,0.1784,0.176,0.1781,2876578.73
2025-11-04 04:00:00+00:00,0.1781,0.1792,0.1771,0.1772,2726004.22
2025-11-04 05:00:00+00:00,0.1772,0.1781,0.1696,0.1699,10123541.19
2025-11-04 06:00:00+00:00,0.1699,0.176,0.1699,0.1728,8199210.03
2025-11-04 07:00:00+00:00,0.1728,0.1731,0.1698,0.1709,7728540.32
2025-11-04 08:00:00+00:00,0.1709,0.1748,0.1705,0.173,7834189.58
2025-11-04 09:00:00+00:00,0.173,0.1747,0.1729,0.1745,4815296.51
2025-11-04 10:00:00+00:00,0.1745,0.1754,0.1739,0.1749,4179291.05
2025-11-04 11:00:00+00:00,0.1749,0.1768,0.1747,0.1757,4026294.36
2025-11-04 12:00:00+00:00,0.1757,0.1759,0.1735,0.1738,3397186.39
2025-11-04 13:00:00+00:00,0.1738,0.1743,0.1718,0.1722,3508006.33
2025-11-04 14:00:00+00:00,0.1722,0.1766,0.1706,0.1756,8062342.19
2025-11-04 15:00:00+00:00,0.1756,0.1767,0.1723,0.1729,6798437.79
2025-11-04 16:00:00+00:00,0.1729,0.1745,0.1697,0.1699,8618566.86
2025-11-04 17:00:00+00:00,0.1699,0.1712,0.1659,0.1685,10596564.3
2025-11-04 18:00:00+00:00,0.1685,0.1686,0.1626,0.1664,12292739.58
2025-11-04 19:00:00+00:00,0.1664,0.168,0.1641,0.1643,6907531.91
2025-11-04 20:00:00+00:00,0.1643,0.1664,0.1597,0.1652,13365561.66
2025-11-04 21:00:00+00:00,0.1652,0.166,0.159,0.1645,11456150.51
2025-11-04 22:00:00+00:00,0.1645,0.1693,0.1639,0.1693,6400197.08
2025-11-04 23:00:00+00:00,0.1693,0.1702,0.1681,0.1686,4691450.06
2025-11-05 00:00:00+00:00,0.1686,0.1693,0.1653,0.1662,3699336.71
2025-11-05 01:00:00+00:00,0.1662,0.1663,0.1604,0.1654,8641496.34
2025-11-05 02:00:00+00:00,0.1654,0.1703,0.1654,0.1702,8753862.73
2025-11-05 03:00:00+00:00,0.1702,0.1722,0.1694,0.1714,4960849.8
2025-11-05 04:00:00+00:00,0.1714,0.1721,0.1702,0.1714,3333488.83
2025-11-05 05:00:00+00:00,0.1714,0.1731,0.1714,0.1725,2884280.39
2025-11-05 06:00:00+00:00,0.1725,0.1727,0.1708,0.1716,2461883.29
2025-11-05 07:00:00+00:00,0.1716,0.1717,0.1695,0.1712,3973029.37
2025-11-05 08:00:00+00:00,0.1712,0.1712,0.168,0.1693,4091045.28
2025-11-05 09:00:00+00:00,0.1693,0.1709,0.1692,0.1706,3018123.31
2025-11-05 10:00:00+00:00,0.1706,0.1709,0.1689,0.1691,3418096.38
2025-11-05 11:00:00+00:00,0.1691,0.1715,0.169,0.1712,3309338.91
2025-11-05 12:00:00+00:00,0.1712,0.1724,0.1701,0.1713,5066117.82
2025-11-05 13:00:00+00:00,0.1713,0.174,0.1707,0.1734,4214220.84
2025-11-05 14:00:00+00:00,0.1734,0.1743,0.1716,0.1732,5688763.68
2025-11-05 15:00:00+00:00,0.1732,0.174,0.1719,0.1737,5178798.59
2025-11-05 16:00:00+00:00,0.1737,0.1743,0.1715,0.1739,4844238.37
2025-11-05 17:00:00+00:00,0.1739,0.1758,0.1729,0.1757,3425580.66
2025-11-05 18:00:00+00:00,0.1757,0.1768,0.1746,0.1763,2814673.56
2025-11-05 19:00:00+00:00,0.1763,0.1767,0.1749,0.1754,3806740.22
2025-11-05 20:00:00+00:00,0.1754,0.176,0.1746,0.1753,2706677.26
2025-11-05 21:00:00+00:00,0.1753,0.1753,0.1742,0.1743,2702382.28
2025-11-05 22:00:00+00:00,0.1743,0.1764,0.1741,0.1764,1873794.07
2025-11-05 23:00:00+00:00,0.1764,0.1766,0.1751,0.1752,1997605.33
2025-11-06 00:00:00+00:00,0.1752,0.1752,0.1734,0.1743,2387226.78
2025-11-06 01:00:00+00:00,0.1743,0.1743,0.1714,0.1736,2626078.14
2025-11-06 02:00:00+00:00,0.1736,0.1754,0.172,0.1742,2756748.19
2025-11-06 03:00:00+00:00,0.1742,0.1747,0.1736,0.1737,1804730.71
2025-11-06 04:00:00+00:00,0.1737,0.1743,0.173,0.1736,1799032.24
2025-11-06 05:00:00+00:00,0.1736,0.1736,0.1707,0.171,2557282.91
2025-11-06 06:00:00+00:00,0.171,0.1717,0.1703,0.1704,1915900.39
2025-11-06 07:00:00+00:00,0.1704,0.1712,0.1697,0.1701,2492501.59
2025-11-06 08:00:00+00:00,0.1701,0.1707,0.1692,0.1698,2456832.36
2025-11-06 09:00:00+00:00,0.1698,0.1704,0.1692,0.1696,1646238.53
2025-11-06 10:00:00+00:00,0.1696,0.1705,0.1686,0.1696,3277237.65
2025-11-06 11:00:00+00:00,0.1696,0.1697,0.1684,0.1691,1934477.11
2025-11-06 12:00:00+00:00,0.1691,0.1692,0.1672,0.1672,2272428.71
2025-11-06 13:00:00+00:00,0.1672,0.1707,0.1671,0.1699,3215522.05
2025-11-06 14:00:00+00:00,0.1699,0.1705,0.1667,0.167,5248405.9
2025-11-06 15:00:00+00:00,0.167,0.1683,0.1644,0.1648,6413495.71
2025-11-06 16:00:00+00:00,0.1648,0.1656,0.1626,0.1644,4378172.2
2025-11-06 17:00:00+00:00,0.1644,0.1661,0.164,0.166,6038424.0
2025-11-06 18:00:00+00:00,0.166,0.1662,0.164,0.1644,4741305.1
2025-11-06 19:00:00+00:00,0.1644,0.1645,0.1617,0.1634,3719729.86
2025-11-06 20:00:00+00:00,0.1634,0.1642,0.1609,0.1617,4223474.85
2025-11-06 21:00:00+00:00,0.1617,0.1643,0.1611,0.1639,3210576.07
2025-11-06 22:00:00+00:00,0.1639,0.1646,0.1624,0.1639,1873516.14
2025-11-06 23:00:00+00:00,0.1639,0.1639,0.1619,0.1632,2262620.04
2025-11-07 00:00:00+00:00,0.1632,0.1655,0.163,0.1652,3350218.09
2025-11-07 01:00:00+00:00,0.1652,0.1654,0.1624,0.1654,5268957.66
2025-11-07 02:00:00+00:00,0.1654,0.1665,0.1638,0.1663,3546522.17
2025-11-07 03:00:00+00:00,0.1663,0.1676,0.1662,0.1663,2230018.12
2025-11-07 04:00:00+00:00,0.1663,0.1673,0.1654,0.1668,2102257.49
2025-11-07 05:00:00+00:00,0.1668,0.1684,0.1666,0.168,2584961.15
2025-11-07 06:00:00+00:00,0.168,0.1687,0.1676,0.1678,1486615.26
2025-11-07 07:00:00+00:00,0.1678,0.1693,0.1672,0.1692,2017944.06
2025-11-07 08:00:00+00:00,0.1692,0.1694,0.1672,0.1676,2866755.75
2025-11-07 09:00:00+00:00,0.1676,0.1677,0.1646,0.1655,2980996.65
2025-11-07 10:00:00+00:00,0.1655,0.1665,0.1637,0.1642,2561874.01
2025-11-07 11:00:00+00:00,0.1642,0.1642,0.1616,0.1631,4575818.77
2025-11-07 12:00:00+00:00,0.1631,0.1636,0.1595,0.1606,4097002.18
2025-11-07 13:00:00+00:00,0.1606,0.1631,0.1599,0.1628,4530645.29
2025-11-07 14:00:00+00:00,0.1628,0.1675,0.1613,0.1669,7610684.74
2025-11-07 15:00:00+00:00,0.1669,0.1694,0.1653,0.1686,8821093.03
2025-11-07 16:00:00+00:00,0.1686,0.1741,0.1677,0.1731,10522698.77
2025-11-07 17:00:00+00:00,0.1731,0.178,0.1723,0.177,10971145.08
2025-11-07 18:00:00+00:00,0.177,0.1811,0.1767,0.179,9989843.74
2025-11-07 19:00:00+00:00,0.179,0.179,0.1766,0.1778,6781180.1
2025-11-07 20:00:00+00:00,0.1778,0.1791,0.1772,0.1783,5585621.58
2025-11-07 21:00:00+00:00,0.1783,0.1799,0.178,0.1799,3822670.8
2025-11-07 22:00:00+00:00,0.1799,0.1801,0.1785,0.1793,2069887.47
2025-11-07 23:00:00+00:00,0.1793,0.1794,0.1765,0.1771,3268362.93
2025-11-08 00:00:00+00:00,0.1771,0.1786,0.1755,0.1756,4769625.33
2025-11-08 01:00:00+00:00,0.1756,0.1786,0.1756,0.1783,4046185.56
2025-11-08 02:00:00+00:00,0.1783,0.1803,0.1777,0.1777,4415904.28
2025-11-08 03:00:00+00:00,0.1777,0.1794,0.1765,0.1765,4240163.51
2025-11-08 04:00:00+00:00,0.1765,0.1792,0.1765,0.1778,4709815.08
2025-11-08 05:00:00+00:00,0.1778,0.1782,0.1753,0.1754,4631019.05
2025-11-08 06:00:00+00:00,0.1754,0.1757,0.1739,0.1747,4261943.51
2025-11-08 07:00:00+00:00,0.1747,0.1763,0.1739,0.1761,3457268.69
2025-11-08 08:00:00+00:00,0.1761,0.1772,0.1748,0.1762,2738378.89
2025-11-08 09:00:00+00:00,0.1762,0.1764,0.1745,0.175,1800404.07
2025-11-08 10:00:00+00:00,0.175,0.1765,0.1748,0.1763,1658863.5
2025-11-08 11:00:00+00:00,0.1763,0.177,0.1755,0.1762,1902996.24
2025-11-08 12:00:00+00:00,0.1762,0.1765,0.175,0.176,2132566.17
2025-11-08 13:00:00+00:00,0.176,0.1761,0.1737,0.1737,3617936.71
2025-11-08 14:00:00+00:00,0.1737,0.1745,0.1719,0.1742,4166476.15
2025-11-08 15:00:00+00:00,0.1742,0.1751,0.1719,0.1726,3216754.45
2025-11-08 16:00:00+00:00,0.1726,0.1738,0.1716,0.1735,2663265.59
2025-11-08 17:00:00+00:00,0.1735,0.1747,0.173,0.1739,1920697.24
2025-11-08 18:00:00+00:00,0.1739,0.1745,0.1732,0.1743,1748841.6
2025-11-08 19:00:00+00:00,0.1743,0.1743,0.1719,0.173,1619444.75
2025-11-08 20:00:00+00:00,0.173,0.1738,0.1721,0.1733,1426443.71
2025-11-08 21:00:00+00:00,0.1733,0.1741,0.1729,0.1739,1125640.8
2025-11-08 22:00:00+00:00,0.1739,0.1747,0.1735,0.1743,1233890.18
2025-11-08 23:00:00+00:00,0.1743,0.1758,0.1739,0.1756,1110975.53
2025-11-09 00:00:00+00:00,0.1756,0.1757,0.1725,0.1728,1930711.61
2025-11-09 01:00:00+00:00,0.1728,0.1738,0.1721,0.1734,1437833.33
2025-11-09 02:00:00+00:00,0.1734,0.1734,0.1696,0.1698,3728940.83
2025-11-09 03:00:00+00:00,0.1698,0.1701,0.1685,0.1691,2711567.37
2025-11-09 04:00:00+00:00,0.1691,0.1707,0.1689,0.1696,2532619.28
2025-11-09 05:00:00+00:00,0.1696,0.1702,0.1689,0.1699,1720205.8
2025-11-09 06:00:00+00:00,0.1699,0.1711,0.1694,0.1698,1362673.92
2025-11-09 07:00:00+00:00,0.1698,0.1715,0.1696,0.1714,1611724.76
2025-11-09 08:00:00+00:00,0.1714,0.1715,0.1705,0.171,1260138.42
2025-11-09 09:00:00+00:00,0.171,0.172,0.1692,0.1693,2526426.39
2025-11-09 10:00:00+00:00,0.1693,0.1705,0.1685,0.1705,1900617.85
2025-11-09 11:00:00+00:00,0.1705,0.1722,0.1705,0.1711,2963454.78
2025-11-09 12:00:00+00:00,0.1711,0.1718,0.1706,0.1707,1825117.97
2025-11-09 13:00:00+00:00,0.1707,0.1723,0.1703,0.1716,2033594.67
2025-11-09 14:00:00+00:00,0.1716,0.1753,0.171,0.1728,5644965.06
2025-11-09 15:00:00+00:00,0.1728,0.175,0.1728,0.1736,4026932.01
2025-11-09 16:00:00+00:00,0.1736,0.1752,0.1725,0.1747,3052221.67
2025-11-09 17:00:00+00:00,0.1747,0.1747,0.1728,0.1734,2605809.29
2025-11-09 18:00:00+00:00,0.1734,0.1754,0.1725,0.1752,2000741.52
2025-11-09 19:00:00+00:00,0.1752,0.1771,0.1747,0.177,4706907.46
2025-11-09 20:00:00+00:00,0.177,0.1775,0.1758,0.1764,2125556.32
2025-11-09 21:00:00+00:00,0.1764,0.1771,0.1759,0.1768,1464532.57
2025-11-09 22:00:00+00:00,0.1768,0.177,0.1754,0.1767,1479381.31
2025-11-09 23:00:00+00:00,0.1767,0.1785,0.1758,0.1766,3374138.74
2025-11-10 00:00:00+00:00,0.1766,0.1812,0.1755,0.1801,5647105.05
2025-11-10 01:00:00+00:00,0.1801,0.1808,0.1787,0.1794,5311780.99
2025-11-10 02:00:00+00:00,0.1794,0.181,0.1789,0.1808,3064951.89
2025-11-10 03:00:00+00:00,0.1808,0.1825,0.1808,0.1818,3700987.31
2025-11-10 04:00:00+00:00,0.1818,0.1829,0.1815,0.1827,2448615.11
2025-11-10 05:00:00+00:00,0.1827,0.1835,0.1812,0.1833,2269476.03
2025-11-10 06:00:00+00:00,0.1833,0.1856,0.183,0.1856,3523208.58
2025-11-10 07:00:00+00:00,0.1856,0.1882,0.1856,0.1871,7178792.8
2025-11-10 08:00:00+00:00,0.1871,0.1888,0.1864,0.1887,5939248.94
2025-11-10 09:00:00+00:00,0.1887,0.1941,0.1871,0.1939,8237583.79
2025-11-10 10:00:00+00:00,0.1939,0.1975,0.1933,0.1947,12886546.54
2025-11-10 11:00:00+00:00,0.1947,0.1987,0.1943,0.1966,10377040.26
2025-11-10 12:00:00+00:00,0.1966,0.1971,0.1929,0.1938,7981943.07
2025-11-10 13:00:00+00:00,0.1938,0.1973,0.1935,0.1935,8265581.61
2025-11-10 14:00:00+00:00,0.1935,0.1941,0.1909,0.1917,11468868.55
2025-11-10 15:00:00+00:00,0.1917,0.1926,0.1879,0.1884,11018785.36
2025-11-10 16:00:00+00:00,0.1884,0.19,0.1873,0.1883,6430263.38
2025-11-10 17:00:00+00:00,0.1883,0.1918,0.1883,0.1915,6388951.09
2025-11-10 18:00:00+00:00,0.1915,0.1932,0.1908,0.1921,3472921.17
2025-11-10 19:00:00+00:00,0.1921,0.1944,0.1919,0.1922,5853251.76
2025-11-10 20:00:00+00:00,0.1922,0.1942,0.1918,0.1932,4866048.7
2025-11-10 21:00:00+00:00,0.1932,0.1933,0.1897,0.1903,4893255.43
2025-11-10 22:00:00+00:00,0.1903,0.1942,0.1898,0.1938,4670281.42
2025-11-10 23:00:00+00:00,0.1938,0.194,0.1924,0.1939,2987759.4
2025-11-11 00:00:00+00:00,0.1939,0.1952,0.1916,0.1937,8080612.35
2025-11-11 01:00:00+00:00,0.1937,0.1968,0.1923,0.1926,9944267.21
2025-11-11 02:00:00+00:00,0.1926,0.1965,0.1915,0.1941,6471706.67
2025-11-11 03:00:00+00:00,0.1941,0.1953,0.1921,0.1935,4648712.3
2025-11-11 04:00:00+00:00,0.1935,0.1936,0.1896,0.1897,4721209.84
2025-11-11 05:00:00+00:00,0.1897,0.1899,0.1878,0.188,5228557.69
2025-11-11 06:00:00+00:00,0.188,0.1892,0.1874,0.1887,3318411.92
2025-11-11 07:00:00+00:00,0.1887,0.1889,0.1855,0.1856,4425738.01
2025-11-11 08:00:00+00:00,0.1856,0.1867,0.1848,0.1857,3236522.93
2025-11-11 09:00:00+00:00,0.1857,0.188,0.1856,0.1864,3789801.47
2025-11-11 10:00:00+00:00,0.1864,0.1878,0.1861,0.1873,1754612.24
2025-11-11 11:00:00+00:00,0.1873,0.1883,0.1864,0.187,1939409.1
2025-11-11 12:00:00+00:00,0.187,0.1875,0.1852,0.1858,2766589.99
2025-11-11 13:00:00+00:00,0.1858,0.1866,0.1844,0.1847,3200276.99
2025-11-11 14:00:00+00:00,0.1847,0.186,0.1829,0.1859,6205064.12
2025-11-11 15:00:00+00:00,0.1859,0.1859,0.1839,0.1846,5294127.89
2025-11-11 16:00:00+00:00,0.1846,0.185,0.1831,0.184,3675093.06
2025-11-11 17:00:00+00:00,0.184,0.1846,0.1822,0.1824,3354278.66
2025-11-11 18:00:00+00:00,0.1824,0.1832,0.1811,0.1813,2498777.65
2025-11-11 19:00:00+00:00,0.1813,0.1814,0.1799,0.18,2372272.34
2025-11-11 20:00:00+00:00,0.18,0.1805,0.1788,0.1791,2422198.13
2025-11-11 21:00:00+00:00,0.1791,0.18,0.1773,0.1777,2924828.77
2025-11-11 22:00:00+00:00,0.1777,0.1791,0.1772,0.1788,2629235.32
2025-11-11 23:00:00+00:00,0.1788,0.1788,0.1775,0.1778,2678027.46
2025-11-12 00:00:00+00:00,0.1778,0.1789,0.1772,0.1773,4628308.58
2025-11-12 01:00:00+00:00,0.1773,0.1807,0.1771,0.1805,3591282.27
2025-11-12 02:00:00+00:00,0.1805,0.1812,0.1791,0.1805,3061221.96
2025-11-12 03:00:00+00:00,0.1805,0.1815,0.18,0.1801,2610634.93
2025-11-12 04:00:00+00:00,0.1801,0.1803,0.1794,0.1799,1951250.47
2025-11-12 05:00:00+00:00,0.1799,0.1811,0.1794,0.1808,2465941.17
2025-11-12 06:00:00+00:00,0.1808,0.1843,0.1807,0.1829,4558166.1
2025-11-12 07:00:00+00:00,0.1829,0.1829,0.1802,0.1805,4704279.05
2025-11-12 08:00:00+00:00,0.1805,0.1835,0.1803,0.1823,3597961.12
2025-11-12 09:00:00+00:00,0.1823,0.1836,0.182,0.1829,3003680.19
2025-11-12 10:00:00+00:00,0.1829,0.185,0.1828,0.1849,3858356.81
2025-11-12 11:00:00+00:00,0.1849,0.1861,0.1844,0.1847,3753722.01
2025-11-12 12:00:00+00:00,0.1847,0.1864,0.1839,0.186,3886917.16
2025-11-12 13:00:00+00:00,0.186,0.1864,0.1847,0.1852,3620308.97
2025-11-12 14:00:00+00:00,0.1852,0.1853,0.18,0.1815,8061937.1
2025-11-12 15:00:00+00:00,0.1815,0.1823,0.1771,0.1777,9218350.29
2025-11-12 16:00:00+00:00,0.1777,0.1781,0.1747,0.1754,11235335.29
2025-11-12 17:00:00+00:00,0.1754,0.1772,0.1739,0.1754,5894304.05
2025-11-12 18:00:00+00:00,0.1754,0.1761,0.1739,0.1744,3623431.76
2025-11-12 19:00:00+00:00,0.1744,0.1749,0.1729,0.1742,4413902.4
2025-11-12 20:00:00+00:00,0.1742,0.175,0.1737,0.1743,3939687.64
2025-11-12 21:00:00+00:00,0.1743,0.1755,0.1743,0.1753,3159557.64
2025-11-12 22:00:00+00:00,0.1753,0.1754,0.1742,0.1753,1955499.99
2025-11-12 23:00:00+00:00,0.1753,0.1753,0.1734,0.174,1729240.08
2025-11-13 00:00:00+00:00,0.174,0.1755,0.1736,0.1746,2845588.65
2025-11-13 01:00:00+00:00,0.1746,0.1774,0.1746,0.1759,4590138.51
2025-11-13 02:00:00+00:00,0.1759,0.1771,0.1758,0.1763,2338028.0
2025-11-13 03:00:00+00:00,0.1763,0.1802,0.174,0.1787,7514425.41
2025-11-13 04:00:00+00:00,0.1787,0.1788,0.1771,0.1782,5698705.37
2025-11-13 05:00:00+00:00,0.1782,0.1807,0.1779,0.1804,3712154.79
2025-11-13 06:00:00+00:00,0.1804,0.1809,0.1793,0.1794,3674447.82
2025-11-13 07:00:00+00:00,0.1794,0.1805,0.1786,0.1789,2493620.41
2025-11-13 08:00:00+00:00,0.1789,0.18,0.1787,0.1799,1431669.22
2025-11-13 09:00:00+00:00,0.1799,0.1802,0.1776,0.1782,3800674.89
2025-11-13 10:00:00+00:00,0.1782,0.1799,0.1779,0.1783,2029668.6
2025-11-13 11:00:00+00:00,0.1783,0.1791,0.1778,0.1779,1389554.94
2025-11-13 12:00:00+00:00,0.1779,0.1785,0.1772,0.1779,1926669.16
2025-11-13 13:00:00+00:00,0.1779,0.1782,0.1756,0.1757,3984379.12
2025-11-13 14:00:00+00:00,0.1757,0.1791,0.1745,0.1778,8796868.11
2025-11-13 15:00:00+00:00,0.1778,0.1781,0.1745,0.1754,6453526.03
2025-11-13 16:00:00+00:00,0.1754,0.1761,0.1727,0.1729,5531460.82
2025-11-13 17:00:00+00:00,0.1729,0.1732,0.1689,0.1692,7671506.46
2025-11-13 18:00:00+00:00,0.1692,0.1695,0.1663,0.1667,6805519.71
2025-11-13 19:00:00+00:00,0.1667,0.1675,0.1643,0.1647,6947542.06
2025-11-13 20:00:00+00:00,0.1647,0.1647,0.1617,0.1628,10785268.91
2025-11-13 21:00:00+00:00,0.1628,0.1639,0.1615,0.1624,5606480.07
2025-11-13 22:00:00+00:00,0.1624,0.1658,0.1622,0.1652,4623390.18
2025-11-13 23:00:00+00:00,0.1652,0.1666,0.1641,0.1648,4154938.72
2025-11-14 00:00:00+00:00,0.1648,0.1654,0.1625,0.163,5747423.34
2025-11-14 01:00:00+00:00,0.163,0.1642,0.1625,0.1634,4694568.26
2025-11-14 02:00:00+00:00,0.1634,0.1653,0.1633,0.1644,2593819.33
2025-11-14 03:00:00+00:00,0.1644,0.1644,0.162,0.1627,2663075.62
2025-11-14 04:00:00+00:00,0.1627,0.1627,0.1575,0.1601,9423093.95
2025-11-14 05:00:00+00:00,0.1601,0.1621,0.1598,0.162,5451669.14
2025-11-14 06:00:00+00:00,0.162,0.1633,0.1592,0.1633,5391590.51
2025-11-14 07:00:00+00:00,0.1633,0.1636,0.1611,0.1615,4080905.74
2025-11-14 08:00:00+00:00,0.1615,0.1616,0.1598,0.1604,3180806.23
2025-11-14 09:00:00+00:00,0.1604,0.1609,0.1579,0.158,4441035.99
2025-11-14 10:00:00+00:00,0.158,0.1598,0.158,0.1592,2595932.58
2025-11-14 11:00:00+00:00,0.1592,0.1594,0.157,0.1576,3755885.44
2025-11-14 12:00:00+00:00,0.1576,0.1576,0.1542,0.1569,8738048.32
2025-11-14 13:00:00+00:00,0.1569,0.1578,0.1541,0.1562,7624483.12
2025-11-14 14:00:00+00:00,0.1562,0.1604,0.1555,0.1594,10123263.78
2025-11-14 15:00:00+00:00,0.1594,0.1608,0.1573,0.1597,9496748.35
2025-11-14 16:00:00+00:00,0.1597,0.1615,0.1581,0.1603,7028591.01
2025-11-14 17:00:00+00:00,0.1603,0.1604,0.1565,0.1572,3820060.6
2025-11-14 18:00:00+00:00,0.1572,0.1583,0.1556,0.1562,3563931.36
2025-11-14 19:00:00+00:00,0.1562,0.1599,0.156,0.1583,4082434.11
2025-11-14 20:00:00+00:00,0.1583,0.1584,0.154,0.1549,4194523.07
2025-11-14 21:00:00+00:00,0.1549,0.1567,0.1543,0.1556,3710331.72
2025-11-14 22:00:00+00:00,0.1556,0.1562,0.1538,0.1547,3336989.73
2025-11-14 23:00:00+00:00,0.1547,0.1547,0.1508,0.1529,6358100.37
2025-11-15 00:00:00+00:00,0.1529,0.1548,0.1528,0.1544,3015467.6
2025-11-15 01:00:00+00:00,0.1544,0.1572,0.1541,0.1569,2710070.75
2025-11-15 02:00:00+00:00,0.1569,0.1581,0.156,0.1581,2218574.24
2025-11-15 03:00:00+00:00,0.1581,0.1583,0.1573,0.1579,2171665.62
2025-11-15 04:00:00+00:00,0.1579,0.1585,0.1572,0.1575,1547321.35
2025-11-15 05:00:00+00:00,0.1575,0.1585,0.1572,0.1584,1455809.73
2025-11-15 06:00:00+00:00,0.1584,0.1585,0.1576,0.1577,1833040.78
2025-11-15 07:00:00+00:00,0.1577,0.1583,0.1572,0.1577,2965189.85
2025-11-15 08:00:00+00:00,0.1577,0.1578,0.1543,0.1549,2935590.11
2025-11-15 09:00:00+00:00,0.1549,0.1562,0.1546,0.1552,1780030.82
2025-11-15 10:00:00+00:00,0.1552,0.1564,0.1546,0.1559,2301279.65
2025-11-15 11:00:00+00:00,0.1559,0.1562,0.155,0.1554,1555234.76
2025-11-15 12:00:00+00:00,0.1554,0.1569,0.1547,0.1568,1994027.25
2025-11-15 13:00:00+00:00,0.1568,0.1587,0.1568,0.1578,2846628.78
2025-11-15 14:00:00+00:00,0.1578,0.158,0.1552,0.1564,4795769.78
2025-11-15 15:00:00+00:00,0.1564,0.1566,0.1555,0.1557,2555316.06
2025-11-15 16:00:00+00:00,0.1557,0.1568,0.1547,0.1565,2042936.54
2025-11-15 17:00:00+00:00,0.1565,0.1575,0.156,0.1569,2495031.21
2025-11-15 18:00:00+00:00,0.1569,0.1572,0.156,0.1563,1359054.53
2025-11-15 19:00:00+00:00,0.1563,0.1566,0.1558,0.1562,769368.53
2025-11-15 20:00:00+00:00,0.1562,0.1563,0.1548,0.155,1266601.58
2025-11-15 21:00:00+00:00,0.155,0.1559,0.1539,0.1542,2260685.43
2025-11-15 22:00:00+00:00,0.1542,0.1554,0.154,0.1554,908307.86
2025-11-15 23:00:00+00:00,0.1554,0.1554,0.1547,0.1548,788149.35
2025-11-16 00:00:00+00:00,0.1548,0.155,0.153,0.154,1962813.02
2025-11-16 01:00:00+00:00,0.154,0.1545,0.152,0.1535,3317109.4
2025-11-16 02:00:00+00:00,0.1535,0.1555,0.1528,0.1553,2033387.21
2025-11-16 03:00:00+00:00,0.1553,0.1557,0.1541,0.1544,1632602.02
2025-11-16 04:00:00+00:00,0.1544,0.1545,0.1535,0.154,920338.6
2025-11-16 05:00:00+00:00,0.154,0.1552,0.154,0.1545,1246527.02
2025-11-16 06:00:00+00:00,0.1545,0.1552,0.1543,0.1544,859964.46
2025-11-16 07:00:00+00:00,0.1544,0.1555,0.1541,0.1555,1138248.26
2025-11-16 08:00:00+00:00,0.1555,0.1558,0.1534,0.1538,1229457.45
2025-11-16 09:00:00+00:00,0.1538,0.1551,0.1532,0.155,1780969.24
2025-11-16 10:00:00+00:00,0.155,0.1552,0.1539,0.1541,1662108.53
2025-11-16 11:00:00+00:00,0.1541,0.1543,0.1511,0.1513,3618602.5
2025-11-16 12:00:00+00:00,0.1513,0.1525,0.1511,0.1518,2494332.22
2025-11-16 13:00:00+00:00,0.1518,0.1521,0.1504,0.1508,2487849.48
2025-11-16 14:00:00+00:00,0.1508,0.1518,0.1501,0.1515,2088510.83
2025-11-16 15:00:00+00:00,0.1515,0.1516,0.1487,0.1489,4114548.16
2025-11-16 16:00:00+00:00,0.1489,0.15,0.1473,0.1477,5824895.74
2025-11-16 17:00:00+00:00,0.1477,0.1484,0.1465,0.148,4202509.74
2025-11-16 18:00:00+00:00,0.148,0.1506,0.1466,0.147,5284162.93
2025-11-16 19:00:00+00:00,0.147,0.1489,0.1469,0.1478,3521418.95
2025-11-16 20:00:00+00:00,0.1478,0.1493,0.1477,0.1479,1523591.28
2025-11-16 21:00:00+00:00,0.1479,0.148,0.1467,0.1475,2083755.67
2025-11-16 22:00:00+00:00,0.1475,0.1484,0.146,0.1478,3446744.26
2025-11-16 23:00:00+00:00,0.1478,0.1484,0.1452,0.1467,7591361.45
2025-11-17 00:00:00+00:00,0.1467,0.1495,0.1456,0.1494,4306991.34
2025-11-17 01:00:00+00:00,0.1494,0.1497,0.1479,0.1481,2600884.65
2025-11-17 02:00:00+00:00,0.1481,0.1492,0.1479,0.1486,2447579.45
2025-11-17 03:00:00+00:00,0.1486,0.1504,0.1485,0.1504,2170806.33
2025-11-17 04:00:00+00:00,0.1504,0.1511,0.1496,0.1497,1805307.61
2025-11-17 05:00:00+00:00,0.1497,0.1501,0.149,0.1494,1600268.27
2025-11-17 06:00:00+00:00,0.1494,0.1502,0.1486,0.1502,1520632.41
2025-11-17 07:00:00+00:00,0.1502,0.1511,0.15,0.1506,2157319.88
2025-11-17 08:00:00+00:00,0.1506,0.1512,0.15,0.1502,1776108.2
2025-11-17 09:00:00+00:00,0.1502,0.1515,0.1498,0.1506,1478897.03
2025-11-17 10:00:00+00:00,0.1506,0.1518,0.1504,0.1514,1113265.75
2025-11-17 11:00:00+00:00,0.1514,0.153,0.1514,0.1521,2067600.8
2025-11-17 12:00:00+00:00,0.1521,0.1522,0.151,0.1516,1450965.88
2025-11-17 13:00:00+00:00,0.1516,0.1519,0.1462,0.1475,5041231.68
2025-11-17 14:00:00+00:00,0.1475,0.1541,0.1467,0.1506,11364015.18
2025-11-17 15:00:00+00:00,0.1506,0.1512,0.1478,0.1489,8126086.98
2025-11-17 16:00:00+00:00,0.1489,0.1507,0.1467,0.1505,6320933.51
2025-11-17 17:00:00+00:00,0.1505,0.1506,0.1468,0.1471,4024248.75
2025-11-17 18:00:00+00:00,0.1471,0.1482,0.1447,0.1454,5485170.38
2025-11-17 19:00:00+00:00,0.1454,0.1458,0.1429,0.1431,6365855.03
2025-11-17 20:00:00+00:00,0.1431,0.1442,0.142,0.1435,6403334.53
2025-11-17 21:00:00+00:00,0.1435,0.1449,0.1425,0.1437,3962669.68
2025-11-17 22:00:00+00:00,0.1437,0.1458,0.1434,0.1451,2503638.11
2025-11-17 23:00:00+00:00,0.1451,0.1459,0.1445,0.1458,2509706.02
2025-11-18 00:00:00+00:00,0.1458,0.1462,0.1429,0.1457,4060976.9
2025-11-18 01:00:00+00:00,0.1457,0.1465,0.1447,0.1451,2907596.59
2025-11-18 02:00:00+00:00,0.1451,0.1472,0.1437,0.1445,5045359.7
2025-11-18 03:00:00+00:00,0.1445,0.1467,0.1431,0.146,6190523.95
2025-11-18 04:00:00+00:00,0.146,0.1463,0.1435,0.1461,4484548.37
2025-11-18 05:00:00+00:00,0.1461,0.1468,0.1446,0.1452,3202100.74
2025-11-18 06:00:00+00:00,0.1452,0.1454,0.1429,0.1432,1944086.33
2025-11-18 07:00:00+00:00,0.1432,0.1446,0.1427,0.1443,3641762.23
2025-11-18 08:00:00+00:00,0.1443,0.1472,0.1443,0.1462,3208216.89
2025-11-18 09:00:00+00:00,0.1462,0.1469,0.1457,0.1467,2235597.21
2025-11-18 10:00:00+00:00,0.1467,0.1468,0.1456,0.1467,1526479.35
2025-11-18 11:00:00+00:00,0.1467,0.1467,0.1455,0.146,1230770.56
2025-11-18 12:00:00+00:00,0.146,0.1465,0.1449,0.1462,2543549.92
2025-11-18 13:00:00+00:00,0.1462,0.1462,0.1442,0.1451,1955365.27
2025-11-18 14:00:00+00:00,0.1451,0.1471,0.1444,0.145,4053615.17
2025-11-18 15:00:00+00:00,0.145,0.1496,0.1442,0.1489,6801962.55
2025-11-18 16:00:00+00:00,0.1489,0.1516,0.148,0.1497,6725366.24
2025-11-18 17:00:00+00:00,0.1497,0.1502,0.1488,0.1498,2551563.72
2025-11-18 18:00:00+00:00,0.1498,0.1522,0.1498,0.1519,2641111.38
2025-11-18 19:00:00+00:00,0.1519,0.1524,0.1509,0.1513,1609695.49
2025-11-18 20:00:00+00:00,0.1513,0.1519,0.151,0.1512,913076.14
2025-11-18 21:00:00+00:00,0.1512,0.1512,0.1492,0.1494,1491153.35
2025-11-18 22:00:00+00:00,0.1494,0.152,0.1494,0.1512,1692211.35
2025-11-18 23:00:00+00:00,0.1512,0.1515,0.1502,0.1506,707452.65
2025-11-19 00:00:00+00:00,0.1506,0.1511,0.1485,0.151,1929581.69
2025-11-19 01:00:00+00:00,0.151,0.152,0.1504,0.1514,2304810.21
2025-11-19 02:00:00+00:00,0.1514,0.1519,0.1506,0.151,1419261.19
2025-11-19 03:00:00+00:00,0.151,0.1511,0.1487,0.149,1594532.47
2025-11-19 04:00:00+00:00,0.149,0.1492,0.1484,0.1484,1534434.56
2025-11-19 05:00:00+00:00,0.1484,0.1487,0.1458,0.1469,2488372.38
2025-11-19 06:00:00+00:00,0.1469,0.1481,0.1465,0.148,2497897.1
2025-11-19 07:00:00+00:00,0.148,0.1503,0.1478,0.1501,2029878.09
2025-11-19 08:00:00+00:00,0.1501,0.1502,0.1484,0.1487,1539405.68
2025-11-19 09:00:00+00:00,0.1487,0.1487,0.1475,0.1483,2042984.37
2025-11-19 10:00:00+00:00,0.1483,0.1493,0.1471,0.1473,1728073.53
2025-11-19 11:00:00+00:00,0.1473,0.1477,0.1462,0.1465,1511030.76
2025-11-19 12:00:00+00:00,0.1465,0.1479,0.1464,0.1478,1339494.01
2025-11-19 13:00:00+00:00,0.1478,0.1478,0.1457,0.1459,1975401.64
2025-11-19 14:00:00+00:00,0.1459,0.1468,0.1445,0.1467,4138786.12
2025-11-19 15:00:00+00:00,0.1467,0.1486,0.143,0.1431,7237206.13
2025-11-19 16:00:00+00:00,0.1431,0.1438,0.1415,0.1419,4029964.74
2025-11-19 17:00:00+00:00,0.1419,0.1425,0.139,0.14,5568452.07
2025-11-19 18:00:00+00:00,0.14,0.1406,0.1381,0.1388,3076918.86
2025-11-19 19:00:00+00:00,0.1388,0.1398,0.1382,0.1391,2618685.44
2025-11-19 20:00:00+00:00,0.1391,0.1428,0.139,0.1425,4485757.01
2025-11-19 21:00:00+00:00,0.1425,0.1455,0.1423,0.1448,5089700.68
2025-11-19 22:00:00+00:00,0.1448,0.1448,0.1431,0.1432,2386094.04
2025-11-19 23:00:00+00:00,0.1432,0.145,0.1432,0.1449,3951841.55
2025-11-20 00:00:00+00:00,0.1449,0.1454,0.1445,0.1448,2042041.92
2025-11-20 01:00:00+00:00,0.1448,0.1466,0.1447,0.1461,1900943.1
2025-11-20 02:00:00+00:00,0.1461,0.147,0.146,0.1469,1785924.58
2025-11-20 03:00:00+00:00,0.1469,0.1472,0.1461,0.1464,1438348.25
2025-11-20 04:00:00+00:00,0.1464,0.1477,0.1464,0.1477,1408807.92
2025-11-20 05:00:00+00:00,0.1477,0.148,0.1468,0.1469,1494718.32
2025-11-20 06:00:00+00:00,0.1469,0.1474,0.146,0.1465,2090490.06
2025-11-20 07:00:00+00:00,0.1465,0.1477,0.1465,0.1476,1679510.89
2025-11-20 08:00:00+00:00,0.1476,0.1476,0.1467,0.147,1122374.17
2025-11-20 09:00:00+00:00,0.147,0.1471,0.1458,0.1462,1470897.16
2025-11-20 10:00:00+00:00,0.1462,0.1465,0.1452,0.1462,1746048.3
2025-11-20 11:00:00+00:00,0.1462,0.1462,0.1447,0.1453,2406084.42
2025-11-20 12:00:00+00:00,0.1453,0.1464,0.1447,0.1463,2033817.59
2025-11-20 13:00:00+00:00,0.1463,0.1472,0.1449,0.145,3658598.38
2025-11-20 14:00:00+00:00,0.145,0.1463,0.1436,0.1455,5367479.78
2025-11-20 15:00:00+00:00,0.1455,0.1455,0.1425,0.1426,4034371.28
2025-11-20 16:00:00+00:00,0.1426,0.1428,0.1371,0.1377,8965947.55
2025-11-20 17:00:00+00:00,0.1377,0.1382,0.1355,0.1363,6405445.75
2025-11-20 18:00:00+00:00,0.1363,0.1374,0.1352,0.1354,4844890.35
2025-11-20 19:00:00+00:00,0.1354,0.1372,0.1344,0.1369,3967641.09
2025-11-20 20:00:00+00:00,0.1369,0.1377,0.1357,0.1371,2938968.58
2025-11-20 21:00:00+00:00,0.1371,0.1393,0.1371,0.1376,2433577.51
2025-11-20 22:00:00+00:00,0.1376,0.14,0.1376,0.1398,2288035.0
2025-11-20 23:00:00+00:00,0.1398,0.1399,0.1363,0.1365,2521755.85
2025-11-21 00:00:00+00:00,0.1365,0.1381,0.1365,0.1377,2418968.95
2025-11-21 01:00:00+00:00,0.1377,0.1384,0.137,0.1371,2092430.9
2025-11-21 02:00:00+00:00,0.1371,0.1372,0.1352,0.1355,4704096.68
2025-11-21 03:00:00+00:00,0.1355,0.1369,0.1354,0.136,3155091.3
2025-11-21 04:00:00+00:00,0.136,0.1363,0.1347,0.1361,2538097.75
2025-11-21 05:00:00+00:00,0.1361,0.1365,0.1352,0.1354,1815661.39
2025-11-21 06:00:00+00:00,0.1354,0.136,0.1345,0.1352,2302840.84
2025-11-21 07:00:00+00:00,0.1352,0.1357,0.1289,0.1314,12478842.89
2025-11-21 08:00:00+00:00,0.1314,0.1332,0.1303,0.1306,4967177.84
2025-11-21 09:00:00+00:00,0.1306,0.1313,0.1269,0.1269,4490488.6
2025-11-21 10:00:00+00:00,0.1269,0.1285,0.1263,0.1278,5151858.76
2025-11-21 11:00:00+00:00,0.1278,0.1291,0.1254,0.1257,4691053.12
2025-11-21 12:00:00+00:00,0.1257,0.1282,0.1226,0.1278,9432414.88
2025-11-21 13:00:00+00:00,0.1278,0.1301,0.1276,0.1293,6018261.99
2025-11-21 14:00:00+00:00,0.1293,0.132,0.1282,0.1313,7063029.77
2025-11-21 15:00:00+00:00,0.1313,0.1316,0.1274,0.1279,7076367.22
2025-11-21 16:00:00+00:00,0.1279,0.1321,0.1265,0.1321,7175190.92
2025-11-21 17:00:00+00:00,0.1321,0.1341,0.1318,0.1327,5281072.09
2025-11-21 18:00:00+00:00,0.1327,0.1341,0.1301,0.1334,7035067.2
2025-11-21 19:00:00+00:00,0.1334,0.1337,0.1312,0.1315,3831466.86
2025-11-21 20:00:00+00:00,0.1315,0.1319,0.1291,0.1299,4938065.16
2025-11-21 21:00:00+00:00,0.1299,0.1328,0.1294,0.1317,4004572.4
2025-11-21 22:00:00+00:00,0.1317,0.1321,0.1279,0.128,2546033.15
2025-11-21 23:00:00+00:00,0.128,0.1314,0.1277,0.1308,2152657.09
2025-11-22 00:00:00+00:00,0.1308,0.1314,0.1299,0.1306,1926064.11
2025-11-22 01:00:00+00:00,0.1306,0.1314,0.1303,0.1308,2294445.74
2025-11-22 02:00:00+00:00,0.1308,0.1313,0.1302,0.1307,1979109.65
2025-11-22 03:00:00+00:00,0.1307,0.1311,0.1298,0.13,1729665.07
2025-11-22 04:00:00+00:00,0.13,0.1302,0.1277,0.1295,3215786.43
2025-11-22 05:00:00+00:00,0.1295,0.1298,0.1276,0.1282,2790739.77
2025-11-22 06:00:00+00:00,0.1282,0.1302,0.1275,0.1298,2487113.48
2025-11-22 07:00:00+00:00,0.1298,0.1303,0.1292,0.1299,3260136.48
2025-11-22 08:00:00+00:00,0.1299,0.13,0.1273,0.1275,2667232.73
2025-11-22 09:00:00+00:00,0.1275,0.1292,0.1271,0.1283,2465642.54
2025-11-22 10:00:00+00:00,0.1283,0.1289,0.1266,0.1275,1788275.58
2025-11-22 11:00:00+00:00,0.1275,0.1294,0.1272,0.1284,2375045.33
2025-11-22 12:00:00+00:00,0.1284,0.1284,0.1267,0.1272,1945534.71
2025-11-22 13:00:00+00:00,0.1272,0.128,0.1264,0.1274,2229287.01
2025-11-22 14:00:00+00:00,0.1274,0.1295,0.1273,0.1293,2363583.19
2025-11-22 15:00:00+00:00,0.1293,0.1294,0.1276,0.1282,1766229.28
2025-11-22 16:00:00+00:00,0.1282,0.1304,0.1281,0.1302,1916889.16
2025-11-22 17:00:00+00:00,0.1302,0.1306,0.1294,0.1303,1472646.04
2025-11-22 18:00:00+00:00,0.1303,0.1307,0.1297,0.1302,1212115.05
2025-11-22 19:00:00+00:00,0.1302,0.1306,0.1296,0.1303,988180.05
2025-11-22 20:00:00+00:00,0.1303,0.1309,0.1296,0.1302,1428303.38
2025-11-22 21:00:00+00:00,0.1302,0.1306,0.1297,0.1306,921235.65
2025-11-22 22:00:00+00:00,0.1306,0.1333,0.1302,0.1325,1598186.18
2025-11-22 23:00:00+00:00,0.1325,0.1329,0.1314,0.1318,1143533.37
2025-11-23 00:00:00+00:00,0.1318,0.133,0.1314,0.1319,1854263.12
2025-11-23 01:00:00+00:00,0.1319,0.1344,0.1318,0.134,1959764.67
2025-11-23 02:00:00+00:00,0.134,0.1361,0.1336,0.1356,3298057.37
2025-11-23 03:00:00+00:00,0.1356,0.136,0.1347,0.1355,2429305.97
2025-11-23 04:00:00+00:00,0.1355,0.1369,0.1355,0.1362,3513113.41
2025-11-23 05:00:00+00:00,0.1362,0.1367,0.1356,0.1362,2219330.74
2025-11-23 06:00:00+00:00,0.1362,0.1366,0.1349,0.1352,1373627.1
2025-11-23 07:00:00+00:00,0.1352,0.1353,0.1343,0.135,1808099.34
2025-11-23 08:00:00+00:00,0.135,0.1359,0.135,0.1358,1284247.63
2025-11-23 09:00:00+00:00,0.1358,0.1385,0.1358,0.1379,2598197.65
2025-11-23 10:00:00+00:00,0.1379,0.1394,0.1368,0.1392,3607113.14
2025-11-23 11:00:00+00:00,0.1392,0.1399,0.1375,0.1397,3486452.09
2025-11-23 12:00:00+00:00,0.1397,0.1405,0.1389,0.1402,3731747.47
2025-11-23 13:00:00+00:00,0.1402,0.1436,0.1393,0.1433,5944012.79
2025-11-23 14:00:00+00:00,0.1433,0.144,0.1415,0.1428,7857488.09
2025-11-23 15:00:00+00:00,0.1428,0.1474,0.1425,0.1461,8635664.6
2025-11-23 16:00:00+00:00,0.1461,0.1478,0.144,0.1448,9140089.56
2025-11-23 17:00:00+00:00,0.1448,0.1457,0.1434,0.1447,5304087.67
2025-11-23 18:00:00+00:00,0.1447,0.1493,0.1445,0.1478,7436066.08
2025-11-23 19:00:00+00:00,0.1478,0.1556,0.1478,0.1536,17971778.3
2025-11-23 20:00:00+00:00,0.1536,0.1538,0.1493,0.1509,12946609.46
2025-11-23 21:00:00+00:00,0.1509,0.1521,0.1492,0.1516,5652895.49
2025-11-23 22:00:00+00:00,0.1516,0.1517,0.1489,0.149,4029811.11
2025-11-23 23:00:00+00:00,0.149,0.1495,0.1476,0.148,4550204.23
2025-11-24 00:00:00+00:00,0.148,0.1498,0.1465,0.1487,7778258.06
2025-11-24 01:00:00+00:00,0.1487,0.149,0.1463,0.1476,4671360.86
2025-11-24 02:00:00+00:00,0.1476,0.1512,0.1474,0.1501,6747055.02
2025-11-24 03:00:00+00:00,0.1501,0.1521,0.1497,0.1506,3607691.84
2025-11-24 04:00:00+00:00,0.1506,0.1511,0.1477,0.1485,3318135.6
2025-11-24 05:00:00+00:00,0.1485,0.151,0.1483,0.1492,3918112.06
2025-11-24 06:00:00+00:00,0.1492,0.1492,0.1474,0.1477,2985217.21
2025-11-24 07:00:00+00:00,0.1477,0.1477,0.1463,0.1466,2459359.44
2025-11-24 08:00:00+00:00,0.1466,0.1474,0.1463,0.1468,2021824.22
2025-11-24 09:00:00+00:00,0.1468,0.1471,0.1442,0.1443,4753817.57
2025-11-24 10:00:00+00:00,0.1443,0.1455,0.1436,0.1446,2268864.84
2025-11-24 11:00:00+00:00,0.1446,0.1452,0.1438,0.1449,2261955.45
2025-11-24 12:00:00+00:00,0.1449,0.1449,0.1431,0.1437,2289173.77
2025-11-24 13:00:00+00:00,0.1437,0.145,0.1434,0.1434,3198410.12
2025-11-24 14:00:00+00:00,0.1434,0.1449,0.1414,0.1418,7233531.15
2025-11-24 15:00:00+00:00,0.1418,0.1422,0.1408,0.1421,5881950.11
2025-11-24 16:00:00+00:00,0.1421,0.1456,0.1421,0.1441,8396357.64
2025-11-24 17:00:00+00:00,0.1441,0.1485,0.1441,0.1485,8875151.74
2025-11-24 18:00:00+00:00,0.1485,0.1489,0.1475,0.1485,6501719.69
2025-11-24 19:00:00+00:00,0.1485,0.1491,0.1475,0.1479,3416523.09
2025-11-24 20:00:00+00:00,0.1479,0.1507,0.1475,0.1501,5750330.31
2025-11-24 21:00:00+00:00,0.1501,0.1501,0.1485,0.1493,3576264.06
2025-11-24 22:00:00+00:00,0.1493,0.1501,0.1483,0.1489,3381356.45
2025-11-24 23:00:00+00:00,0.1489,0.1499,0.1481,0.1485,2364478.92
2025-11-25 00:00:00+00:00,0.1485,0.1492,0.1479,0.1486,2449224.3
2025-11-25 01:00:00+00:00,0.1486,0.1489,0.1469,0.147,3187038.07
2025-11-25 02:00:00+00:00,0.147,0.1472,0.1454,0.1463,3368113.31
2025-11-25 03:00:00+00:00,0.1463,0.1466,0.1448,0.1451,1722203.21
2025-11-25 04:00:00+00:00,0.1451,0.1476,0.145,0.1474,2410041.44
2025-11-25 05:00:00+00:00,0.1474,0.1477,0.1462,0.1469,1904079.72
2025-11-25 06:00:00+00:00,0.1469,0.1469,0.145,0.1454,1520378.54
2025-11-25 07:00:00+00:00,0.1454,0.1458,0.1438,0.144,2309899.88
2025-11-25 08:00:00+00:00,0.144,0.1443,0.1429,0.1429,3208329.05
2025-11-25 09:00:00+00:00,0.1429,0.1441,0.1426,0.1439,1988321.02
2025-11-25 10:00:00+00:00,0.1439,0.144,0.1431,0.1436,2095620.0
2025-11-25 11:00:00+00:00,0.1436,0.1437,0.1428,0.143,1768202.56
2025-11-25 12:00:00+00:00,0.143,0.1442,0.1427,0.1438,2677482.82
2025-11-25 13:00:00+00:00,0.1438,0.1444,0.142,0.1422,2756329.61
2025-11-25 14:00:00+00:00,0.1422,0.1431,0.1403,0.1417,5218388.9
2025-11-25 15:00:00+00:00,0.1417,0.1431,0.14,0.1421,3967907.32
2025-11-25 16:00:00+00:00,0.1421,0.1439,0.1416,0.1431,2467728.75
2025-11-25 17:00:00+00:00,0.1431,0.145,0.1423,0.144,3437224.71
2025-11-25 18:00:00+00:00,0.144,0.1447,0.1428,0.1429,2120961.1
2025-11-25 19:00:00+00:00,0.1429,0.1432,0.1406,0.143,2667612.27
2025-11-25 20:00:00+00:00,0.143,0.1452,0.1429,0.1447,3458990.43
2025-11-25 21:00:00+00:00,0.1447,0.1451,0.1435,0.1435,1758863.49
2025-11-25 22:00:00+00:00,0.1435,0.1453,0.1422,0.1451,2076609.47
2025-11-25 23:00:00+00:00,0.1451,0.1465,0.1446,0.145,1740442.34
2025-11-26 00:00:00+00:00,0.145,0.1456,0.1448,0.1452,1613976.92
2025-11-26 01:00:00+00:00,0.1452,0.1479,0.1448,0.1467,2722228.58
2025-11-26 02:00:00+00:00,0.1467,0.1472,0.1459,0.1459,1625606.6
2025-11-26 03:00:00+00:00,0.1459,0.1462,0.1444,0.1444,1954411.57
2025-11-26 04:00:00+00:00,0.1444,0.1447,0.144,0.1442,1133387.32
2025-11-26 05:00:00+00:00,0.1442,0.1451,0.1441,0.1442,857443.96
2025-11-26 06:00:00+00:00,0.1442,0.1448,0.144,0.1447,1030683.73
2025-11-26 07:00:00+00:00,0.1447,0.1454,0.1443,0.1453,1197360.47
2025-11-26 08:00:00+00:00,0.1453,0.1455,0.1436,0.1437,1377376.61
2025-11-26 09:00:00+00:00,0.1437,0.1439,0.1429,0.1431,1544913.05
2025-11-26 10:00:00+00:00,0.1431,0.1438,0.1428,0.1437,1298323.2
2025-11-26 11:00:00+00:00,0.1437,0.1437,0.1427,0.1428,1016372.13
2025-11-26 12:00:00+00:00,0.1428,0.1431,0.1415,0.142,1923388.59
2025-11-26 13:00:00+00:00,0.142,0.1438,0.1418,0.1435,2008789.18
2025-11-26 14:00:00+00:00,0.1435,0.1442,0.1418,0.142,3328923.6
2025-11-26 15:00:00+00:00,0.142,0.1434,0.1418,0.1432,2695370.39
2025-11-26 16:00:00+00:00,0.1432,0.1451,0.1432,0.1444,2808298.53
2025-11-26 17:00:00+00:00,0.1444,0.1481,0.144,0.1478,5083010.67
2025-11-26 18:00:00+00:00,0.1478,0.1505,0.1475,0.1495,6323240.92
2025-11-26 19:00:00+00:00,0.1495,0.1495,0.1481,0.1486,2296374.25
2025-11-26 20:00:00+00:00,0.1486,0.1487,0.1475,0.148,2362626.64
2025-11-26 21:00:00+00:00,0.148,0.1496,0.1473,0.1488,1776124.42
2025-11-26 22:00:00+00:00,0.1488,0.1497,0.1482,0.1485,1426897.92
2025-11-26 23:00:00+00:00,0.1485,0.1488,0.1477,0.1479,1157528.11
2025-11-27 00:00:00+00:00,0.1479,0.1486,0.1475,0.148,2461207.37
2025-11-27 01:00:00+00:00,0.148,0.1487,0.1474,0.148,1331124.46
2025-11-27 02:00:00+00:00,0.148,0.1491,0.1475,0.1481,2013960.74
2025-11-27 03:00:00+00:00,0.1481,0.1485,0.1466,0.147,1951525.61
2025-11-27 04:00:00+00:00,0.147,0.1483,0.1469,0.1476,948911.1
2025-11-27 05:00:00+00:00,0.1476,0.1477,0.1466,0.1471,1064774.59
2025-11-27 06:00:00+00:00,0.1471,0.1495,0.1471,0.1486,1479533.94
2025-11-27 07:00:00+00:00,0.1486,0.1487,0.148,0.1482,815427.35
2025-11-27 08:00:00+00:00,0.1482,0.1483,0.1476,0.1481,1065170.47
2025-11-27 09:00:00+00:00,0.1481,0.1491,0.148,0.1481,1194539.82
2025-11-27 10:00:00+00:00,0.1481,0.1483,0.1474,0.1476,1374436.08
2025-11-27 11:00:00+00:00,0.1476,0.1476,0.1459,0.146,1568279.83
2025-11-27 12:00:00+00:00,0.146,0.146,0.1442,0.1446,2077499.46
2025-11-27 13:00:00+00:00,0.1446,0.1452,0.1445,0.1447,1411908.04
2025-11-27 14:00:00+00:00,0.1447,0.1456,0.1445,0.1456,1377662.71
2025-11-27 15:00:00+00:00,0.1456,0.1465,0.145,0.1464,1873730.95
2025-11-27 16:00:00+00:00,0.1464,0.1475,0.1459,0.1466,2858843.47
2025-11-27 17:00:00+00:00,0.1466,0.1466,0.1457,0.1459,1546694.33
2025-11-27 18:00:00+00:00,0.1459,0.1476,0.1457,0.1474,1849088.47
2025-11-27 19:00:00+00:00,0.1474,0.1474,0.1462,0.1471,1546195.31
2025-11-27 20:00:00+00:00,0.1471,0.148,0.1471,0.1479,1413223.94
2025-11-27 21:00:00+00:00,0.1479,0.1482,0.1474,0.1476,1091989.32
2025-11-27 22:00:00+00:00,0.1476,0.1479,0.1462,0.1465,1654977.95
2025-11-27 23:00:00+00:00,0.1465,0.1475,0.1464,0.1471,1367890.5
2025-11-28 00:00:00+00:00,0.1471,0.1474,0.146,0.1462,1036272.51
2025-11-28 01:00:00+00:00,0.1462,0.1465,0.1451,0.1452,1818692.11
2025-11-28 02:00:00+00:00,0.1452,0.1457,0.1449,0.1452,1248709.82
2025-11-28 03:00:00+00:00,0.1452,0.1459,0.1449,0.1456,795858.9
2025-11-28 04:00:00+00:00,0.1456,0.1458,0.145,0.1451,865842.87
2025-11-28 05:00:00+00:00,0.1451,0.1464,0.1449,0.1461,970480.91
2025-11-28 06:00:00+00:00,0.1461,0.1461,0.1451,0.1456,885442.72
2025-11-28 07:00:00+00:00,0.1456,0.1468,0.1455,0.1459,1208891.6
2025-11-28 08:00:00+00:00,0.1459,0.1507,0.1457,0.1503,4527276.0
2025-11-28 09:00:00+00:00,0.1503,0.1504,0.1481,0.1484,1974838.35
2025-11-28 10:00:00+00:00,0.1484,0.1491,0.1482,0.1488,1237513.97
2025-11-28 11:00:00+00:00,0.1488,0.1488,0.1463,0.1467,2183603.5
2025-11-28 12:00:00+00:00,0.1467,0.1474,0.1465,0.1471,1346715.09
2025-11-28 13:00:00+00:00,0.1471,0.1501,0.1467,0.1501,2320463.1
2025-11-28 14:00:00+00:00,0.1501,0.1504,0.1486,0.1495,3959697.26
2025-11-28 15:00:00+00:00,0.1495,0.1505,0.1489,0.1499,2839516.3
2025-11-28 16:00:00+00:00,0.1499,0.1499,0.1461,0.1461,3963843.79
2025-11-28 17:00:00+00:00,0.1461,0.1464,0.1443,0.1449,4458713.67
2025-11-28 18:00:00+00:00,0.1449,0.1456,0.144,0.1454,2889654.85
2025-11-28 19:00:00+00:00,0.1454,0.147,0.1453,0.1467,1538210.64
2025-11-28 20:00:00+00:00,0.1467,0.1467,0.1452,0.1459,1208207.58
2025-11-28 21:00:00+00:00,0.1459,0.1462,0.1452,0.1452,1486486.68
2025-11-28 22:00:00+00:00,0.1452,0.146,0.1448,0.1459,1503087.35
2025-11-28 23:00:00+00:00,0.1459,0.1462,0.1453,0.1454,767456.03
2025-11-29 00:00:00+00:00,0.1454,0.1457,0.145,0.1454,1017728.36
2025-11-29 01:00:00+00:00,0.1454,0.1463,0.145,0.1452,737139.13
2025-11-29 02:00:00+00:00,0.1452,0.1452,0.1443,0.1445,1087679.59
2025-11-29 03:00:00+00:00,0.1445,0.1446,0.1437,0.1439,862061.91
2025-11-29 04:00:00+00:00,0.1439,0.1447,0.1438,0.1447,742801.04
2025-11-29 05:00:00+00:00,0.1447,0.1447,0.144,0.144,610070.41
2025-11-29 06:00:00+00:00,0.144,0.1443,0.1425,0.1433,2406540.19
2025-11-29 07:00:00+00:00,0.1433,0.144,0.1433,0.1438,619127.4
2025-11-29 08:00:00+00:00,0.1438,0.144,0.1434,0.1436,584227.05
2025-11-29 09:00:00+00:00,0.1436,0.1437,0.1432,0.1437,597377.49
2025-11-29 10:00:00+00:00,0.1437,0.1445,0.1434,0.1443,1107459.69
2025-11-29 11:00:00+00:00,0.1443,0.1455,0.1441,0.1455,941143.96
2025-11-29 12:00:00+00:00,0.1455,0.1458,0.1449,0.1449,661145.57
2025-11-29 13:00:00+00:00,0.1449,0.145,0.1442,0.1444,717789.29
2025-11-29 14:00:00+00:00,0.1444,0.1445,0.1438,0.1439,590978.14
2025-11-29 15:00:00+00:00,0.1439,0.1453,0.1439,0.1446,1243316.53
2025-11-29 16:00:00+00:00,0.1446,0.1447,0.1437,0.1442,811152.45
2025-11-29 17:00:00+00:00,0.1442,0.1445,0.1432,0.1432,1221618.0
2025-11-29 18:00:00+00:00,0.1432,0.1435,0.1424,0.1432,2330878.42
2025-11-29 19:00:00+00:00,0.1432,0.1433,0.1425,0.1428,740675.82
2025-11-29 20:00:00+00:00,0.1428,0.1439,0.1424,0.1439,898992.79
2025-11-29 21:00:00+00:00,0.1439,0.144,0.1433,0.1434,671280.03
2025-11-29 22:00:00+00:00,0.1434,0.1436,0.1431,0.1432,669089.35
2025-11-29 23:00:00+00:00,0.1432,0.1438,0.1427,0.1432,625195.78
2025-11-30 00:00:00+00:00,0.1432,0.1439,0.1431,0.1434,497295.25
2025-11-30 01:00:00+00:00,0.1434,0.144,0.1432,0.1438,607619.56
2025-11-30 02:00:00+00:00,0.1438,0.1444,0.1433,0.1433,690104.91
2025-11-30 03:00:00+00:00,0.1433,0.144,0.1425,0.144,1346068.76
2025-11-30 04:00:00+00:00,0.144,0.1443,0.1432,0.1435,779527.45
2025-11-30 05:00:00+00:00,0.1435,0.1435,0.1426,0.1429,895267.81
2025-11-30 06:00:00+00:00,0.1429,0.144,0.1427,0.1432,739671.21
2025-11-30 07:00:00+00:00,0.1432,0.1438,0.1428,0.1433,803597.46
2025-11-30 08:00:00+00:00,0.1433,0.144,0.1425,0.1427,1496511.32
2025-11-30 09:00:00+00:00,0.1427,0.1432,0.1414,0.1431,4187205.89
2025-11-30 10:00:00+00:00,0.1431,0.1436,0.1426,0.1432,968417.83
2025-11-30 11:00:00+00:00,0.1432,0.1435,0.1426,0.1428,1081915.08
2025-11-30 12:00:00+00:00,0.1428,0.1443,0.1423,0.1442,1417652.6
2025-11-30 13:00:00+00:00,0.1442,0.146,0.144,0.1455,1918619.24
2025-11-30 14:00:00+00:00,0.1455,0.1456,0.144,0.1445,1054211.44
2025-11-30 15:00:00+00:00,0.1445,0.145,0.1438,0.1448,1048207.99
2025-11-30 16:00:00+00:00,0.1448,0.1465,0.1448,0.1458,1876612.5
2025-11-30 17:00:00+00:00,0.1458,0.1458,0.1446,0.1449,1224421.48
2025-11-30 18:00:00+00:00,0.1449,0.1449,0.1441,0.1446,746392.3
2025-11-30 19:00:00+00:00,0.1446,0.1448,0.144,0.1442,662091.89
2025-11-30 20:00:00+00:00,0.1442,0.1447,0.144,0.1444,820990.03
2025-11-30 21:00:00+00:00,0.1444,0.1444,0.1433,0.1437,1056138.13
2025-11-30 22:00:00+00:00,0.1437,0.1445,0.1432,0.1439,849906.69
2025-11-30 23:00:00+00:00,0.1439,0.1439,0.1411,0.1413,2212116.63
2025-12-01 00:00:00+00:00,0.1413,0.1417,0.1336,0.1337,11531717.28
2025-12-01 01:00:00+00:00,0.1337,0.1361,0.1335,0.1347,4422357.78
2025-12-01 02:00:00+00:00,0.1347,0.1363,0.1344,0.1352,2886314.56
2025-12-01 03:00:00+00:00,0.1352,0.1353,0.1331,0.1334,2534697.56
2025-12-01 04:00:00+00:00,0.1334,0.134,0.1328,0.1332,2190044.84
2025-12-01 05:00:00+00:00,0.1332,0.1348,0.1332,0.1341,2049118.21
2025-12-01 06:00:00+00:00,0.1341,0.1346,0.1335,0.134,964671.39
2025-12-01 07:00:00+00:00,0.134,0.1346,0.1332,0.1346,1406931.2
2025-12-01 08:00:00+00:00,0.1346,0.1348,0.1335,0.134,1378714.15
2025-12-01 09:00:00+00:00,0.134,0.1345,0.1335,0.1336,1222752.81
2025-12-01 10:00:00+00:00,0.1336,0.1339,0.1331,0.1333,1051371.41
2025-12-01 11:00:00+00:00,0.1333,0.1333,0.1319,0.1322,1891854.48
2025-12-01 12:00:00+00:00,0.1322,0.1326,0.13,0.1324,3029658.58
2025-12-01 13:00:00+00:00,0.1324,0.1334,0.1317,0.1323,2595975.03
2025-12-01 14:00:00+00:00,0.1323,0.1345,0.1323,0.1329,2818831.44
2025-12-01 15:00:00+00:00,0.1329,0.1331,0.1302,0.1318,3968434.82
2025-12-01 16:00:00+00:00,0.1318,0.1323,0.1302,0.1308,2996199.49
2025-12-01 17:00:00+00:00,0.1308,0.1318,0.1305,0.1308,1701667.7
2025-12-01 18:00:00+00:00,0.1308,0.1323,0.1308,0.1319,2144451.64
2025-12-01 19:00:00+00:00,0.1319,0.1319,0.1306,0.1312,1674919.15
2025-12-01 20:00:00+00:00,0.1312,0.1334,0.1312,0.1332,2968574.84
2025-12-01 21:00:00+00:00,0.1332,0.1346,0.133,0.1335,2929243.01
2025-12-01 22:00:00+00:00,0.1335,0.1343,0.1331,0.1335,1708294.11
2025-12-01 23:00:00+00:00,0.1335,0.1343,0.1332,0.1332,1285944.77
2025-12-02 00:00:00+00:00,0.1332,0.1338,0.1331,0.1335,1198409.93
2025-12-02 01:00:00+00:00,0.1335,0.135,0.1328,0.1329,2411495.27
2025-12-02 02:00:00+00:00,0.1329,0.1335,0.1323,0.1324,1501511.49
2025-12-02 03:00:00+00:00,0.1324,0.133,0.1316,0.1328,1330577.79
2025-12-02 04:00:00+00:00,0.1328,0.1332,0.1324,0.1324,931358.07
2025-12-02 05:00:00+00:00,0.1324,0.1325,0.1317,0.132,917248.13
2025-12-02 06:00:00+00:00,0.132,0.1328,0.1315,0.1326,1231468.56
2025-12-02 07:00:00+00:00,0.1326,0.1326,0.1316,0.1319,769956.51
2025-12-02 08:00:00+00:00,0.1319,0.1319,0.1309,0.1313,1442128.82
2025-12-02 09:00:00+00:00,0.1313,0.1322,0.1313,0.1318,1208753.56
2025-12-02 10:00:00+00:00,0.1318,0.1335,0.1318,0.133,1432564.99
2025-12-02 11:00:00+00:00,0.133,0.1345,0.133,0.1343,1651843.67
2025-12-02 12:00:00+00:00,0.1343,0.1344,0.1334,0.1341,1289006.63
2025-12-02 13:00:00+00:00,0.1341,0.1357,0.1341,0.1355,2848944.46
2025-12-02 14:00:00+00:00,0.1355,0.1384,0.1354,0.1383,4687155.19
2025-12-02 15:00:00+00:00,0.1383,0.1427,0.1383,0.1423,8229662.74
2025-12-02 16:00:00+00:00,0.1423,0.1431,0.141,0.1415,5714468.79
2025-12-02 17:00:00+00:00,0.1415,0.1443,0.1413,0.1429,3862184.95
2025-12-02 18:00:00+00:00,0.1429,0.1444,0.1425,0.1435,3141115.92
2025-12-02 19:00:00+00:00,0.1435,0.1456,0.1435,0.1449,3067799.4
2025-12-02 20:00:00+00:00,0.1449,0.1451,0.144,0.145,3193398.82
2025-12-02 21:00:00+00:00,0.145,0.1458,0.1446,0.1456,2670706.52
2025-12-02 22:00:00+00:00,0.1456,0.1466,0.145,0.146,2920475.43
2025-12-02 23:00:00+00:00,0.146,0.1464,0.1444,0.1446,1331344.71
2025-12-03 00:00:00+00:00,0.1446,0.145,0.1433,0.1441,6718130.67
2025-12-03 01:00:00+00:00,0.1441,0.1449,0.1438,0.1445,1978621.34
2025-12-03 02:00:00+00:00,0.1445,0.1469,0.1445,0.1464,3305741.15
2025-12-03 03:00:00+00:00,0.1464,0.1475,0.1458,0.1467,2085494.7
2025-12-03 04:00:00+00:00,0.1467,0.1484,0.1461,0.1483,2389141.62
2025-12-03 05:00:00+00:00,0.1483,0.149,0.1481,0.1488,2563840.55
2025-12-03 06:00:00+00:00,0.1488,0.1502,0.1484,0.1488,4085086.25
2025-12-03 07:00:00+00:00,0.1488,0.1491,0.1485,0.1488,1419663.37
2025-12-03 08:00:00+00:00,0.1488,0.1491,0.1485,0.1489,1687589.35
2025-12-03 09:00:00+00:00,0.1489,0.1489,0.1471,0.1476,2089019.95
2025-12-03 10:00:00+00:00,0.1476,0.1478,0.1459,0.146,3010470.49
2025-12-03 11:00:00+00:00,0.146,0.1464,0.1457,0.1462,2037012.16
2025-12-03 12:00:00+00:00,0.1462,0.1466,0.1448,0.1453,2066417.23
2025-12-03 13:00:00+00:00,0.1453,0.1456,0.1448,0.1449,2147962.33
2025-12-03 14:00:00+00:00,0.1449,0.1467,0.1425,0.1445,8473391.81
2025-12-03 15:00:00+00:00,0.1445,0.1455,0.1439,0.1451,3547545.57
2025-12-03 16:00:00+00:00,0.1451,0.1459,0.144,0.1448,2036189.83
2025-12-03 17:00:00+00:00,0.1448,0.1465,0.1447,0.1465,2430738.11
2025-12-03 18:00:00+00:00,0.1465,0.1471,0.1453,0.1457,3057310.85
2025-12-03 19:00:00+00:00,0.1457,0.1464,0.1456,0.1464,2029753.86
2025-12-03 20:00:00+00:00,0.1464,0.1471,0.1458,0.1462,3690658.6
2025-12-03 21:00:00+00:00,0.1462,0.1471,0.1458,0.1469,2859103.55
2025-12-03 22:00:00+00:00,0.1469,0.1476,0.146,0.147,3992611.57
2025-12-03 23:00:00+00:00,0.147,0.1479,0.1459,0.146,2914882.58
2025-12-04 00:00:00+00:00,0.146,0.1464,0.1447,0.1451,2246786.6
2025-12-04 01:00:00+00:00,0.1451,0.1466,0.1443,0.1444,2760996.38
2025-12-04 02:00:00+00:00,0.1444,0.1456,0.1443,0.1447,1789389.71
2025-12-04 03:00:00+00:00,0.1447,0.145,0.1439,0.1443,1136510.87
2025-12-04 04:00:00+00:00,0.1443,0.1443,0.1434,0.1439,1148777.67
2025-12-04 05:00:00+00:00,0.1439,0.1444,0.1435,0.1437,1138435.66
2025-12-04 06:00:00+00:00,0.1437,0.1438,0.1429,0.1431,2317484.85
2025-12-04 07:00:00+00:00,0.1431,0.1431,0.1425,0.1429,1160045.98
2025-12-04 08:00:00+00:00,0.1429,0.1434,0.1421,0.1422,1512824.35
2025-12-04 09:00:00+00:00,0.1422,0.1428,0.1421,0.1421,1474835.31
2025-12-04 10:00:00+00:00,0.1421,0.1422,0.1415,0.1418,1286812.23
2025-12-04 11:00:00+00:00,0.1418,0.1421,0.1413,0.1417,2128549.78
2025-12-04 12:00:00+00:00,0.1417,0.1418,0.1412,0.1414,1038464.09
2025-12-04 13:00:00+00:00,0.1414,0.1416,0.1399,0.14,3108284.07
2025-12-04 14:00:00+00:00,0.14,0.1405,0.1389,0.139,3381978.04
2025-12-04 15:00:00+00:00,0.139,0.1421,0.139,0.1413,3455334.96
2025-12-04 16:00:00+00:00,0.1413,0.1423,0.1403,0.141,2814389.7
2025-12-04 17:00:00+00:00,0.141,0.1413,0.1399,0.1408,1469526.3
2025-12-04 18:00:00+00:00,0.1408,0.1409,0.1397,0.14,1252175.83
2025-12-04 19:00:00+00:00,0.14,0.14,0.1376,0.1399,3266641.05
2025-12-04 20:00:00+00:00,0.1399,0.1405,0.1391,0.1401,2058168.17
2025-12-04 21:00:00+00:00,0.1401,0.1404,0.139,0.1391,1145648.18
2025-12-04 22:00:00+00:00,0.1391,0.1396,0.1389,0.1391,725650.22
2025-12-04 23:00:00+00:00,0.1391,0.1397,0.139,0.1394,719525.9
2025-12-05 00:00:00+00:00,0.1394,0.14,0.1391,0.1394,1003831.61
2025-12-05 01:00:00+00:00,0.1394,0.1398,0.1391,0.1392,709887.13
2025-12-05 02:00:00+00:00,0.1392,0.14,0.139,0.1395,612406.52
2025-12-05 03:00:00+00:00,0.1395,0.1397,0.1388,0.139,809524.88
2025-12-05 04:00:00+00:00,0.139,0.1393,0.138,0.1386,1511108.5
2025-12-05 05:00:00+00:00,0.1386,0.1387,0.1379,0.138,570310.7
2025-12-05 06:00:00+00:00,0.138,0.1388,0.138,0.1387,1016729.09
2025-12-05 07:00:00+00:00,0.1387,0.1394,0.1387,0.1394,1317060.99
2025-12-05 08:00:00+00:00,0.1394,0.1394,0.1378,0.1382,1196350.83
2025-12-05 09:00:00+00:00,0.1382,0.1382,0.1366,0.1367,1891547.44
2025-12-05 10:00:00+00:00,0.1367,0.1373,0.1367,0.1367,851433.87
2025-12-05 11:00:00+00:00,0.1367,0.1369,0.1356,0.1363,1353858.21
2025-12-05 12:00:00+00:00,0.1363,0.1366,0.1359,0.136,1030893.88
2025-12-05 13:00:00+00:00,0.136,0.1368,0.1353,0.1357,1802025.98
2025-12-05 14:00:00+00:00,0.1357,0.1361,0.135,0.1357,1611348.95
2025-12-05 15:00:00+00:00,0.1357,0.1383,0.1357,0.1367,4697116.82
2025-12-05 16:00:00+00:00,0.1367,0.1368,0.133,0.1341,6647192.09
2025-12-05 17:00:00+00:00,0.1341,0.135,0.1331,0.1345,2626735.22
2025-12-05 18:00:00+00:00,0.1345,0.1354,0.1334,0.1334,2227773.05
2025-12-05 19:00:00+00:00,0.1334,0.1346,0.1327,0.1341,2413754.77
2025-12-05 20:00:00+00:00,0.1341,0.1345,0.1336,0.134,1083921.53
2025-12-05 21:00:00+00:00,0.134,0.1345,0.1336,0.134,936749.58
2025-12-05 22:00:00+00:00,0.134,0.1346,0.1332,0.1341,741640.07
2025-12-05 23:00:00+00:00,0.1341,0.1342,0.1335,0.1339,753478.23
2025-12-06 00:00:00+00:00,0.1339,0.1342,0.1334,0.134,572765.83
2025-12-06 01:00:00+00:00,0.134,0.134,0.133,0.1331,637789.55
2025-12-06 02:00:00+00:00,0.1331,0.1337,0.1328,0.1337,607145.58
2025-12-06 03:00:00+00:00,0.1337,0.1345,0.1336,0.1339,645187.55
2025-12-06 04:00:00+00:00,0.1339,0.1341,0.1333,0.1335,616185.25
2025-12-06 05:00:00+00:00,0.1335,0.1337,0.1331,0.1334,422812.76
2025-12-06 06:00:00+00:00,0.1334,0.1338,0.1333,0.1334,391625.93
2025-12-06 07:00:00+00:00,0.1334,0.1337,0.1329,0.1334,427519.0
2025-12-06 08:00:00+00:00,0.1334,0.1334,0.1326,0.1326,820536.8
2025-12-06 09:00:00+00:00,0.1326,0.1337,0.1326,0.1334,1095604.13
2025-12-06 10:00:00+00:00,0.1334,0.1335,0.1328,0.1329,517432.92
2025-12-06 11:00:00+00:00,0.1329,0.1333,0.1327,0.1331,536821.63
2025-12-06 12:00:00+00:00,0.1331,0.1331,0.1325,0.1326,614592.51
2025-12-06 13:00:00+00:00,0.1326,0.1331,0.1325,0.1328,670021.46
2025-12-06 14:00:00+00:00,0.1328,0.1344,0.1327,0.1343,1875006.69
2025-12-06 15:00:00+00:00,0.1343,0.1343,0.1327,0.1329,1462601.15
2025-12-06 16:00:00+00:00,0.1329,0.134,0.1328,0.1333,1236710.54
2025-12-06 17:00:00+00:00,0.1333,0.1338,0.1329,0.1335,947221.21
2025-12-06 18:00:00+00:00,0.1335,0.134,0.1332,0.1337,904712.36
2025-12-06 19:00:00+00:00,0.1337,0.1338,0.1328,0.1333,1628254.5
2025-12-06 20:00:00+00:00,0.1333,0.1336,0.1332,0.1336,919685.54
2025-12-06 21:00:00+00:00,0.1336,0.1344,0.1335,0.1338,1498601.46
2025-12-06 22:00:00+00:00,0.1338,0.1341,0.1333,0.1335,717145.11
2025-12-06 23:00:00+00:00,0.1335,0.134,0.133,0.134,849879.95
2025-12-07 00:00:00+00:00,0.134,0.135,0.1339,0.1349,1331903.89
2025-12-07 01:00:00+00:00,0.1349,0.1349,0.134,0.134,665871.55
2025-12-07 02:00:00+00:00,0.134,0.1347,0.1338,0.1347,690618.28
2025-12-07 03:00:00+00:00,0.1347,0.1354,0.1346,0.1354,768393.49
2025-12-07 04:00:00+00:00,0.1354,0.1359,0.135,0.1351,799013.78
2025-12-07 05:00:00+00:00,0.1351,0.1353,0.1344,0.1349,844821.78
2025-12-07 06:00:00+00:00,0.1349,0.1358,0.1348,0.1357,619819.19
2025-12-07 07:00:00+00:00,0.1357,0.1359,0.1343,0.1345,1210444.06
2025-12-07 08:00:00+00:00,0.1345,0.1348,0.1341,0.1342,696985.26
2025-12-07 09:00:00+00:00,0.1342,0.1345,0.1329,0.133,1021244.23
2025-12-07 10:00:00+00:00,0.133,0.1334,0.1327,0.133,680014.81
2025-12-07 11:00:00+00:00,0.133,0.1338,0.133,0.1334,504509.36
2025-12-07 12:00:00+00:00,0.1334,0.1347,0.1333,0.1346,1164891.34
2025-12-07 13:00:00+00:00,0.1346,0.1347,0.1325,0.1329,2112127.03
2025-12-07 14:00:00+00:00,0.1329,0.133,0.128,0.1283,9709305.97
2025-12-07 15:00:00+00:00,0.1283,0.1325,0.1282,0.1322,4846039.54
2025-12-07 16:00:00+00:00,0.1322,0.1323,0.1308,0.1319,2334202.05
2025-12-07 17:00:00+00:00,0.1319,0.1353,0.1314,0.1348,5161595.55
2025-12-07 18:00:00+00:00,0.1348,0.136,0.1348,0.1352,2778517.59
2025-12-07 19:00:00+00:00,0.1352,0.1358,0.1348,0.1356,925517.56
2025-12-07 20:00:00+00:00,0.1356,0.1358,0.1348,0.1352,947067.21
2025-12-07 21:00:00+00:00,0.1352,0.1352,0.1316,0.1324,2828690.65
2025-12-07 22:00:00+00:00,0.1324,0.1324,0.1299,0.1309,5192187.79
2025-12-07 23:00:00+00:00,0.1309,0.1312,0.1304,0.131,1895219.21
2025-12-08 00:00:00+00:00,0.131,0.1321,0.1305,0.1311,2181397.37
2025-12-08 01:00:00+00:00,0.1311,0.1343,0.1311,0.1328,2231644.44
2025-12-08 02:00:00+00:00,0.1328,0.1338,0.1326,0.1337,938576.14
2025-12-08 03:00:00+00:00,0.1337,0.134,0.1333,0.1338,1115452.94
2025-12-08 04:00:00+00:00,0.1338,0.1349,0.1337,0.1344,1174034.66
2025-12-08 05:00:00+00:00,0.1344,0.1351,0.134,0.1348,969998.5
2025-12-08 06:00:00+00:00,0.1348,0.1354,0.1347,0.1351,701252.63
2025-12-08 07:00:00+00:00,0.1351,0.1356,0.1348,0.1349,1328110.48
2025-12-08 08:00:00+00:00,0.1349,0.1356,0.1345,0.1354,901763.2
2025-12-08 09:00:00+00:00,0.1354,0.1373,0.1354,0.1363,3436465.21
2025-12-08 10:00:00+00:00,0.1363,0.1365,0.1355,0.1357,1227189.78
2025-12-08 11:00:00+00:00,0.1357,0.1358,0.135,0.1352,1056315.59
2025-12-08 12:00:00+00:00,0.1352,0.1353,0.1346,0.1352,1256318.55
2025-12-08 13:00:00+00:00,0.1352,0.136,0.1349,0.1353,1491350.05
2025-12-08 14:00:00+00:00,0.1353,0.1367,0.1348,0.1353,3285625.87
2025-12-08 15:00:00+00:00,0.1353,0.1359,0.134,0.1348,3853349.86
2025-12-08 16:00:00+00:00,0.1348,0.1362,0.1342,0.1352,2106352.49
2025-12-08 17:00:00+00:00,0.1352,0.1359,0.1345,0.1355,1707149.97
2025-12-08 18:00:00+00:00,0.1355,0.1365,0.134,0.1345,2262072.17
2025-12-08 19:00:00+00:00,0.1345,0.1353,0.1345,0.1346,1696721.4
2025-12-08 20:00:00+00:00,0.1346,0.1358,0.1346,0.1354,1421208.98
2025-12-08 21:00:00+00:00,0.1354,0.136,0.135,0.1358,917801.38
2025-12-08 22:00:00+00:00,0.1358,0.1359,0.1349,0.1352,553755.34
2025-12-08 23:00:00+00:00,0.1352,0.1353,0.1342,0.1345,646044.6
2025-12-09 00:00:00+00:00,0.1345,0.135,0.1338,0.134,765890.68
2025-12-09 01:00:00+00:00,0.134,0.1343,0.1329,0.1332,890765.82
2025-12-09 02:00:00+00:00,0.1332,0.1339,0.1332,0.1335,703454.93
2025-12-09 03:00:00+00:00,0.1335,0.1342,0.1327,0.1341,1030682.01
2025-12-09 04:00:00+00:00,0.1341,0.1342,0.1327,0.133,660175.23
2025-12-09 05:00:00+00:00,0.133,0.1336,0.1325,0.1331,969809.01
2025-12-09 06:00:00+00:00,0.1331,0.1334,0.1324,0.1331,739012.35
2025-12-09 07:00:00+00:00,0.1331,0.1338,0.1329,0.1338,618293.32
2025-12-09 08:00:00+00:00,0.1338,0.1339,0.1331,0.1333,385249.1
2025-12-09 09:00:00+00:00,0.1333,0.1333,0.1328,0.133,371644.9
2025-12-09 10:00:00+00:00,0.133,0.1334,0.1325,0.1334,673836.71
2025-12-09 11:00:00+00:00,0.1334,0.1342,0.1332,0.1341,663508.6
2025-12-09 12:00:00+00:00,0.1341,0.135,0.1339,0.1349,815838.24
2025-12-09 13:00:00+00:00,0.1349,0.1357,0.1348,0.1352,1290735.58
2025-12-09 14:00:00+00:00,0.1352,0.1357,0.1344,0.1348,1386019.96
2025-12-09 15:00:00+00:00,0.1348,0.1389,0.1346,0.1385,6891154.38
2025-12-09 16:00:00+00:00,0.1385,0.1431,0.1385,0.1424,8225314.56
2025-12-09 17:00:00+00:00,0.1424,0.1432,0.1409,0.1413,4026190.66
2025-12-09 18:00:00+00:00,0.1413,0.142,0.1408,0.1415,1889931.65
2025-12-09 19:00:00+00:00,0.1415,0.1418,0.1403,0.1403,1637766.84
2025-12-09 20:00:00+00:00,0.1403,0.1405,0.1383,0.1392,3602483.98
2025-12-09 21:00:00+00:00,0.1392,0.1393,0.1374,0.1382,2115880.57
2025-12-09 22:00:00+00:00,0.1382,0.1399,0.1382,0.1397,1658899.04
2025-12-09 23:00:00+00:00,0.1397,0.1398,0.139,0.139,1098165.45
2025-12-10 00:00:00+00:00,0.139,0.1392,0.1377,0.1377,1150936.57
2025-12-10 01:00:00+00:00,0.1377,0.1378,0.1367,0.137,1044884.08
2025-12-10 02:00:00+00:00,0.137,0.1376,0.1367,0.1373,641217.88
2025-12-10 03:00:00+00:00,0.1373,0.1377,0.137,0.1371,665358.97
2025-12-10 04:00:00+00:00,0.1371,0.1374,0.1368,0.1371,618132.69
2025-12-10 05:00:00+00:00,0.1371,0.1377,0.1369,0.1371,714289.55
2025-12-10 06:00:00+00:00,0.1371,0.1372,0.1367,0.137,529910.38
2025-12-10 07:00:00+00:00,0.137,0.137,0.1362,0.1369,792356.29
2025-12-10 08:00:00+00:00,0.1369,0.1372,0.1365,0.1365,562030.56
2025-12-10 09:00:00+00:00,0.1365,0.1376,0.1361,0.1375,871559.52
2025-12-10 10:00:00+00:00,0.1375,0.1383,0.1359,0.1362,1549526.84
2025-12-10 11:00:00+00:00,0.1362,0.1366,0.1359,0.1365,1021618.81
2025-12-10 12:00:00+00:00,0.1365,0.1366,0.136,0.1365,816169.74
2025-12-10 13:00:00+00:00,0.1365,0.1374,0.1364,0.1371,876728.64
2025-12-10 14:00:00+00:00,0.1371,0.1372,0.1362,0.1366,1614319.41
2025-12-10 15:00:00+00:00,0.1366,0.137,0.1354,0.1359,2045097.17
2025-12-10 16:00:00+00:00,0.1359,0.137,0.1357,0.136,1593017.95
2025-12-10 17:00:00+00:00,0.136,0.1371,0.1358,0.1365,1509216.29
2025-12-10 18:00:00+00:00,0.1365,0.1385,0.1361,0.1375,2781707.73
2025-12-10 19:00:00+00:00,0.1375,0.1396,0.1367,0.1389,9897876.34
2025-12-10 20:00:00+00:00,0.1389,0.142,0.1375,0.1378,6956184.65
2025-12-10 21:00:00+00:00,0.1378,0.1383,0.1359,0.136,2800487.49
2025-12-10 22:00:00+00:00,0.136,0.1365,0.1346,0.1361,2665232.25
2025-12-10 23:00:00+00:00,0.1361,0.1363,0.1346,0.1347,1161100.97
2025-12-11 00:00:00+00:00,0.1347,0.1349,0.133,0.1334,2182560.69
2025-12-11 01:00:00+00:00,0.1334,0.1334,0.132,0.132,2082021.76
2025-12-11 02:00:00+00:00,0.132,0.1321,0.1308,0.131,2139176.89
2025-12-11 03:00:00+00:00,0.131,0.131,0.1294,0.13,2848962.56
2025-12-11 04:00:00+00:00,0.13,0.1311,0.1296,0.1307,1750245.96
2025-12-11 05:00:00+00:00,0.1307,0.131,0.1304,0.1307,757609.39
2025-12-11 06:00:00+00:00,0.1307,0.1311,0.13,0.1305,1132231.85
2025-12-11 07:00:00+00:00,0.1305,0.1306,0.1296,0.1298,1064266.66
2025-12-11 08:00:00+00:00,0.1298,0.1298,0.1289,0.1295,1017922.84
2025-12-11 09:00:00+00:00,0.1295,0.1299,0.1292,0.1294,1327531.54
2025-12-11 10:00:00+00:00,0.1294,0.1294,0.1288,0.1293,1008392.54
2025-12-11 11:00:00+00:00,0.1293,0.1294,0.129,0.1293,690999.75
2025-12-11 12:00:00+00:00,0.1293,0.1298,0.1289,0.1295,871104.45
2025-12-11 13:00:00+00:00,0.1295,0.1302,0.1294,0.1301,843821.46
2025-12-11 14:00:00+00:00,0.1301,0.1305,0.129,0.1296,2725940.84
2025-12-11 15:00:00+00:00,0.1296,0.1307,0.1285,0.1292,3126397.82
2025-12-11 16:00:00+00:00,0.1292,0.1298,0.1287,0.129,1162922.2
2025-12-11 17:00:00+00:00,0.129,0.1296,0.1288,0.1289,700465.02
2025-12-11 18:00:00+00:00,0.1289,0.13,0.1287,0.1291,2500918.96
2025-12-11 19:00:00+00:00,0.1291,0.13,0.1287,0.1289,2097374.7
2025-12-11 20:00:00+00:00,0.1289,0.1298,0.1288,0.1297,1462967.41
2025-12-11 21:00:00+00:00,0.1297,0.1322,0.1295,0.131,4813726.33
2025-12-11 22:00:00+00:00,0.131,0.1314,0.1292,0.1296,2096702.37
2025-12-11 23:00:00+00:00,0.1296,0.1305,0.1292,0.1299,848518.89
2025-12-12 00:00:00+00:00,0.1299,0.1308,0.1289,0.129,1199566.71
2025-12-12 01:00:00+00:00,0.129,0.1306,0.129,0.1303,1159988.47
2025-12-12 02:00:00+00:00,0.1303,0.1315,0.1301,0.1313,1128839.81
2025-12-12 03:00:00+00:00,0.1313,0.1316,0.1298,0.1299,1194009.25
2025-12-12 04:00:00+00:00,0.1299,0.1301,0.1294,0.1298,1319352.04
2025-12-12 05:00:00+00:00,0.1298,0.1305,0.1293,0.1304,763783.81
2025-12-12 06:00:00+00:00,0.1304,0.1309,0.13,0.1301,1088520.14
2025-12-12 07:00:00+00:00,0.1301,0.1304,0.13,0.1303,713176.61
2025-12-12 08:00:00+00:00,0.1303,0.1305,0.1297,0.1299,750772.13
2025-12-12 09:00:00+00:00,0.1299,0.1303,0.1293,0.1302,770171.66
2025-12-12 10:00:00+00:00,0.1302,0.1306,0.1296,0.1298,640924.78
2025-12-12 11:00:00+00:00,0.1298,0.1298,0.1291,0.1292,827115.11
2025-12-12 12:00:00+00:00,0.1292,0.1295,0.1288,0.1293,1143229.21
2025-12-12 13:00:00+00:00,0.1293,0.1294,0.1289,0.129,1097871.03
2025-12-12 14:00:00+00:00,0.129,0.1291,0.128,0.1283,2499469.62
2025-12-12 15:00:00+00:00,0.1283,0.1283,0.1239,0.1244,6823593.49
2025-12-12 16:00:00+00:00,0.1244,0.1248,0.1233,0.1237,4512252.25
2025-12-12 17:00:00+00:00,0.1237,0.1252,0.1237,0.1241,2405490.57
2025-12-12 18:00:00+00:00,0.1241,0.1248,0.1237,0.124,2361435.7
2025-12-12 19:00:00+00:00,0.124,0.1242,0.1236,0.1242,1165270.7
2025-12-12 20:00:00+00:00,0.1242,0.1244,0.1235,0.1237,1420816.19
2025-12-12 21:00:00+00:00,0.1237,0.1242,0.1235,0.1238,819092.06
2025-12-12 22:00:00+00:00,0.1238,0.1245,0.1237,0.1241,826785.04
2025-12-12 23:00:00+00:00,0.1241,0.1242,0.1238,0.1239,467424.89
2025-12-13 00:00:00+00:00,0.1239,0.1242,0.1236,0.1238,697943.96
2025-12-13 01:00:00+00:00,0.1238,0.1243,0.1237,0.124,776102.54
2025-12-13 02:00:00+00:00,0.124,0.1255,0.124,0.1252,1515541.68
2025-12-13 03:00:00+00:00,0.1252,0.1258,0.1251,0.1256,976980.96
2025-12-13 04:00:00+00:00,0.1256,0.1262,0.1254,0.1262,803369.96
2025-12-13 05:00:00+00:00,0.1262,0.1263,0.1258,0.1261,659128.1
2025-12-13 06:00:00+00:00,0.1261,0.1261,0.125,0.1251,848925.32
2025-12-13 07:00:00+00:00,0.1251,0.1251,0.1241,0.1243,1039845.1
2025-12-13 08:00:00+00:00,0.1243,0.1251,0.1243,0.1247,939721.27
2025-12-13 09:00:00+00:00,0.1247,0.1248,0.1245,0.1246,494641.06
2025-12-13 10:00:00+00:00,0.1246,0.125,0.1246,0.1248,533465.71
2025-12-13 11:00:00+00:00,0.1248,0.1249,0.1238,0.1238,834085.19
2025-12-13 12:00:00+00:00,0.1238,0.1242,0.1236,0.1241,781072.09
2025-12-13 13:00:00+00:00,0.1241,0.1242,0.1236,0.1236,535254.59
2025-12-13 14:00:00+00:00,0.1236,0.1237,0.1224,0.1224,1389616.25
2025-12-13 15:00:00+00:00,0.1224,0.1236,0.1212,0.123,4194242.97
2025-12-13 16:00:00+00:00,0.123,0.1232,0.1227,0.1227,1076255.82
2025-12-13 17:00:00+00:00,0.1227,0.1228,0.1219,0.1224,922158.22
2025-12-13 18:00:00+00:00,0.1224,0.1228,0.1221,0.1221,768536.26
2025-12-13 19:00:00+00:00,0.1221,0.1226,0.1221,0.1222,619991.85
2025-12-13 20:00:00+00:00,0.1222,0.1229,0.1221,0.1225,645775.17
2025-12-13 21:00:00+00:00,0.1225,0.1226,0.122,0.1225,1035316.55
2025-12-13 22:00:00+00:00,0.1225,0.123,0.122,0.1228,1353504.97
2025-12-13 23:00:00+00:00,0.1228,0.1231,0.1227,0.123,646625.93
2025-12-14 00:00:00+00:00,0.123,0.1235,0.1223,0.1225,1629716.08
2025-12-14 01:00:00+00:00,0.1225,0.1229,0.1225,0.1228,594809.27
2025-12-14 02:00:00+00:00,0.1228,0.1239,0.1228,0.1239,1009360.49
2025-12-14 03:00:00+00:00,0.1239,0.1243,0.1236,0.1242,903886.87
2025-12-14 04:00:00+00:00,0.1242,0.1245,0.1232,0.1234,631752.18
2025-12-14 05:00:00+00:00,0.1234,0.1235,0.1228,0.123,497619.16
2025-12-14 06:00:00+00:00,0.123,0.1236,0.1228,0.1229,628538.84
2025-12-14 07:00:00+00:00,0.1229,0.1231,0.1225,0.1228,629104.45
2025-12-14 08:00:00+00:00,0.1228,0.1233,0.1228,0.1229,552164.12
2025-12-14 09:00:00+00:00,0.1229,0.1233,0.1227,0.1228,583766.4
2025-12-14 10:00:00+00:00,0.1228,0.1231,0.1221,0.1226,1353298.61
2025-12-14 11:00:00+00:00,0.1226,0.1226,0.1207,0.1218,1822556.51
2025-12-14 12:00:00+00:00,0.1218,0.122,0.1213,0.1215,927993.35
2025-12-14 13:00:00+00:00,0.1215,0.1215,0.1208,0.1212,777981.37
2025-12-14 14:00:00+00:00,0.1212,0.1214,0.1198,0.1201,1439228.12
2025-12-14 15:00:00+00:00,0.1201,0.1206,0.1198,0.1204,894203.73
2025-12-14 16:00:00+00:00,0.1204,0.1211,0.12,0.1202,900310.1
2025-12-14 17:00:00+00:00,0.1202,0.1205,0.1188,0.1189,1546325.82
2025-12-14 18:00:00+00:00,0.1189,0.1194,0.1187,0.1193,1041350.47
2025-12-14 19:00:00+00:00,0.1193,0.1193,0.1181,0.1182,1034735.25
2025-12-14 20:00:00+00:00,0.1182,0.119,0.1179,0.118,2661610.5
2025-12-14 21:00:00+00:00,0.118,0.1185,0.1175,0.1177,1323058.95
2025-12-14 22:00:00+00:00,0.1177,0.1183,0.1176,0.1181,1400322.06
2025-12-14 23:00:00+00:00,0.1181,0.1189,0.1175,0.1182,2267544.61
2025-12-15 00:00:00+00:00,0.1182,0.1197,0.1181,0.1197,1554921.42
2025-12-15 01:00:00+00:00,0.1197,0.1207,0.1195,0.1203,1373321.39
2025-12-15 02:00:00+00:00,0.1203,0.1217,0.1202,0.1204,1333331.91
2025-12-15 03:00:00+00:00,0.1204,0.1206,0.1195,0.1197,869008.23
2025-12-15 04:00:00+00:00,0.1197,0.1202,0.1194,0.1199,715561.04
2025-12-15 05:00:00+00:00,0.1199,0.1201,0.1198,0.1201,460193.09
2025-12-15 06:00:00+00:00,0.1201,0.1207,0.1198,0.1203,497392.19
2025-12-15 07:00:00+00:00,0.1203,0.1204,0.1194,0.1196,503004.71
2025-12-15 08:00:00+00:00,0.1196,0.1197,0.1189,0.119,801852.34
2025-12-15 09:00:00+00:00,0.119,0.1196,0.119,0.1192,564719.23
2025-12-15 10:00:00+00:00,0.1192,0.1194,0.1185,0.1187,792316.05
2025-12-15 11:00:00+00:00,0.1187,0.119,0.1183,0.1187,501880.38
2025-12-15 12:00:00+00:00,0.1187,0.1196,0.1183,0.1195,489757.55
2025-12-15 13:00:00+00:00,0.1195,0.1197,0.1186,0.1188,964726.36
2025-12-15 14:00:00+00:00,0.1188,0.1198,0.1161,0.1169,3059055.47
2025-12-15 15:00:00+00:00,0.1169,0.1172,0.1135,0.1147,5257932.35
2025-12-15 16:00:00+00:00,0.1147,0.1148,0.1129,0.1133,3124562.61
2025-12-15 17:00:00+00:00,0.1133,0.1134,0.1123,0.1124,2297222.69
2025-12-15 18:00:00+00:00,0.1124,0.113,0.1114,0.1127,2211597.19
2025-12-15 19:00:00+00:00,0.1127,0.1137,0.1126,0.1129,2487999.28
2025-12-15 20:00:00+00:00,0.1129,0.1129,0.1116,0.1118,2221345.09
2025-12-15 21:00:00+00:00,0.1118,0.1126,0.1118,0.1122,1469400.19
2025-12-15 22:00:00+00:00,0.1122,0.1136,0.1121,0.1136,1152840.6
2025-12-15 23:00:00+00:00,0.1136,0.1145,0.1136,0.1142,1275030.57
2025-12-16 00:00:00+00:00,0.1142,0.1145,0.1133,0.1134,998905.72
2025-12-16 01:00:00+00:00,0.1134,0.1142,0.1131,0.1133,1106079.74
2025-12-16 02:00:00+00:00,0.1133,0.1141,0.1128,0.1133,822466.67
2025-12-16 03:00:00+00:00,0.1133,0.1135,0.1127,0.1134,993964.0
2025-12-16 04:00:00+00:00,0.1134,0.1136,0.1119,0.1132,1226034.6
2025-12-16 05:00:00+00:00,0.1132,0.1136,0.1131,0.1135,1271174.55
2025-12-16 06:00:00+00:00,0.1135,0.1148,0.1135,0.1144,1356381.74
2025-12-16 07:00:00+00:00,0.1144,0.1145,0.1131,0.1134,553596.54
2025-12-16 08:00:00+00:00,0.1134,0.1145,0.1134,0.114,967605.41
2025-12-16 09:00:00+00:00,0.114,0.1143,0.1138,0.1138,461721.47
2025-12-16 10:00:00+00:00,0.1138,0.1159,0.1138,0.1155,1050720.27
2025-12-16 11:00:00+00:00,0.1155,0.1161,0.1151,0.1161,901846.6
2025-12-16 12:00:00+00:00,0.1161,0.1162,0.1153,0.1158,865016.23
2025-12-16 13:00:00+00:00,0.1158,0.1167,0.1145,0.1145,2197838.32
2025-12-16 14:00:00+00:00,0.1145,0.1156,0.1139,0.1148,2881958.12
2025-12-16 15:00:00+00:00,0.1148,0.1162,0.1141,0.1159,1853543.11
2025-12-16 16:00:00+00:00,0.1159,0.1161,0.1143,0.1149,1419650.25
2025-12-16 17:00:00+00:00,0.1149,0.1154,0.114,0.1141,1002073.44
2025-12-16 18:00:00+00:00,0.1141,0.1152,0.1141,0.1148,1031812.1
2025-12-16 19:00:00+00:00,0.1148,0.1151,0.1136,0.1146,686836.61
2025-12-16 20:00:00+00:00,0.1146,0.1148,0.114,0.1141,592804.27
2025-12-16 21:00:00+00:00,0.1141,0.1147,0.114,0.1146,578453.83
2025-12-16 22:00:00+00:00,0.1146,0.1148,0.1144,0.1147,484069.83
2025-12-16 23:00:00+00:00,0.1147,0.1148,0.1139,0.1146,982933.55
2025-12-17 00:00:00+00:00,0.1146,0.1146,0.1138,0.1141,495833.02
2025-12-17 01:00:00+00:00,0.1141,0.115,0.1141,0.1143,653538.16
2025-12-17 02:00:00+00:00,0.1143,0.1146,0.1137,0.1145,507313.22
2025-12-17 03:00:00+00:00,0.1145,0.1147,0.1137,0.1138,442970.06
2025-12-17 04:00:00+00:00,0.1138,0.1139,0.1131,0.1133,686604.19
2025-12-17 05:00:00+00:00,0.1133,0.1136,0.1128,0.1134,676727.48
2025-12-17 06:00:00+00:00,0.1134,0.1138,0.113,0.113,437348.07
2025-12-17 07:00:00+00:00,0.113,0.1132,0.1125,0.1126,1004741.53
2025-12-17 08:00:00+00:00,0.1126,0.1126,0.1119,0.1119,484836.69
2025-12-17 09:00:00+00:00,0.1119,0.1121,0.1115,0.1117,519282.35
2025-12-17 10:00:00+00:00,0.1117,0.1121,0.1114,0.1118,639192.85
2025-12-17 11:00:00+00:00,0.1118,0.1126,0.1117,0.1125,484250.64
2025-12-17 12:00:00+00:00,0.1125,0.1129,0.1124,0.1128,517612.32
2025-12-17 13:00:00+00:00,0.1128,0.114,0.1124,0.1139,816522.42
2025-12-17 14:00:00+00:00,0.1139,0.1161,0.1123,0.116,2990292.8
2025-12-17 15:00:00+00:00,0.116,0.1174,0.1122,0.1125,6048847.26
2025-12-17 16:00:00+00:00,0.1125,0.1132,0.1102,0.1114,4147199.97
2025-12-17 17:00:00+00:00,0.1114,0.1117,0.1096,0.1098,2349212.09
2025-12-17 18:00:00+00:00,0.1098,0.111,0.1091,0.1093,1717056.05
2025-12-17 19:00:00+00:00,0.1093,0.1098,0.1085,0.1097,1993257.1
2025-12-17 20:00:00+00:00,0.1097,0.1105,0.1093,0.1098,1409537.32
2025-12-17 21:00:00+00:00,0.1098,0.1101,0.1092,0.1093,804396.64
2025-12-17 22:00:00+00:00,0.1093,0.11,0.109,0.1098,962868.16
2025-12-17 23:00:00+00:00,0.1098,0.1099,0.1091,0.1099,667422.23
2025-12-18 00:00:00+00:00,0.1099,0.1113,0.1097,0.111,1824436.88
2025-12-18 01:00:00+00:00,0.111,0.111,0.1097,0.1099,1324703.12
2025-12-18 02:00:00+00:00,0.1099,0.1111,0.1098,0.1105,1176970.72
2025-12-18 03:00:00+00:00,0.1105,0.1105,0.1092,0.1095,678891.33
2025-12-18 04:00:00+00:00,0.1095,0.1098,0.1092,0.1092,748832.59
2025-12-18 05:00:00+00:00,0.1092,0.1094,0.108,0.1081,1205831.03
2025-12-18 06:00:00+00:00,0.1081,0.1086,0.1079,0.1085,972043.25
2025-12-18 07:00:00+00:00,0.1085,0.1089,0.1084,0.1087,683091.99
2025-12-18 08:00:00+00:00,0.1087,0.1093,0.1086,0.109,1160154.76
2025-12-18 09:00:00+00:00,0.109,0.1098,0.1088,0.1095,726790.53
2025-12-18 10:00:00+00:00,0.1095,0.1098,0.1094,0.1098,576476.93
2025-12-18 11:00:00+00:00,0.1098,0.1098,0.1092,0.1096,449163.72
2025-12-18 12:00:00+00:00,0.1096,0.1101,0.1092,0.1101,567066.57
2025-12-18 13:00:00+00:00,0.1101,0.1134,0.11,0.1133,3525904.57
2025-12-18 14:00:00+00:00,0.1133,0.1142,0.1107,0.1112,3594702.87
2025-12-18 15:00:00+00:00,0.1112,0.1128,0.1105,0.1117,2353790.77
2025-12-18 16:00:00+00:00,0.1117,0.1121,0.1109,0.1111,2065602.16
2025-12-18 17:00:00+00:00,0.1111,0.1111,0.106,0.108,6174119.11
2025-12-18 18:00:00+00:00,0.108,0.109,0.1071,0.1071,1993295.77
2025-12-18 19:00:00+00:00,0.1071,0.1073,0.104,0.1042,3711289.14
2025-12-18 20:00:00+00:00,0.1042,0.1059,0.1042,0.105,2648853.45
2025-12-18 21:00:00+00:00,0.105,0.1064,0.1049,0.1064,2285143.0
2025-12-18 22:00:00+00:00,0.1064,0.1067,0.1047,0.1049,1155189.74
2025-12-18 23:00:00+00:00,0.1049,0.1052,0.1043,0.1049,1332446.88
2025-12-19 00:00:00+00:00,0.1049,0.1054,0.1035,0.1037,1552029.58
2025-12-19 01:00:00+00:00,0.1037,0.104,0.103,0.1034,1514898.16
2025-12-19 02:00:00+00:00,0.1034,0.1043,0.103,0.1042,1315897.02
2025-12-19 03:00:00+00:00,0.1042,0.1085,0.1041,0.1076,4879011.68
2025-12-19 04:00:00+00:00,0.1076,0.1082,0.107,0.1072,1828136.35
2025-12-19 05:00:00+00:00,0.1072,0.1072,0.1063,0.1064,1138555.67
2025-12-19 06:00:00+00:00,0.1064,0.1076,0.1061,0.1076,1081096.23
2025-12-19 07:00:00+00:00,0.1076,0.11,0.1076,0.1089,3543713.71
2025-12-19 08:00:00+00:00,0.1089,0.1098,0.1089,0.1098,1560689.26
2025-12-19 09:00:00+00:00,0.1098,0.1098,0.1092,0.1095,941263.2
2025-12-19 10:00:00+00:00,0.1095,0.1099,0.1088,0.1092,1266646.83
2025-12-19 11:00:00+00:00,0.1092,0.1099,0.1089,0.1096,731470.38
2025-12-19 12:00:00+00:00,0.1096,0.1102,0.1091,0.1098,1021321.75
2025-12-19 13:00:00+00:00,0.1098,0.1103,0.1095,0.1097,817996.99
2025-12-19 14:00:00+00:00,0.1097,0.1116,0.1096,0.1109,2377480.89
2025-12-19 15:00:00+00:00,0.1109,0.1128,0.1105,0.1109,3006598.67
2025-12-19 16:00:00+00:00,0.1109,0.1129,0.1108,0.1115,2379669.5
2025-12-19 17:00:00+00:00,0.1115,0.1127,0.1103,0.1103,2731175.96
2025-12-19 18:00:00+00:00,0.1103,0.1114,0.1103,0.1108,1784680.67
2025-12-19 19:00:00+00:00,0.1108,0.1131,0.1108,0.1124,2254913.81
2025-12-19 20:00:00+00:00,0.1124,0.1137,0.1121,0.1132,1994795.19
2025-12-19 21:00:00+00:00,0.1132,0.1133,0.1117,0.1119,1225961.36
2025-12-19 22:00:00+00:00,0.1119,0.1125,0.1119,0.1124,748706.47
2025-12-19 23:00:00+00:00,0.1124,0.1124,0.112,0.112,530823.93
2025-12-20 00:00:00+00:00,0.112,0.112,0.1111,0.1114,918867.65
2025-12-20 01:00:00+00:00,0.1114,0.1115,0.1111,0.1112,446191.55
2025-12-20 02:00:00+00:00,0.1112,0.1113,0.1109,0.111,499225.31
2025-12-20 03:00:00+00:00,0.111,0.1114,0.1109,0.1111,490219.37
2025-12-20 04:00:00+00:00,0.1111,0.1112,0.1108,0.111,605112.07
2025-12-20 05:00:00+00:00,0.111,0.1113,0.1108,0.1109,740587.6
2025-12-20 06:00:00+00:00,0.1109,0.1112,0.1108,0.1109,433738.41
2025-12-20 07:00:00+00:00,0.1109,0.1117,0.1108,0.1116,434104.07
2025-12-20 08:00:00+00:00,0.1116,0.1129,0.1116,0.1126,964410.82
2025-12-20 09:00:00+00:00,0.1126,0.1135,0.1126,0.113,813607.62
2025-12-20 10:00:00+00:00,0.113,0.1131,0.1121,0.1123,533819.97
2025-12-20 11:00:00+00:00,0.1123,0.1131,0.1119,0.1131,685751.22
2025-12-20 12:00:00+00:00,0.1131,0.1132,0.1125,0.1129,752544.04
2025-12-20 13:00:00+00:00,0.1129,0.114,0.1126,0.113,2177576.27
2025-12-20 14:00:00+00:00,0.113,0.1133,0.1123,0.1131,606887.9
2025-12-20 15:00:00+00:00,0.1131,0.1135,0.1128,0.1128,964658.22
2025-12-20 16:00:00+00:00,0.1128,0.1133,0.1127,0.1129,540602.39
2025-12-20 17:00:00+00:00,0.1129,0.1131,0.1124,0.1125,467149.76
2025-12-20 18:00:00+00:00,0.1125,0.1132,0.1124,0.113,520836.52
2025-12-20 19:00:00+00:00,0.113,0.113,0.1126,0.1128,366142.21
2025-12-20 20:00:00+00:00,0.1128,0.1133,0.1126,0.1132,473816.07
2025-12-20 21:00:00+00:00,0.1132,0.1147,0.1132,0.1138,1391643.66
2025-12-20 22:00:00+00:00,0.1138,0.1141,0.1134,0.1137,738491.25
2025-12-20 23:00:00+00:00,0.1137,0.1141,0.1135,0.1138,535348.74
2025-12-21 00:00:00+00:00,0.1138,0.1138,0.1133,0.1138,612125.12
2025-12-21 01:00:00+00:00,0.1138,0.1138,0.1127,0.1127,1012719.48
2025-12-21 02:00:00+00:00,0.1127,0.1129,0.1119,0.1121,889149.81
2025-12-21 03:00:00+00:00,0.1121,0.1125,0.112,0.1122,497452.51
2025-12-21 04:00:00+00:00,0.1122,0.1123,0.112,0.112,341328.4
2025-12-21 05:00:00+00:00,0.112,0.1124,0.1119,0.1119,367024.57
2025-12-21 06:00:00+00:00,0.1119,0.1122,0.1118,0.1121,240037.03
2025-12-21 07:00:00+00:00,0.1121,0.1123,0.112,0.1123,287266.26
2025-12-21 08:00:00+00:00,0.1123,0.1134,0.1121,0.1131,794098.34
2025-12-21 09:00:00+00:00,0.1131,0.114,0.1129,0.1135,1181625.36
2025-12-21 10:00:00+00:00,0.1135,0.1139,0.1125,0.1126,907384.85
2025-12-21 11:00:00+00:00,0.1126,0.1128,0.1124,0.1126,464486.69
2025-12-21 12:00:00+00:00,0.1126,0.113,0.1118,0.1119,796135.66
2025-12-21 13:00:00+00:00,0.1119,0.112,0.1093,0.1095,2569422.29
2025-12-21 14:00:00+00:00,0.1095,0.1105,0.1093,0.1105,1401859.62
2025-12-21 15:00:00+00:00,0.1105,0.1108,0.11,0.1104,935607.47
2025-12-21 16:00:00+00:00,0.1104,0.1115,0.1102,0.1114,821594.21
2025-12-21 17:00:00+00:00,0.1114,0.1118,0.1112,0.1113,947825.09
2025-12-21 18:00:00+00:00,0.1113,0.1113,0.1105,0.1111,674637.12
2025-12-21 19:00:00+00:00,0.1111,0.1117,0.1108,0.1115,1003932.25
2025-12-21 20:00:00+00:00,0.1115,0.1115,0.1108,0.1109,428327.57
2025-12-21 21:00:00+00:00,0.1109,0.1112,0.1103,0.1106,864247.96
2025-12-21 22:00:00+00:00,0.1106,0.1117,0.1104,0.1117,548857.58
2025-12-21 23:00:00+00:00,0.1117,0.1126,0.1113,0.112,935766.78
2025-12-22 00:00:00+00:00,0.112,0.1143,0.112,0.1122,2780528.13
2025-12-22 01:00:00+00:00,0.1122,0.1131,0.1117,0.1119,1370149.45
2025-12-22 02:00:00+00:00,0.1119,0.1119,0.1107,0.1114,1298671.91
2025-12-22 03:00:00+00:00,0.1114,0.1125,0.1112,0.112,580121.37
2025-12-22 04:00:00+00:00,0.112,0.1126,0.112,0.1124,528088.27
2025-12-22 05:00:00+00:00,0.1124,0.1127,0.112,0.1123,459017.92
2025-12-22 06:00:00+00:00,0.1123,0.1128,0.1121,0.1124,401918.01
2025-12-22 07:00:00+00:00,0.1124,0.1133,0.1123,0.113,413631.27
2025-12-22 08:00:00+00:00,0.113,0.114,0.1128,0.1129,1376803.39
2025-12-22 09:00:00+00:00,0.1129,0.1133,0.1126,0.1131,709906.09
2025-12-22 10:00:00+00:00,0.1131,0.1135,0.1127,0.1132,748763.26
2025-12-22 11:00:00+00:00,0.1132,0.1136,0.1126,0.1134,698137.05
2025-12-22 12:00:00+00:00,0.1134,0.1148,0.1133,0.1143,1611857.56
2025-12-22 13:00:00+00:00,0.1143,0.1146,0.1137,0.1142,1485385.33
2025-12-22 14:00:00+00:00,0.1142,0.115,0.1135,0.115,2468169.44
2025-12-22 15:00:00+00:00,0.115,0.1155,0.1139,0.1153,2109423.64
2025-12-22 16:00:00+00:00,0.1153,0.116,0.115,0.1156,1598022.78
2025-12-22 17:00:00+00:00,0.1156,0.1164,0.1149,0.1164,1030703.47
2025-12-22 18:00:00+00:00,0.1164,0.1169,0.1159,0.116,1370301.2
2025-12-22 19:00:00+00:00,0.116,0.116,0.113,0.1133,2313670.17
2025-12-22 20:00:00+00:00,0.1133,0.1138,0.1124,0.1128,1593086.92
2025-12-22 21:00:00+00:00,0.1128,0.114,0.1127,0.1134,709949.83
2025-12-22 22:00:00+00:00,0.1134,0.1144,0.1131,0.1143,823801.84
2025-12-22 23:00:00+00:00,0.1143,0.1145,0.114,0.1141,637807.65
2025-12-23 00:00:00+00:00,0.1141,0.1148,0.1138,0.1144,762105.87
2025-12-23 01:00:00+00:00,0.1144,0.1145,0.1135,0.1137,486546.22
2025-12-23 02:00:00+00:00,0.1137,0.1141,0.1126,0.1127,797714.61
2025-12-23 03:00:00+00:00,0.1127,0.113,0.1121,0.1125,949602.06
2025-12-23 04:00:00+00:00,0.1125,0.1128,0.1116,0.1117,1325712.2
2025-12-23 05:00:00+00:00,0.1117,0.1117,0.111,0.1117,501398.52
2025-12-23 06:00:00+00:00,0.1117,0.1118,0.1109,0.1114,943060.2
2025-12-23 07:00:00+00:00,0.1114,0.1115,0.1109,0.1111,637884.64
2025-12-23 08:00:00+00:00,0.1111,0.1114,0.1105,0.1106,640367.08
2025-12-23 09:00:00+00:00,0.1106,0.111,0.1106,0.111,573364.85
2025-12-23 10:00:00+00:00,0.111,0.1119,0.1109,0.1117,728842.95
2025-12-23 11:00:00+00:00,0.1117,0.1129,0.1117,0.1129,812839.61
2025-12-23 12:00:00+00:00,0.1129,0.1129,0.1121,0.1122,714300.46
2025-12-23 13:00:00+00:00,0.1122,0.1122,0.1109,0.1111,1125724.18
2025-12-23 14:00:00+00:00,0.1111,0.1116,0.1093,0.1099,2431998.28
2025-12-23 15:00:00+00:00,0.1099,0.1104,0.1091,0.11,2518600.52
2025-12-23 16:00:00+00:00,0.11,0.1115,0.1097,0.1112,1810417.67
2025-12-23 17:00:00+00:00,0.1112,0.1115,0.1094,0.1094,1435423.96
2025-12-23 18:00:00+00:00,0.1094,0.1111,0.1093,0.1107,1649185.45
2025-12-23 19:00:00+00:00,0.1107,0.1111,0.1101,0.1102,812054.38
2025-12-23 20:00:00+00:00,0.1102,0.1115,0.1101,0.1106,1037076.32
2025-12-23 21:00:00+00:00,0.1106,0.1109,0.1101,0.1104,671588.15
2025-12-23 22:00:00+00:00,0.1104,0.1107,0.1097,0.11,643354.64
2025-12-23 23:00:00+00:00,0.11,0.1107,0.1098,0.1105,594671.66
2025-12-24 00:00:00+00:00,0.1105,0.111,0.1102,0.111,621105.79
2025-12-24 01:00:00+00:00,0.111,0.1112,0.1104,0.1107,406724.37
2025-12-24 02:00:00+00:00,0.1107,0.1107,0.1092,0.1094,855902.27
2025-12-24 03:00:00+00:00,0.1094,0.1107,0.1089,0.1107,829152.22
2025-12-24 04:00:00+00:00,0.1107,0.111,0.1096,0.1096,487792.51
2025-12-24 05:00:00+00:00,0.1096,0.1099,0.1088,0.1091,820651.77
2025-12-24 06:00:00+00:00,0.1091,0.1095,0.1086,0.1092,535177.09
2025-12-24 07:00:00+00:00,0.1092,0.1093,0.1088,0.1088,397516.67
2025-12-24 08:00:00+00:00,0.1088,0.1091,0.1086,0.1087,682732.61
2025-12-24 09:00:00+00:00,0.1087,0.1092,0.1084,0.1087,486328.34
2025-12-24 10:00:00+00:00,0.1087,0.109,0.1086,0.1086,498373.83
2025-12-24 11:00:00+00:00,0.1086,0.1095,0.1086,0.1093,831200.52
2025-12-24 12:00:00+00:00,0.1093,0.11,0.1092,0.11,441792.43
2025-12-24 13:00:00+00:00,0.11,0.11,0.1094,0.1097,393515.05
2025-12-24 14:00:00+00:00,0.1097,0.1101,0.1083,0.1092,1115292.34
2025-12-24 15:00:00+00:00,0.1092,0.11,0.1089,0.11,743551.97
2025-12-24 16:00:00+00:00,0.11,0.1105,0.1092,0.1098,1113972.05
2025-12-24 17:00:00+00:00,0.1098,0.1101,0.1092,0.1092,585853.98
2025-12-24 18:00:00+00:00,0.1092,0.1092,0.1086,0.1088,1052677.84
2025-12-24 19:00:00+00:00,0.1088,0.1094,0.1087,0.1092,451139.05
2025-12-24 20:00:00+00:00,0.1092,0.11,0.1092,0.1095,626591.46
2025-12-24 21:00:00+00:00,0.1095,0.1098,0.1094,0.1096,709079.43
2025-12-24 22:00:00+00:00,0.1096,0.1103,0.1093,0.1102,587618.88
2025-12-24 23:00:00+00:00,0.1102,0.1103,0.1093,0.1093,485570.57
2025-12-25 00:00:00+00:00,0.1093,0.1097,0.1088,0.1089,440772.96
2025-12-25 01:00:00+00:00,0.1089,0.1098,0.1088,0.1096,409393.81
2025-12-25 02:00:00+00:00,0.1096,0.1108,0.1093,0.1107,927431.17
2025-12-25 03:00:00+00:00,0.1107,0.1109,0.1103,0.1106,617854.43
2025-12-25 04:00:00+00:00,0.1106,0.1121,0.1103,0.1118,862799.66
2025-12-25 05:00:00+00:00,0.1118,0.1119,0.1113,0.1118,825623.37
2025-12-25 06:00:00+00:00,0.1118,0.1124,0.1115,0.1121,658848.66
2025-12-25 07:00:00+00:00,0.1121,0.1123,0.1115,0.1123,556986.46
2025-12-25 08:00:00+00:00,0.1123,0.113,0.1117,0.112,1197575.94
2025-12-25 09:00:00+00:00,0.112,0.1122,0.1117,0.1119,475577.46
2025-12-25 10:00:00+00:00,0.1119,0.1119,0.1101,0.1103,1244095.43
2025-12-25 11:00:00+00:00,0.1103,0.1107,0.1102,0.1105,468643.45
2025-12-25 12:00:00+00:00,0.1105,0.1112,0.1104,0.1112,410416.97
2025-12-25 13:00:00+00:00,0.1112,0.1117,0.111,0.1115,855958.69
2025-12-25 14:00:00+00:00,0.1115,0.1118,0.1105,0.1109,603135.14
2025-12-25 15:00:00+00:00,0.1109,0.1125,0.1106,0.1121,1464845.64
2025-12-25 16:00:00+00:00,0.1121,0.1124,0.1111,0.1113,1199490.9
2025-12-25 17:00:00+00:00,0.1113,0.1114,0.1108,0.1113,558881.08
2025-12-25 18:00:00+00:00,0.1113,0.1123,0.1113,0.1121,1011677.04
2025-12-25 19:00:00+00:00,0.1121,0.1125,0.1118,0.1124,584724.16
2025-12-25 20:00:00+00:00,0.1124,0.1125,0.1119,0.1122,488341.37
2025-12-25 21:00:00+00:00,0.1122,0.1124,0.112,0.1122,339731.86
2025-12-25 22:00:00+00:00,0.1122,0.1122,0.1096,0.1099,1341787.79
2025-12-25 23:00:00+00:00,0.1099,0.1104,0.1085,0.1089,1568472.18
2025-12-26 00:00:00+00:00,0.1089,0.1093,0.1084,0.109,975865.86
2025-12-26 01:00:00+00:00,0.109,0.1104,0.1089,0.1101,700093.35
2025-12-26 02:00:00+00:00,0.1101,0.1136,0.1101,0.1126,3425860.33
2025-12-26 03:00:00+00:00,0.1126,0.1128,0.1121,0.1125,767536.42
2025-12-26 04:00:00+00:00,0.1125,0.1125,0.1116,0.1122,689873.12
2025-12-26 05:00:00+00:00,0.1122,0.1124,0.1118,0.1124,442218.03
2025-12-26 06:00:00+00:00,0.1124,0.1131,0.1124,0.113,749468.5
2025-12-26 07:00:00+00:00,0.113,0.114,0.1127,0.113,1179865.96
2025-12-26 08:00:00+00:00,0.113,0.1137,0.1128,0.1133,945325.22
2025-12-26 09:00:00+00:00,0.1133,0.1144,0.1131,0.1144,869902.26
2025-12-26 10:00:00+00:00,0.1144,0.1166,0.1143,0.1165,1868615.0
2025-12-26 11:00:00+00:00,0.1165,0.1172,0.1147,0.1147,3872820.95
2025-12-26 12:00:00+00:00,0.1147,0.1149,0.114,0.114,1194074.09
2025-12-26 13:00:00+00:00,0.114,0.1142,0.1136,0.1139,863464.74
2025-12-26 14:00:00+00:00,0.1139,0.114,0.1115,0.1117,1658402.18
2025-12-26 15:00:00+00:00,0.1117,0.1118,0.1107,0.1111,1924928.98
2025-12-26 16:00:00+00:00,0.1111,0.1116,0.1105,0.1105,1403787.8
2025-12-26 17:00:00+00:00,0.1105,0.1115,0.1105,0.1113,1116095.15
2025-12-26 18:00:00+00:00,0.1113,0.1118,0.1111,0.1113,570746.89
2025-12-26 19:00:00+00:00,0.1113,0.1122,0.1113,0.1121,591206.96
2025-12-26 20:00:00+00:00,0.1121,0.1129,0.1118,0.1124,564590.3
2025-12-26 21:00:00+00:00,0.1124,0.1126,0.1118,0.1118,365556.55
2025-12-26 22:00:00+00:00,0.1118,0.112,0.1115,0.1119,417584.19
2025-12-26 23:00:00+00:00,0.1119,0.1121,0.1115,0.1117,319366.74
2025-12-27 00:00:00+00:00,0.1117,0.1121,0.1116,0.112,454844.95
2025-12-27 01:00:00+00:00,0.112,0.112,0.1113,0.1117,439798.28
2025-12-27 02:00:00+00:00,0.1117,0.112,0.1112,0.1119,600101.85
2025-12-27 03:00:00+00:00,0.1119,0.1129,0.1115,0.1128,902711.95
2025-12-27 04:00:00+00:00,0.1128,0.1129,0.1118,0.112,646884.43
2025-12-27 05:00:00+00:00,0.112,0.1122,0.1119,0.1122,424071.63
2025-12-27 06:00:00+00:00,0.1122,0.1122,0.1118,0.1119,339615.67
2025-12-27 07:00:00+00:00,0.1119,0.1124,0.1118,0.1119,323104.33
2025-12-27 08:00:00+00:00,0.1119,0.1121,0.1118,0.1121,232578.86
2025-12-27 09:00:00+00:00,0.1121,0.1127,0.112,0.1122,523530.39
2025-12-27 10:00:00+00:00,0.1122,0.1126,0.1116,0.1126,606781.92
2025-12-27 11:00:00+00:00,0.1126,0.1133,0.1126,0.1132,827844.44
2025-12-27 12:00:00+00:00,0.1132,0.1136,0.113,0.1131,728274.11
2025-12-27 13:00:00+00:00,0.1131,0.1132,0.112,0.1122,742708.98
2025-12-27 14:00:00+00:00,0.1122,0.1125,0.1121,0.1124,470757.07
2025-12-27 15:00:00+00:00,0.1124,0.1128,0.1121,0.1127,413744.0
2025-12-27 16:00:00+00:00,0.1127,0.113,0.1126,0.1127,548650.28
2025-12-27 17:00:00+00:00,0.1127,0.1132,0.1126,0.1132,396092.87
2025-12-27 18:00:00+00:00,0.1132,0.1137,0.113,0.1135,648908.01
2025-12-27 19:00:00+00:00,0.1135,0.114,0.1133,0.114,486845.25
2025-12-27 20:00:00+00:00,0.114,0.1149,0.114,0.1144,972870.95
2025-12-27 21:00:00+00:00,0.1144,0.1151,0.1144,0.1148,1092269.79
2025-12-27 22:00:00+00:00,0.1148,0.1154,0.1141,0.1143,1133660.24
2025-12-27 23:00:00+00:00,0.1143,0.1154,0.1143,0.1153,1162939.18
2025-12-28 00:00:00+00:00,0.1153,0.1155,0.1148,0.1152,726437.12
2025-12-28 01:00:00+00:00,0.1152,0.1154,0.1147,0.1151,517884.7
2025-12-28 02:00:00+00:00,0.1151,0.1158,0.1151,0.1156,507060.62
2025-12-28 03:00:00+00:00,0.1156,0.116,0.1154,0.1159,547935.04
2025-12-28 04:00:00+00:00,0.1159,0.116,0.1153,0.1155,422140.01
2025-12-28 05:00:00+00:00,0.1155,0.1161,0.1154,0.1159,495642.16
2025-12-28 06:00:00+00:00,0.1159,0.1165,0.1157,0.1162,716140.92
2025-12-28 07:00:00+00:00,0.1162,0.1164,0.1161,0.1161,368698.22
2025-12-28 08:00:00+00:00,0.1161,0.1166,0.1159,0.116,648623.64
2025-12-28 09:00:00+00:00,0.116,0.1162,0.1156,0.1158,522763.51
2025-12-28 10:00:00+00:00,0.1158,0.116,0.1156,0.116,847243.49
2025-12-28 11:00:00+00:00,0.116,0.1167,0.1157,0.1162,571858.53
2025-12-28 12:00:00+00:00,0.1162,0.1163,0.1156,0.1157,403062.28
2025-12-28 13:00:00+00:00,0.1157,0.1159,0.1154,0.1156,348253.65
2025-12-28 14:00:00+00:00,0.1156,0.1163,0.1155,0.1159,497806.82
2025-12-28 15:00:00+00:00,0.1159,0.1164,0.1157,0.1157,499495.26
2025-12-28 16:00:00+00:00,0.1157,0.1162,0.1157,0.1158,391907.04
2025-12-28 17:00:00+00:00,0.1158,0.1164,0.1157,0.1158,288047.37
2025-12-28 18:00:00+00:00,0.1158,0.1158,0.1141,0.1142,1450662.59
2025-12-28 19:00:00+00:00,0.1142,0.1147,0.1139,0.1143,649920.34
2025-12-28 20:00:00+00:00,0.1143,0.1145,0.1139,0.1139,548329.78
2025-12-28 21:00:00+00:00,0.1139,0.114,0.1136,0.114,774054.83
2025-12-28 22:00:00+00:00,0.114,0.1149,0.1138,0.1148,609477.86
2025-12-28 23:00:00+00:00,0.1148,0.1155,0.1145,0.1155,691292.67
2025-12-29 00:00:00+00:00,0.1155,0.1171,0.1153,0.1164,2071346.16
2025-12-29 01:00:00+00:00,0.1164,0.1172,0.1155,0.1167,1519224.81
2025-12-29 02:00:00+00:00,0.1167,0.1178,0.1167,0.1173,2107336.09
2025-12-29 03:00:00+00:00,0.1173,0.1187,0.117,0.1185,1872256.84
2025-12-29 04:00:00+00:00,0.1185,0.119,0.1181,0.1184,1248091.02
2025-12-29 05:00:00+00:00,0.1184,0.1184,0.1172,0.1174,975035.41
2025-12-29 06:00:00+00:00,0.1174,0.1177,0.1168,0.1169,507188.73
2025-12-29 07:00:00+00:00,0.1169,0.117,0.1162,0.1167,905905.51
2025-12-29 08:00:00+00:00,0.1167,0.1171,0.1163,0.1165,1231408.34
2025-12-29 09:00:00+00:00,0.1165,0.1167,0.1144,0.115,1301669.03
2025-12-29 10:00:00+00:00,0.115,0.1156,0.1149,0.1152,836136.71
2025-12-29 11:00:00+00:00,0.1152,0.1152,0.1145,0.1145,727921.31
2025-12-29 12:00:00+00:00,0.1145,0.1145,0.1127,0.114,2115994.23
2025-12-29 13:00:00+00:00,0.114,0.1141,0.113,0.1132,1055679.74
2025-12-29 14:00:00+00:00,0.1132,0.1146,0.1127,0.1132,1570063.33
2025-12-29 15:00:00+00:00,0.1132,0.1154,0.1132,0.1149,1860566.29
2025-12-29 16:00:00+00:00,0.1149,0.1153,0.1132,0.1132,1284933.9
2025-12-29 17:00:00+00:00,0.1132,0.115,0.1132,0.1147,1729955.87
2025-12-29 18:00:00+00:00,0.1147,0.1148,0.1132,0.1132,869965.12
2025-12-29 19:00:00+00:00,0.1132,0.114,0.113,0.113,938512.15
2025-12-29 20:00:00+00:00,0.113,0.1135,0.1127,0.1128,684306.08
2025-12-29 21:00:00+00:00,0.1128,0.1139,0.1127,0.1138,961635.7
2025-12-29 22:00:00+00:00,0.1138,0.1138,0.1131,0.1132,746159.3
2025-12-29 23:00:00+00:00,0.1132,0.1133,0.1127,0.1129,523335.17
2025-12-30 00:00:00+00:00,0.1129,0.1133,0.1125,0.1128,581850.7
2025-12-30 01:00:00+00:00,0.1128,0.1131,0.1123,0.1124,637618.99
2025-12-30 02:00:00+00:00,0.1124,0.1124,0.1118,0.1118,746193.02
2025-12-30 03:00:00+00:00,0.1118,0.1123,0.1114,0.1121,688975.5
2025-12-30 04:00:00+00:00,0.1121,0.1128,0.1119,0.1124,379630.83
2025-12-30 05:00:00+00:00,0.1124,0.1124,0.1117,0.1122,419746.33
2025-12-30 06:00:00+00:00,0.1122,0.1128,0.1121,0.1124,449312.66
2025-12-30 07:00:00+00:00,0.1124,0.1126,0.1121,0.1122,437290.7
2025-12-30 08:00:00+00:00,0.1122,0.1134,0.1121,0.1124,2505989.79
2025-12-30 09:00:00+00:00,0.1124,0.1126,0.112,0.1125,735356.14
2025-12-30 10:00:00+00:00,0.1125,0.1125,0.1119,0.1122,653081.71
2025-12-30 11:00:00+00:00,0.1122,0.1122,0.1118,0.1121,602778.31
2025-12-30 12:00:00+00:00,0.1121,0.1123,0.1119,0.112,449656.82
2025-12-30 13:00:00+00:00,0.112,0.1123,0.1118,0.1121,569197.03
2025-12-30 14:00:00+00:00,0.1121,0.1129,0.1113,0.1127,1825423.61
2025-12-30 15:00:00+00:00,0.1127,0.1129,0.112,0.1127,1607801.29
2025-12-30 16:00:00+00:00,0.1127,0.1134,0.1118,0.1121,2047212.63
2025-12-30 17:00:00+00:00,0.1121,0.1123,0.1112,0.1116,1358419.09
2025-12-30 18:00:00+00:00,0.1116,0.1117,0.1109,0.1111,1168648.38
2025-12-30 19:00:00+00:00,0.1111,0.1113,0.1105,0.1108,1377855.89
2025-12-30 20:00:00+00:00,0.1108,0.1108,0.1103,0.1104,811170.41
2025-12-30 21:00:00+00:00,0.1104,0.1107,0.1103,0.1104,566075.16
2025-12-30 22:00:00+00:00,0.1104,0.1111,0.1104,0.111,747670.08
2025-12-30 23:00:00+00:00,0.111,0.1122,0.1108,0.1117,1089675.24
2025-12-31 00:00:00+00:00,0.1117,0.1117,0.1108,0.111,543659.06
2025-12-31 01:00:00+00:00,0.111,0.1119,0.1109,0.1114,927340.33
2025-12-31 02:00:00+00:00,0.1114,0.1118,0.1112,0.1115,612677.82
2025-12-31 03:00:00+00:00,0.1115,0.1115,0.1107,0.1112,1182120.62
2025-12-31 04:00:00+00:00,0.1112,0.1115,0.1112,0.1112,327546.62
2025-12-31 05:00:00+00:00,0.1112,0.1115,0.1111,0.1112,517882.85
2025-12-31 06:00:00+00:00,0.1112,0.1116,0.1111,0.1114,630864.65
2025-12-31 07:00:00+00:00,0.1114,0.1117,0.1113,0.1117,319772.72
2025-12-31 08:00:00+00:00,0.1117,0.112,0.1109,0.111,673106.13
2025-12-31 09:00:00+00:00,0.111,0.1111,0.1107,0.1109,410157.11
2025-12-31 10:00:00+00:00,0.1109,0.111,0.1105,0.1106,512689.79
2025-12-31 11:00:00+00:00,0.1106,0.1111,0.1089,0.1099,4551163.29
2025-12-31 12:00:00+00:00,0.1099,0.1099,0.1091,0.1094,1605966.32
2025-12-31 13:00:00+00:00,0.1094,0.1097,0.1092,0.1093,865275.27
2025-12-31 14:00:00+00:00,0.1093,0.1103,0.1093,0.1099,2165425.61
2025-12-31 15:00:00+00:00,0.1099,0.1099,0.1092,0.1094,1514026.88
2025-12-31 16:00:00+00:00,0.1094,0.1094,0.1074,0.1078,2731570.21
2025-12-31 17:00:00+00:00,0.1078,0.1079,0.1067,0.1068,2266065.54
2025-12-31 18:00:00+00:00,0.1068,0.107,0.1062,0.1064,1511668.16
2025-12-31 19:00:00+00:00,0.1064,0.1068,0.1062,0.1064,667945.15
2025-12-31 20:00:00+00:00,0.1064,0.1074,0.1058,0.1072,2228172.88
2025-12-31 21:00:00+00:00,0.1072,0.1073,0.1068,0.1071,812377.96
2025-12-31 22:00:00+00:00,0.1071,0.1071,0.1061,0.1065,1152281.95
2025-12-31 23:00:00+00:00,0.1065,0.1067,0.1063,0.1063,439698.78
2026-01-01 00:00:00+00:00,0.1063,0.1077,0.1063,0.107,1016231.21
2026-01-01 01:00:00+00:00,0.107,0.1075,0.1065,0.1068,877036.91
2026-01-01 02:00:00+00:00,0.1068,0.1076,0.1067,0.1075,972377.3
2026-01-01 03:00:00+00:00,0.1075,0.1077,0.1072,0.1073,490882.15
2026-01-01 04:00:00+00:00,0.1073,0.1075,0.1072,0.1074,683476.35
2026-01-01 05:00:00+00:00,0.1074,0.1099,0.1074,0.1098,1711487.26
2026-01-01 06:00:00+00:00,0.1098,0.1103,0.1077,0.1079,2839095.25
2026-01-01 07:00:00+00:00,0.1079,0.1081,0.1076,0.1076,370821.91
2026-01-01 08:00:00+00:00,0.1076,0.1078,0.1075,0.1078,442340.13
2026-01-01 09:00:00+00:00,0.1078,0.1085,0.1078,0.1082,717332.71
2026-01-01 10:00:00+00:00,0.1082,0.1083,0.1079,0.108,303885.7
2026-01-01 11:00:00+00:00,0.108,0.1083,0.1079,0.1081,535325.73
2026-01-01 12:00:00+00:00,0.1081,0.1083,0.1077,0.1077,365307.82
2026-01-01 13:00:00+00:00,0.1077,0.1088,0.1076,0.1087,437565.05
2026-01-01 14:00:00+00:00,0.1087,0.1091,0.1083,0.1086,495809.91
2026-01-01 15:00:00+00:00,0.1086,0.1107,0.1085,0.1101,1251193.78
2026-01-01 16:00:00+00:00,0.1101,0.1108,0.1099,0.1105,1073375.82
2026-01-01 17:00:00+00:00,0.1105,0.1118,0.1104,0.1113,1476586.82
2026-01-01 18:00:00+00:00,0.1113,0.1123,0.1111,0.1122,1061694.57
2026-01-01 19:00:00+00:00,0.1122,0.1136,0.1121,0.1136,992535.16
2026-01-01 20:00:00+00:00,0.1136,0.1139,0.1127,0.113,1445127.66
2026-01-01 21:00:00+00:00,0.113,0.1133,0.1121,0.1128,1138826.59
2026-01-01 22:00:00+00:00,0.1128,0.1141,0.1128,0.1141,1603776.49
2026-01-01 23:00:00+00:00,0.1141,0.1145,0.1139,0.1144,1432767.43
2026-01-02 00:00:00+00:00,0.1144,0.1146,0.1131,0.1135,1166730.37
2026-01-02 01:00:00+00:00,0.1135,0.1141,0.1135,0.114,768939.9
2026-01-02 02:00:00+00:00,0.114,0.1142,0.1136,0.1142,895389.55
2026-01-02 03:00:00+00:00,0.1142,0.116,0.1141,0.116,1609344.26
2026-01-02 04:00:00+00:00,0.116,0.1162,0.1153,0.1157,1080422.81
2026-01-02 05:00:00+00:00,0.1157,0.1162,0.1155,0.1158,937894.43
2026-01-02 06:00:00+00:00,0.1158,0.1165,0.1158,0.1161,1127177.98
2026-01-02 07:00:00+00:00,0.1161,0.1169,0.115,0.1153,1500739.82
2026-01-02 08:00:00+00:00,0.1153,0.1162,0.1152,0.1162,1362314.01
2026-01-02 09:00:00+00:00,0.1162,0.1186,0.116,0.1177,2899377.24
2026-01-02 10:00:00+00:00,0.1177,0.1197,0.1177,0.1193,2861196.96
2026-01-02 11:00:00+00:00,0.1193,0.1195,0.118,0.1186,1828349.22
2026-01-02 12:00:00+00:00,0.1186,0.1202,0.1184,0.1202,1614272.64
2026-01-02 13:00:00+00:00,0.1202,0.1204,0.1194,0.1195,1467833.04
2026-01-02 14:00:00+00:00,0.1195,0.1205,0.1182,0.1197,3917575.11
2026-01-02 15:00:00+00:00,0.1197,0.1205,0.1186,0.1192,3325750.34
2026-01-02 16:00:00+00:00,0.1192,0.1213,0.1188,0.1203,5269359.99
2026-01-02 17:00:00+00:00,0.1203,0.1209,0.1196,0.1203,4566626.74
2026-01-02 18:00:00+00:00,0.1203,0.1204,0.1187,0.119,2222064.79
2026-01-02 19:00:00+00:00,0.119,0.1202,0.1187,0.1198,2152372.28
2026-01-02 20:00:00+00:00,0.1198,0.1208,0.1198,0.1205,2667806.14
2026-01-02 21:00:00+00:00,0.1205,0.1215,0.1201,0.121,3605534.78
2026-01-02 22:00:00+00:00,0.121,0.1223,0.121,0.1217,2757866.7
2026-01-02 23:00:00+00:00,0.1217,0.1223,0.1213,0.1216,2046700.83
2026-01-03 00:00:00+00:00,0.1216,0.1223,0.1216,0.1216,1819399.06
2026-01-03 01:00:00+00:00,0.1216,0.122,0.1214,0.1216,2066456.66
2026-01-03 02:00:00+00:00,0.1216,0.1218,0.1207,0.1217,1752986.76
2026-01-03 03:00:00+00:00,0.1217,0.1219,0.1208,0.1217,3098780.37
2026-01-03 04:00:00+00:00,0.1217,0.1218,0.1208,0.121,1131732.95
2026-01-03 05:00:00+00:00,0.121,0.1216,0.1207,0.1209,1063536.42
2026-01-03 06:00:00+00:00,0.1209,0.1213,0.1191,0.1193,1675275.25
2026-01-03 07:00:00+00:00,0.1193,0.1196,0.1172,0.1176,2111835.99
2026-01-03 08:00:00+00:00,0.1176,0.1186,0.1174,0.118,1302256.61
2026-01-03 09:00:00+00:00,0.118,0.1188,0.1177,0.1185,985701.1
2026-01-03 10:00:00+00:00,0.1185,0.1186,0.118,0.1182,808358.77
2026-01-03 11:00:00+00:00,0.1182,0.1183,0.1179,0.1183,545216.99
2026-01-03 12:00:00+00:00,0.1183,0.1189,0.118,0.1187,758052.02
2026-01-03 13:00:00+00:00,0.1187,0.1196,0.1187,0.1195,963510.8
2026-01-03 14:00:00+00:00,0.1195,0.12,0.1192,0.1195,972459.61
2026-01-03 15:00:00+00:00,0.1195,0.1197,0.1191,0.1193,686389.22
2026-01-03 16:00:00+00:00,0.1193,0.1202,0.1192,0.1198,1067378.09
2026-01-03 17:00:00+00:00,0.1198,0.1203,0.1195,0.1202,817613.6
2026-01-03 18:00:00+00:00,0.1202,0.1208,0.1198,0.1203,995894.28
2026-01-03 19:00:00+00:00,0.1203,0.1203,0.1197,0.1198,736542.05
2026-01-03 20:00:00+00:00,0.1198,0.1204,0.1193,0.12,728048.55
2026-01-03 21:00:00+00:00,0.12,0.1204,0.1198,0.1199,444904.73
2026-01-03 22:00:00+00:00,0.1199,0.1207,0.1197,0.1205,858744.56
2026-01-03 23:00:00+00:00,0.1205,0.1211,0.1204,0.1208,572149.86
2026-01-04 00:00:00+00:00,0.1208,0.1219,0.1204,0.1216,3689613.67
2026-01-04 01:00:00+00:00,0.1216,0.1218,0.1202,0.1207,3154644.3
2026-01-04 02:00:00+00:00,0.1207,0.1216,0.1203,0.1205,2347772.09
2026-01-04 03:00:00+00:00,0.1205,0.1221,0.1205,0.122,1340686.15
2026-01-04 04:00:00+00:00,0.122,0.1226,0.1218,0.1222,1431729.36
2026-01-04 05:00:00+00:00,0.1222,0.1234,0.1221,0.1233,1102035.5
2026-01-04 06:00:00+00:00,0.1233,0.1239,0.1228,0.1231,1814676.45
2026-01-04 07:00:00+00:00,0.1231,0.1234,0.122,0.123,1315987.9
2026-01-04 08:00:00+00:00,0.123,0.1238,0.1221,0.1237,1491094.01
2026-01-04 09:00:00+00:00,0.1237,0.1255,0.1234,0.1253,2114896.95
2026-01-04 10:00:00+00:00,0.1253,0.1257,0.1247,0.1253,1766834.89
2026-01-04 11:00:00+00:00,0.1253,0.1255,0.1246,0.1252,1398239.71
2026-01-04 12:00:00+00:00,0.1252,0.1265,0.1251,0.1255,3142424.96
2026-01-04 13:00:00+00:00,0.1255,0.1256,0.1244,0.1251,1647776.44
2026-01-04 14:00:00+00:00,0.1251,0.1255,0.1248,0.1252,1297070.62
2026-01-04 15:00:00+00:00,0.1252,0.1259,0.1247,0.1257,1619210.56
2026-01-04 16:00:00+00:00,0.1257,0.1273,0.1254,0.1272,1832897.41
2026-01-04 17:00:00+00:00,0.1272,0.1286,0.1269,0.1285,1990697.41
2026-01-04 18:00:00+00:00,0.1285,0.1289,0.1258,0.1265,2088811.64
2026-01-04 19:00:00+00:00,0.1265,0.1265,0.1245,0.1258,3123951.51
2026-01-04 20:00:00+00:00,0.1258,0.1262,0.1255,0.1257,1224860.94
2026-01-04 21:00:00+00:00,0.1257,0.1263,0.1247,0.1253,1271997.36
2026-01-04 22:00:00+00:00,0.1253,0.1257,0.1246,0.1249,1382121.95
2026-01-04 23:00:00+00:00,0.1249,0.1261,0.1248,0.1254,1445796.16
2026-01-05 00:00:00+00:00,0.1254,0.1268,0.125,0.1263,2612652.56
2026-01-05 01:00:00+00:00,0.1263,0.1299,0.126,0.129,3836296.13
2026-01-05 02:00:00+00:00,0.129,0.1295,0.127,0.1282,2076539.31
2026-01-05 03:00:00+00:00,0.1282,0.1283,0.1268,0.1275,1427897.38
2026-01-05 04:00:00+00:00,0.1275,0.1278,0.1247,0.1253,2570985.27
2026-01-05 05:00:00+00:00,0.1253,0.1263,0.1251,0.1252,1855604.01
2026-01-05 06:00:00+00:00,0.1252,0.1256,0.1241,0.1256,1840310.33
2026-01-05 07:00:00+00:00,0.1256,0.1264,0.1251,0.1261,1280089.5
2026-01-05 08:00:00+00:00,0.1261,0.1268,0.1257,0.1259,1311093.91
2026-01-05 09:00:00+00:00,0.1259,0.1269,0.1251,0.1259,1524271.23
2026-01-05 10:00:00+00:00,0.1259,0.1265,0.125,0.1253,1851379.17
2026-01-05 11:00:00+00:00,0.1253,0.1254,0.1247,0.1251,1024844.48
2026-01-05 12:00:00+00:00,0.1251,0.1256,0.1245,0.1254,1080979.91
2026-01-05 13:00:00+00:00,0.1254,0.1257,0.1239,0.1244,1581173.22
2026-01-05 14:00:00+00:00,0.1244,0.1263,0.1237,0.1258,2917883.79
2026-01-05 15:00:00+00:00,0.1258,0.1274,0.1247,0.1269,2810788.98
2026-01-05 16:00:00+00:00,0.1269,0.1273,0.1258,0.1264,2637865.54
2026-01-05 17:00:00+00:00,0.1264,0.1271,0.1248,0.1269,2993019.68
2026-01-05 18:00:00+00:00,0.1269,0.1285,0.126,0.1284,3250511.42
2026-01-05 19:00:00+00:00,0.1284,0.1298,0.1278,0.1284,4341328.29
2026-01-05 20:00:00+00:00,0.1284,0.131,0.1283,0.1296,6440201.89
2026-01-05 21:00:00+00:00,0.1296,0.1302,0.1293,0.1302,2617392.15
2026-01-05 22:00:00+00:00,0.1302,0.1323,0.1296,0.1311,4067292.53
2026-01-05 23:00:00+00:00,0.1311,0.1326,0.1311,0.1317,2962267.66
2026-01-06 00:00:00+00:00,0.1317,0.1326,0.1299,0.1324,4052122.95
2026-01-06 01:00:00+00:00,0.1324,0.1337,0.131,0.1312,4444282.06
2026-01-06 02:00:00+00:00,0.1312,0.1329,0.1309,0.1312,2755656.76
2026-01-06 03:00:00+00:00,0.1312,0.1323,0.1312,0.1321,1924708.21
2026-01-06 04:00:00+00:00,0.1321,0.1329,0.1318,0.1318,1769868.11
2026-01-06 05:00:00+00:00,0.1318,0.1323,0.1307,0.1309,2767342.39
2026-01-06 06:00:00+00:00,0.1309,0.1314,0.1303,0.1304,2577115.81
2026-01-06 07:00:00+00:00,0.1304,0.1305,0.1277,0.1282,3696413.89
2026-01-06 08:00:00+00:00,0.1282,0.1292,0.1279,0.1281,2315905.28
2026-01-06 09:00:00+00:00,0.1281,0.1288,0.128,0.1287,2013315.33
2026-01-06 10:00:00+00:00,0.1287,0.1294,0.1285,0.1292,1418584.04
2026-01-06 11:00:00+00:00,0.1292,0.1315,0.1291,0.1313,2229396.17
2026-01-06 12:00:00+00:00,0.1313,0.1329,0.1312,0.1326,2705462.07
2026-01-06 13:00:00+00:00,0.1326,0.1335,0.1324,0.1326,2374372.25
2026-01-06 14:00:00+00:00,0.1326,0.1349,0.1326,0.1333,5883912.81
2026-01-06 15:00:00+00:00,0.1333,0.1342,0.1305,0.1313,4137756.47
2026-01-06 16:00:00+00:00,0.1313,0.1315,0.1265,0.1275,6305080.13
2026-01-06 17:00:00+00:00,0.1275,0.1279,0.1244,0.1246,5781913.63
2026-01-06 18:00:00+00:00,0.1246,0.1269,0.1243,0.1264,3276842.43
2026-01-06 19:00:00+00:00,0.1264,0.127,0.1258,0.126,1854357.57
2026-01-06 20:00:00+00:00,0.126,0.128,0.126,0.1274,2512679.92
2026-01-06 21:00:00+00:00,0.1274,0.13,0.1268,0.1285,4966494.63
2026-01-06 22:00:00+00:00,0.1285,0.1289,0.1271,0.1279,3203890.52
2026-01-06 23:00:00+00:00,0.1279,0.1292,0.1279,0.1289,1860097.91
2026-01-07 00:00:00+00:00,0.1289,0.1291,0.1264,0.1265,3314266.95
2026-01-07 01:00:00+00:00,0.1265,0.1271,0.1256,0.1257,2075712.59
2026-01-07 02:00:00+00:00,0.1257,0.1268,0.1254,0.1267,1916379.01
2026-01-07 03:00:00+00:00,0.1267,0.1274,0.1265,0.127,1594424.84
2026-01-07 04:00:00+00:00,0.127,0.1274,0.1265,0.1268,1158615.09
2026-01-07 05:00:00+00:00,0.1268,0.1272,0.1263,0.1263,1278343.08
2026-01-07 06:00:00+00:00,0.1263,0.1269,0.1262,0.1264,1064534.22
2026-01-07 07:00:00+00:00,0.1264,0.1285,0.1264,0.1285,2205900.6
2026-01-07 08:00:00+00:00,0.1285,0.1296,0.1284,0.1291,2943834.81
2026-01-07 09:00:00+00:00,0.1291,0.1291,0.1259,0.1263,2971769.85
2026-01-07 10:00:00+00:00,0.1263,0.1267,0.1258,0.1263,1391600.0
2026-01-07 11:00:00+00:00,0.1263,0.127,0.1262,0.1269,1505200.06
2026-01-07 12:00:00+00:00,0.1269,0.1269,0.1255,0.1256,1279781.16
2026-01-07 13:00:00+00:00,0.1256,0.1262,0.1247,0.1248,1660233.05
2026-01-07 14:00:00+00:00,0.1248,0.1253,0.1231,0.1249,4095589.75
2026-01-07 15:00:00+00:00,0.1249,0.125,0.1227,0.123,4201593.7
2026-01-07 16:00:00+00:00,0.123,0.1239,0.1225,0.1235,2278668.38
2026-01-07 17:00:00+00:00,0.1235,0.1243,0.1232,0.1234,1665891.67
2026-01-07 18:00:00+00:00,0.1234,0.1242,0.1229,0.1235,2300788.61
2026-01-07 19:00:00+00:00,0.1235,0.1238,0.1224,0.1232,2295114.35
2026-01-07 20:00:00+00:00,0.1232,0.1235,0.1223,0.1227,1234256.85
2026-01-07 21:00:00+00:00,0.1227,0.1237,0.1223,0.1231,2523462.99
2026-01-07 22:00:00+00:00,0.1231,0.1239,0.1225,0.1228,1387996.01
2026-01-07 23:00:00+00:00,0.1228,0.124,0.1223,0.1237,1491914.03
2026-01-08 00:00:00+00:00,0.1237,0.1239,0.1228,0.1237,1255075.87
2026-01-08 01:00:00+00:00,0.1237,0.1242,0.1234,0.124,1418825.38
2026-01-08 02:00:00+00:00,0.124,0.1243,0.123,0.1233,1450702.49
2026-01-08 03:00:00+00:00,0.1233,0.1241,0.1223,0.1225,1537554.22
2026-01-08 04:00:00+00:00,0.1225,0.1239,0.1224,0.1235,1255752.51
2026-01-08 05:00:00+00:00,0.1235,0.1241,0.123,0.1231,1318792.51
2026-01-08 06:00:00+00:00,0.1231,0.1233,0.1212,0.1212,2072930.93
2026-01-08 07:00:00+00:00,0.1212,0.1227,0.1206,0.1225,2314187.55
2026-01-08 08:00:00+00:00,0.1225,0.1233,0.1211,0.1212,1861050.43
2026-01-08 09:00:00+00:00,0.1212,0.1218,0.1202,0.1202,1435226.17
2026-01-08 10:00:00+00:00,0.1202,0.1212,0.1192,0.121,3499451.64
2026-01-08 11:00:00+00:00,0.121,0.1211,0.1194,0.1202,2121536.28
2026-01-08 12:00:00+00:00,0.1202,0.1202,0.1186,0.1189,2242429.39
2026-01-08 13:00:00+00:00,0.1189,0.1196,0.1187,0.1191,1413370.35
2026-01-08 14:00:00+00:00,0.1191,0.1196,0.118,0.119,4200492.92
2026-01-08 15:00:00+00:00,0.119,0.1217,0.1184,0.1217,4019729.87
2026-01-08 16:00:00+00:00,0.1217,0.1221,0.1201,0.1221,3188834.03
2026-01-08 17:00:00+00:00,0.1221,0.1226,0.1211,0.1222,2716612.51
2026-01-08 18:00:00+00:00,0.1222,0.1222,0.1208,0.121,1573938.19
2026-01-08 19:00:00+00:00,0.121,0.1216,0.1203,0.1206,1132641.38
2026-01-08 20:00:00+00:00,0.1206,0.1206,0.1194,0.1202,1619152.01
2026-01-08 21:00:00+00:00,0.1202,0.1214,0.1202,0.1212,1221515.97
2026-01-08 22:00:00+00:00,0.1212,0.1221,0.1204,0.121,1338190.43
2026-01-08 23:00:00+00:00,0.121,0.1212,0.1205,0.1205,829124.89
2026-01-09 00:00:00+00:00,0.1205,0.1208,0.1201,0.1202,1020546.24
2026-01-09 01:00:00+00:00,0.1202,0.1211,0.1191,0.1199,3567167.87
2026-01-09 02:00:00+00:00,0.1199,0.1211,0.1195,0.1196,1506125.4
2026-01-09 03:00:00+00:00,0.1196,0.1203,0.1192,0.1203,1231213.96
2026-01-09 04:00:00+00:00,0.1203,0.1204,0.1189,0.119,1274839.3
2026-01-09 05:00:00+00:00,0.119,0.1194,0.1184,0.1192,2614224.04
2026-01-09 06:00:00+00:00,0.1192,0.1203,0.119,0.1202,1379241.0
2026-01-09 07:00:00+00:00,0.1202,0.1205,0.1199,0.1202,1207016.55
2026-01-09 08:00:00+00:00,0.1202,0.1204,0.1181,0.1186,1862766.79
2026-01-09 09:00:00+00:00,0.1186,0.1197,0.1186,0.119,1022509.24
2026-01-09 10:00:00+00:00,0.119,0.1196,0.1187,0.1192,882898.15
2026-01-09 11:00:00+00:00,0.1192,0.1196,0.1191,0.1192,670523.96
2026-01-09 12:00:00+00:00,0.1192,0.1195,0.1184,0.1185,810662.43
2026-01-09 13:00:00+00:00,0.1185,0.1205,0.1184,0.1203,1994168.71
2026-01-09 14:00:00+00:00,0.1203,0.1203,0.1183,0.1188,2776378.62
2026-01-09 15:00:00+00:00,0.1188,0.1231,0.1182,0.1217,6198106.36
2026-01-09 16:00:00+00:00,0.1217,0.1235,0.1214,0.1221,3525840.78
2026-01-09 17:00:00+00:00,0.1221,0.1222,0.1203,0.1209,2394192.98
2026-01-09 18:00:00+00:00,0.1209,0.1212,0.1187,0.1197,1784882.37
2026-01-09 19:00:00+00:00,0.1197,0.1197,0.1182,0.1187,1277659.56
2026-01-09 20:00:00+00:00,0.1187,0.1197,0.1184,0.1191,1205428.29
2026-01-09 21:00:00+00:00,0.1191,0.12,0.1186,0.12,921995.18
2026-01-09 22:00:00+00:00,0.12,0.1207,0.1197,0.1205,1594762.32
2026-01-09 23:00:00+00:00,0.1205,0.121,0.1202,0.1203,724392.86
2026-01-10 00:00:00+00:00,0.1203,0.1204,0.1196,0.1198,747214.21
2026-01-10 01:00:00+00:00,0.1198,0.1205,0.1196,0.1201,534797.15
2026-01-10 02:00:00+00:00,0.1201,0.1204,0.1194,0.1196,451933.18
2026-01-10 03:00:00+00:00,0.1196,0.1197,0.119,0.1196,410048.69
2026-01-10 04:00:00+00:00,0.1196,0.1197,0.1186,0.1187,572930.7
2026-01-10 05:00:00+00:00,0.1187,0.119,0.1186,0.1187,529114.06
2026-01-10 06:00:00+00:00,0.1187,0.1191,0.1183,0.1188,494641.08
2026-01-10 07:00:00+00:00,0.1188,0.1201,0.1188,0.1198,566509.8
2026-01-10 08:00:00+00:00,0.1198,0.1199,0.1191,0.1196,491641.3
2026-01-10 09:00:00+00:00,0.1196,0.1201,0.1196,0.12,740970.23
2026-01-10 10:00:00+00:00,0.12,0.1204,0.1196,0.1204,484946.45
2026-01-10 11:00:00+00:00,0.1204,0.1206,0.1202,0.1206,498717.0
2026-01-10 12:00:00+00:00,0.1206,0.121,0.1202,0.1207,888912.81
2026-01-10 13:00:00+00:00,0.1207,0.1208,0.1203,0.1204,552463.19
2026-01-10 14:00:00+00:00,0.1204,0.1204,0.1195,0.1196,614100.75
2026-01-10 15:00:00+00:00,0.1196,0.1199,0.1192,0.1193,669686.09
2026-01-10 16:00:00+00:00,0.1193,0.1193,0.1185,0.1187,772479.71
2026-01-10 17:00:00+00:00,0.1187,0.1193,0.1183,0.1183,651161.45
2026-01-10 18:00:00+00:00,0.1183,0.1188,0.118,0.1186,724996.48
2026-01-10 19:00:00+00:00,0.1186,0.119,0.1185,0.119,561123.76
2026-01-10 20:00:00+00:00,0.119,0.1192,0.1186,0.1187,502253.57
2026-01-10 21:00:00+00:00,0.1187,0.1188,0.1182,0.1182,496492.55
2026-01-10 22:00:00+00:00,0.1182,0.1184,0.1173,0.1173,865858.28
2026-01-10 23:00:00+00:00,0.1173,0.1181,0.1173,0.1178,651180.17
2026-01-11 00:00:00+00:00,0.1178,0.1178,0.1169,0.1173,818561.43
2026-01-11 01:00:00+00:00,0.1173,0.1175,0.117,0.1175,580357.23
2026-01-11 02:00:00+00:00,0.1175,0.1176,0.1172,0.1173,557792.88
2026-01-11 03:00:00+00:00,0.1173,0.1175,0.1172,0.1174,480427.63
2026-01-11 04:00:00+00:00,0.1174,0.1177,0.1169,0.1176,1143577.55
2026-01-11 05:00:00+00:00,0.1176,0.1177,0.1171,0.1177,495537.95
2026-01-11 06:00:00+00:00,0.1177,0.1181,0.1171,0.118,681613.76
2026-01-11 07:00:00+00:00,0.118,0.1184,0.118,0.1182,646039.79
2026-01-11 08:00:00+00:00,0.1182,0.1185,0.1179,0.1183,890860.21
2026-01-11 09:00:00+00:00,0.1183,0.1186,0.1179,0.1183,612716.49
2026-01-11 10:00:00+00:00,0.1183,0.1185,0.1179,0.118,933778.05
2026-01-11 11:00:00+00:00,0.118,0.1181,0.1177,0.1179,435238.5
2026-01-11 12:00:00+00:00,0.1179,0.1189,0.1179,0.1186,987473.32
2026-01-11 13:00:00+00:00,0.1186,0.1188,0.118,0.1181,644950.4
2026-01-11 14:00:00+00:00,0.1181,0.1188,0.118,0.1186,794692.57
2026-01-11 15:00:00+00:00,0.1186,0.1188,0.1165,0.1169,2093931.41
2026-01-11 16:00:00+00:00,0.1169,0.1183,0.1167,0.1177,2265935.63
2026-01-11 17:00:00+00:00,0.1177,0.1192,0.1175,0.1186,2460968.85
2026-01-11 18:00:00+00:00,0.1186,0.1189,0.1179,0.1186,1406351.67
2026-01-11 19:00:00+00:00,0.1186,0.1189,0.1176,0.1176,861947.24
2026-01-11 20:00:00+00:00,0.1176,0.1176,0.116,0.1169,2478966.87
2026-01-11 21:00:00+00:00,0.1169,0.1177,0.1163,0.1174,1884071.69
2026-01-11 22:00:00+00:00,0.1174,0.1174,0.1162,0.1165,1203833.22
2026-01-11 23:00:00+00:00,0.1165,0.1178,0.1158,0.1173,2033743.84
2026-01-12 00:00:00+00:00,0.1173,0.1181,0.116,0.1177,2729743.14
2026-01-12 01:00:00+00:00,0.1177,0.1187,0.1176,0.1183,3328155.03
2026-01-12 02:00:00+00:00,0.1183,0.1201,0.1183,0.1198,3064328.65
2026-01-12 03:00:00+00:00,0.1198,0.1204,0.1183,0.1185,2177569.85
2026-01-12 04:00:00+00:00,0.1185,0.1197,0.1181,0.1194,1180301.19
2026-01-12 05:00:00+00:00,0.1194,0.1198,0.1189,0.119,1087730.85
2026-01-12 06:00:00+00:00,0.119,0.1191,0.1177,0.1178,1166328.49
2026-01-12 07:00:00+00:00,0.1178,0.1185,0.1167,0.1168,1266052.48
2026-01-12 08:00:00+00:00,0.1168,0.1174,0.1152,0.1159,3016959.17
2026-01-12 09:00:00+00:00,0.1159,0.1162,0.1152,0.1153,1784823.82
2026-01-12 10:00:00+00:00,0.1153,0.1157,0.1147,0.1148,1259029.93
2026-01-12 11:00:00+00:00,0.1148,0.1156,0.1148,0.1152,926764.05
2026-01-12 12:00:00+00:00,0.1152,0.1155,0.1148,0.1149,913111.51
2026-01-12 13:00:00+00:00,0.1149,0.1152,0.1139,0.1143,1474873.5
2026-01-12 14:00:00+00:00,0.1143,0.1163,0.1136,0.116,2915676.09
2026-01-12 15:00:00+00:00,0.116,0.1173,0.1158,0.1173,2837762.55
2026-01-12 16:00:00+00:00,0.1173,0.1183,0.1165,0.1166,3948278.22
2026-01-12 17:00:00+00:00,0.1166,0.1169,0.1151,0.1159,2305321.31
2026-01-12 18:00:00+00:00,0.1159,0.1169,0.1158,0.1164,1670970.61
2026-01-12 19:00:00+00:00,0.1164,0.1172,0.116,0.1169,1558388.55
2026-01-12 20:00:00+00:00,0.1169,0.1171,0.1159,0.116,1846149.19
2026-01-12 21:00:00+00:00,0.116,0.1161,0.1142,0.1145,2231187.26
2026-01-12 22:00:00+00:00,0.1145,0.1153,0.1145,0.115,1416348.23
2026-01-12 23:00:00+00:00,0.115,0.1153,0.1146,0.1151,900251.04
2026-01-13 00:00:00+00:00,0.1151,0.1153,0.1148,0.1151,1233324.41
2026-01-13 01:00:00+00:00,0.1151,0.1157,0.1146,0.115,840659.7
2026-01-13 02:00:00+00:00,0.115,0.1159,0.1149,0.1149,833489.12
2026-01-13 03:00:00+00:00,0.1149,0.1157,0.1147,0.1152,991995.99
2026-01-13 04:00:00+00:00,0.1152,0.1159,0.1151,0.1159,905866.17
2026-01-13 05:00:00+00:00,0.1159,0.1172,0.1159,0.1159,2090820.9
2026-01-13 06:00:00+00:00,0.1159,0.1165,0.1157,0.1163,1295204.15
2026-01-13 07:00:00+00:00,0.1163,0.1163,0.1157,0.1159,774125.37
2026-01-13 08:00:00+00:00,0.1159,0.1169,0.1157,0.1166,735636.3
2026-01-13 09:00:00+00:00,0.1166,0.117,0.116,0.1163,2224843.2
2026-01-13 10:00:00+00:00,0.1163,0.1167,0.1157,0.1159,1021577.99
2026-01-13 11:00:00+00:00,0.1159,0.1165,0.1157,0.1162,1653122.91
2026-01-13 12:00:00+00:00,0.1162,0.1166,0.1158,0.1166,1191185.26
2026-01-13 13:00:00+00:00,0.1166,0.1176,0.1162,0.1171,2812414.81
2026-01-13 14:00:00+00:00,0.1171,0.1191,0.1166,0.118,3309496.48
2026-01-13 15:00:00+00:00,0.118,0.1198,0.1172,0.1198,3442212.24
2026-01-13 16:00:00+00:00,0.1198,0.1215,0.1198,0.1206,6170565.71
2026-01-13 17:00:00+00:00,0.1206,0.1208,0.119,0.1191,3514799.23
2026-01-13 18:00:00+00:00,0.1191,0.1197,0.1189,0.1192,2587668.92
2026-01-13 19:00:00+00:00,0.1192,0.1206,0.1189,0.1203,1937484.33
2026-01-13 20:00:00+00:00,0.1203,0.1205,0.1189,0.1194,2639473.38
2026-01-13 21:00:00+00:00,0.1194,0.1198,0.1193,0.1194,1513939.68
2026-01-13 22:00:00+00:00,0.1194,0.1234,0.1193,0.1234,7839632.33
2026-01-13 23:00:00+00:00,0.1234,0.1241,0.1215,0.1223,3588366.8
2026-01-14 00:00:00+00:00,0.1223,0.1231,0.1219,0.123,2393250.15
2026-01-14 01:00:00+00:00,0.123,0.1237,0.1227,0.1229,2298150.58
2026-01-14 02:00:00+00:00,0.1229,0.1244,0.1226,0.1241,2507335.07
2026-01-14 03:00:00+00:00,0.1241,0.1265,0.1238,0.1264,3534242.18
2026-01-14 04:00:00+00:00,0.1264,0.1283,0.1254,0.127,6933796.49
2026-01-14 05:00:00+00:00,0.127,0.129,0.1265,0.127,3903205.03
2026-01-14 06:00:00+00:00,0.127,0.1274,0.1255,0.1272,4895112.46
2026-01-14 07:00:00+00:00,0.1272,0.1278,0.1252,0.1254,3273313.59
2026-01-14 08:00:00+00:00,0.1254,0.126,0.1245,0.1246,2566911.86
2026-01-14 09:00:00+00:00,0.1246,0.1255,0.124,0.1254,3736438.5
2026-01-14 10:00:00+00:00,0.1254,0.1256,0.1242,0.1243,2317935.38
2026-01-14 11:00:00+00:00,0.1243,0.1243,0.1226,0.1228,2064112.33
2026-01-14 12:00:00+00:00,0.1228,0.1241,0.1226,0.1234,2003028.32
2026-01-14 13:00:00+00:00,0.1234,0.1239,0.1228,0.1229,1537667.7
2026-01-14 14:00:00+00:00,0.1229,0.1262,0.1229,0.1255,4235388.5
2026-01-14 15:00:00+00:00,0.1255,0.1269,0.1246,0.126,4182922.9
2026-01-14 16:00:00+00:00,0.126,0.1274,0.126,0.1263,3472353.36
2026-01-14 17:00:00+00:00,0.1263,0.1268,0.1245,0.1247,3506309.67
2026-01-14 18:00:00+00:00,0.1247,0.1249,0.1222,0.1232,4246713.45
2026-01-14 19:00:00+00:00,0.1232,0.1246,0.1229,0.123,3922229.08
2026-01-14 20:00:00+00:00,0.123,0.1242,0.1226,0.1236,2302864.36
2026-01-14 21:00:00+00:00,0.1236,0.124,0.1231,0.1238,1680412.62
2026-01-14 22:00:00+00:00,0.1238,0.124,0.1226,0.1226,2049366.09
2026-01-14 23:00:00+00:00,0.1226,0.1242,0.1226,0.1234,2552594.54
2026-01-15 00:00:00+00:00,0.1234,0.1235,0.1224,0.1228,1498454.56
2026-01-15 01:00:00+00:00,0.1228,0.1234,0.1217,0.122,1569341.02
2026-01-15 02:00:00+00:00,0.122,0.1222,0.121,0.1213,2108816.02
2026-01-15 03:00:00+00:00,0.1213,0.1214,0.1192,0.1194,2428542.43
2026-01-15 04:00:00+00:00,0.1194,0.1206,0.1192,0.1202,1292049.74
2026-01-15 05:00:00+00:00,0.1202,0.1209,0.1201,0.1206,1278553.83
2026-01-15 06:00:00+00:00,0.1206,0.1207,0.1197,0.12,1147374.96
2026-01-15 07:00:00+00:00,0.12,0.1215,0.1198,0.1211,1181210.67
2026-01-15 08:00:00+00:00,0.1211,0.1213,0.1207,0.1213,929442.63
2026-01-15 09:00:00+00:00,0.1213,0.1223,0.1207,0.1218,1376434.18
2026-01-15 10:00:00+00:00,0.1218,0.122,0.1209,0.1213,890190.52
2026-01-15 11:00:00+00:00,0.1213,0.1216,0.1206,0.1208,821279.15
2026-01-15 12:00:00+00:00,0.1208,0.122,0.1207,0.1219,1202009.57
2026-01-15 13:00:00+00:00,0.1219,0.1224,0.1214,0.1223,1036226.52
2026-01-15 14:00:00+00:00,0.1223,0.1228,0.1203,0.1206,3235364.04
2026-01-15 15:00:00+00:00,0.1206,0.1213,0.1186,0.1205,5818721.54
2026-01-15 16:00:00+00:00,0.1205,0.1208,0.1195,0.1206,3182289.96
2026-01-15 17:00:00+00:00,0.1206,0.1216,0.1196,0.1198,2969189.85
2026-01-15 18:00:00+00:00,0.1198,0.12,0.1183,0.1184,2107564.67
2026-01-15 19:00:00+00:00,0.1184,0.1184,0.1174,0.1179,2677281.77
2026-01-15 20:00:00+00:00,0.1179,0.1182,0.1162,0.1164,2329207.51
2026-01-15 21:00:00+00:00,0.1164,0.1169,0.1163,0.1166,1908332.46
2026-01-15 22:00:00+00:00,0.1166,0.1175,0.1166,0.1173,1311792.67
2026-01-15 23:00:00+00:00,0.1173,0.1179,0.1171,0.1178,1005905.44
2026-01-16 00:00:00+00:00,0.1178,0.1191,0.1176,0.1185,1682414.44
2026-01-16 01:00:00+00:00,0.1185,0.1186,0.1178,0.1181,1385459.02
2026-01-16 02:00:00+00:00,0.1181,0.1183,0.1173,0.1183,1734412.27
2026-01-16 03:00:00+00:00,0.1183,0.1183,0.1172,0.1175,920526.83
2026-01-16 04:00:00+00:00,0.1175,0.1181,0.1168,0.1171,1832463.18
2026-01-16 05:00:00+00:00,0.1171,0.1181,0.117,0.1178,1331115.16
2026-01-16 06:00:00+00:00,0.1178,0.1179,0.1173,0.1178,731412.4
2026-01-16 07:00:00+00:00,0.1178,0.118,0.1174,0.1177,875533.71
2026-01-16 08:00:00+00:00,0.1177,0.1183,0.1176,0.1179,1406065.2
2026-01-16 09:00:00+00:00,0.1179,0.1179,0.1172,0.1173,798575.43
2026-01-16 10:00:00+00:00,0.1173,0.1173,0.1168,0.117,750547.99
2026-01-16 11:00:00+00:00,0.117,0.1171,0.1167,0.117,801605.75
2026-01-16 12:00:00+00:00,0.117,0.1171,0.1167,0.1169,688291.05
2026-01-16 13:00:00+00:00,0.1169,0.1169,0.1161,0.1165,1156454.64
2026-01-16 14:00:00+00:00,0.1165,0.1169,0.1161,0.1163,1582177.27
2026-01-16 15:00:00+00:00,0.1163,0.117,0.1145,0.115,3823983.4
2026-01-16 16:00:00+00:00,0.115,0.1163,0.1148,0.1159,2209931.27
2026-01-16 17:00:00+00:00,0.1159,0.116,0.1149,0.1159,1408591.35
2026-01-16 18:00:00+00:00,0.1159,0.1167,0.1159,0.1163,1153873.15
2026-01-16 19:00:00+00:00,0.1163,0.117,0.1157,0.1167,1333516.18
2026-01-16 20:00:00+00:00,0.1167,0.1189,0.1162,0.1188,2150527.5
2026-01-16 21:00:00+00:00,0.1188,0.1198,0.1188,0.1192,2582314.62
2026-01-16 22:00:00+00:00,0.1192,0.1194,0.1183,0.1188,2252731.33
2026-01-16 23:00:00+00:00,0.1188,0.1189,0.1185,0.1186,645853.89
2026-01-17 00:00:00+00:00,0.1186,0.1192,0.1184,0.1191,810109.99
2026-01-17 01:00:00+00:00,0.1191,0.1195,0.1189,0.1192,816033.31
2026-01-17 02:00:00+00:00,0.1192,0.1195,0.1181,0.1184,1104810.79
2026-01-17 03:00:00+00:00,0.1184,0.1184,0.1178,0.1181,633777.17
2026-01-17 04:00:00+00:00,0.1181,0.1188,0.1178,0.1187,580199.48
2026-01-17 05:00:00+00:00,0.1187,0.1188,0.1182,0.1182,733080.07
2026-01-17 06:00:00+00:00,0.1182,0.1183,0.1179,0.118,508384.22
2026-01-17 07:00:00+00:00,0.118,0.1186,0.1178,0.1184,484004.93
2026-01-17 08:00:00+00:00,0.1184,0.1189,0.1183,0.1187,723594.81
2026-01-17 09:00:00+00:00,0.1187,0.1189,0.1183,0.1187,1041233.79
2026-01-17 10:00:00+00:00,0.1187,0.1195,0.1183,0.1185,959457.25
2026-01-17 11:00:00+00:00,0.1185,0.1185,0.1178,0.1179,629548.75
2026-01-17 12:00:00+00:00,0.1179,0.1185,0.1179,0.1184,566839.61
2026-01-17 13:00:00+00:00,0.1184,0.1187,0.118,0.1185,647811.9
2026-01-17 14:00:00+00:00,0.1185,0.1198,0.1181,0.1197,1112226.04
2026-01-17 15:00:00+00:00,0.1197,0.1201,0.1192,0.12,1427591.93
2026-01-17 16:00:00+00:00,0.12,0.12,0.1185,0.1189,1292676.2
2026-01-17 17:00:00+00:00,0.1189,0.1195,0.1188,0.1195,669807.86
2026-01-17 18:00:00+00:00,0.1195,0.12,0.1192,0.12,687902.53
2026-01-17 19:00:00+00:00,0.12,0.1208,0.1197,0.1201,1437576.24
2026-01-17 20:00:00+00:00,0.1201,0.1206,0.1195,0.1195,860138.67
2026-01-17 21:00:00+00:00,0.1195,0.1197,0.1191,0.1195,721718.99
2026-01-17 22:00:00+00:00,0.1195,0.1198,0.1186,0.1189,1162331.92
2026-01-17 23:00:00+00:00,0.1189,0.1189,0.1184,0.1189,747477.7
2026-01-18 00:00:00+00:00,0.1189,0.1194,0.1182,0.1184,1303056.28
2026-01-18 01:00:00+00:00,0.1184,0.1185,0.1173,0.1177,1538894.19
2026-01-18 02:00:00+00:00,0.1177,0.1181,0.1173,0.1176,861561.29
2026-01-18 03:00:00+00:00,0.1176,0.1182,0.1176,0.1177,653598.76
2026-01-18 04:00:00+00:00,0.1177,0.1177,0.117,0.1175,551307.26
2026-01-18 05:00:00+00:00,0.1175,0.1175,0.1171,0.1173,533922.69
2026-01-18 06:00:00+00:00,0.1173,0.1176,0.117,0.1172,560494.34
2026-01-18 07:00:00+00:00,0.1172,0.1175,0.1169,0.1172,557061.84
2026-01-18 08:00:00+00:00,0.1172,0.1176,0.117,0.1175,519311.96
2026-01-18 09:00:00+00:00,0.1175,0.1178,0.1173,0.1175,780498.2
2026-01-18 10:00:00+00:00,0.1175,0.1176,0.1169,0.1172,1087334.43
2026-01-18 11:00:00+00:00,0.1172,0.1173,0.1169,0.117,681364.55
2026-01-18 12:00:00+00:00,0.117,0.1173,0.1167,0.1167,782855.27
2026-01-18 13:00:00+00:00,0.1167,0.1173,0.1164,0.1169,1133999.38
2026-01-18 14:00:00+00:00,0.1169,0.1175,0.1162,0.1162,1847303.57
2026-01-18 15:00:00+00:00,0.1162,0.1167,0.116,0.1167,942155.57
2026-01-18 16:00:00+00:00,0.1167,0.117,0.1163,0.1164,961676.02
2026-01-18 17:00:00+00:00,0.1164,0.1167,0.1161,0.1166,818348.3
2026-01-18 18:00:00+00:00,0.1166,0.1178,0.1164,0.1174,1577408.49
2026-01-18 19:00:00+00:00,0.1174,0.1177,0.1165,0.1167,1144373.44
2026-01-18 20:00:00+00:00,0.1167,0.1173,0.1164,0.1169,794185.77
2026-01-18 21:00:00+00:00,0.1169,0.1172,0.1169,0.117,731114.84
2026-01-18 22:00:00+00:00,0.117,0.1176,0.1169,0.1173,846402.24
2026-01-18 23:00:00+00:00,0.1173,0.1173,0.1117,0.1117,6487143.64
2026-01-19 00:00:00+00:00,0.1117,0.1117,0.1046,0.1082,18467316.35
2026-01-19 01:00:00+00:00,0.1082,0.1091,0.1075,0.1083,3310514.2
2026-01-19 02:00:00+00:00,0.1083,0.1096,0.1079,0.1094,1858688.1
2026-01-19 03:00:00+00:00,0.1094,0.1098,0.1087,0.1096,2398965.4
2026-01-19 04:00:00+00:00,0.1096,0.1096,0.1087,0.1087,1179270.99
2026-01-19 05:00:00+00:00,0.1087,0.1095,0.1086,0.1092,1570357.26
2026-01-19 06:00:00+00:00,0.1092,0.1096,0.1089,0.1092,1438648.97
2026-01-19 07:00:00+00:00,0.1092,0.1094,0.1089,0.1094,773809.91
2026-01-19 08:00:00+00:00,0.1094,0.111,0.1093,0.1099,2678474.77
2026-01-19 09:00:00+00:00,0.1099,0.11,0.1094,0.1096,749501.87
2026-01-19 10:00:00+00:00,0.1096,0.1096,0.1091,0.1093,763103.97
2026-01-19 11:00:00+00:00,0.1093,0.1099,0.1091,0.1093,695008.22
2026-01-19 12:00:00+00:00,0.1093,0.1093,0.1088,0.109,1244208.21
2026-01-19 13:00:00+00:00,0.109,0.1092,0.1088,0.1088,593987.51
2026-01-19 14:00:00+00:00,0.1088,0.1101,0.1087,0.1096,1201237.25
2026-01-19 15:00:00+00:00,0.1096,0.1104,0.1095,0.1096,1066122.16
2026-01-19 16:00:00+00:00,0.1096,0.1114,0.1095,0.1111,1488890.52
2026-01-19 17:00:00+00:00,0.1111,0.1112,0.1105,0.1106,1188815.6
2026-01-19 18:00:00+00:00,0.1106,0.1115,0.1104,0.1113,942770.69
2026-01-19 19:00:00+00:00,0.1113,0.1125,0.1113,0.1119,1642675.46
2026-01-19 20:00:00+00:00,0.1119,0.1123,0.1114,0.1114,1287730.7
2026-01-19 21:00:00+00:00,0.1114,0.1117,0.1107,0.1108,794051.8
2026-01-19 22:00:00+00:00,0.1108,0.111,0.11,0.11,1193560.28
2026-01-19 23:00:00+00:00,0.11,0.1113,0.11,0.1109,1246550.47
2026-01-20 00:00:00+00:00,0.1109,0.1111,0.1105,0.1107,909647.23
2026-01-20 01:00:00+00:00,0.1107,0.1113,0.1103,0.1107,1008073.01
2026-01-20 02:00:00+00:00,0.1107,0.111,0.1102,0.1106,984716.86
2026-01-20 03:00:00+00:00,0.1106,0.1107,0.1101,0.1103,1372740.84
2026-01-20 04:00:00+00:00,0.1103,0.1106,0.1101,0.1102,1343437.04
2026-01-20 05:00:00+00:00,0.1102,0.1109,0.1099,0.1105,1649010.12
2026-01-20 06:00:00+00:00,0.1105,0.1105,0.1088,0.1089,2376726.36
2026-01-20 07:00:00+00:00,0.1089,0.1092,0.1083,0.1083,1180984.78
2026-01-20 08:00:00+00:00,0.1083,0.1084,0.107,0.1074,2539683.89
2026-01-20 09:00:00+00:00,0.1074,0.1075,0.1071,0.1075,837368.99
2026-01-20 10:00:00+00:00,0.1075,0.108,0.1074,0.1077,768306.25
2026-01-20 11:00:00+00:00,0.1077,0.1081,0.1076,0.1078,1399241.2
2026-01-20 12:00:00+00:00,0.1078,0.1086,0.1078,0.1084,1264045.57
2026-01-20 13:00:00+00:00,0.1084,0.1084,0.1064,0.1065,3158739.56
2026-01-20 14:00:00+00:00,0.1065,0.1083,0.1065,0.1077,3136975.14
2026-01-20 15:00:00+00:00,0.1077,0.1079,0.1062,0.107,3339535.93
2026-01-20 16:00:00+00:00,0.107,0.1074,0.1053,0.1057,2837168.16
2026-01-20 17:00:00+00:00,0.1057,0.1064,0.105,0.1055,2371783.63
2026-01-20 18:00:00+00:00,0.1055,0.106,0.105,0.1053,1696395.4
2026-01-20 19:00:00+00:00,0.1053,0.1057,0.105,0.1054,1248599.28
2026-01-20 20:00:00+00:00,0.1054,0.107,0.1051,0.1069,3259461.03
2026-01-20 21:00:00+00:00,0.1069,0.1071,0.1054,0.1056,1623435.79
2026-01-20 22:00:00+00:00,0.1056,0.106,0.1042,0.1052,2235820.96
2026-01-20 23:00:00+00:00,0.1052,0.1058,0.1049,0.1057,984272.32
2026-01-21 00:00:00+00:00,0.1057,0.1081,0.1056,0.1081,1655326.97
2026-01-21 01:00:00+00:00,0.1081,0.1088,0.1079,0.108,1473314.88
2026-01-21 02:00:00+00:00,0.108,0.1094,0.1079,0.1079,1722495.6
2026-01-21 03:00:00+00:00,0.1079,0.1086,0.1077,0.108,1011945.55
2026-01-21 04:00:00+00:00,0.108,0.1092,0.1078,0.1092,856814.04
2026-01-21 05:00:00+00:00,0.1092,0.1106,0.1092,0.1103,1995633.07
2026-01-21 06:00:00+00:00,0.1103,0.1108,0.1102,0.1106,1804391.38
2026-01-21 07:00:00+00:00,0.1106,0.1114,0.1101,0.1102,2746456.13
2026-01-21 08:00:00+00:00,0.1102,0.1102,0.1093,0.1095,1519930.28
2026-01-21 09:00:00+00:00,0.1095,0.1107,0.1093,0.11,1661885.72
2026-01-21 10:00:00+00:00,0.11,0.1105,0.1091,0.1093,1321936.84
2026-01-21 11:00:00+00:00,0.1093,0.1099,0.1084,0.1084,1941181.98
2026-01-21 12:00:00+00:00,0.1084,0.1087,0.1066,0.1077,3453386.66
2026-01-21 13:00:00+00:00,0.1077,0.1083,0.1069,0.1072,1669052.83
2026-01-21 14:00:00+00:00,0.1072,0.1102,0.107,0.1095,6259769.49
2026-01-21 15:00:00+00:00,0.1095,0.1108,0.1092,0.1107,4189694.16
2026-01-21 16:00:00+00:00,0.1107,0.1108,0.1058,0.106,6065838.79
2026-01-21 17:00:00+00:00,0.106,0.1073,0.1054,0.1065,5170228.5
2026-01-21 18:00:00+00:00,0.1065,0.1077,0.1061,0.1074,2275031.06
2026-01-21 19:00:00+00:00,0.1074,0.1114,0.107,0.1113,5518977.39
2026-01-21 20:00:00+00:00,0.1113,0.1115,0.1093,0.1106,3036054.4
2026-01-21 21:00:00+00:00,0.1106,0.1114,0.1103,0.1107,1809555.05
2026-01-21 22:00:00+00:00,0.1107,0.1113,0.11,0.1102,1484155.9
2026-01-21 23:00:00+00:00,0.1102,0.1106,0.109,0.1093,1753615.41
2026-01-22 00:00:00+00:00,0.1093,0.1111,0.1093,0.1106,1422405.31
2026-01-22 01:00:00+00:00,0.1106,0.1111,0.1104,0.1109,1063763.17
2026-01-22 02:00:00+00:00,0.1109,0.1111,0.1099,0.11,831310.61
2026-01-22 03:00:00+00:00,0.11,0.1104,0.1096,0.1101,804748.38
2026-01-22 04:00:00+00:00,0.1101,0.1105,0.1097,0.1104,792202.37
2026-01-22 05:00:00+00:00,0.1104,0.1108,0.11,0.1104,925093.18
2026-01-22 06:00:00+00:00,0.1104,0.1106,0.1098,0.1105,749504.55
2026-01-22 07:00:00+00:00,0.1105,0.1107,0.1099,0.1102,716886.61
2026-01-22 08:00:00+00:00,0.1102,0.1108,0.1099,0.1107,994010.94
2026-01-22 09:00:00+00:00,0.1107,0.1113,0.1106,0.1111,876611.44
2026-01-22 10:00:00+00:00,0.1111,0.1112,0.1108,0.1111,717580.27
2026-01-22 11:00:00+00:00,0.1111,0.1111,0.1089,0.109,1818264.34
2026-01-22 12:00:00+00:00,0.109,0.1094,0.1087,0.1092,842108.51
2026-01-22 13:00:00+00:00,0.1092,0.1098,0.1084,0.1087,1799683.66
2026-01-22 14:00:00+00:00,0.1087,0.1087,0.1075,0.1077,2399432.69
2026-01-22 15:00:00+00:00,0.1077,0.1085,0.1069,0.108,2376817.54
2026-01-22 16:00:00+00:00,0.108,0.1089,0.1075,0.1086,1537120.18
2026-01-22 17:00:00+00:00,0.1086,0.1091,0.1081,0.109,1417141.2
2026-01-22 18:00:00+00:00,0.109,0.1092,0.108,0.108,1291306.83
2026-01-22 19:00:00+00:00,0.108,0.1088,0.1078,0.1085,1241220.52
2026-01-22 20:00:00+00:00,0.1085,0.1089,0.1078,0.1081,1029721.78
2026-01-22 21:00:00+00:00,0.1081,0.1087,0.108,0.1082,632289.52
2026-01-22 22:00:00+00:00,0.1082,0.1086,0.1079,0.1083,918434.91
2026-01-22 23:00:00+00:00,0.1083,0.1084,0.1077,0.1082,929650.52
2026-01-23 00:00:00+00:00,0.1082,0.1087,0.1082,0.1085,684758.59
2026-01-23 01:00:00+00:00,0.1085,0.1093,0.1085,0.1092,863890.12
2026-01-23 02:00:00+00:00,0.1092,0.1094,0.1089,0.1089,569289.27
2026-01-23 03:00:00+00:00,0.1089,0.1098,0.1088,0.1097,689805.07
2026-01-23 04:00:00+00:00,0.1097,0.1104,0.1096,0.1104,1035606.91
2026-01-23 05:00:00+00:00,0.1104,0.1104,0.1097,0.1101,1048213.78
2026-01-23 06:00:00+00:00,0.1101,0.1105,0.1091,0.1091,1607460.29
2026-01-23 07:00:00+00:00,0.1091,0.1094,0.1089,0.1092,682544.39
2026-01-23 08:00:00+00:00,0.1092,0.1092,0.1081,0.1084,767962.8
2026-01-23 09:00:00+00:00,0.1084,0.1089,0.1083,0.1086,776557.93
2026-01-23 10:00:00+00:00,0.1086,0.1089,0.1084,0.1086,548162.52
2026-01-23 11:00:00+00:00,0.1086,0.1098,0.1085,0.1093,1067318.25
2026-01-23 12:00:00+00:00,0.1093,0.1094,0.1088,0.1089,695361.93
2026-01-23 13:00:00+00:00,0.1089,0.1093,0.1088,0.1089,720114.1
2026-01-23 14:00:00+00:00,0.1089,0.1093,0.1076,0.108,2478649.36
2026-01-23 15:00:00+00:00,0.108,0.1102,0.1078,0.1101,2390958.24
2026-01-23 16:00:00+00:00,0.1101,0.1121,0.1096,0.1111,2877828.23
2026-01-23 17:00:00+00:00,0.1111,0.1126,0.1107,0.1113,4284660.09
2026-01-23 18:00:00+00:00,0.1113,0.1125,0.111,0.1112,2746794.35
2026-01-23 19:00:00+00:00,0.1112,0.1112,0.1098,0.1102,2242011.24
2026-01-23 20:00:00+00:00,0.1102,0.1105,0.1088,0.1094,1889571.83
2026-01-23 21:00:00+00:00,0.1094,0.1102,0.1093,0.1094,1154187.11
2026-01-23 22:00:00+00:00,0.1094,0.1102,0.1094,0.1101,715283.48
2026-01-23 23:00:00+00:00,0.1101,0.1101,0.1093,0.1095,410209.4
2026-01-24 00:00:00+00:00,0.1095,0.1098,0.1092,0.1092,538056.86
2026-01-24 01:00:00+00:00,0.1092,0.1095,0.1089,0.1094,963089.02
2026-01-24 02:00:00+00:00,0.1094,0.11,0.1089,0.1091,1290304.36
2026-01-24 03:00:00+00:00,0.1091,0.1097,0.109,0.1093,804287.47
2026-01-24 04:00:00+00:00,0.1093,0.1095,0.1091,0.1092,558660.48
2026-01-24 05:00:00+00:00,0.1092,0.1093,0.1086,0.1087,777724.42
2026-01-24 06:00:00+00:00,0.1087,0.109,0.1086,0.1088,582754.18
2026-01-24 07:00:00+00:00,0.1088,0.109,0.1084,0.1084,626149.67
2026-01-24 08:00:00+00:00,0.1084,0.1085,0.1082,0.1084,691364.88
2026-01-24 09:00:00+00:00,0.1084,0.1084,0.1082,0.1082,408498.03
2026-01-24 10:00:00+00:00,0.1082,0.1084,0.1079,0.1083,528792.41
2026-01-24 11:00:00+00:00,0.1083,0.1084,0.1079,0.1079,471968.45
2026-01-24 12:00:00+00:00,0.1079,0.1081,0.1078,0.1079,483713.9
2026-01-24 13:00:00+00:00,0.1079,0.108,0.1076,0.1076,725865.75
2026-01-24 14:00:00+00:00,0.1076,0.1081,0.1076,0.108,688980.56
2026-01-24 15:00:00+00:00,0.108,0.1084,0.1078,0.1079,656061.94
2026-01-24 16:00:00+00:00,0.1079,0.1083,0.1075,0.1082,628870.43
2026-01-24 17:00:00+00:00,0.1082,0.1087,0.1082,0.1086,463912.95
2026-01-24 18:00:00+00:00,0.1086,0.1088,0.1083,0.1084,430621.11
2026-01-24 19:00:00+00:00,0.1084,0.1084,0.108,0.108,332312.34
2026-01-24 20:00:00+00:00,0.108,0.1084,0.108,0.1084,196512.13
2026-01-24 21:00:00+00:00,0.1084,0.1085,0.1081,0.1084,393514.92
2026-01-24 22:00:00+00:00,0.1084,0.1089,0.1082,0.1089,388261.63
2026-01-24 23:00:00+00:00,0.1089,0.1089,0.1085,0.1085,348158.89
2026-01-25 00:00:00+00:00,0.1085,0.1087,0.1081,0.1084,461024.08
2026-01-25 01:00:00+00:00,0.1084,0.1085,0.1078,0.1079,376548.2
2026-01-25 02:00:00+00:00,0.1079,0.1083,0.1077,0.1079,291651.17
2026-01-25 03:00:00+00:00,0.1079,0.108,0.1072,0.1075,605160.75
2026-01-25 04:00:00+00:00,0.1075,0.1077,0.1072,0.1073,327361.44
2026-01-25 05:00:00+00:00,0.1073,0.1074,0.1071,0.1073,333165.18
2026-01-25 06:00:00+00:00,0.1073,0.1073,0.1068,0.1069,439587.35
2026-01-25 07:00:00+00:00,0.1069,0.1069,0.1064,0.1067,371152.41
2026-01-25 08:00:00+00:00,0.1067,0.1068,0.1061,0.1062,743338.57
2026-01-25 09:00:00+00:00,0.1062,0.1071,0.106,0.1068,795653.52
2026-01-25 10:00:00+00:00,0.1068,0.1075,0.1066,0.1073,2307049.5
2026-01-25 11:00:00+00:00,0.1073,0.1077,0.107,0.1071,732097.36
2026-01-25 12:00:00+00:00,0.1071,0.1071,0.1064,0.107,792078.19
2026-01-25 13:00:00+00:00,0.107,0.1072,0.1066,0.1071,488716.24
2026-01-25 14:00:00+00:00,0.1071,0.1071,0.1059,0.1062,1225335.49
2026-01-25 15:00:00+00:00,0.1062,0.1065,0.1057,0.106,1414622.93
2026-01-25 16:00:00+00:00,0.106,0.106,0.1041,0.1051,5101529.77
2026-01-25 17:00:00+00:00,0.1051,0.1054,0.1046,0.1048,1448809.98
2026-01-25 18:00:00+00:00,0.1048,0.105,0.1036,0.1041,2671798.14
2026-01-25 19:00:00+00:00,0.1041,0.1043,0.1019,0.102,3691130.72
2026-01-25 20:00:00+00:00,0.102,0.1027,0.101,0.1021,3856328.29
2026-01-25 21:00:00+00:00,0.1021,0.1033,0.1021,0.1031,1997412.93
2026-01-25 22:00:00+00:00,0.1031,0.1033,0.1022,0.1027,1359406.59
2026-01-25 23:00:00+00:00,0.1027,0.1035,0.1023,0.1033,1773275.4
2026-01-26 00:00:00+00:00,0.1033,0.1044,0.1031,0.1043,1952210.07
2026-01-26 01:00:00+00:00,0.1043,0.1062,0.1043,0.106,2250571.09
2026-01-26 02:00:00+00:00,0.106,0.1061,0.1052,0.1055,1108691.97
2026-01-26 03:00:00+00:00,0.1055,0.1059,0.1047,0.105,857931.62
2026-01-26 04:00:00+00:00,0.105,0.1062,0.105,0.1055,1009670.36
2026-01-26 05:00:00+00:00,0.1055,0.1056,0.1051,0.1054,485804.72
2026-01-26 06:00:00+00:00,0.1054,0.1062,0.1053,0.106,592405.83
2026-01-26 07:00:00+00:00,0.106,0.1064,0.1057,0.106,768964.83
2026-01-26 08:00:00+00:00,0.106,0.1068,0.1058,0.106,1372814.69
2026-01-26 09:00:00+00:00,0.106,0.1061,0.1053,0.1054,776429.49
2026-01-26 10:00:00+00:00,0.1054,0.106,0.1054,0.1059,452497.61
2026-01-26 11:00:00+00:00,0.1059,0.1063,0.1058,0.1061,672370.82
2026-01-26 12:00:00+00:00,0.1061,0.1065,0.1059,0.1062,713275.19
2026-01-26 13:00:00+00:00,0.1062,0.1069,0.1062,0.1064,1083083.95
2026-01-26 14:00:00+00:00,0.1064,0.1074,0.1057,0.107,2835446.0
2026-01-26 15:00:00+00:00,0.107,0.108,0.1061,0.1066,2873694.51
2026-01-26 16:00:00+00:00,0.1066,0.1074,0.1064,0.107,1882134.91
2026-01-26 17:00:00+00:00,0.107,0.1074,0.106,0.1067,1445112.23
2026-01-26 18:00:00+00:00,0.1067,0.1074,0.1064,0.107,1303068.24
2026-01-26 19:00:00+00:00,0.107,0.1073,0.1063,0.1065,1557130.19
2026-01-26 20:00:00+00:00,0.1065,0.1067,0.106,0.1061,900300.16
2026-01-26 21:00:00+00:00,0.1061,0.1073,0.1059,0.107,1409123.54
2026-01-26 22:00:00+00:00,0.107,0.1071,0.1065,0.1066,1278522.78
2026-01-26 23:00:00+00:00,0.1066,0.1072,0.1063,0.1066,631551.43
2026-01-27 00:00:00+00:00,0.1066,0.1068,0.1063,0.1067,475695.34
2026-01-27 01:00:00+00:00,0.1067,0.1075,0.1063,0.1072,798477.57
2026-01-27 02:00:00+00:00,0.1072,0.1076,0.107,0.1073,866950.3
2026-01-27 03:00:00+00:00,0.1073,0.1074,0.107,0.1071,452530.75
2026-01-27 04:00:00+00:00,0.1071,0.1076,0.1067,0.107,613512.97
2026-01-27 05:00:00+00:00,0.107,0.107,0.1064,0.1068,476631.91
2026-01-27 06:00:00+00:00,0.1068,0.1068,0.1062,0.1063,461962.38
2026-01-27 07:00:00+00:00,0.1063,0.1067,0.1062,0.1064,503098.99
2026-01-27 08:00:00+00:00,0.1064,0.1066,0.106,0.1063,435702.67
2026-01-27 09:00:00+00:00,0.1063,0.1063,0.1058,0.1058,610341.75
2026-01-27 10:00:00+00:00,0.1058,0.1061,0.1058,0.1059,384114.59
2026-01-27 11:00:00+00:00,0.1059,0.1061,0.1058,0.1059,349903.76
2026-01-27 12:00:00+00:00,0.1059,0.106,0.1056,0.1057,347531.54
2026-01-27 13:00:00+00:00,0.1057,0.1058,0.1052,0.1053,601649.09
2026-01-27 14:00:00+00:00,0.1053,0.1064,0.1053,0.1055,1828038.16
2026-01-27 15:00:00+00:00,0.1055,0.1066,0.1052,0.1066,1514733.17
2026-01-27 16:00:00+00:00,0.1066,0.1078,0.1065,0.107,2854788.45
2026-01-27 17:00:00+00:00,0.107,0.1071,0.1047,0.1049,1858115.69
2026-01-27 18:00:00+00:00,0.1049,0.1065,0.1046,0.106,1669026.24
2026-01-27 19:00:00+00:00,0.106,0.1066,0.1055,0.1063,1010246.88
2026-01-27 20:00:00+00:00,0.1063,0.1086,0.1062,0.1085,2892351.95
2026-01-27 21:00:00+00:00,0.1085,0.1087,0.107,0.1072,1795790.4
2026-01-27 22:00:00+00:00,0.1072,0.108,0.1072,0.1079,931593.48
2026-01-27 23:00:00+00:00,0.1079,0.1085,0.1079,0.1082,1067546.44
2026-01-28 00:00:00+00:00,0.1082,0.1083,0.1076,0.1082,756949.97
2026-01-28 01:00:00+00:00,0.1082,0.1084,0.1075,0.1078,857979.1
2026-01-28 02:00:00+00:00,0.1078,0.1079,0.1074,0.1077,619993.86
2026-01-28 03:00:00+00:00,0.1077,0.1077,0.1073,0.1073,611503.24
2026-01-28 04:00:00+00:00,0.1073,0.1074,0.1067,0.1069,748100.95
2026-01-28 05:00:00+00:00,0.1069,0.1074,0.1067,0.1073,635269.24
2026-01-28 06:00:00+00:00,0.1073,0.1081,0.1073,0.108,816756.08
2026-01-28 07:00:00+00:00,0.108,0.1082,0.1074,0.1075,937650.14
2026-01-28 08:00:00+00:00,0.1075,0.1078,0.1071,0.1072,623234.91
2026-01-28 09:00:00+00:00,0.1072,0.1085,0.1071,0.1084,1112192.51
2026-01-28 10:00:00+00:00,0.1084,0.1087,0.108,0.1081,1221051.34
2026-01-28 11:00:00+00:00,0.1081,0.1091,0.1079,0.109,1333667.39
2026-01-28 12:00:00+00:00,0.109,0.1091,0.108,0.1084,1770203.66
2026-01-28 13:00:00+00:00,0.1084,0.1088,0.1082,0.1083,1184543.92
2026-01-28 14:00:00+00:00,0.1083,0.1084,0.1076,0.1078,1297624.0
2026-01-28 15:00:00+00:00,0.1078,0.1082,0.1067,0.1068,2073114.82
2026-01-28 16:00:00+00:00,0.1068,0.1072,0.1063,0.1068,1605042.52
2026-01-28 17:00:00+00:00,0.1068,0.1079,0.1062,0.1076,2151582.36
2026-01-28 18:00:00+00:00,0.1076,0.1077,0.1068,0.1071,1771813.46
2026-01-28 19:00:00+00:00,0.1071,0.1075,0.1066,0.1072,3207439.28
2026-01-28 20:00:00+00:00,0.1072,0.1081,0.1066,0.1068,2429273.39
2026-01-28 21:00:00+00:00,0.1068,0.1074,0.1062,0.1072,1872199.99
2026-01-28 22:00:00+00:00,0.1072,0.1077,0.1066,0.1077,837259.1
2026-01-28 23:00:00+00:00,0.1077,0.1081,0.1069,0.1071,1535968.7
2026-01-29 00:00:00+00:00,0.1071,0.1074,0.1057,0.1061,1429407.56
2026-01-29 01:00:00+00:00,0.1061,0.1062,0.1054,0.1055,1677988.77
2026-01-29 02:00:00+00:00,0.1055,0.1059,0.1044,0.1046,2004791.74
2026-01-29 03:00:00+00:00,0.1046,0.1052,0.1043,0.1045,1284207.23
2026-01-29 04:00:00+00:00,0.1045,0.1047,0.1041,0.1045,932552.92
2026-01-29 05:00:00+00:00,0.1045,0.1046,0.1042,0.1043,630391.72
2026-01-29 06:00:00+00:00,0.1043,0.1046,0.1042,0.1045,510737.43
2026-01-29 07:00:00+00:00,0.1045,0.1047,0.1044,0.1046,683049.48
2026-01-29 08:00:00+00:00,0.1046,0.1049,0.1042,0.1043,1008249.23
2026-01-29 09:00:00+00:00,0.1043,0.1044,0.1041,0.1042,582998.34
2026-01-29 10:00:00+00:00,0.1042,0.1043,0.1041,0.1042,531227.36
2026-01-29 11:00:00+00:00,0.1042,0.1042,0.1034,0.1035,1224129.86
2026-01-29 12:00:00+00:00,0.1035,0.1038,0.1032,0.1035,701682.52
2026-01-29 13:00:00+00:00,0.1035,0.1042,0.1035,0.1042,682912.94
2026-01-29 14:00:00+00:00,0.1042,0.1043,0.1017,0.1018,2495322.08
2026-01-29 15:00:00+00:00,0.1018,0.1018,0.09887,0.1006,9195296.06
2026-01-29 16:00:00+00:00,0.1006,0.1014,0.09977,0.1013,3958069.32
2026-01-29 17:00:00+00:00,0.1013,0.1029,0.1004,0.1004,3828249.29
2026-01-29 18:00:00+00:00,0.1004,0.1007,0.09881,0.09882,4174237.97
2026-01-29 19:00:00+00:00,0.09882,0.1006,0.09869,0.09993,2775315.8
2026-01-29 20:00:00+00:00,0.09993,0.1011,0.09978,0.1009,1548197.09
2026-01-29 21:00:00+00:00,0.1009,0.1013,0.1006,0.1011,1195896.8
2026-01-29 22:00:00+00:00,0.1011,0.1015,0.101,0.1012,790375.22
2026-01-29 23:00:00+00:00,0.1012,0.1012,0.1008,0.1011,885660.42
2026-01-30 00:00:00+00:00,0.1011,0.1016,0.1009,0.1011,1038969.79
2026-01-30 01:00:00+00:00,0.1011,0.1015,0.09822,0.09959,6114835.13
2026-01-30 02:00:00+00:00,0.09959,0.09963,0.09761,0.09885,3044710.51
2026-01-30 03:00:00+00:00,0.09885,0.09959,0.09872,0.0992,1590298.61
2026-01-30 04:00:00+00:00,0.0992,0.1006,0.09918,0.09978,1598938.98
2026-01-30 05:00:00+00:00,0.09978,0.1,0.09947,0.09973,1031464.3
2026-01-30 06:00:00+00:00,0.09973,0.09975,0.09718,0.0979,4320615.35
2026-01-30 07:00:00+00:00,0.0979,0.09948,0.0979,0.09894,1769023.41
2026-01-30 08:00:00+00:00,0.09894,0.09922,0.09818,0.09864,1166693.6
2026-01-30 09:00:00+00:00,0.09864,0.09892,0.09793,0.0984,1466696.67
2026-01-30 10:00:00+00:00,0.0984,0.09905,0.09814,0.09905,965266.37
2026-01-30 11:00:00+00:00,0.09905,0.1001,0.09876,0.09982,1169935.9
2026-01-30 12:00:00+00:00,0.09982,0.09992,0.09902,0.09932,763678.05
2026-01-30 13:00:00+00:00,0.09932,0.09968,0.09868,0.09888,1726288.63
2026-01-30 14:00:00+00:00,0.09888,0.1005,0.09888,0.09962,2545069.82
2026-01-30 15:00:00+00:00,0.09962,0.1008,0.09837,0.1008,3802246.63
2026-01-30 16:00:00+00:00,0.1008,0.1008,0.09899,0.09907,2854527.04
2026-01-30 17:00:00+00:00,0.09907,0.1,0.09828,0.09941,3019245.47
2026-01-30 18:00:00+00:00,0.09941,0.1008,0.09672,0.1003,4787048.51
2026-01-30 19:00:00+00:00,0.1003,0.1008,0.09987,0.09998,3262074.74
2026-01-30 20:00:00+00:00,0.09998,0.09999,0.09844,0.0988,3240180.69
2026-01-30 21:00:00+00:00,0.0988,0.09968,0.09842,0.09899,2007770.54
2026-01-30 22:00:00+00:00,0.09899,0.09927,0.09817,0.09838,1254400.65
2026-01-30 23:00:00+00:00,0.09838,0.09876,0.09801,0.09876,1158518.13
2026-01-31 00:00:00+00:00,0.09876,0.09878,0.09819,0.09833,755120.06
2026-01-31 01:00:00+00:00,0.09833,0.09872,0.09807,0.09846,601007.01
2026-01-31 02:00:00+00:00,0.09846,0.09874,0.09782,0.09857,695750.8
2026-01-31 03:00:00+00:00,0.09857,0.09875,0.0983,0.09845,518196.49
2026-01-31 04:00:00+00:00,0.09845,0.09871,0.09808,0.09823,455897.7
2026-01-31 05:00:00+00:00,0.09823,0.09841,0.09797,0.09816,476675.33
2026-01-31 06:00:00+00:00,0.09816,0.09832,0.09702,0.09742,1260594.93
2026-01-31 07:00:00+00:00,0.09742,0.09755,0.09638,0.09704,1278181.13
2026-01-31 08:00:00+00:00,0.09704,0.09729,0.09493,0.09581,4011167.2
2026-01-31 09:00:00+00:00,0.09581,0.09607,0.09521,0.09547,1118370.91
2026-01-31 10:00:00+00:00,0.09547,0.09602,0.09515,0.0956,695345.33
2026-01-31 11:00:00+00:00,0.0956,0.0956,0.09479,0.09496,963188.12
2026-01-31 12:00:00+00:00,0.09496,0.09518,0.09451,0.09464,1509455.94
2026-01-31 13:00:00+00:00,0.09464,0.09481,0.09368,0.09376,2283013.13
2026-01-31 14:00:00+00:00,0.09376,0.09391,0.08911,0.09091,9076541.41
2026-01-31 15:00:00+00:00,0.09091,0.09238,0.09066,0.09117,3602376.74
2026-01-31 16:00:00+00:00,0.09117,0.09306,0.09002,0.09028,4498221.33
2026-01-31 17:00:00+00:00,0.09028,0.09048,0.08642,0.08768,9320223.24
2026-01-31 18:00:00+00:00,0.08768,0.0887,0.08462,0.08824,8531807.86
2026-01-31 19:00:00+00:00,0.08824,0.08995,0.08824,0.08929,4337651.32
2026-01-31 20:00:00+00:00,0.08929,0.09065,0.08881,0.09028,2913276.35
2026-01-31 21:00:00+00:00,0.09028,0.09193,0.08993,0.09156,2882187.26
2026-01-31 22:00:00+00:00,0.09156,0.09185,0.09075,0.09165,1462422.81
2026-01-31 23:00:00+00:00,0.09165,0.09407,0.09154,0.09295,2562201.39
2026-02-01 00:00:00+00:00,0.09295,0.09351,0.09252,0.09302,2020576.85
2026-02-01 01:00:00+00:00,0.09302,0.09305,0.09183,0.09254,1361881.17
2026-02-01 02:00:00+00:00,0.09254,0.09309,0.09212,0.09283,1016866.3
2026-02-01 03:00:00+00:00,0.09283,0.09291,0.09243,0.09276,763691.0
2026-02-01 04:00:00+00:00,0.09276,0.09331,0.09276,0.09304,862908.24
2026-02-01 05:00:00+00:00,0.09304,0.09325,0.09199,0.09233,1642931.39
2026-02-01 06:00:00+00:00,0.09233,0.09294,0.09189,0.09221,879163.83
2026-02-01 07:00:00+00:00,0.09221,0.09246,0.09135,0.09197,1580796.65
2026-02-01 08:00:00+00:00,0.09197,0.09252,0.09155,0.09195,1049402.42
2026-02-01 09:00:00+00:00,0.09195,0.09258,0.09147,0.09243,764828.95
2026-02-01 10:00:00+00:00,0.09243,0.09251,0.09052,0.09064,1632539.74
2026-02-01 11:00:00+00:00,0.09064,0.09175,0.09063,0.09133,1030034.09
2026-02-01 12:00:00+00:00,0.09133,0.09137,0.0905,0.0906,1060210.02
2026-02-01 13:00:00+00:00,0.0906,0.09157,0.09043,0.09059,1067420.36
2026-02-01 14:00:00+00:00,0.09059,0.09099,0.089,0.09024,2968842.71
2026-02-01 15:00:00+00:00,0.09024,0.09025,0.08817,0.0892,3189554.8
2026-02-01 16:00:00+00:00,0.0892,0.08967,0.08823,0.08862,2848004.05
2026-02-01 17:00:00+00:00,0.08862,0.08897,0.08813,0.08873,1741720.82
2026-02-01 18:00:00+00:00,0.08873,0.0905,0.08873,0.09,2467351.75
2026-02-01 19:00:00+00:00,0.09,0.09022,0.08868,0.08916,1420087.2
2026-02-01 20:00:00+00:00,0.08916,0.09018,0.08838,0.08932,1834815.86
2026-02-01 21:00:00+00:00,0.08932,0.0894,0.08838,0.08873,1947156.11
2026-02-01 22:00:00+00:00,0.08873,0.09032,0.08861,0.0895,2335052.64
2026-02-01 23:00:00+00:00,0.0895,0.09011,0.08697,0.08854,5087324.19
2026-02-02 00:00:00+00:00,0.08854,0.09042,0.0881,0.08965,3639048.2
2026-02-02 01:00:00+00:00,0.08965,0.09065,0.08826,0.08978,2824184.37
2026-02-02 02:00:00+00:00,0.08978,0.09019,0.08889,0.08915,2006537.82
2026-02-02 03:00:00+00:00,0.08915,0.08924,0.08613,0.08897,6676954.11
2026-02-02 04:00:00+00:00,0.08897,0.09006,0.08756,0.08875,2443674.33
2026-02-02 05:00:00+00:00,0.08875,0.08886,0.08695,0.08784,2812228.1
2026-02-02 06:00:00+00:00,0.08784,0.09008,0.08695,0.08896,5016529.87
2026-02-02 07:00:00+00:00,0.08896,0.08982,0.08877,0.08912,2066081.22
2026-02-02 08:00:00+00:00,0.08912,0.0903,0.08912,0.09004,1517871.59
2026-02-02 09:00:00+00:00,0.09004,0.09132,0.08957,0.09106,2705186.09
2026-02-02 10:00:00+00:00,0.09106,0.09151,0.0906,0.09098,1845699.09
2026-02-02 11:00:00+00:00,0.09098,0.09181,0.09094,0.09111,1630658.26
2026-02-02 12:00:00+00:00,0.09111,0.09319,0.09111,0.09224,1922588.68
2026-02-02 13:00:00+00:00,0.09224,0.09398,0.09183,0.09382,2002910.68
2026-02-02 14:00:00+00:00,0.09382,0.09449,0.09253,0.09369,4668677.48
2026-02-02 15:00:00+00:00,0.09369,0.09588,0.09349,0.09552,4542006.52
2026-02-02 16:00:00+00:00,0.09552,0.09559,0.09354,0.09371,2724227.28
2026-02-02 17:00:00+00:00,0.09371,0.09429,0.09286,0.09329,1882940.14
2026-02-02 18:00:00+00:00,0.09329,0.09406,0.09286,0.09385,1308915.85
2026-02-02 19:00:00+00:00,0.09385,0.09399,0.09337,0.09344,852817.85
2026-02-02 20:00:00+00:00,0.09344,0.0937,0.09298,0.09328,1291198.93
2026-02-02 21:00:00+00:00,0.09328,0.09408,0.09327,0.09354,905035.96
2026-02-02 22:00:00+00:00,0.09354,0.09388,0.09338,0.09356,578959.33
2026-02-02 23:00:00+00:00,0.09356,0.0936,0.09311,0.09324,680011.19
2026-02-03 00:00:00+00:00,0.09324,0.09339,0.09277,0.09328,1071147.91
2026-02-03 01:00:00+00:00,0.09328,0.09328,0.0925,0.09278,800906.07
2026-02-03 02:00:00+00:00,0.09278,0.0928,0.09122,0.09127,1208392.85
2026-02-03 03:00:00+00:00,0.09127,0.09263,0.0911,0.09251,1420369.16
2026-02-03 04:00:00+00:00,0.09251,0.09286,0.09197,0.09252,926811.96
2026-02-03 05:00:00+00:00,0.09252,0.09254,0.09153,0.09157,679583.7
2026-02-03 06:00:00+00:00,0.09157,0.0921,0.09124,0.09183,855199.69
2026-02-03 07:00:00+00:00,0.09183,0.09232,0.0916,0.09178,983728.69
2026-02-03 08:00:00+00:00,0.09178,0.09214,0.09138,0.09144,904690.54
2026-02-03 09:00:00+00:00,0.09144,0.0917,0.09032,0.09093,1877981.52
2026-02-03 10:00:00+00:00,0.09093,0.09121,0.09046,0.09064,761771.97
2026-02-03 11:00:00+00:00,0.09064,0.09114,0.09045,0.09099,923121.92
2026-02-03 12:00:00+00:00,0.09099,0.09158,0.0908,0.09137,1125433.89
2026-02-03 13:00:00+00:00,0.09137,0.09183,0.09126,0.0917,895275.4
2026-02-03 14:00:00+00:00,0.0917,0.09189,0.09011,0.09012,1507949.97
2026-02-03 15:00:00+00:00,0.09012,0.09212,0.09001,0.09188,2703955.59
2026-02-03 16:00:00+00:00,0.09188,0.0919,0.08977,0.09002,2411393.05
2026-02-03 17:00:00+00:00,0.09002,0.09022,0.08849,0.08855,2086657.14
2026-02-03 18:00:00+00:00,0.08855,0.08899,0.08743,0.08786,5051009.11
2026-02-03 19:00:00+00:00,0.08786,0.0917,0.08767,0.09151,4416005.6
2026-02-03 20:00:00+00:00,0.09151,0.09417,0.09055,0.09329,5128256.04
2026-02-03 21:00:00+00:00,0.09329,0.09414,0.09178,0.09189,3010446.32
2026-02-03 22:00:00+00:00,0.09189,0.09195,0.09073,0.09096,1529924.03
2026-02-03 23:00:00+00:00,0.09096,0.09106,0.09016,0.09071,1370939.12
2026-02-04 00:00:00+00:00,0.09071,0.0911,0.09021,0.09058,980891.14
2026-02-04 01:00:00+00:00,0.09058,0.09193,0.09058,0.09118,1584047.74
2026-02-04 02:00:00+00:00,0.09118,0.0913,0.09051,0.09085,887842.33
2026-02-04 03:00:00+00:00,0.09085,0.0918,0.09078,0.09139,1334831.74
2026-02-04 04:00:00+00:00,0.09139,0.09166,0.09121,0.09132,744809.61
2026-02-04 05:00:00+00:00,0.09132,0.09145,0.09082,0.09109,475819.17
2026-02-04 06:00:00+00:00,0.09109,0.09204,0.09102,0.09174,861435.69
2026-02-04 07:00:00+00:00,0.09174,0.09203,0.09145,0.09179,824277.69
2026-02-04 08:00:00+00:00,0.09179,0.09298,0.09159,0.0929,1465231.42
2026-02-04 09:00:00+00:00,0.0929,0.09314,0.09271,0.09292,1851278.06
2026-02-04 10:00:00+00:00,0.09292,0.09362,0.09289,0.09333,875493.87
2026-02-04 11:00:00+00:00,0.09333,0.09338,0.09207,0.09281,2120098.62
2026-02-04 12:00:00+00:00,0.09281,0.09287,0.09234,0.09281,713711.95
2026-02-04 13:00:00+00:00,0.09281,0.09314,0.09132,0.09144,3249855.34
2026-02-04 14:00:00+00:00,0.09144,0.0925,0.09025,0.09032,3612979.47
2026-02-04 15:00:00+00:00,0.09032,0.09179,0.08918,0.08986,4775068.82
2026-02-04 16:00:00+00:00,0.08986,0.09067,0.0888,0.08991,3933665.67
2026-02-04 17:00:00+00:00,0.08991,0.09044,0.08868,0.0895,3143952.47
2026-02-04 18:00:00+00:00,0.0895,0.09153,0.08832,0.09056,3465461.26
2026-02-04 19:00:00+00:00,0.09056,0.0923,0.09042,0.09214,2089137.36
2026-02-04 20:00:00+00:00,0.09214,0.0924,0.09096,0.09098,1831482.84
2026-02-04 21:00:00+00:00,0.09098,0.09129,0.08927,0.08996,2314250.28
2026-02-04 22:00:00+00:00,0.08996,0.09134,0.08867,0.08896,3339251.41
2026-02-04 23:00:00+00:00,0.08896,0.09012,0.08879,0.08944,1760911.41
2026-02-05 00:00:00+00:00,0.08944,0.0902,0.08924,0.0894,1495316.43
2026-02-05 01:00:00+00:00,0.0894,0.09012,0.08816,0.08879,2811704.82
2026-02-05 02:00:00+00:00,0.08879,0.08953,0.08765,0.08772,2329978.75
2026-02-05 03:00:00+00:00,0.08772,0.08849,0.0875,0.08781,1639252.18
2026-02-05 04:00:00+00:00,0.08781,0.08833,0.08717,0.08775,2448532.11
2026-02-05 05:00:00+00:00,0.08775,0.08914,0.08698,0.08817,2823316.03
2026-02-05 06:00:00+00:00,0.08817,0.08824,0.08663,0.08682,2262168.35
2026-02-05 07:00:00+00:00,0.08682,0.08821,0.08681,0.08754,2266840.67
2026-02-05 08:00:00+00:00,0.08754,0.08899,0.08753,0.08825,1548342.35
2026-02-05 09:00:00+00:00,0.08825,0.08922,0.08765,0.08797,1578199.52
2026-02-05 10:00:00+00:00,0.08797,0.08822,0.08593,0.08627,1684804.2
2026-02-05 11:00:00+00:00,0.08627,0.08661,0.08472,0.08558,3171505.55
2026-02-05 12:00:00+00:00,0.08558,0.08593,0.08447,0.0853,2878859.85
2026-02-05 13:00:00+00:00,0.0853,0.08585,0.08399,0.08418,2450488.12
2026-02-05 14:00:00+00:00,0.08418,0.08611,0.08412,0.08434,4062874.25
2026-02-05 15:00:00+00:00,0.08434,0.0846,0.08027,0.08267,10717128.04
2026-02-05 16:00:00+00:00,0.08267,0.08328,0.0813,0.08236,5684208.69
2026-02-05 17:00:00+00:00,0.08236,0.0827,0.07992,0.0806,4836646.12
2026-02-05 18:00:00+00:00,0.0806,0.08139,0.07952,0.08121,4045319.37
2026-02-05 19:00:00+00:00,0.08121,0.08135,0.07931,0.07943,2261493.59
2026-02-05 20:00:00+00:00,0.07943,0.08006,0.07604,0.07713,9133411.2
2026-02-05 21:00:00+00:00,0.07713,0.07895,0.07637,0.07734,5904890.1
2026-02-05 22:00:00+00:00,0.07734,0.07905,0.07641,0.07829,3982730.01
2026-02-05 23:00:00+00:00,0.07829,0.08064,0.07797,0.07813,4371778.7
2026-02-06 00:00:00+00:00,0.07813,0.07923,0.07309,0.07857,15005607.24
2026-02-06 01:00:00+00:00,0.07857,0.08207,0.07836,0.08199,3764600.01
2026-02-06 02:00:00+00:00,0.08199,0.0826,0.0793,0.07974,2913119.42
2026-02-06 03:00:00+00:00,0.07974,0.0806,0.07938,0.08021,2731939.88
2026-02-06 04:00:00+00:00,0.08021,0.08105,0.07962,0.08061,2522837.62
2026-02-06 05:00:00+00:00,0.08061,0.08362,0.08047,0.08349,4386540.01
2026-02-06 06:00:00+00:00,0.08349,0.08357,0.0816,0.08187,5259928.68
2026-02-06 07:00:00+00:00,0.08187,0.08292,0.08118,0.08238,2680062.56
2026-02-06 08:00:00+00:00,0.08238,0.08304,0.08159,0.08295,3236247.4
2026-02-06 09:00:00+00:00,0.08295,0.08505,0.08258,0.0836,2959564.21
2026-02-06 10:00:00+00:00,0.0836,0.0852,0.08312,0.08488,2856796.95
2026-02-06 11:00:00+00:00,0.08488,0.08636,0.08405,0.08553,7527730.46
2026-02-06 12:00:00+00:00,0.08553,0.08553,0.08432,0.08483,2768338.94
2026-02-06 13:00:00+00:00,0.08483,0.08886,0.08482,0.08751,4983075.17
2026-02-06 14:00:00+00:00,0.08751,0.08989,0.08639,0.08935,4538867.27
2026-02-06 15:00:00+00:00,0.08935,0.09175,0.08907,0.09057,7002212.95
2026-02-06 16:00:00+00:00,0.09057,0.0952,0.09043,0.09396,7492810.91
2026-02-06 17:00:00+00:00,0.09396,0.09823,0.09369,0.09432,8598864.14
2026-02-06 18:00:00+00:00,0.09432,0.09474,0.09257,0.09399,5345509.28
2026-02-06 19:00:00+00:00,0.09399,0.09433,0.09246,0.09277,3043964.92
2026-02-06 20:00:00+00:00,0.09277,0.09284,0.09043,0.09093,4282758.77
2026-02-06 21:00:00+00:00,0.09093,0.09122,0.09012,0.09084,1553579.21
2026-02-06 22:00:00+00:00,0.09084,0.09233,0.09082,0.09159,2141985.68
2026-02-06 23:00:00+00:00,0.09159,0.09227,0.09032,0.0913,1969461.93
2026-02-07 00:00:00+00:00,0.0913,0.09131,0.08949,0.09024,2591435.04
2026-02-07 01:00:00+00:00,0.09024,0.09079,0.0893,0.09046,1471747.83
2026-02-07 02:00:00+00:00,0.09046,0.09076,0.08997,0.09055,898546.21
2026-02-07 03:00:00+00:00,0.09055,0.09124,0.0903,0.09092,1536659.03
2026-02-07 04:00:00+00:00,0.09092,0.09128,0.09005,0.0902,1342613.18
2026-02-07 05:00:00+00:00,0.0902,0.09085,0.09015,0.09044,987741.74
2026-02-07 06:00:00+00:00,0.09044,0.09172,0.08944,0.08944,3440292.94
2026-02-07 07:00:00+00:00,0.08944,0.08996,0.08858,0.0887,3446354.56
2026-02-07 08:00:00+00:00,0.0887,0.08918,0.08843,0.0888,1820532.02
2026-02-07 09:00:00+00:00,0.0888,0.08895,0.08728,0.08756,975490.52
2026-02-07 10:00:00+00:00,0.08756,0.08786,0.08698,0.08727,691963.0
2026-02-07 11:00:00+00:00,0.08727,0.08747,0.08678,0.08701,1069405.98
2026-02-07 12:00:00+00:00,0.08701,0.08942,0.08688,0.08841,2717823.33
2026-02-07 13:00:00+00:00,0.08841,0.08868,0.08749,0.08785,1442006.07
2026-02-07 14:00:00+00:00,0.08785,0.08811,0.0872,0.08741,1084626.4
2026-02-07 15:00:00+00:00,0.08741,0.08936,0.08733,0.08911,1384376.91
2026-02-07 16:00:00+00:00,0.08911,0.09029,0.08845,0.08873,10195620.04
2026-02-07 17:00:00+00:00,0.08873,0.08928,0.08834,0.08899,1083400.12
2026-02-07 18:00:00+00:00,0.08899,0.0905,0.08896,0.09011,1271940.4
2026-02-07 19:00:00+00:00,0.09011,0.09012,0.0894,0.08953,739282.08
2026-02-07 20:00:00+00:00,0.08953,0.09093,0.08951,0.0907,1687069.7
2026-02-07 21:00:00+00:00,0.0907,0.0908,0.09007,0.09015,688212.88
2026-02-07 22:00:00+00:00,0.09015,0.09041,0.0898,0.08993,579189.38
2026-02-07 23:00:00+00:00,0.08993,0.09017,0.08931,0.09001,726406.36
2026-02-08 00:00:00+00:00,0.09001,0.0902,0.08953,0.08979,585923.82
2026-02-08 01:00:00+00:00,0.08979,0.09035,0.08976,0.0899,425273.34
2026-02-08 02:00:00+00:00,0.0899,0.0904,0.08966,0.08999,519846.12
2026-02-08 03:00:00+00:00,0.08999,0.09028,0.08925,0.0893,713974.21
2026-02-08 04:00:00+00:00,0.0893,0.08952,0.08885,0.08951,390031.71
2026-02-08 05:00:00+00:00,0.08951,0.08976,0.08915,0.08926,441382.27
2026-02-08 06:00:00+00:00,0.08926,0.08952,0.08913,0.08928,425263.23
2026-02-08 07:00:00+00:00,0.08928,0.08981,0.08928,0.08969,504618.35
2026-02-08 08:00:00+00:00,0.08969,0.09225,0.0896,0.0921,2001796.18
2026-02-08 09:00:00+00:00,0.0921,0.09248,0.09082,0.09121,1775480.66
2026-02-08 10:00:00+00:00,0.09121,0.09153,0.09028,0.09069,933394.51
2026-02-08 11:00:00+00:00,0.09069,0.0946,0.09067,0.09454,3443837.14
2026-02-08 12:00:00+00:00,0.09454,0.09484,0.09304,0.09386,2981890.54
2026-02-08 13:00:00+00:00,0.09386,0.09432,0.09301,0.09432,1914642.31
2026-02-08 14:00:00+00:00,0.09432,0.09524,0.09393,0.09523,2324519.68
2026-02-08 15:00:00+00:00,0.09523,0.09607,0.09251,0.09272,4395218.21
2026-02-08 16:00:00+00:00,0.09272,0.09311,0.09066,0.09087,3008402.08
2026-02-08 17:00:00+00:00,0.09087,0.09167,0.09084,0.09145,1415998.48
2026-02-08 18:00:00+00:00,0.09145,0.09311,0.09128,0.09291,1758252.01
2026-02-08 19:00:00+00:00,0.09291,0.09293,0.09195,0.09254,1190789.5
2026-02-08 20:00:00+00:00,0.09254,0.09256,0.0914,0.09153,1153575.77
2026-02-08 21:00:00+00:00,0.09153,0.09171,0.09065,0.09125,838009.33
2026-02-08 22:00:00+00:00,0.09125,0.09176,0.09088,0.0917,942839.73
2026-02-08 23:00:00+00:00,0.0917,0.09384,0.09063,0.09125,2966716.61
2026-02-09 00:00:00+00:00,0.09125,0.09192,0.09091,0.09132,999818.16
2026-02-09 01:00:00+00:00,0.09132,0.09174,0.09036,0.09072,1286101.3
2026-02-09 02:00:00+00:00,0.09072,0.0917,0.09062,0.09132,1154408.85
2026-02-09 03:00:00+00:00,0.09132,0.09261,0.09131,0.09249,1095863.91
2026-02-09 04:00:00+00:00,0.09249,0.09258,0.09196,0.09213,1048047.02
2026-02-09 05:00:00+00:00,0.09213,0.09232,0.09181,0.09217,638010.96
2026-02-09 06:00:00+00:00,0.09217,0.09217,0.0911,0.09181,805419.0
2026-02-09 07:00:00+00:00,0.09181,0.09214,0.0911,0.09118,908515.8
2026-02-09 08:00:00+00:00,0.09118,0.09197,0.09012,0.09069,1396166.78
2026-02-09 09:00:00+00:00,0.09069,0.09087,0.08978,0.08988,1205471.07
2026-02-09 10:00:00+00:00,0.08988,0.09,0.08783,0.08823,2485862.42
2026-02-09 11:00:00+00:00,0.08823,0.08951,0.08823,0.08886,1986341.79
2026-02-09 12:00:00+00:00,0.08886,0.08983,0.08879,0.08948,956937.06
2026-02-09 13:00:00+00:00,0.08948,0.08991,0.08883,0.08884,780952.8
2026-02-09 14:00:00+00:00,0.08884,0.0913,0.08883,0.09043,2689509.51
2026-02-09 15:00:00+00:00,0.09043,0.09182,0.09042,0.09172,2218033.88
2026-02-09 16:00:00+00:00,0.09172,0.09278,0.09102,0.09257,2219322.46
2026-02-09 17:00:00+00:00,0.09257,0.09277,0.09142,0.09256,2082232.27
2026-02-09 18:00:00+00:00,0.09256,0.09312,0.09182,0.09242,1847802.89
2026-02-09 19:00:00+00:00,0.09242,0.09292,0.09234,0.0928,775100.13
2026-02-09 20:00:00+00:00,0.0928,0.09391,0.09234,0.09373,1328436.71
2026-02-09 21:00:00+00:00,0.09373,0.09384,0.09195,0.09284,1827072.66
2026-02-09 22:00:00+00:00,0.09284,0.09312,0.09257,0.09275,646145.31
2026-02-09 23:00:00+00:00,0.09275,0.09294,0.092,0.09211,483052.09
2026-02-10 00:00:00+00:00,0.09211,0.09239,0.09188,0.09197,754424.78
2026-02-10 01:00:00+00:00,0.09197,0.0931,0.09192,0.09286,790133.91
2026-02-10 02:00:00+00:00,0.09286,0.09307,0.09266,0.09296,530924.79
2026-02-10 03:00:00+00:00,0.09296,0.09313,0.09184,0.092,1293146.62
2026-02-10 04:00:00+00:00,0.092,0.0933,0.09188,0.09292,767470.43
2026-02-10 05:00:00+00:00,0.09292,0.09298,0.0913,0.09161,1038873.89
2026-02-10 06:00:00+00:00,0.09161,0.09208,0.09023,0.09048,1866232.42
2026-02-10 07:00:00+00:00,0.09048,0.09157,0.09048,0.09139,856389.15
2026-02-10 08:00:00+00:00,0.09139,0.09148,0.09075,0.09097,809373.9
2026-02-10 09:00:00+00:00,0.09097,0.09141,0.0905,0.09084,1131974.2
2026-02-10 10:00:00+00:00,0.09084,0.09101,0.0902,0.09029,481292.84
2026-02-10 11:00:00+00:00,0.09029,0.09052,0.09011,0.09023,876361.05
2026-02-10 12:00:00+00:00,0.09023,0.09074,0.08985,0.08992,991878.45
2026-02-10 13:00:00+00:00,0.08992,0.0905,0.08978,0.09026,998723.8
2026-02-10 14:00:00+00:00,0.09026,0.09122,0.08967,0.0902,2595849.5
2026-02-10 15:00:00+00:00,0.0902,0.09174,0.08993,0.09143,1783165.63
2026-02-10 16:00:00+00:00,0.09143,0.09149,0.09056,0.0907,1049932.98
2026-02-10 17:00:00+00:00,0.0907,0.09172,0.09048,0.09111,1101562.82
2026-02-10 18:00:00+00:00,0.09111,0.09129,0.08943,0.08963,1332899.83
2026-02-10 19:00:00+00:00,0.08963,0.09065,0.08954,0.09021,935168.12
2026-02-10 20:00:00+00:00,0.09021,0.09053,0.08967,0.09041,1048914.98
2026-02-10 21:00:00+00:00,0.09041,0.09062,0.08979,0.09014,609694.88
2026-02-10 22:00:00+00:00,0.09014,0.09062,0.09003,0.09019,388911.2
2026-02-10 23:00:00+00:00,0.09019,0.0908,0.09006,0.09075,446851.21
2026-02-11 00:00:00+00:00,0.09075,0.09119,0.09066,0.09087,567153.88
2026-02-11 01:00:00+00:00,0.09087,0.09117,0.09065,0.09072,394878.34
2026-02-11 02:00:00+00:00,0.09072,0.09128,0.09064,0.09065,539250.47
2026-02-11 03:00:00+00:00,0.09065,0.09076,0.08974,0.09001,1002042.89
2026-02-11 04:00:00+00:00,0.09001,0.09008,0.08898,0.0892,1274004.47
2026-02-11 05:00:00+00:00,0.0892,0.08962,0.08908,0.08928,906570.35
2026-02-11 06:00:00+00:00,0.08928,0.08948,0.08825,0.08842,1599219.87
2026-02-11 07:00:00+00:00,0.08842,0.08876,0.08811,0.08843,1152253.96
2026-02-11 08:00:00+00:00,0.08843,0.08863,0.08819,0.0885,692458.01
2026-02-11 09:00:00+00:00,0.0885,0.08895,0.08839,0.08849,665316.96
2026-02-11 10:00:00+00:00,0.08849,0.08854,0.08784,0.08808,928734.51
2026-02-11 11:00:00+00:00,0.08808,0.0892,0.08806,0.08909,863684.09
2026-02-11 12:00:00+00:00,0.08909,0.08922,0.08849,0.08883,921311.24
2026-02-11 13:00:00+00:00,0.08883,0.08919,0.08801,0.08909,1464389.35
2026-02-11 14:00:00+00:00,0.08909,0.09102,0.08773,0.08786,4526988.09
2026-02-11 15:00:00+00:00,0.08786,0.08855,0.08718,0.0879,2365043.99
2026-02-11 16:00:00+00:00,0.0879,0.089,0.08717,0.08748,1754613.87
2026-02-11 17:00:00+00:00,0.08748,0.08958,0.08748,0.08892,1496044.04
2026-02-11 18:00:00+00:00,0.08892,0.08944,0.08842,0.0891,1186062.88
2026-02-11 19:00:00+00:00,0.0891,0.08946,0.08862,0.08908,1009807.95
2026-02-11 20:00:00+00:00,0.08908,0.08938,0.08849,0.08907,910387.05
2026-02-11 21:00:00+00:00,0.08907,0.09006,0.08897,0.08935,1289510.95
2026-02-11 22:00:00+00:00,0.08935,0.08958,0.08898,0.08928,475451.74
2026-02-11 23:00:00+00:00,0.08928,0.08928,0.08842,0.08909,1278614.53
2026-02-12 00:00:00+00:00,0.08909,0.09042,0.08909,0.09017,1063890.52
2026-02-12 01:00:00+00:00,0.09017,0.09081,0.09014,0.09036,741391.88
2026-02-12 02:00:00+00:00,0.09036,0.09071,0.09003,0.09033,571063.07
2026-02-12 03:00:00+00:00,0.09033,0.09078,0.09031,0.09064,326692.44
2026-02-12 04:00:00+00:00,0.09064,0.09076,0.0903,0.09036,409375.4
2026-02-12 05:00:00+00:00,0.09036,0.0908,0.0901,0.09073,465246.47
2026-02-12 06:00:00+00:00,0.09073,0.09304,0.09072,0.09267,2180547.71
2026-02-12 07:00:00+00:00,0.09267,0.09352,0.09235,0.09346,1376808.46
2026-02-12 08:00:00+00:00,0.09346,0.09364,0.0931,0.09356,1307658.48
2026-02-12 09:00:00+00:00,0.09356,0.0957,0.09355,0.09553,3204767.69
2026-02-12 10:00:00+00:00,0.09553,0.09668,0.09494,0.09655,2627805.67
2026-02-12 11:00:00+00:00,0.09655,0.09655,0.09512,0.09522,1846217.22
2026-02-12 12:00:00+00:00,0.09522,0.09538,0.09407,0.09463,1853731.91
2026-02-12 13:00:00+00:00,0.09463,0.09573,0.09427,0.09572,1501051.58
2026-02-12 14:00:00+00:00,0.09572,0.09601,0.09465,0.09542,1647529.47
2026-02-12 15:00:00+00:00,0.09542,0.0956,0.09267,0.09277,2840898.68
2026-02-12 16:00:00+00:00,0.09277,0.09313,0.09055,0.09088,3508813.03
2026-02-12 17:00:00+00:00,0.09088,0.09157,0.08998,0.09021,2265855.17
2026-02-12 18:00:00+00:00,0.09021,0.09101,0.09,0.09056,1435405.59
2026-02-12 19:00:00+00:00,0.09056,0.09175,0.09034,0.09079,1770798.25
2026-02-12 20:00:00+00:00,0.09079,0.09107,0.09012,0.09049,1071844.94
2026-02-12 21:00:00+00:00,0.09049,0.09119,0.09044,0.09086,811735.29
2026-02-12 22:00:00+00:00,0.09086,0.09285,0.09079,0.09281,1149027.21
2026-02-12 23:00:00+00:00,0.09281,0.09382,0.09251,0.09318,1662545.34
2026-02-13 00:00:00+00:00,0.09318,0.09377,0.09216,0.0926,1251402.87
2026-02-13 01:00:00+00:00,0.0926,0.0932,0.09239,0.09263,965173.4
2026-02-13 02:00:00+00:00,0.09263,0.09332,0.09241,0.09318,725763.24
2026-02-13 03:00:00+00:00,0.09318,0.09322,0.09231,0.09267,1127868.27
2026-02-13 04:00:00+00:00,0.09267,0.09278,0.09211,0.09213,528475.15
2026-02-13 05:00:00+00:00,0.09213,0.0925,0.09195,0.092,497239.14
2026-02-13 06:00:00+00:00,0.092,0.09236,0.09152,0.09231,881953.37
2026-02-13 07:00:00+00:00,0.09231,0.09266,0.09214,0.09256,835140.88
2026-02-13 08:00:00+00:00,0.09256,0.09382,0.09247,0.09349,1044682.89
2026-02-13 09:00:00+00:00,0.09349,0.09373,0.09312,0.09357,795827.2
2026-02-13 10:00:00+00:00,0.09357,0.09404,0.09341,0.09357,857519.06
2026-02-13 11:00:00+00:00,0.09357,0.09393,0.09313,0.09326,886142.41
2026-02-13 12:00:00+00:00,0.09326,0.09327,0.09277,0.09299,698978.42
2026-02-13 13:00:00+00:00,0.09299,0.09397,0.09281,0.09373,1563203.3
2026-02-13 14:00:00+00:00,0.09373,0.09494,0.0933,0.09405,2375915.18
2026-02-13 15:00:00+00:00,0.09405,0.09626,0.09377,0.09501,2688527.31
2026-02-13 16:00:00+00:00,0.09501,0.09631,0.09458,0.09588,1762445.87
2026-02-13 17:00:00+00:00,0.09588,0.09706,0.09542,0.0963,1821540.14
2026-02-13 18:00:00+00:00,0.0963,0.09654,0.09523,0.09598,1781217.2
2026-02-13 19:00:00+00:00,0.09598,0.0965,0.09564,0.09613,995767.06
2026-02-13 20:00:00+00:00,0.09613,0.09718,0.09595,0.09711,1249919.71
2026-02-13 21:00:00+00:00,0.09711,0.09795,0.09704,0.0974,1861241.08
2026-02-13 22:00:00+00:00,0.0974,0.09836,0.09734,0.09835,1295123.91
2026-02-13 23:00:00+00:00,0.09835,0.09898,0.0982,0.09887,1509917.64
2026-02-14 00:00:00+00:00,0.09887,0.104,0.09879,0.1037,5658765.09
2026-02-14 01:00:00+00:00,0.1037,0.1076,0.1026,0.103,10268652.08
2026-02-14 02:00:00+00:00,0.103,0.1047,0.1028,0.1032,3302115.36
2026-02-14 03:00:00+00:00,0.1032,0.1032,0.1016,0.1023,1699697.29
2026-02-14 04:00:00+00:00,0.1023,0.1025,0.1012,0.1013,1677858.45
2026-02-14 05:00:00+00:00,0.1013,0.1017,0.101,0.1011,799039.83
2026-02-14 06:00:00+00:00,0.1011,0.1012,0.1005,0.101,1126023.97
2026-02-14 07:00:00+00:00,0.101,0.1026,0.1009,0.1021,2766192.54
2026-02-14 08:00:00+00:00,0.1021,0.1042,0.1019,0.104,2964138.12
2026-02-14 09:00:00+00:00,0.104,0.1045,0.1025,0.1026,3043793.45
2026-02-14 10:00:00+00:00,0.1026,0.1027,0.1021,0.1027,1289491.9
2026-02-14 11:00:00+00:00,0.1027,0.1039,0.1024,0.1038,3213407.64
2026-02-14 12:00:00+00:00,0.1038,0.1045,0.1028,0.103,3186653.89
2026-02-14 13:00:00+00:00,0.103,0.1035,0.1016,0.1023,2882560.3
2026-02-14 14:00:00+00:00,0.1023,0.1037,0.1021,0.1034,1442950.23
2026-02-14 15:00:00+00:00,0.1034,0.1034,0.1025,0.1026,1437770.84
2026-02-14 16:00:00+00:00,0.1026,0.1033,0.1019,0.1032,2107283.04
2026-02-14 17:00:00+00:00,0.1032,0.1036,0.1025,0.1026,1467178.51
2026-02-14 18:00:00+00:00,0.1026,0.1043,0.1024,0.1042,1874771.5
2026-02-14 19:00:00+00:00,0.1042,0.1054,0.1037,0.1054,1812012.52
2026-02-14 20:00:00+00:00,0.1054,0.1057,0.1036,0.1038,2954853.87
2026-02-14 21:00:00+00:00,0.1038,0.1047,0.1032,0.1039,2119985.46
2026-02-14 22:00:00+00:00,0.1039,0.105,0.1038,0.1043,1598049.28
2026-02-14 23:00:00+00:00,0.1043,0.1046,0.1034,0.1039,1374864.58
2026-02-15 00:00:00+00:00,0.1039,0.1046,0.1036,0.1041,1796272.67
2026-02-15 01:00:00+00:00,0.1041,0.1051,0.103,0.1035,2125969.01
2026-02-15 02:00:00+00:00,0.1035,0.1036,0.1026,0.1033,1768319.04
2026-02-15 03:00:00+00:00,0.1033,0.104,0.1022,0.1039,1917665.05
2026-02-15 04:00:00+00:00,0.1039,0.1052,0.1037,0.1042,2291580.38
2026-02-15 05:00:00+00:00,0.1042,0.1047,0.104,0.1045,1156517.18
2026-02-15 06:00:00+00:00,0.1045,0.1058,0.1044,0.105,2123855.21
2026-02-15 07:00:00+00:00,0.105,0.1064,0.1049,0.106,2396401.34
2026-02-15 08:00:00+00:00,0.106,0.1066,0.1042,0.1045,2987505.66
2026-02-15 09:00:00+00:00,0.1045,0.105,0.1033,0.1035,1410297.22
2026-02-15 10:00:00+00:00,0.1035,0.1037,0.1022,0.1024,2018697.08
2026-02-15 11:00:00+00:00,0.1024,0.1028,0.1019,0.1025,1789023.14
2026-02-15 12:00:00+00:00,0.1025,0.1026,0.1,0.1001,2645785.12
2026-02-15 13:00:00+00:00,0.1001,0.1015,0.1001,0.1004,2499484.77
2026-02-15 14:00:00+00:00,0.1004,0.1011,0.1003,0.1009,1315024.73
2026-02-15 15:00:00+00:00,0.1009,0.1013,0.1002,0.1003,1115100.11
2026-02-15 16:00:00+00:00,0.1003,0.1004,0.09929,0.09995,2085222.59
2026-02-15 17:00:00+00:00,0.09995,0.1003,0.09835,0.09879,1925045.89
2026-02-15 18:00:00+00:00,0.09879,0.09909,0.09819,0.09856,1605762.68
2026-02-15 19:00:00+00:00,0.09856,0.09924,0.09802,0.09876,1778363.56
2026-02-15 20:00:00+00:00,0.09876,0.09882,0.09828,0.09861,1060383.29
2026-02-15 21:00:00+00:00,0.09861,0.09942,0.09852,0.0989,1046586.45
2026-02-15 22:00:00+00:00,0.0989,0.09988,0.09878,0.09982,1087881.98
2026-02-15 23:00:00+00:00,0.09982,0.1006,0.09877,0.1003,1148301.32
2026-02-16 00:00:00+00:00,0.1003,0.1018,0.1002,0.1018,1246672.14
2026-02-16 01:00:00+00:00,0.1018,0.1018,0.1002,0.1008,784482.83
2026-02-16 02:00:00+00:00,0.1008,0.1015,0.1004,0.1005,654933.1
2026-02-16 03:00:00+00:00,0.1005,0.1006,0.09973,0.1005,953016.16
2026-02-16 04:00:00+00:00,0.1005,0.1012,0.1003,0.1008,558647.68
2026-02-16 05:00:00+00:00,0.1008,0.101,0.09935,0.09979,874116.99
2026-02-16 06:00:00+00:00,0.09979,0.1,0.09956,0.09993,455533.19
2026-02-16 07:00:00+00:00,0.09993,0.1001,0.09949,0.09984,662668.79
2026-02-16 08:00:00+00:00,0.09984,0.1005,0.09965,0.1003,536241.86
2026-02-16 09:00:00+00:00,0.1003,0.1021,0.1003,0.1015,1122354.47
2026-02-16 10:00:00+00:00,0.1015,0.1015,0.1004,0.1006,597880.32
2026-02-16 11:00:00+00:00,0.1006,0.1009,0.09974,0.1005,1370894.76
2026-02-16 12:00:00+00:00,0.1005,0.1023,0.1002,0.1022,1362878.86
2026-02-16 13:00:00+00:00,0.1022,0.1028,0.1002,0.1006,2039210.82
2026-02-16 14:00:00+00:00,0.1006,0.1014,0.1002,0.1009,1627614.09
2026-02-16 15:00:00+00:00,0.1009,0.1013,0.0986,0.09948,2236998.47
2026-02-16 16:00:00+00:00,0.09948,0.1007,0.09943,0.1002,1495913.86
2026-02-16 17:00:00+00:00,0.1002,0.1004,0.09976,0.1002,692228.6
2026-02-16 18:00:00+00:00,0.1002,0.1005,0.1001,0.1002,638769.46
2026-02-16 19:00:00+00:00,0.1002,0.1007,0.1001,0.1006,438899.04
2026-02-16 20:00:00+00:00,0.1006,0.1013,0.1001,0.1012,686900.47
2026-02-16 21:00:00+00:00,0.1012,0.1023,0.1008,0.1022,1154143.2
2026-02-16 22:00:00+00:00,0.1022,0.1022,0.1012,0.1016,895149.26
2026-02-16 23:00:00+00:00,0.1016,0.102,0.1013,0.1017,473287.1
2026-02-17 00:00:00+00:00,0.1017,0.1019,0.1014,0.1016,561458.26
2026-02-17 01:00:00+00:00,0.1016,0.1021,0.1014,0.1014,654263.93
2026-02-17 02:00:00+00:00,0.1014,0.1021,0.101,0.1019,912275.5
2026-02-17 03:00:00+00:00,0.1019,0.1019,0.1011,0.1011,497708.26
2026-02-17 04:00:00+00:00,0.1011,0.1014,0.1007,0.101,379982.63
2026-02-17 05:00:00+00:00,0.101,0.1011,0.09999,0.1006,804011.7
2026-02-17 06:00:00+00:00,0.1006,0.1009,0.1006,0.1007,262678.11
2026-02-17 07:00:00+00:00,0.1007,0.1007,0.1003,0.1005,392784.6
2026-02-17 08:00:00+00:00,0.1005,0.1007,0.09976,0.09996,514697.96
2026-02-17 09:00:00+00:00,0.09996,0.1,0.09954,0.09984,859532.13
2026-02-17 10:00:00+00:00,0.09984,0.09998,0.09936,0.09964,563105.71
2026-02-17 11:00:00+00:00,0.09964,0.09995,0.0994,0.09981,743227.61
2026-02-17 12:00:00+00:00,0.09981,0.1006,0.0997,0.1002,1193546.56
2026-02-17 13:00:00+00:00,0.1002,0.1011,0.1,0.1008,767441.74
2026-02-17 14:00:00+00:00,0.1008,0.1013,0.09931,0.09965,2466996.23
2026-02-17 15:00:00+00:00,0.09965,0.1008,0.09954,0.1007,1851448.01
2026-02-17 16:00:00+00:00,0.1007,0.1035,0.1007,0.1022,2470873.23
2026-02-17 17:00:00+00:00,0.1022,0.1023,0.1003,0.1005,1907477.84
2026-02-17 18:00:00+00:00,0.1005,0.1023,0.1004,0.1017,1314319.84
2026-02-17 19:00:00+00:00,0.1017,0.1021,0.1011,0.1013,744115.78
2026-02-17 20:00:00+00:00,0.1013,0.1018,0.1007,0.1017,825814.03
2026-02-17 21:00:00+00:00,0.1017,0.1026,0.1017,0.102,737108.57
2026-02-17 22:00:00+00:00,0.102,0.1021,0.1013,0.1017,625677.37
2026-02-17 23:00:00+00:00,0.1017,0.1025,0.1016,0.1021,589043.93
2026-02-18 00:00:00+00:00,0.1021,0.1027,0.1016,0.1016,821691.41
2026-02-18 01:00:00+00:00,0.1016,0.1017,0.1011,0.1013,642748.58
2026-02-18 02:00:00+00:00,0.1013,0.1021,0.1012,0.1019,569449.19
2026-02-18 03:00:00+00:00,0.1019,0.1021,0.1017,0.1017,341799.63
2026-02-18 04:00:00+00:00,0.1017,0.1019,0.1015,0.1018,467535.38
2026-02-18 05:00:00+00:00,0.1018,0.1025,0.1016,0.1017,394255.63
2026-02-18 06:00:00+00:00,0.1017,0.102,0.1016,0.1018,307571.77
2026-02-18 07:00:00+00:00,0.1018,0.1024,0.1013,0.1022,773893.51
2026-02-18 08:00:00+00:00,0.1022,0.1026,0.1013,0.1014,1146709.85
2026-02-18 09:00:00+00:00,0.1014,0.1016,0.1013,0.1013,620558.52
2026-02-18 10:00:00+00:00,0.1013,0.1015,0.1008,0.101,769056.08
2026-02-18 11:00:00+00:00,0.101,0.1011,0.1003,0.1008,823532.06
2026-02-18 12:00:00+00:00,0.1008,0.1011,0.1003,0.1006,601386.04
2026-02-18 13:00:00+00:00,0.1006,0.1009,0.1002,0.1006,939197.43
2026-02-18 14:00:00+00:00,0.1006,0.1008,0.09977,0.1006,1304428.77
2026-02-18 15:00:00+00:00,0.1006,0.1023,0.1006,0.1013,2218546.43
2026-02-18 16:00:00+00:00,0.1013,0.1013,0.1004,0.1005,1011628.16
2026-02-18 17:00:00+00:00,0.1005,0.1013,0.1005,0.1005,761116.91
2026-02-18 18:00:00+00:00,0.1005,0.1007,0.09923,0.09945,1851237.42
2026-02-18 19:00:00+00:00,0.09945,0.09987,0.09884,0.09907,2335375.32
2026-02-18 20:00:00+00:00,0.09907,0.09964,0.09893,0.09928,1080936.61
2026-02-18 21:00:00+00:00,0.09928,0.09944,0.09879,0.09904,731490.17
2026-02-18 22:00:00+00:00,0.09904,0.09948,0.0988,0.09926,514164.9
2026-02-18 23:00:00+00:00,0.09926,0.09938,0.09893,0.09909,493914.47
2026-02-19 00:00:00+00:00,0.09909,0.09932,0.09894,0.09908,447547.05
2026-02-19 01:00:00+00:00,0.09908,0.09966,0.09908,0.09955,947232.75
2026-02-19 02:00:00+00:00,0.09955,0.09959,0.09907,0.09925,361676.0
2026-02-19 03:00:00+00:00,0.09925,0.09953,0.09907,0.0994,459659.01
2026-02-19 04:00:00+00:00,0.0994,0.09954,0.09915,0.09916,372330.32
2026-02-19 05:00:00+00:00,0.09916,0.09931,0.09834,0.09843,622665.31
2026-02-19 06:00:00+00:00,0.09843,0.09917,0.0984,0.0989,479960.78
2026-02-19 07:00:00+00:00,0.0989,0.09948,0.09883,0.09904,612751.02
2026-02-19 08:00:00+00:00,0.09904,0.09915,0.09788,0.09795,653798.39
2026-02-19 09:00:00+00:00,0.09795,0.09859,0.09787,0.09807,541765.21
2026-02-19 10:00:00+00:00,0.09807,0.0981,0.09737,0.09753,978767.82
2026-02-19 11:00:00+00:00,0.09753,0.09781,0.09703,0.09723,636235.43
2026-02-19 12:00:00+00:00,0.09723,0.09733,0.09673,0.09691,623107.09
2026-02-19 13:00:00+00:00,0.09691,0.09697,0.09594,0.09645,1018136.72
2026-02-19 14:00:00+00:00,0.09645,0.09782,0.0964,0.09753,1914179.03
2026-02-19 15:00:00+00:00,0.09753,0.09793,0.09668,0.09744,1302183.31
2026-02-19 16:00:00+00:00,0.09744,0.09744,0.09597,0.09598,1545887.76
2026-02-19 17:00:00+00:00,0.09598,0.0977,0.09597,0.09669,1051461.58
2026-02-19 18:00:00+00:00,0.09669,0.0983,0.09664,0.09815,1227507.98
2026-02-19 19:00:00+00:00,0.09815,0.09826,0.09729,0.09783,691501.33
2026-02-19 20:00:00+00:00,0.09783,0.09819,0.09747,0.09814,759793.65
2026-02-19 21:00:00+00:00,0.09814,0.09829,0.09791,0.098,417234.58
2026-02-19 22:00:00+00:00,0.098,0.09805,0.09716,0.09749,485298.0
2026-02-19 23:00:00+00:00,0.09749,0.09773,0.09731,0.09764,393480.61
2026-02-20 00:00:00+00:00,0.09764,0.09851,0.0975,0.09825,700858.42
2026-02-20 01:00:00+00:00,0.09825,0.09847,0.09797,0.09817,349638.06
2026-02-20 02:00:00+00:00,0.09817,0.09845,0.09806,0.09816,241557.63
2026-02-20 03:00:00+00:00,0.09816,0.09853,0.09787,0.09788,259581.62
2026-02-20 04:00:00+00:00,0.09788,0.09791,0.097,0.0976,370250.25
2026-02-20 05:00:00+00:00,0.0976,0.0987,0.09726,0.09825,482789.03
2026-02-20 06:00:00+00:00,0.09825,0.09867,0.09799,0.09848,291289.96
2026-02-20 07:00:00+00:00,0.09848,0.09878,0.09828,0.09855,215833.3
2026-02-20 08:00:00+00:00,0.09855,0.099,0.09848,0.09889,286133.33
2026-02-20 09:00:00+00:00,0.09889,0.09958,0.09887,0.09924,880292.03
2026-02-20 10:00:00+00:00,0.09924,0.0995,0.09896,0.09899,620676.05
2026-02-20 11:00:00+00:00,0.09899,0.09906,0.09842,0.09859,610860.09
2026-02-20 12:00:00+00:00,0.09859,0.09913,0.09835,0.09885,659812.42
2026-02-20 13:00:00+00:00,0.09885,0.09885,0.09698,0.09733,1506449.09
2026-02-20 14:00:00+00:00,0.09733,0.09891,0.09723,0.09858,923341.54
2026-02-20 15:00:00+00:00,0.09858,0.1008,0.09855,0.1008,3339305.59
2026-02-20 16:00:00+00:00,0.1008,0.1015,0.09978,0.1006,1932715.56
2026-02-20 17:00:00+00:00,0.1006,0.1006,0.09855,0.09996,2087739.25
2026-02-20 18:00:00+00:00,0.09996,0.1009,0.09975,0.1003,1554280.91
2026-02-20 19:00:00+00:00,0.1003,0.1005,0.09974,0.1002,411104.28
2026-02-20 20:00:00+00:00,0.1002,0.1006,0.09959,0.09991,344294.82
2026-02-20 21:00:00+00:00,0.09991,0.1001,0.0997,0.1,295592.1
2026-02-20 22:00:00+00:00,0.1,0.1004,0.09965,0.1002,739255.06
2026-02-20 23:00:00+00:00,0.1002,0.1004,0.09972,0.09975,312551.63
2026-02-21 00:00:00+00:00,0.09975,0.09985,0.09913,0.09923,347841.83
2026-02-21 01:00:00+00:00,0.09923,0.1,0.09923,0.09994,260730.01
2026-02-21 02:00:00+00:00,0.09994,0.1004,0.09978,0.1002,243480.65
2026-02-21 03:00:00+00:00,0.1002,0.1002,0.09952,0.09963,348763.66
2026-02-21 04:00:00+00:00,0.09963,0.09985,0.09949,0.0998,182103.21
2026-02-21 05:00:00+00:00,0.0998,0.1,0.09937,0.09941,752057.72
2026-02-21 06:00:00+00:00,0.09941,0.09941,0.09883,0.09891,325756.45
2026-02-21 07:00:00+00:00,0.09891,0.09915,0.09879,0.09893,189890.81
2026-02-21 08:00:00+00:00,0.09893,0.09973,0.09879,0.09966,611517.39
2026-02-21 09:00:00+00:00,0.09966,0.1004,0.09949,0.1,460600.6
2026-02-21 10:00:00+00:00,0.1,0.1002,0.09984,0.1,196374.06
2026-02-21 11:00:00+00:00,0.1,0.1005,0.1,0.1004,235772.0
2026-02-21 12:00:00+00:00,0.1004,0.1005,0.1001,0.1003,368954.11
2026-02-21 13:00:00+00:00,0.1003,0.1007,0.1,0.1007,341779.4
2026-02-21 14:00:00+00:00,0.1007,0.1013,0.1006,0.1007,1063754.32
2026-02-21 15:00:00+00:00,0.1007,0.1015,0.1004,0.1006,1074496.91
2026-02-21 16:00:00+00:00,0.1006,0.1009,0.1,0.1001,669383.84
2026-02-21 17:00:00+00:00,0.1001,0.1005,0.1,0.1004,288665.07
2026-02-21 18:00:00+00:00,0.1004,0.1008,0.1003,0.1006,427505.44
2026-02-21 19:00:00+00:00,0.1006,0.1007,0.1002,0.1002,283447.7
2026-02-21 20:00:00+00:00,0.1002,0.1003,0.09974,0.09977,386407.17
2026-02-21 21:00:00+00:00,0.09977,0.1001,0.09966,0.09995,208254.8
2026-02-21 22:00:00+00:00,0.09995,0.1002,0.09963,0.09965,265760.93
2026-02-21 23:00:00+00:00,0.09965,0.09984,0.0995,0.09977,236415.49
2026-02-22 00:00:00+00:00,0.09977,0.09981,0.09887,0.09916,413316.26
2026-02-22 01:00:00+00:00,0.09916,0.09926,0.0989,0.09904,243929.73
2026-02-22 02:00:00+00:00,0.09904,0.09939,0.098,0.09814,523369.67
2026-02-22 03:00:00+00:00,0.09814,0.09878,0.09799,0.09868,273592.67
2026-02-22 04:00:00+00:00,0.09868,0.09868,0.0985,0.09859,121238.25
2026-02-22 05:00:00+00:00,0.09859,0.09863,0.09823,0.09843,237285.05
2026-02-22 06:00:00+00:00,0.09843,0.09853,0.09804,0.09841,263417.78
2026-02-22 07:00:00+00:00,0.09841,0.09875,0.09825,0.09855,290239.98
2026-02-22 08:00:00+00:00,0.09855,0.09858,0.09811,0.09811,188711.05
2026-02-22 09:00:00+00:00,0.09811,0.09817,0.09786,0.09806,331391.55
2026-02-22 10:00:00+00:00,0.09806,0.0986,0.09791,0.09841,239221.16
2026-02-22 11:00:00+00:00,0.09841,0.09866,0.09839,0.09842,188765.84
2026-02-22 12:00:00+00:00,0.09842,0.09845,0.0975,0.09781,593873.95
2026-02-22 13:00:00+00:00,0.09781,0.098,0.09723,0.09735,391976.3
2026-02-22 14:00:00+00:00,0.09735,0.09743,0.09684,0.09692,505829.51
2026-02-22 15:00:00+00:00,0.09692,0.09798,0.09654,0.09772,1239599.42
2026-02-22 16:00:00+00:00,0.09772,0.09797,0.09754,0.09762,474014.89
2026-02-22 17:00:00+00:00,0.09762,0.09763,0.09709,0.09724,357138.95
2026-02-22 18:00:00+00:00,0.09724,0.09745,0.09708,0.09745,268873.24
2026-02-22 19:00:00+00:00,0.09745,0.09761,0.09728,0.09761,213111.67
2026-02-22 20:00:00+00:00,0.09761,0.09761,0.09696,0.0971,239125.06
2026-02-22 21:00:00+00:00,0.0971,0.09734,0.09688,0.0972,290646.21
2026-02-22 22:00:00+00:00,0.0972,0.09792,0.09703,0.09786,335871.66
2026-02-22 23:00:00+00:00,0.09786,0.09831,0.09763,0.09825,383417.41
2026-02-23 00:00:00+00:00,0.09825,0.09843,0.09634,0.09643,744200.03
2026-02-23 01:00:00+00:00,0.09643,0.09643,0.09337,0.09348,3812724.74
2026-02-23 02:00:00+00:00,0.09348,0.0944,0.09339,0.0944,1009551.86
2026-02-23 03:00:00+00:00,0.0944,0.0952,0.0944,0.09505,666199.61
2026-02-23 04:00:00+00:00,0.09505,0.09514,0.09431,0.09481,469152.82
2026-02-23 05:00:00+00:00,0.09481,0.0954,0.09478,0.09487,564128.47
2026-02-23 06:00:00+00:00,0.09487,0.09622,0.09486,0.09596,1334320.37
2026-02-23 07:00:00+00:00,0.09596,0.09611,0.09564,0.09577,578362.2
2026-02-23 08:00:00+00:00,0.09577,0.09577,0.09459,0.09474,555012.27
2026-02-23 09:00:00+00:00,0.09474,0.09709,0.09474,0.09682,1346365.24
2026-02-23 10:00:00+00:00,0.09682,0.09699,0.09615,0.09635,678582.99
2026-02-23 11:00:00+00:00,0.09635,0.09703,0.09631,0.0966,676176.31
2026-02-23 12:00:00+00:00,0.0966,0.09781,0.09632,0.09743,1059860.29
2026-02-23 13:00:00+00:00,0.09743,0.09778,0.09679,0.09682,774495.65
2026-02-23 14:00:00+00:00,0.09682,0.09686,0.0957,0.09629,1122726.23
2026-02-23 15:00:00+00:00,0.09629,0.09656,0.09508,0.09533,1191874.45
2026-02-23 16:00:00+00:00,0.09533,0.09583,0.09492,0.09503,940738.7
2026-02-23 17:00:00+00:00,0.09503,0.09533,0.09341,0.09462,1280502.2
2026-02-23 18:00:00+00:00,0.09462,0.09559,0.09446,0.0948,1100557.71
2026-02-23 19:00:00+00:00,0.0948,0.09493,0.0942,0.0945,588903.86
2026-02-23 20:00:00+00:00,0.0945,0.09521,0.09407,0.09518,640784.4
2026-02-23 21:00:00+00:00,0.09518,0.09562,0.09484,0.09529,375757.87
2026-02-23 22:00:00+00:00,0.09529,0.09569,0.09502,0.09502,411119.83
2026-02-23 23:00:00+00:00,0.09502,0.09539,0.09481,0.09493,241643.34
2026-02-24 00:00:00+00:00,0.09493,0.09603,0.09493,0.09575,420598.06
2026-02-24 01:00:00+00:00,0.09575,0.09577,0.09353,0.09464,1866343.71
2026-02-24 02:00:00+00:00,0.09464,0.09518,0.09429,0.09467,628425.81
2026-02-24 03:00:00+00:00,0.09467,0.09467,0.09372,0.09405,806837.11
2026-02-24 04:00:00+00:00,0.09405,0.09423,0.09315,0.09387,786015.51
2026-02-24 05:00:00+00:00,0.09387,0.09425,0.09314,0.09359,619658.3
2026-02-24 06:00:00+00:00,0.09359,0.09385,0.09322,0.09336,399359.7
2026-02-24 07:00:00+00:00,0.09336,0.09377,0.09306,0.09343,524491.21
2026-02-24 08:00:00+00:00,0.09343,0.09403,0.09307,0.09377,487799.33
2026-02-24 09:00:00+00:00,0.09377,0.09384,0.09274,0.09313,664366.39
2026-02-24 10:00:00+00:00,0.09313,0.09343,0.09296,0.09327,452782.33
2026-02-24 11:00:00+00:00,0.09327,0.0934,0.09308,0.09339,364040.69
2026-02-24 12:00:00+00:00,0.09339,0.09391,0.09328,0.09354,590598.7
2026-02-24 13:00:00+00:00,0.09354,0.09373,0.09282,0.0936,791716.38
2026-02-24 14:00:00+00:00,0.0936,0.09493,0.09277,0.09444,1341422.85
2026-02-24 15:00:00+00:00,0.09444,0.09538,0.09425,0.09524,786599.12
2026-02-24 16:00:00+00:00,0.09524,0.09612,0.09487,0.09585,816888.64
2026-02-24 17:00:00+00:00,0.09585,0.09588,0.09544,0.09579,786681.74
2026-02-24 18:00:00+00:00,0.09579,0.09643,0.09566,0.09615,487580.4
2026-02-24 19:00:00+00:00,0.09615,0.09641,0.09551,0.09618,521475.1
2026-02-24 20:00:00+00:00,0.09618,0.09623,0.09572,0.09589,428170.59
2026-02-24 21:00:00+00:00,0.09589,0.0959,0.09539,0.09556,571713.4
2026-02-24 22:00:00+00:00,0.09556,0.09597,0.09505,0.09524,396560.17
2026-02-24 23:00:00+00:00,0.09524,0.09534,0.09469,0.09503,314123.36
2026-02-25 00:00:00+00:00,0.09503,0.09578,0.09489,0.09563,385295.09
2026-02-25 01:00:00+00:00,0.09563,0.09884,0.09532,0.09772,2336008.11
2026-02-25 02:00:00+00:00,0.09772,0.09847,0.0977,0.09802,1045065.6
2026-02-25 03:00:00+00:00,0.09802,0.0983,0.09723,0.09762,738447.08
2026-02-25 04:00:00+00:00,0.09762,0.09769,0.09688,0.09716,767725.49
2026-02-25 05:00:00+00:00,0.09716,0.09724,0.09598,0.09629,579011.2
2026-02-25 06:00:00+00:00,0.09629,0.09658,0.09606,0.09623,264124.15
2026-02-25 07:00:00+00:00,0.09623,0.09696,0.09623,0.09687,481269.99
2026-02-25 08:00:00+00:00,0.09687,0.09744,0.09665,0.09739,391235.88
2026-02-25 09:00:00+00:00,0.09739,0.09831,0.09733,0.09824,488333.67
2026-02-25 10:00:00+00:00,0.09824,0.09841,0.09762,0.09778,408986.6
2026-02-25 11:00:00+00:00,0.09778,0.0983,0.09738,0.09827,498380.38
2026-02-25 12:00:00+00:00,0.09827,0.09969,0.09825,0.0995,1092447.55
2026-02-25 13:00:00+00:00,0.0995,0.1005,0.0995,0.09989,1305745.44
2026-02-25 14:00:00+00:00,0.09989,0.1016,0.09986,0.1016,1191161.76
2026-02-25 15:00:00+00:00,0.1016,0.1019,0.1011,0.1014,1810518.63
2026-02-25 16:00:00+00:00,0.1014,0.1025,0.1012,0.1023,2544634.53
2026-02-25 17:00:00+00:00,0.1023,0.1032,0.102,0.103,1903083.69
2026-02-25 18:00:00+00:00,0.103,0.1039,0.1022,0.1039,1529019.49
2026-02-25 19:00:00+00:00,0.1039,0.1044,0.1028,0.1042,2862996.74
2026-02-25 20:00:00+00:00,0.1042,0.1058,0.1041,0.1049,2102314.49
2026-02-25 21:00:00+00:00,0.1049,0.1069,0.1045,0.1052,2279426.44
2026-02-25 22:00:00+00:00,0.1052,0.1055,0.1025,0.1029,1797558.55
2026-02-25 23:00:00+00:00,0.1029,0.1033,0.1008,0.1018,1191456.68
2026-02-26 00:00:00+00:00,0.1018,0.1024,0.1009,0.1015,932606.79
2026-02-26 01:00:00+00:00,0.1015,0.1021,0.1011,0.1011,790185.71
2026-02-26 02:00:00+00:00,0.1011,0.1017,0.1006,0.1016,552853.37
2026-02-26 03:00:00+00:00,0.1016,0.1016,0.1012,0.1013,497482.38
2026-02-26 04:00:00+00:00,0.1013,0.1029,0.1013,0.1025,1287297.78
2026-02-26 05:00:00+00:00,0.1025,0.1026,0.1013,0.1024,551994.1
2026-02-26 06:00:00+00:00,0.1024,0.1028,0.1019,0.1021,489817.08
2026-02-26 07:00:00+00:00,0.1021,0.1025,0.1014,0.1015,444952.51
2026-02-26 08:00:00+00:00,0.1015,0.1025,0.1015,0.1021,535532.87
2026-02-26 09:00:00+00:00,0.1021,0.1035,0.102,0.1034,755669.67
2026-02-26 10:00:00+00:00,0.1034,0.1036,0.1024,0.1026,665111.69
2026-02-26 11:00:00+00:00,0.1026,0.1029,0.1019,0.1021,463294.9
2026-02-26 12:00:00+00:00,0.1021,0.1036,0.102,0.1035,546841.01
2026-02-26 13:00:00+00:00,0.1035,0.104,0.1029,0.1037,918960.37
2026-02-26 14:00:00+00:00,0.1037,0.1038,0.1014,0.1022,2333722.22
2026-02-26 15:00:00+00:00,0.1022,0.1024,0.1007,0.1017,2312056.54
2026-02-26 16:00:00+00:00,0.1017,0.1018,0.09925,0.0994,1853571.54
2026-02-26 17:00:00+00:00,0.0994,0.1003,0.09933,0.09957,809748.95
2026-02-26 18:00:00+00:00,0.09957,0.1009,0.09927,0.1005,866801.08
2026-02-26 19:00:00+00:00,0.1005,0.1017,0.1005,0.1015,1186992.79
2026-02-26 20:00:00+00:00,0.1015,0.1023,0.1015,0.1019,1014686.79
2026-02-26 21:00:00+00:00,0.1019,0.1025,0.1016,0.1021,634404.03
2026-02-26 22:00:00+00:00,0.1021,0.1025,0.1019,0.1025,355833.47
2026-02-26 23:00:00+00:00,0.1025,0.1031,0.1023,0.1026,692023.65
2026-02-27 00:00:00+00:00,0.1026,0.1032,0.1023,0.1025,526812.21
2026-02-27 01:00:00+00:00,0.1025,0.103,0.1023,0.1028,528179.76
2026-02-27 02:00:00+00:00,0.1028,0.1032,0.1026,0.1028,422448.64
2026-02-27 03:00:00+00:00,0.1028,0.1033,0.1024,0.1032,580290.91
2026-02-27 04:00:00+00:00,0.1032,0.1045,0.1031,0.1042,1082290.47
2026-02-27 05:00:00+00:00,0.1042,0.1045,0.104,0.1042,949728.15
2026-02-27 06:00:00+00:00,0.1042,0.1048,0.1039,0.1047,623756.62
2026-02-27 07:00:00+00:00,0.1047,0.1051,0.104,0.1045,1057761.88
2026-02-27 08:00:00+00:00,0.1045,0.1052,0.1042,0.1045,887655.86
2026-02-27 09:00:00+00:00,0.1045,0.1045,0.1026,0.1027,750961.93
2026-02-27 10:00:00+00:00,0.1027,0.1027,0.1007,0.1009,1261073.95
2026-02-27 11:00:00+00:00,0.1009,0.1012,0.09989,0.1005,1045341.89
2026-02-27 12:00:00+00:00,0.1005,0.1006,0.09998,0.1005,723448.67
2026-02-27 13:00:00+00:00,0.1005,0.1009,0.09955,0.1007,1395453.79
2026-02-27 14:00:00+00:00,0.1007,0.1012,0.09964,0.1,1646261.21
2026-02-27 15:00:00+00:00,0.1,0.1006,0.09984,0.1005,1109833.96
2026-02-27 16:00:00+00:00,0.1005,0.1005,0.0994,0.09952,1044982.56
2026-02-27 17:00:00+00:00,0.09952,0.1008,0.09916,0.1007,1483824.71
2026-02-27 18:00:00+00:00,0.1007,0.1008,0.09976,0.09992,858592.47
2026-02-27 19:00:00+00:00,0.09992,0.1001,0.09924,0.09945,565489.92
2026-02-27 20:00:00+00:00,0.09945,0.09994,0.09939,0.09981,564144.16
2026-02-27 21:00:00+00:00,0.09981,0.1001,0.09945,0.09976,522989.58
2026-02-27 22:00:00+00:00,0.09976,0.1,0.09849,0.09998,1002993.9
2026-02-27 23:00:00+00:00,0.09998,0.1008,0.09996,0.1004,1001154.1
2026-02-28 00:00:00+00:00,0.1004,0.101,0.09967,0.1008,1189092.11
2026-02-28 01:00:00+00:00,0.1008,0.101,0.1001,0.1002,453589.38
2026-02-28 02:00:00+00:00,0.1002,0.1005,0.1001,0.1004,331228.32
2026-02-28 03:00:00+00:00,0.1004,0.1004,0.09966,0.09969,374735.79
2026-02-28 04:00:00+00:00,0.09969,0.09993,0.09921,0.09977,318732.05
2026-02-28 05:00:00+00:00,0.09977,0.09981,0.09907,0.09935,301294.2
2026-02-28 06:00:00+00:00,0.09935,0.09935,0.09558,0.09573,3680768.97
2026-02-28 07:00:00+00:00,0.09573,0.0978,0.09527,0.0964,2160371.02
2026-02-28 08:00:00+00:00,0.0964,0.0964,0.09439,0.09444,1684405.26
2026-02-28 09:00:00+00:00,0.09444,0.09537,0.09436,0.09503,1399272.22
2026-02-28 10:00:00+00:00,0.09503,0.09566,0.09453,0.09496,1463377.18
2026-02-28 11:00:00+00:00,0.09496,0.09575,0.09452,0.0946,943844.87
2026-02-28 12:00:00+00:00,0.0946,0.09531,0.09458,0.09526,844992.02
2026-02-28 13:00:00+00:00,0.09526,0.0975,0.09487,0.09739,1606096.76
2026-02-28 14:00:00+00:00,0.09739,0.09797,0.09576,0.09602,2061814.59
2026-02-28 15:00:00+00:00,0.09602,0.09715,0.09571,0.09671,1373358.83
2026-02-28 16:00:00+00:00,0.09671,0.09671,0.0959,0.09659,772774.21
2026-02-28 17:00:00+00:00,0.09659,0.09693,0.09589,0.0968,967348.92
2026-02-28 18:00:00+00:00,0.0968,0.0983,0.09635,0.09806,1229504.74
2026-02-28 19:00:00+00:00,0.09806,0.09968,0.09748,0.09856,2565357.76
2026-02-28 20:00:00+00:00,0.09856,0.101,0.09837,0.1007,2413111.28
2026-02-28 21:00:00+00:00,0.1007,0.1007,0.09909,0.09975,2750080.16
2026-02-28 22:00:00+00:00,0.09975,0.1015,0.09975,0.1009,1986360.86
2026-02-28 23:00:00+00:00,0.1009,0.1011,0.1,0.1002,1221240.13
2026-03-01 00:00:00+00:00,0.1002,0.1006,0.09963,0.09975,772084.41
2026-03-01 01:00:00+00:00,0.09975,0.1018,0.09906,0.1014,1853376.43
2026-03-01 02:00:00+00:00,0.1014,0.1034,0.1014,0.102,3462004.11
2026-03-01 03:00:00+00:00,0.102,0.1023,0.1013,0.1015,1037765.99
2026-03-01 04:00:00+00:00,0.1015,0.1018,0.1007,0.1015,877275.33
2026-03-01 05:00:00+00:00,0.1015,0.1018,0.1012,0.1012,488722.22
2026-03-01 06:00:00+00:00,0.1012,0.1013,0.1001,0.1003,973747.84
2026-03-01 07:00:00+00:00,0.1003,0.1008,0.1001,0.1006,602863.25
2026-03-01 08:00:00+00:00,0.1006,0.1009,0.09916,0.09927,1059786.97
2026-03-01 09:00:00+00:00,0.09927,0.1001,0.099,0.09921,943541.18
2026-03-01 10:00:00+00:00,0.09921,0.09967,0.09878,0.09929,739006.0
2026-03-01 11:00:00+00:00,0.09929,0.0994,0.09898,0.09909,505512.45
2026-03-01 12:00:00+00:00,0.09909,0.09916,0.0983,0.09839,547509.3
2026-03-01 13:00:00+00:00,0.09839,0.09984,0.09769,0.09939,1414590.68
2026-03-01 14:00:00+00:00,0.09939,0.1,0.09895,0.09922,1190677.47
2026-03-01 15:00:00+00:00,0.09922,0.1002,0.0991,0.09959,926452.7
2026-03-01 16:00:00+00:00,0.09959,0.1001,0.09799,0.0986,1542273.09
2026-03-01 17:00:00+00:00,0.0986,0.09871,0.0975,0.09794,1434723.99
2026-03-01 18:00:00+00:00,0.09794,0.09916,0.09792,0.09799,1139346.12
2026-03-01 19:00:00+00:00,0.09799,0.09805,0.09699,0.09728,1042411.23
2026-03-01 20:00:00+00:00,0.09728,0.09729,0.09569,0.09593,1517491.88
2026-03-01 21:00:00+00:00,0.09593,0.09731,0.09586,0.09714,885301.21
2026-03-01 22:00:00+00:00,0.09714,0.09843,0.09681,0.09697,1241236.16
2026-03-01 23:00:00+00:00,0.09697,0.09805,0.09683,0.09701,946858.78
2026-03-02 00:00:00+00:00,0.09701,0.09876,0.09693,0.09836,1004112.46
2026-03-02 01:00:00+00:00,0.09836,0.09936,0.09813,0.0985,1032405.55
2026-03-02 02:00:00+00:00,0.0985,0.09872,0.09761,0.09803,743501.4
2026-03-02 03:00:00+00:00,0.09803,0.09916,0.09765,0.09897,977845.34
2026-03-02 04:00:00+00:00,0.09897,0.09923,0.09874,0.09887,712245.33
2026-03-02 05:00:00+00:00,0.09887,0.09913,0.09828,0.09864,592883.9
2026-03-02 06:00:00+00:00,0.09864,0.09865,0.09729,0.09776,608862.87
2026-03-02 07:00:00+00:00,0.09776,0.09777,0.09691,0.09752,551082.09
2026-03-02 08:00:00+00:00,0.09752,0.09788,0.09671,0.09777,1170262.23
2026-03-02 09:00:00+00:00,0.09777,0.09819,0.09706,0.0971,857252.66
2026-03-02 10:00:00+00:00,0.0971,0.09765,0.09696,0.0973,1074810.41
2026-03-02 11:00:00+00:00,0.0973,0.09744,0.09681,0.09715,827510.46
2026-03-02 12:00:00+00:00,0.09715,0.09733,0.09685,0.09705,675694.94
2026-03-02 13:00:00+00:00,0.09705,0.09741,0.09652,0.09664,958705.74
2026-03-02 14:00:00+00:00,0.09664,0.09961,0.09645,0.09948,2027163.93
2026-03-02 15:00:00+00:00,0.09948,0.1024,0.09934,0.1014,3390128.71
2026-03-02 16:00:00+00:00,0.1014,0.1029,0.1008,0.1008,3420373.12
2026-03-02 17:00:00+00:00,0.1008,0.1011,0.09954,0.1003,2603008.37
2026-03-02 18:00:00+00:00,0.1003,0.1005,0.09954,0.1,1464564.32
2026-03-02 19:00:00+00:00,0.1,0.1001,0.09929,0.09984,1187582.27
2026-03-02 20:00:00+00:00,0.09984,0.1004,0.09915,0.09958,1167021.43
2026-03-02 21:00:00+00:00,0.09958,0.09973,0.09787,0.09835,1651207.04
2026-03-02 22:00:00+00:00,0.09835,0.09935,0.09835,0.09893,1137317.75
2026-03-02 23:00:00+00:00,0.09893,0.09901,0.0979,0.09804,1064629.29
2026-03-03 00:00:00+00:00,0.09804,0.09831,0.0975,0.09777,1156530.67
2026-03-03 01:00:00+00:00,0.09777,0.09798,0.09699,0.09703,1140175.77
2026-03-03 02:00:00+00:00,0.09703,0.09732,0.09671,0.09696,1258652.22
2026-03-03 03:00:00+00:00,0.09696,0.09723,0.09632,0.09687,822049.4
2026-03-03 04:00:00+00:00,0.09687,0.09735,0.09664,0.09676,1145705.61
2026-03-03 05:00:00+00:00,0.09676,0.09728,0.09592,0.09629,937631.21
2026-03-03 06:00:00+00:00,0.09629,0.09644,0.09588,0.09624,715453.44
2026-03-03 07:00:00+00:00,0.09624,0.09693,0.0961,0.09637,790507.94
2026-03-03 08:00:00+00:00,0.09637,0.09668,0.09488,0.09502,1614636.39
2026-03-03 09:00:00+00:00,0.09502,0.09549,0.09461,0.09482,1272529.89
2026-03-03 10:00:00+00:00,0.09482,0.09535,0.09452,0.09516,919373.88
2026-03-03 11:00:00+00:00,0.09516,0.09582,0.09488,0.09568,865728.71
2026-03-03 12:00:00+00:00,0.09568,0.09663,0.09531,0.09562,961550.4
2026-03-03 13:00:00+00:00,0.09562,0.09564,0.09485,0.09498,877185.37
2026-03-03 14:00:00+00:00,0.09498,0.09612,0.0943,0.09505,1926437.0
2026-03-03 15:00:00+00:00,0.09505,0.09609,0.09447,0.0957,2288530.98
2026-03-03 16:00:00+00:00,0.0957,0.09776,0.09516,0.09584,2450712.24
2026-03-03 17:00:00+00:00,0.09584,0.09714,0.09497,0.09702,1520260.6
2026-03-03 18:00:00+00:00,0.09702,0.09796,0.09645,0.09721,1150083.44
2026-03-03 19:00:00+00:00,0.09721,0.09747,0.09639,0.09678,1266454.71
2026-03-03 20:00:00+00:00,0.09678,0.09724,0.09647,0.09676,677522.49
2026-03-03 21:00:00+00:00,0.09676,0.09676,0.0961,0.09645,493331.2
2026-03-03 22:00:00+00:00,0.09645,0.09718,0.09639,0.09697,608730.25
2026-03-03 23:00:00+00:00,0.09697,0.09777,0.09683,0.09694,1458422.0
2026-03-04 00:00:00+00:00,0.09694,0.09758,0.09673,0.09715,653601.48
2026-03-04 01:00:00+00:00,0.09715,0.0987,0.09688,0.09819,1125917.01
2026-03-04 02:00:00+00:00,0.09819,0.099,0.09767,0.09884,882612.22
2026-03-04 03:00:00+00:00,0.09884,0.09903,0.09737,0.09807,1128893.04
2026-03-04 04:00:00+00:00,0.09807,0.09822,0.09681,0.09743,875053.17
2026-03-04 05:00:00+00:00,0.09743,0.0981,0.09672,0.09755,846747.55
2026-03-04 06:00:00+00:00,0.09755,0.09828,0.09716,0.09799,760790.75
2026-03-04 07:00:00+00:00,0.09799,0.09945,0.09786,0.0994,1104397.2
2026-03-04 08:00:00+00:00,0.0994,0.1012,0.09892,0.1011,2128683.73
2026-03-04 09:00:00+00:00,0.1011,0.1021,0.1008,0.1013,3600141.45
2026-03-04 10:00:00+00:00,0.1013,0.102,0.1007,0.101,1625229.59
2026-03-04 11:00:00+00:00,0.101,0.1015,0.1002,0.1006,2441643.9
2026-03-04 12:00:00+00:00,0.1006,0.1007,0.09976,0.1006,1177310.12
2026-03-04 13:00:00+00:00,0.1006,0.1013,0.1003,0.101,1122404.55
2026-03-04 14:00:00+00:00,0.101,0.1023,0.1006,0.1012,2610523.0
2026-03-04 15:00:00+00:00,0.1012,0.1035,0.1012,0.1035,2680800.62
2026-03-04 16:00:00+00:00,0.1035,0.1042,0.102,0.1026,2128201.94
2026-03-04 17:00:00+00:00,0.1026,0.1031,0.1016,0.102,1305611.35
2026-03-04 18:00:00+00:00,0.102,0.1023,0.1015,0.1022,1218538.35
2026-03-04 19:00:00+00:00,0.1022,0.103,0.102,0.1025,1541085.99
2026-03-04 20:00:00+00:00,0.1025,0.1025,0.1015,0.1016,830118.67
2026-03-04 21:00:00+00:00,0.1016,0.1017,0.1009,0.1017,843297.88
2026-03-04 22:00:00+00:00,0.1017,0.1022,0.1009,0.101,787350.84
2026-03-04 23:00:00+00:00,0.101,0.1014,0.1006,0.1012,851198.4
2026-03-05 00:00:00+00:00,0.1012,0.1013,0.1004,0.1007,620638.52
2026-03-05 01:00:00+00:00,0.1007,0.1013,0.1,0.1001,884506.29
2026-03-05 02:00:00+00:00,0.1001,0.101,0.1001,0.1008,677466.08
2026-03-05 03:00:00+00:00,0.1008,0.1011,0.1005,0.1008,626181.11
2026-03-05 04:00:00+00:00,0.1008,0.1015,0.1007,0.1014,863045.28
2026-03-05 05:00:00+00:00,0.1014,0.1015,0.1004,0.1007,613060.82
2026-03-05 06:00:00+00:00,0.1007,0.101,0.1001,0.1009,691710.15
2026-03-05 07:00:00+00:00,0.1009,0.1012,0.09989,0.1003,859158.71
2026-03-05 08:00:00+00:00,0.1003,0.1008,0.1,0.1006,596151.63
2026-03-05 09:00:00+00:00,0.1006,0.1008,0.1003,0.1005,931076.06
2026-03-05 10:00:00+00:00,0.1005,0.1017,0.1002,0.1016,2107059.83
2026-03-05 11:00:00+00:00,0.1016,0.1016,0.1006,0.1009,778010.52
2026-03-05 12:00:00+00:00,0.1009,0.1012,0.1006,0.1011,685213.09
2026-03-05 13:00:00+00:00,0.1011,0.1011,0.1001,0.1003,1086204.02
2026-03-05 14:00:00+00:00,0.1003,0.1013,0.1001,0.101,1185101.77
2026-03-05 15:00:00+00:00,0.101,0.1012,0.09935,0.09956,1746972.01
2026-03-05 16:00:00+00:00,0.09956,0.09958,0.09813,0.09917,1535990.12
2026-03-05 17:00:00+00:00,0.09917,0.09964,0.09833,0.09854,977580.74
2026-03-05 18:00:00+00:00,0.09854,0.09916,0.0984,0.09912,980211.24
2026-03-05 19:00:00+00:00,0.09912,0.1001,0.09912,0.09946,663851.51
2026-03-05 20:00:00+00:00,0.09946,0.1006,0.09938,0.1004,783061.7
2026-03-05 21:00:00+00:00,0.1004,0.1006,0.09949,0.09962,579669.84
2026-03-05 22:00:00+00:00,0.09962,0.09995,0.09933,0.09971,410456.92
2026-03-05 23:00:00+00:00,0.09971,0.1,0.09943,0.0996,731549.49
2026-03-06 00:00:00+00:00,0.0996,0.09981,0.09947,0.09971,366539.83
2026-03-06 01:00:00+00:00,0.09971,0.1006,0.09935,0.1006,909234.28
2026-03-06 02:00:00+00:00,0.1006,0.1009,0.1004,0.1005,645550.68
2026-03-06 03:00:00+00:00,0.1005,0.1009,0.1001,0.1008,486404.09
2026-03-06 04:00:00+00:00,0.1008,0.1009,0.09968,0.1001,584497.61
2026-03-06 05:00:00+00:00,0.1001,0.1001,0.09937,0.09985,585110.3
2026-03-06 06:00:00+00:00,0.09985,0.09997,0.09954,0.09955,569732.01
2026-03-06 07:00:00+00:00,0.09955,0.1002,0.09938,0.1,487969.87
2026-03-06 08:00:00+00:00,0.1,0.1,0.09944,0.09952,372258.82
2026-03-06 09:00:00+00:00,0.09952,0.0996,0.09873,0.09923,970817.42
2026-03-06 10:00:00+00:00,0.09923,0.09956,0.09919,0.09929,469503.07
2026-03-06 11:00:00+00:00,0.09929,0.09951,0.0987,0.09885,539387.57
2026-03-06 12:00:00+00:00,0.09885,0.09887,0.09809,0.0986,1012272.35
2026-03-06 13:00:00+00:00,0.0986,0.09931,0.09782,0.09783,1708257.93
2026-03-06 14:00:00+00:00,0.09783,0.0981,0.09654,0.09689,2814095.91
2026-03-06 15:00:00+00:00,0.09689,0.09746,0.09659,0.09682,1378173.9
2026-03-06 16:00:00+00:00,0.09682,0.09735,0.09653,0.09673,809241.18
2026-03-06 17:00:00+00:00,0.09673,0.09698,0.09621,0.09659,826038.41
2026-03-06 18:00:00+00:00,0.09659,0.09727,0.09653,0.09699,626784.21
2026-03-06 19:00:00+00:00,0.09699,0.09752,0.09696,0.09715,757378.46
2026-03-06 20:00:00+00:00,0.09715,0.09731,0.0967,0.09699,559376.53
2026-03-06 21:00:00+00:00,0.09699,0.09729,0.0968,0.09722,386594.79
2026-03-06 22:00:00+00:00,0.09722,0.09746,0.09714,0.09744,320363.49
2026-03-06 23:00:00+00:00,0.09744,0.09764,0.0974,0.09756,277806.16
2026-03-07 00:00:00+00:00,0.09756,0.09805,0.09751,0.09789,766219.87
2026-03-07 01:00:00+00:00,0.09789,0.09805,0.09734,0.09735,385176.94
2026-03-07 02:00:00+00:00,0.09735,0.09742,0.09702,0.09739,415477.65
2026-03-07 03:00:00+00:00,0.09739,0.09774,0.09687,0.09688,368527.4
2026-03-07 04:00:00+00:00,0.09688,0.09716,0.09653,0.09696,420725.78
2026-03-07 05:00:00+00:00,0.09696,0.09716,0.09684,0.09706,218794.17
2026-03-07 06:00:00+00:00,0.09706,0.09707,0.09631,0.09633,446635.65
2026-03-07 07:00:00+00:00,0.09633,0.09653,0.09618,0.0965,300195.8
2026-03-07 08:00:00+00:00,0.0965,0.09685,0.09638,0.09638,243435.59
2026-03-07 09:00:00+00:00,0.09638,0.0968,0.09616,0.09674,285641.41
2026-03-07 10:00:00+00:00,0.09674,0.09683,0.09638,0.09639,231158.94
2026-03-07 11:00:00+00:00,0.09639,0.09679,0.09619,0.09651,286973.17
2026-03-07 12:00:00+00:00,0.09651,0.09662,0.09617,0.09623,227393.13
2026-03-07 13:00:00+00:00,0.09623,0.09648,0.09618,0.0964,514218.43
2026-03-07 14:00:00+00:00,0.0964,0.0965,0.0958,0.09632,832703.28
2026-03-07 15:00:00+00:00,0.09632,0.09639,0.09574,0.09604,436969.62
2026-03-07 16:00:00+00:00,0.09604,0.09618,0.09584,0.09615,260604.87
2026-03-07 17:00:00+00:00,0.09615,0.09666,0.09612,0.0964,296625.54
2026-03-07 18:00:00+00:00,0.0964,0.09642,0.09588,0.09594,394779.61
2026-03-07 19:00:00+00:00,0.09594,0.096,0.09539,0.09557,557038.17
2026-03-07 20:00:00+00:00,0.09557,0.09601,0.09557,0.09593,391207.88
2026-03-07 21:00:00+00:00,0.09593,0.09606,0.09581,0.09588,319444.81
2026-03-07 22:00:00+00:00,0.09588,0.09594,0.09517,0.0954,463602.28
2026-03-07 23:00:00+00:00,0.0954,0.09579,0.09535,0.09578,300770.5
2026-03-08 00:00:00+00:00,0.09578,0.09586,0.09523,0.09537,297471.04
2026-03-08 01:00:00+00:00,0.09537,0.09561,0.09528,0.0955,352338.22
2026-03-08 02:00:00+00:00,0.0955,0.09551,0.09453,0.0946,662623.13
2026-03-08 03:00:00+00:00,0.0946,0.09491,0.09443,0.09463,357917.69
2026-03-08 04:00:00+00:00,0.09463,0.09475,0.09389,0.09407,605900.76
2026-03-08 05:00:00+00:00,0.09407,0.09479,0.09404,0.09465,440767.04
2026-03-08 06:00:00+00:00,0.09465,0.09483,0.09432,0.09477,398585.97
2026-03-08 07:00:00+00:00,0.09477,0.09519,0.09471,0.09505,316326.49
2026-03-08 08:00:00+00:00,0.09505,0.09519,0.09472,0.09515,402247.05
2026-03-08 09:00:00+00:00,0.09515,0.0958,0.09502,0.09568,554666.62
2026-03-08 10:00:00+00:00,0.09568,0.09672,0.09568,0.09622,801707.76
2026-03-08 11:00:00+00:00,0.09622,0.09622,0.09511,0.09535,730102.91
2026-03-08 12:00:00+00:00,0.09535,0.09571,0.09466,0.09526,611892.82
2026-03-08 13:00:00+00:00,0.09526,0.09532,0.09445,0.09504,750695.98
2026-03-08 14:00:00+00:00,0.09504,0.09527,0.09475,0.0951,492818.2
2026-03-08 15:00:00+00:00,0.0951,0.09519,0.09451,0.09466,630988.06
2026-03-08 16:00:00+00:00,0.09466,0.09467,0.09411,0.09429,561897.96
2026-03-08 17:00:00+00:00,0.09429,0.09491,0.09429,0.09445,450322.97
2026-03-08 18:00:00+00:00,0.09445,0.09454,0.09397,0.0943,778212.22
2026-03-08 19:00:00+00:00,0.0943,0.09539,0.09415,0.09512,731855.38
2026-03-08 20:00:00+00:00,0.09512,0.09551,0.09475,0.09491,562529.2
2026-03-08 21:00:00+00:00,0.09491,0.09498,0.09422,0.09472,481897.43
2026-03-08 22:00:00+00:00,0.09472,0.09472,0.09297,0.09439,2333835.19
2026-03-08 23:00:00+00:00,0.09439,0.09469,0.09381,0.09391,797849.33
2026-03-09 00:00:00+00:00,0.09391,0.09533,0.09381,0.09465,1138150.66
2026-03-09 01:00:00+00:00,0.09465,0.09502,0.09406,0.09412,935726.56
2026-03-09 02:00:00+00:00,0.09412,0.09481,0.0938,0.0946,899701.79
2026-03-09 03:00:00+00:00,0.0946,0.09632,0.09453,0.09539,1742445.54
2026-03-09 04:00:00+00:00,0.09539,0.09623,0.09518,0.0952,710194.45
2026-03-09 05:00:00+00:00,0.0952,0.09666,0.09505,0.09639,1281812.47
2026-03-09 06:00:00+00:00,0.09639,0.09646,0.09528,0.09533,589845.19
2026-03-09 07:00:00+00:00,0.09533,0.09537,0.09442,0.09523,703790.15
2026-03-09 08:00:00+00:00,0.09523,0.09578,0.09496,0.09543,706650.65
2026-03-09 09:00:00+00:00,0.09543,0.09612,0.09502,0.09528,924231.6
2026-03-09 10:00:00+00:00,0.09528,0.09547,0.09471,0.09474,602715.94
2026-03-09 11:00:00+00:00,0.09474,0.09486,0.09406,0.09449,774026.65
2026-03-09 12:00:00+00:00,0.09449,0.09523,0.09449,0.09486,753058.18
2026-03-09 13:00:00+00:00,0.09486,0.0961,0.0945,0.0958,1506375.14
2026-03-09 14:00:00+00:00,0.0958,0.09629,0.09526,0.09575,1771397.32
2026-03-09 15:00:00+00:00,0.09575,0.09599,0.09462,0.09465,1025434.19
2026-03-09 16:00:00+00:00,0.09465,0.09499,0.0941,0.09467,1065494.63
2026-03-09 17:00:00+00:00,0.09467,0.09501,0.0942,0.09459,821812.93
2026-03-09 18:00:00+00:00,0.09459,0.09465,0.09397,0.09414,897567.29
2026-03-09 19:00:00+00:00,0.09414,0.09579,0.09383,0.09456,1726585.06
2026-03-09 20:00:00+00:00,0.09456,0.09486,0.09432,0.09478,801399.16
2026-03-09 21:00:00+00:00,0.09478,0.09503,0.0943,0.09491,730686.05
2026-03-09 22:00:00+00:00,0.09491,0.09507,0.09419,0.09435,761448.07
2026-03-09 23:00:00+00:00,0.09435,0.09459,0.09421,0.09433,439587.2
2026-03-10 00:00:00+00:00,0.09433,0.09553,0.09422,0.09509,728261.78
2026-03-10 01:00:00+00:00,0.09509,0.09554,0.09474,0.0953,567054.34
2026-03-10 02:00:00+00:00,0.0953,0.09642,0.09519,0.09615,1340869.59
2026-03-10 03:00:00+00:00,0.09615,0.09635,0.09487,0.0951,873510.95
2026-03-10 04:00:00+00:00,0.0951,0.0959,0.0951,0.09579,497934.44
2026-03-10 05:00:00+00:00,0.09579,0.09604,0.0954,0.09553,414753.05
2026-03-10 06:00:00+00:00,0.09553,0.09555,0.0949,0.09496,451079.06
2026-03-10 07:00:00+00:00,0.09496,0.09543,0.09484,0.09521,678378.76
2026-03-10 08:00:00+00:00,0.09521,0.09586,0.0951,0.0953,1188262.21
2026-03-10 09:00:00+00:00,0.0953,0.09705,0.0953,0.0969,1325820.75
2026-03-10 10:00:00+00:00,0.0969,0.09707,0.09624,0.09698,926097.4
2026-03-10 11:00:00+00:00,0.09698,0.09711,0.09632,0.09637,792699.63
2026-03-10 12:00:00+00:00,0.09637,0.09652,0.09588,0.09649,745897.52
2026-03-10 13:00:00+00:00,0.09649,0.09729,0.09563,0.09607,1354584.49
2026-03-10 14:00:00+00:00,0.09607,0.09879,0.09533,0.09875,2598166.63
2026-03-10 15:00:00+00:00,0.09875,0.09893,0.0974,0.09822,1964384.27
2026-03-10 16:00:00+00:00,0.09822,0.09896,0.09772,0.09844,1383773.44
2026-03-10 17:00:00+00:00,0.09844,0.09878,0.09719,0.09751,1426056.38
2026-03-10 18:00:00+00:00,0.09751,0.09753,0.096,0.09624,1831162.38
2026-03-10 19:00:00+00:00,0.09624,0.09652,0.09565,0.09604,912214.62
2026-03-10 20:00:00+00:00,0.09604,0.09627,0.09578,0.09597,805092.45
2026-03-10 21:00:00+00:00,0.09597,0.09635,0.09509,0.09539,823318.66
2026-03-10 22:00:00+00:00,0.09539,0.09567,0.09504,0.09522,701695.44
2026-03-10 23:00:00+00:00,0.09522,0.09541,0.09477,0.09517,1058292.36
2026-03-11 00:00:00+00:00,0.09517,0.09547,0.0948,0.09511,787530.04
2026-03-11 01:00:00+00:00,0.09511,0.09516,0.09471,0.09485,573321.48
2026-03-11 02:00:00+00:00,0.09485,0.09487,0.0942,0.09466,591356.58
2026-03-11 03:00:00+00:00,0.09466,0.09484,0.0943,0.09443,385463.15
2026-03-11 04:00:00+00:00,0.09443,0.09506,0.09422,0.095,597289.77
2026-03-11 05:00:00+00:00,0.095,0.09507,0.09383,0.09413,619751.59
2026-03-11 06:00:00+00:00,0.09413,0.09457,0.09412,0.09444,431008.18
2026-03-11 07:00:00+00:00,0.09444,0.09452,0.09387,0.09398,517189.86
2026-03-11 08:00:00+00:00,0.09398,0.09413,0.09368,0.09385,607274.05
2026-03-11 09:00:00+00:00,0.09385,0.09385,0.09331,0.09342,717926.96
2026-03-11 10:00:00+00:00,0.09342,0.09399,0.09332,0.09385,623968.41
2026-03-11 11:00:00+00:00,0.09385,0.09407,0.09368,0.09379,637349.0
2026-03-11 12:00:00+00:00,0.09379,0.09473,0.09348,0.09438,1028318.8
2026-03-11 13:00:00+00:00,0.09438,0.09619,0.09424,0.09498,1906384.83
2026-03-11 14:00:00+00:00,0.09498,0.09569,0.09467,0.09504,1257615.24
2026-03-11 15:00:00+00:00,0.09504,0.09511,0.09343,0.09403,1683798.03
2026-03-11 16:00:00+00:00,0.09403,0.09421,0.09349,0.09414,1297450.35
2026-03-11 17:00:00+00:00,0.09414,0.09484,0.09376,0.0945,1827875.79
2026-03-11 18:00:00+00:00,0.0945,0.0953,0.09445,0.09525,1150877.15
2026-03-11 19:00:00+00:00,0.09525,0.09534,0.09458,0.09491,845132.07
2026-03-11 20:00:00+00:00,0.09491,0.09511,0.0944,0.09502,602677.41
2026-03-11 21:00:00+00:00,0.09502,0.09549,0.09461,0.09547,471902.31
2026-03-11 22:00:00+00:00,0.09547,0.09559,0.09441,0.0947,870430.7
2026-03-11 23:00:00+00:00,0.0947,0.09489,0.09403,0.09422,529430.19
2026-03-12 00:00:00+00:00,0.09422,0.09486,0.09414,0.09479,407712.14
2026-03-12 01:00:00+00:00,0.09479,0.09484,0.09399,0.09439,701937.36
2026-03-12 02:00:00+00:00,0.09439,0.09464,0.09358,0.09369,911749.89
2026-03-12 03:00:00+00:00,0.09369,0.09401,0.09353,0.09379,461691.04
2026-03-12 04:00:00+00:00,0.09379,0.09404,0.0935,0.09351,363208.66
2026-03-12 05:00:00+00:00,0.09351,0.09362,0.09309,0.09346,613540.39
2026-03-12 06:00:00+00:00,0.09346,0.09386,0.09325,0.09383,460449.64
2026-03-12 07:00:00+00:00,0.09383,0.09451,0.09371,0.09448,465674.46
2026-03-12 08:00:00+00:00,0.09448,0.09504,0.0942,0.09447,542560.08
2026-03-12 09:00:00+00:00,0.09447,0.09506,0.09414,0.09453,694636.13
2026-03-12 10:00:00+00:00,0.09453,0.09515,0.0944,0.09492,617626.91
2026-03-12 11:00:00+00:00,0.09492,0.09516,0.0947,0.0949,687344.48
2026-03-12 12:00:00+00:00,0.0949,0.09542,0.09473,0.09503,981961.07
2026-03-12 13:00:00+00:00,0.09503,0.09544,0.09397,0.09434,1401598.64
2026-03-12 14:00:00+00:00,0.09434,0.09494,0.09325,0.09367,1197359.2
2026-03-12 15:00:00+00:00,0.09367,0.09439,0.09341,0.0942,1101579.25
2026-03-12 16:00:00+00:00,0.0942,0.09465,0.0936,0.09435,758782.26
2026-03-12 17:00:00+00:00,0.09435,0.09457,0.0939,0.09412,561337.85
2026-03-12 18:00:00+00:00,0.09412,0.09424,0.0936,0.09382,546276.1
2026-03-12 19:00:00+00:00,0.09382,0.09457,0.09363,0.0944,459709.97
2026-03-12 20:00:00+00:00,0.0944,0.09452,0.09386,0.09399,351386.57
2026-03-12 21:00:00+00:00,0.09399,0.09432,0.09384,0.09426,325395.89
2026-03-12 22:00:00+00:00,0.09426,0.09456,0.09421,0.09456,408942.79
2026-03-12 23:00:00+00:00,0.09456,0.09511,0.09452,0.09484,749599.65
2026-03-13 00:00:00+00:00,0.09484,0.09666,0.0946,0.09588,2194782.85
2026-03-13 01:00:00+00:00,0.09588,0.09694,0.09587,0.09685,880593.22
2026-03-13 02:00:00+00:00,0.09685,0.09691,0.09617,0.09645,828473.97
2026-03-13 03:00:00+00:00,0.09645,0.09704,0.09597,0.09686,723711.35
2026-03-13 04:00:00+00:00,0.09686,0.09707,0.09648,0.09677,540911.0
2026-03-13 05:00:00+00:00,0.09677,0.09731,0.09649,0.09692,777227.03
2026-03-13 06:00:00+00:00,0.09692,0.09714,0.09619,0.09638,809936.34
2026-03-13 07:00:00+00:00,0.09638,0.09679,0.09622,0.09671,607558.91
2026-03-13 08:00:00+00:00,0.09671,0.09736,0.09628,0.09692,1268147.2
2026-03-13 09:00:00+00:00,0.09692,0.09765,0.09685,0.0975,805203.45
2026-03-13 10:00:00+00:00,0.0975,0.09829,0.09749,0.09794,1102588.57
2026-03-13 11:00:00+00:00,0.09794,0.09829,0.09791,0.09828,674913.49
2026-03-13 12:00:00+00:00,0.09828,0.09973,0.09815,0.09923,1859537.31
2026-03-13 13:00:00+00:00,0.09923,0.0999,0.09877,0.09951,2001492.17
2026-03-13 14:00:00+00:00,0.09951,0.09986,0.09776,0.09785,2138317.8
2026-03-13 15:00:00+00:00,0.09785,0.09855,0.09718,0.09742,1609603.15
2026-03-13 16:00:00+00:00,0.09742,0.09766,0.09657,0.09726,1578893.59
2026-03-13 17:00:00+00:00,0.09726,0.09745,0.09542,0.09568,1730809.88
2026-03-13 18:00:00+00:00,0.09568,0.09593,0.09529,0.09529,893631.27
2026-03-13 19:00:00+00:00,0.09529,0.0954,0.09487,0.09511,797146.45
2026-03-13 20:00:00+00:00,0.09511,0.09515,0.09483,0.09495,532656.35
2026-03-13 21:00:00+00:00,0.09495,0.09543,0.09491,0.09526,612791.11
2026-03-13 22:00:00+00:00,0.09526,0.09527,0.09455,0.09483,723004.19
2026-03-13 23:00:00+00:00,0.09483,0.09516,0.09478,0.09513,311104.79
2026-03-14 00:00:00+00:00,0.09513,0.09532,0.09457,0.09473,504968.89
2026-03-14 01:00:00+00:00,0.09473,0.09498,0.09449,0.09483,603787.56
2026-03-14 02:00:00+00:00,0.09483,0.09488,0.09452,0.09479,455881.5
2026-03-14 03:00:00+00:00,0.09479,0.0952,0.09471,0.09499,440477.77
2026-03-14 04:00:00+00:00,0.09499,0.09525,0.09471,0.09477,532157.54
2026-03-14 05:00:00+00:00,0.09477,0.09481,0.09415,0.09428,513546.39
2026-03-14 06:00:00+00:00,0.09428,0.09428,0.09336,0.09365,1481093.43
2026-03-14 07:00:00+00:00,0.09365,0.09365,0.09282,0.09304,1244298.59
2026-03-14 08:00:00+00:00,0.09304,0.09305,0.09275,0.09294,877518.38
2026-03-14 09:00:00+00:00,0.09294,0.09303,0.0927,0.09277,592555.98
2026-03-14 10:00:00+00:00,0.09277,0.09282,0.09256,0.09271,776532.8
2026-03-14 11:00:00+00:00,0.09271,0.09334,0.09263,0.09311,949832.66
2026-03-14 12:00:00+00:00,0.09311,0.09312,0.09211,0.0924,1034136.94
2026-03-14 13:00:00+00:00,0.0924,0.09301,0.09224,0.09243,817558.98
2026-03-14 14:00:00+00:00,0.09243,0.09279,0.09227,0.0923,771122.45
2026-03-14 15:00:00+00:00,0.0923,0.09236,0.09195,0.09227,1050894.93
2026-03-14 16:00:00+00:00,0.09227,0.09231,0.09201,0.09224,683337.8
2026-03-14 17:00:00+00:00,0.09224,0.0923,0.09199,0.09202,587184.12
2026-03-14 18:00:00+00:00,0.09202,0.09217,0.09193,0.09204,667418.44
2026-03-14 19:00:00+00:00,0.09204,0.09205,0.09157,0.0917,1087823.62
2026-03-14 20:00:00+00:00,0.0917,0.092,0.09131,0.0918,1865063.06
2026-03-14 21:00:00+00:00,0.0918,0.09248,0.0917,0.09244,423294.17
2026-03-14 22:00:00+00:00,0.09244,0.09326,0.09243,0.09275,631249.75
2026-03-14 23:00:00+00:00,0.09275,0.09378,0.09275,0.09356,1118144.51
2026-03-15 00:00:00+00:00,0.09356,0.0937,0.09296,0.09324,689783.52
2026-03-15 01:00:00+00:00,0.09324,0.09369,0.09322,0.09364,503927.73
2026-03-15 02:00:00+00:00,0.09364,0.09553,0.09364,0.09546,1935308.93
2026-03-15 03:00:00+00:00,0.09546,0.09581,0.09471,0.09505,1314007.54
2026-03-15 04:00:00+00:00,0.09505,0.09535,0.09467,0.09524,901357.47
2026-03-15 05:00:00+00:00,0.09524,0.09558,0.09493,0.09507,948975.11
2026-03-15 06:00:00+00:00,0.09507,0.09522,0.0946,0.09486,720213.56
2026-03-15 07:00:00+00:00,0.09486,0.09528,0.09476,0.09528,1055633.58
2026-03-15 08:00:00+00:00,0.09528,0.09602,0.09522,0.09597,1282802.4
2026-03-15 09:00:00+00:00,0.09597,0.09653,0.09588,0.09625,1434046.95
2026-03-15 10:00:00+00:00,0.09625,0.09718,0.09625,0.09668,1677709.94
2026-03-15 11:00:00+00:00,0.09668,0.09686,0.09623,0.0965,978930.15
2026-03-15 12:00:00+00:00,0.0965,0.09662,0.09558,0.09582,1315157.55
2026-03-15 13:00:00+00:00,0.09582,0.09616,0.09471,0.09567,1906678.01
2026-03-15 14:00:00+00:00,0.09567,0.09573,0.09506,0.09542,657071.58
2026-03-15 15:00:00+00:00,0.09542,0.09553,0.09515,0.09534,273404.19
2026-03-15 16:00:00+00:00,0.09534,0.09581,0.09513,0.09522,650768.58
2026-03-15 17:00:00+00:00,0.09522,0.09598,0.09512,0.09572,564892.14
2026-03-15 18:00:00+00:00,0.09572,0.09602,0.09514,0.09522,545895.73
2026-03-15 19:00:00+00:00,0.09522,0.09551,0.09518,0.09538,383485.18
2026-03-15 20:00:00+00:00,0.09538,0.09585,0.09503,0.0955,577668.71
2026-03-15 21:00:00+00:00,0.0955,0.09615,0.09528,0.09591,768155.67
2026-03-15 22:00:00+00:00,0.09591,0.09695,0.09537,0.09657,1747392.1
2026-03-15 23:00:00+00:00,0.09657,0.09683,0.09561,0.0963,2672698.4
2026-03-16 00:00:00+00:00,0.0963,0.09656,0.09585,0.09609,692976.16
2026-03-16 01:00:00+00:00,0.09609,0.09632,0.09577,0.09603,676607.11
2026-03-16 02:00:00+00:00,0.09603,0.09618,0.09548,0.096,692278.22
2026-03-16 03:00:00+00:00,0.096,0.09782,0.09584,0.09703,2611668.42
2026-03-16 04:00:00+00:00,0.09703,0.09823,0.09703,0.09791,1948351.26
2026-03-16 05:00:00+00:00,0.09791,0.09879,0.09774,0.0986,1546777.5
2026-03-16 06:00:00+00:00,0.0986,0.09866,0.09775,0.09827,1429868.74
2026-03-16 07:00:00+00:00,0.09827,0.09905,0.09826,0.09868,1733970.29
2026-03-16 08:00:00+00:00,0.09868,0.09921,0.09718,0.0976,3495694.9
2026-03-16 09:00:00+00:00,0.0976,0.09842,0.0976,0.09817,939476.89
2026-03-16 10:00:00+00:00,0.09817,0.09839,0.09767,0.09821,1235378.88
2026-03-16 11:00:00+00:00,0.09821,0.09826,0.09744,0.09794,1043235.42
2026-03-16 12:00:00+00:00,0.09794,0.09871,0.0979,0.09866,1480483.74
2026-03-16 13:00:00+00:00,0.09866,0.09954,0.09842,0.09875,2233365.78
2026-03-16 14:00:00+00:00,0.09875,0.09932,0.09788,0.09897,2033967.56
2026-03-16 15:00:00+00:00,0.09897,0.09952,0.09808,0.09812,2119298.33
2026-03-16 16:00:00+00:00,0.09812,0.09914,0.09802,0.09892,1206355.93
2026-03-16 17:00:00+00:00,0.09892,0.09937,0.09843,0.09924,1316186.34
2026-03-16 18:00:00+00:00,0.09924,0.09985,0.09914,0.09935,1685573.2
2026-03-16 19:00:00+00:00,0.09935,0.09995,0.0991,0.09953,1170118.18
2026-03-16 20:00:00+00:00,0.09953,0.1004,0.09945,0.1003,1251125.9
2026-03-16 21:00:00+00:00,0.1003,0.101,0.1,0.1003,1560374.92
2026-03-16 22:00:00+00:00,0.1003,0.1009,0.1002,0.1007,1512147.42
2026-03-16 23:00:00+00:00,0.1007,0.1007,0.09974,0.1003,1439294.87
2026-03-17 00:00:00+00:00,0.1003,0.1009,0.09988,0.1006,1906629.76
2026-03-17 01:00:00+00:00,0.1006,0.1013,0.1001,0.1008,1833225.34
2026-03-17 02:00:00+00:00,0.1008,0.1016,0.1002,0.1009,1348170.1
2026-03-17 03:00:00+00:00,0.1009,0.101,0.09902,0.09937,1841087.1
2026-03-17 04:00:00+00:00,0.09937,0.09966,0.09789,0.09854,1713315.27
2026-03-17 05:00:00+00:00,0.09854,0.09876,0.0978,0.09827,887234.39
2026-03-17 06:00:00+00:00,0.09827,0.09868,0.09783,0.09827,870441.35
2026-03-17 07:00:00+00:00,0.09827,0.09933,0.09821,0.09911,637940.75
2026-03-17 08:00:00+00:00,0.09911,0.09946,0.09873,0.09889,866133.6
2026-03-17 09:00:00+00:00,0.09889,0.09949,0.09862,0.09907,865829.26
2026-03-17 10:00:00+00:00,0.09907,0.09916,0.09865,0.09894,716654.09
2026-03-17 11:00:00+00:00,0.09894,0.09954,0.09874,0.09909,777422.55
2026-03-17 12:00:00+00:00,0.09909,0.09916,0.0983,0.09845,718117.01
2026-03-17 13:00:00+00:00,0.09845,0.09935,0.0982,0.0984,1351323.72
2026-03-17 14:00:00+00:00,0.0984,0.09929,0.09818,0.09908,856306.67
2026-03-17 15:00:00+00:00,0.09908,0.09976,0.09864,0.09921,1307635.75
2026-03-17 16:00:00+00:00,0.09921,0.09977,0.09888,0.09903,935104.92
2026-03-17 17:00:00+00:00,0.09903,0.09935,0.09885,0.09924,674413.69
2026-03-17 18:00:00+00:00,0.09924,0.09938,0.09889,0.09904,1044761.32
2026-03-17 19:00:00+00:00,0.09904,0.09916,0.0986,0.0986,678367.99
2026-03-17 20:00:00+00:00,0.0986,0.09893,0.09842,0.0988,590921.39
2026-03-17 21:00:00+00:00,0.0988,0.09949,0.0988,0.09927,621444.05
2026-03-17 22:00:00+00:00,0.09927,0.09947,0.09854,0.09906,506280.0
2026-03-17 23:00:00+00:00,0.09906,0.09914,0.0987,0.09873,435870.04
2026-03-18 00:00:00+00:00,0.09873,0.09909,0.0984,0.09905,579338.42
2026-03-18 01:00:00+00:00,0.09905,0.09943,0.099,0.09925,761845.17
2026-03-18 02:00:00+00:00,0.09925,0.1004,0.0992,0.09998,845048.4
2026-03-18 03:00:00+00:00,0.09998,0.1008,0.09998,0.1001,907329.85
2026-03-18 04:00:00+00:00,0.1001,0.1001,0.09959,0.09989,373249.86
2026-03-18 05:00:00+00:00,0.09989,0.1008,0.09958,0.09965,960342.49
2026-03-18 06:00:00+00:00,0.09965,0.1003,0.09959,0.0996,500387.64
2026-03-18 07:00:00+00:00,0.0996,0.0996,0.099,0.09944,521594.63
2026-03-18 08:00:00+00:00,0.09944,0.09987,0.0992,0.09929,422773.43
2026-03-18 09:00:00+00:00,0.09929,0.09965,0.09903,0.09951,1116853.95
2026-03-18 10:00:00+00:00,0.09951,0.09956,0.09841,0.09877,651177.01
2026-03-18 11:00:00+00:00,0.09877,0.09903,0.09713,0.09743,2064571.65
2026-03-18 12:00:00+00:00,0.09743,0.0975,0.09635,0.09658,1501968.49
2026-03-18 13:00:00+00:00,0.09658,0.0971,0.09588,0.09667,1405298.52
2026-03-18 14:00:00+00:00,0.09667,0.09672,0.09523,0.09527,1732184.43
2026-03-18 15:00:00+00:00,0.09527,0.09571,0.0948,0.09527,1596130.51
2026-03-18 16:00:00+00:00,0.09527,0.09536,0.09483,0.09513,748977.17
2026-03-18 17:00:00+00:00,0.09513,0.09614,0.09494,0.09592,844475.18
2026-03-18 18:00:00+00:00,0.09592,0.09658,0.09536,0.09553,1120897.98
2026-03-18 19:00:00+00:00,0.09553,0.0959,0.09503,0.09512,713392.85
2026-03-18 20:00:00+00:00,0.09512,0.09563,0.09452,0.09551,844760.42
2026-03-18 21:00:00+00:00,0.09551,0.0959,0.09543,0.09577,321641.79
2026-03-18 22:00:00+00:00,0.09577,0.09579,0.09539,0.09559,273208.68
2026-03-18 23:00:00+00:00,0.09559,0.09588,0.0954,0.09579,395754.51
2026-03-19 00:00:00+00:00,0.09579,0.09588,0.09547,0.09551,313179.81
2026-03-19 01:00:00+00:00,0.09551,0.0958,0.09534,0.0956,243268.21
2026-03-19 02:00:00+00:00,0.0956,0.09569,0.09521,0.09558,275279.16
2026-03-19 03:00:00+00:00,0.09558,0.09649,0.09551,0.09605,761272.05
2026-03-19 04:00:00+00:00,0.09605,0.09605,0.09521,0.09523,712500.04
2026-03-19 05:00:00+00:00,0.09523,0.09538,0.09486,0.09499,374786.28
2026-03-19 06:00:00+00:00,0.09499,0.09523,0.09454,0.09462,729303.9
2026-03-19 07:00:00+00:00,0.09462,0.09462,0.09346,0.09373,1336212.38
2026-03-19 08:00:00+00:00,0.09373,0.09388,0.09338,0.09348,770121.01
2026-03-19 09:00:00+00:00,0.09348,0.09421,0.09339,0.09406,832488.5
2026-03-19 10:00:00+00:00,0.09406,0.09412,0.09355,0.09357,472588.4
2026-03-19 11:00:00+00:00,0.09357,0.09372,0.0932,0.09324,612130.62
2026-03-19 12:00:00+00:00,0.09324,0.09325,0.09198,0.09199,1311165.7
2026-03-19 13:00:00+00:00,0.09199,0.09302,0.09179,0.0929,1866045.99
2026-03-19 14:00:00+00:00,0.0929,0.09313,0.09215,0.09245,1035062.85
2026-03-19 15:00:00+00:00,0.09245,0.09261,0.09143,0.0922,1166588.11
2026-03-19 16:00:00+00:00,0.0922,0.09233,0.09191,0.09201,725342.77
2026-03-19 17:00:00+00:00,0.09201,0.09281,0.09172,0.09268,583188.58
2026-03-19 18:00:00+00:00,0.09268,0.09268,0.09214,0.09244,367964.98
2026-03-19 19:00:00+00:00,0.09244,0.09375,0.09241,0.09316,1320832.92
2026-03-19 20:00:00+00:00,0.09316,0.09362,0.09301,0.09338,528406.32
2026-03-19 21:00:00+00:00,0.09338,0.09353,0.09305,0.09334,410463.96
2026-03-19 22:00:00+00:00,0.09334,0.09337,0.09275,0.09305,429184.27
2026-03-19 23:00:00+00:00,0.09305,0.0933,0.0926,0.0929,389520.87
2026-03-20 00:00:00+00:00,0.0929,0.09316,0.09272,0.09285,567117.22
2026-03-20 01:00:00+00:00,0.09285,0.09337,0.09285,0.09315,424980.65
2026-03-20 02:00:00+00:00,0.09315,0.09353,0.09286,0.09334,390107.94
2026-03-20 03:00:00+00:00,0.09334,0.09403,0.09325,0.09391,483949.55
2026-03-20 04:00:00+00:00,0.09391,0.09438,0.09361,0.09426,413245.64
2026-03-20 05:00:00+00:00,0.09426,0.09474,0.09386,0.09418,646069.94
2026-03-20 06:00:00+00:00,0.09418,0.09422,0.09389,0.09394,380418.1
2026-03-20 07:00:00+00:00,0.09394,0.09426,0.09349,0.09419,656179.59
2026-03-20 08:00:00+00:00,0.09419,0.09478,0.09402,0.0942,761985.17
2026-03-20 09:00:00+00:00,0.0942,0.0942,0.09332,0.09345,574394.58
2026-03-20 10:00:00+00:00,0.09345,0.09389,0.0931,0.09378,354110.53
2026-03-20 11:00:00+00:00,0.09378,0.09395,0.09313,0.09357,450409.17
2026-03-20 12:00:00+00:00,0.09357,0.09393,0.09322,0.09334,354407.26
2026-03-20 13:00:00+00:00,0.09334,0.09378,0.09291,0.09301,753042.42
2026-03-20 14:00:00+00:00,0.09301,0.09342,0.09257,0.09258,953283.46
2026-03-20 15:00:00+00:00,0.09258,0.09313,0.09238,0.09293,723936.56
2026-03-20 16:00:00+00:00,0.09293,0.09311,0.0925,0.09288,498741.39
2026-03-20 17:00:00+00:00,0.09288,0.09322,0.09248,0.09316,436780.15
2026-03-20 18:00:00+00:00,0.09316,0.0932,0.09247,0.09271,415323.75
2026-03-20 19:00:00+00:00,0.09271,0.09298,0.09225,0.0929,456552.83
2026-03-20 20:00:00+00:00,0.0929,0.09298,0.09228,0.09266,280647.54
2026-03-20 21:00:00+00:00,0.09266,0.09349,0.09238,0.09338,429705.84
2026-03-20 22:00:00+00:00,0.09338,0.09379,0.09337,0.09356,337271.92
2026-03-20 23:00:00+00:00,0.09356,0.09356,0.09302,0.09319,275297.11
2026-03-21 00:00:00+00:00,0.09319,0.09367,0.09317,0.09344,285724.93
2026-03-21 01:00:00+00:00,0.09344,0.09367,0.09318,0.09321,229964.23
2026-03-21 02:00:00+00:00,0.09321,0.09358,0.09308,0.09345,176069.84
2026-03-21 03:00:00+00:00,0.09345,0.09353,0.09319,0.0932,178361.94
2026-03-21 04:00:00+00:00,0.0932,0.09348,0.09308,0.09312,201667.02
2026-03-21 05:00:00+00:00,0.09312,0.09349,0.09312,0.09325,177870.84
2026-03-21 06:00:00+00:00,0.09325,0.09351,0.09318,0.0933,230709.63
2026-03-21 07:00:00+00:00,0.0933,0.09341,0.09289,0.0929,254936.64
2026-03-21 08:00:00+00:00,0.0929,0.09305,0.09286,0.09294,161699.86
2026-03-21 09:00:00+00:00,0.09294,0.09308,0.09263,0.09271,233508.58
2026-03-21 10:00:00+00:00,0.09271,0.09272,0.09237,0.09261,309342.3
2026-03-21 11:00:00+00:00,0.09261,0.09289,0.09253,0.09285,192582.19
2026-03-21 12:00:00+00:00,0.09285,0.09296,0.09266,0.09292,314854.94
2026-03-21 13:00:00+00:00,0.09292,0.093,0.09278,0.09294,166669.81
2026-03-21 14:00:00+00:00,0.09294,0.09347,0.09281,0.0929,378244.65
2026-03-21 15:00:00+00:00,0.0929,0.09344,0.09286,0.09341,255524.52
2026-03-21 16:00:00+00:00,0.09341,0.09347,0.09291,0.09301,362531.77
2026-03-21 17:00:00+00:00,0.09301,0.0932,0.09293,0.09312,134505.68
2026-03-21 18:00:00+00:00,0.09312,0.09326,0.093,0.09302,168587.03
2026-03-21 19:00:00+00:00,0.09302,0.09318,0.09286,0.09311,198784.55
2026-03-21 20:00:00+00:00,0.09311,0.09332,0.09299,0.09325,155101.33
2026-03-21 21:00:00+00:00,0.09325,0.09335,0.09297,0.09323,235954.54
2026-03-21 22:00:00+00:00,0.09323,0.09369,0.09313,0.09351,378769.85
2026-03-21 23:00:00+00:00,0.09351,0.09358,0.0912,0.09156,3045469.66
2026-03-22 00:00:00+00:00,0.09156,0.09185,0.09045,0.09127,1612833.48
2026-03-22 01:00:00+00:00,0.09127,0.09159,0.09085,0.0913,531212.78
2026-03-22 02:00:00+00:00,0.0913,0.09201,0.09114,0.09161,527382.32
2026-03-22 03:00:00+00:00,0.09161,0.09231,0.09138,0.09174,450116.78
2026-03-22 04:00:00+00:00,0.09174,0.09216,0.09159,0.09185,387225.3
2026-03-22 05:00:00+00:00,0.09185,0.09185,0.09131,0.09132,370689.04
2026-03-22 06:00:00+00:00,0.09132,0.09133,0.09104,0.09125,327827.59
2026-03-22 07:00:00+00:00,0.09125,0.09132,0.09045,0.09046,452199.19
2026-03-22 08:00:00+00:00,0.09046,0.09052,0.09012,0.09043,1020867.05
2026-03-22 09:00:00+00:00,0.09043,0.09059,0.09015,0.09019,458565.57
2026-03-22 10:00:00+00:00,0.09019,0.09019,0.08973,0.08986,640402.72
2026-03-22 11:00:00+00:00,0.08986,0.08987,0.08951,0.08962,508361.11
2026-03-22 12:00:00+00:00,0.08962,0.09037,0.08957,0.09015,689358.95
2026-03-22 13:00:00+00:00,0.09015,0.09038,0.08983,0.09006,512759.44
2026-03-22 14:00:00+00:00,0.09006,0.09026,0.08962,0.08974,524318.41
2026-03-22 15:00:00+00:00,0.08974,0.09005,0.08933,0.08965,772715.4
2026-03-22 16:00:00+00:00,0.08965,0.08992,0.08952,0.08976,401553.79
2026-03-22 17:00:00+00:00,0.08976,0.08976,0.0894,0.08952,312347.64
2026-03-22 18:00:00+00:00,0.08952,0.0896,0.08894,0.0896,465571.86
2026-03-22 19:00:00+00:00,0.0896,0.08962,0.08901,0.0892,584549.21
2026-03-22 20:00:00+00:00,0.0892,0.08948,0.08902,0.08908,504206.31
2026-03-22 21:00:00+00:00,0.08908,0.08916,0.08806,0.08884,1784441.04
2026-03-22 22:00:00+00:00,0.08884,0.08956,0.08829,0.08954,1762090.11
2026-03-22 23:00:00+00:00,0.08954,0.08985,0.0891,0.0892,369406.52
2026-03-23 00:00:00+00:00,0.0892,0.08963,0.08888,0.08932,626923.81
2026-03-23 01:00:00+00:00,0.08932,0.08978,0.08913,0.08947,449690.8
2026-03-23 02:00:00+00:00,0.08947,0.09023,0.08947,0.08998,514240.01
2026-03-23 03:00:00+00:00,0.08998,0.09041,0.08977,0.0898,403611.91
2026-03-23 04:00:00+00:00,0.0898,0.09053,0.08977,0.09048,463400.19
2026-03-23 05:00:00+00:00,0.09048,0.09066,0.0903,0.09061,448576.96
2026-03-23 06:00:00+00:00,0.09061,0.09061,0.08919,0.08941,847890.09
2026-03-23 07:00:00+00:00,0.08941,0.08955,0.08877,0.08927,907605.37
2026-03-23 08:00:00+00:00,0.08927,0.08989,0.08912,0.08922,606394.91
2026-03-23 09:00:00+00:00,0.08922,0.08977,0.08883,0.08977,445593.33
2026-03-23 10:00:00+00:00,0.08977,0.09035,0.08949,0.08984,558518.57
2026-03-23 11:00:00+00:00,0.08984,0.09402,0.08981,0.09221,8110694.16
2026-03-23 12:00:00+00:00,0.09221,0.09313,0.09164,0.09284,2017129.02
2026-03-23 13:00:00+00:00,0.09284,0.09408,0.09261,0.09397,1643977.94
2026-03-23 14:00:00+00:00,0.09397,0.09522,0.09396,0.09487,3236165.68
2026-03-23 15:00:00+00:00,0.09487,0.09509,0.09295,0.09304,2355065.49
2026-03-23 16:00:00+00:00,0.09304,0.09348,0.09216,0.09247,1952341.88
2026-03-23 17:00:00+00:00,0.09247,0.09313,0.09203,0.0925,980222.48
2026-03-23 18:00:00+00:00,0.0925,0.09275,0.09196,0.09275,972571.22
2026-03-23 19:00:00+00:00,0.09275,0.09325,0.09263,0.0928,1080068.08
2026-03-23 20:00:00+00:00,0.0928,0.09384,0.09259,0.09341,543920.53
2026-03-23 21:00:00+00:00,0.09341,0.09376,0.09334,0.09371,405152.15
2026-03-23 22:00:00+00:00,0.09371,0.09378,0.09303,0.09337,749268.85
2026-03-23 23:00:00+00:00,0.09337,0.09337,0.09284,0.09324,555127.6
2026-03-24 00:00:00+00:00,0.09324,0.09346,0.09208,0.09244,935080.68
2026-03-24 01:00:00+00:00,0.09244,0.0925,0.09177,0.09216,814367.49
2026-03-24 02:00:00+00:00,0.09216,0.09294,0.09215,0.09256,952614.63
2026-03-24 03:00:00+00:00,0.09256,0.09318,0.09249,0.09307,520072.63
2026-03-24 04:00:00+00:00,0.09307,0.09327,0.0925,0.09278,378203.24
2026-03-24 05:00:00+00:00,0.09278,0.093,0.09233,0.09271,503769.55
2026-03-24 06:00:00+00:00,0.09271,0.09291,0.09245,0.09273,1077172.12
2026-03-24 07:00:00+00:00,0.09273,0.09425,0.09266,0.09416,1398897.23
2026-03-24 08:00:00+00:00,0.09416,0.09446,0.09401,0.09442,792245.02
2026-03-24 09:00:00+00:00,0.09442,0.09454,0.09403,0.09433,618184.85
2026-03-24 10:00:00+00:00,0.09433,0.09434,0.09375,0.09393,647379.71
2026-03-24 11:00:00+00:00,0.09393,0.09393,0.09341,0.0939,692586.25
2026-03-24 12:00:00+00:00,0.0939,0.09419,0.09355,0.09377,699690.5
2026-03-24 13:00:00+00:00,0.09377,0.09389,0.09293,0.0931,1178509.98
2026-03-24 14:00:00+00:00,0.0931,0.09332,0.09214,0.09285,1394811.5
2026-03-24 15:00:00+00:00,0.09285,0.09324,0.09266,0.09271,741456.4
2026-03-24 16:00:00+00:00,0.09271,0.09293,0.09227,0.0924,588379.02
2026-03-24 17:00:00+00:00,0.0924,0.09246,0.0917,0.09202,979774.89
2026-03-24 18:00:00+00:00,0.09202,0.09272,0.09191,0.09225,573313.29
2026-03-24 19:00:00+00:00,0.09225,0.09281,0.09224,0.09246,376054.27
2026-03-24 20:00:00+00:00,0.09246,0.09408,0.09242,0.09377,1469087.0
2026-03-24 21:00:00+00:00,0.09377,0.09401,0.09333,0.094,407258.75
2026-03-24 22:00:00+00:00,0.094,0.09426,0.0937,0.09387,644741.55
2026-03-24 23:00:00+00:00,0.09387,0.09435,0.09383,0.0942,474466.45
2026-03-25 00:00:00+00:00,0.0942,0.09479,0.0941,0.09445,677354.82
2026-03-25 01:00:00+00:00,0.09445,0.095,0.09435,0.0946,568265.58
2026-03-25 02:00:00+00:00,0.0946,0.09477,0.09415,0.09423,489120.06
2026-03-25 03:00:00+00:00,0.09423,0.09451,0.09389,0.09428,559060.3
2026-03-25 04:00:00+00:00,0.09428,0.09475,0.09425,0.09469,395504.63
2026-03-25 05:00:00+00:00,0.09469,0.09505,0.09458,0.09463,700170.42
2026-03-25 06:00:00+00:00,0.09463,0.09545,0.09455,0.09515,919151.17
2026-03-25 07:00:00+00:00,0.09515,0.09564,0.09496,0.09507,1125614.67
2026-03-25 08:00:00+00:00,0.09507,0.09573,0.09503,0.09545,1027244.22
2026-03-25 09:00:00+00:00,0.09545,0.09556,0.09489,0.09505,522046.48
2026-03-25 10:00:00+00:00,0.09505,0.09546,0.095,0.09517,511933.68
2026-03-25 11:00:00+00:00,0.09517,0.09589,0.09505,0.09539,851760.61
2026-03-25 12:00:00+00:00,0.09539,0.09573,0.09463,0.09533,1082909.37
2026-03-25 13:00:00+00:00,0.09533,0.09585,0.09515,0.09524,1017269.99
2026-03-25 14:00:00+00:00,0.09524,0.09544,0.095,0.09515,856144.18
2026-03-25 15:00:00+00:00,0.09515,0.09519,0.09399,0.09446,1176415.5
2026-03-25 16:00:00+00:00,0.09446,0.09513,0.09415,0.09471,1239309.79
2026-03-25 17:00:00+00:00,0.09471,0.09493,0.09441,0.09459,672410.1
2026-03-25 18:00:00+00:00,0.09459,0.09505,0.0945,0.09466,457631.62
2026-03-25 19:00:00+00:00,0.09466,0.09485,0.0944,0.09458,355329.25
2026-03-25 20:00:00+00:00,0.09458,0.0946,0.09397,0.09437,644146.86
2026-03-25 21:00:00+00:00,0.09437,0.09468,0.09427,0.09454,435729.33
2026-03-25 22:00:00+00:00,0.09454,0.09512,0.09447,0.09487,516905.62
2026-03-25 23:00:00+00:00,0.09487,0.09496,0.09458,0.09472,337466.16
2026-03-26 00:00:00+00:00,0.09472,0.09479,0.09423,0.09449,450711.35
2026-03-26 01:00:00+00:00,0.09449,0.09462,0.09426,0.09437,341747.13
2026-03-26 02:00:00+00:00,0.09437,0.09437,0.09365,0.09391,582119.39
2026-03-26 03:00:00+00:00,0.09391,0.09391,0.09336,0.09361,414032.77
2026-03-26 04:00:00+00:00,0.09361,0.09364,0.09328,0.09339,291165.4
2026-03-26 05:00:00+00:00,0.09339,0.09339,0.09225,0.09231,736681.45
2026-03-26 06:00:00+00:00,0.09231,0.09237,0.09184,0.09197,675622.55
2026-03-26 07:00:00+00:00,0.09197,0.09221,0.09175,0.09206,574858.04
2026-03-26 08:00:00+00:00,0.09206,0.09207,0.09143,0.09164,767774.6
2026-03-26 09:00:00+00:00,0.09164,0.09185,0.09071,0.09111,902738.96
2026-03-26 10:00:00+00:00,0.09111,0.09111,0.09072,0.09103,425649.98
2026-03-26 11:00:00+00:00,0.09103,0.0911,0.09076,0.09084,454568.76
2026-03-26 12:00:00+00:00,0.09084,0.09129,0.09071,0.09122,372502.94
2026-03-26 13:00:00+00:00,0.09122,0.09237,0.09118,0.092,1345618.86
2026-03-26 14:00:00+00:00,0.092,0.09221,0.09121,0.09146,728554.38
2026-03-26 15:00:00+00:00,0.09146,0.09148,0.09069,0.09138,763007.4
2026-03-26 16:00:00+00:00,0.09138,0.09169,0.09101,0.09106,495724.34
2026-03-26 17:00:00+00:00,0.09106,0.09162,0.09082,0.09096,567044.91
2026-03-26 18:00:00+00:00,0.09096,0.09107,0.09063,0.09093,664005.98
2026-03-26 19:00:00+00:00,0.09093,0.09095,0.09047,0.09069,466250.4
2026-03-26 20:00:00+00:00,0.09069,0.09199,0.09051,0.09129,1521034.49
2026-03-26 21:00:00+00:00,0.09129,0.09174,0.09116,0.0916,474930.74
2026-03-26 22:00:00+00:00,0.0916,0.09167,0.09112,0.09132,444037.24
2026-03-26 23:00:00+00:00,0.09132,0.09142,0.09099,0.09116,314253.92
2026-03-27 00:00:00+00:00,0.09116,0.0914,0.09083,0.09102,412687.08
2026-03-27 01:00:00+00:00,0.09102,0.09156,0.09098,0.0915,253000.28
2026-03-27 02:00:00+00:00,0.0915,0.09174,0.09141,0.09152,274109.04
2026-03-27 03:00:00+00:00,0.09152,0.09161,0.09139,0.09147,317886.14
2026-03-27 04:00:00+00:00,0.09147,0.09147,0.09094,0.09134,433652.21
2026-03-27 05:00:00+00:00,0.09134,0.0917,0.09111,0.09118,278777.74
2026-03-27 06:00:00+00:00,0.09118,0.09127,0.09091,0.09098,243594.23
2026-03-27 07:00:00+00:00,0.09098,0.09127,0.09079,0.09122,350187.59
2026-03-27 08:00:00+00:00,0.09122,0.0914,0.09034,0.09088,695280.41
2026-03-27 09:00:00+00:00,0.09088,0.09088,0.09016,0.09047,577350.79
2026-03-27 10:00:00+00:00,0.09047,0.09052,0.08922,0.08929,1529744.01
2026-03-27 11:00:00+00:00,0.08929,0.0898,0.08906,0.08956,651322.75
2026-03-27 12:00:00+00:00,0.08956,0.08958,0.08892,0.08928,655615.03
2026-03-27 13:00:00+00:00,0.08928,0.08973,0.08891,0.08914,927577.79
2026-03-27 14:00:00+00:00,0.08914,0.08954,0.08874,0.08901,937600.55
2026-03-27 15:00:00+00:00,0.08901,0.09003,0.08896,0.08938,1146495.57
2026-03-27 16:00:00+00:00,0.08938,0.08947,0.08893,0.0892,675969.44
2026-03-27 17:00:00+00:00,0.0892,0.08963,0.08876,0.08884,631309.57
2026-03-27 18:00:00+00:00,0.08884,0.08899,0.08857,0.08874,492392.68
2026-03-27 19:00:00+00:00,0.08874,0.08923,0.08857,0.08914,437067.86
2026-03-27 20:00:00+00:00,0.08914,0.08925,0.08879,0.08914,460263.37
2026-03-27 21:00:00+00:00,0.08914,0.08929,0.08888,0.08894,399425.42
2026-03-27 22:00:00+00:00,0.08894,0.089,0.08866,0.08886,249733.77
2026-03-27 23:00:00+00:00,0.08886,0.08915,0.08877,0.08912,263323.94
2026-03-28 00:00:00+00:00,0.08912,0.08926,0.08901,0.08906,204504.32
2026-03-28 01:00:00+00:00,0.08906,0.08906,0.0884,0.08882,482320.03
2026-03-28 02:00:00+00:00,0.08882,0.0892,0.08857,0.08871,599752.68
2026-03-28 03:00:00+00:00,0.08871,0.08899,0.08869,0.08881,201107.51
2026-03-28 04:00:00+00:00,0.08881,0.08902,0.08856,0.08902,263687.71
2026-03-28 05:00:00+00:00,0.08902,0.08955,0.08887,0.08946,276186.19
2026-03-28 06:00:00+00:00,0.08946,0.09,0.08937,0.08992,514734.34
2026-03-28 07:00:00+00:00,0.08992,0.09034,0.08988,0.0903,261473.53
2026-03-28 08:00:00+00:00,0.0903,0.09048,0.08959,0.08967,471074.96
2026-03-28 09:00:00+00:00,0.08967,0.0897,0.08947,0.08958,268848.55
2026-03-28 10:00:00+00:00,0.08958,0.08996,0.08946,0.08984,433737.4
2026-03-28 11:00:00+00:00,0.08984,0.09027,0.08983,0.09019,195899.08
2026-03-28 12:00:00+00:00,0.09019,0.09061,0.08998,0.09028,360160.68
2026-03-28 13:00:00+00:00,0.09028,0.09125,0.0901,0.09084,1195736.44
2026-03-28 14:00:00+00:00,0.09084,0.09113,0.09046,0.09091,640058.84
2026-03-28 15:00:00+00:00,0.09091,0.09193,0.09091,0.09131,1034688.15
2026-03-28 16:00:00+00:00,0.09131,0.09144,0.091,0.09114,897512.79
2026-03-28 17:00:00+00:00,0.09114,0.09129,0.09075,0.09088,400868.13
2026-03-28 18:00:00+00:00,0.09088,0.09101,0.09073,0.09082,203717.52
2026-03-28 19:00:00+00:00,0.09082,0.09084,0.09052,0.09067,184275.81
2026-03-28 20:00:00+00:00,0.09067,0.09099,0.09067,0.09079,202820.59
2026-03-28 21:00:00+00:00,0.09079,0.09088,0.09032,0.09039,231561.23
2026-03-28 22:00:00+00:00,0.09039,0.09054,0.09025,0.09041,199084.33
2026-03-28 23:00:00+00:00,0.09041,0.09044,0.08965,0.08982,474810.0
2026-03-29 00:00:00+00:00,0.08982,0.08997,0.08947,0.0898,323240.02
2026-03-29 01:00:00+00:00,0.0898,0.09007,0.08961,0.08986,252646.55
2026-03-29 02:00:00+00:00,0.08986,0.09011,0.08977,0.09007,184908.72
2026-03-29 03:00:00+00:00,0.09007,0.09038,0.08996,0.09015,254915.78
2026-03-29 04:00:00+00:00,0.09015,0.09015,0.08981,0.08993,189382.79
2026-03-29 05:00:00+00:00,0.08993,0.08993,0.0895,0.08968,380933.96
2026-03-29 06:00:00+00:00,0.08968,0.08982,0.08945,0.08965,226744.84
2026-03-29 07:00:00+00:00,0.08965,0.08966,0.08923,0.08932,305567.83
2026-03-29 08:00:00+00:00,0.08932,0.08937,0.08916,0.08928,173783.22
2026-03-29 09:00:00+00:00,0.08928,0.08935,0.0891,0.08922,275702.92
2026-03-29 10:00:00+00:00,0.08922,0.08923,0.08888,0.08916,235628.52
2026-03-29 11:00:00+00:00,0.08916,0.08976,0.08915,0.0895,395872.98
2026-03-29 12:00:00+00:00,0.0895,0.08951,0.08916,0.0894,205526.05
2026-03-29 13:00:00+00:00,0.0894,0.0894,0.08885,0.0889,342765.2
2026-03-29 14:00:00+00:00,0.0889,0.08931,0.08871,0.08891,472642.36
2026-03-29 15:00:00+00:00,0.08891,0.08912,0.08855,0.08888,528638.61
2026-03-29 16:00:00+00:00,0.08888,0.08907,0.08853,0.08855,317649.67
2026-03-29 17:00:00+00:00,0.08855,0.0887,0.08815,0.08845,392749.82
2026-03-29 18:00:00+00:00,0.08845,0.08869,0.08823,0.08858,316268.88
2026-03-29 19:00:00+00:00,0.08858,0.08859,0.08813,0.08822,264594.62
2026-03-29 20:00:00+00:00,0.08822,0.08887,0.08817,0.08834,352204.44
2026-03-29 21:00:00+00:00,0.08834,0.08868,0.08817,0.08855,327490.19
2026-03-29 22:00:00+00:00,0.08855,0.08855,0.08623,0.08769,1792354.13
2026-03-29 23:00:00+00:00,0.08769,0.08825,0.0876,0.08805,901177.87
2026-03-30 00:00:00+00:00,0.08805,0.08937,0.08789,0.08869,987311.0
2026-03-30 01:00:00+00:00,0.08869,0.08928,0.08869,0.08922,541836.59
2026-03-30 02:00:00+00:00,0.08922,0.09005,0.08902,0.08955,740656.41
2026-03-30 03:00:00+00:00,0.08955,0.08979,0.0894,0.08964,303535.21
2026-03-30 04:00:00+00:00,0.08964,0.09023,0.08962,0.08985,455511.82
2026-03-30 05:00:00+00:00,0.08985,0.09013,0.0895,0.08976,363734.76
2026-03-30 06:00:00+00:00,0.08976,0.08996,0.08935,0.0895,355614.0
2026-03-30 07:00:00+00:00,0.0895,0.09034,0.08941,0.09024,409681.8
2026-03-30 08:00:00+00:00,0.09024,0.09097,0.09021,0.09054,806847.78
2026-03-30 09:00:00+00:00,0.09054,0.0906,0.08961,0.08962,427473.65
2026-03-30 10:00:00+00:00,0.08962,0.08992,0.08948,0.08984,284934.23
2026-03-30 11:00:00+00:00,0.08984,0.09039,0.08983,0.08991,633799.43
2026-03-30 12:00:00+00:00,0.08991,0.09019,0.08979,0.09003,381629.3
2026-03-30 13:00:00+00:00,0.09003,0.09014,0.0894,0.08949,704821.15
2026-03-30 14:00:00+00:00,0.08949,0.08984,0.08885,0.0895,1410062.01
2026-03-30 15:00:00+00:00,0.0895,0.08992,0.0891,0.08918,808161.37
2026-03-30 16:00:00+00:00,0.08918,0.0895,0.08889,0.08918,469664.84
2026-03-30 17:00:00+00:00,0.08918,0.08932,0.08842,0.08845,576166.42
2026-03-30 18:00:00+00:00,0.08845,0.08848,0.08748,0.08768,615078.7
2026-03-30 19:00:00+00:00,0.08768,0.08769,0.08694,0.08731,791053.86
2026-03-30 20:00:00+00:00,0.08731,0.08762,0.08712,0.08749,472733.62
2026-03-30 21:00:00+00:00,0.08749,0.08843,0.08744,0.08811,958249.77
2026-03-30 22:00:00+00:00,0.08811,0.08827,0.08765,0.08774,274717.79
2026-03-30 23:00:00+00:00,0.08774,0.08774,0.08699,0.08729,533311.46
2026-03-31 00:00:00+00:00,0.08729,0.08742,0.08685,0.08708,750030.62
2026-03-31 01:00:00+00:00,0.08708,0.08841,0.0869,0.08777,753553.5
2026-03-31 02:00:00+00:00,0.08777,0.08813,0.08754,0.08764,420191.13
2026-03-31 03:00:00+00:00,0.08764,0.08774,0.08714,0.08719,344095.32
2026-03-31 04:00:00+00:00,0.08719,0.08728,0.08667,0.0867,589745.97
2026-03-31 05:00:00+00:00,0.0867,0.08679,0.08625,0.08657,788310.58
2026-03-31 06:00:00+00:00,0.08657,0.08662,0.08589,0.08629,670738.11
2026-03-31 07:00:00+00:00,0.08629,0.08631,0.08543,0.08558,735722.09
2026-03-31 08:00:00+00:00,0.08558,0.08568,0.08515,0.08525,857486.16
2026-03-31 09:00:00+00:00,0.08525,0.08537,0.08473,0.08501,1218362.98
2026-03-31 10:00:00+00:00,0.08501,0.0853,0.08484,0.08491,648324.53
2026-03-31 11:00:00+00:00,0.08491,0.08543,0.08467,0.08514,1093494.03
2026-03-31 12:00:00+00:00,0.08514,0.08538,0.08502,0.08516,706379.44
2026-03-31 13:00:00+00:00,0.08516,0.08594,0.08503,0.08571,1040908.03
2026-03-31 14:00:00+00:00,0.08571,0.08629,0.08452,0.08487,1445623.01
2026-03-31 15:00:00+00:00,0.08487,0.0855,0.08361,0.08391,2658773.79
2026-03-31 16:00:00+00:00,0.08391,0.08594,0.08387,0.0856,2231809.04
2026-03-31 17:00:00+00:00,0.0856,0.08701,0.0854,0.0868,2323822.07
2026-03-31 18:00:00+00:00,0.0868,0.08751,0.08676,0.08735,907608.18
2026-03-31 19:00:00+00:00,0.08735,0.08786,0.08696,0.08745,1350143.05
2026-03-31 20:00:00+00:00,0.08745,0.08826,0.08741,0.08797,1351844.15
2026-03-31 21:00:00+00:00,0.08797,0.08809,0.08753,0.08777,633880.96
2026-03-31 22:00:00+00:00,0.08777,0.0879,0.08693,0.08717,592492.72
2026-03-31 23:00:00+00:00,0.08717,0.08779,0.08714,0.08764,463074.92
2026-04-01 00:00:00+00:00,0.08764,0.0886,0.08749,0.08835,1084563.39
2026-04-01 01:00:00+00:00,0.08835,0.08899,0.08828,0.08829,1251847.51
2026-04-01 02:00:00+00:00,0.08829,0.08862,0.08789,0.0879,508650.98
2026-04-01 03:00:00+00:00,0.0879,0.08896,0.08788,0.08889,578300.35
2026-04-01 04:00:00+00:00,0.08889,0.09009,0.08888,0.08996,1186044.52
2026-04-01 05:00:00+00:00,0.08996,0.09051,0.08942,0.0904,1056398.98
2026-04-01 06:00:00+00:00,0.0904,0.09124,0.09026,0.09053,1279594.72
2026-04-01 07:00:00+00:00,0.09053,0.09079,0.08995,0.09,840160.63
2026-04-01 08:00:00+00:00,0.09,0.09021,0.0896,0.08975,869090.53
2026-04-01 09:00:00+00:00,0.08975,0.08989,0.08949,0.08961,532945.55
2026-04-01 10:00:00+00:00,0.08961,0.09041,0.08959,0.0901,778087.25
2026-04-01 11:00:00+00:00,0.0901,0.09031,0.08978,0.09024,469329.52
2026-04-01 12:00:00+00:00,0.09024,0.09101,0.08998,0.09044,1260399.15
2026-04-01 13:00:00+00:00,0.09044,0.09089,0.08959,0.08971,1183966.39
2026-04-01 14:00:00+00:00,0.08971,0.09024,0.08959,0.08982,874836.6
2026-04-01 15:00:00+00:00,0.08982,0.08991,0.08929,0.08964,892249.8
2026-04-01 16:00:00+00:00,0.08964,0.08975,0.08939,0.08947,860910.24
2026-04-01 17:00:00+00:00,0.08947,0.09009,0.08934,0.08946,720489.31
2026-04-01 18:00:00+00:00,0.08946,0.08971,0.08918,0.08931,619239.84
2026-04-01 19:00:00+00:00,0.08931,0.08971,0.08912,0.08943,383521.46
2026-04-01 20:00:00+00:00,0.08943,0.08952,0.08916,0.08936,407847.8
2026-04-01 21:00:00+00:00,0.08936,0.09006,0.08936,0.08994,423945.91
2026-04-01 22:00:00+00:00,0.08994,0.08998,0.08841,0.08842,1098256.69
2026-04-01 23:00:00+00:00,0.08842,0.08861,0.08827,0.08846,796138.49
2026-04-02 00:00:00+00:00,0.08846,0.08957,0.08846,0.08948,648997.89
2026-04-02 01:00:00+00:00,0.08948,0.08953,0.08724,0.08751,2307997.46
2026-04-02 02:00:00+00:00,0.08751,0.08751,0.08626,0.08655,821759.15
2026-04-02 03:00:00+00:00,0.08655,0.08676,0.08584,0.0861,667534.08
2026-04-02 04:00:00+00:00,0.0861,0.08635,0.08581,0.08593,507827.99
2026-04-02 05:00:00+00:00,0.08593,0.08636,0.08576,0.08625,533464.25
2026-04-02 06:00:00+00:00,0.08625,0.08672,0.08602,0.08671,417326.96
2026-04-02 07:00:00+00:00,0.08671,0.08733,0.08661,0.08711,658974.74
2026-04-02 08:00:00+00:00,0.08711,0.08719,0.0866,0.08662,401208.02
2026-04-02 09:00:00+00:00,0.08662,0.08672,0.08642,0.08656,273081.6
2026-04-02 10:00:00+00:00,0.08656,0.08671,0.08623,0.08627,325801.07
2026-04-02 11:00:00+00:00,0.08627,0.08629,0.08579,0.08593,418365.77
2026-04-02 12:00:00+00:00,0.08593,0.08616,0.08574,0.08581,457313.72
2026-04-02 13:00:00+00:00,0.08581,0.08584,0.08488,0.08567,987091.25
2026-04-02 14:00:00+00:00,0.08567,0.08721,0.08556,0.08685,1021432.28
2026-04-02 15:00:00+00:00,0.08685,0.08715,0.08626,0.08698,641226.03
2026-04-02 16:00:00+00:00,0.08698,0.08787,0.0864,0.08742,1271991.39
2026-04-02 17:00:00+00:00,0.08742,0.08788,0.08664,0.08669,766758.84
2026-04-02 18:00:00+00:00,0.08669,0.08752,0.08664,0.08748,539053.37
2026-04-02 19:00:00+00:00,0.08748,0.08767,0.08692,0.08751,428580.88
2026-04-02 20:00:00+00:00,0.08751,0.08758,0.08719,0.08734,399106.72
2026-04-02 21:00:00+00:00,0.08734,0.08759,0.0872,0.08749,329025.06
2026-04-02 22:00:00+00:00,0.08749,0.088,0.0874,0.08789,406057.04
2026-04-02 23:00:00+00:00,0.08789,0.0881,0.08767,0.08797,304142.9
2026-04-03 00:00:00+00:00,0.08797,0.08847,0.08797,0.08827,486106.81
2026-04-03 01:00:00+00:00,0.08827,0.08869,0.08781,0.08792,632606.04
2026-04-03 02:00:00+00:00,0.08792,0.08875,0.0878,0.08817,654553.13
2026-04-03 03:00:00+00:00,0.08817,0.08912,0.08817,0.08878,697957.73
2026-04-03 04:00:00+00:00,0.08878,0.08928,0.08866,0.08923,549009.0
2026-04-03 05:00:00+00:00,0.08923,0.0898,0.08883,0.08922,818182.67
2026-04-03 06:00:00+00:00,0.08922,0.09034,0.08916,0.09018,637341.31
2026-04-03 07:00:00+00:00,0.09018,0.09039,0.08967,0.08998,577020.33
2026-04-03 08:00:00+00:00,0.08998,0.09004,0.08919,0.08933,529104.73
2026-04-03 09:00:00+00:00,0.08933,0.08941,0.08879,0.08884,532376.36
2026-04-03 10:00:00+00:00,0.08884,0.08902,0.08845,0.08893,457541.32
2026-04-03 11:00:00+00:00,0.08893,0.08906,0.08875,0.08892,411431.0
2026-04-03 12:00:00+00:00,0.08892,0.08947,0.08833,0.0885,938525.87
2026-04-03 13:00:00+00:00,0.0885,0.08859,0.08794,0.08817,491599.35
2026-04-03 14:00:00+00:00,0.08817,0.08834,0.08745,0.08771,1674466.37
2026-04-03 15:00:00+00:00,0.08771,0.08795,0.08751,0.08764,642628.34
2026-04-03 16:00:00+00:00,0.08764,0.08827,0.08764,0.08821,425754.19
2026-04-03 17:00:00+00:00,0.08821,0.08836,0.08786,0.0881,450339.32
2026-04-03 18:00:00+00:00,0.0881,0.08827,0.08763,0.08777,429191.38
2026-04-03 19:00:00+00:00,0.08777,0.08791,0.08741,0.08769,532063.75
2026-04-03 20:00:00+00:00,0.08769,0.08782,0.08744,0.08749,222661.59
2026-04-03 21:00:00+00:00,0.08749,0.08766,0.08725,0.08752,389176.32
2026-04-03 22:00:00+00:00,0.08752,0.08781,0.08745,0.0876,247600.86
2026-04-03 23:00:00+00:00,0.0876,0.08772,0.08744,0.0877,173071.28
2026-04-04 00:00:00+00:00,0.0877,0.08776,0.08741,0.08741,194067.75
2026-04-04 01:00:00+00:00,0.08741,0.08756,0.08726,0.0874,205618.02
2026-04-04 02:00:00+00:00,0.0874,0.08745,0.08715,0.08726,188131.32
2026-04-04 03:00:00+00:00,0.08726,0.08757,0.08718,0.0875,128433.75
2026-04-04 04:00:00+00:00,0.0875,0.08766,0.08728,0.08756,168381.37
2026-04-04 05:00:00+00:00,0.08756,0.08783,0.08742,0.08758,268420.82
2026-04-04 06:00:00+00:00,0.08758,0.08789,0.08749,0.08777,295345.92
2026-04-04 07:00:00+00:00,0.08777,0.08782,0.08734,0.0874,310327.07
2026-04-04 08:00:00+00:00,0.0874,0.08742,0.08692,0.08696,369222.13
2026-04-04 09:00:00+00:00,0.08696,0.08718,0.08685,0.08705,240672.69
2026-04-04 10:00:00+00:00,0.08705,0.08734,0.08704,0.0873,158386.46
2026-04-04 11:00:00+00:00,0.0873,0.08744,0.08712,0.08717,138190.2
2026-04-04 12:00:00+00:00,0.08717,0.08728,0.08696,0.08706,121844.83
2026-04-04 13:00:00+00:00,0.08706,0.08719,0.08686,0.08687,301695.94
2026-04-04 14:00:00+00:00,0.08687,0.08729,0.08669,0.08713,682826.6
2026-04-04 15:00:00+00:00,0.08713,0.0874,0.08693,0.08704,476998.22
2026-04-04 16:00:00+00:00,0.08704,0.08727,0.08681,0.08688,286856.75
2026-04-04 17:00:00+00:00,0.08688,0.08755,0.08676,0.08739,703663.59
2026-04-04 18:00:00+00:00,0.08739,0.08752,0.08724,0.08731,188599.89
2026-04-04 19:00:00+00:00,0.08731,0.08787,0.08727,0.08735,500552.19
2026-04-04 20:00:00+00:00,0.08735,0.08751,0.08722,0.08741,128583.97
2026-04-04 21:00:00+00:00,0.08741,0.08746,0.0871,0.08725,306685.39
2026-04-04 22:00:00+00:00,0.08725,0.08751,0.0872,0.08742,157496.63
2026-04-04 23:00:00+00:00,0.08742,0.08754,0.08721,0.0875,150181.94
2026-04-05 00:00:00+00:00,0.0875,0.08792,0.08743,0.08791,276301.48
2026-04-05 01:00:00+00:00,0.08791,0.088,0.08732,0.08732,322724.92
2026-04-05 02:00:00+00:00,0.08732,0.08785,0.0872,0.08771,252152.93
2026-04-05 03:00:00+00:00,0.08771,0.08791,0.08756,0.08783,136154.25
2026-04-05 04:00:00+00:00,0.08783,0.08793,0.08742,0.08752,169229.01
2026-04-05 05:00:00+00:00,0.08752,0.08774,0.08697,0.08705,502390.36
2026-04-05 06:00:00+00:00,0.08705,0.08707,0.08646,0.08679,569667.76
2026-04-05 07:00:00+00:00,0.08679,0.0869,0.08629,0.08645,389086.83
2026-04-05 08:00:00+00:00,0.08645,0.08668,0.08629,0.08665,246307.1
2026-04-05 09:00:00+00:00,0.08665,0.08698,0.08656,0.08697,361554.06
2026-04-05 10:00:00+00:00,0.08697,0.08721,0.08672,0.08677,201822.31
2026-04-05 11:00:00+00:00,0.08677,0.08686,0.08657,0.08671,176935.55
2026-04-05 12:00:00+00:00,0.08671,0.08675,0.08605,0.08651,694008.63
2026-04-05 13:00:00+00:00,0.08651,0.08682,0.08631,0.0868,505103.3
2026-04-05 14:00:00+00:00,0.0868,0.08685,0.0865,0.08651,269586.04
2026-04-05 15:00:00+00:00,0.08651,0.0873,0.0863,0.08682,840654.38
2026-04-05 16:00:00+00:00,0.08682,0.08703,0.0867,0.08672,198020.87
2026-04-05 17:00:00+00:00,0.08672,0.08704,0.08669,0.08701,250893.12
2026-04-05 18:00:00+00:00,0.08701,0.08702,0.08676,0.08685,340835.51
2026-04-05 19:00:00+00:00,0.08685,0.08719,0.08675,0.08685,209796.23
2026-04-05 20:00:00+00:00,0.08685,0.08713,0.08674,0.08679,422287.01
2026-04-05 21:00:00+00:00,0.08679,0.08687,0.08642,0.08669,368592.47
2026-04-05 22:00:00+00:00,0.08669,0.08731,0.08638,0.08727,883656.84
2026-04-05 23:00:00+00:00,0.08727,0.08815,0.08719,0.08805,1172886.07
2026-04-06 00:00:00+00:00,0.08805,0.08868,0.08804,0.08805,874249.72
2026-04-06 01:00:00+00:00,0.08805,0.08816,0.08767,0.08804,574823.25
2026-04-06 02:00:00+00:00,0.08804,0.08925,0.08804,0.08896,1026131.43
2026-04-06 03:00:00+00:00,0.08896,0.08923,0.08878,0.089,460362.09
2026-04-06 04:00:00+00:00,0.089,0.08938,0.08877,0.08916,308833.92
2026-04-06 05:00:00+00:00,0.08916,0.08929,0.08864,0.08868,289417.49
2026-04-06 06:00:00+00:00,0.08868,0.08897,0.08834,0.08847,527558.88
2026-04-06 07:00:00+00:00,0.08847,0.08874,0.08821,0.08866,585447.44
2026-04-06 08:00:00+00:00,0.08866,0.08884,0.08854,0.08855,322873.95
2026-04-06 09:00:00+00:00,0.08855,0.0898,0.08855,0.08956,2118529.27
2026-04-06 10:00:00+00:00,0.08956,0.09013,0.08956,0.08982,867381.93
2026-04-06 11:00:00+00:00,0.08982,0.08986,0.08937,0.08961,890483.0
2026-04-06 12:00:00+00:00,0.08961,0.08973,0.08889,0.08901,701202.07
2026-04-06 13:00:00+00:00,0.08901,0.0892,0.08868,0.08902,584755.32
2026-04-06 14:00:00+00:00,0.08902,0.08935,0.0885,0.0889,850144.48
2026-04-06 15:00:00+00:00,0.0889,0.0892,0.08867,0.08903,493467.67
2026-04-06 16:00:00+00:00,0.08903,0.08914,0.08859,0.08866,371624.77
2026-04-06 17:00:00+00:00,0.08866,0.08866,0.0881,0.08844,568654.21
2026-04-06 18:00:00+00:00,0.08844,0.08883,0.0884,0.08857,357877.62
2026-04-06 19:00:00+00:00,0.08857,0.08859,0.08827,0.08844,298313.43
2026-04-06 20:00:00+00:00,0.08844,0.08855,0.08817,0.08818,269263.09
2026-04-06 21:00:00+00:00,0.08818,0.08837,0.0881,0.08811,292251.04
2026-04-06 22:00:00+00:00,0.08811,0.0883,0.08743,0.08744,541674.73
2026-04-06 23:00:00+00:00,0.08744,0.08748,0.08699,0.0874,969065.56
2026-04-07 00:00:00+00:00,0.0874,0.08774,0.08736,0.08758,528557.23
2026-04-07 01:00:00+00:00,0.08758,0.08771,0.08702,0.08704,371768.37
2026-04-07 02:00:00+00:00,0.08704,0.08716,0.08678,0.08693,361825.34
2026-04-07 03:00:00+00:00,0.08693,0.08702,0.08681,0.08681,259568.75
2026-04-07 04:00:00+00:00,0.08681,0.08699,0.08665,0.08688,284799.01
2026-04-07 05:00:00+00:00,0.08688,0.08689,0.0866,0.0867,196805.77
2026-04-07 06:00:00+00:00,0.0867,0.0867,0.08624,0.08634,341259.48
2026-04-07 07:00:00+00:00,0.08634,0.08681,0.08627,0.08668,300626.83
2026-04-07 08:00:00+00:00,0.08668,0.08706,0.08666,0.08695,352267.84
2026-04-07 09:00:00+00:00,0.08695,0.08743,0.08694,0.08723,308980.41
2026-04-07 10:00:00+00:00,0.08723,0.08731,0.08619,0.08626,584983.33
2026-04-07 11:00:00+00:00,0.08626,0.08638,0.08607,0.08626,435005.56
2026-04-07 12:00:00+00:00,0.08626,0.08666,0.08584,0.08647,938748.22
2026-04-07 13:00:00+00:00,0.08647,0.08667,0.08627,0.08627,470544.34
2026-04-07 14:00:00+00:00,0.08627,0.08657,0.08593,0.08608,492763.11
2026-04-07 15:00:00+00:00,0.08608,0.08649,0.08597,0.0861,408140.83
2026-04-07 16:00:00+00:00,0.0861,0.08634,0.08591,0.08607,308995.49
2026-04-07 17:00:00+00:00,0.08607,0.08711,0.08607,0.08673,423075.27
2026-04-07 18:00:00+00:00,0.08673,0.0868,0.08627,0.08633,232435.61
2026-04-07 19:00:00+00:00,0.08633,0.08714,0.08625,0.08713,537471.31
2026-04-07 20:00:00+00:00,0.08713,0.08748,0.08694,0.087,745925.05
2026-04-07 21:00:00+00:00,0.087,0.08881,0.087,0.08862,1332319.1
2026-04-07 22:00:00+00:00,0.08862,0.09078,0.08853,0.09078,1908035.37
2026-04-07 23:00:00+00:00,0.09078,0.09294,0.09078,0.09186,4626808.51
2026-04-08 00:00:00+00:00,0.09186,0.0929,0.09186,0.09244,1617485.08
2026-04-08 01:00:00+00:00,0.09244,0.09394,0.09204,0.09376,1355328.1
2026-04-08 02:00:00+00:00,0.09376,0.09439,0.09291,0.093,2878668.67
2026-04-08 03:00:00+00:00,0.093,0.09383,0.09299,0.09352,1117681.25
2026-04-08 04:00:00+00:00,0.09352,0.09376,0.09282,0.09345,2100899.57
2026-04-08 05:00:00+00:00,0.09345,0.09478,0.09323,0.09472,1359208.96
2026-04-08 06:00:00+00:00,0.09472,0.09485,0.09351,0.09351,1009142.15
2026-04-08 07:00:00+00:00,0.09351,0.09351,0.0912,0.09152,2933707.05
2026-04-08 08:00:00+00:00,0.09152,0.0918,0.0911,0.09118,919978.12
2026-04-08 09:00:00+00:00,0.09118,0.09137,0.09061,0.09094,1432678.37
2026-04-08 10:00:00+00:00,0.09094,0.09249,0.09091,0.09179,3071956.49
2026-04-08 11:00:00+00:00,0.09179,0.092,0.09125,0.09163,715337.99
2026-04-08 12:00:00+00:00,0.09163,0.09181,0.09139,0.09177,467229.9
2026-04-08 13:00:00+00:00,0.09177,0.09226,0.09142,0.0915,855885.01
2026-04-08 14:00:00+00:00,0.0915,0.09165,0.08973,0.09003,1686209.36
2026-04-08 15:00:00+00:00,0.09003,0.09076,0.08967,0.0907,1262959.81
2026-04-08 16:00:00+00:00,0.0907,0.09077,0.09018,0.09055,775634.78
2026-04-08 17:00:00+00:00,0.09055,0.0908,0.09018,0.0905,596787.35
2026-04-08 18:00:00+00:00,0.0905,0.09054,0.08942,0.08943,820747.89
2026-04-08 19:00:00+00:00,0.08943,0.08958,0.08923,0.08935,790492.17
2026-04-08 20:00:00+00:00,0.08935,0.08952,0.08877,0.08895,739126.57
2026-04-08 21:00:00+00:00,0.08895,0.08954,0.08887,0.08939,685027.02
2026-04-08 22:00:00+00:00,0.08939,0.08944,0.08875,0.08884,614784.61
2026-04-08 23:00:00+00:00,0.08884,0.08918,0.0885,0.08901,1232138.76
2026-04-09 00:00:00+00:00,0.08901,0.08901,0.08815,0.08835,663406.19
2026-04-09 01:00:00+00:00,0.08835,0.08839,0.08766,0.08806,873319.65
2026-04-09 02:00:00+00:00,0.08806,0.08872,0.08806,0.08869,442670.89
2026-04-09 03:00:00+00:00,0.08869,0.08993,0.08865,0.08975,1662614.42
2026-04-09 04:00:00+00:00,0.08975,0.0898,0.08932,0.08943,427909.61
2026-04-09 05:00:00+00:00,0.08943,0.08957,0.08905,0.08918,395252.13
2026-04-09 06:00:00+00:00,0.08918,0.08958,0.08918,0.08938,275635.24
2026-04-09 07:00:00+00:00,0.08938,0.0895,0.08892,0.08892,275334.85
2026-04-09 08:00:00+00:00,0.08892,0.08898,0.0887,0.08881,378166.3
2026-04-09 09:00:00+00:00,0.08881,0.08889,0.08857,0.08883,281523.87
2026-04-09 10:00:00+00:00,0.08883,0.08887,0.08841,0.08844,302090.65
2026-04-09 11:00:00+00:00,0.08844,0.08855,0.08812,0.08812,376844.71
2026-04-09 12:00:00+00:00,0.08812,0.08856,0.08802,0.08836,621855.97
2026-04-09 13:00:00+00:00,0.08836,0.08843,0.08806,0.08834,742435.04
2026-04-09 14:00:00+00:00,0.08834,0.08872,0.08807,0.08841,730868.71
2026-04-09 15:00:00+00:00,0.08841,0.09096,0.08822,0.09023,2097548.38
2026-04-09 16:00:00+00:00,0.09023,0.0906,0.08942,0.08956,1271478.11
2026-04-09 17:00:00+00:00,0.08956,0.09057,0.08954,0.09016,979319.27
2026-04-09 18:00:00+00:00,0.09016,0.09071,0.0895,0.09008,2470290.04
2026-04-09 19:00:00+00:00,0.09008,0.0904,0.08973,0.09023,486494.24
2026-04-09 20:00:00+00:00,0.09023,0.09068,0.0901,0.0905,410563.94
2026-04-09 21:00:00+00:00,0.0905,0.09093,0.09033,0.09057,641078.0
2026-04-09 22:00:00+00:00,0.09057,0.09167,0.09016,0.09021,929603.85
2026-04-09 23:00:00+00:00,0.09021,0.09023,0.08934,0.08938,603534.86
2026-04-10 00:00:00+00:00,0.08938,0.0895,0.08894,0.08938,652818.91
2026-04-10 01:00:00+00:00,0.08939,0.08953,0.08921,0.08934,229841.09
2026-06-30 12:00:00+00:00,0.0703,0.0703,0.06966,0.06967,660614.92
2026-06-30 13:00:00+00:00,0.06967,0.07051,0.06966,0.07027,1002053.25
2026-06-30 14:00:00+00:00,0.07027,0.07121,0.07022,0.07049,763195.2
2026-06-30 15:00:00+00:00,0.07049,0.07063,0.0699,0.06994,824675.51
2026-06-30 16:00:00+00:00,0.06994,0.07029,0.06943,0.07023,501720.42
2026-06-30 17:00:00+00:00,0.07023,0.07031,0.06897,0.06913,1757044.99
2026-06-30 18:00:00+00:00,0.06913,0.06991,0.06867,0.06989,1297691.61
2026-06-30 19:00:00+00:00,0.06989,0.06989,0.06953,0.06968,328129.8
2026-06-30 20:00:00+00:00,0.06968,0.06968,0.06909,0.06922,246814.15
2026-06-30 21:00:00+00:00,0.06922,0.06967,0.06908,0.06956,475223.33
2026-06-30 22:00:00+00:00,0.06956,0.06979,0.06928,0.06953,379085.29
2026-06-30 23:00:00+00:00,0.06953,0.06957,0.06927,0.06953,138959.95
2026-07-01 00:00:00+00:00,0.06953,0.06973,0.06939,0.06972,290931.79
2026-07-01 01:00:00+00:00,0.06972,0.06995,0.06851,0.06988,796219.12
2026-07-01 02:00:00+00:00,0.06988,0.07021,0.06964,0.07013,320539.49
2026-07-01 03:00:00+00:00,0.07013,0.07041,0.06991,0.07034,367686.09
2026-07-01 04:00:00+00:00,0.07034,0.07082,0.07032,0.07047,373252.95
2026-07-01 05:00:00+00:00,0.07047,0.07055,0.07011,0.07019,195121.66
2026-07-01 06:00:00+00:00,0.07019,0.0702,0.06912,0.06953,367756.98
2026-07-01 07:00:00+00:00,0.06953,0.06958,0.06857,0.06877,998514.46
2026-07-01 08:00:00+00:00,0.06877,0.06937,0.06868,0.06936,284968.73
2026-07-01 09:00:00+00:00,0.06936,0.06946,0.06926,0.06943,260724.2
2026-07-01 10:00:00+00:00,0.06943,0.06953,0.0692,0.06938,215962.71
2026-07-01 11:00:00+00:00,0.06938,0.06958,0.06926,0.06939,215286.78
2026-07-01 12:00:00+00:00,0.06939,0.06941,0.0689,0.06906,329249.62
2026-07-01 13:00:00+00:00,0.06906,0.06993,0.0688,0.06988,638275.74
2026-07-01 14:00:00+00:00,0.06988,0.07094,0.06972,0.07077,518090.24
2026-07-01 15:00:00+00:00,0.07077,0.0723,0.07077,0.07228,1159359.62
2026-07-01 16:00:00+00:00,0.07228,0.07301,0.07158,0.07158,757781.64
2026-07-01 17:00:00+00:00,0.07158,0.07228,0.07143,0.07221,363550.95
2026-07-01 18:00:00+00:00,0.07221,0.07258,0.07164,0.0719,390028.08
2026-07-01 19:00:00+00:00,0.0719,0.073,0.07183,0.072,942864.16
2026-07-01 20:00:00+00:00,0.072,0.07207,0.07165,0.07206,287857.91
2026-07-01 21:00:00+00:00,0.07206,0.07279,0.072,0.07245,367568.01
2026-07-01 22:00:00+00:00,0.07245,0.0728,0.07202,0.07208,380623.16
2026-07-01 23:00:00+00:00,0.07208,0.07244,0.07148,0.07193,863759.35
2026-07-02 00:00:00+00:00,0.07193,0.0723,0.07166,0.0723,386340.48
2026-07-02 01:00:00+00:00,0.0723,0.07366,0.07228,0.07327,839251.92
2026-07-02 02:00:00+00:00,0.07327,0.07356,0.07297,0.07351,932123.5
2026-07-02 03:00:00+00:00,0.07351,0.0738,0.07304,0.07373,641048.0
2026-07-02 04:00:00+00:00,0.07373,0.07377,0.07307,0.07329,473823.52
2026-07-02 05:00:00+00:00,0.07329,0.07334,0.07274,0.07279,297710.24
2026-07-02 06:00:00+00:00,0.07279,0.07302,0.07262,0.07281,202561.84
2026-07-02 07:00:00+00:00,0.07281,0.07308,0.07263,0.07299,174768.96
2026-07-02 08:00:00+00:00,0.07299,0.07341,0.07296,0.07317,351143.84
2026-07-02 09:00:00+00:00,0.07317,0.07375,0.07277,0.07345,431891.87
2026-07-02 10:00:00+00:00,0.07345,0.07371,0.07336,0.07353,234076.48
2026-07-02 11:00:00+00:00,0.07353,0.07385,0.07344,0.07382,214497.53
2026-07-02 12:00:00+00:00,0.07382,0.07428,0.07366,0.07419,578711.97
2026-07-02 13:00:00+00:00,0.07419,0.07491,0.07413,0.07443,733110.83
2026-07-02 14:00:00+00:00,0.07443,0.07482,0.07409,0.0742,697810.3
2026-07-02 15:00:00+00:00,0.0742,0.07451,0.074,0.07419,417844.0
2026-07-02 16:00:00+00:00,0.07419,0.07452,0.07399,0.07413,436083.46
2026-07-02 17:00:00+00:00,0.07413,0.0742,0.07356,0.0739,445218.62
2026-07-02 18:00:00+00:00,0.0739,0.07399,0.07284,0.07315,598443.07
2026-07-02 19:00:00+00:00,0.07315,0.07319,0.07243,0.0726,607301.79
2026-07-02 20:00:00+00:00,0.0726,0.07268,0.07154,0.07173,1788820.43
2026-07-02 21:00:00+00:00,0.07173,0.07215,0.07128,0.0715,643096.08
2026-07-02 22:00:00+00:00,0.0715,0.07152,0.0707,0.0709,667223.24
2026-07-02 23:00:00+00:00,0.0709,0.07098,0.07057,0.07088,629674.97
2026-07-03 00:00:00+00:00,0.07088,0.07122,0.07051,0.07102,1050970.61
2026-07-03 01:00:00+00:00,0.07102,0.07233,0.07096,0.07226,641132.75
2026-07-03 02:00:00+00:00,0.07226,0.0723,0.07105,0.07138,1486425.6
2026-07-03 03:00:00+00:00,0.07138,0.07153,0.07096,0.07149,1394802.71
2026-07-03 04:00:00+00:00,0.07149,0.07154,0.07089,0.07115,802983.04
2026-07-03 05:00:00+00:00,0.07115,0.07152,0.07101,0.07144,654241.91
2026-07-03 06:00:00+00:00,0.07144,0.07179,0.07137,0.07158,696478.01
2026-07-03 07:00:00+00:00,0.07158,0.07159,0.07117,0.07122,351216.86
2026-07-03 08:00:00+00:00,0.07122,0.07148,0.07101,0.07117,449257.32
2026-07-03 09:00:00+00:00,0.07117,0.07138,0.07105,0.0712,327014.44
2026-07-03 10:00:00+00:00,0.0712,0.07189,0.07118,0.07162,625748.85
2026-07-03 11:00:00+00:00,0.07162,0.0719,0.07156,0.07171,569124.78
2026-07-03 12:00:00+00:00,0.07171,0.07205,0.07162,0.07187,634671.73
2026-07-03 13:00:00+00:00,0.07187,0.07243,0.07185,0.07232,708954.71
2026-07-03 14:00:00+00:00,0.07232,0.07234,0.07158,0.07186,975675.83
2026-07-03 15:00:00+00:00,0.07186,0.0724,0.0717,0.07192,590458.98
2026-07-03 16:00:00+00:00,0.07192,0.07197,0.07141,0.07143,515411.02
2026-07-03 17:00:00+00:00,0.07143,0.07269,0.07134,0.07254,1048267.76
2026-07-03 18:00:00+00:00,0.07254,0.07278,0.07212,0.07262,708852.2
2026-07-03 19:00:00+00:00,0.07262,0.07349,0.07256,0.07277,1138777.48
2026-07-03 20:00:00+00:00,0.07277,0.07442,0.07276,0.074,1205871.11
2026-07-03 21:00:00+00:00,0.074,0.07414,0.07295,0.07358,923778.19
2026-07-03 22:00:00+00:00,0.07358,0.07395,0.07335,0.0735,513814.68
2026-07-03 23:00:00+00:00,0.0735,0.07355,0.07305,0.07338,405339.12
2026-07-04 00:00:00+00:00,0.07338,0.0735,0.07312,0.07317,383629.07
2026-07-04 01:00:00+00:00,0.07317,0.07317,0.0726,0.07284,428773.44
2026-07-04 02:00:00+00:00,0.07284,0.07292,0.07261,0.07266,216607.91
2026-07-04 03:00:00+00:00,0.07266,0.07298,0.07252,0.07285,564448.91
2026-07-04 04:00:00+00:00,0.07285,0.07336,0.07271,0.07324,316455.26
2026-07-04 05:00:00+00:00,0.07324,0.07324,0.07258,0.07261,375867.77
2026-07-04 06:00:00+00:00,0.07261,0.07295,0.07224,0.07232,386655.74
2026-07-04 07:00:00+00:00,0.07232,0.07237,0.07201,0.07234,349421.24
2026-07-04 08:00:00+00:00,0.07234,0.07259,0.07225,0.0724,190108.87
2026-07-04 09:00:00+00:00,0.0724,0.07389,0.07206,0.07346,1584593.01
2026-07-04 10:00:00+00:00,0.07346,0.07434,0.0733,0.07368,1372701.67
2026-07-04 11:00:00+00:00,0.07368,0.07381,0.07319,0.07337,446423.49
2026-07-04 12:00:00+00:00,0.07337,0.074,0.07336,0.07366,1129624.09
2026-07-04 13:00:00+00:00,0.07366,0.074,0.0733,0.07357,543649.37
2026-07-04 14:00:00+00:00,0.07357,0.07439,0.07357,0.07434,658022.73
2026-07-04 15:00:00+00:00,0.07434,0.07503,0.07425,0.07475,1050089.42
2026-07-04 16:00:00+00:00,0.07475,0.07487,0.07443,0.0745,593697.82
2026-07-04 17:00:00+00:00,0.0745,0.07532,0.07423,0.07515,647681.28
2026-07-04 18:00:00+00:00,0.07515,0.07583,0.07503,0.07531,589707.44
2026-07-04 19:00:00+00:00,0.07531,0.07545,0.07452,0.07466,635747.5
2026-07-04 20:00:00+00:00,0.07466,0.076,0.07448,0.0756,1862626.51
2026-07-04 21:00:00+00:00,0.0756,0.07662,0.07518,0.07621,798078.78
2026-07-04 22:00:00+00:00,0.07621,0.07729,0.07547,0.07721,1312892.11
2026-07-04 23:00:00+00:00,0.07721,0.07733,0.07599,0.07728,1304112.76
2026-07-05 00:00:00+00:00,0.07728,0.07764,0.07599,0.07633,1431247.18
2026-07-05 01:00:00+00:00,0.07633,0.07655,0.07534,0.07574,802792.85
2026-07-05 02:00:00+00:00,0.07574,0.07574,0.07479,0.07536,986346.34
2026-07-05 03:00:00+00:00,0.07536,0.07552,0.0751,0.07525,417836.52
2026-07-05 04:00:00+00:00,0.07525,0.07562,0.07523,0.0753,479799.41
2026-07-05 05:00:00+00:00,0.0753,0.07531,0.07493,0.07497,279105.23
2026-07-05 06:00:00+00:00,0.07497,0.07499,0.07438,0.07459,428170.83
2026-07-05 07:00:00+00:00,0.07459,0.07515,0.07454,0.07507,414444.43
2026-07-05 08:00:00+00:00,0.07507,0.07582,0.07499,0.07549,299545.24
2026-07-05 09:00:00+00:00,0.07549,0.0758,0.07459,0.07465,497757.41
2026-07-05 10:00:00+00:00,0.07465,0.07481,0.07434,0.07471,345467.79
2026-07-05 11:00:00+00:00,0.07471,0.0751,0.07457,0.07491,171329.12
2026-07-05 12:00:00+00:00,0.07491,0.0755,0.07466,0.07509,396797.02
2026-07-05 13:00:00+00:00,0.07509,0.07511,0.07462,0.07486,215078.16
2026-07-05 14:00:00+00:00,0.07486,0.07523,0.07471,0.07523,277319.42
2026-07-05 15:00:00+00:00,0.07523,0.07563,0.07512,0.07529,286889.45
2026-07-05 16:00:00+00:00,0.07529,0.0754,0.07493,0.07519,348227.1
2026-07-05 17:00:00+00:00,0.07519,0.07549,0.07499,0.07524,344686.29
2026-07-05 18:00:00+00:00,0.07524,0.07541,0.07517,0.07528,191035.78
2026-07-05 19:00:00+00:00,0.07528,0.0756,0.07526,0.07538,180575.51
2026-07-05 20:00:00+00:00,0.07538,0.07548,0.07517,0.07523,149871.98
2026-07-05 21:00:00+00:00,0.07523,0.07611,0.07501,0.07583,415471.5
2026-07-05 22:00:00+00:00,0.07583,0.07662,0.07565,0.0765,714032.36
2026-07-05 23:00:00+00:00,0.0765,0.07691,0.07603,0.07633,467240.73
2026-07-06 00:00:00+00:00,0.07633,0.07635,0.0755,0.0759,402914.61
2026-07-06 01:00:00+00:00,0.0759,0.07614,0.07566,0.07581,197489.12
2026-07-06 02:00:00+00:00,0.07581,0.07599,0.07546,0.07592,216522.74
2026-07-06 03:00:00+00:00,0.07592,0.07607,0.07544,0.07565,268414.17
2026-07-06 04:00:00+00:00,0.07565,0.07571,0.07523,0.0753,389305.32
2026-07-06 05:00:00+00:00,0.0753,0.07534,0.07436,0.07446,481347.63
2026-07-06 06:00:00+00:00,0.07446,0.07454,0.07435,0.07444,163829.89
2026-07-06 07:00:00+00:00,0.07444,0.07484,0.07442,0.07478,265057.82
2026-07-06 08:00:00+00:00,0.07478,0.07496,0.07467,0.0748,168148.8
2026-07-06 09:00:00+00:00,0.0748,0.07482,0.07442,0.07459,424164.8
2026-07-06 10:00:00+00:00,0.07459,0.07466,0.0744,0.07466,166714.97
2026-07-06 11:00:00+00:00,0.07466,0.07475,0.07426,0.07426,259078.69
2026-07-06 12:00:00+00:00,0.07426,0.07426,0.07293,0.073,1899346.61
2026-07-06 13:00:00+00:00,0.073,0.07338,0.07255,0.07311,615333.31
2026-07-06 14:00:00+00:00,0.07311,0.07394,0.07286,0.07352,749950.39
2026-07-06 15:00:00+00:00,0.07352,0.07458,0.07352,0.07451,420088.46
2026-07-06 16:00:00+00:00,0.07451,0.07496,0.07433,0.0748,519237.05
2026-07-06 17:00:00+00:00,0.0748,0.07501,0.07438,0.07439,306357.23
2026-07-06 18:00:00+00:00,0.07439,0.07467,0.07423,0.07453,265316.95
2026-07-06 19:00:00+00:00,0.07453,0.07457,0.0741,0.07411,192741.43
2026-07-06 20:00:00+00:00,0.07411,0.07412,0.07345,0.07351,219788.56
2026-07-06 21:00:00+00:00,0.07351,0.07465,0.07336,0.0742,978357.73
2026-07-06 22:00:00+00:00,0.0742,0.07421,0.07295,0.0731,677255.83
2026-07-06 23:00:00+00:00,0.0731,0.07368,0.07294,0.07335,703133.85
2026-07-07 00:00:00+00:00,0.07335,0.07366,0.07318,0.07331,443634.98
2026-07-07 01:00:00+00:00,0.07331,0.07332,0.07261,0.07307,546643.88
2026-07-07 02:00:00+00:00,0.07307,0.0731,0.07241,0.0725,348458.4
2026-07-07 03:00:00+00:00,0.0725,0.07268,0.07216,0.07225,278497.4
2026-07-07 04:00:00+00:00,0.07225,0.07238,0.07181,0.07198,428515.28
2026-07-07 05:00:00+00:00,0.07198,0.07233,0.0716,0.07208,512544.8
2026-07-07 06:00:00+00:00,0.07208,0.07239,0.07187,0.07231,405039.03
2026-07-07 07:00:00+00:00,0.07231,0.07236,0.07168,0.07172,414508.65
2026-07-07 08:00:00+00:00,0.07172,0.0718,0.07124,0.07127,452748.6
2026-07-07 09:00:00+00:00,0.07127,0.07148,0.0712,0.07147,589753.14
2026-07-07 10:00:00+00:00,0.07147,0.07165,0.07097,0.07103,764462.37
2026-07-07 11:00:00+00:00,0.07103,0.07138,0.07093,0.07138,353512.79
2026-07-07 12:00:00+00:00,0.07138,0.07187,0.07127,0.07149,541045.75
2026-07-07 13:00:00+00:00,0.07149,0.07174,0.07111,0.0712,599954.08
2026-07-07 14:00:00+00:00,0.0712,0.07184,0.07059,0.07176,734324.23
2026-07-07 15:00:00+00:00,0.07176,0.07256,0.07153,0.07256,754992.07
2026-07-07 16:00:00+00:00,0.07256,0.07288,0.07203,0.0724,718111.31
2026-07-07 17:00:00+00:00,0.0724,0.0728,0.07207,0.0728,330586.28
2026-07-07 18:00:00+00:00,0.0728,0.07283,0.07198,0.07199,382326.22
2026-07-07 19:00:00+00:00,0.07199,0.07203,0.07138,0.0715,501397.04
2026-07-07 20:00:00+00:00,0.0715,0.07172,0.07136,0.07143,252952.42
2026-07-07 21:00:00+00:00,0.07143,0.0716,0.0707,0.07077,413657.52
2026-07-07 22:00:00+00:00,0.07077,0.07081,0.07034,0.07065,396068.5
2026-07-07 23:00:00+00:00,0.07065,0.07108,0.07061,0.0709,265860.98
2026-07-08 00:00:00+00:00,0.0709,0.07117,0.07066,0.07082,409036.39
2026-07-08 01:00:00+00:00,0.07082,0.07093,0.07005,0.07034,500473.18
2026-07-08 02:00:00+00:00,0.07034,0.07059,0.07002,0.07057,523800.07
2026-07-08 03:00:00+00:00,0.07057,0.0707,0.07036,0.07036,241971.03
2026-07-08 04:00:00+00:00,0.07036,0.07038,0.06993,0.07007,281488.5
2026-07-08 05:00:00+00:00,0.07007,0.07018,0.06979,0.06999,176676.5
2026-07-08 06:00:00+00:00,0.06999,0.07001,0.06961,0.06974,257474.0
2026-07-08 07:00:00+00:00,0.06974,0.07024,0.06963,0.07002,195645.87
2026-07-08 08:00:00+00:00,0.07002,0.07018,0.06909,0.06939,730498.02
2026-07-08 09:00:00+00:00,0.06939,0.06952,0.06904,0.06925,282778.36
2026-07-08 10:00:00+00:00,0.06925,0.06955,0.06908,0.06949,226608.5
2026-07-08 11:00:00+00:00,0.06949,0.06982,0.06931,0.06962,565187.92
2026-07-08 12:00:00+00:00,0.06962,0.0697,0.06901,0.06903,411178.32
2026-07-08 13:00:00+00:00,0.06903,0.06976,0.06896,0.06974,362522.02
2026-07-08 14:00:00+00:00,0.06974,0.0701,0.0692,0.06949,596464.59
2026-07-08 15:00:00+00:00,0.06949,0.06958,0.06905,0.06914,325764.67
2026-07-08 16:00:00+00:00,0.06914,0.06997,0.06911,0.06982,427221.66
2026-07-08 17:00:00+00:00,0.06982,0.06995,0.06932,0.06938,360493.81
2026-07-08 18:00:00+00:00,0.06938,0.06971,0.06936,0.06944,294796.51
2026-07-08 19:00:00+00:00,0.06944,0.06968,0.06938,0.06949,245220.04
2026-07-08 20:00:00+00:00,0.06949,0.06957,0.06915,0.06915,148743.09
2026-07-08 21:00:00+00:00,0.06915,0.06934,0.06885,0.06926,332521.83
2026-07-08 22:00:00+00:00,0.06926,0.06935,0.06905,0.06917,164893.03
2026-07-08 23:00:00+00:00,0.06917,0.06936,0.06899,0.06936,159121.4
2026-07-09 00:00:00+00:00,0.06936,0.06971,0.06925,0.06962,395405.78
2026-07-09 01:00:00+00:00,0.06962,0.0705,0.06957,0.06983,567780.18
2026-07-09 02:00:00+00:00,0.06983,0.07019,0.06955,0.06971,218351.45
2026-07-09 03:00:00+00:00,0.06971,0.06982,0.06917,0.0695,300340.72
2026-07-09 04:00:00+00:00,0.0695,0.07045,0.06948,0.07018,818098.87
2026-07-09 05:00:00+00:00,0.07018,0.0715,0.07014,0.07113,1026849.0
2026-07-09 06:00:00+00:00,0.07113,0.07133,0.07059,0.07101,475494.17
2026-07-09 07:00:00+00:00,0.07101,0.07108,0.06993,0.07058,532188.11
2026-07-09 08:00:00+00:00,0.07058,0.07106,0.07058,0.07099,276880.72
2026-07-09 09:00:00+00:00,0.07099,0.07106,0.07074,0.0709,220858.54
2026-07-09 10:00:00+00:00,0.0709,0.07094,0.07031,0.07053,224484.42
2026-07-09 11:00:00+00:00,0.07053,0.0706,0.07022,0.07058,435517.74
2026-07-09 12:00:00+00:00,0.07058,0.07079,0.07032,0.07033,404730.96
2026-07-09 13:00:00+00:00,0.07033,0.07072,0.07017,0.07062,184835.46
2026-07-09 14:00:00+00:00,0.07062,0.07084,0.07005,0.07006,362960.71
2026-07-09 15:00:00+00:00,0.07006,0.07046,0.06977,0.06997,411900.45
2026-07-09 16:00:00+00:00,0.06997,0.07017,0.06966,0.06983,255857.34
2026-07-09 17:00:00+00:00,0.06983,0.07051,0.06974,0.07021,359125.12
2026-07-09 18:00:00+00:00,0.07021,0.07054,0.07013,0.07016,454040.17
2026-07-09 19:00:00+00:00,0.07016,0.07023,0.06981,0.07005,257320.91
2026-07-09 20:00:00+00:00,0.07005,0.07043,0.06998,0.07043,130220.86
2026-07-09 21:00:00+00:00,0.07043,0.07052,0.07031,0.07044,139420.48
2026-07-09 22:00:00+00:00,0.07044,0.07054,0.0702,0.07042,376340.53
2026-07-09 23:00:00+00:00,0.07042,0.07052,0.06982,0.06994,316138.08
2026-07-10 00:00:00+00:00,0.06994,0.06996,0.06952,0.06982,240668.02
2026-07-10 01:00:00+00:00,0.06982,0.07111,0.06963,0.07072,621267.33
2026-07-10 02:00:00+00:00,0.07072,0.071,0.07061,0.07075,290624.58
2026-07-10 03:00:00+00:00,0.07075,0.07075,0.07033,0.07048,246560.22
2026-07-10 04:00:00+00:00,0.07048,0.07091,0.07048,0.07082,132696.46
2026-07-10 05:00:00+00:00,0.07082,0.07096,0.07071,0.0708,191225.25
2026-07-10 06:00:00+00:00,0.0708,0.07088,0.07044,0.07049,216434.85
2026-07-10 07:00:00+00:00,0.07049,0.07057,0.07042,0.07046,127237.72
2026-07-10 08:00:00+00:00,0.07046,0.07113,0.07042,0.07072,311118.95
2026-07-10 09:00:00+00:00,0.07072,0.07092,0.07055,0.07092,179558.37
2026-07-10 10:00:00+00:00,0.07092,0.07135,0.07081,0.07116,295369.65
2026-07-10 11:00:00+00:00,0.07116,0.07124,0.07095,0.0712,200475.49
2026-07-10 12:00:00+00:00,0.0712,0.07142,0.07077,0.07077,390268.21
2026-07-10 13:00:00+00:00,0.07077,0.07128,0.07057,0.07098,350867.07
2026-07-10 14:00:00+00:00,0.07098,0.07098,0.06991,0.07008,921485.36
2026-07-10 15:00:00+00:00,0.07008,0.07034,0.06999,0.07034,229859.34
2026-07-10 16:00:00+00:00,0.07034,0.07059,0.07017,0.07034,272428.2
2026-07-10 17:00:00+00:00,0.07034,0.0704,0.06988,0.06988,248168.55
2026-07-10 18:00:00+00:00,0.06988,0.07007,0.06969,0.06984,344111.73
2026-07-10 19:00:00+00:00,0.06984,0.07015,0.06981,0.06998,229598.03
2026-07-10 20:00:00+00:00,0.06998,0.06999,0.06977,0.06986,174314.12
2026-07-10 21:00:00+00:00,0.06986,0.07011,0.06977,0.07004,201597.54
2026-07-10 22:00:00+00:00,0.07004,0.07021,0.06988,0.07008,163666.37
2026-07-10 23:00:00+00:00,0.07008,0.07041,0.06996,0.07035,235830.24
2026-07-11 00:00:00+00:00,0.07035,0.0712,0.07008,0.07074,1499686.81
2026-07-11 01:00:00+00:00,0.07074,0.07078,0.07038,0.07051,382987.5
2026-07-11 02:00:00+00:00,0.07051,0.07105,0.07027,0.07046,711715.9
2026-07-11 03:00:00+00:00,0.07046,0.07053,0.0699,0.07006,889066.65
2026-07-11 04:00:00+00:00,0.07006,0.07059,0.06983,0.07007,1760881.63
2026-07-11 05:00:00+00:00,0.07007,0.07038,0.06996,0.07025,452437.9
2026-07-11 06:00:00+00:00,0.07025,0.07065,0.07014,0.07048,308100.65
2026-07-11 07:00:00+00:00,0.07048,0.07068,0.07048,0.07066,119476.44
2026-07-11 08:00:00+00:00,0.07066,0.07071,0.06917,0.06964,1765015.14
2026-07-11 09:00:00+00:00,0.06964,0.06976,0.06864,0.06954,2192331.29
2026-07-11 10:00:00+00:00,0.06954,0.06954,0.06691,0.06709,3121866.07
2026-07-11 11:00:00+00:00,0.06709,0.06888,0.06665,0.0687,2684786.73
2026-07-11 12:00:00+00:00,0.0687,0.06888,0.06825,0.06847,873696.77
2026-07-11 13:00:00+00:00,0.06847,0.06922,0.06839,0.06873,689961.11
2026-07-11 14:00:00+00:00,0.06873,0.06948,0.06845,0.06937,1120758.68
2026-07-11 15:00:00+00:00,0.06937,0.07013,0.06935,0.06992,806968.55
2026-07-11 16:00:00+00:00,0.06992,0.06995,0.06928,0.06951,442475.56
2026-07-11 17:00:00+00:00,0.06951,0.06977,0.06945,0.06956,305733.91
2026-07-11 18:00:00+00:00,0.06956,0.06993,0.06954,0.06972,317979.28
2026-07-11 19:00:00+00:00,0.06972,0.07017,0.06965,0.06995,336569.39
2026-07-11 20:00:00+00:00,0.06995,0.06999,0.06972,0.06975,255578.09
2026-07-11 21:00:00+00:00,0.06975,0.06986,0.0695,0.06957,182751.0
2026-07-11 22:00:00+00:00,0.06957,0.06971,0.06918,0.06924,280316.12
2026-07-11 23:00:00+00:00,0.06924,0.06924,0.06851,0.06851,376624.23
2026-07-12 00:00:00+00:00,0.06851,0.06856,0.06787,0.06806,688512.25
2026-07-12 01:00:00+00:00,0.06806,0.06885,0.06806,0.06833,1366893.82
2026-07-12 02:00:00+00:00,0.06833,0.06833,0.06743,0.06761,481039.89
2026-07-12 03:00:00+00:00,0.06761,0.06856,0.06756,0.06856,334151.19
2026-07-12 04:00:00+00:00,0.06856,0.06856,0.06805,0.06812,212389.64
2026-07-12 05:00:00+00:00,0.06812,0.0682,0.06802,0.06814,157774.64
2026-07-12 06:00:00+00:00,0.06814,0.06814,0.06741,0.06774,550479.93
2026-07-12 07:00:00+00:00,0.06774,0.06801,0.06761,0.06767,200353.0
2026-07-12 08:00:00+00:00,0.06767,0.06805,0.06765,0.06785,429701.63
2026-07-12 09:00:00+00:00,0.06785,0.06793,0.06755,0.06775,224152.96
2026-07-12 10:00:00+00:00,0.06775,0.06777,0.06751,0.06769,248500.93
2026-07-12 11:00:00+00:00,0.06769,0.06793,0.06759,0.06789,290467.87
2026-07-12 12:00:00+00:00,0.06789,0.06806,0.06771,0.06798,311649.77
2026-07-12 13:00:00+00:00,0.06798,0.06812,0.06755,0.0676,315902.06
2026-07-12 14:00:00+00:00,0.0676,0.06784,0.06716,0.06779,569493.03
2026-07-12 15:00:00+00:00,0.06779,0.06801,0.06768,0.06776,247822.14
2026-07-12 16:00:00+00:00,0.06776,0.06782,0.06735,0.06753,271988.0
2026-07-12 17:00:00+00:00,0.06753,0.06776,0.06743,0.06755,204178.04
2026-07-12 18:00:00+00:00,0.06755,0.06768,0.06745,0.06762,166977.63
2026-07-12 19:00:00+00:00,0.06762,0.06776,0.06758,0.06775,122774.03
2026-07-12 20:00:00+00:00,0.06775,0.06798,0.06768,0.06796,165134.81
2026-07-12 21:00:00+00:00,0.06796,0.06839,0.06774,0.06774,191303.68
2026-07-12 22:00:00+00:00,0.06774,0.06774,0.06714,0.0674,388560.18
2026-07-12 23:00:00+00:00,0.0674,0.06768,0.06728,0.06761,221985.08
2026-07-13 00:00:00+00:00,0.06761,0.06868,0.06746,0.06843,633770.13
2026-07-13 01:00:00+00:00,0.06843,0.06847,0.06749,0.06762,423627.43
2026-07-13 02:00:00+00:00,0.06762,0.06783,0.06737,0.06739,267607.15
2026-07-13 03:00:00+00:00,0.06739,0.06739,0.06672,0.06715,659523.47
2026-07-13 04:00:00+00:00,0.06715,0.06726,0.0671,0.06714,217061.08
2026-07-13 05:00:00+00:00,0.06714,0.0675,0.06699,0.06745,312326.08
2026-07-13 06:00:00+00:00,0.06745,0.06755,0.06739,0.06746,154639.83
2026-07-13 07:00:00+00:00,0.06746,0.06777,0.06746,0.0677,277726.89
2026-07-13 08:00:00+00:00,0.0677,0.06794,0.06762,0.06773,279747.5
2026-07-13 09:00:00+00:00,0.06773,0.06779,0.06733,0.06746,193046.96
2026-07-13 10:00:00+00:00,0.06746,0.06752,0.06698,0.067,344895.75
2026-07-13 11:00:00+00:00,0.067,0.06709,0.06682,0.06684,427507.74
2026-07-13 12:00:00+00:00,0.06684,0.06696,0.06642,0.06695,812697.93
2026-07-13 13:00:00+00:00,0.06695,0.06717,0.0668,0.06698,292307.24
2026-07-13 14:00:00+00:00,0.06698,0.06731,0.06675,0.06725,351636.8
2026-07-13 15:00:00+00:00,0.06725,0.06729,0.06672,0.06675,260299.22
2026-07-13 16:00:00+00:00,0.06675,0.06686,0.06627,0.06664,498566.26
2026-07-13 17:00:00+00:00,0.06664,0.06669,0.06609,0.06611,1046507.77
2026-07-13 18:00:00+00:00,0.06611,0.06635,0.06601,0.06622,403376.91
2026-07-13 19:00:00+00:00,0.06622,0.06651,0.06618,0.06649,197861.41
2026-07-13 20:00:00+00:00,0.06649,0.06654,0.06621,0.06638,154215.39
2026-07-13 21:00:00+00:00,0.06638,0.06641,0.0656,0.06603,452202.95
2026-07-13 22:00:00+00:00,0.06603,0.0665,0.06601,0.06635,304164.45
2026-07-13 23:00:00+00:00,0.06635,0.06668,0.06623,0.06662,226159.2
2026-07-14 00:00:00+00:00,0.06662,0.06668,0.06632,0.06662,255300.6
2026-07-14 01:00:00+00:00,0.06662,0.06663,0.06606,0.06613,367838.66
2026-07-14 02:00:00+00:00,0.06613,0.0662,0.06575,0.06605,365413.99
2026-07-14 03:00:00+00:00,0.06605,0.06618,0.06568,0.06617,295590.62
2026-07-14 04:00:00+00:00,0.06617,0.06653,0.0661,0.06645,250020.64
2026-07-14 05:00:00+00:00,0.06645,0.06672,0.06602,0.06614,433278.38
2026-07-14 06:00:00+00:00,0.06614,0.06629,0.06593,0.06597,216885.55
2026-07-14 07:00:00+00:00,0.06597,0.06615,0.06592,0.06603,157893.21
2026-07-14 08:00:00+00:00,0.06603,0.06616,0.06593,0.06593,288810.13
2026-07-14 09:00:00+00:00,0.06593,0.06602,0.06581,0.06599,299576.84
2026-07-14 10:00:00+00:00,0.06599,0.06616,0.06594,0.06611,228138.51
2026-07-14 11:00:00+00:00,0.06611,0.06635,0.06603,0.06634,221363.1
2026-07-14 12:00:00+00:00,0.06634,0.06713,0.06619,0.06706,2099312.01
2026-07-14 13:00:00+00:00,0.06706,0.0677,0.0668,0.06727,963523.03
2026-07-14 14:00:00+00:00,0.06727,0.06734,0.06695,0.06727,683908.31
2026-07-14 15:00:00+00:00,0.06727,0.06745,0.06698,0.06699,601287.39
2026-07-14 16:00:00+00:00,0.06699,0.06719,0.06679,0.06682,440481.75
2026-07-14 17:00:00+00:00,0.06682,0.06697,0.06665,0.0668,323809.36
2026-07-14 18:00:00+00:00,0.0668,0.06683,0.06635,0.06662,402815.13
2026-07-14 19:00:00+00:00,0.06662,0.06676,0.06647,0.06662,328786.63
2026-07-14 20:00:00+00:00,0.06662,0.06677,0.06635,0.0667,298310.67
2026-07-14 21:00:00+00:00,0.0667,0.06688,0.06659,0.06682,416081.32
2026-07-14 22:00:00+00:00,0.06682,0.06744,0.06669,0.0673,570481.81
2026-07-14 23:00:00+00:00,0.0673,0.06742,0.06721,0.06737,325228.29
2026-07-15 00:00:00+00:00,0.06737,0.06742,0.06711,0.06732,252889.75
2026-07-15 01:00:00+00:00,0.06732,0.0674,0.06712,0.06724,212523.9
2026-07-15 02:00:00+00:00,0.06724,0.06733,0.06713,0.06724,128942.7
2026-07-15 03:00:00+00:00,0.06724,0.06748,0.06715,0.06748,228253.56
2026-07-15 04:00:00+00:00,0.06748,0.06757,0.06724,0.06738,216751.73
2026-07-15 05:00:00+00:00,0.06738,0.06754,0.06711,0.06753,266202.45
2026-07-15 06:00:00+00:00,0.06753,0.06788,0.06753,0.06776,369475.07
2026-07-15 07:00:00+00:00,0.06776,0.06792,0.0673,0.06751,460527.04
2026-07-15 08:00:00+00:00,0.06751,0.06757,0.06729,0.06735,360532.21
2026-07-15 09:00:00+00:00,0.06735,0.0676,0.0673,0.06731,248369.45
2026-07-15 10:00:00+00:00,0.06731,0.06744,0.06724,0.0673,197898.25
2026-07-15 11:00:00+00:00,0.0673,0.06751,0.06716,0.0675,346073.28
2026-07-15 12:00:00+00:00,0.0675,0.06837,0.06744,0.06815,912534.44
2026-07-15 13:00:00+00:00,0.06815,0.06838,0.06779,0.06793,562452.24
2026-07-15 14:00:00+00:00,0.06793,0.06828,0.06782,0.06827,488796.26
2026-07-15 15:00:00+00:00,0.06827,0.06839,0.06812,0.06829,349656.43
2026-07-15 16:00:00+00:00,0.06829,0.06832,0.06726,0.06755,539734.96
2026-07-15 17:00:00+00:00,0.06755,0.06776,0.06738,0.06745,323841.52
2026-07-15 18:00:00+00:00,0.06745,0.06774,0.06731,0.06731,274952.24
2026-07-15 19:00:00+00:00,0.06731,0.06748,0.0672,0.06746,155350.2
2026-07-15 20:00:00+00:00,0.06746,0.06764,0.0674,0.06746,160161.2
2026-07-15 21:00:00+00:00,0.06746,0.0678,0.06745,0.06777,207811.86
2026-07-15 22:00:00+00:00,0.06777,0.06824,0.06759,0.06802,918086.05
2026-07-15 23:00:00+00:00,0.06802,0.06821,0.06787,0.06796,252246.41
2026-07-16 00:00:00+00:00,0.06796,0.0683,0.06777,0.06785,359911.53
2026-07-16 01:00:00+00:00,0.06785,0.06785,0.0674,0.06775,187100.18
2026-07-16 02:00:00+00:00,0.06775,0.06784,0.06764,0.06779,131625.65
2026-07-16 03:00:00+00:00,0.06779,0.068,0.06753,0.06753,165644.04
2026-07-16 04:00:00+00:00,0.06753,0.06763,0.0674,0.06743,149402.24
2026-07-16 05:00:00+00:00,0.06743,0.06769,0.06738,0.06765,137189.81
2026-07-16 06:00:00+00:00,0.06765,0.06772,0.06736,0.06746,275769.93
2026-07-16 07:00:00+00:00,0.06746,0.06755,0.06698,0.06709,487241.35
2026-07-16 08:00:00+00:00,0.06709,0.06741,0.06683,0.0671,400251.24
2026-07-16 09:00:00+00:00,0.0671,0.06726,0.06707,0.06711,169019.43
2026-07-16 10:00:00+00:00,0.06711,0.0673,0.06711,0.0673,114965.7
2026-07-16 11:00:00+00:00,0.0673,0.06763,0.0672,0.06758,298517.62
2026-07-16 12:00:00+00:00,0.06758,0.06762,0.06697,0.06709,738242.25
2026-07-16 13:00:00+00:00,0.06709,0.06747,0.06696,0.06731,1178069.42
2026-07-16 14:00:00+00:00,0.06731,0.06773,0.06714,0.06772,524438.23
2026-07-16 15:00:00+00:00,0.06772,0.06811,0.06748,0.06807,270634.37
2026-07-16 16:00:00+00:00,0.06807,0.0682,0.06776,0.06791,410621.53
2026-07-16 17:00:00+00:00,0.06791,0.06794,0.06751,0.06764,539537.15
2026-07-16 18:00:00+00:00,0.06764,0.06782,0.06737,0.06737,234702.53
2026-07-16 19:00:00+00:00,0.06737,0.06752,0.06715,0.06734,298708.43
2026-07-16 20:00:00+00:00,0.06734,0.0674,0.06714,0.06717,133311.71
2026-07-16 21:00:00+00:00,0.06717,0.06779,0.06715,0.06738,512319.66
2026-07-16 22:00:00+00:00,0.06738,0.0674,0.06644,0.06658,708505.2
2026-07-16 23:00:00+00:00,0.06658,0.06665,0.06636,0.06658,278138.1
2026-07-17 00:00:00+00:00,0.06658,0.06692,0.06645,0.06685,343290.96
2026-07-17 01:00:00+00:00,0.06685,0.06685,0.06646,0.06652,196260.47
2026-07-17 02:00:00+00:00,0.06652,0.06663,0.06622,0.06634,211130.5
2026-07-17 03:00:00+00:00,0.06634,0.06662,0.06629,0.06643,161755.72
2026-07-17 04:00:00+00:00,0.06643,0.06661,0.06626,0.06654,159790.9
2026-07-17 05:00:00+00:00,0.06654,0.06654,0.06585,0.06598,436929.74
2026-07-17 06:00:00+00:00,0.06598,0.06625,0.06582,0.0662,263621.36
2026-07-17 07:00:00+00:00,0.0662,0.06628,0.06584,0.06604,622327.43
2026-07-17 08:00:00+00:00,0.06604,0.0663,0.06588,0.06615,492445.86
2026-07-17 09:00:00+00:00,0.06615,0.06628,0.06611,0.06628,158328.31
2026-07-17 10:00:00+00:00,0.06628,0.06652,0.06626,0.06626,349059.73
2026-07-17 11:00:00+00:00,0.06626,0.06631,0.06604,0.06604,176655.0
2026-07-17 12:00:00+00:00,0.06604,0.06612,0.06585,0.06589,204788.3
2026-07-17 13:00:00+00:00,0.06589,0.06598,0.06535,0.06596,917571.99
2026-07-17 14:00:00+00:00,0.06596,0.06632,0.06596,0.06627,566166.23
2026-07-17 15:00:00+00:00,0.06627,0.06627,0.06589,0.06602,646690.92
2026-07-17 16:00:00+00:00,0.06602,0.06632,0.06592,0.06616,431291.82
2026-07-17 17:00:00+00:00,0.06616,0.06647,0.06616,0.06624,445885.18
2026-07-17 18:00:00+00:00,0.06624,0.06632,0.06598,0.06631,283794.53
2026-07-17 19:00:00+00:00,0.06631,0.06632,0.06594,0.06613,279951.77
2026-07-17 20:00:00+00:00,0.06613,0.06613,0.06595,0.06603,184217.89
2026-07-17 21:00:00+00:00,0.06603,0.06618,0.066,0.06612,163712.49
2026-07-17 22:00:00+00:00,0.06612,0.06614,0.06598,0.06603,97326.23
2026-07-17 23:00:00+00:00,0.06603,0.06606,0.06587,0.0659,167620.94
2026-07-18 00:00:00+00:00,0.0659,0.06611,0.0657,0.06571,244167.34
2026-07-18 01:00:00+00:00,0.06571,0.0659,0.06569,0.06589,104895.2
2026-07-18 02:00:00+00:00,0.06589,0.06624,0.06585,0.06622,278173.26
2026-07-18 03:00:00+00:00,0.06622,0.06633,0.06607,0.06633,175049.15
2026-07-18 04:00:00+00:00,0.06633,0.06636,0.06613,0.06616,261203.17
2026-07-18 05:00:00+00:00,0.06616,0.06628,0.06608,0.06613,97314.07
2026-07-18 06:00:00+00:00,0.06613,0.0662,0.06597,0.06616,310340.49
2026-07-18 07:00:00+00:00,0.06616,0.06633,0.06612,0.06633,110401.69
2026-07-18 08:00:00+00:00,0.06633,0.06644,0.06628,0.06638,133703.89
2026-07-18 09:00:00+00:00,0.06638,0.06638,0.06606,0.06609,175997.81
2026-07-18 10:00:00+00:00,0.06609,0.06626,0.06609,0.06612,91854.26
2026-07-18 11:00:00+00:00,0.06612,0.0663,0.06612,0.06623,104687.5
2026-07-18 12:00:00+00:00,0.06623,0.06649,0.06617,0.06644,361905.31
2026-07-18 13:00:00+00:00,0.06644,0.06644,0.06619,0.06631,140027.64
2026-07-18 14:00:00+00:00,0.06631,0.06665,0.0663,0.0666,246045.44
2026-07-18 15:00:00+00:00,0.0666,0.0667,0.06644,0.06668,289044.87
2026-07-18 16:00:00+00:00,0.06668,0.06692,0.06662,0.06687,478014.07
2026-07-18 17:00:00+00:00,0.06687,0.0669,0.06667,0.06679,285319.06
2026-07-18 18:00:00+00:00,0.06679,0.06692,0.06662,0.06667,228399.36
2026-07-18 19:00:00+00:00,0.06667,0.06687,0.06663,0.06678,193835.22
2026-07-18 20:00:00+00:00,0.06678,0.06695,0.06677,0.06693,108282.77
2026-07-18 21:00:00+00:00,0.06693,0.06707,0.06684,0.06686,223569.35
2026-07-18 22:00:00+00:00,0.06686,0.06709,0.06684,0.067,170488.17
2026-07-18 23:00:00+00:00,0.067,0.06711,0.067,0.06711,116654.0
2026-07-19 00:00:00+00:00,0.06711,0.06736,0.06703,0.06731,418216.55
2026-07-19 01:00:00+00:00,0.06731,0.06743,0.06717,0.06722,226613.16
2026-07-19 02:00:00+00:00,0.06722,0.06736,0.06696,0.06703,265771.3
2026-07-19 03:00:00+00:00,0.06703,0.06704,0.06667,0.06677,233487.21
2026-07-19 04:00:00+00:00,0.06677,0.06685,0.06666,0.06679,128731.03
2026-07-19 05:00:00+00:00,0.06679,0.06684,0.06673,0.06677,63599.88
2026-07-19 06:00:00+00:00,0.06677,0.06713,0.06668,0.06707,560325.09
2026-07-19 07:00:00+00:00,0.06707,0.0675,0.06684,0.06718,1857681.37
2026-07-19 08:00:00+00:00,0.06718,0.06731,0.06653,0.06683,1252669.15
2026-07-19 09:00:00+00:00,0.06683,0.06687,0.0667,0.06683,76755.3
2026-07-19 10:00:00+00:00,0.06683,0.06692,0.06674,0.06678,98330.9
2026-07-19 11:00:00+00:00,0.06678,0.06688,0.06669,0.06672,95249.15
2026-07-19 12:00:00+00:00,0.06672,0.06672,0.06656,0.06662,151696.4
2026-07-19 13:00:00+00:00,0.06662,0.06672,0.06655,0.06665,123499.92
2026-07-19 14:00:00+00:00,0.06665,0.06695,0.06658,0.06686,119356.64
2026-07-19 15:00:00+00:00,0.06686,0.0669,0.06663,0.06672,76619.38
2026-07-19 16:00:00+00:00,0.06672,0.06677,0.06655,0.06657,167198.76
2026-07-19 17:00:00+00:00,0.06657,0.06667,0.06629,0.06654,168076.84
2026-07-19 18:00:00+00:00,0.06654,0.06658,0.0663,0.0664,124403.82
2026-07-19 19:00:00+00:00,0.0664,0.06645,0.06632,0.06644,76090.69
2026-07-19 20:00:00+00:00,0.06644,0.06657,0.06643,0.06653,76696.64
2026-07-19 21:00:00+00:00,0.06653,0.06667,0.06638,0.06641,140472.02
2026-07-19 22:00:00+00:00,0.06641,0.06668,0.06634,0.06652,161714.43
2026-07-19 23:00:00+00:00,0.06652,0.06658,0.0664,0.06655,112324.31
2026-07-20 00:00:00+00:00,0.06655,0.0669,0.06614,0.0662,414075.35
2026-07-20 01:00:00+00:00,0.0662,0.06655,0.06592,0.06603,277578.38
2026-07-20 02:00:00+00:00,0.06603,0.06625,0.06585,0.06624,201015.87
2026-07-20 03:00:00+00:00,0.06624,0.06628,0.06602,0.06616,148215.81
2026-07-20 04:00:00+00:00,0.06616,0.06617,0.06594,0.066,129127.59
2026-07-20 05:00:00+00:00,0.066,0.06604,0.06571,0.06573,422337.15
2026-07-20 06:00:00+00:00,0.06573,0.06587,0.06545,0.0655,278021.46
2026-07-20 07:00:00+00:00,0.0655,0.06579,0.06543,0.06574,163401.94
2026-07-20 08:00:00+00:00,0.06574,0.06591,0.06553,0.06568,269049.72
2026-07-20 09:00:00+00:00,0.06568,0.06599,0.06557,0.06598,233691.48
2026-07-20 10:00:00+00:00,0.06598,0.06629,0.06586,0.06606,467438.54
2026-07-20 11:00:00+00:00,0.06606,0.06667,0.06604,0.06664,338230.45
2026-07-20 12:00:00+00:00,0.06664,0.06672,0.06632,0.06634,241139.3
2026-07-20 13:00:00+00:00,0.06634,0.06648,0.06597,0.06604,324565.66
2026-07-20 14:00:00+00:00,0.06604,0.06632,0.06579,0.06604,302938.71
2026-07-20 15:00:00+00:00,0.06604,0.06687,0.06602,0.06673,456069.09
2026-07-20 16:00:00+00:00,0.06673,0.06685,0.06645,0.06664,506967.95
2026-07-20 17:00:00+00:00,0.06664,0.06689,0.06662,0.06681,191708.28
2026-07-20 18:00:00+00:00,0.06681,0.0671,0.06658,0.06662,327657.59
2026-07-20 19:00:00+00:00,0.06662,0.06662,0.066,0.06611,672604.64
2026-07-20 20:00:00+00:00,0.06611,0.06636,0.06605,0.06636,129663.15
2026-07-20 21:00:00+00:00,0.06636,0.06684,0.06635,0.0666,623958.02
2026-07-20 22:00:00+00:00,0.0666,0.06665,0.06647,0.06659,259456.55
2026-07-20 23:00:00+00:00,0.06659,0.06674,0.06659,0.06672,169097.05
2026-07-21 00:00:00+00:00,0.06672,0.06704,0.06666,0.06702,387729.69
2026-07-21 01:00:00+00:00,0.06702,0.06708,0.06677,0.06681,259016.49
2026-07-21 02:00:00+00:00,0.06681,0.06696,0.06665,0.06696,285218.47
2026-07-21 03:00:00+00:00,0.06696,0.06718,0.06694,0.06718,215579.56
2026-07-21 04:00:00+00:00,0.06718,0.06726,0.06676,0.06688,810799.09
2026-07-21 05:00:00+00:00,0.06688,0.06714,0.06684,0.06708,521899.04
2026-07-21 06:00:00+00:00,0.06708,0.06747,0.06701,0.06744,440483.18
2026-07-21 07:00:00+00:00,0.06744,0.06756,0.06734,0.06749,315356.09
2026-07-21 08:00:00+00:00,0.06749,0.06774,0.06748,0.06773,494325.07
2026-07-21 09:00:00+00:00,0.06773,0.06815,0.06766,0.06801,574116.12
2026-07-21 10:00:00+00:00,0.06801,0.06843,0.06801,0.06829,596501.5
2026-07-21 11:00:00+00:00,0.06829,0.06855,0.06822,0.06841,474393.11
2026-07-21 12:00:00+00:00,0.06841,0.06881,0.06816,0.06831,576822.59
2026-07-21 13:00:00+00:00,0.06831,0.06879,0.06823,0.06867,719834.72
2026-07-21 14:00:00+00:00,0.06867,0.06875,0.0683,0.0684,392850.26
2026-07-21 15:00:00+00:00,0.0684,0.06891,0.06819,0.06862,646950.2
2026-07-21 16:00:00+00:00,0.06862,0.06869,0.06842,0.0685,248754.56
2026-07-21 17:00:00+00:00,0.0685,0.069,0.06834,0.06879,691948.15
2026-07-21 18:00:00+00:00,0.06879,0.06935,0.0687,0.06925,421690.18
2026-07-21 19:00:00+00:00,0.06925,0.07084,0.06925,0.06983,3041900.41
2026-07-21 20:00:00+00:00,0.06983,0.07024,0.0694,0.07016,819603.92
2026-07-21 21:00:00+00:00,0.07016,0.07019,0.06971,0.06998,493753.72
2026-07-21 22:00:00+00:00,0.06998,0.06998,0.06942,0.06944,226666.13
2026-07-21 23:00:00+00:00,0.06944,0.06958,0.06912,0.06957,218754.56
2026-07-22 00:00:00+00:00,0.06957,0.06996,0.06946,0.06994,269903.19
2026-07-22 01:00:00+00:00,0.06994,0.07019,0.06979,0.07,387913.15
2026-07-22 02:00:00+00:00,0.07,0.07075,0.07,0.07037,623300.33
2026-07-22 03:00:00+00:00,0.07037,0.07062,0.0702,0.07028,306779.59
2026-07-22 04:00:00+00:00,0.07028,0.0704,0.06978,0.07005,573109.62
2026-07-22 05:00:00+00:00,0.07005,0.07012,0.06953,0.06977,294645.03
2026-07-22 06:00:00+00:00,0.06977,0.07015,0.06958,0.0697,606661.64
2026-07-22 07:00:00+00:00,0.0697,0.07018,0.06963,0.07018,549143.26
2026-07-22 08:00:00+00:00,0.07018,0.07138,0.07016,0.07135,761570.42
2026-07-22 09:00:00+00:00,0.07135,0.07194,0.0708,0.07088,1028246.45
2026-07-22 10:00:00+00:00,0.07088,0.07147,0.07061,0.07147,545559.85
2026-07-22 11:00:00+00:00,0.07147,0.07148,0.07094,0.0714,571516.39
2026-07-22 12:00:00+00:00,0.0714,0.07152,0.07075,0.07096,866779.84
2026-07-22 13:00:00+00:00,0.07096,0.07146,0.07076,0.07146,611064.81
2026-07-22 14:00:00+00:00,0.07146,0.07221,0.07142,0.0722,643028.13
2026-07-22 15:00:00+00:00,0.0722,0.07333,0.07197,0.07253,2918725.1
2026-07-22 16:00:00+00:00,0.07253,0.07405,0.07252,0.07401,1693333.55
2026-07-22 17:00:00+00:00,0.07401,0.07417,0.07218,0.07237,1618352.88
2026-07-22 18:00:00+00:00,0.07237,0.07241,0.07151,0.07189,949638.0
2026-07-22 19:00:00+00:00,0.07189,0.07196,0.0716,0.07176,387216.61
2026-07-22 20:00:00+00:00,0.07176,0.0719,0.07153,0.07174,346874.28
2026-07-22 21:00:00+00:00,0.07174,0.07277,0.07167,0.07262,498030.29
2026-07-22 22:00:00+00:00,0.07262,0.07321,0.0725,0.07321,452934.39
2026-07-22 23:00:00+00:00,0.07321,0.07321,0.07234,0.07288,730246.17
2026-07-23 00:00:00+00:00,0.07288,0.07341,0.07268,0.07331,859616.07
2026-07-23 01:00:00+00:00,0.07331,0.07364,0.07318,0.07336,907875.69
2026-07-23 02:00:00+00:00,0.07336,0.07341,0.0727,0.07295,623727.9
2026-07-23 03:00:00+00:00,0.07295,0.0731,0.07248,0.07266,569660.17
2026-07-23 04:00:00+00:00,0.07266,0.07332,0.0726,0.07321,596930.69
2026-07-23 05:00:00+00:00,0.07321,0.07356,0.07304,0.07353,369367.1
2026-07-23 06:00:00+00:00,0.07353,0.07392,0.07289,0.07392,618030.69
2026-07-23 07:00:00+00:00,0.07392,0.07396,0.07325,0.07352,879175.41
2026-07-23 08:00:00+00:00,0.07352,0.07449,0.07352,0.07446,786745.02
2026-07-23 09:00:00+00:00,0.07446,0.07447,0.07387,0.07391,1131354.22
2026-07-23 10:00:00+00:00,0.07391,0.07403,0.07335,0.07373,550038.27
2026-07-23 11:00:00+00:00,0.07373,0.07373,0.07276,0.07285,644216.76
2026-07-23 12:00:00+00:00,0.07285,0.07296,0.07215,0.07242,973640.76
2026-07-23 13:00:00+00:00,0.07242,0.07246,0.07173,0.07193,965400.83
2026-07-23 14:00:00+00:00,0.07193,0.07219,0.07135,0.07136,635734.5
2026-07-23 15:00:00+00:00,0.07136,0.07258,0.07101,0.07194,1440644.46
2026-07-23 16:00:00+00:00,0.07194,0.07258,0.07164,0.07241,912494.48
2026-07-23 17:00:00+00:00,0.07241,0.07256,0.07164,0.07166,537463.71
2026-07-23 18:00:00+00:00,0.07166,0.07227,0.07162,0.07221,522370.39
2026-07-23 19:00:00+00:00,0.07221,0.07243,0.07199,0.07214,373460.04
2026-07-23 20:00:00+00:00,0.07214,0.07266,0.07196,0.07196,422359.73
2026-07-23 21:00:00+00:00,0.07196,0.07215,0.07138,0.07142,370253.35
2026-07-23 22:00:00+00:00,0.07142,0.07178,0.0713,0.07142,462227.79
2026-07-23 23:00:00+00:00,0.07142,0.07153,0.07113,0.07113,239229.56
2026-07-24 00:00:00+00:00,0.07113,0.07127,0.07064,0.07078,395022.57
2026-07-24 01:00:00+00:00,0.07078,0.07128,0.07072,0.07105,336121.36
2026-07-24 02:00:00+00:00,0.07105,0.07126,0.07061,0.07072,403528.63
2026-07-24 03:00:00+00:00,0.07072,0.07102,0.07066,0.07095,287855.85
2026-07-24 04:00:00+00:00,0.07095,0.07119,0.07087,0.07099,171170.51
2026-07-24 05:00:00+00:00,0.07099,0.07151,0.07098,0.07129,245672.83
2026-07-24 06:00:00+00:00,0.07129,0.07142,0.07113,0.0712,189934.1
2026-07-24 07:00:00+00:00,0.0712,0.07151,0.07073,0.07114,444510.37
2026-07-24 08:00:00+00:00,0.07114,0.07114,0.07063,0.07072,189489.32
2026-07-24 09:00:00+00:00,0.07072,0.07095,0.07055,0.07077,241202.42
2026-07-24 10:00:00+00:00,0.07077,0.07082,0.07059,0.07072,192390.92
2026-07-24 11:00:00+00:00,0.07072,0.07076,0.07033,0.07049,324050.07
2026-07-24 12:00:00+00:00,0.07049,0.07072,0.07039,0.07051,294593.19
2026-07-24 13:00:00+00:00,0.07051,0.07092,0.07041,0.0706,443649.77
2026-07-24 14:00:00+00:00,0.0706,0.07082,0.07044,0.07082,317334.79
2026-07-24 15:00:00+00:00,0.07082,0.07118,0.07049,0.07082,406959.5
2026-07-24 16:00:00+00:00,0.07082,0.07098,0.07047,0.0707,325328.14
2026-07-24 17:00:00+00:00,0.0707,0.07095,0.07064,0.07071,298438.96
2026-07-24 18:00:00+00:00,0.07071,0.07102,0.07047,0.07101,281920.17
2026-07-24 19:00:00+00:00,0.07101,0.07197,0.07081,0.0714,833418.9
2026-07-24 20:00:00+00:00,0.0714,0.0727,0.0714,0.07262,892439.35
2026-07-24 21:00:00+00:00,0.07262,0.07282,0.07152,0.07152,922798.96
2026-07-24 22:00:00+00:00,0.07152,0.07175,0.07075,0.07097,651854.92
2026-07-24 23:00:00+00:00,0.07097,0.071,0.07036,0.0708,522764.56
2026-07-25 00:00:00+00:00,0.0708,0.0712,0.06997,0.07023,1185252.48
2026-07-25 01:00:00+00:00,0.07023,0.07085,0.07017,0.07085,410821.5
2026-07-25 02:00:00+00:00,0.07085,0.07085,0.07055,0.07056,187179.05
2026-07-25 03:00:00+00:00,0.07056,0.07069,0.07043,0.07045,190660.38
2026-07-25 04:00:00+00:00,0.07045,0.07054,0.07026,0.07044,138709.08
2026-07-25 05:00:00+00:00,0.07044,0.07052,0.07025,0.07027,91874.29
2026-07-25 06:00:00+00:00,0.07027,0.0703,0.07007,0.07023,100780.28
2026-07-25 07:00:00+00:00,0.07023,0.07024,0.07009,0.07009,125451.7
2026-07-25 08:00:00+00:00,0.07009,0.0701,0.06979,0.06984,322011.19
2026-07-25 09:00:00+00:00,0.06984,0.07016,0.06984,0.06993,116389.78
2026-07-25 10:00:00+00:00,0.06993,0.07023,0.06993,0.07012,144812.37
2026-07-25 11:00:00+00:00,0.07012,0.07039,0.07009,0.07011,485806.43
2026-07-25 12:00:00+00:00,0.07011,0.07013,0.06998,0.07009,126382.87
2026-07-25 13:00:00+00:00,0.07009,0.07025,0.06998,0.07001,252761.59
2026-07-25 14:00:00+00:00,0.07001,0.07014,0.06997,0.07003,96292.7
2026-07-25 15:00:00+00:00,0.07003,0.07022,0.07002,0.0702,112182.62
2026-07-25 16:00:00+00:00,0.0702,0.0705,0.0701,0.07046,152086.27
2026-07-25 17:00:00+00:00,0.07046,0.07131,0.07045,0.07113,498003.32
2026-07-25 18:00:00+00:00,0.07113,0.0714,0.07079,0.07094,448097.49
2026-07-25 19:00:00+00:00,0.07094,0.07106,0.07081,0.071,180972.39
2026-07-25 20:00:00+00:00,0.071,0.07111,0.07062,0.07071,203804.34
2026-07-25 21:00:00+00:00,0.07071,0.07071,0.07029,0.0707,506232.61
2026-07-25 22:00:00+00:00,0.0707,0.0712,0.07063,0.07094,452930.46
2026-07-25 23:00:00+00:00,0.07094,0.07105,0.07078,0.07098,159679.2
2026-07-26 00:00:00+00:00,0.07098,0.07102,0.07054,0.07057,294886.8
2026-07-26 01:00:00+00:00,0.07057,0.0706,0.07028,0.07041,188337.39
2026-07-26 02:00:00+00:00,0.07041,0.07045,0.07009,0.07021,301461.06
2026-07-26 03:00:00+00:00,0.07021,0.07027,0.07005,0.07019,132626.06
2026-07-26 04:00:00+00:00,0.07019,0.07027,0.07006,0.07018,100922.25
2026-07-26 05:00:00+00:00,0.07018,0.07045,0.07002,0.07002,363213.57
2026-07-26 06:00:00+00:00,0.07002,0.07005,0.06969,0.06985,287549.57
2026-07-26 07:00:00+00:00,0.06985,0.07017,0.06978,0.06995,444090.3
2026-07-26 08:00:00+00:00,0.06995,0.07012,0.06991,0.07011,130286.91
2026-07-26 09:00:00+00:00,0.07011,0.07015,0.06993,0.07011,153835.78
2026-07-26 10:00:00+00:00,0.07011,0.07025,0.07004,0.07013,124289.9
2026-07-26 11:00:00+00:00,0.07013,0.07048,0.06998,0.07007,396382.8
2026-07-26 12:00:00+00:00,0.07007,0.07026,0.07,0.07003,189899.93
2026-07-26 13:00:00+00:00,0.07003,0.07008,0.06977,0.06992,264623.67
2026-07-26 14:00:00+00:00,0.06992,0.07019,0.06981,0.06987,198903.46
2026-07-26 15:00:00+00:00,0.06987,0.0702,0.06985,0.07012,224379.42
2026-07-26 16:00:00+00:00,0.07012,0.07041,0.07005,0.0701,184697.45
2026-07-26 17:00:00+00:00,0.0701,0.07014,0.06991,0.06998,140061.72
2026-07-26 18:00:00+00:00,0.06998,0.0701,0.06993,0.07008,102814.45
2026-07-26 19:00:00+00:00,0.07008,0.07013,0.06993,0.06998,188139.75
2026-07-26 20:00:00+00:00,0.06998,0.0701,0.06992,0.06995,120047.98
2026-07-26 21:00:00+00:00,0.06995,0.06998,0.06912,0.06975,780529.09
2026-07-26 22:00:00+00:00,0.06975,0.07039,0.06975,0.07027,431344.82
2026-07-26 23:00:00+00:00,0.07027,0.07044,0.07015,0.07025,245396.77
2026-07-27 00:00:00+00:00,0.07025,0.07026,0.06964,0.06964,369506.01
2026-07-27 01:00:00+00:00,0.06964,0.06975,0.06931,0.06972,154637.64
2026-07-27 02:00:00+00:00,0.06972,0.06983,0.06949,0.0698,241059.2
2026-07-27 03:00:00+00:00,0.0698,0.07001,0.06977,0.07001,105166.38
2026-07-27 04:00:00+00:00,0.07001,0.07001,0.06986,0.06987,137960.56
2026-07-27 05:00:00+00:00,0.06987,0.07002,0.06949,0.06961,217982.47
2026-07-27 06:00:00+00:00,0.06961,0.06991,0.06958,0.06961,228484.91
2026-07-27 07:00:00+00:00,0.06961,0.06967,0.06938,0.0694,245416.62
2026-07-27 08:00:00+00:00,0.0694,0.06957,0.06936,0.06937,547806.23
2026-07-27 09:00:00+00:00,0.06937,0.06942,0.06904,0.06909,247286.97
2026-07-27 10:00:00+00:00,0.06909,0.06935,0.069,0.06933,149297.51
2026-07-27 11:00:00+00:00,0.06933,0.06936,0.06918,0.06922,113753.48
2026-07-27 12:00:00+00:00,0.06922,0.06966,0.06889,0.0695,374761.26
2026-07-27 13:00:00+00:00,0.0695,0.0698,0.06923,0.0693,358806.93
2026-07-27 14:00:00+00:00,0.0693,0.0693,0.0683,0.06858,753005.71
2026-07-27 15:00:00+00:00,0.06858,0.06886,0.06788,0.06804,839564.04
2026-07-27 16:00:00+00:00,0.06804,0.0687,0.06795,0.06856,393500.98
2026-07-27 17:00:00+00:00,0.06856,0.06884,0.06852,0.06884,169650.14
2026-07-27 18:00:00+00:00,0.06884,0.06898,0.06872,0.0689,219491.61
2026-07-27 19:00:00+00:00,0.0689,0.06906,0.06884,0.06897,137300.55
2026-07-27 20:00:00+00:00,0.06897,0.06907,0.06883,0.06907,64766.21
2026-07-27 21:00:00+00:00,0.06907,0.06908,0.06869,0.06872,143367.83
2026-07-27 22:00:00+00:00,0.06872,0.06876,0.06818,0.06818,402474.25
2026-07-27 23:00:00+00:00,0.06818,0.0685,0.06807,0.06814,310341.67
2026-07-28 00:00:00+00:00,0.06814,0.06837,0.06779,0.0678,325030.06
2026-07-28 01:00:00+00:00,0.0678,0.06783,0.06732,0.06743,665953.91
2026-07-28 02:00:00+00:00,0.06743,0.06773,0.06737,0.06749,258283.17
2026-07-28 03:00:00+00:00,0.06749,0.0679,0.06744,0.06776,135616.88
2026-07-28 04:00:00+00:00,0.06776,0.06804,0.06771,0.06798,110513.51
2026-07-28 05:00:00+00:00,0.06798,0.06875,0.06793,0.06823,1312881.67
2026-07-28 06:00:00+00:00,0.06823,0.06834,0.06783,0.06795,619484.43
2026-07-28 07:00:00+00:00,0.06795,0.06831,0.0679,0.06793,934437.12
2026-07-28 08:00:00+00:00,0.06793,0.06796,0.06776,0.06788,112141.56
2026-07-28 09:00:00+00:00,0.06788,0.06812,0.06784,0.06788,151586.23
2026-07-28 10:00:00+00:00,0.06788,0.06799,0.06785,0.06786,107246.66
2026-07-28 11:00:00+00:00,0.06786,0.06788,0.06754,0.06756,307403.85
2026-07-28 12:00:00+00:00,0.06756,0.06772,0.06744,0.06765,297197.1
2026-07-28 13:00:00+00:00,0.06765,0.0677,0.06709,0.06746,503585.45
2026-07-28 14:00:00+00:00,0.06746,0.06814,0.06746,0.06799,276378.14
2026-07-28 15:00:00+00:00,0.06799,0.06854,0.06784,0.06851,347285.92
2026-07-28 16:00:00+00:00,0.06851,0.06904,0.0684,0.06883,529595.35
2026-07-28 17:00:00+00:00,0.06883,0.06884,0.06794,0.06818,334366.53
2026-07-28 18:00:00+00:00,0.06818,0.06839,0.06795,0.06809,180310.9
2026-07-28 19:00:00+00:00,0.06809,0.0684,0.06808,0.06839,163652.51
2026-07-28 20:00:00+00:00,0.06839,0.0686,0.0683,0.0683,169612.52
2026-07-28 21:00:00+00:00,0.0683,0.06854,0.06822,0.06843,175038.28
2026-07-28 22:00:00+00:00,0.06843,0.06851,0.06806,0.06811,168435.35
2026-07-28 23:00:00+00:00,0.06811,0.06846,0.06804,0.06845,148321.96
2026-07-29 00:00:00+00:00,0.06845,0.06892,0.06845,0.06888,274519.01
2026-07-29 01:00:00+00:00,0.06888,0.06902,0.06875,0.06876,249381.9
2026-07-29 02:00:00+00:00,0.06876,0.06924,0.06857,0.06898,286411.03
2026-07-29 03:00:00+00:00,0.06898,0.06899,0.06824,0.06825,273079.7
2026-07-29 04:00:00+00:00,0.06825,0.06845,0.06796,0.06844,369436.5
2026-07-29 05:00:00+00:00,0.06844,0.06871,0.06843,0.06858,158846.97
2026-07-29 06:00:00+00:00,0.06858,0.06878,0.06849,0.06862,148181.87
2026-07-29 07:00:00+00:00,0.06862,0.06875,0.0685,0.06873,125284.12
2026-07-29 08:00:00+00:00,0.06873,0.06879,0.06823,0.06834,189058.15
2026-07-29 09:00:00+00:00,0.06834,0.06879,0.06834,0.06877,104928.53
2026-07-29 10:00:00+00:00,0.06877,0.06896,0.06843,0.06854,281224.99
2026-07-29 11:00:00+00:00,0.06854,0.0686,0.06835,0.06845,97778.47
2026-07-29 12:00:00+00:00,0.06845,0.06845,0.06812,0.06819,153275.44
2026-07-29 13:00:00+00:00,0.06819,0.06834,0.06794,0.06811,162030.3
2026-07-29 14:00:00+00:00,0.06811,0.06819,0.06789,0.068,172404.66
2026-07-29 15:00:00+00:00,0.068,0.06813,0.06778,0.06785,269338.27
2026-07-29 16:00:00+00:00,0.06785,0.06796,0.06758,0.06774,237896.05
2026-07-29 17:00:00+00:00,0.06774,0.06809,0.06765,0.06805,177504.53
2026-07-29 18:00:00+00:00,0.06805,0.06852,0.06775,0.06851,601616.03
2026-07-29 19:00:00+00:00,0.06851,0.06853,0.06744,0.06744,413336.81
2026-07-29 20:00:00+00:00,0.06744,0.06761,0.06701,0.06712,375166.15
2026-07-29 21:00:00+00:00,0.06712,0.06756,0.06696,0.06753,396901.61
2026-07-29 22:00:00+00:00,0.06753,0.0679,0.06753,0.06787,152335.09
2026-07-29 23:00:00+00:00,0.06787,0.06795,0.06768,0.0679,130182.29
2026-07-30 00:00:00+00:00,0.0679,0.06807,0.06769,0.06787,288654.75
2026-07-30 01:00:00+00:00,0.06787,0.06857,0.06787,0.06844,296770.98
2026-07-30 02:00:00+00:00,0.06844,0.06852,0.06824,0.06825,150846.46
2026-07-30 03:00:00+00:00,0.06825,0.06828,0.06797,0.06803,119429.89
2026-07-30 04:00:00+00:00,0.06803,0.06804,0.06789,0.06789,125455.05
2026-07-30 05:00:00+00:00,0.06789,0.06794,0.0678,0.06784,100330.36
2026-07-30 06:00:00+00:00,0.06784,0.06801,0.06781,0.06781,80962.54
2026-07-30 07:00:00+00:00,0.06781,0.06799,0.06772,0.06772,108880.81
2026-07-30 08:00:00+00:00,0.06772,0.06808,0.06768,0.0678,164040.42
2026-07-30 09:00:00+00:00,0.0678,0.06789,0.06776,0.06778,237347.81
2026-07-30 10:00:00+00:00,0.06778,0.0679,0.06775,0.06783,103858.54
2026-07-30 11:00:00+00:00,0.06783,0.06808,0.06779,0.06805,159223.28
2026-07-30 12:00:00+00:00,0.06805,0.0683,0.06805,0.06828,166234.37
2026-07-30 13:00:00+00:00,0.06828,0.06851,0.06802,0.06851,443810.03
2026-07-30 14:00:00+00:00,0.06851,0.06856,0.0681,0.06822,278295.56
2026-07-30 15:00:00+00:00,0.06822,0.06843,0.06809,0.06816,259489.24
2026-07-30 16:00:00+00:00,0.06816,0.06841,0.06815,0.06838,125667.5
2026-07-30 17:00:00+00:00,0.06838,0.06853,0.0682,0.06848,331585.87
2026-07-30 18:00:00+00:00,0.06848,0.0685,0.06824,0.06831,119997.01
2026-07-30 19:00:00+00:00,0.06831,0.06866,0.06825,0.0686,167202.17
2026-07-30 20:00:00+00:00,0.0686,0.06873,0.06848,0.06848,262130.73
2026-07-30 21:00:00+00:00,0.06848,0.0686,0.06844,0.06849,91428.86
2026-07-30 22:00:00+00:00,0.06849,0.06884,0.06843,0.06881,204663.06
2026-07-30 23:00:00+00:00,0.06881,0.06901,0.06841,0.06841,274707.04
2026-07-31 00:00:00+00:00,0.06841,0.06849,0.06799,0.06804,241974.69
2026-07-31 01:00:00+00:00,0.06804,0.0683,0.06801,0.06808,211977.58
2026-07-31 02:00:00+00:00,0.06808,0.06826,0.06808,0.06809,125173.76
2026-07-31 03:00:00+00:00,0.06809,0.06845,0.06799,0.06838,147909.51
2026-07-31 04:00:00+00:00,0.06838,0.06862,0.06833,0.06853,92251.04
2026-07-31 05:00:00+00:00,0.06853,0.06878,0.06853,0.06876,170646.34
2026-07-31 06:00:00+00:00,0.06876,0.0688,0.06856,0.06861,184041.26
2026-07-31 07:00:00+00:00,0.06861,0.0689,0.0684,0.06885,262110.2
2026-07-31 08:00:00+00:00,0.06885,0.0689,0.06869,0.06873,215539.12
2026-07-31 09:00:00+00:00,0.06873,0.06873,0.06813,0.06815,227773.47
2026-07-31 10:00:00+00:00,0.06815,0.0683,0.06804,0.0681,85086.77
2026-07-31 11:00:00+00:00,0.0681,0.06822,0.06806,0.06811,92753.82
2026-07-31 12:00:00+00:00,0.06811,0.0682,0.068,0.0681,181138.69
2026-07-31 13:00:00+00:00,0.0681,0.06829,0.06776,0.06785,425111.68
2026-07-31 14:00:00+00:00,0.06785,0.06837,0.0676,0.06792,643866.65
2026-07-31 15:00:00+00:00,0.06792,0.06804,0.06747,0.0675,304981.68
2026-07-31 16:00:00+00:00,0.0675,0.06801,0.06745,0.06799,224739.43
2026-07-31 17:00:00+00:00,0.06799,0.06839,0.06792,0.06834,270243.43
2026-07-31 18:00:00+00:00,0.06834,0.06844,0.06814,0.06838,172281.95
2026-07-31 19:00:00+00:00,0.06838,0.06846,0.06807,0.06811,141915.33
2026-07-31 20:00:00+00:00,0.06811,0.06833,0.06805,0.0682,136706.96
2026-07-31 21:00:00+00:00,0.0682,0.06841,0.06808,0.06836,90488.24
2026-07-31 22:00:00+00:00,0.06836,0.06883,0.0683,0.06878,223091.46
2026-07-31 23:00:00+00:00,0.06878,0.06888,0.06855,0.06885,197127.68
2026-08-01 00:00:00+00:00,0.06885,0.06955,0.06873,0.06928,487070.39
2026-08-01 01:00:00+00:00,0.06928,0.07035,0.06928,0.07028,869759.27
2026-08-01 02:00:00+00:00,0.07028,0.07059,0.06987,0.06996,492134.07
2026-08-01 03:00:00+00:00,0.06996,0.07028,0.06987,0.07007,210893.37
2026-08-01 04:00:00+00:00,0.07007,0.07012,0.06978,0.0699,232494.85
2026-08-01 05:00:00+00:00,0.0699,0.06992,0.06942,0.06945,180347.44
2026-08-01 06:00:00+00:00,0.06945,0.06992,0.06945,0.06978,181396.94
2026-08-01 07:00:00+00:00,0.06978,0.07008,0.06977,0.06979,242698.3
2026-08-01 08:00:00+00:00,0.06979,0.07028,0.06979,0.07025,231793.02
2026-08-01 09:00:00+00:00,0.07025,0.07049,0.07002,0.07007,267599.76
2026-08-01 10:00:00+00:00,0.07007,0.07013,0.06974,0.06982,149947.64
2026-08-01 11:00:00+00:00,0.06982,0.06997,0.06981,0.06994,93071.5
2026-08-01 12:00:00+00:00,0.06994,0.07,0.06961,0.06994,215683.99
2026-08-01 13:00:00+00:00,0.06994,0.0702,0.06993,0.07017,310667.98
2026-08-01 14:00:00+00:00,0.07017,0.07025,0.06997,0.07016,124029.7
2026-08-01 15:00:00+00:00,0.07016,0.07019,0.06976,0.06988,193009.27
2026-08-01 16:00:00+00:00,0.06988,0.07,0.06974,0.06981,216853.38
2026-08-01 17:00:00+00:00,0.06981,0.06983,0.06938,0.06943,333650.35
2026-08-01 18:00:00+00:00,0.06943,0.06945,0.06874,0.06925,543142.68
2026-08-01 19:00:00+00:00,0.06925,0.06936,0.06904,0.06918,199714.75
2026-08-01 20:00:00+00:00,0.06918,0.06929,0.06904,0.06906,129477.03
2026-08-01 21:00:00+00:00,0.06906,0.06931,0.06902,0.06931,163989.46
2026-08-01 22:00:00+00:00,0.06931,0.06945,0.06913,0.06914,120793.32
2026-08-01 23:00:00+00:00,0.06914,0.06921,0.06903,0.06907,95814.44
2026-08-02 00:00:00+00:00,0.06907,0.06961,0.06902,0.06921,577157.84
2026-08-02 01:00:00+00:00,0.06921,0.06949,0.06921,0.06925,157376.31
2026-08-02 02:00:00+00:00,0.06925,0.06965,0.06919,0.06948,281908.01
2026-08-02 03:00:00+00:00,0.06948,0.0696,0.06944,0.06954,170691.0
2026-08-02 04:00:00+00:00,0.06954,0.07021,0.06954,0.07005,255756.86
2026-08-02 05:00:00+00:00,0.07005,0.07021,0.06982,0.07001,211336.03
2026-08-02 06:00:00+00:00,0.07001,0.07012,0.06989,0.0701,184089.3
2026-08-02 07:00:00+00:00,0.0701,0.0707,0.07003,0.0705,507018.77
2026-08-02 08:00:00+00:00,0.0705,0.07066,0.07007,0.07011,281199.96
2026-08-02 09:00:00+00:00,0.07011,0.0703,0.07003,0.07026,292579.05
2026-08-02 10:00:00+00:00,0.07026,0.07026,0.0698,0.07001,269203.86
2026-08-02 11:00:00+00:00,0.07001,0.07023,0.06994,0.07012,152112.16
2026-08-02 12:00:00+00:00,0.07012,0.07044,0.06986,0.07026,524876.93
2026-08-02 13:00:00+00:00,0.07026,0.07037,0.07017,0.07034,171222.98
2026-08-02 14:00:00+00:00,0.07034,0.07037,0.07,0.07,456478.8
2026-08-02 15:00:00+00:00,0.07,0.07016,0.06996,0.06998,142915.68
2026-08-02 16:00:00+00:00,0.06998,0.07018,0.06992,0.07004,222746.13
2026-08-02 17:00:00+00:00,0.07004,0.07015,0.07002,0.07004,145591.04
2026-08-02 18:00:00+00:00,0.07004,0.07018,0.06994,0.06994,140085.4
2026-08-02 19:00:00+00:00,0.06994,0.06994,0.06967,0.06987,167419.07
2026-08-02 20:00:00+00:00,0.06987,0.06989,0.06972,0.06975,133717.42
2026-08-02 21:00:00+00:00,0.06975,0.06999,0.06971,0.06986,181148.63
2026-08-02 22:00:00+00:00,0.06986,0.07016,0.06986,0.06993,284112.0
2026-08-02 23:00:00+00:00,0.06993,0.07007,0.06979,0.07007,195575.01
2026-08-03 00:00:00+00:00,0.07007,0.0701,0.06972,0.06977,227594.24
2026-08-03 01:00:00+00:00,0.06977,0.06982,0.06949,0.06956,137296.11
2026-08-03 02:00:00+00:00,0.06956,0.06959,0.06929,0.06929,271474.66
2026-08-03 03:00:00+00:00,0.06929,0.06937,0.06913,0.06934,228286.33
2026-08-03 04:00:00+00:00,0.06934,0.06949,0.06923,0.06923,198594.34
2026-08-03 05:00:00+00:00,0.06923,0.06936,0.06913,0.06925,138559.25
2026-08-03 06:00:00+00:00,0.06925,0.06933,0.06901,0.06903,131968.84
2026-08-03 07:00:00+00:00,0.06903,0.06935,0.06889,0.06902,323148.6
2026-08-03 08:00:00+00:00,0.06902,0.06902,0.06854,0.06856,326362.69
2026-08-03 09:00:00+00:00,0.06856,0.06888,0.06848,0.06884,237551.28
2026-08-03 10:00:00+00:00,0.06884,0.06889,0.06874,0.06888,105169.17
2026-08-03 11:00:00+00:00,0.06888,0.06889,0.06868,0.06872,83115.08
2026-08-03 12:00:00+00:00,0.06872,0.06901,0.06872,0.06893,159385.62
2026-08-03 13:00:00+00:00,0.06893,0.06932,0.06877,0.06923,364045.49
2026-08-03 14:00:00+00:00,0.06923,0.06967,0.06905,0.06966,700974.33
2026-08-03 15:00:00+00:00,0.06966,0.07033,0.06956,0.07027,631083.95
2026-08-03 16:00:00+00:00,0.07027,0.07079,0.07004,0.07013,820064.35
2026-08-03 17:00:00+00:00,0.07013,0.07091,0.07012,0.07071,401275.84
2026-08-03 18:00:00+00:00,0.07071,0.07082,0.0705,0.07065,218287.23
2026-08-03 19:00:00+00:00,0.07065,0.07085,0.07047,0.07047,221119.01
2026-08-03 20:00:00+00:00,0.07047,0.07076,0.0704,0.07076,185012.63
2026-08-03 21:00:00+00:00,0.07076,0.0713,0.07076,0.07083,354815.11
2026-08-03 22:00:00+00:00,0.07083,0.07101,0.07054,0.07098,178431.8
2026-08-03 23:00:00+00:00,0.07098,0.07098,0.07049,0.07052,168547.84
2026-08-04 00:00:00+00:00,0.07052,0.0707,0.06995,0.07005,397867.68
2026-08-04 01:00:00+00:00,0.07005,0.07069,0.07003,0.07064,186737.86
2026-08-04 02:00:00+00:00,0.07064,0.07109,0.07062,0.07098,147942.39
2026-08-04 03:00:00+00:00,0.07098,0.07127,0.07084,0.07121,323386.13
2026-08-04 04:00:00+00:00,0.07121,0.07156,0.07119,0.07131,434090.32
2026-08-04 05:00:00+00:00,0.07131,0.07134,0.07076,0.07082,163173.4
2026-08-04 06:00:00+00:00,0.07082,0.07086,0.07059,0.07063,130926.06
2026-08-04 07:00:00+00:00,0.07063,0.07093,0.07045,0.07086,232127.82
2026-08-04 08:00:00+00:00,0.07086,0.07103,0.07057,0.07083,409823.92
2026-08-04 09:00:00+00:00,0.07083,0.07125,0.07082,0.07115,373674.93
2026-08-04 10:00:00+00:00,0.07115,0.07155,0.07108,0.0711,871204.44
2026-08-04 11:00:00+00:00,0.0711,0.07123,0.07089,0.07098,450850.97
2026-08-04 12:00:00+00:00,0.07098,0.07098,0.07064,0.07068,284906.93
2026-08-04 13:00:00+00:00,0.07068,0.07081,0.0696,0.06961,2616423.69
2026-08-04 14:00:00+00:00,0.06961,0.06979,0.06921,0.06977,1198077.47
2026-08-04 15:00:00+00:00,0.06977,0.0698,0.06923,0.06969,516315.08
2026-08-04 16:00:00+00:00,0.06969,0.06994,0.06961,0.06994,261366.38
2026-08-04 17:00:00+00:00,0.06994,0.07004,0.06982,0.0699,251257.05
2026-08-04 18:00:00+00:00,0.0699,0.07011,0.06986,0.07,138840.75
2026-08-04 19:00:00+00:00,0.07,0.07025,0.06999,0.0702,201407.84
2026-08-04 20:00:00+00:00,0.0702,0.07021,0.06991,0.06993,144697.33
2026-08-04 21:00:00+00:00,0.06993,0.07006,0.06974,0.06976,342867.71
2026-08-04 22:00:00+00:00,0.06976,0.06977,0.06952,0.06957,115076.97
2026-08-04 23:00:00+00:00,0.06957,0.06958,0.06937,0.06942,304135.88
2026-08-05 00:00:00+00:00,0.06942,0.0695,0.06915,0.06916,192381.5
2026-08-05 01:00:00+00:00,0.06916,0.06932,0.0691,0.06925,207099.71
2026-08-05 02:00:00+00:00,0.06925,0.0694,0.06923,0.06927,146146.59
2026-08-05 03:00:00+00:00,0.06927,0.0693,0.06904,0.0691,138703.4
2026-08-05 04:00:00+00:00,0.0691,0.0692,0.06903,0.06905,85954.15
2026-08-05 05:00:00+00:00,0.06905,0.06937,0.06901,0.06926,145643.27
2026-08-05 06:00:00+00:00,0.06926,0.06938,0.06917,0.06931,266211.31
2026-08-05 07:00:00+00:00,0.06931,0.06934,0.06908,0.06917,124623.52
2026-08-05 08:00:00+00:00,0.06917,0.0692,0.06904,0.06906,91848.3
2026-08-05 09:00:00+00:00,0.06906,0.06945,0.06905,0.06921,329798.4
2026-08-05 10:00:00+00:00,0.06921,0.06943,0.06915,0.06932,105951.6
2026-08-05 11:00:00+00:00,0.06932,0.0694,0.06918,0.0692,114203.86
2026-08-05 12:00:00+00:00,0.0692,0.06963,0.06916,0.06954,187813.27
2026-08-05 13:00:00+00:00,0.06954,0.06968,0.06941,0.06952,259503.2
2026-08-05 14:00:00+00:00,0.06952,0.06982,0.06938,0.06969,570792.55
2026-08-05 15:00:00+00:00,0.06969,0.07002,0.06872,0.06872,726371.96
2026-08-05 16:00:00+00:00,0.06872,0.06931,0.06871,0.06922,287392.04
2026-08-05 17:00:00+00:00,0.06922,0.06961,0.06922,0.06951,248077.26
2026-08-05 18:00:00+00:00,0.06951,0.0698,0.06941,0.06973,198131.65
2026-08-05 19:00:00+00:00,0.06973,0.06987,0.06967,0.06968,99160.58
2026-08-05 20:00:00+00:00,0.06968,0.06986,0.06939,0.06939,234151.11
2026-08-05 21:00:00+00:00,0.06939,0.06949,0.06917,0.06919,134130.5
2026-08-05 22:00:00+00:00,0.06919,0.06925,0.0691,0.06916,101514.48
2026-08-05 23:00:00+00:00,0.06916,0.0693,0.06909,0.06909,95961.44
2026-08-06 00:00:00+00:00,0.06909,0.06952,0.06909,0.06936,150530.49
2026-08-06 01:00:00+00:00,0.06936,0.06938,0.06894,0.06897,98137.84
2026-08-06 02:00:00+00:00,0.06897,0.06897,0.06855,0.0687,259528.76
2026-08-06 03:00:00+00:00,0.0687,0.06884,0.06833,0.06838,205684.16
2026-08-06 04:00:00+00:00,0.06838,0.06876,0.06832,0.06862,324556.77
2026-08-06 05:00:00+00:00,0.06862,0.06887,0.06862,0.0687,169658.62
2026-08-06 06:00:00+00:00,0.0687,0.06878,0.06865,0.06873,142767.12
2026-08-06 07:00:00+00:00,0.06873,0.06879,0.06849,0.06851,155273.35
2026-08-06 08:00:00+00:00,0.06851,0.06859,0.06841,0.06851,136413.34
2026-08-06 09:00:00+00:00,0.06851,0.06853,0.06822,0.06825,180020.94
2026-08-06 10:00:00+00:00,0.06825,0.06857,0.06819,0.0684,161406.93
2026-08-06 11:00:00+00:00,0.0684,0.06891,0.06835,0.06885,274774.04
2026-08-06 12:00:00+00:00,0.06885,0.06908,0.06873,0.06892,133266.48
2026-08-06 13:00:00+00:00,0.06892,0.06908,0.06875,0.06905,220103.51
2026-08-06 14:00:00+00:00,0.06905,0.06949,0.06904,0.06949,444210.28
2026-08-06 15:00:00+00:00,0.06949,0.06969,0.06841,0.06842,562648.2
2026-08-06 16:00:00+00:00,0.06842,0.06884,0.0684,0.06847,364220.69
2026-08-06 17:00:00+00:00,0.06847,0.06893,0.06847,0.06861,209178.56
2026-08-06 18:00:00+00:00,0.06861,0.06876,0.06852,0.06852,191603.03
2026-08-06 19:00:00+00:00,0.06852,0.06858,0.06811,0.06814,245180.29
2026-08-06 20:00:00+00:00,0.06814,0.06838,0.06809,0.06815,257583.39
2026-08-06 21:00:00+00:00,0.06815,0.06833,0.06811,0.06822,116635.59
2026-08-06 22:00:00+00:00,0.06822,0.0685,0.0681,0.06839,180494.71
2026-08-06 23:00:00+00:00,0.06839,0.06839,0.06815,0.06823,202355.84
2026-08-07 00:00:00+00:00,0.06823,0.06849,0.0682,0.06847,109844.52
2026-08-07 01:00:00+00:00,0.06847,0.06858,0.06831,0.06831,104700.51
2026-08-07 02:00:00+00:00,0.06831,0.06857,0.06827,0.06828,180391.45
2026-08-07 03:00:00+00:00,0.06828,0.06836,0.06809,0.0681,150742.86
2026-08-07 04:00:00+00:00,0.0681,0.06827,0.06795,0.06816,213632.47
2026-08-07 05:00:00+00:00,0.06816,0.06823,0.06799,0.06805,154909.73
2026-08-07 06:00:00+00:00,0.06805,0.06851,0.06803,0.06845,254805.86
2026-08-07 07:00:00+00:00,0.06845,0.06868,0.06839,0.06859,254988.23
2026-08-07 08:00:00+00:00,0.06859,0.06878,0.06859,0.06878,141205.14
2026-08-07 09:00:00+00:00,0.06878,0.06884,0.06846,0.06846,219524.15
2026-08-07 10:00:00+00:00,0.06846,0.06858,0.06844,0.06844,114128.02
2026-08-07 11:00:00+00:00,0.06844,0.06866,0.06841,0.06853,112576.53
2026-08-07 12:00:00+00:00,0.06853,0.06864,0.06828,0.06839,273463.98
2026-08-07 13:00:00+00:00,0.06839,0.06853,0.0683,0.06836,156171.55
2026-08-07 14:00:00+00:00,0.06836,0.06847,0.06797,0.06799,409463.27
2026-08-07 15:00:00+00:00,0.06799,0.06816,0.06774,0.06792,280049.54
2026-08-07 16:00:00+00:00,0.06792,0.06802,0.06766,0.06766,291660.95
2026-08-07 17:00:00+00:00,0.06766,0.06778,0.06717,0.06723,636202.25
2026-08-07 18:00:00+00:00,0.06723,0.06754,0.06722,0.06742,146863.77
2026-08-07 19:00:00+00:00,0.06742,0.06777,0.06742,0.06773,132702.42
2026-08-07 20:00:00+00:00,0.06773,0.06795,0.06768,0.06794,151569.68
2026-08-07 21:00:00+00:00,0.06794,0.06807,0.0679,0.06801,148374.49
2026-08-07 22:00:00+00:00,0.06801,0.06815,0.06796,0.06809,70585.59
2026-08-07 23:00:00+00:00,0.06809,0.06816,0.06806,0.06807,83483.54
2026-08-08 00:00:00+00:00,0.06807,0.06825,0.06802,0.06825,87410.15
2026-08-08 01:00:00+00:00,0.06825,0.06851,0.06825,0.0683,193808.68
2026-08-08 02:00:00+00:00,0.0683,0.0683,0.06797,0.06798,85353.68
2026-08-08 03:00:00+00:00,0.06798,0.06835,0.06798,0.06821,157359.12
2026-08-08 04:00:00+00:00,0.06821,0.06823,0.06806,0.06812,151120.04
2026-08-08 05:00:00+00:00,0.06812,0.06828,0.06812,0.06819,76085.6
2026-08-08 06:00:00+00:00,0.06819,0.06829,0.06819,0.06821,71910.32
2026-08-08 07:00:00+00:00,0.06821,0.06839,0.06807,0.06839,234938.15
2026-08-08 08:00:00+00:00,0.06839,0.06873,0.06829,0.06866,621273.31
2026-08-08 09:00:00+00:00,0.06866,0.0687,0.06849,0.06861,189936.55
2026-08-08 10:00:00+00:00,0.06861,0.06871,0.06851,0.06866,132819.27
2026-08-08 11:00:00+00:00,0.06866,0.06873,0.06858,0.06858,109301.19
2026-08-08 12:00:00+00:00,0.06858,0.06871,0.06858,0.06862,91770.79
2026-08-08 13:00:00+00:00,0.06862,0.06894,0.06861,0.06894,195971.69
2026-08-08 14:00:00+00:00,0.06894,0.06925,0.06894,0.06918,262942.49
2026-08-08 15:00:00+00:00,0.06918,0.0694,0.06914,0.06931,167776.98
2026-08-08 16:00:00+00:00,0.06931,0.06998,0.06922,0.06968,691290.08
2026-08-08 17:00:00+00:00,0.06968,0.06982,0.06949,0.0696,162255.78
2026-08-08 18:00:00+00:00,0.0696,0.06964,0.06931,0.06939,146683.76
2026-08-08 19:00:00+00:00,0.06939,0.06939,0.06907,0.06919,161286.62
2026-08-08 20:00:00+00:00,0.06919,0.06948,0.06914,0.06935,117408.75
2026-08-08 21:00:00+00:00,0.06935,0.06937,0.06902,0.06904,76568.74
2026-08-08 22:00:00+00:00,0.06904,0.0691,0.06898,0.06899,51627.55
2026-08-08 23:00:00+00:00,0.06899,0.06905,0.06885,0.06899,104848.19
2026-08-09 00:00:00+00:00,0.06899,0.06909,0.06889,0.06893,131276.13
2026-08-09 01:00:00+00:00,0.06893,0.0691,0.06889,0.06892,80502.07
2026-08-09 02:00:00+00:00,0.06892,0.06924,0.0689,0.06917,98132.01
2026-08-09 03:00:00+00:00,0.06917,0.06955,0.06908,0.06942,327141.88
2026-08-09 04:00:00+00:00,0.06942,0.06997,0.06941,0.06994,195740.94
2026-08-09 05:00:00+00:00,0.06994,0.07006,0.06906,0.06924,632568.12
2026-08-09 06:00:00+00:00,0.06924,0.06967,0.06924,0.0696,169278.14
2026-08-09 07:00:00+00:00,0.0696,0.0697,0.06941,0.0695,139567.28
2026-08-09 08:00:00+00:00,0.0695,0.06966,0.06941,0.06965,94516.8
2026-08-09 09:00:00+00:00,0.06965,0.06966,0.069,0.06903,324022.28
2026-08-09 10:00:00+00:00,0.06903,0.06905,0.06874,0.06875,245156.39
2026-08-09 11:00:00+00:00,0.06875,0.06896,0.06875,0.06883,119536.59
2026-08-09 12:00:00+00:00,0.06883,0.06901,0.0688,0.06896,82550.93
2026-08-09 13:00:00+00:00,0.06896,0.06914,0.06896,0.06902,98608.43
2026-08-09 14:00:00+00:00,0.06902,0.06914,0.069,0.0691,62600.96
2026-08-09 15:00:00+00:00,0.0691,0.0693,0.06901,0.06919,184104.19
2026-08-09 16:00:00+00:00,0.06919,0.06937,0.06916,0.06923,127688.0
2026-08-09 17:00:00+00:00,0.06923,0.06931,0.06909,0.0691,150829.11
2026-08-09 18:00:00+00:00,0.0691,0.06934,0.0691,0.0693,65319.11
2026-08-09 19:00:00+00:00,0.0693,0.06946,0.06924,0.06944,101309.75
2026-08-09 20:00:00+00:00,0.06944,0.06946,0.06929,0.06934,73344.93
2026-08-09 21:00:00+00:00,0.06934,0.06945,0.06927,0.06932,83418.35
2026-08-09 22:00:00+00:00,0.06932,0.06971,0.06898,0.06899,250434.66
2026-08-09 23:00:00+00:00,0.06899,0.06899,0.06859,0.06862,210420.92
2026-08-10 00:00:00+00:00,0.06862,0.06897,0.06856,0.06878,168066.62
2026-08-10 01:00:00+00:00,0.06878,0.0692,0.06869,0.06894,209782.74
2026-08-10 02:00:00+00:00,0.06894,0.06895,0.0686,0.0688,173907.72
2026-08-10 03:00:00+00:00,0.0688,0.06884,0.06844,0.06845,146939.14
2026-08-10 04:00:00+00:00,0.06845,0.06866,0.06842,0.0686,77339.53
2026-08-10 05:00:00+00:00,0.0686,0.06881,0.06854,0.06874,118250.23
2026-08-10 06:00:00+00:00,0.06874,0.0688,0.06867,0.06879,116775.75
2026-08-10 07:00:00+00:00,0.06879,0.06887,0.06868,0.06878,139683.24
2026-08-10 08:00:00+00:00,0.06878,0.06884,0.06856,0.06863,117661.01
2026-08-10 09:00:00+00:00,0.06863,0.06876,0.06856,0.06856,147810.56
2026-08-10 10:00:00+00:00,0.06856,0.0688,0.06855,0.06872,115589.59
2026-08-10 11:00:00+00:00,0.06872,0.06872,0.06859,0.06859,219000.59
2026-08-10 12:00:00+00:00,0.06859,0.06869,0.06823,0.06835,409368.32
2026-08-10 13:00:00+00:00,0.06835,0.06859,0.06809,0.06817,584507.78
2026-08-10 14:00:00+00:00,0.06817,0.06847,0.06799,0.06817,233675.38
2026-08-10 15:00:00+00:00,0.06817,0.06828,0.06806,0.06813,243823.24
2026-08-10 16:00:00+00:00,0.06813,0.06829,0.06789,0.06792,202028.78
2026-08-10 17:00:00+00:00,0.06792,0.06817,0.06786,0.06798,111630.21
2026-08-10 18:00:00+00:00,0.06798,0.06811,0.06781,0.06807,167580.62
2026-08-10 19:00:00+00:00,0.06807,0.06816,0.06792,0.06806,87453.61
2026-08-10 20:00:00+00:00,0.06806,0.06808,0.06788,0.0679,129992.3
2026-08-10 21:00:00+00:00,0.0679,0.0679,0.06776,0.06776,129601.41
2026-08-10 22:00:00+00:00,0.06776,0.06778,0.06754,0.06759,260793.19
2026-08-10 23:00:00+00:00,0.06759,0.06781,0.06759,0.06767,158327.96
2026-08-11 00:00:00+00:00,0.06767,0.06767,0.06747,0.06762,126038.62
2026-08-11 01:00:00+00:00,0.06762,0.06768,0.06742,0.06754,132133.25
2026-08-11 02:00:00+00:00,0.06754,0.06787,0.06751,0.06784,249698.12
2026-08-11 03:00:00+00:00,0.06784,0.06799,0.06779,0.06788,237627.87
2026-08-11 04:00:00+00:00,0.06788,0.06795,0.06759,0.06762,260186.46
2026-08-11 05:00:00+00:00,0.06762,0.06762,0.06749,0.06749,160613.02
2026-08-11 06:00:00+00:00,0.06749,0.06749,0.0672,0.06721,226393.59
2026-08-11 07:00:00+00:00,0.06721,0.06747,0.06721,0.06739,155541.82
2026-08-11 08:00:00+00:00,0.06739,0.06751,0.06732,0.06734,129881.73
2026-08-11 09:00:00+00:00,0.06734,0.0674,0.06728,0.06738,147764.18
2026-08-11 10:00:00+00:00,0.06738,0.06741,0.06721,0.06722,94160.97
2026-08-11 11:00:00+00:00,0.06722,0.06737,0.06694,0.06719,746587.23
2026-08-11 12:00:00+00:00,0.06719,0.06725,0.06649,0.06663,1372245.33
2026-08-11 13:00:00+00:00,0.06663,0.06695,0.06663,0.0669,262213.2
2026-08-11 14:00:00+00:00,0.0669,0.06695,0.06632,0.06641,271489.56
2026-08-11 15:00:00+00:00,0.06641,0.06657,0.06588,0.06617,594767.04
2026-08-11 16:00:00+00:00,0.06617,0.0664,0.06608,0.06611,170871.94
2026-08-11 17:00:00+00:00,0.06611,0.06619,0.06604,0.06604,131698.17
2026-08-11 18:00:00+00:00,0.06604,0.06617,0.06596,0.06617,227137.27
2026-08-11 19:00:00+00:00,0.06617,0.06631,0.06607,0.06629,185437.04
2026-08-11 20:00:00+00:00,0.06629,0.06661,0.06626,0.0666,200997.21
2026-08-11 21:00:00+00:00,0.0666,0.06663,0.06641,0.06662,107577.17
2026-08-11 22:00:00+00:00,0.06662,0.06669,0.06643,0.06646,77146.7
2026-08-11 23:00:00+00:00,0.06646,0.06653,0.06633,0.06643,103963.37
2026-08-12 00:00:00+00:00,0.06643,0.0665,0.06632,0.06648,166098.48
2026-08-12 01:00:00+00:00,0.06648,0.06678,0.06648,0.06669,142138.37
2026-08-12 02:00:00+00:00,0.06669,0.06685,0.06663,0.0668,128007.33
2026-08-12 03:00:00+00:00,0.0668,0.06683,0.06671,0.06673,105061.46
2026-08-12 04:00:00+00:00,0.06673,0.0668,0.06666,0.06668,165850.2
2026-08-12 05:00:00+00:00,0.06668,0.06669,0.06656,0.06664,120625.59
2026-08-12 06:00:00+00:00,0.06664,0.06669,0.06648,0.06664,148585.17
2026-08-12 07:00:00+00:00,0.06664,0.06679,0.06664,0.06679,77675.16
2026-08-12 08:00:00+00:00,0.06679,0.06681,0.06643,0.06644,73704.33
2026-08-12 09:00:00+00:00,0.06644,0.06677,0.06642,0.06673,96042.39
2026-08-12 10:00:00+00:00,0.06673,0.06685,0.06662,0.06663,79887.13
2026-08-12 11:00:00+00:00,0.06663,0.06684,0.06661,0.06684,170388.11
2026-08-12 12:00:00+00:00,0.06684,0.06697,0.06662,0.06671,308250.34
2026-08-12 13:00:00+00:00,0.06671,0.06673,0.06594,0.06607,395942.46
2026-08-12 14:00:00+00:00,0.06607,0.06615,0.06561,0.06562,559246.27
2026-08-12 15:00:00+00:00,0.06562,0.06604,0.06561,0.06602,196999.57
2026-08-12 16:00:00+00:00,0.06602,0.06612,0.06586,0.06587,127217.1
2026-08-12 17:00:00+00:00,0.06587,0.06611,0.06587,0.06603,91514.33
2026-08-12 18:00:00+00:00,0.06603,0.06613,0.06592,0.06596,80437.95
2026-08-12 19:00:00+00:00,0.06596,0.06596,0.06568,0.0658,166442.35
2026-08-12 20:00:00+00:00,0.0658,0.06603,0.06579,0.06598,72940.77
2026-08-12 21:00:00+00:00,0.06598,0.06602,0.06564,0.06569,194220.05
2026-08-12 22:00:00+00:00,0.06569,0.06584,0.06564,0.06582,90226.49
2026-08-12 23:00:00+00:00,0.06582,0.06606,0.06578,0.06606,115007.61
2026-08-13 00:00:00+00:00,0.06606,0.06611,0.06591,0.06591,112360.09
2026-08-13 01:00:00+00:00,0.06591,0.06604,0.06582,0.06589,102392.17
2026-08-13 02:00:00+00:00,0.06589,0.0659,0.06568,0.06587,132580.12
2026-08-13 03:00:00+00:00,0.06587,0.06607,0.06587,0.06607,82998.76
2026-08-13 04:00:00+00:00,0.06607,0.06631,0.06607,0.06631,197858.68
2026-08-13 05:00:00+00:00,0.06631,0.06641,0.06624,0.06635,94857.19
2026-08-13 06:00:00+00:00,0.06635,0.0666,0.06634,0.06659,124752.26
2026-08-13 07:00:00+00:00,0.06659,0.0666,0.06641,0.06642,53859.0
2026-08-13 08:00:00+00:00,0.06642,0.06644,0.06634,0.06642,62857.8
2026-08-13 09:00:00+00:00,0.06642,0.06662,0.06639,0.06659,119754.1
2026-08-13 10:00:00+00:00,0.06659,0.06661,0.06637,0.06637,111222.98
2026-08-13 11:00:00+00:00,0.06637,0.06643,0.06596,0.06603,548719.8
2026-08-13 12:00:00+00:00,0.06603,0.0665,0.06602,0.06649,342729.98
2026-08-13 13:00:00+00:00,0.06649,0.06651,0.06626,0.06644,110449.56
2026-08-13 14:00:00+00:00,0.06644,0.06669,0.06639,0.06667,128434.97
2026-08-13 15:00:00+00:00,0.06667,0.06695,0.06651,0.06653,438695.08
2026-08-13 16:00:00+00:00,0.06653,0.06684,0.06619,0.06641,354267.47
2026-08-13 17:00:00+00:00,0.06641,0.06657,0.06563,0.06595,573916.59
2026-08-13 18:00:00+00:00,0.06595,0.06606,0.06564,0.06581,837228.88
2026-08-13 19:00:00+00:00,0.06581,0.06592,0.06551,0.0656,340575.05
2026-08-13 20:00:00+00:00,0.0656,0.06574,0.06559,0.06562,181358.55
2026-08-13 21:00:00+00:00,0.06562,0.06566,0.06549,0.06553,141444.37
2026-08-13 22:00:00+00:00,0.06553,0.06565,0.06548,0.06552,133924.16
2026-08-13 23:00:00+00:00,0.06552,0.06568,0.06549,0.06551,121133.48
2026-08-14 00:00:00+00:00,0.06551,0.0656,0.0654,0.06552,229747.64
2026-08-14 01:00:00+00:00,0.06552,0.06561,0.0653,0.06538,244978.02
2026-08-14 02:00:00+00:00,0.06538,0.06581,0.06538,0.06568,310603.72
2026-08-14 03:00:00+00:00,0.06568,0.06578,0.06543,0.06545,122564.51
2026-08-14 04:00:00+00:00,0.06545,0.06566,0.06523,0.06528,234013.63
2026-08-14 05:00:00+00:00,0.06528,0.06546,0.06522,0.06541,96303.98
2026-08-14 06:00:00+00:00,0.06541,0.06546,0.06524,0.06524,138140.66
2026-08-14 07:00:00+00:00,0.06524,0.06541,0.06524,0.06528,86581.7
2026-08-14 08:00:00+00:00,0.06528,0.06559,0.06501,0.06546,668313.58
2026-08-14 09:00:00+00:00,0.06546,0.06549,0.06525,0.06525,141149.55
2026-08-14 10:00:00+00:00,0.06525,0.0653,0.06482,0.06496,371737.57
2026-08-14 11:00:00+00:00,0.06496,0.06558,0.06485,0.06551,425675.9
2026-08-14 12:00:00+00:00,0.06551,0.06563,0.06541,0.06555,243504.47
2026-08-14 13:00:00+00:00,0.06555,0.06571,0.06543,0.06571,194122.69
2026-08-14 14:00:00+00:00,0.06571,0.06596,0.06558,0.06585,158127.73
2026-08-14 15:00:00+00:00,0.06585,0.06621,0.06585,0.06595,226455.16
2026-08-14 16:00:00+00:00,0.06595,0.06605,0.06548,0.06553,178841.56
2026-08-14 17:00:00+00:00,0.06553,0.06566,0.06532,0.06541,148316.19
2026-08-14 18:00:00+00:00,0.06541,0.0656,0.06535,0.06537,110597.48
2026-08-14 19:00:00+00:00,0.06537,0.06537,0.06508,0.06512,140712.44
2026-08-14 20:00:00+00:00,0.06512,0.06535,0.06506,0.06535,209564.64
2026-08-14 21:00:00+00:00,0.06535,0.06548,0.06531,0.06538,146007.65
2026-08-14 22:00:00+00:00,0.06538,0.06547,0.06526,0.0653,139120.67
2026-08-14 23:00:00+00:00,0.0653,0.06592,0.06529,0.0659,158309.73
2026-08-15 00:00:00+00:00,0.0659,0.06606,0.06577,0.06597,245888.02
2026-08-15 01:00:00+00:00,0.06597,0.06603,0.06585,0.06603,76051.31
2026-08-15 02:00:00+00:00,0.06603,0.06631,0.066,0.06631,126045.0
2026-08-15 03:00:00+00:00,0.06631,0.0664,0.06605,0.06622,303385.06
2026-08-15 04:00:00+00:00,0.06622,0.06638,0.06616,0.06623,136624.24
2026-08-15 05:00:00+00:00,0.06623,0.06629,0.06605,0.06607,73465.86
2026-08-15 06:00:00+00:00,0.06607,0.0661,0.06593,0.066,83095.58
2026-08-15 07:00:00+00:00,0.066,0.06601,0.06563,0.06563,131252.87
2026-08-15 08:00:00+00:00,0.06563,0.06576,0.06552,0.06561,135860.25
2026-08-15 09:00:00+00:00,0.06561,0.06576,0.0656,0.06575,83807.89
2026-08-15 10:00:00+00:00,0.06575,0.0658,0.06564,0.06572,76583.61
2026-08-15 11:00:00+00:00,0.06572,0.0659,0.06571,0.06579,181013.95
2026-08-15 12:00:00+00:00,0.06579,0.06584,0.06574,0.06583,59718.41
2026-08-15 13:00:00+00:00,0.06583,0.06584,0.06567,0.06581,69528.3
2026-08-15 14:00:00+00:00,0.06581,0.06588,0.06579,0.06585,62894.88
2026-08-15 15:00:00+00:00,0.06585,0.0659,0.06578,0.0659,56411.94
2026-08-15 16:00:00+00:00,0.0659,0.06591,0.06542,0.06544,181762.26
2026-08-15 17:00:00+00:00,0.06544,0.06586,0.06543,0.06571,111803.43
2026-08-15 18:00:00+00:00,0.06571,0.06574,0.06557,0.06567,165839.53
2026-08-15 19:00:00+00:00,0.06567,0.06582,0.06564,0.06581,73023.01
2026-08-15 20:00:00+00:00,0.06581,0.06581,0.06575,0.06581,77655.82
2026-08-15 21:00:00+00:00,0.06581,0.06581,0.06557,0.06557,86624.16
2026-08-15 22:00:00+00:00,0.06557,0.06563,0.06551,0.06553,75396.39
2026-08-15 23:00:00+00:00,0.06553,0.06559,0.06545,0.06549,159482.36
2026-08-16 00:00:00+00:00,0.06549,0.06549,0.06522,0.06535,358683.02
2026-08-16 01:00:00+00:00,0.06535,0.06535,0.06512,0.06514,230067.02
2026-08-16 02:00:00+00:00,0.06514,0.0652,0.06497,0.06514,167596.45
2026-08-16 03:00:00+00:00,0.06514,0.06533,0.06513,0.06527,70468.8
2026-08-16 04:00:00+00:00,0.06527,0.06533,0.06517,0.0653,102731.36
2026-08-16 05:00:00+00:00,0.0653,0.06533,0.0651,0.06511,116820.86
2026-08-16 06:00:00+00:00,0.06511,0.06519,0.06505,0.06513,68216.42
2026-08-16 07:00:00+00:00,0.06513,0.06518,0.06507,0.06511,70774.88
2026-08-16 08:00:00+00:00,0.06511,0.06518,0.0651,0.06512,37763.78
2026-08-16 09:00:00+00:00,0.06512,0.06515,0.06507,0.06509,38848.96
2026-08-16 10:00:00+00:00,0.06509,0.06512,0.06504,0.06508,46116.12
2026-08-16 11:00:00+00:00,0.06508,0.06513,0.06507,0.06512,44346.18
2026-08-16 12:00:00+00:00,0.06512,0.06513,0.06504,0.06509,61306.23
2026-08-16 13:00:00+00:00,0.06509,0.06519,0.06509,0.06514,110154.19
2026-08-16 14:00:00+00:00,0.06514,0.0652,0.06512,0.06513,54856.33
2026-08-16 15:00:00+00:00,0.06513,0.06529,0.06513,0.06519,86848.21
2026-08-16 16:00:00+00:00,0.06519,0.06544,0.06519,0.06525,117369.22
2026-08-16 17:00:00+00:00,0.06525,0.06529,0.0652,0.06522,45682.11
2026-08-16 18:00:00+00:00,0.06522,0.06522,0.06512,0.06513,44047.45
2026-08-16 19:00:00+00:00,0.06513,0.06527,0.06513,0.0652,86257.88
2026-08-16 20:00:00+00:00,0.0652,0.06526,0.06501,0.06502,125417.59
2026-08-16 21:00:00+00:00,0.06502,0.06506,0.06451,0.06499,490190.91
2026-08-16 22:00:00+00:00,0.06499,0.06515,0.06476,0.06478,179071.07
2026-08-16 23:00:00+00:00,0.06478,0.06486,0.06454,0.06464,192205.35
2026-08-17 00:00:00+00:00,0.06464,0.0647,0.06429,0.06466,259764.55
2026-08-17 01:00:00+00:00,0.06466,0.06495,0.06462,0.06486,180933.63
2026-08-17 02:00:00+00:00,0.06486,0.06509,0.06482,0.06507,146122.86
2026-08-17 03:00:00+00:00,0.06507,0.06509,0.06487,0.06492,68034.96
2026-08-17 04:00:00+00:00,0.06492,0.06508,0.06491,0.06508,148810.63
2026-08-17 05:00:00+00:00,0.06508,0.0651,0.06494,0.06494,52211.21
2026-08-17 06:00:00+00:00,0.06494,0.06525,0.06491,0.06524,162225.82
2026-08-17 07:00:00+00:00,0.06524,0.06586,0.06511,0.0656,1992194.58
2026-08-17 08:00:00+00:00,0.0656,0.06564,0.06533,0.06538,119063.0
2026-08-17 09:00:00+00:00,0.06538,0.06596,0.06537,0.06595,417149.88
2026-08-17 10:00:00+00:00,0.06595,0.06628,0.06577,0.06627,349332.36
2026-08-17 11:00:00+00:00,0.06627,0.06638,0.06614,0.06617,256839.81
2026-08-17 12:00:00+00:00,0.06617,0.0662,0.06585,0.06588,291887.59
2026-08-17 13:00:00+00:00,0.06588,0.066,0.06552,0.06576,513957.36
2026-08-17 14:00:00+00:00,0.06576,0.06592,0.06558,0.06592,172930.98
2026-08-17 15:00:00+00:00,0.06592,0.06635,0.06591,0.06633,265935.89
2026-08-17 16:00:00+00:00,0.06633,0.06633,0.06573,0.06577,253231.18
2026-08-17 17:00:00+00:00,0.06577,0.0661,0.06577,0.06598,607882.61
2026-08-17 18:00:00+00:00,0.06598,0.06607,0.06587,0.06587,140114.29
2026-08-17 19:00:00+00:00,0.06587,0.06594,0.06575,0.06577,103206.88
2026-08-17 20:00:00+00:00,0.06577,0.06587,0.06571,0.06579,83182.92
2026-08-17 21:00:00+00:00,0.06579,0.06591,0.06579,0.06584,83822.2
2026-08-17 22:00:00+00:00,0.06584,0.06585,0.06578,0.06583,82872.27
2026-08-17 23:00:00+00:00,0.06583,0.06609,0.06582,0.066,112575.96
2026-08-18 00:00:00+00:00,0.066,0.0661,0.06594,0.06606,125410.25
2026-08-18 01:00:00+00:00,0.06606,0.06608,0.0657,0.06573,166023.19
2026-08-18 02:00:00+00:00,0.06573,0.06575,0.06524,0.0653,382246.46
2026-08-18 03:00:00+00:00,0.0653,0.06553,0.06522,0.06545,237772.76
2026-08-18 04:00:00+00:00,0.06545,0.06569,0.06538,0.06569,131032.69
2026-08-18 05:00:00+00:00,0.06569,0.06579,0.06557,0.06577,92943.07
2026-08-18 06:00:00+00:00,0.06577,0.06602,0.06569,0.06578,216806.02
2026-08-18 07:00:00+00:00,0.06578,0.06588,0.06573,0.06577,83117.06
2026-08-18 08:00:00+00:00,0.06577,0.06593,0.06551,0.06592,196719.85
2026-08-18 09:00:00+00:00,0.06592,0.06594,0.0657,0.06585,83635.95
2026-08-18 10:00:00+00:00,0.06585,0.06589,0.06582,0.06586,60548.21
2026-08-18 11:00:00+00:00,0.06586,0.06613,0.06586,0.06594,177120.56
2026-08-18 12:00:00+00:00,0.06594,0.06609,0.06584,0.06609,114724.54
2026-08-18 13:00:00+00:00,0.06609,0.0661,0.0658,0.06583,123218.07
2026-08-18 14:00:00+00:00,0.06583,0.06645,0.06583,0.0661,398253.94
2026-08-18 15:00:00+00:00,0.0661,0.06632,0.06604,0.06623,183602.43
2026-08-18 16:00:00+00:00,0.06623,0.06623,0.06586,0.06588,284496.66
2026-08-18 17:00:00+00:00,0.06588,0.06617,0.0658,0.06602,175562.03
2026-08-18 18:00:00+00:00,0.06602,0.06638,0.06602,0.06634,263553.0
2026-08-18 19:00:00+00:00,0.06634,0.06637,0.06622,0.06623,146259.04
2026-08-18 20:00:00+00:00,0.06623,0.06635,0.0662,0.06635,181405.77
2026-08-18 21:00:00+00:00,0.06635,0.06689,0.06635,0.06689,572865.61
2026-08-18 22:00:00+00:00,0.06689,0.06715,0.06677,0.06708,474319.92
2026-08-18 23:00:00+00:00,0.06708,0.06739,0.067,0.06736,614719.63
2026-08-19 00:00:00+00:00,0.06736,0.06742,0.06708,0.06729,510700.48
2026-08-19 01:00:00+00:00,0.06729,0.06758,0.06721,0.06739,459693.28
2026-08-19 02:00:00+00:00,0.06739,0.06781,0.06732,0.06733,499685.48
2026-08-19 03:00:00+00:00,0.06733,0.0678,0.06719,0.0677,364147.62
2026-08-19 04:00:00+00:00,0.0677,0.06801,0.06754,0.06796,327256.52
2026-08-19 05:00:00+00:00,0.06796,0.06799,0.06759,0.06761,237623.16
2026-08-19 06:00:00+00:00,0.06761,0.06786,0.06741,0.06756,402644.99
2026-08-19 07:00:00+00:00,0.06756,0.06767,0.06747,0.0675,161038.09
2026-08-19 08:00:00+00:00,0.0675,0.06773,0.06738,0.06773,283568.8
2026-08-19 09:00:00+00:00,0.06773,0.06788,0.06753,0.06761,229251.39
2026-08-19 10:00:00+00:00,0.06761,0.06765,0.06744,0.06746,173248.61
2026-08-19 11:00:00+00:00,0.06746,0.06779,0.06743,0.06779,356544.27
2026-08-19 12:00:00+00:00,0.06779,0.06802,0.06772,0.06793,347745.28
2026-08-19 13:00:00+00:00,0.06793,0.06796,0.0676,0.06767,328096.02
2026-08-19 14:00:00+00:00,0.06767,0.06838,0.06767,0.06827,629993.73
2026-08-19 15:00:00+00:00,0.06827,0.06973,0.06819,0.06922,1944512.25
2026-08-19 16:00:00+00:00,0.06922,0.07044,0.06921,0.06947,1141060.68
2026-08-19 17:00:00+00:00,0.06947,0.06965,0.06906,0.06956,1378483.27
2026-08-19 18:00:00+00:00,0.06956,0.0696,0.06896,0.06945,887167.89
2026-08-19 19:00:00+00:00,0.06945,0.06961,0.06916,0.06956,422986.47
2026-08-19 20:00:00+00:00,0.06956,0.07062,0.06946,0.07039,1229670.52
2026-08-19 21:00:00+00:00,0.07039,0.07179,0.07037,0.07168,1758118.18
2026-08-19 22:00:00+00:00,0.07168,0.07176,0.07073,0.07097,833189.82
2026-08-19 23:00:00+00:00,0.07097,0.07099,0.07055,0.07064,461293.92
2026-08-20 00:00:00+00:00,0.07064,0.07137,0.07046,0.07126,860004.99
2026-08-20 01:00:00+00:00,0.07126,0.07143,0.07071,0.07122,499555.23
2026-08-20 02:00:00+00:00,0.07122,0.07136,0.07082,0.07082,386563.86
2026-08-20 03:00:00+00:00,0.07082,0.07082,0.07021,0.07056,435842.11
2026-08-20 04:00:00+00:00,0.07056,0.07115,0.07055,0.07112,394927.76
2026-08-20 05:00:00+00:00,0.07112,0.07173,0.07098,0.07152,432876.24
2026-08-20 06:00:00+00:00,0.07152,0.07187,0.07132,0.07187,542580.73
2026-08-20 07:00:00+00:00,0.07187,0.07187,0.07106,0.0714,282244.22
2026-08-20 08:00:00+00:00,0.0714,0.07268,0.07125,0.0725,1810131.14
2026-08-20 09:00:00+00:00,0.0725,0.07259,0.0721,0.0721,664177.28
2026-08-20 10:00:00+00:00,0.0721,0.07305,0.07196,0.07278,910272.28
2026-08-20 11:00:00+00:00,0.07278,0.07359,0.07242,0.07343,924610.93
2026-08-20 12:00:00+00:00,0.07343,0.07352,0.07258,0.073,1165912.64
2026-08-20 13:00:00+00:00,0.073,0.07314,0.07239,0.0731,797299.1
2026-08-20 14:00:00+00:00,0.0731,0.07393,0.07291,0.07311,1376812.37
2026-08-20 15:00:00+00:00,0.07311,0.07388,0.07299,0.0738,1355322.21
2026-08-20 16:00:00+00:00,0.0738,0.07446,0.07345,0.07445,1775789.46
2026-08-20 17:00:00+00:00,0.07445,0.07448,0.07333,0.07349,1731213.46
2026-08-20 18:00:00+00:00,0.07349,0.07361,0.07171,0.07172,1626678.23
2026-08-20 19:00:00+00:00,0.07172,0.0724,0.07172,0.07224,721090.62
2026-08-20 20:00:00+00:00,0.07224,0.07313,0.07224,0.07285,718946.12
2026-08-20 21:00:00+00:00,0.07285,0.07343,0.07265,0.07327,1383597.08
2026-08-20 22:00:00+00:00,0.07327,0.07341,0.07285,0.07324,475110.39
2026-08-20 23:00:00+00:00,0.07324,0.07361,0.07311,0.07345,643682.46
2026-08-21 00:00:00+00:00,0.07345,0.07412,0.07345,0.07384,817575.33
2026-08-21 01:00:00+00:00,0.07384,0.07498,0.07377,0.07496,1249464.9
2026-08-21 02:00:00+00:00,0.07496,0.07497,0.07438,0.07464,772575.73
2026-08-21 03:00:00+00:00,0.07464,0.07531,0.07436,0.07507,777900.24
2026-08-21 04:00:00+00:00,0.07507,0.07556,0.07476,0.07511,974438.12
2026-08-21 05:00:00+00:00,0.07511,0.07529,0.07479,0.07499,754662.47
2026-08-21 06:00:00+00:00,0.07499,0.07542,0.07483,0.07491,630028.87
2026-08-21 07:00:00+00:00,0.07491,0.07573,0.07482,0.07572,952233.68
2026-08-21 08:00:00+00:00,0.07572,0.07733,0.07564,0.07731,1682070.42
2026-08-21 09:00:00+00:00,0.07731,0.07732,0.07486,0.07663,3310006.97
2026-08-21 10:00:00+00:00,0.07663,0.07733,0.07607,0.07717,1435908.26
2026-08-21 11:00:00+00:00,0.07717,0.07727,0.07557,0.07559,2370994.07
2026-08-21 12:00:00+00:00,0.07559,0.07767,0.07539,0.07761,1652139.02
2026-08-21 13:00:00+00:00,0.07761,0.07859,0.07692,0.07824,3548053.79
2026-08-21 14:00:00+00:00,0.07824,0.07831,0.07682,0.07754,1726187.57
2026-08-21 15:00:00+00:00,0.07754,0.07838,0.07736,0.07789,1884259.58
2026-08-21 16:00:00+00:00,0.07789,0.07827,0.07722,0.07768,1851463.45
2026-08-21 17:00:00+00:00,0.07768,0.07796,0.07654,0.07745,2085493.69
2026-08-21 18:00:00+00:00,0.07745,0.07753,0.0763,0.07673,1292822.13
2026-08-21 19:00:00+00:00,0.07673,0.07728,0.07603,0.07608,1719870.56
2026-08-21 20:00:00+00:00,0.07608,0.07707,0.0759,0.07706,899153.64
2026-08-21 21:00:00+00:00,0.07706,0.07953,0.07697,0.07924,1830339.86
2026-08-21 22:00:00+00:00,0.07924,0.07977,0.07805,0.07975,2396990.16
2026-08-21 23:00:00+00:00,0.07975,0.08077,0.07941,0.07978,2571834.94
2026-08-22 00:00:00+00:00,0.07978,0.08024,0.07874,0.0797,2501364.16
2026-08-22 01:00:00+00:00,0.0797,0.08076,0.0796,0.07976,2221873.95
2026-08-22 02:00:00+00:00,0.07976,0.08225,0.07976,0.08217,2465968.75
2026-08-22 03:00:00+00:00,0.08217,0.0835,0.08174,0.08274,3681936.77
2026-08-22 04:00:00+00:00,0.08274,0.0865,0.08266,0.08615,4299924.78
2026-08-22 05:00:00+00:00,0.08615,0.08687,0.07643,0.07911,12611295.91
2026-08-22 06:00:00+00:00,0.07911,0.08037,0.07843,0.07905,3666703.66
2026-08-22 07:00:00+00:00,0.07905,0.07968,0.07829,0.07852,1997203.86
2026-08-22 08:00:00+00:00,0.07852,0.07897,0.07765,0.07819,2085575.78
2026-08-22 09:00:00+00:00,0.07819,0.07869,0.07742,0.07777,1487204.1
2026-08-22 10:00:00+00:00,0.07777,0.07779,0.07612,0.07717,2612332.23
2026-08-22 11:00:00+00:00,0.07717,0.07755,0.07689,0.07745,983092.94
2026-08-22 12:00:00+00:00,0.07745,0.07831,0.07729,0.0775,1119681.48
2026-08-22 13:00:00+00:00,0.0775,0.0776,0.07668,0.07699,1860370.35
2026-08-22 14:00:00+00:00,0.07699,0.07734,0.07619,0.07651,1136596.13
2026-08-22 15:00:00+00:00,0.07651,0.07668,0.07595,0.07629,982048.72
2026-08-22 16:00:00+00:00,0.07629,0.07788,0.07627,0.07753,843196.56
2026-08-22 17:00:00+00:00,0.07753,0.07806,0.07727,0.07785,707427.28
2026-08-22 18:00:00+00:00,0.07785,0.07808,0.07729,0.07762,690757.38
2026-08-22 19:00:00+00:00,0.07762,0.07806,0.07738,0.07791,309447.21
2026-08-22 20:00:00+00:00,0.07791,0.07816,0.07753,0.07785,489093.9
2026-08-22 21:00:00+00:00,0.07785,0.07785,0.07654,0.0769,817306.86
2026-08-22 22:00:00+00:00,0.0769,0.07793,0.07668,0.07793,1118834.67
2026-08-22 23:00:00+00:00,0.07793,0.07794,0.07716,0.07748,469815.12
2026-08-23 00:00:00+00:00,0.07748,0.07834,0.07732,0.0782,695517.45
2026-08-23 01:00:00+00:00,0.0782,0.0782,0.07738,0.07746,686104.15
2026-08-23 02:00:00+00:00,0.07746,0.07777,0.07688,0.0774,1234400.6
2026-08-23 03:00:00+00:00,0.0774,0.07746,0.07652,0.07701,1029055.3
2026-08-23 04:00:00+00:00,0.07701,0.07747,0.07611,0.07654,1261191.19
2026-08-23 05:00:00+00:00,0.07654,0.07716,0.07578,0.07623,1788543.39
2026-08-23 06:00:00+00:00,0.07623,0.07659,0.07591,0.07617,979702.56
2026-08-23 07:00:00+00:00,0.07617,0.0768,0.07611,0.07666,475197.24
2026-08-23 08:00:00+00:00,0.07666,0.07815,0.07662,0.07803,1254606.03
2026-08-23 09:00:00+00:00,0.07803,0.0782,0.07761,0.07788,484826.69
2026-08-23 10:00:00+00:00,0.07788,0.07902,0.07788,0.07868,1308572.98
2026-08-23 11:00:00+00:00,0.07868,0.07945,0.07865,0.07925,1023901.25
2026-08-23 12:00:00+00:00,0.07925,0.07983,0.07859,0.07978,1309484.17
2026-08-23 13:00:00+00:00,0.07978,0.081,0.07978,0.08025,2261093.47
2026-08-23 14:00:00+00:00,0.08025,0.0804,0.07805,0.07904,2305499.46
2026-08-23 15:00:00+00:00,0.07904,0.07974,0.07865,0.07943,1006301.47
2026-08-23 16:00:00+00:00,0.07943,0.07973,0.07907,0.07927,641721.62
2026-08-23 17:00:00+00:00,0.07927,0.0794,0.07843,0.0786,1056414.43
2026-08-23 18:00:00+00:00,0.0786,0.079,0.07854,0.07892,417740.5
2026-08-23 19:00:00+00:00,0.07892,0.07908,0.07867,0.07889,460249.97
2026-08-23 20:00:00+00:00,0.07889,0.07919,0.07872,0.07907,904680.49
2026-08-23 21:00:00+00:00,0.07907,0.08078,0.07906,0.08048,1487802.54
2026-08-23 22:00:00+00:00,0.08048,0.08099,0.07999,0.08057,836492.09
2026-08-23 23:00:00+00:00,0.08057,0.08058,0.07971,0.07982,1400958.33
2026-08-24 00:00:00+00:00,0.07982,0.08004,0.07851,0.07929,1477926.76
2026-08-24 01:00:00+00:00,0.07929,0.07932,0.07748,0.07763,1227054.9
2026-08-24 02:00:00+00:00,0.07763,0.07911,0.07763,0.07896,1015789.82
2026-08-24 03:00:00+00:00,0.07896,0.079,0.07832,0.07874,632249.55
2026-08-24 04:00:00+00:00,0.07874,0.08003,0.07874,0.07917,1358778.02
2026-08-24 05:00:00+00:00,0.07917,0.08002,0.07885,0.07999,1042869.08
2026-08-24 06:00:00+00:00,0.07999,0.0807,0.07937,0.07958,1265346.73
2026-08-24 07:00:00+00:00,0.07958,0.08054,0.07946,0.0803,1417378.32
2026-08-24 08:00:00+00:00,0.0803,0.08059,0.07925,0.07961,1396758.46
2026-08-24 09:00:00+00:00,0.07961,0.08026,0.07933,0.07947,1436983.36
2026-08-24 10:00:00+00:00,0.07947,0.07994,0.07873,0.07908,936221.41
2026-08-24 11:00:00+00:00,0.07908,0.08049,0.07872,0.08022,1228605.47
2026-08-24 12:00:00+00:00,0.08022,0.08124,0.07945,0.08109,1057983.39
2026-08-24 13:00:00+00:00,0.08109,0.08111,0.07888,0.07934,1888578.38
2026-08-24 14:00:00+00:00,0.07934,0.08112,0.07934,0.08042,1714129.93
2026-08-24 15:00:00+00:00,0.08042,0.08077,0.07923,0.07935,2140745.28
2026-08-24 16:00:00+00:00,0.07935,0.07997,0.07891,0.07908,1731079.22
2026-08-24 17:00:00+00:00,0.07908,0.07925,0.07846,0.07897,2125094.11
2026-08-24 18:00:00+00:00,0.07897,0.07944,0.07878,0.07887,1227904.3
2026-08-24 19:00:00+00:00,0.07887,0.07954,0.07875,0.07918,1148486.46
2026-08-24 20:00:00+00:00,0.07918,0.07981,0.07899,0.07977,764027.65
2026-08-24 21:00:00+00:00,0.07977,0.08023,0.07973,0.07994,855938.36
2026-08-24 22:00:00+00:00,0.07994,0.08004,0.07958,0.07959,964191.01
2026-08-24 23:00:00+00:00,0.07959,0.07971,0.07898,0.07929,1384868.04
2026-08-25 00:00:00+00:00,0.07929,0.08061,0.07906,0.0804,1727757.9
2026-08-25 01:00:00+00:00,0.0804,0.08104,0.07998,0.08104,1628725.92
2026-08-25 02:00:00+00:00,0.08104,0.08256,0.08064,0.0818,3280795.64
2026-08-25 03:00:00+00:00,0.0818,0.08425,0.08154,0.08337,4309765.68
2026-08-25 04:00:00+00:00,0.08337,0.08355,0.08169,0.08184,1703867.78
2026-08-25 05:00:00+00:00,0.08184,0.08247,0.08171,0.08207,868250.06
2026-08-25 06:00:00+00:00,0.08207,0.08259,0.08137,0.08158,1907180.51
2026-08-25 07:00:00+00:00,0.08158,0.08199,0.07967,0.08011,2703230.79
2026-08-25 08:00:00+00:00,0.08011,0.08103,0.0801,0.08055,1204390.66
2026-08-25 09:00:00+00:00,0.08055,0.08069,0.07984,0.08028,600752.07
2026-08-25 10:00:00+00:00,0.08028,0.08081,0.08027,0.08074,753360.92
2026-08-25 11:00:00+00:00,0.08074,0.08079,0.08021,0.0803,494531.99
2026-08-25 12:00:00+00:00,0.0803,0.08051,0.07974,0.0804,994340.28
2026-08-25 13:00:00+00:00,0.0804,0.08061,0.07929,0.07993,1266396.85
2026-08-25 14:00:00+00:00,0.07993,0.0806,0.07971,0.08028,834288.67
2026-08-25 15:00:00+00:00,0.08028,0.08035,0.07971,0.08018,703758.61
2026-08-25 16:00:00+00:00,0.08018,0.08055,0.07984,0.0799,777222.92
2026-08-25 17:00:00+00:00,0.0799,0.08003,0.07944,0.07997,565768.05
2026-08-25 18:00:00+00:00,0.07997,0.08058,0.07971,0.07995,890697.56
2026-08-25 19:00:00+00:00,0.07995,0.08005,0.07883,0.07893,732111.41
2026-08-25 20:00:00+00:00,0.07893,0.07904,0.07802,0.07808,2228308.64
2026-08-25 21:00:00+00:00,0.07808,0.07832,0.07737,0.0779,1000365.42
2026-08-25 22:00:00+00:00,0.0779,0.0787,0.0779,0.07845,858126.74
2026-08-25 23:00:00+00:00,0.07845,0.07857,0.07765,0.07775,747352.35
2026-08-26 00:00:00+00:00,0.07775,0.07806,0.07725,0.07793,1069930.28
2026-08-26 01:00:00+00:00,0.07793,0.07834,0.07791,0.07812,707602.39
2026-08-26 02:00:00+00:00,0.07812,0.07872,0.07806,0.07853,775068.42
2026-08-26 03:00:00+00:00,0.07853,0.07859,0.07793,0.0782,727488.38
2026-08-26 04:00:00+00:00,0.0782,0.07874,0.07814,0.07819,346537.54
2026-08-26 05:00:00+00:00,0.07819,0.07847,0.07794,0.07825,387681.37
2026-08-26 06:00:00+00:00,0.07825,0.07841,0.07807,0.07812,233265.64
2026-08-26 07:00:00+00:00,0.07812,0.07829,0.07784,0.07784,288678.93
2026-08-26 08:00:00+00:00,0.07784,0.07805,0.07742,0.07751,363117.16
2026-08-26 09:00:00+00:00,0.07751,0.07768,0.077,0.07719,729331.83
2026-08-26 10:00:00+00:00,0.07719,0.078,0.077,0.0779,387780.1
2026-08-26 11:00:00+00:00,0.0779,0.07799,0.07727,0.07747,379723.18
2026-08-26 12:00:00+00:00,0.07747,0.07818,0.0773,0.07789,630584.81
2026-08-26 13:00:00+00:00,0.07789,0.07792,0.07681,0.07734,863347.44
2026-08-26 14:00:00+00:00,0.07734,0.0775,0.07661,0.07667,645243.98
2026-08-26 15:00:00+00:00,0.07667,0.07716,0.07633,0.07674,1074152.72
2026-08-26 16:00:00+00:00,0.07674,0.0771,0.07646,0.07682,451058.32
2026-08-26 17:00:00+00:00,0.07682,0.07754,0.07673,0.07721,568665.43
2026-08-26 18:00:00+00:00,0.07721,0.07762,0.07712,0.07754,500538.95
2026-08-26 19:00:00+00:00,0.07754,0.07777,0.07741,0.07742,487855.66
2026-08-26 20:00:00+00:00,0.07742,0.07753,0.07678,0.07709,582137.85
2026-08-26 21:00:00+00:00,0.07709,0.07801,0.07708,0.07799,417424.01
2026-08-26 22:00:00+00:00,0.07799,0.07849,0.07784,0.078,531453.76
2026-08-26 23:00:00+00:00,0.078,0.07871,0.07785,0.07859,364199.22
2026-08-27 00:00:00+00:00,0.07859,0.0786,0.07759,0.07759,440926.23
2026-08-27 01:00:00+00:00,0.07759,0.07814,0.07738,0.07797,609008.86
2026-08-27 02:00:00+00:00,0.07797,0.07805,0.07714,0.0772,352531.63
2026-08-27 03:00:00+00:00,0.0772,0.07776,0.07718,0.07728,571759.76
2026-08-27 04:00:00+00:00,0.07728,0.07762,0.07713,0.07722,320962.76
2026-08-27 05:00:00+00:00,0.07722,0.0776,0.07695,0.07754,394371.94
2026-08-27 06:00:00+00:00,0.07754,0.07763,0.07714,0.07758,199149.35
2026-08-27 07:00:00+00:00,0.07758,0.07791,0.07746,0.07791,172141.55
2026-08-27 08:00:00+00:00,0.07791,0.07876,0.07785,0.07856,795135.04
2026-08-27 09:00:00+00:00,0.07856,0.07892,0.07828,0.07848,554583.85
2026-08-27 10:00:00+00:00,0.07848,0.07886,0.0778,0.07829,414755.98
2026-08-27 11:00:00+00:00,0.07829,0.07846,0.07796,0.07823,298188.92
2026-08-27 12:00:00+00:00,0.07823,0.0786,0.07822,0.07844,253663.98
2026-08-27 13:00:00+00:00,0.07844,0.07875,0.07813,0.07866,383850.08
2026-08-27 14:00:00+00:00,0.07866,0.07962,0.07859,0.07922,724106.9
2026-08-27 15:00:00+00:00,0.07922,0.0796,0.07905,0.07918,656599.08
2026-08-27 16:00:00+00:00,0.07918,0.07972,0.07896,0.07931,547039.82
2026-08-27 17:00:00+00:00,0.07931,0.07968,0.07909,0.07915,547999.01
2026-08-27 18:00:00+00:00,0.07915,0.07927,0.07846,0.07892,550050.98
2026-08-27 19:00:00+00:00,0.07892,0.07903,0.07844,0.07851,381775.13
2026-08-27 20:00:00+00:00,0.07851,0.07899,0.07831,0.07888,296918.47
2026-08-27 21:00:00+00:00,0.07888,0.07901,0.07864,0.07901,255041.85
2026-08-27 22:00:00+00:00,0.07901,0.07937,0.07873,0.07882,243350.39
2026-08-27 23:00:00+00:00,0.07882,0.07895,0.07867,0.07874,299868.66
2026-08-28 00:00:00+00:00,0.07874,0.07923,0.07863,0.0791,281328.31
2026-08-28 01:00:00+00:00,0.0791,0.07977,0.07865,0.07879,563958.42
2026-08-28 02:00:00+00:00,0.07879,0.0788,0.07782,0.07793,618812.51
2026-08-28 03:00:00+00:00,0.07793,0.07793,0.07752,0.07761,270995.11
2026-08-28 04:00:00+00:00,0.07761,0.07774,0.07721,0.07741,523036.29
2026-08-28 05:00:00+00:00,0.07741,0.07803,0.07732,0.07784,218072.58
2026-08-28 06:00:00+00:00,0.07784,0.07841,0.07783,0.07832,329027.61
2026-08-28 07:00:00+00:00,0.07832,0.0784,0.07788,0.0781,276484.61
2026-08-28 08:00:00+00:00,0.0781,0.07832,0.07763,0.07767,413656.21
2026-08-28 09:00:00+00:00,0.07767,0.07793,0.07745,0.0775,274666.51
2026-08-28 10:00:00+00:00,0.0775,0.07804,0.07716,0.07804,436306.63
2026-08-28 11:00:00+00:00,0.07804,0.07822,0.07789,0.07802,313683.05
2026-08-28 12:00:00+00:00,0.07802,0.07807,0.07731,0.07768,413563.88
2026-08-28 13:00:00+00:00,0.07768,0.07776,0.07719,0.07764,411458.65
2026-08-28 14:00:00+00:00,0.07764,0.07816,0.07633,0.07759,1581817.2
2026-08-28 15:00:00+00:00,0.07759,0.07775,0.07532,0.07576,2255053.52
2026-08-28 16:00:00+00:00,0.07576,0.07576,0.07384,0.07566,8076150.89
2026-08-28 17:00:00+00:00,0.07566,0.07615,0.07559,0.0761,780665.15
2026-08-28 18:00:00+00:00,0.0761,0.07612,0.0754,0.07597,566612.13
2026-08-28 19:00:00+00:00,0.07597,0.07641,0.07597,0.07636,498815.77
2026-08-28 20:00:00+00:00,0.07636,0.07674,0.07633,0.07669,466333.1
2026-08-28 21:00:00+00:00,0.07669,0.07679,0.07591,0.07594,280311.48
2026-08-28 22:00:00+00:00,0.07594,0.07623,0.0758,0.07592,331205.97
2026-08-28 23:00:00+00:00,0.07592,0.07613,0.07578,0.0761,189090.62
2026-08-29 00:00:00+00:00,0.0761,0.07625,0.07554,0.07555,435256.38
2026-08-29 01:00:00+00:00,0.07555,0.07567,0.07543,0.07543,131324.77
2026-08-29 02:00:00+00:00,0.07543,0.07567,0.07534,0.07567,210755.73
2026-08-29 03:00:00+00:00,0.07567,0.07582,0.07543,0.07543,167970.3
2026-08-29 04:00:00+00:00,0.07543,0.07558,0.07537,0.07545,127174.52
2026-08-29 05:00:00+00:00,0.07545,0.07561,0.07525,0.07531,145611.11
2026-08-29 06:00:00+00:00,0.07531,0.07534,0.07481,0.07529,455553.87
2026-08-29 07:00:00+00:00,0.07529,0.07538,0.07495,0.07498,155385.0
2026-08-29 08:00:00+00:00,0.07498,0.07498,0.07466,0.0747,256055.32
2026-08-29 09:00:00+00:00,0.0747,0.07477,0.07464,0.07472,112006.66
2026-08-29 10:00:00+00:00,0.07472,0.07486,0.07462,0.0748,94295.08
2026-08-29 11:00:00+00:00,0.0748,0.07487,0.07461,0.07474,159067.15
2026-08-29 12:00:00+00:00,0.07474,0.075,0.07472,0.07486,109031.78
2026-08-29 13:00:00+00:00,0.07486,0.07512,0.0748,0.07505,211922.95
2026-08-29 14:00:00+00:00,0.07505,0.0758,0.07505,0.07558,376921.71
2026-08-29 15:00:00+00:00,0.07558,0.07562,0.07538,0.07551,229775.54
2026-08-29 16:00:00+00:00,0.07551,0.07562,0.07531,0.0754,257086.73
2026-08-29 17:00:00+00:00,0.0754,0.07551,0.07518,0.07532,127315.33
2026-08-29 18:00:00+00:00,0.07532,0.07554,0.07532,0.07545,165662.12
2026-08-29 19:00:00+00:00,0.07545,0.07561,0.07543,0.07549,314098.77
2026-08-29 20:00:00+00:00,0.07549,0.0757,0.07542,0.07546,374992.91
2026-08-29 21:00:00+00:00,0.07546,0.07564,0.07538,0.07545,342683.85
2026-08-29 22:00:00+00:00,0.07545,0.07556,0.07543,0.07551,92881.77
2026-08-29 23:00:00+00:00,0.07551,0.07558,0.07541,0.07551,100402.85
2026-08-30 00:00:00+00:00,0.07551,0.07571,0.07548,0.07549,194323.09
2026-08-30 01:00:00+00:00,0.07549,0.07557,0.07528,0.07531,288062.25
2026-08-30 02:00:00+00:00,0.07531,0.07539,0.07518,0.07528,97157.81
2026-08-30 03:00:00+00:00,0.07528,0.07528,0.07511,0.07513,129750.98
2026-08-30 04:00:00+00:00,0.07513,0.07517,0.07428,0.07488,2602371.89
2026-08-30 05:00:00+00:00,0.07488,0.07505,0.07485,0.07496,213748.78
2026-08-30 06:00:00+00:00,0.07496,0.0752,0.07481,0.0752,230292.86
2026-08-30 07:00:00+00:00,0.0752,0.07521,0.07485,0.07489,128017.84
2026-08-30 08:00:00+00:00,0.07489,0.07495,0.07479,0.07486,150927.92
2026-08-30 09:00:00+00:00,0.07486,0.07501,0.07482,0.07493,152378.88
2026-08-30 10:00:00+00:00,0.07493,0.0752,0.07485,0.07512,179148.82
2026-08-30 11:00:00+00:00,0.07512,0.07512,0.07488,0.07505,123238.89
2026-08-30 12:00:00+00:00,0.07505,0.07561,0.07505,0.0756,248445.49
2026-08-30 13:00:00+00:00,0.0756,0.07576,0.07537,0.0757,269364.61
2026-08-30 14:00:00+00:00,0.0757,0.0757,0.07508,0.07529,330036.25
2026-08-30 15:00:00+00:00,0.07529,0.07531,0.07495,0.07498,163617.2
2026-08-30 16:00:00+00:00,0.07498,0.07565,0.07496,0.07557,278650.08
2026-08-30 17:00:00+00:00,0.07557,0.07588,0.07551,0.07562,334617.77
2026-08-30 18:00:00+00:00,0.07562,0.07613,0.07554,0.07592,433554.33
2026-08-30 19:00:00+00:00,0.07592,0.07607,0.07562,0.07574,273467.36
2026-08-30 20:00:00+00:00,0.07574,0.07603,0.07503,0.07526,287892.02
2026-08-30 21:00:00+00:00,0.07526,0.07532,0.07469,0.07508,483003.05
2026-08-30 22:00:00+00:00,0.07508,0.07531,0.07438,0.0745,309488.0
2026-08-30 23:00:00+00:00,0.0745,0.07458,0.07298,0.07348,1074943.72
2026-08-31 00:00:00+00:00,0.07348,0.07422,0.07332,0.07392,410190.32
2026-08-31 01:00:00+00:00,0.07392,0.07404,0.07321,0.07325,505772.1
2026-08-31 02:00:00+00:00,0.07325,0.07374,0.0731,0.07326,307848.05
2026-08-31 03:00:00+00:00,0.07326,0.07364,0.07318,0.07363,169344.34
2026-08-31 04:00:00+00:00,0.07363,0.07395,0.07347,0.07382,788742.35
2026-08-31 05:00:00+00:00,0.07382,0.07437,0.0737,0.07425,583160.43
2026-08-31 06:00:00+00:00,0.07425,0.0744,0.07414,0.0743,251545.7
2026-08-31 07:00:00+00:00,0.0743,0.07448,0.07427,0.07442,224801.07
2026-08-31 08:00:00+00:00,0.07442,0.07447,0.07403,0.07415,206034.78
2026-08-31 09:00:00+00:00,0.07415,0.0744,0.07406,0.07419,194248.44
2026-08-31 10:00:00+00:00,0.07419,0.07462,0.07412,0.07451,156759.13
2026-08-31 11:00:00+00:00,0.07451,0.07451,0.07413,0.07418,206297.6
2026-08-31 12:00:00+00:00,0.07418,0.07459,0.07381,0.07392,500376.3
2026-08-31 13:00:00+00:00,0.07392,0.0742,0.07312,0.07326,459748.05
2026-08-31 14:00:00+00:00,0.07326,0.07417,0.07326,0.07408,534268.91
2026-08-31 15:00:00+00:00,0.07408,0.07411,0.07332,0.07333,451209.56
2026-08-31 16:00:00+00:00,0.07333,0.07353,0.07314,0.07332,470859.67
2026-08-31 17:00:00+00:00,0.07332,0.07373,0.07323,0.07353,382200.04
2026-08-31 18:00:00+00:00,0.07353,0.0739,0.07335,0.0735,449729.69
2026-08-31 19:00:00+00:00,0.0735,0.07366,0.07331,0.07341,397361.39
2026-08-31 20:00:00+00:00,0.07341,0.07423,0.07339,0.07394,622414.4
2026-08-31 21:00:00+00:00,0.07394,0.07414,0.07344,0.07393,392022.33
2026-08-31 22:00:00+00:00,0.07393,0.07401,0.0736,0.07361,122257.57
2026-08-31 23:00:00+00:00,0.07361,0.07369,0.07353,0.07363,172874.38
2026-09-01 00:00:00+00:00,0.07363,0.07416,0.07357,0.07388,369934.64
2026-09-01 01:00:00+00:00,0.07388,0.07415,0.07372,0.07403,265101.43
2026-09-01 02:00:00+00:00,0.07403,0.07403,0.07377,0.07401,171734.2
2026-09-01 03:00:00+00:00,0.07401,0.07446,0.07391,0.07443,282147.04
2026-09-01 04:00:00+00:00,0.07443,0.07467,0.07443,0.07461,270527.94
2026-09-01 05:00:00+00:00,0.07461,0.07528,0.07461,0.07509,410474.44
2026-09-01 06:00:00+00:00,0.07509,0.07509,0.07478,0.07485,236757.5
2026-09-01 07:00:00+00:00,0.07485,0.07492,0.07454,0.07475,525480.42
2026-09-01 08:00:00+00:00,0.07475,0.07478,0.07383,0.07389,404710.37
2026-09-01 09:00:00+00:00,0.07389,0.07426,0.0738,0.07423,216785.34
2026-09-01 10:00:00+00:00,0.07423,0.07486,0.07423,0.07481,246715.7
2026-09-01 11:00:00+00:00,0.07481,0.07524,0.07455,0.07522,338845.9
2026-09-01 12:00:00+00:00,0.07522,0.07559,0.0751,0.07533,505590.73
2026-09-01 13:00:00+00:00,0.07533,0.07542,0.07423,0.0744,1001801.65
2026-09-01 14:00:00+00:00,0.0744,0.07507,0.0744,0.07469,455741.28
2026-09-01 15:00:00+00:00,0.07469,0.07482,0.07423,0.07457,476503.41
2026-09-01 16:00:00+00:00,0.07457,0.07463,0.07408,0.0745,526323.59
2026-09-01 17:00:00+00:00,0.0745,0.07471,0.07428,0.07437,508275.89
2026-09-01 18:00:00+00:00,0.07437,0.07457,0.07347,0.0743,848425.16
2026-09-01 19:00:00+00:00,0.0743,0.07465,0.07416,0.07437,736875.55
2026-09-01 20:00:00+00:00,0.07437,0.07464,0.07427,0.07449,315211.65
2026-09-01 21:00:00+00:00,0.07449,0.07455,0.07377,0.07418,268969.0
2026-09-01 22:00:00+00:00,0.07418,0.07431,0.07374,0.07387,259328.41
2026-09-01 23:00:00+00:00,0.07387,0.07419,0.0738,0.07408,192383.14
2026-09-02 00:00:00+00:00,0.07408,0.07415,0.07349,0.07349,268727.38
2026-09-02 01:00:00+00:00,0.07349,0.07382,0.07308,0.07326,544594.18
2026-09-02 02:00:00+00:00,0.07326,0.07368,0.07311,0.07362,283900.88
2026-09-02 03:00:00+00:00,0.07362,0.0742,0.07361,0.07401,293775.95
2026-09-02 04:00:00+00:00,0.07401,0.07418,0.07365,0.07414,240811.87
2026-09-02 05:00:00+00:00,0.07414,0.07432,0.07401,0.0741,316053.34
2026-09-02 06:00:00+00:00,0.0741,0.07419,0.07383,0.07406,307382.45
2026-09-02 07:00:00+00:00,0.07406,0.07429,0.07403,0.07404,162173.06
2026-09-02 08:00:00+00:00,0.07404,0.07412,0.07338,0.07353,288152.4
2026-09-02 09:00:00+00:00,0.07353,0.07383,0.07326,0.07345,383375.31
2026-09-02 10:00:00+00:00,0.07345,0.0735,0.07279,0.07317,342032.85
2026-09-02 11:00:00+00:00,0.07317,0.0734,0.07293,0.0734,221007.74
2026-09-02 12:00:00+00:00,0.0734,0.07355,0.07309,0.0731,168905.63
2026-09-02 13:00:00+00:00,0.0731,0.07413,0.0731,0.07401,307362.86
2026-09-02 14:00:00+00:00,0.07401,0.07416,0.07344,0.07344,380603.96
2026-09-02 15:00:00+00:00,0.07344,0.07365,0.07312,0.07338,400390.78
2026-09-02 16:00:00+00:00,0.07338,0.07373,0.0733,0.07333,275235.55
2026-09-02 17:00:00+00:00,0.07333,0.07383,0.07314,0.07382,347500.68
2026-09-02 18:00:00+00:00,0.07382,0.07408,0.07377,0.07393,327981.66
2026-09-02 19:00:00+00:00,0.07393,0.07409,0.07377,0.07396,239456.98
2026-09-02 20:00:00+00:00,0.07396,0.07425,0.07394,0.0741,273998.69
2026-09-02 21:00:00+00:00,0.0741,0.07412,0.07393,0.07406,135624.01
2026-09-02 22:00:00+00:00,0.07406,0.07414,0.07392,0.07402,222381.77
2026-09-02 23:00:00+00:00,0.07402,0.07461,0.07402,0.07459,317620.94
2026-09-03 00:00:00+00:00,0.07459,0.07491,0.07432,0.07478,415816.24
2026-09-03 01:00:00+00:00,0.07478,0.07553,0.07446,0.07522,586704.23
2026-09-03 02:00:00+00:00,0.07522,0.07624,0.07485,0.07617,1291016.65
2026-09-03 03:00:00+00:00,0.07617,0.07628,0.07568,0.07587,380862.57
2026-09-03 04:00:00+00:00,0.07587,0.07624,0.07563,0.0762,218485.41
2026-09-03 05:00:00+00:00,0.0762,0.07627,0.0754,0.0761,371235.95
2026-09-03 06:00:00+00:00,0.0761,0.07612,0.07582,0.07592,225143.1
2026-09-03 07:00:00+00:00,0.07592,0.07661,0.07585,0.07606,486249.92
2026-09-03 08:00:00+00:00,0.07606,0.07709,0.07603,0.07702,974150.73
2026-09-03 09:00:00+00:00,0.07702,0.07706,0.07661,0.0767,379521.52
2026-09-03 10:00:00+00:00,0.0767,0.07686,0.07628,0.07681,307681.86
2026-09-03 11:00:00+00:00,0.07681,0.07702,0.07661,0.07696,475337.39
2026-09-03 12:00:00+00:00,0.07696,0.07762,0.07684,0.07753,966073.01
2026-09-03 13:00:00+00:00,0.07753,0.07758,0.07699,0.07745,657837.42
2026-09-03 14:00:00+00:00,0.07745,0.07897,0.07734,0.07897,1611038.1
2026-09-03 15:00:00+00:00,0.07897,0.07928,0.07836,0.07924,1108929.6
2026-09-03 16:00:00+00:00,0.07924,0.08098,0.07851,0.08066,1866259.45
2026-09-03 17:00:00+00:00,0.08066,0.08066,0.07952,0.07953,855218.23
2026-09-03 18:00:00+00:00,0.07953,0.07983,0.0794,0.07953,617441.73
2026-09-03 19:00:00+00:00,0.07953,0.07985,0.07947,0.07967,343372.41
2026-09-03 20:00:00+00:00,0.07967,0.07972,0.07927,0.07954,547292.7
2026-09-03 21:00:00+00:00,0.07954,0.07973,0.07919,0.07939,360316.36
2026-09-03 22:00:00+00:00,0.07939,0.07947,0.07861,0.07899,433586.84
2026-09-03 23:00:00+00:00,0.07899,0.07931,0.07893,0.07928,346191.4
2026-09-04 00:00:00+00:00,0.07928,0.07941,0.07892,0.07892,317588.31
2026-09-04 01:00:00+00:00,0.07892,0.07908,0.07856,0.07881,398893.54
2026-09-04 02:00:00+00:00,0.07881,0.07882,0.07817,0.07834,437079.65
2026-09-04 03:00:00+00:00,0.07834,0.07844,0.07819,0.07819,285168.44
2026-09-04 04:00:00+00:00,0.07819,0.07875,0.07818,0.07828,262295.33
2026-09-04 05:00:00+00:00,0.07828,0.07828,0.07778,0.07789,336161.79
2026-09-04 06:00:00+00:00,0.07789,0.07807,0.0778,0.07791,184085.17
2026-09-04 07:00:00+00:00,0.07791,0.07817,0.07771,0.07781,475632.25
2026-09-04 08:00:00+00:00,0.07781,0.07858,0.07773,0.07856,726625.2
2026-09-04 09:00:00+00:00,0.07856,0.07961,0.07856,0.07911,870990.73
2026-09-04 10:00:00+00:00,0.07911,0.07916,0.07861,0.079,372454.37
2026-09-04 11:00:00+00:00,0.079,0.07925,0.0788,0.07894,399626.13
2026-09-04 12:00:00+00:00,0.07894,0.07929,0.07722,0.07758,1704928.47
2026-09-04 13:00:00+00:00,0.07758,0.07818,0.07719,0.07777,676754.18
2026-09-04 14:00:00+00:00,0.07777,0.07787,0.07645,0.07667,1049533.81
2026-09-04 15:00:00+00:00,0.07667,0.0775,0.07661,0.0773,576598.13
2026-09-04 16:00:00+00:00,0.0773,0.07773,0.07723,0.07754,436580.09
2026-09-04 17:00:00+00:00,0.07754,0.07765,0.07714,0.07717,400450.59
2026-09-04 18:00:00+00:00,0.07717,0.07733,0.07716,0.07729,275570.32
2026-09-04 19:00:00+00:00,0.07729,0.07757,0.07726,0.07733,537913.96
2026-09-04 20:00:00+00:00,0.07733,0.07818,0.07733,0.07813,362250.36
2026-09-04 21:00:00+00:00,0.07813,0.07823,0.07778,0.07783,396764.6
2026-09-04 22:00:00+00:00,0.07783,0.07811,0.07773,0.07783,221033.05
2026-09-04 23:00:00+00:00,0.07783,0.07839,0.07769,0.07839,280547.89
2026-09-05 00:00:00+00:00,0.07839,0.07916,0.07836,0.07881,783902.77
2026-09-05 01:00:00+00:00,0.07881,0.07912,0.0788,0.07891,287586.26
2026-09-05 02:00:00+00:00,0.07891,0.07901,0.07863,0.07899,318108.41
2026-09-05 03:00:00+00:00,0.07899,0.07905,0.07871,0.07884,404570.83
2026-09-05 04:00:00+00:00,0.07884,0.07929,0.07866,0.07918,505446.76
2026-09-05 05:00:00+00:00,0.07918,0.07964,0.07886,0.07958,504563.44
2026-09-05 06:00:00+00:00,0.07958,0.07979,0.07949,0.07971,592358.75
2026-09-05 07:00:00+00:00,0.07971,0.08026,0.07971,0.07976,569048.17
2026-09-05 08:00:00+00:00,0.07976,0.08001,0.0794,0.07997,370590.81
2026-09-05 09:00:00+00:00,0.07997,0.08067,0.07997,0.08045,1298578.79
2026-09-05 10:00:00+00:00,0.08045,0.08053,0.08012,0.08039,219260.42
2026-09-05 11:00:00+00:00,0.08039,0.08047,0.08005,0.08039,214943.07
2026-09-05 12:00:00+00:00,0.08039,0.08098,0.08028,0.08092,282621.1
2026-09-05 13:00:00+00:00,0.08092,0.08153,0.08036,0.08036,877165.64
2026-09-05 14:00:00+00:00,0.08036,0.0809,0.0803,0.0808,485267.55
2026-09-05 15:00:00+00:00,0.0808,0.0808,0.08043,0.0805,345184.32
2026-09-05 16:00:00+00:00,0.0805,0.08067,0.0803,0.08048,388889.72
2026-09-05 17:00:00+00:00,0.08048,0.08124,0.08042,0.08119,502500.48
2026-09-05 18:00:00+00:00,0.08119,0.08127,0.08068,0.08068,322205.34
2026-09-05 19:00:00+00:00,0.08068,0.08112,0.08054,0.08073,257822.96
2026-09-05 20:00:00+00:00,0.08073,0.08099,0.08062,0.08077,255508.37
2026-09-05 21:00:00+00:00,0.08077,0.08105,0.08068,0.08082,248750.01
2026-09-05 22:00:00+00:00,0.08082,0.08086,0.08014,0.08035,752854.84
2026-09-05 23:00:00+00:00,0.08035,0.08044,0.08009,0.08022,264826.05
2026-09-06 00:00:00+00:00,0.08022,0.0807,0.08017,0.08058,360925.2
2026-09-06 01:00:00+00:00,0.08058,0.08123,0.08052,0.08119,403497.4
2026-09-06 02:00:00+00:00,0.08119,0.08157,0.08106,0.08119,877871.53
2026-09-06 03:00:00+00:00,0.08119,0.08231,0.08108,0.0822,838656.39
2026-09-06 04:00:00+00:00,0.0822,0.08224,0.08121,0.08145,419412.17
2026-09-06 05:00:00+00:00,0.08145,0.08192,0.0812,0.08158,402700.38
2026-09-06 06:00:00+00:00,0.08158,0.0816,0.08094,0.08105,351916.31
2026-09-06 07:00:00+00:00,0.08105,0.08112,0.08063,0.08108,313327.73
2026-09-06 08:00:00+00:00,0.08108,0.08123,0.08089,0.08114,532142.91
2026-09-06 09:00:00+00:00,0.08114,0.08181,0.08105,0.08139,688027.2
2026-09-06 10:00:00+00:00,0.08139,0.08153,0.08118,0.08148,221366.25
2026-09-06 11:00:00+00:00,0.08148,0.08165,0.08134,0.08155,365418.97
2026-09-06 12:00:00+00:00,0.08155,0.08156,0.08107,0.0811,338257.43
2026-09-06 13:00:00+00:00,0.0811,0.08117,0.08073,0.08106,359439.49
2026-09-06 14:00:00+00:00,0.08106,0.08127,0.08034,0.08042,589245.49
2026-09-06 15:00:00+00:00,0.08042,0.08064,0.08016,0.08051,356918.89
2026-09-06 16:00:00+00:00,0.08051,0.0809,0.08039,0.08071,395142.67
2026-09-06 17:00:00+00:00,0.08071,0.08086,0.08022,0.08042,637407.13
2026-09-06 18:00:00+00:00,0.08042,0.08068,0.08036,0.08044,175173.45
2026-09-06 19:00:00+00:00,0.08044,0.08054,0.08031,0.08052,117763.68
2026-09-06 20:00:00+00:00,0.08052,0.0815,0.08046,0.08142,453481.75
2026-09-06 21:00:00+00:00,0.08142,0.08186,0.08136,0.08174,819088.32
2026-09-06 22:00:00+00:00,0.08174,0.08174,0.08067,0.08121,460836.73
2026-09-06 23:00:00+00:00,0.08121,0.08164,0.08113,0.08162,258133.93
2026-09-07 00:00:00+00:00,0.08162,0.08233,0.08142,0.08183,719583.02
2026-09-07 01:00:00+00:00,0.08183,0.08205,0.08092,0.0811,450823.41
2026-09-07 02:00:00+00:00,0.0811,0.08219,0.08074,0.08125,466510.31
2026-09-07 03:00:00+00:00,0.08125,0.08143,0.08058,0.08066,302441.05
2026-09-07 04:00:00+00:00,0.08066,0.08098,0.08061,0.08091,232476.53
2026-09-07 05:00:00+00:00,0.08091,0.08149,0.08081,0.08081,290809.47
2026-09-07 06:00:00+00:00,0.08081,0.08126,0.08077,0.08083,200619.8
2026-09-07 07:00:00+00:00,0.08083,0.08103,0.07998,0.08043,595896.24
2026-09-07 08:00:00+00:00,0.08043,0.08078,0.0804,0.0805,536597.22
2026-09-07 09:00:00+00:00,0.0805,0.08083,0.08038,0.08041,331203.5
2026-09-07 10:00:00+00:00,0.08041,0.08111,0.08041,0.08085,402937.58
2026-09-07 11:00:00+00:00,0.08085,0.08145,0.08068,0.08068,582122.8
2026-09-07 12:00:00+00:00,0.08068,0.08308,0.08068,0.08299,1210716.98
2026-09-07 13:00:00+00:00,0.08299,0.08319,0.08187,0.08294,2541987.89
2026-09-07 14:00:00+00:00,0.08294,0.08306,0.08196,0.08256,1420588.41
2026-09-07 15:00:00+00:00,0.08256,0.08265,0.08056,0.0807,1908857.11
2026-09-07 16:00:00+00:00,0.0807,0.08305,0.0807,0.083,2626663.79
2026-09-07 17:00:00+00:00,0.083,0.08305,0.0821,0.08258,891905.59
2026-09-07 18:00:00+00:00,0.08258,0.08269,0.08203,0.08219,927742.3
2026-09-07 19:00:00+00:00,0.08219,0.08294,0.08192,0.08249,450975.78
2026-09-07 20:00:00+00:00,0.08249,0.08279,0.08208,0.08246,424459.58
2026-09-07 21:00:00+00:00,0.08246,0.08301,0.08237,0.08246,381568.72
2026-09-07 22:00:00+00:00,0.08246,0.08246,0.08149,0.08175,592940.64
2026-09-07 23:00:00+00:00,0.08175,0.08228,0.08169,0.08189,450759.95
2026-09-08 00:00:00+00:00,0.08189,0.08264,0.08175,0.08259,454171.29
2026-09-08 01:00:00+00:00,0.08259,0.08279,0.08243,0.08265,506579.18
2026-09-08 02:00:00+00:00,0.08265,0.08299,0.08169,0.0817,400468.66
2026-09-08 03:00:00+00:00,0.0817,0.08184,0.08144,0.08171,478702.67
2026-09-08 04:00:00+00:00,0.08171,0.08171,0.08114,0.08114,329041.52
2026-09-08 05:00:00+00:00,0.08114,0.08164,0.08105,0.08111,409397.61
2026-09-08 06:00:00+00:00,0.08111,0.08121,0.08012,0.08046,1259022.38
2026-09-08 07:00:00+00:00,0.08046,0.08072,0.08024,0.08038,728747.12
2026-09-08 08:00:00+00:00,0.08038,0.08039,0.07956,0.08008,728471.72
2026-09-08 09:00:00+00:00,0.08008,0.08068,0.07979,0.08067,491919.5
2026-09-08 10:00:00+00:00,0.08067,0.08092,0.08031,0.08031,478410.77
2026-09-08 11:00:00+00:00,0.08031,0.0804,0.07981,0.08001,508805.74
2026-09-08 12:00:00+00:00,0.08001,0.08072,0.07973,0.08025,504383.58
2026-09-08 13:00:00+00:00,0.08025,0.08039,0.07908,0.07977,815675.89
2026-09-08 14:00:00+00:00,0.07977,0.08027,0.07967,0.08021,496852.08
2026-09-08 15:00:00+00:00,0.08021,0.0809,0.08009,0.08089,1007414.97
2026-09-08 16:00:00+00:00,0.08089,0.08089,0.08016,0.08025,464766.24
2026-09-08 17:00:00+00:00,0.08025,0.08037,0.07952,0.07965,832456.19
2026-09-08 18:00:00+00:00,0.07965,0.08002,0.07934,0.07943,543449.12
2026-09-08 19:00:00+00:00,0.07943,0.0796,0.07915,0.07932,458134.45
2026-09-08 20:00:00+00:00,0.07932,0.07988,0.07929,0.07934,364632.25
2026-09-08 21:00:00+00:00,0.07934,0.07936,0.07873,0.07905,799250.56
2026-09-08 22:00:00+00:00,0.07905,0.07938,0.07903,0.07933,348024.78
2026-09-08 23:00:00+00:00,0.07933,0.07934,0.07904,0.07906,189897.22
2026-09-09 00:00:00+00:00,0.07906,0.07935,0.07881,0.07896,340626.81
2026-09-09 01:00:00+00:00,0.07896,0.07899,0.07862,0.07883,715317.83
2026-09-09 02:00:00+00:00,0.07883,0.07904,0.0786,0.0786,412380.68
2026-09-09 03:00:00+00:00,0.0786,0.07872,0.07845,0.07857,311588.13
2026-09-09 04:00:00+00:00,0.07857,0.07958,0.07856,0.07957,712904.34
2026-09-09 05:00:00+00:00,0.07957,0.07959,0.07894,0.07903,634524.83
2026-09-09 06:00:00+00:00,0.07903,0.07948,0.07898,0.07941,338749.03
2026-09-09 07:00:00+00:00,0.07941,0.0798,0.0794,0.0796,419370.96
2026-09-09 08:00:00+00:00,0.0796,0.07997,0.07954,0.07995,400081.1
2026-09-09 09:00:00+00:00,0.07995,0.07998,0.07887,0.0789,539484.96
2026-09-09 10:00:00+00:00,0.0789,0.07919,0.07818,0.07856,1070853.65
2026-09-09 11:00:00+00:00,0.07856,0.07876,0.07808,0.0787,606822.99
2026-09-09 12:00:00+00:00,0.0787,0.07903,0.07853,0.07891,470591.6
2026-09-09 13:00:00+00:00,0.07891,0.07904,0.07836,0.07844,325619.28
2026-09-09 14:00:00+00:00,0.07844,0.07891,0.07821,0.0783,430026.16
2026-09-09 15:00:00+00:00,0.0783,0.07873,0.07743,0.07775,1822214.83
2026-09-09 16:00:00+00:00,0.07775,0.07861,0.07771,0.07853,696348.01
2026-09-09 17:00:00+00:00,0.07853,0.07854,0.07796,0.07807,336509.59
2026-09-09 18:00:00+00:00,0.07807,0.07832,0.07789,0.07789,352201.01
2026-09-09 19:00:00+00:00,0.07789,0.07827,0.07702,0.07704,1411992.11
2026-09-09 20:00:00+00:00,0.07704,0.07767,0.07689,0.07717,902405.42
2026-09-09 21:00:00+00:00,0.07717,0.07725,0.07664,0.07678,473647.04
2026-09-09 22:00:00+00:00,0.07678,0.07686,0.0758,0.07587,932176.41
2026-09-09 23:00:00+00:00,0.07587,0.07662,0.07585,0.07656,379060.09
2026-09-10 00:00:00+00:00,0.07656,0.07674,0.07629,0.07647,444044.04
2026-09-10 01:00:00+00:00,0.07647,0.077,0.07614,0.07645,515785.74
2026-09-10 02:00:00+00:00,0.07645,0.07709,0.07626,0.07709,268737.69
2026-09-10 03:00:00+00:00,0.07709,0.07716,0.07679,0.07693,282992.67
2026-09-10 04:00:00+00:00,0.07693,0.07706,0.07673,0.077,242589.03
2026-09-10 05:00:00+00:00,0.077,0.07725,0.07678,0.07714,241777.84
2026-09-10 06:00:00+00:00,0.07714,0.07716,0.07675,0.07695,216954.43
2026-09-10 07:00:00+00:00,0.07695,0.07698,0.07617,0.07632,284093.0
2026-09-10 08:00:00+00:00,0.07632,0.07655,0.07614,0.07629,412220.65
2026-09-10 09:00:00+00:00,0.07629,0.07641,0.07598,0.07605,257377.88
2026-09-10 10:00:00+00:00,0.07605,0.07632,0.0759,0.07603,283970.72
2026-09-10 11:00:00+00:00,0.07603,0.07642,0.07585,0.07619,355133.89
2026-09-10 12:00:00+00:00,0.07619,0.0763,0.07487,0.07507,1271726.79
2026-09-10 13:00:00+00:00,0.07507,0.07571,0.07495,0.07568,571095.06
2026-09-10 14:00:00+00:00,0.07568,0.07592,0.07537,0.07563,485940.78
2026-09-10 15:00:00+00:00,0.07563,0.07583,0.07538,0.07552,530738.33
2026-09-10 16:00:00+00:00,0.07552,0.07562,0.07461,0.07504,533844.63
2026-09-10 17:00:00+00:00,0.07504,0.07561,0.07503,0.07534,502124.91
2026-09-10 18:00:00+00:00,0.07534,0.07535,0.07503,0.07526,457318.0
2026-09-10 19:00:00+00:00,0.07526,0.07552,0.07513,0.07526,352208.18
2026-09-10 20:00:00+00:00,0.07526,0.07574,0.07526,0.07572,320901.66
2026-09-10 21:00:00+00:00,0.07572,0.07591,0.07556,0.07561,229609.83
2026-09-10 22:00:00+00:00,0.07561,0.07573,0.07527,0.07529,236152.04
2026-09-10 23:00:00+00:00,0.07529,0.07532,0.07467,0.07478,430695.33
2026-09-11 00:00:00+00:00,0.07478,0.07527,0.07477,0.07516,270636.49
2026-09-11 01:00:00+00:00,0.07516,0.07538,0.07497,0.07536,285642.83
2026-09-11 02:00:00+00:00,0.07536,0.07538,0.07496,0.07506,187759.75
2026-09-11 03:00:00+00:00,0.07506,0.07521,0.07481,0.07519,321896.64
2026-09-11 04:00:00+00:00,0.07519,0.07567,0.07515,0.07554,269292.74
2026-09-11 05:00:00+00:00,0.07554,0.07568,0.07547,0.07553,282322.64
2026-09-11 06:00:00+00:00,0.07553,0.07553,0.07487,0.07506,552131.54
2026-09-11 07:00:00+00:00,0.07506,0.07523,0.0743,0.07451,685050.12
2026-09-11 08:00:00+00:00,0.07451,0.07479,0.07446,0.07453,277367.11
2026-09-11 09:00:00+00:00,0.07453,0.07454,0.07394,0.07418,434712.11
2026-09-11 10:00:00+00:00,0.07418,0.07428,0.07365,0.07371,431128.88
2026-09-11 11:00:00+00:00,0.07371,0.07388,0.07334,0.07386,623215.75
2026-09-11 12:00:00+00:00,0.07386,0.07574,0.07361,0.07553,1825457.66
2026-09-11 13:00:00+00:00,0.07553,0.07694,0.07496,0.07686,960216.48
2026-09-11 14:00:00+00:00,0.07686,0.07707,0.07592,0.07628,1253214.9
2026-09-11 15:00:00+00:00,0.07628,0.07657,0.07501,0.07532,757737.04
2026-09-11 16:00:00+00:00,0.07532,0.07588,0.07522,0.07555,590080.44
2026-09-11 17:00:00+00:00,0.07555,0.07562,0.07469,0.0748,420805.61
2026-09-11 18:00:00+00:00,0.0748,0.07481,0.0739,0.07396,842411.34
2026-09-11 19:00:00+00:00,0.07396,0.07452,0.0739,0.07448,410308.36
2026-09-11 20:00:00+00:00,0.07448,0.07482,0.0743,0.07443,370289.66
2026-09-11 21:00:00+00:00,0.07443,0.07471,0.0741,0.0741,256307.15
2026-09-11 22:00:00+00:00,0.0741,0.07431,0.07395,0.07412,408611.98
2026-09-11 23:00:00+00:00,0.07412,0.07442,0.07402,0.07442,210125.85
2026-09-12 00:00:00+00:00,0.07442,0.0745,0.07433,0.07445,207125.49
2026-09-12 01:00:00+00:00,0.07445,0.07464,0.07438,0.07456,150835.64
2026-09-12 02:00:00+00:00,0.07456,0.0747,0.07449,0.07462,179492.81
2026-09-12 03:00:00+00:00,0.07462,0.07475,0.07438,0.07456,193265.78
2026-09-12 04:00:00+00:00,0.07456,0.07467,0.07442,0.07442,153776.42
2026-09-12 05:00:00+00:00,0.07442,0.07449,0.07425,0.07428,308272.41
2026-09-12 06:00:00+00:00,0.07428,0.07437,0.07415,0.0743,255887.02
2026-09-12 07:00:00+00:00,0.0743,0.0747,0.0743,0.07463,159434.71
2026-09-12 08:00:00+00:00,0.07463,0.07472,0.07442,0.07445,162290.36
2026-09-12 09:00:00+00:00,0.07445,0.07451,0.07438,0.07441,144086.45
2026-09-12 10:00:00+00:00,0.07441,0.07461,0.0744,0.0746,140573.21
2026-09-12 11:00:00+00:00,0.0746,0.07484,0.0745,0.07481,202067.25
2026-09-12 12:00:00+00:00,0.07481,0.07486,0.07461,0.07464,223037.58
2026-09-12 13:00:00+00:00,0.07464,0.07465,0.07446,0.0745,144474.5
2026-09-12 14:00:00+00:00,0.0745,0.07467,0.0745,0.07466,132741.54
2026-09-12 15:00:00+00:00,0.07466,0.07499,0.07466,0.07496,283282.47
2026-09-12 16:00:00+00:00,0.07496,0.07507,0.0747,0.07473,119682.19
2026-09-12 17:00:00+00:00,0.07473,0.07485,0.07465,0.07474,161541.51
2026-09-12 18:00:00+00:00,0.07474,0.07474,0.07451,0.07455,185753.73
2026-09-12 19:00:00+00:00,0.07455,0.07472,0.07407,0.07441,581000.38
2026-09-12 20:00:00+00:00,0.07441,0.07472,0.0744,0.0746,163281.78
2026-09-12 21:00:00+00:00,0.0746,0.0747,0.07447,0.07451,123957.95
2026-09-12 22:00:00+00:00,0.07451,0.07472,0.07443,0.07458,150298.26
2026-09-12 23:00:00+00:00,0.07458,0.07473,0.07453,0.0747,88624.66
2026-09-13 00:00:00+00:00,0.0747,0.07483,0.07464,0.07481,118486.48
2026-09-13 01:00:00+00:00,0.07481,0.07518,0.07473,0.07516,225101.75
2026-09-13 02:00:00+00:00,0.07516,0.0752,0.07492,0.075,215830.68
2026-09-13 03:00:00+00:00,0.075,0.0751,0.07488,0.07495,145179.0
2026-09-13 04:00:00+00:00,0.07495,0.07522,0.07491,0.07521,166033.34
2026-09-13 05:00:00+00:00,0.07521,0.07565,0.07521,0.07562,229175.2
2026-09-13 06:00:00+00:00,0.07562,0.07565,0.07533,0.07541,199988.29
2026-09-13 07:00:00+00:00,0.07541,0.07581,0.07539,0.07542,412227.89
2026-09-13 08:00:00+00:00,0.07542,0.07557,0.07463,0.07491,482604.73
2026-09-13 09:00:00+00:00,0.07491,0.07538,0.07466,0.07536,397452.8
2026-09-13 10:00:00+00:00,0.07536,0.07551,0.07493,0.07497,278516.05
2026-09-13 11:00:00+00:00,0.07497,0.0754,0.07497,0.07537,283719.11
2026-09-13 12:00:00+00:00,0.07537,0.07567,0.07508,0.07521,400788.91
2026-09-13 13:00:00+00:00,0.07521,0.07593,0.0751,0.07591,585094.24
2026-09-13 14:00:00+00:00,0.07591,0.07657,0.0759,0.07626,667958.59
2026-09-13 15:00:00+00:00,0.07626,0.07629,0.07553,0.07555,297652.19
2026-09-13 16:00:00+00:00,0.07555,0.07595,0.07554,0.07588,170208.65
2026-09-13 17:00:00+00:00,0.07588,0.07657,0.07586,0.07634,239003.14
2026-09-13 18:00:00+00:00,0.07634,0.0767,0.07633,0.07665,227474.03
2026-09-13 19:00:00+00:00,0.07665,0.07668,0.07599,0.07607,211009.12
2026-09-13 20:00:00+00:00,0.07607,0.07687,0.07607,0.07687,353148.02
2026-09-13 21:00:00+00:00,0.07687,0.07752,0.07647,0.07651,539928.17
2026-09-13 22:00:00+00:00,0.07651,0.07651,0.0748,0.07488,771977.17
2026-09-13 23:00:00+00:00,0.07488,0.07526,0.07477,0.07511,358485.84
2026-09-14 00:00:00+00:00,0.07511,0.07563,0.075,0.0755,445218.54
2026-09-14 01:00:00+00:00,0.0755,0.07596,0.07515,0.07593,312884.92
2026-09-14 02:00:00+00:00,0.07593,0.07634,0.07574,0.07602,417205.33
2026-09-14 03:00:00+00:00,0.07602,0.07628,0.07598,0.07619,122823.54
2026-09-14 04:00:00+00:00,0.07619,0.07641,0.0761,0.0764,283665.26
2026-09-14 05:00:00+00:00,0.0764,0.07661,0.0763,0.0764,134764.44
2026-09-14 06:00:00+00:00,0.0764,0.07682,0.07622,0.0767,351496.49
2026-09-14 07:00:00+00:00,0.0767,0.07683,0.07648,0.07663,333989.07
2026-09-14 08:00:00+00:00,0.07663,0.07679,0.07632,0.07672,281172.95
2026-09-14 09:00:00+00:00,0.07672,0.0769,0.07605,0.07669,414267.88
2026-09-14 10:00:00+00:00,0.07669,0.0769,0.07639,0.07653,215840.09
2026-09-14 11:00:00+00:00,0.07653,0.07705,0.07624,0.07669,462756.12
2026-09-14 12:00:00+00:00,0.07669,0.07749,0.07668,0.0768,663253.58
2026-09-14 13:00:00+00:00,0.0768,0.0771,0.07627,0.07676,598745.16
2026-09-14 14:00:00+00:00,0.07676,0.07701,0.07637,0.07649,437676.86
2026-09-14 15:00:00+00:00,0.07649,0.07684,0.07631,0.07665,370275.64
2026-09-14 16:00:00+00:00,0.07665,0.07801,0.07665,0.07777,615633.94
2026-09-14 17:00:00+00:00,0.07777,0.07801,0.07726,0.07796,665984.52
2026-09-14 18:00:00+00:00,0.07796,0.07859,0.0778,0.07839,1196593.03
2026-09-14 19:00:00+00:00,0.07839,0.07841,0.07776,0.07788,623770.08
2026-09-14 20:00:00+00:00,0.07788,0.07932,0.07788,0.07898,801631.49
2026-09-14 21:00:00+00:00,0.07898,0.079,0.07798,0.07799,438711.62
2026-09-14 22:00:00+00:00,0.07799,0.07823,0.07741,0.07778,525798.53
2026-09-14 23:00:00+00:00,0.07778,0.07783,0.07752,0.07775,242796.55
2026-09-15 00:00:00+00:00,0.07775,0.07847,0.0777,0.07839,545031.45
2026-09-15 01:00:00+00:00,0.07839,0.0784,0.07767,0.07797,1110562.58
2026-09-15 02:00:00+00:00,0.07797,0.07868,0.07775,0.07844,410148.84
2026-09-15 03:00:00+00:00,0.07844,0.07846,0.07732,0.07735,614717.2
2026-09-15 04:00:00+00:00,0.07735,0.07754,0.07681,0.07704,992353.43
2026-09-15 05:00:00+00:00,0.07704,0.07709,0.07655,0.07704,709687.06
2026-09-15 06:00:00+00:00,0.07704,0.07707,0.07664,0.07671,405875.71
2026-09-15 07:00:00+00:00,0.07671,0.07752,0.0766,0.07661,410717.28
2026-09-15 08:00:00+00:00,0.07661,0.07724,0.07631,0.07724,457327.97
2026-09-15 09:00:00+00:00,0.07724,0.07794,0.07712,0.07756,477781.57
2026-09-15 10:00:00+00:00,0.07756,0.07784,0.07721,0.0777,299162.02
2026-09-15 11:00:00+00:00,0.0777,0.0777,0.07692,0.07711,354312.71
2026-09-15 12:00:00+00:00,0.07711,0.07955,0.07694,0.07908,1492730.39
2026-09-15 13:00:00+00:00,0.07908,0.0799,0.07787,0.07862,1980977.31
2026-09-15 14:00:00+00:00,0.07862,0.07897,0.07677,0.07717,1455341.24
2026-09-15 15:00:00+00:00,0.07717,0.07811,0.0769,0.07803,907423.63
2026-09-15 16:00:00+00:00,0.07803,0.07843,0.07754,0.07765,732946.99
2026-09-15 17:00:00+00:00,0.07765,0.07868,0.07747,0.07806,639805.66
2026-09-15 18:00:00+00:00,0.07806,0.07823,0.07417,0.07601,3764969.1
2026-09-15 19:00:00+00:00,0.07601,0.07636,0.07515,0.07562,1661326.57
2026-09-15 20:00:00+00:00,0.07562,0.07581,0.07475,0.07557,1389684.69
2026-09-15 21:00:00+00:00,0.07557,0.07557,0.07459,0.07464,599620.86
2026-09-15 22:00:00+00:00,0.07464,0.07481,0.07409,0.07443,628422.05
2026-09-15 23:00:00+00:00,0.07443,0.07485,0.07417,0.0743,525826.98
2026-09-16 00:00:00+00:00,0.0743,0.07461,0.0741,0.07425,362310.64
2026-09-16 01:00:00+00:00,0.07425,0.07442,0.0738,0.07384,482813.19
2026-09-16 02:00:00+00:00,0.07384,0.07483,0.07373,0.07438,484866.94
2026-09-16 03:00:00+00:00,0.07438,0.07471,0.07424,0.07432,296559.94
2026-09-16 04:00:00+00:00,0.07432,0.07483,0.07429,0.07459,525342.45
2026-09-16 05:00:00+00:00,0.07459,0.07473,0.07433,0.07449,429669.22
2026-09-16 06:00:00+00:00,0.07449,0.07469,0.07436,0.07468,325362.94
2026-09-16 07:00:00+00:00,0.07468,0.07482,0.07444,0.07447,420839.69
2026-09-16 08:00:00+00:00,0.07447,0.07447,0.0739,0.0741,568564.64
2026-09-16 09:00:00+00:00,0.0741,0.07455,0.0741,0.07441,339707.33
2026-09-16 10:00:00+00:00,0.07441,0.0745,0.07422,0.07436,335940.94
2026-09-16 11:00:00+00:00,0.07436,0.07461,0.07429,0.07446,241479.63
2026-09-16 12:00:00+00:00,0.07446,0.07447,0.07391,0.07415,425378.15
2026-09-16 13:00:00+00:00,0.07415,0.07415,0.07306,0.07309,1008643.53
2026-09-16 14:00:00+00:00,0.07309,0.0731,0.07217,0.07262,1079323.19
2026-09-16 15:00:00+00:00,0.07262,0.07289,0.07198,0.07206,682810.23
2026-09-16 16:00:00+00:00,0.07206,0.07296,0.07202,0.07278,772069.27
2026-09-16 17:00:00+00:00,0.07278,0.07304,0.07201,0.07243,566936.7
2026-09-16 18:00:00+00:00,0.07243,0.07367,0.07212,0.07275,2288973.19
2026-09-16 19:00:00+00:00,0.07275,0.07359,0.07253,0.07358,652012.72
2026-09-16 20:00:00+00:00,0.07358,0.07409,0.07332,0.07373,889418.32
2026-09-16 21:00:00+00:00,0.07373,0.07373,0.07299,0.07316,276895.88
2026-09-16 22:00:00+00:00,0.07316,0.07317,0.07268,0.07271,337074.76
2026-09-16 23:00:00+00:00,0.07271,0.074,0.07263,0.07391,654370.39
2026-09-17 00:00:00+00:00,0.07391,0.074,0.07346,0.07361,509389.16
2026-09-17 01:00:00+00:00,0.07361,0.07431,0.07339,0.07395,1245268.07
2026-09-17 02:00:00+00:00,0.07395,0.07431,0.07356,0.07398,622828.44
2026-09-17 03:00:00+00:00,0.07398,0.07443,0.07396,0.07439,486122.24
2026-09-17 04:00:00+00:00,0.07439,0.07442,0.07369,0.07416,526323.26
2026-09-17 05:00:00+00:00,0.07416,0.07434,0.07352,0.07358,832042.51
2026-09-17 06:00:00+00:00,0.07358,0.07399,0.07356,0.07395,302119.61
2026-09-17 07:00:00+00:00,0.07395,0.07425,0.07379,0.07385,540885.37
2026-09-17 08:00:00+00:00,0.07385,0.07424,0.07376,0.07419,511115.55
2026-09-17 09:00:00+00:00,0.07419,0.07475,0.07402,0.07437,1347812.72
2026-09-17 10:00:00+00:00,0.07437,0.07463,0.07423,0.07445,425866.35
2026-09-17 11:00:00+00:00,0.07445,0.07458,0.07407,0.07443,481922.84
2026-09-17 12:00:00+00:00,0.07443,0.07534,0.0744,0.07493,782920.01
2026-09-17 13:00:00+00:00,0.07493,0.07508,0.07403,0.07467,561878.11
2026-09-17 14:00:00+00:00,0.07467,0.07643,0.07448,0.07594,1414079.15
2026-09-17 15:00:00+00:00,0.07594,0.07649,0.0752,0.07638,402675.62
2026-09-17 16:00:00+00:00,0.07638,0.07663,0.07574,0.07604,560329.53
2026-09-17 17:00:00+00:00,0.07604,0.07654,0.07561,0.07562,370381.21
2026-09-17 18:00:00+00:00,0.07562,0.07573,0.07521,0.07522,434718.44
2026-09-17 19:00:00+00:00,0.07522,0.07536,0.07493,0.07513,552553.13
2026-09-17 20:00:00+00:00,0.07513,0.07577,0.07513,0.07547,306487.96
2026-09-17 21:00:00+00:00,0.07547,0.0756,0.07481,0.07482,318278.31
2026-09-17 22:00:00+00:00,0.07482,0.07483,0.07399,0.0745,987397.26
2026-09-17 23:00:00+00:00,0.0745,0.07474,0.07438,0.07462,290584.48
2026-09-18 00:00:00+00:00,0.07462,0.07518,0.07435,0.07514,344126.02
2026-09-18 01:00:00+00:00,0.07514,0.07526,0.07471,0.07523,480075.15
2026-09-18 02:00:00+00:00,0.07523,0.07643,0.07517,0.07633,1080861.32
2026-09-18 03:00:00+00:00,0.07633,0.07765,0.0763,0.07739,1008352.55
2026-09-18 04:00:00+00:00,0.07739,0.07765,0.07679,0.07711,760279.95
2026-09-18 05:00:00+00:00,0.07711,0.07731,0.07615,0.07633,682357.47
2026-09-18 06:00:00+00:00,0.07633,0.07646,0.07595,0.07604,504226.83
2026-09-18 07:00:00+00:00,0.07604,0.07675,0.07599,0.07656,742217.19
2026-09-18 08:00:00+00:00,0.07656,0.07722,0.07633,0.07719,691692.04
2026-09-18 09:00:00+00:00,0.07719,0.07791,0.0771,0.0775,1616178.41
2026-09-18 10:00:00+00:00,0.0775,0.07817,0.07745,0.07758,802909.44
2026-09-18 11:00:00+00:00,0.07758,0.07762,0.07658,0.07715,1069076.83
2026-09-18 12:00:00+00:00,0.07715,0.0772,0.07669,0.07703,801466.34
2026-09-18 13:00:00+00:00,0.07703,0.07848,0.07697,0.07766,1638182.2
2026-09-18 14:00:00+00:00,0.07766,0.07897,0.07766,0.07891,1739129.09
2026-09-18 15:00:00+00:00,0.07891,0.07939,0.07839,0.07878,1675374.25
2026-09-18 16:00:00+00:00,0.07878,0.0791,0.07824,0.07839,650832.87
2026-09-18 17:00:00+00:00,0.07839,0.07877,0.07801,0.07875,860097.01
2026-09-18 18:00:00+00:00,0.07875,0.07887,0.0785,0.07857,693202.04
2026-09-18 19:00:00+00:00,0.07857,0.07945,0.07857,0.07945,811693.73
2026-09-18 20:00:00+00:00,0.07945,0.07974,0.07909,0.07946,690545.46
2026-09-18 21:00:00+00:00,0.07946,0.07997,0.07916,0.07927,736791.98
2026-09-18 22:00:00+00:00,0.07927,0.07956,0.07902,0.07931,734845.89
2026-09-18 23:00:00+00:00,0.07931,0.0795,0.07907,0.07921,541758.28
2026-09-19 00:00:00+00:00,0.07921,0.07976,0.07915,0.07922,850789.17
2026-09-19 01:00:00+00:00,0.07922,0.07946,0.07835,0.07934,1175212.52
2026-09-19 02:00:00+00:00,0.07934,0.07978,0.07931,0.07953,587959.51
2026-09-19 03:00:00+00:00,0.07953,0.07979,0.07927,0.07952,531494.09
2026-09-19 04:00:00+00:00,0.07952,0.07986,0.07871,0.079,734542.28
2026-09-19 05:00:00+00:00,0.079,0.07957,0.07899,0.07926,649949.01
2026-09-19 06:00:00+00:00,0.07926,0.07972,0.07847,0.07892,846231.02
2026-09-19 07:00:00+00:00,0.07892,0.07915,0.07834,0.07835,682088.45
2026-09-19 08:00:00+00:00,0.07835,0.07934,0.07817,0.07913,652879.4
2026-09-19 09:00:00+00:00,0.07913,0.07969,0.07913,0.07943,758272.82
2026-09-19 10:00:00+00:00,0.07943,0.08072,0.07934,0.08023,1811647.6
2026-09-19 11:00:00+00:00,0.08023,0.08093,0.08023,0.08075,1576996.6
2026-09-19 12:00:00+00:00,0.08075,0.08088,0.08043,0.08073,700960.34
2026-09-19 13:00:00+00:00,0.08073,0.08163,0.08055,0.08099,2483918.68
2026-09-19 14:00:00+00:00,0.08099,0.08151,0.08077,0.08084,1227683.64
2026-09-19 15:00:00+00:00,0.08084,0.08141,0.08059,0.08106,1051319.21
2026-09-19 16:00:00+00:00,0.08106,0.08209,0.08076,0.08188,1932505.21
2026-09-19 17:00:00+00:00,0.08188,0.08219,0.08158,0.08159,1144941.28
2026-09-19 18:00:00+00:00,0.08159,0.08238,0.08144,0.08176,1265379.37
2026-09-19 19:00:00+00:00,0.08176,0.08237,0.08176,0.0821,873881.13
2026-09-19 20:00:00+00:00,0.0821,0.08237,0.08109,0.0813,1477559.93
2026-09-19 21:00:00+00:00,0.0813,0.08164,0.08009,0.08077,1644053.02
2026-09-19 22:00:00+00:00,0.08077,0.08144,0.08032,0.08137,870656.05
2026-09-19 23:00:00+00:00,0.08137,0.08168,0.08124,0.08144,637719.38
2026-09-20 00:00:00+00:00,0.08144,0.08247,0.08119,0.08225,1341419.25
2026-09-20 01:00:00+00:00,0.08225,0.08385,0.08174,0.08187,4517028.92
2026-09-20 02:00:00+00:00,0.08187,0.08223,0.07952,0.07972,2705961.37
2026-09-20 03:00:00+00:00,0.07972,0.08066,0.07955,0.08058,1231399.42
2026-09-20 04:00:00+00:00,0.08058,0.08069,0.08004,0.08063,882218.15
2026-09-20 05:00:00+00:00,0.08063,0.08111,0.08048,0.08106,1192799.31
2026-09-20 06:00:00+00:00,0.08106,0.08114,0.08045,0.08088,422574.87
2026-09-20 07:00:00+00:00,0.08088,0.08232,0.08088,0.08148,2653622.42
2026-09-20 08:00:00+00:00,0.08148,0.08208,0.08089,0.08101,976212.93
2026-09-20 09:00:00+00:00,0.08101,0.08184,0.08099,0.08115,627068.89
2026-09-20 10:00:00+00:00,0.08115,0.0812,0.08005,0.08027,907678.75
2026-09-20 11:00:00+00:00,0.08027,0.08184,0.0801,0.0817,735624.16
2026-09-20 12:00:00+00:00,0.0817,0.08272,0.08121,0.08183,2169358.17
2026-09-20 13:00:00+00:00,0.08183,0.08665,0.08183,0.08619,5321780.26
2026-09-20 14:00:00+00:00,0.08619,0.08849,0.08571,0.08754,11170604.77
2026-09-20 15:00:00+00:00,0.08754,0.08995,0.08561,0.08655,8187408.4
2026-09-20 16:00:00+00:00,0.08655,0.08851,0.08519,0.08781,5022066.77
2026-09-20 17:00:00+00:00,0.08781,0.08794,0.0856,0.08668,2642453.65
2026-09-20 18:00:00+00:00,0.08668,0.08693,0.08566,0.08594,1781260.32
2026-09-20 19:00:00+00:00,0.08594,0.08624,0.08486,0.0851,1926908.15
2026-09-20 20:00:00+00:00,0.0851,0.08602,0.08498,0.08587,1161668.23
2026-09-20 21:00:00+00:00,0.08587,0.0866,0.08468,0.08651,1811938.74
2026-09-20 22:00:00+00:00,0.08651,0.08714,0.08601,0.08629,1299607.34
2026-09-20 23:00:00+00:00,0.08629,0.08714,0.08598,0.08652,1449256.83
2026-09-21 00:00:00+00:00,0.08652,0.08845,0.08554,0.08572,4813344.25
2026-09-21 01:00:00+00:00,0.08572,0.08685,0.08497,0.08517,1984444.99
2026-09-21 02:00:00+00:00,0.08517,0.08627,0.08492,0.08593,798736.98
2026-09-21 03:00:00+00:00,0.08593,0.08727,0.08593,0.08711,791596.93
2026-09-21 04:00:00+00:00,0.08711,0.08793,0.08676,0.08692,1340857.08
2026-09-21 05:00:00+00:00,0.08692,0.08731,0.08629,0.08678,1261747.19
2026-09-21 06:00:00+00:00,0.08678,0.08791,0.08657,0.08685,1402817.97
2026-09-21 07:00:00+00:00,0.08685,0.08704,0.08639,0.08704,1196593.88
2026-09-21 08:00:00+00:00,0.08704,0.08885,0.0866,0.08866,2581470.01
2026-09-21 09:00:00+00:00,0.08866,0.08949,0.088,0.08853,3352340.74
2026-09-21 10:00:00+00:00,0.08853,0.08964,0.08832,0.0896,1631387.77
2026-09-21 11:00:00+00:00,0.0896,0.09103,0.08942,0.09012,3425900.23
2026-09-21 12:00:00+00:00,0.09012,0.09294,0.08972,0.09138,4705037.66
2026-09-21 13:00:00+00:00,0.09138,0.09211,0.09008,0.09111,3399589.95
2026-09-21 14:00:00+00:00,0.09111,0.09165,0.08977,0.09142,2669750.87
2026-09-21 15:00:00+00:00,0.09142,0.09272,0.09041,0.09256,2196526.07
2026-09-21 16:00:00+00:00,0.09256,0.09339,0.09175,0.09175,2878128.59
2026-09-21 17:00:00+00:00,0.09175,0.09252,0.09053,0.09078,2447972.68
2026-09-21 18:00:00+00:00,0.09078,0.09151,0.09052,0.09099,1256582.31
2026-09-21 19:00:00+00:00,0.09099,0.0914,0.09029,0.0914,1348393.31
2026-09-21 20:00:00+00:00,0.0914,0.09165,0.09133,0.09142,156725.07
