timestamp,open,high,low,close,volume
2025-05-12 02:00:00+00:00,2.373,2.4,2.373,2.393,37514434.6
2025-05-12 03:00:00+00:00,2.393,2.403,2.379,2.396,29441454.77
2025-05-12 04:00:00+00:00,2.396,2.415,2.39,2.402,39668397.43
2025-05-12 05:00:00+00:00,2.402,2.406,2.375,2.387,27820498.71
2025-05-12 06:00:00+00:00,2.387,2.403,2.381,2.398,33763120.66
2025-05-12 07:00:00+00:00,2.398,2.455,2.394,2.414,153720728.57
2025-05-12 08:00:00+00:00,2.414,2.429,2.392,2.424,51536094.86
2025-05-12 09:00:00+00:00,2.424,2.433,2.417,2.421,31361523.76
2025-05-12 10:00:00+00:00,2.421,2.436,2.412,2.435,32533520.68
2025-05-12 11:00:00+00:00,2.435,2.484,2.431,2.449,133520156.25
2025-05-12 12:00:00+00:00,2.449,2.594,2.448,2.561,283119533.32
2025-05-12 13:00:00+00:00,2.561,2.655,2.557,2.604,276962331.78
2025-05-12 14:00:00+00:00,2.604,2.619,2.527,2.544,212207741.23
2025-05-12 15:00:00+00:00,2.544,2.602,2.524,2.593,172896338.0
2025-05-12 16:00:00+00:00,2.593,2.614,2.555,2.59,99521325.21
2025-05-12 17:00:00+00:00,2.59,2.614,2.558,2.563,84600072.55
2025-05-12 18:00:00+00:00,2.563,2.581,2.435,2.468,210755665.11
2025-05-12 19:00:00+00:00,2.468,2.534,2.46,2.533,81136507.69
2025-05-12 20:00:00+00:00,2.533,2.548,2.502,2.53,59196108.74
2025-05-12 21:00:00+00:00,2.53,2.544,2.521,2.537,29340687.61
2025-05-12 22:00:00+00:00,2.537,2.556,2.526,2.53,30873721.59
2025-05-12 23:00:00+00:00,2.53,2.549,2.524,2.544,21588674.35
2025-05-13 00:00:00+00:00,2.544,2.546,2.491,2.493,49806582.74
2025-05-13 01:00:00+00:00,2.493,2.506,2.452,2.47,55214646.88
2025-05-13 02:00:00+00:00,2.47,2.479,2.429,2.451,75927823.9
2025-05-13 03:00:00+00:00,2.451,2.463,2.43,2.43,48626509.16
2025-05-13 04:00:00+00:00,2.43,2.487,2.422,2.485,55757784.72
2025-05-13 05:00:00+00:00,2.485,2.491,2.468,2.485,28842650.61
2025-05-13 06:00:00+00:00,2.485,2.51,2.485,2.499,37325745.21
2025-05-13 07:00:00+00:00,2.499,2.515,2.492,2.499,31375830.96
2025-05-13 08:00:00+00:00,2.499,2.509,2.487,2.5,30712997.48
2025-05-13 09:00:00+00:00,2.5,2.565,2.498,2.546,73786419.88
2025-05-13 10:00:00+00:00,2.546,2.568,2.53,2.553,47373757.32
2025-05-13 11:00:00+00:00,2.553,2.558,2.526,2.534,43145838.5
2025-05-13 12:00:00+00:00,2.534,2.56,2.517,2.544,75724258.82
2025-05-13 13:00:00+00:00,2.544,2.559,2.528,2.54,44487087.33
2025-05-13 14:00:00+00:00,2.54,2.541,2.505,2.522,45727987.22
2025-05-13 15:00:00+00:00,2.522,2.552,2.519,2.543,46086921.4
2025-05-13 16:00:00+00:00,2.543,2.575,2.541,2.551,51741459.51
2025-05-13 17:00:00+00:00,2.551,2.569,2.535,2.555,37644024.89
2025-05-13 18:00:00+00:00,2.555,2.573,2.554,2.572,26985174.81
2025-05-13 19:00:00+00:00,2.572,2.605,2.56,2.581,71179876.08
2025-05-13 20:00:00+00:00,2.581,2.594,2.559,2.582,36484659.09
2025-05-13 21:00:00+00:00,2.582,2.584,2.565,2.576,21821770.95
2025-05-13 22:00:00+00:00,2.576,2.585,2.562,2.58,25972444.97
2025-05-13 23:00:00+00:00,2.58,2.602,2.565,2.583,39205389.82
2025-05-14 00:00:00+00:00,2.583,2.588,2.559,2.568,32547451.3
2025-05-14 01:00:00+00:00,2.568,2.597,2.561,2.564,41345566.05
2025-05-14 02:00:00+00:00,2.564,2.57,2.541,2.555,34369476.74
2025-05-14 03:00:00+00:00,2.555,2.558,2.542,2.557,27193249.75
2025-05-14 04:00:00+00:00,2.557,2.58,2.548,2.577,32031857.67
2025-05-14 05:00:00+00:00,2.577,2.589,2.57,2.586,25063592.74
2025-05-14 06:00:00+00:00,2.586,2.599,2.58,2.591,34097505.72
2025-05-14 07:00:00+00:00,2.591,2.635,2.562,2.619,69818506.0
2025-05-14 08:00:00+00:00,2.619,2.639,2.569,2.57,133862923.64
2025-05-14 09:00:00+00:00,2.57,2.651,2.563,2.628,117580350.42
2025-05-14 10:00:00+00:00,2.628,2.639,2.598,2.603,49382005.83
2025-05-14 11:00:00+00:00,2.603,2.623,2.602,2.614,26019058.04
2025-05-14 12:00:00+00:00,2.614,2.626,2.586,2.592,36896342.2
2025-05-14 13:00:00+00:00,2.592,2.6,2.555,2.578,72483565.82
2025-05-14 14:00:00+00:00,2.578,2.581,2.548,2.568,64229245.86
2025-05-14 15:00:00+00:00,2.568,2.575,2.55,2.562,30643649.17
2025-05-14 16:00:00+00:00,2.562,2.571,2.534,2.549,40856875.35
2025-05-14 17:00:00+00:00,2.549,2.552,2.52,2.552,37479762.66
2025-05-14 18:00:00+00:00,2.552,2.563,2.543,2.563,22043876.25
2025-05-14 19:00:00+00:00,2.563,2.568,2.556,2.567,15776626.06
2025-05-14 20:00:00+00:00,2.567,2.571,2.558,2.561,18571898.61
2025-05-14 21:00:00+00:00,2.561,2.564,2.547,2.563,16510280.02
2025-05-14 22:00:00+00:00,2.563,2.565,2.547,2.549,12249379.42
2025-05-14 23:00:00+00:00,2.549,2.555,2.537,2.55,16281801.72
2025-05-15 00:00:00+00:00,2.55,2.572,2.549,2.568,22068210.08
2025-05-15 01:00:00+00:00,2.568,2.568,2.512,2.524,41828198.3
2025-05-15 02:00:00+00:00,2.524,2.542,2.52,2.538,19080083.37
2025-05-15 03:00:00+00:00,2.538,2.548,2.52,2.523,26825329.36
2025-05-15 04:00:00+00:00,2.523,2.534,2.52,2.529,19724162.9
2025-05-15 05:00:00+00:00,2.529,2.532,2.494,2.498,36798927.45
2025-05-15 06:00:00+00:00,2.498,2.512,2.487,2.496,28807355.07
2025-05-15 07:00:00+00:00,2.496,2.502,2.449,2.461,54754704.86
2025-05-15 08:00:00+00:00,2.461,2.501,2.46,2.498,37574938.64
2025-05-15 09:00:00+00:00,2.498,2.498,2.458,2.474,46525706.82
2025-05-15 10:00:00+00:00,2.474,2.477,2.448,2.462,34051721.08
2025-05-15 11:00:00+00:00,2.462,2.48,2.46,2.478,26079397.42
2025-05-15 12:00:00+00:00,2.478,2.489,2.451,2.463,67491389.58
2025-05-15 13:00:00+00:00,2.463,2.477,2.428,2.448,48684513.82
2025-05-15 14:00:00+00:00,2.448,2.455,2.405,2.426,58920312.25
2025-05-15 15:00:00+00:00,2.426,2.469,2.424,2.466,41095253.38
2025-05-15 16:00:00+00:00,2.466,2.49,2.452,2.49,35045562.48
2025-05-15 17:00:00+00:00,2.49,2.506,2.473,2.483,50613635.41
2025-05-15 18:00:00+00:00,2.483,2.492,2.43,2.432,41179694.03
2025-05-15 19:00:00+00:00,2.432,2.455,2.421,2.449,32700415.46
2025-05-15 20:00:00+00:00,2.449,2.458,2.423,2.436,44388403.29
2025-05-15 21:00:00+00:00,2.436,2.437,2.395,2.426,36414674.74
2025-05-15 22:00:00+00:00,2.426,2.441,2.381,2.383,38589850.14
2025-05-15 23:00:00+00:00,2.383,2.386,2.353,2.385,69679763.75
2025-05-16 00:00:00+00:00,2.385,2.402,2.374,2.379,45693174.38
2025-05-16 01:00:00+00:00,2.379,2.383,2.347,2.375,51651538.74
2025-05-16 02:00:00+00:00,2.375,2.4,2.375,2.398,46530544.21
2025-05-16 03:00:00+00:00,2.398,2.418,2.392,2.413,30147526.68
2025-05-16 04:00:00+00:00,2.413,2.421,2.401,2.412,24053393.6
2025-05-16 05:00:00+00:00,2.412,2.428,2.411,2.421,25096230.34
2025-05-16 06:00:00+00:00,2.421,2.429,2.414,2.419,19307042.14
2025-05-16 07:00:00+00:00,2.419,2.424,2.403,2.407,23056576.64
2025-05-16 08:00:00+00:00,2.407,2.416,2.372,2.393,38387458.8
2025-05-16 09:00:00+00:00,2.393,2.426,2.391,2.426,24486697.07
2025-05-16 10:00:00+00:00,2.426,2.431,2.416,2.43,19893178.18
2025-05-16 11:00:00+00:00,2.43,2.44,2.42,2.425,24097040.41
2025-05-16 12:00:00+00:00,2.425,2.43,2.415,2.421,13856911.03
2025-05-16 13:00:00+00:00,2.421,2.439,2.418,2.436,17106062.23
2025-05-16 14:00:00+00:00,2.436,2.438,2.405,2.416,39415946.63
2025-05-16 15:00:00+00:00,2.416,2.434,2.41,2.423,28634700.33
2025-05-16 16:00:00+00:00,2.423,2.431,2.395,2.411,30887856.7
2025-05-16 17:00:00+00:00,2.411,2.419,2.394,2.399,12712575.68
2025-05-16 18:00:00+00:00,2.399,2.415,2.396,2.407,12299751.77
2025-05-16 19:00:00+00:00,2.407,2.419,2.405,2.418,10109739.12
2025-05-16 20:00:00+00:00,2.418,2.423,2.385,2.406,21278550.46
2025-05-16 21:00:00+00:00,2.406,2.409,2.388,2.398,10908612.26
2025-05-16 22:00:00+00:00,2.398,2.399,2.363,2.372,28080281.81
2025-05-16 23:00:00+00:00,2.372,2.393,2.371,2.38,14345072.51
2025-05-17 00:00:00+00:00,2.38,2.383,2.341,2.357,56245976.41
2025-05-17 01:00:00+00:00,2.357,2.357,2.313,2.329,53178010.78
2025-05-17 02:00:00+00:00,2.329,2.352,2.318,2.347,21185732.04
2025-05-17 03:00:00+00:00,2.347,2.372,2.338,2.37,15062595.74
2025-05-17 04:00:00+00:00,2.37,2.382,2.364,2.374,14258719.7
2025-05-17 05:00:00+00:00,2.374,2.378,2.363,2.364,10437605.72
2025-05-17 06:00:00+00:00,2.364,2.376,2.363,2.375,12619885.13
2025-05-17 07:00:00+00:00,2.375,2.389,2.37,2.38,13827254.07
2025-05-17 08:00:00+00:00,2.38,2.382,2.366,2.368,12290144.0
2025-05-17 09:00:00+00:00,2.368,2.372,2.353,2.361,15569274.28
2025-05-17 10:00:00+00:00,2.361,2.376,2.352,2.356,15064814.17
2025-05-17 11:00:00+00:00,2.356,2.361,2.341,2.353,15764738.35
2025-05-17 12:00:00+00:00,2.353,2.356,2.336,2.339,15047243.51
2025-05-17 13:00:00+00:00,2.339,2.346,2.316,2.325,23160841.09
2025-05-17 14:00:00+00:00,2.325,2.356,2.324,2.35,22254004.04
2025-05-17 15:00:00+00:00,2.35,2.35,2.333,2.333,11227047.48
2025-05-17 16:00:00+00:00,2.333,2.339,2.299,2.316,53056255.19
2025-05-17 17:00:00+00:00,2.316,2.342,2.314,2.324,23927415.05
2025-05-17 18:00:00+00:00,2.324,2.349,2.323,2.327,27233535.62
2025-05-17 19:00:00+00:00,2.327,2.341,2.324,2.335,9273258.1
2025-05-17 20:00:00+00:00,2.335,2.362,2.33,2.359,17244776.94
2025-05-17 21:00:00+00:00,2.359,2.362,2.343,2.358,11138781.19
2025-05-17 22:00:00+00:00,2.358,2.359,2.327,2.344,19235882.07
2025-05-17 23:00:00+00:00,2.344,2.355,2.34,2.353,7520265.16
2025-05-18 00:00:00+00:00,2.353,2.366,2.349,2.359,14147700.14
2025-05-18 01:00:00+00:00,2.359,2.368,2.354,2.365,8592341.54
2025-05-18 02:00:00+00:00,2.365,2.369,2.358,2.361,8737208.33
2025-05-18 03:00:00+00:00,2.361,2.368,2.351,2.359,14579600.48
2025-05-18 04:00:00+00:00,2.359,2.37,2.359,2.368,8084930.09
2025-05-18 05:00:00+00:00,2.368,2.386,2.368,2.384,12139706.19
2025-05-18 06:00:00+00:00,2.384,2.387,2.373,2.38,14848106.41
2025-05-18 07:00:00+00:00,2.38,2.398,2.38,2.397,16747987.12
2025-05-18 08:00:00+00:00,2.397,2.406,2.394,2.395,25882163.95
2025-05-18 09:00:00+00:00,2.395,2.399,2.384,2.39,13107604.44
2025-05-18 10:00:00+00:00,2.39,2.393,2.387,2.392,7750491.66
2025-05-18 11:00:00+00:00,2.392,2.398,2.387,2.388,10168739.66
2025-05-18 12:00:00+00:00,2.388,2.391,2.38,2.391,12637956.33
2025-05-18 13:00:00+00:00,2.391,2.41,2.386,2.408,19886411.44
2025-05-18 14:00:00+00:00,2.408,2.439,2.403,2.428,49001528.29
2025-05-18 15:00:00+00:00,2.428,2.444,2.417,2.438,27082556.93
2025-05-18 16:00:00+00:00,2.438,2.449,2.428,2.437,36803701.1
2025-05-18 17:00:00+00:00,2.437,2.437,2.395,2.397,38999106.24
2025-05-18 18:00:00+00:00,2.397,2.399,2.365,2.398,49670473.87
2025-05-18 19:00:00+00:00,2.398,2.409,2.366,2.37,28828565.27
2025-05-18 20:00:00+00:00,2.37,2.377,2.334,2.371,58872063.66
2025-05-18 21:00:00+00:00,2.371,2.394,2.369,2.374,16165057.41
2025-05-18 22:00:00+00:00,2.374,2.406,2.36,2.405,23059217.29
2025-05-18 23:00:00+00:00,2.405,2.437,2.396,2.428,25852247.6
2025-05-19 00:00:00+00:00,2.428,2.441,2.387,2.399,55798743.58
2025-05-19 01:00:00+00:00,2.399,2.406,2.378,2.39,24624332.06
2025-05-19 02:00:00+00:00,2.39,2.395,2.372,2.375,23456496.19
2025-05-19 03:00:00+00:00,2.375,2.376,2.349,2.349,24524415.85
2025-05-19 04:00:00+00:00,2.349,2.363,2.323,2.333,36413490.75
2025-05-19 05:00:00+00:00,2.333,2.343,2.322,2.343,37738444.13
2025-05-19 06:00:00+00:00,2.343,2.351,2.284,2.285,77019671.07
2025-05-19 07:00:00+00:00,2.285,2.319,2.283,2.306,41816299.94
2025-05-19 08:00:00+00:00,2.306,2.309,2.287,2.306,38648480.43
2025-05-19 09:00:00+00:00,2.306,2.319,2.296,2.314,32329076.24
2025-05-19 10:00:00+00:00,2.314,2.324,2.303,2.315,27874389.85
2025-05-19 11:00:00+00:00,2.315,2.326,2.313,2.324,14669536.64
2025-05-19 12:00:00+00:00,2.324,2.326,2.291,2.299,27254785.96
2025-05-19 13:00:00+00:00,2.299,2.332,2.297,2.324,27724400.94
2025-05-19 14:00:00+00:00,2.324,2.349,2.317,2.344,25351428.07
2025-05-19 15:00:00+00:00,2.344,2.358,2.335,2.349,27755351.26
2025-05-19 16:00:00+00:00,2.349,2.366,2.337,2.366,25515613.71
2025-05-19 17:00:00+00:00,2.366,2.382,2.362,2.368,23163320.68
2025-05-19 18:00:00+00:00,2.368,2.374,2.352,2.368,19349871.84
2025-05-19 19:00:00+00:00,2.368,2.401,2.365,2.399,37486999.0
2025-05-19 20:00:00+00:00,2.399,2.399,2.381,2.39,20456427.46
2025-05-19 21:00:00+00:00,2.39,2.39,2.367,2.381,19685756.83
2025-05-19 22:00:00+00:00,2.381,2.384,2.366,2.376,10686004.31
2025-05-19 23:00:00+00:00,2.376,2.385,2.373,2.38,9377056.66
2025-05-20 00:00:00+00:00,2.38,2.398,2.374,2.376,27421805.13
2025-05-20 01:00:00+00:00,2.376,2.405,2.374,2.396,32893918.15
2025-05-20 02:00:00+00:00,2.396,2.409,2.383,2.39,35557143.36
2025-05-20 03:00:00+00:00,2.39,2.391,2.376,2.382,20136424.44
2025-05-20 04:00:00+00:00,2.382,2.388,2.375,2.388,15793708.28
2025-05-20 05:00:00+00:00,2.388,2.393,2.375,2.376,18287231.03
2025-05-20 06:00:00+00:00,2.376,2.379,2.358,2.366,28463571.18
2025-05-20 07:00:00+00:00,2.366,2.367,2.346,2.347,27069290.34
2025-05-20 08:00:00+00:00,2.347,2.359,2.337,2.356,24433485.02
2025-05-20 09:00:00+00:00,2.356,2.359,2.347,2.35,12620989.04
2025-05-20 10:00:00+00:00,2.35,2.355,2.338,2.345,21084455.29
2025-05-20 11:00:00+00:00,2.345,2.351,2.335,2.347,13490729.96
2025-05-20 12:00:00+00:00,2.347,2.347,2.325,2.335,24084793.66
2025-05-20 13:00:00+00:00,2.335,2.342,2.321,2.325,27013686.21
2025-05-20 14:00:00+00:00,2.325,2.341,2.321,2.329,26076556.08
2025-05-20 15:00:00+00:00,2.329,2.347,2.329,2.343,18586960.2
2025-05-20 16:00:00+00:00,2.343,2.345,2.33,2.334,20864669.73
2025-05-20 17:00:00+00:00,2.334,2.355,2.333,2.35,20691960.64
2025-05-20 18:00:00+00:00,2.35,2.355,2.314,2.318,35651561.34
2025-05-20 19:00:00+00:00,2.318,2.368,2.315,2.356,35318195.35
2025-05-20 20:00:00+00:00,2.356,2.362,2.343,2.355,23717073.84
2025-05-20 21:00:00+00:00,2.355,2.362,2.341,2.355,25909196.96
2025-05-20 22:00:00+00:00,2.355,2.359,2.338,2.349,22398617.36
2025-05-20 23:00:00+00:00,2.349,2.365,2.346,2.356,15617793.18
2025-05-21 00:00:00+00:00,2.356,2.361,2.347,2.351,18159887.81
2025-05-21 01:00:00+00:00,2.351,2.362,2.345,2.347,20496138.9
2025-05-21 02:00:00+00:00,2.347,2.358,2.331,2.356,24410633.91
2025-05-21 03:00:00+00:00,2.356,2.367,2.354,2.359,22046911.92
2025-05-21 04:00:00+00:00,2.359,2.379,2.355,2.37,33055331.47
2025-05-21 05:00:00+00:00,2.37,2.389,2.37,2.382,38530800.14
2025-05-21 06:00:00+00:00,2.382,2.387,2.37,2.378,28936384.35
2025-05-21 07:00:00+00:00,2.378,2.381,2.342,2.349,33812742.55
2025-05-21 08:00:00+00:00,2.349,2.361,2.348,2.349,18080405.45
2025-05-21 09:00:00+00:00,2.349,2.353,2.336,2.339,17152085.79
2025-05-21 10:00:00+00:00,2.339,2.348,2.331,2.344,21405753.97
2025-05-21 11:00:00+00:00,2.344,2.358,2.342,2.353,18037597.28
2025-05-21 12:00:00+00:00,2.353,2.362,2.347,2.355,15980876.37
2025-05-21 13:00:00+00:00,2.355,2.378,2.346,2.367,31273207.83
2025-05-21 14:00:00+00:00,2.367,2.4,2.361,2.4,45553485.97
2025-05-21 15:00:00+00:00,2.4,2.406,2.382,2.399,70014103.85
2025-05-21 16:00:00+00:00,2.399,2.429,2.393,2.416,55355196.51
2025-05-21 17:00:00+00:00,2.416,2.42,2.335,2.346,111203053.88
2025-05-21 18:00:00+00:00,2.346,2.374,2.342,2.358,34259227.83
2025-05-21 19:00:00+00:00,2.358,2.392,2.353,2.39,19871454.42
2025-05-21 20:00:00+00:00,2.39,2.393,2.371,2.384,24581132.45
2025-05-21 21:00:00+00:00,2.384,2.385,2.372,2.376,10014073.66
2025-05-21 22:00:00+00:00,2.376,2.4,2.375,2.392,25534150.33
2025-05-21 23:00:00+00:00,2.392,2.416,2.386,2.395,43308075.62
2025-05-22 00:00:00+00:00,2.395,2.405,2.39,2.404,36847888.1
2025-05-22 01:00:00+00:00,2.404,2.413,2.39,2.395,38551238.7
2025-05-22 02:00:00+00:00,2.395,2.411,2.394,2.404,21107096.28
2025-05-22 03:00:00+00:00,2.404,2.423,2.397,2.417,31048578.59
2025-05-22 04:00:00+00:00,2.417,2.42,2.41,2.419,27220912.07
2025-05-22 05:00:00+00:00,2.419,2.42,2.4,2.401,31522485.99
2025-05-22 06:00:00+00:00,2.401,2.408,2.393,2.395,30647681.28
2025-05-22 07:00:00+00:00,2.395,2.407,2.389,2.405,32490241.42
2025-05-22 08:00:00+00:00,2.405,2.441,2.404,2.435,61479332.24
2025-05-22 09:00:00+00:00,2.435,2.455,2.427,2.432,51716510.91
2025-05-22 10:00:00+00:00,2.432,2.436,2.419,2.422,31473563.35
2025-05-22 11:00:00+00:00,2.422,2.439,2.411,2.432,39989363.35
2025-05-22 12:00:00+00:00,2.432,2.439,2.422,2.429,31635435.83
2025-05-22 13:00:00+00:00,2.429,2.43,2.409,2.418,30278697.03
2025-05-22 14:00:00+00:00,2.418,2.436,2.416,2.425,23004384.37
2025-05-22 15:00:00+00:00,2.425,2.439,2.422,2.433,19379792.57
2025-05-22 16:00:00+00:00,2.433,2.439,2.418,2.421,22169970.48
2025-05-22 17:00:00+00:00,2.421,2.435,2.418,2.428,13882584.17
2025-05-22 18:00:00+00:00,2.428,2.436,2.423,2.431,11286587.9
2025-05-22 19:00:00+00:00,2.431,2.433,2.415,2.423,18397415.28
2025-05-22 20:00:00+00:00,2.423,2.431,2.417,2.422,15232932.37
2025-05-22 21:00:00+00:00,2.422,2.422,2.406,2.412,13869211.79
2025-05-22 22:00:00+00:00,2.412,2.424,2.41,2.415,14189031.39
2025-05-22 23:00:00+00:00,2.415,2.433,2.415,2.431,12618694.02
2025-05-23 00:00:00+00:00,2.431,2.442,2.422,2.434,40435609.77
2025-05-23 01:00:00+00:00,2.434,2.458,2.427,2.452,37355707.49
2025-05-23 02:00:00+00:00,2.452,2.48,2.451,2.461,55662882.65
2025-05-23 03:00:00+00:00,2.461,2.477,2.459,2.474,37143447.04
2025-05-23 04:00:00+00:00,2.474,2.478,2.44,2.456,37562682.98
2025-05-23 05:00:00+00:00,2.456,2.461,2.442,2.455,25805432.56
2025-05-23 06:00:00+00:00,2.455,2.457,2.411,2.42,61773631.29
2025-05-23 07:00:00+00:00,2.42,2.433,2.417,2.427,27244897.61
2025-05-23 08:00:00+00:00,2.427,2.444,2.427,2.439,20201609.77
2025-05-23 09:00:00+00:00,2.439,2.454,2.437,2.45,21937936.88
2025-05-23 10:00:00+00:00,2.45,2.451,2.435,2.442,18479926.73
2025-05-23 11:00:00+00:00,2.442,2.444,2.354,2.366,92917681.45
2025-05-23 12:00:00+00:00,2.366,2.366,2.304,2.349,154126767.65
2025-05-23 13:00:00+00:00,2.349,2.376,2.334,2.373,54933189.45
2025-05-23 14:00:00+00:00,2.373,2.383,2.366,2.376,30679681.36
2025-05-23 15:00:00+00:00,2.376,2.382,2.36,2.362,21175469.57
2025-05-23 16:00:00+00:00,2.362,2.367,2.348,2.363,30647537.75
2025-05-23 17:00:00+00:00,2.363,2.375,2.361,2.367,13649247.93
2025-05-23 18:00:00+00:00,2.367,2.371,2.347,2.351,21048506.75
2025-05-23 19:00:00+00:00,2.351,2.362,2.339,2.34,21879000.53
2025-05-23 20:00:00+00:00,2.34,2.345,2.325,2.326,22040738.14
2025-05-23 21:00:00+00:00,2.326,2.34,2.322,2.327,23318283.1
2025-05-23 22:00:00+00:00,2.327,2.338,2.314,2.316,16562222.56
2025-05-23 23:00:00+00:00,2.316,2.319,2.284,2.296,47816110.77
2025-05-24 00:00:00+00:00,2.296,2.318,2.286,2.3,37134030.92
2025-05-24 01:00:00+00:00,2.3,2.321,2.3,2.314,20119064.27
2025-05-24 02:00:00+00:00,2.314,2.329,2.308,2.328,10113544.47
2025-05-24 03:00:00+00:00,2.328,2.336,2.326,2.334,13018336.46
2025-05-24 04:00:00+00:00,2.334,2.348,2.334,2.344,11329879.53
2025-05-24 05:00:00+00:00,2.344,2.346,2.333,2.339,11271708.97
2025-05-24 06:00:00+00:00,2.339,2.345,2.328,2.338,7987164.51
2025-05-24 07:00:00+00:00,2.338,2.346,2.334,2.336,8129687.45
2025-05-24 08:00:00+00:00,2.336,2.345,2.332,2.344,8709240.78
2025-05-24 09:00:00+00:00,2.344,2.35,2.342,2.343,8951098.49
2025-05-24 10:00:00+00:00,2.343,2.36,2.343,2.355,12821842.45
2025-05-24 11:00:00+00:00,2.355,2.359,2.352,2.352,8337734.18
2025-05-24 12:00:00+00:00,2.352,2.355,2.344,2.35,13440189.3
2025-05-24 13:00:00+00:00,2.35,2.354,2.344,2.347,8940770.22
2025-05-24 14:00:00+00:00,2.347,2.357,2.346,2.354,7142283.13
2025-05-24 15:00:00+00:00,2.354,2.355,2.349,2.352,7695427.34
2025-05-24 16:00:00+00:00,2.352,2.353,2.341,2.349,8339628.41
2025-05-24 17:00:00+00:00,2.349,2.354,2.344,2.348,5824883.97
2025-05-24 18:00:00+00:00,2.348,2.354,2.344,2.345,5775425.71
2025-05-24 19:00:00+00:00,2.345,2.35,2.344,2.349,4349773.22
2025-05-24 20:00:00+00:00,2.349,2.351,2.345,2.35,4719570.85
2025-05-24 21:00:00+00:00,2.35,2.35,2.333,2.343,9814963.51
2025-05-24 22:00:00+00:00,2.343,2.343,2.329,2.332,11636760.96
2025-05-24 23:00:00+00:00,2.332,2.336,2.322,2.33,12782286.31
2025-05-25 00:00:00+00:00,2.33,2.336,2.299,2.306,30877334.06
2025-05-25 01:00:00+00:00,2.306,2.316,2.293,2.311,22339941.97
2025-05-25 02:00:00+00:00,2.311,2.318,2.3,2.317,14827441.03
2025-05-25 03:00:00+00:00,2.317,2.326,2.316,2.323,9530463.6
2025-05-25 04:00:00+00:00,2.323,2.325,2.313,2.324,11310070.27
2025-05-25 05:00:00+00:00,2.324,2.326,2.317,2.322,7013450.44
2025-05-25 06:00:00+00:00,2.322,2.323,2.315,2.319,7173817.08
2025-05-25 07:00:00+00:00,2.319,2.319,2.301,2.308,12788225.67
2025-05-25 08:00:00+00:00,2.308,2.308,2.279,2.289,29865338.67
2025-05-25 09:00:00+00:00,2.289,2.293,2.279,2.293,20185527.17
2025-05-25 10:00:00+00:00,2.293,2.297,2.283,2.284,15560789.11
2025-05-25 11:00:00+00:00,2.284,2.294,2.281,2.293,11829274.09
2025-05-25 12:00:00+00:00,2.293,2.306,2.289,2.305,13320958.4
2025-05-25 13:00:00+00:00,2.305,2.31,2.298,2.303,14254772.25
2025-05-25 14:00:00+00:00,2.303,2.303,2.286,2.292,12361061.13
2025-05-25 15:00:00+00:00,2.292,2.294,2.266,2.288,36520812.61
2025-05-25 16:00:00+00:00,2.288,2.291,2.272,2.286,15147095.94
2025-05-25 17:00:00+00:00,2.286,2.298,2.286,2.298,13090223.44
2025-05-25 18:00:00+00:00,2.298,2.307,2.296,2.302,10352509.78
2025-05-25 19:00:00+00:00,2.302,2.312,2.302,2.306,7869402.48
2025-05-25 20:00:00+00:00,2.306,2.309,2.3,2.309,12286487.24
2025-05-25 21:00:00+00:00,2.309,2.315,2.299,2.305,8873919.49
2025-05-25 22:00:00+00:00,2.305,2.34,2.303,2.338,29660331.01
2025-05-25 23:00:00+00:00,2.338,2.345,2.328,2.342,19571476.6
2025-05-26 00:00:00+00:00,2.342,2.353,2.331,2.352,20713037.34
2025-05-26 01:00:00+00:00,2.352,2.354,2.341,2.346,13008060.57
2025-05-26 02:00:00+00:00,2.346,2.346,2.335,2.341,12387137.86
2025-05-26 03:00:00+00:00,2.341,2.346,2.337,2.342,11964223.12
2025-05-26 04:00:00+00:00,2.342,2.349,2.339,2.348,11893043.14
2025-05-26 05:00:00+00:00,2.348,2.349,2.343,2.345,10771362.76
2025-05-26 06:00:00+00:00,2.345,2.347,2.336,2.346,19771716.67
2025-05-26 07:00:00+00:00,2.346,2.359,2.346,2.349,21292955.55
2025-05-26 08:00:00+00:00,2.349,2.356,2.342,2.343,16884049.77
2025-05-26 09:00:00+00:00,2.343,2.347,2.339,2.34,13243589.3
2025-05-26 10:00:00+00:00,2.34,2.345,2.332,2.335,11423268.71
2025-05-26 11:00:00+00:00,2.335,2.337,2.329,2.335,12790878.44
2025-05-26 12:00:00+00:00,2.335,2.345,2.332,2.341,11769260.23
2025-05-26 13:00:00+00:00,2.341,2.345,2.32,2.324,21123522.39
2025-05-26 14:00:00+00:00,2.324,2.326,2.312,2.321,18262992.59
2025-05-26 15:00:00+00:00,2.321,2.342,2.316,2.333,17773384.43
2025-05-26 16:00:00+00:00,2.333,2.336,2.312,2.313,19003596.62
2025-05-26 17:00:00+00:00,2.313,2.317,2.297,2.301,20100906.18
2025-05-26 18:00:00+00:00,2.301,2.311,2.296,2.305,11784258.37
2025-05-26 19:00:00+00:00,2.305,2.314,2.301,2.312,7741476.38
2025-05-26 20:00:00+00:00,2.312,2.319,2.305,2.318,8208496.34
2025-05-26 21:00:00+00:00,2.318,2.319,2.307,2.312,8040525.83
2025-05-26 22:00:00+00:00,2.312,2.324,2.303,2.305,11701198.22
2025-05-26 23:00:00+00:00,2.305,2.311,2.3,2.31,8851154.45
2025-05-27 00:00:00+00:00,2.31,2.317,2.299,2.303,12023769.02
2025-05-27 01:00:00+00:00,2.303,2.303,2.267,2.286,42357397.67
2025-05-27 02:00:00+00:00,2.286,2.295,2.282,2.285,12531632.3
2025-05-27 03:00:00+00:00,2.285,2.304,2.284,2.296,23621482.06
2025-05-27 04:00:00+00:00,2.296,2.304,2.293,2.294,13913317.25
2025-05-27 05:00:00+00:00,2.294,2.298,2.284,2.296,12671659.22
2025-05-27 06:00:00+00:00,2.296,2.31,2.288,2.289,27232242.82
2025-05-27 07:00:00+00:00,2.289,2.304,2.289,2.301,15178655.51
2025-05-27 08:00:00+00:00,2.301,2.314,2.301,2.313,24938904.24
2025-05-27 09:00:00+00:00,2.313,2.319,2.308,2.316,14969038.53
2025-05-27 10:00:00+00:00,2.316,2.319,2.314,2.317,15005933.21
2025-05-27 11:00:00+00:00,2.317,2.323,2.31,2.32,12451517.26
2025-05-27 12:00:00+00:00,2.32,2.327,2.318,2.325,13304077.21
2025-05-27 13:00:00+00:00,2.325,2.354,2.325,2.331,44241096.14
2025-05-27 14:00:00+00:00,2.331,2.341,2.308,2.331,23188847.55
2025-05-27 15:00:00+00:00,2.331,2.343,2.327,2.338,20040785.53
2025-05-27 16:00:00+00:00,2.338,2.345,2.332,2.339,16321394.94
2025-05-27 17:00:00+00:00,2.339,2.349,2.333,2.342,15522522.11
2025-05-27 18:00:00+00:00,2.342,2.345,2.333,2.336,9301098.77
2025-05-27 19:00:00+00:00,2.336,2.341,2.333,2.335,12749432.84
2025-05-27 20:00:00+00:00,2.335,2.337,2.327,2.33,11062286.51
2025-05-27 21:00:00+00:00,2.33,2.333,2.314,2.317,17697434.78
2025-05-27 22:00:00+00:00,2.317,2.32,2.306,2.318,13996548.54
2025-05-27 23:00:00+00:00,2.318,2.321,2.314,2.317,7292325.25
2025-05-28 00:00:00+00:00,2.317,2.323,2.309,2.321,10302973.5
2025-05-28 01:00:00+00:00,2.321,2.323,2.309,2.31,12492795.81
2025-05-28 02:00:00+00:00,2.31,2.312,2.303,2.309,12292046.02
2025-05-28 03:00:00+00:00,2.309,2.313,2.305,2.313,8912676.91
2025-05-28 04:00:00+00:00,2.313,2.316,2.305,2.313,7678766.71
2025-05-28 05:00:00+00:00,2.313,2.313,2.303,2.303,11522362.56
2025-05-28 06:00:00+00:00,2.303,2.304,2.287,2.289,27680947.73
2025-05-28 07:00:00+00:00,2.289,2.3,2.285,2.296,21442075.44
2025-05-28 08:00:00+00:00,2.296,2.304,2.292,2.301,11850102.38
2025-05-28 09:00:00+00:00,2.301,2.302,2.29,2.297,12454838.15
2025-05-28 10:00:00+00:00,2.297,2.305,2.288,2.304,12610046.36
2025-05-28 11:00:00+00:00,2.304,2.31,2.302,2.308,13204603.78
2025-05-28 12:00:00+00:00,2.308,2.315,2.305,2.307,12364645.43
2025-05-28 13:00:00+00:00,2.307,2.308,2.281,2.282,26724763.84
2025-05-28 14:00:00+00:00,2.282,2.286,2.268,2.269,43938846.46
2025-05-28 15:00:00+00:00,2.269,2.278,2.252,2.253,42573612.81
2025-05-28 16:00:00+00:00,2.253,2.268,2.252,2.259,19639487.97
2025-05-28 17:00:00+00:00,2.259,2.267,2.237,2.25,33429350.4
2025-05-28 18:00:00+00:00,2.25,2.26,2.24,2.243,19734218.65
2025-05-28 19:00:00+00:00,2.243,2.256,2.227,2.228,27429385.87
2025-05-28 20:00:00+00:00,2.228,2.254,2.227,2.252,17697417.84
2025-05-28 21:00:00+00:00,2.252,2.263,2.251,2.262,11832349.41
2025-05-28 22:00:00+00:00,2.262,2.262,2.252,2.261,9915550.51
2025-05-28 23:00:00+00:00,2.261,2.281,2.26,2.274,17972681.6
2025-05-29 00:00:00+00:00,2.274,2.295,2.268,2.295,21130152.98
2025-05-29 01:00:00+00:00,2.295,2.297,2.282,2.29,19682953.02
2025-05-29 02:00:00+00:00,2.29,2.311,2.282,2.311,25144490.17
2025-05-29 03:00:00+00:00,2.311,2.312,2.288,2.291,17497698.4
2025-05-29 04:00:00+00:00,2.291,2.295,2.274,2.282,26436026.01
2025-05-29 05:00:00+00:00,2.282,2.288,2.278,2.28,16470232.55
2025-05-29 06:00:00+00:00,2.28,2.288,2.279,2.285,15984317.32
2025-05-29 07:00:00+00:00,2.285,2.287,2.274,2.28,20816547.17
2025-05-29 08:00:00+00:00,2.28,2.296,2.277,2.295,22529982.62
2025-05-29 09:00:00+00:00,2.295,2.296,2.29,2.293,9568690.51
2025-05-29 10:00:00+00:00,2.293,2.303,2.288,2.301,17114361.74
2025-05-29 11:00:00+00:00,2.301,2.304,2.297,2.302,18603217.4
2025-05-29 12:00:00+00:00,2.302,2.303,2.288,2.295,17137144.74
2025-05-29 13:00:00+00:00,2.295,2.309,2.283,2.287,23647472.06
2025-05-29 14:00:00+00:00,2.287,2.294,2.266,2.291,34957388.55
2025-05-29 15:00:00+00:00,2.291,2.296,2.275,2.276,19828913.3
2025-05-29 16:00:00+00:00,2.276,2.283,2.268,2.271,18812452.83
2025-05-29 17:00:00+00:00,2.271,2.29,2.269,2.284,24071006.06
2025-05-29 18:00:00+00:00,2.284,2.29,2.272,2.272,16837116.65
2025-05-29 19:00:00+00:00,2.272,2.276,2.253,2.264,25326584.53
2025-05-29 20:00:00+00:00,2.264,2.275,2.264,2.272,17729223.22
2025-05-29 21:00:00+00:00,2.272,2.283,2.268,2.282,8480891.61
2025-05-29 22:00:00+00:00,2.282,2.282,2.261,2.261,10334601.9
2025-05-29 23:00:00+00:00,2.261,2.264,2.238,2.244,29140549.39
2025-05-30 00:00:00+00:00,2.244,2.252,2.15,2.159,122395562.66
2025-05-30 01:00:00+00:00,2.159,2.199,2.156,2.193,108988576.1
2025-05-30 02:00:00+00:00,2.193,2.222,2.192,2.219,37647420.83
2025-05-30 03:00:00+00:00,2.219,2.231,2.215,2.217,20164798.46
2025-05-30 04:00:00+00:00,2.217,2.223,2.209,2.222,22197700.59
2025-05-30 05:00:00+00:00,2.222,2.225,2.211,2.216,22213107.88
2025-05-30 06:00:00+00:00,2.216,2.216,2.178,2.186,36289197.88
2025-05-30 07:00:00+00:00,2.186,2.198,2.174,2.19,36034148.12
2025-05-30 08:00:00+00:00,2.19,2.193,2.175,2.187,25862510.91
2025-05-30 09:00:00+00:00,2.187,2.195,2.17,2.194,27085051.64
2025-05-30 10:00:00+00:00,2.194,2.205,2.185,2.204,22040370.92
2025-05-30 11:00:00+00:00,2.204,2.214,2.201,2.207,19265484.02
2025-05-30 12:00:00+00:00,2.207,2.21,2.185,2.195,26147928.21
2025-05-30 13:00:00+00:00,2.195,2.202,2.168,2.17,35285963.34
2025-05-30 14:00:00+00:00,2.17,2.189,2.163,2.177,35552471.25
2025-05-30 15:00:00+00:00,2.177,2.201,2.176,2.183,23547551.83
2025-05-30 16:00:00+00:00,2.183,2.191,2.137,2.154,64321162.42
2025-05-30 17:00:00+00:00,2.154,2.175,2.153,2.174,23433462.0
2025-05-30 18:00:00+00:00,2.174,2.205,2.174,2.203,24260148.92
2025-05-30 19:00:00+00:00,2.203,2.205,2.185,2.186,15262250.92
2025-05-30 20:00:00+00:00,2.186,2.197,2.184,2.188,10179441.87
2025-05-30 21:00:00+00:00,2.188,2.195,2.178,2.18,8524322.12
2025-05-30 22:00:00+00:00,2.18,2.184,2.14,2.14,25400603.52
2025-05-30 23:00:00+00:00,2.14,2.155,2.13,2.14,37466113.66
2025-05-31 00:00:00+00:00,2.14,2.149,2.107,2.128,61165666.26
2025-05-31 01:00:00+00:00,2.128,2.144,2.101,2.119,55283773.85
2025-05-31 02:00:00+00:00,2.119,2.14,2.1,2.101,38229299.01
2025-05-31 03:00:00+00:00,2.101,2.113,2.079,2.11,59058282.75
2025-05-31 04:00:00+00:00,2.11,2.133,2.1,2.133,24486511.02
2025-05-31 05:00:00+00:00,2.133,2.14,2.126,2.126,17617464.37
2025-05-31 06:00:00+00:00,2.126,2.143,2.125,2.136,11985829.8
2025-05-31 07:00:00+00:00,2.136,2.138,2.127,2.129,11294459.8
2025-05-31 08:00:00+00:00,2.129,2.14,2.128,2.137,15167588.51
2025-05-31 09:00:00+00:00,2.137,2.145,2.131,2.142,18622120.28
2025-05-31 10:00:00+00:00,2.142,2.153,2.132,2.139,17774356.13
2025-05-31 11:00:00+00:00,2.139,2.143,2.129,2.139,9911948.26
2025-05-31 12:00:00+00:00,2.139,2.163,2.139,2.163,18471273.08
2025-05-31 13:00:00+00:00,2.163,2.169,2.153,2.157,19296034.4
2025-05-31 14:00:00+00:00,2.157,2.171,2.157,2.169,14391047.63
2025-05-31 15:00:00+00:00,2.169,2.181,2.169,2.173,19299108.42
2025-05-31 16:00:00+00:00,2.173,2.191,2.17,2.191,17664055.92
2025-05-31 17:00:00+00:00,2.191,2.203,2.182,2.185,25022634.37
2025-05-31 18:00:00+00:00,2.185,2.195,2.184,2.189,10345936.33
2025-05-31 19:00:00+00:00,2.189,2.206,2.189,2.192,13921816.62
2025-05-31 20:00:00+00:00,2.192,2.199,2.19,2.193,9916442.71
2025-05-31 21:00:00+00:00,2.193,2.2,2.191,2.195,13313554.92
2025-05-31 22:00:00+00:00,2.195,2.197,2.177,2.178,14261438.05
2025-05-31 23:00:00+00:00,2.178,2.188,2.172,2.174,13604579.16
2025-06-01 00:00:00+00:00,2.174,2.174,2.164,2.172,11395934.84
2025-06-01 01:00:00+00:00,2.172,2.179,2.158,2.16,20503902.01
2025-06-01 02:00:00+00:00,2.16,2.164,2.15,2.159,14113722.66
2025-06-01 03:00:00+00:00,2.159,2.165,2.15,2.164,8821691.04
2025-06-01 04:00:00+00:00,2.164,2.177,2.158,2.173,7350086.01
2025-06-01 05:00:00+00:00,2.173,2.177,2.169,2.171,6094713.22
2025-06-01 06:00:00+00:00,2.171,2.172,2.161,2.163,6115214.72
2025-06-01 07:00:00+00:00,2.163,2.164,2.155,2.159,7286886.65
2025-06-01 08:00:00+00:00,2.159,2.16,2.144,2.148,16025676.84
2025-06-01 09:00:00+00:00,2.148,2.15,2.123,2.133,26810622.05
2025-06-01 10:00:00+00:00,2.133,2.142,2.124,2.142,16118524.15
2025-06-01 11:00:00+00:00,2.142,2.148,2.137,2.141,12027477.65
2025-06-01 12:00:00+00:00,2.141,2.141,2.126,2.132,15015230.9
2025-06-01 13:00:00+00:00,2.132,2.143,2.13,2.14,14006299.26
2025-06-01 14:00:00+00:00,2.14,2.154,2.14,2.146,14349218.06
2025-06-01 15:00:00+00:00,2.146,2.156,2.143,2.152,9696711.43
2025-06-01 16:00:00+00:00,2.152,2.175,2.15,2.169,25231058.32
2025-06-01 17:00:00+00:00,2.169,2.177,2.166,2.172,11190153.72
2025-06-01 18:00:00+00:00,2.172,2.172,2.146,2.157,25072266.68
2025-06-01 19:00:00+00:00,2.157,2.168,2.154,2.167,12989689.09
2025-06-01 20:00:00+00:00,2.167,2.17,2.155,2.155,11053279.5
2025-06-01 21:00:00+00:00,2.155,2.177,2.153,2.172,19603715.4
2025-06-01 22:00:00+00:00,2.172,2.181,2.17,2.173,12342239.71
2025-06-01 23:00:00+00:00,2.173,2.188,2.173,2.179,12332821.09
2025-06-02 00:00:00+00:00,2.179,2.181,2.167,2.171,14789417.82
2025-06-02 01:00:00+00:00,2.171,2.183,2.164,2.164,12832765.39
2025-06-02 02:00:00+00:00,2.164,2.171,2.157,2.16,19132458.9
2025-06-02 03:00:00+00:00,2.16,2.162,2.151,2.157,15350288.59
2025-06-02 04:00:00+00:00,2.157,2.174,2.157,2.17,12566663.86
2025-06-02 05:00:00+00:00,2.17,2.175,2.164,2.169,14481924.45
2025-06-02 06:00:00+00:00,2.169,2.173,2.157,2.167,23674322.64
2025-06-02 07:00:00+00:00,2.167,2.179,2.162,2.163,17688771.61
2025-06-02 08:00:00+00:00,2.163,2.179,2.162,2.163,21919999.36
2025-06-02 09:00:00+00:00,2.163,2.164,2.149,2.153,23450722.82
2025-06-02 10:00:00+00:00,2.153,2.159,2.142,2.146,26344067.12
2025-06-02 11:00:00+00:00,2.146,2.15,2.136,2.143,16411321.94
2025-06-02 12:00:00+00:00,2.143,2.153,2.138,2.152,18370565.42
2025-06-02 13:00:00+00:00,2.152,2.155,2.139,2.143,18544977.51
2025-06-02 14:00:00+00:00,2.143,2.159,2.137,2.15,22702988.76
2025-06-02 15:00:00+00:00,2.15,2.164,2.143,2.159,13953690.83
2025-06-02 16:00:00+00:00,2.159,2.165,2.149,2.163,9074600.71
2025-06-02 17:00:00+00:00,2.163,2.176,2.163,2.169,15576311.57
2025-06-02 18:00:00+00:00,2.169,2.178,2.164,2.165,10457327.47
2025-06-02 19:00:00+00:00,2.165,2.173,2.157,2.165,10807779.25
2025-06-02 20:00:00+00:00,2.165,2.185,2.165,2.176,19964678.86
2025-06-02 21:00:00+00:00,2.176,2.186,2.175,2.186,12963064.86
2025-06-02 22:00:00+00:00,2.186,2.204,2.186,2.19,34167876.92
2025-06-02 23:00:00+00:00,2.19,2.204,2.189,2.196,14808283.31
2025-06-03 00:00:00+00:00,2.196,2.21,2.192,2.204,19784731.46
2025-06-03 01:00:00+00:00,2.204,2.22,2.204,2.218,20378405.06
2025-06-03 02:00:00+00:00,2.218,2.222,2.198,2.2,24686822.77
2025-06-03 03:00:00+00:00,2.2,2.202,2.187,2.196,19565709.05
2025-06-03 04:00:00+00:00,2.196,2.198,2.188,2.19,13242413.99
2025-06-03 05:00:00+00:00,2.19,2.205,2.19,2.204,14166532.98
2025-06-03 06:00:00+00:00,2.204,2.207,2.197,2.202,14196527.76
2025-06-03 07:00:00+00:00,2.202,2.203,2.188,2.19,17116822.5
2025-06-03 08:00:00+00:00,2.19,2.196,2.184,2.191,17173865.58
2025-06-03 09:00:00+00:00,2.191,2.201,2.189,2.199,10897287.95
2025-06-03 10:00:00+00:00,2.199,2.202,2.194,2.202,10784619.37
2025-06-03 11:00:00+00:00,2.202,2.216,2.202,2.215,27278484.75
2025-06-03 12:00:00+00:00,2.215,2.225,2.208,2.225,19324498.04
2025-06-03 13:00:00+00:00,2.225,2.231,2.206,2.215,26691940.78
2025-06-03 14:00:00+00:00,2.215,2.239,2.206,2.237,21295056.38
2025-06-03 15:00:00+00:00,2.237,2.276,2.23,2.263,56093195.71
2025-06-03 16:00:00+00:00,2.263,2.272,2.249,2.254,33264462.34
2025-06-03 17:00:00+00:00,2.254,2.261,2.244,2.248,19644452.88
2025-06-03 18:00:00+00:00,2.248,2.264,2.241,2.261,13783765.3
2025-06-03 19:00:00+00:00,2.261,2.282,2.257,2.282,22996934.47
2025-06-03 20:00:00+00:00,2.282,2.282,2.243,2.254,29569707.58
2025-06-03 21:00:00+00:00,2.254,2.271,2.235,2.242,23127119.67
2025-06-03 22:00:00+00:00,2.242,2.265,2.238,2.259,23935386.97
2025-06-03 23:00:00+00:00,2.259,2.26,2.243,2.244,11433203.22
2025-06-04 00:00:00+00:00,2.244,2.249,2.23,2.247,16596715.31
2025-06-04 01:00:00+00:00,2.247,2.264,2.247,2.254,18278698.96
2025-06-04 02:00:00+00:00,2.254,2.266,2.246,2.247,12956941.48
2025-06-04 03:00:00+00:00,2.247,2.26,2.247,2.253,13945119.59
2025-06-04 04:00:00+00:00,2.253,2.253,2.244,2.244,10561466.32
2025-06-04 05:00:00+00:00,2.244,2.247,2.237,2.238,14940210.77
2025-06-04 06:00:00+00:00,2.238,2.241,2.232,2.235,10996615.09
2025-06-04 07:00:00+00:00,2.235,2.239,2.228,2.234,17761249.71
2025-06-04 08:00:00+00:00,2.234,2.251,2.233,2.249,19702089.99
2025-06-04 09:00:00+00:00,2.249,2.263,2.247,2.259,18989330.2
2025-06-04 10:00:00+00:00,2.259,2.264,2.254,2.255,16081884.24
2025-06-04 11:00:00+00:00,2.255,2.261,2.247,2.253,13086075.08
2025-06-04 12:00:00+00:00,2.253,2.254,2.236,2.238,17792390.6
2025-06-04 13:00:00+00:00,2.238,2.245,2.233,2.235,15645544.96
2025-06-04 14:00:00+00:00,2.235,2.246,2.22,2.246,30188920.56
2025-06-04 15:00:00+00:00,2.246,2.261,2.243,2.249,23443539.66
2025-06-04 16:00:00+00:00,2.249,2.252,2.242,2.245,10779685.92
2025-06-04 17:00:00+00:00,2.245,2.245,2.227,2.234,13239094.36
2025-06-04 18:00:00+00:00,2.234,2.238,2.224,2.225,10612872.54
2025-06-04 19:00:00+00:00,2.225,2.227,2.206,2.206,18093400.98
2025-06-04 20:00:00+00:00,2.206,2.212,2.196,2.202,24486499.21
2025-06-04 21:00:00+00:00,2.202,2.215,2.195,2.211,19140302.13
2025-06-04 22:00:00+00:00,2.211,2.216,2.204,2.204,9871604.12
2025-06-04 23:00:00+00:00,2.204,2.209,2.196,2.201,11037136.08
2025-06-05 00:00:00+00:00,2.201,2.211,2.199,2.21,15933255.82
2025-06-05 01:00:00+00:00,2.21,2.214,2.198,2.2,10203222.02
2025-06-05 02:00:00+00:00,2.2,2.215,2.2,2.205,14377688.43
2025-06-05 03:00:00+00:00,2.205,2.206,2.2,2.205,9447158.31
2025-06-05 04:00:00+00:00,2.205,2.214,2.205,2.213,8163840.92
2025-06-05 05:00:00+00:00,2.213,2.213,2.196,2.2,11954225.16
2025-06-05 06:00:00+00:00,2.2,2.203,2.186,2.188,27966216.48
2025-06-05 07:00:00+00:00,2.188,2.197,2.184,2.186,17391783.2
2025-06-05 08:00:00+00:00,2.186,2.197,2.186,2.195,15480954.87
2025-06-05 09:00:00+00:00,2.195,2.208,2.195,2.206,11495437.99
2025-06-05 10:00:00+00:00,2.206,2.21,2.191,2.2,14232384.22
2025-06-05 11:00:00+00:00,2.2,2.206,2.198,2.205,7927647.81
2025-06-05 12:00:00+00:00,2.205,2.225,2.203,2.222,20881422.75
2025-06-05 13:00:00+00:00,2.222,2.226,2.195,2.2,17742996.46
2025-06-05 14:00:00+00:00,2.2,2.208,2.178,2.2,32332110.75
2025-06-05 15:00:00+00:00,2.2,2.204,2.191,2.193,14764589.79
2025-06-05 16:00:00+00:00,2.193,2.193,2.164,2.167,30686394.84
2025-06-05 17:00:00+00:00,2.167,2.175,2.164,2.171,14209057.97
2025-06-05 18:00:00+00:00,2.171,2.172,2.156,2.161,28843352.45
2025-06-05 19:00:00+00:00,2.161,2.162,2.115,2.13,83100903.18
2025-06-05 20:00:00+00:00,2.13,2.133,2.059,2.06,150844505.79
2025-06-05 21:00:00+00:00,2.06,2.104,2.06,2.103,83055954.74
2025-06-05 22:00:00+00:00,2.103,2.103,2.081,2.097,33948457.0
2025-06-05 23:00:00+00:00,2.097,2.102,2.089,2.094,22474467.09
2025-06-06 00:00:00+00:00,2.094,2.102,2.082,2.098,32341241.12
2025-06-06 01:00:00+00:00,2.098,2.107,2.089,2.107,18457645.01
2025-06-06 02:00:00+00:00,2.107,2.111,2.097,2.11,16452261.56
2025-06-06 03:00:00+00:00,2.11,2.13,2.105,2.13,18214303.48
2025-06-06 04:00:00+00:00,2.13,2.143,2.121,2.137,17640667.17
2025-06-06 05:00:00+00:00,2.137,2.141,2.131,2.132,18200633.94
2025-06-06 06:00:00+00:00,2.132,2.136,2.124,2.125,13118164.09
2025-06-06 07:00:00+00:00,2.125,2.132,2.123,2.13,19181246.34
2025-06-06 08:00:00+00:00,2.13,2.139,2.13,2.139,9781401.21
2025-06-06 09:00:00+00:00,2.139,2.149,2.138,2.142,13057113.97
2025-06-06 10:00:00+00:00,2.142,2.152,2.141,2.151,9441786.4
2025-06-06 11:00:00+00:00,2.151,2.156,2.146,2.15,12820774.2
2025-06-06 12:00:00+00:00,2.15,2.167,2.148,2.154,38633144.53
2025-06-06 13:00:00+00:00,2.154,2.179,2.154,2.169,20609820.5
2025-06-06 14:00:00+00:00,2.169,2.184,2.169,2.183,20549391.3
2025-06-06 15:00:00+00:00,2.183,2.19,2.176,2.184,25685926.82
2025-06-06 16:00:00+00:00,2.184,2.185,2.168,2.17,31165520.56
2025-06-06 17:00:00+00:00,2.17,2.177,2.164,2.175,19751528.95
2025-06-06 18:00:00+00:00,2.175,2.179,2.164,2.166,11301937.77
2025-06-06 19:00:00+00:00,2.166,2.176,2.162,2.174,12190588.3
2025-06-06 20:00:00+00:00,2.174,2.182,2.169,2.176,18624589.16
2025-06-06 21:00:00+00:00,2.176,2.177,2.167,2.173,10324776.46
2025-06-06 22:00:00+00:00,2.173,2.176,2.164,2.166,8422408.6
2025-06-06 23:00:00+00:00,2.166,2.167,2.159,2.16,5757634.16
2025-06-07 00:00:00+00:00,2.16,2.169,2.148,2.169,12567936.51
2025-06-07 01:00:00+00:00,2.169,2.169,2.156,2.162,6809255.17
2025-06-07 02:00:00+00:00,2.162,2.172,2.158,2.171,7848151.64
2025-06-07 03:00:00+00:00,2.171,2.179,2.169,2.179,6960846.24
2025-06-07 04:00:00+00:00,2.179,2.179,2.17,2.172,7981702.11
2025-06-07 05:00:00+00:00,2.172,2.18,2.172,2.18,7293244.64
2025-06-07 06:00:00+00:00,2.18,2.19,2.177,2.19,10132974.31
2025-06-07 07:00:00+00:00,2.19,2.19,2.183,2.183,7609470.65
2025-06-07 08:00:00+00:00,2.183,2.185,2.175,2.176,8472906.47
2025-06-07 09:00:00+00:00,2.176,2.18,2.175,2.178,4591574.33
2025-06-07 10:00:00+00:00,2.178,2.19,2.176,2.188,12518935.29
2025-06-07 11:00:00+00:00,2.188,2.188,2.182,2.183,5953988.26
2025-06-07 12:00:00+00:00,2.183,2.19,2.183,2.184,6828431.54
2025-06-07 13:00:00+00:00,2.184,2.191,2.182,2.187,8846366.98
2025-06-07 14:00:00+00:00,2.187,2.189,2.182,2.182,6824892.58
2025-06-07 15:00:00+00:00,2.182,2.185,2.179,2.183,7499743.15
2025-06-07 16:00:00+00:00,2.183,2.186,2.177,2.178,7512321.65
2025-06-07 17:00:00+00:00,2.178,2.183,2.172,2.173,10529058.09
2025-06-07 18:00:00+00:00,2.173,2.182,2.173,2.176,7351544.17
2025-06-07 19:00:00+00:00,2.176,2.181,2.176,2.176,7498369.48
2025-06-07 20:00:00+00:00,2.176,2.182,2.176,2.182,4883635.62
2025-06-07 21:00:00+00:00,2.182,2.185,2.179,2.181,7545453.09
2025-06-07 22:00:00+00:00,2.181,2.187,2.18,2.182,5987495.09
2025-06-07 23:00:00+00:00,2.182,2.182,2.176,2.177,6853808.64
2025-06-08 00:00:00+00:00,2.177,2.177,2.17,2.171,6056887.27
2025-06-08 01:00:00+00:00,2.171,2.177,2.166,2.176,6714788.41
2025-06-08 02:00:00+00:00,2.176,2.176,2.17,2.172,3647474.17
2025-06-08 03:00:00+00:00,2.172,2.177,2.17,2.175,3289210.58
2025-06-08 04:00:00+00:00,2.175,2.177,2.171,2.177,4437446.14
2025-06-08 05:00:00+00:00,2.177,2.197,2.177,2.19,16933155.17
2025-06-08 06:00:00+00:00,2.19,2.224,2.19,2.205,48071507.05
2025-06-08 07:00:00+00:00,2.205,2.22,2.202,2.207,23935326.93
2025-06-08 08:00:00+00:00,2.207,2.219,2.207,2.212,15842087.32
2025-06-08 09:00:00+00:00,2.212,2.212,2.199,2.21,18773284.13
2025-06-08 10:00:00+00:00,2.21,2.216,2.206,2.216,12123126.15
2025-06-08 11:00:00+00:00,2.216,2.249,2.213,2.242,32709800.4
2025-06-08 12:00:00+00:00,2.242,2.263,2.242,2.26,53011650.77
2025-06-08 13:00:00+00:00,2.26,2.29,2.253,2.267,51442044.79
2025-06-08 14:00:00+00:00,2.267,2.277,2.258,2.275,33988345.5
2025-06-08 15:00:00+00:00,2.275,2.293,2.275,2.277,45857047.06
2025-06-08 16:00:00+00:00,2.277,2.287,2.272,2.279,21735590.66
2025-06-08 17:00:00+00:00,2.279,2.285,2.274,2.28,19203144.86
2025-06-08 18:00:00+00:00,2.28,2.289,2.279,2.284,14811334.75
2025-06-08 19:00:00+00:00,2.284,2.295,2.283,2.288,20588531.14
2025-06-08 20:00:00+00:00,2.288,2.295,2.276,2.282,19169106.74
2025-06-08 21:00:00+00:00,2.282,2.289,2.274,2.274,12570719.49
2025-06-08 22:00:00+00:00,2.274,2.275,2.255,2.259,31067019.5
2025-06-08 23:00:00+00:00,2.259,2.268,2.255,2.267,17364296.9
2025-06-09 00:00:00+00:00,2.267,2.268,2.256,2.26,16438980.77
2025-06-09 01:00:00+00:00,2.26,2.261,2.242,2.244,23016242.07
2025-06-09 02:00:00+00:00,2.244,2.251,2.24,2.245,12397863.14
2025-06-09 03:00:00+00:00,2.245,2.246,2.231,2.243,22161696.23
2025-06-09 04:00:00+00:00,2.243,2.243,2.227,2.229,15779428.34
2025-06-09 05:00:00+00:00,2.229,2.237,2.225,2.229,15340536.27
2025-06-09 06:00:00+00:00,2.229,2.237,2.222,2.236,18313868.4
2025-06-09 07:00:00+00:00,2.236,2.236,2.224,2.231,19526276.11
2025-06-09 08:00:00+00:00,2.231,2.243,2.23,2.243,15100826.26
2025-06-09 09:00:00+00:00,2.243,2.262,2.239,2.252,32979214.45
2025-06-09 10:00:00+00:00,2.252,2.269,2.249,2.26,40779365.96
2025-06-09 11:00:00+00:00,2.26,2.27,2.257,2.269,25694851.3
2025-06-09 12:00:00+00:00,2.269,2.27,2.258,2.267,15899658.46
2025-06-09 13:00:00+00:00,2.267,2.267,2.24,2.246,25396112.29
2025-06-09 14:00:00+00:00,2.246,2.263,2.246,2.255,22870224.61
2025-06-09 15:00:00+00:00,2.255,2.265,2.252,2.263,14589316.97
2025-06-09 16:00:00+00:00,2.263,2.286,2.262,2.279,34077197.9
2025-06-09 17:00:00+00:00,2.279,2.314,2.279,2.291,61124698.26
2025-06-09 18:00:00+00:00,2.291,2.301,2.289,2.3,19116650.37
2025-06-09 19:00:00+00:00,2.3,2.304,2.286,2.295,17584550.44
2025-06-09 20:00:00+00:00,2.295,2.306,2.295,2.305,16932522.05
2025-06-09 21:00:00+00:00,2.305,2.326,2.305,2.316,51099752.59
2025-06-09 22:00:00+00:00,2.316,2.329,2.316,2.323,32075617.36
2025-06-09 23:00:00+00:00,2.323,2.325,2.31,2.321,17882758.15
2025-06-10 00:00:00+00:00,2.321,2.327,2.308,2.315,31747875.08
2025-06-10 01:00:00+00:00,2.315,2.319,2.305,2.316,24248987.82
2025-06-10 02:00:00+00:00,2.316,2.316,2.306,2.31,15108709.66
2025-06-10 03:00:00+00:00,2.31,2.31,2.298,2.299,15512968.0
2025-06-10 04:00:00+00:00,2.299,2.302,2.292,2.294,13032063.54
2025-06-10 05:00:00+00:00,2.294,2.297,2.28,2.284,21248408.93
2025-06-10 06:00:00+00:00,2.284,2.292,2.273,2.286,25798315.82
2025-06-10 07:00:00+00:00,2.286,2.29,2.278,2.284,16514810.84
2025-06-10 08:00:00+00:00,2.284,2.287,2.275,2.276,13449962.72
2025-06-10 09:00:00+00:00,2.276,2.294,2.273,2.292,25627464.96
2025-06-10 10:00:00+00:00,2.292,2.292,2.278,2.282,14920480.93
2025-06-10 11:00:00+00:00,2.282,2.315,2.27,2.305,44604768.12
2025-06-10 12:00:00+00:00,2.305,2.319,2.295,2.315,33295996.27
2025-06-10 13:00:00+00:00,2.315,2.315,2.282,2.293,39703884.39
2025-06-10 14:00:00+00:00,2.293,2.293,2.27,2.275,26276138.59
2025-06-10 15:00:00+00:00,2.275,2.287,2.261,2.276,32082934.8
2025-06-10 16:00:00+00:00,2.276,2.282,2.269,2.273,16079138.86
2025-06-10 17:00:00+00:00,2.273,2.289,2.27,2.288,11174622.2
2025-06-10 18:00:00+00:00,2.288,2.297,2.281,2.293,10913087.82
2025-06-10 19:00:00+00:00,2.293,2.313,2.288,2.296,30078293.21
2025-06-10 20:00:00+00:00,2.296,2.301,2.285,2.299,15381821.26
2025-06-10 21:00:00+00:00,2.299,2.306,2.292,2.298,26237605.72
2025-06-10 22:00:00+00:00,2.298,2.313,2.297,2.303,21503005.73
2025-06-10 23:00:00+00:00,2.303,2.31,2.3,2.307,12488616.48
2025-06-11 00:00:00+00:00,2.307,2.312,2.288,2.29,27620868.46
2025-06-11 01:00:00+00:00,2.29,2.293,2.279,2.283,21040674.33
2025-06-11 02:00:00+00:00,2.283,2.292,2.282,2.287,9610307.81
2025-06-11 03:00:00+00:00,2.287,2.302,2.286,2.298,12908408.65
2025-06-11 04:00:00+00:00,2.298,2.298,2.289,2.291,8867174.09
2025-06-11 05:00:00+00:00,2.291,2.299,2.288,2.297,9364747.3
2025-06-11 06:00:00+00:00,2.297,2.301,2.286,2.294,19912576.24
2025-06-11 07:00:00+00:00,2.294,2.297,2.283,2.293,16148161.14
2025-06-11 08:00:00+00:00,2.293,2.327,2.293,2.323,70183721.31
2025-06-11 09:00:00+00:00,2.323,2.329,2.303,2.308,31932077.31
2025-06-11 10:00:00+00:00,2.308,2.329,2.307,2.325,32388233.72
2025-06-11 11:00:00+00:00,2.325,2.327,2.308,2.315,19433192.63
2025-06-11 12:00:00+00:00,2.315,2.335,2.305,2.324,53013377.44
2025-06-11 13:00:00+00:00,2.324,2.326,2.31,2.315,19292862.09
2025-06-11 14:00:00+00:00,2.315,2.338,2.313,2.327,27127073.27
2025-06-11 15:00:00+00:00,2.327,2.331,2.315,2.326,24902134.96
2025-06-11 16:00:00+00:00,2.326,2.331,2.316,2.317,21532494.91
2025-06-11 17:00:00+00:00,2.317,2.324,2.302,2.303,19545124.98
2025-06-11 18:00:00+00:00,2.303,2.307,2.29,2.297,28663664.33
2025-06-11 19:00:00+00:00,2.297,2.298,2.283,2.286,14708890.28
2025-06-11 20:00:00+00:00,2.286,2.297,2.28,2.295,12882080.47
2025-06-11 21:00:00+00:00,2.295,2.3,2.272,2.273,22501307.7
2025-06-11 22:00:00+00:00,2.273,2.273,2.253,2.261,39895369.04
2025-06-11 23:00:00+00:00,2.261,2.272,2.26,2.271,13199280.69
2025-06-12 00:00:00+00:00,2.271,2.273,2.257,2.267,15769546.95
2025-06-12 01:00:00+00:00,2.267,2.268,2.246,2.257,19315229.97
2025-06-12 02:00:00+00:00,2.257,2.262,2.247,2.249,14238541.99
2025-06-12 03:00:00+00:00,2.249,2.252,2.238,2.244,20994662.49
2025-06-12 04:00:00+00:00,2.244,2.249,2.238,2.247,18486452.25
2025-06-12 05:00:00+00:00,2.247,2.258,2.244,2.256,11897082.27
2025-06-12 06:00:00+00:00,2.256,2.256,2.248,2.249,15183347.27
2025-06-12 07:00:00+00:00,2.249,2.249,2.233,2.24,21270312.97
2025-06-12 08:00:00+00:00,2.24,2.245,2.231,2.244,13842937.26
2025-06-12 09:00:00+00:00,2.244,2.25,2.243,2.245,9202649.85
2025-06-12 10:00:00+00:00,2.245,2.245,2.234,2.239,14281478.66
2025-06-12 11:00:00+00:00,2.239,2.24,2.224,2.226,22968469.24
2025-06-12 12:00:00+00:00,2.226,2.238,2.221,2.234,19484976.11
2025-06-12 13:00:00+00:00,2.234,2.247,2.232,2.245,17212268.2
2025-06-12 14:00:00+00:00,2.245,2.252,2.245,2.249,19498635.88
2025-06-12 15:00:00+00:00,2.249,2.252,2.228,2.228,19482070.88
2025-06-12 16:00:00+00:00,2.228,2.247,2.228,2.243,17063181.75
2025-06-12 17:00:00+00:00,2.243,2.255,2.242,2.252,13099304.35
2025-06-12 18:00:00+00:00,2.252,2.253,2.231,2.238,9793662.91
2025-06-12 19:00:00+00:00,2.238,2.243,2.203,2.204,26329771.57
2025-06-12 20:00:00+00:00,2.204,2.213,2.171,2.184,52718779.94
2025-06-12 21:00:00+00:00,2.184,2.205,2.178,2.19,26284412.66
2025-06-12 22:00:00+00:00,2.19,2.199,2.181,2.187,18498096.94
2025-06-12 23:00:00+00:00,2.187,2.197,2.185,2.19,11770131.73
2025-06-13 00:00:00+00:00,2.19,2.192,2.096,2.125,149981688.87
2025-06-13 01:00:00+00:00,2.125,2.125,2.085,2.111,86177962.88
2025-06-13 02:00:00+00:00,2.111,2.112,2.084,2.102,44378264.95
2025-06-13 03:00:00+00:00,2.102,2.134,2.101,2.125,38046957.71
2025-06-13 04:00:00+00:00,2.125,2.125,2.11,2.123,24857571.23
2025-06-13 05:00:00+00:00,2.123,2.125,2.113,2.113,19185733.11
2025-06-13 06:00:00+00:00,2.113,2.119,2.093,2.119,40099351.26
2025-06-13 07:00:00+00:00,2.119,2.132,2.109,2.129,33018912.12
2025-06-13 08:00:00+00:00,2.129,2.157,2.127,2.136,47252973.55
2025-06-13 09:00:00+00:00,2.136,2.141,2.125,2.133,22775573.1
2025-06-13 10:00:00+00:00,2.133,2.148,2.124,2.146,18831803.74
2025-06-13 11:00:00+00:00,2.146,2.156,2.138,2.154,18897127.62
2025-06-13 12:00:00+00:00,2.154,2.162,2.149,2.15,22064273.77
2025-06-13 13:00:00+00:00,2.15,2.158,2.138,2.14,24284669.17
2025-06-13 14:00:00+00:00,2.14,2.148,2.122,2.14,33043220.18
2025-06-13 15:00:00+00:00,2.14,2.153,2.137,2.147,23396856.33
2025-06-13 16:00:00+00:00,2.147,2.16,2.137,2.153,23468197.16
2025-06-13 17:00:00+00:00,2.153,2.153,2.132,2.147,17826120.85
2025-06-13 18:00:00+00:00,2.147,2.15,2.117,2.133,24827266.33
2025-06-13 19:00:00+00:00,2.133,2.139,2.121,2.122,18658031.72
2025-06-13 20:00:00+00:00,2.122,2.148,2.121,2.141,14917106.09
2025-06-13 21:00:00+00:00,2.141,2.147,2.133,2.139,9915707.35
2025-06-13 22:00:00+00:00,2.139,2.147,2.135,2.141,10345477.2
2025-06-13 23:00:00+00:00,2.141,2.151,2.14,2.147,10428031.86
2025-06-14 00:00:00+00:00,2.147,2.149,2.139,2.14,18001726.34
2025-06-14 01:00:00+00:00,2.14,2.141,2.133,2.14,7047423.89
2025-06-14 02:00:00+00:00,2.14,2.146,2.138,2.142,5039352.2
2025-06-14 03:00:00+00:00,2.142,2.16,2.14,2.159,14229942.65
2025-06-14 04:00:00+00:00,2.159,2.17,2.159,2.164,18329426.56
2025-06-14 05:00:00+00:00,2.164,2.169,2.155,2.158,11401170.9
2025-06-14 06:00:00+00:00,2.158,2.162,2.15,2.156,15239676.87
2025-06-14 07:00:00+00:00,2.156,2.168,2.149,2.165,14508301.82
2025-06-14 08:00:00+00:00,2.165,2.179,2.158,2.173,27822682.55
2025-06-14 09:00:00+00:00,2.173,2.174,2.162,2.166,9502034.81
2025-06-14 10:00:00+00:00,2.166,2.172,2.161,2.17,8439893.81
2025-06-14 11:00:00+00:00,2.17,2.178,2.167,2.177,8765433.8
2025-06-14 12:00:00+00:00,2.177,2.178,2.165,2.172,9942889.86
2025-06-14 13:00:00+00:00,2.172,2.176,2.16,2.165,8449065.16
2025-06-14 14:00:00+00:00,2.165,2.169,2.161,2.164,7923130.14
2025-06-14 15:00:00+00:00,2.164,2.168,2.145,2.149,20790792.81
2025-06-14 16:00:00+00:00,2.149,2.151,2.117,2.124,32778306.98
2025-06-14 17:00:00+00:00,2.124,2.14,2.122,2.13,18890890.24
2025-06-14 18:00:00+00:00,2.13,2.14,2.115,2.127,17610603.91
2025-06-14 19:00:00+00:00,2.127,2.137,2.123,2.124,13793550.54
2025-06-14 20:00:00+00:00,2.124,2.131,2.109,2.127,16072976.86
2025-06-14 21:00:00+00:00,2.127,2.143,2.125,2.138,12792809.21
2025-06-14 22:00:00+00:00,2.138,2.143,2.135,2.138,7529827.44
2025-06-14 23:00:00+00:00,2.138,2.146,2.138,2.139,7727751.06
2025-06-15 00:00:00+00:00,2.139,2.149,2.138,2.148,7963785.29
2025-06-15 01:00:00+00:00,2.148,2.149,2.141,2.143,9970383.07
2025-06-15 02:00:00+00:00,2.143,2.15,2.143,2.146,5639137.35
2025-06-15 03:00:00+00:00,2.146,2.153,2.145,2.153,4866635.59
2025-06-15 04:00:00+00:00,2.153,2.161,2.152,2.159,6315721.96
2025-06-15 05:00:00+00:00,2.159,2.161,2.152,2.161,6831442.13
2025-06-15 06:00:00+00:00,2.161,2.162,2.151,2.153,9264155.61
2025-06-15 07:00:00+00:00,2.153,2.155,2.148,2.151,6439077.19
2025-06-15 08:00:00+00:00,2.151,2.155,2.146,2.154,9019828.39
2025-06-15 09:00:00+00:00,2.154,2.164,2.151,2.156,12718558.32
2025-06-15 10:00:00+00:00,2.156,2.165,2.156,2.163,12333177.07
2025-06-15 11:00:00+00:00,2.163,2.167,2.157,2.159,12918966.14
2025-06-15 12:00:00+00:00,2.159,2.167,2.157,2.164,8443770.07
2025-06-15 13:00:00+00:00,2.164,2.174,2.164,2.171,12739264.9
2025-06-15 14:00:00+00:00,2.171,2.176,2.164,2.173,11244171.44
2025-06-15 15:00:00+00:00,2.173,2.174,2.163,2.164,12069411.39
2025-06-15 16:00:00+00:00,2.164,2.168,2.159,2.167,11793011.73
2025-06-15 17:00:00+00:00,2.167,2.172,2.162,2.169,5727254.52
2025-06-15 18:00:00+00:00,2.169,2.169,2.163,2.167,5768564.03
2025-06-15 19:00:00+00:00,2.167,2.171,2.16,2.164,6983637.24
2025-06-15 20:00:00+00:00,2.164,2.164,2.141,2.147,24118617.15
2025-06-15 21:00:00+00:00,2.147,2.16,2.141,2.158,12832424.14
2025-06-15 22:00:00+00:00,2.158,2.168,2.157,2.166,12743907.17
2025-06-15 23:00:00+00:00,2.166,2.171,2.165,2.166,7629962.61
2025-06-16 00:00:00+00:00,2.166,2.168,2.158,2.167,10393054.03
2025-06-16 01:00:00+00:00,2.167,2.176,2.151,2.174,18223840.36
2025-06-16 02:00:00+00:00,2.174,2.187,2.173,2.173,22418512.7
2025-06-16 03:00:00+00:00,2.173,2.18,2.171,2.172,10428602.66
2025-06-16 04:00:00+00:00,2.172,2.187,2.171,2.178,16785658.17
2025-06-16 05:00:00+00:00,2.178,2.19,2.174,2.181,20943997.16
2025-06-16 06:00:00+00:00,2.181,2.187,2.177,2.181,26318384.1
2025-06-16 07:00:00+00:00,2.181,2.204,2.181,2.203,40074824.94
2025-06-16 08:00:00+00:00,2.203,2.207,2.194,2.201,15674518.74
2025-06-16 09:00:00+00:00,2.201,2.203,2.196,2.199,11734331.63
2025-06-16 10:00:00+00:00,2.199,2.21,2.197,2.21,19041561.13
2025-06-16 11:00:00+00:00,2.21,2.249,2.207,2.246,41642645.62
2025-06-16 12:00:00+00:00,2.246,2.273,2.245,2.248,69497245.32
2025-06-16 13:00:00+00:00,2.248,2.265,2.248,2.259,35712977.46
2025-06-16 14:00:00+00:00,2.259,2.292,2.246,2.281,63862253.45
2025-06-16 15:00:00+00:00,2.281,2.298,2.277,2.29,46429144.92
2025-06-16 16:00:00+00:00,2.29,2.327,2.29,2.31,78980913.05
2025-06-16 17:00:00+00:00,2.31,2.322,2.308,2.308,34717561.71
2025-06-16 18:00:00+00:00,2.308,2.33,2.306,2.324,38385162.7
2025-06-16 19:00:00+00:00,2.324,2.336,2.316,2.336,43005133.86
2025-06-16 20:00:00+00:00,2.336,2.337,2.309,2.319,60283387.46
2025-06-16 21:00:00+00:00,2.319,2.325,2.292,2.296,51749739.85
2025-06-16 22:00:00+00:00,2.296,2.311,2.262,2.275,64789229.41
2025-06-16 23:00:00+00:00,2.275,2.282,2.229,2.238,53703989.89
2025-06-17 00:00:00+00:00,2.238,2.255,2.202,2.254,87562073.99
2025-06-17 01:00:00+00:00,2.254,2.257,2.237,2.253,24248284.71
2025-06-17 02:00:00+00:00,2.253,2.253,2.229,2.251,26897935.03
2025-06-17 03:00:00+00:00,2.251,2.254,2.242,2.249,17589314.3
2025-06-17 04:00:00+00:00,2.249,2.249,2.232,2.245,20813347.38
2025-06-17 05:00:00+00:00,2.245,2.253,2.235,2.237,18247271.45
2025-06-17 06:00:00+00:00,2.237,2.247,2.23,2.234,18245960.31
2025-06-17 07:00:00+00:00,2.234,2.24,2.226,2.236,22870543.1
2025-06-17 08:00:00+00:00,2.236,2.239,2.215,2.217,22734898.65
2025-06-17 09:00:00+00:00,2.217,2.225,2.212,2.214,21519532.31
2025-06-17 10:00:00+00:00,2.214,2.215,2.203,2.214,21425803.85
2025-06-17 11:00:00+00:00,2.214,2.214,2.188,2.194,28134503.4
2025-06-17 12:00:00+00:00,2.194,2.215,2.19,2.206,23625241.66
2025-06-17 13:00:00+00:00,2.206,2.225,2.206,2.216,23990611.22
2025-06-17 14:00:00+00:00,2.216,2.221,2.193,2.194,26593169.24
2025-06-17 15:00:00+00:00,2.194,2.195,2.164,2.179,60239225.85
2025-06-17 16:00:00+00:00,2.179,2.183,2.148,2.149,45632663.86
2025-06-17 17:00:00+00:00,2.149,2.167,2.142,2.148,37305096.86
2025-06-17 18:00:00+00:00,2.148,2.177,2.146,2.176,21481086.31
2025-06-17 19:00:00+00:00,2.176,2.204,2.173,2.183,31075183.98
2025-06-17 20:00:00+00:00,2.183,2.191,2.168,2.168,27895040.15
2025-06-17 21:00:00+00:00,2.168,2.173,2.152,2.157,27735818.13
2025-06-17 22:00:00+00:00,2.157,2.16,2.144,2.146,15508780.59
2025-06-17 23:00:00+00:00,2.146,2.166,2.145,2.159,12432885.15
2025-06-18 00:00:00+00:00,2.159,2.167,2.152,2.167,10756409.55
2025-06-18 01:00:00+00:00,2.167,2.177,2.161,2.161,12961426.19
2025-06-18 02:00:00+00:00,2.161,2.168,2.155,2.159,9612564.21
2025-06-18 03:00:00+00:00,2.159,2.171,2.158,2.167,9178037.65
2025-06-18 04:00:00+00:00,2.167,2.174,2.162,2.172,11554052.08
2025-06-18 05:00:00+00:00,2.172,2.176,2.167,2.168,9249948.02
2025-06-18 06:00:00+00:00,2.168,2.169,2.152,2.155,20126635.34
2025-06-18 07:00:00+00:00,2.155,2.164,2.147,2.163,22405982.28
2025-06-18 08:00:00+00:00,2.163,2.169,2.152,2.156,10286672.43
2025-06-18 09:00:00+00:00,2.156,2.164,2.145,2.147,13730326.95
2025-06-18 10:00:00+00:00,2.147,2.151,2.125,2.13,30694977.84
2025-06-18 11:00:00+00:00,2.13,2.144,2.125,2.142,22228602.85
2025-06-18 12:00:00+00:00,2.142,2.145,2.131,2.132,15760659.38
2025-06-18 13:00:00+00:00,2.132,2.142,2.118,2.138,33977267.67
2025-06-18 14:00:00+00:00,2.138,2.162,2.133,2.145,37784212.89
2025-06-18 15:00:00+00:00,2.145,2.156,2.135,2.151,21100764.66
2025-06-18 16:00:00+00:00,2.151,2.152,2.135,2.141,12213701.84
2025-06-18 17:00:00+00:00,2.141,2.153,2.133,2.149,14015896.89
2025-06-18 18:00:00+00:00,2.149,2.162,2.129,2.131,28917212.23
2025-06-18 19:00:00+00:00,2.131,2.153,2.129,2.141,18878136.54
2025-06-18 20:00:00+00:00,2.141,2.179,2.136,2.173,21806572.62
2025-06-18 21:00:00+00:00,2.173,2.181,2.162,2.175,20107117.86
2025-06-18 22:00:00+00:00,2.175,2.18,2.168,2.169,10782826.82
2025-06-18 23:00:00+00:00,2.169,2.177,2.165,2.171,9060139.57
2025-06-19 00:00:00+00:00,2.171,2.185,2.163,2.176,17308900.18
2025-06-19 01:00:00+00:00,2.176,2.177,2.16,2.161,12535252.06
2025-06-19 02:00:00+00:00,2.161,2.167,2.156,2.159,9745230.91
2025-06-19 03:00:00+00:00,2.159,2.168,2.159,2.166,8654743.01
2025-06-19 04:00:00+00:00,2.166,2.169,2.157,2.168,9313596.22
2025-06-19 05:00:00+00:00,2.168,2.176,2.164,2.166,11391204.32
2025-06-19 06:00:00+00:00,2.166,2.172,2.154,2.155,15261840.58
2025-06-19 07:00:00+00:00,2.155,2.163,2.154,2.156,14410517.0
2025-06-19 08:00:00+00:00,2.156,2.163,2.156,2.157,9916458.94
2025-06-19 09:00:00+00:00,2.157,2.167,2.154,2.163,10662463.92
2025-06-19 10:00:00+00:00,2.163,2.166,2.156,2.16,15023810.43
2025-06-19 11:00:00+00:00,2.16,2.16,2.149,2.152,11480298.97
2025-06-19 12:00:00+00:00,2.152,2.159,2.148,2.154,9799953.52
2025-06-19 13:00:00+00:00,2.154,2.157,2.148,2.149,9829944.83
2025-06-19 14:00:00+00:00,2.149,2.157,2.144,2.148,12886490.94
2025-06-19 15:00:00+00:00,2.148,2.156,2.144,2.146,11547369.07
2025-06-19 16:00:00+00:00,2.146,2.16,2.146,2.157,8013661.33
2025-06-19 17:00:00+00:00,2.157,2.174,2.157,2.169,17876687.46
2025-06-19 18:00:00+00:00,2.169,2.177,2.167,2.172,10537133.28
2025-06-19 19:00:00+00:00,2.172,2.175,2.168,2.172,7396554.23
2025-06-19 20:00:00+00:00,2.172,2.174,2.162,2.165,8744600.74
2025-06-19 21:00:00+00:00,2.165,2.167,2.16,2.162,9536246.57
2025-06-19 22:00:00+00:00,2.162,2.171,2.162,2.166,6619880.39
2025-06-19 23:00:00+00:00,2.166,2.168,2.161,2.165,6222316.55
2025-06-20 00:00:00+00:00,2.165,2.173,2.162,2.171,8983240.35
2025-06-20 01:00:00+00:00,2.171,2.172,2.157,2.167,8244124.55
2025-06-20 02:00:00+00:00,2.167,2.169,2.161,2.164,6595994.12
2025-06-20 03:00:00+00:00,2.164,2.164,2.155,2.155,7978176.3
2025-06-20 04:00:00+00:00,2.155,2.157,2.146,2.147,13633982.45
2025-06-20 05:00:00+00:00,2.147,2.152,2.14,2.151,16089409.6
2025-06-20 06:00:00+00:00,2.151,2.155,2.144,2.145,13232475.8
2025-06-20 07:00:00+00:00,2.145,2.168,2.141,2.167,18692541.94
2025-06-20 08:00:00+00:00,2.167,2.177,2.162,2.168,20113992.0
2025-06-20 09:00:00+00:00,2.168,2.172,2.164,2.17,8385909.29
2025-06-20 10:00:00+00:00,2.17,2.175,2.165,2.172,9232163.8
2025-06-20 11:00:00+00:00,2.172,2.175,2.167,2.172,10369379.43
2025-06-20 12:00:00+00:00,2.172,2.177,2.169,2.172,10187227.18
2025-06-20 13:00:00+00:00,2.172,2.179,2.16,2.164,17723801.56
2025-06-20 14:00:00+00:00,2.164,2.167,2.134,2.135,32958534.49
2025-06-20 15:00:00+00:00,2.135,2.146,2.131,2.134,26387575.52
2025-06-20 16:00:00+00:00,2.134,2.134,2.117,2.122,31745063.95
2025-06-20 17:00:00+00:00,2.122,2.126,2.085,2.118,71346527.38
2025-06-20 18:00:00+00:00,2.118,2.137,2.116,2.126,26305420.46
2025-06-20 19:00:00+00:00,2.126,2.131,2.114,2.129,16160779.9
2025-06-20 20:00:00+00:00,2.129,2.148,2.124,2.133,18004548.95
2025-06-20 21:00:00+00:00,2.133,2.133,2.12,2.122,10709621.02
2025-06-20 22:00:00+00:00,2.122,2.122,2.109,2.11,11435956.83
2025-06-20 23:00:00+00:00,2.11,2.121,2.108,2.119,6590307.98
2025-06-21 00:00:00+00:00,2.119,2.123,2.115,2.118,8060828.79
2025-06-21 01:00:00+00:00,2.118,2.129,2.117,2.124,7824438.34
2025-06-21 02:00:00+00:00,2.124,2.128,2.122,2.126,5379669.97
2025-06-21 03:00:00+00:00,2.126,2.132,2.126,2.13,6399928.66
2025-06-21 04:00:00+00:00,2.13,2.131,2.121,2.121,5057947.51
2025-06-21 05:00:00+00:00,2.121,2.127,2.119,2.127,4900829.59
2025-06-21 06:00:00+00:00,2.127,2.131,2.126,2.129,5385648.29
2025-06-21 07:00:00+00:00,2.129,2.134,2.126,2.133,4894152.19
2025-06-21 08:00:00+00:00,2.133,2.139,2.133,2.139,5844597.59
2025-06-21 09:00:00+00:00,2.139,2.14,2.134,2.139,6745746.6
2025-06-21 10:00:00+00:00,2.139,2.145,2.139,2.142,8743894.56
2025-06-21 11:00:00+00:00,2.142,2.142,2.136,2.137,7517069.03
2025-06-21 12:00:00+00:00,2.137,2.14,2.13,2.13,6612514.15
2025-06-21 13:00:00+00:00,2.13,2.132,2.114,2.116,13270270.6
2025-06-21 14:00:00+00:00,2.116,2.125,2.113,2.119,12889893.24
2025-06-21 15:00:00+00:00,2.119,2.122,2.109,2.117,10832428.83
2025-06-21 16:00:00+00:00,2.117,2.119,2.11,2.112,6049878.16
2025-06-21 17:00:00+00:00,2.112,2.116,2.094,2.095,16709407.59
2025-06-21 18:00:00+00:00,2.095,2.106,2.078,2.083,32528374.21
2025-06-21 19:00:00+00:00,2.083,2.088,2.07,2.071,31434947.31
2025-06-21 20:00:00+00:00,2.071,2.094,2.068,2.088,23314251.05
2025-06-21 21:00:00+00:00,2.088,2.089,2.006,2.038,120242311.69
2025-06-21 22:00:00+00:00,2.038,2.062,2.036,2.056,31954048.94
2025-06-21 23:00:00+00:00,2.056,2.066,2.02,2.063,48695670.36
2025-06-22 00:00:00+00:00,2.063,2.087,2.049,2.082,34747689.88
2025-06-22 01:00:00+00:00,2.082,2.088,2.059,2.06,15001754.02
2025-06-22 02:00:00+00:00,2.06,2.073,2.039,2.055,24621769.52
2025-06-22 03:00:00+00:00,2.055,2.069,2.051,2.059,12881803.23
2025-06-22 04:00:00+00:00,2.059,2.08,2.056,2.074,12066273.88
2025-06-22 05:00:00+00:00,2.074,2.082,2.07,2.081,12897677.52
2025-06-22 06:00:00+00:00,2.081,2.089,2.077,2.084,9810116.36
2025-06-22 07:00:00+00:00,2.084,2.085,2.066,2.068,12217030.44
2025-06-22 08:00:00+00:00,2.068,2.074,2.062,2.072,9668044.28
2025-06-22 09:00:00+00:00,2.072,2.078,2.037,2.037,22217189.78
2025-06-22 10:00:00+00:00,2.037,2.047,2.033,2.035,23617036.61
2025-06-22 11:00:00+00:00,2.035,2.042,2.014,2.025,29562916.46
2025-06-22 12:00:00+00:00,2.025,2.029,2.0,2.022,38144658.45
2025-06-22 13:00:00+00:00,2.022,2.027,1.943,1.962,166483749.3
2025-06-22 14:00:00+00:00,1.962,1.976,1.926,1.952,112455848.12
2025-06-22 15:00:00+00:00,1.952,1.961,1.93,1.934,41255256.64
2025-06-22 16:00:00+00:00,1.934,1.961,1.929,1.961,37185059.29
2025-06-22 17:00:00+00:00,1.961,1.982,1.956,1.976,37697875.69
2025-06-22 18:00:00+00:00,1.976,1.983,1.963,1.965,20695069.1
2025-06-22 19:00:00+00:00,1.965,1.968,1.954,1.964,16382242.52
2025-06-22 20:00:00+00:00,1.964,1.98,1.908,1.968,78112128.3
2025-06-22 21:00:00+00:00,1.968,1.977,1.955,1.959,23726955.7
2025-06-22 22:00:00+00:00,1.959,2.016,1.943,2.016,58918648.25
2025-06-22 23:00:00+00:00,2.016,2.023,2.006,2.017,34995391.32
2025-06-23 00:00:00+00:00,2.017,2.033,2.011,2.017,28361444.55
2025-06-23 01:00:00+00:00,2.017,2.023,2.004,2.022,11861227.1
2025-06-23 02:00:00+00:00,2.022,2.024,2.012,2.016,13073763.85
2025-06-23 03:00:00+00:00,2.016,2.025,2.012,2.018,14698959.46
2025-06-23 04:00:00+00:00,2.018,2.026,2.012,2.022,14628905.12
2025-06-23 05:00:00+00:00,2.022,2.033,2.017,2.031,21258487.39
2025-06-23 06:00:00+00:00,2.031,2.035,2.011,2.022,26241593.24
2025-06-23 07:00:00+00:00,2.022,2.032,2.014,2.023,23230445.43
2025-06-23 08:00:00+00:00,2.023,2.028,2.013,2.02,14438141.71
2025-06-23 09:00:00+00:00,2.02,2.02,2.005,2.008,18152034.35
2025-06-23 10:00:00+00:00,2.008,2.008,1.986,1.994,23995098.38
2025-06-23 11:00:00+00:00,1.994,2.004,1.99,2.001,18854766.24
2025-06-23 12:00:00+00:00,2.001,2.02,1.996,2.02,17421977.51
2025-06-23 13:00:00+00:00,2.02,2.033,1.986,2.029,43522990.73
2025-06-23 14:00:00+00:00,2.029,2.038,2.013,2.019,37505412.13
2025-06-23 15:00:00+00:00,2.019,2.03,1.995,1.999,28667859.48
2025-06-23 16:00:00+00:00,1.999,2.001,1.962,1.972,52790939.9
2025-06-23 17:00:00+00:00,1.972,2.052,1.966,2.028,70096342.49
2025-06-23 18:00:00+00:00,2.028,2.056,2.027,2.047,40697862.2
2025-06-23 19:00:00+00:00,2.047,2.063,2.046,2.058,34755633.84
2025-06-23 20:00:00+00:00,2.058,2.099,2.057,2.076,54137783.17
2025-06-23 21:00:00+00:00,2.076,2.092,2.075,2.089,21278576.71
2025-06-23 22:00:00+00:00,2.089,2.17,2.088,2.158,107715114.3
2025-06-23 23:00:00+00:00,2.158,2.17,2.155,2.158,39001204.37
2025-06-24 00:00:00+00:00,2.158,2.166,2.142,2.151,33371113.89
2025-06-24 01:00:00+00:00,2.151,2.161,2.147,2.154,18592189.32
2025-06-24 02:00:00+00:00,2.154,2.154,2.132,2.134,20584442.87
2025-06-24 03:00:00+00:00,2.134,2.152,2.133,2.151,16083175.95
2025-06-24 04:00:00+00:00,2.151,2.155,2.147,2.149,14024605.01
2025-06-24 05:00:00+00:00,2.149,2.205,2.149,2.203,51467214.78
2025-06-24 06:00:00+00:00,2.203,2.21,2.182,2.192,40101941.24
2025-06-24 07:00:00+00:00,2.192,2.204,2.174,2.178,35778020.19
2025-06-24 08:00:00+00:00,2.178,2.184,2.161,2.18,34938033.52
2025-06-24 09:00:00+00:00,2.18,2.206,2.177,2.184,30969104.99
2025-06-24 10:00:00+00:00,2.184,2.196,2.18,2.184,21443835.14
2025-06-24 11:00:00+00:00,2.184,2.187,2.169,2.184,22860403.52
2025-06-24 12:00:00+00:00,2.184,2.186,2.167,2.18,22440515.78
2025-06-24 13:00:00+00:00,2.18,2.183,2.166,2.174,23422062.06
2025-06-24 14:00:00+00:00,2.174,2.192,2.173,2.184,29152481.94
2025-06-24 15:00:00+00:00,2.184,2.194,2.176,2.188,18394930.18
2025-06-24 16:00:00+00:00,2.188,2.209,2.185,2.209,32218733.72
2025-06-24 17:00:00+00:00,2.209,2.209,2.184,2.199,26152051.85
2025-06-24 18:00:00+00:00,2.199,2.202,2.186,2.195,14876990.61
2025-06-24 19:00:00+00:00,2.195,2.208,2.19,2.207,21709882.67
2025-06-24 20:00:00+00:00,2.207,2.216,2.196,2.216,28570857.26
2025-06-24 21:00:00+00:00,2.216,2.216,2.199,2.204,16370350.08
2025-06-24 22:00:00+00:00,2.204,2.204,2.18,2.188,18815871.82
2025-06-24 23:00:00+00:00,2.188,2.191,2.178,2.19,10288920.46
2025-06-25 00:00:00+00:00,2.19,2.198,2.181,2.196,15496361.22
2025-06-25 01:00:00+00:00,2.196,2.198,2.185,2.189,15879509.62
2025-06-25 02:00:00+00:00,2.189,2.195,2.182,2.183,13090120.52
2025-06-25 03:00:00+00:00,2.183,2.188,2.177,2.178,12069708.72
2025-06-25 04:00:00+00:00,2.178,2.18,2.173,2.176,12865729.67
2025-06-25 05:00:00+00:00,2.176,2.183,2.17,2.18,13658321.21
2025-06-25 06:00:00+00:00,2.18,2.185,2.171,2.184,16419740.63
2025-06-25 07:00:00+00:00,2.184,2.188,2.178,2.186,15778959.85
2025-06-25 08:00:00+00:00,2.186,2.189,2.174,2.183,19234150.05
2025-06-25 09:00:00+00:00,2.183,2.189,2.175,2.184,17330139.07
2025-06-25 10:00:00+00:00,2.184,2.191,2.181,2.19,14667659.74
2025-06-25 11:00:00+00:00,2.19,2.197,2.183,2.195,13002530.05
2025-06-25 12:00:00+00:00,2.195,2.195,2.185,2.188,14715475.46
2025-06-25 13:00:00+00:00,2.188,2.229,2.187,2.224,57513223.46
2025-06-25 14:00:00+00:00,2.224,2.228,2.19,2.204,42018943.85
2025-06-25 15:00:00+00:00,2.204,2.204,2.175,2.181,32303927.9
2025-06-25 16:00:00+00:00,2.181,2.19,2.172,2.175,21944390.59
2025-06-25 17:00:00+00:00,2.175,2.193,2.175,2.189,13850012.54
2025-06-25 18:00:00+00:00,2.189,2.192,2.184,2.189,8792205.65
2025-06-25 19:00:00+00:00,2.189,2.208,2.188,2.206,17371745.29
2025-06-25 20:00:00+00:00,2.206,2.206,2.194,2.196,14152901.38
2025-06-25 21:00:00+00:00,2.196,2.202,2.184,2.187,9174528.94
2025-06-25 22:00:00+00:00,2.187,2.187,2.178,2.181,7557657.65
2025-06-25 23:00:00+00:00,2.181,2.187,2.175,2.186,8333642.12
2025-06-26 00:00:00+00:00,2.186,2.193,2.183,2.187,11126250.47
2025-06-26 01:00:00+00:00,2.187,2.204,2.18,2.197,18501293.89
2025-06-26 02:00:00+00:00,2.197,2.204,2.19,2.202,21873558.08
2025-06-26 03:00:00+00:00,2.202,2.213,2.192,2.195,31941843.56
2025-06-26 04:00:00+00:00,2.195,2.198,2.188,2.194,9454766.13
2025-06-26 05:00:00+00:00,2.194,2.197,2.186,2.189,8531484.78
2025-06-26 06:00:00+00:00,2.189,2.19,2.182,2.188,13142660.22
2025-06-26 07:00:00+00:00,2.188,2.198,2.185,2.19,17215172.24
2025-06-26 08:00:00+00:00,2.19,2.195,2.187,2.189,7172480.14
2025-06-26 09:00:00+00:00,2.189,2.19,2.176,2.176,16773507.23
2025-06-26 10:00:00+00:00,2.176,2.181,2.173,2.175,13408745.71
2025-06-26 11:00:00+00:00,2.175,2.176,2.17,2.171,14581502.38
2025-06-26 12:00:00+00:00,2.171,2.173,2.155,2.157,27988458.91
2025-06-26 13:00:00+00:00,2.157,2.16,2.118,2.124,59720155.12
2025-06-26 14:00:00+00:00,2.124,2.145,2.114,2.124,53217394.92
2025-06-26 15:00:00+00:00,2.124,2.13,2.107,2.12,34961951.44
2025-06-26 16:00:00+00:00,2.12,2.123,2.096,2.101,42663125.84
2025-06-26 17:00:00+00:00,2.101,2.12,2.101,2.114,19963200.75
2025-06-26 18:00:00+00:00,2.114,2.126,2.112,2.122,16107611.12
2025-06-26 19:00:00+00:00,2.122,2.135,2.121,2.125,15896398.27
2025-06-26 20:00:00+00:00,2.125,2.146,2.123,2.135,16300651.32
2025-06-26 21:00:00+00:00,2.135,2.136,2.109,2.118,23254771.01
2025-06-26 22:00:00+00:00,2.118,2.123,2.108,2.11,13695139.83
2025-06-26 23:00:00+00:00,2.11,2.111,2.103,2.105,11780340.82
2025-06-27 00:00:00+00:00,2.105,2.111,2.083,2.083,28667807.83
2025-06-27 01:00:00+00:00,2.083,2.102,2.079,2.096,26820237.35
2025-06-27 02:00:00+00:00,2.096,2.108,2.093,2.104,14880390.74
2025-06-27 03:00:00+00:00,2.104,2.11,2.099,2.105,10601734.24
2025-06-27 04:00:00+00:00,2.105,2.114,2.1,2.11,13136757.87
2025-06-27 05:00:00+00:00,2.11,2.113,2.094,2.094,12892307.1
2025-06-27 06:00:00+00:00,2.094,2.097,2.087,2.096,19863979.26
2025-06-27 07:00:00+00:00,2.096,2.104,2.082,2.085,29783831.83
2025-06-27 08:00:00+00:00,2.085,2.106,2.085,2.1,24973303.74
2025-06-27 09:00:00+00:00,2.1,2.1,2.091,2.098,17743619.76
2025-06-27 10:00:00+00:00,2.098,2.099,2.09,2.091,12036925.56
2025-06-27 11:00:00+00:00,2.091,2.095,2.085,2.091,14100220.08
2025-06-27 12:00:00+00:00,2.091,2.102,2.078,2.082,27364901.54
2025-06-27 13:00:00+00:00,2.082,2.095,2.075,2.094,22421283.24
2025-06-27 14:00:00+00:00,2.094,2.101,2.068,2.072,36563487.81
2025-06-27 15:00:00+00:00,2.072,2.1,2.068,2.098,22444849.36
2025-06-27 16:00:00+00:00,2.098,2.121,2.095,2.112,29947987.07
2025-06-27 17:00:00+00:00,2.112,2.114,2.08,2.092,19907173.78
2025-06-27 18:00:00+00:00,2.092,2.094,2.071,2.079,18045788.73
2025-06-27 19:00:00+00:00,2.079,2.099,2.077,2.094,14133749.16
2025-06-27 20:00:00+00:00,2.094,2.115,2.093,2.11,13661188.21
2025-06-27 21:00:00+00:00,2.11,2.155,2.107,2.14,49982558.0
2025-06-27 22:00:00+00:00,2.14,2.152,2.137,2.14,20530598.56
2025-06-27 23:00:00+00:00,2.14,2.143,2.127,2.142,12596743.98
2025-06-28 00:00:00+00:00,2.142,2.151,2.134,2.145,16654720.87
2025-06-28 01:00:00+00:00,2.145,2.178,2.138,2.176,25402931.89
2025-06-28 02:00:00+00:00,2.176,2.191,2.17,2.171,43890289.6
2025-06-28 03:00:00+00:00,2.171,2.186,2.171,2.185,14286439.98
2025-06-28 04:00:00+00:00,2.185,2.188,2.175,2.179,14263580.68
2025-06-28 05:00:00+00:00,2.179,2.193,2.179,2.189,15277564.17
2025-06-28 06:00:00+00:00,2.189,2.201,2.188,2.192,23507278.94
2025-06-28 07:00:00+00:00,2.192,2.194,2.187,2.191,17481338.78
2025-06-28 08:00:00+00:00,2.191,2.192,2.18,2.182,12433607.88
2025-06-28 09:00:00+00:00,2.182,2.189,2.181,2.186,10186532.91
2025-06-28 10:00:00+00:00,2.186,2.192,2.185,2.191,10072563.93
2025-06-28 11:00:00+00:00,2.191,2.194,2.189,2.193,8470809.68
2025-06-28 12:00:00+00:00,2.193,2.2,2.185,2.186,12673418.17
2025-06-28 13:00:00+00:00,2.186,2.193,2.182,2.193,9415073.79
2025-06-28 14:00:00+00:00,2.193,2.198,2.191,2.197,10187020.73
2025-06-28 15:00:00+00:00,2.197,2.206,2.193,2.204,15032351.16
2025-06-28 16:00:00+00:00,2.204,2.208,2.192,2.193,16390082.33
2025-06-28 17:00:00+00:00,2.193,2.202,2.191,2.2,13528067.18
2025-06-28 18:00:00+00:00,2.2,2.2,2.185,2.192,10150058.25
2025-06-28 19:00:00+00:00,2.192,2.192,2.185,2.186,4824742.49
2025-06-28 20:00:00+00:00,2.186,2.186,2.179,2.18,9397165.39
2025-06-28 21:00:00+00:00,2.18,2.188,2.177,2.187,7123350.45
2025-06-28 22:00:00+00:00,2.187,2.189,2.183,2.185,7804290.73
2025-06-28 23:00:00+00:00,2.185,2.186,2.181,2.185,4814786.01
2025-06-29 00:00:00+00:00,2.185,2.186,2.179,2.181,7526366.14
2025-06-29 01:00:00+00:00,2.181,2.185,2.18,2.184,4458079.78
2025-06-29 02:00:00+00:00,2.184,2.19,2.175,2.188,10055117.53
2025-06-29 03:00:00+00:00,2.188,2.188,2.183,2.184,4263991.09
2025-06-29 04:00:00+00:00,2.184,2.184,2.182,2.182,2852908.58
2025-06-29 05:00:00+00:00,2.182,2.187,2.181,2.186,3969627.71
2025-06-29 06:00:00+00:00,2.186,2.189,2.184,2.186,4313268.9
2025-06-29 07:00:00+00:00,2.186,2.187,2.182,2.184,4066584.67
2025-06-29 08:00:00+00:00,2.184,2.192,2.184,2.19,7405850.01
2025-06-29 09:00:00+00:00,2.19,2.195,2.187,2.19,9910549.83
2025-06-29 10:00:00+00:00,2.19,2.196,2.186,2.191,10866610.31
2025-06-29 11:00:00+00:00,2.191,2.198,2.188,2.196,9195751.12
2025-06-29 12:00:00+00:00,2.196,2.196,2.189,2.193,7138451.58
2025-06-29 13:00:00+00:00,2.193,2.197,2.185,2.186,10728916.52
2025-06-29 14:00:00+00:00,2.186,2.191,2.18,2.185,9106474.07
2025-06-29 15:00:00+00:00,2.185,2.187,2.182,2.183,5959371.1
2025-06-29 16:00:00+00:00,2.183,2.189,2.181,2.188,8597697.99
2025-06-29 17:00:00+00:00,2.188,2.19,2.184,2.19,5898035.16
2025-06-29 18:00:00+00:00,2.19,2.195,2.188,2.192,6458899.52
2025-06-29 19:00:00+00:00,2.192,2.193,2.186,2.189,6537907.5
2025-06-29 20:00:00+00:00,2.189,2.189,2.181,2.182,6271420.0
2025-06-29 21:00:00+00:00,2.182,2.192,2.179,2.189,11408201.1
2025-06-29 22:00:00+00:00,2.189,2.219,2.189,2.214,45243170.79
2025-06-29 23:00:00+00:00,2.214,2.22,2.206,2.206,21541876.73
2025-06-30 00:00:00+00:00,2.206,2.211,2.201,2.202,24415075.45
2025-06-30 01:00:00+00:00,2.202,2.203,2.195,2.202,11248610.21
2025-06-30 02:00:00+00:00,2.202,2.203,2.197,2.197,8884221.11
2025-06-30 03:00:00+00:00,2.197,2.199,2.195,2.196,7819559.2
2025-06-30 04:00:00+00:00,2.196,2.197,2.187,2.189,14304779.27
2025-06-30 05:00:00+00:00,2.189,2.193,2.188,2.192,10065700.29
2025-06-30 06:00:00+00:00,2.192,2.194,2.175,2.179,19157056.47
2025-06-30 07:00:00+00:00,2.179,2.188,2.172,2.187,22200235.1
2025-06-30 08:00:00+00:00,2.187,2.189,2.176,2.178,11977243.29
2025-06-30 09:00:00+00:00,2.178,2.185,2.173,2.173,10606934.54
2025-06-30 10:00:00+00:00,2.173,2.178,2.169,2.177,14476179.8
2025-06-30 11:00:00+00:00,2.177,2.183,2.176,2.178,9274600.47
2025-06-30 12:00:00+00:00,2.178,2.183,2.173,2.174,11015343.13
2025-06-30 13:00:00+00:00,2.174,2.189,2.173,2.181,15654011.25
2025-06-30 14:00:00+00:00,2.181,2.189,2.173,2.177,22577609.35
2025-06-30 15:00:00+00:00,2.177,2.2,2.166,2.193,34978523.11
2025-06-30 16:00:00+00:00,2.193,2.214,2.191,2.2,31843378.89
2025-06-30 17:00:00+00:00,2.2,2.219,2.199,2.213,30812117.86
2025-06-30 18:00:00+00:00,2.213,2.238,2.212,2.237,41189571.09
2025-06-30 19:00:00+00:00,2.237,2.327,2.236,2.32,172050151.21
2025-06-30 20:00:00+00:00,2.32,2.325,2.282,2.295,79621225.66
2025-06-30 21:00:00+00:00,2.295,2.297,2.264,2.276,43970076.36
2025-06-30 22:00:00+00:00,2.276,2.282,2.26,2.26,30094504.76
2025-06-30 23:00:00+00:00,2.26,2.26,2.234,2.236,44635557.56
2025-07-01 00:00:00+00:00,2.236,2.252,2.233,2.238,34351152.31
2025-07-01 01:00:00+00:00,2.238,2.254,2.228,2.23,23045951.89
2025-07-01 02:00:00+00:00,2.23,2.236,2.224,2.228,16919570.85
2025-07-01 03:00:00+00:00,2.228,2.237,2.224,2.237,16339714.3
2025-07-01 04:00:00+00:00,2.237,2.237,2.22,2.223,19613200.36
2025-07-01 05:00:00+00:00,2.223,2.226,2.214,2.215,28175017.97
2025-07-01 06:00:00+00:00,2.215,2.221,2.209,2.221,20074041.16
2025-07-01 07:00:00+00:00,2.221,2.225,2.206,2.224,29751483.73
2025-07-01 08:00:00+00:00,2.224,2.227,2.207,2.209,22275674.78
2025-07-01 09:00:00+00:00,2.209,2.212,2.199,2.205,16083111.91
2025-07-01 10:00:00+00:00,2.205,2.207,2.196,2.203,13972065.88
2025-07-01 11:00:00+00:00,2.203,2.205,2.193,2.202,18587801.33
2025-07-01 12:00:00+00:00,2.202,2.204,2.192,2.196,17218968.39
2025-07-01 13:00:00+00:00,2.196,2.21,2.181,2.196,54553991.74
2025-07-01 14:00:00+00:00,2.196,2.208,2.176,2.185,44282134.8
2025-07-01 15:00:00+00:00,2.185,2.2,2.177,2.188,29017818.48
2025-07-01 16:00:00+00:00,2.188,2.204,2.184,2.199,24805228.7
2025-07-01 17:00:00+00:00,2.199,2.201,2.185,2.189,16690526.15
2025-07-01 18:00:00+00:00,2.189,2.189,2.164,2.167,32986221.21
2025-07-01 19:00:00+00:00,2.167,2.175,2.156,2.157,27627989.19
2025-07-01 20:00:00+00:00,2.157,2.177,2.148,2.171,39112587.92
2025-07-01 21:00:00+00:00,2.171,2.181,2.166,2.176,17233727.27
2025-07-01 22:00:00+00:00,2.176,2.178,2.167,2.174,9522375.92
2025-07-01 23:00:00+00:00,2.174,2.174,2.168,2.172,8130696.27
2025-07-02 00:00:00+00:00,2.172,2.177,2.165,2.165,10998472.71
2025-07-02 01:00:00+00:00,2.165,2.18,2.158,2.18,17014122.39
2025-07-02 02:00:00+00:00,2.18,2.183,2.171,2.176,10578294.8
2025-07-02 03:00:00+00:00,2.176,2.187,2.174,2.186,14400456.76
2025-07-02 04:00:00+00:00,2.186,2.188,2.182,2.186,12765346.46
2025-07-02 05:00:00+00:00,2.186,2.191,2.183,2.187,11364788.86
2025-07-02 06:00:00+00:00,2.187,2.195,2.184,2.193,16246800.89
2025-07-02 07:00:00+00:00,2.193,2.198,2.185,2.192,20162460.09
2025-07-02 08:00:00+00:00,2.192,2.204,2.192,2.197,19303624.6
2025-07-02 09:00:00+00:00,2.197,2.197,2.185,2.185,19750863.77
2025-07-02 10:00:00+00:00,2.185,2.19,2.183,2.187,10713169.89
2025-07-02 11:00:00+00:00,2.187,2.192,2.174,2.177,17252353.66
2025-07-02 12:00:00+00:00,2.177,2.177,2.169,2.175,18437697.22
2025-07-02 13:00:00+00:00,2.175,2.187,2.174,2.181,18876419.65
2025-07-02 14:00:00+00:00,2.181,2.198,2.181,2.197,16869899.45
2025-07-02 15:00:00+00:00,2.197,2.215,2.195,2.212,31332834.55
2025-07-02 16:00:00+00:00,2.212,2.291,2.209,2.256,138531884.41
2025-07-02 17:00:00+00:00,2.256,2.271,2.228,2.243,71555341.28
2025-07-02 18:00:00+00:00,2.243,2.253,2.242,2.252,21630556.31
2025-07-02 19:00:00+00:00,2.252,2.267,2.248,2.265,36341044.52
2025-07-02 20:00:00+00:00,2.265,2.267,2.253,2.253,30209191.69
2025-07-02 21:00:00+00:00,2.253,2.262,2.245,2.256,29621272.08
2025-07-02 22:00:00+00:00,2.256,2.259,2.247,2.248,15129562.15
2025-07-02 23:00:00+00:00,2.248,2.249,2.23,2.233,18928381.94
2025-07-03 00:00:00+00:00,2.233,2.246,2.224,2.243,18662347.99
2025-07-03 01:00:00+00:00,2.243,2.247,2.237,2.247,13648761.5
2025-07-03 02:00:00+00:00,2.247,2.247,2.233,2.242,13674704.07
2025-07-03 03:00:00+00:00,2.242,2.247,2.238,2.242,8848902.96
2025-07-03 04:00:00+00:00,2.242,2.258,2.24,2.255,19269819.95
2025-07-03 05:00:00+00:00,2.255,2.274,2.253,2.27,33875860.12
2025-07-03 06:00:00+00:00,2.27,2.276,2.264,2.273,20054273.46
2025-07-03 07:00:00+00:00,2.273,2.283,2.266,2.279,27312712.12
2025-07-03 08:00:00+00:00,2.279,2.29,2.276,2.276,33937782.23
2025-07-03 09:00:00+00:00,2.276,2.293,2.276,2.292,30862910.01
2025-07-03 10:00:00+00:00,2.292,2.301,2.279,2.3,45558542.61
2025-07-03 11:00:00+00:00,2.3,2.312,2.286,2.296,43956277.56
2025-07-03 12:00:00+00:00,2.296,2.311,2.264,2.283,67797113.0
2025-07-03 13:00:00+00:00,2.283,2.306,2.277,2.301,43753487.78
2025-07-03 14:00:00+00:00,2.301,2.309,2.276,2.282,37531339.93
2025-07-03 15:00:00+00:00,2.282,2.288,2.239,2.243,52279412.56
2025-07-03 16:00:00+00:00,2.243,2.261,2.243,2.259,32638292.79
2025-07-03 17:00:00+00:00,2.259,2.267,2.256,2.264,14020356.66
2025-07-03 18:00:00+00:00,2.264,2.281,2.262,2.279,12578491.99
2025-07-03 19:00:00+00:00,2.279,2.283,2.269,2.272,11618222.03
2025-07-03 20:00:00+00:00,2.272,2.28,2.272,2.277,8630859.92
2025-07-03 21:00:00+00:00,2.277,2.279,2.268,2.269,9537368.76
2025-07-03 22:00:00+00:00,2.269,2.272,2.261,2.264,9136912.37
2025-07-03 23:00:00+00:00,2.264,2.267,2.253,2.257,10065000.67
2025-07-04 00:00:00+00:00,2.257,2.268,2.256,2.262,10244939.06
2025-07-04 01:00:00+00:00,2.262,2.268,2.26,2.26,6646093.0
2025-07-04 02:00:00+00:00,2.26,2.26,2.241,2.243,15674209.41
2025-07-04 03:00:00+00:00,2.243,2.251,2.24,2.248,8927766.77
2025-07-04 04:00:00+00:00,2.248,2.252,2.239,2.24,9110466.18
2025-07-04 05:00:00+00:00,2.24,2.249,2.239,2.244,12199032.75
2025-07-04 06:00:00+00:00,2.244,2.244,2.232,2.235,19598218.42
2025-07-04 07:00:00+00:00,2.235,2.239,2.216,2.221,27999862.92
2025-07-04 08:00:00+00:00,2.221,2.225,2.208,2.223,17179310.71
2025-07-04 09:00:00+00:00,2.223,2.233,2.222,2.233,9253952.55
2025-07-04 10:00:00+00:00,2.233,2.234,2.229,2.232,6890286.38
2025-07-04 11:00:00+00:00,2.232,2.24,2.232,2.238,7895512.5
2025-07-04 12:00:00+00:00,2.238,2.243,2.234,2.237,10280471.59
2025-07-04 13:00:00+00:00,2.237,2.242,2.22,2.22,18265806.58
2025-07-04 14:00:00+00:00,2.22,2.226,2.203,2.222,30692609.42
2025-07-04 15:00:00+00:00,2.222,2.225,2.207,2.215,14301048.71
2025-07-04 16:00:00+00:00,2.215,2.218,2.197,2.21,29024098.91
2025-07-04 17:00:00+00:00,2.21,2.225,2.209,2.225,14433124.42
2025-07-04 18:00:00+00:00,2.225,2.225,2.207,2.207,8858055.26
2025-07-04 19:00:00+00:00,2.207,2.216,2.207,2.21,6786310.19
2025-07-04 20:00:00+00:00,2.21,2.223,2.208,2.22,5891783.22
2025-07-04 21:00:00+00:00,2.22,2.221,2.214,2.218,5842113.12
2025-07-04 22:00:00+00:00,2.218,2.229,2.216,2.228,7520723.41
2025-07-04 23:00:00+00:00,2.228,2.228,2.219,2.22,5110214.66
2025-07-05 00:00:00+00:00,2.22,2.225,2.216,2.223,6340353.47
2025-07-05 01:00:00+00:00,2.223,2.224,2.214,2.217,4562444.65
2025-07-05 02:00:00+00:00,2.217,2.224,2.21,2.222,4673509.78
2025-07-05 03:00:00+00:00,2.222,2.227,2.222,2.226,5372830.64
2025-07-05 04:00:00+00:00,2.226,2.226,2.218,2.221,7588776.97
2025-07-05 05:00:00+00:00,2.221,2.229,2.22,2.228,6038063.56
2025-07-05 06:00:00+00:00,2.228,2.234,2.226,2.23,8074658.91
2025-07-05 07:00:00+00:00,2.23,2.23,2.223,2.225,5004181.78
2025-07-05 08:00:00+00:00,2.225,2.227,2.217,2.22,6089415.35
2025-07-05 09:00:00+00:00,2.22,2.222,2.212,2.22,7700013.36
2025-07-05 10:00:00+00:00,2.22,2.224,2.218,2.22,5554957.2
2025-07-05 11:00:00+00:00,2.22,2.226,2.22,2.222,4217604.52
2025-07-05 12:00:00+00:00,2.222,2.222,2.215,2.221,4791519.84
2025-07-05 13:00:00+00:00,2.221,2.224,2.219,2.222,4329205.85
2025-07-05 14:00:00+00:00,2.222,2.231,2.219,2.228,7525441.21
2025-07-05 15:00:00+00:00,2.228,2.23,2.222,2.223,7344063.87
2025-07-05 16:00:00+00:00,2.223,2.225,2.214,2.218,8626723.55
2025-07-05 17:00:00+00:00,2.218,2.22,2.206,2.213,11053304.51
2025-07-05 18:00:00+00:00,2.213,2.213,2.202,2.205,8944363.74
2025-07-05 19:00:00+00:00,2.205,2.215,2.202,2.215,6544239.48
2025-07-05 20:00:00+00:00,2.215,2.218,2.208,2.21,12971059.11
2025-07-05 21:00:00+00:00,2.21,2.219,2.207,2.218,5309951.64
2025-07-05 22:00:00+00:00,2.218,2.218,2.213,2.216,3865949.41
2025-07-05 23:00:00+00:00,2.216,2.219,2.215,2.218,3841212.93
2025-07-06 00:00:00+00:00,2.218,2.221,2.214,2.22,4891188.21
2025-07-06 01:00:00+00:00,2.22,2.222,2.216,2.218,4666960.44
2025-07-06 02:00:00+00:00,2.218,2.22,2.213,2.213,3511179.91
2025-07-06 03:00:00+00:00,2.213,2.216,2.209,2.216,4865193.83
2025-07-06 04:00:00+00:00,2.216,2.222,2.216,2.22,5376116.73
2025-07-06 05:00:00+00:00,2.22,2.226,2.219,2.223,5725151.79
2025-07-06 06:00:00+00:00,2.223,2.235,2.222,2.232,11919246.46
2025-07-06 07:00:00+00:00,2.232,2.233,2.225,2.228,7058977.28
2025-07-06 08:00:00+00:00,2.228,2.254,2.226,2.243,28958116.03
2025-07-06 09:00:00+00:00,2.243,2.263,2.239,2.254,26843489.11
2025-07-06 10:00:00+00:00,2.254,2.285,2.252,2.275,52939675.56
2025-07-06 11:00:00+00:00,2.275,2.277,2.258,2.262,31760240.42
2025-07-06 12:00:00+00:00,2.262,2.275,2.261,2.275,17521142.04
2025-07-06 13:00:00+00:00,2.275,2.29,2.272,2.282,40949924.11
2025-07-06 14:00:00+00:00,2.282,2.285,2.265,2.272,22337900.58
2025-07-06 15:00:00+00:00,2.272,2.278,2.267,2.277,13947912.18
2025-07-06 16:00:00+00:00,2.277,2.283,2.269,2.275,16945009.42
2025-07-06 17:00:00+00:00,2.275,2.275,2.265,2.268,13697051.0
2025-07-06 18:00:00+00:00,2.268,2.268,2.246,2.252,15572539.12
2025-07-06 19:00:00+00:00,2.252,2.265,2.252,2.265,10180790.35
2025-07-06 20:00:00+00:00,2.265,2.274,2.263,2.27,10053932.5
2025-07-06 21:00:00+00:00,2.27,2.289,2.27,2.276,22674654.37
2025-07-06 22:00:00+00:00,2.276,2.288,2.274,2.275,14810440.71
2025-07-06 23:00:00+00:00,2.275,2.276,2.266,2.271,13660730.68
2025-07-07 00:00:00+00:00,2.271,2.273,2.262,2.264,9509809.29
2025-07-07 01:00:00+00:00,2.264,2.268,2.257,2.266,8020995.08
2025-07-07 02:00:00+00:00,2.266,2.279,2.266,2.273,10975407.01
2025-07-07 03:00:00+00:00,2.273,2.278,2.27,2.27,10690899.92
2025-07-07 04:00:00+00:00,2.27,2.273,2.263,2.264,13661087.4
2025-07-07 05:00:00+00:00,2.264,2.275,2.263,2.271,11073319.11
2025-07-07 06:00:00+00:00,2.271,2.271,2.259,2.259,15179419.65
2025-07-07 07:00:00+00:00,2.259,2.273,2.255,2.272,13975862.1
2025-07-07 08:00:00+00:00,2.272,2.277,2.268,2.275,13029514.66
2025-07-07 09:00:00+00:00,2.275,2.282,2.27,2.281,16069439.12
2025-07-07 10:00:00+00:00,2.281,2.298,2.275,2.285,37589988.22
2025-07-07 11:00:00+00:00,2.285,2.295,2.278,2.283,21776621.38
2025-07-07 12:00:00+00:00,2.283,2.283,2.271,2.276,15568564.89
2025-07-07 13:00:00+00:00,2.276,2.349,2.274,2.343,95562456.33
2025-07-07 14:00:00+00:00,2.343,2.344,2.303,2.312,104270840.32
2025-07-07 15:00:00+00:00,2.312,2.349,2.312,2.339,82440789.19
2025-07-07 16:00:00+00:00,2.339,2.353,2.317,2.32,86342656.15
2025-07-07 17:00:00+00:00,2.32,2.331,2.305,2.306,45989742.37
2025-07-07 18:00:00+00:00,2.306,2.312,2.282,2.295,40908155.26
2025-07-07 19:00:00+00:00,2.295,2.308,2.29,2.299,32486338.84
2025-07-07 20:00:00+00:00,2.299,2.299,2.264,2.266,41044851.84
2025-07-07 21:00:00+00:00,2.266,2.283,2.259,2.279,24351866.54
2025-07-07 22:00:00+00:00,2.279,2.283,2.268,2.273,11768971.31
2025-07-07 23:00:00+00:00,2.273,2.28,2.271,2.271,9648381.01
2025-07-08 00:00:00+00:00,2.271,2.273,2.258,2.265,30130861.1
2025-07-08 01:00:00+00:00,2.265,2.265,2.255,2.258,19597069.12
2025-07-08 02:00:00+00:00,2.258,2.262,2.249,2.252,27986155.69
2025-07-08 03:00:00+00:00,2.252,2.264,2.251,2.263,11196232.06
2025-07-08 04:00:00+00:00,2.263,2.272,2.258,2.266,16529705.6
2025-07-08 05:00:00+00:00,2.266,2.274,2.263,2.269,15774191.12
2025-07-08 06:00:00+00:00,2.269,2.272,2.261,2.265,20742420.05
2025-07-08 07:00:00+00:00,2.265,2.276,2.257,2.275,23840815.25
2025-07-08 08:00:00+00:00,2.275,2.286,2.273,2.279,24627855.4
2025-07-08 09:00:00+00:00,2.279,2.286,2.277,2.282,15092373.61
2025-07-08 10:00:00+00:00,2.282,2.295,2.282,2.293,21315220.73
2025-07-08 11:00:00+00:00,2.293,2.301,2.288,2.293,20052848.64
2025-07-08 12:00:00+00:00,2.293,2.305,2.29,2.299,25117425.89
2025-07-08 13:00:00+00:00,2.299,2.3,2.287,2.295,23388714.71
2025-07-08 14:00:00+00:00,2.295,2.295,2.278,2.283,26384696.89
2025-07-08 15:00:00+00:00,2.283,2.298,2.279,2.286,22690901.42
2025-07-08 16:00:00+00:00,2.286,2.293,2.283,2.291,13995182.55
2025-07-08 17:00:00+00:00,2.291,2.31,2.29,2.31,34574877.09
2025-07-08 18:00:00+00:00,2.31,2.321,2.309,2.317,26742013.25
2025-07-08 19:00:00+00:00,2.317,2.322,2.312,2.321,19349088.78
2025-07-08 20:00:00+00:00,2.321,2.322,2.297,2.297,27474808.91
2025-07-08 21:00:00+00:00,2.297,2.308,2.297,2.307,15938517.03
2025-07-08 22:00:00+00:00,2.307,2.309,2.303,2.306,11011923.55
2025-07-08 23:00:00+00:00,2.306,2.312,2.304,2.311,11554656.98
2025-07-09 00:00:00+00:00,2.311,2.311,2.298,2.304,11856736.91
2025-07-09 01:00:00+00:00,2.304,2.313,2.303,2.309,13319917.88
2025-07-09 02:00:00+00:00,2.309,2.319,2.306,2.31,21140758.17
2025-07-09 03:00:00+00:00,2.31,2.313,2.301,2.303,17250866.45
2025-07-09 04:00:00+00:00,2.303,2.324,2.302,2.322,16294363.85
2025-07-09 05:00:00+00:00,2.322,2.334,2.317,2.328,37284938.33
2025-07-09 06:00:00+00:00,2.328,2.337,2.323,2.327,19348777.28
2025-07-09 07:00:00+00:00,2.327,2.334,2.323,2.331,19168420.53
2025-07-09 08:00:00+00:00,2.331,2.34,2.331,2.336,17135439.24
2025-07-09 09:00:00+00:00,2.336,2.34,2.33,2.337,14551620.96
2025-07-09 10:00:00+00:00,2.337,2.36,2.336,2.358,48171944.58
2025-07-09 11:00:00+00:00,2.358,2.388,2.353,2.381,84022726.94
2025-07-09 12:00:00+00:00,2.381,2.403,2.379,2.384,81780366.95
2025-07-09 13:00:00+00:00,2.384,2.399,2.363,2.368,68126883.24
2025-07-09 14:00:00+00:00,2.368,2.378,2.352,2.372,63115626.46
2025-07-09 15:00:00+00:00,2.372,2.383,2.369,2.382,30388937.23
2025-07-09 16:00:00+00:00,2.382,2.389,2.375,2.385,29514215.98
2025-07-09 17:00:00+00:00,2.385,2.385,2.376,2.38,23630923.79
2025-07-09 18:00:00+00:00,2.38,2.4,2.377,2.39,34475725.93
2025-07-09 19:00:00+00:00,2.39,2.428,2.389,2.421,76528362.42
2025-07-09 20:00:00+00:00,2.421,2.422,2.384,2.394,55748514.23
2025-07-09 21:00:00+00:00,2.394,2.415,2.392,2.411,26826331.68
2025-07-09 22:00:00+00:00,2.411,2.418,2.409,2.417,21943333.74
2025-07-09 23:00:00+00:00,2.417,2.418,2.403,2.404,18788478.83
2025-07-10 00:00:00+00:00,2.404,2.418,2.394,2.395,22346924.97
2025-07-10 01:00:00+00:00,2.395,2.434,2.395,2.431,27025674.01
2025-07-10 02:00:00+00:00,2.431,2.437,2.422,2.423,22461169.4
2025-07-10 03:00:00+00:00,2.423,2.43,2.418,2.42,22865849.58
2025-07-10 04:00:00+00:00,2.42,2.43,2.413,2.425,18831269.62
2025-07-10 05:00:00+00:00,2.425,2.427,2.418,2.42,17693684.36
2025-07-10 06:00:00+00:00,2.42,2.422,2.411,2.42,17624848.01
2025-07-10 07:00:00+00:00,2.42,2.442,2.417,2.437,43666912.32
2025-07-10 08:00:00+00:00,2.437,2.458,2.435,2.45,38101001.45
2025-07-10 09:00:00+00:00,2.45,2.456,2.442,2.444,26633101.99
2025-07-10 10:00:00+00:00,2.444,2.445,2.427,2.442,31042633.63
2025-07-10 11:00:00+00:00,2.442,2.462,2.437,2.453,35868073.94
2025-07-10 12:00:00+00:00,2.453,2.453,2.439,2.444,28490802.22
2025-07-10 13:00:00+00:00,2.444,2.45,2.424,2.427,37815884.04
2025-07-10 14:00:00+00:00,2.427,2.443,2.419,2.441,35886373.43
2025-07-10 15:00:00+00:00,2.441,2.46,2.432,2.454,36531752.44
2025-07-10 16:00:00+00:00,2.454,2.479,2.447,2.474,59686490.88
2025-07-10 17:00:00+00:00,2.474,2.502,2.473,2.496,66219065.5
2025-07-10 18:00:00+00:00,2.496,2.512,2.482,2.489,56682029.16
2025-07-10 19:00:00+00:00,2.489,2.503,2.489,2.5,27469619.53
2025-07-10 20:00:00+00:00,2.5,2.512,2.492,2.501,31701542.91
2025-07-10 21:00:00+00:00,2.501,2.568,2.498,2.547,137554700.06
2025-07-10 22:00:00+00:00,2.547,2.556,2.529,2.546,52534907.38
2025-07-10 23:00:00+00:00,2.546,2.554,2.53,2.547,38616828.79
2025-07-11 00:00:00+00:00,2.547,2.547,2.512,2.528,44777713.69
2025-07-11 01:00:00+00:00,2.528,2.554,2.526,2.553,30001042.13
2025-07-11 02:00:00+00:00,2.553,2.593,2.549,2.588,63692115.97
2025-07-11 03:00:00+00:00,2.588,2.59,2.566,2.576,37201526.19
2025-07-11 04:00:00+00:00,2.576,2.576,2.555,2.575,38358946.45
2025-07-11 05:00:00+00:00,2.575,2.598,2.575,2.582,64059568.48
2025-07-11 06:00:00+00:00,2.582,2.597,2.564,2.571,54868941.95
2025-07-11 07:00:00+00:00,2.571,2.597,2.554,2.579,90517938.7
2025-07-11 08:00:00+00:00,2.579,2.601,2.579,2.587,58863973.46
2025-07-11 09:00:00+00:00,2.587,2.615,2.579,2.613,57383024.1
2025-07-11 10:00:00+00:00,2.613,2.651,2.607,2.647,92010452.74
2025-07-11 11:00:00+00:00,2.647,2.661,2.607,2.628,84089812.34
2025-07-11 12:00:00+00:00,2.628,2.696,2.625,2.696,88261465.31
2025-07-11 13:00:00+00:00,2.696,2.825,2.673,2.801,260389047.48
2025-07-11 14:00:00+00:00,2.801,2.839,2.74,2.824,289293154.47
2025-07-11 15:00:00+00:00,2.824,2.975,2.761,2.773,632591581.11
2025-07-11 16:00:00+00:00,2.773,2.807,2.702,2.785,316203605.99
2025-07-11 17:00:00+00:00,2.785,2.816,2.754,2.799,111074738.63
2025-07-11 18:00:00+00:00,2.799,2.839,2.797,2.833,83555251.58
2025-07-11 19:00:00+00:00,2.833,2.858,2.804,2.858,94169836.03
2025-07-11 20:00:00+00:00,2.858,2.858,2.757,2.758,116126350.38
2025-07-11 21:00:00+00:00,2.758,2.776,2.71,2.74,109847487.12
2025-07-11 22:00:00+00:00,2.74,2.752,2.661,2.701,174614520.55
2025-07-11 23:00:00+00:00,2.701,2.742,2.697,2.732,77247780.48
2025-07-12 00:00:00+00:00,2.732,2.745,2.689,2.72,71965912.82
2025-07-12 01:00:00+00:00,2.72,2.83,2.72,2.823,112434119.42
2025-07-12 02:00:00+00:00,2.823,2.845,2.792,2.792,80057409.71
2025-07-12 03:00:00+00:00,2.792,2.822,2.791,2.8,54790038.64
2025-07-12 04:00:00+00:00,2.8,2.806,2.77,2.775,52340477.52
2025-07-12 05:00:00+00:00,2.775,2.799,2.761,2.789,53080971.06
2025-07-12 06:00:00+00:00,2.789,2.796,2.766,2.792,31311161.39
2025-07-12 07:00:00+00:00,2.792,2.794,2.756,2.768,39380333.66
2025-07-12 08:00:00+00:00,2.768,2.793,2.766,2.79,52464399.13
2025-07-12 09:00:00+00:00,2.79,2.825,2.782,2.821,57406143.49
2025-07-12 10:00:00+00:00,2.821,2.847,2.81,2.837,56049880.51
2025-07-12 11:00:00+00:00,2.837,2.847,2.798,2.805,84782454.5
2025-07-12 12:00:00+00:00,2.805,2.809,2.756,2.786,86649963.05
2025-07-12 13:00:00+00:00,2.786,2.79,2.749,2.776,81208222.08
2025-07-12 14:00:00+00:00,2.776,2.798,2.752,2.757,57938093.3
2025-07-12 15:00:00+00:00,2.757,2.768,2.663,2.681,200949178.85
2025-07-12 16:00:00+00:00,2.681,2.725,2.67,2.707,71448151.04
2025-07-12 17:00:00+00:00,2.707,2.74,2.705,2.724,56630815.1
2025-07-12 18:00:00+00:00,2.724,2.745,2.719,2.74,52079258.47
2025-07-12 19:00:00+00:00,2.74,2.753,2.727,2.737,49441873.98
2025-07-12 20:00:00+00:00,2.737,2.737,2.684,2.684,55611422.24
2025-07-12 21:00:00+00:00,2.684,2.736,2.684,2.727,34855131.24
2025-07-12 22:00:00+00:00,2.727,2.738,2.706,2.738,24577619.5
2025-07-12 23:00:00+00:00,2.738,2.748,2.721,2.739,32477696.25
2025-07-13 00:00:00+00:00,2.739,2.756,2.724,2.739,38595301.13
2025-07-13 01:00:00+00:00,2.739,2.767,2.734,2.761,33268032.43
2025-07-13 02:00:00+00:00,2.761,2.785,2.743,2.776,44160070.47
2025-07-13 03:00:00+00:00,2.776,2.784,2.762,2.768,39048607.31
2025-07-13 04:00:00+00:00,2.768,2.783,2.758,2.781,25751874.6
2025-07-13 05:00:00+00:00,2.781,2.787,2.771,2.771,33397559.97
2025-07-13 06:00:00+00:00,2.771,2.814,2.768,2.793,48877599.22
2025-07-13 07:00:00+00:00,2.793,2.808,2.786,2.799,36394525.84
2025-07-13 08:00:00+00:00,2.799,2.818,2.784,2.794,66875210.02
2025-07-13 09:00:00+00:00,2.794,2.802,2.771,2.777,35202740.5
2025-07-13 10:00:00+00:00,2.777,2.797,2.772,2.776,25811312.46
2025-07-13 11:00:00+00:00,2.776,2.791,2.776,2.789,29807724.37
2025-07-13 12:00:00+00:00,2.789,2.828,2.783,2.821,65243792.74
2025-07-13 13:00:00+00:00,2.821,2.849,2.799,2.832,94382818.5
2025-07-13 14:00:00+00:00,2.832,2.894,2.825,2.844,150262011.94
2025-07-13 15:00:00+00:00,2.844,2.873,2.808,2.838,84519741.34
2025-07-13 16:00:00+00:00,2.838,2.852,2.812,2.824,48927269.0
2025-07-13 17:00:00+00:00,2.824,2.863,2.812,2.86,48881314.23
2025-07-13 18:00:00+00:00,2.86,2.882,2.848,2.86,61554546.77
2025-07-13 19:00:00+00:00,2.86,2.877,2.844,2.846,42875255.79
2025-07-13 20:00:00+00:00,2.846,2.864,2.833,2.849,34580050.87
2025-07-13 21:00:00+00:00,2.849,2.849,2.768,2.802,70200945.77
2025-07-13 22:00:00+00:00,2.802,2.825,2.789,2.815,50074511.13
2025-07-13 23:00:00+00:00,2.815,2.842,2.813,2.836,45306309.36
2025-07-14 00:00:00+00:00,2.836,2.848,2.821,2.846,44224136.02
2025-07-14 01:00:00+00:00,2.846,2.877,2.839,2.855,65981064.85
2025-07-14 02:00:00+00:00,2.855,2.897,2.85,2.887,67959547.39
2025-07-14 03:00:00+00:00,2.887,2.946,2.886,2.927,119494972.75
2025-07-14 04:00:00+00:00,2.927,2.942,2.919,2.94,64869776.44
2025-07-14 05:00:00+00:00,2.94,2.98,2.881,2.932,153001410.37
2025-07-14 06:00:00+00:00,2.932,2.934,2.892,2.926,101190369.71
2025-07-14 07:00:00+00:00,2.926,2.979,2.925,2.957,105916567.43
2025-07-14 08:00:00+00:00,2.957,3.002,2.928,2.978,181139234.39
2025-07-14 09:00:00+00:00,2.978,3.022,2.964,2.983,168429828.09
2025-07-14 10:00:00+00:00,2.983,3.014,2.947,3.01,96307214.06
2025-07-14 11:00:00+00:00,3.01,3.011,2.969,2.978,96198362.09
2025-07-14 12:00:00+00:00,2.978,2.998,2.942,2.962,109053810.82
2025-07-14 13:00:00+00:00,2.962,3.035,2.943,3.004,164048610.47
2025-07-14 14:00:00+00:00,3.004,3.031,2.97,3.012,139287143.25
2025-07-14 15:00:00+00:00,3.012,3.022,2.91,2.947,162904238.14
2025-07-14 16:00:00+00:00,2.947,3.002,2.918,2.994,100024936.35
2025-07-14 17:00:00+00:00,2.994,2.996,2.936,2.952,59819521.86
2025-07-14 18:00:00+00:00,2.952,2.959,2.911,2.916,50411184.74
2025-07-14 19:00:00+00:00,2.916,2.943,2.91,2.93,44156423.38
2025-07-14 20:00:00+00:00,2.93,2.937,2.877,2.924,74915999.2
2025-07-14 21:00:00+00:00,2.924,2.95,2.917,2.942,36590683.98
2025-07-14 22:00:00+00:00,2.942,2.956,2.93,2.951,26603460.66
2025-07-14 23:00:00+00:00,2.951,2.964,2.936,2.958,28110929.12
2025-07-15 00:00:00+00:00,2.958,2.958,2.903,2.908,48704882.92
2025-07-15 01:00:00+00:00,2.908,2.921,2.865,2.889,80875615.31
2025-07-15 02:00:00+00:00,2.889,2.9,2.85,2.872,93903246.54
2025-07-15 03:00:00+00:00,2.872,2.874,2.804,2.85,120833019.29
2025-07-15 04:00:00+00:00,2.85,2.881,2.822,2.868,65816499.25
2025-07-15 05:00:00+00:00,2.868,2.887,2.863,2.876,44725553.72
2025-07-15 06:00:00+00:00,2.876,2.885,2.849,2.859,44575378.54
2025-07-15 07:00:00+00:00,2.859,2.873,2.848,2.852,48092841.73
2025-07-15 08:00:00+00:00,2.852,2.86,2.822,2.85,67942299.79
2025-07-15 09:00:00+00:00,2.85,2.896,2.849,2.88,64360556.1
2025-07-15 10:00:00+00:00,2.88,2.922,2.878,2.915,63048139.14
2025-07-15 11:00:00+00:00,2.915,2.929,2.887,2.905,49610552.14
2025-07-15 12:00:00+00:00,2.905,2.933,2.852,2.896,100320159.24
2025-07-15 13:00:00+00:00,2.896,2.934,2.893,2.922,73466665.95
2025-07-15 14:00:00+00:00,2.922,2.931,2.842,2.855,97753027.16
2025-07-15 15:00:00+00:00,2.855,2.903,2.843,2.89,61272193.74
2025-07-15 16:00:00+00:00,2.89,2.919,2.884,2.905,52349492.25
2025-07-15 17:00:00+00:00,2.905,2.939,2.905,2.939,47943495.8
2025-07-15 18:00:00+00:00,2.939,2.946,2.882,2.903,61507644.2
2025-07-15 19:00:00+00:00,2.903,2.923,2.858,2.863,55530968.29
2025-07-15 20:00:00+00:00,2.863,2.883,2.854,2.866,37603230.39
2025-07-15 21:00:00+00:00,2.866,2.911,2.858,2.901,24397212.96
2025-07-15 22:00:00+00:00,2.901,2.911,2.883,2.909,22771626.38
2025-07-15 23:00:00+00:00,2.909,2.929,2.909,2.919,36037681.21
2025-07-16 00:00:00+00:00,2.919,2.935,2.902,2.932,35223928.13
2025-07-16 01:00:00+00:00,2.932,2.937,2.915,2.92,28036502.69
2025-07-16 02:00:00+00:00,2.92,2.92,2.877,2.898,41671040.75
2025-07-16 03:00:00+00:00,2.898,2.907,2.891,2.904,24380929.28
2025-07-16 04:00:00+00:00,2.904,2.916,2.891,2.911,25918531.04
2025-07-16 05:00:00+00:00,2.911,2.93,2.909,2.917,32577968.84
2025-07-16 06:00:00+00:00,2.917,2.936,2.912,2.935,41777894.84
2025-07-16 07:00:00+00:00,2.935,2.939,2.928,2.93,37484631.36
2025-07-16 08:00:00+00:00,2.93,2.961,2.921,2.957,67191925.72
2025-07-16 09:00:00+00:00,2.957,2.964,2.945,2.952,38612972.7
2025-07-16 10:00:00+00:00,2.952,2.962,2.943,2.944,28808936.18
2025-07-16 11:00:00+00:00,2.944,2.956,2.944,2.951,24897181.99
2025-07-16 12:00:00+00:00,2.951,2.973,2.946,2.965,47046254.62
2025-07-16 13:00:00+00:00,2.965,2.995,2.957,2.979,83130967.94
2025-07-16 14:00:00+00:00,2.979,2.995,2.954,2.991,88288350.91
2025-07-16 15:00:00+00:00,2.991,3.007,2.956,2.976,104855612.03
2025-07-16 16:00:00+00:00,2.976,3.004,2.968,2.991,57814878.8
2025-07-16 17:00:00+00:00,2.991,3.048,2.987,3.024,126263796.46
2025-07-16 18:00:00+00:00,3.024,3.078,3.013,3.052,113625003.21
2025-07-16 19:00:00+00:00,3.052,3.063,3.034,3.059,78306759.55
2025-07-16 20:00:00+00:00,3.059,3.1,3.043,3.063,110838491.47
2025-07-16 21:00:00+00:00,3.063,3.093,3.053,3.065,61288369.73
2025-07-16 22:00:00+00:00,3.065,3.089,3.044,3.052,61446649.37
2025-07-16 23:00:00+00:00,3.052,3.056,3.022,3.038,51251187.67
2025-07-17 00:00:00+00:00,3.038,3.079,3.033,3.055,50452817.59
2025-07-17 01:00:00+00:00,3.055,3.07,2.99,3.021,74899594.21
2025-07-17 02:00:00+00:00,3.021,3.053,3.012,3.05,33997076.27
2025-07-17 03:00:00+00:00,3.05,3.053,2.997,3.025,46035238.35
2025-07-17 04:00:00+00:00,3.025,3.075,3.015,3.074,68661356.54
2025-07-17 05:00:00+00:00,3.074,3.149,3.064,3.143,167705073.53
2025-07-17 06:00:00+00:00,3.143,3.173,3.139,3.154,135370867.33
2025-07-17 07:00:00+00:00,3.154,3.162,3.126,3.155,80162860.68
2025-07-17 08:00:00+00:00,3.155,3.239,3.14,3.236,171994873.36
2025-07-17 09:00:00+00:00,3.236,3.279,3.219,3.263,192883071.24
2025-07-17 10:00:00+00:00,3.263,3.276,3.223,3.274,134474111.92
2025-07-17 11:00:00+00:00,3.274,3.299,3.248,3.263,145681884.19
2025-07-17 12:00:00+00:00,3.263,3.275,3.233,3.259,112076585.52
2025-07-17 13:00:00+00:00,3.259,3.271,3.17,3.227,205454065.02
2025-07-17 14:00:00+00:00,3.227,3.256,3.227,3.233,80996152.98
2025-07-17 15:00:00+00:00,3.233,3.263,3.186,3.253,115121051.43
2025-07-17 16:00:00+00:00,3.253,3.272,3.224,3.265,114373297.76
2025-07-17 17:00:00+00:00,3.265,3.318,3.255,3.314,149708390.97
2025-07-17 18:00:00+00:00,3.314,3.361,3.302,3.354,178459779.87
2025-07-17 19:00:00+00:00,3.354,3.399,3.303,3.307,221133875.17
2025-07-17 20:00:00+00:00,3.307,3.376,3.286,3.36,161702268.24
2025-07-17 21:00:00+00:00,3.36,3.549,3.354,3.512,442602899.69
2025-07-17 22:00:00+00:00,3.512,3.529,3.443,3.473,161679682.85
2025-07-17 23:00:00+00:00,3.473,3.55,3.471,3.482,208052262.02
2025-07-18 00:00:00+00:00,3.482,3.655,3.463,3.653,327550683.19
2025-07-18 01:00:00+00:00,3.653,3.661,3.576,3.596,246938333.23
2025-07-18 02:00:00+00:00,3.596,3.603,3.545,3.593,154436335.03
2025-07-18 03:00:00+00:00,3.593,3.653,3.589,3.606,162980654.93
2025-07-18 04:00:00+00:00,3.606,3.611,3.576,3.591,93860424.01
2025-07-18 05:00:00+00:00,3.591,3.638,3.585,3.619,138004931.72
2025-07-18 06:00:00+00:00,3.619,3.62,3.534,3.566,141015649.07
2025-07-18 07:00:00+00:00,3.566,3.57,3.443,3.452,257696327.34
2025-07-18 08:00:00+00:00,3.452,3.511,3.421,3.444,259274221.74
2025-07-18 09:00:00+00:00,3.444,3.462,3.401,3.45,205711716.45
2025-07-18 10:00:00+00:00,3.45,3.486,3.406,3.471,121720499.54
2025-07-18 11:00:00+00:00,3.471,3.499,3.427,3.49,111007269.3
2025-07-18 12:00:00+00:00,3.49,3.529,3.47,3.5,164530883.2
2025-07-18 13:00:00+00:00,3.5,3.545,3.466,3.508,170874618.6
2025-07-18 14:00:00+00:00,3.508,3.524,3.408,3.454,190653008.49
2025-07-18 15:00:00+00:00,3.454,3.459,3.345,3.374,200886844.12
2025-07-18 16:00:00+00:00,3.374,3.438,3.364,3.438,91558126.86
2025-07-18 17:00:00+00:00,3.438,3.465,3.422,3.449,78966572.25
2025-07-18 18:00:00+00:00,3.449,3.465,3.415,3.44,70114772.73
2025-07-18 19:00:00+00:00,3.44,3.479,3.403,3.434,89698579.31
2025-07-18 20:00:00+00:00,3.434,3.449,3.359,3.412,117451891.34
2025-07-18 21:00:00+00:00,3.412,3.451,3.403,3.413,48858573.09
2025-07-18 22:00:00+00:00,3.413,3.431,3.378,3.392,63754294.93
2025-07-18 23:00:00+00:00,3.392,3.421,3.362,3.413,56496142.43
2025-07-19 00:00:00+00:00,3.413,3.466,3.412,3.431,82232435.07
2025-07-19 01:00:00+00:00,3.431,3.463,3.397,3.442,75194494.29
2025-07-19 02:00:00+00:00,3.442,3.462,3.417,3.449,51325924.68
2025-07-19 03:00:00+00:00,3.449,3.479,3.437,3.449,59807365.17
2025-07-19 04:00:00+00:00,3.449,3.485,3.442,3.461,58674052.69
2025-07-19 05:00:00+00:00,3.461,3.464,3.434,3.458,53605846.3
2025-07-19 06:00:00+00:00,3.458,3.468,3.417,3.445,56835441.31
2025-07-19 07:00:00+00:00,3.445,3.477,3.434,3.465,67938410.09
2025-07-19 08:00:00+00:00,3.465,3.473,3.428,3.438,54432989.5
2025-07-19 09:00:00+00:00,3.438,3.465,3.427,3.454,47996392.45
2025-07-19 10:00:00+00:00,3.454,3.456,3.421,3.428,46981185.87
2025-07-19 11:00:00+00:00,3.428,3.43,3.389,3.393,55528772.64
2025-07-19 12:00:00+00:00,3.393,3.418,3.381,3.416,56126115.22
2025-07-19 13:00:00+00:00,3.416,3.431,3.395,3.41,40172761.22
2025-07-19 14:00:00+00:00,3.41,3.414,3.355,3.361,72005917.39
2025-07-19 15:00:00+00:00,3.361,3.423,3.358,3.41,63679583.13
2025-07-19 16:00:00+00:00,3.41,3.459,3.404,3.444,55270466.11
2025-07-19 17:00:00+00:00,3.444,3.451,3.419,3.424,39662719.2
2025-07-19 18:00:00+00:00,3.424,3.438,3.411,3.42,23248689.36
2025-07-19 19:00:00+00:00,3.42,3.432,3.411,3.432,23576754.66
2025-07-19 20:00:00+00:00,3.432,3.445,3.416,3.416,28910505.63
2025-07-19 21:00:00+00:00,3.416,3.424,3.38,3.404,45210134.2
2025-07-19 22:00:00+00:00,3.404,3.428,3.394,3.422,20627868.42
2025-07-19 23:00:00+00:00,3.422,3.433,3.414,3.424,17941174.96
2025-07-20 00:00:00+00:00,3.424,3.432,3.407,3.427,33868095.64
2025-07-20 01:00:00+00:00,3.427,3.451,3.421,3.423,44336000.02
2025-07-20 02:00:00+00:00,3.423,3.424,3.386,3.405,78671222.06
2025-07-20 03:00:00+00:00,3.405,3.44,3.403,3.435,53543009.59
2025-07-20 04:00:00+00:00,3.435,3.444,3.412,3.423,47228548.09
2025-07-20 05:00:00+00:00,3.423,3.424,3.402,3.419,34828518.58
2025-07-20 06:00:00+00:00,3.419,3.422,3.402,3.417,28322596.64
2025-07-20 07:00:00+00:00,3.417,3.458,3.417,3.442,67226393.09
2025-07-20 08:00:00+00:00,3.442,3.5,3.442,3.499,82220865.45
2025-07-20 09:00:00+00:00,3.499,3.535,3.476,3.488,141402171.95
2025-07-20 10:00:00+00:00,3.488,3.525,3.486,3.509,70667344.91
2025-07-20 11:00:00+00:00,3.509,3.513,3.484,3.499,64336260.53
2025-07-20 12:00:00+00:00,3.499,3.503,3.478,3.49,42076867.2
2025-07-20 13:00:00+00:00,3.49,3.525,3.487,3.523,60363393.89
2025-07-20 14:00:00+00:00,3.523,3.547,3.491,3.538,117546499.52
2025-07-20 15:00:00+00:00,3.538,3.54,3.511,3.518,66534926.92
2025-07-20 16:00:00+00:00,3.518,3.536,3.501,3.516,77523362.92
2025-07-20 17:00:00+00:00,3.516,3.525,3.485,3.5,95460776.5
2025-07-20 18:00:00+00:00,3.5,3.535,3.496,3.534,80153450.27
2025-07-20 19:00:00+00:00,3.534,3.558,3.521,3.523,68228384.31
2025-07-20 20:00:00+00:00,3.523,3.526,3.491,3.509,59147085.86
2025-07-20 21:00:00+00:00,3.509,3.513,3.484,3.505,50289213.74
2025-07-20 22:00:00+00:00,3.505,3.508,3.406,3.455,160862166.59
2025-07-20 23:00:00+00:00,3.455,3.464,3.431,3.454,45842890.86
2025-07-21 00:00:00+00:00,3.454,3.458,3.407,3.451,65753214.73
2025-07-21 01:00:00+00:00,3.451,3.477,3.426,3.465,59635755.96
2025-07-21 02:00:00+00:00,3.465,3.486,3.465,3.484,48481116.61
2025-07-21 03:00:00+00:00,3.484,3.49,3.474,3.479,47265758.83
2025-07-21 04:00:00+00:00,3.479,3.508,3.472,3.504,56777576.13
2025-07-21 05:00:00+00:00,3.504,3.511,3.489,3.511,37682310.47
2025-07-21 06:00:00+00:00,3.511,3.569,3.51,3.559,155542003.21
2025-07-21 07:00:00+00:00,3.559,3.58,3.55,3.566,88185108.48
2025-07-21 08:00:00+00:00,3.566,3.579,3.551,3.558,58570446.43
2025-07-21 09:00:00+00:00,3.558,3.576,3.529,3.546,61520526.63
2025-07-21 10:00:00+00:00,3.546,3.554,3.528,3.552,54292466.9
2025-07-21 11:00:00+00:00,3.552,3.559,3.533,3.533,62829951.5
2025-07-21 12:00:00+00:00,3.533,3.548,3.5,3.538,75162717.19
2025-07-21 13:00:00+00:00,3.538,3.574,3.517,3.573,85421566.54
2025-07-21 14:00:00+00:00,3.573,3.65,3.573,3.64,213008156.56
2025-07-21 15:00:00+00:00,3.64,3.648,3.601,3.604,108358758.56
2025-07-21 16:00:00+00:00,3.604,3.621,3.544,3.591,134903224.95
2025-07-21 17:00:00+00:00,3.591,3.624,3.574,3.603,67241529.03
2025-07-21 18:00:00+00:00,3.603,3.618,3.55,3.553,77361961.91
2025-07-21 19:00:00+00:00,3.553,3.583,3.528,3.547,102074009.31
2025-07-21 20:00:00+00:00,3.547,3.559,3.521,3.522,69178996.51
2025-07-21 21:00:00+00:00,3.522,3.556,3.512,3.552,43910127.26
2025-07-21 22:00:00+00:00,3.552,3.574,3.55,3.566,31665308.21
2025-07-21 23:00:00+00:00,3.566,3.567,3.543,3.55,25654280.08
2025-07-22 00:00:00+00:00,3.55,3.571,3.525,3.53,53650984.61
2025-07-22 01:00:00+00:00,3.53,3.561,3.463,3.55,144973814.98
2025-07-22 02:00:00+00:00,3.55,3.574,3.507,3.517,77975536.28
2025-07-22 03:00:00+00:00,3.517,3.519,3.474,3.501,114623566.03
2025-07-22 04:00:00+00:00,3.501,3.503,3.423,3.423,129116825.23
2025-07-22 05:00:00+00:00,3.423,3.485,3.423,3.46,83213034.06
2025-07-22 06:00:00+00:00,3.46,3.482,3.45,3.465,54836487.09
2025-07-22 07:00:00+00:00,3.465,3.499,3.464,3.476,49369670.76
2025-07-22 08:00:00+00:00,3.476,3.476,3.427,3.468,102840519.28
2025-07-22 09:00:00+00:00,3.468,3.482,3.431,3.473,72436754.34
2025-07-22 10:00:00+00:00,3.473,3.498,3.468,3.498,37755185.17
2025-07-22 11:00:00+00:00,3.498,3.522,3.487,3.52,47926935.47
2025-07-22 12:00:00+00:00,3.52,3.525,3.498,3.512,60744229.74
2025-07-22 13:00:00+00:00,3.512,3.537,3.471,3.478,97436538.35
2025-07-22 14:00:00+00:00,3.478,3.522,3.441,3.52,111553670.62
2025-07-22 15:00:00+00:00,3.52,3.528,3.503,3.508,55296359.55
2025-07-22 16:00:00+00:00,3.508,3.531,3.492,3.527,52766956.89
2025-07-22 17:00:00+00:00,3.527,3.572,3.508,3.555,91489119.38
2025-07-22 18:00:00+00:00,3.555,3.579,3.548,3.56,71521349.97
2025-07-22 19:00:00+00:00,3.56,3.571,3.519,3.519,64322077.35
2025-07-22 20:00:00+00:00,3.519,3.553,3.518,3.541,41383197.17
2025-07-22 21:00:00+00:00,3.541,3.545,3.513,3.527,24704430.73
2025-07-22 22:00:00+00:00,3.527,3.545,3.524,3.527,28422190.06
2025-07-22 23:00:00+00:00,3.527,3.554,3.525,3.55,32727261.64
2025-07-23 00:00:00+00:00,3.55,3.552,3.514,3.517,47814264.19
2025-07-23 01:00:00+00:00,3.517,3.527,3.501,3.517,39426125.07
2025-07-23 02:00:00+00:00,3.517,3.519,3.495,3.506,48748584.24
2025-07-23 03:00:00+00:00,3.506,3.508,3.488,3.492,37212264.34
2025-07-23 04:00:00+00:00,3.492,3.511,3.484,3.51,35032951.65
2025-07-23 05:00:00+00:00,3.51,3.51,3.49,3.492,48901336.86
2025-07-23 06:00:00+00:00,3.492,3.492,3.469,3.483,45697441.42
2025-07-23 07:00:00+00:00,3.483,3.484,3.461,3.468,45136094.78
2025-07-23 08:00:00+00:00,3.468,3.474,3.457,3.474,31723093.28
2025-07-23 09:00:00+00:00,3.474,3.475,3.442,3.449,64175238.32
2025-07-23 10:00:00+00:00,3.449,3.454,3.431,3.45,88139734.28
2025-07-23 11:00:00+00:00,3.45,3.457,3.437,3.45,41049747.86
2025-07-23 12:00:00+00:00,3.45,3.45,3.314,3.347,216284270.49
2025-07-23 13:00:00+00:00,3.347,3.369,3.232,3.263,397758652.08
2025-07-23 14:00:00+00:00,3.263,3.322,3.252,3.304,163836922.57
2025-07-23 15:00:00+00:00,3.304,3.331,3.266,3.322,96388078.66
2025-07-23 16:00:00+00:00,3.322,3.322,3.227,3.23,113336708.95
2025-07-23 17:00:00+00:00,3.23,3.247,3.16,3.24,230912612.97
2025-07-23 18:00:00+00:00,3.24,3.262,3.233,3.251,55705460.58
2025-07-23 19:00:00+00:00,3.251,3.253,3.182,3.184,70556644.4
2025-07-23 20:00:00+00:00,3.184,3.216,3.065,3.146,272176855.66
2025-07-23 21:00:00+00:00,3.146,3.176,3.049,3.137,166132583.66
2025-07-23 22:00:00+00:00,3.137,3.199,3.1,3.174,123717066.31
2025-07-23 23:00:00+00:00,3.174,3.204,3.172,3.183,96522694.49
2025-07-24 00:00:00+00:00,3.183,3.229,3.15,3.223,121767548.12
2025-07-24 01:00:00+00:00,3.223,3.232,3.184,3.231,62169549.18
2025-07-24 02:00:00+00:00,3.231,3.236,3.194,3.198,51794990.26
2025-07-24 03:00:00+00:00,3.198,3.23,3.185,3.192,47785272.43
2025-07-24 04:00:00+00:00,3.192,3.196,3.116,3.125,114641887.92
2025-07-24 05:00:00+00:00,3.125,3.131,3.033,3.036,170865849.2
2025-07-24 06:00:00+00:00,3.036,3.102,2.957,3.012,186365771.85
2025-07-24 07:00:00+00:00,3.012,3.078,2.967,3.075,135535771.8
2025-07-24 08:00:00+00:00,3.075,3.11,3.055,3.101,76371133.52
2025-07-24 09:00:00+00:00,3.101,3.12,3.088,3.115,64033801.33
2025-07-24 10:00:00+00:00,3.115,3.131,3.066,3.104,80162430.91
2025-07-24 11:00:00+00:00,3.104,3.179,3.096,3.168,126918682.72
2025-07-24 12:00:00+00:00,3.168,3.18,3.138,3.161,61906519.35
2025-07-24 13:00:00+00:00,3.161,3.192,3.132,3.135,82946066.5
2025-07-24 14:00:00+00:00,3.135,3.248,3.119,3.243,123181071.33
2025-07-24 15:00:00+00:00,3.243,3.265,3.21,3.226,130957093.17
2025-07-24 16:00:00+00:00,3.226,3.231,3.169,3.196,86603214.75
2025-07-24 17:00:00+00:00,3.196,3.243,3.192,3.228,51165936.17
2025-07-24 18:00:00+00:00,3.228,3.252,3.216,3.238,48156217.02
2025-07-24 19:00:00+00:00,3.238,3.26,3.209,3.209,54094642.98
2025-07-24 20:00:00+00:00,3.209,3.243,3.208,3.229,38667248.55
2025-07-24 21:00:00+00:00,3.229,3.23,3.183,3.183,38394470.54
2025-07-24 22:00:00+00:00,3.183,3.196,3.172,3.178,40533893.04
2025-07-24 23:00:00+00:00,3.178,3.178,3.126,3.145,57523914.86
2025-07-25 00:00:00+00:00,3.145,3.156,3.092,3.107,65452314.25
2025-07-25 01:00:00+00:00,3.107,3.162,3.1,3.149,40912656.49
2025-07-25 02:00:00+00:00,3.149,3.155,3.068,3.076,60198275.54
2025-07-25 03:00:00+00:00,3.076,3.107,3.045,3.069,89510378.56
2025-07-25 04:00:00+00:00,3.069,3.119,3.047,3.114,58986048.71
2025-07-25 05:00:00+00:00,3.114,3.118,3.071,3.076,49895243.55
2025-07-25 06:00:00+00:00,3.076,3.089,3.046,3.073,50294261.31
2025-07-25 07:00:00+00:00,3.073,3.105,3.036,3.075,73621018.69
2025-07-25 08:00:00+00:00,3.075,3.109,3.063,3.08,58591395.76
2025-07-25 09:00:00+00:00,3.08,3.142,3.066,3.135,67844133.62
2025-07-25 10:00:00+00:00,3.135,3.145,3.11,3.128,50163276.26
2025-07-25 11:00:00+00:00,3.128,3.153,3.127,3.135,37390252.41
2025-07-25 12:00:00+00:00,3.135,3.152,3.097,3.123,47715669.86
2025-07-25 13:00:00+00:00,3.123,3.138,3.095,3.12,46435607.72
2025-07-25 14:00:00+00:00,3.12,3.122,3.001,3.005,159726888.22
2025-07-25 15:00:00+00:00,3.005,3.046,3.0,3.038,93755767.77
2025-07-25 16:00:00+00:00,3.038,3.063,3.026,3.059,44726420.75
2025-07-25 17:00:00+00:00,3.059,3.071,3.049,3.061,29707551.57
2025-07-25 18:00:00+00:00,3.061,3.077,3.056,3.071,27877429.17
2025-07-25 19:00:00+00:00,3.071,3.098,3.066,3.071,28099357.78
2025-07-25 20:00:00+00:00,3.071,3.133,3.071,3.121,45088449.08
2025-07-25 21:00:00+00:00,3.121,3.149,3.121,3.14,40828389.91
2025-07-25 22:00:00+00:00,3.14,3.151,3.134,3.144,30307197.62
2025-07-25 23:00:00+00:00,3.144,3.145,3.132,3.142,23876987.77
2025-07-26 00:00:00+00:00,3.142,3.144,3.124,3.135,26410855.6
2025-07-26 01:00:00+00:00,3.135,3.139,3.109,3.112,24385441.62
2025-07-26 02:00:00+00:00,3.112,3.163,3.112,3.152,34458570.55
2025-07-26 03:00:00+00:00,3.152,3.153,3.135,3.144,16667563.32
2025-07-26 04:00:00+00:00,3.144,3.157,3.14,3.149,20382455.73
2025-07-26 05:00:00+00:00,3.149,3.176,3.141,3.172,27860403.93
2025-07-26 06:00:00+00:00,3.172,3.173,3.153,3.158,21268628.86
2025-07-26 07:00:00+00:00,3.158,3.166,3.153,3.155,12831000.82
2025-07-26 08:00:00+00:00,3.155,3.179,3.154,3.175,21044189.43
2025-07-26 09:00:00+00:00,3.175,3.198,3.172,3.194,32150058.13
2025-07-26 10:00:00+00:00,3.194,3.211,3.193,3.2,44357577.49
2025-07-26 11:00:00+00:00,3.2,3.202,3.178,3.185,30494806.73
2025-07-26 12:00:00+00:00,3.185,3.199,3.178,3.191,20246962.22
2025-07-26 13:00:00+00:00,3.191,3.198,3.178,3.187,21533781.78
2025-07-26 14:00:00+00:00,3.187,3.197,3.178,3.181,22135675.39
2025-07-26 15:00:00+00:00,3.181,3.193,3.176,3.192,20268835.49
2025-07-26 16:00:00+00:00,3.192,3.218,3.185,3.192,42305573.73
2025-07-26 17:00:00+00:00,3.192,3.194,3.165,3.173,29030495.21
2025-07-26 18:00:00+00:00,3.173,3.182,3.158,3.175,24766243.54
2025-07-26 19:00:00+00:00,3.175,3.196,3.173,3.191,14238147.32
2025-07-26 20:00:00+00:00,3.191,3.192,3.168,3.183,11954446.42
2025-07-26 21:00:00+00:00,3.183,3.195,3.172,3.192,10738368.42
2025-07-26 22:00:00+00:00,3.192,3.21,3.18,3.182,21106125.24
2025-07-26 23:00:00+00:00,3.182,3.182,3.164,3.166,14217052.29
2025-07-27 00:00:00+00:00,3.166,3.182,3.156,3.181,22031759.62
2025-07-27 01:00:00+00:00,3.181,3.202,3.175,3.187,24096137.87
2025-07-27 02:00:00+00:00,3.187,3.206,3.177,3.198,14430607.89
2025-07-27 03:00:00+00:00,3.198,3.205,3.183,3.199,15485100.71
2025-07-27 04:00:00+00:00,3.199,3.219,3.192,3.209,23487388.84
2025-07-27 05:00:00+00:00,3.209,3.239,3.206,3.222,44100041.68
2025-07-27 06:00:00+00:00,3.222,3.223,3.199,3.202,23519933.3
2025-07-27 07:00:00+00:00,3.202,3.205,3.186,3.19,19410287.37
2025-07-27 08:00:00+00:00,3.19,3.193,3.173,3.185,26850268.67
2025-07-27 09:00:00+00:00,3.185,3.191,3.168,3.171,21896928.76
2025-07-27 10:00:00+00:00,3.171,3.21,3.171,3.203,24603431.09
2025-07-27 11:00:00+00:00,3.203,3.214,3.174,3.18,33057922.91
2025-07-27 12:00:00+00:00,3.18,3.198,3.163,3.195,37231285.4
2025-07-27 13:00:00+00:00,3.195,3.208,3.184,3.186,31039373.08
2025-07-27 14:00:00+00:00,3.186,3.202,3.171,3.18,26833221.21
2025-07-27 15:00:00+00:00,3.18,3.188,3.168,3.187,28858708.16
2025-07-27 16:00:00+00:00,3.187,3.229,3.184,3.196,68762682.86
2025-07-27 17:00:00+00:00,3.196,3.209,3.177,3.205,67994962.38
2025-07-27 18:00:00+00:00,3.205,3.214,3.196,3.213,27829089.35
2025-07-27 19:00:00+00:00,3.213,3.217,3.199,3.209,28209480.02
2025-07-27 20:00:00+00:00,3.209,3.231,3.195,3.202,38137654.4
2025-07-27 21:00:00+00:00,3.202,3.219,3.189,3.216,21446336.94
2025-07-27 22:00:00+00:00,3.216,3.251,3.214,3.235,59159695.38
2025-07-27 23:00:00+00:00,3.235,3.244,3.207,3.239,34027179.05
2025-07-28 00:00:00+00:00,3.239,3.286,3.224,3.262,71897337.66
2025-07-28 01:00:00+00:00,3.262,3.269,3.222,3.244,44755891.47
2025-07-28 02:00:00+00:00,3.244,3.293,3.237,3.269,55015723.67
2025-07-28 03:00:00+00:00,3.269,3.28,3.25,3.27,33451353.83
2025-07-28 04:00:00+00:00,3.27,3.275,3.251,3.272,29574601.0
2025-07-28 05:00:00+00:00,3.272,3.33,3.265,3.319,87105665.99
2025-07-28 06:00:00+00:00,3.319,3.325,3.285,3.29,52898759.52
2025-07-28 07:00:00+00:00,3.29,3.294,3.26,3.274,65030022.36
2025-07-28 08:00:00+00:00,3.274,3.277,3.25,3.264,42661709.73
2025-07-28 09:00:00+00:00,3.264,3.264,3.239,3.253,43950260.07
2025-07-28 10:00:00+00:00,3.253,3.258,3.232,3.239,28525428.02
2025-07-28 11:00:00+00:00,3.239,3.25,3.224,3.245,32424083.02
2025-07-28 12:00:00+00:00,3.245,3.249,3.225,3.23,43843197.59
2025-07-28 13:00:00+00:00,3.23,3.231,3.173,3.191,97174680.63
2025-07-28 14:00:00+00:00,3.191,3.201,3.141,3.156,89124585.28
2025-07-28 15:00:00+00:00,3.156,3.181,3.146,3.16,54764341.53
2025-07-28 16:00:00+00:00,3.16,3.186,3.147,3.17,50526421.13
2025-07-28 17:00:00+00:00,3.17,3.182,3.154,3.158,33114821.6
2025-07-28 18:00:00+00:00,3.158,3.161,3.114,3.143,103676261.27
2025-07-28 19:00:00+00:00,3.143,3.163,3.131,3.161,48813096.41
2025-07-28 20:00:00+00:00,3.161,3.164,3.111,3.142,56575194.16
2025-07-28 21:00:00+00:00,3.142,3.162,3.131,3.144,43689826.55
2025-07-28 22:00:00+00:00,3.144,3.157,3.108,3.133,48163080.78
2025-07-28 23:00:00+00:00,3.133,3.146,3.108,3.123,34945961.51
2025-07-29 00:00:00+00:00,3.123,3.148,3.08,3.125,68717442.11
2025-07-29 01:00:00+00:00,3.125,3.142,3.115,3.116,20279926.87
2025-07-29 02:00:00+00:00,3.116,3.134,3.096,3.11,40634962.98
2025-07-29 03:00:00+00:00,3.11,3.144,3.11,3.141,27549508.04
2025-07-29 04:00:00+00:00,3.141,3.147,3.122,3.125,22513571.18
2025-07-29 05:00:00+00:00,3.125,3.148,3.124,3.146,18136697.12
2025-07-29 06:00:00+00:00,3.146,3.163,3.138,3.154,41506937.46
2025-07-29 07:00:00+00:00,3.154,3.182,3.153,3.175,39827503.0
2025-07-29 08:00:00+00:00,3.175,3.185,3.166,3.175,26864220.61
2025-07-29 09:00:00+00:00,3.175,3.176,3.15,3.161,43562464.79
2025-07-29 10:00:00+00:00,3.161,3.163,3.114,3.118,47371178.5
2025-07-29 11:00:00+00:00,3.118,3.141,3.114,3.138,27733032.53
2025-07-29 12:00:00+00:00,3.138,3.17,3.136,3.163,49656474.89
2025-07-29 13:00:00+00:00,3.163,3.174,3.133,3.14,39466113.18
2025-07-29 14:00:00+00:00,3.14,3.14,3.087,3.104,84110326.84
2025-07-29 15:00:00+00:00,3.104,3.117,3.077,3.099,78189303.47
2025-07-29 16:00:00+00:00,3.099,3.108,3.054,3.107,72208901.06
2025-07-29 17:00:00+00:00,3.107,3.152,3.106,3.147,48176765.19
2025-07-29 18:00:00+00:00,3.147,3.162,3.134,3.141,32040417.14
2025-07-29 19:00:00+00:00,3.141,3.148,3.115,3.12,33441648.98
2025-07-29 20:00:00+00:00,3.12,3.131,3.094,3.117,42896826.31
2025-07-29 21:00:00+00:00,3.117,3.133,3.097,3.125,18945657.51
2025-07-29 22:00:00+00:00,3.125,3.128,3.106,3.125,19382420.01
2025-07-29 23:00:00+00:00,3.125,3.137,3.121,3.128,20377686.47
2025-07-30 00:00:00+00:00,3.128,3.132,3.103,3.122,19571511.27
2025-07-30 01:00:00+00:00,3.122,3.145,3.093,3.132,27895122.41
2025-07-30 02:00:00+00:00,3.132,3.146,3.122,3.14,22608984.31
2025-07-30 03:00:00+00:00,3.14,3.15,3.13,3.138,17866122.59
2025-07-30 04:00:00+00:00,3.138,3.147,3.113,3.119,20175878.25
2025-07-30 05:00:00+00:00,3.119,3.134,3.104,3.134,19112024.79
2025-07-30 06:00:00+00:00,3.134,3.143,3.13,3.139,28715047.4
2025-07-30 07:00:00+00:00,3.139,3.145,3.11,3.12,38750096.66
2025-07-30 08:00:00+00:00,3.12,3.141,3.109,3.126,38736292.03
2025-07-30 09:00:00+00:00,3.126,3.129,3.092,3.098,46045318.81
2025-07-30 10:00:00+00:00,3.098,3.12,3.085,3.09,31594425.46
2025-07-30 11:00:00+00:00,3.09,3.102,3.044,3.052,73901790.84
2025-07-30 12:00:00+00:00,3.052,3.083,3.041,3.078,69475379.56
2025-07-30 13:00:00+00:00,3.078,3.1,3.07,3.087,61913857.4
2025-07-30 14:00:00+00:00,3.087,3.149,3.078,3.149,56681389.1
2025-07-30 15:00:00+00:00,3.149,3.153,3.125,3.143,53178016.42
2025-07-30 16:00:00+00:00,3.143,3.162,3.129,3.137,45060397.68
2025-07-30 17:00:00+00:00,3.137,3.15,3.123,3.131,24441646.63
2025-07-30 18:00:00+00:00,3.131,3.148,3.049,3.05,99396396.85
2025-07-30 19:00:00+00:00,3.05,3.117,3.004,3.098,191631359.95
2025-07-30 20:00:00+00:00,3.098,3.117,3.09,3.092,38143027.99
2025-07-30 21:00:00+00:00,3.092,3.1,3.063,3.079,28767555.55
2025-07-30 22:00:00+00:00,3.079,3.089,3.067,3.083,18217365.5
2025-07-30 23:00:00+00:00,3.083,3.104,3.081,3.097,21163923.54
2025-07-31 00:00:00+00:00,3.097,3.127,3.087,3.127,29907563.18
2025-07-31 01:00:00+00:00,3.127,3.136,3.116,3.128,23439144.06
2025-07-31 02:00:00+00:00,3.128,3.137,3.122,3.136,19563136.4
2025-07-31 03:00:00+00:00,3.136,3.146,3.132,3.14,35744351.58
2025-07-31 04:00:00+00:00,3.14,3.144,3.132,3.14,17774041.22
2025-07-31 05:00:00+00:00,3.14,3.15,3.136,3.142,17874603.31
2025-07-31 06:00:00+00:00,3.142,3.148,3.134,3.148,25831926.99
2025-07-31 07:00:00+00:00,3.148,3.155,3.141,3.155,29277707.88
2025-07-31 08:00:00+00:00,3.155,3.171,3.154,3.16,28725485.51
2025-07-31 09:00:00+00:00,3.16,3.177,3.157,3.169,27681267.39
2025-07-31 10:00:00+00:00,3.169,3.177,3.161,3.171,26962897.65
2025-07-31 11:00:00+00:00,3.171,3.175,3.148,3.152,34605297.09
2025-07-31 12:00:00+00:00,3.152,3.152,3.121,3.135,46958596.08
2025-07-31 13:00:00+00:00,3.135,3.135,3.086,3.113,62746020.04
2025-07-31 14:00:00+00:00,3.113,3.125,3.081,3.081,49827828.53
2025-07-31 15:00:00+00:00,3.081,3.103,3.076,3.101,35166472.7
2025-07-31 16:00:00+00:00,3.101,3.136,3.096,3.122,36470786.04
2025-07-31 17:00:00+00:00,3.122,3.122,3.08,3.086,30406329.97
2025-07-31 18:00:00+00:00,3.086,3.1,3.069,3.084,38753827.65
2025-07-31 19:00:00+00:00,3.084,3.09,3.053,3.058,44970521.52
2025-07-31 20:00:00+00:00,3.058,3.067,3.045,3.051,55623117.05
2025-07-31 21:00:00+00:00,3.051,3.067,3.029,3.049,52580391.49
2025-07-31 22:00:00+00:00,3.049,3.049,3.016,3.027,61318510.38
2025-07-31 23:00:00+00:00,3.027,3.043,3.012,3.022,40309669.16
2025-08-01 00:00:00+00:00,3.022,3.026,2.931,2.987,198094606.37
2025-08-01 01:00:00+00:00,2.987,2.998,2.937,2.986,178955201.94
2025-08-01 02:00:00+00:00,2.986,3.024,2.978,3.019,57890795.56
2025-08-01 03:00:00+00:00,3.019,3.024,2.994,2.998,30728182.52
2025-08-01 04:00:00+00:00,2.998,2.998,2.974,2.986,38983671.85
2025-08-01 05:00:00+00:00,2.986,2.997,2.952,2.959,47571285.2
2025-08-01 06:00:00+00:00,2.959,2.967,2.935,2.962,48649506.24
2025-08-01 07:00:00+00:00,2.962,2.972,2.939,2.956,48665360.67
2025-08-01 08:00:00+00:00,2.956,2.956,2.894,2.916,123900496.28
2025-08-01 09:00:00+00:00,2.916,2.942,2.913,2.922,42218451.5
2025-08-01 10:00:00+00:00,2.922,2.958,2.92,2.953,37480095.87
2025-08-01 11:00:00+00:00,2.953,2.972,2.941,2.971,34405686.09
2025-08-01 12:00:00+00:00,2.971,3.006,2.967,2.994,80995981.83
2025-08-01 13:00:00+00:00,2.994,3.017,2.931,2.957,90244628.72
2025-08-01 14:00:00+00:00,2.957,3.058,2.936,3.053,112473064.62
2025-08-01 15:00:00+00:00,3.053,3.058,3.009,3.044,57674798.99
2025-08-01 16:00:00+00:00,3.044,3.052,3.006,3.012,44434099.92
2025-08-01 17:00:00+00:00,3.012,3.032,2.986,3.002,49179027.88
2025-08-01 18:00:00+00:00,3.002,3.03,2.974,3.01,60213212.45
2025-08-01 19:00:00+00:00,3.01,3.032,2.997,3.014,55785597.7
2025-08-01 20:00:00+00:00,3.014,3.02,2.956,3.008,60575296.56
2025-08-01 21:00:00+00:00,3.008,3.029,2.992,2.995,31496294.18
2025-08-01 22:00:00+00:00,2.995,2.999,2.897,2.925,108332027.14
2025-08-01 23:00:00+00:00,2.925,2.971,2.918,2.962,34935713.26
2025-08-02 00:00:00+00:00,2.962,2.985,2.948,2.979,46439674.64
2025-08-02 01:00:00+00:00,2.979,2.983,2.961,2.977,17832604.27
2025-08-02 02:00:00+00:00,2.977,2.981,2.97,2.976,11138139.48
2025-08-02 03:00:00+00:00,2.976,2.984,2.973,2.983,10766876.85
2025-08-02 04:00:00+00:00,2.983,3.021,2.979,3.019,23635110.8
2025-08-02 05:00:00+00:00,3.019,3.02,3.005,3.011,32807880.06
2025-08-02 06:00:00+00:00,3.011,3.012,2.946,2.969,44194939.76
2025-08-02 07:00:00+00:00,2.969,2.994,2.947,2.992,28960392.53
2025-08-02 08:00:00+00:00,2.992,3.002,2.974,2.978,29107289.7
2025-08-02 09:00:00+00:00,2.978,2.985,2.955,2.967,23033437.18
2025-08-02 10:00:00+00:00,2.967,2.97,2.934,2.944,28444990.71
2025-08-02 11:00:00+00:00,2.944,2.962,2.93,2.94,29741103.83
2025-08-02 12:00:00+00:00,2.94,2.945,2.924,2.939,29840231.66
2025-08-02 13:00:00+00:00,2.939,2.946,2.919,2.939,26154839.93
2025-08-02 14:00:00+00:00,2.939,2.941,2.872,2.879,77098815.91
2025-08-02 15:00:00+00:00,2.879,2.894,2.823,2.83,89474106.48
2025-08-02 16:00:00+00:00,2.83,2.852,2.812,2.844,72360467.19
2025-08-02 17:00:00+00:00,2.844,2.866,2.809,2.824,56112668.21
2025-08-02 18:00:00+00:00,2.824,2.833,2.742,2.76,151861476.54
2025-08-02 19:00:00+00:00,2.76,2.818,2.755,2.779,71310969.41
2025-08-02 20:00:00+00:00,2.779,2.801,2.777,2.798,36714992.24
2025-08-02 21:00:00+00:00,2.798,2.817,2.779,2.8,35834526.42
2025-08-02 22:00:00+00:00,2.8,2.818,2.783,2.798,28221382.94
2025-08-02 23:00:00+00:00,2.798,2.799,2.74,2.769,65492389.27
2025-08-03 00:00:00+00:00,2.769,2.794,2.728,2.786,81433828.88
2025-08-03 01:00:00+00:00,2.786,2.806,2.775,2.799,35497801.72
2025-08-03 02:00:00+00:00,2.799,2.829,2.798,2.827,32452487.3
2025-08-03 03:00:00+00:00,2.827,2.841,2.816,2.836,33975375.77
2025-08-03 04:00:00+00:00,2.836,2.836,2.814,2.825,19472969.86
2025-08-03 05:00:00+00:00,2.825,2.844,2.824,2.835,17164484.3
2025-08-03 06:00:00+00:00,2.835,2.844,2.825,2.839,16178490.18
2025-08-03 07:00:00+00:00,2.839,2.869,2.839,2.865,39220821.0
2025-08-03 08:00:00+00:00,2.865,2.877,2.85,2.867,46021514.69
2025-08-03 09:00:00+00:00,2.867,2.871,2.851,2.865,24060712.51
2025-08-03 10:00:00+00:00,2.865,2.875,2.864,2.868,23112071.71
2025-08-03 11:00:00+00:00,2.868,2.894,2.868,2.869,49996986.27
2025-08-03 12:00:00+00:00,2.869,2.882,2.859,2.877,29523689.95
2025-08-03 13:00:00+00:00,2.877,2.883,2.866,2.875,22597677.98
2025-08-03 14:00:00+00:00,2.875,2.895,2.86,2.885,39815715.03
2025-08-03 15:00:00+00:00,2.885,2.903,2.877,2.895,36439264.98
2025-08-03 16:00:00+00:00,2.895,2.92,2.886,2.918,43784129.31
2025-08-03 17:00:00+00:00,2.918,2.93,2.903,2.916,39576372.14
2025-08-03 18:00:00+00:00,2.916,2.917,2.895,2.917,35881452.97
2025-08-03 19:00:00+00:00,2.917,2.923,2.905,2.916,32966267.36
2025-08-03 20:00:00+00:00,2.916,2.923,2.902,2.917,27105481.39
2025-08-03 21:00:00+00:00,2.917,2.933,2.911,2.929,27868065.54
2025-08-03 22:00:00+00:00,2.929,2.943,2.914,2.942,47949428.09
2025-08-03 23:00:00+00:00,2.942,2.962,2.939,2.948,51162914.77
2025-08-04 00:00:00+00:00,2.948,3.019,2.932,3.017,71496591.38
2025-08-04 01:00:00+00:00,3.017,3.031,2.995,2.998,76824748.66
2025-08-04 02:00:00+00:00,2.998,3.016,2.983,3.014,45269117.65
2025-08-04 03:00:00+00:00,3.014,3.016,2.994,2.998,21217260.2
2025-08-04 04:00:00+00:00,2.998,3.009,2.986,2.988,27571013.34
2025-08-04 05:00:00+00:00,2.988,2.989,2.966,2.984,39563046.65
2025-08-04 06:00:00+00:00,2.984,2.99,2.967,2.983,35914444.77
2025-08-04 07:00:00+00:00,2.983,3.019,2.981,3.012,36610485.76
2025-08-04 08:00:00+00:00,3.012,3.024,3.004,3.008,39778192.61
2025-08-04 09:00:00+00:00,3.008,3.012,2.99,2.991,31604470.2
2025-08-04 10:00:00+00:00,2.991,3.003,2.985,2.986,20694618.43
2025-08-04 11:00:00+00:00,2.986,2.998,2.977,2.992,31175759.93
2025-08-04 12:00:00+00:00,2.992,3.005,2.98,3.003,24634668.95
2025-08-04 13:00:00+00:00,3.003,3.055,2.995,3.051,78812916.18
2025-08-04 14:00:00+00:00,3.051,3.081,3.027,3.035,112192530.66
2025-08-04 15:00:00+00:00,3.035,3.047,3.018,3.031,47297419.0
2025-08-04 16:00:00+00:00,3.031,3.074,3.031,3.072,49793384.33
2025-08-04 17:00:00+00:00,3.072,3.09,3.056,3.058,54428103.57
2025-08-04 18:00:00+00:00,3.058,3.065,3.04,3.045,30051484.33
2025-08-04 19:00:00+00:00,3.045,3.052,3.037,3.049,19525926.61
2025-08-04 20:00:00+00:00,3.049,3.062,3.041,3.049,24221106.16
2025-08-04 21:00:00+00:00,3.049,3.078,3.048,3.07,25635847.75
2025-08-04 22:00:00+00:00,3.07,3.086,3.066,3.086,26430880.86
2025-08-04 23:00:00+00:00,3.086,3.086,3.068,3.072,23151403.66
2025-08-05 00:00:00+00:00,3.072,3.092,3.057,3.09,34073337.57
2025-08-05 01:00:00+00:00,3.09,3.107,3.055,3.056,40265699.57
2025-08-05 02:00:00+00:00,3.056,3.063,3.047,3.062,27544814.38
2025-08-05 03:00:00+00:00,3.062,3.062,3.035,3.038,31531397.0
2025-08-05 04:00:00+00:00,3.038,3.046,3.026,3.034,28098867.88
2025-08-05 05:00:00+00:00,3.034,3.042,3.029,3.041,19546465.43
2025-08-05 06:00:00+00:00,3.041,3.055,3.017,3.022,34609788.66
2025-08-05 07:00:00+00:00,3.022,3.034,2.996,3.004,48138078.23
2025-08-05 08:00:00+00:00,3.004,3.038,2.999,3.033,37625823.77
2025-08-05 09:00:00+00:00,3.033,3.064,3.033,3.061,30838621.53
2025-08-05 10:00:00+00:00,3.061,3.08,3.051,3.074,34822975.74
2025-08-05 11:00:00+00:00,3.074,3.08,3.06,3.063,28699660.78
2025-08-05 12:00:00+00:00,3.063,3.065,3.013,3.027,54228239.87
2025-08-05 13:00:00+00:00,3.027,3.043,3.023,3.038,35026694.9
2025-08-05 14:00:00+00:00,3.038,3.038,2.96,2.977,126600262.76
2025-08-05 15:00:00+00:00,2.977,2.994,2.957,2.971,49544573.19
2025-08-05 16:00:00+00:00,2.971,2.991,2.962,2.969,37651707.29
2025-08-05 17:00:00+00:00,2.969,2.993,2.969,2.99,22573988.71
2025-08-05 18:00:00+00:00,2.99,2.99,2.953,2.978,32149157.33
2025-08-05 19:00:00+00:00,2.978,2.985,2.945,2.947,26222196.63
2025-08-05 20:00:00+00:00,2.947,2.968,2.936,2.939,28680195.64
2025-08-05 21:00:00+00:00,2.939,2.954,2.933,2.936,19970561.25
2025-08-05 22:00:00+00:00,2.936,2.962,2.917,2.961,35518900.42
2025-08-05 23:00:00+00:00,2.961,2.976,2.957,2.962,21463344.27
2025-08-06 00:00:00+00:00,2.962,2.965,2.927,2.932,19823294.84
2025-08-06 01:00:00+00:00,2.932,2.943,2.92,2.94,23248820.58
2025-08-06 02:00:00+00:00,2.94,2.941,2.918,2.933,17049613.16
2025-08-06 03:00:00+00:00,2.933,2.934,2.909,2.914,25195030.02
2025-08-06 04:00:00+00:00,2.914,2.918,2.902,2.911,22588085.9
2025-08-06 05:00:00+00:00,2.911,2.968,2.906,2.951,54586360.77
2025-08-06 06:00:00+00:00,2.951,2.956,2.93,2.949,28741297.98
2025-08-06 07:00:00+00:00,2.949,2.961,2.945,2.956,28552806.9
2025-08-06 08:00:00+00:00,2.956,2.96,2.919,2.93,43711293.12
2025-08-06 09:00:00+00:00,2.93,2.953,2.923,2.944,28218449.71
2025-08-06 10:00:00+00:00,2.944,2.948,2.927,2.936,23160657.6
2025-08-06 11:00:00+00:00,2.936,2.956,2.935,2.946,20963036.36
2025-08-06 12:00:00+00:00,2.946,2.954,2.924,2.94,26634810.22
2025-08-06 13:00:00+00:00,2.94,2.96,2.932,2.949,43770424.18
2025-08-06 14:00:00+00:00,2.949,2.985,2.939,2.985,48341588.32
2025-08-06 15:00:00+00:00,2.985,3.007,2.968,3.004,50610949.03
2025-08-06 16:00:00+00:00,3.004,3.015,2.976,2.981,44725712.81
2025-08-06 17:00:00+00:00,2.981,3.004,2.97,3.004,25182536.75
2025-08-06 18:00:00+00:00,3.004,3.019,2.996,3.002,24668575.3
2025-08-06 19:00:00+00:00,3.002,3.014,2.999,3.011,16615613.52
2025-08-06 20:00:00+00:00,3.011,3.011,2.992,2.994,15725689.83
2025-08-06 21:00:00+00:00,2.994,3.006,2.979,2.994,18984470.23
2025-08-06 22:00:00+00:00,2.994,3.0,2.99,2.999,11296235.87
2025-08-06 23:00:00+00:00,2.999,3.002,2.99,2.991,11676895.71
2025-08-07 00:00:00+00:00,2.991,2.994,2.979,2.987,14628975.93
2025-08-07 01:00:00+00:00,2.987,3.011,2.983,2.986,27543886.46
2025-08-07 02:00:00+00:00,2.986,2.99,2.973,2.976,15806101.92
2025-08-07 03:00:00+00:00,2.976,2.981,2.968,2.968,18929229.75
2025-08-07 04:00:00+00:00,2.968,2.983,2.964,2.976,16939252.43
2025-08-07 05:00:00+00:00,2.976,2.996,2.971,2.995,18398049.72
2025-08-07 06:00:00+00:00,2.995,3.013,2.993,3.001,38366543.46
2025-08-07 07:00:00+00:00,3.001,3.011,2.999,3.0,20855168.98
2025-08-07 08:00:00+00:00,3.0,3.009,2.994,2.997,25110886.11
2025-08-07 09:00:00+00:00,2.997,3.008,2.988,3.007,19967892.21
2025-08-07 10:00:00+00:00,3.007,3.076,3.006,3.07,87064540.87
2025-08-07 11:00:00+00:00,3.07,3.088,3.067,3.079,53452366.22
2025-08-07 12:00:00+00:00,3.079,3.086,3.062,3.077,50083134.92
2025-08-07 13:00:00+00:00,3.077,3.084,3.067,3.071,42455982.48
2025-08-07 14:00:00+00:00,3.071,3.072,3.044,3.048,47738989.61
2025-08-07 15:00:00+00:00,3.048,3.066,3.041,3.063,37725047.53
2025-08-07 16:00:00+00:00,3.063,3.066,3.009,3.038,43491358.23
2025-08-07 17:00:00+00:00,3.038,3.053,3.029,3.05,29254253.01
2025-08-07 18:00:00+00:00,3.05,3.057,3.04,3.054,18281508.06
2025-08-07 19:00:00+00:00,3.054,3.102,3.052,3.101,47796523.7
2025-08-07 20:00:00+00:00,3.101,3.121,3.101,3.111,71358008.66
2025-08-07 21:00:00+00:00,3.111,3.298,3.103,3.25,225441232.57
2025-08-07 22:00:00+00:00,3.25,3.331,3.244,3.325,188812124.0
2025-08-07 23:00:00+00:00,3.325,3.333,3.279,3.32,114518006.81
2025-08-08 00:00:00+00:00,3.32,3.337,3.289,3.299,234498766.92
2025-08-08 01:00:00+00:00,3.299,3.321,3.273,3.319,183529561.99
2025-08-08 02:00:00+00:00,3.319,3.349,3.305,3.341,82222854.92
2025-08-08 03:00:00+00:00,3.341,3.376,3.332,3.376,86435839.61
2025-08-08 04:00:00+00:00,3.376,3.382,3.342,3.35,73754757.22
2025-08-08 05:00:00+00:00,3.35,3.352,3.31,3.316,87585557.98
2025-08-08 06:00:00+00:00,3.316,3.35,3.307,3.349,49795599.91
2025-08-08 07:00:00+00:00,3.349,3.36,3.326,3.356,46778515.64
2025-08-08 08:00:00+00:00,3.356,3.36,3.323,3.336,50826173.33
2025-08-08 09:00:00+00:00,3.336,3.342,3.312,3.328,76964778.63
2025-08-08 10:00:00+00:00,3.328,3.333,3.303,3.31,44351319.35
2025-08-08 11:00:00+00:00,3.31,3.338,3.31,3.336,31483140.68
2025-08-08 12:00:00+00:00,3.336,3.338,3.308,3.321,47538658.22
2025-08-08 13:00:00+00:00,3.321,3.356,3.314,3.351,63833279.84
2025-08-08 14:00:00+00:00,3.351,3.372,3.273,3.28,153486489.58
2025-08-08 15:00:00+00:00,3.28,3.281,3.206,3.222,149538674.24
2025-08-08 16:00:00+00:00,3.222,3.248,3.22,3.247,67637913.46
2025-08-08 17:00:00+00:00,3.247,3.294,3.246,3.294,65555171.23
2025-08-08 18:00:00+00:00,3.294,3.297,3.263,3.277,56405162.8
2025-08-08 19:00:00+00:00,3.277,3.34,3.271,3.338,64571246.91
2025-08-08 20:00:00+00:00,3.338,3.339,3.297,3.312,54537729.94
2025-08-08 21:00:00+00:00,3.312,3.315,3.302,3.304,19807752.02
2025-08-08 22:00:00+00:00,3.304,3.304,3.287,3.288,27903308.78
2025-08-08 23:00:00+00:00,3.288,3.3,3.279,3.286,23254567.24
2025-08-09 00:00:00+00:00,3.286,3.299,3.28,3.298,22982734.06
2025-08-09 01:00:00+00:00,3.298,3.314,3.287,3.305,23394102.53
2025-08-09 02:00:00+00:00,3.305,3.306,3.294,3.304,16700165.97
2025-08-09 03:00:00+00:00,3.304,3.308,3.29,3.291,19720107.03
2025-08-09 04:00:00+00:00,3.291,3.308,3.288,3.299,23305042.08
2025-08-09 05:00:00+00:00,3.299,3.335,3.296,3.314,100468976.84
2025-08-09 06:00:00+00:00,3.314,3.316,3.297,3.304,32086637.05
2025-08-09 07:00:00+00:00,3.304,3.324,3.301,3.32,25538231.15
2025-08-09 08:00:00+00:00,3.32,3.329,3.312,3.321,27486787.3
2025-08-09 09:00:00+00:00,3.321,3.347,3.32,3.335,53393047.66
2025-08-09 10:00:00+00:00,3.335,3.346,3.327,3.333,33761352.14
2025-08-09 11:00:00+00:00,3.333,3.334,3.305,3.309,29405287.57
2025-08-09 12:00:00+00:00,3.309,3.327,3.303,3.325,21034721.71
2025-08-09 13:00:00+00:00,3.325,3.327,3.277,3.277,63573991.41
2025-08-09 14:00:00+00:00,3.277,3.296,3.25,3.295,59916830.91
2025-08-09 15:00:00+00:00,3.295,3.296,3.264,3.273,36016675.36
2025-08-09 16:00:00+00:00,3.273,3.287,3.267,3.273,27492639.21
2025-08-09 17:00:00+00:00,3.273,3.298,3.267,3.285,28526683.73
2025-08-09 18:00:00+00:00,3.285,3.289,3.277,3.285,23746090.95
2025-08-09 19:00:00+00:00,3.285,3.294,3.259,3.265,30556514.74
2025-08-09 20:00:00+00:00,3.265,3.275,3.252,3.259,47002688.3
2025-08-09 21:00:00+00:00,3.259,3.266,3.233,3.248,45613402.26
2025-08-09 22:00:00+00:00,3.248,3.263,3.209,3.226,77951031.22
2025-08-09 23:00:00+00:00,3.226,3.234,3.214,3.226,30204439.46
2025-08-10 00:00:00+00:00,3.226,3.245,3.226,3.234,33116930.29
2025-08-10 01:00:00+00:00,3.234,3.24,3.219,3.237,25893856.88
2025-08-10 02:00:00+00:00,3.237,3.248,3.227,3.242,26381844.19
2025-08-10 03:00:00+00:00,3.242,3.266,3.239,3.259,52540330.91
2025-08-10 04:00:00+00:00,3.259,3.279,3.25,3.274,32797361.92
2025-08-10 05:00:00+00:00,3.274,3.274,3.247,3.256,27692634.75
2025-08-10 06:00:00+00:00,3.256,3.263,3.236,3.249,26502154.67
2025-08-10 07:00:00+00:00,3.249,3.254,3.163,3.187,96984690.48
2025-08-10 08:00:00+00:00,3.187,3.212,3.153,3.209,71210185.54
2025-08-10 09:00:00+00:00,3.209,3.22,3.206,3.214,22683605.68
2025-08-10 10:00:00+00:00,3.214,3.216,3.181,3.19,32882918.74
2025-08-10 11:00:00+00:00,3.19,3.203,3.178,3.191,30284940.99
2025-08-10 12:00:00+00:00,3.191,3.197,3.18,3.189,19565371.2
2025-08-10 13:00:00+00:00,3.189,3.196,3.163,3.164,27492111.44
2025-08-10 14:00:00+00:00,3.164,3.204,3.157,3.201,38736185.08
2025-08-10 15:00:00+00:00,3.201,3.203,3.18,3.185,27640990.0
2025-08-10 16:00:00+00:00,3.185,3.201,3.182,3.198,18394465.95
2025-08-10 17:00:00+00:00,3.198,3.2,3.182,3.198,16320145.1
2025-08-10 18:00:00+00:00,3.198,3.209,3.194,3.208,13564715.06
2025-08-10 19:00:00+00:00,3.208,3.214,3.202,3.207,15892252.05
2025-08-10 20:00:00+00:00,3.207,3.208,3.178,3.186,45540103.24
2025-08-10 21:00:00+00:00,3.186,3.186,3.159,3.183,44259474.96
2025-08-10 22:00:00+00:00,3.183,3.193,3.17,3.18,39435314.93
2025-08-10 23:00:00+00:00,3.18,3.192,3.165,3.187,25938480.01
2025-08-11 00:00:00+00:00,3.187,3.206,3.172,3.195,36942230.63
2025-08-11 01:00:00+00:00,3.195,3.232,3.193,3.224,36631117.49
2025-08-11 02:00:00+00:00,3.224,3.272,3.224,3.264,83953360.83
2025-08-11 03:00:00+00:00,3.264,3.274,3.249,3.266,48465526.38
2025-08-11 04:00:00+00:00,3.266,3.278,3.256,3.262,37875341.78
2025-08-11 05:00:00+00:00,3.262,3.282,3.262,3.271,42725812.27
2025-08-11 06:00:00+00:00,3.271,3.282,3.261,3.279,36683185.6
2025-08-11 07:00:00+00:00,3.279,3.289,3.234,3.245,53726055.93
2025-08-11 08:00:00+00:00,3.245,3.334,3.229,3.299,133314651.55
2025-08-11 09:00:00+00:00,3.299,3.321,3.271,3.28,58810814.17
2025-08-11 10:00:00+00:00,3.28,3.283,3.252,3.256,51193598.6
2025-08-11 11:00:00+00:00,3.256,3.265,3.204,3.215,97157281.08
2025-08-11 12:00:00+00:00,3.215,3.236,3.196,3.207,85995218.59
2025-08-11 13:00:00+00:00,3.207,3.225,3.184,3.217,73466379.54
2025-08-11 14:00:00+00:00,3.217,3.234,3.191,3.195,58537777.86
2025-08-11 15:00:00+00:00,3.195,3.21,3.178,3.209,61604669.38
2025-08-11 16:00:00+00:00,3.209,3.224,3.184,3.188,52729197.07
2025-08-11 17:00:00+00:00,3.188,3.229,3.177,3.193,70829913.25
2025-08-11 18:00:00+00:00,3.193,3.21,3.165,3.207,63189340.51
2025-08-11 19:00:00+00:00,3.207,3.207,3.148,3.149,60980665.4
2025-08-11 20:00:00+00:00,3.149,3.168,3.136,3.163,54541812.86
2025-08-11 21:00:00+00:00,3.163,3.17,3.118,3.138,51042333.3
2025-08-11 22:00:00+00:00,3.138,3.142,3.118,3.138,35596217.4
2025-08-11 23:00:00+00:00,3.138,3.146,3.13,3.13,27112159.68
2025-08-12 00:00:00+00:00,3.13,3.152,3.128,3.148,31839523.15
2025-08-12 01:00:00+00:00,3.148,3.165,3.144,3.163,19275820.88
2025-08-12 02:00:00+00:00,3.163,3.176,3.158,3.161,18582943.87
2025-08-12 03:00:00+00:00,3.161,3.163,3.144,3.149,21977148.28
2025-08-12 04:00:00+00:00,3.149,3.166,3.145,3.163,20558329.31
2025-08-12 05:00:00+00:00,3.163,3.163,3.123,3.142,34052039.97
2025-08-12 06:00:00+00:00,3.142,3.151,3.116,3.144,28267577.96
2025-08-12 07:00:00+00:00,3.144,3.161,3.144,3.156,28904848.59
2025-08-12 08:00:00+00:00,3.156,3.164,3.14,3.151,28156535.33
2025-08-12 09:00:00+00:00,3.151,3.154,3.125,3.128,26493904.37
2025-08-12 10:00:00+00:00,3.128,3.131,3.105,3.128,40455127.42
2025-08-12 11:00:00+00:00,3.128,3.161,3.119,3.15,27750759.67
2025-08-12 12:00:00+00:00,3.15,3.203,3.142,3.185,104176740.33
2025-08-12 13:00:00+00:00,3.185,3.198,3.161,3.175,68176972.0
2025-08-12 14:00:00+00:00,3.175,3.211,3.169,3.205,45513340.04
2025-08-12 15:00:00+00:00,3.205,3.219,3.203,3.213,54500406.87
2025-08-12 16:00:00+00:00,3.213,3.234,3.206,3.231,55403210.01
2025-08-12 17:00:00+00:00,3.231,3.251,3.227,3.23,45357896.75
2025-08-12 18:00:00+00:00,3.23,3.258,3.228,3.246,41707321.44
2025-08-12 19:00:00+00:00,3.246,3.29,3.246,3.288,54401269.87
2025-08-12 20:00:00+00:00,3.288,3.306,3.273,3.291,111810707.63
2025-08-12 21:00:00+00:00,3.291,3.294,3.268,3.274,66629807.02
2025-08-12 22:00:00+00:00,3.274,3.279,3.258,3.275,57850746.45
2025-08-12 23:00:00+00:00,3.275,3.278,3.263,3.268,41537521.08
2025-08-13 00:00:00+00:00,3.268,3.268,3.243,3.246,65390003.0
2025-08-13 01:00:00+00:00,3.246,3.247,3.215,3.223,48135817.12
2025-08-13 02:00:00+00:00,3.223,3.241,3.206,3.24,45609444.35
2025-08-13 03:00:00+00:00,3.24,3.251,3.223,3.242,45875273.26
2025-08-13 04:00:00+00:00,3.242,3.258,3.239,3.251,47812909.77
2025-08-13 05:00:00+00:00,3.251,3.253,3.213,3.219,43709264.2
2025-08-13 06:00:00+00:00,3.219,3.231,3.203,3.225,47197222.89
2025-08-13 07:00:00+00:00,3.225,3.242,3.22,3.239,46184797.36
2025-08-13 08:00:00+00:00,3.239,3.288,3.239,3.287,86519761.08
2025-08-13 09:00:00+00:00,3.287,3.294,3.268,3.289,81779535.2
2025-08-13 10:00:00+00:00,3.289,3.299,3.277,3.292,45631708.71
2025-08-13 11:00:00+00:00,3.292,3.298,3.276,3.285,40206775.79
2025-08-13 12:00:00+00:00,3.285,3.294,3.27,3.271,48215356.97
2025-08-13 13:00:00+00:00,3.271,3.335,3.256,3.292,182488254.8
2025-08-13 14:00:00+00:00,3.292,3.3,3.234,3.241,129392845.21
2025-08-13 15:00:00+00:00,3.241,3.269,3.227,3.256,61710467.29
2025-08-13 16:00:00+00:00,3.256,3.279,3.247,3.254,39784383.49
2025-08-13 17:00:00+00:00,3.254,3.278,3.251,3.275,30047270.1
2025-08-13 18:00:00+00:00,3.275,3.28,3.245,3.269,27932784.76
2025-08-13 19:00:00+00:00,3.269,3.285,3.267,3.278,29934107.58
2025-08-13 20:00:00+00:00,3.278,3.28,3.259,3.263,27604719.56
2025-08-13 21:00:00+00:00,3.263,3.279,3.253,3.259,31151937.1
2025-08-13 22:00:00+00:00,3.259,3.295,3.253,3.275,38217756.31
2025-08-13 23:00:00+00:00,3.275,3.291,3.272,3.275,47475124.8
2025-08-14 00:00:00+00:00,3.275,3.304,3.27,3.298,87961124.54
2025-08-14 01:00:00+00:00,3.298,3.33,3.283,3.321,91627991.83
2025-08-14 02:00:00+00:00,3.321,3.351,3.306,3.349,92076120.74
2025-08-14 03:00:00+00:00,3.349,3.349,3.325,3.326,71738783.75
2025-08-14 04:00:00+00:00,3.326,3.334,3.303,3.303,57647499.74
2025-08-14 05:00:00+00:00,3.303,3.31,3.271,3.275,67320917.16
2025-08-14 06:00:00+00:00,3.275,3.275,3.235,3.266,105141172.15
2025-08-14 07:00:00+00:00,3.266,3.271,3.239,3.255,56973125.82
2025-08-14 08:00:00+00:00,3.255,3.255,3.223,3.233,59185637.6
2025-08-14 09:00:00+00:00,3.233,3.245,3.224,3.242,51433321.73
2025-08-14 10:00:00+00:00,3.242,3.242,3.202,3.212,78088383.31
2025-08-14 11:00:00+00:00,3.212,3.219,3.202,3.218,39124710.49
2025-08-14 12:00:00+00:00,3.218,3.235,3.071,3.102,325070079.42
2025-08-14 13:00:00+00:00,3.102,3.135,3.046,3.112,225937587.1
2025-08-14 14:00:00+00:00,3.112,3.141,3.097,3.122,90391026.02
2025-08-14 15:00:00+00:00,3.122,3.126,3.086,3.096,67769047.06
2025-08-14 16:00:00+00:00,3.096,3.096,3.048,3.068,81134879.0
2025-08-14 17:00:00+00:00,3.068,3.086,3.048,3.079,43065623.6
2025-08-14 18:00:00+00:00,3.079,3.086,3.045,3.081,40280796.55
2025-08-14 19:00:00+00:00,3.081,3.099,3.066,3.068,37635156.0
2025-08-14 20:00:00+00:00,3.068,3.086,3.058,3.078,29597777.24
2025-08-14 21:00:00+00:00,3.078,3.08,3.029,3.061,49099091.2
2025-08-14 22:00:00+00:00,3.061,3.081,3.045,3.079,30529168.5
2025-08-14 23:00:00+00:00,3.079,3.091,3.077,3.079,19661852.35
2025-08-15 00:00:00+00:00,3.079,3.095,3.072,3.08,31761168.25
2025-08-15 01:00:00+00:00,3.08,3.102,3.072,3.094,33001654.32
2025-08-15 02:00:00+00:00,3.094,3.107,3.086,3.1,28877113.34
2025-08-15 03:00:00+00:00,3.1,3.122,3.095,3.117,36972951.78
2025-08-15 04:00:00+00:00,3.117,3.128,3.11,3.117,27369365.71
2025-08-15 05:00:00+00:00,3.117,3.133,3.108,3.133,25474726.44
2025-08-15 06:00:00+00:00,3.133,3.143,3.125,3.126,39725459.19
2025-08-15 07:00:00+00:00,3.126,3.126,3.106,3.118,31238185.52
2025-08-15 08:00:00+00:00,3.118,3.128,3.113,3.115,27815466.81
2025-08-15 09:00:00+00:00,3.115,3.124,3.097,3.104,32417540.37
2025-08-15 10:00:00+00:00,3.104,3.122,3.102,3.107,27286040.1
2025-08-15 11:00:00+00:00,3.107,3.118,3.097,3.111,19204644.98
2025-08-15 12:00:00+00:00,3.111,3.138,3.098,3.113,69990417.36
2025-08-15 13:00:00+00:00,3.113,3.123,3.072,3.084,70115918.32
2025-08-15 14:00:00+00:00,3.084,3.1,3.055,3.063,54071640.52
2025-08-15 15:00:00+00:00,3.063,3.065,3.012,3.027,96136903.38
2025-08-15 16:00:00+00:00,3.027,3.043,3.003,3.038,60026560.22
2025-08-15 17:00:00+00:00,3.038,3.067,3.022,3.056,47282162.26
2025-08-15 18:00:00+00:00,3.056,3.082,3.048,3.064,41194423.14
2025-08-15 19:00:00+00:00,3.064,3.094,3.055,3.066,38632273.83
2025-08-15 20:00:00+00:00,3.066,3.09,3.055,3.075,36446407.21
2025-08-15 21:00:00+00:00,3.075,3.094,3.075,3.079,29261355.75
2025-08-15 22:00:00+00:00,3.079,3.097,3.075,3.095,16355145.5
2025-08-15 23:00:00+00:00,3.095,3.098,3.071,3.078,18317893.68
2025-08-16 00:00:00+00:00,3.078,3.094,3.072,3.092,19735295.93
2025-08-16 01:00:00+00:00,3.092,3.095,3.086,3.09,14303427.93
2025-08-16 02:00:00+00:00,3.09,3.093,3.085,3.092,14350694.28
2025-08-16 03:00:00+00:00,3.092,3.114,3.09,3.109,27064833.83
2025-08-16 04:00:00+00:00,3.109,3.117,3.105,3.107,17138762.1
2025-08-16 05:00:00+00:00,3.107,3.108,3.09,3.094,14829208.68
2025-08-16 06:00:00+00:00,3.094,3.111,3.089,3.106,18542710.17
2025-08-16 07:00:00+00:00,3.106,3.126,3.106,3.123,23087706.25
2025-08-16 08:00:00+00:00,3.123,3.146,3.117,3.141,42317077.0
2025-08-16 09:00:00+00:00,3.141,3.156,3.126,3.126,40906799.11
2025-08-16 10:00:00+00:00,3.126,3.147,3.121,3.126,61333187.65
2025-08-16 11:00:00+00:00,3.126,3.134,3.103,3.104,29682163.26
2025-08-16 12:00:00+00:00,3.104,3.119,3.098,3.112,31594961.47
2025-08-16 13:00:00+00:00,3.112,3.127,3.101,3.107,37870536.62
2025-08-16 14:00:00+00:00,3.107,3.119,3.1,3.11,28606944.48
2025-08-16 15:00:00+00:00,3.11,3.116,3.1,3.104,24517960.41
2025-08-16 16:00:00+00:00,3.104,3.112,3.096,3.108,32803892.21
2025-08-16 17:00:00+00:00,3.108,3.11,3.094,3.096,14426906.56
2025-08-16 18:00:00+00:00,3.096,3.109,3.093,3.099,11249209.18
2025-08-16 19:00:00+00:00,3.099,3.108,3.096,3.1,15165468.88
2025-08-16 20:00:00+00:00,3.1,3.107,3.095,3.104,10627049.52
2025-08-16 21:00:00+00:00,3.104,3.105,3.094,3.095,8584547.45
2025-08-16 22:00:00+00:00,3.095,3.109,3.091,3.106,13058229.95
2025-08-16 23:00:00+00:00,3.106,3.107,3.099,3.106,10524838.78
2025-08-17 00:00:00+00:00,3.106,3.106,3.093,3.093,11296801.77
2025-08-17 01:00:00+00:00,3.093,3.106,3.083,3.105,23762975.23
2025-08-17 02:00:00+00:00,3.105,3.121,3.094,3.12,20961082.78
2025-08-17 03:00:00+00:00,3.12,3.124,3.113,3.12,15227601.02
2025-08-17 04:00:00+00:00,3.12,3.135,3.119,3.134,20533224.13
2025-08-17 05:00:00+00:00,3.134,3.139,3.121,3.122,16383588.81
2025-08-17 06:00:00+00:00,3.122,3.128,3.114,3.115,15175077.72
2025-08-17 07:00:00+00:00,3.115,3.122,3.112,3.118,14690596.3
2025-08-17 08:00:00+00:00,3.118,3.141,3.111,3.138,19556735.72
2025-08-17 09:00:00+00:00,3.138,3.139,3.119,3.132,27254520.93
2025-08-17 10:00:00+00:00,3.132,3.137,3.122,3.127,17546605.51
2025-08-17 11:00:00+00:00,3.127,3.132,3.123,3.128,12508687.98
2025-08-17 12:00:00+00:00,3.128,3.129,3.114,3.118,15163795.14
2025-08-17 13:00:00+00:00,3.118,3.132,3.114,3.128,16264505.76
2025-08-17 14:00:00+00:00,3.128,3.129,3.117,3.118,16107901.14
2025-08-17 15:00:00+00:00,3.118,3.146,3.115,3.144,29157600.51
2025-08-17 16:00:00+00:00,3.144,3.147,3.105,3.112,45279686.6
2025-08-17 17:00:00+00:00,3.112,3.121,3.106,3.108,19260344.85
2025-08-17 18:00:00+00:00,3.108,3.109,3.079,3.098,42340560.19
2025-08-17 19:00:00+00:00,3.098,3.103,3.087,3.089,25799223.23
2025-08-17 20:00:00+00:00,3.089,3.1,3.089,3.093,13781654.49
2025-08-17 21:00:00+00:00,3.093,3.104,3.088,3.1,13531797.61
2025-08-17 22:00:00+00:00,3.1,3.113,3.097,3.111,18955803.74
2025-08-17 23:00:00+00:00,3.111,3.111,3.086,3.088,24525029.0
2025-08-18 00:00:00+00:00,3.088,3.091,3.073,3.082,33051980.46
2025-08-18 01:00:00+00:00,3.082,3.085,3.036,3.041,75343201.9
2025-08-18 02:00:00+00:00,3.041,3.044,3.006,3.011,88005387.34
2025-08-18 03:00:00+00:00,3.011,3.016,2.969,2.99,110130143.05
2025-08-18 04:00:00+00:00,2.99,3.0,2.978,2.998,47424525.33
2025-08-18 05:00:00+00:00,2.998,3.005,2.973,2.992,44221727.83
2025-08-18 06:00:00+00:00,2.992,2.992,2.956,2.971,75050894.89
2025-08-18 07:00:00+00:00,2.971,2.978,2.959,2.964,40514653.27
2025-08-18 08:00:00+00:00,2.964,2.976,2.962,2.963,28165186.23
2025-08-18 09:00:00+00:00,2.963,2.97,2.941,2.967,64089702.67
2025-08-18 10:00:00+00:00,2.967,2.972,2.955,2.97,38469274.68
2025-08-18 11:00:00+00:00,2.97,2.978,2.959,2.964,37467944.81
2025-08-18 12:00:00+00:00,2.964,2.99,2.96,2.99,34215750.23
2025-08-18 13:00:00+00:00,2.99,3.001,2.967,2.968,49517080.94
2025-08-18 14:00:00+00:00,2.968,2.999,2.968,2.996,38366849.71
2025-08-18 15:00:00+00:00,2.996,3.024,2.987,3.016,39218343.13
2025-08-18 16:00:00+00:00,3.016,3.023,3.002,3.004,28873596.87
2025-08-18 17:00:00+00:00,3.004,3.096,3.001,3.07,72796422.45
2025-08-18 18:00:00+00:00,3.07,3.073,3.044,3.066,25987293.76
2025-08-18 19:00:00+00:00,3.066,3.084,3.056,3.082,24305033.36
2025-08-18 20:00:00+00:00,3.082,3.083,3.052,3.079,24997198.25
2025-08-18 21:00:00+00:00,3.079,3.096,3.069,3.079,28512574.72
2025-08-18 22:00:00+00:00,3.079,3.093,3.068,3.069,26383402.21
2025-08-18 23:00:00+00:00,3.069,3.07,3.055,3.061,26240774.52
2025-08-19 00:00:00+00:00,3.061,3.07,3.025,3.066,55900110.23
2025-08-19 01:00:00+00:00,3.066,3.081,3.044,3.05,34178178.74
2025-08-19 02:00:00+00:00,3.05,3.051,3.032,3.035,27146415.98
2025-08-19 03:00:00+00:00,3.035,3.036,2.984,2.99,55969405.09
2025-08-19 04:00:00+00:00,2.99,3.007,2.973,3.006,41110800.73
2025-08-19 05:00:00+00:00,3.006,3.028,3.002,3.015,28336383.85
2025-08-19 06:00:00+00:00,3.015,3.026,3.004,3.02,28152924.33
2025-08-19 07:00:00+00:00,3.02,3.023,2.992,3.004,41960204.55
2025-08-19 08:00:00+00:00,3.004,3.016,2.991,3.009,37474023.75
2025-08-19 09:00:00+00:00,3.009,3.023,3.005,3.017,25626063.89
2025-08-19 10:00:00+00:00,3.017,3.025,3.01,3.013,18046349.7
2025-08-19 11:00:00+00:00,3.013,3.019,3.007,3.016,17509195.67
2025-08-19 12:00:00+00:00,3.016,3.018,3.005,3.013,17243894.78
2025-08-19 13:00:00+00:00,3.013,3.037,2.986,3.0,51863001.63
2025-08-19 14:00:00+00:00,3.0,3.007,2.933,2.943,85632443.14
2025-08-19 15:00:00+00:00,2.943,2.967,2.927,2.929,58735776.43
2025-08-19 16:00:00+00:00,2.929,2.935,2.908,2.911,61167316.03
2025-08-19 17:00:00+00:00,2.911,2.932,2.898,2.929,45951214.16
2025-08-19 18:00:00+00:00,2.929,2.933,2.893,2.903,36869302.45
2025-08-19 19:00:00+00:00,2.903,2.919,2.872,2.877,67556873.55
2025-08-19 20:00:00+00:00,2.877,2.906,2.872,2.903,48468143.48
2025-08-19 21:00:00+00:00,2.903,2.904,2.875,2.896,53804714.2
2025-08-19 22:00:00+00:00,2.896,2.901,2.883,2.892,21014992.94
2025-08-19 23:00:00+00:00,2.892,2.894,2.849,2.861,58356296.45
2025-08-20 00:00:00+00:00,2.861,2.889,2.86,2.879,42735124.52
2025-08-20 01:00:00+00:00,2.879,2.891,2.849,2.885,43813877.83
2025-08-20 02:00:00+00:00,2.885,2.894,2.878,2.885,27996121.21
2025-08-20 03:00:00+00:00,2.885,2.9,2.882,2.887,25588439.62
2025-08-20 04:00:00+00:00,2.887,2.901,2.887,2.899,29272049.86
2025-08-20 05:00:00+00:00,2.899,2.901,2.888,2.9,18209774.88
2025-08-20 06:00:00+00:00,2.9,2.9,2.877,2.885,26655333.03
2025-08-20 07:00:00+00:00,2.885,2.896,2.865,2.867,34279432.38
2025-08-20 08:00:00+00:00,2.867,2.914,2.864,2.913,56349718.39
2025-08-20 09:00:00+00:00,2.913,2.913,2.885,2.887,52074973.25
2025-08-20 10:00:00+00:00,2.887,2.906,2.884,2.904,24650816.4
2025-08-20 11:00:00+00:00,2.904,2.906,2.86,2.889,28439506.83
2025-08-20 12:00:00+00:00,2.889,2.913,2.886,2.893,32284224.34
2025-08-20 13:00:00+00:00,2.893,2.893,2.837,2.839,68823443.02
2025-08-20 14:00:00+00:00,2.839,2.902,2.819,2.889,82780602.0
2025-08-20 15:00:00+00:00,2.889,2.934,2.886,2.904,75862592.94
2025-08-20 16:00:00+00:00,2.904,2.929,2.904,2.913,32542934.8
2025-08-20 17:00:00+00:00,2.913,2.956,2.912,2.944,48044110.95
2025-08-20 18:00:00+00:00,2.944,2.945,2.906,2.919,38119115.9
2025-08-20 19:00:00+00:00,2.919,2.989,2.917,2.989,45175163.56
2025-08-20 20:00:00+00:00,2.989,2.989,2.966,2.971,30576404.77
2025-08-20 21:00:00+00:00,2.971,2.977,2.953,2.967,28285225.19
2025-08-20 22:00:00+00:00,2.967,2.974,2.961,2.97,14269636.48
2025-08-20 23:00:00+00:00,2.97,2.971,2.95,2.951,16788163.89
2025-08-21 00:00:00+00:00,2.951,2.952,2.934,2.943,29399849.26
2025-08-21 01:00:00+00:00,2.943,2.952,2.928,2.951,22631819.95
2025-08-21 02:00:00+00:00,2.951,2.959,2.913,2.924,25038427.4
2025-08-21 03:00:00+00:00,2.924,2.951,2.924,2.93,29052685.08
2025-08-21 04:00:00+00:00,2.93,2.941,2.922,2.931,16055026.97
2025-08-21 05:00:00+00:00,2.931,2.933,2.922,2.931,16527942.1
2025-08-21 06:00:00+00:00,2.931,2.931,2.903,2.911,25875072.17
2025-08-21 07:00:00+00:00,2.911,2.918,2.892,2.908,29254202.3
2025-08-21 08:00:00+00:00,2.908,2.916,2.897,2.897,21737426.03
2025-08-21 09:00:00+00:00,2.897,2.906,2.886,2.893,18021865.17
2025-08-21 10:00:00+00:00,2.893,2.905,2.89,2.901,13964363.24
2025-08-21 11:00:00+00:00,2.901,2.916,2.896,2.902,18080106.31
2025-08-21 12:00:00+00:00,2.902,2.91,2.884,2.89,20679517.93
2025-08-21 13:00:00+00:00,2.89,2.92,2.885,2.896,30329827.43
2025-08-21 14:00:00+00:00,2.896,2.923,2.879,2.9,40583672.98
2025-08-21 15:00:00+00:00,2.9,2.903,2.873,2.887,32112753.2
2025-08-21 16:00:00+00:00,2.887,2.91,2.882,2.89,22861559.27
2025-08-21 17:00:00+00:00,2.89,2.908,2.874,2.902,26242986.44
2025-08-21 18:00:00+00:00,2.902,2.917,2.901,2.914,17867277.4
2025-08-21 19:00:00+00:00,2.914,2.919,2.852,2.868,41395647.2
2025-08-21 20:00:00+00:00,2.868,2.888,2.86,2.88,27004910.23
2025-08-21 21:00:00+00:00,2.88,2.888,2.867,2.884,14369397.25
2025-08-21 22:00:00+00:00,2.884,2.886,2.869,2.875,11314457.1
2025-08-21 23:00:00+00:00,2.875,2.875,2.842,2.852,23686844.55
2025-08-22 00:00:00+00:00,2.852,2.87,2.848,2.858,23039571.68
2025-08-22 01:00:00+00:00,2.858,2.863,2.839,2.858,19493481.26
2025-08-22 02:00:00+00:00,2.858,2.885,2.853,2.857,25490587.73
2025-08-22 03:00:00+00:00,2.857,2.86,2.823,2.833,37134589.64
2025-08-22 04:00:00+00:00,2.833,2.867,2.831,2.857,25139557.7
2025-08-22 05:00:00+00:00,2.857,2.874,2.852,2.871,13227405.91
2025-08-22 06:00:00+00:00,2.871,2.874,2.846,2.853,28729141.46
2025-08-22 07:00:00+00:00,2.853,2.874,2.851,2.86,22552927.15
2025-08-22 08:00:00+00:00,2.86,2.876,2.86,2.868,23860903.87
2025-08-22 09:00:00+00:00,2.868,2.87,2.851,2.859,14763888.84
2025-08-22 10:00:00+00:00,2.859,2.86,2.828,2.832,22700128.43
2025-08-22 11:00:00+00:00,2.832,2.834,2.804,2.806,47573457.02
2025-08-22 12:00:00+00:00,2.806,2.818,2.783,2.808,72205478.51
2025-08-22 13:00:00+00:00,2.808,2.862,2.804,2.84,70960897.32
2025-08-22 14:00:00+00:00,2.84,3.033,2.84,3.005,458240990.33
2025-08-22 15:00:00+00:00,3.005,3.043,3.005,3.017,107399980.66
2025-08-22 16:00:00+00:00,3.017,3.071,3.017,3.048,96625040.55
2025-08-22 17:00:00+00:00,3.048,3.096,3.048,3.066,89968464.93
2025-08-22 18:00:00+00:00,3.066,3.079,3.045,3.079,51999471.92
2025-08-22 19:00:00+00:00,3.079,3.1,3.071,3.073,61135573.33
2025-08-22 20:00:00+00:00,3.073,3.091,3.073,3.091,44994806.13
2025-08-22 21:00:00+00:00,3.091,3.104,3.076,3.09,59775508.78
2025-08-22 22:00:00+00:00,3.09,3.091,3.071,3.077,49275765.59
2025-08-22 23:00:00+00:00,3.077,3.081,3.065,3.074,30256411.89
2025-08-23 00:00:00+00:00,3.074,3.075,3.038,3.039,47526674.82
2025-08-23 01:00:00+00:00,3.039,3.046,3.011,3.026,49637599.1
2025-08-23 02:00:00+00:00,3.026,3.03,2.97,2.997,71259816.64
2025-08-23 03:00:00+00:00,2.997,3.008,2.984,2.994,34109223.36
2025-08-23 04:00:00+00:00,2.994,3.034,2.993,3.033,38820657.7
2025-08-23 05:00:00+00:00,3.033,3.059,3.027,3.052,37362980.2
2025-08-23 06:00:00+00:00,3.052,3.065,3.047,3.064,30605462.21
2025-08-23 07:00:00+00:00,3.064,3.075,3.049,3.062,30197315.4
2025-08-23 08:00:00+00:00,3.062,3.072,3.043,3.052,33215018.37
2025-08-23 09:00:00+00:00,3.052,3.053,3.039,3.048,25316033.31
2025-08-23 10:00:00+00:00,3.048,3.049,3.03,3.031,24652848.17
2025-08-23 11:00:00+00:00,3.031,3.052,3.029,3.043,25384361.21
2025-08-23 12:00:00+00:00,3.043,3.047,3.031,3.033,18608731.39
2025-08-23 13:00:00+00:00,3.033,3.034,3.012,3.015,35236060.97
2025-08-23 14:00:00+00:00,3.015,3.032,3.007,3.016,26770248.47
2025-08-23 15:00:00+00:00,3.016,3.024,3.013,3.019,15064317.41
2025-08-23 16:00:00+00:00,3.019,3.025,3.01,3.021,14942963.77
2025-08-23 17:00:00+00:00,3.021,3.026,3.017,3.018,15398121.35
2025-08-23 18:00:00+00:00,3.018,3.023,3.016,3.022,7628869.7
2025-08-23 19:00:00+00:00,3.022,3.031,3.021,3.03,10578941.62
2025-08-23 20:00:00+00:00,3.03,3.035,3.025,3.032,15719857.29
2025-08-23 21:00:00+00:00,3.032,3.034,3.026,3.033,15618102.84
2025-08-23 22:00:00+00:00,3.033,3.048,3.031,3.048,18318635.06
2025-08-23 23:00:00+00:00,3.048,3.058,3.045,3.048,17746085.79
2025-08-24 00:00:00+00:00,3.048,3.064,3.046,3.057,22403889.12
2025-08-24 01:00:00+00:00,3.057,3.088,3.047,3.074,40240664.22
2025-08-24 02:00:00+00:00,3.074,3.08,3.056,3.057,32165137.54
2025-08-24 03:00:00+00:00,3.057,3.06,3.045,3.053,16390180.57
2025-08-24 04:00:00+00:00,3.053,3.057,3.042,3.051,12909237.02
2025-08-24 05:00:00+00:00,3.051,3.055,3.044,3.05,11493720.66
2025-08-24 06:00:00+00:00,3.05,3.05,3.03,3.032,21589216.11
2025-08-24 07:00:00+00:00,3.032,3.048,3.031,3.036,14449438.72
2025-08-24 08:00:00+00:00,3.036,3.048,3.028,3.04,19343597.24
2025-08-24 09:00:00+00:00,3.04,3.042,3.025,3.025,22026787.27
2025-08-24 10:00:00+00:00,3.025,3.026,3.003,3.013,29256780.21
2025-08-24 11:00:00+00:00,3.013,3.015,2.998,3.009,30106514.98
2025-08-24 12:00:00+00:00,3.009,3.019,3.006,3.018,25442443.24
2025-08-24 13:00:00+00:00,3.018,3.025,3.012,3.02,18339056.82
2025-08-24 14:00:00+00:00,3.02,3.028,3.011,3.022,19285599.46
2025-08-24 15:00:00+00:00,3.022,3.041,3.014,3.015,43150826.53
2025-08-24 16:00:00+00:00,3.015,3.033,3.014,3.031,20670724.18
2025-08-24 17:00:00+00:00,3.031,3.064,3.03,3.051,28428734.44
2025-08-24 18:00:00+00:00,3.051,3.116,3.046,3.11,82166843.27
2025-08-24 19:00:00+00:00,3.11,3.128,3.009,3.034,254636227.5
2025-08-24 20:00:00+00:00,3.034,3.041,2.989,3.029,98450418.78
2025-08-24 21:00:00+00:00,3.029,3.047,3.01,3.029,41247201.88
2025-08-24 22:00:00+00:00,3.029,3.035,3.002,3.033,28932898.18
2025-08-24 23:00:00+00:00,3.033,3.04,3.023,3.026,27428574.17
2025-08-25 00:00:00+00:00,3.026,3.036,2.974,2.994,47011459.07
2025-08-25 01:00:00+00:00,2.994,3.026,2.993,3.016,30964549.14
2025-08-25 02:00:00+00:00,3.016,3.052,3.016,3.045,45423052.47
2025-08-25 03:00:00+00:00,3.045,3.053,3.018,3.022,31277517.54
2025-08-25 04:00:00+00:00,3.022,3.026,3.004,3.005,29893920.78
2025-08-25 05:00:00+00:00,3.005,3.011,2.991,2.992,27391903.68
2025-08-25 06:00:00+00:00,2.992,2.994,2.955,2.955,58237507.58
2025-08-25 07:00:00+00:00,2.955,2.968,2.932,2.938,52552567.77
2025-08-25 08:00:00+00:00,2.938,2.953,2.921,2.945,42781760.55
2025-08-25 09:00:00+00:00,2.945,2.958,2.935,2.957,23406673.96
2025-08-25 10:00:00+00:00,2.957,2.958,2.92,2.931,39772523.25
2025-08-25 11:00:00+00:00,2.931,2.945,2.928,2.943,21661599.69
2025-08-25 12:00:00+00:00,2.943,2.965,2.936,2.963,27161284.97
2025-08-25 13:00:00+00:00,2.963,2.969,2.928,2.949,41009398.14
2025-08-25 14:00:00+00:00,2.949,2.969,2.942,2.967,29558835.53
2025-08-25 15:00:00+00:00,2.967,2.974,2.949,2.954,27391509.76
2025-08-25 16:00:00+00:00,2.954,2.968,2.944,2.949,16443538.2
2025-08-25 17:00:00+00:00,2.949,2.967,2.936,2.964,28429470.84
2025-08-25 18:00:00+00:00,2.964,2.967,2.947,2.96,27927644.91
2025-08-25 19:00:00+00:00,2.96,2.961,2.874,2.877,92384144.39
2025-08-25 20:00:00+00:00,2.877,2.894,2.826,2.826,170158663.4
2025-08-25 21:00:00+00:00,2.826,2.864,2.824,2.851,80991990.54
2025-08-25 22:00:00+00:00,2.851,2.869,2.84,2.863,42154077.73
2025-08-25 23:00:00+00:00,2.863,2.864,2.848,2.858,19964047.0
2025-08-26 00:00:00+00:00,2.858,2.883,2.847,2.86,58735342.77
2025-08-26 01:00:00+00:00,2.86,2.885,2.851,2.884,29127533.17
2025-08-26 02:00:00+00:00,2.884,2.897,2.872,2.883,31554031.33
2025-08-26 03:00:00+00:00,2.883,2.896,2.878,2.885,23124355.1
2025-08-26 04:00:00+00:00,2.885,2.91,2.885,2.907,25615754.17
2025-08-26 05:00:00+00:00,2.907,2.929,2.907,2.919,29208845.5
2025-08-26 06:00:00+00:00,2.919,2.929,2.903,2.911,36634342.4
2025-08-26 07:00:00+00:00,2.911,2.935,2.9,2.917,36753763.65
2025-08-26 08:00:00+00:00,2.917,2.928,2.91,2.911,32024285.27
2025-08-26 09:00:00+00:00,2.911,2.921,2.903,2.91,23719074.78
2025-08-26 10:00:00+00:00,2.91,2.915,2.901,2.908,18031590.32
2025-08-26 11:00:00+00:00,2.908,2.911,2.891,2.901,24382828.23
2025-08-26 12:00:00+00:00,2.901,2.94,2.889,2.918,57345023.33
2025-08-26 13:00:00+00:00,2.918,2.923,2.889,2.917,58175969.51
2025-08-26 14:00:00+00:00,2.917,2.941,2.905,2.93,41376771.89
2025-08-26 15:00:00+00:00,2.93,2.942,2.922,2.933,36518359.36
2025-08-26 16:00:00+00:00,2.933,2.956,2.926,2.956,29198734.11
2025-08-26 17:00:00+00:00,2.956,2.963,2.947,2.962,41352904.32
2025-08-26 18:00:00+00:00,2.962,2.989,2.96,2.98,32700083.26
2025-08-26 19:00:00+00:00,2.98,3.082,2.966,3.061,126167389.82
2025-08-26 20:00:00+00:00,3.061,3.062,3.016,3.039,92495938.15
2025-08-26 21:00:00+00:00,3.039,3.04,3.018,3.03,46607996.9
2025-08-26 22:00:00+00:00,3.03,3.032,3.003,3.013,36628722.61
2025-08-26 23:00:00+00:00,3.013,3.027,3.008,3.012,26909364.58
2025-08-27 00:00:00+00:00,3.012,3.012,2.985,2.989,36207333.07
2025-08-27 01:00:00+00:00,2.989,3.008,2.981,3.003,29541522.35
2025-08-27 02:00:00+00:00,3.003,3.008,2.989,2.995,27650101.26
2025-08-27 03:00:00+00:00,2.995,3.013,2.984,3.004,40142420.17
2025-08-27 04:00:00+00:00,3.004,3.028,3.002,3.022,29725097.0
2025-08-27 05:00:00+00:00,3.022,3.024,3.011,3.015,23077247.77
2025-08-27 06:00:00+00:00,3.015,3.015,2.998,2.999,25025099.43
2025-08-27 07:00:00+00:00,2.999,3.003,2.985,2.993,29328674.68
2025-08-27 08:00:00+00:00,2.993,3.014,2.993,3.014,26801532.24
2025-08-27 09:00:00+00:00,3.014,3.023,3.008,3.011,20104708.06
2025-08-27 10:00:00+00:00,3.011,3.016,2.997,2.999,17269005.78
2025-08-27 11:00:00+00:00,2.999,3.003,2.995,2.999,19345280.82
2025-08-27 12:00:00+00:00,2.999,3.006,2.992,3.002,25877846.93
2025-08-27 13:00:00+00:00,3.002,3.019,2.989,3.0,57514662.32
2025-08-27 14:00:00+00:00,3.0,3.032,2.994,3.006,53304769.17
2025-08-27 15:00:00+00:00,3.006,3.021,2.998,3.017,34834765.57
2025-08-27 16:00:00+00:00,3.017,3.022,3.0,3.019,30292525.25
2025-08-27 17:00:00+00:00,3.019,3.038,3.011,3.036,30971548.06
2025-08-27 18:00:00+00:00,3.036,3.045,3.009,3.009,34143641.07
2025-08-27 19:00:00+00:00,3.009,3.02,2.989,3.006,52137847.11
2025-08-27 20:00:00+00:00,3.006,3.027,2.979,3.012,183024954.12
2025-08-27 21:00:00+00:00,3.012,3.019,2.98,2.986,32118518.25
2025-08-27 22:00:00+00:00,2.986,2.992,2.963,2.979,35488777.7
2025-08-27 23:00:00+00:00,2.979,2.983,2.963,2.969,22179821.05
2025-08-28 00:00:00+00:00,2.969,2.979,2.954,2.97,28129502.97
2025-08-28 01:00:00+00:00,2.97,2.989,2.969,2.985,19929055.08
2025-08-28 02:00:00+00:00,2.985,2.988,2.971,2.974,19785147.01
2025-08-28 03:00:00+00:00,2.974,2.985,2.97,2.982,19461785.63
2025-08-28 04:00:00+00:00,2.982,3.012,2.977,3.008,38446722.81
2025-08-28 05:00:00+00:00,3.008,3.013,2.994,3.0,34348488.53
2025-08-28 06:00:00+00:00,3.0,3.004,2.991,3.002,30410497.98
2025-08-28 07:00:00+00:00,3.002,3.007,2.991,3.004,30035101.32
2025-08-28 08:00:00+00:00,3.004,3.016,2.995,3.0,44093293.3
2025-08-28 09:00:00+00:00,3.0,3.002,2.992,3.0,18565139.34
2025-08-28 10:00:00+00:00,3.0,3.007,2.994,3.007,19476080.72
2025-08-28 11:00:00+00:00,3.007,3.008,2.999,3.008,22345982.05
2025-08-28 12:00:00+00:00,3.008,3.026,3.006,3.019,55971056.47
2025-08-28 13:00:00+00:00,3.019,3.026,2.996,3.003,63473568.53
2025-08-28 14:00:00+00:00,3.003,3.02,2.996,3.016,40350847.3
2025-08-28 15:00:00+00:00,3.016,3.019,2.971,2.982,43660440.67
2025-08-28 16:00:00+00:00,2.982,2.998,2.959,2.959,32882406.23
2025-08-28 17:00:00+00:00,2.959,2.984,2.958,2.98,23528321.12
2025-08-28 18:00:00+00:00,2.98,2.987,2.969,2.979,19211052.45
2025-08-28 19:00:00+00:00,2.979,2.985,2.944,2.944,32354918.58
2025-08-28 20:00:00+00:00,2.944,2.963,2.944,2.95,22760842.4
2025-08-28 21:00:00+00:00,2.95,2.966,2.948,2.962,15660327.82
2025-08-28 22:00:00+00:00,2.962,2.979,2.961,2.97,18341429.12
2025-08-28 23:00:00+00:00,2.97,2.975,2.962,2.967,17146832.33
2025-08-29 00:00:00+00:00,2.967,2.977,2.954,2.958,25241161.56
2025-08-29 01:00:00+00:00,2.958,2.962,2.939,2.942,28633432.45
2025-08-29 02:00:00+00:00,2.942,2.959,2.938,2.948,18700078.89
2025-08-29 03:00:00+00:00,2.948,2.95,2.938,2.938,23609832.36
2025-08-29 04:00:00+00:00,2.938,2.94,2.915,2.918,35173480.17
2025-08-29 05:00:00+00:00,2.918,2.918,2.9,2.91,46269790.18
2025-08-29 06:00:00+00:00,2.91,2.912,2.892,2.901,82005720.31
2025-08-29 07:00:00+00:00,2.901,2.901,2.861,2.87,78127065.51
2025-08-29 08:00:00+00:00,2.87,2.879,2.85,2.852,65171483.91
2025-08-29 09:00:00+00:00,2.852,2.876,2.844,2.876,51404016.0
2025-08-29 10:00:00+00:00,2.876,2.887,2.87,2.877,38453417.18
2025-08-29 11:00:00+00:00,2.877,2.882,2.872,2.876,26068099.88
2025-08-29 12:00:00+00:00,2.876,2.914,2.876,2.887,87544463.52
2025-08-29 13:00:00+00:00,2.887,2.888,2.836,2.849,95989506.51
2025-08-29 14:00:00+00:00,2.849,2.861,2.817,2.823,146049816.79
2025-08-29 15:00:00+00:00,2.823,2.846,2.822,2.834,50764341.36
2025-08-29 16:00:00+00:00,2.834,2.846,2.819,2.841,60214824.3
2025-08-29 17:00:00+00:00,2.841,2.842,2.815,2.818,44000213.99
2025-08-29 18:00:00+00:00,2.818,2.827,2.802,2.81,48298055.12
2025-08-29 19:00:00+00:00,2.81,2.838,2.803,2.814,42118382.74
2025-08-29 20:00:00+00:00,2.814,2.82,2.784,2.786,65265765.96
2025-08-29 21:00:00+00:00,2.786,2.82,2.773,2.807,61795681.0
2025-08-29 22:00:00+00:00,2.807,2.812,2.79,2.812,21656445.45
2025-08-29 23:00:00+00:00,2.812,2.827,2.807,2.819,25576494.28
2025-08-30 00:00:00+00:00,2.819,2.825,2.812,2.817,20994839.81
2025-08-30 01:00:00+00:00,2.817,2.819,2.762,2.765,50787672.04
2025-08-30 02:00:00+00:00,2.765,2.803,2.762,2.793,42121408.74
2025-08-30 03:00:00+00:00,2.793,2.82,2.791,2.813,27008708.85
2025-08-30 04:00:00+00:00,2.813,2.823,2.812,2.812,17198250.5
2025-08-30 05:00:00+00:00,2.812,2.835,2.81,2.827,25876054.77
2025-08-30 06:00:00+00:00,2.827,2.834,2.822,2.827,15431059.61
2025-08-30 07:00:00+00:00,2.827,2.834,2.822,2.832,16293551.26
2025-08-30 08:00:00+00:00,2.832,2.832,2.809,2.811,31008849.63
2025-08-30 09:00:00+00:00,2.811,2.812,2.796,2.804,30113417.78
2025-08-30 10:00:00+00:00,2.804,2.814,2.8,2.804,15915394.08
2025-08-30 11:00:00+00:00,2.804,2.813,2.801,2.81,11959730.42
2025-08-30 12:00:00+00:00,2.81,2.811,2.778,2.793,36032019.63
2025-08-30 13:00:00+00:00,2.793,2.794,2.775,2.792,29085982.81
2025-08-30 14:00:00+00:00,2.792,2.8,2.783,2.797,20594830.89
2025-08-30 15:00:00+00:00,2.797,2.81,2.792,2.807,20579291.38
2025-08-30 16:00:00+00:00,2.807,2.816,2.799,2.81,16753455.83
2025-08-30 17:00:00+00:00,2.81,2.818,2.804,2.807,15200246.09
2025-08-30 18:00:00+00:00,2.807,2.812,2.801,2.805,10257069.26
2025-08-30 19:00:00+00:00,2.805,2.815,2.804,2.81,12388805.71
2025-08-30 20:00:00+00:00,2.81,2.812,2.801,2.805,11565153.08
2025-08-30 21:00:00+00:00,2.805,2.809,2.801,2.807,12329014.72
2025-08-30 22:00:00+00:00,2.807,2.81,2.8,2.808,9080736.18
2025-08-30 23:00:00+00:00,2.808,2.818,2.808,2.818,11592802.04
2025-08-31 00:00:00+00:00,2.818,2.847,2.818,2.845,31118868.98
2025-08-31 01:00:00+00:00,2.845,2.868,2.837,2.863,32584600.2
2025-08-31 02:00:00+00:00,2.863,2.865,2.845,2.847,19149356.14
2025-08-31 03:00:00+00:00,2.847,2.853,2.841,2.852,14411589.44
2025-08-31 04:00:00+00:00,2.852,2.857,2.843,2.847,15568069.18
2025-08-31 05:00:00+00:00,2.847,2.847,2.833,2.837,17286263.88
2025-08-31 06:00:00+00:00,2.837,2.838,2.823,2.824,14682374.63
2025-08-31 07:00:00+00:00,2.824,2.835,2.823,2.829,12074666.02
2025-08-31 08:00:00+00:00,2.829,2.844,2.829,2.844,17273301.02
2025-08-31 09:00:00+00:00,2.844,2.844,2.83,2.831,14926526.04
2025-08-31 10:00:00+00:00,2.831,2.833,2.812,2.82,21586508.24
2025-08-31 11:00:00+00:00,2.82,2.827,2.813,2.824,20119625.41
2025-08-31 12:00:00+00:00,2.824,2.824,2.813,2.818,24105868.21
2025-08-31 13:00:00+00:00,2.818,2.823,2.805,2.811,22060528.78
2025-08-31 14:00:00+00:00,2.811,2.816,2.801,2.809,20951703.48
2025-08-31 15:00:00+00:00,2.809,2.825,2.809,2.822,18743303.74
2025-08-31 16:00:00+00:00,2.822,2.823,2.806,2.814,14889823.39
2025-08-31 17:00:00+00:00,2.814,2.815,2.807,2.809,9832222.1
2025-08-31 18:00:00+00:00,2.809,2.821,2.807,2.82,14052332.7
2025-08-31 19:00:00+00:00,2.82,2.82,2.799,2.8,18981591.39
2025-08-31 20:00:00+00:00,2.8,2.81,2.795,2.808,13612301.68
2025-08-31 21:00:00+00:00,2.808,2.817,2.804,2.811,11707089.59
2025-08-31 22:00:00+00:00,2.811,2.817,2.799,2.801,13990543.74
2025-08-31 23:00:00+00:00,2.801,2.801,2.771,2.776,40139770.81
2025-09-01 00:00:00+00:00,2.776,2.777,2.737,2.763,106101541.91
2025-09-01 01:00:00+00:00,2.763,2.779,2.755,2.765,40141461.3
2025-09-01 02:00:00+00:00,2.765,2.767,2.729,2.733,52605021.96
2025-09-01 03:00:00+00:00,2.733,2.746,2.726,2.742,46338332.33
2025-09-01 04:00:00+00:00,2.742,2.747,2.712,2.719,47903073.84
2025-09-01 05:00:00+00:00,2.719,2.738,2.702,2.733,55442965.04
2025-09-01 06:00:00+00:00,2.733,2.74,2.719,2.737,37454523.26
2025-09-01 07:00:00+00:00,2.737,2.794,2.727,2.794,85531777.38
2025-09-01 08:00:00+00:00,2.794,2.826,2.794,2.826,106463106.54
2025-09-01 09:00:00+00:00,2.826,2.839,2.808,2.808,65063874.01
2025-09-01 10:00:00+00:00,2.808,2.816,2.778,2.792,46481377.73
2025-09-01 11:00:00+00:00,2.792,2.8,2.767,2.77,34101139.26
2025-09-01 12:00:00+00:00,2.77,2.78,2.762,2.772,23191428.56
2025-09-01 13:00:00+00:00,2.772,2.778,2.754,2.759,35433871.9
2025-09-01 14:00:00+00:00,2.759,2.774,2.752,2.77,31064131.73
2025-09-01 15:00:00+00:00,2.77,2.779,2.752,2.762,26258329.87
2025-09-01 16:00:00+00:00,2.762,2.768,2.744,2.747,27988390.72
2025-09-01 17:00:00+00:00,2.747,2.748,2.72,2.727,42642350.26
2025-09-01 18:00:00+00:00,2.727,2.758,2.724,2.756,25353942.4
2025-09-01 19:00:00+00:00,2.756,2.775,2.753,2.773,23942122.45
2025-09-01 20:00:00+00:00,2.773,2.776,2.737,2.762,87312988.45
2025-09-01 21:00:00+00:00,2.762,2.764,2.7,2.728,53768256.49
2025-09-01 22:00:00+00:00,2.728,2.747,2.717,2.744,35520621.47
2025-09-01 23:00:00+00:00,2.744,2.761,2.735,2.759,29335044.71
2025-09-02 00:00:00+00:00,2.759,2.767,2.754,2.76,26384953.75
2025-09-02 01:00:00+00:00,2.76,2.777,2.748,2.765,34935964.39
2025-09-02 02:00:00+00:00,2.765,2.789,2.758,2.789,29611103.81
2025-09-02 03:00:00+00:00,2.789,2.801,2.783,2.798,31178388.07
2025-09-02 04:00:00+00:00,2.798,2.805,2.792,2.803,24126799.61
2025-09-02 05:00:00+00:00,2.803,2.816,2.798,2.811,29806501.68
2025-09-02 06:00:00+00:00,2.811,2.814,2.801,2.802,34842433.25
2025-09-02 07:00:00+00:00,2.802,2.806,2.786,2.794,40951307.34
2025-09-02 08:00:00+00:00,2.794,2.833,2.794,2.806,53647127.33
2025-09-02 09:00:00+00:00,2.806,2.822,2.804,2.81,24110079.58
2025-09-02 10:00:00+00:00,2.81,2.812,2.804,2.812,17607548.83
2025-09-02 11:00:00+00:00,2.812,2.813,2.795,2.799,23431438.74
2025-09-02 12:00:00+00:00,2.799,2.802,2.762,2.769,61191940.08
2025-09-02 13:00:00+00:00,2.769,2.833,2.768,2.828,105978823.17
2025-09-02 14:00:00+00:00,2.828,2.846,2.811,2.838,91034916.83
2025-09-02 15:00:00+00:00,2.838,2.84,2.787,2.791,47752337.54
2025-09-02 16:00:00+00:00,2.791,2.805,2.782,2.795,30285915.12
2025-09-02 17:00:00+00:00,2.795,2.807,2.788,2.806,23227957.25
2025-09-02 18:00:00+00:00,2.806,2.821,2.793,2.814,26027051.71
2025-09-02 19:00:00+00:00,2.814,2.828,2.8,2.828,37808721.08
2025-09-02 20:00:00+00:00,2.828,2.855,2.817,2.843,56392447.61
2025-09-02 21:00:00+00:00,2.843,2.849,2.833,2.845,23643401.23
2025-09-02 22:00:00+00:00,2.845,2.86,2.835,2.86,23037481.16
2025-09-02 23:00:00+00:00,2.86,2.864,2.851,2.862,27265563.38
2025-09-03 00:00:00+00:00,2.862,2.864,2.838,2.841,34349046.73
2025-09-03 01:00:00+00:00,2.841,2.849,2.826,2.848,31562549.21
2025-09-03 02:00:00+00:00,2.848,2.865,2.847,2.851,23817641.15
2025-09-03 03:00:00+00:00,2.851,2.851,2.836,2.841,19651360.13
2025-09-03 04:00:00+00:00,2.841,2.844,2.831,2.837,17420042.33
2025-09-03 05:00:00+00:00,2.837,2.837,2.824,2.827,16364168.09
2025-09-03 06:00:00+00:00,2.827,2.827,2.814,2.818,32330227.12
2025-09-03 07:00:00+00:00,2.818,2.822,2.811,2.821,31064218.39
2025-09-03 08:00:00+00:00,2.821,2.839,2.82,2.837,30813741.37
2025-09-03 09:00:00+00:00,2.837,2.848,2.833,2.847,38830540.6
2025-09-03 10:00:00+00:00,2.847,2.864,2.842,2.848,29027734.1
2025-09-03 11:00:00+00:00,2.848,2.861,2.847,2.857,27338734.53
2025-09-03 12:00:00+00:00,2.857,2.874,2.842,2.845,35103443.67
2025-09-03 13:00:00+00:00,2.845,2.875,2.845,2.86,38631957.16
2025-09-03 14:00:00+00:00,2.86,2.886,2.854,2.873,55886667.36
2025-09-03 15:00:00+00:00,2.873,2.876,2.862,2.872,31012885.1
2025-09-03 16:00:00+00:00,2.872,2.874,2.856,2.86,15189704.93
2025-09-03 17:00:00+00:00,2.86,2.869,2.857,2.862,18305132.05
2025-09-03 18:00:00+00:00,2.862,2.867,2.845,2.852,28648377.99
2025-09-03 19:00:00+00:00,2.852,2.866,2.843,2.865,26885303.46
2025-09-03 20:00:00+00:00,2.865,2.867,2.854,2.857,16546370.17
2025-09-03 21:00:00+00:00,2.857,2.858,2.839,2.846,17664133.2
2025-09-03 22:00:00+00:00,2.846,2.854,2.84,2.846,20573962.0
2025-09-03 23:00:00+00:00,2.846,2.848,2.842,2.844,11621861.4
2025-09-04 00:00:00+00:00,2.844,2.857,2.844,2.847,15912698.14
2025-09-04 01:00:00+00:00,2.847,2.847,2.835,2.841,20788762.61
2025-09-04 02:00:00+00:00,2.841,2.845,2.834,2.838,19635925.29
2025-09-04 03:00:00+00:00,2.838,2.851,2.833,2.844,19945128.12
2025-09-04 04:00:00+00:00,2.844,2.861,2.839,2.851,21610725.88
2025-09-04 05:00:00+00:00,2.851,2.851,2.826,2.833,38948890.77
2025-09-04 06:00:00+00:00,2.833,2.833,2.814,2.815,33270682.54
2025-09-04 07:00:00+00:00,2.815,2.827,2.815,2.825,24321073.42
2025-09-04 08:00:00+00:00,2.825,2.855,2.824,2.837,40192942.77
2025-09-04 09:00:00+00:00,2.837,2.85,2.837,2.843,23163650.58
2025-09-04 10:00:00+00:00,2.843,2.847,2.836,2.842,18671486.17
2025-09-04 11:00:00+00:00,2.842,2.851,2.839,2.841,17564108.24
2025-09-04 12:00:00+00:00,2.841,2.847,2.833,2.846,28187230.92
2025-09-04 13:00:00+00:00,2.846,2.847,2.821,2.826,31476049.93
2025-09-04 14:00:00+00:00,2.826,2.846,2.809,2.835,61443216.66
2025-09-04 15:00:00+00:00,2.835,2.837,2.804,2.81,43820547.98
2025-09-04 16:00:00+00:00,2.81,2.82,2.801,2.807,27849030.25
2025-09-04 17:00:00+00:00,2.807,2.821,2.807,2.815,19150555.53
2025-09-04 18:00:00+00:00,2.815,2.823,2.797,2.799,21952817.13
2025-09-04 19:00:00+00:00,2.799,2.807,2.785,2.785,25442068.34
2025-09-04 20:00:00+00:00,2.785,2.807,2.785,2.801,24117405.17
2025-09-04 21:00:00+00:00,2.801,2.814,2.799,2.813,13959010.21
2025-09-04 22:00:00+00:00,2.813,2.822,2.803,2.819,18669939.18
2025-09-04 23:00:00+00:00,2.819,2.825,2.794,2.794,25566909.5
2025-09-05 00:00:00+00:00,2.794,2.8,2.778,2.782,30243292.11
2025-09-05 01:00:00+00:00,2.782,2.809,2.778,2.805,22214700.91
2025-09-05 02:00:00+00:00,2.805,2.814,2.802,2.81,26774707.23
2025-09-05 03:00:00+00:00,2.81,2.811,2.798,2.807,17563042.53
2025-09-05 04:00:00+00:00,2.807,2.817,2.803,2.816,13726400.96
2025-09-05 05:00:00+00:00,2.816,2.821,2.812,2.812,18561048.73
2025-09-05 06:00:00+00:00,2.812,2.814,2.804,2.814,19972451.83
2025-09-05 07:00:00+00:00,2.814,2.85,2.814,2.844,52128045.77
2025-09-05 08:00:00+00:00,2.844,2.846,2.833,2.844,23652827.19
2025-09-05 09:00:00+00:00,2.844,2.849,2.829,2.845,31363988.06
2025-09-05 10:00:00+00:00,2.845,2.854,2.839,2.839,22551229.94
2025-09-05 11:00:00+00:00,2.839,2.847,2.839,2.844,13126955.63
2025-09-05 12:00:00+00:00,2.844,2.878,2.841,2.876,148761972.88
2025-09-05 13:00:00+00:00,2.876,2.885,2.864,2.882,65643365.55
2025-09-05 14:00:00+00:00,2.882,2.882,2.8,2.809,155077292.65
2025-09-05 15:00:00+00:00,2.809,2.827,2.801,2.815,41999541.09
2025-09-05 16:00:00+00:00,2.815,2.817,2.805,2.814,29824189.28
2025-09-05 17:00:00+00:00,2.814,2.82,2.804,2.818,22927896.65
2025-09-05 18:00:00+00:00,2.818,2.84,2.813,2.835,21262301.78
2025-09-05 19:00:00+00:00,2.835,2.865,2.833,2.864,34437297.1
2025-09-05 20:00:00+00:00,2.864,2.865,2.847,2.85,33249823.7
2025-09-05 21:00:00+00:00,2.85,2.852,2.822,2.823,37209159.73
2025-09-05 22:00:00+00:00,2.823,2.827,2.817,2.819,15240636.77
2025-09-05 23:00:00+00:00,2.819,2.824,2.814,2.815,18101711.33
2025-09-06 00:00:00+00:00,2.815,2.823,2.814,2.816,16121954.89
2025-09-06 01:00:00+00:00,2.816,2.82,2.812,2.818,13103772.68
2025-09-06 02:00:00+00:00,2.818,2.825,2.813,2.823,14461174.8
2025-09-06 03:00:00+00:00,2.823,2.829,2.82,2.827,9269805.74
2025-09-06 04:00:00+00:00,2.827,2.827,2.816,2.817,8700850.65
2025-09-06 05:00:00+00:00,2.817,2.818,2.814,2.814,8993085.96
2025-09-06 06:00:00+00:00,2.814,2.817,2.813,2.817,7382692.0
2025-09-06 07:00:00+00:00,2.817,2.821,2.816,2.82,6483552.62
2025-09-06 08:00:00+00:00,2.82,2.821,2.815,2.815,6507346.41
2025-09-06 09:00:00+00:00,2.815,2.815,2.807,2.809,13941682.95
2025-09-06 10:00:00+00:00,2.809,2.811,2.804,2.807,10848993.28
2025-09-06 11:00:00+00:00,2.807,2.807,2.801,2.806,12759340.46
2025-09-06 12:00:00+00:00,2.806,2.811,2.804,2.809,14994070.87
2025-09-06 13:00:00+00:00,2.809,2.818,2.808,2.814,14204550.6
2025-09-06 14:00:00+00:00,2.814,2.816,2.811,2.811,9948876.76
2025-09-06 15:00:00+00:00,2.811,2.818,2.801,2.802,17418022.95
2025-09-06 16:00:00+00:00,2.802,2.807,2.798,2.801,27210982.01
2025-09-06 17:00:00+00:00,2.801,2.804,2.798,2.8,12470958.99
2025-09-06 18:00:00+00:00,2.8,2.804,2.799,2.801,10616419.33
2025-09-06 19:00:00+00:00,2.801,2.802,2.793,2.794,11006096.29
2025-09-06 20:00:00+00:00,2.794,2.802,2.794,2.802,6976747.77
2025-09-06 21:00:00+00:00,2.802,2.806,2.8,2.806,9443984.46
2025-09-06 22:00:00+00:00,2.806,2.809,2.803,2.806,10258055.16
2025-09-06 23:00:00+00:00,2.806,2.813,2.803,2.809,8920072.35
2025-09-07 00:00:00+00:00,2.809,2.817,2.809,2.815,9336579.62
2025-09-07 01:00:00+00:00,2.815,2.823,2.815,2.821,9176075.29
2025-09-07 02:00:00+00:00,2.821,2.824,2.816,2.823,8698203.23
2025-09-07 03:00:00+00:00,2.823,2.826,2.821,2.822,7781121.44
2025-09-07 04:00:00+00:00,2.822,2.823,2.819,2.821,8269916.98
2025-09-07 05:00:00+00:00,2.821,2.826,2.821,2.825,8290460.63
2025-09-07 06:00:00+00:00,2.825,2.825,2.818,2.82,9501282.07
2025-09-07 07:00:00+00:00,2.82,2.834,2.82,2.83,13804717.84
2025-09-07 08:00:00+00:00,2.83,2.837,2.83,2.833,10928343.3
2025-09-07 09:00:00+00:00,2.833,2.836,2.828,2.831,10117952.33
2025-09-07 10:00:00+00:00,2.831,2.832,2.826,2.831,8314972.13
2025-09-07 11:00:00+00:00,2.831,2.833,2.829,2.831,6885371.36
2025-09-07 12:00:00+00:00,2.831,2.836,2.829,2.835,7996613.71
2025-09-07 13:00:00+00:00,2.835,2.849,2.832,2.848,23710355.76
2025-09-07 14:00:00+00:00,2.848,2.927,2.846,2.885,173493828.23
2025-09-07 15:00:00+00:00,2.885,2.901,2.872,2.9,50049683.38
2025-09-07 16:00:00+00:00,2.9,2.901,2.878,2.891,31231822.19
2025-09-07 17:00:00+00:00,2.891,2.894,2.859,2.86,31904641.13
2025-09-07 18:00:00+00:00,2.86,2.868,2.851,2.858,24985003.93
2025-09-07 19:00:00+00:00,2.858,2.867,2.854,2.862,21192553.85
2025-09-07 20:00:00+00:00,2.862,2.88,2.862,2.88,17056070.98
2025-09-07 21:00:00+00:00,2.88,2.881,2.859,2.859,17812938.51
2025-09-07 22:00:00+00:00,2.859,2.878,2.856,2.877,26293946.05
2025-09-07 23:00:00+00:00,2.877,2.892,2.876,2.877,28494797.73
2025-09-08 00:00:00+00:00,2.877,2.885,2.866,2.869,25355638.97
2025-09-08 01:00:00+00:00,2.869,2.886,2.867,2.88,19243186.69
2025-09-08 02:00:00+00:00,2.88,2.888,2.863,2.886,27217328.1
2025-09-08 03:00:00+00:00,2.886,2.9,2.883,2.889,32048939.26
2025-09-08 04:00:00+00:00,2.889,2.892,2.877,2.88,25645299.39
2025-09-08 05:00:00+00:00,2.88,2.896,2.878,2.893,23515444.46
2025-09-08 06:00:00+00:00,2.893,2.894,2.874,2.876,31289950.16
2025-09-08 07:00:00+00:00,2.876,2.911,2.876,2.911,47944754.48
2025-09-08 08:00:00+00:00,2.911,2.92,2.904,2.91,42548467.76
2025-09-08 09:00:00+00:00,2.91,2.936,2.904,2.934,34076696.4
2025-09-08 10:00:00+00:00,2.934,2.955,2.926,2.951,63425610.33
2025-09-08 11:00:00+00:00,2.951,2.951,2.93,2.936,39548699.14
2025-09-08 12:00:00+00:00,2.936,2.981,2.934,2.964,59157849.53
2025-09-08 13:00:00+00:00,2.964,2.995,2.963,2.978,101125584.53
2025-09-08 14:00:00+00:00,2.978,2.996,2.974,2.982,57791794.19
2025-09-08 15:00:00+00:00,2.982,2.986,2.972,2.986,31778010.18
2025-09-08 16:00:00+00:00,2.986,2.991,2.962,2.97,44334372.07
2025-09-08 17:00:00+00:00,2.97,2.982,2.963,2.97,26097796.9
2025-09-08 18:00:00+00:00,2.97,2.984,2.969,2.984,19955584.9
2025-09-08 19:00:00+00:00,2.984,2.985,2.969,2.978,38977553.61
2025-09-08 20:00:00+00:00,2.978,2.985,2.955,2.963,32283781.3
2025-09-08 21:00:00+00:00,2.963,2.978,2.961,2.974,20337356.32
2025-09-08 22:00:00+00:00,2.974,2.983,2.972,2.976,17794020.31
2025-09-08 23:00:00+00:00,2.976,2.979,2.963,2.97,15627853.44
2025-09-09 00:00:00+00:00,2.97,2.978,2.946,2.956,46195751.44
2025-09-09 01:00:00+00:00,2.956,2.961,2.947,2.959,22161820.78
2025-09-09 02:00:00+00:00,2.959,2.959,2.935,2.937,24056849.93
2025-09-09 03:00:00+00:00,2.937,2.953,2.934,2.95,24099985.07
2025-09-09 04:00:00+00:00,2.95,2.967,2.945,2.963,33323269.7
2025-09-09 05:00:00+00:00,2.963,2.966,2.952,2.965,22221178.6
2025-09-09 06:00:00+00:00,2.965,2.998,2.962,2.993,62483582.87
2025-09-09 07:00:00+00:00,2.993,3.027,2.992,3.02,87279013.54
2025-09-09 08:00:00+00:00,3.02,3.037,3.014,3.024,63831256.27
2025-09-09 09:00:00+00:00,3.024,3.025,3.007,3.008,26068835.88
2025-09-09 10:00:00+00:00,3.008,3.016,2.999,3.004,34480325.61
2025-09-09 11:00:00+00:00,3.004,3.014,3.002,3.004,40147093.58
2025-09-09 12:00:00+00:00,3.004,3.03,2.999,3.008,52267237.48
2025-09-09 13:00:00+00:00,3.008,3.018,2.997,3.012,36466423.66
2025-09-09 14:00:00+00:00,3.012,3.018,2.953,2.967,114576575.3
2025-09-09 15:00:00+00:00,2.967,2.971,2.937,2.947,61860534.88
2025-09-09 16:00:00+00:00,2.947,2.958,2.944,2.953,21589878.68
2025-09-09 17:00:00+00:00,2.953,2.965,2.95,2.954,20041162.08
2025-09-09 18:00:00+00:00,2.954,2.966,2.952,2.962,13777846.28
2025-09-09 19:00:00+00:00,2.962,2.973,2.961,2.965,17625019.3
2025-09-09 20:00:00+00:00,2.965,2.968,2.947,2.955,20780475.42
2025-09-09 21:00:00+00:00,2.955,2.963,2.95,2.951,15596126.79
2025-09-09 22:00:00+00:00,2.951,2.955,2.946,2.95,14149341.56
2025-09-09 23:00:00+00:00,2.95,2.951,2.94,2.947,22442151.43
2025-09-10 00:00:00+00:00,2.947,2.951,2.936,2.937,24331999.23
2025-09-10 01:00:00+00:00,2.937,2.955,2.936,2.949,14107533.02
2025-09-10 02:00:00+00:00,2.949,2.964,2.949,2.959,26003034.1
2025-09-10 03:00:00+00:00,2.959,2.964,2.953,2.962,14860256.53
2025-09-10 04:00:00+00:00,2.962,2.965,2.955,2.96,10826770.79
2025-09-10 05:00:00+00:00,2.96,2.963,2.95,2.96,14789289.74
2025-09-10 06:00:00+00:00,2.96,2.96,2.946,2.953,24928576.06
2025-09-10 07:00:00+00:00,2.953,2.981,2.952,2.981,34219266.5
2025-09-10 08:00:00+00:00,2.981,2.987,2.969,2.969,23576810.17
2025-09-10 09:00:00+00:00,2.969,2.977,2.961,2.968,14427986.3
2025-09-10 10:00:00+00:00,2.968,2.97,2.96,2.964,14931986.93
2025-09-10 11:00:00+00:00,2.964,2.973,2.963,2.971,14264062.79
2025-09-10 12:00:00+00:00,2.971,3.006,2.971,2.999,80220035.99
2025-09-10 13:00:00+00:00,2.999,3.024,2.992,3.013,72496014.94
2025-09-10 14:00:00+00:00,3.013,3.02,2.998,2.999,45429480.69
2025-09-10 15:00:00+00:00,2.999,3.01,2.994,3.003,32275130.62
2025-09-10 16:00:00+00:00,3.003,3.005,2.991,3.005,37599480.81
2025-09-10 17:00:00+00:00,3.005,3.014,2.992,3.003,25328357.86
2025-09-10 18:00:00+00:00,3.003,3.007,2.989,2.998,19352013.66
2025-09-10 19:00:00+00:00,2.998,2.999,2.967,2.978,28307044.02
2025-09-10 20:00:00+00:00,2.978,2.987,2.972,2.974,17737921.53
2025-09-10 21:00:00+00:00,2.974,2.984,2.972,2.981,13934551.23
2025-09-10 22:00:00+00:00,2.981,2.986,2.976,2.978,13518933.16
2025-09-10 23:00:00+00:00,2.978,2.986,2.978,2.983,17130865.29
2025-09-11 00:00:00+00:00,2.983,2.994,2.977,2.99,15155668.09
2025-09-11 01:00:00+00:00,2.99,2.998,2.989,2.996,12047356.85
2025-09-11 02:00:00+00:00,2.996,2.997,2.988,2.988,10172492.33
2025-09-11 03:00:00+00:00,2.988,3.01,2.988,3.009,24654635.82
2025-09-11 04:00:00+00:00,3.009,3.014,3.002,3.009,25567614.55
2025-09-11 05:00:00+00:00,3.009,3.01,2.997,3.007,24546546.74
2025-09-11 06:00:00+00:00,3.007,3.007,2.997,3.0,25525031.28
2025-09-11 07:00:00+00:00,3.0,3.004,2.992,3.003,19739498.92
2025-09-11 08:00:00+00:00,3.003,3.02,2.999,3.016,32857231.83
2025-09-11 09:00:00+00:00,3.016,3.035,3.011,3.027,55225212.95
2025-09-11 10:00:00+00:00,3.027,3.032,3.012,3.016,29223040.75
2025-09-11 11:00:00+00:00,3.016,3.017,3.003,3.008,25768202.35
2025-09-11 12:00:00+00:00,3.008,3.032,2.968,2.998,190250056.77
2025-09-11 13:00:00+00:00,2.998,3.013,2.976,3.012,62283277.66
2025-09-11 14:00:00+00:00,3.012,3.012,2.986,2.999,43347346.29
2025-09-11 15:00:00+00:00,2.999,3.006,2.989,2.995,31426918.37
2025-09-11 16:00:00+00:00,2.995,3.004,2.99,2.996,30339291.86
2025-09-11 17:00:00+00:00,2.996,3.014,2.992,3.014,23688353.64
2025-09-11 18:00:00+00:00,3.014,3.034,3.007,3.024,43752756.11
2025-09-11 19:00:00+00:00,3.024,3.033,3.021,3.024,40403748.47
2025-09-11 20:00:00+00:00,3.024,3.029,3.011,3.012,27314113.84
2025-09-11 21:00:00+00:00,3.012,3.024,3.011,3.014,20295027.68
2025-09-11 22:00:00+00:00,3.014,3.029,3.013,3.024,22894732.74
2025-09-11 23:00:00+00:00,3.024,3.049,3.024,3.04,46368394.43
2025-09-12 00:00:00+00:00,3.04,3.072,3.033,3.054,72613282.43
2025-09-12 01:00:00+00:00,3.054,3.068,3.037,3.039,43743831.86
2025-09-12 02:00:00+00:00,3.039,3.054,3.038,3.044,26830642.72
2025-09-12 03:00:00+00:00,3.044,3.047,3.032,3.037,23795113.42
2025-09-12 04:00:00+00:00,3.037,3.056,3.029,3.054,30331514.65
2025-09-12 05:00:00+00:00,3.054,3.073,3.048,3.072,38990105.6
2025-09-12 06:00:00+00:00,3.072,3.072,3.049,3.052,45570584.74
2025-09-12 07:00:00+00:00,3.052,3.073,3.048,3.067,47041562.57
2025-09-12 08:00:00+00:00,3.067,3.071,3.048,3.055,30597224.21
2025-09-12 09:00:00+00:00,3.055,3.057,3.044,3.049,22009798.42
2025-09-12 10:00:00+00:00,3.049,3.05,3.039,3.044,19749606.34
2025-09-12 11:00:00+00:00,3.044,3.053,3.037,3.039,22920077.22
2025-09-12 12:00:00+00:00,3.039,3.045,3.026,3.041,29902950.7
2025-09-12 13:00:00+00:00,3.041,3.045,3.027,3.041,26997025.23
2025-09-12 14:00:00+00:00,3.041,3.065,3.034,3.039,51530026.82
2025-09-12 15:00:00+00:00,3.039,3.04,3.018,3.028,39525695.08
2025-09-12 16:00:00+00:00,3.028,3.043,3.022,3.041,29257470.62
2025-09-12 17:00:00+00:00,3.041,3.073,3.035,3.065,53827398.28
2025-09-12 18:00:00+00:00,3.065,3.079,3.06,3.079,42044450.88
2025-09-12 19:00:00+00:00,3.079,3.094,3.067,3.09,47558263.37
2025-09-12 20:00:00+00:00,3.09,3.138,3.083,3.123,105442412.11
2025-09-12 21:00:00+00:00,3.123,3.126,3.086,3.094,52714635.93
2025-09-12 22:00:00+00:00,3.094,3.126,3.094,3.112,51162779.81
2025-09-12 23:00:00+00:00,3.112,3.113,3.1,3.105,25175656.19
2025-09-13 00:00:00+00:00,3.105,3.107,3.093,3.103,28023403.8
2025-09-13 01:00:00+00:00,3.103,3.124,3.093,3.097,39590095.47
2025-09-13 02:00:00+00:00,3.097,3.107,3.09,3.103,19379620.95
2025-09-13 03:00:00+00:00,3.103,3.117,3.1,3.114,21951126.76
2025-09-13 04:00:00+00:00,3.114,3.116,3.105,3.106,19419786.65
2025-09-13 05:00:00+00:00,3.106,3.113,3.099,3.101,26177492.72
2025-09-13 06:00:00+00:00,3.101,3.116,3.1,3.116,26595275.24
2025-09-13 07:00:00+00:00,3.116,3.122,3.112,3.117,20171620.58
2025-09-13 08:00:00+00:00,3.117,3.145,3.111,3.143,47308636.28
2025-09-13 09:00:00+00:00,3.143,3.185,3.139,3.18,103236327.48
2025-09-13 10:00:00+00:00,3.18,3.186,3.16,3.163,61406469.5
2025-09-13 11:00:00+00:00,3.163,3.177,3.151,3.173,44500592.03
2025-09-13 12:00:00+00:00,3.173,3.181,3.165,3.171,30771343.54
2025-09-13 13:00:00+00:00,3.171,3.179,3.127,3.142,81108030.0
2025-09-13 14:00:00+00:00,3.142,3.156,3.122,3.147,54826673.56
2025-09-13 15:00:00+00:00,3.147,3.157,3.122,3.133,45574302.34
2025-09-13 16:00:00+00:00,3.133,3.142,3.108,3.11,61281675.76
2025-09-13 17:00:00+00:00,3.11,3.118,3.089,3.112,56778609.16
2025-09-13 18:00:00+00:00,3.112,3.118,3.101,3.115,20309781.59
2025-09-13 19:00:00+00:00,3.115,3.118,3.107,3.111,17522765.37
2025-09-13 20:00:00+00:00,3.111,3.122,3.109,3.118,22241800.84
2025-09-13 21:00:00+00:00,3.118,3.128,3.117,3.12,14873949.71
2025-09-13 22:00:00+00:00,3.12,3.123,3.114,3.121,12642165.48
2025-09-13 23:00:00+00:00,3.121,3.128,3.118,3.119,15808480.4
2025-09-14 00:00:00+00:00,3.119,3.12,3.102,3.11,18965059.29
2025-09-14 01:00:00+00:00,3.11,3.118,3.085,3.115,37557117.89
2025-09-14 02:00:00+00:00,3.115,3.127,3.106,3.122,29992851.44
2025-09-14 03:00:00+00:00,3.122,3.124,3.093,3.095,33120776.74
2025-09-14 04:00:00+00:00,3.095,3.104,3.076,3.099,37829635.27
2025-09-14 05:00:00+00:00,3.099,3.108,3.097,3.107,14177466.2
2025-09-14 06:00:00+00:00,3.107,3.109,3.083,3.091,25942098.04
2025-09-14 07:00:00+00:00,3.091,3.092,3.075,3.084,25906016.03
2025-09-14 08:00:00+00:00,3.084,3.09,3.075,3.084,22880836.59
2025-09-14 09:00:00+00:00,3.084,3.095,3.081,3.09,17680392.03
2025-09-14 10:00:00+00:00,3.09,3.092,3.081,3.085,13650907.04
2025-09-14 11:00:00+00:00,3.085,3.088,3.054,3.059,41402082.95
2025-09-14 12:00:00+00:00,3.059,3.066,3.04,3.05,33330734.58
2025-09-14 13:00:00+00:00,3.05,3.053,3.029,3.037,33753538.74
2025-09-14 14:00:00+00:00,3.037,3.049,3.01,3.025,67557490.76
2025-09-14 15:00:00+00:00,3.025,3.039,3.014,3.032,40508844.21
2025-09-14 16:00:00+00:00,3.032,3.047,3.028,3.043,25779555.94
2025-09-14 17:00:00+00:00,3.043,3.059,3.039,3.054,26916168.02
2025-09-14 18:00:00+00:00,3.054,3.055,3.033,3.037,21117661.45
2025-09-14 19:00:00+00:00,3.037,3.047,3.03,3.038,23163944.5
2025-09-14 20:00:00+00:00,3.038,3.044,3.034,3.038,12042682.21
2025-09-14 21:00:00+00:00,3.038,3.052,3.027,3.048,23803352.52
2025-09-14 22:00:00+00:00,3.048,3.057,3.039,3.051,27651534.82
2025-09-14 23:00:00+00:00,3.051,3.051,3.025,3.028,29442479.62
2025-09-15 00:00:00+00:00,3.028,3.045,3.027,3.035,21622447.31
2025-09-15 01:00:00+00:00,3.035,3.048,3.012,3.04,31319909.52
2025-09-15 02:00:00+00:00,3.04,3.05,3.033,3.036,19028616.67
2025-09-15 03:00:00+00:00,3.036,3.052,3.035,3.048,21463010.42
2025-09-15 04:00:00+00:00,3.048,3.057,3.044,3.051,20867048.39
2025-09-15 05:00:00+00:00,3.051,3.067,3.049,3.066,24078437.76
2025-09-15 06:00:00+00:00,3.066,3.066,3.025,3.036,37420300.69
2025-09-15 07:00:00+00:00,3.036,3.049,3.013,3.023,38526193.1
2025-09-15 08:00:00+00:00,3.023,3.024,2.956,2.96,139526628.08
2025-09-15 09:00:00+00:00,2.96,2.984,2.954,2.978,56579851.53
2025-09-15 10:00:00+00:00,2.978,2.982,2.967,2.979,29651610.98
2025-09-15 11:00:00+00:00,2.979,3.0,2.977,3.0,32709388.36
2025-09-15 12:00:00+00:00,3.0,3.001,2.987,2.989,36404489.43
2025-09-15 13:00:00+00:00,2.989,3.043,2.984,3.023,66934116.61
2025-09-15 14:00:00+00:00,3.023,3.03,3.005,3.005,56489048.57
2025-09-15 15:00:00+00:00,3.005,3.041,3.001,3.028,83047038.3
2025-09-15 16:00:00+00:00,3.028,3.036,3.002,3.006,40121327.4
2025-09-15 17:00:00+00:00,3.006,3.017,2.993,3.009,35481661.54
2025-09-15 18:00:00+00:00,3.009,3.011,2.995,3.009,18129587.35
2025-09-15 19:00:00+00:00,3.009,3.016,2.985,2.988,31409468.08
2025-09-15 20:00:00+00:00,2.988,2.998,2.98,2.998,22104421.66
2025-09-15 21:00:00+00:00,2.998,3.004,2.99,2.999,16527891.33
2025-09-15 22:00:00+00:00,2.999,3.001,2.984,2.991,31324495.18
2025-09-15 23:00:00+00:00,2.991,2.999,2.985,2.997,15770156.05
2025-09-16 00:00:00+00:00,2.997,2.997,2.977,2.986,20932476.71
2025-09-16 01:00:00+00:00,2.986,2.999,2.983,2.985,20364096.88
2025-09-16 02:00:00+00:00,2.985,2.993,2.98,2.98,19453191.1
2025-09-16 03:00:00+00:00,2.98,2.99,2.978,2.979,22095130.47
2025-09-16 04:00:00+00:00,2.979,2.983,2.964,2.981,24947437.33
2025-09-16 05:00:00+00:00,2.981,3.008,2.98,3.005,35400409.61
2025-09-16 06:00:00+00:00,3.005,3.006,2.979,2.984,32916075.07
2025-09-16 07:00:00+00:00,2.984,3.014,2.984,3.008,26633849.0
2025-09-16 08:00:00+00:00,3.008,3.049,3.004,3.035,64753042.8
2025-09-16 09:00:00+00:00,3.035,3.039,3.021,3.029,37238165.26
2025-09-16 10:00:00+00:00,3.029,3.036,3.018,3.022,32571126.08
2025-09-16 11:00:00+00:00,3.022,3.034,3.022,3.029,21059650.91
2025-09-16 12:00:00+00:00,3.029,3.041,3.025,3.038,22654947.92
2025-09-16 13:00:00+00:00,3.038,3.048,3.003,3.025,59781357.69
2025-09-16 14:00:00+00:00,3.025,3.031,3.004,3.028,48955396.47
2025-09-16 15:00:00+00:00,3.028,3.041,3.021,3.039,29398630.71
2025-09-16 16:00:00+00:00,3.039,3.05,3.031,3.047,33610819.9
2025-09-16 17:00:00+00:00,3.047,3.059,3.042,3.047,36876766.71
2025-09-16 18:00:00+00:00,3.047,3.052,3.035,3.04,22618800.65
2025-09-16 19:00:00+00:00,3.04,3.053,3.035,3.052,24521371.42
2025-09-16 20:00:00+00:00,3.052,3.052,3.042,3.047,17354306.3
2025-09-16 21:00:00+00:00,3.047,3.056,3.047,3.054,17185056.97
2025-09-16 22:00:00+00:00,3.054,3.058,3.046,3.047,13754953.35
2025-09-16 23:00:00+00:00,3.047,3.048,3.035,3.037,13597960.53
2025-09-17 00:00:00+00:00,3.037,3.043,3.034,3.036,14786473.49
2025-09-17 01:00:00+00:00,3.036,3.045,3.034,3.04,12465512.45
2025-09-17 02:00:00+00:00,3.04,3.048,3.03,3.037,61184043.05
2025-09-17 03:00:00+00:00,3.037,3.038,3.016,3.016,34716062.65
2025-09-17 04:00:00+00:00,3.016,3.019,3.005,3.011,24520904.92
2025-09-17 05:00:00+00:00,3.011,3.021,3.007,3.02,30736380.52
2025-09-17 06:00:00+00:00,3.02,3.025,3.014,3.024,29590796.26
2025-09-17 07:00:00+00:00,3.024,3.039,3.02,3.034,26202625.94
2025-09-17 08:00:00+00:00,3.034,3.034,3.014,3.021,29986457.81
2025-09-17 09:00:00+00:00,3.021,3.021,3.014,3.015,16833848.54
2025-09-17 10:00:00+00:00,3.015,3.019,3.003,3.013,35828112.82
2025-09-17 11:00:00+00:00,3.013,3.014,3.007,3.009,19606363.12
2025-09-17 12:00:00+00:00,3.009,3.026,3.009,3.024,24516284.37
2025-09-17 13:00:00+00:00,3.024,3.038,3.018,3.023,26938309.86
2025-09-17 14:00:00+00:00,3.023,3.03,3.009,3.014,31665287.46
2025-09-17 15:00:00+00:00,3.014,3.026,3.013,3.023,18264168.85
2025-09-17 16:00:00+00:00,3.023,3.024,3.01,3.022,21635564.38
2025-09-17 17:00:00+00:00,3.022,3.067,3.018,3.041,59868539.67
2025-09-17 18:00:00+00:00,3.041,3.058,2.982,2.998,242239143.43
2025-09-17 19:00:00+00:00,2.998,3.043,2.996,3.032,70259434.66
2025-09-17 20:00:00+00:00,3.032,3.05,3.013,3.015,38968267.6
2025-09-17 21:00:00+00:00,3.015,3.039,3.006,3.032,25799536.57
2025-09-17 22:00:00+00:00,3.032,3.091,3.032,3.087,80995554.08
2025-09-17 23:00:00+00:00,3.087,3.108,3.07,3.084,75711926.52
2025-09-18 00:00:00+00:00,3.084,3.095,3.075,3.076,45106563.53
2025-09-18 01:00:00+00:00,3.076,3.1,3.071,3.093,39820931.29
2025-09-18 02:00:00+00:00,3.093,3.096,3.08,3.095,24514499.08
2025-09-18 03:00:00+00:00,3.095,3.112,3.092,3.105,54079288.87
2025-09-18 04:00:00+00:00,3.105,3.107,3.092,3.099,38304532.03
2025-09-18 05:00:00+00:00,3.099,3.099,3.077,3.081,39369444.02
2025-09-18 06:00:00+00:00,3.081,3.083,3.056,3.071,50309774.81
2025-09-18 07:00:00+00:00,3.071,3.104,3.071,3.092,49056233.24
2025-09-18 08:00:00+00:00,3.092,3.108,3.09,3.107,50489056.27
2025-09-18 09:00:00+00:00,3.107,3.123,3.103,3.123,53305231.89
2025-09-18 10:00:00+00:00,3.123,3.125,3.103,3.112,40863808.25
2025-09-18 11:00:00+00:00,3.112,3.138,3.112,3.137,57558405.65
2025-09-18 12:00:00+00:00,3.137,3.139,3.115,3.116,43784197.05
2025-09-18 13:00:00+00:00,3.116,3.132,3.103,3.119,60874648.86
2025-09-18 14:00:00+00:00,3.119,3.131,3.117,3.122,41735959.67
2025-09-18 15:00:00+00:00,3.122,3.128,3.113,3.113,41390404.74
2025-09-18 16:00:00+00:00,3.113,3.12,3.107,3.117,32912157.08
2025-09-18 17:00:00+00:00,3.117,3.123,3.099,3.108,43138945.77
2025-09-18 18:00:00+00:00,3.108,3.118,3.103,3.117,23729993.73
2025-09-18 19:00:00+00:00,3.117,3.117,3.088,3.108,41588859.86
2025-09-18 20:00:00+00:00,3.108,3.108,3.093,3.1,32896520.63
2025-09-18 21:00:00+00:00,3.1,3.102,3.083,3.084,22956788.56
2025-09-18 22:00:00+00:00,3.084,3.085,3.073,3.073,36093760.83
2025-09-18 23:00:00+00:00,3.073,3.079,3.06,3.074,40020790.27
2025-09-19 00:00:00+00:00,3.074,3.087,3.074,3.086,19994004.65
2025-09-19 01:00:00+00:00,3.086,3.094,3.077,3.08,22904830.33
2025-09-19 02:00:00+00:00,3.08,3.08,3.062,3.067,30249405.43
2025-09-19 03:00:00+00:00,3.067,3.076,3.046,3.047,48010151.96
2025-09-19 04:00:00+00:00,3.047,3.05,3.024,3.049,59826960.9
2025-09-19 05:00:00+00:00,3.049,3.054,3.037,3.048,23824854.08
2025-09-19 06:00:00+00:00,3.048,3.048,3.026,3.027,35914478.56
2025-09-19 07:00:00+00:00,3.027,3.042,3.024,3.038,33341471.52
2025-09-19 08:00:00+00:00,3.038,3.047,3.034,3.034,23063405.95
2025-09-19 09:00:00+00:00,3.034,3.043,3.024,3.03,26597832.61
2025-09-19 10:00:00+00:00,3.03,3.036,3.024,3.031,22939153.47
2025-09-19 11:00:00+00:00,3.031,3.033,3.023,3.031,27840799.83
2025-09-19 12:00:00+00:00,3.031,3.046,3.03,3.033,32691158.57
2025-09-19 13:00:00+00:00,3.033,3.039,3.025,3.034,34697825.23
2025-09-19 14:00:00+00:00,3.034,3.038,3.006,3.009,65644382.93
2025-09-19 15:00:00+00:00,3.009,3.013,2.989,3.01,72658768.22
2025-09-19 16:00:00+00:00,3.01,3.017,3.005,3.01,32573540.4
2025-09-19 17:00:00+00:00,3.01,3.011,2.995,2.996,22033681.91
2025-09-19 18:00:00+00:00,2.996,3.003,2.988,2.998,23227958.72
2025-09-19 19:00:00+00:00,2.998,3.011,2.984,2.986,35340409.96
2025-09-19 20:00:00+00:00,2.986,2.995,2.984,2.986,26854943.03
2025-09-19 21:00:00+00:00,2.986,2.996,2.979,2.996,21503001.1
2025-09-19 22:00:00+00:00,2.996,3.0,2.993,2.993,15050119.79
2025-09-19 23:00:00+00:00,2.993,2.993,2.979,2.99,16469912.04
2025-09-20 00:00:00+00:00,2.99,3.001,2.985,2.999,12795124.21
2025-09-20 01:00:00+00:00,2.999,3.0,2.99,2.992,13238455.91
2025-09-20 02:00:00+00:00,2.992,2.995,2.98,2.995,12563477.0
2025-09-20 03:00:00+00:00,2.995,2.995,2.985,2.991,13606078.43
2025-09-20 04:00:00+00:00,2.991,2.995,2.987,2.993,11822200.1
2025-09-20 05:00:00+00:00,2.993,3.003,2.989,3.003,10858276.29
2025-09-20 06:00:00+00:00,3.003,3.007,2.996,3.005,13759909.56
2025-09-20 07:00:00+00:00,3.005,3.009,2.999,3.009,13327810.15
2025-09-20 08:00:00+00:00,3.009,3.009,2.985,2.985,15298896.12
2025-09-20 09:00:00+00:00,2.985,2.989,2.975,2.979,29424039.49
2025-09-20 10:00:00+00:00,2.979,2.986,2.978,2.979,16760823.91
2025-09-20 11:00:00+00:00,2.979,2.989,2.979,2.989,11024444.81
2025-09-20 12:00:00+00:00,2.989,2.99,2.982,2.985,13833395.2
2025-09-20 13:00:00+00:00,2.985,2.99,2.981,2.984,13708176.42
2025-09-20 14:00:00+00:00,2.984,2.985,2.966,2.981,47951535.0
2025-09-20 15:00:00+00:00,2.981,2.996,2.98,2.99,47309748.12
2025-09-20 16:00:00+00:00,2.99,2.993,2.976,2.992,30074727.1
2025-09-20 17:00:00+00:00,2.992,2.992,2.981,2.983,20123219.87
2025-09-20 18:00:00+00:00,2.983,2.983,2.971,2.975,19597353.19
2025-09-20 19:00:00+00:00,2.975,2.981,2.972,2.975,13292355.89
2025-09-20 20:00:00+00:00,2.975,2.979,2.971,2.971,24667399.98
2025-09-20 21:00:00+00:00,2.971,2.986,2.971,2.98,15357902.15
2025-09-20 22:00:00+00:00,2.98,2.985,2.975,2.982,13616970.26
2025-09-20 23:00:00+00:00,2.982,2.983,2.97,2.975,19463521.74
2025-09-21 00:00:00+00:00,2.975,2.992,2.973,2.989,29773325.68
2025-09-21 01:00:00+00:00,2.989,2.991,2.978,2.98,15103395.87
2025-09-21 02:00:00+00:00,2.98,2.991,2.976,2.99,24451207.08
2025-09-21 03:00:00+00:00,2.99,2.999,2.988,2.998,17147322.33
2025-09-21 04:00:00+00:00,2.998,3.007,2.993,3.007,29889607.99
2025-09-21 05:00:00+00:00,3.007,3.014,3.001,3.006,27198313.56
2025-09-21 06:00:00+00:00,3.006,3.012,3.0,3.0,17756392.4
2025-09-21 07:00:00+00:00,3.0,3.007,2.996,2.997,14169070.39
2025-09-21 08:00:00+00:00,2.997,3.0,2.99,2.991,12023549.48
2025-09-21 09:00:00+00:00,2.991,2.993,2.962,2.979,34424028.33
2025-09-21 10:00:00+00:00,2.979,2.98,2.968,2.968,13366092.18
2025-09-21 11:00:00+00:00,2.968,2.981,2.967,2.975,15329234.09
2025-09-21 12:00:00+00:00,2.975,2.987,2.973,2.979,13224187.07
2025-09-21 13:00:00+00:00,2.979,2.987,2.978,2.986,9868436.31
2025-09-21 14:00:00+00:00,2.986,2.988,2.975,2.976,12153069.36
2025-09-21 15:00:00+00:00,2.976,2.981,2.97,2.98,11228299.65
2025-09-21 16:00:00+00:00,2.98,2.984,2.962,2.965,21573075.67
2025-09-21 17:00:00+00:00,2.965,2.974,2.953,2.974,32664190.15
2025-09-21 18:00:00+00:00,2.974,2.985,2.973,2.985,12244539.27
2025-09-21 19:00:00+00:00,2.985,2.986,2.971,2.982,11060751.8
2025-09-21 20:00:00+00:00,2.982,2.985,2.974,2.975,9555230.24
2025-09-21 21:00:00+00:00,2.975,2.979,2.967,2.975,11208835.57
2025-09-21 22:00:00+00:00,2.975,2.992,2.965,2.991,19894102.3
2025-09-21 23:00:00+00:00,2.991,2.993,2.969,2.97,17370335.06
2025-09-22 00:00:00+00:00,2.97,2.976,2.901,2.917,168052283.97
2025-09-22 01:00:00+00:00,2.917,2.936,2.912,2.917,54011940.08
2025-09-22 02:00:00+00:00,2.917,2.922,2.877,2.898,85589916.4
2025-09-22 03:00:00+00:00,2.898,2.908,2.893,2.904,40186159.84
2025-09-22 04:00:00+00:00,2.904,2.907,2.894,2.894,24379623.76
2025-09-22 05:00:00+00:00,2.894,2.896,2.861,2.861,47351078.53
2025-09-22 06:00:00+00:00,2.861,2.861,2.755,2.824,344653417.44
2025-09-22 07:00:00+00:00,2.824,2.827,2.805,2.806,95777169.95
2025-09-22 08:00:00+00:00,2.806,2.824,2.798,2.813,66987286.14
2025-09-22 09:00:00+00:00,2.813,2.819,2.798,2.801,57245591.66
2025-09-22 10:00:00+00:00,2.801,2.819,2.79,2.816,61383533.49
2025-09-22 11:00:00+00:00,2.816,2.822,2.812,2.816,47788804.22
2025-09-22 12:00:00+00:00,2.816,2.846,2.804,2.845,65569417.27
2025-09-22 13:00:00+00:00,2.845,2.858,2.834,2.857,101102153.63
2025-09-22 14:00:00+00:00,2.857,2.869,2.85,2.861,90355232.45
2025-09-22 15:00:00+00:00,2.861,2.875,2.85,2.86,94495850.87
2025-09-22 16:00:00+00:00,2.86,2.87,2.842,2.845,57145179.54
2025-09-22 17:00:00+00:00,2.845,2.868,2.844,2.857,56774322.71
2025-09-22 18:00:00+00:00,2.857,2.863,2.833,2.833,51544620.41
2025-09-22 19:00:00+00:00,2.833,2.838,2.816,2.834,69998893.69
2025-09-22 20:00:00+00:00,2.834,2.843,2.814,2.84,42824841.89
2025-09-22 21:00:00+00:00,2.84,2.857,2.829,2.855,23263277.4
2025-09-22 22:00:00+00:00,2.855,2.856,2.843,2.846,19190168.46
2025-09-22 23:00:00+00:00,2.846,2.853,2.844,2.853,17955206.11
2025-09-23 00:00:00+00:00,2.853,2.868,2.847,2.851,24089720.11
2025-09-23 01:00:00+00:00,2.851,2.854,2.822,2.823,29294648.75
2025-09-23 02:00:00+00:00,2.823,2.837,2.806,2.809,30445152.42
2025-09-23 03:00:00+00:00,2.809,2.872,2.8,2.86,66744418.9
2025-09-23 04:00:00+00:00,2.86,2.866,2.836,2.856,31811796.18
2025-09-23 05:00:00+00:00,2.856,2.875,2.852,2.865,46545876.4
2025-09-23 06:00:00+00:00,2.865,2.881,2.86,2.873,52116218.51
2025-09-23 07:00:00+00:00,2.873,2.884,2.864,2.865,45949626.94
2025-09-23 08:00:00+00:00,2.865,2.87,2.856,2.866,36176904.62
2025-09-23 09:00:00+00:00,2.866,2.874,2.85,2.858,36474333.07
2025-09-23 10:00:00+00:00,2.858,2.869,2.855,2.864,28583632.33
2025-09-23 11:00:00+00:00,2.864,2.868,2.857,2.858,26479172.67
2025-09-23 12:00:00+00:00,2.858,2.872,2.853,2.865,33068199.54
2025-09-23 13:00:00+00:00,2.865,2.868,2.854,2.859,34965334.16
2025-09-23 14:00:00+00:00,2.859,2.878,2.855,2.864,36121702.82
2025-09-23 15:00:00+00:00,2.864,2.884,2.859,2.877,38448057.35
2025-09-23 16:00:00+00:00,2.877,2.896,2.864,2.886,40308635.33
2025-09-23 17:00:00+00:00,2.886,2.887,2.845,2.848,45213953.26
2025-09-23 18:00:00+00:00,2.848,2.855,2.838,2.846,33884369.84
2025-09-23 19:00:00+00:00,2.846,2.87,2.846,2.853,29443864.15
2025-09-23 20:00:00+00:00,2.853,2.86,2.839,2.855,30220113.29
2025-09-23 21:00:00+00:00,2.855,2.858,2.835,2.849,15459486.07
2025-09-23 22:00:00+00:00,2.849,2.849,2.833,2.835,16368951.58
2025-09-23 23:00:00+00:00,2.835,2.836,2.817,2.825,30394536.66
2025-09-24 00:00:00+00:00,2.825,2.842,2.821,2.828,20700428.34
2025-09-24 01:00:00+00:00,2.828,2.843,2.825,2.841,15256662.69
2025-09-24 02:00:00+00:00,2.841,2.842,2.82,2.829,48192676.65
2025-09-24 03:00:00+00:00,2.829,2.835,2.807,2.814,46218700.86
2025-09-24 04:00:00+00:00,2.814,2.849,2.796,2.841,79483416.36
2025-09-24 05:00:00+00:00,2.841,2.861,2.839,2.857,35835543.67
2025-09-24 06:00:00+00:00,2.857,2.869,2.851,2.856,42809553.15
2025-09-24 07:00:00+00:00,2.856,2.877,2.854,2.874,43915315.25
2025-09-24 08:00:00+00:00,2.874,2.88,2.867,2.874,27904141.44
2025-09-24 09:00:00+00:00,2.874,2.879,2.87,2.874,22523205.37
2025-09-24 10:00:00+00:00,2.874,2.875,2.868,2.872,22355750.63
2025-09-24 11:00:00+00:00,2.872,2.884,2.872,2.88,23557106.26
2025-09-24 12:00:00+00:00,2.88,2.887,2.875,2.877,23295406.11
2025-09-24 13:00:00+00:00,2.877,2.887,2.872,2.877,25322387.82
2025-09-24 14:00:00+00:00,2.877,2.926,2.877,2.92,66439326.39
2025-09-24 15:00:00+00:00,2.92,2.951,2.908,2.94,71893483.1
2025-09-24 16:00:00+00:00,2.94,2.952,2.929,2.946,63481849.83
2025-09-24 17:00:00+00:00,2.946,2.956,2.934,2.944,49013840.68
2025-09-24 18:00:00+00:00,2.944,2.956,2.94,2.951,33630369.4
2025-09-24 19:00:00+00:00,2.951,2.995,2.948,2.976,83978977.29
2025-09-24 20:00:00+00:00,2.976,2.978,2.952,2.968,55741741.5
2025-09-24 21:00:00+00:00,2.968,2.976,2.941,2.944,37883098.38
2025-09-24 22:00:00+00:00,2.944,2.96,2.936,2.942,51789083.48
2025-09-24 23:00:00+00:00,2.942,2.948,2.923,2.925,49766608.14
2025-09-25 00:00:00+00:00,2.925,2.944,2.911,2.914,56591506.15
2025-09-25 01:00:00+00:00,2.914,2.919,2.891,2.896,54245221.25
2025-09-25 02:00:00+00:00,2.896,2.917,2.888,2.905,44677496.47
2025-09-25 03:00:00+00:00,2.905,2.905,2.87,2.873,43662481.14
2025-09-25 04:00:00+00:00,2.873,2.878,2.834,2.845,95705036.37
2025-09-25 05:00:00+00:00,2.845,2.866,2.835,2.865,51573782.51
2025-09-25 06:00:00+00:00,2.865,2.865,2.844,2.846,41299555.36
2025-09-25 07:00:00+00:00,2.846,2.858,2.839,2.842,32859219.24
2025-09-25 08:00:00+00:00,2.842,2.855,2.827,2.832,45445452.92
2025-09-25 09:00:00+00:00,2.832,2.848,2.825,2.828,51965608.5
2025-09-25 10:00:00+00:00,2.828,2.838,2.818,2.818,33636601.57
2025-09-25 11:00:00+00:00,2.818,2.824,2.808,2.815,43030288.34
2025-09-25 12:00:00+00:00,2.815,2.84,2.796,2.828,112397989.8
2025-09-25 13:00:00+00:00,2.828,2.857,2.807,2.827,92731806.51
2025-09-25 14:00:00+00:00,2.827,2.861,2.827,2.839,56483733.53
2025-09-25 15:00:00+00:00,2.839,2.84,2.82,2.831,41854838.86
2025-09-25 16:00:00+00:00,2.831,2.838,2.788,2.791,62756234.22
2025-09-25 17:00:00+00:00,2.791,2.794,2.726,2.737,190847165.56
2025-09-25 18:00:00+00:00,2.737,2.8,2.734,2.8,109198541.41
2025-09-25 19:00:00+00:00,2.8,2.814,2.748,2.761,74189074.38
2025-09-25 20:00:00+00:00,2.761,2.772,2.746,2.748,48516034.16
2025-09-25 21:00:00+00:00,2.748,2.764,2.734,2.757,45167680.57
2025-09-25 22:00:00+00:00,2.757,2.768,2.745,2.754,33066865.13
2025-09-25 23:00:00+00:00,2.754,2.765,2.734,2.744,58002822.92
2025-09-26 00:00:00+00:00,2.744,2.772,2.739,2.768,42224557.54
2025-09-26 01:00:00+00:00,2.768,2.777,2.758,2.768,44448230.14
2025-09-26 02:00:00+00:00,2.768,2.778,2.75,2.759,31256970.44
2025-09-26 03:00:00+00:00,2.759,2.764,2.744,2.761,26604302.44
2025-09-26 04:00:00+00:00,2.761,2.766,2.754,2.763,17814334.46
2025-09-26 05:00:00+00:00,2.763,2.775,2.751,2.753,28628067.48
2025-09-26 06:00:00+00:00,2.753,2.772,2.738,2.755,62086046.67
2025-09-26 07:00:00+00:00,2.755,2.767,2.739,2.755,83819257.53
2025-09-26 08:00:00+00:00,2.755,2.768,2.755,2.759,30151081.53
2025-09-26 09:00:00+00:00,2.759,2.766,2.738,2.749,50467432.78
2025-09-26 10:00:00+00:00,2.749,2.749,2.71,2.71,72165207.95
2025-09-26 11:00:00+00:00,2.71,2.733,2.699,2.728,83312284.74
2025-09-26 12:00:00+00:00,2.728,2.775,2.706,2.753,108160852.24
2025-09-26 13:00:00+00:00,2.753,2.767,2.733,2.761,67040528.28
2025-09-26 14:00:00+00:00,2.761,2.763,2.7,2.707,85007482.09
2025-09-26 15:00:00+00:00,2.707,2.748,2.706,2.735,63717555.81
2025-09-26 16:00:00+00:00,2.735,2.766,2.732,2.763,48764219.99
2025-09-26 17:00:00+00:00,2.763,2.797,2.763,2.793,72531784.98
2025-09-26 18:00:00+00:00,2.793,2.809,2.791,2.803,46660321.74
2025-09-26 19:00:00+00:00,2.803,2.806,2.772,2.792,66913809.43
2025-09-26 20:00:00+00:00,2.792,2.797,2.777,2.778,33768545.71
2025-09-26 21:00:00+00:00,2.778,2.789,2.77,2.786,39796324.75
2025-09-26 22:00:00+00:00,2.786,2.793,2.781,2.782,20703663.01
2025-09-26 23:00:00+00:00,2.782,2.789,2.775,2.783,16661210.58
2025-09-27 00:00:00+00:00,2.783,2.783,2.773,2.78,17867040.34
2025-09-27 01:00:00+00:00,2.78,2.783,2.767,2.773,21627695.68
2025-09-27 02:00:00+00:00,2.773,2.784,2.77,2.778,17051827.32
2025-09-27 03:00:00+00:00,2.778,2.79,2.777,2.784,20113106.85
2025-09-27 04:00:00+00:00,2.784,2.79,2.779,2.784,18094304.13
2025-09-27 05:00:00+00:00,2.784,2.791,2.776,2.79,12072211.41
2025-09-27 06:00:00+00:00,2.79,2.797,2.786,2.797,14000805.37
2025-09-27 07:00:00+00:00,2.797,2.801,2.779,2.781,17830390.08
2025-09-27 08:00:00+00:00,2.781,2.782,2.768,2.77,18123010.83
2025-09-27 09:00:00+00:00,2.77,2.783,2.762,2.782,19995273.44
2025-09-27 10:00:00+00:00,2.782,2.794,2.778,2.788,13433337.63
2025-09-27 11:00:00+00:00,2.788,2.789,2.775,2.777,9124790.19
2025-09-27 12:00:00+00:00,2.777,2.789,2.774,2.784,14488036.61
2025-09-27 13:00:00+00:00,2.784,2.787,2.78,2.781,14478426.78
2025-09-27 14:00:00+00:00,2.781,2.786,2.78,2.782,8420662.22
2025-09-27 15:00:00+00:00,2.782,2.785,2.773,2.784,12750663.14
2025-09-27 16:00:00+00:00,2.784,2.785,2.775,2.776,11944629.16
2025-09-27 17:00:00+00:00,2.776,2.785,2.763,2.784,21874334.0
2025-09-27 18:00:00+00:00,2.784,2.79,2.782,2.79,16331382.19
2025-09-27 19:00:00+00:00,2.79,2.794,2.787,2.79,15542496.33
2025-09-27 20:00:00+00:00,2.79,2.798,2.787,2.798,11412268.28
2025-09-27 21:00:00+00:00,2.798,2.799,2.788,2.798,13409276.17
2025-09-27 22:00:00+00:00,2.798,2.829,2.798,2.819,36064731.84
2025-09-27 23:00:00+00:00,2.819,2.826,2.804,2.804,21665701.21
2025-09-28 00:00:00+00:00,2.804,2.815,2.792,2.8,72561326.6
2025-09-28 01:00:00+00:00,2.8,2.803,2.785,2.788,19040247.61
2025-09-28 02:00:00+00:00,2.788,2.794,2.781,2.787,9848872.8
2025-09-28 03:00:00+00:00,2.787,2.791,2.777,2.783,9112374.11
2025-09-28 04:00:00+00:00,2.783,2.79,2.779,2.789,8196808.16
2025-09-28 05:00:00+00:00,2.789,2.795,2.781,2.781,10313153.11
2025-09-28 06:00:00+00:00,2.781,2.79,2.775,2.79,13668239.94
2025-09-28 07:00:00+00:00,2.79,2.79,2.783,2.787,9594913.89
2025-09-28 08:00:00+00:00,2.787,2.794,2.781,2.787,18031047.65
2025-09-28 09:00:00+00:00,2.787,2.79,2.773,2.777,14240576.04
2025-09-28 10:00:00+00:00,2.777,2.785,2.771,2.781,12224132.13
2025-09-28 11:00:00+00:00,2.781,2.781,2.771,2.776,12204626.03
2025-09-28 12:00:00+00:00,2.776,2.777,2.766,2.77,19451710.55
2025-09-28 13:00:00+00:00,2.77,2.79,2.767,2.786,15513085.69
2025-09-28 14:00:00+00:00,2.786,2.797,2.779,2.796,13212185.9
2025-09-28 15:00:00+00:00,2.796,2.813,2.793,2.811,26380481.93
2025-09-28 16:00:00+00:00,2.811,2.834,2.805,2.832,33706586.21
2025-09-28 17:00:00+00:00,2.832,2.833,2.821,2.824,25776531.53
2025-09-28 18:00:00+00:00,2.824,2.831,2.816,2.83,10907779.11
2025-09-28 19:00:00+00:00,2.83,2.833,2.822,2.828,9819551.18
2025-09-28 20:00:00+00:00,2.828,2.846,2.826,2.843,16234621.64
2025-09-28 21:00:00+00:00,2.843,2.851,2.833,2.839,23426824.32
2025-09-28 22:00:00+00:00,2.839,2.864,2.839,2.858,45091676.71
2025-09-28 23:00:00+00:00,2.858,2.868,2.858,2.868,17717689.91
2025-09-29 00:00:00+00:00,2.868,2.868,2.853,2.862,22702347.2
2025-09-29 01:00:00+00:00,2.862,2.867,2.856,2.857,18265736.6
2025-09-29 02:00:00+00:00,2.857,2.884,2.848,2.875,61972048.37
2025-09-29 03:00:00+00:00,2.875,2.876,2.857,2.863,26866756.36
2025-09-29 04:00:00+00:00,2.863,2.865,2.852,2.86,22479224.21
2025-09-29 05:00:00+00:00,2.86,2.862,2.851,2.859,19380064.42
2025-09-29 06:00:00+00:00,2.859,2.87,2.846,2.868,34767715.54
2025-09-29 07:00:00+00:00,2.868,2.905,2.865,2.887,65176425.13
2025-09-29 08:00:00+00:00,2.887,2.892,2.883,2.884,27239852.29
2025-09-29 09:00:00+00:00,2.884,2.884,2.867,2.87,18340503.13
2025-09-29 10:00:00+00:00,2.87,2.871,2.856,2.86,18198652.46
2025-09-29 11:00:00+00:00,2.86,2.865,2.853,2.855,17093701.94
2025-09-29 12:00:00+00:00,2.855,2.869,2.847,2.849,25843682.28
2025-09-29 13:00:00+00:00,2.849,2.886,2.846,2.881,52345650.11
2025-09-29 14:00:00+00:00,2.881,2.929,2.879,2.908,92358176.01
2025-09-29 15:00:00+00:00,2.908,2.911,2.884,2.894,32563054.6
2025-09-29 16:00:00+00:00,2.894,2.9,2.877,2.879,32942608.98
2025-09-29 17:00:00+00:00,2.879,2.886,2.866,2.882,40300886.99
2025-09-29 18:00:00+00:00,2.882,2.883,2.867,2.876,20477947.25
2025-09-29 19:00:00+00:00,2.876,2.903,2.872,2.897,50500436.61
2025-09-29 20:00:00+00:00,2.897,2.914,2.89,2.905,45056172.11
2025-09-29 21:00:00+00:00,2.905,2.908,2.891,2.894,24580348.49
2025-09-29 22:00:00+00:00,2.894,2.897,2.884,2.887,26411447.16
2025-09-29 23:00:00+00:00,2.887,2.891,2.879,2.88,19580951.43
2025-09-30 00:00:00+00:00,2.88,2.891,2.873,2.875,33980173.51
2025-09-30 01:00:00+00:00,2.875,2.892,2.868,2.881,31671582.66
2025-09-30 02:00:00+00:00,2.881,2.889,2.875,2.881,19136083.88
2025-09-30 03:00:00+00:00,2.881,2.885,2.873,2.876,14676997.28
2025-09-30 04:00:00+00:00,2.876,2.883,2.874,2.881,14051039.57
2025-09-30 05:00:00+00:00,2.881,2.902,2.879,2.894,33918132.63
2025-09-30 06:00:00+00:00,2.894,2.907,2.888,2.899,27965458.52
2025-09-30 07:00:00+00:00,2.899,2.9,2.872,2.874,24957364.74
2025-09-30 08:00:00+00:00,2.874,2.875,2.853,2.855,28638866.8
2025-09-30 09:00:00+00:00,2.855,2.86,2.837,2.839,35069551.7
2025-09-30 10:00:00+00:00,2.839,2.848,2.836,2.841,26973414.67
2025-09-30 11:00:00+00:00,2.841,2.851,2.834,2.847,19392887.05
2025-09-30 12:00:00+00:00,2.847,2.856,2.844,2.849,15697273.73
2025-09-30 13:00:00+00:00,2.849,2.863,2.839,2.845,37623436.47
2025-09-30 14:00:00+00:00,2.845,2.85,2.83,2.848,32350691.24
2025-09-30 15:00:00+00:00,2.848,2.848,2.813,2.828,51622809.17
2025-09-30 16:00:00+00:00,2.828,2.838,2.817,2.825,30117397.33
2025-09-30 17:00:00+00:00,2.825,2.84,2.818,2.828,46802885.86
2025-09-30 18:00:00+00:00,2.828,2.842,2.821,2.84,39543938.57
2025-09-30 19:00:00+00:00,2.84,2.871,2.839,2.864,47910487.36
2025-09-30 20:00:00+00:00,2.864,2.874,2.859,2.872,31156277.24
2025-09-30 21:00:00+00:00,2.872,2.879,2.851,2.853,37179702.51
2025-09-30 22:00:00+00:00,2.853,2.864,2.839,2.842,27877599.07
2025-09-30 23:00:00+00:00,2.842,2.848,2.834,2.847,19847645.47
2025-10-01 00:00:00+00:00,2.847,2.852,2.828,2.838,20950129.3
2025-10-01 01:00:00+00:00,2.838,2.86,2.836,2.858,29914803.18
2025-10-01 02:00:00+00:00,2.858,2.858,2.84,2.842,18502643.8
2025-10-01 03:00:00+00:00,2.842,2.842,2.814,2.819,29553870.97
2025-10-01 04:00:00+00:00,2.819,2.845,2.817,2.836,35718977.97
2025-10-01 05:00:00+00:00,2.836,2.854,2.835,2.846,27263203.89
2025-10-01 06:00:00+00:00,2.846,2.85,2.831,2.832,27195119.99
2025-10-01 07:00:00+00:00,2.832,2.857,2.831,2.854,32995022.01
2025-10-01 08:00:00+00:00,2.854,2.919,2.852,2.917,86439282.87
2025-10-01 09:00:00+00:00,2.917,2.952,2.908,2.941,88444362.48
2025-10-01 10:00:00+00:00,2.941,2.942,2.92,2.93,48026983.85
2025-10-01 11:00:00+00:00,2.93,2.946,2.93,2.944,27745344.89
2025-10-01 12:00:00+00:00,2.944,2.945,2.928,2.936,53404099.26
2025-10-01 13:00:00+00:00,2.936,2.954,2.934,2.939,74669506.8
2025-10-01 14:00:00+00:00,2.939,2.958,2.932,2.943,62353363.6
2025-10-01 15:00:00+00:00,2.943,2.946,2.933,2.942,31714267.72
2025-10-01 16:00:00+00:00,2.942,2.949,2.935,2.938,39521653.21
2025-10-01 17:00:00+00:00,2.938,2.945,2.92,2.92,35956208.54
2025-10-01 18:00:00+00:00,2.92,2.942,2.92,2.936,27122062.98
2025-10-01 19:00:00+00:00,2.936,2.962,2.935,2.954,35510976.16
2025-10-01 20:00:00+00:00,2.954,2.955,2.938,2.947,25008906.32
2025-10-01 21:00:00+00:00,2.947,2.948,2.926,2.928,25539193.4
2025-10-01 22:00:00+00:00,2.928,2.94,2.927,2.93,25623336.75
2025-10-01 23:00:00+00:00,2.93,2.951,2.928,2.948,24972097.74
2025-10-02 00:00:00+00:00,2.948,2.962,2.94,2.943,43889277.97
2025-10-02 01:00:00+00:00,2.943,2.976,2.942,2.97,35128434.3
2025-10-02 02:00:00+00:00,2.97,2.981,2.96,2.976,37837650.88
2025-10-02 03:00:00+00:00,2.976,2.988,2.967,2.972,35327904.72
2025-10-02 04:00:00+00:00,2.972,2.98,2.954,2.968,31312694.35
2025-10-02 05:00:00+00:00,2.968,2.98,2.958,2.965,62445678.4
2025-10-02 06:00:00+00:00,2.965,2.983,2.963,2.979,43833490.83
2025-10-02 07:00:00+00:00,2.979,2.986,2.966,2.969,34460133.21
2025-10-02 08:00:00+00:00,2.969,2.991,2.967,2.989,43518411.47
2025-10-02 09:00:00+00:00,2.989,2.992,2.976,2.984,28404282.27
2025-10-02 10:00:00+00:00,2.984,2.994,2.979,2.989,26514149.58
2025-10-02 11:00:00+00:00,2.989,2.996,2.969,2.972,38597938.51
2025-10-02 12:00:00+00:00,2.972,2.988,2.968,2.987,33892044.84
2025-10-02 13:00:00+00:00,2.987,2.989,2.963,2.986,64905603.73
2025-10-02 14:00:00+00:00,2.986,2.994,2.948,2.957,63338501.96
2025-10-02 15:00:00+00:00,2.957,2.993,2.946,2.992,66755332.88
2025-10-02 16:00:00+00:00,2.992,3.059,2.987,3.045,160113255.09
2025-10-02 17:00:00+00:00,3.045,3.056,3.031,3.035,55805192.96
2025-10-02 18:00:00+00:00,3.035,3.064,3.035,3.062,56546354.45
2025-10-02 19:00:00+00:00,3.062,3.1,3.059,3.09,95607006.66
2025-10-02 20:00:00+00:00,3.09,3.09,3.052,3.059,64962481.34
2025-10-02 21:00:00+00:00,3.059,3.066,3.037,3.04,38120073.55
2025-10-02 22:00:00+00:00,3.04,3.048,3.027,3.032,58442819.76
2025-10-02 23:00:00+00:00,3.032,3.041,3.026,3.039,41044874.72
2025-10-03 00:00:00+00:00,3.039,3.039,3.013,3.019,50180748.58
2025-10-03 01:00:00+00:00,3.019,3.026,3.005,3.006,41451980.42
2025-10-03 02:00:00+00:00,3.006,3.025,3.004,3.022,33360903.84
2025-10-03 03:00:00+00:00,3.022,3.039,3.019,3.02,37215521.56
2025-10-03 04:00:00+00:00,3.02,3.032,3.016,3.029,24318983.01
2025-10-03 05:00:00+00:00,3.029,3.031,3.014,3.021,23104939.57
2025-10-03 06:00:00+00:00,3.021,3.035,3.013,3.023,37201312.23
2025-10-03 07:00:00+00:00,3.023,3.034,3.019,3.034,40837022.8
2025-10-03 08:00:00+00:00,3.034,3.058,3.023,3.054,55618730.95
2025-10-03 09:00:00+00:00,3.054,3.054,3.036,3.041,26806677.18
2025-10-03 10:00:00+00:00,3.041,3.05,3.039,3.045,40755778.88
2025-10-03 11:00:00+00:00,3.045,3.048,3.031,3.038,23638110.07
2025-10-03 12:00:00+00:00,3.038,3.041,3.022,3.023,25367449.11
2025-10-03 13:00:00+00:00,3.023,3.033,3.011,3.026,48589346.39
2025-10-03 14:00:00+00:00,3.026,3.048,3.008,3.043,47606489.78
2025-10-03 15:00:00+00:00,3.043,3.073,3.026,3.069,63912575.49
2025-10-03 16:00:00+00:00,3.069,3.095,3.059,3.062,124358606.82
2025-10-03 17:00:00+00:00,3.062,3.063,3.022,3.029,150363859.31
2025-10-03 18:00:00+00:00,3.029,3.052,3.02,3.046,34097769.28
2025-10-03 19:00:00+00:00,3.046,3.054,3.032,3.035,34794440.05
2025-10-03 20:00:00+00:00,3.035,3.04,3.021,3.038,33465188.29
2025-10-03 21:00:00+00:00,3.038,3.056,3.037,3.047,36875020.56
2025-10-03 22:00:00+00:00,3.047,3.054,3.045,3.048,32966720.94
2025-10-03 23:00:00+00:00,3.048,3.051,3.037,3.04,20520264.7
2025-10-04 00:00:00+00:00,3.04,3.052,3.038,3.043,32232516.61
2025-10-04 01:00:00+00:00,3.043,3.045,3.02,3.024,28049718.14
2025-10-04 02:00:00+00:00,3.024,3.033,3.016,3.021,23463958.61
2025-10-04 03:00:00+00:00,3.021,3.024,3.008,3.023,28863428.92
2025-10-04 04:00:00+00:00,3.023,3.027,3.015,3.018,16121396.73
2025-10-04 05:00:00+00:00,3.018,3.029,3.017,3.024,16050762.79
2025-10-04 06:00:00+00:00,3.024,3.03,3.023,3.027,15899374.45
2025-10-04 07:00:00+00:00,3.027,3.032,3.018,3.018,15042074.24
2025-10-04 08:00:00+00:00,3.018,3.022,2.994,3.0,44413758.15
2025-10-04 09:00:00+00:00,3.0,3.008,2.995,2.996,19260324.56
2025-10-04 10:00:00+00:00,2.996,3.005,2.983,2.988,29632194.36
2025-10-04 11:00:00+00:00,2.988,2.994,2.983,2.99,21810393.88
2025-10-04 12:00:00+00:00,2.99,2.995,2.983,2.984,21925846.82
2025-10-04 13:00:00+00:00,2.984,3.006,2.984,2.993,28475380.68
2025-10-04 14:00:00+00:00,2.993,2.999,2.966,2.967,43181407.46
2025-10-04 15:00:00+00:00,2.967,2.973,2.941,2.949,80666107.14
2025-10-04 16:00:00+00:00,2.949,2.955,2.939,2.946,35517587.1
2025-10-04 17:00:00+00:00,2.946,2.957,2.942,2.948,24757778.67
2025-10-04 18:00:00+00:00,2.948,2.949,2.94,2.944,15582318.75
2025-10-04 19:00:00+00:00,2.944,2.951,2.942,2.95,15137444.16
2025-10-04 20:00:00+00:00,2.95,2.958,2.946,2.947,19625197.06
2025-10-04 21:00:00+00:00,2.947,2.965,2.946,2.961,17472910.83
2025-10-04 22:00:00+00:00,2.961,2.971,2.954,2.969,18027257.79
2025-10-04 23:00:00+00:00,2.969,2.973,2.963,2.968,9859005.25
2025-10-05 00:00:00+00:00,2.968,2.974,2.956,2.957,14914132.55
2025-10-05 01:00:00+00:00,2.957,2.97,2.956,2.964,15632458.92
2025-10-05 02:00:00+00:00,2.964,3.007,2.96,3.005,46134826.95
2025-10-05 03:00:00+00:00,3.005,3.026,3.003,3.007,55208002.82
2025-10-05 04:00:00+00:00,3.007,3.044,3.005,3.034,62538868.39
2025-10-05 05:00:00+00:00,3.034,3.042,3.026,3.036,41724708.67
2025-10-05 06:00:00+00:00,3.036,3.04,3.027,3.034,34310963.58
2025-10-05 07:00:00+00:00,3.034,3.067,3.033,3.063,55509379.84
2025-10-05 08:00:00+00:00,3.063,3.071,3.046,3.047,48612408.49
2025-10-05 09:00:00+00:00,3.047,3.052,3.017,3.024,69106425.85
2025-10-05 10:00:00+00:00,3.024,3.025,3.002,3.016,46095657.96
2025-10-05 11:00:00+00:00,3.016,3.023,3.006,3.022,24995464.72
2025-10-05 12:00:00+00:00,3.022,3.022,3.006,3.007,23141655.21
2025-10-05 13:00:00+00:00,3.007,3.014,2.997,3.005,25583607.76
2025-10-05 14:00:00+00:00,3.005,3.01,2.986,2.995,31507659.76
2025-10-05 15:00:00+00:00,2.995,3.016,2.993,3.012,19678041.05
2025-10-05 16:00:00+00:00,3.012,3.015,2.983,3.002,28035950.0
2025-10-05 17:00:00+00:00,3.002,3.008,2.981,2.988,22317107.16
2025-10-05 18:00:00+00:00,2.988,2.991,2.969,2.975,37006668.72
2025-10-05 19:00:00+00:00,2.975,2.975,2.949,2.953,48236124.72
2025-10-05 20:00:00+00:00,2.953,2.974,2.947,2.97,33232776.4
2025-10-05 21:00:00+00:00,2.97,2.98,2.963,2.976,27660650.0
2025-10-05 22:00:00+00:00,2.976,2.985,2.958,2.967,34676576.76
2025-10-05 23:00:00+00:00,2.967,2.979,2.964,2.969,19638969.76
2025-10-06 00:00:00+00:00,2.969,2.992,2.955,2.963,45940031.02
2025-10-06 01:00:00+00:00,2.963,2.988,2.955,2.979,27134005.32
2025-10-06 02:00:00+00:00,2.979,2.992,2.962,2.981,31641846.37
2025-10-06 03:00:00+00:00,2.981,2.984,2.974,2.978,24188879.83
2025-10-06 04:00:00+00:00,2.978,2.982,2.966,2.968,18085474.45
2025-10-06 05:00:00+00:00,2.968,2.976,2.962,2.973,16885660.88
2025-10-06 06:00:00+00:00,2.973,3.0,2.973,2.99,30269670.58
2025-10-06 07:00:00+00:00,2.99,2.997,2.965,2.974,29403082.44
2025-10-06 08:00:00+00:00,2.974,2.992,2.974,2.988,23384814.72
2025-10-06 09:00:00+00:00,2.988,2.994,2.986,2.992,29582711.2
2025-10-06 10:00:00+00:00,2.992,2.997,2.985,2.994,25852606.18
2025-10-06 11:00:00+00:00,2.994,3.009,2.986,2.995,38603207.71
2025-10-06 12:00:00+00:00,2.995,3.009,2.995,3.001,36029292.42
2025-10-06 13:00:00+00:00,3.001,3.01,2.99,3.009,56578957.83
2025-10-06 14:00:00+00:00,3.009,3.022,2.985,2.988,80722977.61
2025-10-06 15:00:00+00:00,2.988,3.039,2.988,3.031,104853455.94
2025-10-06 16:00:00+00:00,3.031,3.04,3.022,3.033,44260484.81
2025-10-06 17:00:00+00:00,3.033,3.047,3.028,3.036,50818090.38
2025-10-06 18:00:00+00:00,3.036,3.048,3.033,3.045,34723153.82
2025-10-06 19:00:00+00:00,3.045,3.05,3.023,3.025,48628953.66
2025-10-06 20:00:00+00:00,3.025,3.034,3.007,3.009,43213431.11
2025-10-06 21:00:00+00:00,3.009,3.015,2.998,3.007,41740413.28
2025-10-06 22:00:00+00:00,3.007,3.012,2.993,3.001,45900219.84
2025-10-06 23:00:00+00:00,3.001,3.002,2.987,2.988,35372769.02
2025-10-07 00:00:00+00:00,2.988,2.995,2.981,2.994,29528822.84
2025-10-07 01:00:00+00:00,2.994,3.001,2.978,2.989,28130346.6
2025-10-07 02:00:00+00:00,2.989,2.995,2.978,2.985,23945450.41
2025-10-07 03:00:00+00:00,2.985,2.99,2.977,2.986,20705516.4
2025-10-07 04:00:00+00:00,2.986,2.996,2.975,2.993,28395021.69
2025-10-07 05:00:00+00:00,2.993,3.001,2.987,2.991,28742948.33
2025-10-07 06:00:00+00:00,2.991,2.991,2.966,2.968,48735385.58
2025-10-07 07:00:00+00:00,2.968,2.974,2.962,2.972,27576951.95
2025-10-07 08:00:00+00:00,2.972,2.972,2.955,2.965,45972644.75
2025-10-07 09:00:00+00:00,2.965,2.974,2.964,2.973,29960822.57
2025-10-07 10:00:00+00:00,2.973,2.981,2.968,2.976,24420061.7
2025-10-07 11:00:00+00:00,2.976,2.98,2.969,2.97,36227085.14
2025-10-07 12:00:00+00:00,2.97,2.991,2.967,2.986,34881586.49
2025-10-07 13:00:00+00:00,2.986,2.991,2.942,2.954,115433913.56
2025-10-07 14:00:00+00:00,2.954,2.957,2.903,2.909,149191964.75
2025-10-07 15:00:00+00:00,2.909,2.917,2.864,2.885,163320235.23
2025-10-07 16:00:00+00:00,2.885,2.904,2.873,2.889,86809627.97
2025-10-07 17:00:00+00:00,2.889,2.894,2.877,2.878,40015018.02
2025-10-07 18:00:00+00:00,2.878,2.882,2.86,2.86,39698559.46
2025-10-07 19:00:00+00:00,2.86,2.872,2.849,2.857,59500075.44
2025-10-07 20:00:00+00:00,2.857,2.882,2.855,2.872,42303870.31
2025-10-07 21:00:00+00:00,2.872,2.881,2.866,2.873,23625756.84
2025-10-07 22:00:00+00:00,2.873,2.877,2.862,2.867,25528897.56
2025-10-07 23:00:00+00:00,2.867,2.867,2.85,2.852,34707107.16
2025-10-08 00:00:00+00:00,2.852,2.877,2.852,2.87,42252971.54
2025-10-08 01:00:00+00:00,2.87,2.876,2.864,2.872,24017258.43
2025-10-08 02:00:00+00:00,2.872,2.879,2.867,2.869,23853494.65
2025-10-08 03:00:00+00:00,2.869,2.869,2.841,2.846,40467543.23
2025-10-08 04:00:00+00:00,2.846,2.864,2.833,2.862,31655003.54
2025-10-08 05:00:00+00:00,2.862,2.862,2.846,2.855,23591280.17
2025-10-08 06:00:00+00:00,2.855,2.864,2.843,2.862,30082174.41
2025-10-08 07:00:00+00:00,2.862,2.863,2.848,2.858,26101515.11
2025-10-08 08:00:00+00:00,2.858,2.877,2.856,2.868,30829810.2
2025-10-08 09:00:00+00:00,2.868,2.872,2.863,2.87,20288263.24
2025-10-08 10:00:00+00:00,2.87,2.878,2.866,2.877,21580178.51
2025-10-08 11:00:00+00:00,2.877,2.881,2.871,2.876,20975368.68
2025-10-08 12:00:00+00:00,2.876,2.882,2.871,2.875,21138548.24
2025-10-08 13:00:00+00:00,2.875,2.879,2.852,2.873,36807491.43
2025-10-08 14:00:00+00:00,2.873,2.893,2.857,2.862,46997825.17
2025-10-08 15:00:00+00:00,2.862,2.873,2.86,2.866,20349375.65
2025-10-08 16:00:00+00:00,2.866,2.884,2.863,2.883,27392076.62
2025-10-08 17:00:00+00:00,2.883,2.925,2.882,2.92,55029518.17
2025-10-08 18:00:00+00:00,2.92,2.922,2.903,2.908,34033860.98
2025-10-08 19:00:00+00:00,2.908,2.913,2.898,2.909,24858322.66
2025-10-08 20:00:00+00:00,2.909,2.912,2.892,2.893,15681776.88
2025-10-08 21:00:00+00:00,2.893,2.903,2.892,2.897,11965796.49
2025-10-08 22:00:00+00:00,2.897,2.901,2.894,2.895,13312954.08
2025-10-08 23:00:00+00:00,2.895,2.895,2.876,2.88,26138518.96
2025-10-09 00:00:00+00:00,2.88,2.88,2.864,2.866,32988004.27
2025-10-09 01:00:00+00:00,2.866,2.867,2.85,2.858,27276117.04
2025-10-09 02:00:00+00:00,2.858,2.86,2.825,2.83,40595500.23
2025-10-09 03:00:00+00:00,2.83,2.846,2.829,2.844,22255431.66
2025-10-09 04:00:00+00:00,2.844,2.849,2.837,2.846,17403445.91
2025-10-09 05:00:00+00:00,2.846,2.847,2.826,2.834,31084101.02
2025-10-09 06:00:00+00:00,2.834,2.834,2.82,2.824,32618993.84
2025-10-09 07:00:00+00:00,2.824,2.83,2.814,2.817,28099919.23
2025-10-09 08:00:00+00:00,2.817,2.819,2.786,2.788,70495464.49
2025-10-09 09:00:00+00:00,2.788,2.811,2.788,2.809,49072932.83
2025-10-09 10:00:00+00:00,2.809,2.819,2.802,2.811,34642742.97
2025-10-09 11:00:00+00:00,2.811,2.828,2.811,2.827,30270526.89
2025-10-09 12:00:00+00:00,2.827,2.841,2.823,2.83,31850477.79
2025-10-09 13:00:00+00:00,2.83,2.834,2.813,2.816,41449193.82
2025-10-09 14:00:00+00:00,2.816,2.823,2.79,2.813,61648936.22
2025-10-09 15:00:00+00:00,2.813,2.826,2.795,2.802,40755216.87
2025-10-09 16:00:00+00:00,2.802,2.809,2.774,2.778,52853109.32
2025-10-09 17:00:00+00:00,2.778,2.806,2.776,2.805,48008083.29
2025-10-09 18:00:00+00:00,2.805,2.809,2.784,2.785,30304330.3
2025-10-09 19:00:00+00:00,2.785,2.802,2.775,2.789,36510834.85
2025-10-09 20:00:00+00:00,2.789,2.797,2.783,2.795,31031643.49
2025-10-09 21:00:00+00:00,2.795,2.802,2.786,2.798,24874935.15
2025-10-09 22:00:00+00:00,2.798,2.817,2.797,2.815,26590873.98
2025-10-09 23:00:00+00:00,2.815,2.816,2.802,2.802,14578326.93
2025-10-10 00:00:00+00:00,2.802,2.817,2.801,2.811,18896183.56
2025-10-10 01:00:00+00:00,2.811,2.818,2.806,2.81,16790819.3
2025-10-10 02:00:00+00:00,2.81,2.812,2.792,2.797,26170007.6
2025-10-10 03:00:00+00:00,2.797,2.83,2.791,2.813,35600793.66
2025-10-10 04:00:00+00:00,2.813,2.824,2.808,2.815,30881434.07
2025-10-10 05:00:00+00:00,2.815,2.83,2.804,2.826,24455490.9
2025-10-10 06:00:00+00:00,2.826,2.831,2.811,2.816,28240343.6
2025-10-10 07:00:00+00:00,2.816,2.818,2.799,2.803,36121419.32
2025-10-10 08:00:00+00:00,2.803,2.822,2.799,2.82,23835498.91
2025-10-10 09:00:00+00:00,2.82,2.83,2.812,2.813,28156391.12
2025-10-10 10:00:00+00:00,2.813,2.82,2.808,2.819,23277991.28
2025-10-10 11:00:00+00:00,2.819,2.822,2.816,2.819,22729739.5
2025-10-10 12:00:00+00:00,2.819,2.822,2.81,2.818,16601733.36
2025-10-10 13:00:00+00:00,2.818,2.837,2.818,2.827,34389991.24
2025-10-10 14:00:00+00:00,2.827,2.835,2.799,2.801,47810941.41
2025-10-10 15:00:00+00:00,2.801,2.801,2.719,2.742,276360601.08
2025-10-10 16:00:00+00:00,2.742,2.765,2.728,2.73,100842523.93
2025-10-10 17:00:00+00:00,2.73,2.733,2.711,2.723,67052020.98
2025-10-10 18:00:00+00:00,2.723,2.732,2.704,2.708,47375419.29
2025-10-10 19:00:00+00:00,2.708,2.712,2.651,2.677,200704819.89
2025-10-10 20:00:00+00:00,2.677,2.698,2.526,2.528,203633995.58
2025-10-10 21:00:00+00:00,2.528,2.568,1.639,2.322,671297798.14
2025-10-10 22:00:00+00:00,2.322,2.374,2.117,2.352,321845359.7
2025-10-10 23:00:00+00:00,2.352,2.442,2.318,2.368,310978133.45
2025-10-11 00:00:00+00:00,2.368,2.416,2.301,2.387,178623405.13
2025-10-11 01:00:00+00:00,2.387,2.388,2.306,2.333,130057144.54
2025-10-11 02:00:00+00:00,2.333,2.456,2.331,2.436,115423235.72
2025-10-11 03:00:00+00:00,2.436,2.442,2.36,2.397,108113786.89
2025-10-11 04:00:00+00:00,2.397,2.448,2.395,2.442,64356755.64
2025-10-11 05:00:00+00:00,2.442,2.448,2.39,2.403,78427984.9
2025-10-11 06:00:00+00:00,2.403,2.451,2.4,2.423,66240898.32
2025-10-11 07:00:00+00:00,2.423,2.442,2.398,2.411,83980802.82
2025-10-11 08:00:00+00:00,2.411,2.489,2.399,2.485,87711814.59
2025-10-11 09:00:00+00:00,2.485,2.506,2.466,2.469,66661232.55
2025-10-11 10:00:00+00:00,2.469,2.485,2.453,2.478,69216213.2
2025-10-11 11:00:00+00:00,2.478,2.485,2.442,2.477,61000897.32
2025-10-11 12:00:00+00:00,2.477,2.485,2.431,2.446,65689618.1
2025-10-11 13:00:00+00:00,2.446,2.46,2.42,2.45,77604254.11
2025-10-11 14:00:00+00:00,2.45,2.459,2.426,2.458,69094281.55
2025-10-11 15:00:00+00:00,2.458,2.487,2.458,2.478,49350176.08
2025-10-11 16:00:00+00:00,2.478,2.492,2.463,2.476,51397269.89
2025-10-11 17:00:00+00:00,2.476,2.492,2.472,2.48,40486970.57
2025-10-11 18:00:00+00:00,2.48,2.48,2.463,2.469,31775182.43
2025-10-11 19:00:00+00:00,2.469,2.469,2.384,2.41,94798707.02
2025-10-11 20:00:00+00:00,2.41,2.412,2.336,2.354,119341710.33
2025-10-11 21:00:00+00:00,2.354,2.387,2.323,2.386,125491764.26
2025-10-11 22:00:00+00:00,2.386,2.406,2.38,2.396,59223536.7
2025-10-11 23:00:00+00:00,2.396,2.401,2.376,2.382,51784735.74
2025-10-12 00:00:00+00:00,2.382,2.387,2.338,2.342,53970022.55
2025-10-12 01:00:00+00:00,2.342,2.357,2.324,2.328,99193451.44
2025-10-12 02:00:00+00:00,2.328,2.351,2.312,2.326,90213121.84
2025-10-12 03:00:00+00:00,2.326,2.368,2.321,2.341,104362788.23
2025-10-12 04:00:00+00:00,2.341,2.377,2.34,2.363,62640447.84
2025-10-12 05:00:00+00:00,2.363,2.379,2.35,2.374,34735520.72
2025-10-12 06:00:00+00:00,2.374,2.4,2.369,2.39,37860209.66
2025-10-12 07:00:00+00:00,2.39,2.397,2.376,2.389,30860741.0
2025-10-12 08:00:00+00:00,2.389,2.401,2.382,2.383,28097750.73
2025-10-12 09:00:00+00:00,2.383,2.403,2.369,2.401,36996425.28
2025-10-12 10:00:00+00:00,2.401,2.411,2.385,2.388,36858401.31
2025-10-12 11:00:00+00:00,2.388,2.405,2.388,2.397,38418829.27
2025-10-12 12:00:00+00:00,2.397,2.421,2.397,2.406,40088316.07
2025-10-12 13:00:00+00:00,2.406,2.415,2.372,2.376,62089444.84
2025-10-12 14:00:00+00:00,2.376,2.471,2.362,2.453,165165427.96
2025-10-12 15:00:00+00:00,2.453,2.514,2.446,2.488,235273072.21
2025-10-12 16:00:00+00:00,2.488,2.539,2.488,2.518,157867431.99
2025-10-12 17:00:00+00:00,2.518,2.545,2.502,2.529,97066876.03
2025-10-12 18:00:00+00:00,2.529,2.541,2.504,2.513,64772250.79
2025-10-12 19:00:00+00:00,2.513,2.552,2.512,2.547,43811429.53
2025-10-12 20:00:00+00:00,2.547,2.583,2.545,2.558,61267006.49
2025-10-12 21:00:00+00:00,2.558,2.569,2.513,2.545,53860104.6
2025-10-12 22:00:00+00:00,2.545,2.56,2.516,2.532,78309113.04
2025-10-12 23:00:00+00:00,2.532,2.535,2.508,2.528,62838586.53
2025-10-13 00:00:00+00:00,2.528,2.548,2.515,2.529,75254792.55
2025-10-13 01:00:00+00:00,2.529,2.55,2.513,2.55,53857691.46
2025-10-13 02:00:00+00:00,2.55,2.561,2.532,2.559,74615660.6
2025-10-13 03:00:00+00:00,2.559,2.574,2.546,2.551,58766534.79
2025-10-13 04:00:00+00:00,2.551,2.581,2.547,2.577,48631314.58
2025-10-13 05:00:00+00:00,2.577,2.579,2.54,2.55,45009907.9
2025-10-13 06:00:00+00:00,2.55,2.609,2.534,2.605,67282020.2
2025-10-13 07:00:00+00:00,2.605,2.637,2.597,2.622,70571115.48
2025-10-13 08:00:00+00:00,2.622,2.643,2.607,2.634,57426202.76
2025-10-13 09:00:00+00:00,2.634,2.639,2.616,2.622,56448654.78
2025-10-13 10:00:00+00:00,2.622,2.624,2.591,2.601,58710835.52
2025-10-13 11:00:00+00:00,2.601,2.601,2.547,2.57,109808424.45
2025-10-13 12:00:00+00:00,2.57,2.591,2.556,2.57,54464789.62
2025-10-13 13:00:00+00:00,2.57,2.608,2.551,2.604,178904849.08
2025-10-13 14:00:00+00:00,2.604,2.611,2.553,2.557,87866905.26
2025-10-13 15:00:00+00:00,2.557,2.597,2.555,2.587,53532118.86
2025-10-13 16:00:00+00:00,2.587,2.601,2.571,2.593,71103424.65
2025-10-13 17:00:00+00:00,2.593,2.625,2.582,2.624,75369279.19
2025-10-13 18:00:00+00:00,2.624,2.63,2.6,2.611,67434833.17
2025-10-13 19:00:00+00:00,2.611,2.64,2.604,2.624,58050214.67
2025-10-13 20:00:00+00:00,2.624,2.645,2.62,2.644,58902359.13
2025-10-13 21:00:00+00:00,2.644,2.646,2.612,2.616,49270532.57
2025-10-13 22:00:00+00:00,2.616,2.623,2.606,2.609,42046755.75
2025-10-13 23:00:00+00:00,2.609,2.614,2.598,2.605,41596966.88
2025-10-14 00:00:00+00:00,2.605,2.621,2.596,2.607,50791243.13
2025-10-14 01:00:00+00:00,2.607,2.611,2.583,2.587,47527511.9
2025-10-14 02:00:00+00:00,2.587,2.588,2.563,2.573,67629124.53
2025-10-14 03:00:00+00:00,2.573,2.574,2.55,2.56,62235030.67
2025-10-14 04:00:00+00:00,2.56,2.566,2.518,2.526,71008818.34
2025-10-14 05:00:00+00:00,2.526,2.541,2.498,2.505,83620323.77
2025-10-14 06:00:00+00:00,2.505,2.519,2.431,2.466,158536808.46
2025-10-14 07:00:00+00:00,2.466,2.48,2.442,2.452,93381876.46
2025-10-14 08:00:00+00:00,2.452,2.474,2.438,2.464,51428984.11
2025-10-14 09:00:00+00:00,2.464,2.475,2.456,2.462,33282844.99
2025-10-14 10:00:00+00:00,2.462,2.462,2.413,2.44,78623724.62
2025-10-14 11:00:00+00:00,2.44,2.464,2.439,2.452,46471054.5
2025-10-14 12:00:00+00:00,2.452,2.453,2.415,2.419,77198571.56
2025-10-14 13:00:00+00:00,2.419,2.442,2.391,2.432,127581212.8
2025-10-14 14:00:00+00:00,2.432,2.464,2.427,2.447,103809138.49
2025-10-14 15:00:00+00:00,2.447,2.499,2.437,2.498,82275099.04
2025-10-14 16:00:00+00:00,2.498,2.534,2.483,2.503,107349803.76
2025-10-14 17:00:00+00:00,2.503,2.527,2.478,2.506,70521765.26
2025-10-14 18:00:00+00:00,2.506,2.526,2.494,2.502,44604922.44
2025-10-14 19:00:00+00:00,2.502,2.517,2.463,2.484,89377518.0
2025-10-14 20:00:00+00:00,2.484,2.497,2.475,2.491,41587815.65
2025-10-14 21:00:00+00:00,2.491,2.497,2.476,2.495,21924318.48
2025-10-14 22:00:00+00:00,2.495,2.508,2.49,2.498,23115747.44
2025-10-14 23:00:00+00:00,2.498,2.512,2.498,2.503,22058340.31
2025-10-15 00:00:00+00:00,2.503,2.509,2.486,2.505,25916313.52
2025-10-15 01:00:00+00:00,2.505,2.507,2.485,2.5,21142295.41
2025-10-15 02:00:00+00:00,2.5,2.526,2.497,2.512,32566671.9
2025-10-15 03:00:00+00:00,2.512,2.513,2.48,2.488,27730275.49
2025-10-15 04:00:00+00:00,2.488,2.499,2.48,2.499,25233165.78
2025-10-15 05:00:00+00:00,2.499,2.509,2.49,2.5,23515401.95
2025-10-15 06:00:00+00:00,2.5,2.509,2.479,2.502,29734184.49
2025-10-15 07:00:00+00:00,2.502,2.508,2.494,2.507,24632062.62
2025-10-15 08:00:00+00:00,2.507,2.547,2.505,2.518,73363059.8
2025-10-15 09:00:00+00:00,2.518,2.523,2.495,2.501,53300271.7
2025-10-15 10:00:00+00:00,2.501,2.507,2.493,2.497,27822979.88
2025-10-15 11:00:00+00:00,2.497,2.505,2.478,2.493,34708635.79
2025-10-15 12:00:00+00:00,2.493,2.503,2.482,2.502,42861102.72
2025-10-15 13:00:00+00:00,2.502,2.502,2.46,2.484,87422267.48
2025-10-15 14:00:00+00:00,2.484,2.511,2.453,2.465,63111460.31
2025-10-15 15:00:00+00:00,2.465,2.476,2.425,2.433,106574312.95
2025-10-15 16:00:00+00:00,2.433,2.449,2.431,2.432,52887161.86
2025-10-15 17:00:00+00:00,2.432,2.435,2.412,2.434,48874761.5
2025-10-15 18:00:00+00:00,2.434,2.442,2.422,2.441,29690154.92
2025-10-15 19:00:00+00:00,2.441,2.441,2.402,2.405,35243109.78
2025-10-15 20:00:00+00:00,2.405,2.421,2.38,2.397,58117523.75
2025-10-15 21:00:00+00:00,2.397,2.416,2.376,2.398,49121366.39
2025-10-15 22:00:00+00:00,2.398,2.416,2.396,2.404,27694610.78
2025-10-15 23:00:00+00:00,2.404,2.417,2.399,2.411,20039622.4
2025-10-16 00:00:00+00:00,2.411,2.415,2.4,2.407,37037710.38
2025-10-16 01:00:00+00:00,2.407,2.427,2.406,2.424,22464004.02
2025-10-16 02:00:00+00:00,2.424,2.435,2.413,2.427,36624896.56
2025-10-16 03:00:00+00:00,2.427,2.432,2.417,2.418,22090463.96
2025-10-16 04:00:00+00:00,2.418,2.43,2.409,2.411,23769447.4
2025-10-16 05:00:00+00:00,2.411,2.423,2.398,2.406,37361959.41
2025-10-16 06:00:00+00:00,2.406,2.433,2.406,2.428,31631252.35
2025-10-16 07:00:00+00:00,2.428,2.429,2.406,2.41,26040053.25
2025-10-16 08:00:00+00:00,2.41,2.414,2.386,2.394,33245953.33
2025-10-16 09:00:00+00:00,2.394,2.43,2.358,2.423,112018750.96
2025-10-16 10:00:00+00:00,2.423,2.453,2.422,2.449,41734039.71
2025-10-16 11:00:00+00:00,2.449,2.457,2.432,2.452,28497135.17
2025-10-16 12:00:00+00:00,2.452,2.467,2.447,2.453,34749711.71
2025-10-16 13:00:00+00:00,2.453,2.458,2.431,2.438,35456706.05
2025-10-16 14:00:00+00:00,2.438,2.44,2.389,2.405,138262467.73
2025-10-16 15:00:00+00:00,2.405,2.418,2.345,2.356,118806609.02
2025-10-16 16:00:00+00:00,2.356,2.398,2.346,2.398,103920928.81
2025-10-16 17:00:00+00:00,2.398,2.398,2.362,2.367,54073697.75
2025-10-16 18:00:00+00:00,2.367,2.367,2.332,2.352,60296728.41
2025-10-16 19:00:00+00:00,2.352,2.357,2.309,2.327,90834620.81
2025-10-16 20:00:00+00:00,2.327,2.336,2.284,2.294,89201550.8
2025-10-16 21:00:00+00:00,2.294,2.323,2.294,2.322,50138749.48
2025-10-16 22:00:00+00:00,2.322,2.324,2.3,2.301,34729304.49
2025-10-16 23:00:00+00:00,2.301,2.332,2.297,2.328,43671793.13
2025-10-17 00:00:00+00:00,2.328,2.34,2.32,2.338,27827028.47
2025-10-17 01:00:00+00:00,2.338,2.395,2.337,2.356,121720309.65
2025-10-17 02:00:00+00:00,2.356,2.366,2.337,2.358,34226902.45
2025-10-17 03:00:00+00:00,2.358,2.368,2.349,2.358,30395764.29
2025-10-17 04:00:00+00:00,2.358,2.36,2.347,2.348,24892707.93
2025-10-17 05:00:00+00:00,2.348,2.355,2.331,2.333,34827115.35
2025-10-17 06:00:00+00:00,2.333,2.345,2.277,2.293,90148619.23
2025-10-17 07:00:00+00:00,2.293,2.298,2.232,2.239,185206929.96
2025-10-17 08:00:00+00:00,2.239,2.251,2.203,2.215,151652702.78
2025-10-17 09:00:00+00:00,2.215,2.259,2.21,2.226,67832612.05
2025-10-17 10:00:00+00:00,2.226,2.238,2.191,2.227,70362788.15
2025-10-17 11:00:00+00:00,2.227,2.296,2.226,2.283,92977805.39
2025-10-17 12:00:00+00:00,2.283,2.304,2.279,2.279,50678602.44
2025-10-17 13:00:00+00:00,2.279,2.299,2.255,2.285,67711649.49
2025-10-17 14:00:00+00:00,2.285,2.291,2.241,2.261,62737924.32
2025-10-17 15:00:00+00:00,2.261,2.302,2.259,2.301,51276803.81
2025-10-17 16:00:00+00:00,2.301,2.327,2.282,2.292,65287383.52
2025-10-17 17:00:00+00:00,2.292,2.3,2.278,2.293,27674024.7
2025-10-17 18:00:00+00:00,2.293,2.318,2.293,2.305,30934611.84
2025-10-17 19:00:00+00:00,2.305,2.315,2.291,2.297,20939871.87
2025-10-17 20:00:00+00:00,2.297,2.32,2.296,2.311,26542802.41
2025-10-17 21:00:00+00:00,2.311,2.337,2.31,2.335,26214966.28
2025-10-17 22:00:00+00:00,2.335,2.342,2.313,2.317,29651593.18
2025-10-17 23:00:00+00:00,2.317,2.317,2.291,2.294,22983377.62
2025-10-18 00:00:00+00:00,2.294,2.319,2.29,2.31,24525464.45
2025-10-18 01:00:00+00:00,2.31,2.336,2.308,2.334,19057001.58
2025-10-18 02:00:00+00:00,2.334,2.341,2.318,2.322,25616704.12
2025-10-18 03:00:00+00:00,2.322,2.343,2.322,2.339,17526054.3
2025-10-18 04:00:00+00:00,2.339,2.339,2.318,2.319,23986929.55
2025-10-18 05:00:00+00:00,2.319,2.335,2.315,2.332,19067431.73
2025-10-18 06:00:00+00:00,2.332,2.352,2.332,2.351,19504954.39
2025-10-18 07:00:00+00:00,2.351,2.376,2.35,2.354,48149456.71
2025-10-18 08:00:00+00:00,2.354,2.36,2.347,2.348,19700941.59
2025-10-18 09:00:00+00:00,2.348,2.365,2.347,2.357,22531327.67
2025-10-18 10:00:00+00:00,2.357,2.368,2.348,2.361,22326615.57
2025-10-18 11:00:00+00:00,2.361,2.379,2.357,2.379,24998679.72
2025-10-18 12:00:00+00:00,2.379,2.392,2.37,2.375,26556154.76
2025-10-18 13:00:00+00:00,2.375,2.376,2.356,2.363,23477840.43
2025-10-18 14:00:00+00:00,2.363,2.371,2.352,2.361,26173653.2
2025-10-18 15:00:00+00:00,2.361,2.366,2.341,2.349,22364104.9
2025-10-18 16:00:00+00:00,2.349,2.354,2.333,2.346,24091694.98
2025-10-18 17:00:00+00:00,2.346,2.37,2.342,2.368,14068424.37
2025-10-18 18:00:00+00:00,2.368,2.371,2.358,2.362,9787732.79
2025-10-18 19:00:00+00:00,2.362,2.371,2.356,2.367,9823489.71
2025-10-18 20:00:00+00:00,2.367,2.375,2.358,2.359,14790311.87
2025-10-18 21:00:00+00:00,2.359,2.366,2.351,2.364,13479300.46
2025-10-18 22:00:00+00:00,2.364,2.367,2.358,2.362,8074250.86
2025-10-18 23:00:00+00:00,2.362,2.363,2.357,2.36,8609761.78
2025-10-19 00:00:00+00:00,2.36,2.362,2.34,2.345,14914664.37
2025-10-19 01:00:00+00:00,2.345,2.351,2.336,2.349,11012292.52
2025-10-19 02:00:00+00:00,2.349,2.351,2.339,2.343,7938009.77
2025-10-19 03:00:00+00:00,2.343,2.369,2.338,2.368,16045437.24
2025-10-19 04:00:00+00:00,2.368,2.369,2.354,2.357,10035993.72
2025-10-19 05:00:00+00:00,2.357,2.366,2.348,2.353,14608273.48
2025-10-19 06:00:00+00:00,2.353,2.356,2.342,2.35,9418609.88
2025-10-19 07:00:00+00:00,2.35,2.355,2.343,2.348,9747335.35
2025-10-19 08:00:00+00:00,2.348,2.368,2.328,2.333,41283270.75
2025-10-19 09:00:00+00:00,2.333,2.379,2.318,2.363,60424765.74
2025-10-19 10:00:00+00:00,2.363,2.392,2.355,2.385,45683521.65
2025-10-19 11:00:00+00:00,2.385,2.398,2.372,2.375,33822754.12
2025-10-19 12:00:00+00:00,2.375,2.379,2.362,2.371,18730273.08
2025-10-19 13:00:00+00:00,2.371,2.404,2.366,2.403,26733842.74
2025-10-19 14:00:00+00:00,2.403,2.415,2.391,2.413,46945876.12
2025-10-19 15:00:00+00:00,2.413,2.414,2.395,2.401,33321216.38
2025-10-19 16:00:00+00:00,2.401,2.408,2.389,2.4,19432896.71
2025-10-19 17:00:00+00:00,2.4,2.419,2.393,2.396,34618121.15
2025-10-19 18:00:00+00:00,2.396,2.412,2.396,2.409,16008562.21
2025-10-19 19:00:00+00:00,2.409,2.409,2.393,2.399,14974682.75
2025-10-19 20:00:00+00:00,2.399,2.408,2.396,2.406,18342683.48
2025-10-19 21:00:00+00:00,2.406,2.407,2.387,2.396,17688049.34
2025-10-19 22:00:00+00:00,2.396,2.41,2.396,2.402,16976421.7
2025-10-19 23:00:00+00:00,2.402,2.403,2.387,2.391,14349996.86
2025-10-20 00:00:00+00:00,2.391,2.391,2.355,2.38,32686730.0
2025-10-20 01:00:00+00:00,2.38,2.384,2.367,2.372,18373910.19
2025-10-20 02:00:00+00:00,2.372,2.395,2.364,2.387,22670621.22
2025-10-20 03:00:00+00:00,2.387,2.441,2.382,2.434,34825670.11
2025-10-20 04:00:00+00:00,2.434,2.448,2.431,2.446,34220382.05
2025-10-20 05:00:00+00:00,2.446,2.456,2.436,2.456,29833547.51
2025-10-20 06:00:00+00:00,2.456,2.473,2.456,2.469,31260040.45
2025-10-20 07:00:00+00:00,2.469,2.477,2.461,2.47,27929121.88
2025-10-20 08:00:00+00:00,2.47,2.478,2.458,2.472,31824703.01
2025-10-20 09:00:00+00:00,2.472,2.475,2.457,2.474,24778927.98
2025-10-20 10:00:00+00:00,2.474,2.48,2.46,2.466,29703657.41
2025-10-20 11:00:00+00:00,2.466,2.466,2.452,2.457,31177397.9
2025-10-20 12:00:00+00:00,2.457,2.458,2.447,2.453,31349846.26
2025-10-20 13:00:00+00:00,2.453,2.464,2.448,2.461,33239504.19
2025-10-20 14:00:00+00:00,2.461,2.472,2.449,2.471,36636693.14
2025-10-20 15:00:00+00:00,2.471,2.485,2.463,2.463,42324270.04
2025-10-20 16:00:00+00:00,2.463,2.468,2.427,2.445,67028241.26
2025-10-20 17:00:00+00:00,2.445,2.46,2.436,2.459,32751757.01
2025-10-20 18:00:00+00:00,2.459,2.477,2.455,2.475,23548920.39
2025-10-20 19:00:00+00:00,2.475,2.553,2.47,2.524,102146116.24
2025-10-20 20:00:00+00:00,2.524,2.535,2.507,2.532,62326630.94
2025-10-20 21:00:00+00:00,2.532,2.532,2.487,2.492,31137599.0
2025-10-20 22:00:00+00:00,2.492,2.505,2.483,2.498,17379180.41
2025-10-20 23:00:00+00:00,2.498,2.498,2.486,2.495,16074241.99
2025-10-21 00:00:00+00:00,2.495,2.495,2.482,2.486,16790966.93
2025-10-21 01:00:00+00:00,2.486,2.487,2.464,2.468,23090935.97
2025-10-21 02:00:00+00:00,2.468,2.47,2.45,2.451,28929357.82
2025-10-21 03:00:00+00:00,2.451,2.463,2.449,2.453,19757363.09
2025-10-21 04:00:00+00:00,2.453,2.454,2.418,2.424,58813473.91
2025-10-21 05:00:00+00:00,2.424,2.436,2.422,2.424,37260729.17
2025-10-21 06:00:00+00:00,2.424,2.437,2.413,2.432,36785537.29
2025-10-21 07:00:00+00:00,2.432,2.435,2.418,2.427,23406259.88
2025-10-21 08:00:00+00:00,2.427,2.427,2.401,2.412,33407403.63
2025-10-21 09:00:00+00:00,2.412,2.412,2.402,2.409,23507508.02
2025-10-21 10:00:00+00:00,2.409,2.428,2.405,2.417,30501543.11
2025-10-21 11:00:00+00:00,2.417,2.433,2.412,2.432,23789532.61
2025-10-21 12:00:00+00:00,2.432,2.447,2.424,2.425,30289350.44
2025-10-21 13:00:00+00:00,2.425,2.432,2.408,2.413,38930759.32
2025-10-21 14:00:00+00:00,2.413,2.488,2.412,2.487,63619946.46
2025-10-21 15:00:00+00:00,2.487,2.532,2.476,2.523,93959952.27
2025-10-21 16:00:00+00:00,2.523,2.524,2.482,2.486,65935724.41
2025-10-21 17:00:00+00:00,2.486,2.506,2.474,2.493,58139754.04
2025-10-21 18:00:00+00:00,2.493,2.499,2.473,2.485,30516776.82
2025-10-21 19:00:00+00:00,2.485,2.501,2.482,2.493,19531089.99
2025-10-21 20:00:00+00:00,2.493,2.497,2.467,2.474,29903429.1
2025-10-21 21:00:00+00:00,2.474,2.492,2.454,2.477,35865019.94
2025-10-21 22:00:00+00:00,2.477,2.478,2.431,2.442,47177251.04
2025-10-21 23:00:00+00:00,2.442,2.448,2.416,2.422,28867482.54
2025-10-22 00:00:00+00:00,2.422,2.434,2.404,2.413,32772836.74
2025-10-22 01:00:00+00:00,2.413,2.429,2.412,2.425,25416634.11
2025-10-22 02:00:00+00:00,2.425,2.432,2.421,2.424,17010440.72
2025-10-22 03:00:00+00:00,2.424,2.424,2.409,2.421,25280964.42
2025-10-22 04:00:00+00:00,2.421,2.438,2.419,2.437,20809531.16
2025-10-22 05:00:00+00:00,2.437,2.437,2.391,2.406,70245827.84
2025-10-22 06:00:00+00:00,2.406,2.41,2.4,2.403,27185808.99
2025-10-22 07:00:00+00:00,2.403,2.412,2.391,2.41,28535969.79
2025-10-22 08:00:00+00:00,2.41,2.41,2.396,2.398,19274691.3
2025-10-22 09:00:00+00:00,2.398,2.401,2.38,2.385,30504405.24
2025-10-22 10:00:00+00:00,2.385,2.392,2.377,2.382,29987977.59
2025-10-22 11:00:00+00:00,2.382,2.407,2.369,2.396,57466717.68
2025-10-22 12:00:00+00:00,2.396,2.411,2.393,2.4,23621740.68
2025-10-22 13:00:00+00:00,2.4,2.413,2.393,2.409,43732825.29
2025-10-22 14:00:00+00:00,2.409,2.41,2.368,2.41,75777494.16
2025-10-22 15:00:00+00:00,2.41,2.417,2.38,2.401,36773998.66
2025-10-22 16:00:00+00:00,2.401,2.406,2.38,2.395,42555358.47
2025-10-22 17:00:00+00:00,2.395,2.4,2.376,2.379,24974965.8
2025-10-22 18:00:00+00:00,2.379,2.386,2.367,2.377,29386332.37
2025-10-22 19:00:00+00:00,2.377,2.396,2.356,2.377,40768667.78
2025-10-22 20:00:00+00:00,2.377,2.381,2.358,2.363,33049567.72
2025-10-22 21:00:00+00:00,2.363,2.364,2.331,2.341,77911627.72
2025-10-22 22:00:00+00:00,2.341,2.354,2.333,2.337,23448110.63
2025-10-22 23:00:00+00:00,2.337,2.368,2.336,2.365,23210205.4
2025-10-23 00:00:00+00:00,2.365,2.372,2.362,2.367,14459003.24
2025-10-23 01:00:00+00:00,2.367,2.377,2.364,2.371,17516505.84
2025-10-23 02:00:00+00:00,2.371,2.377,2.368,2.376,16041266.24
2025-10-23 03:00:00+00:00,2.376,2.387,2.375,2.379,17658722.09
2025-10-23 04:00:00+00:00,2.379,2.391,2.377,2.385,16791304.21
2025-10-23 05:00:00+00:00,2.385,2.396,2.385,2.394,16918744.77
2025-10-23 06:00:00+00:00,2.394,2.419,2.393,2.417,38707524.09
2025-10-23 07:00:00+00:00,2.417,2.418,2.402,2.408,24513972.7
2025-10-23 08:00:00+00:00,2.408,2.418,2.408,2.414,19797133.96
2025-10-23 09:00:00+00:00,2.414,2.415,2.407,2.411,17474654.61
2025-10-23 10:00:00+00:00,2.411,2.415,2.409,2.411,18019232.67
2025-10-23 11:00:00+00:00,2.411,2.411,2.39,2.391,19984041.77
2025-10-23 12:00:00+00:00,2.391,2.391,2.375,2.389,41773404.07
2025-10-23 13:00:00+00:00,2.389,2.411,2.381,2.398,33505819.54
2025-10-23 14:00:00+00:00,2.398,2.405,2.382,2.403,27679631.79
2025-10-23 15:00:00+00:00,2.403,2.419,2.399,2.408,27791353.5
2025-10-23 16:00:00+00:00,2.408,2.416,2.393,2.411,23596033.15
2025-10-23 17:00:00+00:00,2.411,2.426,2.397,2.421,43773008.52
2025-10-23 18:00:00+00:00,2.421,2.422,2.399,2.403,22843572.43
2025-10-23 19:00:00+00:00,2.403,2.41,2.392,2.407,18984241.71
2025-10-23 20:00:00+00:00,2.407,2.407,2.381,2.385,23345527.74
2025-10-23 21:00:00+00:00,2.385,2.391,2.381,2.386,17461707.12
2025-10-23 22:00:00+00:00,2.386,2.398,2.382,2.396,24069064.29
2025-10-23 23:00:00+00:00,2.396,2.397,2.39,2.394,11632529.31
2025-10-24 00:00:00+00:00,2.394,2.404,2.387,2.397,15014807.3
2025-10-24 01:00:00+00:00,2.397,2.402,2.387,2.397,14826620.94
2025-10-24 02:00:00+00:00,2.397,2.406,2.391,2.404,15200801.65
2025-10-24 03:00:00+00:00,2.404,2.41,2.4,2.407,17666482.62
2025-10-24 04:00:00+00:00,2.407,2.434,2.404,2.43,29482053.37
2025-10-24 05:00:00+00:00,2.43,2.445,2.427,2.442,35056940.04
2025-10-24 06:00:00+00:00,2.442,2.449,2.434,2.446,26799574.98
2025-10-24 07:00:00+00:00,2.446,2.447,2.429,2.441,27154950.27
2025-10-24 08:00:00+00:00,2.441,2.455,2.434,2.451,26651763.11
2025-10-24 09:00:00+00:00,2.451,2.464,2.448,2.455,21722087.75
2025-10-24 10:00:00+00:00,2.455,2.46,2.446,2.449,20558855.96
2025-10-24 11:00:00+00:00,2.449,2.456,2.434,2.456,23881579.52
2025-10-24 12:00:00+00:00,2.456,2.492,2.456,2.481,77817482.29
2025-10-24 13:00:00+00:00,2.481,2.515,2.475,2.514,74808240.12
2025-10-24 14:00:00+00:00,2.514,2.514,2.47,2.475,62203166.4
2025-10-24 15:00:00+00:00,2.475,2.5,2.47,2.479,47157972.82
2025-10-24 16:00:00+00:00,2.479,2.488,2.461,2.48,31587444.86
2025-10-24 17:00:00+00:00,2.48,2.491,2.474,2.475,23328343.67
2025-10-24 18:00:00+00:00,2.475,2.493,2.471,2.491,27681137.36
2025-10-24 19:00:00+00:00,2.491,2.513,2.491,2.501,58626139.96
2025-10-24 20:00:00+00:00,2.501,2.515,2.499,2.514,33372087.27
2025-10-24 21:00:00+00:00,2.514,2.515,2.497,2.507,25726714.26
2025-10-24 22:00:00+00:00,2.507,2.514,2.498,2.511,21722510.76
2025-10-24 23:00:00+00:00,2.511,2.511,2.502,2.51,11809607.95
2025-10-25 00:00:00+00:00,2.51,2.538,2.503,2.526,42367149.35
2025-10-25 01:00:00+00:00,2.526,2.561,2.521,2.546,54467343.89
2025-10-25 02:00:00+00:00,2.546,2.551,2.536,2.546,22788617.17
2025-10-25 03:00:00+00:00,2.546,2.548,2.532,2.54,21407677.48
2025-10-25 04:00:00+00:00,2.54,2.571,2.54,2.561,43697947.81
2025-10-25 05:00:00+00:00,2.561,2.566,2.55,2.557,26322982.51
2025-10-25 06:00:00+00:00,2.557,2.562,2.537,2.538,23006662.98
2025-10-25 07:00:00+00:00,2.538,2.55,2.538,2.543,24189067.06
2025-10-25 08:00:00+00:00,2.543,2.554,2.541,2.545,15762328.27
2025-10-25 09:00:00+00:00,2.545,2.547,2.535,2.54,17590012.37
2025-10-25 10:00:00+00:00,2.54,2.561,2.528,2.551,33781317.36
2025-10-25 11:00:00+00:00,2.551,2.57,2.549,2.564,28648581.41
2025-10-25 12:00:00+00:00,2.564,2.586,2.56,2.58,36703799.41
2025-10-25 13:00:00+00:00,2.58,2.6,2.572,2.598,40690274.32
2025-10-25 14:00:00+00:00,2.598,2.619,2.592,2.613,51569915.49
2025-10-25 15:00:00+00:00,2.613,2.613,2.596,2.598,31097331.49
2025-10-25 16:00:00+00:00,2.598,2.606,2.588,2.59,24349542.57
2025-10-25 17:00:00+00:00,2.59,2.6,2.589,2.599,15641565.34
2025-10-25 18:00:00+00:00,2.599,2.645,2.595,2.642,36156292.91
2025-10-25 19:00:00+00:00,2.642,2.653,2.604,2.605,40303086.88
2025-10-25 20:00:00+00:00,2.605,2.618,2.598,2.601,25458632.69
2025-10-25 21:00:00+00:00,2.601,2.608,2.593,2.598,16539139.83
2025-10-25 22:00:00+00:00,2.598,2.603,2.59,2.601,17760002.34
2025-10-25 23:00:00+00:00,2.601,2.601,2.591,2.596,15305238.16
2025-10-26 00:00:00+00:00,2.596,2.627,2.592,2.618,32163977.55
2025-10-26 01:00:00+00:00,2.618,2.628,2.607,2.618,23809048.5
2025-10-26 02:00:00+00:00,2.618,2.618,2.595,2.597,19557855.12
2025-10-26 03:00:00+00:00,2.597,2.613,2.595,2.601,15344026.65
2025-10-26 04:00:00+00:00,2.601,2.617,2.599,2.61,12892753.73
2025-10-26 05:00:00+00:00,2.61,2.618,2.605,2.614,12189161.98
2025-10-26 06:00:00+00:00,2.614,2.627,2.611,2.626,15063412.31
2025-10-26 07:00:00+00:00,2.626,2.626,2.619,2.624,16182849.48
2025-10-26 08:00:00+00:00,2.624,2.637,2.618,2.633,21925931.58
2025-10-26 09:00:00+00:00,2.633,2.662,2.633,2.647,54878546.1
2025-10-26 10:00:00+00:00,2.647,2.648,2.627,2.63,20852287.86
2025-10-26 11:00:00+00:00,2.63,2.653,2.619,2.647,37992107.95
2025-10-26 12:00:00+00:00,2.647,2.657,2.633,2.639,37443469.39
2025-10-26 13:00:00+00:00,2.639,2.652,2.639,2.642,29723881.45
2025-10-26 14:00:00+00:00,2.642,2.645,2.63,2.638,25691635.18
2025-10-26 15:00:00+00:00,2.638,2.647,2.634,2.641,18426590.17
2025-10-26 16:00:00+00:00,2.641,2.642,2.621,2.627,25569990.29
2025-10-26 17:00:00+00:00,2.627,2.629,2.622,2.623,13550610.02
2025-10-26 18:00:00+00:00,2.623,2.634,2.62,2.62,23001259.36
2025-10-26 19:00:00+00:00,2.62,2.62,2.609,2.614,33104978.56
2025-10-26 20:00:00+00:00,2.614,2.616,2.599,2.611,26687760.46
2025-10-26 21:00:00+00:00,2.611,2.629,2.611,2.619,33147596.37
2025-10-26 22:00:00+00:00,2.619,2.659,2.619,2.652,67024429.35
2025-10-26 23:00:00+00:00,2.652,2.661,2.643,2.646,30762342.39
2025-10-27 00:00:00+00:00,2.646,2.665,2.637,2.648,44879837.01
2025-10-27 01:00:00+00:00,2.648,2.67,2.645,2.659,35309086.88
2025-10-27 02:00:00+00:00,2.659,2.669,2.642,2.646,32437371.58
2025-10-27 03:00:00+00:00,2.646,2.649,2.623,2.635,45001663.31
2025-10-27 04:00:00+00:00,2.635,2.65,2.634,2.647,23861449.96
2025-10-27 05:00:00+00:00,2.647,2.675,2.642,2.646,42789785.72
2025-10-27 06:00:00+00:00,2.646,2.657,2.632,2.651,37877536.59
2025-10-27 07:00:00+00:00,2.651,2.659,2.626,2.63,32008821.61
2025-10-27 08:00:00+00:00,2.63,2.636,2.613,2.624,35536567.13
2025-10-27 09:00:00+00:00,2.624,2.627,2.605,2.613,31709056.87
2025-10-27 10:00:00+00:00,2.613,2.629,2.608,2.624,24345467.23
2025-10-27 11:00:00+00:00,2.624,2.639,2.616,2.626,24520218.47
2025-10-27 12:00:00+00:00,2.626,2.632,2.617,2.631,24007438.92
2025-10-27 13:00:00+00:00,2.631,2.643,2.607,2.627,41544888.9
2025-10-27 14:00:00+00:00,2.627,2.628,2.602,2.627,40379490.9
2025-10-27 15:00:00+00:00,2.627,2.664,2.627,2.661,63477706.25
2025-10-27 16:00:00+00:00,2.661,2.691,2.661,2.686,72823103.12
2025-10-27 17:00:00+00:00,2.686,2.695,2.677,2.691,48556502.33
2025-10-27 18:00:00+00:00,2.691,2.697,2.68,2.689,41681261.53
2025-10-27 19:00:00+00:00,2.689,2.69,2.655,2.669,50172084.64
2025-10-27 20:00:00+00:00,2.669,2.669,2.627,2.627,49097087.17
2025-10-27 21:00:00+00:00,2.627,2.65,2.624,2.635,28418741.02
2025-10-27 22:00:00+00:00,2.635,2.651,2.631,2.64,24401999.34
2025-10-27 23:00:00+00:00,2.64,2.647,2.63,2.634,24196066.58
2025-10-28 00:00:00+00:00,2.634,2.652,2.63,2.639,21095200.98
2025-10-28 01:00:00+00:00,2.639,2.648,2.633,2.641,20223354.25
2025-10-28 02:00:00+00:00,2.641,2.646,2.612,2.627,31866916.51
2025-10-28 03:00:00+00:00,2.627,2.641,2.621,2.631,34129458.65
2025-10-28 04:00:00+00:00,2.631,2.637,2.622,2.633,21148558.84
2025-10-28 05:00:00+00:00,2.633,2.641,2.618,2.621,24006567.15
2025-10-28 06:00:00+00:00,2.621,2.649,2.613,2.648,40342559.09
2025-10-28 07:00:00+00:00,2.648,2.662,2.636,2.638,31741213.34
2025-10-28 08:00:00+00:00,2.638,2.662,2.635,2.656,25970960.8
2025-10-28 09:00:00+00:00,2.656,2.668,2.646,2.667,19063571.91
2025-10-28 10:00:00+00:00,2.667,2.668,2.655,2.658,21062915.45
2025-10-28 11:00:00+00:00,2.658,2.658,2.638,2.641,19426180.31
2025-10-28 12:00:00+00:00,2.641,2.665,2.64,2.663,26232599.6
2025-10-28 13:00:00+00:00,2.663,2.689,2.661,2.665,53341727.41
2025-10-28 14:00:00+00:00,2.665,2.668,2.609,2.631,78091000.12
2025-10-28 15:00:00+00:00,2.631,2.645,2.625,2.636,48797391.48
2025-10-28 16:00:00+00:00,2.636,2.656,2.634,2.649,31388936.12
2025-10-28 17:00:00+00:00,2.649,2.668,2.647,2.66,30771942.33
2025-10-28 18:00:00+00:00,2.66,2.675,2.656,2.672,29535495.53
2025-10-28 19:00:00+00:00,2.672,2.679,2.614,2.642,55932876.66
2025-10-28 20:00:00+00:00,2.642,2.642,2.587,2.592,96559570.39
2025-10-28 21:00:00+00:00,2.592,2.607,2.569,2.598,61192401.29
2025-10-28 22:00:00+00:00,2.598,2.614,2.587,2.611,30546530.79
2025-10-28 23:00:00+00:00,2.611,2.615,2.602,2.604,17406822.27
2025-10-29 00:00:00+00:00,2.604,2.62,2.6,2.609,27868564.0
2025-10-29 01:00:00+00:00,2.609,2.626,2.607,2.619,27375190.22
2025-10-29 02:00:00+00:00,2.619,2.628,2.612,2.615,18371398.21
2025-10-29 03:00:00+00:00,2.615,2.615,2.599,2.609,16838236.58
2025-10-29 04:00:00+00:00,2.609,2.622,2.607,2.619,13990291.42
2025-10-29 05:00:00+00:00,2.619,2.629,2.612,2.619,18581169.27
2025-10-29 06:00:00+00:00,2.619,2.634,2.615,2.63,18013227.9
2025-10-29 07:00:00+00:00,2.63,2.636,2.624,2.634,17703495.02
2025-10-29 08:00:00+00:00,2.634,2.636,2.623,2.628,15518479.06
2025-10-29 09:00:00+00:00,2.628,2.657,2.621,2.648,38558767.39
2025-10-29 10:00:00+00:00,2.648,2.66,2.638,2.641,31874235.27
2025-10-29 11:00:00+00:00,2.641,2.654,2.638,2.65,18221452.43
2025-10-29 12:00:00+00:00,2.65,2.659,2.647,2.656,20209412.88
2025-10-29 13:00:00+00:00,2.656,2.664,2.63,2.635,33995935.51
2025-10-29 14:00:00+00:00,2.635,2.643,2.622,2.641,27530035.13
2025-10-29 15:00:00+00:00,2.641,2.65,2.615,2.627,43262198.74
2025-10-29 16:00:00+00:00,2.627,2.634,2.615,2.627,26937737.36
2025-10-29 17:00:00+00:00,2.627,2.658,2.625,2.658,29489263.17
2025-10-29 18:00:00+00:00,2.658,2.659,2.564,2.608,190938155.93
2025-10-29 19:00:00+00:00,2.608,2.632,2.576,2.587,53513952.08
2025-10-29 20:00:00+00:00,2.587,2.6,2.557,2.59,59866876.18
2025-10-29 21:00:00+00:00,2.59,2.618,2.589,2.604,25149738.73
2025-10-29 22:00:00+00:00,2.604,2.608,2.592,2.594,17914402.92
2025-10-29 23:00:00+00:00,2.594,2.594,2.538,2.55,51606905.95
2025-10-30 00:00:00+00:00,2.55,2.565,2.529,2.563,43860654.53
2025-10-30 01:00:00+00:00,2.563,2.583,2.557,2.578,29642360.95
2025-10-30 02:00:00+00:00,2.578,2.589,2.571,2.585,17821110.04
2025-10-30 03:00:00+00:00,2.585,2.585,2.573,2.579,21999260.07
2025-10-30 04:00:00+00:00,2.579,2.579,2.49,2.509,127694801.65
2025-10-30 05:00:00+00:00,2.509,2.563,2.506,2.559,50424826.55
2025-10-30 06:00:00+00:00,2.559,2.575,2.556,2.567,28204365.48
2025-10-30 07:00:00+00:00,2.567,2.594,2.565,2.583,30120130.14
2025-10-30 08:00:00+00:00,2.583,2.59,2.578,2.579,22075775.5
2025-10-30 09:00:00+00:00,2.579,2.581,2.555,2.556,25747708.86
2025-10-30 10:00:00+00:00,2.556,2.566,2.548,2.551,24821624.39
2025-10-30 11:00:00+00:00,2.551,2.558,2.542,2.544,24182940.29
2025-10-30 12:00:00+00:00,2.544,2.551,2.491,2.501,66744200.73
2025-10-30 13:00:00+00:00,2.501,2.509,2.46,2.466,98179647.0
2025-10-30 14:00:00+00:00,2.466,2.486,2.462,2.473,46185558.63
2025-10-30 15:00:00+00:00,2.473,2.48,2.445,2.454,45104123.31
2025-10-30 16:00:00+00:00,2.454,2.471,2.446,2.463,38346855.36
2025-10-30 17:00:00+00:00,2.463,2.463,2.426,2.453,47939700.91
2025-10-30 18:00:00+00:00,2.453,2.453,2.417,2.423,33709892.67
2025-10-30 19:00:00+00:00,2.423,2.426,2.379,2.385,69046563.26
2025-10-30 20:00:00+00:00,2.385,2.431,2.377,2.426,60561660.82
2025-10-30 21:00:00+00:00,2.426,2.434,2.408,2.427,32684470.02
2025-10-30 22:00:00+00:00,2.427,2.437,2.424,2.437,34593305.36
2025-10-30 23:00:00+00:00,2.437,2.442,2.424,2.439,36550241.38
2025-10-31 00:00:00+00:00,2.439,2.462,2.434,2.459,40259145.73
2025-10-31 01:00:00+00:00,2.459,2.482,2.455,2.481,36966635.84
2025-10-31 02:00:00+00:00,2.481,2.481,2.453,2.461,26163971.96
2025-10-31 03:00:00+00:00,2.461,2.471,2.453,2.471,19111543.14
2025-10-31 04:00:00+00:00,2.471,2.493,2.469,2.492,32354233.08
2025-10-31 05:00:00+00:00,2.492,2.493,2.481,2.484,16879129.91
2025-10-31 06:00:00+00:00,2.484,2.487,2.478,2.481,26433728.33
2025-10-31 07:00:00+00:00,2.481,2.49,2.47,2.475,24428090.3
2025-10-31 08:00:00+00:00,2.475,2.49,2.467,2.489,21309907.55
2025-10-31 09:00:00+00:00,2.489,2.495,2.482,2.487,18919716.57
2025-10-31 10:00:00+00:00,2.487,2.507,2.486,2.499,21008821.66
2025-10-31 11:00:00+00:00,2.499,2.516,2.487,2.514,31889241.57
2025-10-31 12:00:00+00:00,2.514,2.53,2.503,2.505,50347017.23
2025-10-31 13:00:00+00:00,2.505,2.521,2.494,2.509,39032295.3
2025-10-31 14:00:00+00:00,2.509,2.513,2.493,2.508,36572926.17
2025-10-31 15:00:00+00:00,2.508,2.55,2.505,2.524,109430972.48
2025-10-31 16:00:00+00:00,2.524,2.537,2.493,2.496,46611034.15
2025-10-31 17:00:00+00:00,2.496,2.514,2.485,2.506,39937083.19
2025-10-31 18:00:00+00:00,2.506,2.526,2.505,2.522,32985237.6
2025-10-31 19:00:00+00:00,2.522,2.554,2.5,2.544,40982120.55
2025-10-31 20:00:00+00:00,2.544,2.544,2.51,2.512,24052512.55
2025-10-31 21:00:00+00:00,2.512,2.521,2.502,2.52,21890223.21
2025-10-31 22:00:00+00:00,2.52,2.522,2.504,2.507,12565383.1
2025-10-31 23:00:00+00:00,2.507,2.513,2.503,2.509,9369462.3
2025-11-01 00:00:00+00:00,2.509,2.51,2.493,2.5,16564313.36
2025-11-01 01:00:00+00:00,2.5,2.506,2.495,2.5,11347425.41
2025-11-01 02:00:00+00:00,2.5,2.507,2.489,2.505,14257057.23
2025-11-01 03:00:00+00:00,2.505,2.52,2.505,2.516,14018173.19
2025-11-01 04:00:00+00:00,2.516,2.523,2.51,2.517,11576095.57
2025-11-01 05:00:00+00:00,2.517,2.518,2.507,2.508,9266379.53
2025-11-01 06:00:00+00:00,2.508,2.51,2.498,2.504,9668214.9
2025-11-01 07:00:00+00:00,2.504,2.515,2.5,2.506,11425556.45
2025-11-01 08:00:00+00:00,2.506,2.513,2.501,2.512,13525460.55
2025-11-01 09:00:00+00:00,2.512,2.515,2.501,2.503,15584594.25
2025-11-01 10:00:00+00:00,2.503,2.512,2.502,2.508,11672013.66
2025-11-01 11:00:00+00:00,2.508,2.512,2.5,2.5,12816485.52
2025-11-01 12:00:00+00:00,2.5,2.506,2.492,2.493,17216271.9
2025-11-01 13:00:00+00:00,2.493,2.501,2.484,2.49,17061639.47
2025-11-01 14:00:00+00:00,2.49,2.492,2.476,2.484,20606261.01
2025-11-01 15:00:00+00:00,2.484,2.504,2.483,2.502,18061278.78
2025-11-01 16:00:00+00:00,2.502,2.514,2.499,2.509,15377524.54
2025-11-01 17:00:00+00:00,2.509,2.51,2.503,2.506,9960345.66
2025-11-01 18:00:00+00:00,2.506,2.508,2.496,2.506,12523494.99
2025-11-01 19:00:00+00:00,2.506,2.507,2.498,2.506,7488949.01
2025-11-01 20:00:00+00:00,2.506,2.513,2.506,2.509,7828750.36
2025-11-01 21:00:00+00:00,2.509,2.51,2.493,2.493,8745267.61
2025-11-01 22:00:00+00:00,2.493,2.503,2.491,2.503,8600491.74
2025-11-01 23:00:00+00:00,2.503,2.508,2.497,2.505,6546091.42
2025-11-02 00:00:00+00:00,2.505,2.506,2.499,2.502,8408803.92
2025-11-02 01:00:00+00:00,2.502,2.506,2.495,2.497,10915936.13
2025-11-02 02:00:00+00:00,2.497,2.513,2.495,2.511,14281778.22
2025-11-02 03:00:00+00:00,2.511,2.512,2.505,2.507,10112349.35
2025-11-02 04:00:00+00:00,2.507,2.527,2.506,2.524,17452595.51
2025-11-02 05:00:00+00:00,2.524,2.525,2.515,2.522,10813034.57
2025-11-02 06:00:00+00:00,2.522,2.526,2.519,2.523,11039981.18
2025-11-02 07:00:00+00:00,2.523,2.536,2.518,2.535,14460319.94
2025-11-02 08:00:00+00:00,2.535,2.539,2.526,2.528,14175215.13
2025-11-02 09:00:00+00:00,2.528,2.535,2.518,2.52,18088136.1
2025-11-02 10:00:00+00:00,2.52,2.529,2.51,2.516,19011834.42
2025-11-02 11:00:00+00:00,2.516,2.554,2.512,2.542,36071928.29
2025-11-02 12:00:00+00:00,2.542,2.552,2.536,2.537,20486004.63
2025-11-02 13:00:00+00:00,2.537,2.542,2.522,2.527,16041109.74
2025-11-02 14:00:00+00:00,2.527,2.534,2.503,2.516,19987660.88
2025-11-02 15:00:00+00:00,2.516,2.519,2.5,2.501,17736516.37
2025-11-02 16:00:00+00:00,2.501,2.505,2.484,2.505,26337126.74
2025-11-02 17:00:00+00:00,2.505,2.505,2.494,2.501,15090684.13
2025-11-02 18:00:00+00:00,2.501,2.501,2.49,2.495,12024386.75
2025-11-02 19:00:00+00:00,2.495,2.495,2.478,2.489,25324325.67
2025-11-02 20:00:00+00:00,2.489,2.498,2.484,2.497,16201432.56
2025-11-02 21:00:00+00:00,2.497,2.517,2.497,2.511,16090193.06
2025-11-02 22:00:00+00:00,2.511,2.511,2.489,2.499,15474751.51
2025-11-02 23:00:00+00:00,2.499,2.532,2.499,2.527,27111479.1
2025-11-03 00:00:00+00:00,2.527,2.532,2.501,2.502,20484362.82
2025-11-03 01:00:00+00:00,2.502,2.502,2.483,2.492,24736862.47
2025-11-03 02:00:00+00:00,2.492,2.495,2.457,2.462,49176859.02
2025-11-03 03:00:00+00:00,2.462,2.466,2.426,2.43,53211906.19
2025-11-03 04:00:00+00:00,2.43,2.448,2.416,2.446,39077356.25
2025-11-03 05:00:00+00:00,2.446,2.453,2.427,2.431,32659805.22
2025-11-03 06:00:00+00:00,2.431,2.433,2.389,2.408,67002004.58
2025-11-03 07:00:00+00:00,2.408,2.42,2.399,2.414,32828144.42
2025-11-03 08:00:00+00:00,2.414,2.422,2.397,2.41,41425025.01
2025-11-03 09:00:00+00:00,2.41,2.427,2.397,2.4,44046832.08
2025-11-03 10:00:00+00:00,2.4,2.408,2.384,2.387,46834260.76
2025-11-03 11:00:00+00:00,2.387,2.416,2.387,2.402,66020050.63
2025-11-03 12:00:00+00:00,2.402,2.413,2.401,2.402,39660076.93
2025-11-03 13:00:00+00:00,2.402,2.418,2.399,2.412,28571216.03
2025-11-03 14:00:00+00:00,2.412,2.427,2.412,2.427,30172411.03
2025-11-03 15:00:00+00:00,2.427,2.429,2.326,2.328,181299736.42
2025-11-03 16:00:00+00:00,2.328,2.38,2.32,2.374,74834424.44
2025-11-03 17:00:00+00:00,2.374,2.394,2.367,2.381,47353669.22
2025-11-03 18:00:00+00:00,2.381,2.385,2.347,2.348,30349866.62
2025-11-03 19:00:00+00:00,2.348,2.352,2.323,2.324,34793776.16
2025-11-03 20:00:00+00:00,2.324,2.329,2.264,2.286,79355551.58
2025-11-03 21:00:00+00:00,2.286,2.313,2.268,2.311,67321755.15
2025-11-03 22:00:00+00:00,2.311,2.312,2.27,2.301,40295423.84
2025-11-03 23:00:00+00:00,2.301,2.314,2.285,2.309,26353957.21
2025-11-04 00:00:00+00:00,2.309,2.345,2.3,2.337,54296653.9
2025-11-04 01:00:00+00:00,2.337,2.349,2.324,2.342,40556565.33
2025-11-04 02:00:00+00:00,2.342,2.352,2.334,2.339,26328456.8
2025-11-04 03:00:00+00:00,2.339,2.363,2.334,2.356,30586154.5
2025-11-04 04:00:00+00:00,2.356,2.365,2.337,2.338,33605161.18
2025-11-04 05:00:00+00:00,2.338,2.342,2.246,2.25,97587265.2
2025-11-04 06:00:00+00:00,2.25,2.308,2.25,2.274,72676367.5
2025-11-04 07:00:00+00:00,2.274,2.282,2.232,2.244,88379618.9
2025-11-04 08:00:00+00:00,2.244,2.279,2.23,2.263,68985133.43
2025-11-04 09:00:00+00:00,2.263,2.269,2.248,2.265,49148917.56
2025-11-04 10:00:00+00:00,2.265,2.276,2.258,2.266,43808523.51
2025-11-04 11:00:00+00:00,2.266,2.284,2.263,2.281,44915700.11
2025-11-04 12:00:00+00:00,2.281,2.29,2.261,2.265,31095014.67
2025-11-04 13:00:00+00:00,2.265,2.278,2.257,2.262,34130297.75
2025-11-04 14:00:00+00:00,2.262,2.313,2.243,2.304,76934543.51
2025-11-04 15:00:00+00:00,2.304,2.327,2.276,2.283,62571798.01
2025-11-04 16:00:00+00:00,2.283,2.296,2.232,2.24,69085662.45
2025-11-04 17:00:00+00:00,2.24,2.259,2.197,2.231,108468314.92
2025-11-04 18:00:00+00:00,2.231,2.231,2.156,2.211,124467202.37
2025-11-04 19:00:00+00:00,2.211,2.225,2.167,2.17,60731579.82
2025-11-04 20:00:00+00:00,2.17,2.19,2.106,2.159,171346107.71
2025-11-04 21:00:00+00:00,2.159,2.17,2.07,2.156,171684430.81
2025-11-04 22:00:00+00:00,2.156,2.223,2.145,2.218,105799856.88
2025-11-04 23:00:00+00:00,2.218,2.229,2.205,2.205,44084017.57
2025-11-05 00:00:00+00:00,2.205,2.212,2.162,2.175,64336469.52
2025-11-05 01:00:00+00:00,2.175,2.18,2.102,2.171,85432038.5
2025-11-05 02:00:00+00:00,2.171,2.228,2.171,2.226,89713713.12
2025-11-05 03:00:00+00:00,2.226,2.253,2.216,2.237,59557539.61
2025-11-05 04:00:00+00:00,2.237,2.256,2.226,2.245,41486616.79
2025-11-05 05:00:00+00:00,2.245,2.26,2.237,2.242,40520533.46
2025-11-05 06:00:00+00:00,2.242,2.253,2.23,2.251,28993728.89
2025-11-05 07:00:00+00:00,2.251,2.253,2.232,2.246,29945167.03
2025-11-05 08:00:00+00:00,2.246,2.246,2.205,2.222,40194668.44
2025-11-05 09:00:00+00:00,2.222,2.24,2.218,2.238,31974226.17
2025-11-05 10:00:00+00:00,2.238,2.24,2.208,2.211,27016533.47
2025-11-05 11:00:00+00:00,2.211,2.243,2.211,2.237,24922293.95
2025-11-05 12:00:00+00:00,2.237,2.253,2.231,2.249,28743456.03
2025-11-05 13:00:00+00:00,2.249,2.288,2.241,2.263,55719386.71
2025-11-05 14:00:00+00:00,2.263,2.285,2.241,2.261,78500010.69
2025-11-05 15:00:00+00:00,2.261,2.277,2.251,2.277,45485134.65
2025-11-05 16:00:00+00:00,2.277,2.29,2.254,2.286,48440131.56
2025-11-05 17:00:00+00:00,2.286,2.289,2.267,2.286,42083108.46
2025-11-05 18:00:00+00:00,2.286,2.309,2.278,2.305,52632584.65
2025-11-05 19:00:00+00:00,2.305,2.326,2.293,2.322,65904059.86
2025-11-05 20:00:00+00:00,2.322,2.376,2.318,2.359,104925787.01
2025-11-05 21:00:00+00:00,2.359,2.37,2.338,2.34,55731188.85
2025-11-05 22:00:00+00:00,2.34,2.361,2.331,2.353,26675400.07
2025-11-05 23:00:00+00:00,2.353,2.359,2.342,2.343,35157277.98
2025-11-06 00:00:00+00:00,2.343,2.354,2.335,2.346,30478575.25
2025-11-06 01:00:00+00:00,2.346,2.346,2.31,2.34,47802262.25
2025-11-06 02:00:00+00:00,2.34,2.414,2.323,2.386,83963965.04
2025-11-06 03:00:00+00:00,2.386,2.39,2.354,2.359,52410352.35
2025-11-06 04:00:00+00:00,2.359,2.364,2.346,2.363,28496807.56
2025-11-06 05:00:00+00:00,2.363,2.363,2.327,2.33,26054057.39
2025-11-06 06:00:00+00:00,2.33,2.338,2.319,2.319,30709270.55
2025-11-06 07:00:00+00:00,2.319,2.332,2.313,2.327,27131895.09
2025-11-06 08:00:00+00:00,2.327,2.333,2.315,2.322,20622441.48
2025-11-06 09:00:00+00:00,2.322,2.326,2.301,2.306,40410790.94
2025-11-06 10:00:00+00:00,2.306,2.317,2.297,2.306,29571104.9
2025-11-06 11:00:00+00:00,2.306,2.308,2.288,2.3,39482773.02
2025-11-06 12:00:00+00:00,2.3,2.303,2.277,2.28,40287578.92
2025-11-06 13:00:00+00:00,2.28,2.31,2.278,2.303,40271855.57
2025-11-06 14:00:00+00:00,2.303,2.307,2.257,2.259,39656542.96
2025-11-06 15:00:00+00:00,2.259,2.271,2.228,2.234,68991033.29
2025-11-06 16:00:00+00:00,2.234,2.249,2.21,2.228,47130382.24
2025-11-06 17:00:00+00:00,2.228,2.247,2.215,2.24,79155382.88
2025-11-06 18:00:00+00:00,2.24,2.245,2.211,2.231,54602794.36
2025-11-06 19:00:00+00:00,2.231,2.232,2.203,2.212,33268629.6
2025-11-06 20:00:00+00:00,2.212,2.225,2.18,2.194,55445633.01
2025-11-06 21:00:00+00:00,2.194,2.219,2.18,2.216,54644860.52
2025-11-06 22:00:00+00:00,2.216,2.224,2.207,2.219,31164634.81
2025-11-06 23:00:00+00:00,2.219,2.219,2.199,2.213,25360562.65
2025-11-07 00:00:00+00:00,2.213,2.228,2.204,2.22,34406496.49
2025-11-07 01:00:00+00:00,2.22,2.225,2.193,2.219,37223314.39
2025-11-07 02:00:00+00:00,2.219,2.223,2.203,2.222,29284869.61
2025-11-07 03:00:00+00:00,2.222,2.237,2.22,2.229,31126287.6
2025-11-07 04:00:00+00:00,2.229,2.23,2.212,2.222,22078047.68
2025-11-07 05:00:00+00:00,2.222,2.238,2.22,2.236,20216584.91
2025-11-07 06:00:00+00:00,2.236,2.24,2.222,2.222,20514521.62
2025-11-07 07:00:00+00:00,2.222,2.234,2.217,2.233,20283394.75
2025-11-07 08:00:00+00:00,2.233,2.235,2.218,2.219,17204224.17
2025-11-07 09:00:00+00:00,2.219,2.22,2.192,2.201,26442129.51
2025-11-07 10:00:00+00:00,2.201,2.211,2.178,2.185,26678435.9
2025-11-07 11:00:00+00:00,2.185,2.194,2.164,2.188,49545283.82
2025-11-07 12:00:00+00:00,2.188,2.197,2.154,2.169,48922014.91
2025-11-07 13:00:00+00:00,2.169,2.198,2.159,2.187,40702134.12
2025-11-07 14:00:00+00:00,2.187,2.215,2.158,2.205,54254097.21
2025-11-07 15:00:00+00:00,2.205,2.22,2.189,2.213,60259541.32
2025-11-07 16:00:00+00:00,2.213,2.277,2.202,2.264,85948245.0
2025-11-07 17:00:00+00:00,2.264,2.339,2.251,2.31,111300165.32
2025-11-07 18:00:00+00:00,2.31,2.349,2.301,2.337,61882746.55
2025-11-07 19:00:00+00:00,2.337,2.355,2.324,2.353,36930369.49
2025-11-07 20:00:00+00:00,2.353,2.372,2.334,2.364,46442056.18
2025-11-07 21:00:00+00:00,2.364,2.365,2.334,2.343,44079624.91
2025-11-07 22:00:00+00:00,2.343,2.349,2.327,2.33,31431452.0
2025-11-07 23:00:00+00:00,2.33,2.331,2.312,2.316,45982517.27
2025-11-08 00:00:00+00:00,2.316,2.327,2.3,2.3,47107327.01
2025-11-08 01:00:00+00:00,2.3,2.32,2.299,2.31,29011334.27
2025-11-08 02:00:00+00:00,2.31,2.333,2.304,2.317,25251262.56
2025-11-08 03:00:00+00:00,2.317,2.336,2.312,2.319,35976664.69
2025-11-08 04:00:00+00:00,2.319,2.336,2.319,2.327,25497070.44
2025-11-08 05:00:00+00:00,2.327,2.334,2.31,2.315,21195699.23
2025-11-08 06:00:00+00:00,2.315,2.324,2.295,2.323,33540603.52
2025-11-08 07:00:00+00:00,2.323,2.329,2.3,2.322,23988927.46
2025-11-08 08:00:00+00:00,2.322,2.334,2.314,2.322,16089420.48
2025-11-08 09:00:00+00:00,2.322,2.327,2.308,2.312,15878195.4
2025-11-08 10:00:00+00:00,2.312,2.32,2.308,2.313,11147509.76
2025-11-08 11:00:00+00:00,2.313,2.318,2.291,2.296,21415813.12
2025-11-08 12:00:00+00:00,2.296,2.302,2.288,2.294,18972170.81
2025-11-08 13:00:00+00:00,2.294,2.295,2.276,2.279,23879014.75
2025-11-08 14:00:00+00:00,2.279,2.285,2.263,2.276,31438823.19
2025-11-08 15:00:00+00:00,2.276,2.278,2.243,2.256,27808002.88
2025-11-08 16:00:00+00:00,2.256,2.273,2.251,2.265,22740220.93
2025-11-08 17:00:00+00:00,2.265,2.271,2.254,2.271,18665181.66
2025-11-08 18:00:00+00:00,2.271,2.279,2.262,2.278,15136626.39
2025-11-08 19:00:00+00:00,2.278,2.278,2.254,2.273,12479254.07
2025-11-08 20:00:00+00:00,2.273,2.281,2.272,2.278,9787049.75
2025-11-08 21:00:00+00:00,2.278,2.289,2.275,2.286,19794844.24
2025-11-08 22:00:00+00:00,2.286,2.289,2.279,2.287,12568806.61
2025-11-08 23:00:00+00:00,2.287,2.287,2.281,2.286,11007621.57
2025-11-09 00:00:00+00:00,2.286,2.287,2.271,2.274,15985409.09
2025-11-09 01:00:00+00:00,2.274,2.286,2.27,2.285,11132959.18
2025-11-09 02:00:00+00:00,2.285,2.285,2.255,2.259,20787863.73
2025-11-09 03:00:00+00:00,2.259,2.265,2.24,2.254,31361033.54
2025-11-09 04:00:00+00:00,2.254,2.265,2.254,2.261,14886475.69
2025-11-09 05:00:00+00:00,2.261,2.274,2.253,2.271,17521911.44
2025-11-09 06:00:00+00:00,2.271,2.287,2.268,2.28,13146867.68
2025-11-09 07:00:00+00:00,2.28,2.298,2.279,2.296,16553091.56
2025-11-09 08:00:00+00:00,2.296,2.296,2.275,2.28,13707093.7
2025-11-09 09:00:00+00:00,2.28,2.291,2.269,2.269,13955262.61
2025-11-09 10:00:00+00:00,2.269,2.269,2.253,2.267,17838080.92
2025-11-09 11:00:00+00:00,2.267,2.278,2.266,2.275,17854408.12
2025-11-09 12:00:00+00:00,2.275,2.283,2.27,2.275,15158499.9
2025-11-09 13:00:00+00:00,2.275,2.287,2.271,2.278,23212477.21
2025-11-09 14:00:00+00:00,2.278,2.327,2.267,2.291,66709107.22
2025-11-09 15:00:00+00:00,2.291,2.333,2.289,2.315,44000879.09
2025-11-09 16:00:00+00:00,2.315,2.332,2.301,2.326,29013369.45
2025-11-09 17:00:00+00:00,2.326,2.327,2.304,2.309,22220078.03
2025-11-09 18:00:00+00:00,2.309,2.33,2.302,2.328,14731253.34
2025-11-09 19:00:00+00:00,2.328,2.349,2.323,2.349,27027830.28
2025-11-09 20:00:00+00:00,2.349,2.354,2.337,2.34,23695395.55
2025-11-09 21:00:00+00:00,2.34,2.344,2.332,2.338,16449485.9
2025-11-09 22:00:00+00:00,2.338,2.354,2.324,2.354,23305019.56
2025-11-09 23:00:00+00:00,2.354,2.394,2.354,2.366,57265028.04
2025-11-10 00:00:00+00:00,2.366,2.428,2.347,2.416,60181678.01
2025-11-10 01:00:00+00:00,2.416,2.428,2.395,2.399,44794797.79
2025-11-10 02:00:00+00:00,2.399,2.424,2.387,2.424,33009897.77
2025-11-10 03:00:00+00:00,2.424,2.477,2.424,2.462,78637686.35
2025-11-10 04:00:00+00:00,2.462,2.473,2.452,2.465,46383423.76
2025-11-10 05:00:00+00:00,2.465,2.471,2.44,2.453,35325494.37
2025-11-10 06:00:00+00:00,2.453,2.474,2.442,2.472,31544480.75
2025-11-10 07:00:00+00:00,2.472,2.493,2.469,2.481,38211384.31
2025-11-10 08:00:00+00:00,2.481,2.498,2.47,2.496,36701600.87
2025-11-10 09:00:00+00:00,2.496,2.545,2.484,2.538,71189206.99
2025-11-10 10:00:00+00:00,2.538,2.552,2.524,2.54,63436512.84
2025-11-10 11:00:00+00:00,2.54,2.573,2.538,2.541,64727602.78
2025-11-10 12:00:00+00:00,2.541,2.544,2.523,2.53,51037058.11
2025-11-10 13:00:00+00:00,2.53,2.57,2.53,2.557,47931999.3
2025-11-10 14:00:00+00:00,2.557,2.561,2.499,2.509,87917352.5
2025-11-10 15:00:00+00:00,2.509,2.535,2.5,2.53,59948864.93
2025-11-10 16:00:00+00:00,2.53,2.557,2.513,2.529,55759506.04
2025-11-10 17:00:00+00:00,2.529,2.564,2.524,2.551,35842476.06
2025-11-10 18:00:00+00:00,2.551,2.554,2.534,2.539,27088914.39
2025-11-10 19:00:00+00:00,2.539,2.562,2.538,2.549,24857373.36
2025-11-10 20:00:00+00:00,2.549,2.581,2.543,2.563,53655656.66
2025-11-10 21:00:00+00:00,2.563,2.565,2.512,2.518,47217320.37
2025-11-10 22:00:00+00:00,2.518,2.534,2.513,2.532,21644147.15
2025-11-10 23:00:00+00:00,2.532,2.54,2.523,2.526,28679786.68
2025-11-11 00:00:00+00:00,2.526,2.546,2.514,2.541,43328108.4
2025-11-11 01:00:00+00:00,2.541,2.57,2.521,2.524,43482349.97
2025-11-11 02:00:00+00:00,2.524,2.559,2.516,2.538,47217938.77
2025-11-11 03:00:00+00:00,2.538,2.548,2.53,2.53,26492337.49
2025-11-11 04:00:00+00:00,2.53,2.532,2.494,2.5,43070427.43
2025-11-11 05:00:00+00:00,2.5,2.502,2.473,2.476,48461776.88
2025-11-11 06:00:00+00:00,2.476,2.478,2.457,2.473,54272772.62
2025-11-11 07:00:00+00:00,2.473,2.48,2.446,2.448,38140725.13
2025-11-11 08:00:00+00:00,2.448,2.46,2.44,2.455,30613953.18
2025-11-11 09:00:00+00:00,2.455,2.467,2.453,2.457,25461797.3
2025-11-11 10:00:00+00:00,2.457,2.468,2.456,2.463,21412545.57
2025-11-11 11:00:00+00:00,2.463,2.47,2.456,2.461,27582104.82
2025-11-11 12:00:00+00:00,2.461,2.467,2.449,2.457,27273761.55
2025-11-11 13:00:00+00:00,2.457,2.471,2.441,2.445,33772302.33
2025-11-11 14:00:00+00:00,2.445,2.466,2.433,2.463,43077987.57
2025-11-11 15:00:00+00:00,2.463,2.463,2.427,2.437,36901586.33
2025-11-11 16:00:00+00:00,2.437,2.442,2.426,2.432,23369176.2
2025-11-11 17:00:00+00:00,2.432,2.441,2.411,2.431,29892719.3
2025-11-11 18:00:00+00:00,2.431,2.44,2.423,2.425,18754978.69
2025-11-11 19:00:00+00:00,2.425,2.432,2.411,2.416,23269689.66
2025-11-11 20:00:00+00:00,2.416,2.422,2.399,2.408,36409215.88
2025-11-11 21:00:00+00:00,2.408,2.417,2.387,2.387,31714552.31
2025-11-11 22:00:00+00:00,2.387,2.413,2.379,2.403,26935149.42
2025-11-11 23:00:00+00:00,2.403,2.404,2.388,2.391,28655920.45
2025-11-12 00:00:00+00:00,2.391,2.407,2.382,2.384,25558162.19
2025-11-12 01:00:00+00:00,2.384,2.414,2.381,2.405,32215833.35
2025-11-12 02:00:00+00:00,2.405,2.406,2.383,2.394,26966764.63
2025-11-12 03:00:00+00:00,2.394,2.403,2.39,2.399,19220634.83
2025-11-12 04:00:00+00:00,2.399,2.4,2.389,2.395,15780927.09
2025-11-12 05:00:00+00:00,2.395,2.408,2.391,2.4,21147453.69
2025-11-12 06:00:00+00:00,2.4,2.404,2.389,2.389,25738893.82
2025-11-12 07:00:00+00:00,2.389,2.393,2.366,2.373,37021107.77
2025-11-12 08:00:00+00:00,2.373,2.416,2.372,2.406,36681320.32
2025-11-12 09:00:00+00:00,2.406,2.427,2.402,2.42,43528745.57
2025-11-12 10:00:00+00:00,2.42,2.431,2.417,2.423,31512496.87
2025-11-12 11:00:00+00:00,2.423,2.439,2.423,2.438,37952498.75
2025-11-12 12:00:00+00:00,2.438,2.447,2.432,2.443,34844797.61
2025-11-12 13:00:00+00:00,2.443,2.449,2.429,2.446,29383301.5
2025-11-12 14:00:00+00:00,2.446,2.449,2.399,2.413,49934514.9
2025-11-12 15:00:00+00:00,2.413,2.424,2.364,2.368,57027755.44
2025-11-12 16:00:00+00:00,2.368,2.373,2.328,2.338,71493557.16
2025-11-12 17:00:00+00:00,2.338,2.357,2.327,2.349,36162449.55
2025-11-12 18:00:00+00:00,2.349,2.356,2.342,2.344,28908374.61
2025-11-12 19:00:00+00:00,2.344,2.352,2.317,2.338,39424286.75
2025-11-12 20:00:00+00:00,2.338,2.356,2.333,2.354,35329979.2
2025-11-12 21:00:00+00:00,2.354,2.394,2.354,2.393,34728306.57
2025-11-12 22:00:00+00:00,2.393,2.394,2.364,2.379,23121234.0
2025-11-12 23:00:00+00:00,2.379,2.391,2.368,2.388,26643757.97
2025-11-13 00:00:00+00:00,2.388,2.406,2.383,2.392,27545028.07
2025-11-13 01:00:00+00:00,2.392,2.417,2.392,2.404,35445001.2
2025-11-13 02:00:00+00:00,2.404,2.426,2.404,2.422,25953374.48
2025-11-13 03:00:00+00:00,2.422,2.512,2.391,2.484,94267295.23
2025-11-13 04:00:00+00:00,2.484,2.489,2.452,2.473,70275751.4
2025-11-13 05:00:00+00:00,2.473,2.5,2.457,2.495,43961739.51
2025-11-13 06:00:00+00:00,2.495,2.52,2.491,2.502,53714303.13
2025-11-13 07:00:00+00:00,2.502,2.52,2.483,2.488,54551039.96
2025-11-13 08:00:00+00:00,2.488,2.513,2.485,2.501,30651120.67
2025-11-13 09:00:00+00:00,2.501,2.511,2.473,2.499,50769986.29
2025-11-13 10:00:00+00:00,2.499,2.526,2.495,2.501,48184577.89
2025-11-13 11:00:00+00:00,2.501,2.514,2.487,2.495,35474266.4
2025-11-13 12:00:00+00:00,2.495,2.5,2.472,2.482,39252966.55
2025-11-13 13:00:00+00:00,2.482,2.488,2.448,2.459,53548491.86
2025-11-13 14:00:00+00:00,2.459,2.517,2.45,2.503,98915013.95
2025-11-13 15:00:00+00:00,2.503,2.503,2.421,2.435,94143669.24
2025-11-13 16:00:00+00:00,2.435,2.444,2.396,2.401,61183565.86
2025-11-13 17:00:00+00:00,2.401,2.409,2.353,2.356,72614581.86
2025-11-13 18:00:00+00:00,2.356,2.375,2.328,2.341,84108781.89
2025-11-13 19:00:00+00:00,2.341,2.354,2.312,2.315,88442549.95
2025-11-13 20:00:00+00:00,2.315,2.322,2.277,2.299,87842072.88
2025-11-13 21:00:00+00:00,2.299,2.307,2.28,2.292,56599141.3
2025-11-13 22:00:00+00:00,2.292,2.331,2.283,2.328,65509598.16
2025-11-13 23:00:00+00:00,2.328,2.346,2.308,2.322,56921840.79
2025-11-14 00:00:00+00:00,2.322,2.332,2.291,2.297,48287824.97
2025-11-14 01:00:00+00:00,2.297,2.316,2.29,2.307,41726213.35
2025-11-14 02:00:00+00:00,2.307,2.338,2.307,2.328,36873881.54
2025-11-14 03:00:00+00:00,2.328,2.33,2.303,2.315,30392214.75
2025-11-14 04:00:00+00:00,2.315,2.315,2.247,2.29,96938359.13
2025-11-14 05:00:00+00:00,2.29,2.319,2.282,2.313,47857357.66
2025-11-14 06:00:00+00:00,2.313,2.32,2.268,2.319,44956306.4
2025-11-14 07:00:00+00:00,2.319,2.327,2.297,2.307,40408487.35
2025-11-14 08:00:00+00:00,2.307,2.31,2.283,2.296,27912738.5
2025-11-14 09:00:00+00:00,2.296,2.309,2.275,2.278,30275013.62
2025-11-14 10:00:00+00:00,2.278,2.3,2.277,2.286,29593302.81
2025-11-14 11:00:00+00:00,2.286,2.29,2.256,2.269,47215993.01
2025-11-14 12:00:00+00:00,2.269,2.296,2.227,2.286,142374414.07
2025-11-14 13:00:00+00:00,2.286,2.3,2.254,2.271,69825334.72
2025-11-14 14:00:00+00:00,2.271,2.314,2.246,2.303,73476668.98
2025-11-14 15:00:00+00:00,2.303,2.327,2.283,2.313,63776231.07
2025-11-14 16:00:00+00:00,2.313,2.341,2.292,2.332,68164144.71
2025-11-14 17:00:00+00:00,2.332,2.339,2.299,2.311,40354992.82
2025-11-14 18:00:00+00:00,2.311,2.328,2.284,2.292,35004669.98
2025-11-14 19:00:00+00:00,2.292,2.319,2.276,2.312,32837118.78
2025-11-14 20:00:00+00:00,2.312,2.316,2.252,2.262,44526151.96
2025-11-14 21:00:00+00:00,2.262,2.289,2.257,2.278,27636140.17
2025-11-14 22:00:00+00:00,2.278,2.286,2.254,2.262,22458901.28
2025-11-14 23:00:00+00:00,2.262,2.266,2.226,2.244,43419724.93
2025-11-15 00:00:00+00:00,2.244,2.271,2.243,2.269,24270728.9
2025-11-15 01:00:00+00:00,2.269,2.285,2.256,2.28,22768770.95
2025-11-15 02:00:00+00:00,2.28,2.301,2.271,2.301,22201311.92
2025-11-15 03:00:00+00:00,2.301,2.303,2.292,2.295,21788106.43
2025-11-15 04:00:00+00:00,2.295,2.296,2.277,2.283,22603877.88
2025-11-15 05:00:00+00:00,2.283,2.287,2.274,2.277,22562658.33
2025-11-15 06:00:00+00:00,2.277,2.293,2.274,2.28,21837403.53
2025-11-15 07:00:00+00:00,2.28,2.289,2.275,2.286,21971784.72
2025-11-15 08:00:00+00:00,2.286,2.286,2.243,2.251,34757029.59
2025-11-15 09:00:00+00:00,2.251,2.267,2.246,2.258,23628883.63
2025-11-15 10:00:00+00:00,2.258,2.267,2.25,2.265,15031009.09
2025-11-15 11:00:00+00:00,2.265,2.268,2.253,2.258,14276536.46
2025-11-15 12:00:00+00:00,2.258,2.265,2.246,2.262,21320674.03
2025-11-15 13:00:00+00:00,2.262,2.279,2.257,2.27,25975086.95
2025-11-15 14:00:00+00:00,2.27,2.274,2.256,2.261,18169193.38
2025-11-15 15:00:00+00:00,2.261,2.261,2.25,2.255,16271923.58
2025-11-15 16:00:00+00:00,2.255,2.256,2.229,2.249,30921603.1
2025-11-15 17:00:00+00:00,2.249,2.27,2.244,2.262,24414592.54
2025-11-15 18:00:00+00:00,2.262,2.267,2.253,2.259,18373658.31
2025-11-15 19:00:00+00:00,2.259,2.266,2.253,2.256,13855611.24
2025-11-15 20:00:00+00:00,2.256,2.261,2.237,2.241,16811679.95
2025-11-15 21:00:00+00:00,2.241,2.254,2.212,2.227,39099115.67
2025-11-15 22:00:00+00:00,2.227,2.244,2.223,2.239,16944980.54
2025-11-15 23:00:00+00:00,2.239,2.243,2.229,2.237,13604396.04
2025-11-16 00:00:00+00:00,2.237,2.238,2.204,2.218,36896204.58
2025-11-16 01:00:00+00:00,2.218,2.223,2.19,2.211,31580425.49
2025-11-16 02:00:00+00:00,2.211,2.252,2.207,2.245,31632478.0
2025-11-16 03:00:00+00:00,2.245,2.256,2.239,2.25,20200907.65
2025-11-16 04:00:00+00:00,2.25,2.254,2.239,2.248,17236184.27
2025-11-16 05:00:00+00:00,2.248,2.264,2.246,2.259,15777633.93
2025-11-16 06:00:00+00:00,2.259,2.27,2.254,2.261,14100899.56
2025-11-16 07:00:00+00:00,2.261,2.269,2.258,2.267,21220344.59
2025-11-16 08:00:00+00:00,2.267,2.272,2.253,2.265,17239591.85
2025-11-16 09:00:00+00:00,2.265,2.278,2.257,2.277,22094730.85
2025-11-16 10:00:00+00:00,2.277,2.28,2.269,2.271,17366834.01
2025-11-16 11:00:00+00:00,2.271,2.273,2.231,2.235,26392865.02
2025-11-16 12:00:00+00:00,2.235,2.246,2.226,2.236,24869807.04
2025-11-16 13:00:00+00:00,2.236,2.238,2.205,2.217,38047714.87
2025-11-16 14:00:00+00:00,2.217,2.231,2.21,2.224,24660590.52
2025-11-16 15:00:00+00:00,2.224,2.224,2.184,2.187,50563290.34
2025-11-16 16:00:00+00:00,2.187,2.2,2.163,2.171,53989764.94
2025-11-16 17:00:00+00:00,2.171,2.182,2.156,2.176,38868890.88
2025-11-16 18:00:00+00:00,2.176,2.23,2.175,2.189,59664642.73
2025-11-16 19:00:00+00:00,2.189,2.226,2.188,2.216,27942680.94
2025-11-16 20:00:00+00:00,2.216,2.23,2.206,2.206,20516855.86
2025-11-16 21:00:00+00:00,2.206,2.207,2.183,2.197,26300952.89
2025-11-16 22:00:00+00:00,2.197,2.228,2.173,2.208,34061479.99
2025-11-16 23:00:00+00:00,2.208,2.229,2.166,2.215,46246667.91
2025-11-17 00:00:00+00:00,2.215,2.249,2.198,2.242,42038081.79
2025-11-17 01:00:00+00:00,2.242,2.247,2.228,2.228,25724522.98
2025-11-17 02:00:00+00:00,2.228,2.246,2.224,2.24,27040067.87
2025-11-17 03:00:00+00:00,2.24,2.264,2.239,2.257,33280645.87
2025-11-17 04:00:00+00:00,2.257,2.267,2.25,2.252,28608420.75
2025-11-17 05:00:00+00:00,2.252,2.256,2.24,2.254,23610823.58
2025-11-17 06:00:00+00:00,2.254,2.265,2.25,2.261,22781647.19
2025-11-17 07:00:00+00:00,2.261,2.269,2.26,2.264,20566750.81
2025-11-17 08:00:00+00:00,2.264,2.274,2.263,2.267,25457741.34
2025-11-17 09:00:00+00:00,2.267,2.283,2.259,2.274,25532462.0
2025-11-17 10:00:00+00:00,2.274,2.279,2.266,2.273,19732305.93
2025-11-17 11:00:00+00:00,2.273,2.278,2.267,2.272,21286819.12
2025-11-17 12:00:00+00:00,2.272,2.272,2.256,2.261,28638127.12
2025-11-17 13:00:00+00:00,2.261,2.266,2.196,2.212,74566778.78
2025-11-17 14:00:00+00:00,2.212,2.299,2.196,2.255,145735577.45
2025-11-17 15:00:00+00:00,2.255,2.268,2.205,2.209,74873306.9
2025-11-17 16:00:00+00:00,2.209,2.222,2.171,2.22,76257020.43
2025-11-17 17:00:00+00:00,2.22,2.221,2.159,2.164,57671666.95
2025-11-17 18:00:00+00:00,2.164,2.174,2.141,2.149,88521223.82
2025-11-17 19:00:00+00:00,2.149,2.155,2.121,2.127,71944668.08
2025-11-17 20:00:00+00:00,2.127,2.153,2.115,2.151,58239479.38
2025-11-17 21:00:00+00:00,2.151,2.158,2.135,2.153,53197290.61
2025-11-17 22:00:00+00:00,2.153,2.173,2.145,2.165,37516968.81
2025-11-17 23:00:00+00:00,2.165,2.173,2.15,2.163,23070076.47
2025-11-18 00:00:00+00:00,2.163,2.169,2.121,2.152,38883983.28
2025-11-18 01:00:00+00:00,2.152,2.165,2.141,2.144,40306722.47
2025-11-18 02:00:00+00:00,2.144,2.167,2.115,2.126,60287424.01
2025-11-18 03:00:00+00:00,2.126,2.177,2.107,2.165,93513134.41
2025-11-18 04:00:00+00:00,2.165,2.171,2.137,2.167,64370360.06
2025-11-18 05:00:00+00:00,2.167,2.178,2.149,2.158,34322245.02
2025-11-18 06:00:00+00:00,2.158,2.167,2.136,2.142,33545378.49
2025-11-18 07:00:00+00:00,2.142,2.167,2.126,2.161,39595066.63
2025-11-18 08:00:00+00:00,2.161,2.198,2.161,2.188,43249967.9
2025-11-18 09:00:00+00:00,2.188,2.192,2.167,2.182,29422182.78
2025-11-18 10:00:00+00:00,2.182,2.194,2.182,2.194,24365404.14
2025-11-18 11:00:00+00:00,2.194,2.202,2.177,2.184,47969372.09
2025-11-18 12:00:00+00:00,2.184,2.195,2.171,2.187,31608110.42
2025-11-18 13:00:00+00:00,2.187,2.187,2.151,2.17,40829766.13
2025-11-18 14:00:00+00:00,2.17,2.201,2.163,2.172,66074622.54
2025-11-18 15:00:00+00:00,2.172,2.229,2.158,2.214,104342609.03
2025-11-18 16:00:00+00:00,2.214,2.239,2.201,2.225,62970094.93
2025-11-18 17:00:00+00:00,2.225,2.229,2.209,2.22,30410334.35
2025-11-18 18:00:00+00:00,2.22,2.237,2.218,2.23,22931401.55
2025-11-18 19:00:00+00:00,2.23,2.24,2.223,2.228,20810941.53
2025-11-18 20:00:00+00:00,2.228,2.241,2.224,2.227,31628032.79
2025-11-18 21:00:00+00:00,2.227,2.229,2.203,2.205,26051293.41
2025-11-18 22:00:00+00:00,2.205,2.234,2.205,2.227,26670120.47
2025-11-18 23:00:00+00:00,2.227,2.227,2.211,2.217,16698363.69
2025-11-19 00:00:00+00:00,2.217,2.218,2.193,2.207,26939264.43
2025-11-19 01:00:00+00:00,2.207,2.217,2.197,2.207,20342615.14
2025-11-19 02:00:00+00:00,2.207,2.22,2.201,2.21,22151812.04
2025-11-19 03:00:00+00:00,2.21,2.212,2.182,2.185,31081920.77
2025-11-19 04:00:00+00:00,2.185,2.188,2.168,2.168,27111610.87
2025-11-19 05:00:00+00:00,2.168,2.172,2.127,2.14,58443648.42
2025-11-19 06:00:00+00:00,2.14,2.152,2.133,2.151,44233599.73
2025-11-19 07:00:00+00:00,2.151,2.171,2.147,2.168,34417949.89
2025-11-19 08:00:00+00:00,2.168,2.17,2.149,2.154,28958308.34
2025-11-19 09:00:00+00:00,2.154,2.154,2.13,2.141,39973049.99
2025-11-19 10:00:00+00:00,2.141,2.151,2.132,2.134,25189024.73
2025-11-19 11:00:00+00:00,2.134,2.145,2.13,2.131,23731836.1
2025-11-19 12:00:00+00:00,2.131,2.143,2.125,2.142,34581092.64
2025-11-19 13:00:00+00:00,2.142,2.142,2.118,2.123,32535821.89
2025-11-19 14:00:00+00:00,2.123,2.127,2.099,2.124,69430432.77
2025-11-19 15:00:00+00:00,2.124,2.149,2.082,2.086,81017176.31
2025-11-19 16:00:00+00:00,2.086,2.102,2.073,2.08,73662591.7
2025-11-19 17:00:00+00:00,2.08,2.089,2.043,2.057,74977031.9
2025-11-19 18:00:00+00:00,2.057,2.069,2.035,2.048,57479537.52
2025-11-19 19:00:00+00:00,2.048,2.05,2.03,2.037,58893505.12
2025-11-19 20:00:00+00:00,2.037,2.055,2.026,2.051,78986457.42
2025-11-19 21:00:00+00:00,2.051,2.096,2.045,2.092,92284976.89
2025-11-19 22:00:00+00:00,2.092,2.097,2.071,2.093,34942153.88
2025-11-19 23:00:00+00:00,2.093,2.116,2.092,2.11,37197577.04
2025-11-20 00:00:00+00:00,2.11,2.125,2.097,2.111,37207556.72
2025-11-20 01:00:00+00:00,2.111,2.134,2.109,2.127,36092669.49
2025-11-20 02:00:00+00:00,2.127,2.139,2.123,2.131,28877565.04
2025-11-20 03:00:00+00:00,2.131,2.14,2.129,2.134,24914455.9
2025-11-20 04:00:00+00:00,2.134,2.147,2.119,2.146,33724308.23
2025-11-20 05:00:00+00:00,2.146,2.15,2.136,2.142,29018945.69
2025-11-20 06:00:00+00:00,2.142,2.148,2.119,2.13,41342881.25
2025-11-20 07:00:00+00:00,2.13,2.142,2.124,2.14,30375401.99
2025-11-20 08:00:00+00:00,2.14,2.141,2.127,2.13,20224516.96
2025-11-20 09:00:00+00:00,2.13,2.13,2.111,2.119,34972330.27
2025-11-20 10:00:00+00:00,2.119,2.127,2.113,2.121,24206816.11
2025-11-20 11:00:00+00:00,2.121,2.122,2.108,2.116,28263892.04
2025-11-20 12:00:00+00:00,2.116,2.131,2.11,2.127,26766027.74
2025-11-20 13:00:00+00:00,2.127,2.142,2.115,2.122,60644316.98
2025-11-20 14:00:00+00:00,2.122,2.138,2.093,2.123,84499715.14
2025-11-20 15:00:00+00:00,2.123,2.125,2.083,2.086,53871457.48
2025-11-20 16:00:00+00:00,2.086,2.087,2.001,2.01,184372287.06
2025-11-20 17:00:00+00:00,2.01,2.015,1.982,2.004,113008247.91
2025-11-20 18:00:00+00:00,2.004,2.014,1.984,1.988,92584735.57
2025-11-20 19:00:00+00:00,1.988,2.01,1.975,2.008,92120991.59
2025-11-20 20:00:00+00:00,2.008,2.021,1.987,2.004,83974129.85
2025-11-20 21:00:00+00:00,2.004,2.035,2.004,2.021,42764648.91
2025-11-20 22:00:00+00:00,2.021,2.053,2.02,2.042,30995769.36
2025-11-20 23:00:00+00:00,2.042,2.045,1.997,2.0,39212261.61
2025-11-21 00:00:00+00:00,2.0,2.023,1.999,2.016,28005188.65
2025-11-21 01:00:00+00:00,2.016,2.03,2.006,2.017,30780370.19
2025-11-21 02:00:00+00:00,2.017,2.017,1.962,1.962,64068494.3
2025-11-21 03:00:00+00:00,1.962,2.001,1.962,1.98,59091776.28
2025-11-21 04:00:00+00:00,1.98,1.99,1.957,1.985,65188054.97
2025-11-21 05:00:00+00:00,1.985,1.996,1.975,1.981,35461216.46
2025-11-21 06:00:00+00:00,1.981,1.985,1.954,1.968,39436819.97
2025-11-21 07:00:00+00:00,1.968,1.976,1.887,1.919,143187045.92
2025-11-21 08:00:00+00:00,1.919,1.957,1.915,1.932,60124521.81
2025-11-21 09:00:00+00:00,1.932,1.959,1.901,1.903,97789972.79
2025-11-21 10:00:00+00:00,1.903,1.913,1.887,1.898,62575895.95
2025-11-21 11:00:00+00:00,1.898,1.916,1.874,1.876,56196734.19
2025-11-21 12:00:00+00:00,1.876,1.923,1.822,1.909,164921944.15
2025-11-21 13:00:00+00:00,1.909,1.943,1.903,1.931,82002082.57
2025-11-21 14:00:00+00:00,1.931,1.965,1.916,1.951,79355249.44
2025-11-21 15:00:00+00:00,1.951,1.956,1.904,1.911,66178853.55
2025-11-21 16:00:00+00:00,1.911,1.958,1.886,1.957,63969384.69
2025-11-21 17:00:00+00:00,1.957,1.998,1.95,1.976,51516023.38
2025-11-21 18:00:00+00:00,1.976,1.985,1.931,1.965,62121078.39
2025-11-21 19:00:00+00:00,1.965,1.973,1.941,1.948,31246424.96
2025-11-21 20:00:00+00:00,1.948,1.954,1.922,1.943,50988915.44
2025-11-21 21:00:00+00:00,1.943,1.966,1.924,1.955,47941370.96
2025-11-21 22:00:00+00:00,1.955,1.962,1.908,1.909,27082159.92
2025-11-21 23:00:00+00:00,1.909,1.954,1.9,1.951,30257059.07
2025-11-22 00:00:00+00:00,1.951,1.957,1.931,1.944,27254874.67
2025-11-22 01:00:00+00:00,1.944,1.961,1.939,1.961,20329464.7
2025-11-22 02:00:00+00:00,1.961,1.964,1.938,1.95,19168764.55
2025-11-22 03:00:00+00:00,1.95,1.959,1.944,1.949,16466272.27
2025-11-22 04:00:00+00:00,1.949,1.951,1.915,1.936,21689560.39
2025-11-22 05:00:00+00:00,1.936,1.94,1.914,1.931,19006163.07
2025-11-22 06:00:00+00:00,1.931,1.957,1.922,1.955,21672992.72
2025-11-22 07:00:00+00:00,1.955,1.957,1.943,1.953,14690561.28
2025-11-22 08:00:00+00:00,1.953,1.953,1.908,1.915,30535692.45
2025-11-22 09:00:00+00:00,1.915,1.926,1.903,1.914,26857363.24
2025-11-22 10:00:00+00:00,1.914,1.922,1.899,1.902,24138233.69
2025-11-22 11:00:00+00:00,1.902,1.926,1.895,1.917,22736424.96
2025-11-22 12:00:00+00:00,1.917,1.918,1.894,1.904,20644179.67
2025-11-22 13:00:00+00:00,1.904,1.912,1.889,1.897,23962047.18
2025-11-22 14:00:00+00:00,1.897,1.93,1.896,1.929,27196893.33
2025-11-22 15:00:00+00:00,1.929,1.939,1.921,1.929,21011072.36
2025-11-22 16:00:00+00:00,1.929,1.951,1.928,1.944,23960172.9
2025-11-22 17:00:00+00:00,1.944,1.945,1.927,1.93,18011618.33
2025-11-22 18:00:00+00:00,1.93,1.933,1.922,1.932,11359570.9
2025-11-22 19:00:00+00:00,1.932,1.94,1.925,1.928,8133752.71
2025-11-22 20:00:00+00:00,1.928,1.936,1.92,1.928,10147443.85
2025-11-22 21:00:00+00:00,1.928,1.937,1.925,1.936,8478967.48
2025-11-22 22:00:00+00:00,1.936,1.967,1.929,1.958,18752128.03
2025-11-22 23:00:00+00:00,1.958,1.961,1.945,1.951,14058256.36
2025-11-23 00:00:00+00:00,1.951,1.963,1.95,1.96,15271639.66
2025-11-23 01:00:00+00:00,1.96,2.005,1.958,2.0,41206556.96
2025-11-23 02:00:00+00:00,2.0,2.05,1.996,2.032,60516281.13
2025-11-23 03:00:00+00:00,2.032,2.046,2.023,2.031,25963854.39
2025-11-23 04:00:00+00:00,2.031,2.076,2.03,2.065,51506012.21
2025-11-23 05:00:00+00:00,2.065,2.066,2.039,2.057,36300717.47
2025-11-23 06:00:00+00:00,2.057,2.06,2.036,2.037,24348925.77
2025-11-23 07:00:00+00:00,2.037,2.04,2.017,2.027,33556048.56
2025-11-23 08:00:00+00:00,2.027,2.039,2.026,2.038,15984743.04
2025-11-23 09:00:00+00:00,2.038,2.052,2.036,2.047,19495580.43
2025-11-23 10:00:00+00:00,2.047,2.048,2.032,2.035,16129336.66
2025-11-23 11:00:00+00:00,2.035,2.035,2.023,2.031,15808846.58
2025-11-23 12:00:00+00:00,2.031,2.05,2.03,2.042,25069762.2
2025-11-23 13:00:00+00:00,2.042,2.05,2.033,2.049,19108138.55
2025-11-23 14:00:00+00:00,2.049,2.063,2.038,2.04,34226629.35
2025-11-23 15:00:00+00:00,2.04,2.066,2.037,2.063,34156575.57
2025-11-23 16:00:00+00:00,2.063,2.08,2.052,2.054,31336126.9
2025-11-23 17:00:00+00:00,2.054,2.057,2.041,2.046,22240074.79
2025-11-23 18:00:00+00:00,2.046,2.074,2.045,2.062,24465399.67
2025-11-23 19:00:00+00:00,2.062,2.079,2.058,2.075,19722328.04
2025-11-23 20:00:00+00:00,2.075,2.084,2.066,2.068,20820407.57
2025-11-23 21:00:00+00:00,2.068,2.082,2.055,2.079,17864835.77
2025-11-23 22:00:00+00:00,2.079,2.083,2.06,2.075,21411610.31
2025-11-23 23:00:00+00:00,2.075,2.077,2.043,2.049,31964724.86
2025-11-24 00:00:00+00:00,2.049,2.067,2.024,2.047,43816922.79
2025-11-24 01:00:00+00:00,2.047,2.064,2.031,2.058,26806051.96
2025-11-24 02:00:00+00:00,2.058,2.107,2.057,2.092,57388721.5
2025-11-24 03:00:00+00:00,2.092,2.098,2.077,2.086,24759308.66
2025-11-24 04:00:00+00:00,2.086,2.088,2.045,2.058,28031542.63
2025-11-24 05:00:00+00:00,2.058,2.103,2.056,2.091,43238509.34
2025-11-24 06:00:00+00:00,2.091,2.092,2.064,2.072,27745119.55
2025-11-24 07:00:00+00:00,2.072,2.076,2.059,2.064,22630638.87
2025-11-24 08:00:00+00:00,2.064,2.077,2.055,2.074,21577192.51
2025-11-24 09:00:00+00:00,2.074,2.078,2.039,2.044,41864517.32
2025-11-24 10:00:00+00:00,2.044,2.066,2.043,2.06,21475535.45
2025-11-24 11:00:00+00:00,2.06,2.064,2.051,2.059,19508130.55
2025-11-24 12:00:00+00:00,2.059,2.069,2.049,2.065,24466403.28
2025-11-24 13:00:00+00:00,2.065,2.101,2.063,2.084,58047284.96
2025-11-24 14:00:00+00:00,2.084,2.103,2.05,2.074,65408535.23
2025-11-24 15:00:00+00:00,2.074,2.097,2.068,2.091,41749617.72
2025-11-24 16:00:00+00:00,2.091,2.121,2.088,2.118,49557576.54
2025-11-24 17:00:00+00:00,2.118,2.21,2.118,2.206,111058221.12
2025-11-24 18:00:00+00:00,2.206,2.229,2.186,2.219,74368808.3
2025-11-24 19:00:00+00:00,2.219,2.239,2.214,2.235,48814908.15
2025-11-24 20:00:00+00:00,2.235,2.286,2.231,2.244,97897590.6
2025-11-24 21:00:00+00:00,2.244,2.258,2.233,2.242,53760762.06
2025-11-24 22:00:00+00:00,2.242,2.258,2.234,2.241,32320015.7
2025-11-24 23:00:00+00:00,2.241,2.248,2.221,2.228,36860404.66
2025-11-25 00:00:00+00:00,2.228,2.265,2.226,2.26,43809913.36
2025-11-25 01:00:00+00:00,2.26,2.263,2.246,2.249,25783586.0
2025-11-25 02:00:00+00:00,2.249,2.255,2.233,2.251,24783188.57
2025-11-25 03:00:00+00:00,2.251,2.259,2.236,2.244,22867592.5
2025-11-25 04:00:00+00:00,2.244,2.251,2.235,2.247,25084744.41
2025-11-25 05:00:00+00:00,2.247,2.258,2.24,2.252,19615991.61
2025-11-25 06:00:00+00:00,2.252,2.253,2.233,2.238,18985906.84
2025-11-25 07:00:00+00:00,2.238,2.243,2.216,2.216,23146546.01
2025-11-25 08:00:00+00:00,2.216,2.221,2.187,2.19,52000231.72
2025-11-25 09:00:00+00:00,2.19,2.207,2.186,2.2,32439221.93
2025-11-25 10:00:00+00:00,2.2,2.21,2.19,2.209,24074034.92
2025-11-25 11:00:00+00:00,2.209,2.21,2.194,2.196,18467767.35
2025-11-25 12:00:00+00:00,2.196,2.22,2.195,2.219,28120942.41
2025-11-25 13:00:00+00:00,2.219,2.235,2.207,2.214,43303452.84
2025-11-25 14:00:00+00:00,2.214,2.218,2.17,2.179,55515347.71
2025-11-25 15:00:00+00:00,2.179,2.197,2.159,2.188,58027575.88
2025-11-25 16:00:00+00:00,2.188,2.21,2.178,2.193,33681995.81
2025-11-25 17:00:00+00:00,2.193,2.208,2.181,2.19,35462664.51
2025-11-25 18:00:00+00:00,2.19,2.204,2.181,2.183,21832526.49
2025-11-25 19:00:00+00:00,2.183,2.186,2.148,2.172,39081543.91
2025-11-25 20:00:00+00:00,2.172,2.215,2.166,2.198,46408514.99
2025-11-25 21:00:00+00:00,2.198,2.209,2.186,2.187,29767604.52
2025-11-25 22:00:00+00:00,2.187,2.21,2.17,2.209,28473260.26
2025-11-25 23:00:00+00:00,2.209,2.217,2.198,2.202,21567205.52
2025-11-26 00:00:00+00:00,2.202,2.209,2.192,2.195,17653222.35
2025-11-26 01:00:00+00:00,2.195,2.214,2.188,2.203,16997366.22
2025-11-26 02:00:00+00:00,2.203,2.209,2.191,2.191,16349544.48
2025-11-26 03:00:00+00:00,2.191,2.195,2.174,2.177,19589843.68
2025-11-26 04:00:00+00:00,2.177,2.18,2.171,2.177,15272399.2
2025-11-26 05:00:00+00:00,2.177,2.199,2.176,2.193,15137542.2
2025-11-26 06:00:00+00:00,2.193,2.204,2.185,2.199,14066103.51
2025-11-26 07:00:00+00:00,2.199,2.206,2.195,2.205,16602786.53
2025-11-26 08:00:00+00:00,2.205,2.206,2.189,2.189,19441836.71
2025-11-26 09:00:00+00:00,2.189,2.191,2.173,2.179,30476380.93
2025-11-26 10:00:00+00:00,2.179,2.186,2.17,2.174,23800436.13
2025-11-26 11:00:00+00:00,2.174,2.176,2.17,2.172,20159805.1
2025-11-26 12:00:00+00:00,2.172,2.176,2.147,2.152,36589487.44
2025-11-26 13:00:00+00:00,2.152,2.168,2.145,2.165,29730442.51
2025-11-26 14:00:00+00:00,2.165,2.18,2.149,2.152,33485933.17
2025-11-26 15:00:00+00:00,2.152,2.177,2.151,2.172,42299306.71
2025-11-26 16:00:00+00:00,2.172,2.2,2.171,2.19,38757415.89
2025-11-26 17:00:00+00:00,2.19,2.24,2.19,2.234,55302165.01
2025-11-26 18:00:00+00:00,2.234,2.254,2.225,2.242,48689092.14
2025-11-26 19:00:00+00:00,2.242,2.243,2.225,2.232,26051748.61
2025-11-26 20:00:00+00:00,2.232,2.233,2.212,2.227,26152078.44
2025-11-26 21:00:00+00:00,2.227,2.235,2.218,2.226,20913457.59
2025-11-26 22:00:00+00:00,2.226,2.234,2.22,2.224,15086630.84
2025-11-26 23:00:00+00:00,2.224,2.232,2.22,2.223,11998779.89
2025-11-27 00:00:00+00:00,2.223,2.233,2.213,2.221,17539241.66
2025-11-27 01:00:00+00:00,2.221,2.23,2.216,2.227,17802749.74
2025-11-27 02:00:00+00:00,2.227,2.234,2.219,2.22,34731149.9
2025-11-27 03:00:00+00:00,2.22,2.224,2.207,2.21,22424393.06
2025-11-27 04:00:00+00:00,2.21,2.221,2.209,2.214,17684926.96
2025-11-27 05:00:00+00:00,2.214,2.219,2.196,2.2,28979846.33
2025-11-27 06:00:00+00:00,2.2,2.215,2.2,2.21,17430404.07
2025-11-27 07:00:00+00:00,2.21,2.214,2.203,2.205,12868605.04
2025-11-27 08:00:00+00:00,2.205,2.205,2.19,2.2,16170317.25
2025-11-27 09:00:00+00:00,2.2,2.209,2.197,2.198,20824459.42
2025-11-27 10:00:00+00:00,2.198,2.198,2.185,2.189,21239057.36
2025-11-27 11:00:00+00:00,2.189,2.193,2.186,2.19,15918365.44
2025-11-27 12:00:00+00:00,2.19,2.192,2.173,2.175,21342740.63
2025-11-27 13:00:00+00:00,2.175,2.184,2.173,2.181,20019246.68
2025-11-27 14:00:00+00:00,2.181,2.188,2.177,2.183,19168550.7
2025-11-27 15:00:00+00:00,2.183,2.203,2.181,2.203,21373578.51
2025-11-27 16:00:00+00:00,2.203,2.219,2.199,2.217,25658619.94
2025-11-27 17:00:00+00:00,2.217,2.217,2.202,2.208,15585798.99
2025-11-27 18:00:00+00:00,2.208,2.231,2.206,2.229,21074618.84
2025-11-27 19:00:00+00:00,2.229,2.231,2.216,2.224,14720880.01
2025-11-27 20:00:00+00:00,2.224,2.233,2.223,2.227,14976062.12
2025-11-27 21:00:00+00:00,2.227,2.229,2.213,2.213,14936913.61
2025-11-27 22:00:00+00:00,2.213,2.22,2.198,2.205,18157682.17
2025-11-27 23:00:00+00:00,2.205,2.21,2.196,2.2,15612302.66
2025-11-28 00:00:00+00:00,2.2,2.204,2.191,2.192,18322299.96
2025-11-28 01:00:00+00:00,2.192,2.193,2.168,2.172,34422473.74
2025-11-28 02:00:00+00:00,2.172,2.187,2.168,2.185,22103500.56
2025-11-28 03:00:00+00:00,2.185,2.189,2.18,2.186,15672832.38
2025-11-28 04:00:00+00:00,2.186,2.194,2.181,2.191,14668912.98
2025-11-28 05:00:00+00:00,2.191,2.222,2.188,2.214,25087976.54
2025-11-28 06:00:00+00:00,2.214,2.219,2.196,2.201,23484052.83
2025-11-28 07:00:00+00:00,2.201,2.211,2.195,2.197,17733171.69
2025-11-28 08:00:00+00:00,2.197,2.244,2.197,2.243,40575100.08
2025-11-28 09:00:00+00:00,2.243,2.249,2.226,2.233,50770294.89
2025-11-28 10:00:00+00:00,2.233,2.233,2.219,2.225,16060487.99
2025-11-28 11:00:00+00:00,2.225,2.225,2.186,2.197,35724176.63
2025-11-28 12:00:00+00:00,2.197,2.202,2.193,2.196,21528415.51
2025-11-28 13:00:00+00:00,2.196,2.23,2.189,2.222,41039334.0
2025-11-28 14:00:00+00:00,2.222,2.232,2.201,2.215,51765742.46
2025-11-28 15:00:00+00:00,2.215,2.275,2.214,2.245,93631297.72
2025-11-28 16:00:00+00:00,2.245,2.251,2.19,2.191,54537340.21
2025-11-28 17:00:00+00:00,2.191,2.196,2.167,2.174,55641841.02
2025-11-28 18:00:00+00:00,2.174,2.179,2.156,2.172,43886011.86
2025-11-28 19:00:00+00:00,2.172,2.195,2.172,2.188,26966211.79
2025-11-28 20:00:00+00:00,2.188,2.192,2.173,2.188,22637054.25
2025-11-28 21:00:00+00:00,2.188,2.192,2.176,2.183,23196015.32
2025-11-28 22:00:00+00:00,2.183,2.19,2.175,2.187,22122868.33
2025-11-28 23:00:00+00:00,2.187,2.191,2.178,2.179,10110808.04
2025-11-29 00:00:00+00:00,2.179,2.187,2.174,2.181,11302486.13
2025-11-29 01:00:00+00:00,2.181,2.187,2.175,2.178,11694218.52
2025-11-29 02:00:00+00:00,2.178,2.184,2.173,2.181,9938320.64
2025-11-29 03:00:00+00:00,2.181,2.188,2.179,2.186,12133533.86
2025-11-29 04:00:00+00:00,2.186,2.19,2.18,2.189,15331631.07
2025-11-29 05:00:00+00:00,2.189,2.19,2.179,2.181,13299060.37
2025-11-29 06:00:00+00:00,2.181,2.188,2.168,2.184,26092445.36
2025-11-29 07:00:00+00:00,2.184,2.186,2.175,2.18,11614226.16
2025-11-29 08:00:00+00:00,2.18,2.184,2.174,2.181,9630885.85
2025-11-29 09:00:00+00:00,2.181,2.185,2.177,2.184,8071581.2
2025-11-29 10:00:00+00:00,2.184,2.188,2.179,2.186,10022706.35
2025-11-29 11:00:00+00:00,2.186,2.214,2.184,2.211,28507734.75
2025-11-29 12:00:00+00:00,2.211,2.223,2.204,2.214,24772812.31
2025-11-29 13:00:00+00:00,2.214,2.215,2.198,2.2,24002585.38
2025-11-29 14:00:00+00:00,2.2,2.211,2.192,2.203,17583687.94
2025-11-29 15:00:00+00:00,2.203,2.221,2.202,2.219,27101006.71
2025-11-29 16:00:00+00:00,2.219,2.221,2.206,2.217,23474281.08
2025-11-29 17:00:00+00:00,2.217,2.219,2.198,2.198,23557294.25
2025-11-29 18:00:00+00:00,2.198,2.204,2.19,2.201,23024303.27
2025-11-29 19:00:00+00:00,2.201,2.212,2.192,2.194,13211062.28
2025-11-29 20:00:00+00:00,2.194,2.21,2.188,2.209,13392328.21
2025-11-29 21:00:00+00:00,2.209,2.214,2.204,2.207,14244558.47
2025-11-29 22:00:00+00:00,2.207,2.209,2.198,2.202,9591757.53
2025-11-29 23:00:00+00:00,2.202,2.206,2.197,2.201,7400344.4
2025-11-30 00:00:00+00:00,2.201,2.205,2.198,2.2,8177381.1
2025-11-30 01:00:00+00:00,2.2,2.21,2.199,2.206,7234963.96
2025-11-30 02:00:00+00:00,2.206,2.213,2.196,2.198,8315064.21
2025-11-30 03:00:00+00:00,2.198,2.211,2.189,2.206,15734778.28
2025-11-30 04:00:00+00:00,2.206,2.209,2.198,2.199,9311826.97
2025-11-30 05:00:00+00:00,2.199,2.199,2.192,2.196,8377840.19
2025-11-30 06:00:00+00:00,2.196,2.2,2.191,2.195,7981433.66
2025-11-30 07:00:00+00:00,2.195,2.201,2.192,2.199,6667453.08
2025-11-30 08:00:00+00:00,2.199,2.21,2.191,2.192,14278138.8
2025-11-30 09:00:00+00:00,2.192,2.197,2.189,2.197,16203443.24
2025-11-30 10:00:00+00:00,2.197,2.197,2.188,2.19,14899864.65
2025-11-30 11:00:00+00:00,2.19,2.193,2.183,2.188,16669060.72
2025-11-30 12:00:00+00:00,2.188,2.202,2.185,2.197,12478215.62
2025-11-30 13:00:00+00:00,2.197,2.208,2.194,2.205,20500108.04
2025-11-30 14:00:00+00:00,2.205,2.206,2.19,2.194,14225478.19
2025-11-30 15:00:00+00:00,2.194,2.198,2.186,2.197,17479971.95
2025-11-30 16:00:00+00:00,2.197,2.215,2.196,2.21,16531645.23
2025-11-30 17:00:00+00:00,2.21,2.21,2.197,2.201,12894879.56
2025-11-30 18:00:00+00:00,2.201,2.206,2.195,2.203,8908522.49
2025-11-30 19:00:00+00:00,2.203,2.207,2.197,2.199,8193009.47
2025-11-30 20:00:00+00:00,2.199,2.203,2.189,2.196,10031186.22
2025-11-30 21:00:00+00:00,2.196,2.196,2.18,2.187,19350177.42
2025-11-30 22:00:00+00:00,2.187,2.197,2.186,2.193,10440601.19
2025-11-30 23:00:00+00:00,2.193,2.193,2.153,2.155,50889896.36
2025-12-01 00:00:00+00:00,2.155,2.161,2.058,2.058,152965778.36
2025-12-01 01:00:00+00:00,2.058,2.093,2.057,2.079,40033100.99
2025-12-01 02:00:00+00:00,2.079,2.088,2.057,2.064,34938352.99
2025-12-01 03:00:00+00:00,2.064,2.065,2.042,2.05,39176885.19
2025-12-01 04:00:00+00:00,2.05,2.054,2.029,2.03,38457028.28
2025-12-01 05:00:00+00:00,2.03,2.037,2.017,2.028,32451440.63
2025-12-01 06:00:00+00:00,2.028,2.05,2.028,2.047,30670005.83
2025-12-01 07:00:00+00:00,2.047,2.059,2.033,2.057,28743978.33
2025-12-01 08:00:00+00:00,2.057,2.06,2.048,2.057,23524368.87
2025-12-01 09:00:00+00:00,2.057,2.06,2.044,2.046,20273869.99
2025-12-01 10:00:00+00:00,2.046,2.049,2.038,2.042,15456284.51
2025-12-01 11:00:00+00:00,2.042,2.046,2.032,2.034,18576300.39
2025-12-01 12:00:00+00:00,2.034,2.036,2.003,2.028,41846554.87
2025-12-01 13:00:00+00:00,2.028,2.037,2.01,2.02,29290341.01
2025-12-01 14:00:00+00:00,2.02,2.049,2.015,2.032,33231425.28
2025-12-01 15:00:00+00:00,2.032,2.035,1.984,2.007,60412506.76
2025-12-01 16:00:00+00:00,2.007,2.01,1.987,1.99,36440315.7
2025-12-01 17:00:00+00:00,1.99,2.004,1.988,1.995,25425216.13
2025-12-01 18:00:00+00:00,1.995,2.012,1.994,2.005,19485412.96
2025-12-01 19:00:00+00:00,2.005,2.005,1.987,1.995,16845377.45
2025-12-01 20:00:00+00:00,1.995,2.027,1.994,2.012,29594339.66
2025-12-01 21:00:00+00:00,2.012,2.043,2.011,2.026,60086440.29
2025-12-01 22:00:00+00:00,2.026,2.042,2.018,2.033,46970104.93
2025-12-01 23:00:00+00:00,2.033,2.043,2.03,2.03,18633698.15
2025-12-02 00:00:00+00:00,2.03,2.031,2.013,2.021,21425084.98
2025-12-02 01:00:00+00:00,2.021,2.043,2.016,2.018,19802543.01
2025-12-02 02:00:00+00:00,2.018,2.032,2.01,2.022,18960506.2
2025-12-02 03:00:00+00:00,2.022,2.026,2.003,2.021,21971208.91
2025-12-02 04:00:00+00:00,2.021,2.028,2.015,2.016,24842123.34
2025-12-02 05:00:00+00:00,2.016,2.02,2.01,2.016,10649402.72
2025-12-02 06:00:00+00:00,2.016,2.026,2.01,2.024,15384798.82
2025-12-02 07:00:00+00:00,2.024,2.024,2.011,2.017,9659532.34
2025-12-02 08:00:00+00:00,2.017,2.018,1.995,2.002,23031877.73
2025-12-02 09:00:00+00:00,2.002,2.02,2.002,2.012,12217904.2
2025-12-02 10:00:00+00:00,2.012,2.038,2.012,2.028,16969935.87
2025-12-02 11:00:00+00:00,2.028,2.041,2.026,2.037,16779098.44
2025-12-02 12:00:00+00:00,2.037,2.042,2.027,2.04,21319286.24
2025-12-02 13:00:00+00:00,2.04,2.048,2.034,2.044,25073892.8
2025-12-02 14:00:00+00:00,2.044,2.093,2.041,2.093,57055409.77
2025-12-02 15:00:00+00:00,2.093,2.165,2.092,2.156,97530536.75
2025-12-02 16:00:00+00:00,2.156,2.162,2.135,2.147,51560884.62
2025-12-02 17:00:00+00:00,2.147,2.177,2.145,2.17,39378607.58
2025-12-02 18:00:00+00:00,2.17,2.18,2.166,2.175,34359086.99
2025-12-02 19:00:00+00:00,2.175,2.183,2.169,2.174,24641471.52
2025-12-02 20:00:00+00:00,2.174,2.178,2.148,2.163,51521123.09
2025-12-02 21:00:00+00:00,2.163,2.176,2.163,2.167,30236976.33
2025-12-02 22:00:00+00:00,2.167,2.173,2.164,2.169,20333346.25
2025-12-02 23:00:00+00:00,2.169,2.172,2.152,2.153,24212261.56
2025-12-03 00:00:00+00:00,2.153,2.158,2.142,2.153,32577653.88
2025-12-03 01:00:00+00:00,2.153,2.167,2.148,2.161,25112431.15
2025-12-03 02:00:00+00:00,2.161,2.19,2.16,2.183,41265621.86
2025-12-03 03:00:00+00:00,2.183,2.191,2.174,2.176,18070458.05
2025-12-03 04:00:00+00:00,2.176,2.2,2.173,2.199,28682608.75
2025-12-03 05:00:00+00:00,2.199,2.219,2.199,2.203,35397677.48
2025-12-03 06:00:00+00:00,2.203,2.214,2.191,2.194,42620243.69
2025-12-03 07:00:00+00:00,2.194,2.206,2.19,2.191,33591790.77
2025-12-03 08:00:00+00:00,2.191,2.195,2.186,2.188,19213053.3
2025-12-03 09:00:00+00:00,2.188,2.189,2.179,2.183,20456608.71
2025-12-03 10:00:00+00:00,2.183,2.19,2.172,2.174,16853136.96
2025-12-03 11:00:00+00:00,2.174,2.178,2.167,2.176,19601820.26
2025-12-03 12:00:00+00:00,2.176,2.18,2.171,2.178,17258430.7
2025-12-03 13:00:00+00:00,2.178,2.183,2.173,2.177,15886899.31
2025-12-03 14:00:00+00:00,2.177,2.199,2.144,2.168,65697773.32
2025-12-03 15:00:00+00:00,2.168,2.183,2.157,2.169,29660065.9
2025-12-03 16:00:00+00:00,2.169,2.181,2.16,2.169,23625293.7
2025-12-03 17:00:00+00:00,2.169,2.187,2.167,2.184,20428079.63
2025-12-03 18:00:00+00:00,2.184,2.193,2.169,2.173,18885790.77
2025-12-03 19:00:00+00:00,2.173,2.187,2.172,2.186,15645825.07
2025-12-03 20:00:00+00:00,2.186,2.202,2.183,2.198,22738055.59
2025-12-03 21:00:00+00:00,2.198,2.21,2.196,2.208,34836517.56
2025-12-03 22:00:00+00:00,2.208,2.213,2.195,2.203,33463157.99
2025-12-03 23:00:00+00:00,2.203,2.213,2.196,2.198,19570479.07
2025-12-04 00:00:00+00:00,2.198,2.206,2.187,2.195,22488358.27
2025-12-04 01:00:00+00:00,2.195,2.214,2.193,2.193,18896849.72
2025-12-04 02:00:00+00:00,2.193,2.208,2.192,2.202,13680110.42
2025-12-04 03:00:00+00:00,2.202,2.206,2.193,2.195,15541024.33
2025-12-04 04:00:00+00:00,2.195,2.2,2.184,2.187,15496221.09
2025-12-04 05:00:00+00:00,2.187,2.188,2.172,2.177,20255904.75
2025-12-04 06:00:00+00:00,2.177,2.185,2.175,2.181,18854327.69
2025-12-04 07:00:00+00:00,2.181,2.181,2.166,2.172,20773037.32
2025-12-04 08:00:00+00:00,2.172,2.179,2.161,2.163,16022516.08
2025-12-04 09:00:00+00:00,2.163,2.175,2.163,2.171,14076701.19
2025-12-04 10:00:00+00:00,2.171,2.173,2.156,2.158,15532229.07
2025-12-04 11:00:00+00:00,2.158,2.159,2.143,2.151,27201225.26
2025-12-04 12:00:00+00:00,2.151,2.155,2.139,2.146,24341934.28
2025-12-04 13:00:00+00:00,2.146,2.151,2.126,2.126,37727416.83
2025-12-04 14:00:00+00:00,2.126,2.139,2.115,2.12,33116841.87
2025-12-04 15:00:00+00:00,2.12,2.157,2.12,2.153,33565212.3
2025-12-04 16:00:00+00:00,2.153,2.158,2.133,2.138,30522566.15
2025-12-04 17:00:00+00:00,2.138,2.139,2.117,2.128,21893413.48
2025-12-04 18:00:00+00:00,2.128,2.129,2.099,2.104,36592113.91
2025-12-04 19:00:00+00:00,2.104,2.105,2.07,2.098,44779242.38
2025-12-04 20:00:00+00:00,2.098,2.109,2.087,2.106,27455289.12
2025-12-04 21:00:00+00:00,2.106,2.111,2.089,2.091,23073639.0
2025-12-04 22:00:00+00:00,2.091,2.105,2.091,2.098,18742357.75
2025-12-04 23:00:00+00:00,2.098,2.1,2.092,2.096,12173553.5
2025-12-05 00:00:00+00:00,2.096,2.113,2.095,2.105,14196608.84
2025-12-05 01:00:00+00:00,2.105,2.112,2.103,2.106,15539997.96
2025-12-05 02:00:00+00:00,2.106,2.112,2.102,2.104,12748012.14
2025-12-05 03:00:00+00:00,2.104,2.107,2.088,2.091,17194058.83
2025-12-05 04:00:00+00:00,2.091,2.098,2.079,2.085,22030150.0
2025-12-05 05:00:00+00:00,2.085,2.088,2.076,2.082,16096291.88
2025-12-05 06:00:00+00:00,2.082,2.09,2.082,2.09,11765469.71
2025-12-05 07:00:00+00:00,2.09,2.098,2.087,2.093,14108796.03
2025-12-05 08:00:00+00:00,2.093,2.094,2.076,2.079,16034986.4
2025-12-05 09:00:00+00:00,2.079,2.079,2.054,2.058,28346204.14
2025-12-05 10:00:00+00:00,2.058,2.069,2.055,2.062,18712977.82
2025-12-05 11:00:00+00:00,2.062,2.071,2.055,2.069,26622675.12
2025-12-05 12:00:00+00:00,2.069,2.074,2.065,2.068,16521543.31
2025-12-05 13:00:00+00:00,2.068,2.076,2.058,2.066,27415690.99
2025-12-05 14:00:00+00:00,2.066,2.073,2.057,2.066,22881078.48
2025-12-05 15:00:00+00:00,2.066,2.1,2.066,2.076,53626235.43
2025-12-05 16:00:00+00:00,2.076,2.077,2.02,2.034,62229261.86
2025-12-05 17:00:00+00:00,2.034,2.045,2.018,2.036,38330122.3
2025-12-05 18:00:00+00:00,2.036,2.048,2.016,2.019,27937705.27
2025-12-05 19:00:00+00:00,2.019,2.043,2.013,2.037,26763605.6
2025-12-05 20:00:00+00:00,2.037,2.037,2.023,2.024,17091986.79
2025-12-05 21:00:00+00:00,2.024,2.033,2.02,2.028,16779446.23
2025-12-05 22:00:00+00:00,2.028,2.036,2.02,2.032,12110642.77
2025-12-05 23:00:00+00:00,2.032,2.038,2.023,2.035,7800435.01
2025-12-06 00:00:00+00:00,2.035,2.035,2.018,2.033,16050951.09
2025-12-06 01:00:00+00:00,2.033,2.039,2.027,2.03,10038645.59
2025-12-06 02:00:00+00:00,2.03,2.033,2.025,2.033,7202228.94
2025-12-06 03:00:00+00:00,2.033,2.042,2.032,2.039,7827107.21
2025-12-06 04:00:00+00:00,2.039,2.041,2.035,2.041,8192611.78
2025-12-06 05:00:00+00:00,2.041,2.045,2.036,2.044,9347663.44
2025-12-06 06:00:00+00:00,2.044,2.05,2.035,2.036,12665732.83
2025-12-06 07:00:00+00:00,2.036,2.039,2.028,2.03,13393971.97
2025-12-06 08:00:00+00:00,2.03,2.031,2.016,2.017,15107873.39
2025-12-06 09:00:00+00:00,2.017,2.029,2.017,2.026,15023598.3
2025-12-06 10:00:00+00:00,2.026,2.03,2.022,2.025,8543149.55
2025-12-06 11:00:00+00:00,2.025,2.033,2.023,2.032,14079872.3
2025-12-06 12:00:00+00:00,2.032,2.034,2.026,2.03,13443458.94
2025-12-06 13:00:00+00:00,2.03,2.039,2.03,2.031,15980778.75
2025-12-06 14:00:00+00:00,2.031,2.047,2.029,2.039,25696790.2
2025-12-06 15:00:00+00:00,2.039,2.04,2.022,2.03,18598032.98
2025-12-06 16:00:00+00:00,2.03,2.039,2.028,2.035,13304024.22
2025-12-06 17:00:00+00:00,2.035,2.038,2.029,2.033,13556642.57
2025-12-06 18:00:00+00:00,2.033,2.038,2.029,2.031,11246594.25
2025-12-06 19:00:00+00:00,2.031,2.034,2.021,2.025,18198216.74
2025-12-06 20:00:00+00:00,2.025,2.032,2.023,2.031,9236322.36
2025-12-06 21:00:00+00:00,2.031,2.037,2.029,2.034,13583897.62
2025-12-06 22:00:00+00:00,2.034,2.036,2.027,2.028,8764067.17
2025-12-06 23:00:00+00:00,2.028,2.035,2.024,2.031,12554978.2
2025-12-07 00:00:00+00:00,2.031,2.039,2.029,2.037,11163000.23
2025-12-07 01:00:00+00:00,2.037,2.043,2.034,2.034,12309878.86
2025-12-07 02:00:00+00:00,2.034,2.049,2.034,2.048,14562158.76
2025-12-07 03:00:00+00:00,2.048,2.072,2.048,2.068,28318643.6
2025-12-07 04:00:00+00:00,2.068,2.073,2.052,2.053,21815551.82
2025-12-07 05:00:00+00:00,2.053,2.056,2.045,2.049,26100752.86
2025-12-07 06:00:00+00:00,2.049,2.052,2.044,2.046,18742614.49
2025-12-07 07:00:00+00:00,2.046,2.049,2.029,2.031,29694147.52
2025-12-07 08:00:00+00:00,2.031,2.036,2.025,2.03,28261775.19
2025-12-07 09:00:00+00:00,2.03,2.036,2.024,2.028,47123761.83
2025-12-07 10:00:00+00:00,2.028,2.035,2.026,2.031,9747706.69
2025-12-07 11:00:00+00:00,2.031,2.035,2.028,2.034,6767250.41
2025-12-07 12:00:00+00:00,2.034,2.05,2.032,2.047,10957931.17
2025-12-07 13:00:00+00:00,2.047,2.048,2.027,2.031,12583863.43
2025-12-07 14:00:00+00:00,2.031,2.032,1.994,2.0,69264481.66
2025-12-07 15:00:00+00:00,2.0,2.055,1.999,2.053,34485246.05
2025-12-07 16:00:00+00:00,2.053,2.058,2.038,2.058,24633824.87
2025-12-07 17:00:00+00:00,2.058,2.096,2.052,2.087,47154498.67
2025-12-07 18:00:00+00:00,2.087,2.111,2.087,2.104,25877664.16
2025-12-07 19:00:00+00:00,2.104,2.107,2.084,2.087,21122137.68
2025-12-07 20:00:00+00:00,2.087,2.094,2.079,2.085,12891012.48
2025-12-07 21:00:00+00:00,2.085,2.085,2.036,2.049,23262165.31
2025-12-07 22:00:00+00:00,2.049,2.049,2.013,2.029,38215302.13
2025-12-07 23:00:00+00:00,2.029,2.045,2.023,2.044,14154990.37
2025-12-08 00:00:00+00:00,2.044,2.049,2.032,2.045,13929223.61
2025-12-08 01:00:00+00:00,2.045,2.091,2.044,2.068,28511541.28
2025-12-08 02:00:00+00:00,2.068,2.077,2.059,2.074,14159468.36
2025-12-08 03:00:00+00:00,2.074,2.077,2.064,2.072,13706988.17
2025-12-08 04:00:00+00:00,2.072,2.086,2.07,2.074,12435565.92
2025-12-08 05:00:00+00:00,2.074,2.083,2.07,2.078,10777507.83
2025-12-08 06:00:00+00:00,2.078,2.084,2.072,2.08,10873968.75
2025-12-08 07:00:00+00:00,2.08,2.094,2.079,2.086,15781235.49
2025-12-08 08:00:00+00:00,2.086,2.095,2.081,2.091,13547972.27
2025-12-08 09:00:00+00:00,2.091,2.123,2.09,2.101,38230215.28
2025-12-08 10:00:00+00:00,2.101,2.106,2.096,2.098,15915942.32
2025-12-08 11:00:00+00:00,2.098,2.099,2.087,2.091,20112698.49
2025-12-08 12:00:00+00:00,2.091,2.097,2.085,2.095,17961287.56
2025-12-08 13:00:00+00:00,2.095,2.102,2.09,2.099,19618251.02
2025-12-08 14:00:00+00:00,2.099,2.111,2.084,2.084,53783939.87
2025-12-08 15:00:00+00:00,2.084,2.093,2.068,2.076,50115817.05
2025-12-08 16:00:00+00:00,2.076,2.087,2.066,2.073,22193723.76
2025-12-08 17:00:00+00:00,2.073,2.084,2.066,2.078,17042612.96
2025-12-08 18:00:00+00:00,2.078,2.086,2.063,2.068,13567314.04
2025-12-08 19:00:00+00:00,2.068,2.084,2.068,2.078,9308883.52
2025-12-08 20:00:00+00:00,2.078,2.094,2.077,2.087,17561377.84
2025-12-08 21:00:00+00:00,2.087,2.091,2.074,2.088,18780519.32
2025-12-08 22:00:00+00:00,2.088,2.089,2.075,2.079,8448168.36
2025-12-08 23:00:00+00:00,2.079,2.081,2.07,2.072,8530994.06
2025-12-09 00:00:00+00:00,2.072,2.082,2.069,2.071,8423409.43
2025-12-09 01:00:00+00:00,2.071,2.075,2.059,2.063,13781380.25
2025-12-09 02:00:00+00:00,2.063,2.07,2.061,2.061,12475849.45
2025-12-09 03:00:00+00:00,2.061,2.071,2.057,2.07,15910125.65
2025-12-09 04:00:00+00:00,2.07,2.07,2.053,2.055,17212864.29
2025-12-09 05:00:00+00:00,2.055,2.059,2.049,2.05,13616861.56
2025-12-09 06:00:00+00:00,2.05,2.056,2.042,2.05,13949199.87
2025-12-09 07:00:00+00:00,2.05,2.062,2.047,2.061,10601476.41
2025-12-09 08:00:00+00:00,2.061,2.066,2.057,2.063,12882986.66
2025-12-09 09:00:00+00:00,2.063,2.064,2.057,2.058,8539990.34
2025-12-09 10:00:00+00:00,2.058,2.061,2.046,2.055,9845402.76
2025-12-09 11:00:00+00:00,2.055,2.07,2.052,2.069,9343560.24
2025-12-09 12:00:00+00:00,2.069,2.086,2.067,2.084,17917183.25
2025-12-09 13:00:00+00:00,2.084,2.086,2.064,2.066,15983023.96
2025-12-09 14:00:00+00:00,2.066,2.072,2.049,2.055,28922560.41
2025-12-09 15:00:00+00:00,2.055,2.119,2.054,2.115,60299716.69
2025-12-09 16:00:00+00:00,2.115,2.174,2.115,2.165,92055692.48
2025-12-09 17:00:00+00:00,2.165,2.178,2.142,2.149,76245472.75
2025-12-09 18:00:00+00:00,2.149,2.157,2.14,2.147,35019874.89
2025-12-09 19:00:00+00:00,2.147,2.148,2.129,2.133,31063519.18
2025-12-09 20:00:00+00:00,2.133,2.134,2.098,2.113,41791933.71
2025-12-09 21:00:00+00:00,2.113,2.117,2.086,2.099,24227468.22
2025-12-09 22:00:00+00:00,2.099,2.118,2.096,2.111,19250488.21
2025-12-09 23:00:00+00:00,2.111,2.114,2.106,2.106,13790166.61
2025-12-10 00:00:00+00:00,2.106,2.11,2.089,2.09,16544352.42
2025-12-10 01:00:00+00:00,2.09,2.096,2.087,2.089,15059304.04
2025-12-10 02:00:00+00:00,2.089,2.093,2.082,2.088,14321550.98
2025-12-10 03:00:00+00:00,2.088,2.088,2.082,2.084,24597767.26
2025-12-10 04:00:00+00:00,2.084,2.096,2.08,2.09,23359193.05
2025-12-10 05:00:00+00:00,2.09,2.094,2.084,2.088,18735243.56
2025-12-10 06:00:00+00:00,2.088,2.09,2.083,2.086,15903914.67
2025-12-10 07:00:00+00:00,2.086,2.086,2.077,2.084,20513862.45
2025-12-10 08:00:00+00:00,2.084,2.085,2.077,2.078,17172235.18
2025-12-10 09:00:00+00:00,2.078,2.089,2.072,2.089,21615355.71
2025-12-10 10:00:00+00:00,2.089,2.098,2.067,2.07,39739949.42
2025-12-10 11:00:00+00:00,2.07,2.075,2.064,2.072,21336179.65
2025-12-10 12:00:00+00:00,2.072,2.073,2.059,2.064,23385158.2
2025-12-10 13:00:00+00:00,2.064,2.07,2.06,2.065,24715744.25
2025-12-10 14:00:00+00:00,2.065,2.068,2.058,2.064,26627097.27
2025-12-10 15:00:00+00:00,2.064,2.073,2.056,2.062,27501870.87
2025-12-10 16:00:00+00:00,2.062,2.074,2.057,2.069,22843623.76
2025-12-10 17:00:00+00:00,2.069,2.076,2.06,2.062,18754841.61
2025-12-10 18:00:00+00:00,2.062,2.086,2.059,2.069,27681609.55
2025-12-10 19:00:00+00:00,2.069,2.083,2.047,2.068,95669997.34
2025-12-10 20:00:00+00:00,2.068,2.11,2.058,2.064,79695939.24
2025-12-10 21:00:00+00:00,2.064,2.069,2.045,2.047,32564635.65
2025-12-10 22:00:00+00:00,2.047,2.058,2.035,2.055,27243878.7
2025-12-10 23:00:00+00:00,2.055,2.057,2.04,2.042,14270636.57
2025-12-11 00:00:00+00:00,2.042,2.047,2.021,2.029,30346350.17
2025-12-11 01:00:00+00:00,2.029,2.03,2.01,2.013,35478398.16
2025-12-11 02:00:00+00:00,2.013,2.014,2.001,2.006,37680555.34
2025-12-11 03:00:00+00:00,2.006,2.006,1.993,1.999,36892759.18
2025-12-11 04:00:00+00:00,1.999,2.019,1.995,2.017,28073577.98
2025-12-11 05:00:00+00:00,2.017,2.017,2.007,2.015,19721701.58
2025-12-11 06:00:00+00:00,2.015,2.016,2.006,2.014,21145965.81
2025-12-11 07:00:00+00:00,2.014,2.015,2.004,2.007,16367094.9
2025-12-11 08:00:00+00:00,2.007,2.013,2.001,2.012,18514238.01
2025-12-11 09:00:00+00:00,2.012,2.019,2.008,2.013,15289855.33
2025-12-11 10:00:00+00:00,2.013,2.016,2.009,2.016,12917400.02
2025-12-11 11:00:00+00:00,2.016,2.019,2.008,2.008,14727603.05
2025-12-11 12:00:00+00:00,2.008,2.013,2.004,2.007,24747972.68
2025-12-11 13:00:00+00:00,2.007,2.015,2.005,2.009,20602478.62
2025-12-11 14:00:00+00:00,2.009,2.01,1.979,1.991,62913258.18
2025-12-11 15:00:00+00:00,1.991,2.01,1.987,1.997,38642351.69
2025-12-11 16:00:00+00:00,1.997,2.005,1.985,1.991,28045581.02
2025-12-11 17:00:00+00:00,1.991,1.999,1.984,1.995,23725611.68
2025-12-11 18:00:00+00:00,1.995,2.022,1.992,2.008,37149957.71
2025-12-11 19:00:00+00:00,2.008,2.026,2.001,2.012,29196842.16
2025-12-11 20:00:00+00:00,2.012,2.029,2.009,2.025,27369867.16
2025-12-11 21:00:00+00:00,2.025,2.057,2.024,2.042,46644880.21
2025-12-11 22:00:00+00:00,2.042,2.048,2.028,2.034,18863581.06
2025-12-11 23:00:00+00:00,2.034,2.041,2.031,2.034,11552088.12
2025-12-12 00:00:00+00:00,2.034,2.039,2.016,2.017,13595587.01
2025-12-12 01:00:00+00:00,2.017,2.032,2.017,2.028,16906261.66
2025-12-12 02:00:00+00:00,2.028,2.043,2.026,2.041,14695284.33
2025-12-12 03:00:00+00:00,2.041,2.043,2.03,2.032,10473968.1
2025-12-12 04:00:00+00:00,2.032,2.033,2.026,2.03,11191242.8
2025-12-12 05:00:00+00:00,2.03,2.037,2.024,2.037,11235317.41
2025-12-12 06:00:00+00:00,2.037,2.042,2.036,2.041,12423714.61
2025-12-12 07:00:00+00:00,2.041,2.043,2.032,2.037,10602592.88
2025-12-12 08:00:00+00:00,2.037,2.038,2.027,2.028,10417092.23
2025-12-12 09:00:00+00:00,2.028,2.037,2.025,2.036,10524776.12
2025-12-12 10:00:00+00:00,2.036,2.039,2.034,2.038,12267162.93
2025-12-12 11:00:00+00:00,2.038,2.046,2.036,2.042,14526346.05
2025-12-12 12:00:00+00:00,2.042,2.045,2.035,2.045,25146779.32
2025-12-12 13:00:00+00:00,2.045,2.048,2.039,2.041,15969468.35
2025-12-12 14:00:00+00:00,2.041,2.043,2.031,2.038,20017020.32
2025-12-12 15:00:00+00:00,2.038,2.038,1.972,1.978,68979453.83
2025-12-12 16:00:00+00:00,1.978,2.003,1.975,1.988,74649987.53
2025-12-12 17:00:00+00:00,1.988,2.003,1.986,1.996,29923102.43
2025-12-12 18:00:00+00:00,1.996,2.025,1.99,2.012,30932207.9
2025-12-12 19:00:00+00:00,2.012,2.014,1.997,2.003,14035830.47
2025-12-12 20:00:00+00:00,2.003,2.006,1.998,2.001,18318177.66
2025-12-12 21:00:00+00:00,2.001,2.005,1.997,2.005,11535442.7
2025-12-12 22:00:00+00:00,2.005,2.013,2.004,2.011,13240624.71
2025-12-12 23:00:00+00:00,2.011,2.018,2.007,2.007,12752915.68
2025-12-13 00:00:00+00:00,2.007,2.013,2.007,2.012,11834643.3
2025-12-13 01:00:00+00:00,2.012,2.017,2.009,2.011,16590684.8
2025-12-13 02:00:00+00:00,2.011,2.02,2.011,2.014,27881219.41
2025-12-13 03:00:00+00:00,2.014,2.025,2.014,2.023,47505935.04
2025-12-13 04:00:00+00:00,2.023,2.035,2.023,2.034,51580870.78
2025-12-13 05:00:00+00:00,2.034,2.048,2.029,2.032,71120882.98
2025-12-13 06:00:00+00:00,2.032,2.036,2.027,2.029,28226753.86
2025-12-13 07:00:00+00:00,2.029,2.032,2.026,2.028,14846944.68
2025-12-13 08:00:00+00:00,2.028,2.043,2.028,2.036,28173381.88
2025-12-13 09:00:00+00:00,2.036,2.039,2.03,2.031,26289058.11
2025-12-13 10:00:00+00:00,2.031,2.041,2.031,2.037,7905644.31
2025-12-13 11:00:00+00:00,2.037,2.04,2.032,2.034,7271408.05
2025-12-13 12:00:00+00:00,2.034,2.043,2.03,2.032,23105556.31
2025-12-13 13:00:00+00:00,2.032,2.037,2.031,2.033,12356194.65
2025-12-13 14:00:00+00:00,2.033,2.039,2.028,2.037,13399102.19
2025-12-13 15:00:00+00:00,2.037,2.041,2.029,2.03,13202936.23
2025-12-13 16:00:00+00:00,2.03,2.034,2.023,2.026,10699263.55
2025-12-13 17:00:00+00:00,2.026,2.026,2.018,2.02,10443531.04
2025-12-13 18:00:00+00:00,2.02,2.024,2.016,2.017,10722406.82
2025-12-13 19:00:00+00:00,2.017,2.021,2.015,2.019,11246956.98
2025-12-13 20:00:00+00:00,2.019,2.022,2.015,2.017,5413353.53
2025-12-13 21:00:00+00:00,2.017,2.023,2.009,2.022,9059202.85
2025-12-13 22:00:00+00:00,2.022,2.025,2.016,2.023,7190123.34
2025-12-13 23:00:00+00:00,2.023,2.024,2.019,2.023,6508548.82
2025-12-14 00:00:00+00:00,2.023,2.028,2.017,2.026,9874049.87
2025-12-14 01:00:00+00:00,2.026,2.031,2.023,2.025,7940617.51
2025-12-14 02:00:00+00:00,2.025,2.029,2.024,2.028,5036672.67
2025-12-14 03:00:00+00:00,2.028,2.03,2.023,2.025,4931608.48
2025-12-14 04:00:00+00:00,2.025,2.025,2.015,2.017,9096792.72
2025-12-14 05:00:00+00:00,2.017,2.017,2.01,2.016,8801823.91
2025-12-14 06:00:00+00:00,2.016,2.018,2.011,2.017,6538435.19
2025-12-14 07:00:00+00:00,2.017,2.021,2.016,2.019,5957042.53
2025-12-14 08:00:00+00:00,2.019,2.023,2.014,2.014,5750158.71
2025-12-14 09:00:00+00:00,2.014,2.015,2.011,2.012,6363975.28
2025-12-14 10:00:00+00:00,2.012,2.013,2.003,2.007,11812085.12
2025-12-14 11:00:00+00:00,2.007,2.009,1.99,2.001,22559413.98
2025-12-14 12:00:00+00:00,2.001,2.008,1.997,2.004,16200414.5
2025-12-14 13:00:00+00:00,2.004,2.004,1.997,2.003,14851729.25
2025-12-14 14:00:00+00:00,2.003,2.008,1.988,1.994,16701225.95
2025-12-14 15:00:00+00:00,1.994,1.997,1.99,1.991,8845090.77
2025-12-14 16:00:00+00:00,1.991,2.004,1.989,1.997,10548614.43
2025-12-14 17:00:00+00:00,1.997,2.0,1.984,1.987,13588246.83
2025-12-14 18:00:00+00:00,1.987,1.993,1.984,1.993,9092845.88
2025-12-14 19:00:00+00:00,1.993,1.993,1.982,1.989,10338593.24
2025-12-14 20:00:00+00:00,1.989,1.995,1.983,1.988,14926757.16
2025-12-14 21:00:00+00:00,1.988,1.992,1.983,1.987,6668625.86
2025-12-14 22:00:00+00:00,1.987,1.993,1.982,1.992,9371482.86
2025-12-14 23:00:00+00:00,1.992,1.997,1.964,1.978,37111772.07
2025-12-15 00:00:00+00:00,1.978,1.99,1.975,1.984,17230510.5
2025-12-15 01:00:00+00:00,1.984,2.004,1.979,1.998,18392977.28
2025-12-15 02:00:00+00:00,1.998,2.013,1.993,1.995,15994389.19
2025-12-15 03:00:00+00:00,1.995,2.001,1.992,1.995,10284485.6
2025-12-15 04:00:00+00:00,1.995,2.004,1.993,2.0,11296502.39
2025-12-15 05:00:00+00:00,2.0,2.004,1.996,2.001,10639001.41
2025-12-15 06:00:00+00:00,2.001,2.005,1.996,2.002,9322325.11
2025-12-15 07:00:00+00:00,2.002,2.003,1.993,1.995,9371766.89
2025-12-15 08:00:00+00:00,1.995,1.999,1.991,1.994,11385066.78
2025-12-15 09:00:00+00:00,1.994,2.002,1.992,1.998,12382565.0
2025-12-15 10:00:00+00:00,1.998,2.001,1.993,1.994,13810236.07
2025-12-15 11:00:00+00:00,1.994,1.995,1.984,1.988,12700712.73
2025-12-15 12:00:00+00:00,1.988,1.988,1.982,1.984,10736127.27
2025-12-15 13:00:00+00:00,1.984,1.985,1.956,1.965,36796953.79
2025-12-15 14:00:00+00:00,1.965,1.98,1.932,1.941,50001455.93
2025-12-15 15:00:00+00:00,1.941,1.943,1.913,1.926,83648240.23
2025-12-15 16:00:00+00:00,1.926,1.931,1.907,1.913,36103193.83
2025-12-15 17:00:00+00:00,1.913,1.915,1.89,1.892,41390579.94
2025-12-15 18:00:00+00:00,1.892,1.896,1.87,1.892,41873965.79
2025-12-15 19:00:00+00:00,1.892,1.908,1.891,1.896,33576522.77
2025-12-15 20:00:00+00:00,1.896,1.896,1.88,1.883,25265175.02
2025-12-15 21:00:00+00:00,1.883,1.9,1.881,1.891,21641462.58
2025-12-15 22:00:00+00:00,1.891,1.891,1.881,1.891,20565307.57
2025-12-15 23:00:00+00:00,1.891,1.9,1.89,1.898,18725260.69
2025-12-16 00:00:00+00:00,1.898,1.898,1.878,1.879,22033344.57
2025-12-16 01:00:00+00:00,1.879,1.893,1.869,1.873,29863123.52
2025-12-16 02:00:00+00:00,1.873,1.877,1.86,1.869,29745150.95
2025-12-16 03:00:00+00:00,1.869,1.873,1.855,1.872,19559310.29
2025-12-16 04:00:00+00:00,1.872,1.876,1.853,1.873,24666840.64
2025-12-16 05:00:00+00:00,1.873,1.884,1.869,1.882,14710227.41
2025-12-16 06:00:00+00:00,1.882,1.897,1.881,1.895,17891431.35
2025-12-16 07:00:00+00:00,1.895,1.898,1.875,1.876,14364562.66
2025-12-16 08:00:00+00:00,1.876,1.886,1.874,1.877,11349549.14
2025-12-16 09:00:00+00:00,1.877,1.882,1.876,1.879,7690781.62
2025-12-16 10:00:00+00:00,1.879,1.912,1.878,1.907,22625374.9
2025-12-16 11:00:00+00:00,1.907,1.925,1.905,1.921,27839843.46
2025-12-16 12:00:00+00:00,1.921,1.939,1.92,1.935,25803678.07
2025-12-16 13:00:00+00:00,1.935,1.946,1.908,1.909,53440302.17
2025-12-16 14:00:00+00:00,1.909,1.935,1.899,1.924,52890007.95
2025-12-16 15:00:00+00:00,1.924,1.946,1.915,1.941,38055095.81
2025-12-16 16:00:00+00:00,1.941,1.943,1.918,1.928,22339139.4
2025-12-16 17:00:00+00:00,1.928,1.935,1.915,1.916,19671489.35
2025-12-16 18:00:00+00:00,1.916,1.939,1.915,1.93,18538630.38
2025-12-16 19:00:00+00:00,1.93,1.934,1.916,1.927,13496444.05
2025-12-16 20:00:00+00:00,1.927,1.933,1.923,1.928,12547569.92
2025-12-16 21:00:00+00:00,1.928,1.93,1.919,1.927,11451961.87
2025-12-16 22:00:00+00:00,1.927,1.931,1.923,1.927,12027546.11
2025-12-16 23:00:00+00:00,1.927,1.931,1.923,1.93,9504333.51
2025-12-17 00:00:00+00:00,1.93,1.93,1.919,1.924,13192367.75
2025-12-17 01:00:00+00:00,1.924,1.94,1.921,1.923,18453557.94
2025-12-17 02:00:00+00:00,1.923,1.934,1.913,1.931,16241838.86
2025-12-17 03:00:00+00:00,1.931,1.937,1.925,1.926,21513837.66
2025-12-17 04:00:00+00:00,1.926,1.929,1.918,1.919,13737846.96
2025-12-17 05:00:00+00:00,1.919,1.922,1.906,1.92,18635098.08
2025-12-17 06:00:00+00:00,1.92,1.93,1.92,1.922,11928026.74
2025-12-17 07:00:00+00:00,1.922,1.932,1.919,1.923,14447054.12
2025-12-17 08:00:00+00:00,1.923,1.924,1.905,1.907,12166215.89
2025-12-17 09:00:00+00:00,1.907,1.908,1.899,1.902,14004583.91
2025-12-17 10:00:00+00:00,1.902,1.909,1.897,1.907,15166555.81
2025-12-17 11:00:00+00:00,1.907,1.917,1.906,1.913,11432327.45
2025-12-17 12:00:00+00:00,1.913,1.916,1.907,1.911,16119348.63
2025-12-17 13:00:00+00:00,1.911,1.928,1.905,1.921,22576660.14
2025-12-17 14:00:00+00:00,1.921,1.967,1.906,1.963,59851449.8
2025-12-17 15:00:00+00:00,1.963,1.987,1.908,1.911,101201342.33
2025-12-17 16:00:00+00:00,1.911,1.923,1.88,1.899,56402165.42
2025-12-17 17:00:00+00:00,1.899,1.901,1.871,1.873,33725401.6
2025-12-17 18:00:00+00:00,1.873,1.882,1.853,1.859,35900250.9
2025-12-17 19:00:00+00:00,1.859,1.867,1.848,1.865,38067780.68
2025-12-17 20:00:00+00:00,1.865,1.884,1.858,1.878,26804047.76
2025-12-17 21:00:00+00:00,1.878,1.878,1.859,1.863,17816406.09
2025-12-17 22:00:00+00:00,1.863,1.873,1.855,1.868,13459366.3
2025-12-17 23:00:00+00:00,1.868,1.868,1.857,1.863,13291833.68
2025-12-18 00:00:00+00:00,1.863,1.87,1.86,1.87,10481771.38
2025-12-18 01:00:00+00:00,1.87,1.87,1.852,1.856,14986434.5
2025-12-18 02:00:00+00:00,1.856,1.872,1.854,1.864,18201025.18
2025-12-18 03:00:00+00:00,1.864,1.865,1.852,1.856,11902850.56
2025-12-18 04:00:00+00:00,1.856,1.862,1.854,1.854,11637890.28
2025-12-18 05:00:00+00:00,1.854,1.855,1.83,1.832,30973685.59
2025-12-18 06:00:00+00:00,1.832,1.837,1.827,1.833,16488062.77
2025-12-18 07:00:00+00:00,1.833,1.844,1.833,1.842,13325883.21
2025-12-18 08:00:00+00:00,1.842,1.854,1.838,1.854,19956688.25
2025-12-18 09:00:00+00:00,1.854,1.873,1.849,1.87,15912605.29
2025-12-18 10:00:00+00:00,1.87,1.881,1.869,1.876,15579311.87
2025-12-18 11:00:00+00:00,1.876,1.878,1.866,1.878,16272514.71
2025-12-18 12:00:00+00:00,1.878,1.889,1.872,1.882,14808470.5
2025-12-18 13:00:00+00:00,1.882,1.924,1.882,1.914,65314701.0
2025-12-18 14:00:00+00:00,1.914,1.926,1.89,1.902,48620024.22
2025-12-18 15:00:00+00:00,1.902,1.934,1.896,1.92,42537243.49
2025-12-18 16:00:00+00:00,1.92,1.921,1.906,1.91,22375492.88
2025-12-18 17:00:00+00:00,1.91,1.911,1.839,1.867,65110922.7
2025-12-18 18:00:00+00:00,1.867,1.876,1.84,1.844,22135277.34
2025-12-18 19:00:00+00:00,1.844,1.846,1.801,1.806,59237549.39
2025-12-18 20:00:00+00:00,1.806,1.823,1.801,1.803,36906402.52
2025-12-18 21:00:00+00:00,1.803,1.823,1.802,1.82,42714041.94
2025-12-18 22:00:00+00:00,1.82,1.825,1.814,1.819,14057910.69
2025-12-18 23:00:00+00:00,1.819,1.819,1.807,1.808,16062852.92
2025-12-19 00:00:00+00:00,1.808,1.812,1.781,1.793,34192965.57
2025-12-19 01:00:00+00:00,1.793,1.793,1.772,1.783,28265000.9
2025-12-19 02:00:00+00:00,1.783,1.799,1.774,1.794,32875443.43
2025-12-19 03:00:00+00:00,1.794,1.853,1.794,1.84,79155447.88
2025-12-19 04:00:00+00:00,1.84,1.85,1.838,1.84,27956444.9
2025-12-19 05:00:00+00:00,1.84,1.84,1.826,1.829,23803425.84
2025-12-19 06:00:00+00:00,1.829,1.851,1.826,1.851,18685067.79
2025-12-19 07:00:00+00:00,1.851,1.877,1.851,1.868,38912358.87
2025-12-19 08:00:00+00:00,1.868,1.872,1.86,1.867,18722223.61
2025-12-19 09:00:00+00:00,1.867,1.87,1.862,1.865,14497463.47
2025-12-19 10:00:00+00:00,1.865,1.869,1.862,1.867,14376050.06
2025-12-19 11:00:00+00:00,1.867,1.872,1.864,1.871,12969688.18
2025-12-19 12:00:00+00:00,1.871,1.888,1.866,1.88,24519873.81
2025-12-19 13:00:00+00:00,1.88,1.885,1.865,1.867,25943660.64
2025-12-19 14:00:00+00:00,1.867,1.89,1.865,1.877,44217156.49
2025-12-19 15:00:00+00:00,1.877,1.904,1.872,1.876,63320979.05
2025-12-19 16:00:00+00:00,1.876,1.901,1.874,1.888,42714119.72
2025-12-19 17:00:00+00:00,1.888,1.908,1.874,1.874,45021070.64
2025-12-19 18:00:00+00:00,1.874,1.898,1.874,1.894,18198918.19
2025-12-19 19:00:00+00:00,1.894,1.918,1.894,1.908,27255090.43
2025-12-19 20:00:00+00:00,1.908,1.92,1.905,1.91,22687407.54
2025-12-19 21:00:00+00:00,1.91,1.912,1.901,1.903,13572371.01
2025-12-19 22:00:00+00:00,1.903,1.911,1.901,1.908,8555559.14
2025-12-19 23:00:00+00:00,1.908,1.91,1.902,1.909,11501125.78
2025-12-20 00:00:00+00:00,1.909,1.91,1.902,1.906,13162322.23
2025-12-20 01:00:00+00:00,1.906,1.908,1.902,1.903,7758808.46
2025-12-20 02:00:00+00:00,1.903,1.903,1.894,1.898,11395130.85
2025-12-20 03:00:00+00:00,1.898,1.907,1.895,1.904,10570286.61
2025-12-20 04:00:00+00:00,1.904,1.908,1.899,1.904,8385191.56
2025-12-20 05:00:00+00:00,1.904,1.919,1.904,1.914,10054216.85
2025-12-20 06:00:00+00:00,1.914,1.917,1.913,1.917,6131160.94
2025-12-20 07:00:00+00:00,1.917,1.919,1.907,1.914,7645900.71
2025-12-20 08:00:00+00:00,1.914,1.94,1.914,1.93,24333168.4
2025-12-20 09:00:00+00:00,1.93,1.959,1.929,1.949,33531498.35
2025-12-20 10:00:00+00:00,1.949,1.957,1.94,1.941,22400126.06
2025-12-20 11:00:00+00:00,1.941,1.945,1.932,1.944,28336532.14
2025-12-20 12:00:00+00:00,1.944,1.948,1.939,1.941,15962015.76
2025-12-20 13:00:00+00:00,1.941,1.943,1.92,1.928,38692806.08
2025-12-20 14:00:00+00:00,1.928,1.93,1.92,1.929,33000860.78
2025-12-20 15:00:00+00:00,1.929,1.935,1.918,1.922,60577031.4
2025-12-20 16:00:00+00:00,1.922,1.93,1.921,1.929,56590689.27
2025-12-20 17:00:00+00:00,1.929,1.931,1.921,1.924,31626387.08
2025-12-20 18:00:00+00:00,1.924,1.926,1.92,1.923,32539875.64
2025-12-20 19:00:00+00:00,1.923,1.927,1.92,1.925,19457958.26
2025-12-20 20:00:00+00:00,1.925,1.929,1.924,1.927,15485855.75
2025-12-20 21:00:00+00:00,1.927,1.932,1.925,1.932,13603730.64
2025-12-20 22:00:00+00:00,1.932,1.938,1.927,1.934,13374142.11
2025-12-20 23:00:00+00:00,1.934,1.937,1.931,1.933,10612923.58
2025-12-21 00:00:00+00:00,1.933,1.94,1.93,1.939,16774625.81
2025-12-21 01:00:00+00:00,1.939,1.942,1.928,1.929,32269008.15
2025-12-21 02:00:00+00:00,1.929,1.934,1.918,1.925,68371122.22
2025-12-21 03:00:00+00:00,1.925,1.938,1.923,1.93,63933823.0
2025-12-21 04:00:00+00:00,1.93,1.931,1.924,1.925,45711026.53
2025-12-21 05:00:00+00:00,1.925,1.928,1.922,1.922,58493894.19
2025-12-21 06:00:00+00:00,1.922,1.925,1.92,1.921,58976534.92
2025-12-21 07:00:00+00:00,1.921,1.929,1.919,1.925,91327255.04
2025-12-21 08:00:00+00:00,1.925,1.943,1.922,1.936,115200943.68
2025-12-21 09:00:00+00:00,1.936,1.949,1.932,1.946,83200294.02
2025-12-21 10:00:00+00:00,1.946,1.95,1.931,1.934,61873270.47
2025-12-21 11:00:00+00:00,1.934,1.936,1.931,1.934,48741500.32
2025-12-21 12:00:00+00:00,1.934,1.938,1.927,1.929,11029479.69
2025-12-21 13:00:00+00:00,1.929,1.93,1.895,1.899,43402280.74
2025-12-21 14:00:00+00:00,1.899,1.915,1.897,1.908,27334674.0
2025-12-21 15:00:00+00:00,1.908,1.909,1.899,1.905,14036823.85
2025-12-21 16:00:00+00:00,1.905,1.909,1.899,1.908,12342897.0
2025-12-21 17:00:00+00:00,1.908,1.919,1.906,1.908,19427305.11
2025-12-21 18:00:00+00:00,1.908,1.914,1.902,1.913,10948653.94
2025-12-21 19:00:00+00:00,1.913,1.919,1.909,1.918,8402906.84
2025-12-21 20:00:00+00:00,1.918,1.918,1.912,1.912,5348616.14
2025-12-21 21:00:00+00:00,1.912,1.919,1.907,1.907,9155653.11
2025-12-21 22:00:00+00:00,1.907,1.919,1.905,1.918,8098401.82
2025-12-21 23:00:00+00:00,1.918,1.927,1.918,1.922,12271494.28
2025-12-22 00:00:00+00:00,1.922,1.949,1.922,1.925,26459371.94
2025-12-22 01:00:00+00:00,1.925,1.937,1.92,1.92,16207894.12
2025-12-22 02:00:00+00:00,1.92,1.922,1.907,1.919,20365509.22
2025-12-22 03:00:00+00:00,1.919,1.927,1.914,1.921,13342044.47
2025-12-22 04:00:00+00:00,1.921,1.927,1.918,1.925,14450664.6
2025-12-22 05:00:00+00:00,1.925,1.929,1.918,1.92,13269443.78
2025-12-22 06:00:00+00:00,1.92,1.922,1.914,1.918,13044260.55
2025-12-22 07:00:00+00:00,1.918,1.929,1.917,1.927,10296881.16
2025-12-22 08:00:00+00:00,1.927,1.933,1.917,1.918,24365433.75
2025-12-22 09:00:00+00:00,1.918,1.924,1.915,1.922,13893830.79
2025-12-22 10:00:00+00:00,1.922,1.93,1.917,1.926,17215068.11
2025-12-22 11:00:00+00:00,1.926,1.938,1.924,1.935,19876782.21
2025-12-22 12:00:00+00:00,1.935,1.946,1.932,1.936,22069516.4
2025-12-22 13:00:00+00:00,1.936,1.938,1.928,1.934,16873248.72
2025-12-22 14:00:00+00:00,1.934,1.942,1.925,1.94,25075948.39
2025-12-22 15:00:00+00:00,1.94,1.947,1.919,1.934,28238455.49
2025-12-22 16:00:00+00:00,1.934,1.943,1.933,1.94,20227346.69
2025-12-22 17:00:00+00:00,1.94,1.94,1.923,1.93,20086952.96
2025-12-22 18:00:00+00:00,1.93,1.938,1.925,1.927,14526127.28
2025-12-22 19:00:00+00:00,1.927,1.928,1.902,1.903,26090335.11
2025-12-22 20:00:00+00:00,1.903,1.906,1.892,1.897,37813591.94
2025-12-22 21:00:00+00:00,1.897,1.904,1.894,1.897,17525314.69
2025-12-22 22:00:00+00:00,1.897,1.909,1.893,1.909,19346241.61
2025-12-22 23:00:00+00:00,1.909,1.909,1.901,1.904,16193355.75
2025-12-23 00:00:00+00:00,1.904,1.91,1.9,1.905,16250378.53
2025-12-23 01:00:00+00:00,1.905,1.909,1.897,1.899,17366092.85
2025-12-23 02:00:00+00:00,1.899,1.906,1.892,1.894,21366170.33
2025-12-23 03:00:00+00:00,1.894,1.895,1.885,1.893,22232026.46
2025-12-23 04:00:00+00:00,1.893,1.897,1.888,1.889,12956336.64
2025-12-23 05:00:00+00:00,1.889,1.891,1.879,1.883,21760565.49
2025-12-23 06:00:00+00:00,1.883,1.887,1.874,1.882,26796471.79
2025-12-23 07:00:00+00:00,1.882,1.887,1.878,1.881,14549246.29
2025-12-23 08:00:00+00:00,1.881,1.883,1.876,1.878,7936249.06
2025-12-23 09:00:00+00:00,1.878,1.888,1.878,1.886,9799528.58
2025-12-23 10:00:00+00:00,1.886,1.901,1.886,1.899,8943950.76
2025-12-23 11:00:00+00:00,1.899,1.906,1.899,1.905,12828160.32
2025-12-23 12:00:00+00:00,1.905,1.905,1.897,1.9,14818175.92
2025-12-23 13:00:00+00:00,1.9,1.901,1.877,1.879,23653819.23
2025-12-23 14:00:00+00:00,1.879,1.886,1.864,1.873,34648748.05
2025-12-23 15:00:00+00:00,1.873,1.891,1.87,1.881,33627500.2
2025-12-23 16:00:00+00:00,1.881,1.894,1.878,1.891,23208594.83
2025-12-23 17:00:00+00:00,1.891,1.893,1.869,1.869,20779227.17
2025-12-23 18:00:00+00:00,1.869,1.885,1.867,1.882,25610807.6
2025-12-23 19:00:00+00:00,1.882,1.887,1.878,1.882,8789940.92
2025-12-23 20:00:00+00:00,1.882,1.894,1.878,1.881,12709912.81
2025-12-23 21:00:00+00:00,1.881,1.885,1.876,1.882,7317031.21
2025-12-23 22:00:00+00:00,1.882,1.884,1.876,1.88,6946767.48
2025-12-23 23:00:00+00:00,1.88,1.88,1.873,1.874,9865130.61
2025-12-24 00:00:00+00:00,1.874,1.878,1.87,1.873,12487356.96
2025-12-24 01:00:00+00:00,1.873,1.878,1.87,1.87,12079482.98
2025-12-24 02:00:00+00:00,1.87,1.871,1.851,1.855,17578451.26
2025-12-24 03:00:00+00:00,1.855,1.864,1.845,1.862,17271312.93
2025-12-24 04:00:00+00:00,1.862,1.868,1.854,1.855,11566961.21
2025-12-24 05:00:00+00:00,1.855,1.857,1.844,1.847,19235638.02
2025-12-24 06:00:00+00:00,1.847,1.854,1.837,1.852,18297527.08
2025-12-24 07:00:00+00:00,1.852,1.861,1.851,1.855,14764890.51
2025-12-24 08:00:00+00:00,1.855,1.862,1.852,1.853,10958771.57
2025-12-24 09:00:00+00:00,1.853,1.859,1.853,1.854,7918564.77
2025-12-24 10:00:00+00:00,1.854,1.87,1.854,1.866,11955756.74
2025-12-24 11:00:00+00:00,1.866,1.875,1.866,1.869,10868263.67
2025-12-24 12:00:00+00:00,1.869,1.873,1.863,1.872,11300531.66
2025-12-24 13:00:00+00:00,1.872,1.873,1.864,1.87,7663144.12
2025-12-24 14:00:00+00:00,1.87,1.878,1.853,1.859,20571415.58
2025-12-24 15:00:00+00:00,1.859,1.87,1.853,1.863,19225089.62
2025-12-24 16:00:00+00:00,1.863,1.87,1.856,1.862,18768320.24
2025-12-24 17:00:00+00:00,1.862,1.869,1.851,1.851,23133953.08
2025-12-24 18:00:00+00:00,1.851,1.859,1.849,1.856,9784686.97
2025-12-24 19:00:00+00:00,1.856,1.863,1.854,1.862,9114006.54
2025-12-24 20:00:00+00:00,1.862,1.87,1.862,1.864,9675394.03
2025-12-24 21:00:00+00:00,1.864,1.866,1.862,1.864,6476569.89
2025-12-24 22:00:00+00:00,1.864,1.87,1.86,1.869,8797616.63
2025-12-24 23:00:00+00:00,1.869,1.87,1.861,1.863,6299277.02
2025-12-25 00:00:00+00:00,1.863,1.866,1.857,1.858,8425451.04
2025-12-25 01:00:00+00:00,1.858,1.867,1.857,1.866,8461661.35
2025-12-25 02:00:00+00:00,1.866,1.873,1.863,1.871,8451275.37
2025-12-25 03:00:00+00:00,1.871,1.874,1.867,1.87,10145601.83
2025-12-25 04:00:00+00:00,1.87,1.875,1.869,1.873,5627932.13
2025-12-25 05:00:00+00:00,1.873,1.874,1.868,1.869,5922919.27
2025-12-25 06:00:00+00:00,1.869,1.877,1.866,1.876,8182013.35
2025-12-25 07:00:00+00:00,1.876,1.877,1.872,1.875,7645568.82
2025-12-25 08:00:00+00:00,1.875,1.881,1.866,1.874,15010980.8
2025-12-25 09:00:00+00:00,1.874,1.875,1.867,1.872,12504202.81
2025-12-25 10:00:00+00:00,1.872,1.872,1.854,1.858,11885999.57
2025-12-25 11:00:00+00:00,1.858,1.864,1.857,1.859,11200363.46
2025-12-25 12:00:00+00:00,1.859,1.865,1.856,1.865,7316682.73
2025-12-25 13:00:00+00:00,1.865,1.87,1.863,1.869,9864589.47
2025-12-25 14:00:00+00:00,1.869,1.87,1.865,1.87,9078737.29
2025-12-25 15:00:00+00:00,1.87,1.889,1.866,1.883,25720829.36
2025-12-25 16:00:00+00:00,1.883,1.883,1.87,1.872,13357325.1
2025-12-25 17:00:00+00:00,1.872,1.872,1.865,1.871,8572366.86
2025-12-25 18:00:00+00:00,1.871,1.875,1.87,1.874,7901858.41
2025-12-25 19:00:00+00:00,1.874,1.874,1.871,1.873,5202653.85
2025-12-25 20:00:00+00:00,1.873,1.874,1.865,1.869,7164955.89
2025-12-25 21:00:00+00:00,1.869,1.87,1.865,1.866,6795538.45
2025-12-25 22:00:00+00:00,1.866,1.866,1.841,1.846,25474593.29
2025-12-25 23:00:00+00:00,1.846,1.851,1.829,1.833,30675210.93
2025-12-26 00:00:00+00:00,1.833,1.837,1.825,1.832,19760108.59
2025-12-26 01:00:00+00:00,1.832,1.84,1.83,1.837,11615278.23
2025-12-26 02:00:00+00:00,1.837,1.88,1.833,1.87,39814844.14
2025-12-26 03:00:00+00:00,1.87,1.874,1.859,1.865,17867850.13
2025-12-26 04:00:00+00:00,1.865,1.871,1.855,1.866,13102340.78
2025-12-26 05:00:00+00:00,1.866,1.873,1.864,1.869,9187923.29
2025-12-26 06:00:00+00:00,1.869,1.878,1.869,1.875,16283880.06
2025-12-26 07:00:00+00:00,1.875,1.883,1.862,1.864,24287531.28
2025-12-26 08:00:00+00:00,1.864,1.871,1.863,1.867,10929540.93
2025-12-26 09:00:00+00:00,1.867,1.878,1.867,1.877,12047524.9
2025-12-26 10:00:00+00:00,1.877,1.881,1.873,1.879,16034977.95
2025-12-26 11:00:00+00:00,1.879,1.879,1.871,1.871,10516644.5
2025-12-26 12:00:00+00:00,1.871,1.874,1.87,1.872,11756030.31
2025-12-26 13:00:00+00:00,1.872,1.88,1.869,1.878,14121176.66
2025-12-26 14:00:00+00:00,1.878,1.878,1.843,1.844,33889707.15
2025-12-26 15:00:00+00:00,1.844,1.844,1.827,1.838,56425195.5
2025-12-26 16:00:00+00:00,1.838,1.847,1.834,1.835,21614617.07
2025-12-26 17:00:00+00:00,1.835,1.85,1.835,1.844,15113445.37
2025-12-26 18:00:00+00:00,1.844,1.848,1.841,1.845,8780732.63
2025-12-26 19:00:00+00:00,1.845,1.85,1.842,1.846,7233533.68
2025-12-26 20:00:00+00:00,1.846,1.86,1.845,1.855,9732399.44
2025-12-26 21:00:00+00:00,1.855,1.857,1.847,1.847,7411918.11
2025-12-26 22:00:00+00:00,1.847,1.85,1.843,1.847,8427232.32
2025-12-26 23:00:00+00:00,1.847,1.849,1.842,1.844,7015191.5
2025-12-27 00:00:00+00:00,1.844,1.846,1.842,1.845,8086488.09
2025-12-27 01:00:00+00:00,1.845,1.847,1.843,1.847,8028340.3
2025-12-27 02:00:00+00:00,1.847,1.852,1.845,1.849,11997068.39
2025-12-27 03:00:00+00:00,1.849,1.854,1.846,1.852,7457644.54
2025-12-27 04:00:00+00:00,1.852,1.852,1.847,1.848,5077658.02
2025-12-27 05:00:00+00:00,1.848,1.85,1.846,1.85,3654669.71
2025-12-27 06:00:00+00:00,1.85,1.85,1.847,1.848,4861094.35
2025-12-27 07:00:00+00:00,1.848,1.852,1.848,1.848,5526941.33
2025-12-27 08:00:00+00:00,1.848,1.852,1.848,1.85,4772265.72
2025-12-27 09:00:00+00:00,1.85,1.856,1.85,1.851,7062125.3
2025-12-27 10:00:00+00:00,1.851,1.853,1.845,1.849,6516024.87
2025-12-27 11:00:00+00:00,1.849,1.852,1.847,1.851,5371684.11
2025-12-27 12:00:00+00:00,1.851,1.853,1.85,1.851,5749269.62
2025-12-27 13:00:00+00:00,1.851,1.852,1.845,1.846,5915951.86
2025-12-27 14:00:00+00:00,1.846,1.85,1.843,1.849,5461017.54
2025-12-27 15:00:00+00:00,1.849,1.852,1.847,1.85,4854369.69
2025-12-27 16:00:00+00:00,1.85,1.85,1.844,1.845,4818230.12
2025-12-27 17:00:00+00:00,1.845,1.852,1.844,1.85,18241186.11
2025-12-27 18:00:00+00:00,1.85,1.853,1.85,1.85,8810527.1
2025-12-27 19:00:00+00:00,1.85,1.857,1.848,1.856,5136443.84
2025-12-27 20:00:00+00:00,1.856,1.859,1.853,1.856,6005590.02
2025-12-27 21:00:00+00:00,1.856,1.863,1.855,1.862,4819713.13
2025-12-27 22:00:00+00:00,1.862,1.875,1.862,1.862,13508687.12
2025-12-27 23:00:00+00:00,1.862,1.877,1.862,1.874,13196511.89
2025-12-28 00:00:00+00:00,1.874,1.876,1.869,1.871,8455949.61
2025-12-28 01:00:00+00:00,1.871,1.875,1.869,1.871,5993103.56
2025-12-28 02:00:00+00:00,1.871,1.878,1.87,1.873,4969849.4
2025-12-28 03:00:00+00:00,1.873,1.875,1.871,1.874,5254133.05
2025-12-28 04:00:00+00:00,1.874,1.878,1.873,1.875,7653127.77
2025-12-28 05:00:00+00:00,1.875,1.877,1.873,1.873,7237639.74
2025-12-28 06:00:00+00:00,1.873,1.88,1.872,1.877,7277468.03
2025-12-28 07:00:00+00:00,1.877,1.88,1.873,1.874,4695375.54
2025-12-28 08:00:00+00:00,1.874,1.876,1.869,1.869,6645546.58
2025-12-28 09:00:00+00:00,1.869,1.869,1.863,1.865,7491983.98
2025-12-28 10:00:00+00:00,1.865,1.872,1.865,1.871,6860742.3
2025-12-28 11:00:00+00:00,1.871,1.874,1.869,1.872,5201348.79
2025-12-28 12:00:00+00:00,1.872,1.873,1.866,1.866,5860759.64
2025-12-28 13:00:00+00:00,1.866,1.871,1.866,1.867,5633331.62
2025-12-28 14:00:00+00:00,1.867,1.876,1.867,1.871,7746723.14
2025-12-28 15:00:00+00:00,1.871,1.875,1.869,1.87,7165303.0
2025-12-28 16:00:00+00:00,1.87,1.873,1.866,1.867,8247530.88
2025-12-28 17:00:00+00:00,1.867,1.871,1.866,1.868,4513560.88
2025-12-28 18:00:00+00:00,1.868,1.869,1.855,1.857,16811591.25
2025-12-28 19:00:00+00:00,1.857,1.86,1.854,1.858,10167625.52
2025-12-28 20:00:00+00:00,1.858,1.863,1.855,1.858,6268977.39
2025-12-28 21:00:00+00:00,1.858,1.863,1.856,1.862,6469029.83
2025-12-28 22:00:00+00:00,1.862,1.871,1.86,1.869,6623066.96
2025-12-28 23:00:00+00:00,1.869,1.871,1.86,1.865,8454177.04
2025-12-29 00:00:00+00:00,1.865,1.877,1.863,1.874,13628641.77
2025-12-29 01:00:00+00:00,1.874,1.886,1.865,1.882,20587157.25
2025-12-29 02:00:00+00:00,1.882,1.897,1.882,1.892,24539142.56
2025-12-29 03:00:00+00:00,1.892,1.917,1.891,1.915,27077920.16
2025-12-29 04:00:00+00:00,1.915,1.917,1.91,1.914,17878516.84
2025-12-29 05:00:00+00:00,1.914,1.915,1.903,1.903,23711834.02
2025-12-29 06:00:00+00:00,1.903,1.908,1.899,1.902,14834954.58
2025-12-29 07:00:00+00:00,1.902,1.904,1.893,1.901,21836338.68
2025-12-29 08:00:00+00:00,1.901,1.905,1.896,1.899,12988101.11
2025-12-29 09:00:00+00:00,1.899,1.899,1.867,1.876,32535647.15
2025-12-29 10:00:00+00:00,1.876,1.883,1.874,1.876,13252457.11
2025-12-29 11:00:00+00:00,1.876,1.877,1.872,1.872,10947525.21
2025-12-29 12:00:00+00:00,1.872,1.874,1.856,1.867,26790730.51
2025-12-29 13:00:00+00:00,1.867,1.87,1.858,1.863,10698941.15
2025-12-29 14:00:00+00:00,1.863,1.878,1.86,1.867,19846414.04
2025-12-29 15:00:00+00:00,1.867,1.874,1.864,1.866,15043411.9
2025-12-29 16:00:00+00:00,1.866,1.869,1.859,1.862,11984199.01
2025-12-29 17:00:00+00:00,1.862,1.866,1.859,1.866,8792121.82
2025-12-29 18:00:00+00:00,1.866,1.868,1.855,1.855,11851941.2
2025-12-29 19:00:00+00:00,1.855,1.86,1.85,1.853,13828346.18
2025-12-29 20:00:00+00:00,1.853,1.857,1.846,1.85,15889856.52
2025-12-29 21:00:00+00:00,1.85,1.854,1.848,1.854,9853590.25
2025-12-29 22:00:00+00:00,1.854,1.856,1.846,1.852,13118169.97
2025-12-29 23:00:00+00:00,1.852,1.853,1.848,1.851,12425082.76
2025-12-30 00:00:00+00:00,1.851,1.855,1.847,1.851,10663373.93
2025-12-30 01:00:00+00:00,1.851,1.852,1.845,1.848,10260466.86
2025-12-30 02:00:00+00:00,1.848,1.852,1.844,1.852,17165753.15
2025-12-30 03:00:00+00:00,1.852,1.863,1.849,1.861,13181699.77
2025-12-30 04:00:00+00:00,1.861,1.864,1.857,1.861,8575550.74
2025-12-30 05:00:00+00:00,1.861,1.863,1.855,1.859,9549688.28
2025-12-30 06:00:00+00:00,1.859,1.867,1.858,1.862,10589534.86
2025-12-30 07:00:00+00:00,1.862,1.865,1.857,1.86,11548439.94
2025-12-30 08:00:00+00:00,1.86,1.872,1.86,1.867,19784068.28
2025-12-30 09:00:00+00:00,1.867,1.871,1.865,1.869,9764944.51
2025-12-30 10:00:00+00:00,1.869,1.87,1.862,1.862,10701239.81
2025-12-30 11:00:00+00:00,1.862,1.864,1.86,1.862,8114431.49
2025-12-30 12:00:00+00:00,1.862,1.868,1.862,1.864,8944617.4
2025-12-30 13:00:00+00:00,1.864,1.865,1.86,1.864,9518660.24
2025-12-30 14:00:00+00:00,1.864,1.876,1.855,1.873,25506840.97
2025-12-30 15:00:00+00:00,1.873,1.879,1.865,1.878,17141859.26
2025-12-30 16:00:00+00:00,1.878,1.882,1.87,1.878,16667624.86
2025-12-30 17:00:00+00:00,1.878,1.886,1.873,1.875,22961331.86
2025-12-30 18:00:00+00:00,1.875,1.884,1.874,1.879,12247270.97
2025-12-30 19:00:00+00:00,1.879,1.88,1.871,1.876,11381722.82
2025-12-30 20:00:00+00:00,1.876,1.877,1.866,1.869,16672899.47
2025-12-30 21:00:00+00:00,1.869,1.874,1.869,1.873,9202157.64
2025-12-30 22:00:00+00:00,1.873,1.879,1.872,1.872,9200279.74
2025-12-30 23:00:00+00:00,1.872,1.878,1.871,1.878,8362408.42
2025-12-31 00:00:00+00:00,1.878,1.878,1.872,1.874,10208617.39
2025-12-31 01:00:00+00:00,1.874,1.884,1.872,1.88,14381349.8
2025-12-31 02:00:00+00:00,1.88,1.88,1.876,1.879,9612065.2
2025-12-31 03:00:00+00:00,1.879,1.879,1.87,1.872,8679828.52
2025-12-31 04:00:00+00:00,1.872,1.872,1.868,1.869,8174941.49
2025-12-31 05:00:00+00:00,1.869,1.873,1.868,1.872,8114911.89
2025-12-31 06:00:00+00:00,1.872,1.876,1.87,1.873,6103489.89
2025-12-31 07:00:00+00:00,1.873,1.873,1.869,1.872,8447923.44
2025-12-31 08:00:00+00:00,1.872,1.875,1.865,1.867,9335924.1
2025-12-31 09:00:00+00:00,1.867,1.872,1.867,1.871,6331731.12
2025-12-31 10:00:00+00:00,1.871,1.874,1.87,1.872,7453826.59
2025-12-31 11:00:00+00:00,1.872,1.881,1.872,1.879,19692911.79
2025-12-31 12:00:00+00:00,1.879,1.879,1.873,1.876,10709301.17
2025-12-31 13:00:00+00:00,1.876,1.878,1.873,1.876,10579993.41
2025-12-31 14:00:00+00:00,1.876,1.883,1.864,1.867,19920461.41
2025-12-31 15:00:00+00:00,1.867,1.868,1.853,1.86,22279827.79
2025-12-31 16:00:00+00:00,1.86,1.86,1.843,1.844,31624744.95
2025-12-31 17:00:00+00:00,1.844,1.845,1.834,1.835,20217709.48
2025-12-31 18:00:00+00:00,1.835,1.841,1.833,1.835,14443745.46
2025-12-31 19:00:00+00:00,1.835,1.839,1.827,1.829,17702039.74
2025-12-31 20:00:00+00:00,1.829,1.835,1.812,1.83,32451059.09
2025-12-31 21:00:00+00:00,1.83,1.843,1.828,1.842,14961505.68
2025-12-31 22:00:00+00:00,1.842,1.847,1.837,1.841,16481824.65
2025-12-31 23:00:00+00:00,1.841,1.845,1.84,1.842,11159505.43
2026-01-01 00:00:00+00:00,1.842,1.849,1.84,1.846,15567423.17
2026-01-01 01:00:00+00:00,1.846,1.848,1.84,1.842,10661470.43
2026-01-01 02:00:00+00:00,1.842,1.843,1.839,1.84,9504821.25
2026-01-01 03:00:00+00:00,1.84,1.842,1.834,1.835,9027186.05
2026-01-01 04:00:00+00:00,1.835,1.835,1.826,1.831,13667636.7
2026-01-01 05:00:00+00:00,1.831,1.856,1.831,1.845,19857372.16
2026-01-01 06:00:00+00:00,1.845,1.848,1.844,1.846,6866212.54
2026-01-01 07:00:00+00:00,1.846,1.847,1.841,1.842,5348810.35
2026-01-01 08:00:00+00:00,1.842,1.851,1.842,1.85,5923390.83
2026-01-01 09:00:00+00:00,1.85,1.855,1.849,1.852,7802293.09
2026-01-01 10:00:00+00:00,1.852,1.855,1.851,1.853,6625612.65
2026-01-01 11:00:00+00:00,1.853,1.856,1.85,1.855,8161805.41
2026-01-01 12:00:00+00:00,1.855,1.856,1.852,1.853,6156005.84
2026-01-01 13:00:00+00:00,1.853,1.859,1.852,1.858,8897789.02
2026-01-01 14:00:00+00:00,1.858,1.86,1.852,1.856,11616076.04
2026-01-01 15:00:00+00:00,1.856,1.867,1.852,1.863,14756518.85
2026-01-01 16:00:00+00:00,1.863,1.865,1.857,1.865,11878378.81
2026-01-01 17:00:00+00:00,1.865,1.875,1.864,1.869,15043908.99
2026-01-01 18:00:00+00:00,1.869,1.871,1.865,1.869,10284725.8
2026-01-01 19:00:00+00:00,1.869,1.874,1.868,1.874,6848533.35
2026-01-01 20:00:00+00:00,1.874,1.876,1.868,1.872,9201614.28
2026-01-01 21:00:00+00:00,1.872,1.873,1.867,1.871,5837054.87
2026-01-01 22:00:00+00:00,1.871,1.876,1.869,1.876,8002152.81
2026-01-01 23:00:00+00:00,1.876,1.881,1.872,1.88,14113633.11
2026-01-02 00:00:00+00:00,1.88,1.882,1.875,1.879,10883837.08
2026-01-02 01:00:00+00:00,1.879,1.88,1.872,1.872,9131102.57
2026-01-02 02:00:00+00:00,1.872,1.877,1.869,1.877,7014809.31
2026-01-02 03:00:00+00:00,1.877,1.893,1.875,1.889,21714934.42
2026-01-02 04:00:00+00:00,1.889,1.89,1.876,1.877,9564128.75
2026-01-02 05:00:00+00:00,1.877,1.877,1.872,1.876,9544768.15
2026-01-02 06:00:00+00:00,1.876,1.882,1.875,1.877,14439152.57
2026-01-02 07:00:00+00:00,1.877,1.878,1.871,1.872,7348699.26
2026-01-02 08:00:00+00:00,1.872,1.881,1.871,1.88,8580128.43
2026-01-02 09:00:00+00:00,1.88,1.899,1.878,1.897,26608474.83
2026-01-02 10:00:00+00:00,1.897,1.909,1.897,1.897,23226420.67
2026-01-02 11:00:00+00:00,1.897,1.898,1.887,1.891,13882537.22
2026-01-02 12:00:00+00:00,1.891,1.902,1.89,1.899,12178775.61
2026-01-02 13:00:00+00:00,1.899,1.905,1.896,1.897,15674887.05
2026-01-02 14:00:00+00:00,1.897,1.922,1.888,1.917,47479678.78
2026-01-02 15:00:00+00:00,1.917,1.925,1.899,1.918,34119972.72
2026-01-02 16:00:00+00:00,1.918,1.964,1.916,1.963,64387921.16
2026-01-02 17:00:00+00:00,1.963,1.997,1.963,1.993,74471997.48
2026-01-02 18:00:00+00:00,1.993,1.998,1.97,1.978,44598311.62
2026-01-02 19:00:00+00:00,1.978,1.996,1.973,1.992,27790302.09
2026-01-02 20:00:00+00:00,1.992,1.997,1.978,1.98,27706034.34
2026-01-02 21:00:00+00:00,1.98,2.021,1.98,2.017,43928031.09
2026-01-02 22:00:00+00:00,2.017,2.03,2.01,2.016,36187897.59
2026-01-02 23:00:00+00:00,2.016,2.019,2.005,2.007,23529465.55
2026-01-03 00:00:00+00:00,2.007,2.039,2.007,2.015,33710299.81
2026-01-03 01:00:00+00:00,2.015,2.032,2.012,2.03,19472047.67
2026-01-03 02:00:00+00:00,2.03,2.031,2.019,2.025,13280998.12
2026-01-03 03:00:00+00:00,2.025,2.042,2.02,2.04,22474641.95
2026-01-03 04:00:00+00:00,2.04,2.056,2.038,2.049,34518851.84
2026-01-03 05:00:00+00:00,2.049,2.056,2.028,2.032,24687484.13
2026-01-03 06:00:00+00:00,2.032,2.036,2.008,2.012,23856119.52
2026-01-03 07:00:00+00:00,2.012,2.016,1.985,1.994,41606257.09
2026-01-03 08:00:00+00:00,1.994,2.01,1.993,2.008,20861268.13
2026-01-03 09:00:00+00:00,2.008,2.022,2.006,2.014,19238771.19
2026-01-03 10:00:00+00:00,2.014,2.015,2.004,2.005,13898940.7
2026-01-03 11:00:00+00:00,2.005,2.006,1.997,2.0,12004708.05
2026-01-03 12:00:00+00:00,2.0,2.006,1.994,2.003,12667511.74
2026-01-03 13:00:00+00:00,2.003,2.01,2.0,2.005,12115219.66
2026-01-03 14:00:00+00:00,2.005,2.019,2.004,2.011,17503002.97
2026-01-03 15:00:00+00:00,2.011,2.013,2.005,2.007,9171155.96
2026-01-03 16:00:00+00:00,2.007,2.011,2.0,2.002,11903079.93
2026-01-03 17:00:00+00:00,2.002,2.005,1.997,2.002,9551653.35
2026-01-03 18:00:00+00:00,2.002,2.011,1.998,2.01,9534858.46
2026-01-03 19:00:00+00:00,2.01,2.01,2.003,2.007,6784357.18
2026-01-03 20:00:00+00:00,2.007,2.011,1.999,2.008,9059822.36
2026-01-03 21:00:00+00:00,2.008,2.014,2.005,2.009,9151331.72
2026-01-03 22:00:00+00:00,2.009,2.017,2.004,2.014,8025132.8
2026-01-03 23:00:00+00:00,2.014,2.019,2.012,2.018,9636225.84
2026-01-04 00:00:00+00:00,2.018,2.048,2.016,2.043,32115854.83
2026-01-04 01:00:00+00:00,2.043,2.043,2.027,2.035,17679536.73
2026-01-04 02:00:00+00:00,2.035,2.037,2.027,2.031,17351111.16
2026-01-04 03:00:00+00:00,2.031,2.062,2.03,2.058,44360735.8
2026-01-04 04:00:00+00:00,2.058,2.069,2.053,2.061,35279165.55
2026-01-04 05:00:00+00:00,2.061,2.076,2.056,2.067,29251256.65
2026-01-04 06:00:00+00:00,2.067,2.073,2.058,2.068,23536632.45
2026-01-04 07:00:00+00:00,2.068,2.081,2.062,2.072,22720951.96
2026-01-04 08:00:00+00:00,2.072,2.085,2.06,2.077,32440811.45
2026-01-04 09:00:00+00:00,2.077,2.089,2.067,2.086,19319761.88
2026-01-04 10:00:00+00:00,2.086,2.092,2.079,2.091,19831151.37
2026-01-04 11:00:00+00:00,2.091,2.097,2.083,2.095,19152244.96
2026-01-04 12:00:00+00:00,2.095,2.12,2.092,2.118,44926303.72
2026-01-04 13:00:00+00:00,2.118,2.118,2.092,2.102,39199061.06
2026-01-04 14:00:00+00:00,2.102,2.107,2.082,2.091,35677414.13
2026-01-04 15:00:00+00:00,2.091,2.097,2.083,2.091,18788513.18
2026-01-04 16:00:00+00:00,2.091,2.094,2.083,2.091,21598657.77
2026-01-04 17:00:00+00:00,2.091,2.103,2.09,2.096,12981166.11
2026-01-04 18:00:00+00:00,2.096,2.096,2.075,2.088,19481253.7
2026-01-04 19:00:00+00:00,2.088,2.089,2.073,2.085,17548986.34
2026-01-04 20:00:00+00:00,2.085,2.095,2.081,2.092,9876684.88
2026-01-04 21:00:00+00:00,2.092,2.102,2.089,2.097,13733414.65
2026-01-04 22:00:00+00:00,2.097,2.1,2.08,2.086,9353049.9
2026-01-04 23:00:00+00:00,2.086,2.098,2.084,2.091,13730092.65
2026-01-05 00:00:00+00:00,2.091,2.116,2.088,2.112,35858714.33
2026-01-05 01:00:00+00:00,2.112,2.166,2.11,2.157,54155852.74
2026-01-05 02:00:00+00:00,2.157,2.161,2.136,2.144,32363259.98
2026-01-05 03:00:00+00:00,2.144,2.154,2.137,2.143,21199603.88
2026-01-05 04:00:00+00:00,2.143,2.146,2.118,2.127,25879527.08
2026-01-05 05:00:00+00:00,2.127,2.138,2.122,2.123,18516774.55
2026-01-05 06:00:00+00:00,2.123,2.129,2.11,2.124,19249365.61
2026-01-05 07:00:00+00:00,2.124,2.135,2.123,2.134,16006134.62
2026-01-05 08:00:00+00:00,2.134,2.153,2.131,2.14,25659562.27
2026-01-05 09:00:00+00:00,2.14,2.148,2.129,2.138,26440529.69
2026-01-05 10:00:00+00:00,2.138,2.149,2.133,2.138,28170044.73
2026-01-05 11:00:00+00:00,2.138,2.138,2.126,2.134,15431092.43
2026-01-05 12:00:00+00:00,2.134,2.138,2.123,2.127,18922271.87
2026-01-05 13:00:00+00:00,2.127,2.132,2.113,2.117,22557947.56
2026-01-05 14:00:00+00:00,2.117,2.154,2.113,2.15,49058690.44
2026-01-05 15:00:00+00:00,2.15,2.169,2.139,2.165,51006892.55
2026-01-05 16:00:00+00:00,2.165,2.196,2.165,2.194,60149587.74
2026-01-05 17:00:00+00:00,2.194,2.207,2.169,2.207,55295522.55
2026-01-05 18:00:00+00:00,2.207,2.269,2.2,2.267,93188837.91
2026-01-05 19:00:00+00:00,2.267,2.281,2.258,2.278,81203212.09
2026-01-05 20:00:00+00:00,2.278,2.35,2.277,2.316,166253061.79
2026-01-05 21:00:00+00:00,2.316,2.343,2.313,2.336,61784854.27
2026-01-05 22:00:00+00:00,2.336,2.345,2.322,2.335,44519093.0
2026-01-05 23:00:00+00:00,2.335,2.369,2.335,2.348,71413681.98
2026-01-06 00:00:00+00:00,2.348,2.373,2.317,2.371,88910814.16
2026-01-06 01:00:00+00:00,2.371,2.405,2.362,2.374,94001247.16
2026-01-06 02:00:00+00:00,2.374,2.417,2.372,2.393,64241542.48
2026-01-06 03:00:00+00:00,2.393,2.401,2.38,2.386,43582782.44
2026-01-06 04:00:00+00:00,2.386,2.394,2.367,2.388,45716947.13
2026-01-06 05:00:00+00:00,2.388,2.407,2.383,2.39,56920877.99
2026-01-06 06:00:00+00:00,2.39,2.4,2.375,2.377,48254976.06
2026-01-06 07:00:00+00:00,2.377,2.377,2.322,2.33,84563909.62
2026-01-06 08:00:00+00:00,2.33,2.346,2.326,2.332,44731027.54
2026-01-06 09:00:00+00:00,2.332,2.358,2.33,2.352,32016316.17
2026-01-06 10:00:00+00:00,2.352,2.364,2.346,2.361,24787028.13
2026-01-06 11:00:00+00:00,2.361,2.378,2.357,2.378,40748943.43
2026-01-06 12:00:00+00:00,2.378,2.395,2.369,2.374,48161736.57
2026-01-06 13:00:00+00:00,2.374,2.379,2.367,2.371,30108381.95
2026-01-06 14:00:00+00:00,2.371,2.398,2.371,2.379,81569570.79
2026-01-06 15:00:00+00:00,2.379,2.392,2.335,2.349,66082242.08
2026-01-06 16:00:00+00:00,2.349,2.355,2.268,2.282,157503935.83
2026-01-06 17:00:00+00:00,2.282,2.289,2.209,2.209,151459051.26
2026-01-06 18:00:00+00:00,2.209,2.255,2.206,2.246,63715782.21
2026-01-06 19:00:00+00:00,2.246,2.258,2.225,2.228,28100234.41
2026-01-06 20:00:00+00:00,2.228,2.267,2.228,2.258,50929658.02
2026-01-06 21:00:00+00:00,2.258,2.291,2.25,2.283,51331957.59
2026-01-06 22:00:00+00:00,2.283,2.299,2.276,2.292,31497861.63
2026-01-06 23:00:00+00:00,2.292,2.312,2.287,2.304,40851664.99
2026-01-07 00:00:00+00:00,2.304,2.32,2.283,2.283,48266703.32
2026-01-07 01:00:00+00:00,2.283,2.293,2.257,2.266,40753229.33
2026-01-07 02:00:00+00:00,2.266,2.28,2.258,2.276,22956652.29
2026-01-07 03:00:00+00:00,2.276,2.281,2.262,2.267,17039596.88
2026-01-07 04:00:00+00:00,2.267,2.275,2.258,2.259,19081828.37
2026-01-07 05:00:00+00:00,2.259,2.265,2.245,2.252,26506539.86
2026-01-07 06:00:00+00:00,2.252,2.27,2.25,2.264,13933709.21
2026-01-07 07:00:00+00:00,2.264,2.286,2.264,2.28,19521072.02
2026-01-07 08:00:00+00:00,2.28,2.291,2.274,2.284,19331903.98
2026-01-07 09:00:00+00:00,2.284,2.284,2.233,2.24,41389302.6
2026-01-07 10:00:00+00:00,2.24,2.253,2.236,2.249,21900056.65
2026-01-07 11:00:00+00:00,2.249,2.258,2.246,2.25,14268260.22
2026-01-07 12:00:00+00:00,2.25,2.255,2.243,2.248,16557744.15
2026-01-07 13:00:00+00:00,2.248,2.256,2.238,2.244,19630186.07
2026-01-07 14:00:00+00:00,2.244,2.245,2.208,2.229,56070659.18
2026-01-07 15:00:00+00:00,2.229,2.23,2.184,2.196,64624548.89
2026-01-07 16:00:00+00:00,2.196,2.223,2.194,2.202,30865117.6
2026-01-07 17:00:00+00:00,2.202,2.21,2.189,2.194,22215580.94
2026-01-07 18:00:00+00:00,2.194,2.204,2.182,2.188,25751843.99
2026-01-07 19:00:00+00:00,2.188,2.198,2.171,2.194,29025864.34
2026-01-07 20:00:00+00:00,2.194,2.199,2.172,2.174,22528582.8
2026-01-07 21:00:00+00:00,2.174,2.186,2.173,2.179,19215710.05
2026-01-07 22:00:00+00:00,2.179,2.192,2.168,2.17,22154083.7
2026-01-07 23:00:00+00:00,2.17,2.181,2.152,2.166,34626333.35
2026-01-08 00:00:00+00:00,2.166,2.174,2.148,2.17,31060997.64
2026-01-08 01:00:00+00:00,2.17,2.191,2.17,2.183,31196647.88
2026-01-08 02:00:00+00:00,2.183,2.192,2.16,2.168,34013444.36
2026-01-08 03:00:00+00:00,2.168,2.176,2.146,2.15,21522138.55
2026-01-08 04:00:00+00:00,2.15,2.172,2.146,2.161,13911956.78
2026-01-08 05:00:00+00:00,2.161,2.166,2.14,2.143,18135776.38
2026-01-08 06:00:00+00:00,2.143,2.146,2.108,2.108,50359200.04
2026-01-08 07:00:00+00:00,2.108,2.123,2.099,2.12,51128719.9
2026-01-08 08:00:00+00:00,2.12,2.134,2.108,2.113,38039659.51
2026-01-08 09:00:00+00:00,2.113,2.122,2.095,2.096,48539415.38
2026-01-08 10:00:00+00:00,2.096,2.107,2.082,2.104,38042844.12
2026-01-08 11:00:00+00:00,2.104,2.106,2.082,2.093,41209361.31
2026-01-08 12:00:00+00:00,2.093,2.093,2.073,2.081,38582030.22
2026-01-08 13:00:00+00:00,2.081,2.096,2.079,2.088,28903826.28
2026-01-08 14:00:00+00:00,2.088,2.098,2.066,2.087,92869909.05
2026-01-08 15:00:00+00:00,2.087,2.128,2.074,2.127,70164333.31
2026-01-08 16:00:00+00:00,2.127,2.145,2.112,2.145,73847621.28
2026-01-08 17:00:00+00:00,2.145,2.169,2.139,2.164,52602212.8
2026-01-08 18:00:00+00:00,2.164,2.165,2.125,2.137,35414158.36
2026-01-08 19:00:00+00:00,2.137,2.15,2.131,2.136,16285526.93
2026-01-08 20:00:00+00:00,2.136,2.136,2.114,2.127,22172955.58
2026-01-08 21:00:00+00:00,2.127,2.145,2.123,2.14,20343852.82
2026-01-08 22:00:00+00:00,2.14,2.148,2.122,2.134,18280673.02
2026-01-08 23:00:00+00:00,2.134,2.137,2.121,2.123,12712765.43
2026-01-09 00:00:00+00:00,2.123,2.137,2.121,2.132,11865920.95
2026-01-09 01:00:00+00:00,2.132,2.142,2.11,2.11,30767881.25
2026-01-09 02:00:00+00:00,2.11,2.136,2.109,2.118,24258511.38
2026-01-09 03:00:00+00:00,2.118,2.136,2.117,2.136,13399932.75
2026-01-09 04:00:00+00:00,2.136,2.138,2.127,2.127,11428081.55
2026-01-09 05:00:00+00:00,2.127,2.138,2.126,2.138,19578070.77
2026-01-09 06:00:00+00:00,2.138,2.147,2.13,2.144,22501415.62
2026-01-09 07:00:00+00:00,2.144,2.144,2.12,2.12,17597653.01
2026-01-09 08:00:00+00:00,2.12,2.123,2.073,2.084,50248252.29
2026-01-09 09:00:00+00:00,2.084,2.108,2.083,2.096,32902320.04
2026-01-09 10:00:00+00:00,2.096,2.106,2.093,2.101,12015060.92
2026-01-09 11:00:00+00:00,2.101,2.109,2.097,2.103,16722542.67
2026-01-09 12:00:00+00:00,2.103,2.104,2.09,2.097,17649518.51
2026-01-09 13:00:00+00:00,2.097,2.114,2.093,2.106,39702446.19
2026-01-09 14:00:00+00:00,2.106,2.108,2.081,2.091,35603314.53
2026-01-09 15:00:00+00:00,2.091,2.161,2.08,2.118,87831048.96
2026-01-09 16:00:00+00:00,2.118,2.144,2.116,2.132,46829615.11
2026-01-09 17:00:00+00:00,2.132,2.132,2.093,2.107,30843727.42
2026-01-09 18:00:00+00:00,2.107,2.11,2.077,2.093,25908240.52
2026-01-09 19:00:00+00:00,2.093,2.093,2.078,2.083,21544289.16
2026-01-09 20:00:00+00:00,2.083,2.093,2.08,2.085,18709536.94
2026-01-09 21:00:00+00:00,2.085,2.095,2.077,2.092,19646169.31
2026-01-09 22:00:00+00:00,2.092,2.101,2.088,2.098,15039457.53
2026-01-09 23:00:00+00:00,2.098,2.099,2.092,2.096,10362984.19
2026-01-10 00:00:00+00:00,2.096,2.097,2.089,2.092,10111793.9
2026-01-10 01:00:00+00:00,2.092,2.097,2.09,2.096,7682085.68
2026-01-10 02:00:00+00:00,2.096,2.102,2.091,2.094,6986563.19
2026-01-10 03:00:00+00:00,2.094,2.098,2.087,2.091,7755999.56
2026-01-10 04:00:00+00:00,2.091,2.092,2.083,2.084,12911741.7
2026-01-10 05:00:00+00:00,2.084,2.093,2.081,2.09,7049454.97
2026-01-10 06:00:00+00:00,2.09,2.095,2.086,2.093,8544920.02
2026-01-10 07:00:00+00:00,2.093,2.101,2.092,2.1,9801903.5
2026-01-10 08:00:00+00:00,2.1,2.102,2.09,2.094,9581959.61
2026-01-10 09:00:00+00:00,2.094,2.098,2.092,2.097,5952880.55
2026-01-10 10:00:00+00:00,2.097,2.105,2.095,2.105,7827611.43
2026-01-10 11:00:00+00:00,2.105,2.105,2.099,2.103,7598864.14
2026-01-10 12:00:00+00:00,2.103,2.11,2.1,2.101,9821632.91
2026-01-10 13:00:00+00:00,2.101,2.101,2.091,2.092,9982420.81
2026-01-10 14:00:00+00:00,2.092,2.093,2.088,2.091,10207325.1
2026-01-10 15:00:00+00:00,2.091,2.095,2.089,2.093,7886512.72
2026-01-10 16:00:00+00:00,2.093,2.097,2.09,2.095,6010066.99
2026-01-10 17:00:00+00:00,2.095,2.098,2.089,2.091,7687712.69
2026-01-10 18:00:00+00:00,2.091,2.101,2.088,2.097,7023428.87
2026-01-10 19:00:00+00:00,2.097,2.099,2.092,2.095,4640820.73
2026-01-10 20:00:00+00:00,2.095,2.096,2.091,2.092,4803138.8
2026-01-10 21:00:00+00:00,2.092,2.092,2.089,2.091,7204105.03
2026-01-10 22:00:00+00:00,2.091,2.096,2.085,2.086,8161938.64
2026-01-10 23:00:00+00:00,2.086,2.093,2.086,2.091,7584645.89
2026-01-11 00:00:00+00:00,2.091,2.095,2.087,2.09,9271857.99
2026-01-11 01:00:00+00:00,2.09,2.093,2.087,2.093,6044787.62
2026-01-11 02:00:00+00:00,2.093,2.096,2.089,2.093,6313151.27
2026-01-11 03:00:00+00:00,2.093,2.095,2.092,2.095,7296155.44
2026-01-11 04:00:00+00:00,2.095,2.095,2.09,2.093,5935550.32
2026-01-11 05:00:00+00:00,2.093,2.096,2.09,2.096,6128519.46
2026-01-11 06:00:00+00:00,2.096,2.096,2.086,2.095,7827658.54
2026-01-11 07:00:00+00:00,2.095,2.099,2.09,2.093,6806054.59
2026-01-11 08:00:00+00:00,2.093,2.098,2.088,2.097,8833932.1
2026-01-11 09:00:00+00:00,2.097,2.097,2.091,2.092,8505514.76
2026-01-11 10:00:00+00:00,2.092,2.096,2.09,2.093,7721577.94
2026-01-11 11:00:00+00:00,2.093,2.096,2.091,2.096,6313280.35
2026-01-11 12:00:00+00:00,2.096,2.106,2.096,2.104,13896442.13
2026-01-11 13:00:00+00:00,2.104,2.105,2.095,2.098,9743697.93
2026-01-11 14:00:00+00:00,2.098,2.109,2.097,2.108,10927403.82
2026-01-11 15:00:00+00:00,2.108,2.11,2.085,2.089,19007959.66
2026-01-11 16:00:00+00:00,2.089,2.103,2.087,2.095,17306630.15
2026-01-11 17:00:00+00:00,2.095,2.098,2.086,2.094,8462319.97
2026-01-11 18:00:00+00:00,2.094,2.096,2.088,2.093,7703896.79
2026-01-11 19:00:00+00:00,2.093,2.097,2.086,2.087,12965643.69
2026-01-11 20:00:00+00:00,2.087,2.087,2.047,2.066,53754502.21
2026-01-11 21:00:00+00:00,2.066,2.075,2.056,2.074,19755390.64
2026-01-11 22:00:00+00:00,2.074,2.074,2.057,2.062,20905299.14
2026-01-11 23:00:00+00:00,2.062,2.078,2.048,2.074,26309943.78
2026-01-12 00:00:00+00:00,2.074,2.074,2.037,2.055,55557238.76
2026-01-12 01:00:00+00:00,2.055,2.077,2.055,2.064,46968508.6
2026-01-12 02:00:00+00:00,2.064,2.106,2.062,2.1,40403850.54
2026-01-12 03:00:00+00:00,2.1,2.106,2.08,2.083,33711108.09
2026-01-12 04:00:00+00:00,2.083,2.095,2.082,2.091,21256415.42
2026-01-12 05:00:00+00:00,2.091,2.092,2.082,2.083,14794706.53
2026-01-12 06:00:00+00:00,2.083,2.086,2.069,2.071,29006574.08
2026-01-12 07:00:00+00:00,2.071,2.077,2.053,2.054,36536877.78
2026-01-12 08:00:00+00:00,2.054,2.06,2.035,2.05,66384144.67
2026-01-12 09:00:00+00:00,2.05,2.054,2.043,2.044,63851079.58
2026-01-12 10:00:00+00:00,2.044,2.049,2.035,2.036,67981258.7
2026-01-12 11:00:00+00:00,2.036,2.049,2.035,2.049,47170248.86
2026-01-12 12:00:00+00:00,2.049,2.055,2.047,2.05,31677797.19
2026-01-12 13:00:00+00:00,2.05,2.06,2.044,2.052,16312252.13
2026-01-12 14:00:00+00:00,2.052,2.076,2.042,2.073,36421662.02
2026-01-12 15:00:00+00:00,2.073,2.094,2.069,2.094,35140954.53
2026-01-12 16:00:00+00:00,2.094,2.109,2.086,2.094,42083781.94
2026-01-12 17:00:00+00:00,2.094,2.099,2.054,2.068,33516078.37
2026-01-12 18:00:00+00:00,2.068,2.077,2.061,2.067,16852873.93
2026-01-12 19:00:00+00:00,2.067,2.072,2.058,2.07,12348184.92
2026-01-12 20:00:00+00:00,2.07,2.076,2.063,2.065,15344849.05
2026-01-12 21:00:00+00:00,2.065,2.065,2.04,2.049,24293216.83
2026-01-12 22:00:00+00:00,2.049,2.059,2.049,2.054,12017097.57
2026-01-12 23:00:00+00:00,2.054,2.058,2.046,2.054,9172664.03
2026-01-13 00:00:00+00:00,2.054,2.061,2.051,2.059,10792570.75
2026-01-13 01:00:00+00:00,2.059,2.064,2.049,2.054,9421467.83
2026-01-13 02:00:00+00:00,2.054,2.061,2.051,2.052,9985196.32
2026-01-13 03:00:00+00:00,2.052,2.059,2.047,2.05,13681036.92
2026-01-13 04:00:00+00:00,2.05,2.058,2.05,2.058,10146212.59
2026-01-13 05:00:00+00:00,2.058,2.08,2.058,2.064,21879919.01
2026-01-13 06:00:00+00:00,2.064,2.068,2.057,2.063,16423120.92
2026-01-13 07:00:00+00:00,2.063,2.063,2.052,2.053,13294596.31
2026-01-13 08:00:00+00:00,2.053,2.069,2.053,2.066,13597549.62
2026-01-13 09:00:00+00:00,2.066,2.074,2.06,2.065,17633245.4
2026-01-13 10:00:00+00:00,2.065,2.07,2.058,2.061,10824618.62
2026-01-13 11:00:00+00:00,2.061,2.064,2.058,2.061,11799920.97
2026-01-13 12:00:00+00:00,2.061,2.065,2.056,2.064,10921429.33
2026-01-13 13:00:00+00:00,2.064,2.078,2.06,2.069,40584854.21
2026-01-13 14:00:00+00:00,2.069,2.097,2.061,2.078,39862422.22
2026-01-13 15:00:00+00:00,2.078,2.101,2.067,2.099,36212545.16
2026-01-13 16:00:00+00:00,2.099,2.115,2.09,2.105,56960244.51
2026-01-13 17:00:00+00:00,2.105,2.108,2.085,2.092,27910501.11
2026-01-13 18:00:00+00:00,2.092,2.113,2.089,2.106,18310649.99
2026-01-13 19:00:00+00:00,2.106,2.139,2.104,2.139,27653057.35
2026-01-13 20:00:00+00:00,2.139,2.149,2.12,2.133,45843931.78
2026-01-13 21:00:00+00:00,2.133,2.142,2.121,2.121,21007984.24
2026-01-13 22:00:00+00:00,2.121,2.182,2.121,2.174,85098724.72
2026-01-13 23:00:00+00:00,2.174,2.184,2.151,2.165,43006605.26
2026-01-14 00:00:00+00:00,2.165,2.178,2.157,2.167,29746187.52
2026-01-14 01:00:00+00:00,2.167,2.177,2.16,2.175,31272737.05
2026-01-14 02:00:00+00:00,2.175,2.192,2.168,2.171,35119158.16
2026-01-14 03:00:00+00:00,2.171,2.185,2.166,2.184,23500000.79
2026-01-14 04:00:00+00:00,2.184,2.186,2.163,2.163,26259942.6
2026-01-14 05:00:00+00:00,2.163,2.164,2.152,2.153,35230004.14
2026-01-14 06:00:00+00:00,2.153,2.153,2.134,2.149,44942911.56
2026-01-14 07:00:00+00:00,2.149,2.156,2.14,2.148,25490790.79
2026-01-14 08:00:00+00:00,2.148,2.153,2.142,2.142,16096982.54
2026-01-14 09:00:00+00:00,2.142,2.154,2.142,2.147,18510249.57
2026-01-14 10:00:00+00:00,2.147,2.149,2.129,2.136,20243833.03
2026-01-14 11:00:00+00:00,2.136,2.136,2.112,2.116,20642401.68
2026-01-14 12:00:00+00:00,2.116,2.127,2.112,2.125,17317296.43
2026-01-14 13:00:00+00:00,2.125,2.132,2.112,2.116,20744293.69
2026-01-14 14:00:00+00:00,2.116,2.169,2.115,2.16,57661933.65
2026-01-14 15:00:00+00:00,2.16,2.174,2.143,2.156,70518995.6
2026-01-14 16:00:00+00:00,2.156,2.176,2.156,2.16,47332781.67
2026-01-14 17:00:00+00:00,2.16,2.167,2.136,2.139,35511401.24
2026-01-14 18:00:00+00:00,2.139,2.153,2.125,2.14,29910277.26
2026-01-14 19:00:00+00:00,2.14,2.164,2.134,2.146,30896729.94
2026-01-14 20:00:00+00:00,2.146,2.161,2.14,2.15,27179515.7
2026-01-14 21:00:00+00:00,2.15,2.155,2.141,2.148,12608241.46
2026-01-14 22:00:00+00:00,2.148,2.148,2.132,2.136,18908340.65
2026-01-14 23:00:00+00:00,2.136,2.147,2.132,2.139,14495723.31
2026-01-15 00:00:00+00:00,2.139,2.143,2.129,2.133,17474616.58
2026-01-15 01:00:00+00:00,2.133,2.14,2.117,2.119,19500334.28
2026-01-15 02:00:00+00:00,2.119,2.126,2.101,2.105,28162849.04
2026-01-15 03:00:00+00:00,2.105,2.108,2.083,2.089,35278916.56
2026-01-15 04:00:00+00:00,2.089,2.104,2.086,2.102,19062333.61
2026-01-15 05:00:00+00:00,2.102,2.106,2.097,2.1,15801633.5
2026-01-15 06:00:00+00:00,2.1,2.102,2.089,2.092,14700679.07
2026-01-15 07:00:00+00:00,2.092,2.106,2.089,2.101,13994859.22
2026-01-15 08:00:00+00:00,2.101,2.105,2.096,2.104,10970590.26
2026-01-15 09:00:00+00:00,2.104,2.122,2.097,2.117,20034172.22
2026-01-15 10:00:00+00:00,2.117,2.12,2.108,2.116,16401092.78
2026-01-15 11:00:00+00:00,2.116,2.123,2.109,2.112,15434691.93
2026-01-15 12:00:00+00:00,2.112,2.12,2.108,2.118,10487680.02
2026-01-15 13:00:00+00:00,2.118,2.132,2.116,2.129,17474316.24
2026-01-15 14:00:00+00:00,2.129,2.133,2.089,2.097,33383755.86
2026-01-15 15:00:00+00:00,2.097,2.106,2.069,2.097,50828329.67
2026-01-15 16:00:00+00:00,2.097,2.099,2.085,2.092,25987351.94
2026-01-15 17:00:00+00:00,2.092,2.098,2.079,2.081,18552891.8
2026-01-15 18:00:00+00:00,2.081,2.083,2.066,2.07,22900892.52
2026-01-15 19:00:00+00:00,2.07,2.072,2.053,2.066,23318441.47
2026-01-15 20:00:00+00:00,2.066,2.071,2.058,2.062,16427381.26
2026-01-15 21:00:00+00:00,2.062,2.075,2.061,2.074,11874968.52
2026-01-15 22:00:00+00:00,2.074,2.08,2.068,2.076,10099366.41
2026-01-15 23:00:00+00:00,2.076,2.08,2.071,2.079,9761708.33
2026-01-16 00:00:00+00:00,2.079,2.087,2.076,2.082,11878032.43
2026-01-16 01:00:00+00:00,2.082,2.086,2.076,2.077,9470254.18
2026-01-16 02:00:00+00:00,2.077,2.077,2.067,2.076,12139096.56
2026-01-16 03:00:00+00:00,2.076,2.079,2.064,2.065,10034607.45
2026-01-16 04:00:00+00:00,2.065,2.071,2.058,2.063,14960251.58
2026-01-16 05:00:00+00:00,2.063,2.074,2.061,2.072,14394434.14
2026-01-16 06:00:00+00:00,2.072,2.075,2.067,2.074,11652878.52
2026-01-16 07:00:00+00:00,2.074,2.078,2.069,2.074,9139798.45
2026-01-16 08:00:00+00:00,2.074,2.081,2.072,2.075,8965912.16
2026-01-16 09:00:00+00:00,2.075,2.077,2.067,2.067,10044070.62
2026-01-16 10:00:00+00:00,2.067,2.067,2.059,2.062,10695044.84
2026-01-16 11:00:00+00:00,2.062,2.066,2.059,2.065,11416294.77
2026-01-16 12:00:00+00:00,2.065,2.068,2.06,2.063,13318352.32
2026-01-16 13:00:00+00:00,2.063,2.063,2.053,2.058,16419454.08
2026-01-16 14:00:00+00:00,2.058,2.067,2.055,2.056,20317670.48
2026-01-16 15:00:00+00:00,2.056,2.065,2.027,2.033,59033160.01
2026-01-16 16:00:00+00:00,2.033,2.048,2.03,2.044,27250212.12
2026-01-16 17:00:00+00:00,2.044,2.054,2.038,2.052,11148852.16
2026-01-16 18:00:00+00:00,2.052,2.054,2.046,2.05,10582422.75
2026-01-16 19:00:00+00:00,2.05,2.057,2.043,2.055,9633259.36
2026-01-16 20:00:00+00:00,2.055,2.079,2.048,2.079,14276274.37
2026-01-16 21:00:00+00:00,2.079,2.079,2.069,2.074,18312716.09
2026-01-16 22:00:00+00:00,2.074,2.077,2.069,2.074,10542879.22
2026-01-16 23:00:00+00:00,2.074,2.074,2.068,2.068,8186479.42
2026-01-17 00:00:00+00:00,2.068,2.07,2.062,2.064,9990747.08
2026-01-17 01:00:00+00:00,2.064,2.069,2.063,2.066,7465645.11
2026-01-17 02:00:00+00:00,2.066,2.067,2.059,2.063,6294388.37
2026-01-17 03:00:00+00:00,2.063,2.063,2.054,2.056,7580826.11
2026-01-17 04:00:00+00:00,2.056,2.066,2.055,2.064,7525963.57
2026-01-17 05:00:00+00:00,2.064,2.066,2.061,2.064,6816895.86
2026-01-17 06:00:00+00:00,2.064,2.064,2.059,2.06,5376527.87
2026-01-17 07:00:00+00:00,2.06,2.061,2.056,2.058,5066689.87
2026-01-17 08:00:00+00:00,2.058,2.063,2.057,2.062,5940920.38
2026-01-17 09:00:00+00:00,2.062,2.067,2.061,2.063,7372850.19
2026-01-17 10:00:00+00:00,2.063,2.067,2.06,2.061,4911354.39
2026-01-17 11:00:00+00:00,2.061,2.065,2.057,2.062,5989751.62
2026-01-17 12:00:00+00:00,2.062,2.065,2.058,2.06,5791560.84
2026-01-17 13:00:00+00:00,2.06,2.064,2.058,2.062,6949158.9
2026-01-17 14:00:00+00:00,2.062,2.079,2.059,2.074,13798946.77
2026-01-17 15:00:00+00:00,2.074,2.082,2.071,2.082,23750249.6
2026-01-17 16:00:00+00:00,2.082,2.082,2.069,2.073,12933218.86
2026-01-17 17:00:00+00:00,2.073,2.082,2.072,2.082,7543422.79
2026-01-17 18:00:00+00:00,2.082,2.082,2.074,2.076,11520919.39
2026-01-17 19:00:00+00:00,2.076,2.077,2.073,2.073,6065183.22
2026-01-17 20:00:00+00:00,2.073,2.075,2.071,2.072,6305387.08
2026-01-17 21:00:00+00:00,2.072,2.072,2.066,2.068,6363570.67
2026-01-17 22:00:00+00:00,2.068,2.069,2.059,2.065,8885887.64
2026-01-17 23:00:00+00:00,2.065,2.067,2.062,2.063,7478782.19
2026-01-18 00:00:00+00:00,2.063,2.068,2.059,2.06,8119673.32
2026-01-18 01:00:00+00:00,2.06,2.061,2.049,2.051,15190939.66
2026-01-18 02:00:00+00:00,2.051,2.057,2.049,2.053,7993051.16
2026-01-18 03:00:00+00:00,2.053,2.06,2.052,2.059,7621485.1
2026-01-18 04:00:00+00:00,2.059,2.059,2.052,2.056,4528576.85
2026-01-18 05:00:00+00:00,2.056,2.057,2.048,2.055,11668918.02
2026-01-18 06:00:00+00:00,2.055,2.06,2.054,2.059,6075576.95
2026-01-18 07:00:00+00:00,2.059,2.06,2.051,2.052,6443243.88
2026-01-18 08:00:00+00:00,2.052,2.059,2.05,2.057,5657537.49
2026-01-18 09:00:00+00:00,2.057,2.062,2.055,2.06,7219783.7
2026-01-18 10:00:00+00:00,2.06,2.061,2.054,2.057,6675963.51
2026-01-18 11:00:00+00:00,2.057,2.057,2.053,2.055,6452242.38
2026-01-18 12:00:00+00:00,2.055,2.057,2.052,2.052,6661874.18
2026-01-18 13:00:00+00:00,2.052,2.054,2.048,2.053,9999701.37
2026-01-18 14:00:00+00:00,2.053,2.06,2.049,2.05,10947906.24
2026-01-18 15:00:00+00:00,2.05,2.053,2.046,2.051,8308894.9
2026-01-18 16:00:00+00:00,2.051,2.057,2.048,2.049,8155225.62
2026-01-18 17:00:00+00:00,2.049,2.057,2.046,2.05,12031919.15
2026-01-18 18:00:00+00:00,2.05,2.066,2.047,2.062,10863235.46
2026-01-18 19:00:00+00:00,2.062,2.064,2.053,2.054,6102098.01
2026-01-18 20:00:00+00:00,2.054,2.06,2.051,2.057,4531467.21
2026-01-18 21:00:00+00:00,2.057,2.06,2.056,2.057,4964161.48
2026-01-18 22:00:00+00:00,2.057,2.064,2.056,2.061,7075917.65
2026-01-18 23:00:00+00:00,2.061,2.061,1.987,1.991,87146819.68
2026-01-19 00:00:00+00:00,1.991,1.991,1.902,1.945,192773337.78
2026-01-19 01:00:00+00:00,1.945,1.963,1.939,1.953,44358148.04
2026-01-19 02:00:00+00:00,1.953,1.964,1.951,1.957,27747269.71
2026-01-19 03:00:00+00:00,1.957,1.968,1.953,1.967,24644334.72
2026-01-19 04:00:00+00:00,1.967,1.974,1.962,1.964,26097788.84
2026-01-19 05:00:00+00:00,1.964,1.97,1.958,1.962,43282428.6
2026-01-19 06:00:00+00:00,1.962,1.966,1.953,1.962,32043919.09
2026-01-19 07:00:00+00:00,1.962,1.964,1.954,1.963,22228255.28
2026-01-19 08:00:00+00:00,1.963,1.983,1.959,1.981,28379270.32
2026-01-19 09:00:00+00:00,1.981,1.982,1.974,1.982,16140936.36
2026-01-19 10:00:00+00:00,1.982,1.984,1.972,1.982,18251948.54
2026-01-19 11:00:00+00:00,1.982,1.983,1.97,1.973,15282483.3
2026-01-19 12:00:00+00:00,1.973,1.977,1.968,1.973,15512673.08
2026-01-19 13:00:00+00:00,1.973,1.974,1.965,1.974,16735570.95
2026-01-19 14:00:00+00:00,1.974,1.985,1.969,1.979,19790570.44
2026-01-19 15:00:00+00:00,1.979,1.984,1.977,1.982,12980492.0
2026-01-19 16:00:00+00:00,1.982,2.03,1.98,2.022,33202082.68
2026-01-19 17:00:00+00:00,2.022,2.025,2.008,2.019,27098784.91
2026-01-19 18:00:00+00:00,2.019,2.025,2.009,2.011,18658898.06
2026-01-19 19:00:00+00:00,2.011,2.018,2.008,2.014,10274008.57
2026-01-19 20:00:00+00:00,2.014,2.017,2.001,2.002,14210229.43
2026-01-19 21:00:00+00:00,2.002,2.008,1.997,1.998,12842028.14
2026-01-19 22:00:00+00:00,1.998,2.0,1.979,1.98,24101752.95
2026-01-19 23:00:00+00:00,1.98,1.996,1.98,1.986,24340990.32
2026-01-20 00:00:00+00:00,1.986,1.991,1.982,1.987,18941009.57
2026-01-20 01:00:00+00:00,1.987,1.987,1.971,1.972,21804212.0
2026-01-20 02:00:00+00:00,1.972,1.973,1.962,1.969,20945997.7
2026-01-20 03:00:00+00:00,1.969,1.97,1.956,1.962,17625823.87
2026-01-20 04:00:00+00:00,1.962,1.974,1.96,1.965,18662691.45
2026-01-20 05:00:00+00:00,1.965,1.969,1.954,1.966,21751968.46
2026-01-20 06:00:00+00:00,1.966,1.966,1.943,1.948,24925065.18
2026-01-20 07:00:00+00:00,1.948,1.957,1.946,1.949,18372880.15
2026-01-20 08:00:00+00:00,1.949,1.954,1.92,1.928,84997488.71
2026-01-20 09:00:00+00:00,1.928,1.931,1.922,1.925,19301287.71
2026-01-20 10:00:00+00:00,1.925,1.933,1.925,1.93,14319550.45
2026-01-20 11:00:00+00:00,1.93,1.941,1.929,1.929,15677720.15
2026-01-20 12:00:00+00:00,1.929,1.937,1.928,1.935,14340625.62
2026-01-20 13:00:00+00:00,1.935,1.935,1.916,1.917,21228342.12
2026-01-20 14:00:00+00:00,1.917,1.939,1.916,1.925,37528353.35
2026-01-20 15:00:00+00:00,1.925,1.933,1.91,1.917,41888948.23
2026-01-20 16:00:00+00:00,1.917,1.927,1.902,1.911,22953526.47
2026-01-20 17:00:00+00:00,1.911,1.921,1.898,1.903,26127631.3
2026-01-20 18:00:00+00:00,1.903,1.909,1.895,1.898,18296864.85
2026-01-20 19:00:00+00:00,1.898,1.908,1.895,1.902,15669866.8
2026-01-20 20:00:00+00:00,1.902,1.912,1.898,1.906,17691686.85
2026-01-20 21:00:00+00:00,1.906,1.906,1.885,1.889,20384332.63
2026-01-20 22:00:00+00:00,1.889,1.9,1.871,1.89,30629351.76
2026-01-20 23:00:00+00:00,1.89,1.894,1.885,1.89,16588014.18
2026-01-21 00:00:00+00:00,1.89,1.916,1.889,1.914,23491555.76
2026-01-21 01:00:00+00:00,1.914,1.917,1.898,1.898,26370063.09
2026-01-21 02:00:00+00:00,1.898,1.906,1.892,1.897,15735201.14
2026-01-21 03:00:00+00:00,1.897,1.908,1.897,1.903,14955067.57
2026-01-21 04:00:00+00:00,1.903,1.91,1.901,1.908,16524014.7
2026-01-21 05:00:00+00:00,1.908,1.926,1.906,1.921,19056991.37
2026-01-21 06:00:00+00:00,1.921,1.923,1.914,1.915,16823650.33
2026-01-21 07:00:00+00:00,1.915,1.922,1.907,1.91,19271955.2
2026-01-21 08:00:00+00:00,1.91,1.911,1.898,1.902,43373977.17
2026-01-21 09:00:00+00:00,1.902,1.914,1.9,1.911,58690908.88
2026-01-21 10:00:00+00:00,1.911,1.915,1.903,1.903,67425015.38
2026-01-21 11:00:00+00:00,1.903,1.905,1.887,1.89,51304442.86
2026-01-21 12:00:00+00:00,1.89,1.898,1.88,1.897,73107837.67
2026-01-21 13:00:00+00:00,1.897,1.905,1.891,1.897,88073400.0
2026-01-21 14:00:00+00:00,1.897,1.945,1.891,1.943,94774520.75
2026-01-21 15:00:00+00:00,1.943,1.961,1.935,1.958,55060055.91
2026-01-21 16:00:00+00:00,1.958,1.959,1.878,1.88,58233424.07
2026-01-21 17:00:00+00:00,1.88,1.898,1.871,1.891,47564140.19
2026-01-21 18:00:00+00:00,1.891,1.915,1.883,1.905,26716183.91
2026-01-21 19:00:00+00:00,1.905,1.984,1.899,1.973,87621834.08
2026-01-21 20:00:00+00:00,1.973,1.973,1.948,1.972,36425331.21
2026-01-21 21:00:00+00:00,1.972,1.986,1.967,1.975,26029276.02
2026-01-21 22:00:00+00:00,1.975,1.99,1.966,1.966,24431493.36
2026-01-21 23:00:00+00:00,1.966,1.968,1.939,1.948,45859878.53
2026-01-22 00:00:00+00:00,1.948,1.961,1.948,1.955,64547563.52
2026-01-22 01:00:00+00:00,1.955,1.968,1.952,1.959,72861918.04
2026-01-22 02:00:00+00:00,1.959,1.961,1.944,1.946,39467018.15
2026-01-22 03:00:00+00:00,1.946,1.955,1.942,1.948,33194812.31
2026-01-22 04:00:00+00:00,1.948,1.955,1.947,1.953,26968928.97
2026-01-22 05:00:00+00:00,1.953,1.955,1.946,1.953,18410088.97
2026-01-22 06:00:00+00:00,1.953,1.96,1.948,1.956,17779329.85
2026-01-22 07:00:00+00:00,1.956,1.956,1.946,1.948,17060725.35
2026-01-22 08:00:00+00:00,1.948,1.96,1.947,1.959,17733406.4
2026-01-22 09:00:00+00:00,1.959,1.964,1.956,1.964,15021128.77
2026-01-22 10:00:00+00:00,1.964,1.964,1.953,1.956,15831085.87
2026-01-22 11:00:00+00:00,1.956,1.957,1.943,1.944,15935027.26
2026-01-22 12:00:00+00:00,1.944,1.949,1.941,1.942,11685182.19
2026-01-22 13:00:00+00:00,1.942,1.947,1.926,1.93,29930141.82
2026-01-22 14:00:00+00:00,1.93,1.933,1.915,1.916,29603940.61
2026-01-22 15:00:00+00:00,1.916,1.923,1.902,1.915,35412123.14
2026-01-22 16:00:00+00:00,1.915,1.929,1.906,1.923,29642734.09
2026-01-22 17:00:00+00:00,1.923,1.93,1.913,1.929,23296003.38
2026-01-22 18:00:00+00:00,1.929,1.933,1.921,1.922,14219669.62
2026-01-22 19:00:00+00:00,1.922,1.936,1.918,1.932,11803296.07
2026-01-22 20:00:00+00:00,1.932,1.934,1.919,1.924,14649738.72
2026-01-22 21:00:00+00:00,1.924,1.932,1.92,1.925,8950275.8
2026-01-22 22:00:00+00:00,1.925,1.932,1.924,1.924,7300138.56
2026-01-22 23:00:00+00:00,1.924,1.926,1.916,1.924,10849460.75
2026-01-23 00:00:00+00:00,1.924,1.926,1.917,1.918,10003951.38
2026-01-23 01:00:00+00:00,1.918,1.924,1.917,1.922,14179372.17
2026-01-23 02:00:00+00:00,1.922,1.923,1.909,1.909,10158246.92
2026-01-23 03:00:00+00:00,1.909,1.918,1.909,1.916,8741234.83
2026-01-23 04:00:00+00:00,1.916,1.926,1.914,1.92,13032091.25
2026-01-23 05:00:00+00:00,1.92,1.921,1.908,1.911,10070407.69
2026-01-23 06:00:00+00:00,1.911,1.917,1.904,1.911,11173864.5
2026-01-23 07:00:00+00:00,1.911,1.915,1.909,1.914,14250948.74
2026-01-23 08:00:00+00:00,1.914,1.915,1.902,1.906,22162202.5
2026-01-23 09:00:00+00:00,1.906,1.912,1.902,1.908,10543740.44
2026-01-23 10:00:00+00:00,1.908,1.913,1.907,1.908,9316750.62
2026-01-23 11:00:00+00:00,1.908,1.915,1.907,1.914,8203196.45
2026-01-23 12:00:00+00:00,1.914,1.914,1.909,1.91,6255757.17
2026-01-23 13:00:00+00:00,1.91,1.912,1.904,1.905,16626324.18
2026-01-23 14:00:00+00:00,1.905,1.909,1.888,1.896,34074892.07
2026-01-23 15:00:00+00:00,1.896,1.923,1.889,1.921,25349905.27
2026-01-23 16:00:00+00:00,1.921,1.95,1.92,1.937,32803594.02
2026-01-23 17:00:00+00:00,1.937,1.966,1.928,1.947,41250755.6
2026-01-23 18:00:00+00:00,1.947,1.961,1.942,1.945,26742928.21
2026-01-23 19:00:00+00:00,1.945,1.945,1.921,1.923,25584801.77
2026-01-23 20:00:00+00:00,1.923,1.927,1.908,1.916,24673336.8
2026-01-23 21:00:00+00:00,1.916,1.927,1.915,1.918,11537717.87
2026-01-23 22:00:00+00:00,1.918,1.93,1.918,1.926,13999155.57
2026-01-23 23:00:00+00:00,1.926,1.926,1.919,1.92,10400398.58
2026-01-24 00:00:00+00:00,1.92,1.923,1.918,1.919,6869813.89
2026-01-24 01:00:00+00:00,1.919,1.922,1.916,1.921,4287081.14
2026-01-24 02:00:00+00:00,1.921,1.927,1.92,1.924,6712992.03
2026-01-24 03:00:00+00:00,1.924,1.927,1.922,1.924,6399641.92
2026-01-24 04:00:00+00:00,1.924,1.928,1.923,1.925,5146831.01
2026-01-24 05:00:00+00:00,1.925,1.926,1.92,1.922,8733066.6
2026-01-24 06:00:00+00:00,1.922,1.922,1.918,1.919,5544424.5
2026-01-24 07:00:00+00:00,1.919,1.92,1.917,1.919,5441284.69
2026-01-24 08:00:00+00:00,1.919,1.921,1.918,1.919,5434257.31
2026-01-24 09:00:00+00:00,1.919,1.92,1.915,1.918,5084366.59
2026-01-24 10:00:00+00:00,1.918,1.918,1.915,1.918,5017827.75
2026-01-24 11:00:00+00:00,1.918,1.92,1.917,1.917,3604011.45
2026-01-24 12:00:00+00:00,1.917,1.923,1.915,1.92,5336654.85
2026-01-24 13:00:00+00:00,1.92,1.924,1.919,1.919,4867760.28
2026-01-24 14:00:00+00:00,1.919,1.922,1.917,1.919,16031360.03
2026-01-24 15:00:00+00:00,1.919,1.922,1.912,1.913,8001380.33
2026-01-24 16:00:00+00:00,1.913,1.917,1.91,1.915,9183742.85
2026-01-24 17:00:00+00:00,1.915,1.919,1.913,1.917,3979415.33
2026-01-24 18:00:00+00:00,1.917,1.921,1.917,1.921,4661849.58
2026-01-24 19:00:00+00:00,1.921,1.921,1.915,1.917,4218332.28
2026-01-24 20:00:00+00:00,1.917,1.919,1.917,1.918,2363202.35
2026-01-24 21:00:00+00:00,1.918,1.918,1.914,1.918,4047085.42
2026-01-24 22:00:00+00:00,1.918,1.923,1.918,1.922,4332237.04
2026-01-24 23:00:00+00:00,1.922,1.922,1.914,1.914,6558143.91
2026-01-25 00:00:00+00:00,1.914,1.917,1.911,1.915,7613457.37
2026-01-25 01:00:00+00:00,1.915,1.915,1.904,1.906,12691107.44
2026-01-25 02:00:00+00:00,1.906,1.91,1.905,1.907,4569898.82
2026-01-25 03:00:00+00:00,1.907,1.908,1.898,1.901,9662349.43
2026-01-25 04:00:00+00:00,1.901,1.904,1.899,1.901,6113653.31
2026-01-25 05:00:00+00:00,1.901,1.902,1.897,1.902,5587196.61
2026-01-25 06:00:00+00:00,1.902,1.902,1.895,1.898,8763329.77
2026-01-25 07:00:00+00:00,1.898,1.899,1.894,1.895,5927978.08
2026-01-25 08:00:00+00:00,1.895,1.9,1.89,1.891,12498256.35
2026-01-25 09:00:00+00:00,1.891,1.897,1.887,1.894,13832949.09
2026-01-25 10:00:00+00:00,1.894,1.912,1.893,1.907,13587352.68
2026-01-25 11:00:00+00:00,1.907,1.911,1.9,1.902,8955290.21
2026-01-25 12:00:00+00:00,1.902,1.903,1.898,1.901,9397715.15
2026-01-25 13:00:00+00:00,1.901,1.903,1.894,1.902,6509696.68
2026-01-25 14:00:00+00:00,1.902,1.902,1.884,1.887,16507291.63
2026-01-25 15:00:00+00:00,1.887,1.894,1.885,1.888,10751402.81
2026-01-25 16:00:00+00:00,1.888,1.888,1.846,1.854,78938593.3
2026-01-25 17:00:00+00:00,1.854,1.862,1.837,1.847,40868139.12
2026-01-25 18:00:00+00:00,1.847,1.85,1.827,1.836,48532965.02
2026-01-25 19:00:00+00:00,1.836,1.841,1.812,1.818,50873374.88
2026-01-25 20:00:00+00:00,1.818,1.827,1.813,1.824,31207606.57
2026-01-25 21:00:00+00:00,1.824,1.841,1.824,1.84,30302830.4
2026-01-25 22:00:00+00:00,1.84,1.84,1.819,1.83,28168927.99
2026-01-25 23:00:00+00:00,1.83,1.839,1.823,1.835,25993015.64
2026-01-26 00:00:00+00:00,1.835,1.854,1.833,1.853,25480062.13
2026-01-26 01:00:00+00:00,1.853,1.889,1.853,1.884,38825961.49
2026-01-26 02:00:00+00:00,1.884,1.886,1.872,1.876,22718024.76
2026-01-26 03:00:00+00:00,1.876,1.883,1.865,1.869,15087237.18
2026-01-26 04:00:00+00:00,1.869,1.895,1.869,1.879,22404956.39
2026-01-26 05:00:00+00:00,1.879,1.882,1.875,1.881,10339042.05
2026-01-26 06:00:00+00:00,1.881,1.886,1.876,1.88,14802319.49
2026-01-26 07:00:00+00:00,1.88,1.886,1.877,1.882,17445356.14
2026-01-26 08:00:00+00:00,1.882,1.897,1.88,1.889,26149441.31
2026-01-26 09:00:00+00:00,1.889,1.89,1.877,1.88,17637883.3
2026-01-26 10:00:00+00:00,1.88,1.891,1.88,1.887,14750982.38
2026-01-26 11:00:00+00:00,1.887,1.895,1.887,1.891,13577772.29
2026-01-26 12:00:00+00:00,1.891,1.902,1.891,1.899,18055058.08
2026-01-26 13:00:00+00:00,1.899,1.917,1.898,1.906,25639246.18
2026-01-26 14:00:00+00:00,1.906,1.928,1.901,1.92,46468716.79
2026-01-26 15:00:00+00:00,1.92,1.946,1.914,1.925,67153785.25
2026-01-26 16:00:00+00:00,1.925,1.938,1.918,1.919,40005567.82
2026-01-26 17:00:00+00:00,1.919,1.922,1.899,1.912,27573598.54
2026-01-26 18:00:00+00:00,1.912,1.927,1.907,1.918,25035059.4
2026-01-26 19:00:00+00:00,1.918,1.923,1.904,1.908,16045524.91
2026-01-26 20:00:00+00:00,1.908,1.909,1.891,1.893,22005080.76
2026-01-26 21:00:00+00:00,1.893,1.907,1.889,1.899,21196267.29
2026-01-26 22:00:00+00:00,1.899,1.903,1.895,1.899,11840753.01
2026-01-26 23:00:00+00:00,1.899,1.913,1.896,1.904,9805782.81
2026-01-27 00:00:00+00:00,1.904,1.905,1.898,1.904,8047152.81
2026-01-27 01:00:00+00:00,1.904,1.911,1.898,1.906,13838221.48
2026-01-27 02:00:00+00:00,1.906,1.916,1.905,1.915,14068240.82
2026-01-27 03:00:00+00:00,1.915,1.917,1.908,1.91,13003364.28
2026-01-27 04:00:00+00:00,1.91,1.918,1.907,1.909,13351376.21
2026-01-27 05:00:00+00:00,1.909,1.909,1.901,1.902,7220894.29
2026-01-27 06:00:00+00:00,1.902,1.903,1.895,1.898,9930030.33
2026-01-27 07:00:00+00:00,1.898,1.901,1.897,1.9,7988084.3
2026-01-27 08:00:00+00:00,1.9,1.903,1.893,1.895,9164640.41
2026-01-27 09:00:00+00:00,1.895,1.895,1.883,1.883,10061033.44
2026-01-27 10:00:00+00:00,1.883,1.889,1.883,1.885,10011487.51
2026-01-27 11:00:00+00:00,1.885,1.893,1.882,1.889,12884296.75
2026-01-27 12:00:00+00:00,1.889,1.893,1.884,1.885,9570550.59
2026-01-27 13:00:00+00:00,1.885,1.887,1.874,1.877,11349810.42
2026-01-27 14:00:00+00:00,1.877,1.896,1.876,1.884,26894256.69
2026-01-27 15:00:00+00:00,1.884,1.896,1.88,1.893,17335414.49
2026-01-27 16:00:00+00:00,1.893,1.916,1.893,1.914,33798258.02
2026-01-27 17:00:00+00:00,1.914,1.915,1.877,1.881,29321854.73
2026-01-27 18:00:00+00:00,1.881,1.912,1.878,1.906,17281565.38
2026-01-27 19:00:00+00:00,1.906,1.911,1.899,1.907,14398968.16
2026-01-27 20:00:00+00:00,1.907,1.929,1.906,1.923,29436252.15
2026-01-27 21:00:00+00:00,1.923,1.929,1.911,1.912,21772702.45
2026-01-27 22:00:00+00:00,1.912,1.925,1.912,1.919,12111984.27
2026-01-27 23:00:00+00:00,1.919,1.922,1.915,1.916,13249493.13
2026-01-28 00:00:00+00:00,1.916,1.919,1.909,1.912,11731329.24
2026-01-28 01:00:00+00:00,1.912,1.913,1.898,1.903,16121686.47
2026-01-28 02:00:00+00:00,1.903,1.905,1.894,1.902,14300747.53
2026-01-28 03:00:00+00:00,1.902,1.904,1.898,1.902,10924392.23
2026-01-28 04:00:00+00:00,1.902,1.904,1.897,1.902,8805891.03
2026-01-28 05:00:00+00:00,1.902,1.913,1.9,1.912,12968619.31
2026-01-28 06:00:00+00:00,1.912,1.925,1.912,1.921,17730162.8
2026-01-28 07:00:00+00:00,1.921,1.924,1.914,1.916,11594585.67
2026-01-28 08:00:00+00:00,1.916,1.919,1.908,1.909,15936899.05
2026-01-28 09:00:00+00:00,1.909,1.933,1.906,1.932,24375261.65
2026-01-28 10:00:00+00:00,1.932,1.936,1.926,1.928,18438675.26
2026-01-28 11:00:00+00:00,1.928,1.943,1.923,1.941,20444655.42
2026-01-28 12:00:00+00:00,1.941,1.942,1.924,1.926,23600129.14
2026-01-28 13:00:00+00:00,1.926,1.938,1.925,1.933,16656282.67
2026-01-28 14:00:00+00:00,1.933,1.934,1.915,1.92,22110401.67
2026-01-28 15:00:00+00:00,1.92,1.924,1.902,1.908,35850639.7
2026-01-28 16:00:00+00:00,1.908,1.915,1.901,1.908,23138017.25
2026-01-28 17:00:00+00:00,1.908,1.928,1.901,1.921,39933899.28
2026-01-28 18:00:00+00:00,1.921,1.922,1.912,1.916,37181507.8
2026-01-28 19:00:00+00:00,1.916,1.924,1.907,1.919,32069121.3
2026-01-28 20:00:00+00:00,1.919,1.932,1.915,1.918,17859107.04
2026-01-28 21:00:00+00:00,1.918,1.922,1.908,1.915,19356916.18
2026-01-28 22:00:00+00:00,1.915,1.92,1.909,1.918,9171695.72
2026-01-28 23:00:00+00:00,1.918,1.92,1.908,1.911,13646739.78
2026-01-29 00:00:00+00:00,1.911,1.913,1.9,1.907,11831776.8
2026-01-29 01:00:00+00:00,1.907,1.908,1.89,1.892,19516896.2
2026-01-29 02:00:00+00:00,1.892,1.896,1.87,1.875,35143398.33
2026-01-29 03:00:00+00:00,1.875,1.884,1.871,1.876,26944847.44
2026-01-29 04:00:00+00:00,1.876,1.88,1.866,1.879,33975033.04
2026-01-29 05:00:00+00:00,1.879,1.884,1.878,1.879,45744504.89
2026-01-29 06:00:00+00:00,1.879,1.89,1.878,1.886,59510499.53
2026-01-29 07:00:00+00:00,1.886,1.889,1.884,1.886,98648760.91
2026-01-29 08:00:00+00:00,1.886,1.89,1.876,1.88,121102097.55
2026-01-29 09:00:00+00:00,1.88,1.881,1.873,1.874,152093592.68
2026-01-29 10:00:00+00:00,1.874,1.877,1.871,1.874,111497108.15
2026-01-29 11:00:00+00:00,1.874,1.875,1.867,1.871,186434021.48
2026-01-29 12:00:00+00:00,1.871,1.874,1.866,1.873,30000668.67
2026-01-29 13:00:00+00:00,1.873,1.877,1.873,1.876,12515504.99
2026-01-29 14:00:00+00:00,1.876,1.878,1.826,1.826,92036149.12
2026-01-29 15:00:00+00:00,1.826,1.83,1.787,1.802,135799770.03
2026-01-29 16:00:00+00:00,1.802,1.819,1.792,1.816,54933861.13
2026-01-29 17:00:00+00:00,1.816,1.843,1.813,1.813,47333685.22
2026-01-29 18:00:00+00:00,1.813,1.819,1.784,1.785,57067901.52
2026-01-29 19:00:00+00:00,1.785,1.798,1.778,1.789,66972167.4
2026-01-29 20:00:00+00:00,1.789,1.809,1.786,1.802,29221129.43
2026-01-29 21:00:00+00:00,1.802,1.808,1.796,1.806,21825262.43
2026-01-29 22:00:00+00:00,1.806,1.814,1.803,1.811,12994807.68
2026-01-29 23:00:00+00:00,1.811,1.811,1.798,1.808,12699458.34
2026-01-30 00:00:00+00:00,1.808,1.813,1.798,1.798,19270130.95
2026-01-30 01:00:00+00:00,1.798,1.805,1.727,1.756,131595922.68
2026-01-30 02:00:00+00:00,1.756,1.761,1.727,1.748,54755200.18
2026-01-30 03:00:00+00:00,1.748,1.761,1.741,1.748,23081975.36
2026-01-30 04:00:00+00:00,1.748,1.772,1.748,1.763,28794655.04
2026-01-30 05:00:00+00:00,1.763,1.77,1.758,1.764,20841340.27
2026-01-30 06:00:00+00:00,1.764,1.765,1.731,1.74,31457212.83
2026-01-30 07:00:00+00:00,1.74,1.762,1.739,1.759,25294011.08
2026-01-30 08:00:00+00:00,1.759,1.764,1.744,1.75,22915605.43
2026-01-30 09:00:00+00:00,1.75,1.755,1.734,1.741,27279962.81
2026-01-30 10:00:00+00:00,1.741,1.752,1.738,1.75,19698564.38
2026-01-30 11:00:00+00:00,1.75,1.774,1.748,1.77,21720878.6
2026-01-30 12:00:00+00:00,1.77,1.775,1.759,1.762,23715080.51
2026-01-30 13:00:00+00:00,1.762,1.764,1.749,1.752,29832954.37
2026-01-30 14:00:00+00:00,1.752,1.778,1.752,1.762,37203444.39
2026-01-30 15:00:00+00:00,1.762,1.782,1.741,1.759,127388293.62
2026-01-30 16:00:00+00:00,1.759,1.775,1.748,1.762,46027273.15
2026-01-30 17:00:00+00:00,1.762,1.774,1.75,1.753,37303967.73
2026-01-30 18:00:00+00:00,1.753,1.78,1.712,1.773,69035333.79
2026-01-30 19:00:00+00:00,1.773,1.784,1.767,1.771,35399809.25
2026-01-30 20:00:00+00:00,1.771,1.772,1.734,1.739,48391717.22
2026-01-30 21:00:00+00:00,1.739,1.751,1.725,1.729,32955283.63
2026-01-30 22:00:00+00:00,1.729,1.737,1.718,1.729,25774897.55
2026-01-30 23:00:00+00:00,1.729,1.737,1.723,1.735,20249990.31
2026-01-31 00:00:00+00:00,1.735,1.741,1.733,1.737,16935247.82
2026-01-31 01:00:00+00:00,1.737,1.748,1.735,1.747,16004933.3
2026-01-31 02:00:00+00:00,1.747,1.755,1.734,1.749,17614437.52
2026-01-31 03:00:00+00:00,1.749,1.752,1.742,1.745,10208864.53
2026-01-31 04:00:00+00:00,1.745,1.748,1.736,1.738,11681265.44
2026-01-31 05:00:00+00:00,1.738,1.739,1.731,1.738,12640147.12
2026-01-31 06:00:00+00:00,1.738,1.74,1.722,1.729,14904769.06
2026-01-31 07:00:00+00:00,1.729,1.734,1.713,1.719,29951969.11
2026-01-31 08:00:00+00:00,1.719,1.722,1.681,1.695,71546605.59
2026-01-31 09:00:00+00:00,1.695,1.707,1.691,1.7,20745433.87
2026-01-31 10:00:00+00:00,1.7,1.711,1.695,1.707,19939848.66
2026-01-31 11:00:00+00:00,1.707,1.707,1.699,1.702,15446648.0
2026-01-31 12:00:00+00:00,1.702,1.702,1.686,1.69,26565119.77
2026-01-31 13:00:00+00:00,1.69,1.691,1.673,1.677,28844915.58
2026-01-31 14:00:00+00:00,1.677,1.681,1.617,1.641,128055208.79
2026-01-31 15:00:00+00:00,1.641,1.66,1.633,1.635,44528730.49
2026-01-31 16:00:00+00:00,1.635,1.649,1.604,1.61,79855103.12
2026-01-31 17:00:00+00:00,1.61,1.616,1.55,1.568,182128968.69
2026-01-31 18:00:00+00:00,1.568,1.586,1.521,1.585,194480340.9
2026-01-31 19:00:00+00:00,1.585,1.609,1.575,1.583,102703326.27
2026-01-31 20:00:00+00:00,1.583,1.6,1.572,1.594,32794585.69
2026-01-31 21:00:00+00:00,1.594,1.627,1.588,1.621,44517842.02
2026-01-31 22:00:00+00:00,1.621,1.622,1.603,1.615,27720745.99
2026-01-31 23:00:00+00:00,1.615,1.654,1.613,1.647,39341104.06
2026-02-01 00:00:00+00:00,1.647,1.676,1.644,1.664,48814290.01
2026-02-01 01:00:00+00:00,1.664,1.666,1.645,1.661,38067554.18
2026-02-01 02:00:00+00:00,1.661,1.68,1.658,1.67,25959394.55
2026-02-01 03:00:00+00:00,1.67,1.674,1.659,1.667,15854695.64
2026-02-01 04:00:00+00:00,1.667,1.674,1.662,1.666,13470583.01
2026-02-01 05:00:00+00:00,1.666,1.67,1.656,1.659,21390706.31
2026-02-01 06:00:00+00:00,1.659,1.673,1.654,1.657,23356990.02
2026-02-01 07:00:00+00:00,1.657,1.671,1.647,1.659,25873012.88
2026-02-01 08:00:00+00:00,1.659,1.678,1.658,1.664,23458260.12
2026-02-01 09:00:00+00:00,1.664,1.67,1.653,1.667,13322541.59
2026-02-01 10:00:00+00:00,1.667,1.669,1.632,1.633,26897530.09
2026-02-01 11:00:00+00:00,1.633,1.654,1.632,1.65,20166386.49
2026-02-01 12:00:00+00:00,1.65,1.65,1.634,1.64,17403339.92
2026-02-01 13:00:00+00:00,1.64,1.652,1.626,1.63,17887405.15
2026-02-01 14:00:00+00:00,1.63,1.634,1.599,1.617,46946599.24
2026-02-01 15:00:00+00:00,1.617,1.618,1.576,1.595,62085634.03
2026-02-01 16:00:00+00:00,1.595,1.609,1.582,1.593,32061900.55
2026-02-01 17:00:00+00:00,1.593,1.602,1.587,1.602,21509972.49
2026-02-01 18:00:00+00:00,1.602,1.626,1.602,1.616,29503846.62
2026-02-01 19:00:00+00:00,1.616,1.619,1.592,1.6,19783080.01
2026-02-01 20:00:00+00:00,1.6,1.614,1.58,1.599,23293991.36
2026-02-01 21:00:00+00:00,1.599,1.6,1.583,1.59,32289253.96
2026-02-01 22:00:00+00:00,1.59,1.613,1.587,1.6,32797517.16
2026-02-01 23:00:00+00:00,1.6,1.612,1.553,1.591,105690219.28
2026-02-02 00:00:00+00:00,1.591,1.619,1.579,1.605,41456911.47
2026-02-02 01:00:00+00:00,1.605,1.616,1.581,1.602,30662407.35
2026-02-02 02:00:00+00:00,1.602,1.61,1.587,1.591,22972714.05
2026-02-02 03:00:00+00:00,1.591,1.592,1.531,1.581,94263311.23
2026-02-02 04:00:00+00:00,1.581,1.6,1.558,1.577,40679775.23
2026-02-02 05:00:00+00:00,1.577,1.578,1.534,1.55,56896875.37
2026-02-02 06:00:00+00:00,1.55,1.589,1.532,1.58,106411536.98
2026-02-02 07:00:00+00:00,1.58,1.596,1.575,1.579,39629301.67
2026-02-02 08:00:00+00:00,1.579,1.6,1.579,1.59,30281114.31
2026-02-02 09:00:00+00:00,1.59,1.614,1.588,1.609,39135001.38
2026-02-02 10:00:00+00:00,1.609,1.615,1.605,1.612,20312954.4
2026-02-02 11:00:00+00:00,1.612,1.627,1.612,1.621,27360483.72
2026-02-02 12:00:00+00:00,1.621,1.655,1.621,1.646,40101145.82
2026-02-02 13:00:00+00:00,1.646,1.652,1.637,1.639,31670679.16
2026-02-02 14:00:00+00:00,1.639,1.648,1.623,1.63,53441496.0
2026-02-02 15:00:00+00:00,1.63,1.654,1.627,1.642,40271096.86
2026-02-02 16:00:00+00:00,1.642,1.657,1.637,1.644,26573014.63
2026-02-02 17:00:00+00:00,1.644,1.653,1.638,1.642,21970450.11
2026-02-02 18:00:00+00:00,1.642,1.65,1.634,1.642,17755936.13
2026-02-02 19:00:00+00:00,1.642,1.642,1.625,1.627,15765481.7
2026-02-02 20:00:00+00:00,1.627,1.633,1.613,1.614,23059062.36
2026-02-02 21:00:00+00:00,1.614,1.626,1.614,1.623,16665247.65
2026-02-02 22:00:00+00:00,1.623,1.634,1.622,1.626,14222032.15
2026-02-02 23:00:00+00:00,1.626,1.627,1.618,1.62,12643481.23
2026-02-03 00:00:00+00:00,1.62,1.622,1.608,1.618,14475069.38
2026-02-03 01:00:00+00:00,1.618,1.618,1.607,1.617,14072676.81
2026-02-03 02:00:00+00:00,1.617,1.618,1.591,1.593,24825307.62
2026-02-03 03:00:00+00:00,1.593,1.615,1.588,1.613,26140421.33
2026-02-03 04:00:00+00:00,1.613,1.625,1.61,1.622,20590038.14
2026-02-03 05:00:00+00:00,1.622,1.623,1.607,1.608,17245799.37
2026-02-03 06:00:00+00:00,1.608,1.613,1.599,1.612,18896397.73
2026-02-03 07:00:00+00:00,1.612,1.624,1.608,1.617,17561016.37
2026-02-03 08:00:00+00:00,1.617,1.625,1.613,1.616,14888521.82
2026-02-03 09:00:00+00:00,1.616,1.623,1.596,1.604,30850823.26
2026-02-03 10:00:00+00:00,1.604,1.608,1.597,1.6,12785164.32
2026-02-03 11:00:00+00:00,1.6,1.607,1.598,1.603,16911067.94
2026-02-03 12:00:00+00:00,1.603,1.611,1.599,1.608,18513503.34
2026-02-03 13:00:00+00:00,1.608,1.616,1.604,1.613,12616208.9
2026-02-03 14:00:00+00:00,1.613,1.617,1.583,1.583,30290972.61
2026-02-03 15:00:00+00:00,1.583,1.621,1.579,1.618,62657505.09
2026-02-03 16:00:00+00:00,1.618,1.618,1.582,1.586,39018099.09
2026-02-03 17:00:00+00:00,1.586,1.59,1.558,1.558,41814476.9
2026-02-03 18:00:00+00:00,1.558,1.564,1.53,1.532,78140588.3
2026-02-03 19:00:00+00:00,1.532,1.59,1.528,1.581,57676962.98
2026-02-03 20:00:00+00:00,1.581,1.626,1.566,1.619,68730339.28
2026-02-03 21:00:00+00:00,1.619,1.629,1.601,1.602,32578563.46
2026-02-03 22:00:00+00:00,1.602,1.604,1.583,1.588,22765432.39
2026-02-03 23:00:00+00:00,1.588,1.589,1.569,1.579,21971939.5
2026-02-04 00:00:00+00:00,1.579,1.586,1.567,1.576,16124977.33
2026-02-04 01:00:00+00:00,1.576,1.601,1.576,1.592,19206316.41
2026-02-04 02:00:00+00:00,1.592,1.595,1.576,1.585,18118154.88
2026-02-04 03:00:00+00:00,1.585,1.605,1.583,1.599,27232845.54
2026-02-04 04:00:00+00:00,1.599,1.603,1.593,1.595,13933510.43
2026-02-04 05:00:00+00:00,1.595,1.596,1.583,1.586,11144967.52
2026-02-04 06:00:00+00:00,1.586,1.605,1.585,1.601,23666931.22
2026-02-04 07:00:00+00:00,1.601,1.608,1.598,1.605,39498019.51
2026-02-04 08:00:00+00:00,1.605,1.612,1.6,1.61,16772716.3
2026-02-04 09:00:00+00:00,1.61,1.61,1.597,1.599,22910538.89
2026-02-04 10:00:00+00:00,1.599,1.604,1.595,1.596,11846219.87
2026-02-04 11:00:00+00:00,1.596,1.599,1.579,1.592,36848528.96
2026-02-04 12:00:00+00:00,1.592,1.598,1.589,1.591,11945849.54
2026-02-04 13:00:00+00:00,1.591,1.592,1.565,1.565,27453814.47
2026-02-04 14:00:00+00:00,1.565,1.575,1.543,1.545,47247869.61
2026-02-04 15:00:00+00:00,1.545,1.564,1.531,1.544,66959579.09
2026-02-04 16:00:00+00:00,1.544,1.55,1.519,1.532,69449497.47
2026-02-04 17:00:00+00:00,1.532,1.539,1.506,1.522,55103829.94
2026-02-04 18:00:00+00:00,1.522,1.554,1.504,1.535,68895672.11
2026-02-04 19:00:00+00:00,1.535,1.557,1.526,1.555,33832741.56
2026-02-04 20:00:00+00:00,1.555,1.556,1.535,1.537,18849242.32
2026-02-04 21:00:00+00:00,1.537,1.539,1.507,1.518,25628172.18
2026-02-04 22:00:00+00:00,1.518,1.545,1.496,1.511,49781487.77
2026-02-04 23:00:00+00:00,1.511,1.526,1.506,1.512,38262317.19
2026-02-05 00:00:00+00:00,1.512,1.515,1.489,1.491,25029833.06
2026-02-05 01:00:00+00:00,1.491,1.502,1.461,1.475,57993480.84
2026-02-05 02:00:00+00:00,1.475,1.485,1.451,1.453,56695882.16
2026-02-05 03:00:00+00:00,1.453,1.467,1.439,1.443,52005732.03
2026-02-05 04:00:00+00:00,1.443,1.458,1.437,1.446,42241778.08
2026-02-05 05:00:00+00:00,1.446,1.458,1.43,1.442,44823632.87
2026-02-05 06:00:00+00:00,1.442,1.444,1.419,1.426,50510474.3
2026-02-05 07:00:00+00:00,1.426,1.45,1.425,1.432,38399734.04
2026-02-05 08:00:00+00:00,1.432,1.443,1.426,1.428,23416187.07
2026-02-05 09:00:00+00:00,1.428,1.445,1.412,1.414,40544681.69
2026-02-05 10:00:00+00:00,1.414,1.415,1.357,1.367,72773148.2
2026-02-05 11:00:00+00:00,1.367,1.383,1.343,1.365,94418604.53
2026-02-05 12:00:00+00:00,1.365,1.378,1.354,1.365,57594297.25
2026-02-05 13:00:00+00:00,1.365,1.369,1.342,1.353,52503087.45
2026-02-05 14:00:00+00:00,1.353,1.387,1.353,1.357,71629953.3
2026-02-05 15:00:00+00:00,1.357,1.364,1.271,1.296,247342885.13
2026-02-05 16:00:00+00:00,1.296,1.308,1.272,1.28,115766400.21
2026-02-05 17:00:00+00:00,1.28,1.283,1.221,1.25,166361672.04
2026-02-05 18:00:00+00:00,1.25,1.267,1.217,1.261,103083100.49
2026-02-05 19:00:00+00:00,1.261,1.263,1.207,1.213,72254246.19
2026-02-05 20:00:00+00:00,1.213,1.224,1.142,1.191,217239168.9
2026-02-05 21:00:00+00:00,1.191,1.203,1.151,1.163,127535284.79
2026-02-05 22:00:00+00:00,1.163,1.236,1.149,1.225,120242065.55
2026-02-05 23:00:00+00:00,1.225,1.266,1.209,1.215,116613823.76
2026-02-06 00:00:00+00:00,1.215,1.229,1.131,1.216,249302174.46
2026-02-06 01:00:00+00:00,1.216,1.293,1.214,1.28,119283040.16
2026-02-06 02:00:00+00:00,1.28,1.286,1.243,1.261,78862722.42
2026-02-06 03:00:00+00:00,1.261,1.277,1.256,1.27,39284876.83
2026-02-06 04:00:00+00:00,1.27,1.291,1.263,1.281,40006472.66
2026-02-06 05:00:00+00:00,1.281,1.331,1.278,1.33,89114316.9
2026-02-06 06:00:00+00:00,1.33,1.335,1.302,1.303,88586322.77
2026-02-06 07:00:00+00:00,1.303,1.313,1.288,1.292,55779043.9
2026-02-06 08:00:00+00:00,1.292,1.309,1.285,1.303,58203313.39
2026-02-06 09:00:00+00:00,1.303,1.331,1.294,1.33,59935174.21
2026-02-06 10:00:00+00:00,1.33,1.388,1.328,1.359,123306091.87
2026-02-06 11:00:00+00:00,1.359,1.371,1.351,1.368,61434006.49
2026-02-06 12:00:00+00:00,1.368,1.383,1.358,1.381,62773271.93
2026-02-06 13:00:00+00:00,1.381,1.441,1.376,1.429,144941371.58
2026-02-06 14:00:00+00:00,1.429,1.487,1.403,1.479,161065457.4
2026-02-06 15:00:00+00:00,1.479,1.543,1.464,1.513,218146832.63
2026-02-06 16:00:00+00:00,1.513,1.534,1.487,1.49,150728959.94
2026-02-06 17:00:00+00:00,1.49,1.518,1.482,1.495,109087320.67
2026-02-06 18:00:00+00:00,1.495,1.497,1.451,1.457,96651014.1
2026-02-06 19:00:00+00:00,1.457,1.466,1.438,1.456,65604433.07
2026-02-06 20:00:00+00:00,1.456,1.463,1.439,1.449,55597630.49
2026-02-06 21:00:00+00:00,1.449,1.466,1.44,1.458,46456913.59
2026-02-06 22:00:00+00:00,1.458,1.49,1.455,1.49,62540523.86
2026-02-06 23:00:00+00:00,1.49,1.498,1.465,1.47,56435109.96
2026-02-07 00:00:00+00:00,1.47,1.488,1.445,1.459,98657690.05
2026-02-07 01:00:00+00:00,1.459,1.478,1.433,1.468,68728266.72
2026-02-07 02:00:00+00:00,1.468,1.473,1.456,1.461,38573019.48
2026-02-07 03:00:00+00:00,1.461,1.485,1.458,1.474,43126565.26
2026-02-07 04:00:00+00:00,1.474,1.485,1.452,1.461,54111003.7
2026-02-07 05:00:00+00:00,1.461,1.47,1.452,1.46,35814983.98
2026-02-07 06:00:00+00:00,1.46,1.47,1.434,1.434,54508508.12
2026-02-07 07:00:00+00:00,1.434,1.447,1.407,1.413,108701837.19
2026-02-07 08:00:00+00:00,1.413,1.429,1.403,1.424,49620936.84
2026-02-07 09:00:00+00:00,1.424,1.427,1.406,1.414,35444465.37
2026-02-07 10:00:00+00:00,1.414,1.418,1.387,1.399,50869880.03
2026-02-07 11:00:00+00:00,1.399,1.403,1.386,1.393,37240485.93
2026-02-07 12:00:00+00:00,1.393,1.44,1.391,1.419,72357741.59
2026-02-07 13:00:00+00:00,1.419,1.425,1.396,1.404,33722089.15
2026-02-07 14:00:00+00:00,1.404,1.411,1.392,1.4,27878562.33
2026-02-07 15:00:00+00:00,1.4,1.42,1.399,1.411,31258345.25
2026-02-07 16:00:00+00:00,1.411,1.429,1.408,1.419,214579935.23
2026-02-07 17:00:00+00:00,1.419,1.43,1.41,1.425,20822293.74
2026-02-07 18:00:00+00:00,1.425,1.448,1.424,1.441,25167340.11
2026-02-07 19:00:00+00:00,1.441,1.441,1.429,1.431,16146306.48
2026-02-07 20:00:00+00:00,1.431,1.441,1.428,1.437,13062187.85
2026-02-07 21:00:00+00:00,1.437,1.439,1.428,1.429,12113568.9
2026-02-07 22:00:00+00:00,1.429,1.433,1.42,1.423,11985241.31
2026-02-07 23:00:00+00:00,1.423,1.428,1.413,1.423,12562394.04
2026-02-08 00:00:00+00:00,1.423,1.429,1.415,1.421,10940544.66
2026-02-08 01:00:00+00:00,1.421,1.438,1.42,1.432,11650793.34
2026-02-08 02:00:00+00:00,1.432,1.441,1.424,1.43,12824977.58
2026-02-08 03:00:00+00:00,1.43,1.433,1.414,1.417,10324491.5
2026-02-08 04:00:00+00:00,1.417,1.424,1.41,1.423,9734222.46
2026-02-08 05:00:00+00:00,1.423,1.426,1.416,1.418,6244450.67
2026-02-08 06:00:00+00:00,1.418,1.422,1.414,1.416,7011569.5
2026-02-08 07:00:00+00:00,1.416,1.421,1.412,1.421,10926280.1
2026-02-08 08:00:00+00:00,1.421,1.462,1.419,1.454,34082660.83
2026-02-08 09:00:00+00:00,1.454,1.458,1.433,1.438,23661095.49
2026-02-08 10:00:00+00:00,1.438,1.446,1.426,1.431,17568856.51
2026-02-08 11:00:00+00:00,1.431,1.453,1.43,1.453,24407028.0
2026-02-08 12:00:00+00:00,1.453,1.457,1.443,1.456,21344992.16
2026-02-08 13:00:00+00:00,1.456,1.469,1.45,1.462,32839325.87
2026-02-08 14:00:00+00:00,1.462,1.468,1.458,1.462,24262166.31
2026-02-08 15:00:00+00:00,1.462,1.464,1.431,1.44,30742616.72
2026-02-08 16:00:00+00:00,1.44,1.446,1.411,1.419,40292390.99
2026-02-08 17:00:00+00:00,1.419,1.436,1.418,1.431,17888447.98
2026-02-08 18:00:00+00:00,1.431,1.453,1.43,1.439,18057400.48
2026-02-08 19:00:00+00:00,1.439,1.451,1.439,1.45,12715359.89
2026-02-08 20:00:00+00:00,1.45,1.45,1.434,1.437,10515027.53
2026-02-08 21:00:00+00:00,1.437,1.441,1.424,1.427,11649428.15
2026-02-08 22:00:00+00:00,1.427,1.437,1.425,1.435,11051524.73
2026-02-08 23:00:00+00:00,1.435,1.463,1.423,1.431,43617954.86
2026-02-09 00:00:00+00:00,1.431,1.442,1.425,1.433,14528995.3
2026-02-09 01:00:00+00:00,1.433,1.445,1.419,1.424,25709752.73
2026-02-09 02:00:00+00:00,1.424,1.453,1.421,1.442,25195101.38
2026-02-09 03:00:00+00:00,1.442,1.454,1.44,1.452,24589051.9
2026-02-09 04:00:00+00:00,1.452,1.453,1.444,1.448,18265222.94
2026-02-09 05:00:00+00:00,1.448,1.455,1.441,1.451,28567050.44
2026-02-09 06:00:00+00:00,1.451,1.451,1.428,1.436,52751908.46
2026-02-09 07:00:00+00:00,1.436,1.439,1.421,1.426,61987790.14
2026-02-09 08:00:00+00:00,1.426,1.43,1.402,1.407,55073484.94
2026-02-09 09:00:00+00:00,1.407,1.412,1.394,1.399,41314180.39
2026-02-09 10:00:00+00:00,1.399,1.407,1.373,1.383,70124528.31
2026-02-09 11:00:00+00:00,1.383,1.397,1.383,1.394,61547181.24
2026-02-09 12:00:00+00:00,1.394,1.415,1.393,1.408,67419189.29
2026-02-09 13:00:00+00:00,1.408,1.413,1.395,1.396,20922236.65
2026-02-09 14:00:00+00:00,1.396,1.438,1.395,1.431,45269902.28
2026-02-09 15:00:00+00:00,1.431,1.449,1.421,1.446,44518496.78
2026-02-09 16:00:00+00:00,1.446,1.464,1.436,1.452,37845567.63
2026-02-09 17:00:00+00:00,1.452,1.456,1.433,1.451,39505571.25
2026-02-09 18:00:00+00:00,1.451,1.459,1.437,1.443,26617631.49
2026-02-09 19:00:00+00:00,1.443,1.456,1.442,1.453,19680736.82
2026-02-09 20:00:00+00:00,1.453,1.457,1.444,1.454,16529878.67
2026-02-09 21:00:00+00:00,1.454,1.459,1.439,1.451,20461040.67
2026-02-09 22:00:00+00:00,1.451,1.452,1.443,1.444,8728501.28
2026-02-09 23:00:00+00:00,1.444,1.449,1.435,1.437,10885729.7
2026-02-10 00:00:00+00:00,1.437,1.442,1.434,1.437,11367008.73
2026-02-10 01:00:00+00:00,1.437,1.453,1.437,1.448,13470685.59
2026-02-10 02:00:00+00:00,1.448,1.449,1.443,1.447,10348017.12
2026-02-10 03:00:00+00:00,1.447,1.451,1.428,1.435,24048746.75
2026-02-10 04:00:00+00:00,1.435,1.452,1.435,1.448,20304876.73
2026-02-10 05:00:00+00:00,1.448,1.449,1.437,1.442,15874208.38
2026-02-10 06:00:00+00:00,1.442,1.442,1.415,1.42,32023755.11
2026-02-10 07:00:00+00:00,1.42,1.428,1.42,1.422,12841625.76
2026-02-10 08:00:00+00:00,1.422,1.433,1.415,1.43,11741352.19
2026-02-10 09:00:00+00:00,1.43,1.436,1.417,1.421,15364912.0
2026-02-10 10:00:00+00:00,1.421,1.424,1.415,1.416,11642633.89
2026-02-10 11:00:00+00:00,1.416,1.42,1.407,1.408,21475098.45
2026-02-10 12:00:00+00:00,1.408,1.414,1.406,1.409,13801980.96
2026-02-10 13:00:00+00:00,1.409,1.417,1.404,1.415,18996159.09
2026-02-10 14:00:00+00:00,1.415,1.426,1.394,1.403,43420454.16
2026-02-10 15:00:00+00:00,1.403,1.413,1.398,1.407,25232120.97
2026-02-10 16:00:00+00:00,1.407,1.42,1.4,1.416,18847596.64
2026-02-10 17:00:00+00:00,1.416,1.429,1.414,1.425,17573035.58
2026-02-10 18:00:00+00:00,1.425,1.426,1.394,1.402,18612842.13
2026-02-10 19:00:00+00:00,1.402,1.409,1.397,1.401,10741696.21
2026-02-10 20:00:00+00:00,1.401,1.403,1.392,1.397,15787897.85
2026-02-10 21:00:00+00:00,1.397,1.402,1.392,1.394,9234401.55
2026-02-10 22:00:00+00:00,1.394,1.405,1.394,1.4,7711651.09
2026-02-10 23:00:00+00:00,1.4,1.402,1.395,1.4,6507419.16
2026-02-11 00:00:00+00:00,1.4,1.413,1.399,1.41,10763177.53
2026-02-11 01:00:00+00:00,1.41,1.415,1.407,1.411,10796819.92
2026-02-11 02:00:00+00:00,1.411,1.421,1.41,1.41,12715016.86
2026-02-11 03:00:00+00:00,1.41,1.412,1.394,1.404,18665475.18
2026-02-11 04:00:00+00:00,1.404,1.409,1.38,1.384,29823787.77
2026-02-11 05:00:00+00:00,1.384,1.393,1.375,1.376,19446703.54
2026-02-11 06:00:00+00:00,1.376,1.378,1.358,1.36,40233332.63
2026-02-11 07:00:00+00:00,1.36,1.373,1.358,1.367,17294644.8
2026-02-11 08:00:00+00:00,1.367,1.372,1.361,1.367,14393597.4
2026-02-11 09:00:00+00:00,1.367,1.369,1.357,1.362,15099583.25
2026-02-11 10:00:00+00:00,1.362,1.365,1.356,1.361,16525770.21
2026-02-11 11:00:00+00:00,1.361,1.381,1.361,1.379,24512668.99
2026-02-11 12:00:00+00:00,1.379,1.379,1.371,1.373,17825698.7
2026-02-11 13:00:00+00:00,1.373,1.381,1.36,1.376,42623132.95
2026-02-11 14:00:00+00:00,1.376,1.405,1.359,1.362,76434034.13
2026-02-11 15:00:00+00:00,1.362,1.37,1.346,1.354,53571810.47
2026-02-11 16:00:00+00:00,1.354,1.37,1.344,1.345,31617728.64
2026-02-11 17:00:00+00:00,1.345,1.38,1.343,1.37,31537082.54
2026-02-11 18:00:00+00:00,1.37,1.384,1.362,1.378,20462462.96
2026-02-11 19:00:00+00:00,1.378,1.387,1.372,1.379,15080940.11
2026-02-11 20:00:00+00:00,1.379,1.386,1.375,1.381,15649575.83
2026-02-11 21:00:00+00:00,1.381,1.397,1.38,1.383,19713680.86
2026-02-11 22:00:00+00:00,1.383,1.385,1.37,1.372,12349072.67
2026-02-11 23:00:00+00:00,1.372,1.373,1.36,1.37,16473470.81
2026-02-12 00:00:00+00:00,1.37,1.385,1.368,1.377,16927479.74
2026-02-12 01:00:00+00:00,1.377,1.386,1.377,1.381,10212444.15
2026-02-12 02:00:00+00:00,1.381,1.385,1.374,1.377,12073618.76
2026-02-12 03:00:00+00:00,1.377,1.38,1.371,1.375,12093777.32
2026-02-12 04:00:00+00:00,1.375,1.381,1.372,1.376,10602940.15
2026-02-12 05:00:00+00:00,1.376,1.382,1.373,1.38,13670407.35
2026-02-12 06:00:00+00:00,1.38,1.389,1.378,1.383,12037111.35
2026-02-12 07:00:00+00:00,1.383,1.386,1.376,1.382,10798945.43
2026-02-12 08:00:00+00:00,1.382,1.385,1.377,1.382,10032264.75
2026-02-12 09:00:00+00:00,1.382,1.397,1.38,1.396,19826780.16
2026-02-12 10:00:00+00:00,1.396,1.404,1.389,1.404,16021635.97
2026-02-12 11:00:00+00:00,1.404,1.408,1.394,1.402,24867788.03
2026-02-12 12:00:00+00:00,1.402,1.403,1.39,1.393,14987940.64
2026-02-12 13:00:00+00:00,1.393,1.402,1.385,1.401,19480024.24
2026-02-12 14:00:00+00:00,1.401,1.402,1.384,1.389,25444318.87
2026-02-12 15:00:00+00:00,1.389,1.397,1.375,1.376,30371064.79
2026-02-12 16:00:00+00:00,1.376,1.378,1.347,1.353,54247207.01
2026-02-12 17:00:00+00:00,1.353,1.38,1.346,1.363,28327213.03
2026-02-12 18:00:00+00:00,1.363,1.368,1.352,1.363,16014266.01
2026-02-12 19:00:00+00:00,1.363,1.376,1.355,1.365,15784725.02
2026-02-12 20:00:00+00:00,1.365,1.367,1.351,1.352,15133590.6
2026-02-12 21:00:00+00:00,1.352,1.358,1.349,1.352,19888547.69
2026-02-12 22:00:00+00:00,1.352,1.366,1.35,1.364,12106189.09
2026-02-12 23:00:00+00:00,1.364,1.37,1.361,1.363,16086356.4
2026-02-13 00:00:00+00:00,1.363,1.368,1.349,1.354,17259777.34
2026-02-13 01:00:00+00:00,1.354,1.363,1.35,1.358,12993380.59
2026-02-13 02:00:00+00:00,1.358,1.369,1.357,1.367,12543854.87
2026-02-13 03:00:00+00:00,1.367,1.372,1.362,1.365,16012529.42
2026-02-13 04:00:00+00:00,1.365,1.368,1.358,1.358,12948023.9
2026-02-13 05:00:00+00:00,1.358,1.361,1.353,1.353,13126986.76
2026-02-13 06:00:00+00:00,1.353,1.358,1.349,1.357,14337118.28
2026-02-13 07:00:00+00:00,1.357,1.363,1.349,1.354,23360603.95
2026-02-13 08:00:00+00:00,1.354,1.369,1.352,1.367,15796582.75
2026-02-13 09:00:00+00:00,1.367,1.371,1.365,1.369,14571438.35
2026-02-13 10:00:00+00:00,1.369,1.373,1.365,1.368,11761250.45
2026-02-13 11:00:00+00:00,1.368,1.37,1.361,1.368,11446223.85
2026-02-13 12:00:00+00:00,1.368,1.368,1.36,1.365,12945128.25
2026-02-13 13:00:00+00:00,1.365,1.382,1.362,1.377,26597990.67
2026-02-13 14:00:00+00:00,1.377,1.394,1.368,1.385,43064244.04
2026-02-13 15:00:00+00:00,1.385,1.422,1.381,1.405,60471969.79
2026-02-13 16:00:00+00:00,1.405,1.428,1.4,1.417,37481795.38
2026-02-13 17:00:00+00:00,1.417,1.421,1.408,1.415,19801579.48
2026-02-13 18:00:00+00:00,1.415,1.421,1.406,1.416,18059194.11
2026-02-13 19:00:00+00:00,1.416,1.42,1.408,1.411,12427990.54
2026-02-13 20:00:00+00:00,1.411,1.414,1.405,1.414,14575966.26
2026-02-13 21:00:00+00:00,1.414,1.416,1.407,1.41,10553342.6
2026-02-13 22:00:00+00:00,1.41,1.41,1.398,1.403,11788804.65
2026-02-13 23:00:00+00:00,1.403,1.409,1.402,1.407,10009345.9
2026-02-14 00:00:00+00:00,1.407,1.417,1.405,1.414,10313880.89
2026-02-14 01:00:00+00:00,1.414,1.418,1.411,1.412,9258510.81
2026-02-14 02:00:00+00:00,1.412,1.415,1.41,1.411,9534425.79
2026-02-14 03:00:00+00:00,1.411,1.418,1.41,1.416,7094343.01
2026-02-14 04:00:00+00:00,1.416,1.42,1.413,1.413,7552049.22
2026-02-14 05:00:00+00:00,1.413,1.416,1.408,1.409,5906915.24
2026-02-14 06:00:00+00:00,1.409,1.415,1.408,1.414,6646522.56
2026-02-14 07:00:00+00:00,1.414,1.425,1.412,1.422,8959115.78
2026-02-14 08:00:00+00:00,1.422,1.449,1.422,1.447,29030746.1
2026-02-14 09:00:00+00:00,1.447,1.461,1.446,1.452,31892097.27
2026-02-14 10:00:00+00:00,1.452,1.452,1.442,1.447,12586387.3
2026-02-14 11:00:00+00:00,1.447,1.473,1.447,1.472,34325522.94
2026-02-14 12:00:00+00:00,1.472,1.477,1.461,1.465,34357296.79
2026-02-14 13:00:00+00:00,1.465,1.47,1.452,1.457,22231579.63
2026-02-14 14:00:00+00:00,1.457,1.474,1.455,1.471,19316517.54
2026-02-14 15:00:00+00:00,1.471,1.473,1.464,1.469,16215764.62
2026-02-14 16:00:00+00:00,1.469,1.476,1.457,1.475,17134690.96
2026-02-14 17:00:00+00:00,1.475,1.48,1.468,1.473,15025942.35
2026-02-14 18:00:00+00:00,1.473,1.493,1.47,1.488,21011516.74
2026-02-14 19:00:00+00:00,1.488,1.5,1.484,1.498,19511318.18
2026-02-14 20:00:00+00:00,1.498,1.508,1.488,1.495,24831466.05
2026-02-14 21:00:00+00:00,1.495,1.504,1.49,1.498,19585336.32
2026-02-14 22:00:00+00:00,1.498,1.505,1.494,1.501,12683367.0
2026-02-14 23:00:00+00:00,1.501,1.514,1.499,1.509,23869051.18
2026-02-15 00:00:00+00:00,1.509,1.532,1.506,1.522,36958396.29
2026-02-15 01:00:00+00:00,1.522,1.544,1.515,1.529,38492311.66
2026-02-15 02:00:00+00:00,1.529,1.536,1.517,1.528,23339112.14
2026-02-15 03:00:00+00:00,1.528,1.534,1.506,1.527,31660484.1
2026-02-15 04:00:00+00:00,1.527,1.56,1.525,1.546,42561026.24
2026-02-15 05:00:00+00:00,1.546,1.59,1.546,1.583,46770026.26
2026-02-15 06:00:00+00:00,1.583,1.588,1.573,1.58,32764378.41
2026-02-15 07:00:00+00:00,1.58,1.65,1.576,1.65,61549635.14
2026-02-15 08:00:00+00:00,1.65,1.671,1.612,1.616,132725045.37
2026-02-15 09:00:00+00:00,1.616,1.623,1.589,1.59,47742430.3
2026-02-15 10:00:00+00:00,1.59,1.597,1.574,1.585,54935694.77
2026-02-15 11:00:00+00:00,1.585,1.595,1.558,1.562,36703714.41
2026-02-15 12:00:00+00:00,1.562,1.566,1.52,1.521,65746143.05
2026-02-15 13:00:00+00:00,1.521,1.54,1.512,1.519,61444685.51
2026-02-15 14:00:00+00:00,1.519,1.538,1.515,1.533,44508848.49
2026-02-15 15:00:00+00:00,1.533,1.544,1.522,1.524,24138050.62
2026-02-15 16:00:00+00:00,1.524,1.524,1.507,1.522,23691794.55
2026-02-15 17:00:00+00:00,1.522,1.524,1.482,1.494,42554515.02
2026-02-15 18:00:00+00:00,1.494,1.495,1.465,1.469,42066089.58
2026-02-15 19:00:00+00:00,1.469,1.47,1.448,1.454,41402884.34
2026-02-15 20:00:00+00:00,1.454,1.467,1.445,1.462,27144452.84
2026-02-15 21:00:00+00:00,1.462,1.475,1.462,1.472,23418194.05
2026-02-15 22:00:00+00:00,1.472,1.49,1.469,1.486,35688519.62
2026-02-15 23:00:00+00:00,1.486,1.486,1.458,1.475,25560048.48
2026-02-16 00:00:00+00:00,1.475,1.487,1.471,1.479,22803510.99
2026-02-16 01:00:00+00:00,1.479,1.483,1.465,1.474,20767577.63
2026-02-16 02:00:00+00:00,1.474,1.481,1.454,1.456,14630274.74
2026-02-16 03:00:00+00:00,1.456,1.463,1.454,1.462,12337812.61
2026-02-16 04:00:00+00:00,1.462,1.476,1.46,1.474,14698006.47
2026-02-16 05:00:00+00:00,1.474,1.475,1.449,1.456,25856793.54
2026-02-16 06:00:00+00:00,1.456,1.468,1.454,1.465,15737694.82
2026-02-16 07:00:00+00:00,1.465,1.471,1.458,1.461,16787422.32
2026-02-16 08:00:00+00:00,1.461,1.471,1.461,1.47,14701597.23
2026-02-16 09:00:00+00:00,1.47,1.514,1.469,1.502,49050257.09
2026-02-16 10:00:00+00:00,1.502,1.503,1.483,1.49,21923003.46
2026-02-16 11:00:00+00:00,1.49,1.493,1.469,1.484,22647794.73
2026-02-16 12:00:00+00:00,1.484,1.508,1.48,1.505,31705869.64
2026-02-16 13:00:00+00:00,1.505,1.517,1.482,1.491,54204039.53
2026-02-16 14:00:00+00:00,1.491,1.509,1.485,1.495,34806430.13
2026-02-16 15:00:00+00:00,1.495,1.503,1.462,1.474,42269186.5
2026-02-16 16:00:00+00:00,1.474,1.494,1.473,1.487,28013611.36
2026-02-16 17:00:00+00:00,1.487,1.493,1.482,1.483,20043551.09
2026-02-16 18:00:00+00:00,1.483,1.487,1.471,1.472,13155867.46
2026-02-16 19:00:00+00:00,1.472,1.482,1.472,1.475,11804865.93
2026-02-16 20:00:00+00:00,1.475,1.489,1.469,1.486,14950964.18
2026-02-16 21:00:00+00:00,1.486,1.494,1.481,1.491,11361305.31
2026-02-16 22:00:00+00:00,1.491,1.493,1.482,1.484,11633922.45
2026-02-16 23:00:00+00:00,1.484,1.49,1.482,1.488,8601238.47
2026-02-17 00:00:00+00:00,1.488,1.491,1.483,1.484,7635783.04
2026-02-17 01:00:00+00:00,1.484,1.492,1.479,1.479,10161605.25
2026-02-17 02:00:00+00:00,1.479,1.493,1.474,1.487,14987727.05
2026-02-17 03:00:00+00:00,1.487,1.49,1.482,1.483,8745877.61
2026-02-17 04:00:00+00:00,1.483,1.489,1.475,1.486,10024752.65
2026-02-17 05:00:00+00:00,1.486,1.488,1.471,1.475,9938147.97
2026-02-17 06:00:00+00:00,1.475,1.481,1.474,1.479,7754295.59
2026-02-17 07:00:00+00:00,1.479,1.479,1.47,1.473,9815017.55
2026-02-17 08:00:00+00:00,1.473,1.477,1.464,1.467,8994124.01
2026-02-17 09:00:00+00:00,1.467,1.467,1.454,1.461,15780046.68
2026-02-17 10:00:00+00:00,1.461,1.463,1.452,1.455,13684285.85
2026-02-17 11:00:00+00:00,1.455,1.46,1.45,1.453,16006439.98
2026-02-17 12:00:00+00:00,1.453,1.463,1.452,1.457,12129553.12
2026-02-17 13:00:00+00:00,1.457,1.463,1.452,1.458,16273456.12
2026-02-17 14:00:00+00:00,1.458,1.463,1.428,1.435,42575939.82
2026-02-17 15:00:00+00:00,1.435,1.459,1.435,1.457,27776457.12
2026-02-17 16:00:00+00:00,1.457,1.495,1.457,1.477,49204371.19
2026-02-17 17:00:00+00:00,1.477,1.479,1.457,1.465,19882725.07
2026-02-17 18:00:00+00:00,1.465,1.489,1.464,1.484,20515670.17
2026-02-17 19:00:00+00:00,1.484,1.489,1.476,1.486,13534156.48
2026-02-17 20:00:00+00:00,1.486,1.489,1.475,1.488,13316867.49
2026-02-17 21:00:00+00:00,1.488,1.493,1.48,1.484,11907244.81
2026-02-17 22:00:00+00:00,1.484,1.485,1.473,1.474,8344656.51
2026-02-17 23:00:00+00:00,1.474,1.477,1.471,1.474,8037372.92
2026-02-18 00:00:00+00:00,1.474,1.479,1.469,1.47,10404884.03
2026-02-18 01:00:00+00:00,1.47,1.471,1.464,1.467,15273217.8
2026-02-18 02:00:00+00:00,1.467,1.477,1.466,1.475,9126188.13
2026-02-18 03:00:00+00:00,1.475,1.483,1.474,1.479,8764183.0
2026-02-18 04:00:00+00:00,1.479,1.485,1.476,1.481,9751493.27
2026-02-18 05:00:00+00:00,1.481,1.488,1.476,1.476,11457172.42
2026-02-18 06:00:00+00:00,1.476,1.484,1.476,1.48,8104057.13
2026-02-18 07:00:00+00:00,1.48,1.489,1.477,1.487,7297374.1
2026-02-18 08:00:00+00:00,1.487,1.494,1.486,1.489,15572890.02
2026-02-18 09:00:00+00:00,1.489,1.492,1.485,1.488,8926010.31
2026-02-18 10:00:00+00:00,1.488,1.49,1.476,1.479,12861267.07
2026-02-18 11:00:00+00:00,1.479,1.479,1.464,1.466,16377999.51
2026-02-18 12:00:00+00:00,1.466,1.472,1.459,1.465,12380384.53
2026-02-18 13:00:00+00:00,1.465,1.472,1.461,1.469,16304006.23
2026-02-18 14:00:00+00:00,1.469,1.471,1.452,1.465,22088157.38
2026-02-18 15:00:00+00:00,1.465,1.489,1.464,1.477,21320652.85
2026-02-18 16:00:00+00:00,1.477,1.477,1.457,1.46,16274618.8
2026-02-18 17:00:00+00:00,1.46,1.471,1.455,1.456,11190680.63
2026-02-18 18:00:00+00:00,1.456,1.459,1.44,1.441,20124743.24
2026-02-18 19:00:00+00:00,1.441,1.446,1.42,1.423,38852452.82
2026-02-18 20:00:00+00:00,1.423,1.433,1.421,1.422,21031176.56
2026-02-18 21:00:00+00:00,1.422,1.429,1.418,1.42,12122537.05
2026-02-18 22:00:00+00:00,1.42,1.424,1.416,1.42,12898834.19
2026-02-18 23:00:00+00:00,1.42,1.423,1.41,1.422,12254793.43
2026-02-19 00:00:00+00:00,1.422,1.424,1.415,1.417,9304527.62
2026-02-19 01:00:00+00:00,1.417,1.427,1.415,1.427,14425805.81
2026-02-19 02:00:00+00:00,1.427,1.43,1.42,1.426,8805440.62
2026-02-19 03:00:00+00:00,1.426,1.43,1.422,1.429,8712312.99
2026-02-19 04:00:00+00:00,1.429,1.431,1.417,1.418,9677540.81
2026-02-19 05:00:00+00:00,1.418,1.421,1.405,1.413,32827317.0
2026-02-19 06:00:00+00:00,1.413,1.428,1.412,1.428,13490702.65
2026-02-19 07:00:00+00:00,1.428,1.438,1.422,1.433,18996421.06
2026-02-19 08:00:00+00:00,1.433,1.434,1.415,1.417,18792856.68
2026-02-19 09:00:00+00:00,1.417,1.428,1.414,1.415,17443222.47
2026-02-19 10:00:00+00:00,1.415,1.417,1.408,1.411,12502477.82
2026-02-19 11:00:00+00:00,1.411,1.417,1.406,1.409,13042067.44
2026-02-19 12:00:00+00:00,1.409,1.415,1.406,1.408,11218273.75
2026-02-19 13:00:00+00:00,1.408,1.409,1.387,1.392,31124848.33
2026-02-19 14:00:00+00:00,1.392,1.405,1.39,1.401,34342559.49
2026-02-19 15:00:00+00:00,1.401,1.41,1.386,1.398,25724108.76
2026-02-19 16:00:00+00:00,1.398,1.398,1.382,1.392,26812657.35
2026-02-19 17:00:00+00:00,1.392,1.413,1.391,1.396,21386528.79
2026-02-19 18:00:00+00:00,1.396,1.414,1.394,1.413,13905355.08
2026-02-19 19:00:00+00:00,1.413,1.419,1.404,1.412,12061303.96
2026-02-19 20:00:00+00:00,1.412,1.414,1.405,1.411,11166770.15
2026-02-19 21:00:00+00:00,1.411,1.413,1.407,1.408,7902058.82
2026-02-19 22:00:00+00:00,1.408,1.411,1.395,1.401,11462682.84
2026-02-19 23:00:00+00:00,1.401,1.41,1.4,1.407,9372340.44
2026-02-20 00:00:00+00:00,1.407,1.421,1.405,1.417,12554954.92
2026-02-20 01:00:00+00:00,1.417,1.426,1.416,1.425,13090708.56
2026-02-20 02:00:00+00:00,1.425,1.429,1.418,1.418,10481633.45
2026-02-20 03:00:00+00:00,1.418,1.421,1.412,1.413,11004006.31
2026-02-20 04:00:00+00:00,1.413,1.414,1.401,1.411,10920805.1
2026-02-20 05:00:00+00:00,1.411,1.424,1.405,1.419,16451961.85
2026-02-20 06:00:00+00:00,1.419,1.422,1.413,1.42,12018770.73
2026-02-20 07:00:00+00:00,1.42,1.424,1.416,1.42,8765599.4
2026-02-20 08:00:00+00:00,1.42,1.423,1.414,1.419,10497148.25
2026-02-20 09:00:00+00:00,1.419,1.429,1.418,1.423,16352039.87
2026-02-20 10:00:00+00:00,1.423,1.428,1.42,1.421,13182378.74
2026-02-20 11:00:00+00:00,1.421,1.422,1.403,1.406,14909690.73
2026-02-20 12:00:00+00:00,1.406,1.409,1.403,1.405,14423530.41
2026-02-20 13:00:00+00:00,1.405,1.405,1.378,1.384,36297553.57
2026-02-20 14:00:00+00:00,1.384,1.407,1.384,1.4,20112554.54
2026-02-20 15:00:00+00:00,1.4,1.43,1.4,1.429,51446442.29
2026-02-20 16:00:00+00:00,1.429,1.439,1.424,1.433,40112721.12
2026-02-20 17:00:00+00:00,1.433,1.433,1.408,1.43,31769198.62
2026-02-20 18:00:00+00:00,1.43,1.439,1.424,1.433,27685635.74
2026-02-20 19:00:00+00:00,1.433,1.435,1.421,1.424,14885322.54
2026-02-20 20:00:00+00:00,1.424,1.43,1.415,1.42,12805837.87
2026-02-20 21:00:00+00:00,1.42,1.426,1.418,1.422,10358664.4
2026-02-20 22:00:00+00:00,1.422,1.43,1.418,1.43,12601593.83
2026-02-20 23:00:00+00:00,1.43,1.432,1.424,1.429,8066637.35
2026-02-21 00:00:00+00:00,1.429,1.43,1.42,1.423,7574583.96
2026-02-21 01:00:00+00:00,1.423,1.433,1.423,1.431,8751025.97
2026-02-21 02:00:00+00:00,1.431,1.434,1.428,1.43,7989895.23
2026-02-21 03:00:00+00:00,1.43,1.431,1.424,1.426,8426930.36
2026-02-21 04:00:00+00:00,1.426,1.43,1.424,1.429,5250690.88
2026-02-21 05:00:00+00:00,1.429,1.432,1.427,1.428,5110364.68
2026-02-21 06:00:00+00:00,1.428,1.435,1.428,1.429,8767883.15
2026-02-21 07:00:00+00:00,1.429,1.433,1.428,1.431,5544554.44
2026-02-21 08:00:00+00:00,1.431,1.435,1.427,1.434,7927185.11
2026-02-21 09:00:00+00:00,1.434,1.446,1.433,1.439,14287512.14
2026-02-21 10:00:00+00:00,1.439,1.443,1.437,1.44,5945355.79
2026-02-21 11:00:00+00:00,1.44,1.446,1.438,1.444,9838672.41
2026-02-21 12:00:00+00:00,1.444,1.446,1.436,1.44,8515772.02
2026-02-21 13:00:00+00:00,1.44,1.448,1.437,1.448,7482400.29
2026-02-21 14:00:00+00:00,1.448,1.464,1.445,1.455,22624413.21
2026-02-21 15:00:00+00:00,1.455,1.457,1.447,1.45,10939891.21
2026-02-21 16:00:00+00:00,1.45,1.452,1.439,1.442,12949862.2
2026-02-21 17:00:00+00:00,1.442,1.443,1.436,1.442,7138451.51
2026-02-21 18:00:00+00:00,1.442,1.45,1.442,1.448,8581918.17
2026-02-21 19:00:00+00:00,1.448,1.449,1.442,1.443,6589964.74
2026-02-21 20:00:00+00:00,1.443,1.444,1.435,1.437,9671982.13
2026-02-21 21:00:00+00:00,1.437,1.442,1.436,1.441,5848242.69
2026-02-21 22:00:00+00:00,1.441,1.443,1.432,1.433,9169190.04
2026-02-21 23:00:00+00:00,1.433,1.436,1.43,1.431,7876944.2
2026-02-22 00:00:00+00:00,1.431,1.434,1.424,1.428,8950637.14
2026-02-22 01:00:00+00:00,1.428,1.433,1.428,1.433,7423257.04
2026-02-22 02:00:00+00:00,1.433,1.433,1.422,1.424,7689210.66
2026-02-22 03:00:00+00:00,1.424,1.427,1.419,1.424,7269696.0
2026-02-22 04:00:00+00:00,1.424,1.426,1.422,1.423,5427699.07
2026-02-22 05:00:00+00:00,1.423,1.423,1.418,1.421,5575264.27
2026-02-22 06:00:00+00:00,1.421,1.425,1.418,1.423,7269777.66
2026-02-22 07:00:00+00:00,1.423,1.424,1.419,1.421,5464731.74
2026-02-22 08:00:00+00:00,1.421,1.424,1.417,1.418,5528052.95
2026-02-22 09:00:00+00:00,1.418,1.423,1.417,1.421,4401731.06
2026-02-22 10:00:00+00:00,1.421,1.426,1.42,1.421,4921566.08
2026-02-22 11:00:00+00:00,1.421,1.425,1.421,1.424,5712986.29
2026-02-22 12:00:00+00:00,1.424,1.424,1.407,1.409,16099252.94
2026-02-22 13:00:00+00:00,1.409,1.411,1.398,1.4,16503379.4
2026-02-22 14:00:00+00:00,1.4,1.402,1.395,1.397,14557116.64
2026-02-22 15:00:00+00:00,1.397,1.397,1.386,1.394,15687222.26
2026-02-22 16:00:00+00:00,1.394,1.395,1.388,1.393,9819083.82
2026-02-22 17:00:00+00:00,1.393,1.393,1.383,1.388,10694979.26
2026-02-22 18:00:00+00:00,1.388,1.392,1.387,1.39,5047744.66
2026-02-22 19:00:00+00:00,1.39,1.391,1.385,1.387,6535845.2
2026-02-22 20:00:00+00:00,1.387,1.387,1.38,1.383,10732501.49
2026-02-22 21:00:00+00:00,1.383,1.392,1.383,1.391,8361443.0
2026-02-22 22:00:00+00:00,1.391,1.402,1.389,1.401,16290085.88
2026-02-22 23:00:00+00:00,1.401,1.401,1.388,1.393,9870650.38
2026-02-23 00:00:00+00:00,1.393,1.395,1.364,1.365,22285425.11
2026-02-23 01:00:00+00:00,1.365,1.365,1.33,1.333,83311599.04
2026-02-23 02:00:00+00:00,1.333,1.344,1.332,1.342,22701329.67
2026-02-23 03:00:00+00:00,1.342,1.353,1.339,1.341,17600605.85
2026-02-23 04:00:00+00:00,1.341,1.342,1.336,1.339,16044242.74
2026-02-23 05:00:00+00:00,1.339,1.348,1.339,1.343,18451816.02
2026-02-23 06:00:00+00:00,1.343,1.369,1.342,1.368,21696327.02
2026-02-23 07:00:00+00:00,1.368,1.378,1.367,1.371,18806275.48
2026-02-23 08:00:00+00:00,1.371,1.373,1.362,1.366,17101187.42
2026-02-23 09:00:00+00:00,1.366,1.396,1.366,1.391,29442070.95
2026-02-23 10:00:00+00:00,1.391,1.397,1.387,1.392,28793231.72
2026-02-23 11:00:00+00:00,1.392,1.406,1.392,1.397,25108654.65
2026-02-23 12:00:00+00:00,1.397,1.425,1.395,1.413,33017926.78
2026-02-23 13:00:00+00:00,1.413,1.415,1.395,1.396,26385244.79
2026-02-23 14:00:00+00:00,1.396,1.399,1.371,1.384,46406303.0
2026-02-23 15:00:00+00:00,1.384,1.39,1.367,1.371,31605353.63
2026-02-23 16:00:00+00:00,1.371,1.378,1.362,1.367,22220506.88
2026-02-23 17:00:00+00:00,1.367,1.37,1.348,1.365,24880801.44
2026-02-23 18:00:00+00:00,1.365,1.375,1.361,1.365,19493810.54
2026-02-23 19:00:00+00:00,1.365,1.367,1.356,1.357,13560209.05
2026-02-23 20:00:00+00:00,1.357,1.36,1.35,1.355,12584207.19
2026-02-23 21:00:00+00:00,1.355,1.364,1.35,1.362,11264373.23
2026-02-23 22:00:00+00:00,1.362,1.368,1.355,1.356,10733144.26
2026-02-23 23:00:00+00:00,1.356,1.36,1.351,1.352,9967103.23
2026-02-24 00:00:00+00:00,1.352,1.358,1.352,1.357,8737634.4
2026-02-24 01:00:00+00:00,1.357,1.362,1.328,1.351,36346031.09
2026-02-24 02:00:00+00:00,1.351,1.358,1.344,1.348,16752465.16
2026-02-24 03:00:00+00:00,1.348,1.348,1.328,1.332,24274679.6
2026-02-24 04:00:00+00:00,1.332,1.335,1.322,1.332,22044900.61
2026-02-24 05:00:00+00:00,1.332,1.342,1.326,1.332,21008393.0
2026-02-24 06:00:00+00:00,1.332,1.337,1.326,1.329,15418536.93
2026-02-24 07:00:00+00:00,1.329,1.332,1.323,1.326,15530591.67
2026-02-24 08:00:00+00:00,1.326,1.335,1.322,1.332,12977241.65
2026-02-24 09:00:00+00:00,1.332,1.335,1.322,1.332,11399540.45
2026-02-24 10:00:00+00:00,1.332,1.336,1.327,1.331,11617607.92
2026-02-24 11:00:00+00:00,1.331,1.334,1.328,1.333,8849964.99
2026-02-24 12:00:00+00:00,1.333,1.338,1.329,1.332,17717204.35
2026-02-24 13:00:00+00:00,1.332,1.336,1.323,1.331,20802769.28
2026-02-24 14:00:00+00:00,1.331,1.345,1.313,1.336,37193172.72
2026-02-24 15:00:00+00:00,1.336,1.353,1.333,1.352,25939073.77
2026-02-24 16:00:00+00:00,1.352,1.364,1.345,1.358,26687803.07
2026-02-24 17:00:00+00:00,1.358,1.364,1.356,1.36,18462355.94
2026-02-24 18:00:00+00:00,1.36,1.368,1.353,1.36,19794144.12
2026-02-24 19:00:00+00:00,1.36,1.364,1.35,1.356,16941041.32
2026-02-24 20:00:00+00:00,1.356,1.363,1.355,1.358,12736490.32
2026-02-24 21:00:00+00:00,1.358,1.359,1.349,1.352,13760532.62
2026-02-24 22:00:00+00:00,1.352,1.358,1.35,1.353,13279416.01
2026-02-24 23:00:00+00:00,1.353,1.355,1.342,1.348,11770218.9
2026-02-25 00:00:00+00:00,1.348,1.352,1.341,1.347,11894794.09
2026-02-25 01:00:00+00:00,1.347,1.399,1.346,1.387,76856910.64
2026-02-25 02:00:00+00:00,1.387,1.394,1.379,1.38,29369913.08
2026-02-25 03:00:00+00:00,1.38,1.381,1.367,1.37,19588930.79
2026-02-25 04:00:00+00:00,1.37,1.375,1.36,1.369,20136603.54
2026-02-25 05:00:00+00:00,1.369,1.37,1.353,1.359,16560974.52
2026-02-25 06:00:00+00:00,1.359,1.367,1.357,1.36,9608161.5
2026-02-25 07:00:00+00:00,1.36,1.368,1.359,1.366,9271469.31
2026-02-25 08:00:00+00:00,1.366,1.374,1.363,1.373,13591556.81
2026-02-25 09:00:00+00:00,1.373,1.382,1.372,1.38,18664976.22
2026-02-25 10:00:00+00:00,1.38,1.384,1.374,1.375,11800767.89
2026-02-25 11:00:00+00:00,1.375,1.385,1.373,1.384,10737245.52
2026-02-25 12:00:00+00:00,1.384,1.403,1.381,1.4,20582653.66
2026-02-25 13:00:00+00:00,1.4,1.424,1.399,1.413,32257678.22
2026-02-25 14:00:00+00:00,1.413,1.437,1.413,1.436,42050429.44
2026-02-25 15:00:00+00:00,1.436,1.446,1.425,1.441,47152939.82
2026-02-25 16:00:00+00:00,1.441,1.45,1.438,1.449,36060356.33
2026-02-25 17:00:00+00:00,1.449,1.474,1.446,1.466,50701118.57
2026-02-25 18:00:00+00:00,1.466,1.477,1.456,1.472,31727945.92
2026-02-25 19:00:00+00:00,1.472,1.473,1.454,1.467,36818037.69
2026-02-25 20:00:00+00:00,1.467,1.471,1.457,1.464,34467219.04
2026-02-25 21:00:00+00:00,1.464,1.492,1.463,1.476,57443427.51
2026-02-25 22:00:00+00:00,1.476,1.488,1.444,1.456,46558393.1
2026-02-25 23:00:00+00:00,1.456,1.457,1.419,1.434,47343563.44
2026-02-26 00:00:00+00:00,1.434,1.447,1.427,1.439,26199292.58
2026-02-26 01:00:00+00:00,1.439,1.444,1.423,1.424,17983757.6
2026-02-26 02:00:00+00:00,1.424,1.439,1.418,1.438,16681720.76
2026-02-26 03:00:00+00:00,1.438,1.446,1.434,1.442,16704292.28
2026-02-26 04:00:00+00:00,1.442,1.469,1.44,1.459,23067242.05
2026-02-26 05:00:00+00:00,1.459,1.46,1.44,1.448,19826912.24
2026-02-26 06:00:00+00:00,1.448,1.455,1.443,1.445,14806178.84
2026-02-26 07:00:00+00:00,1.445,1.445,1.431,1.434,14849722.79
2026-02-26 08:00:00+00:00,1.434,1.445,1.434,1.436,16849634.36
2026-02-26 09:00:00+00:00,1.436,1.453,1.435,1.452,17686722.15
2026-02-26 10:00:00+00:00,1.452,1.457,1.441,1.443,20047934.24
2026-02-26 11:00:00+00:00,1.443,1.445,1.435,1.437,14241712.5
2026-02-26 12:00:00+00:00,1.437,1.444,1.436,1.442,16539326.16
2026-02-26 13:00:00+00:00,1.442,1.446,1.436,1.44,12545999.43
2026-02-26 14:00:00+00:00,1.44,1.445,1.422,1.436,33885761.02
2026-02-26 15:00:00+00:00,1.436,1.436,1.408,1.421,50002654.26
2026-02-26 16:00:00+00:00,1.421,1.423,1.386,1.389,48312710.59
2026-02-26 17:00:00+00:00,1.389,1.399,1.384,1.388,29077610.18
2026-02-26 18:00:00+00:00,1.388,1.399,1.383,1.393,32246541.57
2026-02-26 19:00:00+00:00,1.393,1.41,1.393,1.407,37965888.27
2026-02-26 20:00:00+00:00,1.407,1.413,1.393,1.394,19518735.9
2026-02-26 21:00:00+00:00,1.394,1.397,1.388,1.395,12048520.13
2026-02-26 22:00:00+00:00,1.395,1.405,1.394,1.402,9411766.36
2026-02-26 23:00:00+00:00,1.402,1.404,1.397,1.403,9447249.63
2026-02-27 00:00:00+00:00,1.403,1.405,1.393,1.402,15300985.57
2026-02-27 01:00:00+00:00,1.402,1.406,1.396,1.405,13367639.07
2026-02-27 02:00:00+00:00,1.405,1.413,1.405,1.407,16757565.36
2026-02-27 03:00:00+00:00,1.407,1.409,1.4,1.408,15752278.52
2026-02-27 04:00:00+00:00,1.408,1.422,1.406,1.408,24595894.3
2026-02-27 05:00:00+00:00,1.408,1.415,1.407,1.41,11318226.5
2026-02-27 06:00:00+00:00,1.41,1.415,1.404,1.413,9672072.56
2026-02-27 07:00:00+00:00,1.413,1.417,1.406,1.417,9069711.54
2026-02-27 08:00:00+00:00,1.417,1.424,1.415,1.422,13801552.24
2026-02-27 09:00:00+00:00,1.422,1.426,1.405,1.407,14239531.58
2026-02-27 10:00:00+00:00,1.407,1.407,1.387,1.389,26409887.56
2026-02-27 11:00:00+00:00,1.389,1.397,1.381,1.383,23798486.9
2026-02-27 12:00:00+00:00,1.383,1.385,1.373,1.378,19936519.13
2026-02-27 13:00:00+00:00,1.378,1.382,1.363,1.371,35636965.19
2026-02-27 14:00:00+00:00,1.371,1.374,1.357,1.359,32892786.97
2026-02-27 15:00:00+00:00,1.359,1.367,1.352,1.357,65119950.37
2026-02-27 16:00:00+00:00,1.357,1.359,1.349,1.351,32586568.77
2026-02-27 17:00:00+00:00,1.351,1.36,1.339,1.358,39174397.61
2026-02-27 18:00:00+00:00,1.358,1.364,1.353,1.357,23319312.2
2026-02-27 19:00:00+00:00,1.357,1.357,1.347,1.351,16206724.98
2026-02-27 20:00:00+00:00,1.351,1.356,1.35,1.353,14211677.19
2026-02-27 21:00:00+00:00,1.353,1.356,1.348,1.351,15225129.12
2026-02-27 22:00:00+00:00,1.351,1.356,1.339,1.354,21127452.18
2026-02-27 23:00:00+00:00,1.354,1.357,1.351,1.356,13572424.91
2026-02-28 00:00:00+00:00,1.356,1.363,1.355,1.363,12512100.32
2026-02-28 01:00:00+00:00,1.363,1.365,1.357,1.359,8797044.66
2026-02-28 02:00:00+00:00,1.359,1.363,1.357,1.362,7362179.52
2026-02-28 03:00:00+00:00,1.362,1.362,1.353,1.355,8874650.04
2026-02-28 04:00:00+00:00,1.355,1.358,1.35,1.354,9224876.77
2026-02-28 05:00:00+00:00,1.354,1.356,1.347,1.35,8701165.32
2026-02-28 06:00:00+00:00,1.35,1.351,1.293,1.297,77017560.04
2026-02-28 07:00:00+00:00,1.297,1.323,1.29,1.303,61040739.43
2026-02-28 08:00:00+00:00,1.303,1.303,1.284,1.286,36251655.61
2026-02-28 09:00:00+00:00,1.286,1.289,1.272,1.278,37231524.83
2026-02-28 10:00:00+00:00,1.278,1.295,1.27,1.29,32706008.47
2026-02-28 11:00:00+00:00,1.29,1.307,1.287,1.293,33031854.47
2026-02-28 12:00:00+00:00,1.293,1.299,1.292,1.296,17892286.03
2026-02-28 13:00:00+00:00,1.296,1.34,1.295,1.339,53627491.48
2026-02-28 14:00:00+00:00,1.339,1.35,1.315,1.318,55754682.8
2026-02-28 15:00:00+00:00,1.318,1.332,1.311,1.324,32484401.99
2026-02-28 16:00:00+00:00,1.324,1.329,1.317,1.326,17516767.55
2026-02-28 17:00:00+00:00,1.326,1.33,1.315,1.328,20854058.64
2026-02-28 18:00:00+00:00,1.328,1.349,1.323,1.343,21291979.59
2026-02-28 19:00:00+00:00,1.343,1.359,1.335,1.354,27617210.43
2026-02-28 20:00:00+00:00,1.354,1.385,1.351,1.381,36828518.53
2026-02-28 21:00:00+00:00,1.381,1.382,1.366,1.377,25597473.09
2026-02-28 22:00:00+00:00,1.377,1.393,1.375,1.381,20887913.43
2026-02-28 23:00:00+00:00,1.381,1.387,1.374,1.376,13570380.17
2026-03-01 00:00:00+00:00,1.376,1.382,1.372,1.379,13980333.75
2026-03-01 01:00:00+00:00,1.379,1.414,1.366,1.403,43060424.43
2026-03-01 02:00:00+00:00,1.403,1.433,1.403,1.425,60259221.44
2026-03-01 03:00:00+00:00,1.425,1.433,1.413,1.418,34496111.11
2026-03-01 04:00:00+00:00,1.418,1.422,1.405,1.414,26163788.97
2026-03-01 05:00:00+00:00,1.414,1.419,1.409,1.409,14636756.02
2026-03-01 06:00:00+00:00,1.409,1.41,1.389,1.395,36218106.68
2026-03-01 07:00:00+00:00,1.395,1.402,1.393,1.398,13833880.38
2026-03-01 08:00:00+00:00,1.398,1.4,1.376,1.38,18137691.44
2026-03-01 09:00:00+00:00,1.38,1.387,1.37,1.373,19831620.19
2026-03-01 10:00:00+00:00,1.373,1.382,1.367,1.377,17734089.07
2026-03-01 11:00:00+00:00,1.377,1.382,1.375,1.376,10929361.35
2026-03-01 12:00:00+00:00,1.376,1.379,1.367,1.368,11236595.12
2026-03-01 13:00:00+00:00,1.368,1.396,1.362,1.388,35061627.55
2026-03-01 14:00:00+00:00,1.388,1.403,1.374,1.381,27621254.39
2026-03-01 15:00:00+00:00,1.381,1.391,1.377,1.379,17731026.39
2026-03-01 16:00:00+00:00,1.379,1.386,1.36,1.37,21598095.65
2026-03-01 17:00:00+00:00,1.37,1.372,1.357,1.366,17738087.75
2026-03-01 18:00:00+00:00,1.366,1.379,1.364,1.368,17629409.54
2026-03-01 19:00:00+00:00,1.368,1.368,1.354,1.356,14083364.86
2026-03-01 20:00:00+00:00,1.356,1.356,1.337,1.341,27625066.81
2026-03-01 21:00:00+00:00,1.341,1.357,1.341,1.354,14485116.66
2026-03-01 22:00:00+00:00,1.354,1.37,1.341,1.342,27101639.61
2026-03-01 23:00:00+00:00,1.342,1.359,1.34,1.352,14491060.18
2026-03-02 00:00:00+00:00,1.352,1.373,1.351,1.365,19370237.48
2026-03-02 01:00:00+00:00,1.365,1.381,1.364,1.368,16773916.45
2026-03-02 02:00:00+00:00,1.368,1.373,1.354,1.364,18752348.58
2026-03-02 03:00:00+00:00,1.364,1.378,1.361,1.374,15095401.12
2026-03-02 04:00:00+00:00,1.374,1.375,1.365,1.367,11130172.25
2026-03-02 05:00:00+00:00,1.367,1.37,1.358,1.362,11737115.91
2026-03-02 06:00:00+00:00,1.362,1.364,1.348,1.35,16387343.8
2026-03-02 07:00:00+00:00,1.35,1.351,1.338,1.347,16083843.59
2026-03-02 08:00:00+00:00,1.347,1.355,1.338,1.354,21356377.48
2026-03-02 09:00:00+00:00,1.354,1.363,1.352,1.353,14987399.98
2026-03-02 10:00:00+00:00,1.353,1.355,1.348,1.354,9299081.05
2026-03-02 11:00:00+00:00,1.354,1.358,1.346,1.352,9908313.95
2026-03-02 12:00:00+00:00,1.352,1.354,1.347,1.348,8972726.92
2026-03-02 13:00:00+00:00,1.348,1.35,1.339,1.339,16373877.38
2026-03-02 14:00:00+00:00,1.339,1.379,1.334,1.373,43598046.71
2026-03-02 15:00:00+00:00,1.373,1.415,1.369,1.401,76577861.03
2026-03-02 16:00:00+00:00,1.401,1.423,1.398,1.407,53791200.67
2026-03-02 17:00:00+00:00,1.407,1.411,1.383,1.395,27618606.28
2026-03-02 18:00:00+00:00,1.395,1.407,1.386,1.401,21424666.92
2026-03-02 19:00:00+00:00,1.401,1.405,1.39,1.401,24274795.49
2026-03-02 20:00:00+00:00,1.401,1.405,1.388,1.395,19136008.28
2026-03-02 21:00:00+00:00,1.395,1.398,1.386,1.398,11495351.14
2026-03-02 22:00:00+00:00,1.398,1.407,1.396,1.4,19114905.69
2026-03-02 23:00:00+00:00,1.4,1.401,1.388,1.39,16605153.59
2026-03-03 00:00:00+00:00,1.39,1.395,1.383,1.39,16897869.2
2026-03-03 01:00:00+00:00,1.39,1.395,1.382,1.384,12044913.46
2026-03-03 02:00:00+00:00,1.384,1.384,1.376,1.378,21529776.27
2026-03-03 03:00:00+00:00,1.378,1.379,1.368,1.373,14805933.04
2026-03-03 04:00:00+00:00,1.373,1.375,1.365,1.367,10464680.96
2026-03-03 05:00:00+00:00,1.367,1.378,1.362,1.365,14579426.62
2026-03-03 06:00:00+00:00,1.365,1.367,1.358,1.361,10508120.96
2026-03-03 07:00:00+00:00,1.361,1.367,1.358,1.364,19031435.19
2026-03-03 08:00:00+00:00,1.364,1.369,1.348,1.349,18772770.84
2026-03-03 09:00:00+00:00,1.349,1.356,1.342,1.348,18236038.83
2026-03-03 10:00:00+00:00,1.348,1.352,1.343,1.351,14579739.72
2026-03-03 11:00:00+00:00,1.351,1.354,1.347,1.353,16600116.02
2026-03-03 12:00:00+00:00,1.353,1.371,1.352,1.358,17721200.88
2026-03-03 13:00:00+00:00,1.358,1.359,1.344,1.349,15980938.82
2026-03-03 14:00:00+00:00,1.349,1.363,1.338,1.347,39105097.66
2026-03-03 15:00:00+00:00,1.347,1.365,1.339,1.365,33885479.03
2026-03-03 16:00:00+00:00,1.365,1.387,1.355,1.369,41555971.85
2026-03-03 17:00:00+00:00,1.369,1.371,1.353,1.369,14843291.89
2026-03-03 18:00:00+00:00,1.369,1.375,1.36,1.367,18945479.19
2026-03-03 19:00:00+00:00,1.367,1.368,1.356,1.363,13885993.89
2026-03-03 20:00:00+00:00,1.363,1.364,1.353,1.354,13209593.66
2026-03-03 21:00:00+00:00,1.354,1.358,1.349,1.356,9705745.98
2026-03-03 22:00:00+00:00,1.356,1.365,1.356,1.363,9350882.37
2026-03-03 23:00:00+00:00,1.363,1.369,1.36,1.361,13954119.06
2026-03-04 00:00:00+00:00,1.361,1.363,1.353,1.36,10916490.05
2026-03-04 01:00:00+00:00,1.36,1.37,1.356,1.364,19648525.78
2026-03-04 02:00:00+00:00,1.364,1.368,1.355,1.361,20788728.12
2026-03-04 03:00:00+00:00,1.361,1.362,1.345,1.353,17234910.56
2026-03-04 04:00:00+00:00,1.353,1.356,1.345,1.352,11863697.7
2026-03-04 05:00:00+00:00,1.352,1.362,1.35,1.357,12277789.31
2026-03-04 06:00:00+00:00,1.357,1.361,1.35,1.359,12465808.96
2026-03-04 07:00:00+00:00,1.359,1.377,1.358,1.375,20416356.78
2026-03-04 08:00:00+00:00,1.375,1.406,1.369,1.404,39928325.64
2026-03-04 09:00:00+00:00,1.404,1.425,1.398,1.416,74611000.99
2026-03-04 10:00:00+00:00,1.416,1.422,1.402,1.405,34824928.27
2026-03-04 11:00:00+00:00,1.405,1.413,1.395,1.399,23331556.04
2026-03-04 12:00:00+00:00,1.399,1.401,1.383,1.394,21959079.55
2026-03-04 13:00:00+00:00,1.394,1.406,1.393,1.406,18784364.51
2026-03-04 14:00:00+00:00,1.406,1.425,1.404,1.413,44234486.71
2026-03-04 15:00:00+00:00,1.413,1.464,1.413,1.463,94182985.45
2026-03-04 16:00:00+00:00,1.463,1.473,1.44,1.45,58678202.8
2026-03-04 17:00:00+00:00,1.45,1.455,1.436,1.443,33925042.34
2026-03-04 18:00:00+00:00,1.443,1.457,1.437,1.454,21038656.06
2026-03-04 19:00:00+00:00,1.454,1.47,1.452,1.457,34765519.82
2026-03-04 20:00:00+00:00,1.457,1.466,1.449,1.46,30491876.65
2026-03-04 21:00:00+00:00,1.46,1.46,1.445,1.448,24442098.24
2026-03-04 22:00:00+00:00,1.448,1.454,1.427,1.43,22127410.5
2026-03-04 23:00:00+00:00,1.43,1.434,1.417,1.431,29955847.33
2026-03-05 00:00:00+00:00,1.431,1.434,1.423,1.427,18398133.97
2026-03-05 01:00:00+00:00,1.427,1.436,1.416,1.419,18068995.49
2026-03-05 02:00:00+00:00,1.419,1.429,1.416,1.42,14730634.25
2026-03-05 03:00:00+00:00,1.42,1.424,1.416,1.42,15489714.66
2026-03-05 04:00:00+00:00,1.42,1.431,1.419,1.429,15512687.33
2026-03-05 05:00:00+00:00,1.429,1.43,1.413,1.415,13288331.57
2026-03-05 06:00:00+00:00,1.415,1.425,1.409,1.424,13452346.06
2026-03-05 07:00:00+00:00,1.424,1.43,1.409,1.413,13269603.35
2026-03-05 08:00:00+00:00,1.413,1.419,1.409,1.419,12614538.35
2026-03-05 09:00:00+00:00,1.419,1.432,1.418,1.429,15183594.24
2026-03-05 10:00:00+00:00,1.429,1.453,1.425,1.448,25280390.38
2026-03-05 11:00:00+00:00,1.448,1.45,1.435,1.436,21235175.59
2026-03-05 12:00:00+00:00,1.436,1.443,1.433,1.441,13890738.69
2026-03-05 13:00:00+00:00,1.441,1.441,1.42,1.428,20924199.61
2026-03-05 14:00:00+00:00,1.428,1.44,1.42,1.437,28716115.34
2026-03-05 15:00:00+00:00,1.437,1.44,1.41,1.417,32942981.48
2026-03-05 16:00:00+00:00,1.417,1.417,1.396,1.412,28662194.41
2026-03-05 17:00:00+00:00,1.412,1.419,1.399,1.4,19143185.6
2026-03-05 18:00:00+00:00,1.4,1.411,1.399,1.41,12233176.62
2026-03-05 19:00:00+00:00,1.41,1.423,1.41,1.411,18064166.65
2026-03-05 20:00:00+00:00,1.411,1.421,1.41,1.416,14115699.06
2026-03-05 21:00:00+00:00,1.416,1.419,1.404,1.407,11118334.05
2026-03-05 22:00:00+00:00,1.407,1.409,1.402,1.406,8910780.31
2026-03-05 23:00:00+00:00,1.406,1.409,1.402,1.404,8596228.73
2026-03-06 00:00:00+00:00,1.404,1.408,1.403,1.405,6739648.67
2026-03-06 01:00:00+00:00,1.405,1.414,1.398,1.412,12701827.59
2026-03-06 02:00:00+00:00,1.412,1.415,1.409,1.41,8271591.83
2026-03-06 03:00:00+00:00,1.41,1.412,1.403,1.406,7157710.49
2026-03-06 04:00:00+00:00,1.406,1.406,1.392,1.399,12830675.88
2026-03-06 05:00:00+00:00,1.399,1.403,1.393,1.399,10788429.84
2026-03-06 06:00:00+00:00,1.399,1.405,1.397,1.401,9738678.43
2026-03-06 07:00:00+00:00,1.401,1.408,1.397,1.408,9478011.29
2026-03-06 08:00:00+00:00,1.408,1.408,1.401,1.405,17204142.36
2026-03-06 09:00:00+00:00,1.405,1.406,1.392,1.398,10955234.16
2026-03-06 10:00:00+00:00,1.398,1.408,1.397,1.403,8557043.97
2026-03-06 11:00:00+00:00,1.403,1.405,1.394,1.395,8331330.3
2026-03-06 12:00:00+00:00,1.395,1.396,1.385,1.389,15186002.64
2026-03-06 13:00:00+00:00,1.389,1.397,1.372,1.372,37699573.16
2026-03-06 14:00:00+00:00,1.372,1.374,1.351,1.355,43702597.49
2026-03-06 15:00:00+00:00,1.355,1.366,1.353,1.356,28628208.63
2026-03-06 16:00:00+00:00,1.356,1.363,1.354,1.357,17450804.3
2026-03-06 17:00:00+00:00,1.357,1.359,1.346,1.35,24362560.2
2026-03-06 18:00:00+00:00,1.35,1.363,1.349,1.359,17828138.49
2026-03-06 19:00:00+00:00,1.359,1.366,1.358,1.363,16611644.68
2026-03-06 20:00:00+00:00,1.363,1.364,1.354,1.357,14816109.74
2026-03-06 21:00:00+00:00,1.357,1.365,1.356,1.364,10830461.83
2026-03-06 22:00:00+00:00,1.364,1.372,1.363,1.369,10070547.9
2026-03-06 23:00:00+00:00,1.369,1.369,1.363,1.363,8678827.87
2026-03-07 00:00:00+00:00,1.363,1.371,1.363,1.368,8438239.02
2026-03-07 01:00:00+00:00,1.368,1.37,1.365,1.368,6676544.05
2026-03-07 02:00:00+00:00,1.368,1.369,1.363,1.368,7803596.9
2026-03-07 03:00:00+00:00,1.368,1.375,1.365,1.366,9721608.52
2026-03-07 04:00:00+00:00,1.366,1.366,1.361,1.363,7991752.98
2026-03-07 05:00:00+00:00,1.363,1.368,1.362,1.367,6436804.62
2026-03-07 06:00:00+00:00,1.367,1.369,1.362,1.364,5858516.79
2026-03-07 07:00:00+00:00,1.364,1.368,1.361,1.367,8567740.13
2026-03-07 08:00:00+00:00,1.367,1.369,1.364,1.365,6460199.98
2026-03-07 09:00:00+00:00,1.365,1.368,1.363,1.365,6111895.9
2026-03-07 10:00:00+00:00,1.365,1.369,1.365,1.366,4962114.76
2026-03-07 11:00:00+00:00,1.366,1.373,1.365,1.37,8487044.96
2026-03-07 12:00:00+00:00,1.37,1.37,1.362,1.364,7310644.51
2026-03-07 13:00:00+00:00,1.364,1.368,1.362,1.363,8685811.18
2026-03-07 14:00:00+00:00,1.363,1.367,1.356,1.364,10691517.19
2026-03-07 15:00:00+00:00,1.364,1.364,1.355,1.357,8012221.49
2026-03-07 16:00:00+00:00,1.357,1.361,1.356,1.361,6346555.42
2026-03-07 17:00:00+00:00,1.361,1.365,1.36,1.36,5902625.84
2026-03-07 18:00:00+00:00,1.36,1.361,1.353,1.357,12278634.28
2026-03-07 19:00:00+00:00,1.357,1.357,1.347,1.35,16519129.21
2026-03-07 20:00:00+00:00,1.35,1.356,1.35,1.355,6861269.73
2026-03-07 21:00:00+00:00,1.355,1.359,1.354,1.357,6621320.92
2026-03-07 22:00:00+00:00,1.357,1.357,1.35,1.354,5869890.17
2026-03-07 23:00:00+00:00,1.354,1.357,1.353,1.357,4584571.3
2026-03-08 00:00:00+00:00,1.357,1.36,1.354,1.355,6837031.61
2026-03-08 01:00:00+00:00,1.355,1.358,1.351,1.357,6418614.43
2026-03-08 02:00:00+00:00,1.357,1.357,1.345,1.348,13144295.62
2026-03-08 03:00:00+00:00,1.348,1.352,1.345,1.348,11344487.88
2026-03-08 04:00:00+00:00,1.348,1.35,1.342,1.344,10089163.79
2026-03-08 05:00:00+00:00,1.344,1.356,1.344,1.354,8724146.9
2026-03-08 06:00:00+00:00,1.354,1.355,1.35,1.352,6479482.61
2026-03-08 07:00:00+00:00,1.352,1.363,1.352,1.36,11078715.18
2026-03-08 08:00:00+00:00,1.36,1.362,1.355,1.359,9079271.49
2026-03-08 09:00:00+00:00,1.359,1.366,1.356,1.361,8733822.72
2026-03-08 10:00:00+00:00,1.361,1.371,1.361,1.368,12910872.01
2026-03-08 11:00:00+00:00,1.368,1.368,1.356,1.358,10034320.2
2026-03-08 12:00:00+00:00,1.358,1.359,1.345,1.352,12073209.35
2026-03-08 13:00:00+00:00,1.352,1.354,1.342,1.35,15571902.68
2026-03-08 14:00:00+00:00,1.35,1.353,1.345,1.35,7335636.98
2026-03-08 15:00:00+00:00,1.35,1.35,1.343,1.346,9734584.61
2026-03-08 16:00:00+00:00,1.346,1.346,1.338,1.34,16692572.52
2026-03-08 17:00:00+00:00,1.34,1.346,1.339,1.344,7583845.01
2026-03-08 18:00:00+00:00,1.344,1.348,1.34,1.346,7436186.08
2026-03-08 19:00:00+00:00,1.346,1.36,1.343,1.356,10827081.0
2026-03-08 20:00:00+00:00,1.356,1.362,1.352,1.353,8311595.57
2026-03-08 21:00:00+00:00,1.353,1.355,1.345,1.348,7187848.41
2026-03-08 22:00:00+00:00,1.348,1.349,1.322,1.346,37102688.15
2026-03-08 23:00:00+00:00,1.346,1.35,1.339,1.34,11399945.26
2026-03-09 00:00:00+00:00,1.34,1.36,1.339,1.349,20717373.48
2026-03-09 01:00:00+00:00,1.349,1.354,1.342,1.342,13486618.63
2026-03-09 02:00:00+00:00,1.342,1.35,1.338,1.346,13688393.88
2026-03-09 03:00:00+00:00,1.346,1.365,1.345,1.35,23161554.38
2026-03-09 04:00:00+00:00,1.35,1.356,1.344,1.344,9231028.63
2026-03-09 05:00:00+00:00,1.344,1.359,1.342,1.355,18728852.09
2026-03-09 06:00:00+00:00,1.355,1.359,1.344,1.345,11141605.7
2026-03-09 07:00:00+00:00,1.345,1.345,1.333,1.341,29996677.31
2026-03-09 08:00:00+00:00,1.341,1.348,1.34,1.346,11253947.25
2026-03-09 09:00:00+00:00,1.346,1.364,1.341,1.355,17314533.76
2026-03-09 10:00:00+00:00,1.355,1.356,1.346,1.347,8303589.72
2026-03-09 11:00:00+00:00,1.347,1.351,1.342,1.35,7481573.17
2026-03-09 12:00:00+00:00,1.35,1.358,1.35,1.355,9686602.29
2026-03-09 13:00:00+00:00,1.355,1.373,1.354,1.368,24340599.13
2026-03-09 14:00:00+00:00,1.368,1.372,1.359,1.365,23699282.25
2026-03-09 15:00:00+00:00,1.365,1.368,1.357,1.36,13136773.04
2026-03-09 16:00:00+00:00,1.36,1.37,1.359,1.365,8803301.75
2026-03-09 17:00:00+00:00,1.365,1.37,1.359,1.362,13054525.17
2026-03-09 18:00:00+00:00,1.362,1.368,1.356,1.362,10373648.9
2026-03-09 19:00:00+00:00,1.362,1.384,1.356,1.373,40479455.84
2026-03-09 20:00:00+00:00,1.373,1.379,1.367,1.373,16591123.63
2026-03-09 21:00:00+00:00,1.373,1.377,1.37,1.374,8893641.85
2026-03-09 22:00:00+00:00,1.374,1.375,1.363,1.365,13539850.22
2026-03-09 23:00:00+00:00,1.365,1.368,1.36,1.363,9021951.44
2026-03-10 00:00:00+00:00,1.363,1.374,1.361,1.37,10765713.66
2026-03-10 01:00:00+00:00,1.37,1.375,1.366,1.372,11360930.67
2026-03-10 02:00:00+00:00,1.372,1.392,1.37,1.388,22943733.99
2026-03-10 03:00:00+00:00,1.388,1.391,1.375,1.375,15227345.55
2026-03-10 04:00:00+00:00,1.375,1.384,1.373,1.382,8923720.07
2026-03-10 05:00:00+00:00,1.382,1.39,1.381,1.384,11025465.77
2026-03-10 06:00:00+00:00,1.384,1.384,1.378,1.38,15014810.5
2026-03-10 07:00:00+00:00,1.38,1.388,1.376,1.388,20096789.63
2026-03-10 08:00:00+00:00,1.388,1.411,1.388,1.401,28536790.09
2026-03-10 09:00:00+00:00,1.401,1.419,1.401,1.416,23736029.59
2026-03-10 10:00:00+00:00,1.416,1.417,1.404,1.406,29912065.14
2026-03-10 11:00:00+00:00,1.406,1.406,1.389,1.391,24387090.51
2026-03-10 12:00:00+00:00,1.391,1.392,1.383,1.389,16317186.34
2026-03-10 13:00:00+00:00,1.389,1.402,1.381,1.393,25443442.07
2026-03-10 14:00:00+00:00,1.393,1.438,1.382,1.434,48429740.87
2026-03-10 15:00:00+00:00,1.434,1.443,1.42,1.431,49560050.12
2026-03-10 16:00:00+00:00,1.431,1.436,1.423,1.427,30911414.07
2026-03-10 17:00:00+00:00,1.427,1.431,1.409,1.412,25764104.25
2026-03-10 18:00:00+00:00,1.412,1.413,1.391,1.394,35450854.07
2026-03-10 19:00:00+00:00,1.394,1.395,1.38,1.385,21090736.22
2026-03-10 20:00:00+00:00,1.385,1.395,1.384,1.39,13190950.61
2026-03-10 21:00:00+00:00,1.39,1.395,1.379,1.384,12560964.13
2026-03-10 22:00:00+00:00,1.384,1.389,1.38,1.384,10564389.44
2026-03-10 23:00:00+00:00,1.384,1.388,1.384,1.386,16784868.98
2026-03-11 00:00:00+00:00,1.386,1.392,1.382,1.388,12600941.49
2026-03-11 01:00:00+00:00,1.388,1.391,1.384,1.39,6411892.5
2026-03-11 02:00:00+00:00,1.39,1.391,1.379,1.383,12424909.07
2026-03-11 03:00:00+00:00,1.383,1.385,1.378,1.379,7709533.62
2026-03-11 04:00:00+00:00,1.379,1.389,1.377,1.388,8826261.15
2026-03-11 05:00:00+00:00,1.388,1.391,1.375,1.376,12869455.93
2026-03-11 06:00:00+00:00,1.376,1.384,1.376,1.382,12147964.92
2026-03-11 07:00:00+00:00,1.382,1.383,1.374,1.378,9796672.59
2026-03-11 08:00:00+00:00,1.378,1.38,1.373,1.376,9057806.02
2026-03-11 09:00:00+00:00,1.376,1.381,1.373,1.374,8377628.92
2026-03-11 10:00:00+00:00,1.374,1.381,1.373,1.379,16720624.34
2026-03-11 11:00:00+00:00,1.379,1.381,1.373,1.374,30831229.62
2026-03-11 12:00:00+00:00,1.374,1.387,1.371,1.385,23283664.6
2026-03-11 13:00:00+00:00,1.385,1.411,1.383,1.392,31903086.69
2026-03-11 14:00:00+00:00,1.392,1.403,1.387,1.392,25267498.79
2026-03-11 15:00:00+00:00,1.392,1.394,1.373,1.382,19905844.19
2026-03-11 16:00:00+00:00,1.382,1.39,1.38,1.387,14311761.11
2026-03-11 17:00:00+00:00,1.387,1.402,1.387,1.398,28218739.9
2026-03-11 18:00:00+00:00,1.398,1.407,1.397,1.404,26432143.38
2026-03-11 19:00:00+00:00,1.404,1.405,1.388,1.39,20326774.03
2026-03-11 20:00:00+00:00,1.39,1.394,1.387,1.392,10044777.91
2026-03-11 21:00:00+00:00,1.392,1.394,1.389,1.392,6476158.12
2026-03-11 22:00:00+00:00,1.392,1.397,1.387,1.39,9216430.08
2026-03-11 23:00:00+00:00,1.39,1.392,1.382,1.385,7146026.01
2026-03-12 00:00:00+00:00,1.385,1.386,1.381,1.384,8897254.26
2026-03-12 01:00:00+00:00,1.384,1.384,1.377,1.379,12268292.57
2026-03-12 02:00:00+00:00,1.379,1.381,1.371,1.372,15549068.35
2026-03-12 03:00:00+00:00,1.372,1.376,1.37,1.374,9410508.18
2026-03-12 04:00:00+00:00,1.374,1.378,1.369,1.37,10971021.1
2026-03-12 05:00:00+00:00,1.37,1.373,1.366,1.371,15516703.17
2026-03-12 06:00:00+00:00,1.371,1.373,1.367,1.372,10381139.95
2026-03-12 07:00:00+00:00,1.372,1.378,1.37,1.376,10889716.45
2026-03-12 08:00:00+00:00,1.376,1.382,1.374,1.38,10994672.57
2026-03-12 09:00:00+00:00,1.38,1.389,1.376,1.382,13264361.88
2026-03-12 10:00:00+00:00,1.382,1.391,1.379,1.39,12544821.68
2026-03-12 11:00:00+00:00,1.39,1.393,1.387,1.388,14216926.98
2026-03-12 12:00:00+00:00,1.388,1.392,1.386,1.388,11309995.18
2026-03-12 13:00:00+00:00,1.388,1.392,1.377,1.382,19722996.47
2026-03-12 14:00:00+00:00,1.382,1.392,1.365,1.369,26737815.16
2026-03-12 15:00:00+00:00,1.369,1.384,1.366,1.379,19177689.78
2026-03-12 16:00:00+00:00,1.379,1.386,1.371,1.382,12758967.83
2026-03-12 17:00:00+00:00,1.382,1.385,1.377,1.38,7679546.63
2026-03-12 18:00:00+00:00,1.38,1.381,1.371,1.372,8352017.38
2026-03-12 19:00:00+00:00,1.372,1.382,1.37,1.379,10578802.74
2026-03-12 20:00:00+00:00,1.379,1.38,1.371,1.372,8387253.11
2026-03-12 21:00:00+00:00,1.372,1.376,1.372,1.374,8618085.08
2026-03-12 22:00:00+00:00,1.374,1.379,1.372,1.379,8140725.46
2026-03-12 23:00:00+00:00,1.379,1.389,1.379,1.385,16713062.28
2026-03-13 00:00:00+00:00,1.385,1.424,1.383,1.407,65185659.0
2026-03-13 01:00:00+00:00,1.407,1.416,1.404,1.414,32482001.28
2026-03-13 02:00:00+00:00,1.414,1.414,1.4,1.402,19420491.07
2026-03-13 03:00:00+00:00,1.402,1.414,1.4,1.412,13317028.14
2026-03-13 04:00:00+00:00,1.412,1.414,1.407,1.411,14039642.74
2026-03-13 05:00:00+00:00,1.411,1.427,1.408,1.423,27844700.57
2026-03-13 06:00:00+00:00,1.423,1.426,1.413,1.413,27671771.25
2026-03-13 07:00:00+00:00,1.413,1.421,1.412,1.415,19432465.65
2026-03-13 08:00:00+00:00,1.415,1.433,1.413,1.426,31681756.49
2026-03-13 09:00:00+00:00,1.426,1.437,1.426,1.428,22254952.48
2026-03-13 10:00:00+00:00,1.428,1.438,1.428,1.434,21239016.16
2026-03-13 11:00:00+00:00,1.434,1.434,1.42,1.42,25510064.12
2026-03-13 12:00:00+00:00,1.42,1.44,1.42,1.434,23448888.86
2026-03-13 13:00:00+00:00,1.434,1.449,1.431,1.444,48493526.29
2026-03-13 14:00:00+00:00,1.444,1.453,1.421,1.423,53984812.44
2026-03-13 15:00:00+00:00,1.423,1.429,1.407,1.409,35472730.4
2026-03-13 16:00:00+00:00,1.409,1.415,1.4,1.41,23041604.72
2026-03-13 17:00:00+00:00,1.41,1.413,1.392,1.394,22688896.18
2026-03-13 18:00:00+00:00,1.394,1.401,1.39,1.398,14043425.25
2026-03-13 19:00:00+00:00,1.398,1.403,1.396,1.401,13049829.04
2026-03-13 20:00:00+00:00,1.401,1.405,1.398,1.402,10193723.4
2026-03-13 21:00:00+00:00,1.402,1.406,1.397,1.401,12390523.07
2026-03-13 22:00:00+00:00,1.401,1.402,1.39,1.395,18118134.64
2026-03-13 23:00:00+00:00,1.395,1.4,1.393,1.399,11883187.7
2026-03-14 00:00:00+00:00,1.399,1.4,1.392,1.394,8851932.16
2026-03-14 01:00:00+00:00,1.394,1.401,1.393,1.4,8879843.74
2026-03-14 02:00:00+00:00,1.4,1.402,1.397,1.398,8472028.1
2026-03-14 03:00:00+00:00,1.398,1.404,1.397,1.401,9706153.77
2026-03-14 04:00:00+00:00,1.401,1.404,1.396,1.398,10428014.83
2026-03-14 05:00:00+00:00,1.398,1.399,1.394,1.395,8520194.3
2026-03-14 06:00:00+00:00,1.395,1.395,1.385,1.393,13911783.03
2026-03-14 07:00:00+00:00,1.393,1.398,1.392,1.394,12017860.29
2026-03-14 08:00:00+00:00,1.394,1.397,1.392,1.393,9783148.37
2026-03-14 09:00:00+00:00,1.393,1.397,1.389,1.39,7875288.58
2026-03-14 10:00:00+00:00,1.39,1.391,1.388,1.389,9196762.17
2026-03-14 11:00:00+00:00,1.389,1.393,1.389,1.393,6604327.74
2026-03-14 12:00:00+00:00,1.393,1.394,1.388,1.389,9968537.2
2026-03-14 13:00:00+00:00,1.389,1.395,1.388,1.392,6957336.88
2026-03-14 14:00:00+00:00,1.392,1.393,1.388,1.389,7826163.47
2026-03-14 15:00:00+00:00,1.389,1.392,1.388,1.39,7784441.48
2026-03-14 16:00:00+00:00,1.39,1.393,1.387,1.393,5150968.67
2026-03-14 17:00:00+00:00,1.393,1.394,1.389,1.39,6561016.76
2026-03-14 18:00:00+00:00,1.39,1.392,1.388,1.391,4778116.05
2026-03-14 19:00:00+00:00,1.391,1.391,1.39,1.39,4017095.98
2026-03-14 20:00:00+00:00,1.39,1.394,1.389,1.393,5714998.71
2026-03-14 21:00:00+00:00,1.393,1.397,1.391,1.396,8449144.89
2026-03-14 22:00:00+00:00,1.396,1.398,1.395,1.397,8041833.09
2026-03-14 23:00:00+00:00,1.397,1.408,1.397,1.406,15200391.65
2026-03-15 00:00:00+00:00,1.406,1.409,1.402,1.405,10659527.89
2026-03-15 01:00:00+00:00,1.405,1.408,1.402,1.405,6599016.5
2026-03-15 02:00:00+00:00,1.405,1.42,1.405,1.416,15465588.46
2026-03-15 03:00:00+00:00,1.416,1.42,1.412,1.412,8931114.44
2026-03-15 04:00:00+00:00,1.412,1.418,1.412,1.417,9450006.37
2026-03-15 05:00:00+00:00,1.417,1.421,1.414,1.414,8777014.61
2026-03-15 06:00:00+00:00,1.414,1.416,1.406,1.41,10341681.92
2026-03-15 07:00:00+00:00,1.41,1.412,1.406,1.408,6562594.1
2026-03-15 08:00:00+00:00,1.408,1.413,1.408,1.413,7650991.06
2026-03-15 09:00:00+00:00,1.413,1.419,1.413,1.415,8967997.64
2026-03-15 10:00:00+00:00,1.415,1.418,1.414,1.416,5971854.41
2026-03-15 11:00:00+00:00,1.416,1.42,1.414,1.42,7661138.93
2026-03-15 12:00:00+00:00,1.42,1.425,1.415,1.424,12238574.55
2026-03-15 13:00:00+00:00,1.424,1.43,1.416,1.423,29134859.45
2026-03-15 14:00:00+00:00,1.423,1.425,1.413,1.417,11007421.82
2026-03-15 15:00:00+00:00,1.417,1.422,1.415,1.416,7013068.06
2026-03-15 16:00:00+00:00,1.416,1.418,1.41,1.413,9446952.82
2026-03-15 17:00:00+00:00,1.413,1.424,1.412,1.419,9729021.06
2026-03-15 18:00:00+00:00,1.419,1.421,1.409,1.411,7550190.3
2026-03-15 19:00:00+00:00,1.411,1.415,1.41,1.413,5520328.41
2026-03-15 20:00:00+00:00,1.413,1.423,1.411,1.418,6838810.65
2026-03-15 21:00:00+00:00,1.418,1.43,1.415,1.427,10007377.63
2026-03-15 22:00:00+00:00,1.427,1.465,1.423,1.455,54947889.82
2026-03-15 23:00:00+00:00,1.455,1.457,1.439,1.449,34780680.39
2026-03-16 00:00:00+00:00,1.449,1.458,1.444,1.447,19950450.59
2026-03-16 01:00:00+00:00,1.447,1.45,1.439,1.447,14667172.95
2026-03-16 02:00:00+00:00,1.447,1.449,1.436,1.443,13621982.58
2026-03-16 03:00:00+00:00,1.443,1.48,1.44,1.467,56285964.32
2026-03-16 04:00:00+00:00,1.467,1.485,1.467,1.48,41167303.69
2026-03-16 05:00:00+00:00,1.48,1.485,1.474,1.481,27152558.88
2026-03-16 06:00:00+00:00,1.481,1.482,1.474,1.477,18233811.07
2026-03-16 07:00:00+00:00,1.477,1.488,1.476,1.483,27620455.41
2026-03-16 08:00:00+00:00,1.483,1.489,1.465,1.468,28270394.57
2026-03-16 09:00:00+00:00,1.468,1.476,1.466,1.474,17751142.67
2026-03-16 10:00:00+00:00,1.474,1.476,1.467,1.475,16209046.54
2026-03-16 11:00:00+00:00,1.475,1.476,1.467,1.47,11459068.11
2026-03-16 12:00:00+00:00,1.47,1.481,1.47,1.476,22141082.96
2026-03-16 13:00:00+00:00,1.476,1.493,1.475,1.482,29050506.42
2026-03-16 14:00:00+00:00,1.482,1.509,1.472,1.509,44859072.99
2026-03-16 15:00:00+00:00,1.509,1.516,1.492,1.493,55097523.64
2026-03-16 16:00:00+00:00,1.493,1.511,1.492,1.509,21147314.37
2026-03-16 17:00:00+00:00,1.509,1.519,1.506,1.518,22829814.92
2026-03-16 18:00:00+00:00,1.518,1.544,1.517,1.536,55119887.09
2026-03-16 19:00:00+00:00,1.536,1.542,1.521,1.529,30924496.12
2026-03-16 20:00:00+00:00,1.529,1.531,1.524,1.528,15199394.28
2026-03-16 21:00:00+00:00,1.528,1.54,1.526,1.528,22034082.21
2026-03-16 22:00:00+00:00,1.528,1.552,1.528,1.551,27106547.19
2026-03-16 23:00:00+00:00,1.551,1.552,1.537,1.543,19795372.07
2026-03-17 00:00:00+00:00,1.543,1.555,1.534,1.545,40097014.86
2026-03-17 01:00:00+00:00,1.545,1.578,1.544,1.571,71066312.34
2026-03-17 02:00:00+00:00,1.571,1.607,1.561,1.594,69180653.4
2026-03-17 03:00:00+00:00,1.594,1.595,1.535,1.544,69074494.51
2026-03-17 04:00:00+00:00,1.544,1.553,1.524,1.53,52899842.5
2026-03-17 05:00:00+00:00,1.53,1.532,1.511,1.515,27169569.2
2026-03-17 06:00:00+00:00,1.515,1.523,1.505,1.517,25519510.41
2026-03-17 07:00:00+00:00,1.517,1.543,1.516,1.53,26119552.13
2026-03-17 08:00:00+00:00,1.53,1.533,1.52,1.521,19534443.45
2026-03-17 09:00:00+00:00,1.521,1.523,1.509,1.512,30096566.86
2026-03-17 10:00:00+00:00,1.512,1.512,1.503,1.509,19375801.75
2026-03-17 11:00:00+00:00,1.509,1.519,1.507,1.51,20293284.25
2026-03-17 12:00:00+00:00,1.51,1.515,1.502,1.505,26575625.97
2026-03-17 13:00:00+00:00,1.505,1.517,1.497,1.504,64869275.94
2026-03-17 14:00:00+00:00,1.504,1.513,1.495,1.512,29880327.13
2026-03-17 15:00:00+00:00,1.512,1.522,1.503,1.514,29246531.51
2026-03-17 16:00:00+00:00,1.514,1.54,1.502,1.519,80931403.41
2026-03-17 17:00:00+00:00,1.519,1.532,1.517,1.531,17427159.04
2026-03-17 18:00:00+00:00,1.531,1.538,1.525,1.536,14746056.76
2026-03-17 19:00:00+00:00,1.536,1.541,1.53,1.533,15007174.99
2026-03-17 20:00:00+00:00,1.533,1.536,1.528,1.533,10958775.87
2026-03-17 21:00:00+00:00,1.533,1.536,1.527,1.53,12764920.27
2026-03-17 22:00:00+00:00,1.53,1.536,1.521,1.528,12989400.38
2026-03-17 23:00:00+00:00,1.528,1.531,1.518,1.518,12850492.54
2026-03-18 00:00:00+00:00,1.518,1.521,1.509,1.516,13297627.3
2026-03-18 01:00:00+00:00,1.516,1.523,1.514,1.516,14920945.81
2026-03-18 02:00:00+00:00,1.516,1.531,1.515,1.527,13014066.23
2026-03-18 03:00:00+00:00,1.527,1.54,1.526,1.539,15894195.04
2026-03-18 04:00:00+00:00,1.539,1.541,1.524,1.527,18746584.49
2026-03-18 05:00:00+00:00,1.527,1.537,1.522,1.523,13490314.69
2026-03-18 06:00:00+00:00,1.523,1.53,1.523,1.525,9735412.38
2026-03-18 07:00:00+00:00,1.525,1.525,1.515,1.52,12563095.96
2026-03-18 08:00:00+00:00,1.52,1.525,1.519,1.522,9087154.99
2026-03-18 09:00:00+00:00,1.522,1.527,1.521,1.524,7929478.18
2026-03-18 10:00:00+00:00,1.524,1.525,1.51,1.511,14686143.67
2026-03-18 11:00:00+00:00,1.511,1.512,1.484,1.49,40460785.38
2026-03-18 12:00:00+00:00,1.49,1.491,1.458,1.464,43099296.13
2026-03-18 13:00:00+00:00,1.464,1.474,1.456,1.466,25663449.47
2026-03-18 14:00:00+00:00,1.466,1.468,1.445,1.446,28749086.37
2026-03-18 15:00:00+00:00,1.446,1.452,1.439,1.441,31160792.39
2026-03-18 16:00:00+00:00,1.441,1.447,1.436,1.442,21933210.36
2026-03-18 17:00:00+00:00,1.442,1.459,1.44,1.457,21757380.77
2026-03-18 18:00:00+00:00,1.457,1.467,1.448,1.452,29241652.54
2026-03-18 19:00:00+00:00,1.452,1.46,1.449,1.449,14208754.98
2026-03-18 20:00:00+00:00,1.449,1.462,1.442,1.459,14577512.26
2026-03-18 21:00:00+00:00,1.459,1.472,1.459,1.467,19620801.77
2026-03-18 22:00:00+00:00,1.467,1.468,1.46,1.463,10050068.59
2026-03-18 23:00:00+00:00,1.463,1.466,1.458,1.465,7110991.53
2026-03-19 00:00:00+00:00,1.465,1.465,1.459,1.461,8268423.19
2026-03-19 01:00:00+00:00,1.461,1.467,1.457,1.462,8412809.72
2026-03-19 02:00:00+00:00,1.462,1.464,1.456,1.457,6790061.66
2026-03-19 03:00:00+00:00,1.457,1.479,1.457,1.474,16507878.45
2026-03-19 04:00:00+00:00,1.474,1.474,1.464,1.466,13311922.21
2026-03-19 05:00:00+00:00,1.466,1.468,1.459,1.467,10009432.06
2026-03-19 06:00:00+00:00,1.467,1.481,1.464,1.469,24759611.78
2026-03-19 07:00:00+00:00,1.469,1.47,1.451,1.461,30744204.28
2026-03-19 08:00:00+00:00,1.461,1.464,1.452,1.456,18242872.68
2026-03-19 09:00:00+00:00,1.456,1.471,1.456,1.469,15303345.71
2026-03-19 10:00:00+00:00,1.469,1.47,1.462,1.463,9031690.61
2026-03-19 11:00:00+00:00,1.463,1.466,1.457,1.459,13111515.94
2026-03-19 12:00:00+00:00,1.459,1.459,1.436,1.437,24922685.15
2026-03-19 13:00:00+00:00,1.437,1.454,1.433,1.452,37995373.31
2026-03-19 14:00:00+00:00,1.452,1.456,1.439,1.444,17007835.17
2026-03-19 15:00:00+00:00,1.444,1.45,1.425,1.432,34585952.57
2026-03-19 16:00:00+00:00,1.432,1.437,1.424,1.427,21908779.28
2026-03-19 17:00:00+00:00,1.427,1.439,1.422,1.439,13119811.88
2026-03-19 18:00:00+00:00,1.439,1.439,1.431,1.437,8733987.98
2026-03-19 19:00:00+00:00,1.437,1.453,1.436,1.445,20548728.62
2026-03-19 20:00:00+00:00,1.445,1.454,1.443,1.45,8434319.62
2026-03-19 21:00:00+00:00,1.45,1.456,1.449,1.455,8593245.55
2026-03-19 22:00:00+00:00,1.455,1.456,1.445,1.449,9398640.77
2026-03-19 23:00:00+00:00,1.449,1.454,1.443,1.448,7529638.57
2026-03-20 00:00:00+00:00,1.448,1.453,1.445,1.45,13181484.83
2026-03-20 01:00:00+00:00,1.45,1.461,1.45,1.456,10954170.16
2026-03-20 02:00:00+00:00,1.456,1.457,1.447,1.452,10823789.12
2026-03-20 03:00:00+00:00,1.452,1.457,1.45,1.453,8767019.06
2026-03-20 04:00:00+00:00,1.453,1.457,1.448,1.454,8233057.36
2026-03-20 05:00:00+00:00,1.454,1.458,1.45,1.455,7948205.22
2026-03-20 06:00:00+00:00,1.455,1.463,1.45,1.451,16488267.25
2026-03-20 07:00:00+00:00,1.451,1.457,1.444,1.455,9843415.61
2026-03-20 08:00:00+00:00,1.455,1.466,1.454,1.46,13906171.59
2026-03-20 09:00:00+00:00,1.46,1.46,1.446,1.448,16857374.55
2026-03-20 10:00:00+00:00,1.448,1.454,1.444,1.451,12125347.05
2026-03-20 11:00:00+00:00,1.451,1.455,1.443,1.449,11729632.91
2026-03-20 12:00:00+00:00,1.449,1.452,1.442,1.442,11755699.88
2026-03-20 13:00:00+00:00,1.442,1.449,1.437,1.438,20437305.18
2026-03-20 14:00:00+00:00,1.438,1.445,1.434,1.437,21115586.03
2026-03-20 15:00:00+00:00,1.437,1.442,1.429,1.437,18206831.01
2026-03-20 16:00:00+00:00,1.437,1.443,1.433,1.437,13859977.84
2026-03-20 17:00:00+00:00,1.437,1.44,1.429,1.439,7624910.38
2026-03-20 18:00:00+00:00,1.439,1.44,1.429,1.431,6305337.48
2026-03-20 19:00:00+00:00,1.431,1.437,1.425,1.436,8727316.76
2026-03-20 20:00:00+00:00,1.436,1.437,1.429,1.437,6063203.11
2026-03-20 21:00:00+00:00,1.437,1.449,1.434,1.443,9284642.42
2026-03-20 22:00:00+00:00,1.443,1.452,1.443,1.448,7460675.14
2026-03-20 23:00:00+00:00,1.448,1.448,1.44,1.445,5644198.78
2026-03-21 00:00:00+00:00,1.445,1.449,1.443,1.448,5715583.66
2026-03-21 01:00:00+00:00,1.448,1.45,1.443,1.444,6917647.35
2026-03-21 02:00:00+00:00,1.444,1.448,1.443,1.447,5192067.58
2026-03-21 03:00:00+00:00,1.447,1.448,1.445,1.446,5685596.4
2026-03-21 04:00:00+00:00,1.446,1.448,1.444,1.444,6231221.98
2026-03-21 05:00:00+00:00,1.444,1.451,1.444,1.451,7122272.22
2026-03-21 06:00:00+00:00,1.451,1.453,1.448,1.449,12273648.48
2026-03-21 07:00:00+00:00,1.449,1.45,1.444,1.444,5625777.09
2026-03-21 08:00:00+00:00,1.444,1.446,1.44,1.441,5653817.69
2026-03-21 09:00:00+00:00,1.441,1.443,1.437,1.44,8979609.1
2026-03-21 10:00:00+00:00,1.44,1.441,1.438,1.44,4283222.71
2026-03-21 11:00:00+00:00,1.44,1.443,1.439,1.443,5631582.16
2026-03-21 12:00:00+00:00,1.443,1.447,1.44,1.445,4991931.32
2026-03-21 13:00:00+00:00,1.445,1.446,1.435,1.44,13288944.04
2026-03-21 14:00:00+00:00,1.44,1.445,1.435,1.437,8856239.76
2026-03-21 15:00:00+00:00,1.437,1.44,1.434,1.438,6336701.28
2026-03-21 16:00:00+00:00,1.438,1.438,1.434,1.437,4936741.93
2026-03-21 17:00:00+00:00,1.437,1.442,1.434,1.44,5385737.56
2026-03-21 18:00:00+00:00,1.44,1.442,1.437,1.438,5391641.6
2026-03-21 19:00:00+00:00,1.438,1.438,1.436,1.437,3745740.04
2026-03-21 20:00:00+00:00,1.437,1.443,1.437,1.441,4068552.36
2026-03-21 21:00:00+00:00,1.441,1.442,1.439,1.44,4086775.76
2026-03-21 22:00:00+00:00,1.44,1.442,1.438,1.439,5559231.01
2026-03-21 23:00:00+00:00,1.439,1.44,1.401,1.409,37869338.71
2026-03-22 00:00:00+00:00,1.409,1.417,1.395,1.411,34380984.69
2026-03-22 01:00:00+00:00,1.411,1.416,1.406,1.41,11499657.14
2026-03-22 02:00:00+00:00,1.41,1.42,1.408,1.417,7159971.05
2026-03-22 03:00:00+00:00,1.417,1.426,1.413,1.417,8925316.64
2026-03-22 04:00:00+00:00,1.417,1.42,1.41,1.417,9680739.43
2026-03-22 05:00:00+00:00,1.417,1.417,1.412,1.412,6520668.89
2026-03-22 06:00:00+00:00,1.412,1.413,1.41,1.411,7397838.61
2026-03-22 07:00:00+00:00,1.411,1.413,1.403,1.403,8407559.8
2026-03-22 08:00:00+00:00,1.403,1.404,1.393,1.399,14638449.39
2026-03-22 09:00:00+00:00,1.399,1.403,1.395,1.396,7444408.19
2026-03-22 10:00:00+00:00,1.396,1.397,1.387,1.388,11051996.27
2026-03-22 11:00:00+00:00,1.388,1.396,1.386,1.391,10310011.59
2026-03-22 12:00:00+00:00,1.391,1.402,1.391,1.399,7891450.51
2026-03-22 13:00:00+00:00,1.399,1.407,1.396,1.398,7750269.62
2026-03-22 14:00:00+00:00,1.398,1.403,1.395,1.397,6756296.55
2026-03-22 15:00:00+00:00,1.397,1.401,1.391,1.393,7905994.2
2026-03-22 16:00:00+00:00,1.393,1.395,1.391,1.395,9334664.33
2026-03-22 17:00:00+00:00,1.395,1.396,1.392,1.393,5175773.58
2026-03-22 18:00:00+00:00,1.393,1.393,1.382,1.388,9439092.74
2026-03-22 19:00:00+00:00,1.388,1.388,1.381,1.385,8587194.59
2026-03-22 20:00:00+00:00,1.385,1.39,1.385,1.387,5155678.08
2026-03-22 21:00:00+00:00,1.387,1.388,1.371,1.379,18619314.26
2026-03-22 22:00:00+00:00,1.379,1.393,1.372,1.391,14242993.91
2026-03-22 23:00:00+00:00,1.391,1.393,1.384,1.385,8318224.27
2026-03-23 00:00:00+00:00,1.385,1.391,1.375,1.379,10428832.04
2026-03-23 01:00:00+00:00,1.379,1.39,1.376,1.382,10303762.36
2026-03-23 02:00:00+00:00,1.382,1.393,1.382,1.385,11773377.65
2026-03-23 03:00:00+00:00,1.385,1.392,1.378,1.381,10271911.83
2026-03-23 04:00:00+00:00,1.381,1.391,1.378,1.39,9991827.14
2026-03-23 05:00:00+00:00,1.39,1.397,1.388,1.391,22609965.98
2026-03-23 06:00:00+00:00,1.391,1.391,1.369,1.372,21630952.84
2026-03-23 07:00:00+00:00,1.372,1.376,1.363,1.373,17208696.74
2026-03-23 08:00:00+00:00,1.373,1.38,1.367,1.369,10657140.67
2026-03-23 09:00:00+00:00,1.369,1.372,1.362,1.369,10719783.66
2026-03-23 10:00:00+00:00,1.369,1.379,1.369,1.372,9477865.01
2026-03-23 11:00:00+00:00,1.372,1.441,1.372,1.411,143469631.97
2026-03-23 12:00:00+00:00,1.411,1.427,1.402,1.425,34726487.43
2026-03-23 13:00:00+00:00,1.425,1.444,1.422,1.442,29393576.49
2026-03-23 14:00:00+00:00,1.442,1.456,1.442,1.455,32921407.35
2026-03-23 15:00:00+00:00,1.455,1.466,1.431,1.431,42738496.49
2026-03-23 16:00:00+00:00,1.431,1.443,1.428,1.434,27042467.04
2026-03-23 17:00:00+00:00,1.434,1.446,1.427,1.444,19238769.51
2026-03-23 18:00:00+00:00,1.444,1.446,1.437,1.442,9953640.03
2026-03-23 19:00:00+00:00,1.442,1.445,1.432,1.435,8760850.86
2026-03-23 20:00:00+00:00,1.435,1.44,1.431,1.438,7553985.29
2026-03-23 21:00:00+00:00,1.438,1.44,1.435,1.436,7166710.96
2026-03-23 22:00:00+00:00,1.436,1.437,1.426,1.43,9507659.4
2026-03-23 23:00:00+00:00,1.43,1.434,1.424,1.432,7598627.58
2026-03-24 00:00:00+00:00,1.432,1.435,1.417,1.42,13509316.86
2026-03-24 01:00:00+00:00,1.42,1.423,1.41,1.414,12128721.7
2026-03-24 02:00:00+00:00,1.414,1.417,1.409,1.409,13346827.31
2026-03-24 03:00:00+00:00,1.409,1.416,1.409,1.415,8276214.26
2026-03-24 04:00:00+00:00,1.415,1.417,1.407,1.409,8922153.78
2026-03-24 05:00:00+00:00,1.409,1.415,1.405,1.414,9090731.89
2026-03-24 06:00:00+00:00,1.414,1.417,1.41,1.416,11334962.85
2026-03-24 07:00:00+00:00,1.416,1.432,1.414,1.431,14114527.49
2026-03-24 08:00:00+00:00,1.431,1.433,1.415,1.417,19431249.76
2026-03-24 09:00:00+00:00,1.417,1.424,1.413,1.423,12105331.26
2026-03-24 10:00:00+00:00,1.423,1.424,1.417,1.422,8790168.7
2026-03-24 11:00:00+00:00,1.422,1.425,1.415,1.423,15181886.33
2026-03-24 12:00:00+00:00,1.423,1.424,1.414,1.416,8544967.69
2026-03-24 13:00:00+00:00,1.416,1.418,1.401,1.403,23974293.76
2026-03-24 14:00:00+00:00,1.403,1.409,1.396,1.402,22326807.28
2026-03-24 15:00:00+00:00,1.402,1.409,1.401,1.401,13167384.54
2026-03-24 16:00:00+00:00,1.401,1.404,1.39,1.391,13951351.87
2026-03-24 17:00:00+00:00,1.391,1.394,1.384,1.388,14076836.93
2026-03-24 18:00:00+00:00,1.388,1.395,1.387,1.389,13071900.51
2026-03-24 19:00:00+00:00,1.389,1.394,1.388,1.388,8903402.2
2026-03-24 20:00:00+00:00,1.388,1.413,1.386,1.41,24893038.18
2026-03-24 21:00:00+00:00,1.41,1.414,1.405,1.413,9534202.73
2026-03-24 22:00:00+00:00,1.413,1.414,1.408,1.411,9040055.06
2026-03-24 23:00:00+00:00,1.411,1.418,1.409,1.416,9195210.69
2026-03-25 00:00:00+00:00,1.416,1.425,1.412,1.42,12183530.7
2026-03-25 01:00:00+00:00,1.42,1.422,1.416,1.417,11637826.33
2026-03-25 02:00:00+00:00,1.417,1.417,1.411,1.411,12566091.59
2026-03-25 03:00:00+00:00,1.411,1.415,1.407,1.413,7959006.46
2026-03-25 04:00:00+00:00,1.413,1.417,1.411,1.416,8733223.95
2026-03-25 05:00:00+00:00,1.416,1.423,1.415,1.418,11374126.52
2026-03-25 06:00:00+00:00,1.418,1.423,1.416,1.418,11938198.3
2026-03-25 07:00:00+00:00,1.418,1.427,1.417,1.42,14038511.17
2026-03-25 08:00:00+00:00,1.42,1.426,1.418,1.42,18730418.62
2026-03-25 09:00:00+00:00,1.42,1.421,1.413,1.418,14197302.81
2026-03-25 10:00:00+00:00,1.418,1.424,1.416,1.423,9960819.77
2026-03-25 11:00:00+00:00,1.423,1.438,1.423,1.429,30310841.21
2026-03-25 12:00:00+00:00,1.429,1.432,1.414,1.422,24110505.33
2026-03-25 13:00:00+00:00,1.422,1.43,1.419,1.421,13130977.12
2026-03-25 14:00:00+00:00,1.421,1.422,1.415,1.415,13894462.2
2026-03-25 15:00:00+00:00,1.415,1.417,1.402,1.407,19913271.4
2026-03-25 16:00:00+00:00,1.407,1.421,1.405,1.416,17546483.39
2026-03-25 17:00:00+00:00,1.416,1.418,1.41,1.411,10307033.45
2026-03-25 18:00:00+00:00,1.411,1.419,1.41,1.413,7913733.22
2026-03-25 19:00:00+00:00,1.413,1.416,1.409,1.412,7583868.1
2026-03-25 20:00:00+00:00,1.412,1.416,1.41,1.415,6400301.61
2026-03-25 21:00:00+00:00,1.415,1.417,1.412,1.414,6195223.97
2026-03-25 22:00:00+00:00,1.414,1.422,1.413,1.418,8403219.41
2026-03-25 23:00:00+00:00,1.418,1.42,1.413,1.415,6109831.24
2026-03-26 00:00:00+00:00,1.415,1.416,1.411,1.413,6862507.98
2026-03-26 01:00:00+00:00,1.413,1.415,1.41,1.411,8769411.36
2026-03-26 02:00:00+00:00,1.411,1.412,1.4,1.404,9612003.98
2026-03-26 03:00:00+00:00,1.404,1.404,1.396,1.402,9739753.13
2026-03-26 04:00:00+00:00,1.402,1.406,1.398,1.403,8411203.42
2026-03-26 05:00:00+00:00,1.403,1.403,1.388,1.389,13714372.4
2026-03-26 06:00:00+00:00,1.389,1.393,1.386,1.386,15389034.11
2026-03-26 07:00:00+00:00,1.386,1.388,1.38,1.386,16668755.33
2026-03-26 08:00:00+00:00,1.386,1.387,1.38,1.382,10317772.74
2026-03-26 09:00:00+00:00,1.382,1.384,1.369,1.373,23528006.53
2026-03-26 10:00:00+00:00,1.373,1.377,1.37,1.374,11948478.61
2026-03-26 11:00:00+00:00,1.374,1.377,1.369,1.371,11155283.85
2026-03-26 12:00:00+00:00,1.371,1.376,1.37,1.375,10715857.05
2026-03-26 13:00:00+00:00,1.375,1.383,1.371,1.379,19160359.46
2026-03-26 14:00:00+00:00,1.379,1.382,1.365,1.369,17295730.41
2026-03-26 15:00:00+00:00,1.369,1.369,1.354,1.36,31839698.48
2026-03-26 16:00:00+00:00,1.36,1.367,1.36,1.361,15464817.66
2026-03-26 17:00:00+00:00,1.361,1.364,1.352,1.354,12182254.65
2026-03-26 18:00:00+00:00,1.354,1.356,1.336,1.348,41755672.76
2026-03-26 19:00:00+00:00,1.348,1.352,1.344,1.345,15504957.52
2026-03-26 20:00:00+00:00,1.345,1.364,1.344,1.359,25644265.11
2026-03-26 21:00:00+00:00,1.359,1.37,1.358,1.367,15972748.74
2026-03-26 22:00:00+00:00,1.367,1.369,1.358,1.364,23776027.16
2026-03-26 23:00:00+00:00,1.364,1.365,1.359,1.361,8518103.69
2026-03-27 00:00:00+00:00,1.361,1.364,1.358,1.362,9549012.47
2026-03-27 01:00:00+00:00,1.362,1.369,1.361,1.369,15208247.24
2026-03-27 02:00:00+00:00,1.369,1.373,1.367,1.37,11230588.28
2026-03-27 03:00:00+00:00,1.37,1.371,1.364,1.364,8034476.92
2026-03-27 04:00:00+00:00,1.364,1.365,1.356,1.363,10114017.32
2026-03-27 05:00:00+00:00,1.363,1.369,1.361,1.362,8509269.08
2026-03-27 06:00:00+00:00,1.362,1.364,1.36,1.36,8399334.25
2026-03-27 07:00:00+00:00,1.36,1.365,1.357,1.359,10238324.79
2026-03-27 08:00:00+00:00,1.359,1.361,1.344,1.351,21300981.75
2026-03-27 09:00:00+00:00,1.351,1.351,1.34,1.346,10172876.1
2026-03-27 10:00:00+00:00,1.346,1.348,1.328,1.333,30136088.83
2026-03-27 11:00:00+00:00,1.333,1.339,1.33,1.335,17462093.47
2026-03-27 12:00:00+00:00,1.335,1.335,1.326,1.332,38112426.93
2026-03-27 13:00:00+00:00,1.332,1.343,1.329,1.341,25222676.26
2026-03-27 14:00:00+00:00,1.341,1.344,1.328,1.332,22174605.85
2026-03-27 15:00:00+00:00,1.332,1.346,1.332,1.336,41939217.41
2026-03-27 16:00:00+00:00,1.336,1.337,1.33,1.331,18989327.26
2026-03-27 17:00:00+00:00,1.331,1.337,1.323,1.324,15539691.18
2026-03-27 18:00:00+00:00,1.324,1.326,1.318,1.324,12908670.38
2026-03-27 19:00:00+00:00,1.324,1.329,1.32,1.325,9389239.17
2026-03-27 20:00:00+00:00,1.325,1.328,1.322,1.326,9624459.99
2026-03-27 21:00:00+00:00,1.326,1.333,1.326,1.329,8553523.77
2026-03-27 22:00:00+00:00,1.329,1.329,1.322,1.325,7874934.34
2026-03-27 23:00:00+00:00,1.325,1.326,1.32,1.326,9488648.47
2026-03-28 00:00:00+00:00,1.326,1.329,1.325,1.327,9454779.91
2026-03-28 01:00:00+00:00,1.327,1.328,1.319,1.324,8344550.08
2026-03-28 02:00:00+00:00,1.324,1.327,1.322,1.324,6158759.38
2026-03-28 03:00:00+00:00,1.324,1.328,1.324,1.327,7444217.87
2026-03-28 04:00:00+00:00,1.327,1.331,1.326,1.331,8647799.53
2026-03-28 05:00:00+00:00,1.331,1.342,1.328,1.337,14570922.69
2026-03-28 06:00:00+00:00,1.337,1.34,1.334,1.336,8147573.86
2026-03-28 07:00:00+00:00,1.336,1.341,1.335,1.341,6187348.32
2026-03-28 08:00:00+00:00,1.341,1.343,1.337,1.338,7597790.02
2026-03-28 09:00:00+00:00,1.338,1.338,1.336,1.337,5163800.37
2026-03-28 10:00:00+00:00,1.337,1.343,1.335,1.338,5878087.08
2026-03-28 11:00:00+00:00,1.338,1.342,1.337,1.34,6174021.5
2026-03-28 12:00:00+00:00,1.34,1.342,1.336,1.339,6775959.39
2026-03-28 13:00:00+00:00,1.339,1.355,1.338,1.35,19172986.35
2026-03-28 14:00:00+00:00,1.35,1.352,1.346,1.348,9413298.17
2026-03-28 15:00:00+00:00,1.348,1.358,1.346,1.353,11727329.46
2026-03-28 16:00:00+00:00,1.353,1.355,1.35,1.35,6723661.61
2026-03-28 17:00:00+00:00,1.35,1.352,1.344,1.346,5813521.72
2026-03-28 18:00:00+00:00,1.346,1.347,1.345,1.346,3600304.53
2026-03-28 19:00:00+00:00,1.346,1.347,1.343,1.345,3335948.24
2026-03-28 20:00:00+00:00,1.345,1.348,1.344,1.347,4777187.99
2026-03-28 21:00:00+00:00,1.347,1.347,1.341,1.342,4831312.38
2026-03-28 22:00:00+00:00,1.342,1.344,1.339,1.341,4273506.24
2026-03-28 23:00:00+00:00,1.341,1.341,1.331,1.333,6892477.36
2026-03-29 00:00:00+00:00,1.333,1.336,1.33,1.333,5423338.22
2026-03-29 01:00:00+00:00,1.333,1.337,1.332,1.336,4911647.8
2026-03-29 02:00:00+00:00,1.336,1.339,1.335,1.337,2887197.38
2026-03-29 03:00:00+00:00,1.337,1.341,1.335,1.338,4693104.77
2026-03-29 04:00:00+00:00,1.338,1.339,1.335,1.336,3887140.9
2026-03-29 05:00:00+00:00,1.336,1.336,1.329,1.334,8218106.57
2026-03-29 06:00:00+00:00,1.334,1.343,1.334,1.335,10182539.52
2026-03-29 07:00:00+00:00,1.335,1.337,1.333,1.334,6507905.41
2026-03-29 08:00:00+00:00,1.334,1.339,1.332,1.337,5085492.45
2026-03-29 09:00:00+00:00,1.337,1.338,1.334,1.335,3285140.78
2026-03-29 10:00:00+00:00,1.335,1.335,1.331,1.334,3166035.79
2026-03-29 11:00:00+00:00,1.334,1.34,1.333,1.338,4502543.03
2026-03-29 12:00:00+00:00,1.338,1.338,1.334,1.335,3038716.45
2026-03-29 13:00:00+00:00,1.335,1.335,1.325,1.327,9052710.05
2026-03-29 14:00:00+00:00,1.327,1.332,1.324,1.326,5871763.38
2026-03-29 15:00:00+00:00,1.326,1.328,1.322,1.326,8568304.2
2026-03-29 16:00:00+00:00,1.326,1.329,1.324,1.325,3998894.88
2026-03-29 17:00:00+00:00,1.325,1.327,1.319,1.323,6210708.92
2026-03-29 18:00:00+00:00,1.323,1.326,1.322,1.324,4449051.98
2026-03-29 19:00:00+00:00,1.324,1.324,1.317,1.318,7776182.52
2026-03-29 20:00:00+00:00,1.318,1.327,1.318,1.324,4829614.92
2026-03-29 21:00:00+00:00,1.324,1.329,1.324,1.328,4893487.42
2026-03-29 22:00:00+00:00,1.328,1.328,1.298,1.319,37765511.87
2026-03-29 23:00:00+00:00,1.319,1.332,1.319,1.328,16198804.41
2026-03-30 00:00:00+00:00,1.328,1.35,1.325,1.331,18247793.69
2026-03-30 01:00:00+00:00,1.331,1.342,1.331,1.34,8837301.8
2026-03-30 02:00:00+00:00,1.34,1.355,1.339,1.349,11751672.61
2026-03-30 03:00:00+00:00,1.349,1.355,1.346,1.352,8156291.76
2026-03-30 04:00:00+00:00,1.352,1.361,1.351,1.351,13728444.74
2026-03-30 05:00:00+00:00,1.351,1.357,1.347,1.352,22885301.52
2026-03-30 06:00:00+00:00,1.352,1.357,1.351,1.351,8662290.62
2026-03-30 07:00:00+00:00,1.351,1.359,1.351,1.358,10333231.71
2026-03-30 08:00:00+00:00,1.358,1.367,1.357,1.361,11453549.36
2026-03-30 09:00:00+00:00,1.361,1.362,1.35,1.35,10616298.41
2026-03-30 10:00:00+00:00,1.35,1.35,1.345,1.348,11081203.54
2026-03-30 11:00:00+00:00,1.348,1.359,1.348,1.35,21778274.65
2026-03-30 12:00:00+00:00,1.35,1.356,1.35,1.352,11569847.77
2026-03-30 13:00:00+00:00,1.352,1.356,1.344,1.346,15243039.69
2026-03-30 14:00:00+00:00,1.346,1.349,1.335,1.348,18440448.34
2026-03-30 15:00:00+00:00,1.348,1.35,1.339,1.345,14365488.0
2026-03-30 16:00:00+00:00,1.345,1.346,1.338,1.342,8337089.46
2026-03-30 17:00:00+00:00,1.342,1.345,1.333,1.334,10300877.21
2026-03-30 18:00:00+00:00,1.334,1.336,1.325,1.326,11602129.32
2026-03-30 19:00:00+00:00,1.326,1.326,1.317,1.323,12802194.94
2026-03-30 20:00:00+00:00,1.323,1.328,1.322,1.327,6919566.99
2026-03-30 21:00:00+00:00,1.327,1.334,1.325,1.331,10242921.71
2026-03-30 22:00:00+00:00,1.331,1.333,1.327,1.329,5083098.01
2026-03-30 23:00:00+00:00,1.329,1.329,1.32,1.324,8622355.22
2026-03-31 00:00:00+00:00,1.324,1.329,1.319,1.326,8507180.9
2026-03-31 01:00:00+00:00,1.326,1.348,1.324,1.339,14730909.83
2026-03-31 02:00:00+00:00,1.339,1.341,1.336,1.337,7539139.25
2026-03-31 03:00:00+00:00,1.337,1.337,1.326,1.326,8081698.84
2026-03-31 04:00:00+00:00,1.326,1.327,1.321,1.324,13330816.72
2026-03-31 05:00:00+00:00,1.324,1.33,1.32,1.322,13863739.3
2026-03-31 06:00:00+00:00,1.322,1.329,1.315,1.324,21266843.7
2026-03-31 07:00:00+00:00,1.324,1.325,1.314,1.32,19013507.78
2026-03-31 08:00:00+00:00,1.32,1.323,1.31,1.314,11745275.21
2026-03-31 09:00:00+00:00,1.314,1.317,1.304,1.307,20947655.29
2026-03-31 10:00:00+00:00,1.307,1.314,1.307,1.311,12081568.53
2026-03-31 11:00:00+00:00,1.311,1.318,1.307,1.315,17923808.44
2026-03-31 12:00:00+00:00,1.315,1.321,1.314,1.316,11873672.73
2026-03-31 13:00:00+00:00,1.316,1.328,1.315,1.326,13568231.72
2026-03-31 14:00:00+00:00,1.326,1.338,1.312,1.315,22312488.72
2026-03-31 15:00:00+00:00,1.315,1.328,1.314,1.315,15589098.68
2026-03-31 16:00:00+00:00,1.315,1.337,1.314,1.33,20129087.56
2026-03-31 17:00:00+00:00,1.33,1.345,1.328,1.331,22459295.96
2026-03-31 18:00:00+00:00,1.331,1.343,1.331,1.341,6940584.39
2026-03-31 19:00:00+00:00,1.341,1.346,1.341,1.345,9961291.53
2026-03-31 20:00:00+00:00,1.345,1.35,1.342,1.345,9109353.94
2026-03-31 21:00:00+00:00,1.345,1.345,1.338,1.341,6009408.0
2026-03-31 22:00:00+00:00,1.341,1.342,1.333,1.336,6998110.9
2026-03-31 23:00:00+00:00,1.336,1.342,1.335,1.341,5570614.87
2026-04-01 00:00:00+00:00,1.341,1.345,1.338,1.345,8165350.95
2026-04-01 01:00:00+00:00,1.345,1.346,1.334,1.335,9675483.89
2026-04-01 02:00:00+00:00,1.335,1.338,1.332,1.334,10470076.97
2026-04-01 03:00:00+00:00,1.334,1.352,1.334,1.348,15128854.02
2026-04-01 04:00:00+00:00,1.348,1.349,1.339,1.339,11192493.56
2026-04-01 05:00:00+00:00,1.339,1.349,1.336,1.347,19859401.03
2026-04-01 06:00:00+00:00,1.347,1.363,1.347,1.363,19732506.56
2026-04-01 07:00:00+00:00,1.363,1.367,1.356,1.357,14001161.93
2026-04-01 08:00:00+00:00,1.357,1.359,1.352,1.353,11462152.06
2026-04-01 09:00:00+00:00,1.353,1.354,1.349,1.351,10405025.31
2026-04-01 10:00:00+00:00,1.351,1.355,1.349,1.353,11731496.91
2026-04-01 11:00:00+00:00,1.353,1.356,1.351,1.354,10617814.78
2026-04-01 12:00:00+00:00,1.354,1.359,1.349,1.354,19382435.37
2026-04-01 13:00:00+00:00,1.354,1.358,1.345,1.347,15783733.19
2026-04-01 14:00:00+00:00,1.347,1.358,1.346,1.356,11813100.54
2026-04-01 15:00:00+00:00,1.356,1.358,1.351,1.358,10491015.61
2026-04-01 16:00:00+00:00,1.358,1.362,1.352,1.358,13864708.62
2026-04-01 17:00:00+00:00,1.358,1.368,1.351,1.352,11417430.56
2026-04-01 18:00:00+00:00,1.352,1.353,1.346,1.347,9567951.65
2026-04-01 19:00:00+00:00,1.347,1.354,1.347,1.35,6226675.33
2026-04-01 20:00:00+00:00,1.35,1.352,1.343,1.348,7254679.02
2026-04-01 21:00:00+00:00,1.348,1.357,1.348,1.355,8162652.91
2026-04-01 22:00:00+00:00,1.355,1.355,1.347,1.349,5260760.82
2026-04-01 23:00:00+00:00,1.349,1.351,1.347,1.348,5064446.77
2026-04-02 00:00:00+00:00,1.348,1.357,1.347,1.357,6774540.02
2026-04-02 01:00:00+00:00,1.357,1.357,1.323,1.328,32527622.24
2026-04-02 02:00:00+00:00,1.328,1.33,1.317,1.318,21246790.37
2026-04-02 03:00:00+00:00,1.318,1.318,1.307,1.313,25507902.17
2026-04-02 04:00:00+00:00,1.313,1.321,1.305,1.308,28100852.94
2026-04-02 05:00:00+00:00,1.308,1.316,1.307,1.315,13888812.64
2026-04-02 06:00:00+00:00,1.315,1.319,1.312,1.316,12008315.65
2026-04-02 07:00:00+00:00,1.316,1.318,1.313,1.318,8623823.35
2026-04-02 08:00:00+00:00,1.318,1.318,1.311,1.312,9896329.41
2026-04-02 09:00:00+00:00,1.312,1.313,1.308,1.312,10770311.87
2026-04-02 10:00:00+00:00,1.312,1.312,1.308,1.308,10160643.75
2026-04-02 11:00:00+00:00,1.308,1.309,1.299,1.3,17203818.68
2026-04-02 12:00:00+00:00,1.3,1.301,1.29,1.291,17681320.42
2026-04-02 13:00:00+00:00,1.291,1.294,1.281,1.289,26590913.76
2026-04-02 14:00:00+00:00,1.289,1.304,1.283,1.3,36142587.76
2026-04-02 15:00:00+00:00,1.3,1.302,1.291,1.3,16358211.15
2026-04-02 16:00:00+00:00,1.3,1.309,1.295,1.304,18324687.95
2026-04-02 17:00:00+00:00,1.304,1.311,1.298,1.299,10974550.09
2026-04-02 18:00:00+00:00,1.299,1.309,1.298,1.307,6778071.28
2026-04-02 19:00:00+00:00,1.307,1.31,1.301,1.308,6428299.86
2026-04-02 20:00:00+00:00,1.308,1.322,1.305,1.318,9552281.76
2026-04-02 21:00:00+00:00,1.318,1.32,1.313,1.316,6324531.81
2026-04-02 22:00:00+00:00,1.316,1.319,1.313,1.318,6723871.73
2026-04-02 23:00:00+00:00,1.318,1.321,1.316,1.32,6801494.41
2026-04-03 00:00:00+00:00,1.32,1.324,1.315,1.316,9898647.27
2026-04-03 01:00:00+00:00,1.316,1.321,1.313,1.314,15577016.74
2026-04-03 02:00:00+00:00,1.314,1.317,1.303,1.308,14434694.5
2026-04-03 03:00:00+00:00,1.308,1.322,1.307,1.322,13837094.35
2026-04-03 04:00:00+00:00,1.322,1.323,1.314,1.32,12209368.8
2026-04-03 05:00:00+00:00,1.32,1.326,1.316,1.319,7119992.74
2026-04-03 06:00:00+00:00,1.319,1.321,1.315,1.319,5393491.61
2026-04-03 07:00:00+00:00,1.319,1.324,1.317,1.319,6444434.77
2026-04-03 08:00:00+00:00,1.319,1.322,1.317,1.318,6337137.04
2026-04-03 09:00:00+00:00,1.318,1.318,1.311,1.312,5867698.0
2026-04-03 10:00:00+00:00,1.312,1.317,1.309,1.316,12214985.74
2026-04-03 11:00:00+00:00,1.316,1.324,1.315,1.32,10584181.36
2026-04-03 12:00:00+00:00,1.32,1.333,1.318,1.32,23616099.33
2026-04-03 13:00:00+00:00,1.32,1.32,1.314,1.318,9293112.58
2026-04-03 14:00:00+00:00,1.318,1.321,1.315,1.319,6421565.8
2026-04-03 15:00:00+00:00,1.319,1.323,1.318,1.319,5099200.89
2026-04-03 16:00:00+00:00,1.319,1.325,1.318,1.325,9623917.91
2026-04-03 17:00:00+00:00,1.325,1.325,1.319,1.321,4440074.66
2026-04-03 18:00:00+00:00,1.321,1.323,1.318,1.318,4496970.66
2026-04-03 19:00:00+00:00,1.318,1.319,1.314,1.318,3891555.8
2026-04-03 20:00:00+00:00,1.318,1.319,1.316,1.317,2955539.55
2026-04-03 21:00:00+00:00,1.317,1.319,1.314,1.318,5502837.37
2026-04-03 22:00:00+00:00,1.318,1.322,1.316,1.317,8085177.82
2026-04-03 23:00:00+00:00,1.317,1.319,1.313,1.318,7404699.86
2026-04-04 00:00:00+00:00,1.318,1.319,1.316,1.316,4835398.46
2026-04-04 01:00:00+00:00,1.316,1.318,1.315,1.315,4284730.79
2026-04-04 02:00:00+00:00,1.315,1.315,1.313,1.315,3419227.49
2026-04-04 03:00:00+00:00,1.315,1.317,1.314,1.316,3228030.26
2026-04-04 04:00:00+00:00,1.316,1.318,1.315,1.316,3719802.75
2026-04-04 05:00:00+00:00,1.316,1.319,1.315,1.317,4015411.3
2026-04-04 06:00:00+00:00,1.317,1.321,1.316,1.32,4239574.86
2026-04-04 07:00:00+00:00,1.32,1.32,1.315,1.316,3692074.34
2026-04-04 08:00:00+00:00,1.316,1.317,1.314,1.314,3898319.79
2026-04-04 09:00:00+00:00,1.314,1.314,1.313,1.313,3383395.14
2026-04-04 10:00:00+00:00,1.313,1.314,1.307,1.314,10808973.94
2026-04-04 11:00:00+00:00,1.314,1.316,1.311,1.312,8876810.71
2026-04-04 12:00:00+00:00,1.312,1.312,1.309,1.31,4242804.25
2026-04-04 13:00:00+00:00,1.31,1.312,1.308,1.309,6324557.8
2026-04-04 14:00:00+00:00,1.309,1.313,1.307,1.313,5349315.44
2026-04-04 15:00:00+00:00,1.313,1.316,1.312,1.313,6483120.0
2026-04-04 16:00:00+00:00,1.313,1.316,1.311,1.312,4933941.99
2026-04-04 17:00:00+00:00,1.312,1.316,1.312,1.315,4796104.87
2026-04-04 18:00:00+00:00,1.315,1.316,1.313,1.313,3230913.33
2026-04-04 19:00:00+00:00,1.313,1.322,1.313,1.318,7720938.66
2026-04-04 20:00:00+00:00,1.318,1.318,1.316,1.317,3151931.21
2026-04-04 21:00:00+00:00,1.317,1.319,1.314,1.317,3986048.94
2026-04-04 22:00:00+00:00,1.317,1.319,1.316,1.317,3754508.4
2026-04-04 23:00:00+00:00,1.317,1.317,1.314,1.315,3021904.59
2026-04-05 00:00:00+00:00,1.315,1.316,1.312,1.313,2997387.16
2026-04-05 01:00:00+00:00,1.313,1.314,1.312,1.313,3322659.45
2026-04-05 02:00:00+00:00,1.313,1.32,1.311,1.317,7353434.37
2026-04-05 03:00:00+00:00,1.317,1.317,1.313,1.313,2898891.53
2026-04-05 04:00:00+00:00,1.313,1.315,1.31,1.311,11782956.17
2026-04-05 05:00:00+00:00,1.311,1.312,1.3,1.301,15393642.12
2026-04-05 06:00:00+00:00,1.301,1.303,1.296,1.302,15766364.67
2026-04-05 07:00:00+00:00,1.302,1.304,1.297,1.298,16925791.13
2026-04-05 08:00:00+00:00,1.298,1.299,1.297,1.299,5433753.97
2026-04-05 09:00:00+00:00,1.299,1.302,1.299,1.301,5309634.1
2026-04-05 10:00:00+00:00,1.301,1.304,1.298,1.299,4982162.33
2026-04-05 11:00:00+00:00,1.299,1.301,1.298,1.299,4946305.44
2026-04-05 12:00:00+00:00,1.299,1.299,1.279,1.283,19912268.87
2026-04-05 13:00:00+00:00,1.283,1.292,1.28,1.289,16369602.44
2026-04-05 14:00:00+00:00,1.289,1.291,1.285,1.286,6533803.4
2026-04-05 15:00:00+00:00,1.286,1.306,1.283,1.297,15301656.57
2026-04-05 16:00:00+00:00,1.297,1.302,1.297,1.298,6296309.45
2026-04-05 17:00:00+00:00,1.298,1.303,1.297,1.302,5184938.23
2026-04-05 18:00:00+00:00,1.302,1.304,1.299,1.303,5916750.59
2026-04-05 19:00:00+00:00,1.303,1.307,1.299,1.3,5441447.5
2026-04-05 20:00:00+00:00,1.3,1.306,1.3,1.304,7094304.64
2026-04-05 21:00:00+00:00,1.304,1.305,1.299,1.301,5584815.26
2026-04-05 22:00:00+00:00,1.301,1.313,1.297,1.312,11642278.71
2026-04-05 23:00:00+00:00,1.312,1.332,1.312,1.326,23510062.11
2026-04-06 00:00:00+00:00,1.326,1.34,1.326,1.332,24033306.6
2026-04-06 01:00:00+00:00,1.332,1.333,1.326,1.33,17476455.91
2026-04-06 02:00:00+00:00,1.33,1.349,1.329,1.34,24609557.08
2026-04-06 03:00:00+00:00,1.34,1.342,1.336,1.338,13812383.67
2026-04-06 04:00:00+00:00,1.338,1.342,1.336,1.34,11951034.15
2026-04-06 05:00:00+00:00,1.34,1.341,1.337,1.34,7337681.3
2026-04-06 06:00:00+00:00,1.34,1.347,1.339,1.341,18070728.6
2026-04-06 07:00:00+00:00,1.341,1.346,1.338,1.344,21888060.62
2026-04-06 08:00:00+00:00,1.344,1.346,1.339,1.339,13186320.63
2026-04-06 09:00:00+00:00,1.339,1.357,1.338,1.353,20055127.14
2026-04-06 10:00:00+00:00,1.353,1.357,1.352,1.353,11942206.69
2026-04-06 11:00:00+00:00,1.353,1.353,1.348,1.35,13281638.86
2026-04-06 12:00:00+00:00,1.35,1.351,1.342,1.343,12039824.84
2026-04-06 13:00:00+00:00,1.343,1.348,1.342,1.347,9583705.99
2026-04-06 14:00:00+00:00,1.347,1.353,1.341,1.348,16729571.23
2026-04-06 15:00:00+00:00,1.348,1.351,1.345,1.35,10032794.85
2026-04-06 16:00:00+00:00,1.35,1.353,1.342,1.343,9275092.09
2026-04-06 17:00:00+00:00,1.343,1.344,1.335,1.339,13261224.52
2026-04-06 18:00:00+00:00,1.339,1.343,1.337,1.341,8488044.91
2026-04-06 19:00:00+00:00,1.341,1.343,1.338,1.342,6345462.57
2026-04-06 20:00:00+00:00,1.342,1.344,1.34,1.341,5185178.9
2026-04-06 21:00:00+00:00,1.341,1.341,1.335,1.336,5054539.47
2026-04-06 22:00:00+00:00,1.336,1.336,1.319,1.319,9727925.23
2026-04-06 23:00:00+00:00,1.319,1.323,1.312,1.321,12702326.98
2026-04-07 00:00:00+00:00,1.321,1.326,1.32,1.321,6736703.32
2026-04-07 01:00:00+00:00,1.321,1.325,1.315,1.315,7560730.01
2026-04-07 02:00:00+00:00,1.315,1.319,1.313,1.317,6897035.69
2026-04-07 03:00:00+00:00,1.317,1.318,1.315,1.317,5774065.36
2026-04-07 04:00:00+00:00,1.317,1.32,1.313,1.318,5421658.54
2026-04-07 05:00:00+00:00,1.318,1.319,1.31,1.311,10509458.27
2026-04-07 06:00:00+00:00,1.311,1.312,1.306,1.311,9622862.53
2026-04-07 07:00:00+00:00,1.311,1.316,1.311,1.313,9947054.6
2026-04-07 08:00:00+00:00,1.313,1.323,1.311,1.32,15900788.88
2026-04-07 09:00:00+00:00,1.32,1.325,1.318,1.32,11958280.52
2026-04-07 10:00:00+00:00,1.32,1.322,1.306,1.307,14204033.94
2026-04-07 11:00:00+00:00,1.307,1.309,1.303,1.306,10970970.17
2026-04-07 12:00:00+00:00,1.306,1.311,1.301,1.309,15763912.0
2026-04-07 13:00:00+00:00,1.309,1.314,1.305,1.305,10564207.53
2026-04-07 14:00:00+00:00,1.305,1.305,1.297,1.297,15401124.04
2026-04-07 15:00:00+00:00,1.297,1.302,1.295,1.297,12439671.96
2026-04-07 16:00:00+00:00,1.297,1.303,1.296,1.301,12243121.06
2026-04-07 17:00:00+00:00,1.301,1.314,1.299,1.308,10058727.91
2026-04-07 18:00:00+00:00,1.308,1.31,1.3,1.302,7265422.75
2026-04-07 19:00:00+00:00,1.302,1.316,1.301,1.314,16656716.76
2026-04-07 20:00:00+00:00,1.314,1.322,1.314,1.318,14290023.46
2026-04-07 21:00:00+00:00,1.318,1.34,1.318,1.338,24608125.18
2026-04-07 22:00:00+00:00,1.338,1.374,1.336,1.374,55333593.28
2026-04-07 23:00:00+00:00,1.374,1.396,1.367,1.379,55675095.66
2026-04-08 00:00:00+00:00,1.379,1.384,1.36,1.366,32207110.93
2026-04-08 01:00:00+00:00,1.366,1.373,1.364,1.37,14429334.16
2026-04-08 02:00:00+00:00,1.37,1.376,1.368,1.374,12916212.24
2026-04-08 03:00:00+00:00,1.374,1.377,1.369,1.37,16643411.01
2026-04-08 04:00:00+00:00,1.37,1.378,1.369,1.376,17925458.36
2026-04-08 05:00:00+00:00,1.376,1.388,1.376,1.385,17044118.16
2026-04-08 06:00:00+00:00,1.385,1.387,1.38,1.38,11056295.3
2026-04-08 07:00:00+00:00,1.38,1.385,1.378,1.38,12167771.57
2026-04-08 08:00:00+00:00,1.38,1.384,1.378,1.381,9722180.31
2026-04-08 09:00:00+00:00,1.381,1.387,1.378,1.381,12213155.45
2026-04-08 10:00:00+00:00,1.381,1.385,1.379,1.383,15002392.71
2026-04-08 11:00:00+00:00,1.383,1.385,1.372,1.378,19272112.12
2026-04-08 12:00:00+00:00,1.378,1.384,1.375,1.38,16581159.49
2026-04-08 13:00:00+00:00,1.38,1.39,1.374,1.374,19755927.98
2026-04-08 14:00:00+00:00,1.374,1.375,1.346,1.35,34981958.72
2026-04-08 15:00:00+00:00,1.35,1.357,1.349,1.355,15319366.63
2026-04-08 16:00:00+00:00,1.355,1.359,1.352,1.357,9806292.14
2026-04-08 17:00:00+00:00,1.357,1.363,1.355,1.362,9541007.14
2026-04-08 18:00:00+00:00,1.362,1.362,1.347,1.348,10391359.42
2026-04-08 19:00:00+00:00,1.348,1.352,1.345,1.352,9665750.37
2026-04-08 20:00:00+00:00,1.352,1.354,1.346,1.349,6457548.99
2026-04-08 21:00:00+00:00,1.349,1.357,1.348,1.353,7468872.21
2026-04-08 22:00:00+00:00,1.353,1.353,1.344,1.345,8709526.5
2026-04-08 23:00:00+00:00,1.345,1.346,1.339,1.343,12819305.1
2026-04-09 00:00:00+00:00,1.343,1.343,1.334,1.34,10697960.94
2026-04-09 01:00:00+00:00,1.34,1.341,1.327,1.335,24669257.79
2026-04-09 02:00:00+00:00,1.335,1.336,1.332,1.334,10482515.2
2026-04-09 03:00:00+00:00,1.334,1.337,1.33,1.331,16909163.09
2026-04-09 04:00:00+00:00,1.331,1.333,1.328,1.332,15668540.57
2026-04-09 05:00:00+00:00,1.332,1.336,1.331,1.333,18279369.3
2026-04-09 06:00:00+00:00,1.333,1.336,1.326,1.333,12349470.6
2026-04-09 07:00:00+00:00,1.333,1.334,1.33,1.332,7118340.25
2026-04-09 08:00:00+00:00,1.332,1.336,1.331,1.335,8755298.49
2026-04-09 09:00:00+00:00,1.335,1.339,1.334,1.338,9355236.68
2026-04-09 10:00:00+00:00,1.338,1.339,1.333,1.333,11024592.97
2026-04-09 11:00:00+00:00,1.333,1.335,1.326,1.33,25726481.02
2026-04-09 12:00:00+00:00,1.33,1.332,1.326,1.331,11672787.45
2026-04-09 13:00:00+00:00,1.331,1.333,1.326,1.33,11775517.5
2026-04-09 14:00:00+00:00,1.33,1.334,1.322,1.333,14220325.31
2026-04-09 15:00:00+00:00,1.333,1.355,1.33,1.352,23821810.62
2026-04-09 16:00:00+00:00,1.352,1.36,1.346,1.352,18395383.36
2026-04-09 17:00:00+00:00,1.352,1.36,1.352,1.358,12190932.25
2026-04-09 18:00:00+00:00,1.358,1.359,1.351,1.355,11072804.19
2026-04-09 19:00:00+00:00,1.355,1.361,1.352,1.356,9507108.32
2026-04-09 20:00:00+00:00,1.356,1.359,1.353,1.357,7650399.67
2026-04-09 21:00:00+00:00,1.357,1.361,1.351,1.353,9038863.83
2026-04-09 22:00:00+00:00,1.353,1.369,1.352,1.353,17499300.56
2026-04-09 23:00:00+00:00,1.353,1.353,1.342,1.344,11057150.7
2026-04-10 00:00:00+00:00,1.344,1.348,1.341,1.345,8280437.59
2026-04-10 01:00:00+00:00,1.345,1.348,1.343,1.347,6086903.59
2026-06-30 12:00:00+00:00,1.039,1.039,1.028,1.028,13322018.01
2026-06-30 13:00:00+00:00,1.028,1.036,1.028,1.035,15373055.32
2026-06-30 14:00:00+00:00,1.035,1.045,1.033,1.035,16792921.28
2026-06-30 15:00:00+00:00,1.035,1.041,1.03,1.034,14686468.42
2026-06-30 16:00:00+00:00,1.034,1.044,1.032,1.041,12864473.46
2026-06-30 17:00:00+00:00,1.041,1.044,1.038,1.039,9817462.73
2026-06-30 18:00:00+00:00,1.039,1.048,1.038,1.043,7243465.36
2026-06-30 19:00:00+00:00,1.043,1.05,1.039,1.045,9132087.98
2026-06-30 20:00:00+00:00,1.045,1.047,1.041,1.042,7482507.62
2026-06-30 21:00:00+00:00,1.042,1.043,1.039,1.041,9354867.93
2026-06-30 22:00:00+00:00,1.041,1.044,1.039,1.041,7396173.11
2026-06-30 23:00:00+00:00,1.041,1.041,1.038,1.04,5544374.9
2026-07-01 00:00:00+00:00,1.04,1.041,1.035,1.037,9816106.02
2026-07-01 01:00:00+00:00,1.037,1.043,1.022,1.041,23860879.78
2026-07-01 02:00:00+00:00,1.041,1.048,1.038,1.046,12835353.56
2026-07-01 03:00:00+00:00,1.046,1.053,1.043,1.051,13210902.2
2026-07-01 04:00:00+00:00,1.051,1.054,1.049,1.052,8017503.63
2026-07-01 05:00:00+00:00,1.052,1.053,1.049,1.051,6761229.48
2026-07-01 06:00:00+00:00,1.051,1.051,1.04,1.042,11942192.56
2026-07-01 07:00:00+00:00,1.042,1.044,1.039,1.044,7406435.49
2026-07-01 08:00:00+00:00,1.044,1.048,1.038,1.048,9087935.45
2026-07-01 09:00:00+00:00,1.048,1.049,1.045,1.046,8811249.86
2026-07-01 10:00:00+00:00,1.046,1.047,1.04,1.04,7402654.54
2026-07-01 11:00:00+00:00,1.04,1.043,1.037,1.039,9727231.89
2026-07-01 12:00:00+00:00,1.039,1.04,1.035,1.037,11132146.82
2026-07-01 13:00:00+00:00,1.037,1.049,1.037,1.049,17596253.76
2026-07-01 14:00:00+00:00,1.049,1.06,1.047,1.052,18075127.08
2026-07-01 15:00:00+00:00,1.052,1.065,1.052,1.061,15770008.0
2026-07-01 16:00:00+00:00,1.061,1.065,1.056,1.057,9077544.69
2026-07-01 17:00:00+00:00,1.057,1.063,1.055,1.062,6169240.12
2026-07-01 18:00:00+00:00,1.062,1.064,1.058,1.06,7007429.31
2026-07-01 19:00:00+00:00,1.06,1.066,1.059,1.061,9176339.32
2026-07-01 20:00:00+00:00,1.061,1.062,1.056,1.058,6030229.15
2026-07-01 21:00:00+00:00,1.058,1.069,1.058,1.067,13792393.12
2026-07-01 22:00:00+00:00,1.067,1.074,1.06,1.062,14360198.83
2026-07-01 23:00:00+00:00,1.062,1.062,1.052,1.053,9309326.0
2026-07-02 00:00:00+00:00,1.053,1.053,1.045,1.048,8748681.21
2026-07-02 01:00:00+00:00,1.048,1.06,1.047,1.057,7034971.53
2026-07-02 02:00:00+00:00,1.057,1.061,1.055,1.06,5374613.87
2026-07-02 03:00:00+00:00,1.06,1.07,1.057,1.068,14916034.28
2026-07-02 04:00:00+00:00,1.068,1.068,1.062,1.065,6783449.3
2026-07-02 05:00:00+00:00,1.065,1.066,1.059,1.06,5714821.92
2026-07-02 06:00:00+00:00,1.06,1.062,1.056,1.057,6905048.91
2026-07-02 07:00:00+00:00,1.057,1.06,1.056,1.059,6363583.2
2026-07-02 08:00:00+00:00,1.059,1.065,1.059,1.064,6504962.47
2026-07-02 09:00:00+00:00,1.064,1.081,1.062,1.074,24634118.07
2026-07-02 10:00:00+00:00,1.074,1.082,1.073,1.081,14609381.39
2026-07-02 11:00:00+00:00,1.081,1.086,1.077,1.084,16275295.48
2026-07-02 12:00:00+00:00,1.084,1.097,1.083,1.093,23214530.03
2026-07-02 13:00:00+00:00,1.093,1.113,1.092,1.104,27802259.04
2026-07-02 14:00:00+00:00,1.104,1.108,1.088,1.092,21530143.48
2026-07-02 15:00:00+00:00,1.092,1.097,1.086,1.094,13219828.56
2026-07-02 16:00:00+00:00,1.094,1.096,1.087,1.091,11250493.31
2026-07-02 17:00:00+00:00,1.091,1.094,1.088,1.088,7499542.68
2026-07-02 18:00:00+00:00,1.088,1.092,1.087,1.089,4894966.05
2026-07-02 19:00:00+00:00,1.089,1.09,1.084,1.085,8527381.76
2026-07-02 20:00:00+00:00,1.085,1.086,1.081,1.083,6797461.94
2026-07-02 21:00:00+00:00,1.083,1.085,1.079,1.082,7506903.52
2026-07-02 22:00:00+00:00,1.082,1.085,1.079,1.084,7413137.56
2026-07-02 23:00:00+00:00,1.084,1.088,1.082,1.088,5234731.03
2026-07-03 00:00:00+00:00,1.088,1.089,1.083,1.084,6752046.07
2026-07-03 01:00:00+00:00,1.084,1.096,1.084,1.094,7491050.65
2026-07-03 02:00:00+00:00,1.094,1.095,1.087,1.091,9812845.52
2026-07-03 03:00:00+00:00,1.091,1.093,1.087,1.091,7722967.64
2026-07-03 04:00:00+00:00,1.091,1.094,1.089,1.093,6760589.23
2026-07-03 05:00:00+00:00,1.093,1.102,1.092,1.1,8584272.98
2026-07-03 06:00:00+00:00,1.1,1.107,1.099,1.101,10428512.47
2026-07-03 07:00:00+00:00,1.101,1.105,1.098,1.103,9890902.19
2026-07-03 08:00:00+00:00,1.103,1.107,1.099,1.1,9282146.15
2026-07-03 09:00:00+00:00,1.1,1.104,1.098,1.101,8438140.39
2026-07-03 10:00:00+00:00,1.101,1.113,1.099,1.109,13575126.81
2026-07-03 11:00:00+00:00,1.109,1.112,1.107,1.11,12769227.78
2026-07-03 12:00:00+00:00,1.11,1.114,1.104,1.108,10952614.09
2026-07-03 13:00:00+00:00,1.108,1.115,1.108,1.111,10638547.59
2026-07-03 14:00:00+00:00,1.111,1.114,1.106,1.112,15548468.86
2026-07-03 15:00:00+00:00,1.112,1.124,1.112,1.12,21615363.63
2026-07-03 16:00:00+00:00,1.12,1.122,1.114,1.115,17236507.23
2026-07-03 17:00:00+00:00,1.115,1.124,1.115,1.123,10628451.69
2026-07-03 18:00:00+00:00,1.123,1.129,1.121,1.127,12160245.54
2026-07-03 19:00:00+00:00,1.127,1.145,1.126,1.132,25066079.01
2026-07-03 20:00:00+00:00,1.132,1.144,1.128,1.14,19808815.58
2026-07-03 21:00:00+00:00,1.14,1.141,1.127,1.133,11811059.22
2026-07-03 22:00:00+00:00,1.133,1.135,1.128,1.13,5388030.44
2026-07-03 23:00:00+00:00,1.13,1.138,1.129,1.135,8379612.13
2026-07-04 00:00:00+00:00,1.135,1.143,1.134,1.142,9685229.11
2026-07-04 01:00:00+00:00,1.142,1.142,1.132,1.133,12101477.83
2026-07-04 02:00:00+00:00,1.133,1.139,1.132,1.136,5979847.44
2026-07-04 03:00:00+00:00,1.136,1.141,1.132,1.138,7824666.34
2026-07-04 04:00:00+00:00,1.138,1.15,1.137,1.148,11692971.59
2026-07-04 05:00:00+00:00,1.148,1.148,1.138,1.139,9899271.58
2026-07-04 06:00:00+00:00,1.139,1.147,1.134,1.138,10451861.28
2026-07-04 07:00:00+00:00,1.138,1.143,1.133,1.14,8524046.39
2026-07-04 08:00:00+00:00,1.14,1.149,1.14,1.142,11450562.62
2026-07-04 09:00:00+00:00,1.142,1.144,1.135,1.137,10324803.47
2026-07-04 10:00:00+00:00,1.137,1.142,1.136,1.142,7642304.86
2026-07-04 11:00:00+00:00,1.142,1.144,1.138,1.14,8489651.91
2026-07-04 12:00:00+00:00,1.14,1.155,1.14,1.148,13186741.59
2026-07-04 13:00:00+00:00,1.148,1.161,1.148,1.153,16817307.62
2026-07-04 14:00:00+00:00,1.153,1.174,1.153,1.173,30365839.48
2026-07-04 15:00:00+00:00,1.173,1.18,1.167,1.172,23940371.22
2026-07-04 16:00:00+00:00,1.172,1.177,1.164,1.174,14585774.07
2026-07-04 17:00:00+00:00,1.174,1.184,1.168,1.181,15887953.67
2026-07-04 18:00:00+00:00,1.181,1.183,1.174,1.175,10611924.97
2026-07-04 19:00:00+00:00,1.175,1.178,1.167,1.168,11885954.37
2026-07-04 20:00:00+00:00,1.168,1.17,1.16,1.163,10001894.04
2026-07-04 21:00:00+00:00,1.163,1.168,1.162,1.166,8413095.23
2026-07-04 22:00:00+00:00,1.166,1.167,1.16,1.162,7631490.64
2026-07-04 23:00:00+00:00,1.162,1.163,1.154,1.157,9912793.97
2026-07-05 00:00:00+00:00,1.157,1.157,1.147,1.149,12901382.28
2026-07-05 01:00:00+00:00,1.149,1.151,1.143,1.145,11375827.58
2026-07-05 02:00:00+00:00,1.145,1.145,1.134,1.137,11479324.05
2026-07-05 03:00:00+00:00,1.137,1.141,1.136,1.138,6988832.75
2026-07-05 04:00:00+00:00,1.138,1.142,1.137,1.138,5850604.91
2026-07-05 05:00:00+00:00,1.138,1.138,1.133,1.136,4936274.9
2026-07-05 06:00:00+00:00,1.136,1.14,1.134,1.138,4665471.53
2026-07-05 07:00:00+00:00,1.138,1.141,1.136,1.14,4790844.55
2026-07-05 08:00:00+00:00,1.14,1.142,1.138,1.139,5314409.66
2026-07-05 09:00:00+00:00,1.139,1.139,1.126,1.128,11734870.39
2026-07-05 10:00:00+00:00,1.128,1.13,1.125,1.129,5910038.31
2026-07-05 11:00:00+00:00,1.129,1.133,1.128,1.132,5275774.55
2026-07-05 12:00:00+00:00,1.132,1.137,1.129,1.136,5910185.08
2026-07-05 13:00:00+00:00,1.136,1.137,1.131,1.135,4105028.77
2026-07-05 14:00:00+00:00,1.135,1.138,1.134,1.137,3460036.41
2026-07-05 15:00:00+00:00,1.137,1.141,1.135,1.137,6611226.0
2026-07-05 16:00:00+00:00,1.137,1.139,1.134,1.135,6763977.71
2026-07-05 17:00:00+00:00,1.135,1.139,1.132,1.135,5681353.94
2026-07-05 18:00:00+00:00,1.135,1.14,1.135,1.136,4557981.23
2026-07-05 19:00:00+00:00,1.136,1.138,1.134,1.135,5576665.97
2026-07-05 20:00:00+00:00,1.135,1.138,1.135,1.137,5758829.41
2026-07-05 21:00:00+00:00,1.137,1.148,1.135,1.145,9675822.74
2026-07-05 22:00:00+00:00,1.145,1.162,1.143,1.158,19927495.91
2026-07-05 23:00:00+00:00,1.158,1.17,1.156,1.157,15654572.79
2026-07-06 00:00:00+00:00,1.157,1.159,1.146,1.156,11586148.57
2026-07-06 01:00:00+00:00,1.156,1.161,1.152,1.153,9321942.26
2026-07-06 02:00:00+00:00,1.153,1.154,1.146,1.149,7726418.2
2026-07-06 03:00:00+00:00,1.149,1.15,1.142,1.147,7876703.54
2026-07-06 04:00:00+00:00,1.147,1.149,1.145,1.146,5965594.81
2026-07-06 05:00:00+00:00,1.146,1.146,1.137,1.141,10125414.65
2026-07-06 06:00:00+00:00,1.141,1.141,1.137,1.138,6634114.12
2026-07-06 07:00:00+00:00,1.138,1.147,1.137,1.146,7333178.59
2026-07-06 08:00:00+00:00,1.146,1.151,1.14,1.143,8492519.43
2026-07-06 09:00:00+00:00,1.143,1.143,1.134,1.136,6668127.57
2026-07-06 10:00:00+00:00,1.136,1.145,1.136,1.143,6068964.57
2026-07-06 11:00:00+00:00,1.143,1.144,1.135,1.135,6110241.6
2026-07-06 12:00:00+00:00,1.135,1.135,1.114,1.115,27945455.66
2026-07-06 13:00:00+00:00,1.115,1.123,1.11,1.116,23531111.54
2026-07-06 14:00:00+00:00,1.116,1.127,1.114,1.124,14001208.58
2026-07-06 15:00:00+00:00,1.124,1.145,1.124,1.145,19528596.68
2026-07-06 16:00:00+00:00,1.145,1.154,1.14,1.153,19946367.13
2026-07-06 17:00:00+00:00,1.153,1.159,1.146,1.147,18886839.2
2026-07-06 18:00:00+00:00,1.147,1.15,1.141,1.148,10644337.29
2026-07-06 19:00:00+00:00,1.148,1.153,1.145,1.149,11637079.39
2026-07-06 20:00:00+00:00,1.149,1.149,1.142,1.144,10051480.16
2026-07-06 21:00:00+00:00,1.144,1.164,1.144,1.154,23830574.98
2026-07-06 22:00:00+00:00,1.154,1.155,1.147,1.148,8892732.18
2026-07-06 23:00:00+00:00,1.148,1.15,1.144,1.145,7024467.0
2026-07-07 00:00:00+00:00,1.145,1.151,1.145,1.149,10142262.34
2026-07-07 01:00:00+00:00,1.149,1.149,1.14,1.141,10978824.11
2026-07-07 02:00:00+00:00,1.141,1.142,1.13,1.131,11780763.29
2026-07-07 03:00:00+00:00,1.131,1.134,1.127,1.129,12646302.87
2026-07-07 04:00:00+00:00,1.129,1.129,1.123,1.125,10914602.55
2026-07-07 05:00:00+00:00,1.125,1.129,1.121,1.128,9590309.72
2026-07-07 06:00:00+00:00,1.128,1.133,1.125,1.133,7651123.91
2026-07-07 07:00:00+00:00,1.133,1.135,1.127,1.127,7836299.07
2026-07-07 08:00:00+00:00,1.127,1.128,1.124,1.125,6212778.17
2026-07-07 09:00:00+00:00,1.125,1.128,1.124,1.127,6860112.55
2026-07-07 10:00:00+00:00,1.127,1.13,1.123,1.124,7864668.06
2026-07-07 11:00:00+00:00,1.124,1.126,1.12,1.125,8476098.78
2026-07-07 12:00:00+00:00,1.125,1.132,1.125,1.127,8155776.86
2026-07-07 13:00:00+00:00,1.127,1.128,1.119,1.121,9451579.37
2026-07-07 14:00:00+00:00,1.121,1.126,1.109,1.125,17821988.17
2026-07-07 15:00:00+00:00,1.125,1.133,1.121,1.13,15074076.83
2026-07-07 16:00:00+00:00,1.13,1.135,1.125,1.129,12001205.61
2026-07-07 17:00:00+00:00,1.129,1.133,1.127,1.133,7647255.54
2026-07-07 18:00:00+00:00,1.133,1.133,1.119,1.119,9797013.94
2026-07-07 19:00:00+00:00,1.119,1.126,1.114,1.123,11637415.1
2026-07-07 20:00:00+00:00,1.123,1.123,1.117,1.119,6732801.38
2026-07-07 21:00:00+00:00,1.119,1.122,1.112,1.114,9550422.66
2026-07-07 22:00:00+00:00,1.114,1.117,1.107,1.116,8727415.98
2026-07-07 23:00:00+00:00,1.116,1.119,1.111,1.112,10627805.33
2026-07-08 00:00:00+00:00,1.112,1.116,1.11,1.114,9662805.06
2026-07-08 01:00:00+00:00,1.114,1.116,1.098,1.099,16163138.12
2026-07-08 02:00:00+00:00,1.099,1.102,1.091,1.1,22224687.25
2026-07-08 03:00:00+00:00,1.1,1.104,1.094,1.096,9411247.02
2026-07-08 04:00:00+00:00,1.096,1.097,1.092,1.095,7393249.84
2026-07-08 05:00:00+00:00,1.095,1.096,1.089,1.091,6033282.59
2026-07-08 06:00:00+00:00,1.091,1.093,1.087,1.091,8465807.56
2026-07-08 07:00:00+00:00,1.091,1.095,1.088,1.094,6715893.87
2026-07-08 08:00:00+00:00,1.094,1.095,1.075,1.08,22348542.92
2026-07-08 09:00:00+00:00,1.08,1.082,1.076,1.079,11028278.5
2026-07-08 10:00:00+00:00,1.079,1.084,1.077,1.084,7346705.23
2026-07-08 11:00:00+00:00,1.084,1.089,1.08,1.087,9186524.94
2026-07-08 12:00:00+00:00,1.087,1.089,1.082,1.082,8779275.77
2026-07-08 13:00:00+00:00,1.082,1.088,1.078,1.081,22411710.23
2026-07-08 14:00:00+00:00,1.081,1.085,1.075,1.078,15270490.63
2026-07-08 15:00:00+00:00,1.078,1.078,1.07,1.074,11935391.02
2026-07-08 16:00:00+00:00,1.074,1.084,1.073,1.084,11291418.07
2026-07-08 17:00:00+00:00,1.084,1.095,1.084,1.086,14078980.58
2026-07-08 18:00:00+00:00,1.086,1.091,1.083,1.088,8494648.17
2026-07-08 19:00:00+00:00,1.088,1.096,1.085,1.091,9696058.23
2026-07-08 20:00:00+00:00,1.091,1.093,1.088,1.089,7813390.25
2026-07-08 21:00:00+00:00,1.089,1.091,1.084,1.091,9023697.9
2026-07-08 22:00:00+00:00,1.091,1.093,1.09,1.093,5565418.47
2026-07-08 23:00:00+00:00,1.093,1.093,1.088,1.091,5362143.98
2026-07-09 00:00:00+00:00,1.091,1.092,1.087,1.088,5229368.75
2026-07-09 01:00:00+00:00,1.088,1.099,1.083,1.083,11346681.3
2026-07-09 02:00:00+00:00,1.083,1.09,1.083,1.085,7937052.6
2026-07-09 03:00:00+00:00,1.085,1.089,1.083,1.088,5436290.96
2026-07-09 04:00:00+00:00,1.088,1.095,1.085,1.094,6113643.3
2026-07-09 05:00:00+00:00,1.094,1.1,1.091,1.099,9062352.68
2026-07-09 06:00:00+00:00,1.099,1.102,1.097,1.1,6781521.21
2026-07-09 07:00:00+00:00,1.1,1.103,1.095,1.098,9765588.95
2026-07-09 08:00:00+00:00,1.098,1.099,1.093,1.096,7338236.98
2026-07-09 09:00:00+00:00,1.096,1.096,1.092,1.094,5647343.02
2026-07-09 10:00:00+00:00,1.094,1.097,1.09,1.092,6723768.5
2026-07-09 11:00:00+00:00,1.092,1.094,1.091,1.094,7147757.53
2026-07-09 12:00:00+00:00,1.094,1.097,1.091,1.094,14673044.54
2026-07-09 13:00:00+00:00,1.094,1.101,1.093,1.099,10307331.76
2026-07-09 14:00:00+00:00,1.099,1.101,1.091,1.094,11154008.19
2026-07-09 15:00:00+00:00,1.094,1.097,1.089,1.09,7173679.51
2026-07-09 16:00:00+00:00,1.09,1.092,1.087,1.089,6360585.77
2026-07-09 17:00:00+00:00,1.089,1.098,1.089,1.096,4769571.33
2026-07-09 18:00:00+00:00,1.096,1.1,1.093,1.095,7539945.6
2026-07-09 19:00:00+00:00,1.095,1.099,1.092,1.098,5349267.46
2026-07-09 20:00:00+00:00,1.098,1.1,1.095,1.097,3287317.53
2026-07-09 21:00:00+00:00,1.097,1.098,1.097,1.098,2775375.57
2026-07-09 22:00:00+00:00,1.098,1.099,1.096,1.096,2482803.48
2026-07-09 23:00:00+00:00,1.096,1.096,1.093,1.093,3389775.34
2026-07-10 00:00:00+00:00,1.093,1.094,1.089,1.092,4881833.82
2026-07-10 01:00:00+00:00,1.092,1.109,1.09,1.105,11717540.55
2026-07-10 02:00:00+00:00,1.105,1.11,1.103,1.108,7910685.24
2026-07-10 03:00:00+00:00,1.108,1.109,1.104,1.107,6410798.48
2026-07-10 04:00:00+00:00,1.107,1.112,1.106,1.11,6965000.83
2026-07-10 05:00:00+00:00,1.11,1.111,1.107,1.11,5591974.73
2026-07-10 06:00:00+00:00,1.11,1.111,1.105,1.106,5357289.24
2026-07-10 07:00:00+00:00,1.106,1.108,1.104,1.106,5541006.41
2026-07-10 08:00:00+00:00,1.106,1.115,1.105,1.112,8803223.27
2026-07-10 09:00:00+00:00,1.112,1.118,1.11,1.116,7922365.92
2026-07-10 10:00:00+00:00,1.116,1.118,1.113,1.114,9124804.1
2026-07-10 11:00:00+00:00,1.114,1.116,1.109,1.113,8866487.51
2026-07-10 12:00:00+00:00,1.113,1.115,1.107,1.107,10776737.53
2026-07-10 13:00:00+00:00,1.107,1.113,1.106,1.11,9653394.82
2026-07-10 14:00:00+00:00,1.11,1.11,1.097,1.101,19061984.1
2026-07-10 15:00:00+00:00,1.101,1.106,1.1,1.104,9430306.73
2026-07-10 16:00:00+00:00,1.104,1.106,1.1,1.105,8459929.55
2026-07-10 17:00:00+00:00,1.105,1.106,1.101,1.101,8082873.37
2026-07-10 18:00:00+00:00,1.101,1.104,1.097,1.1,5617623.19
2026-07-10 19:00:00+00:00,1.1,1.107,1.098,1.105,6031404.04
2026-07-10 20:00:00+00:00,1.105,1.107,1.103,1.104,5085516.03
2026-07-10 21:00:00+00:00,1.104,1.107,1.103,1.105,4391203.2
2026-07-10 22:00:00+00:00,1.105,1.106,1.104,1.106,3656786.91
2026-07-10 23:00:00+00:00,1.106,1.106,1.103,1.105,2851485.45
2026-07-11 00:00:00+00:00,1.105,1.106,1.102,1.105,2849786.26
2026-07-11 01:00:00+00:00,1.105,1.108,1.103,1.103,3901869.27
2026-07-11 02:00:00+00:00,1.103,1.107,1.103,1.106,3589611.86
2026-07-11 03:00:00+00:00,1.106,1.11,1.106,1.108,4587541.48
2026-07-11 04:00:00+00:00,1.108,1.108,1.104,1.105,3770667.23
2026-07-11 05:00:00+00:00,1.105,1.108,1.104,1.107,3377916.44
2026-07-11 06:00:00+00:00,1.107,1.109,1.105,1.108,4336134.57
2026-07-11 07:00:00+00:00,1.108,1.109,1.107,1.108,3549717.42
2026-07-11 08:00:00+00:00,1.108,1.109,1.106,1.109,3307700.34
2026-07-11 09:00:00+00:00,1.109,1.111,1.106,1.106,3377341.85
2026-07-11 10:00:00+00:00,1.106,1.109,1.106,1.109,3636163.34
2026-07-11 11:00:00+00:00,1.109,1.11,1.108,1.109,3773344.98
2026-07-11 12:00:00+00:00,1.109,1.109,1.108,1.109,2697834.73
2026-07-11 13:00:00+00:00,1.109,1.111,1.108,1.109,3512584.31
2026-07-11 14:00:00+00:00,1.109,1.115,1.109,1.114,6166691.02
2026-07-11 15:00:00+00:00,1.114,1.118,1.11,1.113,11507004.31
2026-07-11 16:00:00+00:00,1.113,1.116,1.111,1.113,4682769.76
2026-07-11 17:00:00+00:00,1.113,1.117,1.112,1.115,3511795.9
2026-07-11 18:00:00+00:00,1.115,1.118,1.114,1.117,3138691.17
2026-07-11 19:00:00+00:00,1.117,1.119,1.114,1.116,3487095.91
2026-07-11 20:00:00+00:00,1.116,1.116,1.114,1.114,2428134.4
2026-07-11 21:00:00+00:00,1.114,1.117,1.114,1.115,3157691.46
2026-07-11 22:00:00+00:00,1.115,1.115,1.108,1.109,6821259.88
2026-07-11 23:00:00+00:00,1.109,1.11,1.097,1.097,11559849.36
2026-07-12 00:00:00+00:00,1.097,1.099,1.09,1.093,11537692.04
2026-07-12 01:00:00+00:00,1.093,1.099,1.093,1.099,6270346.77
2026-07-12 02:00:00+00:00,1.099,1.099,1.095,1.096,3226864.65
2026-07-12 03:00:00+00:00,1.096,1.1,1.096,1.1,4467082.21
2026-07-12 04:00:00+00:00,1.1,1.1,1.095,1.096,3533001.36
2026-07-12 05:00:00+00:00,1.096,1.096,1.094,1.095,2010640.68
2026-07-12 06:00:00+00:00,1.095,1.095,1.087,1.092,7157625.26
2026-07-12 07:00:00+00:00,1.092,1.093,1.09,1.091,2752120.25
2026-07-12 08:00:00+00:00,1.091,1.095,1.091,1.094,2738809.84
2026-07-12 09:00:00+00:00,1.094,1.097,1.091,1.095,4446177.16
2026-07-12 10:00:00+00:00,1.095,1.096,1.094,1.095,2270973.95
2026-07-12 11:00:00+00:00,1.095,1.099,1.093,1.096,2848074.36
2026-07-12 12:00:00+00:00,1.096,1.1,1.096,1.099,3207567.52
2026-07-12 13:00:00+00:00,1.099,1.101,1.097,1.098,4182136.63
2026-07-12 14:00:00+00:00,1.098,1.104,1.096,1.102,5983695.71
2026-07-12 15:00:00+00:00,1.102,1.104,1.1,1.102,4835221.61
2026-07-12 16:00:00+00:00,1.102,1.104,1.1,1.102,3705517.26
2026-07-12 17:00:00+00:00,1.102,1.102,1.098,1.098,2745304.42
2026-07-12 18:00:00+00:00,1.098,1.102,1.097,1.101,2571481.82
2026-07-12 19:00:00+00:00,1.101,1.102,1.098,1.1,2759268.99
2026-07-12 20:00:00+00:00,1.1,1.101,1.099,1.099,3137575.91
2026-07-12 21:00:00+00:00,1.099,1.101,1.094,1.094,6609813.14
2026-07-12 22:00:00+00:00,1.094,1.094,1.081,1.086,12955503.48
2026-07-12 23:00:00+00:00,1.086,1.088,1.084,1.086,4674284.5
2026-07-13 00:00:00+00:00,1.086,1.103,1.084,1.093,13153640.8
2026-07-13 01:00:00+00:00,1.093,1.094,1.08,1.081,11978178.51
2026-07-13 02:00:00+00:00,1.081,1.083,1.077,1.08,11297195.6
2026-07-13 03:00:00+00:00,1.08,1.08,1.068,1.072,12529522.62
2026-07-13 04:00:00+00:00,1.072,1.076,1.071,1.073,4748211.23
2026-07-13 05:00:00+00:00,1.073,1.079,1.071,1.076,6550767.34
2026-07-13 06:00:00+00:00,1.076,1.078,1.075,1.078,4013373.26
2026-07-13 07:00:00+00:00,1.078,1.082,1.077,1.08,5684146.16
2026-07-13 08:00:00+00:00,1.08,1.083,1.079,1.08,4552990.16
2026-07-13 09:00:00+00:00,1.08,1.081,1.079,1.079,3938379.78
2026-07-13 10:00:00+00:00,1.079,1.079,1.076,1.077,4328157.36
2026-07-13 11:00:00+00:00,1.077,1.081,1.077,1.077,3597282.8
2026-07-13 12:00:00+00:00,1.077,1.079,1.07,1.074,9554375.47
2026-07-13 13:00:00+00:00,1.074,1.074,1.066,1.069,9767640.7
2026-07-13 14:00:00+00:00,1.069,1.078,1.068,1.077,10781722.07
2026-07-13 15:00:00+00:00,1.077,1.08,1.072,1.073,5376421.5
2026-07-13 16:00:00+00:00,1.073,1.074,1.067,1.069,4842914.4
2026-07-13 17:00:00+00:00,1.069,1.071,1.059,1.059,8693556.75
2026-07-13 18:00:00+00:00,1.059,1.063,1.057,1.061,9724774.71
2026-07-13 19:00:00+00:00,1.061,1.071,1.061,1.067,8816353.74
2026-07-13 20:00:00+00:00,1.067,1.068,1.059,1.063,4833032.03
2026-07-13 21:00:00+00:00,1.063,1.063,1.054,1.06,6840397.05
2026-07-13 22:00:00+00:00,1.06,1.063,1.059,1.059,4714235.33
2026-07-13 23:00:00+00:00,1.059,1.067,1.058,1.067,6701110.42
2026-07-14 00:00:00+00:00,1.067,1.07,1.065,1.069,6027233.15
2026-07-14 01:00:00+00:00,1.069,1.071,1.065,1.065,3483739.33
2026-07-14 02:00:00+00:00,1.065,1.067,1.063,1.066,3534906.29
2026-07-14 03:00:00+00:00,1.066,1.067,1.061,1.066,4727685.28
2026-07-14 04:00:00+00:00,1.066,1.069,1.064,1.068,4738222.34
2026-07-14 05:00:00+00:00,1.068,1.073,1.068,1.071,7609852.58
2026-07-14 06:00:00+00:00,1.071,1.072,1.069,1.07,2873629.63
2026-07-14 07:00:00+00:00,1.07,1.072,1.068,1.069,4249958.17
2026-07-14 08:00:00+00:00,1.069,1.071,1.068,1.069,4305621.25
2026-07-14 09:00:00+00:00,1.069,1.071,1.068,1.068,2842172.42
2026-07-14 10:00:00+00:00,1.068,1.072,1.068,1.071,5090122.08
2026-07-14 11:00:00+00:00,1.071,1.073,1.069,1.072,4541512.94
2026-07-14 12:00:00+00:00,1.072,1.091,1.071,1.089,24395752.08
2026-07-14 13:00:00+00:00,1.089,1.105,1.085,1.099,25818795.29
2026-07-14 14:00:00+00:00,1.099,1.104,1.095,1.103,14469899.09
2026-07-14 15:00:00+00:00,1.103,1.111,1.101,1.105,16440842.72
2026-07-14 16:00:00+00:00,1.105,1.109,1.103,1.105,8854750.0
2026-07-14 17:00:00+00:00,1.105,1.105,1.099,1.104,9233284.59
2026-07-14 18:00:00+00:00,1.104,1.113,1.103,1.112,8899855.54
2026-07-14 19:00:00+00:00,1.112,1.121,1.111,1.115,19234081.86
2026-07-14 20:00:00+00:00,1.115,1.116,1.11,1.11,7021007.63
2026-07-14 21:00:00+00:00,1.11,1.111,1.107,1.108,5466573.94
2026-07-14 22:00:00+00:00,1.108,1.114,1.105,1.11,10839582.11
2026-07-14 23:00:00+00:00,1.11,1.113,1.109,1.112,5733167.55
2026-07-15 00:00:00+00:00,1.112,1.112,1.107,1.108,6960830.48
2026-07-15 01:00:00+00:00,1.108,1.109,1.102,1.103,6995402.2
2026-07-15 02:00:00+00:00,1.103,1.104,1.099,1.1,4027435.47
2026-07-15 03:00:00+00:00,1.1,1.105,1.099,1.104,6896920.87
2026-07-15 04:00:00+00:00,1.104,1.107,1.101,1.103,5190472.41
2026-07-15 05:00:00+00:00,1.103,1.107,1.1,1.107,4998032.61
2026-07-15 06:00:00+00:00,1.107,1.114,1.106,1.107,11826407.46
2026-07-15 07:00:00+00:00,1.107,1.108,1.102,1.104,5513859.46
2026-07-15 08:00:00+00:00,1.104,1.109,1.103,1.108,4614783.57
2026-07-15 09:00:00+00:00,1.108,1.112,1.108,1.109,4911682.33
2026-07-15 10:00:00+00:00,1.109,1.11,1.106,1.108,4769715.78
2026-07-15 11:00:00+00:00,1.108,1.109,1.107,1.108,4336990.13
2026-07-15 12:00:00+00:00,1.108,1.122,1.106,1.121,15461538.47
2026-07-15 13:00:00+00:00,1.121,1.129,1.118,1.122,20190372.01
2026-07-15 14:00:00+00:00,1.122,1.13,1.118,1.126,14862983.27
2026-07-15 15:00:00+00:00,1.126,1.129,1.121,1.126,11042997.1
2026-07-15 16:00:00+00:00,1.126,1.127,1.108,1.114,13968349.46
2026-07-15 17:00:00+00:00,1.114,1.12,1.111,1.118,8637269.11
2026-07-15 18:00:00+00:00,1.118,1.121,1.112,1.112,6996179.77
2026-07-15 19:00:00+00:00,1.112,1.115,1.109,1.11,6014369.89
2026-07-15 20:00:00+00:00,1.11,1.114,1.109,1.111,3975790.1
2026-07-15 21:00:00+00:00,1.111,1.116,1.111,1.116,6890551.25
2026-07-15 22:00:00+00:00,1.116,1.119,1.115,1.116,6910166.62
2026-07-15 23:00:00+00:00,1.116,1.117,1.112,1.113,4449827.69
2026-07-16 00:00:00+00:00,1.113,1.116,1.109,1.111,5391990.64
2026-07-16 01:00:00+00:00,1.111,1.115,1.106,1.114,4917455.09
2026-07-16 02:00:00+00:00,1.114,1.117,1.112,1.117,4021894.51
2026-07-16 03:00:00+00:00,1.117,1.118,1.112,1.113,5284854.9
2026-07-16 04:00:00+00:00,1.113,1.114,1.111,1.114,3822238.47
2026-07-16 05:00:00+00:00,1.114,1.118,1.113,1.116,3495659.33
2026-07-16 06:00:00+00:00,1.116,1.117,1.112,1.114,5056000.03
2026-07-16 07:00:00+00:00,1.114,1.115,1.104,1.106,9621745.21
2026-07-16 08:00:00+00:00,1.106,1.11,1.1,1.107,12308815.37
2026-07-16 09:00:00+00:00,1.107,1.108,1.105,1.105,4862467.51
2026-07-16 10:00:00+00:00,1.105,1.109,1.104,1.109,4562519.38
2026-07-16 11:00:00+00:00,1.109,1.109,1.106,1.109,6015489.71
2026-07-16 12:00:00+00:00,1.109,1.11,1.1,1.102,10763483.2
2026-07-16 13:00:00+00:00,1.102,1.112,1.101,1.11,10094723.87
2026-07-16 14:00:00+00:00,1.11,1.116,1.109,1.112,9817625.82
2026-07-16 15:00:00+00:00,1.112,1.118,1.106,1.115,8377811.4
2026-07-16 16:00:00+00:00,1.115,1.115,1.108,1.109,5467107.85
2026-07-16 17:00:00+00:00,1.109,1.109,1.09,1.094,16997139.24
2026-07-16 18:00:00+00:00,1.094,1.096,1.088,1.093,8369298.72
2026-07-16 19:00:00+00:00,1.093,1.099,1.093,1.097,6463485.98
2026-07-16 20:00:00+00:00,1.097,1.098,1.095,1.098,2732933.42
2026-07-16 21:00:00+00:00,1.098,1.099,1.096,1.098,4260446.3
2026-07-16 22:00:00+00:00,1.098,1.099,1.09,1.09,6817736.81
2026-07-16 23:00:00+00:00,1.09,1.091,1.085,1.087,6896115.55
2026-07-17 00:00:00+00:00,1.087,1.092,1.083,1.092,9627052.68
2026-07-17 01:00:00+00:00,1.092,1.096,1.086,1.088,7441579.03
2026-07-17 02:00:00+00:00,1.088,1.091,1.086,1.088,6231703.39
2026-07-17 03:00:00+00:00,1.088,1.095,1.088,1.092,4179884.47
2026-07-17 04:00:00+00:00,1.092,1.093,1.088,1.09,3946164.41
2026-07-17 05:00:00+00:00,1.09,1.091,1.08,1.081,7181208.6
2026-07-17 06:00:00+00:00,1.081,1.088,1.079,1.087,5332420.85
2026-07-17 07:00:00+00:00,1.087,1.087,1.083,1.084,4052414.62
2026-07-17 08:00:00+00:00,1.084,1.086,1.08,1.085,4310624.1
2026-07-17 09:00:00+00:00,1.085,1.088,1.085,1.085,4970240.04
2026-07-17 10:00:00+00:00,1.085,1.088,1.085,1.087,6569826.46
2026-07-17 11:00:00+00:00,1.087,1.087,1.084,1.085,5825181.99
2026-07-17 12:00:00+00:00,1.085,1.085,1.078,1.078,6972893.39
2026-07-17 13:00:00+00:00,1.078,1.081,1.07,1.08,15462344.64
2026-07-17 14:00:00+00:00,1.08,1.087,1.08,1.083,11316212.1
2026-07-17 15:00:00+00:00,1.083,1.083,1.074,1.083,11494915.32
2026-07-17 16:00:00+00:00,1.083,1.09,1.082,1.086,9677970.17
2026-07-17 17:00:00+00:00,1.086,1.096,1.086,1.092,6885910.96
2026-07-17 18:00:00+00:00,1.092,1.094,1.088,1.092,4812725.49
2026-07-17 19:00:00+00:00,1.092,1.093,1.086,1.091,4943802.76
2026-07-17 20:00:00+00:00,1.091,1.091,1.087,1.089,3530848.89
2026-07-17 21:00:00+00:00,1.089,1.091,1.088,1.088,3923237.5
2026-07-17 22:00:00+00:00,1.088,1.089,1.087,1.088,2677153.6
2026-07-17 23:00:00+00:00,1.088,1.09,1.087,1.089,2994563.04
2026-07-18 00:00:00+00:00,1.089,1.091,1.088,1.088,2855975.19
2026-07-18 01:00:00+00:00,1.088,1.09,1.087,1.088,2388000.73
2026-07-18 02:00:00+00:00,1.088,1.091,1.088,1.09,2214013.51
2026-07-18 03:00:00+00:00,1.09,1.091,1.089,1.09,1944671.48
2026-07-18 04:00:00+00:00,1.09,1.09,1.088,1.088,2081429.57
2026-07-18 05:00:00+00:00,1.088,1.09,1.087,1.088,2204032.33
2026-07-18 06:00:00+00:00,1.088,1.09,1.087,1.089,2185786.72
2026-07-18 07:00:00+00:00,1.089,1.091,1.088,1.089,2207016.32
2026-07-18 08:00:00+00:00,1.089,1.092,1.088,1.089,3510539.9
2026-07-18 09:00:00+00:00,1.089,1.09,1.084,1.086,4420105.79
2026-07-18 10:00:00+00:00,1.086,1.088,1.086,1.087,2049197.93
2026-07-18 11:00:00+00:00,1.087,1.089,1.086,1.089,2412529.0
2026-07-18 12:00:00+00:00,1.089,1.091,1.086,1.089,3032202.04
2026-07-18 13:00:00+00:00,1.089,1.089,1.084,1.086,3607632.67
2026-07-18 14:00:00+00:00,1.086,1.089,1.085,1.089,2547239.86
2026-07-18 15:00:00+00:00,1.089,1.089,1.086,1.087,2399087.08
2026-07-18 16:00:00+00:00,1.087,1.091,1.086,1.09,3195379.14
2026-07-18 17:00:00+00:00,1.09,1.094,1.088,1.093,4366902.43
2026-07-18 18:00:00+00:00,1.093,1.095,1.09,1.091,5206345.55
2026-07-18 19:00:00+00:00,1.091,1.094,1.091,1.093,4371604.4
2026-07-18 20:00:00+00:00,1.093,1.097,1.093,1.093,3255898.12
2026-07-18 21:00:00+00:00,1.093,1.098,1.092,1.094,5631762.91
2026-07-18 22:00:00+00:00,1.094,1.096,1.092,1.093,3920243.33
2026-07-18 23:00:00+00:00,1.093,1.094,1.092,1.093,2303124.28
2026-07-19 00:00:00+00:00,1.093,1.094,1.092,1.094,2490459.29
2026-07-19 01:00:00+00:00,1.094,1.095,1.093,1.094,2868349.45
2026-07-19 02:00:00+00:00,1.094,1.1,1.094,1.097,4105398.57
2026-07-19 03:00:00+00:00,1.097,1.098,1.093,1.095,2915173.31
2026-07-19 04:00:00+00:00,1.095,1.098,1.094,1.097,3002786.13
2026-07-19 05:00:00+00:00,1.097,1.098,1.096,1.097,2768699.84
2026-07-19 06:00:00+00:00,1.097,1.098,1.096,1.096,2840577.38
2026-07-19 07:00:00+00:00,1.096,1.098,1.095,1.095,3726943.5
2026-07-19 08:00:00+00:00,1.095,1.098,1.095,1.098,3357741.09
2026-07-19 09:00:00+00:00,1.098,1.099,1.095,1.095,2774465.36
2026-07-19 10:00:00+00:00,1.095,1.099,1.094,1.098,2648244.2
2026-07-19 11:00:00+00:00,1.098,1.099,1.096,1.097,2336501.83
2026-07-19 12:00:00+00:00,1.097,1.097,1.091,1.096,3799102.03
2026-07-19 13:00:00+00:00,1.096,1.096,1.092,1.094,2511848.14
2026-07-19 14:00:00+00:00,1.094,1.102,1.093,1.099,5775541.31
2026-07-19 15:00:00+00:00,1.099,1.099,1.097,1.098,3555760.36
2026-07-19 16:00:00+00:00,1.098,1.098,1.094,1.094,2944955.05
2026-07-19 17:00:00+00:00,1.094,1.097,1.09,1.094,5039581.79
2026-07-19 18:00:00+00:00,1.094,1.094,1.09,1.092,3834190.85
2026-07-19 19:00:00+00:00,1.092,1.095,1.092,1.095,2589321.26
2026-07-19 20:00:00+00:00,1.095,1.098,1.095,1.097,2251114.75
2026-07-19 21:00:00+00:00,1.097,1.097,1.092,1.093,5755272.58
2026-07-19 22:00:00+00:00,1.093,1.102,1.092,1.098,9039202.89
2026-07-19 23:00:00+00:00,1.098,1.098,1.094,1.098,3531654.35
2026-07-20 00:00:00+00:00,1.098,1.106,1.093,1.096,11736286.3
2026-07-20 01:00:00+00:00,1.096,1.108,1.095,1.097,9396482.74
2026-07-20 02:00:00+00:00,1.097,1.104,1.096,1.101,5545293.31
2026-07-20 03:00:00+00:00,1.101,1.102,1.097,1.1,4089680.78
2026-07-20 04:00:00+00:00,1.1,1.1,1.095,1.096,3892153.88
2026-07-20 05:00:00+00:00,1.096,1.096,1.087,1.088,8093464.29
2026-07-20 06:00:00+00:00,1.088,1.09,1.084,1.085,6979446.69
2026-07-20 07:00:00+00:00,1.085,1.091,1.083,1.09,4501760.1
2026-07-20 08:00:00+00:00,1.09,1.092,1.086,1.088,6654551.02
2026-07-20 09:00:00+00:00,1.088,1.093,1.087,1.09,4135126.63
2026-07-20 10:00:00+00:00,1.09,1.095,1.09,1.093,4429672.84
2026-07-20 11:00:00+00:00,1.093,1.107,1.092,1.106,11646576.64
2026-07-20 12:00:00+00:00,1.106,1.106,1.098,1.1,7882208.99
2026-07-20 13:00:00+00:00,1.1,1.101,1.09,1.091,10309546.71
2026-07-20 14:00:00+00:00,1.091,1.095,1.087,1.093,9427827.4
2026-07-20 15:00:00+00:00,1.093,1.114,1.093,1.113,17339480.29
2026-07-20 16:00:00+00:00,1.113,1.115,1.11,1.114,12526707.41
2026-07-20 17:00:00+00:00,1.114,1.117,1.111,1.115,8890260.91
2026-07-20 18:00:00+00:00,1.115,1.121,1.114,1.114,11456621.0
2026-07-20 19:00:00+00:00,1.114,1.118,1.111,1.117,11188768.38
2026-07-20 20:00:00+00:00,1.117,1.117,1.113,1.115,5594192.69
2026-07-20 21:00:00+00:00,1.115,1.119,1.115,1.115,5924147.1
2026-07-20 22:00:00+00:00,1.115,1.115,1.108,1.11,8910789.17
2026-07-20 23:00:00+00:00,1.11,1.114,1.11,1.112,3310949.2
2026-07-21 00:00:00+00:00,1.112,1.118,1.111,1.116,4682781.25
2026-07-21 01:00:00+00:00,1.116,1.12,1.114,1.114,5515521.97
2026-07-21 02:00:00+00:00,1.114,1.121,1.112,1.119,4283714.47
2026-07-21 03:00:00+00:00,1.119,1.126,1.119,1.124,8513567.15
2026-07-21 04:00:00+00:00,1.124,1.128,1.122,1.127,8847946.93
2026-07-21 05:00:00+00:00,1.127,1.138,1.126,1.131,21331862.48
2026-07-21 06:00:00+00:00,1.131,1.137,1.129,1.134,8769171.29
2026-07-21 07:00:00+00:00,1.134,1.136,1.132,1.136,8001091.31
2026-07-21 08:00:00+00:00,1.136,1.138,1.133,1.133,7107730.84
2026-07-21 09:00:00+00:00,1.133,1.136,1.131,1.135,5702053.27
2026-07-21 10:00:00+00:00,1.135,1.136,1.13,1.131,7561497.01
2026-07-21 11:00:00+00:00,1.131,1.137,1.13,1.136,6729392.79
2026-07-21 12:00:00+00:00,1.136,1.142,1.135,1.142,8607697.44
2026-07-21 13:00:00+00:00,1.142,1.145,1.138,1.141,13402844.69
2026-07-21 14:00:00+00:00,1.141,1.152,1.14,1.149,17225668.76
2026-07-21 15:00:00+00:00,1.149,1.157,1.145,1.155,13318307.66
2026-07-21 16:00:00+00:00,1.155,1.158,1.149,1.151,12548500.16
2026-07-21 17:00:00+00:00,1.151,1.162,1.148,1.158,17796660.05
2026-07-21 18:00:00+00:00,1.158,1.164,1.153,1.158,13571608.84
2026-07-21 19:00:00+00:00,1.158,1.164,1.153,1.157,12260410.84
2026-07-21 20:00:00+00:00,1.157,1.158,1.149,1.149,10721392.75
2026-07-21 21:00:00+00:00,1.149,1.149,1.145,1.147,8675629.44
2026-07-21 22:00:00+00:00,1.147,1.147,1.14,1.142,10169887.91
2026-07-21 23:00:00+00:00,1.142,1.144,1.138,1.144,5416519.41
2026-07-22 00:00:00+00:00,1.144,1.148,1.142,1.146,7821611.95
2026-07-22 01:00:00+00:00,1.146,1.146,1.142,1.144,4154501.41
2026-07-22 02:00:00+00:00,1.144,1.146,1.141,1.141,5294235.01
2026-07-22 03:00:00+00:00,1.141,1.142,1.138,1.139,5137153.03
2026-07-22 04:00:00+00:00,1.139,1.142,1.139,1.142,4051914.33
2026-07-22 05:00:00+00:00,1.142,1.142,1.133,1.134,7509544.29
2026-07-22 06:00:00+00:00,1.134,1.134,1.13,1.132,5104697.06
2026-07-22 07:00:00+00:00,1.132,1.134,1.129,1.131,5174012.96
2026-07-22 08:00:00+00:00,1.131,1.136,1.131,1.135,6453630.14
2026-07-22 09:00:00+00:00,1.135,1.137,1.133,1.135,6006647.42
2026-07-22 10:00:00+00:00,1.135,1.14,1.134,1.139,4507155.62
2026-07-22 11:00:00+00:00,1.139,1.14,1.137,1.139,5741014.39
2026-07-22 12:00:00+00:00,1.139,1.139,1.134,1.137,7453469.53
2026-07-22 13:00:00+00:00,1.137,1.143,1.135,1.143,8693092.4
2026-07-22 14:00:00+00:00,1.143,1.15,1.136,1.142,11630637.59
2026-07-22 15:00:00+00:00,1.142,1.156,1.142,1.151,11987642.04
2026-07-22 16:00:00+00:00,1.151,1.157,1.147,1.153,9791859.04
2026-07-22 17:00:00+00:00,1.153,1.154,1.144,1.148,6896663.3
2026-07-22 18:00:00+00:00,1.148,1.149,1.139,1.142,5765742.12
2026-07-22 19:00:00+00:00,1.142,1.143,1.136,1.137,5702670.57
2026-07-22 20:00:00+00:00,1.137,1.139,1.134,1.138,5403688.74
2026-07-22 21:00:00+00:00,1.138,1.143,1.138,1.143,5100308.62
2026-07-22 22:00:00+00:00,1.143,1.143,1.139,1.143,4430694.55
2026-07-22 23:00:00+00:00,1.143,1.143,1.136,1.142,3667610.15
2026-07-23 00:00:00+00:00,1.142,1.145,1.14,1.141,4293390.73
2026-07-23 01:00:00+00:00,1.141,1.143,1.138,1.14,4151344.26
2026-07-23 02:00:00+00:00,1.14,1.14,1.134,1.138,5009004.05
2026-07-23 03:00:00+00:00,1.138,1.138,1.133,1.134,3758884.18
2026-07-23 04:00:00+00:00,1.134,1.138,1.133,1.136,3769564.17
2026-07-23 05:00:00+00:00,1.136,1.138,1.133,1.134,3799896.58
2026-07-23 06:00:00+00:00,1.134,1.137,1.133,1.137,2325358.08
2026-07-23 07:00:00+00:00,1.137,1.137,1.13,1.134,5831140.61
2026-07-23 08:00:00+00:00,1.134,1.137,1.133,1.136,3783373.14
2026-07-23 09:00:00+00:00,1.136,1.137,1.133,1.133,4277330.5
2026-07-23 10:00:00+00:00,1.133,1.137,1.132,1.135,3259115.32
2026-07-23 11:00:00+00:00,1.135,1.136,1.132,1.133,3887886.6
2026-07-23 12:00:00+00:00,1.133,1.134,1.119,1.122,14989693.15
2026-07-23 13:00:00+00:00,1.122,1.122,1.111,1.112,20240001.24
2026-07-23 14:00:00+00:00,1.112,1.116,1.109,1.11,10995386.65
2026-07-23 15:00:00+00:00,1.11,1.114,1.104,1.113,12338011.29
2026-07-23 16:00:00+00:00,1.113,1.113,1.108,1.109,5200098.5
2026-07-23 17:00:00+00:00,1.109,1.11,1.101,1.103,8106155.75
2026-07-23 18:00:00+00:00,1.103,1.107,1.103,1.105,5804321.69
2026-07-23 19:00:00+00:00,1.105,1.107,1.103,1.105,5654939.54
2026-07-23 20:00:00+00:00,1.105,1.113,1.105,1.113,6371245.24
2026-07-23 21:00:00+00:00,1.113,1.114,1.109,1.11,5702143.17
2026-07-23 22:00:00+00:00,1.11,1.113,1.108,1.112,3000475.36
2026-07-23 23:00:00+00:00,1.112,1.113,1.107,1.108,3731247.51
2026-07-24 00:00:00+00:00,1.108,1.109,1.104,1.108,5018915.51
2026-07-24 01:00:00+00:00,1.108,1.111,1.107,1.109,3397045.77
2026-07-24 02:00:00+00:00,1.109,1.11,1.105,1.106,3055863.55
2026-07-24 03:00:00+00:00,1.106,1.112,1.106,1.111,3252586.21
2026-07-24 04:00:00+00:00,1.111,1.111,1.106,1.107,2979529.6
2026-07-24 05:00:00+00:00,1.107,1.111,1.106,1.11,3051432.39
2026-07-24 06:00:00+00:00,1.11,1.115,1.11,1.114,3691950.82
2026-07-24 07:00:00+00:00,1.114,1.121,1.111,1.114,9437493.95
2026-07-24 08:00:00+00:00,1.114,1.115,1.112,1.112,2872892.61
2026-07-24 09:00:00+00:00,1.112,1.112,1.108,1.109,5346403.32
2026-07-24 10:00:00+00:00,1.109,1.109,1.105,1.107,5825179.88
2026-07-24 11:00:00+00:00,1.107,1.107,1.102,1.104,11033989.54
2026-07-24 12:00:00+00:00,1.104,1.105,1.1,1.1,8657584.13
2026-07-24 13:00:00+00:00,1.1,1.1,1.089,1.093,17491644.83
2026-07-24 14:00:00+00:00,1.093,1.094,1.087,1.093,12756185.94
2026-07-24 15:00:00+00:00,1.093,1.094,1.089,1.091,9188546.92
2026-07-24 16:00:00+00:00,1.091,1.092,1.086,1.087,8067621.53
2026-07-24 17:00:00+00:00,1.087,1.091,1.086,1.089,6071967.59
2026-07-24 18:00:00+00:00,1.089,1.089,1.085,1.087,4739849.05
2026-07-24 19:00:00+00:00,1.087,1.091,1.085,1.089,5325540.38
2026-07-24 20:00:00+00:00,1.089,1.092,1.089,1.091,3979715.39
2026-07-24 21:00:00+00:00,1.091,1.092,1.089,1.089,5354929.36
2026-07-24 22:00:00+00:00,1.089,1.093,1.089,1.092,3841191.56
2026-07-24 23:00:00+00:00,1.092,1.093,1.091,1.092,3095587.68
2026-07-25 00:00:00+00:00,1.092,1.094,1.091,1.094,6131938.34
2026-07-25 01:00:00+00:00,1.094,1.095,1.093,1.094,2982224.4
2026-07-25 02:00:00+00:00,1.094,1.095,1.092,1.094,3256789.26
2026-07-25 03:00:00+00:00,1.094,1.094,1.091,1.092,2530709.71
2026-07-25 04:00:00+00:00,1.092,1.094,1.091,1.093,2247243.3
2026-07-25 05:00:00+00:00,1.093,1.094,1.09,1.091,2013573.74
2026-07-25 06:00:00+00:00,1.091,1.092,1.087,1.09,4713389.99
2026-07-25 07:00:00+00:00,1.09,1.09,1.087,1.088,2503614.57
2026-07-25 08:00:00+00:00,1.088,1.089,1.086,1.087,4302421.86
2026-07-25 09:00:00+00:00,1.087,1.09,1.086,1.089,2193749.71
2026-07-25 10:00:00+00:00,1.089,1.091,1.089,1.091,2189795.7
2026-07-25 11:00:00+00:00,1.091,1.092,1.089,1.09,3646417.78
2026-07-25 12:00:00+00:00,1.09,1.091,1.089,1.091,3652903.72
2026-07-25 13:00:00+00:00,1.091,1.093,1.091,1.091,5166798.42
2026-07-25 14:00:00+00:00,1.091,1.094,1.091,1.094,3351425.37
2026-07-25 15:00:00+00:00,1.094,1.1,1.093,1.099,5261417.82
2026-07-25 16:00:00+00:00,1.099,1.103,1.098,1.103,4061152.0
2026-07-25 17:00:00+00:00,1.103,1.108,1.101,1.103,5003024.64
2026-07-25 18:00:00+00:00,1.103,1.106,1.102,1.103,2839900.64
2026-07-25 19:00:00+00:00,1.103,1.103,1.099,1.101,3255557.09
2026-07-25 20:00:00+00:00,1.101,1.101,1.098,1.098,3097193.56
2026-07-25 21:00:00+00:00,1.098,1.101,1.097,1.1,4267982.57
2026-07-25 22:00:00+00:00,1.1,1.101,1.098,1.101,4424144.31
2026-07-25 23:00:00+00:00,1.101,1.101,1.098,1.098,1999055.98
2026-07-26 00:00:00+00:00,1.098,1.1,1.097,1.1,3107225.15
2026-07-26 01:00:00+00:00,1.1,1.101,1.099,1.1,3043044.22
2026-07-26 02:00:00+00:00,1.1,1.101,1.098,1.101,3357069.5
2026-07-26 03:00:00+00:00,1.101,1.102,1.099,1.101,3518575.17
2026-07-26 04:00:00+00:00,1.101,1.104,1.099,1.102,3804621.91
2026-07-26 05:00:00+00:00,1.102,1.102,1.099,1.099,3401833.73
2026-07-26 06:00:00+00:00,1.099,1.101,1.096,1.1,2862156.68
2026-07-26 07:00:00+00:00,1.1,1.101,1.098,1.099,2441230.42
2026-07-26 08:00:00+00:00,1.099,1.1,1.099,1.1,1968446.25
2026-07-26 09:00:00+00:00,1.1,1.101,1.099,1.1,2182862.74
2026-07-26 10:00:00+00:00,1.1,1.102,1.099,1.101,2761327.35
2026-07-26 11:00:00+00:00,1.101,1.101,1.1,1.1,1625811.31
2026-07-26 12:00:00+00:00,1.1,1.103,1.099,1.099,3233989.96
2026-07-26 13:00:00+00:00,1.099,1.099,1.096,1.098,2687036.67
2026-07-26 14:00:00+00:00,1.098,1.101,1.096,1.1,3939618.64
2026-07-26 15:00:00+00:00,1.1,1.105,1.099,1.105,3703465.78
2026-07-26 16:00:00+00:00,1.105,1.107,1.102,1.103,3242859.97
2026-07-26 17:00:00+00:00,1.103,1.103,1.101,1.102,1610226.22
2026-07-26 18:00:00+00:00,1.102,1.103,1.101,1.103,1782742.53
2026-07-26 19:00:00+00:00,1.103,1.103,1.101,1.102,1201261.57
2026-07-26 20:00:00+00:00,1.102,1.103,1.101,1.101,1115979.61
2026-07-26 21:00:00+00:00,1.101,1.105,1.1,1.104,3136906.99
2026-07-26 22:00:00+00:00,1.104,1.114,1.104,1.113,10996816.02
2026-07-26 23:00:00+00:00,1.113,1.116,1.11,1.113,8097319.08
2026-07-27 00:00:00+00:00,1.113,1.113,1.108,1.109,5408752.5
2026-07-27 01:00:00+00:00,1.109,1.11,1.103,1.108,5008598.65
2026-07-27 02:00:00+00:00,1.108,1.109,1.105,1.106,3543189.35
2026-07-27 03:00:00+00:00,1.106,1.108,1.104,1.107,4142833.31
2026-07-27 04:00:00+00:00,1.107,1.11,1.106,1.106,4305061.34
2026-07-27 05:00:00+00:00,1.106,1.11,1.106,1.11,4714550.14
2026-07-27 06:00:00+00:00,1.11,1.115,1.11,1.111,6332844.07
2026-07-27 07:00:00+00:00,1.111,1.112,1.107,1.108,5830641.59
2026-07-27 08:00:00+00:00,1.108,1.108,1.106,1.107,5667579.03
2026-07-27 09:00:00+00:00,1.107,1.109,1.104,1.108,5032661.48
2026-07-27 10:00:00+00:00,1.108,1.109,1.107,1.108,3901480.77
2026-07-27 11:00:00+00:00,1.108,1.11,1.104,1.105,5828673.97
2026-07-27 12:00:00+00:00,1.105,1.107,1.099,1.105,6936752.65
2026-07-27 13:00:00+00:00,1.105,1.114,1.102,1.108,10137070.26
2026-07-27 14:00:00+00:00,1.108,1.108,1.086,1.09,18849228.58
2026-07-27 15:00:00+00:00,1.09,1.092,1.086,1.086,7678204.13
2026-07-27 16:00:00+00:00,1.086,1.096,1.086,1.094,7554984.02
2026-07-27 17:00:00+00:00,1.094,1.096,1.089,1.094,7196242.54
2026-07-27 18:00:00+00:00,1.094,1.095,1.087,1.09,8637100.83
2026-07-27 19:00:00+00:00,1.09,1.095,1.089,1.092,5874212.82
2026-07-27 20:00:00+00:00,1.092,1.094,1.089,1.091,3393638.03
2026-07-27 21:00:00+00:00,1.091,1.092,1.086,1.087,5123508.9
2026-07-27 22:00:00+00:00,1.087,1.087,1.066,1.067,25949449.44
2026-07-27 23:00:00+00:00,1.067,1.069,1.063,1.066,13654842.36
2026-07-28 00:00:00+00:00,1.066,1.066,1.059,1.059,8419967.76
2026-07-28 01:00:00+00:00,1.059,1.062,1.055,1.058,10335443.59
2026-07-28 02:00:00+00:00,1.058,1.06,1.056,1.058,6117824.53
2026-07-28 03:00:00+00:00,1.058,1.06,1.057,1.058,4005094.95
2026-07-28 04:00:00+00:00,1.058,1.059,1.056,1.057,4865087.05
2026-07-28 05:00:00+00:00,1.057,1.061,1.057,1.058,4980849.04
2026-07-28 06:00:00+00:00,1.058,1.06,1.056,1.06,5302317.32
2026-07-28 07:00:00+00:00,1.06,1.06,1.055,1.056,6757011.27
2026-07-28 08:00:00+00:00,1.056,1.057,1.055,1.057,5594067.53
2026-07-28 09:00:00+00:00,1.057,1.06,1.055,1.057,4092421.28
2026-07-28 10:00:00+00:00,1.057,1.057,1.054,1.056,6439058.08
2026-07-28 11:00:00+00:00,1.056,1.056,1.049,1.049,14004640.45
2026-07-28 12:00:00+00:00,1.049,1.054,1.049,1.054,7959032.09
2026-07-28 13:00:00+00:00,1.054,1.056,1.045,1.051,13342558.54
2026-07-28 14:00:00+00:00,1.051,1.056,1.047,1.054,7097976.33
2026-07-28 15:00:00+00:00,1.054,1.068,1.052,1.065,13998470.15
2026-07-28 16:00:00+00:00,1.065,1.066,1.062,1.064,4002202.19
2026-07-28 17:00:00+00:00,1.064,1.064,1.055,1.058,5416744.0
2026-07-28 18:00:00+00:00,1.058,1.06,1.056,1.058,3124004.2
2026-07-28 19:00:00+00:00,1.058,1.063,1.057,1.061,5026672.85
2026-07-28 20:00:00+00:00,1.061,1.064,1.06,1.064,5470423.48
2026-07-28 21:00:00+00:00,1.064,1.069,1.064,1.069,8224336.25
2026-07-28 22:00:00+00:00,1.069,1.07,1.063,1.063,4932484.75
2026-07-28 23:00:00+00:00,1.063,1.07,1.059,1.069,8093454.49
2026-07-29 00:00:00+00:00,1.069,1.08,1.069,1.079,14327352.67
2026-07-29 01:00:00+00:00,1.079,1.081,1.072,1.072,8836290.46
2026-07-29 02:00:00+00:00,1.072,1.082,1.07,1.079,10355928.51
2026-07-29 03:00:00+00:00,1.079,1.081,1.071,1.071,10966825.52
2026-07-29 04:00:00+00:00,1.071,1.081,1.068,1.081,14034005.63
2026-07-29 05:00:00+00:00,1.081,1.091,1.081,1.086,13742087.54
2026-07-29 06:00:00+00:00,1.086,1.09,1.083,1.088,5804963.75
2026-07-29 07:00:00+00:00,1.088,1.09,1.087,1.09,5338484.18
2026-07-29 08:00:00+00:00,1.09,1.091,1.085,1.087,7670031.56
2026-07-29 09:00:00+00:00,1.087,1.094,1.087,1.089,6206905.22
2026-07-29 10:00:00+00:00,1.089,1.09,1.086,1.087,7042302.17
2026-07-29 11:00:00+00:00,1.087,1.089,1.084,1.084,7944766.12
2026-07-29 12:00:00+00:00,1.084,1.084,1.075,1.078,8344555.42
2026-07-29 13:00:00+00:00,1.078,1.078,1.071,1.076,10131199.84
2026-07-29 14:00:00+00:00,1.076,1.076,1.069,1.072,7325219.54
2026-07-29 15:00:00+00:00,1.072,1.074,1.067,1.068,7773602.31
2026-07-29 16:00:00+00:00,1.068,1.072,1.066,1.07,9096033.3
2026-07-29 17:00:00+00:00,1.07,1.08,1.07,1.08,5839889.8
2026-07-29 18:00:00+00:00,1.08,1.091,1.076,1.087,24653078.03
2026-07-29 19:00:00+00:00,1.087,1.09,1.068,1.07,14834898.99
2026-07-29 20:00:00+00:00,1.07,1.071,1.062,1.066,11288066.51
2026-07-29 21:00:00+00:00,1.066,1.079,1.064,1.075,20181780.36
2026-07-29 22:00:00+00:00,1.075,1.079,1.074,1.074,7200147.98
2026-07-29 23:00:00+00:00,1.074,1.075,1.071,1.074,4449733.73
2026-07-30 00:00:00+00:00,1.074,1.077,1.069,1.07,5723148.94
2026-07-30 01:00:00+00:00,1.07,1.081,1.07,1.078,9658057.24
2026-07-30 02:00:00+00:00,1.078,1.08,1.075,1.076,4956746.95
2026-07-30 03:00:00+00:00,1.076,1.078,1.075,1.075,3349973.0
2026-07-30 04:00:00+00:00,1.075,1.076,1.073,1.074,3256585.59
2026-07-30 05:00:00+00:00,1.074,1.078,1.073,1.076,4077029.39
2026-07-30 06:00:00+00:00,1.076,1.078,1.073,1.074,3954238.06
2026-07-30 07:00:00+00:00,1.074,1.08,1.074,1.077,7353219.96
2026-07-30 08:00:00+00:00,1.077,1.081,1.075,1.078,3742525.78
2026-07-30 09:00:00+00:00,1.078,1.083,1.078,1.081,4681663.52
2026-07-30 10:00:00+00:00,1.081,1.083,1.078,1.079,4144476.56
2026-07-30 11:00:00+00:00,1.079,1.085,1.079,1.084,5058926.73
2026-07-30 12:00:00+00:00,1.084,1.086,1.082,1.083,8231761.07
2026-07-30 13:00:00+00:00,1.083,1.089,1.08,1.085,11598900.25
2026-07-30 14:00:00+00:00,1.085,1.09,1.082,1.087,9728105.99
2026-07-30 15:00:00+00:00,1.087,1.095,1.086,1.092,10581538.24
2026-07-30 16:00:00+00:00,1.092,1.094,1.089,1.09,6785700.06
2026-07-30 17:00:00+00:00,1.09,1.093,1.087,1.091,5168330.29
2026-07-30 18:00:00+00:00,1.091,1.093,1.085,1.085,3641248.91
2026-07-30 19:00:00+00:00,1.085,1.091,1.085,1.09,5217068.8
2026-07-30 20:00:00+00:00,1.09,1.092,1.085,1.085,6137358.58
2026-07-30 21:00:00+00:00,1.085,1.087,1.084,1.085,21184516.04
2026-07-30 22:00:00+00:00,1.085,1.089,1.084,1.086,3461648.12
2026-07-30 23:00:00+00:00,1.086,1.09,1.082,1.083,7288742.81
2026-07-31 00:00:00+00:00,1.083,1.085,1.081,1.082,4614409.48
2026-07-31 01:00:00+00:00,1.082,1.09,1.079,1.081,12170084.82
2026-07-31 02:00:00+00:00,1.081,1.082,1.079,1.081,3592092.88
2026-07-31 03:00:00+00:00,1.081,1.083,1.078,1.082,5159369.04
2026-07-31 04:00:00+00:00,1.082,1.083,1.081,1.082,3510947.4
2026-07-31 05:00:00+00:00,1.082,1.083,1.079,1.08,2698059.65
2026-07-31 06:00:00+00:00,1.08,1.084,1.08,1.08,3614767.12
2026-07-31 07:00:00+00:00,1.08,1.08,1.074,1.08,4844975.36
2026-07-31 08:00:00+00:00,1.08,1.08,1.076,1.077,3681747.54
2026-07-31 09:00:00+00:00,1.077,1.078,1.071,1.072,5348127.41
2026-07-31 10:00:00+00:00,1.072,1.075,1.071,1.074,5315533.5
2026-07-31 11:00:00+00:00,1.074,1.076,1.071,1.073,5669104.86
2026-07-31 12:00:00+00:00,1.073,1.073,1.07,1.072,10539891.06
2026-07-31 13:00:00+00:00,1.072,1.074,1.066,1.066,10349220.11
2026-07-31 14:00:00+00:00,1.066,1.068,1.058,1.063,25734918.94
2026-07-31 15:00:00+00:00,1.063,1.065,1.058,1.061,10415545.84
2026-07-31 16:00:00+00:00,1.061,1.064,1.06,1.064,8069559.03
2026-07-31 17:00:00+00:00,1.064,1.071,1.063,1.07,6921544.08
2026-07-31 18:00:00+00:00,1.07,1.071,1.064,1.065,3776158.27
2026-07-31 19:00:00+00:00,1.065,1.066,1.061,1.062,5111767.55
2026-07-31 20:00:00+00:00,1.062,1.065,1.062,1.062,4711436.55
2026-07-31 21:00:00+00:00,1.062,1.065,1.06,1.061,8042532.69
2026-07-31 22:00:00+00:00,1.061,1.064,1.06,1.062,3987260.5
2026-07-31 23:00:00+00:00,1.062,1.064,1.061,1.062,2664305.95
2026-08-01 00:00:00+00:00,1.062,1.064,1.062,1.063,2504724.28
2026-08-01 01:00:00+00:00,1.063,1.065,1.063,1.065,2652796.23
2026-08-01 02:00:00+00:00,1.065,1.067,1.065,1.066,2002737.01
2026-08-01 03:00:00+00:00,1.066,1.066,1.064,1.066,1780626.1
2026-08-01 04:00:00+00:00,1.066,1.067,1.066,1.067,1523728.45
2026-08-01 05:00:00+00:00,1.067,1.067,1.063,1.064,2422942.37
2026-08-01 06:00:00+00:00,1.064,1.065,1.063,1.064,2395943.14
2026-08-01 07:00:00+00:00,1.064,1.064,1.062,1.062,4375239.4
2026-08-01 08:00:00+00:00,1.062,1.063,1.061,1.063,1766740.24
2026-08-01 09:00:00+00:00,1.063,1.063,1.061,1.061,1617425.54
2026-08-01 10:00:00+00:00,1.061,1.064,1.06,1.063,2874933.18
2026-08-01 11:00:00+00:00,1.063,1.064,1.062,1.064,2380358.19
2026-08-01 12:00:00+00:00,1.064,1.065,1.063,1.064,1994720.13
2026-08-01 13:00:00+00:00,1.064,1.065,1.063,1.063,2221223.94
2026-08-01 14:00:00+00:00,1.063,1.066,1.063,1.066,2489100.3
2026-08-01 15:00:00+00:00,1.066,1.066,1.063,1.063,2425779.89
2026-08-01 16:00:00+00:00,1.063,1.064,1.06,1.061,3247641.28
2026-08-01 17:00:00+00:00,1.061,1.062,1.057,1.059,4165335.25
2026-08-01 18:00:00+00:00,1.059,1.06,1.047,1.053,12636692.89
2026-08-01 19:00:00+00:00,1.053,1.054,1.051,1.052,3250088.11
2026-08-01 20:00:00+00:00,1.052,1.056,1.052,1.055,3968252.5
2026-08-01 21:00:00+00:00,1.055,1.061,1.055,1.06,9938846.63
2026-08-01 22:00:00+00:00,1.06,1.062,1.06,1.061,2952820.43
2026-08-01 23:00:00+00:00,1.061,1.062,1.059,1.06,5598814.5
2026-08-02 00:00:00+00:00,1.06,1.063,1.06,1.062,9463357.6
2026-08-02 01:00:00+00:00,1.062,1.068,1.062,1.066,13981326.29
2026-08-02 02:00:00+00:00,1.066,1.076,1.066,1.076,16018742.93
2026-08-02 03:00:00+00:00,1.076,1.08,1.075,1.077,9939671.47
2026-08-02 04:00:00+00:00,1.077,1.084,1.077,1.082,10832046.56
2026-08-02 05:00:00+00:00,1.082,1.084,1.08,1.083,11005060.69
2026-08-02 06:00:00+00:00,1.083,1.085,1.081,1.082,8884878.13
2026-08-02 07:00:00+00:00,1.082,1.085,1.082,1.083,6639679.94
2026-08-02 08:00:00+00:00,1.083,1.084,1.079,1.08,9126811.98
2026-08-02 09:00:00+00:00,1.08,1.084,1.077,1.083,8238354.5
2026-08-02 10:00:00+00:00,1.083,1.083,1.079,1.081,4606354.02
2026-08-02 11:00:00+00:00,1.081,1.082,1.078,1.079,5021134.13
2026-08-02 12:00:00+00:00,1.079,1.081,1.077,1.077,4186382.41
2026-08-02 13:00:00+00:00,1.077,1.081,1.077,1.081,3640819.1
2026-08-02 14:00:00+00:00,1.081,1.083,1.08,1.081,2604558.23
2026-08-02 15:00:00+00:00,1.081,1.082,1.08,1.08,2284340.88
2026-08-02 16:00:00+00:00,1.08,1.082,1.078,1.081,2878029.23
2026-08-02 17:00:00+00:00,1.081,1.083,1.08,1.082,1509989.84
2026-08-02 18:00:00+00:00,1.082,1.087,1.081,1.081,4634054.01
2026-08-02 19:00:00+00:00,1.081,1.083,1.08,1.082,2381821.06
2026-08-02 20:00:00+00:00,1.082,1.082,1.08,1.081,1405159.82
2026-08-02 21:00:00+00:00,1.081,1.09,1.081,1.087,14420695.36
2026-08-02 22:00:00+00:00,1.087,1.093,1.085,1.086,10740983.78
2026-08-02 23:00:00+00:00,1.086,1.087,1.082,1.087,7716127.08
2026-08-03 00:00:00+00:00,1.087,1.088,1.08,1.081,10240329.05
2026-08-03 01:00:00+00:00,1.081,1.082,1.075,1.075,9871317.9
2026-08-03 02:00:00+00:00,1.075,1.077,1.073,1.074,8291434.98
2026-08-03 03:00:00+00:00,1.074,1.074,1.068,1.071,8711812.59
2026-08-03 04:00:00+00:00,1.071,1.074,1.07,1.07,8660661.07
2026-08-03 05:00:00+00:00,1.07,1.073,1.07,1.073,9653425.16
2026-08-03 06:00:00+00:00,1.073,1.073,1.068,1.068,11374274.18
2026-08-03 07:00:00+00:00,1.068,1.07,1.067,1.068,10188091.86
2026-08-03 08:00:00+00:00,1.068,1.069,1.063,1.067,6912042.17
2026-08-03 09:00:00+00:00,1.067,1.072,1.066,1.071,4695775.15
2026-08-03 10:00:00+00:00,1.071,1.072,1.068,1.07,3617221.56
2026-08-03 11:00:00+00:00,1.07,1.07,1.063,1.064,9025142.84
2026-08-03 12:00:00+00:00,1.064,1.066,1.064,1.066,5013244.32
2026-08-03 13:00:00+00:00,1.066,1.076,1.065,1.076,8608370.84
2026-08-03 14:00:00+00:00,1.076,1.083,1.073,1.083,23199707.89
2026-08-03 15:00:00+00:00,1.083,1.087,1.078,1.083,9105551.48
2026-08-03 16:00:00+00:00,1.083,1.085,1.079,1.082,4930617.1
2026-08-03 17:00:00+00:00,1.082,1.084,1.08,1.081,5516855.56
2026-08-03 18:00:00+00:00,1.081,1.084,1.081,1.082,3572759.44
2026-08-03 19:00:00+00:00,1.082,1.083,1.079,1.08,2670747.05
2026-08-03 20:00:00+00:00,1.08,1.084,1.079,1.083,2959945.92
2026-08-03 21:00:00+00:00,1.083,1.084,1.08,1.08,4695562.8
2026-08-03 22:00:00+00:00,1.08,1.08,1.074,1.076,5189209.48
2026-08-03 23:00:00+00:00,1.076,1.076,1.073,1.076,3039091.48
2026-08-04 00:00:00+00:00,1.076,1.076,1.07,1.07,5206524.88
2026-08-04 01:00:00+00:00,1.07,1.079,1.07,1.078,6241873.07
2026-08-04 02:00:00+00:00,1.078,1.08,1.075,1.078,3825230.42
2026-08-04 03:00:00+00:00,1.078,1.079,1.074,1.077,3170365.32
2026-08-04 04:00:00+00:00,1.077,1.082,1.076,1.079,5029925.96
2026-08-04 05:00:00+00:00,1.079,1.08,1.076,1.076,5820496.83
2026-08-04 06:00:00+00:00,1.076,1.077,1.073,1.074,4396163.04
2026-08-04 07:00:00+00:00,1.074,1.079,1.072,1.079,5595626.06
2026-08-04 08:00:00+00:00,1.079,1.08,1.074,1.075,4101143.82
2026-08-04 09:00:00+00:00,1.075,1.075,1.072,1.073,2794970.68
2026-08-04 10:00:00+00:00,1.073,1.077,1.07,1.075,8170485.68
2026-08-04 11:00:00+00:00,1.075,1.079,1.074,1.079,5212691.69
2026-08-04 12:00:00+00:00,1.079,1.079,1.076,1.077,4551900.51
2026-08-04 13:00:00+00:00,1.077,1.079,1.072,1.072,10274052.32
2026-08-04 14:00:00+00:00,1.072,1.077,1.071,1.076,12109279.28
2026-08-04 15:00:00+00:00,1.076,1.08,1.072,1.077,6624361.99
2026-08-04 16:00:00+00:00,1.077,1.078,1.074,1.074,4608001.47
2026-08-04 17:00:00+00:00,1.074,1.078,1.073,1.074,4228575.8
2026-08-04 18:00:00+00:00,1.074,1.08,1.074,1.077,3992460.42
2026-08-04 19:00:00+00:00,1.077,1.083,1.076,1.08,7185955.91
2026-08-04 20:00:00+00:00,1.08,1.08,1.074,1.078,10164595.59
2026-08-04 21:00:00+00:00,1.078,1.078,1.076,1.076,6624409.05
2026-08-04 22:00:00+00:00,1.076,1.077,1.075,1.076,2260512.84
2026-08-04 23:00:00+00:00,1.076,1.079,1.074,1.074,4411540.69
2026-08-05 00:00:00+00:00,1.074,1.074,1.069,1.07,6385165.08
2026-08-05 01:00:00+00:00,1.07,1.074,1.068,1.073,5787855.39
2026-08-05 02:00:00+00:00,1.073,1.077,1.073,1.074,6423647.77
2026-08-05 03:00:00+00:00,1.074,1.075,1.066,1.068,9573895.94
2026-08-05 04:00:00+00:00,1.068,1.068,1.067,1.067,4014037.97
2026-08-05 05:00:00+00:00,1.067,1.073,1.067,1.07,3548150.47
2026-08-05 06:00:00+00:00,1.07,1.071,1.068,1.069,2920390.64
2026-08-05 07:00:00+00:00,1.069,1.069,1.064,1.067,5039067.68
2026-08-05 08:00:00+00:00,1.067,1.068,1.065,1.066,3598526.91
2026-08-05 09:00:00+00:00,1.066,1.067,1.065,1.065,4101594.84
2026-08-05 10:00:00+00:00,1.065,1.065,1.061,1.062,9839815.96
2026-08-05 11:00:00+00:00,1.062,1.063,1.06,1.061,6426962.24
2026-08-05 12:00:00+00:00,1.061,1.069,1.061,1.064,8139680.31
2026-08-05 13:00:00+00:00,1.064,1.064,1.055,1.062,13932577.75
2026-08-05 14:00:00+00:00,1.062,1.066,1.06,1.065,9528501.97
2026-08-05 15:00:00+00:00,1.065,1.067,1.061,1.061,7916066.32
2026-08-05 16:00:00+00:00,1.061,1.069,1.061,1.067,7220059.68
2026-08-05 17:00:00+00:00,1.067,1.072,1.067,1.071,6917887.41
2026-08-05 18:00:00+00:00,1.071,1.073,1.069,1.069,6093908.16
2026-08-05 19:00:00+00:00,1.069,1.072,1.069,1.07,6797520.85
2026-08-05 20:00:00+00:00,1.07,1.073,1.068,1.07,5855719.02
2026-08-05 21:00:00+00:00,1.07,1.07,1.064,1.065,9500863.99
2026-08-05 22:00:00+00:00,1.065,1.066,1.062,1.062,4889339.77
2026-08-05 23:00:00+00:00,1.062,1.063,1.061,1.062,5457263.66
2026-08-06 00:00:00+00:00,1.062,1.064,1.061,1.063,3578713.75
2026-08-06 01:00:00+00:00,1.063,1.063,1.054,1.054,9761795.25
2026-08-06 02:00:00+00:00,1.054,1.055,1.042,1.047,25181753.53
2026-08-06 03:00:00+00:00,1.047,1.048,1.042,1.043,13788443.94
2026-08-06 04:00:00+00:00,1.043,1.048,1.04,1.048,14428507.67
2026-08-06 05:00:00+00:00,1.048,1.052,1.048,1.052,13702912.13
2026-08-06 06:00:00+00:00,1.052,1.052,1.05,1.052,7610436.05
2026-08-06 07:00:00+00:00,1.052,1.052,1.048,1.049,7932846.55
2026-08-06 08:00:00+00:00,1.049,1.058,1.048,1.056,13781343.12
2026-08-06 09:00:00+00:00,1.056,1.057,1.042,1.045,18927905.11
2026-08-06 10:00:00+00:00,1.045,1.047,1.042,1.047,8042716.53
2026-08-06 11:00:00+00:00,1.047,1.052,1.046,1.05,8588697.9
2026-08-06 12:00:00+00:00,1.05,1.051,1.046,1.047,7417992.49
2026-08-06 13:00:00+00:00,1.047,1.047,1.043,1.046,13632098.14
2026-08-06 14:00:00+00:00,1.046,1.048,1.043,1.048,16253356.23
2026-08-06 15:00:00+00:00,1.048,1.054,1.048,1.049,15642619.02
2026-08-06 16:00:00+00:00,1.049,1.05,1.043,1.046,14078208.45
2026-08-06 17:00:00+00:00,1.046,1.049,1.041,1.042,10955726.43
2026-08-06 18:00:00+00:00,1.042,1.043,1.035,1.036,17626135.62
2026-08-06 19:00:00+00:00,1.036,1.039,1.033,1.035,16312069.63
2026-08-06 20:00:00+00:00,1.035,1.038,1.033,1.033,9238219.9
2026-08-06 21:00:00+00:00,1.033,1.037,1.033,1.036,9305731.61
2026-08-06 22:00:00+00:00,1.036,1.038,1.035,1.037,3952025.48
2026-08-06 23:00:00+00:00,1.037,1.037,1.03,1.035,7907645.74
2026-08-07 00:00:00+00:00,1.035,1.037,1.031,1.036,8437902.14
2026-08-07 01:00:00+00:00,1.036,1.039,1.035,1.038,5636005.16
2026-08-07 02:00:00+00:00,1.038,1.038,1.028,1.031,11380117.84
2026-08-07 03:00:00+00:00,1.031,1.031,1.02,1.021,17384796.5
2026-08-07 04:00:00+00:00,1.021,1.023,1.018,1.021,14437597.08
2026-08-07 05:00:00+00:00,1.021,1.023,1.015,1.021,20085918.61
2026-08-07 06:00:00+00:00,1.021,1.029,1.021,1.026,11968718.79
2026-08-07 07:00:00+00:00,1.026,1.029,1.025,1.029,8690361.06
2026-08-07 08:00:00+00:00,1.029,1.032,1.027,1.031,8632548.4
2026-08-07 09:00:00+00:00,1.031,1.037,1.031,1.036,16612742.52
2026-08-07 10:00:00+00:00,1.036,1.037,1.035,1.035,16986710.66
2026-08-07 11:00:00+00:00,1.035,1.037,1.032,1.034,15651123.69
2026-08-07 12:00:00+00:00,1.034,1.042,1.034,1.038,30157280.04
2026-08-07 13:00:00+00:00,1.038,1.041,1.036,1.036,15830882.71
2026-08-07 14:00:00+00:00,1.036,1.036,1.026,1.027,25014225.0
2026-08-07 15:00:00+00:00,1.027,1.03,1.026,1.028,12170438.19
2026-08-07 16:00:00+00:00,1.028,1.031,1.016,1.016,17866391.8
2026-08-07 17:00:00+00:00,1.016,1.019,1.013,1.017,19171152.92
2026-08-07 18:00:00+00:00,1.017,1.022,1.015,1.018,10228501.93
2026-08-07 19:00:00+00:00,1.018,1.025,1.018,1.024,11078135.06
2026-08-07 20:00:00+00:00,1.024,1.026,1.023,1.025,6624725.8
2026-08-07 21:00:00+00:00,1.025,1.028,1.022,1.023,9151024.71
2026-08-07 22:00:00+00:00,1.023,1.024,1.019,1.02,5161165.24
2026-08-07 23:00:00+00:00,1.02,1.024,1.02,1.021,3371984.58
2026-08-08 00:00:00+00:00,1.021,1.026,1.02,1.025,4163887.8
2026-08-08 01:00:00+00:00,1.025,1.031,1.025,1.03,7443949.65
2026-08-08 02:00:00+00:00,1.03,1.032,1.03,1.031,21427408.01
2026-08-08 03:00:00+00:00,1.031,1.039,1.031,1.037,7442055.71
2026-08-08 04:00:00+00:00,1.037,1.039,1.034,1.035,6506677.04
2026-08-08 05:00:00+00:00,1.035,1.036,1.032,1.033,4580039.42
2026-08-08 06:00:00+00:00,1.033,1.036,1.033,1.035,3948166.24
2026-08-08 07:00:00+00:00,1.035,1.035,1.033,1.035,4080871.95
2026-08-08 08:00:00+00:00,1.035,1.036,1.034,1.036,4486662.41
2026-08-08 09:00:00+00:00,1.036,1.038,1.035,1.036,6403946.52
2026-08-08 10:00:00+00:00,1.036,1.04,1.036,1.039,4335141.14
2026-08-08 11:00:00+00:00,1.039,1.04,1.037,1.038,4451648.21
2026-08-08 12:00:00+00:00,1.038,1.043,1.037,1.041,5147956.18
2026-08-08 13:00:00+00:00,1.041,1.043,1.04,1.042,4927984.35
2026-08-08 14:00:00+00:00,1.042,1.046,1.042,1.045,5939733.92
2026-08-08 15:00:00+00:00,1.045,1.047,1.042,1.045,7863986.77
2026-08-08 16:00:00+00:00,1.045,1.049,1.045,1.047,6086206.1
2026-08-08 17:00:00+00:00,1.047,1.048,1.045,1.046,3315852.71
2026-08-08 18:00:00+00:00,1.046,1.046,1.042,1.042,5267432.64
2026-08-08 19:00:00+00:00,1.042,1.044,1.04,1.042,3440465.29
2026-08-08 20:00:00+00:00,1.042,1.044,1.042,1.043,2113895.69
2026-08-08 21:00:00+00:00,1.043,1.044,1.042,1.043,3559196.34
2026-08-08 22:00:00+00:00,1.043,1.044,1.039,1.039,3489886.06
2026-08-08 23:00:00+00:00,1.039,1.04,1.037,1.039,3254530.4
2026-08-09 00:00:00+00:00,1.039,1.041,1.038,1.039,3211613.08
2026-08-09 01:00:00+00:00,1.039,1.041,1.036,1.036,4427827.5
2026-08-09 02:00:00+00:00,1.036,1.037,1.034,1.035,2519437.77
2026-08-09 03:00:00+00:00,1.035,1.038,1.034,1.037,3486339.69
2026-08-09 04:00:00+00:00,1.037,1.039,1.037,1.037,2271219.22
2026-08-09 05:00:00+00:00,1.037,1.038,1.034,1.036,2796065.71
2026-08-09 06:00:00+00:00,1.036,1.041,1.036,1.041,4026599.84
2026-08-09 07:00:00+00:00,1.041,1.041,1.036,1.037,7792673.24
2026-08-09 08:00:00+00:00,1.037,1.039,1.031,1.034,6890855.73
2026-08-09 09:00:00+00:00,1.034,1.036,1.032,1.036,3232097.21
2026-08-09 10:00:00+00:00,1.036,1.038,1.036,1.037,3027861.49
2026-08-09 11:00:00+00:00,1.037,1.037,1.035,1.037,2530083.23
2026-08-09 12:00:00+00:00,1.037,1.038,1.035,1.037,2648491.6
2026-08-09 13:00:00+00:00,1.037,1.041,1.037,1.039,3755906.6
2026-08-09 14:00:00+00:00,1.039,1.043,1.038,1.042,4088506.69
2026-08-09 15:00:00+00:00,1.042,1.044,1.041,1.043,5596078.74
2026-08-09 16:00:00+00:00,1.043,1.046,1.042,1.044,3776570.93
2026-08-09 17:00:00+00:00,1.044,1.044,1.041,1.041,2849643.44
2026-08-09 18:00:00+00:00,1.041,1.042,1.039,1.04,4734952.48
2026-08-09 19:00:00+00:00,1.04,1.042,1.04,1.042,2147024.2
2026-08-09 20:00:00+00:00,1.042,1.042,1.04,1.042,2491071.07
2026-08-09 21:00:00+00:00,1.042,1.045,1.041,1.043,22646588.05
2026-08-09 22:00:00+00:00,1.043,1.048,1.035,1.037,15522790.68
2026-08-09 23:00:00+00:00,1.037,1.038,1.028,1.03,8560125.11
2026-08-10 00:00:00+00:00,1.03,1.037,1.028,1.031,8360399.3
2026-08-10 01:00:00+00:00,1.031,1.041,1.028,1.038,9292342.18
2026-08-10 02:00:00+00:00,1.038,1.038,1.029,1.035,6163484.12
2026-08-10 03:00:00+00:00,1.035,1.036,1.029,1.031,6256959.02
2026-08-10 04:00:00+00:00,1.031,1.034,1.029,1.032,2683567.76
2026-08-10 05:00:00+00:00,1.032,1.036,1.031,1.035,3050753.67
2026-08-10 06:00:00+00:00,1.035,1.038,1.035,1.038,3243595.94
2026-08-10 07:00:00+00:00,1.038,1.04,1.037,1.037,3796790.34
2026-08-10 08:00:00+00:00,1.037,1.039,1.032,1.034,7548010.83
2026-08-10 09:00:00+00:00,1.034,1.035,1.03,1.031,5479805.86
2026-08-10 10:00:00+00:00,1.031,1.033,1.03,1.032,4690846.16
2026-08-10 11:00:00+00:00,1.032,1.035,1.031,1.034,3404044.01
2026-08-10 12:00:00+00:00,1.034,1.036,1.028,1.029,6038446.23
2026-08-10 13:00:00+00:00,1.029,1.03,1.024,1.026,11708781.53
2026-08-10 14:00:00+00:00,1.026,1.032,1.026,1.027,10871863.45
2026-08-10 15:00:00+00:00,1.027,1.027,1.021,1.023,12621169.15
2026-08-10 16:00:00+00:00,1.023,1.025,1.017,1.019,17427201.3
2026-08-10 17:00:00+00:00,1.019,1.022,1.018,1.02,5674234.54
2026-08-10 18:00:00+00:00,1.02,1.021,1.016,1.018,3725013.31
2026-08-10 19:00:00+00:00,1.018,1.024,1.017,1.02,3551815.67
2026-08-10 20:00:00+00:00,1.02,1.021,1.019,1.02,2808005.98
2026-08-10 21:00:00+00:00,1.02,1.022,1.017,1.017,4963928.23
2026-08-10 22:00:00+00:00,1.017,1.018,1.006,1.012,17086286.08
2026-08-10 23:00:00+00:00,1.012,1.014,1.011,1.012,5989803.15
2026-08-11 00:00:00+00:00,1.012,1.013,1.01,1.013,6301573.15
2026-08-11 01:00:00+00:00,1.013,1.016,1.011,1.016,4292603.35
2026-08-11 02:00:00+00:00,1.016,1.017,1.013,1.013,2930635.86
2026-08-11 03:00:00+00:00,1.013,1.015,1.013,1.015,3483741.71
2026-08-11 04:00:00+00:00,1.015,1.015,1.013,1.013,2066273.04
2026-08-11 05:00:00+00:00,1.013,1.014,1.01,1.01,3488781.14
2026-08-11 06:00:00+00:00,1.01,1.012,1.002,1.006,10986106.96
2026-08-11 07:00:00+00:00,1.006,1.007,1.003,1.005,8135245.44
2026-08-11 08:00:00+00:00,1.005,1.007,1.002,1.006,5475593.22
2026-08-11 09:00:00+00:00,1.006,1.008,1.005,1.007,4292882.88
2026-08-11 10:00:00+00:00,1.007,1.007,1.002,1.006,5971655.18
2026-08-11 11:00:00+00:00,1.006,1.01,1.006,1.008,6214138.06
2026-08-11 12:00:00+00:00,1.008,1.009,1.004,1.004,5869163.67
2026-08-11 13:00:00+00:00,1.004,1.01,1.003,1.009,7610668.21
2026-08-11 14:00:00+00:00,1.009,1.011,0.9917,0.9943,28676746.83
2026-08-11 15:00:00+00:00,0.9943,1.008,0.994,1.004,26834731.96
2026-08-11 16:00:00+00:00,1.004,1.011,1.002,1.01,14002901.56
2026-08-11 17:00:00+00:00,1.01,1.016,1.009,1.014,14439858.73
2026-08-11 18:00:00+00:00,1.014,1.019,1.009,1.013,10093616.71
2026-08-11 19:00:00+00:00,1.013,1.016,1.009,1.015,9024822.57
2026-08-11 20:00:00+00:00,1.015,1.025,1.015,1.018,13768068.02
2026-08-11 21:00:00+00:00,1.018,1.026,1.017,1.024,14484376.4
2026-08-11 22:00:00+00:00,1.024,1.026,1.02,1.021,5481734.64
2026-08-11 23:00:00+00:00,1.021,1.024,1.019,1.023,6686820.67
2026-08-12 00:00:00+00:00,1.023,1.023,1.021,1.022,6487117.8
2026-08-12 01:00:00+00:00,1.022,1.025,1.022,1.023,5782776.93
2026-08-12 02:00:00+00:00,1.023,1.025,1.019,1.021,5935299.35
2026-08-12 03:00:00+00:00,1.021,1.022,1.019,1.02,2898263.14
2026-08-12 04:00:00+00:00,1.02,1.022,1.019,1.02,3706895.19
2026-08-12 05:00:00+00:00,1.02,1.023,1.019,1.022,4036249.57
2026-08-12 06:00:00+00:00,1.022,1.022,1.018,1.02,4400024.09
2026-08-12 07:00:00+00:00,1.02,1.022,1.018,1.021,4337451.71
2026-08-12 08:00:00+00:00,1.021,1.021,1.017,1.017,4699898.65
2026-08-12 09:00:00+00:00,1.017,1.026,1.017,1.024,8331285.22
2026-08-12 10:00:00+00:00,1.024,1.026,1.021,1.021,5918055.78
2026-08-12 11:00:00+00:00,1.021,1.023,1.02,1.023,3662761.28
2026-08-12 12:00:00+00:00,1.023,1.025,1.016,1.017,19289681.96
2026-08-12 13:00:00+00:00,1.017,1.019,1.014,1.015,7637408.19
2026-08-12 14:00:00+00:00,1.015,1.016,1.009,1.009,10384866.86
2026-08-12 15:00:00+00:00,1.009,1.013,1.008,1.013,5809620.08
2026-08-12 16:00:00+00:00,1.013,1.013,1.008,1.009,5544326.34
2026-08-12 17:00:00+00:00,1.009,1.011,1.007,1.01,5909357.14
2026-08-12 18:00:00+00:00,1.01,1.013,1.009,1.009,2588566.74
2026-08-12 19:00:00+00:00,1.009,1.01,1.007,1.007,4449001.96
2026-08-12 20:00:00+00:00,1.007,1.011,1.007,1.009,2213139.98
2026-08-12 21:00:00+00:00,1.009,1.01,1.003,1.005,8842359.64
2026-08-12 22:00:00+00:00,1.005,1.008,1.003,1.004,3463504.68
2026-08-12 23:00:00+00:00,1.004,1.006,1.001,1.006,5651971.19
2026-08-13 00:00:00+00:00,1.006,1.008,1.003,1.004,3698584.19
2026-08-13 01:00:00+00:00,1.004,1.006,1.002,1.005,3576480.67
2026-08-13 02:00:00+00:00,1.005,1.007,1.003,1.007,5773623.91
2026-08-13 03:00:00+00:00,1.007,1.013,1.007,1.011,7938952.63
2026-08-13 04:00:00+00:00,1.011,1.012,1.011,1.011,3550819.73
2026-08-13 05:00:00+00:00,1.011,1.015,1.01,1.014,5598163.67
2026-08-13 06:00:00+00:00,1.014,1.015,1.012,1.015,2933046.3
2026-08-13 07:00:00+00:00,1.015,1.015,1.013,1.013,2640539.58
2026-08-13 08:00:00+00:00,1.013,1.013,1.012,1.013,3040517.77
2026-08-13 09:00:00+00:00,1.013,1.013,1.01,1.013,5693730.56
2026-08-13 10:00:00+00:00,1.013,1.013,1.006,1.008,7487405.04
2026-08-13 11:00:00+00:00,1.008,1.008,1.003,1.004,7565884.57
2026-08-13 12:00:00+00:00,1.004,1.008,1.004,1.006,5668739.4
2026-08-13 13:00:00+00:00,1.006,1.01,1.006,1.006,7470471.95
2026-08-13 14:00:00+00:00,1.006,1.011,1.004,1.01,8780609.43
2026-08-13 15:00:00+00:00,1.01,1.012,1.003,1.003,7787945.99
2026-08-13 16:00:00+00:00,1.003,1.007,0.9984,1.005,13711082.04
2026-08-13 17:00:00+00:00,1.005,1.008,1.005,1.007,4019015.91
2026-08-13 18:00:00+00:00,1.007,1.011,1.005,1.009,3898219.23
2026-08-13 19:00:00+00:00,1.009,1.01,1.008,1.01,6501847.72
2026-08-13 20:00:00+00:00,1.01,1.012,1.009,1.009,5393390.91
2026-08-13 21:00:00+00:00,1.009,1.01,1.008,1.008,2811888.26
2026-08-13 22:00:00+00:00,1.008,1.012,1.008,1.009,2559629.18
2026-08-13 23:00:00+00:00,1.009,1.01,1.008,1.009,1701388.23
2026-08-14 00:00:00+00:00,1.009,1.012,1.009,1.012,2587012.47
2026-08-14 01:00:00+00:00,1.012,1.013,1.01,1.012,3338258.86
2026-08-14 02:00:00+00:00,1.012,1.014,1.011,1.011,2590089.41
2026-08-14 03:00:00+00:00,1.011,1.012,1.009,1.01,2166670.0
2026-08-14 04:00:00+00:00,1.01,1.013,1.009,1.009,2173403.77
2026-08-14 05:00:00+00:00,1.009,1.01,1.008,1.01,2804218.11
2026-08-14 06:00:00+00:00,1.01,1.01,1.006,1.006,4072994.99
2026-08-14 07:00:00+00:00,1.006,1.006,1.004,1.005,5084573.35
2026-08-14 08:00:00+00:00,1.005,1.007,1.004,1.007,4420057.7
2026-08-14 09:00:00+00:00,1.007,1.007,1.001,1.004,9416845.09
2026-08-14 10:00:00+00:00,1.004,1.004,1.002,1.002,6153558.18
2026-08-14 11:00:00+00:00,1.002,1.004,1.001,1.003,6089992.83
2026-08-14 12:00:00+00:00,1.003,1.003,1.0,1.001,8200875.12
2026-08-14 13:00:00+00:00,1.001,1.005,1.001,1.003,7996226.94
2026-08-14 14:00:00+00:00,1.003,1.005,1.001,1.001,7723535.11
2026-08-14 15:00:00+00:00,1.001,1.009,1.001,1.007,11156734.3
2026-08-14 16:00:00+00:00,1.007,1.007,1.001,1.002,10643127.63
2026-08-14 17:00:00+00:00,1.002,1.005,0.9995,1.001,8376236.16
2026-08-14 18:00:00+00:00,1.001,1.003,0.9986,0.9997,8473187.69
2026-08-14 19:00:00+00:00,0.9997,1.001,0.9986,0.999,8772578.43
2026-08-14 20:00:00+00:00,0.999,0.9999,0.9972,0.9988,7766770.27
2026-08-14 21:00:00+00:00,0.9988,1.0,0.9959,0.9982,8127025.54
2026-08-14 22:00:00+00:00,0.9982,0.9988,0.9872,0.9928,17734007.49
2026-08-14 23:00:00+00:00,0.9928,0.9995,0.9924,0.9995,4080547.46
2026-08-15 00:00:00+00:00,0.9995,1.001,0.9984,1.001,4256262.48
2026-08-15 01:00:00+00:00,1.001,1.002,0.9997,1.002,3424607.63
2026-08-15 02:00:00+00:00,1.002,1.006,1.002,1.006,6027829.0
2026-08-15 03:00:00+00:00,1.006,1.008,1.004,1.005,5457353.18
2026-08-15 04:00:00+00:00,1.005,1.006,1.004,1.005,2323338.36
2026-08-15 05:00:00+00:00,1.005,1.007,1.002,1.004,4233360.84
2026-08-15 06:00:00+00:00,1.004,1.006,1.004,1.006,2401359.42
2026-08-15 07:00:00+00:00,1.006,1.006,1.003,1.003,3138744.26
2026-08-15 08:00:00+00:00,1.003,1.004,1.001,1.001,2862673.03
2026-08-15 09:00:00+00:00,1.001,1.003,1.001,1.003,3255404.5
2026-08-15 10:00:00+00:00,1.003,1.003,1.002,1.003,4496611.61
2026-08-15 11:00:00+00:00,1.003,1.004,1.002,1.002,3328859.54
2026-08-15 12:00:00+00:00,1.002,1.003,1.001,1.003,2100534.79
2026-08-15 13:00:00+00:00,1.003,1.003,1.002,1.002,2134251.03
2026-08-15 14:00:00+00:00,1.002,1.003,0.9998,1.002,2102719.81
2026-08-15 15:00:00+00:00,1.002,1.002,1.001,1.002,1862811.58
2026-08-15 16:00:00+00:00,1.002,1.003,1.001,1.002,2186635.56
2026-08-15 17:00:00+00:00,1.002,1.003,1.002,1.002,1586240.35
2026-08-15 18:00:00+00:00,1.002,1.003,1.0,1.002,2062450.26
2026-08-15 19:00:00+00:00,1.002,1.004,1.002,1.004,1248064.2
2026-08-15 20:00:00+00:00,1.004,1.004,1.003,1.004,1713465.37
2026-08-15 21:00:00+00:00,1.004,1.005,1.004,1.004,5320453.87
2026-08-15 22:00:00+00:00,1.004,1.006,1.004,1.004,2436665.2
2026-08-15 23:00:00+00:00,1.004,1.005,1.001,1.003,2981727.88
2026-08-16 00:00:00+00:00,1.003,1.003,1.001,1.002,1781351.34
2026-08-16 01:00:00+00:00,1.002,1.002,1.0,1.001,2450881.0
2026-08-16 02:00:00+00:00,1.001,1.003,1.0,1.002,2448447.54
2026-08-16 03:00:00+00:00,1.002,1.003,1.002,1.002,2346166.54
2026-08-16 04:00:00+00:00,1.002,1.002,1.001,1.001,1127931.54
2026-08-16 05:00:00+00:00,1.001,1.001,0.9995,1.0,2570132.19
2026-08-16 06:00:00+00:00,1.0,1.002,0.9994,1.0,2573086.38
2026-08-16 07:00:00+00:00,1.0,1.003,1.0,1.002,1314899.39
2026-08-16 08:00:00+00:00,1.002,1.002,1.001,1.001,1295741.01
2026-08-16 09:00:00+00:00,1.001,1.002,0.9998,1.0,3194423.35
2026-08-16 10:00:00+00:00,1.0,1.0,0.9975,1.0,3425957.47
2026-08-16 11:00:00+00:00,1.0,1.001,0.9992,0.9997,1741251.09
2026-08-16 12:00:00+00:00,0.9997,1.001,0.9992,0.9999,1696794.07
2026-08-16 13:00:00+00:00,0.9999,1.001,0.9999,1.0,1341372.4
2026-08-16 14:00:00+00:00,1.0,1.001,0.9999,1.001,1757300.75
2026-08-16 15:00:00+00:00,1.001,1.002,1.001,1.002,2457005.67
2026-08-16 16:00:00+00:00,1.002,1.003,1.001,1.003,2536747.33
2026-08-16 17:00:00+00:00,1.003,1.003,1.001,1.001,4245303.4
2026-08-16 18:00:00+00:00,1.001,1.001,0.9981,0.9994,5918146.99
2026-08-16 19:00:00+00:00,0.9994,1.003,0.9992,1.001,2013814.62
2026-08-16 20:00:00+00:00,1.001,1.002,0.9984,0.9994,4296748.46
2026-08-16 21:00:00+00:00,0.9994,1.0,0.9916,0.9957,9408704.63
2026-08-16 22:00:00+00:00,0.9957,0.997,0.9916,0.9939,9082468.02
2026-08-16 23:00:00+00:00,0.9939,0.9949,0.9915,0.9935,3030497.7
2026-08-17 00:00:00+00:00,0.9935,0.9943,0.9884,0.9935,10052848.12
2026-08-17 01:00:00+00:00,0.9935,1.001,0.9931,0.9988,9688814.47
2026-08-17 02:00:00+00:00,0.9988,1.005,0.9977,1.003,6712925.16
2026-08-17 03:00:00+00:00,1.003,1.003,1.001,1.002,5045290.7
2026-08-17 04:00:00+00:00,1.002,1.004,1.001,1.002,3365579.59
2026-08-17 05:00:00+00:00,1.002,1.004,1.001,1.001,4212857.25
2026-08-17 06:00:00+00:00,1.001,1.007,1.001,1.006,8022187.15
2026-08-17 07:00:00+00:00,1.006,1.006,1.003,1.003,4264610.52
2026-08-17 08:00:00+00:00,1.003,1.003,0.9973,0.9983,8128430.53
2026-08-17 09:00:00+00:00,0.9983,0.9992,0.9965,0.997,8226845.05
2026-08-17 10:00:00+00:00,0.997,1.002,0.9965,1.002,6794735.19
2026-08-17 11:00:00+00:00,1.002,1.002,0.9999,1.0,4736099.44
2026-08-17 12:00:00+00:00,1.0,1.002,0.9971,0.9979,6713187.88
2026-08-17 13:00:00+00:00,0.9979,1.004,0.997,1.001,7331092.82
2026-08-17 14:00:00+00:00,1.001,1.005,0.9982,1.004,9205523.36
2026-08-17 15:00:00+00:00,1.004,1.008,1.002,1.007,10305116.84
2026-08-17 16:00:00+00:00,1.007,1.007,1.003,1.003,4888836.56
2026-08-17 17:00:00+00:00,1.003,1.005,1.0,1.002,4658968.27
2026-08-17 18:00:00+00:00,1.002,1.003,1.001,1.002,5664087.78
2026-08-17 19:00:00+00:00,1.002,1.002,0.9994,1.001,5917468.23
2026-08-17 20:00:00+00:00,1.001,1.005,0.9997,1.004,5248095.67
2026-08-17 21:00:00+00:00,1.004,1.004,1.002,1.002,4296756.08
2026-08-17 22:00:00+00:00,1.002,1.003,1.0,1.0,2372965.83
2026-08-17 23:00:00+00:00,1.0,1.005,1.0,1.003,2914691.84
2026-08-18 00:00:00+00:00,1.003,1.005,1.0,1.003,6092462.94
2026-08-18 01:00:00+00:00,1.003,1.003,0.9953,0.9964,5856743.55
2026-08-18 02:00:00+00:00,0.9964,0.9971,0.989,0.9907,13288886.0
2026-08-18 03:00:00+00:00,0.9907,0.9922,0.9893,0.9911,6952180.22
2026-08-18 04:00:00+00:00,0.9911,0.9959,0.99,0.9949,5123077.91
2026-08-18 05:00:00+00:00,0.9949,0.9972,0.9931,0.9952,7160228.17
2026-08-18 06:00:00+00:00,0.9952,1.001,0.994,0.9983,5808921.35
2026-08-18 07:00:00+00:00,0.9983,0.999,0.9952,0.9965,5285735.27
2026-08-18 08:00:00+00:00,0.9965,0.9982,0.9924,0.997,5057505.96
2026-08-18 09:00:00+00:00,0.997,0.9973,0.9948,0.996,2852927.96
2026-08-18 10:00:00+00:00,0.996,0.9964,0.995,0.9962,2791205.22
2026-08-18 11:00:00+00:00,0.9962,1.002,0.9961,0.9988,6043344.07
2026-08-18 12:00:00+00:00,0.9988,0.9993,0.9977,0.9979,2984609.03
2026-08-18 13:00:00+00:00,0.9979,0.9993,0.996,0.9982,5014167.34
2026-08-18 14:00:00+00:00,0.9982,1.006,0.9971,1.001,10460294.04
2026-08-18 15:00:00+00:00,1.001,1.005,1.001,1.004,6282995.94
2026-08-18 16:00:00+00:00,1.004,1.004,1.001,1.002,3764673.22
2026-08-18 17:00:00+00:00,1.002,1.002,1.0,1.001,3447839.78
2026-08-18 18:00:00+00:00,1.001,1.003,1.001,1.001,2368541.55
2026-08-18 19:00:00+00:00,1.001,1.003,1.001,1.003,3525742.07
2026-08-18 20:00:00+00:00,1.003,1.004,0.9989,1.0,7028621.12
2026-08-18 21:00:00+00:00,1.0,1.002,1.0,1.001,2639872.04
2026-08-18 22:00:00+00:00,1.001,1.002,0.9992,1.001,6853157.18
2026-08-18 23:00:00+00:00,1.001,1.004,1.0,1.002,4023523.97
2026-08-19 00:00:00+00:00,1.002,1.002,0.9964,0.9965,8988062.67
2026-08-19 01:00:00+00:00,0.9965,1.0,0.996,0.9989,5894305.44
2026-08-19 02:00:00+00:00,0.9989,0.9991,0.9978,0.9986,3683482.0
2026-08-19 03:00:00+00:00,0.9986,1.001,0.9977,1.0,4963983.3
2026-08-19 04:00:00+00:00,1.0,1.001,0.9996,0.9999,4747662.63
2026-08-19 05:00:00+00:00,0.9999,1.002,0.9994,1.0,6077246.4
2026-08-19 06:00:00+00:00,1.0,1.005,0.9992,1.004,9023459.21
2026-08-19 07:00:00+00:00,1.004,1.006,1.003,1.004,5636211.45
2026-08-19 08:00:00+00:00,1.004,1.009,1.003,1.006,10600411.3
2026-08-19 09:00:00+00:00,1.006,1.008,1.004,1.004,5112797.67
2026-08-19 10:00:00+00:00,1.004,1.006,1.003,1.005,4694867.95
2026-08-19 11:00:00+00:00,1.005,1.007,1.005,1.006,4574487.49
2026-08-19 12:00:00+00:00,1.006,1.012,1.006,1.011,12484236.09
2026-08-19 13:00:00+00:00,1.011,1.024,1.01,1.017,20852358.78
2026-08-19 14:00:00+00:00,1.017,1.035,1.016,1.033,17086954.01
2026-08-19 15:00:00+00:00,1.033,1.074,1.031,1.068,99500260.45
2026-08-19 16:00:00+00:00,1.068,1.071,1.064,1.064,36633834.99
2026-08-19 17:00:00+00:00,1.064,1.065,1.052,1.062,24507338.03
2026-08-19 18:00:00+00:00,1.062,1.07,1.056,1.069,12836995.24
2026-08-19 19:00:00+00:00,1.069,1.071,1.064,1.068,20563940.82
2026-08-19 20:00:00+00:00,1.068,1.104,1.068,1.099,55596562.49
2026-08-19 21:00:00+00:00,1.099,1.133,1.096,1.132,77609503.74
2026-08-19 22:00:00+00:00,1.132,1.136,1.1,1.103,71043474.21
2026-08-19 23:00:00+00:00,1.103,1.106,1.095,1.106,31231373.42
2026-08-20 00:00:00+00:00,1.106,1.113,1.104,1.108,20483513.64
2026-08-20 01:00:00+00:00,1.108,1.116,1.107,1.112,16677586.57
2026-08-20 02:00:00+00:00,1.112,1.114,1.099,1.099,12613037.27
2026-08-20 03:00:00+00:00,1.099,1.1,1.088,1.094,19905630.4
2026-08-20 04:00:00+00:00,1.094,1.101,1.093,1.1,7878106.12
2026-08-20 05:00:00+00:00,1.1,1.11,1.1,1.104,8418643.56
2026-08-20 06:00:00+00:00,1.104,1.112,1.101,1.112,16312123.67
2026-08-20 07:00:00+00:00,1.112,1.113,1.108,1.112,10492321.97
2026-08-20 08:00:00+00:00,1.112,1.156,1.111,1.153,51959858.19
2026-08-20 09:00:00+00:00,1.153,1.164,1.146,1.15,37586138.85
2026-08-20 10:00:00+00:00,1.15,1.167,1.148,1.161,27167480.09
2026-08-20 11:00:00+00:00,1.161,1.196,1.157,1.191,52958462.55
2026-08-20 12:00:00+00:00,1.191,1.197,1.178,1.193,49970999.16
2026-08-20 13:00:00+00:00,1.193,1.223,1.189,1.22,69455719.89
2026-08-20 14:00:00+00:00,1.22,1.246,1.215,1.227,88007369.23
2026-08-20 15:00:00+00:00,1.227,1.265,1.226,1.262,86254046.72
2026-08-20 16:00:00+00:00,1.262,1.316,1.252,1.315,98122563.3
2026-08-20 17:00:00+00:00,1.315,1.344,1.306,1.31,119089418.84
2026-08-20 18:00:00+00:00,1.31,1.318,1.229,1.229,131356295.1
2026-08-20 19:00:00+00:00,1.229,1.24,1.22,1.232,72840324.05
2026-08-20 20:00:00+00:00,1.232,1.247,1.23,1.244,41029054.12
2026-08-20 21:00:00+00:00,1.244,1.271,1.243,1.258,40336018.33
2026-08-20 22:00:00+00:00,1.258,1.266,1.254,1.256,30297809.31
2026-08-20 23:00:00+00:00,1.256,1.275,1.255,1.268,30467617.51
2026-08-21 00:00:00+00:00,1.268,1.274,1.259,1.266,33844267.14
2026-08-21 01:00:00+00:00,1.266,1.302,1.264,1.296,53303926.87
2026-08-21 02:00:00+00:00,1.296,1.301,1.282,1.289,41755422.27
2026-08-21 03:00:00+00:00,1.289,1.319,1.285,1.309,46872948.71
2026-08-21 04:00:00+00:00,1.309,1.321,1.297,1.315,38791883.09
2026-08-21 05:00:00+00:00,1.315,1.315,1.304,1.31,26589745.37
2026-08-21 06:00:00+00:00,1.31,1.32,1.297,1.299,30883583.84
2026-08-21 07:00:00+00:00,1.299,1.322,1.298,1.314,36462535.26
2026-08-21 08:00:00+00:00,1.314,1.4,1.313,1.399,99696207.47
2026-08-21 09:00:00+00:00,1.399,1.43,1.339,1.42,128038413.41
2026-08-21 10:00:00+00:00,1.42,1.425,1.368,1.385,92385082.6
2026-08-21 11:00:00+00:00,1.385,1.404,1.356,1.357,66062754.99
2026-08-21 12:00:00+00:00,1.357,1.387,1.347,1.381,57436557.79
2026-08-21 13:00:00+00:00,1.381,1.422,1.367,1.417,87431415.04
2026-08-21 14:00:00+00:00,1.417,1.418,1.389,1.4,63513942.21
2026-08-21 15:00:00+00:00,1.4,1.42,1.396,1.403,56347773.13
2026-08-21 16:00:00+00:00,1.403,1.407,1.387,1.4,56404994.2
2026-08-21 17:00:00+00:00,1.4,1.413,1.375,1.387,49167379.13
2026-08-21 18:00:00+00:00,1.387,1.4,1.369,1.378,41298816.01
2026-08-21 19:00:00+00:00,1.378,1.388,1.363,1.372,38894588.88
2026-08-21 20:00:00+00:00,1.372,1.383,1.367,1.375,27853939.41
2026-08-21 21:00:00+00:00,1.375,1.41,1.373,1.407,46895092.21
2026-08-21 22:00:00+00:00,1.407,1.452,1.399,1.445,96422652.34
2026-08-21 23:00:00+00:00,1.445,1.475,1.435,1.454,89653001.4
2026-08-22 00:00:00+00:00,1.454,1.482,1.424,1.46,80568891.12
2026-08-22 01:00:00+00:00,1.46,1.51,1.457,1.476,100410762.94
2026-08-22 02:00:00+00:00,1.476,1.555,1.475,1.549,95927748.53
2026-08-22 03:00:00+00:00,1.549,1.598,1.543,1.564,130591110.8
2026-08-22 04:00:00+00:00,1.564,1.673,1.554,1.663,165619023.41
2026-08-22 05:00:00+00:00,1.663,1.699,1.416,1.528,418082548.72
2026-08-22 06:00:00+00:00,1.528,1.592,1.516,1.579,142383640.11
2026-08-22 07:00:00+00:00,1.579,1.627,1.559,1.564,135474219.87
2026-08-22 08:00:00+00:00,1.564,1.567,1.486,1.528,121733855.35
2026-08-22 09:00:00+00:00,1.528,1.531,1.491,1.502,71090924.96
2026-08-22 10:00:00+00:00,1.502,1.504,1.424,1.485,123429930.67
2026-08-22 11:00:00+00:00,1.485,1.499,1.475,1.488,46556770.51
2026-08-22 12:00:00+00:00,1.488,1.529,1.485,1.502,57200954.36
2026-08-22 13:00:00+00:00,1.502,1.51,1.489,1.5,44038514.68
2026-08-22 14:00:00+00:00,1.5,1.502,1.436,1.452,76915759.47
2026-08-22 15:00:00+00:00,1.452,1.455,1.43,1.44,78534810.73
2026-08-22 16:00:00+00:00,1.44,1.49,1.434,1.481,56716966.71
2026-08-22 17:00:00+00:00,1.481,1.486,1.465,1.481,38421443.05
2026-08-22 18:00:00+00:00,1.481,1.498,1.478,1.489,33010165.39
2026-08-22 19:00:00+00:00,1.489,1.506,1.483,1.501,36336023.42
2026-08-22 20:00:00+00:00,1.501,1.516,1.495,1.502,38116403.98
2026-08-22 21:00:00+00:00,1.502,1.502,1.452,1.455,44262602.23
2026-08-22 22:00:00+00:00,1.455,1.475,1.447,1.468,29646670.66
2026-08-22 23:00:00+00:00,1.468,1.47,1.451,1.462,18682455.91
2026-08-23 00:00:00+00:00,1.462,1.52,1.462,1.514,49920183.08
2026-08-23 01:00:00+00:00,1.514,1.514,1.486,1.492,39567651.88
2026-08-23 02:00:00+00:00,1.492,1.495,1.472,1.484,33369663.69
2026-08-23 03:00:00+00:00,1.484,1.494,1.463,1.475,31754217.31
2026-08-23 04:00:00+00:00,1.475,1.49,1.446,1.454,47219325.23
2026-08-23 05:00:00+00:00,1.454,1.478,1.44,1.447,61175213.59
2026-08-23 06:00:00+00:00,1.447,1.462,1.435,1.445,32843047.73
2026-08-23 07:00:00+00:00,1.445,1.473,1.44,1.462,32699791.91
2026-08-23 08:00:00+00:00,1.462,1.485,1.458,1.475,48166707.1
2026-08-23 09:00:00+00:00,1.475,1.486,1.468,1.478,26021883.39
2026-08-23 10:00:00+00:00,1.478,1.501,1.475,1.476,35379075.85
2026-08-23 11:00:00+00:00,1.476,1.503,1.476,1.495,28852889.82
2026-08-23 12:00:00+00:00,1.495,1.499,1.484,1.494,21440684.5
2026-08-23 13:00:00+00:00,1.494,1.525,1.494,1.52,53104564.82
2026-08-23 14:00:00+00:00,1.52,1.551,1.467,1.516,98542137.86
2026-08-23 15:00:00+00:00,1.516,1.517,1.488,1.497,45276840.29
2026-08-23 16:00:00+00:00,1.497,1.511,1.495,1.507,24274215.14
2026-08-23 17:00:00+00:00,1.507,1.524,1.5,1.505,32239596.34
2026-08-23 18:00:00+00:00,1.505,1.52,1.503,1.509,18916634.39
2026-08-23 19:00:00+00:00,1.509,1.511,1.489,1.498,22338361.01
2026-08-23 20:00:00+00:00,1.498,1.508,1.491,1.501,18505357.55
2026-08-23 21:00:00+00:00,1.501,1.547,1.501,1.526,45799173.22
2026-08-23 22:00:00+00:00,1.526,1.532,1.511,1.517,32534480.41
2026-08-23 23:00:00+00:00,1.517,1.53,1.509,1.52,28916453.91
2026-08-24 00:00:00+00:00,1.52,1.524,1.482,1.506,37814360.39
2026-08-24 01:00:00+00:00,1.506,1.506,1.466,1.467,37260209.47
2026-08-24 02:00:00+00:00,1.467,1.494,1.463,1.487,31777425.13
2026-08-24 03:00:00+00:00,1.487,1.49,1.464,1.465,33363880.63
2026-08-24 04:00:00+00:00,1.465,1.484,1.465,1.479,27386874.68
2026-08-24 05:00:00+00:00,1.479,1.487,1.464,1.48,32446984.64
2026-08-24 06:00:00+00:00,1.48,1.491,1.468,1.484,32185049.69
2026-08-24 07:00:00+00:00,1.484,1.503,1.475,1.476,48636366.56
2026-08-24 08:00:00+00:00,1.476,1.478,1.454,1.461,45807353.04
2026-08-24 09:00:00+00:00,1.461,1.485,1.46,1.48,27120338.01
2026-08-24 10:00:00+00:00,1.48,1.49,1.477,1.484,23841756.28
2026-08-24 11:00:00+00:00,1.484,1.509,1.472,1.497,41361892.72
2026-08-24 12:00:00+00:00,1.497,1.518,1.482,1.517,43640047.65
2026-08-24 13:00:00+00:00,1.517,1.524,1.479,1.491,61514309.45
2026-08-24 14:00:00+00:00,1.491,1.53,1.489,1.51,60215064.47
2026-08-24 15:00:00+00:00,1.51,1.529,1.495,1.501,49568635.07
2026-08-24 16:00:00+00:00,1.501,1.523,1.498,1.499,36169708.36
2026-08-24 17:00:00+00:00,1.499,1.502,1.464,1.476,66656122.13
2026-08-24 18:00:00+00:00,1.476,1.49,1.468,1.473,29927164.19
2026-08-24 19:00:00+00:00,1.473,1.486,1.466,1.483,36956915.76
2026-08-24 20:00:00+00:00,1.483,1.484,1.47,1.479,22781441.45
2026-08-24 21:00:00+00:00,1.479,1.489,1.476,1.482,16182566.22
2026-08-24 22:00:00+00:00,1.482,1.485,1.477,1.478,16787708.19
2026-08-24 23:00:00+00:00,1.478,1.485,1.467,1.482,22206314.94
2026-08-25 00:00:00+00:00,1.482,1.516,1.475,1.507,43544777.15
2026-08-25 01:00:00+00:00,1.507,1.516,1.496,1.51,32376285.27
2026-08-25 02:00:00+00:00,1.51,1.55,1.504,1.522,70302492.26
2026-08-25 03:00:00+00:00,1.522,1.533,1.508,1.513,40421259.34
2026-08-25 04:00:00+00:00,1.513,1.517,1.504,1.514,29280402.04
2026-08-25 05:00:00+00:00,1.514,1.527,1.512,1.519,24831318.44
2026-08-25 06:00:00+00:00,1.519,1.521,1.497,1.503,28528482.12
2026-08-25 07:00:00+00:00,1.503,1.512,1.476,1.486,34302705.76
2026-08-25 08:00:00+00:00,1.486,1.497,1.485,1.49,19760242.26
2026-08-25 09:00:00+00:00,1.49,1.496,1.47,1.48,27700737.75
2026-08-25 10:00:00+00:00,1.48,1.487,1.477,1.485,19983492.85
2026-08-25 11:00:00+00:00,1.485,1.487,1.478,1.481,16264818.2
2026-08-25 12:00:00+00:00,1.481,1.483,1.462,1.474,41216570.63
2026-08-25 13:00:00+00:00,1.474,1.476,1.444,1.458,64823767.88
2026-08-25 14:00:00+00:00,1.458,1.479,1.454,1.473,36929617.13
2026-08-25 15:00:00+00:00,1.473,1.48,1.465,1.479,18795168.76
2026-08-25 16:00:00+00:00,1.479,1.483,1.467,1.472,15855320.99
2026-08-25 17:00:00+00:00,1.472,1.478,1.462,1.476,16048396.09
2026-08-25 18:00:00+00:00,1.476,1.482,1.472,1.476,11419553.73
2026-08-25 19:00:00+00:00,1.476,1.478,1.465,1.472,13392674.38
2026-08-25 20:00:00+00:00,1.472,1.473,1.443,1.444,31320798.11
2026-08-25 21:00:00+00:00,1.444,1.45,1.408,1.438,65855483.62
2026-08-25 22:00:00+00:00,1.438,1.453,1.438,1.447,16745439.51
2026-08-25 23:00:00+00:00,1.447,1.45,1.428,1.434,17325710.53
2026-08-26 00:00:00+00:00,1.434,1.437,1.424,1.433,24701935.53
2026-08-26 01:00:00+00:00,1.433,1.447,1.433,1.442,18877434.66
2026-08-26 02:00:00+00:00,1.442,1.451,1.438,1.443,10948067.67
2026-08-26 03:00:00+00:00,1.443,1.446,1.435,1.44,9255858.41
2026-08-26 04:00:00+00:00,1.44,1.447,1.433,1.435,24819555.16
2026-08-26 05:00:00+00:00,1.435,1.446,1.426,1.443,18841688.68
2026-08-26 06:00:00+00:00,1.443,1.447,1.432,1.437,18820923.88
2026-08-26 07:00:00+00:00,1.437,1.443,1.432,1.433,16598536.98
2026-08-26 08:00:00+00:00,1.433,1.441,1.425,1.429,13509297.24
2026-08-26 09:00:00+00:00,1.429,1.433,1.408,1.411,29855810.6
2026-08-26 10:00:00+00:00,1.411,1.435,1.404,1.431,28863994.5
2026-08-26 11:00:00+00:00,1.431,1.432,1.408,1.412,25365397.89
2026-08-26 12:00:00+00:00,1.412,1.424,1.4,1.41,30445125.89
2026-08-26 13:00:00+00:00,1.41,1.412,1.377,1.394,54867215.36
2026-08-26 14:00:00+00:00,1.394,1.399,1.37,1.371,32117451.39
2026-08-26 15:00:00+00:00,1.371,1.38,1.358,1.373,51576294.95
2026-08-26 16:00:00+00:00,1.373,1.381,1.368,1.375,21525242.62
2026-08-26 17:00:00+00:00,1.375,1.397,1.374,1.386,24518548.58
2026-08-26 18:00:00+00:00,1.386,1.39,1.378,1.384,17901317.37
2026-08-26 19:00:00+00:00,1.384,1.388,1.378,1.379,16462372.17
2026-08-26 20:00:00+00:00,1.379,1.38,1.365,1.379,17309677.3
2026-08-26 21:00:00+00:00,1.379,1.401,1.378,1.401,22927317.33
2026-08-26 22:00:00+00:00,1.401,1.416,1.398,1.403,22505857.13
2026-08-26 23:00:00+00:00,1.403,1.427,1.4,1.423,27139777.53
2026-08-27 00:00:00+00:00,1.423,1.423,1.404,1.404,17855485.82
2026-08-27 01:00:00+00:00,1.404,1.417,1.398,1.409,16809389.52
2026-08-27 02:00:00+00:00,1.409,1.417,1.402,1.405,12306135.97
2026-08-27 03:00:00+00:00,1.405,1.413,1.401,1.407,12095146.22
2026-08-27 04:00:00+00:00,1.407,1.41,1.398,1.403,8620828.53
2026-08-27 05:00:00+00:00,1.403,1.411,1.394,1.41,16511761.05
2026-08-27 06:00:00+00:00,1.41,1.41,1.398,1.406,9253663.3
2026-08-27 07:00:00+00:00,1.406,1.414,1.403,1.412,9473671.63
2026-08-27 08:00:00+00:00,1.412,1.441,1.41,1.435,55581021.36
2026-08-27 09:00:00+00:00,1.435,1.453,1.432,1.436,41198199.39
2026-08-27 10:00:00+00:00,1.436,1.444,1.418,1.423,27054943.6
2026-08-27 11:00:00+00:00,1.423,1.433,1.42,1.425,15251252.37
2026-08-27 12:00:00+00:00,1.425,1.435,1.421,1.421,15248556.36
2026-08-27 13:00:00+00:00,1.421,1.441,1.42,1.439,20544613.13
2026-08-27 14:00:00+00:00,1.439,1.47,1.436,1.461,56795645.17
2026-08-27 15:00:00+00:00,1.461,1.47,1.452,1.466,38666383.9
2026-08-27 16:00:00+00:00,1.466,1.474,1.461,1.466,33279417.73
2026-08-27 17:00:00+00:00,1.466,1.471,1.455,1.458,20323989.54
2026-08-27 18:00:00+00:00,1.458,1.459,1.437,1.452,23573838.04
2026-08-27 19:00:00+00:00,1.452,1.457,1.446,1.457,22416927.83
2026-08-27 20:00:00+00:00,1.457,1.461,1.449,1.455,17903261.0
2026-08-27 21:00:00+00:00,1.455,1.456,1.446,1.45,12172178.48
2026-08-27 22:00:00+00:00,1.45,1.459,1.449,1.454,11669671.86
2026-08-27 23:00:00+00:00,1.454,1.458,1.45,1.453,11717965.13
2026-08-28 00:00:00+00:00,1.453,1.455,1.443,1.447,18377922.85
2026-08-28 01:00:00+00:00,1.447,1.472,1.447,1.45,22991561.8
2026-08-28 02:00:00+00:00,1.45,1.45,1.425,1.433,32009772.34
2026-08-28 03:00:00+00:00,1.433,1.436,1.426,1.431,16864002.77
2026-08-28 04:00:00+00:00,1.431,1.433,1.42,1.421,18034006.73
2026-08-28 05:00:00+00:00,1.421,1.427,1.418,1.422,9909119.54
2026-08-28 06:00:00+00:00,1.422,1.428,1.422,1.426,8278264.66
2026-08-28 07:00:00+00:00,1.426,1.426,1.417,1.42,12107004.96
2026-08-28 08:00:00+00:00,1.42,1.427,1.419,1.42,9308527.95
2026-08-28 09:00:00+00:00,1.42,1.421,1.409,1.41,16479248.72
2026-08-28 10:00:00+00:00,1.41,1.422,1.402,1.421,15969972.1
2026-08-28 11:00:00+00:00,1.421,1.432,1.42,1.42,13467836.71
2026-08-28 12:00:00+00:00,1.42,1.424,1.414,1.424,15651210.94
2026-08-28 13:00:00+00:00,1.424,1.426,1.415,1.42,17171495.82
2026-08-28 14:00:00+00:00,1.42,1.439,1.388,1.431,90368443.32
2026-08-28 15:00:00+00:00,1.431,1.438,1.403,1.404,35701854.65
2026-08-28 16:00:00+00:00,1.404,1.412,1.375,1.393,50664585.21
2026-08-28 17:00:00+00:00,1.393,1.394,1.381,1.388,20145141.98
2026-08-28 18:00:00+00:00,1.388,1.389,1.364,1.374,28653334.64
2026-08-28 19:00:00+00:00,1.374,1.384,1.374,1.378,14858879.67
2026-08-28 20:00:00+00:00,1.378,1.385,1.375,1.38,13994689.54
2026-08-28 21:00:00+00:00,1.38,1.384,1.37,1.372,11552220.33
2026-08-28 22:00:00+00:00,1.372,1.384,1.371,1.383,10141983.52
2026-08-28 23:00:00+00:00,1.383,1.384,1.381,1.384,7391984.45
2026-08-29 00:00:00+00:00,1.384,1.389,1.381,1.383,7020166.0
2026-08-29 01:00:00+00:00,1.383,1.388,1.377,1.385,9076122.48
2026-08-29 02:00:00+00:00,1.385,1.387,1.38,1.383,8302024.77
2026-08-29 03:00:00+00:00,1.383,1.385,1.378,1.379,9992064.4
2026-08-29 04:00:00+00:00,1.379,1.386,1.379,1.386,9039134.18
2026-08-29 05:00:00+00:00,1.386,1.393,1.385,1.389,8774625.74
2026-08-29 06:00:00+00:00,1.389,1.389,1.377,1.381,5896553.11
2026-08-29 07:00:00+00:00,1.381,1.386,1.38,1.383,7719111.5
2026-08-29 08:00:00+00:00,1.383,1.384,1.379,1.383,6471096.9
2026-08-29 09:00:00+00:00,1.383,1.386,1.382,1.384,5806498.62
2026-08-29 10:00:00+00:00,1.384,1.389,1.379,1.385,6339252.12
2026-08-29 11:00:00+00:00,1.385,1.387,1.382,1.383,3878174.13
2026-08-29 12:00:00+00:00,1.383,1.387,1.381,1.385,4779308.1
2026-08-29 13:00:00+00:00,1.385,1.388,1.383,1.387,4334140.4
2026-08-29 14:00:00+00:00,1.387,1.403,1.386,1.401,13642693.91
2026-08-29 15:00:00+00:00,1.401,1.401,1.391,1.393,15132388.15
2026-08-29 16:00:00+00:00,1.393,1.396,1.39,1.392,13014458.26
2026-08-29 17:00:00+00:00,1.392,1.395,1.386,1.392,10725134.5
2026-08-29 18:00:00+00:00,1.392,1.397,1.39,1.394,9923127.63
2026-08-29 19:00:00+00:00,1.394,1.399,1.393,1.398,11679831.31
2026-08-29 20:00:00+00:00,1.398,1.402,1.395,1.398,7326120.6
2026-08-29 21:00:00+00:00,1.398,1.398,1.391,1.392,8654040.65
2026-08-29 22:00:00+00:00,1.392,1.395,1.391,1.393,4640277.83
2026-08-29 23:00:00+00:00,1.393,1.397,1.393,1.396,8463951.92
2026-08-30 00:00:00+00:00,1.396,1.399,1.393,1.396,8623203.01
2026-08-30 01:00:00+00:00,1.396,1.396,1.389,1.392,8203446.48
2026-08-30 02:00:00+00:00,1.392,1.396,1.391,1.394,8287097.37
2026-08-30 03:00:00+00:00,1.394,1.396,1.391,1.393,5285885.74
2026-08-30 04:00:00+00:00,1.393,1.395,1.388,1.392,7507404.02
2026-08-30 05:00:00+00:00,1.392,1.397,1.392,1.396,5692577.24
2026-08-30 06:00:00+00:00,1.396,1.404,1.394,1.401,6584346.46
2026-08-30 07:00:00+00:00,1.401,1.402,1.391,1.392,6008094.57
2026-08-30 08:00:00+00:00,1.392,1.394,1.389,1.392,5555593.17
2026-08-30 09:00:00+00:00,1.392,1.393,1.382,1.386,10458804.45
2026-08-30 10:00:00+00:00,1.386,1.391,1.385,1.389,8227758.92
2026-08-30 11:00:00+00:00,1.389,1.393,1.389,1.392,7255769.52
2026-08-30 12:00:00+00:00,1.392,1.403,1.392,1.403,13142342.21
2026-08-30 13:00:00+00:00,1.403,1.411,1.397,1.409,12498967.37
2026-08-30 14:00:00+00:00,1.409,1.409,1.402,1.404,7906139.51
2026-08-30 15:00:00+00:00,1.404,1.406,1.395,1.398,9501838.08
2026-08-30 16:00:00+00:00,1.398,1.426,1.397,1.423,17945424.54
2026-08-30 17:00:00+00:00,1.423,1.424,1.408,1.419,20093486.78
2026-08-30 18:00:00+00:00,1.419,1.433,1.412,1.424,17309757.38
2026-08-30 19:00:00+00:00,1.424,1.424,1.408,1.411,11321728.02
2026-08-30 20:00:00+00:00,1.411,1.414,1.39,1.396,17235250.51
2026-08-30 21:00:00+00:00,1.396,1.398,1.384,1.395,19046228.96
2026-08-30 22:00:00+00:00,1.395,1.404,1.382,1.386,13350060.5
2026-08-30 23:00:00+00:00,1.386,1.387,1.337,1.358,47110082.28
2026-08-31 00:00:00+00:00,1.358,1.371,1.353,1.365,17082175.47
2026-08-31 01:00:00+00:00,1.365,1.366,1.343,1.344,20982474.94
2026-08-31 02:00:00+00:00,1.344,1.357,1.34,1.345,16666565.49
2026-08-31 03:00:00+00:00,1.345,1.357,1.343,1.355,11546999.76
2026-08-31 04:00:00+00:00,1.355,1.355,1.345,1.352,11081044.61
2026-08-31 05:00:00+00:00,1.352,1.368,1.35,1.364,15344275.0
2026-08-31 06:00:00+00:00,1.364,1.368,1.36,1.365,14433175.29
2026-08-31 07:00:00+00:00,1.365,1.373,1.364,1.373,16515727.82
2026-08-31 08:00:00+00:00,1.373,1.378,1.366,1.373,13449463.32
2026-08-31 09:00:00+00:00,1.373,1.38,1.37,1.373,12632166.68
2026-08-31 10:00:00+00:00,1.373,1.383,1.368,1.381,12613919.98
2026-08-31 11:00:00+00:00,1.381,1.382,1.371,1.371,8867851.86
2026-08-31 12:00:00+00:00,1.371,1.379,1.358,1.362,16726920.32
2026-08-31 13:00:00+00:00,1.362,1.373,1.36,1.362,16183654.25
2026-08-31 14:00:00+00:00,1.362,1.381,1.359,1.376,21017540.09
2026-08-31 15:00:00+00:00,1.376,1.379,1.365,1.373,13238892.25
2026-08-31 16:00:00+00:00,1.373,1.383,1.368,1.376,12740321.81
2026-08-31 17:00:00+00:00,1.376,1.387,1.372,1.385,16209484.21
2026-08-31 18:00:00+00:00,1.385,1.396,1.381,1.386,14723262.77
2026-08-31 19:00:00+00:00,1.386,1.392,1.384,1.387,11753931.1
2026-08-31 20:00:00+00:00,1.387,1.395,1.385,1.387,10061919.97
2026-08-31 21:00:00+00:00,1.387,1.391,1.38,1.387,12670448.26
2026-08-31 22:00:00+00:00,1.387,1.388,1.38,1.381,7006915.51
2026-08-31 23:00:00+00:00,1.381,1.381,1.375,1.38,5094887.29
2026-09-01 00:00:00+00:00,1.38,1.389,1.379,1.384,9556791.23
2026-09-01 01:00:00+00:00,1.384,1.387,1.375,1.377,9607105.53
2026-09-01 02:00:00+00:00,1.377,1.377,1.37,1.375,9530023.41
2026-09-01 03:00:00+00:00,1.375,1.392,1.375,1.387,12533811.99
2026-09-01 04:00:00+00:00,1.387,1.389,1.379,1.381,7685050.44
2026-09-01 05:00:00+00:00,1.381,1.397,1.38,1.395,15055631.66
2026-09-01 06:00:00+00:00,1.395,1.395,1.384,1.384,12850528.48
2026-09-01 07:00:00+00:00,1.384,1.386,1.378,1.38,9733112.03
2026-09-01 08:00:00+00:00,1.38,1.38,1.362,1.363,19717630.77
2026-09-01 09:00:00+00:00,1.363,1.368,1.362,1.367,11043492.18
2026-09-01 10:00:00+00:00,1.367,1.384,1.366,1.378,13988331.2
2026-09-01 11:00:00+00:00,1.378,1.387,1.374,1.382,13337892.23
2026-09-01 12:00:00+00:00,1.382,1.384,1.369,1.37,14889300.12
2026-09-01 13:00:00+00:00,1.37,1.377,1.359,1.376,28869191.65
2026-09-01 14:00:00+00:00,1.376,1.384,1.374,1.378,13348281.56
2026-09-01 15:00:00+00:00,1.378,1.382,1.367,1.378,11533359.55
2026-09-01 16:00:00+00:00,1.378,1.379,1.359,1.366,17043862.03
2026-09-01 17:00:00+00:00,1.366,1.373,1.361,1.363,14545532.64
2026-09-01 18:00:00+00:00,1.363,1.365,1.339,1.356,35144095.54
2026-09-01 19:00:00+00:00,1.356,1.365,1.354,1.355,18897197.15
2026-09-01 20:00:00+00:00,1.355,1.357,1.347,1.354,16478176.98
2026-09-01 21:00:00+00:00,1.354,1.356,1.339,1.349,18158784.35
2026-09-01 22:00:00+00:00,1.349,1.353,1.34,1.345,16577012.81
2026-09-01 23:00:00+00:00,1.345,1.356,1.344,1.352,13962950.55
2026-09-02 00:00:00+00:00,1.352,1.353,1.341,1.341,13627116.18
2026-09-02 01:00:00+00:00,1.341,1.345,1.327,1.335,23707303.33
2026-09-02 02:00:00+00:00,1.335,1.347,1.332,1.345,17479961.68
2026-09-02 03:00:00+00:00,1.345,1.358,1.344,1.352,20583781.96
2026-09-02 04:00:00+00:00,1.352,1.352,1.343,1.348,15328073.2
2026-09-02 05:00:00+00:00,1.348,1.354,1.344,1.351,17980742.37
2026-09-02 06:00:00+00:00,1.351,1.352,1.342,1.347,21908063.75
2026-09-02 07:00:00+00:00,1.347,1.352,1.345,1.345,13613410.01
2026-09-02 08:00:00+00:00,1.345,1.346,1.326,1.331,26844701.27
2026-09-02 09:00:00+00:00,1.331,1.337,1.322,1.328,22983632.48
2026-09-02 10:00:00+00:00,1.328,1.328,1.311,1.32,29465125.82
2026-09-02 11:00:00+00:00,1.32,1.326,1.315,1.325,16494735.03
2026-09-02 12:00:00+00:00,1.325,1.331,1.318,1.318,17255867.47
2026-09-02 13:00:00+00:00,1.318,1.346,1.318,1.341,21455080.35
2026-09-02 14:00:00+00:00,1.341,1.346,1.332,1.332,20676603.43
2026-09-02 15:00:00+00:00,1.332,1.34,1.326,1.337,17755651.2
2026-09-02 16:00:00+00:00,1.337,1.342,1.332,1.332,15990268.14
2026-09-02 17:00:00+00:00,1.332,1.338,1.327,1.338,13061383.95
2026-09-02 18:00:00+00:00,1.338,1.344,1.337,1.342,15566582.24
2026-09-02 19:00:00+00:00,1.342,1.349,1.34,1.344,13431536.46
2026-09-02 20:00:00+00:00,1.344,1.356,1.344,1.351,27648799.55
2026-09-02 21:00:00+00:00,1.351,1.353,1.346,1.348,9177017.32
2026-09-02 22:00:00+00:00,1.348,1.349,1.342,1.345,7474549.83
2026-09-02 23:00:00+00:00,1.345,1.352,1.343,1.351,10203939.16
2026-09-03 00:00:00+00:00,1.351,1.355,1.344,1.344,16613463.17
2026-09-03 01:00:00+00:00,1.344,1.366,1.34,1.356,29214654.48
2026-09-03 02:00:00+00:00,1.356,1.373,1.354,1.369,23045799.71
2026-09-03 03:00:00+00:00,1.369,1.374,1.364,1.367,19063414.15
2026-09-03 04:00:00+00:00,1.367,1.37,1.361,1.369,16233553.74
2026-09-03 05:00:00+00:00,1.369,1.371,1.352,1.369,22366882.51
2026-09-03 06:00:00+00:00,1.369,1.369,1.363,1.365,13740113.37
2026-09-03 07:00:00+00:00,1.365,1.376,1.363,1.366,28669900.02
2026-09-03 08:00:00+00:00,1.366,1.379,1.366,1.369,16256619.66
2026-09-03 09:00:00+00:00,1.369,1.372,1.362,1.362,15044420.23
2026-09-03 10:00:00+00:00,1.362,1.367,1.359,1.365,12600335.5
2026-09-03 11:00:00+00:00,1.365,1.375,1.364,1.373,18698489.86
2026-09-03 12:00:00+00:00,1.373,1.39,1.37,1.387,31094598.48
2026-09-03 13:00:00+00:00,1.387,1.402,1.383,1.394,37217763.96
2026-09-03 14:00:00+00:00,1.394,1.451,1.389,1.45,61061551.44
2026-09-03 15:00:00+00:00,1.45,1.468,1.439,1.465,90181136.62
2026-09-03 16:00:00+00:00,1.465,1.466,1.442,1.453,61608813.59
2026-09-03 17:00:00+00:00,1.453,1.464,1.449,1.462,27449783.81
2026-09-03 18:00:00+00:00,1.462,1.469,1.455,1.463,26319528.71
2026-09-03 19:00:00+00:00,1.463,1.475,1.461,1.471,32035593.9
2026-09-03 20:00:00+00:00,1.471,1.483,1.461,1.471,30417537.04
2026-09-03 21:00:00+00:00,1.471,1.478,1.465,1.466,32481537.58
2026-09-03 22:00:00+00:00,1.466,1.468,1.442,1.455,30950332.65
2026-09-03 23:00:00+00:00,1.455,1.46,1.448,1.451,21012152.56
2026-09-04 00:00:00+00:00,1.451,1.459,1.441,1.441,25019633.88
2026-09-04 01:00:00+00:00,1.441,1.447,1.435,1.444,23496141.34
2026-09-04 02:00:00+00:00,1.444,1.447,1.438,1.447,12936276.58
2026-09-04 03:00:00+00:00,1.447,1.453,1.446,1.447,14028650.89
2026-09-04 04:00:00+00:00,1.447,1.457,1.444,1.451,17269261.73
2026-09-04 05:00:00+00:00,1.451,1.454,1.442,1.447,18675315.38
2026-09-04 06:00:00+00:00,1.447,1.453,1.439,1.446,14970007.35
2026-09-04 07:00:00+00:00,1.446,1.453,1.443,1.444,22117984.15
2026-09-04 08:00:00+00:00,1.444,1.457,1.439,1.457,23973541.33
2026-09-04 09:00:00+00:00,1.457,1.462,1.448,1.452,34583550.21
2026-09-04 10:00:00+00:00,1.452,1.454,1.444,1.449,19579366.56
2026-09-04 11:00:00+00:00,1.449,1.455,1.446,1.451,19150267.6
2026-09-04 12:00:00+00:00,1.451,1.456,1.398,1.409,99392121.61
2026-09-04 13:00:00+00:00,1.409,1.422,1.402,1.414,37595808.06
2026-09-04 14:00:00+00:00,1.414,1.416,1.384,1.39,41498601.44
2026-09-04 15:00:00+00:00,1.39,1.402,1.387,1.399,25006383.24
2026-09-04 16:00:00+00:00,1.399,1.408,1.398,1.403,16298197.01
2026-09-04 17:00:00+00:00,1.403,1.403,1.391,1.394,18131499.27
2026-09-04 18:00:00+00:00,1.394,1.401,1.394,1.399,9951862.3
2026-09-04 19:00:00+00:00,1.399,1.405,1.399,1.399,15587684.94
2026-09-04 20:00:00+00:00,1.399,1.402,1.397,1.4,11121207.59
2026-09-04 21:00:00+00:00,1.4,1.403,1.395,1.396,12995014.16
2026-09-04 22:00:00+00:00,1.396,1.399,1.394,1.396,6299703.05
2026-09-04 23:00:00+00:00,1.396,1.4,1.395,1.399,4710847.78
2026-09-05 00:00:00+00:00,1.399,1.4,1.395,1.395,8368949.49
2026-09-05 01:00:00+00:00,1.395,1.402,1.394,1.396,10259971.16
2026-09-05 02:00:00+00:00,1.396,1.399,1.394,1.398,8481784.58
2026-09-05 03:00:00+00:00,1.398,1.401,1.397,1.397,7217726.72
2026-09-05 04:00:00+00:00,1.397,1.399,1.396,1.398,8469570.54
2026-09-05 05:00:00+00:00,1.398,1.4,1.396,1.399,7709859.58
2026-09-05 06:00:00+00:00,1.399,1.404,1.399,1.403,6578217.35
2026-09-05 07:00:00+00:00,1.403,1.406,1.402,1.405,7486070.61
2026-09-05 08:00:00+00:00,1.405,1.407,1.401,1.406,10141166.4
2026-09-05 09:00:00+00:00,1.406,1.411,1.405,1.407,9474981.81
2026-09-05 10:00:00+00:00,1.407,1.408,1.403,1.405,10832672.96
2026-09-05 11:00:00+00:00,1.405,1.407,1.402,1.404,8709293.92
2026-09-05 12:00:00+00:00,1.404,1.417,1.404,1.415,14480964.22
2026-09-05 13:00:00+00:00,1.415,1.418,1.409,1.412,17216028.36
2026-09-05 14:00:00+00:00,1.412,1.42,1.412,1.414,14025009.49
2026-09-05 15:00:00+00:00,1.414,1.416,1.411,1.412,9877832.73
2026-09-05 16:00:00+00:00,1.412,1.419,1.412,1.416,11381798.85
2026-09-05 17:00:00+00:00,1.416,1.428,1.415,1.427,14421880.22
2026-09-05 18:00:00+00:00,1.427,1.427,1.418,1.418,15541659.98
2026-09-05 19:00:00+00:00,1.418,1.421,1.414,1.416,11358607.4
2026-09-05 20:00:00+00:00,1.416,1.419,1.413,1.415,13387555.87
2026-09-05 21:00:00+00:00,1.415,1.423,1.415,1.42,7724415.91
2026-09-05 22:00:00+00:00,1.42,1.423,1.413,1.414,9609211.38
2026-09-05 23:00:00+00:00,1.414,1.416,1.406,1.412,16799646.98
2026-09-06 00:00:00+00:00,1.412,1.418,1.411,1.414,10371345.72
2026-09-06 01:00:00+00:00,1.414,1.421,1.413,1.418,16713550.85
2026-09-06 02:00:00+00:00,1.418,1.42,1.416,1.418,6211769.5
2026-09-06 03:00:00+00:00,1.418,1.432,1.418,1.424,11850821.89
2026-09-06 04:00:00+00:00,1.424,1.425,1.418,1.42,10156664.84
2026-09-06 05:00:00+00:00,1.42,1.429,1.418,1.425,10866412.22
2026-09-06 06:00:00+00:00,1.425,1.426,1.417,1.418,7806431.32
2026-09-06 07:00:00+00:00,1.418,1.42,1.41,1.417,13099132.09
2026-09-06 08:00:00+00:00,1.417,1.419,1.414,1.416,7017865.1
2026-09-06 09:00:00+00:00,1.416,1.425,1.414,1.419,11990772.63
2026-09-06 10:00:00+00:00,1.419,1.423,1.418,1.422,5317144.12
2026-09-06 11:00:00+00:00,1.422,1.423,1.418,1.421,10756059.71
2026-09-06 12:00:00+00:00,1.421,1.427,1.418,1.419,12287250.23
2026-09-06 13:00:00+00:00,1.419,1.422,1.413,1.417,12198426.52
2026-09-06 14:00:00+00:00,1.417,1.417,1.4,1.41,19881076.54
2026-09-06 15:00:00+00:00,1.41,1.412,1.402,1.411,9353560.02
2026-09-06 16:00:00+00:00,1.411,1.414,1.409,1.412,5735488.56
2026-09-06 17:00:00+00:00,1.412,1.414,1.406,1.409,8338253.96
2026-09-06 18:00:00+00:00,1.409,1.416,1.409,1.413,5711032.84
2026-09-06 19:00:00+00:00,1.413,1.413,1.409,1.41,2812477.13
2026-09-06 20:00:00+00:00,1.41,1.424,1.409,1.422,8410457.22
2026-09-06 21:00:00+00:00,1.422,1.427,1.42,1.425,10846560.62
2026-09-06 22:00:00+00:00,1.425,1.425,1.409,1.419,13992391.08
2026-09-06 23:00:00+00:00,1.419,1.426,1.418,1.424,13134223.6
2026-09-07 00:00:00+00:00,1.424,1.426,1.416,1.418,14293451.12
2026-09-07 01:00:00+00:00,1.418,1.42,1.403,1.407,21461394.59
2026-09-07 02:00:00+00:00,1.407,1.431,1.401,1.414,25357816.14
2026-09-07 03:00:00+00:00,1.414,1.417,1.403,1.406,15259960.38
2026-09-07 04:00:00+00:00,1.406,1.41,1.404,1.407,14466965.81
2026-09-07 05:00:00+00:00,1.407,1.417,1.406,1.408,12355745.29
2026-09-07 06:00:00+00:00,1.408,1.413,1.406,1.409,10010085.69
2026-09-07 07:00:00+00:00,1.409,1.413,1.384,1.399,25974538.48
2026-09-07 08:00:00+00:00,1.399,1.408,1.398,1.404,15416841.19
2026-09-07 09:00:00+00:00,1.404,1.407,1.397,1.397,14269778.82
2026-09-07 10:00:00+00:00,1.397,1.403,1.395,1.399,12304699.87
2026-09-07 11:00:00+00:00,1.399,1.401,1.397,1.399,12079868.29
2026-09-07 12:00:00+00:00,1.399,1.413,1.399,1.412,14905465.87
2026-09-07 13:00:00+00:00,1.412,1.414,1.402,1.403,17114391.41
2026-09-07 14:00:00+00:00,1.403,1.404,1.391,1.399,21407233.76
2026-09-07 15:00:00+00:00,1.399,1.399,1.379,1.384,29353783.24
2026-09-07 16:00:00+00:00,1.384,1.396,1.383,1.396,10746428.08
2026-09-07 17:00:00+00:00,1.396,1.4,1.395,1.398,7685468.96
2026-09-07 18:00:00+00:00,1.398,1.4,1.393,1.395,6587259.92
2026-09-07 19:00:00+00:00,1.395,1.403,1.394,1.402,5878995.58
2026-09-07 20:00:00+00:00,1.402,1.403,1.396,1.399,10344882.05
2026-09-07 21:00:00+00:00,1.399,1.401,1.396,1.397,6885492.03
2026-09-07 22:00:00+00:00,1.397,1.398,1.383,1.389,15170116.94
2026-09-07 23:00:00+00:00,1.389,1.399,1.388,1.397,11807481.17
2026-09-08 00:00:00+00:00,1.397,1.402,1.393,1.402,14702414.75
2026-09-08 01:00:00+00:00,1.402,1.406,1.399,1.404,12732250.67
2026-09-08 02:00:00+00:00,1.404,1.407,1.392,1.392,11002706.67
2026-09-08 03:00:00+00:00,1.392,1.398,1.389,1.395,11841991.72
2026-09-08 04:00:00+00:00,1.395,1.397,1.391,1.391,9715714.06
2026-09-08 05:00:00+00:00,1.391,1.397,1.387,1.387,20988628.75
2026-09-08 06:00:00+00:00,1.387,1.389,1.381,1.383,15104954.36
2026-09-08 07:00:00+00:00,1.383,1.394,1.383,1.388,10427423.16
2026-09-08 08:00:00+00:00,1.388,1.393,1.384,1.39,8239793.88
2026-09-08 09:00:00+00:00,1.39,1.401,1.389,1.399,14597846.55
2026-09-08 10:00:00+00:00,1.399,1.403,1.397,1.398,12810354.27
2026-09-08 11:00:00+00:00,1.398,1.399,1.39,1.395,11583787.93
2026-09-08 12:00:00+00:00,1.395,1.4,1.388,1.399,11004717.55
2026-09-08 13:00:00+00:00,1.399,1.408,1.384,1.404,25301653.36
2026-09-08 14:00:00+00:00,1.404,1.419,1.4,1.418,27125327.49
2026-09-08 15:00:00+00:00,1.418,1.434,1.412,1.434,28975283.25
2026-09-08 16:00:00+00:00,1.434,1.451,1.426,1.436,38277524.23
2026-09-08 17:00:00+00:00,1.436,1.439,1.425,1.427,21559668.67
2026-09-08 18:00:00+00:00,1.427,1.446,1.425,1.431,22599534.77
2026-09-08 19:00:00+00:00,1.431,1.434,1.417,1.424,28191155.46
2026-09-08 20:00:00+00:00,1.424,1.427,1.414,1.415,18906328.25
2026-09-08 21:00:00+00:00,1.415,1.424,1.414,1.417,13345498.56
2026-09-08 22:00:00+00:00,1.417,1.423,1.417,1.418,11404695.71
2026-09-08 23:00:00+00:00,1.418,1.421,1.415,1.417,13107577.99
2026-09-09 00:00:00+00:00,1.417,1.425,1.417,1.42,12211450.66
2026-09-09 01:00:00+00:00,1.42,1.422,1.411,1.418,16946356.75
2026-09-09 02:00:00+00:00,1.418,1.421,1.412,1.416,17244565.7
2026-09-09 03:00:00+00:00,1.416,1.418,1.411,1.417,13473610.0
2026-09-09 04:00:00+00:00,1.417,1.437,1.417,1.436,26196251.57
2026-09-09 05:00:00+00:00,1.436,1.437,1.423,1.427,22649970.03
2026-09-09 06:00:00+00:00,1.427,1.441,1.427,1.434,16955552.24
2026-09-09 07:00:00+00:00,1.434,1.442,1.434,1.441,17756690.3
2026-09-09 08:00:00+00:00,1.441,1.446,1.436,1.438,16084033.08
2026-09-09 09:00:00+00:00,1.438,1.438,1.42,1.42,14267855.88
2026-09-09 10:00:00+00:00,1.42,1.425,1.419,1.423,17925504.42
2026-09-09 11:00:00+00:00,1.423,1.429,1.417,1.427,15888583.88
2026-09-09 12:00:00+00:00,1.427,1.44,1.426,1.437,19127083.27
2026-09-09 13:00:00+00:00,1.437,1.439,1.423,1.429,22581239.04
2026-09-09 14:00:00+00:00,1.429,1.433,1.422,1.425,22846675.72
2026-09-09 15:00:00+00:00,1.425,1.433,1.406,1.418,35273564.31
2026-09-09 16:00:00+00:00,1.418,1.423,1.411,1.423,17970374.41
2026-09-09 17:00:00+00:00,1.423,1.424,1.419,1.422,13953740.53
2026-09-09 18:00:00+00:00,1.422,1.423,1.417,1.418,10037685.67
2026-09-09 19:00:00+00:00,1.418,1.42,1.399,1.402,19458391.36
2026-09-09 20:00:00+00:00,1.402,1.406,1.396,1.404,24804650.86
2026-09-09 21:00:00+00:00,1.404,1.404,1.392,1.396,16086963.54
2026-09-09 22:00:00+00:00,1.396,1.398,1.38,1.384,26875637.52
2026-09-09 23:00:00+00:00,1.384,1.396,1.384,1.395,11635202.58
2026-09-10 00:00:00+00:00,1.395,1.396,1.386,1.387,14871598.91
2026-09-10 01:00:00+00:00,1.387,1.396,1.377,1.383,22780464.84
2026-09-10 02:00:00+00:00,1.383,1.392,1.381,1.392,11410813.26
2026-09-10 03:00:00+00:00,1.392,1.395,1.389,1.391,14344741.66
2026-09-10 04:00:00+00:00,1.391,1.393,1.387,1.389,11651181.32
2026-09-10 05:00:00+00:00,1.389,1.393,1.386,1.392,14510259.38
2026-09-10 06:00:00+00:00,1.392,1.392,1.382,1.389,11052129.89
2026-09-10 07:00:00+00:00,1.389,1.389,1.377,1.383,15004083.88
2026-09-10 08:00:00+00:00,1.383,1.384,1.38,1.382,17966001.32
2026-09-10 09:00:00+00:00,1.382,1.385,1.375,1.378,15071611.11
2026-09-10 10:00:00+00:00,1.378,1.381,1.372,1.375,17907258.23
2026-09-10 11:00:00+00:00,1.375,1.382,1.373,1.377,20226076.93
2026-09-10 12:00:00+00:00,1.377,1.381,1.35,1.358,47673224.64
2026-09-10 13:00:00+00:00,1.358,1.367,1.35,1.364,29640926.73
2026-09-10 14:00:00+00:00,1.364,1.369,1.358,1.36,20142613.55
2026-09-10 15:00:00+00:00,1.36,1.361,1.352,1.357,20990325.59
2026-09-10 16:00:00+00:00,1.357,1.359,1.343,1.354,24216574.57
2026-09-10 17:00:00+00:00,1.354,1.365,1.352,1.361,20310692.83
2026-09-10 18:00:00+00:00,1.361,1.361,1.348,1.356,12499415.07
2026-09-10 19:00:00+00:00,1.356,1.359,1.35,1.351,16391031.92
2026-09-10 20:00:00+00:00,1.351,1.358,1.35,1.354,7317395.09
2026-09-10 21:00:00+00:00,1.354,1.357,1.35,1.352,5970068.14
2026-09-10 22:00:00+00:00,1.352,1.355,1.343,1.343,8190195.85
2026-09-10 23:00:00+00:00,1.343,1.344,1.33,1.335,20416371.61
2026-09-11 00:00:00+00:00,1.335,1.344,1.334,1.342,12662371.46
2026-09-11 01:00:00+00:00,1.342,1.346,1.337,1.346,14180169.66
2026-09-11 02:00:00+00:00,1.346,1.347,1.338,1.343,9850401.12
2026-09-11 03:00:00+00:00,1.343,1.344,1.338,1.343,15347816.72
2026-09-11 04:00:00+00:00,1.343,1.35,1.342,1.348,10637296.27
2026-09-11 05:00:00+00:00,1.348,1.35,1.347,1.349,12645375.43
2026-09-11 06:00:00+00:00,1.349,1.353,1.349,1.353,12764297.29
2026-09-11 07:00:00+00:00,1.353,1.36,1.351,1.352,12330239.12
2026-09-11 08:00:00+00:00,1.352,1.357,1.348,1.354,9338527.42
2026-09-11 09:00:00+00:00,1.354,1.354,1.337,1.341,14548979.92
2026-09-11 10:00:00+00:00,1.341,1.345,1.333,1.333,14865183.99
2026-09-11 11:00:00+00:00,1.333,1.333,1.321,1.329,26081670.76
2026-09-11 12:00:00+00:00,1.329,1.371,1.318,1.367,63721273.33
2026-09-11 13:00:00+00:00,1.367,1.417,1.354,1.416,54679457.01
2026-09-11 14:00:00+00:00,1.416,1.432,1.386,1.395,61437625.22
2026-09-11 15:00:00+00:00,1.395,1.406,1.368,1.375,41422242.51
2026-09-11 16:00:00+00:00,1.375,1.384,1.369,1.377,23486189.03
2026-09-11 17:00:00+00:00,1.377,1.378,1.366,1.368,13604601.02
2026-09-11 18:00:00+00:00,1.368,1.369,1.348,1.352,25047821.32
2026-09-11 19:00:00+00:00,1.352,1.363,1.347,1.361,15894282.44
2026-09-11 20:00:00+00:00,1.361,1.368,1.357,1.362,15938813.21
2026-09-11 21:00:00+00:00,1.362,1.367,1.352,1.353,7000243.97
2026-09-11 22:00:00+00:00,1.353,1.358,1.346,1.35,16008302.0
2026-09-11 23:00:00+00:00,1.35,1.357,1.349,1.356,5099099.33
2026-09-12 00:00:00+00:00,1.356,1.359,1.355,1.357,4930429.93
2026-09-12 01:00:00+00:00,1.357,1.364,1.356,1.361,7218199.71
2026-09-12 02:00:00+00:00,1.361,1.364,1.36,1.364,7097566.43
2026-09-12 03:00:00+00:00,1.364,1.366,1.362,1.364,6537539.38
2026-09-12 04:00:00+00:00,1.364,1.366,1.362,1.363,5145317.72
2026-09-12 05:00:00+00:00,1.363,1.366,1.361,1.364,6950189.23
2026-09-12 06:00:00+00:00,1.364,1.365,1.362,1.363,8971304.59
2026-09-12 07:00:00+00:00,1.363,1.37,1.363,1.369,4367767.59
2026-09-12 08:00:00+00:00,1.369,1.37,1.365,1.367,7482492.62
2026-09-12 09:00:00+00:00,1.367,1.37,1.366,1.37,8797384.89
2026-09-12 10:00:00+00:00,1.37,1.375,1.37,1.373,7720970.08
2026-09-12 11:00:00+00:00,1.373,1.374,1.371,1.372,4587890.03
2026-09-12 12:00:00+00:00,1.372,1.373,1.369,1.37,5573382.45
2026-09-12 13:00:00+00:00,1.37,1.371,1.366,1.368,9291887.66
2026-09-12 14:00:00+00:00,1.368,1.371,1.368,1.37,4842041.41
2026-09-12 15:00:00+00:00,1.37,1.374,1.369,1.373,9571265.67
2026-09-12 16:00:00+00:00,1.373,1.373,1.369,1.37,4153073.6
2026-09-12 17:00:00+00:00,1.37,1.37,1.366,1.367,6530401.13
2026-09-12 18:00:00+00:00,1.367,1.367,1.363,1.363,7460799.77
2026-09-12 19:00:00+00:00,1.363,1.365,1.361,1.363,6389813.99
2026-09-12 20:00:00+00:00,1.363,1.367,1.363,1.364,3666440.42
2026-09-12 21:00:00+00:00,1.364,1.367,1.363,1.363,3776303.71
2026-09-12 22:00:00+00:00,1.363,1.366,1.362,1.363,5776162.74
2026-09-12 23:00:00+00:00,1.363,1.368,1.363,1.366,3531880.55
2026-09-13 00:00:00+00:00,1.366,1.368,1.365,1.367,3509108.67
2026-09-13 01:00:00+00:00,1.367,1.368,1.364,1.368,7126669.33
2026-09-13 02:00:00+00:00,1.368,1.37,1.365,1.368,5045612.21
2026-09-13 03:00:00+00:00,1.368,1.369,1.363,1.363,6701669.77
2026-09-13 04:00:00+00:00,1.363,1.366,1.363,1.364,5390841.66
2026-09-13 05:00:00+00:00,1.364,1.368,1.364,1.368,2582341.35
2026-09-13 06:00:00+00:00,1.368,1.368,1.359,1.361,3993198.84
2026-09-13 07:00:00+00:00,1.361,1.362,1.358,1.358,6846286.52
2026-09-13 08:00:00+00:00,1.358,1.359,1.346,1.348,10030349.91
2026-09-13 09:00:00+00:00,1.348,1.351,1.339,1.345,14583091.14
2026-09-13 10:00:00+00:00,1.345,1.345,1.338,1.34,7590389.39
2026-09-13 11:00:00+00:00,1.34,1.344,1.339,1.344,4997629.82
2026-09-13 12:00:00+00:00,1.344,1.344,1.337,1.34,7135500.1
2026-09-13 13:00:00+00:00,1.34,1.343,1.333,1.342,9403476.07
2026-09-13 14:00:00+00:00,1.342,1.354,1.342,1.351,9927965.53
2026-09-13 15:00:00+00:00,1.351,1.351,1.344,1.344,4822371.01
2026-09-13 16:00:00+00:00,1.344,1.352,1.344,1.351,4629353.99
2026-09-13 17:00:00+00:00,1.351,1.357,1.351,1.356,5722845.19
2026-09-13 18:00:00+00:00,1.356,1.36,1.354,1.358,5012685.38
2026-09-13 19:00:00+00:00,1.358,1.36,1.354,1.355,4448437.98
2026-09-13 20:00:00+00:00,1.355,1.362,1.355,1.361,4449320.06
2026-09-13 21:00:00+00:00,1.361,1.363,1.357,1.358,7836146.46
2026-09-13 22:00:00+00:00,1.358,1.358,1.335,1.338,19586605.77
2026-09-13 23:00:00+00:00,1.338,1.344,1.338,1.341,11963846.16
2026-09-14 00:00:00+00:00,1.341,1.35,1.336,1.347,12538292.26
2026-09-14 01:00:00+00:00,1.347,1.353,1.338,1.352,13346130.46
2026-09-14 02:00:00+00:00,1.352,1.374,1.35,1.37,19332598.83
2026-09-14 03:00:00+00:00,1.37,1.381,1.368,1.373,19465625.22
2026-09-14 04:00:00+00:00,1.373,1.38,1.371,1.377,17963022.25
2026-09-14 05:00:00+00:00,1.377,1.381,1.375,1.38,11314792.03
2026-09-14 06:00:00+00:00,1.38,1.389,1.375,1.387,20659407.04
2026-09-14 07:00:00+00:00,1.387,1.391,1.385,1.391,17968733.65
2026-09-14 08:00:00+00:00,1.391,1.394,1.384,1.385,24543306.59
2026-09-14 09:00:00+00:00,1.385,1.41,1.381,1.403,35755796.63
2026-09-14 10:00:00+00:00,1.403,1.408,1.395,1.397,25750430.69
2026-09-14 11:00:00+00:00,1.397,1.406,1.394,1.399,24860002.13
2026-09-14 12:00:00+00:00,1.399,1.404,1.393,1.395,21970219.65
2026-09-14 13:00:00+00:00,1.395,1.403,1.383,1.394,33619018.51
2026-09-14 14:00:00+00:00,1.394,1.405,1.394,1.4,27517276.21
2026-09-14 15:00:00+00:00,1.4,1.407,1.392,1.403,28122796.75
2026-09-14 16:00:00+00:00,1.403,1.422,1.402,1.419,29829350.09
2026-09-14 17:00:00+00:00,1.419,1.44,1.417,1.435,36835738.95
2026-09-14 18:00:00+00:00,1.435,1.48,1.43,1.477,76650516.09
2026-09-14 19:00:00+00:00,1.477,1.478,1.454,1.464,58205460.53
2026-09-14 20:00:00+00:00,1.464,1.493,1.463,1.463,55973348.52
2026-09-14 21:00:00+00:00,1.463,1.464,1.443,1.443,40666374.69
2026-09-14 22:00:00+00:00,1.443,1.452,1.435,1.435,21994244.97
2026-09-14 23:00:00+00:00,1.435,1.438,1.419,1.423,25262326.22
2026-09-15 00:00:00+00:00,1.423,1.427,1.416,1.419,15275796.69
2026-09-15 01:00:00+00:00,1.419,1.426,1.415,1.422,16586620.25
2026-09-15 02:00:00+00:00,1.422,1.43,1.422,1.423,17474680.0
2026-09-15 03:00:00+00:00,1.423,1.423,1.412,1.416,17309729.56
2026-09-15 04:00:00+00:00,1.416,1.418,1.409,1.414,19985180.26
2026-09-15 05:00:00+00:00,1.414,1.414,1.4,1.408,19040047.36
2026-09-15 06:00:00+00:00,1.408,1.41,1.396,1.4,15643702.5
2026-09-15 07:00:00+00:00,1.4,1.404,1.392,1.394,19339704.51
2026-09-15 08:00:00+00:00,1.394,1.398,1.386,1.398,20116978.9
2026-09-15 09:00:00+00:00,1.398,1.407,1.396,1.402,17284598.55
2026-09-15 10:00:00+00:00,1.402,1.404,1.398,1.402,15047112.79
2026-09-15 11:00:00+00:00,1.402,1.404,1.394,1.401,13500280.92
2026-09-15 12:00:00+00:00,1.401,1.422,1.4,1.417,30248251.6
2026-09-15 13:00:00+00:00,1.417,1.46,1.396,1.415,82329220.14
2026-09-15 14:00:00+00:00,1.415,1.417,1.373,1.385,50571747.09
2026-09-15 15:00:00+00:00,1.385,1.398,1.38,1.39,33780545.15
2026-09-15 16:00:00+00:00,1.39,1.393,1.382,1.388,19777809.43
2026-09-15 17:00:00+00:00,1.388,1.413,1.38,1.405,35507197.96
2026-09-15 18:00:00+00:00,1.405,1.407,1.289,1.325,196651643.29
2026-09-15 19:00:00+00:00,1.325,1.329,1.294,1.296,89271440.74
2026-09-15 20:00:00+00:00,1.296,1.302,1.265,1.294,59463301.42
2026-09-15 21:00:00+00:00,1.294,1.298,1.277,1.278,26057548.03
2026-09-15 22:00:00+00:00,1.278,1.291,1.276,1.289,17042903.68
2026-09-15 23:00:00+00:00,1.289,1.298,1.283,1.283,23866839.5
2026-09-16 00:00:00+00:00,1.283,1.291,1.281,1.287,22381354.97
2026-09-16 01:00:00+00:00,1.287,1.29,1.275,1.276,25472287.09
2026-09-16 02:00:00+00:00,1.276,1.299,1.275,1.289,21024390.44
2026-09-16 03:00:00+00:00,1.289,1.3,1.289,1.297,22320775.38
2026-09-16 04:00:00+00:00,1.297,1.312,1.296,1.301,29147500.94
2026-09-16 05:00:00+00:00,1.301,1.302,1.293,1.297,24617957.76
2026-09-16 06:00:00+00:00,1.297,1.3,1.289,1.298,13508860.41
2026-09-16 07:00:00+00:00,1.298,1.302,1.285,1.285,19227629.47
2026-09-16 08:00:00+00:00,1.285,1.285,1.277,1.285,22133881.26
2026-09-16 09:00:00+00:00,1.285,1.293,1.283,1.292,13471459.91
2026-09-16 10:00:00+00:00,1.292,1.293,1.286,1.289,12320273.58
2026-09-16 11:00:00+00:00,1.289,1.298,1.287,1.296,16343283.86
2026-09-16 12:00:00+00:00,1.296,1.296,1.279,1.283,16811884.14
2026-09-16 13:00:00+00:00,1.283,1.283,1.271,1.275,26300137.39
2026-09-16 14:00:00+00:00,1.275,1.276,1.263,1.266,32891404.08
2026-09-16 15:00:00+00:00,1.266,1.274,1.261,1.266,23310948.69
2026-09-16 16:00:00+00:00,1.266,1.27,1.263,1.268,17544823.63
2026-09-16 17:00:00+00:00,1.268,1.27,1.251,1.26,38432202.56
2026-09-16 18:00:00+00:00,1.26,1.297,1.249,1.278,87896780.03
2026-09-16 19:00:00+00:00,1.278,1.305,1.275,1.301,36538021.47
2026-09-16 20:00:00+00:00,1.301,1.318,1.297,1.303,33979412.45
2026-09-16 21:00:00+00:00,1.303,1.303,1.288,1.293,16275755.3
2026-09-16 22:00:00+00:00,1.293,1.293,1.281,1.287,15933240.66
2026-09-16 23:00:00+00:00,1.287,1.303,1.285,1.299,21824212.4
2026-09-17 00:00:00+00:00,1.299,1.303,1.295,1.295,16713794.77
2026-09-17 01:00:00+00:00,1.295,1.31,1.291,1.3,24871433.81
2026-09-17 02:00:00+00:00,1.3,1.306,1.294,1.3,20847209.4
2026-09-17 03:00:00+00:00,1.3,1.308,1.3,1.303,12429005.72
2026-09-17 04:00:00+00:00,1.303,1.303,1.294,1.3,12897561.31
2026-09-17 05:00:00+00:00,1.3,1.302,1.294,1.296,13827594.29
2026-09-17 06:00:00+00:00,1.296,1.304,1.294,1.301,11957799.53
2026-09-17 07:00:00+00:00,1.301,1.307,1.3,1.302,23731819.77
2026-09-17 08:00:00+00:00,1.302,1.304,1.299,1.304,14580204.3
2026-09-17 09:00:00+00:00,1.304,1.309,1.299,1.3,18052288.85
2026-09-17 10:00:00+00:00,1.3,1.3,1.293,1.296,12872303.11
2026-09-17 11:00:00+00:00,1.296,1.3,1.292,1.299,11776244.04
2026-09-17 12:00:00+00:00,1.299,1.315,1.299,1.305,23542150.15
2026-09-17 13:00:00+00:00,1.305,1.309,1.29,1.304,21320285.17
2026-09-17 14:00:00+00:00,1.304,1.32,1.297,1.301,28138009.66
2026-09-17 15:00:00+00:00,1.301,1.31,1.295,1.308,16162473.02
2026-09-17 16:00:00+00:00,1.308,1.309,1.299,1.305,16684104.88
2026-09-17 17:00:00+00:00,1.305,1.309,1.3,1.301,11255291.66
2026-09-17 18:00:00+00:00,1.301,1.301,1.294,1.295,12057898.96
2026-09-17 19:00:00+00:00,1.295,1.299,1.293,1.296,12196062.37
2026-09-17 20:00:00+00:00,1.296,1.301,1.295,1.299,7204180.54
2026-09-17 21:00:00+00:00,1.299,1.301,1.292,1.292,9625083.81
2026-09-17 22:00:00+00:00,1.292,1.296,1.288,1.296,18960951.05
2026-09-17 23:00:00+00:00,1.296,1.298,1.295,1.296,12786730.0
2026-09-18 00:00:00+00:00,1.296,1.301,1.292,1.301,7844381.83
2026-09-18 01:00:00+00:00,1.301,1.307,1.299,1.305,11244065.74
2026-09-18 02:00:00+00:00,1.305,1.311,1.301,1.306,17656884.78
2026-09-18 03:00:00+00:00,1.306,1.329,1.305,1.327,31670997.24
2026-09-18 04:00:00+00:00,1.327,1.327,1.314,1.326,21061116.54
2026-09-18 05:00:00+00:00,1.326,1.327,1.317,1.318,21915062.99
2026-09-18 06:00:00+00:00,1.318,1.325,1.318,1.322,20394977.21
2026-09-18 07:00:00+00:00,1.322,1.331,1.321,1.329,32375271.06
2026-09-18 08:00:00+00:00,1.329,1.338,1.323,1.337,28064228.69
2026-09-18 09:00:00+00:00,1.337,1.34,1.331,1.335,22775869.34
2026-09-18 10:00:00+00:00,1.335,1.338,1.331,1.332,16954583.03
2026-09-18 11:00:00+00:00,1.332,1.333,1.317,1.324,28512436.63
2026-09-18 12:00:00+00:00,1.324,1.328,1.32,1.324,21439000.71
2026-09-18 13:00:00+00:00,1.324,1.374,1.32,1.361,54048640.29
2026-09-18 14:00:00+00:00,1.361,1.402,1.361,1.4,71098610.04
2026-09-18 15:00:00+00:00,1.4,1.402,1.372,1.385,58000355.64
2026-09-18 16:00:00+00:00,1.385,1.393,1.378,1.38,33744587.33
2026-09-18 17:00:00+00:00,1.38,1.392,1.374,1.392,30688995.33
2026-09-18 18:00:00+00:00,1.392,1.393,1.385,1.387,23001947.77
2026-09-18 19:00:00+00:00,1.387,1.413,1.387,1.412,37633808.54
2026-09-18 20:00:00+00:00,1.412,1.414,1.399,1.403,35551290.45
2026-09-18 21:00:00+00:00,1.403,1.408,1.398,1.401,25063263.75
2026-09-18 22:00:00+00:00,1.401,1.406,1.393,1.398,18306797.43
2026-09-18 23:00:00+00:00,1.398,1.402,1.394,1.396,15941812.51
2026-09-19 00:00:00+00:00,1.396,1.421,1.395,1.409,31805261.81
2026-09-19 01:00:00+00:00,1.409,1.414,1.394,1.412,22263326.38
2026-09-19 02:00:00+00:00,1.412,1.427,1.411,1.413,28004955.67
2026-09-19 03:00:00+00:00,1.413,1.421,1.409,1.418,19615940.3
2026-09-19 04:00:00+00:00,1.418,1.427,1.408,1.415,22385915.34
2026-09-19 05:00:00+00:00,1.415,1.439,1.414,1.427,39845930.78
2026-09-19 06:00:00+00:00,1.427,1.43,1.416,1.422,21873740.38
2026-09-19 07:00:00+00:00,1.422,1.424,1.41,1.41,20935422.53
2026-09-19 08:00:00+00:00,1.41,1.422,1.409,1.415,18505002.37
2026-09-19 09:00:00+00:00,1.415,1.418,1.409,1.413,13431301.19
2026-09-19 10:00:00+00:00,1.413,1.423,1.412,1.418,15203221.4
2026-09-19 11:00:00+00:00,1.418,1.438,1.418,1.434,29717744.8
2026-09-19 12:00:00+00:00,1.434,1.438,1.427,1.434,26239016.3
2026-09-19 13:00:00+00:00,1.434,1.45,1.432,1.437,42532121.02
2026-09-19 14:00:00+00:00,1.437,1.454,1.436,1.438,39019374.39
2026-09-19 15:00:00+00:00,1.438,1.442,1.429,1.431,25953841.26
2026-09-19 16:00:00+00:00,1.431,1.437,1.425,1.434,22521797.32
2026-09-19 17:00:00+00:00,1.434,1.445,1.423,1.428,22937156.96
2026-09-19 18:00:00+00:00,1.428,1.433,1.421,1.43,18290993.8
2026-09-19 19:00:00+00:00,1.43,1.433,1.426,1.428,17369910.55
2026-09-19 20:00:00+00:00,1.428,1.435,1.426,1.429,14976546.17
2026-09-19 21:00:00+00:00,1.429,1.432,1.404,1.41,29657759.49
2026-09-19 22:00:00+00:00,1.41,1.418,1.398,1.416,20410728.23
2026-09-19 23:00:00+00:00,1.416,1.417,1.41,1.41,12469330.32
2026-09-20 00:00:00+00:00,1.41,1.411,1.404,1.406,12165072.42
2026-09-20 01:00:00+00:00,1.406,1.407,1.396,1.4,14834410.95
2026-09-20 02:00:00+00:00,1.4,1.406,1.368,1.371,37346057.36
2026-09-20 03:00:00+00:00,1.371,1.385,1.368,1.383,23204724.85
2026-09-20 04:00:00+00:00,1.383,1.385,1.377,1.381,12883055.64
2026-09-20 05:00:00+00:00,1.381,1.385,1.379,1.383,12721439.07
2026-09-20 06:00:00+00:00,1.383,1.385,1.378,1.381,13258486.34
2026-09-20 07:00:00+00:00,1.381,1.385,1.379,1.38,11650097.92
2026-09-20 08:00:00+00:00,1.38,1.384,1.374,1.377,15211233.25
2026-09-20 09:00:00+00:00,1.377,1.39,1.377,1.383,16841050.71
2026-09-20 10:00:00+00:00,1.383,1.384,1.374,1.376,12926162.14
2026-09-20 11:00:00+00:00,1.376,1.381,1.374,1.381,12937768.77
2026-09-20 12:00:00+00:00,1.381,1.384,1.374,1.38,12485132.37
2026-09-20 13:00:00+00:00,1.38,1.382,1.374,1.378,10843053.81
2026-09-20 14:00:00+00:00,1.378,1.384,1.374,1.379,14367200.27
2026-09-20 15:00:00+00:00,1.379,1.391,1.379,1.391,25359228.79
2026-09-20 16:00:00+00:00,1.391,1.417,1.388,1.411,34644042.55
2026-09-20 17:00:00+00:00,1.411,1.414,1.399,1.403,18146877.41
2026-09-20 18:00:00+00:00,1.403,1.412,1.399,1.404,14278901.0
2026-09-20 19:00:00+00:00,1.404,1.414,1.401,1.409,12891311.74
2026-09-20 20:00:00+00:00,1.409,1.413,1.406,1.406,17431316.6
2026-09-20 21:00:00+00:00,1.406,1.406,1.392,1.402,18967389.79
2026-09-20 22:00:00+00:00,1.402,1.413,1.398,1.41,15069662.87
2026-09-20 23:00:00+00:00,1.41,1.416,1.408,1.411,15295626.43
2026-09-21 00:00:00+00:00,1.411,1.433,1.41,1.426,35730651.99
2026-09-21 01:00:00+00:00,1.426,1.439,1.404,1.408,31705351.61
2026-09-21 02:00:00+00:00,1.408,1.421,1.405,1.416,18708802.38
2026-09-21 03:00:00+00:00,1.416,1.426,1.416,1.423,12498516.41
2026-09-21 04:00:00+00:00,1.423,1.424,1.415,1.419,17986513.7
2026-09-21 05:00:00+00:00,1.419,1.437,1.416,1.43,26736780.06
2026-09-21 06:00:00+00:00,1.43,1.442,1.425,1.436,31341149.32
2026-09-21 07:00:00+00:00,1.436,1.445,1.431,1.439,35734015.09
2026-09-21 08:00:00+00:00,1.439,1.487,1.438,1.476,85190288.33
2026-09-21 09:00:00+00:00,1.476,1.487,1.471,1.474,57773251.31
2026-09-21 10:00:00+00:00,1.474,1.494,1.469,1.491,63567188.21
2026-09-21 11:00:00+00:00,1.491,1.498,1.485,1.486,46985758.3
2026-09-21 12:00:00+00:00,1.486,1.496,1.484,1.488,34093176.01
2026-09-21 13:00:00+00:00,1.488,1.497,1.472,1.49,64377886.15
2026-09-21 14:00:00+00:00,1.49,1.507,1.476,1.497,54636542.5
2026-09-21 15:00:00+00:00,1.497,1.508,1.485,1.495,48196087.21
2026-09-21 16:00:00+00:00,1.495,1.503,1.481,1.489,37648759.23
2026-09-21 17:00:00+00:00,1.489,1.5,1.488,1.495,34102247.47
2026-09-21 18:00:00+00:00,1.495,1.515,1.492,1.509,42362022.06
2026-09-21 19:00:00+00:00,1.509,1.51,1.497,1.507,32494155.21
2026-09-21 20:00:00+00:00,1.507,1.537,1.503,1.533,65754507.49
2026-09-21 21:00:00+00:00,1.533,1.555,1.518,1.55,61745688.63
2026-09-21 22:00:00+00:00,1.55,1.574,1.545,1.556,70938505.32
2026-09-21 23:00:00+00:00,1.556,1.569,1.526,1.536,46840149.23
2026-09-22 00:00:00+00:00,1.536,1.541,1.519,1.522,36801896.27
2026-09-22 01:00:00+00:00,1.522,1.523,1.505,1.512,42862670.15
2026-09-22 02:00:00+00:00,1.512,1.527,1.508,1.515,32366606.09
2026-09-22 03:00:00+00:00,1.515,1.518,1.51,1.515,9759570.96
