timestamp,open,high,low,close,volume
2025-02-17 09:00:00+00:00,34.4,34.64,34.33,34.47,203382.8
2025-02-17 10:00:00+00:00,34.47,35.03,34.37,34.88,440484.43
2025-02-17 11:00:00+00:00,34.88,35.32,34.53,35.29,569254.05
2025-02-17 12:00:00+00:00,35.29,35.5,34.93,35.39,471340.66
2025-02-17 13:00:00+00:00,35.39,35.46,34.95,35.12,391646.79
2025-02-17 14:00:00+00:00,35.12,36.14,35.05,35.69,632508.05
2025-02-17 15:00:00+00:00,35.69,36.09,35.32,35.62,542932.67
2025-02-17 16:00:00+00:00,35.62,36.16,35.11,35.24,689098.16
2025-02-17 17:00:00+00:00,35.24,36.2,35.19,35.93,679359.91
2025-02-17 18:00:00+00:00,35.93,35.99,35.33,35.65,381921.56
2025-02-17 19:00:00+00:00,35.65,36.17,35.35,36.08,335055.4
2025-02-17 20:00:00+00:00,36.08,36.31,35.83,36.27,377619.25
2025-02-17 21:00:00+00:00,36.27,36.33,35.96,36.29,256097.47
2025-02-17 22:00:00+00:00,36.29,36.3,35.81,36.06,320678.37
2025-02-17 23:00:00+00:00,36.06,36.58,36.04,36.41,342100.06
2025-02-18 00:00:00+00:00,36.41,36.66,35.84,35.9,345028.1
2025-02-18 01:00:00+00:00,35.9,36.31,35.74,36.23,227966.63
2025-02-18 02:00:00+00:00,36.23,36.24,35.64,35.65,282575.84
2025-02-18 03:00:00+00:00,35.65,35.85,34.97,35.04,406600.07
2025-02-18 04:00:00+00:00,35.04,35.39,34.56,34.75,394837.54
2025-02-18 05:00:00+00:00,34.75,34.76,34.21,34.31,272236.74
2025-02-18 06:00:00+00:00,34.31,34.63,34.13,34.27,426481.68
2025-02-18 07:00:00+00:00,34.27,34.52,34.04,34.14,270948.45
2025-02-18 08:00:00+00:00,34.14,34.39,33.69,33.85,364007.96
2025-02-18 09:00:00+00:00,33.85,34.54,33.68,34.53,315015.83
2025-02-18 10:00:00+00:00,34.53,34.53,33.85,34.01,428280.72
2025-02-18 11:00:00+00:00,34.01,34.14,33.81,33.88,220028.62
2025-02-18 12:00:00+00:00,33.88,34.41,33.86,34.36,317003.39
2025-02-18 13:00:00+00:00,34.36,34.37,33.68,33.75,280093.02
2025-02-18 14:00:00+00:00,33.75,34.14,33.69,33.91,387008.18
2025-02-18 15:00:00+00:00,33.91,33.91,33.07,33.13,626649.77
2025-02-18 16:00:00+00:00,33.13,33.43,32.55,32.55,474140.28
2025-02-18 17:00:00+00:00,32.55,33.43,32.49,33.19,447533.87
2025-02-18 18:00:00+00:00,33.19,33.6,33.09,33.11,429262.73
2025-02-18 19:00:00+00:00,33.11,33.28,32.76,32.97,381663.92
2025-02-18 20:00:00+00:00,32.97,33.48,32.74,33.17,416810.8
2025-02-18 21:00:00+00:00,33.17,33.66,33.17,33.58,368025.03
2025-02-18 22:00:00+00:00,33.58,33.77,33.31,33.57,266684.67
2025-02-18 23:00:00+00:00,33.57,33.81,33.51,33.66,207064.51
2025-02-19 00:00:00+00:00,33.66,33.91,33.56,33.6,216488.24
2025-02-19 01:00:00+00:00,33.6,33.74,33.31,33.51,273670.29
2025-02-19 02:00:00+00:00,33.51,34.12,33.49,33.86,270505.72
2025-02-19 03:00:00+00:00,33.86,33.87,33.53,33.7,225301.3
2025-02-19 04:00:00+00:00,33.7,33.71,33.34,33.34,277649.87
2025-02-19 05:00:00+00:00,33.34,33.67,33.32,33.49,253794.57
2025-02-19 06:00:00+00:00,33.49,34.08,33.39,33.86,236694.91
2025-02-19 07:00:00+00:00,33.86,34.42,33.83,34.31,332864.74
2025-02-19 08:00:00+00:00,34.31,35.23,33.96,34.71,551337.85
2025-02-19 09:00:00+00:00,34.71,35.2,34.58,35.08,347686.02
2025-02-19 10:00:00+00:00,35.08,35.22,34.61,34.72,284111.52
2025-02-19 11:00:00+00:00,34.72,35.11,34.64,34.92,283649.74
2025-02-19 12:00:00+00:00,34.92,35.06,34.79,34.98,238002.71
2025-02-19 13:00:00+00:00,34.98,35.97,34.87,35.8,376329.01
2025-02-19 14:00:00+00:00,35.8,36.28,35.69,36.1,503664.28
2025-02-19 15:00:00+00:00,36.1,36.19,35.77,35.96,483584.75
2025-02-19 16:00:00+00:00,35.96,36.3,35.91,35.99,300457.47
2025-02-19 17:00:00+00:00,35.99,36.67,35.61,36.48,463568.27
2025-02-19 18:00:00+00:00,36.48,36.49,35.69,35.7,266393.18
2025-02-19 19:00:00+00:00,35.7,35.71,35.26,35.62,318790.04
2025-02-19 20:00:00+00:00,35.62,36.24,35.61,35.83,331647.25
2025-02-19 21:00:00+00:00,35.83,36.0,35.22,35.29,329916.41
2025-02-19 22:00:00+00:00,35.29,36.14,35.29,36.04,247906.5
2025-02-19 23:00:00+00:00,36.04,36.47,35.98,36.0,348286.95
2025-02-20 00:00:00+00:00,36.0,36.19,35.61,36.14,261215.04
2025-02-20 01:00:00+00:00,36.14,36.63,35.97,36.54,272638.42
2025-02-20 02:00:00+00:00,36.54,37.8,36.51,37.74,395695.9
2025-02-20 03:00:00+00:00,37.74,38.15,37.41,38.09,494897.34
2025-02-20 04:00:00+00:00,38.09,38.47,37.51,37.65,490714.97
2025-02-20 05:00:00+00:00,37.65,38.22,37.41,38.17,383048.97
2025-02-20 06:00:00+00:00,38.17,38.69,37.88,38.58,554389.72
2025-02-20 07:00:00+00:00,38.58,38.64,37.83,38.0,479236.27
2025-02-20 08:00:00+00:00,38.0,38.02,37.43,37.62,382470.2
2025-02-20 09:00:00+00:00,37.62,37.86,37.47,37.68,315785.5
2025-02-20 10:00:00+00:00,37.68,38.26,37.68,38.17,314508.06
2025-02-20 11:00:00+00:00,38.17,38.23,37.67,37.71,281555.87
2025-02-20 12:00:00+00:00,37.71,38.11,37.66,37.71,361460.59
2025-02-20 13:00:00+00:00,37.71,37.78,37.23,37.38,367032.48
2025-02-20 14:00:00+00:00,37.38,37.85,37.11,37.14,351690.7
2025-02-20 15:00:00+00:00,37.14,37.31,36.83,36.95,509032.13
2025-02-20 16:00:00+00:00,36.95,37.24,36.68,36.76,287451.76
2025-02-20 17:00:00+00:00,36.76,36.98,36.67,36.92,242426.22
2025-02-20 18:00:00+00:00,36.92,37.02,36.74,36.78,245281.19
2025-02-20 19:00:00+00:00,36.78,36.87,36.4,36.53,314407.64
2025-02-20 20:00:00+00:00,36.53,36.85,36.5,36.68,262863.18
2025-02-20 21:00:00+00:00,36.68,36.7,36.31,36.39,284696.09
2025-02-20 22:00:00+00:00,36.39,36.42,36.14,36.38,404909.04
2025-02-20 23:00:00+00:00,36.38,36.71,36.35,36.53,206693.45
2025-02-21 00:00:00+00:00,36.53,36.87,36.45,36.81,255567.88
2025-02-21 01:00:00+00:00,36.81,37.46,36.8,37.43,360641.71
2025-02-21 02:00:00+00:00,37.43,37.67,37.24,37.53,269592.13
2025-02-21 03:00:00+00:00,37.53,37.86,37.33,37.5,265575.91
2025-02-21 04:00:00+00:00,37.5,37.69,37.4,37.63,219614.0
2025-02-21 05:00:00+00:00,37.63,37.7,37.17,37.69,255521.59
2025-02-21 06:00:00+00:00,37.69,37.81,37.33,37.37,159441.01
2025-02-21 07:00:00+00:00,37.37,37.37,37.13,37.18,224137.8
2025-02-21 08:00:00+00:00,37.18,37.21,37.07,37.21,121173.17
2025-02-21 09:00:00+00:00,37.21,38.01,37.14,37.89,339489.51
2025-02-21 10:00:00+00:00,37.89,38.04,37.63,37.63,177839.06
2025-02-21 11:00:00+00:00,37.63,37.88,37.4,37.4,181820.24
2025-02-21 12:00:00+00:00,37.4,37.42,37.21,37.35,162352.45
2025-02-21 13:00:00+00:00,37.35,37.91,37.35,37.8,381597.06
2025-02-21 14:00:00+00:00,37.8,37.81,36.91,37.1,409949.78
2025-02-21 15:00:00+00:00,37.1,37.37,35.84,36.6,604790.01
2025-02-21 16:00:00+00:00,36.6,36.95,36.24,36.65,289848.14
2025-02-21 17:00:00+00:00,36.65,36.66,35.25,35.26,479130.33
2025-02-21 18:00:00+00:00,35.26,35.57,35.2,35.31,374090.49
2025-02-21 19:00:00+00:00,35.31,35.36,34.13,34.39,365234.78
2025-02-21 20:00:00+00:00,34.39,35.07,34.39,34.64,512981.69
2025-02-21 21:00:00+00:00,34.64,34.89,34.62,34.81,206867.22
2025-02-21 22:00:00+00:00,34.81,34.94,34.68,34.92,187762.99
2025-02-21 23:00:00+00:00,34.92,35.03,34.73,35.0,200546.77
2025-02-22 00:00:00+00:00,35.0,35.42,34.8,35.38,255047.07
2025-02-22 01:00:00+00:00,35.38,35.59,35.34,35.55,197136.58
2025-02-22 02:00:00+00:00,35.55,35.71,35.45,35.59,99714.17
2025-02-22 03:00:00+00:00,35.59,35.67,35.51,35.66,102908.34
2025-02-22 04:00:00+00:00,35.66,36.2,35.65,36.06,300170.54
2025-02-22 05:00:00+00:00,36.06,36.19,35.85,36.05,164444.38
2025-02-22 06:00:00+00:00,36.05,36.1,35.71,35.86,190270.54
2025-02-22 07:00:00+00:00,35.86,36.12,35.84,35.98,201149.73
2025-02-22 08:00:00+00:00,35.98,35.99,35.76,35.82,208623.32
2025-02-22 09:00:00+00:00,35.82,36.31,35.81,36.12,214133.29
2025-02-22 10:00:00+00:00,36.12,36.51,36.08,36.38,182354.46
2025-02-22 11:00:00+00:00,36.38,36.45,36.21,36.28,215615.69
2025-02-22 12:00:00+00:00,36.28,36.49,36.26,36.45,175481.95
2025-02-22 13:00:00+00:00,36.45,36.49,35.74,35.74,341003.24
2025-02-22 14:00:00+00:00,35.74,36.06,35.74,35.79,211556.74
2025-02-22 15:00:00+00:00,35.79,36.21,35.76,36.1,218189.04
2025-02-22 16:00:00+00:00,36.1,36.29,35.6,35.61,249487.67
2025-02-22 17:00:00+00:00,35.61,36.06,35.59,36.02,170014.14
2025-02-22 18:00:00+00:00,36.02,36.09,35.88,36.0,152054.52
2025-02-22 19:00:00+00:00,36.0,36.08,35.83,35.9,143855.83
2025-02-22 20:00:00+00:00,35.9,35.94,35.65,35.72,148041.0
2025-02-22 21:00:00+00:00,35.72,35.77,35.58,35.71,158783.18
2025-02-22 22:00:00+00:00,35.71,35.75,35.65,35.73,139561.99
2025-02-22 23:00:00+00:00,35.73,35.91,35.66,35.74,108968.76
2025-02-23 00:00:00+00:00,35.74,36.25,35.71,36.21,192094.41
2025-02-23 01:00:00+00:00,36.21,36.28,35.86,35.91,159368.29
2025-02-23 02:00:00+00:00,35.91,35.97,35.77,35.84,143821.68
2025-02-23 03:00:00+00:00,35.84,36.15,35.74,35.84,142814.83
2025-02-23 04:00:00+00:00,35.84,36.15,35.57,35.95,198840.33
2025-02-23 05:00:00+00:00,35.95,36.03,35.81,35.89,99943.37
2025-02-23 06:00:00+00:00,35.89,36.26,35.78,36.23,188246.44
2025-02-23 07:00:00+00:00,36.23,37.2,36.02,37.18,294574.36
2025-02-23 08:00:00+00:00,37.18,37.47,37.0,37.14,369953.25
2025-02-23 09:00:00+00:00,37.14,37.33,37.06,37.11,173112.41
2025-02-23 10:00:00+00:00,37.11,37.53,36.92,37.44,242982.16
2025-02-23 11:00:00+00:00,37.44,37.73,37.09,37.12,186319.77
2025-02-23 12:00:00+00:00,37.12,37.47,36.78,36.81,376855.92
2025-02-23 13:00:00+00:00,36.81,37.01,36.62,36.7,113903.67
2025-02-23 14:00:00+00:00,36.7,36.73,36.06,36.1,154496.25
2025-02-23 15:00:00+00:00,36.1,36.23,35.47,35.47,396432.06
2025-02-23 16:00:00+00:00,35.47,35.83,35.32,35.77,205973.02
2025-02-23 17:00:00+00:00,35.77,36.12,35.74,35.92,186575.65
2025-02-23 18:00:00+00:00,35.92,36.19,35.82,36.11,190558.94
2025-02-23 19:00:00+00:00,36.11,36.22,35.9,35.93,142603.36
2025-02-23 20:00:00+00:00,35.93,36.24,35.65,35.87,233336.18
2025-02-23 21:00:00+00:00,35.87,35.89,35.57,35.85,156986.09
2025-02-23 22:00:00+00:00,35.85,35.86,35.53,35.77,158954.25
2025-02-23 23:00:00+00:00,35.77,36.03,35.65,35.76,204661.38
2025-02-24 00:00:00+00:00,35.76,35.77,35.38,35.56,222438.88
2025-02-24 01:00:00+00:00,35.56,35.7,34.95,35.06,329934.36
2025-02-24 02:00:00+00:00,35.06,35.16,34.55,34.61,293259.16
2025-02-24 03:00:00+00:00,34.61,34.61,34.06,34.09,323253.65
2025-02-24 04:00:00+00:00,34.09,34.25,33.87,33.99,288570.01
2025-02-24 05:00:00+00:00,33.99,34.62,33.92,34.6,214572.12
2025-02-24 06:00:00+00:00,34.6,34.6,34.29,34.44,154069.0
2025-02-24 07:00:00+00:00,34.44,34.67,34.25,34.58,228277.9
2025-02-24 08:00:00+00:00,34.58,34.59,33.63,33.64,451341.11
2025-02-24 09:00:00+00:00,33.64,34.22,33.2,33.76,411039.18
2025-02-24 10:00:00+00:00,33.76,33.79,33.25,33.49,336827.88
2025-02-24 11:00:00+00:00,33.49,33.54,33.12,33.26,505610.03
2025-02-24 12:00:00+00:00,33.26,33.45,33.12,33.18,346701.25
2025-02-24 13:00:00+00:00,33.18,33.68,33.06,33.38,459411.56
2025-02-24 14:00:00+00:00,33.38,33.52,32.88,32.9,285824.75
2025-02-24 15:00:00+00:00,32.9,33.23,32.58,33.18,525735.92
2025-02-24 16:00:00+00:00,33.18,33.43,33.05,33.36,273259.32
2025-02-24 17:00:00+00:00,33.36,33.86,33.25,33.58,271088.77
2025-02-24 18:00:00+00:00,33.58,33.73,33.25,33.53,248818.96
2025-02-24 19:00:00+00:00,33.53,33.91,33.43,33.68,338976.68
2025-02-24 20:00:00+00:00,33.68,33.96,33.51,33.57,241977.21
2025-02-24 21:00:00+00:00,33.57,33.96,33.39,33.63,248548.02
2025-02-24 22:00:00+00:00,33.63,33.63,31.95,32.76,1196716.37
2025-02-24 23:00:00+00:00,32.76,33.51,32.76,33.01,382409.81
2025-02-25 00:00:00+00:00,33.01,33.6,32.38,32.91,596614.46
2025-02-25 01:00:00+00:00,32.91,33.22,32.34,32.37,449141.54
2025-02-25 02:00:00+00:00,32.37,33.33,32.24,33.28,331585.99
2025-02-25 03:00:00+00:00,33.28,34.67,32.86,33.13,754784.11
2025-02-25 04:00:00+00:00,33.13,33.42,32.86,32.88,687839.79
2025-02-25 05:00:00+00:00,32.88,33.49,32.74,33.18,335334.4
2025-02-25 06:00:00+00:00,33.18,33.27,32.54,32.54,283223.07
2025-02-25 07:00:00+00:00,32.54,32.64,31.29,31.84,772299.64
2025-02-25 08:00:00+00:00,31.84,32.57,31.58,31.99,379319.7
2025-02-25 09:00:00+00:00,31.99,32.19,31.44,31.44,399381.61
2025-02-25 10:00:00+00:00,31.44,32.02,30.59,31.78,541786.96
2025-02-25 11:00:00+00:00,31.78,32.5,31.46,32.46,375656.51
2025-02-25 12:00:00+00:00,32.46,32.87,32.08,32.2,307330.67
2025-02-25 13:00:00+00:00,32.2,32.36,31.68,31.78,320131.93
2025-02-25 14:00:00+00:00,31.78,32.2,31.13,31.27,389853.34
2025-02-25 15:00:00+00:00,31.27,32.24,30.89,32.06,463224.97
2025-02-25 16:00:00+00:00,32.06,32.8,31.63,32.37,372876.54
2025-02-25 17:00:00+00:00,32.37,32.64,32.09,32.35,321109.52
2025-02-25 18:00:00+00:00,32.35,33.08,32.32,32.49,473967.22
2025-02-25 19:00:00+00:00,32.49,33.43,32.46,33.43,290142.49
2025-02-25 20:00:00+00:00,33.43,34.09,33.43,33.78,500561.84
2025-02-25 21:00:00+00:00,33.78,34.54,33.72,34.49,253151.87
2025-02-25 22:00:00+00:00,34.49,34.53,33.78,33.92,237225.43
2025-02-25 23:00:00+00:00,33.92,34.05,33.44,33.46,180865.11
2025-02-26 00:00:00+00:00,33.46,33.5,33.13,33.18,212775.65
2025-02-26 01:00:00+00:00,33.18,33.48,33.18,33.36,232692.03
2025-02-26 02:00:00+00:00,33.36,33.8,33.15,33.73,225049.74
2025-02-26 03:00:00+00:00,33.73,34.05,33.7,33.88,141452.11
2025-02-26 04:00:00+00:00,33.88,34.27,33.81,33.86,207454.25
2025-02-26 05:00:00+00:00,33.86,34.57,33.48,33.95,360255.99
2025-02-26 06:00:00+00:00,33.95,34.5,33.91,34.47,224151.07
2025-02-26 07:00:00+00:00,34.47,34.71,34.34,34.63,283773.26
2025-02-26 08:00:00+00:00,34.63,34.63,33.98,34.19,303113.83
2025-02-26 09:00:00+00:00,34.19,35.08,34.14,35.05,543526.4
2025-02-26 10:00:00+00:00,35.05,35.06,34.54,34.8,250995.77
2025-02-26 11:00:00+00:00,34.8,34.99,34.47,34.75,270917.5
2025-02-26 12:00:00+00:00,34.75,34.96,33.98,34.13,406227.74
2025-02-26 13:00:00+00:00,34.13,34.22,33.89,33.94,337504.14
2025-02-26 14:00:00+00:00,33.94,35.3,33.61,35.09,669003.14
2025-02-26 15:00:00+00:00,35.09,35.78,35.08,35.68,550332.45
2025-02-26 16:00:00+00:00,35.68,36.19,35.53,36.06,756868.68
2025-02-26 17:00:00+00:00,36.06,36.34,35.33,35.43,402456.43
2025-02-26 18:00:00+00:00,35.43,35.77,34.93,35.31,532974.77
2025-02-26 19:00:00+00:00,35.31,36.23,35.29,35.62,465690.03
2025-02-26 20:00:00+00:00,35.62,36.44,35.41,36.39,363672.11
2025-02-26 21:00:00+00:00,36.39,36.46,35.97,36.18,357653.85
2025-02-26 22:00:00+00:00,36.18,36.78,36.18,36.37,303643.55
2025-02-26 23:00:00+00:00,36.37,36.47,35.86,35.92,290940.83
2025-02-27 00:00:00+00:00,35.92,36.13,35.69,36.1,321404.43
2025-02-27 01:00:00+00:00,36.1,36.73,36.04,36.5,250629.96
2025-02-27 02:00:00+00:00,36.5,36.75,36.36,36.6,236829.48
2025-02-27 03:00:00+00:00,36.6,37.05,36.52,37.02,213577.52
2025-02-27 04:00:00+00:00,37.02,37.28,36.73,36.99,219022.82
2025-02-27 05:00:00+00:00,36.99,37.14,36.63,36.73,203310.98
2025-02-27 06:00:00+00:00,36.73,37.42,36.66,37.38,252390.96
2025-02-27 07:00:00+00:00,37.38,37.53,37.3,37.32,211182.42
2025-02-27 08:00:00+00:00,37.32,37.45,37.2,37.25,160316.12
2025-02-27 09:00:00+00:00,37.25,37.33,36.98,37.0,190964.97
2025-02-27 10:00:00+00:00,37.0,37.19,36.91,37.08,262140.83
2025-02-27 11:00:00+00:00,37.08,37.09,36.67,36.78,256864.76
2025-02-27 12:00:00+00:00,36.78,36.83,36.33,36.62,303634.98
2025-02-27 13:00:00+00:00,36.62,36.66,36.14,36.27,164523.41
2025-02-27 14:00:00+00:00,36.27,36.32,35.91,35.96,165662.81
2025-02-27 15:00:00+00:00,35.96,36.35,35.65,35.85,358030.55
2025-02-27 16:00:00+00:00,35.85,35.97,35.55,35.59,295916.92
2025-02-27 17:00:00+00:00,35.59,35.94,35.45,35.91,301256.93
2025-02-27 18:00:00+00:00,35.91,36.07,35.8,35.89,202113.14
2025-02-27 19:00:00+00:00,35.89,36.14,35.85,36.05,250811.22
2025-02-27 20:00:00+00:00,36.05,36.12,35.82,35.84,240125.03
2025-02-27 21:00:00+00:00,35.84,36.43,35.63,36.39,300984.34
2025-02-27 22:00:00+00:00,36.39,36.69,36.35,36.53,265077.26
2025-02-27 23:00:00+00:00,36.53,36.59,36.35,36.46,169158.63
2025-02-28 00:00:00+00:00,36.46,36.67,36.38,36.49,199938.05
2025-02-28 01:00:00+00:00,36.49,36.63,35.61,36.01,411610.13
2025-02-28 02:00:00+00:00,36.01,36.33,35.57,36.11,516275.9
2025-02-28 03:00:00+00:00,36.11,36.99,35.9,35.9,485061.74
2025-02-28 04:00:00+00:00,35.9,36.72,35.88,36.44,441075.41
2025-02-28 05:00:00+00:00,36.44,36.47,35.74,36.43,401226.28
2025-02-28 06:00:00+00:00,36.43,36.59,35.89,36.22,347822.85
2025-02-28 07:00:00+00:00,36.22,36.61,35.71,36.06,394632.87
2025-02-28 08:00:00+00:00,36.06,36.34,35.42,35.97,434640.44
2025-02-28 09:00:00+00:00,35.97,36.3,35.86,35.89,255052.08
2025-02-28 10:00:00+00:00,35.89,35.98,35.1,35.12,551645.17
2025-02-28 11:00:00+00:00,35.12,35.31,34.97,35.12,446830.15
2025-02-28 12:00:00+00:00,35.12,35.46,34.95,35.09,339889.61
2025-02-28 13:00:00+00:00,35.09,35.95,35.04,35.83,360565.1
2025-02-28 14:00:00+00:00,35.83,36.28,35.65,36.13,304336.22
2025-02-28 15:00:00+00:00,36.13,36.95,36.12,36.57,335766.61
2025-02-28 16:00:00+00:00,36.57,37.18,36.37,37.06,275502.81
2025-02-28 17:00:00+00:00,37.06,37.26,36.76,36.95,347526.11
2025-02-28 18:00:00+00:00,36.95,37.33,36.74,37.04,303786.11
2025-02-28 19:00:00+00:00,37.04,37.41,36.99,37.36,257492.48
2025-02-28 20:00:00+00:00,37.36,37.4,36.77,36.9,338344.43
2025-02-28 21:00:00+00:00,36.9,37.17,36.65,36.83,286023.91
2025-02-28 22:00:00+00:00,36.83,36.94,36.53,36.72,310629.07
2025-02-28 23:00:00+00:00,36.72,37.51,36.66,37.41,319591.5
2025-03-01 00:00:00+00:00,37.41,37.68,37.11,37.16,365575.0
2025-03-01 01:00:00+00:00,37.16,37.58,37.15,37.52,267901.64
2025-03-01 02:00:00+00:00,37.52,37.58,37.14,37.32,240080.64
2025-03-01 03:00:00+00:00,37.32,37.4,37.02,37.05,184900.88
2025-03-01 04:00:00+00:00,37.05,37.21,36.88,36.97,230789.04
2025-03-01 05:00:00+00:00,36.97,37.18,36.69,37.02,333837.14
2025-03-01 06:00:00+00:00,37.02,37.19,36.81,36.91,211340.7
2025-03-01 07:00:00+00:00,36.91,36.97,36.61,36.77,170285.71
2025-03-01 08:00:00+00:00,36.77,37.52,36.76,37.48,230914.32
2025-03-01 09:00:00+00:00,37.48,37.48,36.78,36.93,199651.99
2025-03-01 10:00:00+00:00,36.93,36.95,36.42,36.9,313921.42
2025-03-01 11:00:00+00:00,36.9,37.07,36.72,36.98,191054.49
2025-03-01 12:00:00+00:00,36.98,36.98,36.51,36.8,273666.59
2025-03-01 13:00:00+00:00,36.8,36.93,36.48,36.65,288689.03
2025-03-01 14:00:00+00:00,36.65,36.84,36.52,36.57,208892.65
2025-03-01 15:00:00+00:00,36.57,36.8,36.52,36.74,191646.96
2025-03-01 16:00:00+00:00,36.74,37.31,36.5,37.27,260341.74
2025-03-01 17:00:00+00:00,37.27,37.76,37.15,37.6,363178.2
2025-03-01 18:00:00+00:00,37.6,37.61,37.08,37.21,247492.23
2025-03-01 19:00:00+00:00,37.21,37.69,37.18,37.54,213467.56
2025-03-01 20:00:00+00:00,37.54,37.58,37.19,37.22,131530.54
2025-03-01 21:00:00+00:00,37.22,37.42,37.18,37.42,123988.48
2025-03-01 22:00:00+00:00,37.42,37.6,37.25,37.41,137028.57
2025-03-01 23:00:00+00:00,37.41,37.73,37.29,37.58,109855.49
2025-03-02 00:00:00+00:00,37.58,37.61,37.11,37.15,194159.74
2025-03-02 01:00:00+00:00,37.15,37.38,37.14,37.29,167881.29
2025-03-02 02:00:00+00:00,37.29,37.75,37.28,37.5,221146.47
2025-03-02 03:00:00+00:00,37.5,37.66,37.38,37.39,161636.68
2025-03-02 04:00:00+00:00,37.39,37.96,37.29,37.63,207027.14
2025-03-02 05:00:00+00:00,37.63,38.04,37.52,37.97,176574.02
2025-03-02 06:00:00+00:00,37.97,38.29,37.75,38.1,241207.11
2025-03-02 07:00:00+00:00,38.1,38.37,37.95,38.2,212227.17
2025-03-02 08:00:00+00:00,38.2,38.66,38.14,38.61,224523.41
2025-03-02 09:00:00+00:00,38.61,39.48,38.56,39.15,402450.2
2025-03-02 10:00:00+00:00,39.15,39.46,39.01,39.44,297108.9
2025-03-02 11:00:00+00:00,39.44,39.92,39.4,39.74,285909.64
2025-03-02 12:00:00+00:00,39.74,40.36,39.72,40.17,410704.87
2025-03-02 13:00:00+00:00,40.17,40.17,39.64,39.73,331421.94
2025-03-02 14:00:00+00:00,39.73,40.33,39.64,39.89,474395.44
2025-03-02 15:00:00+00:00,39.89,40.85,39.24,40.1,1148050.0
2025-03-02 16:00:00+00:00,40.1,42.86,39.84,42.77,1000758.49
2025-03-02 17:00:00+00:00,42.77,42.88,42.06,42.71,471776.64
2025-03-02 18:00:00+00:00,42.71,42.99,41.69,41.78,775942.23
2025-03-02 19:00:00+00:00,41.78,42.39,41.71,42.28,221285.74
2025-03-02 20:00:00+00:00,42.28,42.66,41.86,42.52,320392.15
2025-03-02 21:00:00+00:00,42.52,42.57,41.82,41.96,241667.91
2025-03-02 22:00:00+00:00,41.96,41.98,41.53,41.89,388705.84
2025-03-02 23:00:00+00:00,41.89,41.97,40.75,41.14,454940.92
2025-03-03 00:00:00+00:00,41.14,42.39,41.02,41.89,438145.39
2025-03-03 01:00:00+00:00,41.89,42.72,41.63,42.55,354876.94
2025-03-03 02:00:00+00:00,42.55,42.64,41.26,41.3,370110.12
2025-03-03 03:00:00+00:00,41.3,41.51,40.75,41.09,325065.27
2025-03-03 04:00:00+00:00,41.09,41.26,40.89,41.25,272363.73
2025-03-03 05:00:00+00:00,41.25,41.65,41.22,41.57,214706.82
2025-03-03 06:00:00+00:00,41.57,41.83,40.47,40.79,385632.72
2025-03-03 07:00:00+00:00,40.79,41.09,40.52,40.94,328534.76
2025-03-03 08:00:00+00:00,40.94,41.05,40.12,40.34,339985.96
2025-03-03 09:00:00+00:00,40.34,40.66,40.1,40.58,332978.57
2025-03-03 10:00:00+00:00,40.58,40.77,40.32,40.39,261502.66
2025-03-03 11:00:00+00:00,40.39,40.57,40.19,40.39,222558.0
2025-03-03 12:00:00+00:00,40.39,40.58,39.95,40.09,302032.97
2025-03-03 13:00:00+00:00,40.09,40.46,39.99,40.22,257986.72
2025-03-03 14:00:00+00:00,40.22,40.31,39.1,39.14,436493.67
2025-03-03 15:00:00+00:00,39.14,40.06,39.14,39.43,389260.01
2025-03-03 16:00:00+00:00,39.43,39.57,38.86,39.46,275287.6
2025-03-03 17:00:00+00:00,39.46,39.68,39.26,39.31,147516.18
2025-03-03 18:00:00+00:00,39.31,39.37,37.89,38.05,479170.19
2025-03-03 19:00:00+00:00,38.05,38.36,36.89,36.91,776713.41
2025-03-03 20:00:00+00:00,36.91,37.56,36.87,37.28,410925.6
2025-03-03 21:00:00+00:00,37.28,37.32,36.2,36.29,279452.16
2025-03-03 22:00:00+00:00,36.29,36.74,36.28,36.64,224256.65
2025-03-03 23:00:00+00:00,36.64,36.71,36.14,36.16,173960.12
2025-03-04 00:00:00+00:00,36.16,36.39,35.79,35.79,316506.78
2025-03-04 01:00:00+00:00,35.79,36.01,34.18,34.32,692651.1
2025-03-04 02:00:00+00:00,34.32,35.37,33.7,35.21,437316.43
2025-03-04 03:00:00+00:00,35.21,35.37,34.71,34.84,190698.79
2025-03-04 04:00:00+00:00,34.84,35.03,34.56,34.59,198425.73
2025-03-04 05:00:00+00:00,34.59,35.34,34.58,35.21,254006.05
2025-03-04 06:00:00+00:00,35.21,35.28,34.92,35.02,158207.29
2025-03-04 07:00:00+00:00,35.02,35.12,34.73,34.73,221086.01
2025-03-04 08:00:00+00:00,34.73,35.3,34.65,35.12,242094.09
2025-03-04 09:00:00+00:00,35.12,35.16,34.67,34.88,226986.87
2025-03-04 10:00:00+00:00,34.88,35.11,34.73,34.95,204938.64
2025-03-04 11:00:00+00:00,34.95,35.19,34.46,34.8,200241.07
2025-03-04 12:00:00+00:00,34.8,34.82,34.12,34.53,341263.26
2025-03-04 13:00:00+00:00,34.53,34.54,33.41,33.5,318539.41
2025-03-04 14:00:00+00:00,33.5,35.17,33.48,34.33,385382.53
2025-03-04 15:00:00+00:00,34.33,34.7,33.63,34.47,401977.56
2025-03-04 16:00:00+00:00,34.47,34.5,33.01,34.1,405174.6
2025-03-04 17:00:00+00:00,34.1,34.92,34.06,34.58,304196.0
2025-03-04 18:00:00+00:00,34.58,35.03,34.39,34.91,269090.42
2025-03-04 19:00:00+00:00,34.91,35.16,34.56,34.89,247590.39
2025-03-04 20:00:00+00:00,34.89,35.3,34.35,34.47,230463.02
2025-03-04 21:00:00+00:00,34.47,35.33,34.38,34.95,334627.07
2025-03-04 22:00:00+00:00,34.95,35.15,34.8,34.84,232154.35
2025-03-04 23:00:00+00:00,34.84,35.06,34.72,34.85,162099.36
2025-03-05 00:00:00+00:00,34.85,35.26,34.57,34.99,254818.98
2025-03-05 01:00:00+00:00,34.99,35.9,34.85,35.81,227786.38
2025-03-05 02:00:00+00:00,35.81,36.96,35.7,36.72,322644.78
2025-03-05 03:00:00+00:00,36.72,37.14,35.21,35.43,371886.75
2025-03-05 04:00:00+00:00,35.43,36.55,35.4,36.12,294350.01
2025-03-05 05:00:00+00:00,36.12,36.97,36.04,36.51,227580.93
2025-03-05 06:00:00+00:00,36.51,36.51,35.97,36.3,208068.58
2025-03-05 07:00:00+00:00,36.3,36.44,36.1,36.23,167154.08
2025-03-05 08:00:00+00:00,36.23,36.49,36.05,36.24,204224.39
2025-03-05 09:00:00+00:00,36.24,36.55,36.19,36.28,249227.17
2025-03-05 10:00:00+00:00,36.28,36.64,36.12,36.55,248842.72
2025-03-05 11:00:00+00:00,36.55,36.67,36.21,36.4,216214.18
2025-03-05 12:00:00+00:00,36.4,36.55,36.3,36.51,201315.17
2025-03-05 13:00:00+00:00,36.51,36.74,36.38,36.5,188530.62
2025-03-05 14:00:00+00:00,36.5,36.61,35.81,36.1,479731.55
2025-03-05 15:00:00+00:00,36.1,36.42,35.67,35.76,326433.31
2025-03-05 16:00:00+00:00,35.76,35.88,35.42,35.8,281085.07
2025-03-05 17:00:00+00:00,35.8,35.98,35.45,35.89,226012.6
2025-03-05 18:00:00+00:00,35.89,36.06,35.72,36.06,172686.9
2025-03-05 19:00:00+00:00,36.06,36.33,35.88,35.89,158961.79
2025-03-05 20:00:00+00:00,35.89,36.15,35.78,35.85,178996.63
2025-03-05 21:00:00+00:00,35.85,35.96,35.5,35.77,152398.74
2025-03-05 22:00:00+00:00,35.77,35.9,35.65,35.85,139643.16
2025-03-05 23:00:00+00:00,35.85,36.04,35.8,35.87,153726.85
2025-03-06 00:00:00+00:00,35.87,36.02,35.46,35.61,150805.43
2025-03-06 01:00:00+00:00,35.61,36.07,35.49,35.69,185435.87
2025-03-06 02:00:00+00:00,35.69,35.99,35.5,35.6,200587.09
2025-03-06 03:00:00+00:00,35.6,35.98,35.56,35.97,183865.44
2025-03-06 04:00:00+00:00,35.97,35.99,35.49,35.91,250856.5
2025-03-06 05:00:00+00:00,35.91,36.35,35.82,36.19,235440.73
2025-03-06 06:00:00+00:00,36.19,36.21,35.92,35.98,134166.03
2025-03-06 07:00:00+00:00,35.98,36.03,35.46,35.54,166118.61
2025-03-06 08:00:00+00:00,35.54,35.85,35.46,35.76,170161.87
2025-03-06 09:00:00+00:00,35.76,35.87,35.41,35.49,132300.85
2025-03-06 10:00:00+00:00,35.49,35.68,35.39,35.58,158991.56
2025-03-06 11:00:00+00:00,35.58,35.66,35.4,35.41,181678.81
2025-03-06 12:00:00+00:00,35.41,35.45,34.93,35.24,290556.05
2025-03-06 13:00:00+00:00,35.24,35.28,34.94,34.95,182792.0
2025-03-06 14:00:00+00:00,34.95,35.14,34.45,34.72,218534.63
2025-03-06 15:00:00+00:00,34.72,35.06,34.63,34.95,195145.92
2025-03-06 16:00:00+00:00,34.95,34.97,34.36,34.38,214272.29
2025-03-06 17:00:00+00:00,34.38,34.47,33.49,34.01,375320.64
2025-03-06 18:00:00+00:00,34.01,34.03,33.61,33.78,176511.85
2025-03-06 19:00:00+00:00,33.78,33.88,33.45,33.53,151077.84
2025-03-06 20:00:00+00:00,33.53,33.84,33.45,33.7,172283.36
2025-03-06 21:00:00+00:00,33.7,33.87,33.56,33.65,230813.24
2025-03-06 22:00:00+00:00,33.65,34.13,33.65,33.8,170978.41
2025-03-06 23:00:00+00:00,33.8,33.92,33.58,33.66,113617.53
2025-03-07 00:00:00+00:00,33.66,34.02,32.38,32.56,493774.63
2025-03-07 01:00:00+00:00,32.56,33.52,32.44,33.32,203621.04
2025-03-07 02:00:00+00:00,33.32,33.59,33.16,33.27,174198.86
2025-03-07 03:00:00+00:00,33.27,33.7,33.24,33.25,176639.25
2025-03-07 04:00:00+00:00,33.25,33.57,33.21,33.22,136840.3
2025-03-07 05:00:00+00:00,33.22,33.35,33.05,33.19,173814.42
2025-03-07 06:00:00+00:00,33.19,33.22,32.99,33.13,114105.98
2025-03-07 07:00:00+00:00,33.13,33.49,33.07,33.47,189097.52
2025-03-07 08:00:00+00:00,33.47,33.61,32.92,33.04,330904.81
2025-03-07 09:00:00+00:00,33.04,33.49,33.02,33.27,233200.15
2025-03-07 10:00:00+00:00,33.27,33.39,33.03,33.21,184080.61
2025-03-07 11:00:00+00:00,33.21,33.38,33.11,33.15,174987.27
2025-03-07 12:00:00+00:00,33.15,33.24,32.86,32.95,229165.0
2025-03-07 13:00:00+00:00,32.95,33.32,32.67,32.98,456486.53
2025-03-07 14:00:00+00:00,32.98,33.09,32.32,32.79,535542.26
2025-03-07 15:00:00+00:00,32.79,33.11,32.46,32.78,454302.62
2025-03-07 16:00:00+00:00,32.78,32.9,32.3,32.58,382814.62
2025-03-07 17:00:00+00:00,32.58,33.0,32.3,32.74,308202.4
2025-03-07 18:00:00+00:00,32.74,33.28,32.72,33.19,289921.3
2025-03-07 19:00:00+00:00,33.19,33.49,32.93,33.35,358505.37
2025-03-07 20:00:00+00:00,33.35,33.35,32.8,32.95,408396.2
2025-03-07 21:00:00+00:00,32.95,33.24,32.07,33.0,644046.17
2025-03-07 22:00:00+00:00,33.0,33.04,32.37,32.53,251068.24
2025-03-07 23:00:00+00:00,32.53,32.58,32.01,32.22,276991.18
2025-03-08 00:00:00+00:00,32.22,32.22,31.76,32.12,467313.04
2025-03-08 01:00:00+00:00,32.12,32.21,31.69,31.91,451743.96
2025-03-08 02:00:00+00:00,31.91,32.06,31.77,31.92,377900.38
2025-03-08 03:00:00+00:00,31.92,32.13,31.76,31.94,282628.61
2025-03-08 04:00:00+00:00,31.94,32.3,31.86,32.15,160688.19
2025-03-08 05:00:00+00:00,32.15,32.38,32.03,32.17,218075.81
2025-03-08 06:00:00+00:00,32.17,32.44,32.15,32.27,263754.77
2025-03-08 07:00:00+00:00,32.27,32.36,32.0,32.07,200857.85
2025-03-08 08:00:00+00:00,32.07,32.14,31.81,31.96,228690.3
2025-03-08 09:00:00+00:00,31.96,32.31,31.94,32.14,130143.39
2025-03-08 10:00:00+00:00,32.14,32.3,31.84,32.21,116447.08
2025-03-08 11:00:00+00:00,32.21,32.23,31.7,31.9,158154.35
2025-03-08 12:00:00+00:00,31.9,32.25,31.79,32.21,184892.02
2025-03-08 13:00:00+00:00,32.21,32.24,31.89,32.21,177754.78
2025-03-08 14:00:00+00:00,32.21,32.29,31.95,32.03,140257.07
2025-03-08 15:00:00+00:00,32.03,32.04,31.69,31.71,143833.35
2025-03-08 16:00:00+00:00,31.71,31.74,31.33,31.58,324023.34
2025-03-08 17:00:00+00:00,31.58,32.04,31.53,31.97,211580.27
2025-03-08 18:00:00+00:00,31.97,32.22,31.93,31.95,102926.06
2025-03-08 19:00:00+00:00,31.95,32.31,31.87,32.24,109015.53
2025-03-08 20:00:00+00:00,32.24,32.25,32.03,32.06,63829.53
2025-03-08 21:00:00+00:00,32.06,32.15,31.91,31.98,83119.9
2025-03-08 22:00:00+00:00,31.98,31.99,31.75,31.91,167488.83
2025-03-08 23:00:00+00:00,31.91,31.94,31.66,31.73,121838.29
2025-03-09 00:00:00+00:00,31.73,31.76,31.6,31.75,160362.42
2025-03-09 01:00:00+00:00,31.75,31.82,31.49,31.5,153595.89
2025-03-09 02:00:00+00:00,31.5,31.53,31.12,31.14,269270.52
2025-03-09 03:00:00+00:00,31.14,31.2,30.54,30.57,397104.87
2025-03-09 04:00:00+00:00,30.57,31.17,30.52,31.16,222172.65
2025-03-09 05:00:00+00:00,31.16,31.25,30.86,30.86,126380.93
2025-03-09 06:00:00+00:00,30.86,31.01,30.72,30.77,181689.93
2025-03-09 07:00:00+00:00,30.77,31.03,30.53,30.93,118288.04
2025-03-09 08:00:00+00:00,30.93,31.1,30.52,30.68,289985.8
2025-03-09 09:00:00+00:00,30.68,30.89,30.65,30.68,253056.19
2025-03-09 10:00:00+00:00,30.68,30.8,30.31,30.38,463624.16
2025-03-09 11:00:00+00:00,30.38,30.48,30.03,30.27,756816.16
2025-03-09 12:00:00+00:00,30.27,30.44,30.18,30.27,225828.12
2025-03-09 13:00:00+00:00,30.27,30.69,29.96,30.19,441129.89
2025-03-09 14:00:00+00:00,30.19,30.86,30.08,30.16,522370.69
2025-03-09 15:00:00+00:00,30.16,30.7,29.78,29.85,349382.43
2025-03-09 16:00:00+00:00,29.85,30.02,29.26,29.27,582667.6
2025-03-09 17:00:00+00:00,29.27,29.61,28.78,28.88,552355.87
2025-03-09 18:00:00+00:00,28.88,29.21,28.49,28.92,559273.33
2025-03-09 19:00:00+00:00,28.92,29.5,28.75,29.32,578142.15
2025-03-09 20:00:00+00:00,29.32,29.6,29.07,29.1,227467.11
2025-03-09 21:00:00+00:00,29.1,29.18,28.63,28.8,332768.11
2025-03-09 22:00:00+00:00,28.8,28.98,28.69,28.69,425590.05
2025-03-09 23:00:00+00:00,28.69,29.2,28.59,29.13,543829.12
2025-03-10 00:00:00+00:00,29.13,29.5,28.92,29.37,454553.69
2025-03-10 01:00:00+00:00,29.37,29.68,29.18,29.63,426899.4
2025-03-10 02:00:00+00:00,29.63,30.33,29.62,30.14,920287.75
2025-03-10 03:00:00+00:00,30.14,30.42,28.66,30.3,487889.81
2025-03-10 04:00:00+00:00,30.3,31.13,30.2,30.55,423863.31
2025-03-10 05:00:00+00:00,30.55,30.91,29.88,30.41,347148.58
2025-03-10 06:00:00+00:00,30.41,30.68,30.07,30.57,363933.85
2025-03-10 07:00:00+00:00,30.57,30.81,30.41,30.55,189481.55
2025-03-10 08:00:00+00:00,30.55,30.55,29.96,30.12,343929.36
2025-03-10 09:00:00+00:00,30.12,31.04,29.95,30.23,548961.84
2025-03-10 10:00:00+00:00,30.23,30.26,29.67,29.9,394154.7
2025-03-10 11:00:00+00:00,29.9,30.43,29.86,30.39,260170.94
2025-03-10 12:00:00+00:00,30.39,30.69,30.31,30.63,268510.94
2025-03-10 13:00:00+00:00,30.63,30.67,30.01,30.06,236784.13
2025-03-10 14:00:00+00:00,30.06,30.07,28.85,29.03,749679.76
2025-03-10 15:00:00+00:00,29.03,30.07,28.99,29.68,336543.85
2025-03-10 16:00:00+00:00,29.68,29.89,29.04,29.22,312398.28
2025-03-10 17:00:00+00:00,29.22,29.37,28.19,28.27,470969.9
2025-03-10 18:00:00+00:00,28.27,29.04,27.76,27.79,412832.11
2025-03-10 19:00:00+00:00,27.79,29.44,27.78,29.17,854549.99
2025-03-10 20:00:00+00:00,29.17,29.25,28.67,28.94,274009.94
2025-03-10 21:00:00+00:00,28.94,29.13,28.72,28.89,227323.79
2025-03-10 22:00:00+00:00,28.89,29.46,28.87,29.37,443653.34
2025-03-10 23:00:00+00:00,29.37,29.62,28.85,28.94,438222.27
2025-03-11 00:00:00+00:00,28.94,29.27,27.63,28.23,514107.66
2025-03-11 01:00:00+00:00,28.23,28.89,27.81,28.87,629244.02
2025-03-11 02:00:00+00:00,28.87,29.46,28.8,29.35,817191.07
2025-03-11 03:00:00+00:00,29.35,29.45,29.1,29.1,228717.31
2025-03-11 04:00:00+00:00,29.1,29.37,28.17,29.08,216489.11
2025-03-11 05:00:00+00:00,29.08,29.47,28.14,29.02,471732.9
2025-03-11 06:00:00+00:00,29.02,29.34,28.76,28.76,237586.92
2025-03-11 07:00:00+00:00,28.76,29.28,28.76,29.15,213191.24
2025-03-11 08:00:00+00:00,29.15,29.57,29.03,29.4,301670.45
2025-03-11 09:00:00+00:00,29.4,29.72,29.14,29.59,316864.46
2025-03-11 10:00:00+00:00,29.59,29.74,29.42,29.48,305592.06
2025-03-11 11:00:00+00:00,29.48,29.78,29.32,29.54,207771.02
2025-03-11 12:00:00+00:00,29.54,29.58,28.69,28.97,314432.83
2025-03-11 13:00:00+00:00,28.97,29.45,28.57,28.57,688089.45
2025-03-11 14:00:00+00:00,28.57,28.73,28.0,28.13,530276.94
2025-03-11 15:00:00+00:00,28.13,29.18,28.09,29.14,406191.49
2025-03-11 16:00:00+00:00,29.14,29.64,28.92,29.48,382032.61
2025-03-11 17:00:00+00:00,29.48,29.74,29.0,29.1,363867.26
2025-03-11 18:00:00+00:00,29.1,30.27,29.08,30.23,631181.98
2025-03-11 19:00:00+00:00,30.23,30.27,29.86,30.17,331279.69
2025-03-11 20:00:00+00:00,30.17,30.26,29.94,30.09,179768.99
2025-03-11 21:00:00+00:00,30.09,30.18,29.41,29.42,232183.12
2025-03-11 22:00:00+00:00,29.42,29.74,29.41,29.63,223369.99
2025-03-11 23:00:00+00:00,29.63,29.7,29.35,29.61,107435.79
2025-03-12 00:00:00+00:00,29.61,29.61,29.19,29.46,181006.07
2025-03-12 01:00:00+00:00,29.46,29.77,29.33,29.61,292299.11
2025-03-12 02:00:00+00:00,29.61,29.76,28.98,29.05,235973.29
2025-03-12 03:00:00+00:00,29.05,29.17,27.64,27.94,1148087.48
2025-03-12 04:00:00+00:00,27.94,28.24,27.67,28.08,1082179.51
2025-03-12 05:00:00+00:00,28.08,28.53,28.06,28.29,555062.04
2025-03-12 06:00:00+00:00,28.29,28.41,28.15,28.27,161884.49
2025-03-12 07:00:00+00:00,28.27,28.79,28.26,28.61,172560.6
2025-03-12 08:00:00+00:00,28.61,29.11,28.41,28.9,213774.46
2025-03-12 09:00:00+00:00,28.9,29.06,28.58,28.7,208976.08
2025-03-12 10:00:00+00:00,28.7,28.8,28.06,28.31,302671.43
2025-03-12 11:00:00+00:00,28.31,28.76,28.3,28.64,375585.98
2025-03-12 12:00:00+00:00,28.64,29.06,28.39,28.79,495886.57
2025-03-12 13:00:00+00:00,28.79,28.96,28.16,28.21,378024.73
2025-03-12 14:00:00+00:00,28.21,28.31,27.63,27.76,422459.21
2025-03-12 15:00:00+00:00,27.76,28.04,27.44,27.92,286051.4
2025-03-12 16:00:00+00:00,27.92,28.41,27.88,28.3,301992.4
2025-03-12 17:00:00+00:00,28.3,28.83,28.08,28.11,332345.22
2025-03-12 18:00:00+00:00,28.11,28.48,27.97,28.31,148760.59
2025-03-12 19:00:00+00:00,28.31,28.88,28.24,28.84,370544.68
2025-03-12 20:00:00+00:00,28.84,29.41,28.73,29.35,558436.3
2025-03-12 21:00:00+00:00,29.35,29.54,28.98,29.17,227018.38
2025-03-12 22:00:00+00:00,29.17,29.57,29.09,29.49,275587.85
2025-03-12 23:00:00+00:00,29.49,29.63,29.34,29.41,210532.07
2025-03-13 00:00:00+00:00,29.41,29.42,29.08,29.17,244389.69
2025-03-13 01:00:00+00:00,29.17,29.29,28.85,29.26,283580.07
2025-03-13 02:00:00+00:00,29.26,30.26,29.18,29.2,753739.23
2025-03-13 03:00:00+00:00,29.2,29.86,29.05,29.2,277535.84
2025-03-13 04:00:00+00:00,29.2,29.62,29.11,29.44,219833.45
2025-03-13 05:00:00+00:00,29.44,29.62,29.15,29.19,257331.67
2025-03-13 06:00:00+00:00,29.19,29.23,28.78,28.97,238993.93
2025-03-13 07:00:00+00:00,28.97,29.5,28.95,29.36,137945.69
2025-03-13 08:00:00+00:00,29.36,29.65,29.3,29.6,194664.96
2025-03-13 09:00:00+00:00,29.6,29.99,29.54,29.92,289836.68
2025-03-13 10:00:00+00:00,29.92,29.98,29.51,29.57,353484.92
2025-03-13 11:00:00+00:00,29.57,29.74,29.47,29.7,149025.3
2025-03-13 12:00:00+00:00,29.7,29.85,29.14,29.17,403916.63
2025-03-13 13:00:00+00:00,29.17,29.58,28.96,29.34,161913.86
2025-03-13 14:00:00+00:00,29.34,30.14,29.26,29.76,446758.15
2025-03-13 15:00:00+00:00,29.76,30.15,29.72,29.78,225532.98
2025-03-13 16:00:00+00:00,29.78,30.02,29.44,29.68,317527.16
2025-03-13 17:00:00+00:00,29.68,30.17,29.57,29.76,647942.6
2025-03-13 18:00:00+00:00,29.76,30.04,29.73,30.0,256869.71
2025-03-13 19:00:00+00:00,30.0,30.23,29.25,29.36,321829.38
2025-03-13 20:00:00+00:00,29.36,29.56,29.21,29.39,211625.48
2025-03-13 21:00:00+00:00,29.39,29.71,29.34,29.67,199898.26
2025-03-13 22:00:00+00:00,29.67,29.95,29.63,29.93,216145.83
2025-03-13 23:00:00+00:00,29.93,30.2,29.9,30.09,385564.74
2025-03-14 00:00:00+00:00,30.09,30.29,29.91,30.2,445866.65
2025-03-14 01:00:00+00:00,30.2,30.32,29.86,29.96,312108.62
2025-03-14 02:00:00+00:00,29.96,30.14,29.77,30.05,160646.25
2025-03-14 03:00:00+00:00,30.05,30.2,29.88,30.13,261049.01
2025-03-14 04:00:00+00:00,30.13,30.22,29.8,29.95,285132.82
2025-03-14 05:00:00+00:00,29.95,30.16,29.88,30.08,327836.51
2025-03-14 06:00:00+00:00,30.08,30.16,29.83,30.08,196376.89
2025-03-14 07:00:00+00:00,30.08,30.11,29.76,30.05,333230.02
2025-03-14 08:00:00+00:00,30.05,30.05,29.78,29.94,277546.57
2025-03-14 09:00:00+00:00,29.94,30.5,29.8,30.46,451788.5
2025-03-14 10:00:00+00:00,30.46,30.49,30.28,30.41,320067.03
2025-03-14 11:00:00+00:00,30.41,30.64,30.09,30.24,226710.01
2025-03-14 12:00:00+00:00,30.24,30.43,29.96,30.2,161619.18
2025-03-14 13:00:00+00:00,30.2,30.77,29.8,30.73,314455.54
2025-03-14 14:00:00+00:00,30.73,30.92,30.35,30.73,331602.24
2025-03-14 15:00:00+00:00,30.73,31.45,30.68,31.16,406076.58
2025-03-14 16:00:00+00:00,31.16,31.35,30.76,31.19,605212.49
2025-03-14 17:00:00+00:00,31.19,31.4,30.93,31.28,237702.46
2025-03-14 18:00:00+00:00,31.28,31.37,30.99,31.17,266431.94
2025-03-14 19:00:00+00:00,31.17,31.27,30.9,30.97,183394.02
2025-03-14 20:00:00+00:00,30.97,31.33,30.9,31.3,299677.6
2025-03-14 21:00:00+00:00,31.3,31.48,31.08,31.35,195335.54
2025-03-14 22:00:00+00:00,31.35,31.49,31.01,31.1,234247.45
2025-03-14 23:00:00+00:00,31.1,31.49,30.88,31.38,195889.34
2025-03-15 00:00:00+00:00,31.38,31.42,31.13,31.2,365105.65
2025-03-15 01:00:00+00:00,31.2,31.28,30.7,30.71,537901.71
2025-03-15 02:00:00+00:00,30.71,30.98,30.3,30.57,475791.69
2025-03-15 03:00:00+00:00,30.57,30.78,30.42,30.55,635536.38
2025-03-15 04:00:00+00:00,30.55,30.96,30.44,30.6,302618.87
2025-03-15 05:00:00+00:00,30.6,30.98,30.43,30.98,238586.42
2025-03-15 06:00:00+00:00,30.98,31.09,30.54,30.65,176825.06
2025-03-15 07:00:00+00:00,30.65,30.8,30.48,30.68,299286.82
2025-03-15 08:00:00+00:00,30.68,30.89,30.64,30.7,237605.18
2025-03-15 09:00:00+00:00,30.7,30.84,30.53,30.74,283809.73
2025-03-15 10:00:00+00:00,30.74,31.05,30.54,30.96,174447.58
2025-03-15 11:00:00+00:00,30.96,31.31,30.94,31.24,293690.94
2025-03-15 12:00:00+00:00,31.24,31.39,30.87,30.92,136019.67
2025-03-15 13:00:00+00:00,30.92,31.09,30.82,30.88,121607.18
2025-03-15 14:00:00+00:00,30.88,31.14,30.75,31.03,169735.8
2025-03-15 15:00:00+00:00,31.03,31.22,30.93,31.15,81499.34
2025-03-15 16:00:00+00:00,31.15,31.22,30.96,31.05,110175.06
2025-03-15 17:00:00+00:00,31.05,31.15,30.93,31.1,159699.92
2025-03-15 18:00:00+00:00,31.1,31.31,31.02,31.15,193184.9
2025-03-15 19:00:00+00:00,31.15,31.21,31.01,31.14,118116.9
2025-03-15 20:00:00+00:00,31.14,31.26,30.72,30.86,166998.74
2025-03-15 21:00:00+00:00,30.86,31.43,30.83,31.33,112541.81
2025-03-15 22:00:00+00:00,31.33,31.57,31.18,31.24,115406.14
2025-03-15 23:00:00+00:00,31.24,31.51,31.15,31.27,49453.3
2025-03-16 00:00:00+00:00,31.27,31.38,30.85,30.89,247543.61
2025-03-16 01:00:00+00:00,30.89,31.2,30.82,31.01,105766.73
2025-03-16 02:00:00+00:00,31.01,31.25,30.97,31.24,94857.52
2025-03-16 03:00:00+00:00,31.24,31.68,31.15,31.51,133276.67
2025-03-16 04:00:00+00:00,31.51,32.48,31.47,32.39,567426.46
2025-03-16 05:00:00+00:00,32.39,32.57,32.01,32.52,306438.54
2025-03-16 06:00:00+00:00,32.52,32.59,32.1,32.51,199017.27
2025-03-16 07:00:00+00:00,32.51,32.61,32.27,32.47,171775.47
2025-03-16 08:00:00+00:00,32.47,32.55,32.26,32.35,124765.55
2025-03-16 09:00:00+00:00,32.35,32.56,32.3,32.51,245107.87
2025-03-16 10:00:00+00:00,32.51,32.91,32.28,32.28,569783.44
2025-03-16 11:00:00+00:00,32.28,32.36,31.71,31.84,767319.91
2025-03-16 12:00:00+00:00,31.84,32.16,31.74,32.0,458206.69
2025-03-16 13:00:00+00:00,32.0,32.2,31.73,31.89,343233.01
2025-03-16 14:00:00+00:00,31.89,32.0,31.27,31.46,519708.67
2025-03-16 15:00:00+00:00,31.46,31.8,31.22,31.73,318668.48
2025-03-16 16:00:00+00:00,31.73,32.06,31.57,31.65,446364.78
2025-03-16 17:00:00+00:00,31.65,32.03,31.57,31.84,318837.36
2025-03-16 18:00:00+00:00,31.84,32.44,31.75,31.8,410724.84
2025-03-16 19:00:00+00:00,31.8,31.89,31.57,31.74,284323.35
2025-03-16 20:00:00+00:00,31.74,32.02,31.68,32.0,229805.8
2025-03-16 21:00:00+00:00,32.0,32.41,31.74,32.27,249946.95
2025-03-16 22:00:00+00:00,32.27,32.27,31.91,31.94,404840.35
2025-03-16 23:00:00+00:00,31.94,32.07,31.35,31.38,221435.2
2025-03-17 00:00:00+00:00,31.38,32.04,31.35,31.98,349794.02
2025-03-17 01:00:00+00:00,31.98,32.22,31.85,32.17,128777.94
2025-03-17 02:00:00+00:00,32.17,32.3,32.04,32.23,207116.75
2025-03-17 03:00:00+00:00,32.23,32.48,32.14,32.44,302883.2
2025-03-17 04:00:00+00:00,32.44,32.72,32.34,32.53,504039.87
2025-03-17 05:00:00+00:00,32.53,32.87,32.39,32.58,675029.38
2025-03-17 06:00:00+00:00,32.58,33.23,32.57,33.11,521619.5
2025-03-17 07:00:00+00:00,33.11,33.48,33.05,33.07,441544.51
2025-03-17 08:00:00+00:00,33.07,33.2,32.29,32.4,162077.56
2025-03-17 09:00:00+00:00,32.4,32.79,32.26,32.71,151032.03
2025-03-17 10:00:00+00:00,32.71,33.03,32.46,32.85,252828.94
2025-03-17 11:00:00+00:00,32.85,33.08,32.71,32.82,221378.52
2025-03-17 12:00:00+00:00,32.82,33.19,32.44,32.47,283819.43
2025-03-17 13:00:00+00:00,32.47,32.77,32.29,32.61,245016.52
2025-03-17 14:00:00+00:00,32.61,32.97,32.58,32.81,301248.14
2025-03-17 15:00:00+00:00,32.81,33.08,32.73,32.96,211744.26
2025-03-17 16:00:00+00:00,32.96,32.98,32.41,32.64,239092.43
2025-03-17 17:00:00+00:00,32.64,32.74,32.51,32.74,134632.21
2025-03-17 18:00:00+00:00,32.74,33.18,32.52,33.06,326050.31
2025-03-17 19:00:00+00:00,33.06,33.56,33.0,33.54,431840.07
2025-03-17 20:00:00+00:00,33.54,33.54,33.26,33.29,236040.03
2025-03-17 21:00:00+00:00,33.29,33.53,33.21,33.48,111285.79
2025-03-17 22:00:00+00:00,33.48,33.49,33.3,33.32,81821.34
2025-03-17 23:00:00+00:00,33.32,33.37,33.07,33.08,132144.9
2025-03-18 00:00:00+00:00,33.08,33.15,32.99,33.05,113257.49
2025-03-18 01:00:00+00:00,33.05,33.1,32.84,32.89,88065.14
2025-03-18 02:00:00+00:00,32.89,33.03,32.43,32.79,87377.06
2025-03-18 03:00:00+00:00,32.79,32.86,32.44,32.45,273844.22
2025-03-18 04:00:00+00:00,32.45,32.61,32.17,32.56,290467.82
2025-03-18 05:00:00+00:00,32.56,32.89,32.51,32.64,214423.22
2025-03-18 06:00:00+00:00,32.64,32.68,32.22,32.26,201470.37
2025-03-18 07:00:00+00:00,32.26,32.58,32.22,32.34,248615.23
2025-03-18 08:00:00+00:00,32.34,32.47,32.17,32.28,191427.73
2025-03-18 09:00:00+00:00,32.28,32.48,31.89,32.04,197568.85
2025-03-18 10:00:00+00:00,32.04,32.15,31.76,31.86,407469.2
2025-03-18 11:00:00+00:00,31.86,32.03,31.7,31.78,283232.02
2025-03-18 12:00:00+00:00,31.78,31.83,31.48,31.52,239124.25
2025-03-18 13:00:00+00:00,31.52,31.71,31.28,31.53,277369.37
2025-03-18 14:00:00+00:00,31.53,32.23,31.46,32.17,258668.43
2025-03-18 15:00:00+00:00,32.17,32.17,31.47,31.7,425417.63
2025-03-18 16:00:00+00:00,31.7,31.7,31.21,31.49,415946.86
2025-03-18 17:00:00+00:00,31.49,31.87,31.46,31.65,515276.39
2025-03-18 18:00:00+00:00,31.65,32.07,31.53,32.03,308455.59
2025-03-18 19:00:00+00:00,32.03,32.18,31.87,32.07,318228.18
2025-03-18 20:00:00+00:00,32.07,32.15,31.88,32.02,126894.92
2025-03-18 21:00:00+00:00,32.02,32.22,31.88,31.88,196834.59
2025-03-18 22:00:00+00:00,31.88,32.13,31.87,31.99,224938.62
2025-03-18 23:00:00+00:00,31.99,32.15,31.82,31.87,346220.94
2025-03-19 00:00:00+00:00,31.87,32.15,31.65,32.0,508786.57
2025-03-19 01:00:00+00:00,32.0,32.05,31.76,31.8,237429.5
2025-03-19 02:00:00+00:00,31.8,32.0,31.75,31.83,163382.47
2025-03-19 03:00:00+00:00,31.83,32.32,31.71,32.31,345284.45
2025-03-19 04:00:00+00:00,32.31,32.54,32.26,32.26,289283.99
2025-03-19 05:00:00+00:00,32.26,33.04,32.07,32.49,455625.56
2025-03-19 06:00:00+00:00,32.49,32.91,32.39,32.87,221459.58
2025-03-19 07:00:00+00:00,32.87,32.88,32.25,32.42,164959.07
2025-03-19 08:00:00+00:00,32.42,32.58,32.03,32.04,251528.12
2025-03-19 09:00:00+00:00,32.04,32.4,31.92,32.34,218668.78
2025-03-19 10:00:00+00:00,32.34,32.63,31.15,32.24,553781.82
2025-03-19 11:00:00+00:00,32.24,32.69,32.14,32.59,313058.43
2025-03-19 12:00:00+00:00,32.59,32.68,31.51,32.03,641779.14
2025-03-19 13:00:00+00:00,32.03,32.34,31.86,32.25,468237.75
2025-03-19 14:00:00+00:00,32.25,32.78,32.24,32.64,422711.17
2025-03-19 15:00:00+00:00,32.64,32.69,32.12,32.23,428180.07
2025-03-19 16:00:00+00:00,32.23,32.27,30.92,32.06,382145.52
2025-03-19 17:00:00+00:00,32.06,32.43,31.99,32.37,370987.5
2025-03-19 18:00:00+00:00,32.37,33.33,32.27,33.31,427260.51
2025-03-19 19:00:00+00:00,33.31,33.97,33.08,33.75,141995.7
2025-03-19 20:00:00+00:00,33.75,34.06,33.75,33.82,56987.81
2025-03-19 21:00:00+00:00,33.82,34.12,32.84,32.98,130550.12
2025-03-19 22:00:00+00:00,32.98,33.06,32.64,32.83,268973.05
2025-03-19 23:00:00+00:00,32.83,32.97,32.49,32.89,352787.21
2025-03-20 00:00:00+00:00,32.89,33.13,32.62,32.94,463280.78
2025-03-20 01:00:00+00:00,32.94,32.95,32.33,32.43,289807.77
2025-03-20 02:00:00+00:00,32.43,32.65,32.25,32.3,195073.97
2025-03-20 03:00:00+00:00,32.3,32.42,31.96,32.26,256187.28
2025-03-20 04:00:00+00:00,32.26,32.89,32.25,32.71,316305.2
2025-03-20 05:00:00+00:00,32.71,32.82,32.22,32.5,176275.18
2025-03-20 06:00:00+00:00,32.5,33.29,32.48,32.99,547272.7
2025-03-20 07:00:00+00:00,32.99,33.16,32.9,32.97,310265.2
2025-03-20 08:00:00+00:00,32.97,33.07,32.0,32.71,594944.57
2025-03-20 09:00:00+00:00,32.71,32.86,32.55,32.83,341951.48
2025-03-20 10:00:00+00:00,32.83,32.95,32.01,32.16,297903.6
2025-03-20 11:00:00+00:00,32.16,32.37,32.01,32.26,182647.98
2025-03-20 12:00:00+00:00,32.26,32.57,32.21,32.46,200914.54
2025-03-20 13:00:00+00:00,32.46,32.51,31.45,32.18,222850.61
2025-03-20 14:00:00+00:00,32.18,32.75,32.11,32.72,399822.6
2025-03-20 15:00:00+00:00,32.72,32.73,32.38,32.48,209908.08
2025-03-20 16:00:00+00:00,32.48,32.92,32.1,32.32,996033.35
2025-03-20 17:00:00+00:00,32.32,33.4,32.28,33.36,107542.68
2025-03-20 18:00:00+00:00,33.36,33.59,31.74,31.76,348054.19
2025-03-20 19:00:00+00:00,31.76,32.12,31.72,32.06,272554.38
2025-03-20 20:00:00+00:00,32.06,32.34,32.02,32.13,292279.7
2025-03-20 21:00:00+00:00,32.13,32.22,31.05,31.84,174955.57
2025-03-20 22:00:00+00:00,31.84,32.2,31.73,32.19,299007.29
2025-03-20 23:00:00+00:00,32.19,32.39,31.96,32.33,250256.56
2025-03-21 00:00:00+00:00,32.33,32.4,32.05,32.08,237449.64
2025-03-21 01:00:00+00:00,32.08,32.19,32.04,32.13,221642.09
2025-03-21 02:00:00+00:00,32.13,32.19,31.97,31.98,92974.49
2025-03-21 03:00:00+00:00,31.98,32.08,31.77,32.03,233813.72
2025-03-21 04:00:00+00:00,32.03,32.15,31.83,32.13,135134.72
2025-03-21 05:00:00+00:00,32.13,32.15,31.55,31.78,286224.84
2025-03-21 06:00:00+00:00,31.78,31.79,30.8,31.29,717635.56
2025-03-21 07:00:00+00:00,31.29,31.36,30.6,30.86,621506.07
2025-03-21 08:00:00+00:00,30.86,30.9,29.96,30.21,994335.68
2025-03-21 09:00:00+00:00,30.21,30.38,29.4,29.75,1508632.39
2025-03-21 10:00:00+00:00,29.75,30.04,29.31,29.86,902739.75
2025-03-21 11:00:00+00:00,29.86,30.09,29.45,29.72,655786.29
2025-03-21 12:00:00+00:00,29.72,29.8,28.96,29.08,1398255.46
2025-03-21 13:00:00+00:00,29.08,29.28,28.87,28.96,1220471.07
2025-03-21 14:00:00+00:00,28.96,30.44,28.43,28.97,1902488.95
2025-03-21 15:00:00+00:00,28.97,29.57,28.93,29.46,777318.94
2025-03-21 16:00:00+00:00,29.46,30.7,29.25,30.34,1097122.0
2025-03-21 17:00:00+00:00,30.34,30.41,30.0,30.09,750884.67
2025-03-21 18:00:00+00:00,30.09,30.7,30.04,30.51,679965.08
2025-03-21 19:00:00+00:00,30.51,30.73,30.09,30.13,328138.73
2025-03-21 20:00:00+00:00,30.13,30.5,30.08,30.15,412274.09
2025-03-21 21:00:00+00:00,30.15,30.41,30.07,30.32,429060.79
2025-03-21 22:00:00+00:00,30.32,30.36,29.7,29.73,509895.29
2025-03-21 23:00:00+00:00,29.73,30.11,29.31,29.42,526108.49
2025-03-22 00:00:00+00:00,29.42,29.88,29.3,29.52,327011.81
2025-03-22 01:00:00+00:00,29.52,29.89,29.27,29.49,500773.0
2025-03-22 02:00:00+00:00,29.49,29.54,29.07,29.21,614325.58
2025-03-22 03:00:00+00:00,29.21,29.44,29.04,29.27,471026.45
2025-03-22 04:00:00+00:00,29.27,29.6,28.96,29.04,716335.48
2025-03-22 05:00:00+00:00,29.04,29.17,28.45,29.06,944112.11
2025-03-22 06:00:00+00:00,29.06,29.4,28.96,29.28,560656.07
2025-03-22 07:00:00+00:00,29.28,29.75,29.27,29.61,500409.15
2025-03-22 08:00:00+00:00,29.61,29.92,29.41,29.75,514676.33
2025-03-22 09:00:00+00:00,29.75,29.96,29.4,29.66,614529.9
2025-03-22 10:00:00+00:00,29.66,30.13,29.51,30.05,623149.09
2025-03-22 11:00:00+00:00,30.05,30.11,29.65,29.84,724093.8
2025-03-22 12:00:00+00:00,29.84,29.89,28.79,29.14,885141.12
2025-03-22 13:00:00+00:00,29.14,29.44,29.01,29.15,528139.69
2025-03-22 14:00:00+00:00,29.15,29.43,28.88,29.0,560874.54
2025-03-22 15:00:00+00:00,29.0,29.33,28.94,29.29,194067.94
2025-03-22 16:00:00+00:00,29.29,29.6,29.09,29.46,423585.64
2025-03-22 17:00:00+00:00,29.46,29.59,29.41,29.51,405366.53
2025-03-22 18:00:00+00:00,29.51,29.55,29.22,29.48,166441.2
2025-03-22 19:00:00+00:00,29.48,29.63,29.41,29.56,347588.17
2025-03-22 20:00:00+00:00,29.56,29.62,29.44,29.5,525844.41
2025-03-22 21:00:00+00:00,29.5,29.56,29.28,29.41,428347.52
2025-03-22 22:00:00+00:00,29.41,29.52,29.34,29.4,169982.03
2025-03-22 23:00:00+00:00,29.4,29.52,29.34,29.39,346345.42
2025-03-23 00:00:00+00:00,29.39,29.77,29.32,29.77,304552.45
2025-03-23 01:00:00+00:00,29.77,29.78,29.42,29.66,260250.81
2025-03-23 02:00:00+00:00,29.66,29.68,29.46,29.54,187691.4
2025-03-23 03:00:00+00:00,29.54,29.76,29.4,29.76,235439.28
2025-03-23 04:00:00+00:00,29.76,29.99,29.49,29.95,594803.81
2025-03-23 05:00:00+00:00,29.95,29.96,29.43,29.58,283575.91
2025-03-23 06:00:00+00:00,29.58,29.68,29.27,29.31,326595.45
2025-03-23 07:00:00+00:00,29.31,29.41,29.12,29.16,409363.23
2025-03-23 08:00:00+00:00,29.16,29.86,29.13,29.39,706753.1
2025-03-23 09:00:00+00:00,29.39,29.78,29.35,29.66,643106.46
2025-03-23 10:00:00+00:00,29.66,29.81,29.53,29.63,416231.17
2025-03-23 11:00:00+00:00,29.63,30.22,29.57,30.14,337408.3
2025-03-23 12:00:00+00:00,30.14,31.4,29.79,31.3,317345.03
2025-03-23 13:00:00+00:00,31.3,31.86,31.26,31.7,174107.12
2025-03-23 14:00:00+00:00,31.7,31.94,31.54,31.72,130022.72
2025-03-23 15:00:00+00:00,31.72,31.82,31.64,31.68,53357.03
2025-03-23 16:00:00+00:00,31.68,31.83,31.63,31.64,86053.49
2025-03-23 17:00:00+00:00,31.64,31.74,31.45,31.65,175582.71
2025-03-23 18:00:00+00:00,31.65,31.8,30.79,30.89,402957.42
2025-03-23 19:00:00+00:00,30.89,30.97,30.67,30.92,138369.04
2025-03-23 20:00:00+00:00,30.92,31.3,30.83,31.2,165011.26
2025-03-23 21:00:00+00:00,31.2,31.21,30.89,30.94,46144.8
2025-03-23 22:00:00+00:00,30.94,31.05,30.88,30.93,42792.29
2025-03-23 23:00:00+00:00,30.93,31.03,30.89,31.0,30730.08
2025-03-24 00:00:00+00:00,31.0,31.39,30.98,31.23,129334.27
2025-03-24 01:00:00+00:00,31.23,31.28,30.82,30.88,61785.93
2025-03-24 02:00:00+00:00,30.88,31.09,30.82,31.03,39193.53
2025-03-24 03:00:00+00:00,31.03,31.35,31.0,31.26,50063.52
2025-03-24 04:00:00+00:00,31.26,31.72,31.22,31.66,70867.47
2025-03-24 05:00:00+00:00,31.66,32.16,31.63,31.85,170274.23
2025-03-24 06:00:00+00:00,31.85,32.94,31.84,32.65,275641.97
2025-03-24 07:00:00+00:00,32.65,32.8,32.4,32.44,70837.89
2025-03-24 08:00:00+00:00,32.44,32.59,32.25,32.29,72409.31
2025-03-24 09:00:00+00:00,32.29,32.47,32.12,32.17,65945.58
2025-03-24 10:00:00+00:00,32.17,32.23,31.89,31.99,58845.16
2025-03-24 11:00:00+00:00,31.99,32.23,31.82,32.12,240585.43
2025-03-24 12:00:00+00:00,32.12,32.44,32.09,32.34,126874.93
2025-03-24 13:00:00+00:00,32.34,32.41,32.01,32.16,141199.65
2025-03-24 14:00:00+00:00,32.16,32.43,32.02,32.08,163079.98
2025-03-24 15:00:00+00:00,32.08,32.19,31.97,32.04,112783.18
2025-03-24 16:00:00+00:00,32.04,32.18,31.66,31.79,188883.08
2025-03-24 17:00:00+00:00,31.79,31.93,30.75,30.75,182311.06
2025-03-24 18:00:00+00:00,30.75,30.79,29.85,30.32,156210.5
2025-03-24 19:00:00+00:00,30.32,30.4,29.87,30.27,167868.86
2025-03-24 20:00:00+00:00,30.27,30.57,30.23,30.57,256982.86
2025-03-24 21:00:00+00:00,30.57,30.65,30.36,30.44,177908.91
2025-03-24 22:00:00+00:00,30.44,30.59,30.27,30.55,80368.33
2025-03-24 23:00:00+00:00,30.55,30.69,30.51,30.63,98702.35
2025-03-25 00:00:00+00:00,30.63,30.66,30.45,30.6,96854.56
2025-03-25 01:00:00+00:00,30.6,30.68,30.29,30.37,155362.62
2025-03-25 02:00:00+00:00,30.37,30.48,29.93,30.22,77931.39
2025-03-25 03:00:00+00:00,30.22,30.49,30.1,30.23,90400.38
2025-03-25 04:00:00+00:00,30.23,30.83,30.1,30.8,463182.41
2025-03-25 05:00:00+00:00,30.8,31.31,30.66,31.18,670906.32
2025-03-25 06:00:00+00:00,31.18,32.34,31.11,32.03,855079.37
2025-03-25 07:00:00+00:00,32.03,32.73,31.76,32.19,655477.56
2025-03-25 08:00:00+00:00,32.19,32.71,32.16,32.61,601675.56
2025-03-25 09:00:00+00:00,32.61,33.03,32.55,32.96,228783.29
2025-03-25 10:00:00+00:00,32.96,33.03,32.62,32.75,297908.35
2025-03-25 11:00:00+00:00,32.75,33.12,32.69,32.97,295874.83
2025-03-25 12:00:00+00:00,32.97,33.76,32.92,33.44,783318.21
2025-03-25 13:00:00+00:00,33.44,35.08,33.38,34.8,1682125.32
2025-03-25 14:00:00+00:00,34.8,35.27,34.55,34.92,1132259.68
2025-03-25 15:00:00+00:00,34.92,35.47,34.85,35.01,1044654.99
2025-03-25 16:00:00+00:00,35.01,35.37,34.34,34.77,1158273.56
2025-03-25 17:00:00+00:00,34.77,35.09,34.45,34.73,436484.96
2025-03-25 18:00:00+00:00,34.73,35.06,34.42,34.62,446349.83
2025-03-25 19:00:00+00:00,34.62,34.8,34.49,34.8,373973.06
2025-03-25 20:00:00+00:00,34.8,35.22,34.69,34.94,702398.91
2025-03-25 21:00:00+00:00,34.94,35.27,34.7,35.15,466406.07
2025-03-25 22:00:00+00:00,35.15,35.22,34.88,34.94,320386.33
2025-03-25 23:00:00+00:00,34.94,35.08,34.84,34.97,381260.51
2025-03-26 00:00:00+00:00,34.97,35.17,34.8,34.93,420366.72
2025-03-26 01:00:00+00:00,34.93,35.02,34.72,34.78,379958.03
2025-03-26 02:00:00+00:00,34.78,35.01,34.55,34.67,749448.4
2025-03-26 03:00:00+00:00,34.67,34.83,34.52,34.61,196171.6
2025-03-26 04:00:00+00:00,34.61,34.94,34.56,34.78,323692.12
2025-03-26 05:00:00+00:00,34.78,34.92,34.48,34.64,328680.37
2025-03-26 06:00:00+00:00,34.64,34.93,34.16,34.9,256081.74
2025-03-26 07:00:00+00:00,34.9,35.45,34.85,35.09,529407.47
2025-03-26 08:00:00+00:00,35.09,35.37,35.04,35.1,245097.62
2025-03-26 09:00:00+00:00,35.1,35.38,35.05,35.34,214034.81
2025-03-26 10:00:00+00:00,35.34,36.24,35.25,35.99,646573.63
2025-03-26 11:00:00+00:00,35.99,36.64,35.93,36.34,570240.07
2025-03-26 12:00:00+00:00,36.34,36.89,36.26,36.62,572647.85
2025-03-26 13:00:00+00:00,36.62,36.62,35.54,35.62,733778.09
2025-03-26 14:00:00+00:00,35.62,35.98,35.52,35.9,545215.58
2025-03-26 15:00:00+00:00,35.9,36.44,35.78,36.02,571938.78
2025-03-26 16:00:00+00:00,36.02,36.4,35.87,36.25,256592.33
2025-03-26 17:00:00+00:00,36.25,36.32,35.81,35.83,215806.54
2025-03-26 18:00:00+00:00,35.83,36.31,35.74,35.99,534061.9
2025-03-26 19:00:00+00:00,35.99,36.69,35.92,36.67,376404.94
2025-03-26 20:00:00+00:00,36.67,37.02,36.58,36.83,258744.28
2025-03-26 21:00:00+00:00,36.83,36.88,36.54,36.72,102489.89
2025-03-26 22:00:00+00:00,36.72,36.91,36.48,36.85,148541.77
2025-03-26 23:00:00+00:00,36.85,37.54,36.82,37.53,341025.34
2025-03-27 00:00:00+00:00,37.53,38.09,37.42,37.69,702765.72
2025-03-27 01:00:00+00:00,37.69,37.96,37.65,37.67,165115.09
2025-03-27 02:00:00+00:00,37.67,37.78,37.26,37.65,210197.7
2025-03-27 03:00:00+00:00,37.65,37.69,37.27,37.3,86897.5
2025-03-27 04:00:00+00:00,37.3,37.38,36.94,37.0,83367.39
2025-03-27 05:00:00+00:00,37.0,37.52,36.93,37.41,191921.7
2025-03-27 06:00:00+00:00,37.41,39.27,37.35,38.02,1367680.17
2025-03-27 07:00:00+00:00,38.02,38.52,38.02,38.42,276256.01
2025-03-27 08:00:00+00:00,38.42,38.65,38.15,38.3,180520.85
2025-03-27 09:00:00+00:00,38.3,39.15,38.29,38.89,213962.82
2025-03-27 10:00:00+00:00,38.89,38.95,38.41,38.81,289325.67
2025-03-27 11:00:00+00:00,38.81,38.83,38.15,38.49,496280.93
2025-03-27 12:00:00+00:00,38.49,38.74,38.15,38.3,232544.5
2025-03-27 13:00:00+00:00,38.3,38.5,38.0,38.34,325881.3
2025-03-27 14:00:00+00:00,38.34,39.19,38.32,38.87,406984.7
2025-03-27 15:00:00+00:00,38.87,39.01,38.54,38.75,131765.02
2025-03-27 16:00:00+00:00,38.75,38.77,38.37,38.41,167688.54
2025-03-27 17:00:00+00:00,38.41,38.45,37.63,37.72,319465.51
2025-03-27 18:00:00+00:00,37.72,37.92,37.55,37.75,140013.95
2025-03-27 19:00:00+00:00,37.75,38.01,37.66,37.79,156295.73
2025-03-27 20:00:00+00:00,37.79,38.05,37.54,37.59,202169.92
2025-03-27 21:00:00+00:00,37.59,38.01,37.59,37.95,92580.41
2025-03-27 22:00:00+00:00,37.95,37.96,37.37,37.46,199024.2
2025-03-27 23:00:00+00:00,37.46,37.57,37.15,37.18,212277.44
2025-03-28 00:00:00+00:00,37.18,37.52,37.07,37.42,184640.43
2025-03-28 01:00:00+00:00,37.42,37.61,37.37,37.38,158530.73
2025-03-28 02:00:00+00:00,37.38,37.63,37.38,37.42,65737.25
2025-03-28 03:00:00+00:00,37.42,37.43,36.7,36.7,168694.15
2025-03-28 04:00:00+00:00,36.7,36.79,36.15,36.22,303764.7
2025-03-28 05:00:00+00:00,36.22,36.41,35.97,36.31,292787.78
2025-03-28 06:00:00+00:00,36.31,36.52,35.97,35.99,175106.87
2025-03-28 07:00:00+00:00,35.99,36.17,35.91,36.03,188297.17
2025-03-28 08:00:00+00:00,36.03,36.2,35.91,35.98,121050.69
2025-03-28 09:00:00+00:00,35.98,36.22,35.69,35.79,458141.62
2025-03-28 10:00:00+00:00,35.79,35.95,35.61,35.61,98459.95
2025-03-28 11:00:00+00:00,35.61,35.75,35.47,35.73,151407.02
2025-03-28 12:00:00+00:00,35.73,35.73,35.43,35.66,101027.66
2025-03-28 13:00:00+00:00,35.66,35.88,35.52,35.52,127897.4
2025-03-28 14:00:00+00:00,35.52,35.73,35.32,35.46,120092.46
2025-03-28 15:00:00+00:00,35.46,36.57,35.42,36.17,363126.31
2025-03-28 16:00:00+00:00,36.17,36.64,36.04,36.14,144516.45
2025-03-28 17:00:00+00:00,36.14,36.33,35.8,36.03,140676.12
2025-03-28 18:00:00+00:00,36.03,36.58,35.93,36.26,234152.47
2025-03-28 19:00:00+00:00,36.26,36.48,36.17,36.32,85383.24
2025-03-28 20:00:00+00:00,36.32,36.86,36.26,36.42,194987.7
2025-03-28 21:00:00+00:00,36.42,36.75,36.32,36.73,166670.94
2025-03-28 22:00:00+00:00,36.73,36.76,36.47,36.7,93739.56
2025-03-28 23:00:00+00:00,36.7,36.99,36.46,36.94,112279.47
2025-03-29 00:00:00+00:00,36.94,37.15,36.82,37.07,122534.9
2025-03-29 01:00:00+00:00,37.07,37.14,36.6,36.77,129057.18
2025-03-29 02:00:00+00:00,36.77,36.85,36.33,36.47,83458.62
2025-03-29 03:00:00+00:00,36.47,36.91,36.31,36.67,87467.87
2025-03-29 04:00:00+00:00,36.67,36.77,36.33,36.43,53551.86
2025-03-29 05:00:00+00:00,36.43,36.47,36.3,36.47,49617.57
2025-03-29 06:00:00+00:00,36.47,36.94,36.34,36.63,348304.47
2025-03-29 07:00:00+00:00,36.63,36.87,36.4,36.44,237600.9
2025-03-29 08:00:00+00:00,36.44,36.58,36.27,36.56,121828.9
2025-03-29 09:00:00+00:00,36.56,36.68,35.88,36.14,218461.2
2025-03-29 10:00:00+00:00,36.14,36.14,35.29,35.32,210950.83
2025-03-29 11:00:00+00:00,35.32,35.49,34.91,35.31,334108.1
2025-03-29 12:00:00+00:00,35.31,36.09,35.28,35.95,296260.25
2025-03-29 13:00:00+00:00,35.95,36.07,35.8,35.82,137727.72
2025-03-29 14:00:00+00:00,35.82,36.08,35.75,35.93,160627.1
2025-03-29 15:00:00+00:00,35.93,36.13,35.82,35.91,114212.97
2025-03-29 16:00:00+00:00,35.91,36.04,35.74,35.87,116918.83
2025-03-29 17:00:00+00:00,35.87,36.25,35.74,35.9,296860.37
2025-03-29 18:00:00+00:00,35.9,36.06,35.63,35.69,118215.41
2025-03-29 19:00:00+00:00,35.69,35.93,35.55,35.89,115314.97
2025-03-29 20:00:00+00:00,35.89,35.97,35.44,35.82,235815.45
2025-03-29 21:00:00+00:00,35.82,35.99,35.79,35.9,42709.15
2025-03-29 22:00:00+00:00,35.9,35.95,35.74,35.91,62627.51
2025-03-29 23:00:00+00:00,35.91,36.32,35.78,36.3,127356.58
2025-03-30 00:00:00+00:00,36.3,36.4,35.89,36.27,135649.92
2025-03-30 01:00:00+00:00,36.27,36.84,36.26,36.69,176773.75
2025-03-30 02:00:00+00:00,36.69,36.96,36.62,36.65,94865.29
2025-03-30 03:00:00+00:00,36.65,36.74,36.25,36.28,111497.02
2025-03-30 04:00:00+00:00,36.28,36.38,36.17,36.19,63320.45
2025-03-30 05:00:00+00:00,36.19,36.21,35.66,35.95,94032.86
2025-03-30 06:00:00+00:00,35.95,36.1,35.82,35.86,85259.5
2025-03-30 07:00:00+00:00,35.86,36.07,35.74,36.05,113871.62
2025-03-30 08:00:00+00:00,36.05,36.32,36.0,36.27,100939.17
2025-03-30 09:00:00+00:00,36.27,36.56,35.97,36.08,115297.66
2025-03-30 10:00:00+00:00,36.08,36.11,35.79,35.9,126328.76
2025-03-30 11:00:00+00:00,35.9,36.05,35.75,36.01,126528.89
2025-03-30 12:00:00+00:00,36.01,36.11,35.93,36.06,93139.7
2025-03-30 13:00:00+00:00,36.06,36.1,35.92,35.92,74422.95
2025-03-30 14:00:00+00:00,35.92,36.26,35.9,36.23,112235.85
2025-03-30 15:00:00+00:00,36.23,36.34,35.88,35.89,172024.69
2025-03-30 16:00:00+00:00,35.89,36.19,35.82,35.92,98720.51
2025-03-30 17:00:00+00:00,35.92,36.19,35.87,36.13,116464.38
2025-03-30 18:00:00+00:00,36.13,36.58,36.11,36.56,106342.28
2025-03-30 19:00:00+00:00,36.56,37.1,36.45,37.03,184509.98
2025-03-30 20:00:00+00:00,37.03,37.42,36.89,37.18,178759.34
2025-03-30 21:00:00+00:00,37.18,37.91,37.18,37.41,192831.77
2025-03-30 22:00:00+00:00,37.41,37.77,37.02,37.58,191840.35
2025-03-30 23:00:00+00:00,37.58,37.6,37.1,37.45,124324.23
2025-03-31 00:00:00+00:00,37.45,37.65,36.94,37.0,162471.31
2025-03-31 01:00:00+00:00,37.0,37.5,36.95,37.29,200971.26
2025-03-31 02:00:00+00:00,37.29,38.6,37.12,38.46,392911.67
2025-03-31 03:00:00+00:00,38.46,38.5,37.76,37.92,246312.64
2025-03-31 04:00:00+00:00,37.92,38.36,37.66,37.95,250011.46
2025-03-31 05:00:00+00:00,37.95,38.22,37.89,38.21,208647.05
2025-03-31 06:00:00+00:00,38.21,38.86,38.2,38.55,405743.18
2025-03-31 07:00:00+00:00,38.55,38.82,37.33,37.33,424837.96
2025-03-31 08:00:00+00:00,37.33,38.07,37.18,37.61,405808.6
2025-03-31 09:00:00+00:00,37.61,37.8,36.89,36.99,349116.55
2025-03-31 10:00:00+00:00,36.99,38.21,36.89,38.1,344816.27
2025-03-31 11:00:00+00:00,38.1,38.44,37.65,38.42,441154.24
2025-03-31 12:00:00+00:00,38.42,38.61,38.13,38.33,308847.98
2025-03-31 13:00:00+00:00,38.33,38.59,37.37,37.85,385456.33
2025-03-31 14:00:00+00:00,37.85,38.07,37.46,37.88,328650.03
2025-03-31 15:00:00+00:00,37.88,38.34,37.84,37.89,247292.02
2025-03-31 16:00:00+00:00,37.89,38.12,37.4,37.4,267158.44
2025-03-31 17:00:00+00:00,37.4,37.62,37.07,37.26,166074.31
2025-03-31 18:00:00+00:00,37.26,38.17,37.26,37.87,194069.72
2025-03-31 19:00:00+00:00,37.87,38.17,37.8,38.09,197519.59
2025-03-31 20:00:00+00:00,38.09,38.83,38.0,38.36,383068.0
2025-03-31 21:00:00+00:00,38.36,39.03,38.11,38.98,230152.91
2025-03-31 22:00:00+00:00,38.98,39.21,38.86,39.02,281123.3
2025-03-31 23:00:00+00:00,39.02,39.43,38.95,39.37,263057.78
2025-04-01 00:00:00+00:00,39.37,39.97,38.85,38.96,469713.29
2025-04-01 01:00:00+00:00,38.96,39.67,38.96,39.42,374465.19
2025-04-01 02:00:00+00:00,39.42,39.45,38.83,39.39,316052.64
2025-04-01 03:00:00+00:00,39.39,39.75,38.88,38.96,289484.27
2025-04-01 04:00:00+00:00,38.96,39.19,38.83,39.02,247752.53
2025-04-01 05:00:00+00:00,39.02,39.23,38.73,38.74,202543.34
2025-04-01 06:00:00+00:00,38.74,38.9,38.5,38.84,288956.68
2025-04-01 07:00:00+00:00,38.84,38.97,38.52,38.62,332722.15
2025-04-01 08:00:00+00:00,38.62,39.55,38.6,39.39,383071.6
2025-04-01 09:00:00+00:00,39.39,39.61,39.17,39.38,250442.7
2025-04-01 10:00:00+00:00,39.38,39.71,38.99,39.68,322628.89
2025-04-01 11:00:00+00:00,39.68,39.82,39.52,39.64,433699.46
2025-04-01 12:00:00+00:00,39.64,40.01,39.6,39.87,453523.27
2025-04-01 13:00:00+00:00,39.87,39.87,39.41,39.61,592501.73
2025-04-01 14:00:00+00:00,39.61,39.99,39.09,39.86,814279.08
2025-04-01 15:00:00+00:00,39.86,42.0,39.86,41.62,1270872.89
2025-04-01 16:00:00+00:00,41.62,42.55,40.64,41.2,932006.67
2025-04-01 17:00:00+00:00,41.2,41.81,41.05,41.23,485430.26
2025-04-01 18:00:00+00:00,41.23,41.23,40.7,40.84,237840.28
2025-04-01 19:00:00+00:00,40.84,40.87,40.45,40.57,316258.4
2025-04-01 20:00:00+00:00,40.57,40.7,40.42,40.63,124085.3
2025-04-01 21:00:00+00:00,40.63,40.86,40.52,40.81,133967.11
2025-04-01 22:00:00+00:00,40.81,41.15,40.7,40.7,221625.17
2025-04-01 23:00:00+00:00,40.7,40.86,40.56,40.73,169465.4
2025-04-02 00:00:00+00:00,40.73,41.1,40.59,40.66,174345.04
2025-04-02 01:00:00+00:00,40.66,40.9,40.57,40.83,101053.7
2025-04-02 02:00:00+00:00,40.83,40.88,40.2,40.64,322906.4
2025-04-02 03:00:00+00:00,40.64,41.25,40.64,41.13,265750.31
2025-04-02 04:00:00+00:00,41.13,41.28,40.95,41.11,229083.47
2025-04-02 05:00:00+00:00,41.11,41.15,40.86,40.89,331545.83
2025-04-02 06:00:00+00:00,40.89,40.98,40.52,40.55,271960.21
2025-04-02 07:00:00+00:00,40.55,40.96,40.3,40.55,348108.56
2025-04-02 08:00:00+00:00,40.55,41.03,40.53,40.86,423393.27
2025-04-02 09:00:00+00:00,40.86,41.31,40.79,40.85,298009.98
2025-04-02 10:00:00+00:00,40.85,40.9,40.0,40.06,367870.1
2025-04-02 11:00:00+00:00,40.06,40.21,39.61,39.74,261369.75
2025-04-02 12:00:00+00:00,39.74,39.9,39.56,39.85,357028.5
2025-04-02 13:00:00+00:00,39.85,40.21,39.54,39.99,294275.0
2025-04-02 14:00:00+00:00,39.99,40.08,39.33,39.68,427230.93
2025-04-02 15:00:00+00:00,39.68,40.3,39.65,39.84,451584.29
2025-04-02 16:00:00+00:00,39.84,40.8,39.8,40.61,551905.38
2025-04-02 17:00:00+00:00,40.61,40.66,39.6,39.73,369533.46
2025-04-02 18:00:00+00:00,39.73,40.28,39.72,40.1,280931.27
2025-04-02 19:00:00+00:00,40.1,40.13,39.68,39.94,234758.18
2025-04-02 20:00:00+00:00,39.94,40.56,39.23,39.56,473135.05
2025-04-02 21:00:00+00:00,39.56,39.74,39.38,39.58,123685.91
2025-04-02 22:00:00+00:00,39.58,39.62,38.71,38.82,255463.82
2025-04-02 23:00:00+00:00,38.82,39.09,38.73,38.94,196749.63
2025-04-03 00:00:00+00:00,38.94,39.85,38.89,39.84,312833.44
2025-04-03 01:00:00+00:00,39.84,39.86,39.56,39.56,114886.56
2025-04-03 02:00:00+00:00,39.56,39.65,39.03,39.09,181139.84
2025-04-03 03:00:00+00:00,39.09,39.19,38.92,39.02,96284.99
2025-04-03 04:00:00+00:00,39.02,39.33,38.97,39.1,121504.76
2025-04-03 05:00:00+00:00,39.1,39.13,38.82,38.84,75928.46
2025-04-03 06:00:00+00:00,38.84,38.97,38.79,38.83,69287.97
2025-04-03 07:00:00+00:00,38.83,39.16,38.83,39.09,130721.03
2025-04-03 08:00:00+00:00,39.09,39.47,39.07,39.41,292514.97
2025-04-03 09:00:00+00:00,39.41,39.42,38.82,38.82,209389.29
2025-04-03 10:00:00+00:00,38.82,39.73,38.76,39.5,557229.09
2025-04-03 11:00:00+00:00,39.5,39.69,39.29,39.4,527371.82
2025-04-03 12:00:00+00:00,39.4,39.57,39.31,39.35,390363.35
2025-04-03 13:00:00+00:00,39.35,39.52,39.17,39.38,649372.48
2025-04-03 14:00:00+00:00,39.38,39.42,37.61,37.76,474749.44
2025-04-03 15:00:00+00:00,37.76,38.0,37.68,37.9,297980.66
2025-04-03 16:00:00+00:00,37.9,37.95,37.61,37.68,306722.86
2025-04-03 17:00:00+00:00,37.68,38.02,37.68,37.76,204088.83
2025-04-03 18:00:00+00:00,37.76,38.0,37.63,37.89,129787.32
2025-04-03 19:00:00+00:00,37.89,37.99,37.77,37.94,103865.74
2025-04-03 20:00:00+00:00,37.94,38.21,37.91,38.12,144734.35
2025-04-03 21:00:00+00:00,38.12,39.04,38.0,39.0,186927.34
2025-04-03 22:00:00+00:00,39.0,40.7,38.99,40.7,587225.21
2025-04-03 23:00:00+00:00,40.7,40.85,38.97,39.01,632872.91
2025-04-04 00:00:00+00:00,39.01,39.59,38.51,38.53,354192.77
2025-04-04 01:00:00+00:00,38.53,38.98,38.35,38.52,313362.8
2025-04-04 02:00:00+00:00,38.52,38.91,38.52,38.71,231524.07
2025-04-04 03:00:00+00:00,38.71,38.83,38.58,38.8,109512.79
2025-04-04 04:00:00+00:00,38.8,39.46,38.78,39.25,141160.12
2025-04-04 05:00:00+00:00,39.25,39.31,38.76,38.91,162539.24
2025-04-04 06:00:00+00:00,38.91,39.2,38.53,38.69,175788.67
2025-04-04 07:00:00+00:00,38.69,39.31,38.65,39.17,253550.76
2025-04-04 08:00:00+00:00,39.17,40.73,39.07,39.48,584813.3
2025-04-04 09:00:00+00:00,39.48,39.54,39.13,39.29,383063.6
2025-04-04 10:00:00+00:00,39.29,39.45,38.94,39.3,468266.55
2025-04-04 11:00:00+00:00,39.3,39.61,38.65,39.52,801315.82
2025-04-04 12:00:00+00:00,39.52,40.01,39.29,39.98,298027.69
2025-04-04 13:00:00+00:00,39.98,40.48,39.46,40.46,416131.08
2025-04-04 14:00:00+00:00,40.46,40.53,39.82,39.92,240028.73
2025-04-04 15:00:00+00:00,39.92,40.19,39.56,40.07,273444.81
2025-04-04 16:00:00+00:00,40.07,40.98,40.03,40.86,484615.53
2025-04-04 17:00:00+00:00,40.86,40.91,40.37,40.42,217714.71
2025-04-04 18:00:00+00:00,40.42,40.48,39.89,39.97,196895.67
2025-04-04 19:00:00+00:00,39.97,40.4,39.85,39.91,212230.57
2025-04-04 20:00:00+00:00,39.91,40.39,39.91,40.18,193885.29
2025-04-04 21:00:00+00:00,40.18,40.19,39.81,39.92,161523.74
2025-04-04 22:00:00+00:00,39.92,39.99,39.74,39.81,114669.1
2025-04-04 23:00:00+00:00,39.81,39.82,39.43,39.53,75986.35
2025-04-05 00:00:00+00:00,39.53,39.92,39.1,39.63,416166.91
2025-04-05 01:00:00+00:00,39.63,39.88,39.32,39.41,186783.21
2025-04-05 02:00:00+00:00,39.41,39.98,39.27,39.96,185584.51
2025-04-05 03:00:00+00:00,39.96,40.05,39.66,39.81,144452.64
2025-04-05 04:00:00+00:00,39.81,39.87,39.55,39.61,142436.14
2025-04-05 05:00:00+00:00,39.61,39.73,39.43,39.73,183478.5
2025-04-05 06:00:00+00:00,39.73,40.47,39.63,40.09,220110.8
2025-04-05 07:00:00+00:00,40.09,40.12,39.7,40.01,152583.71
2025-04-05 08:00:00+00:00,40.01,40.36,39.41,39.78,620399.29
2025-04-05 09:00:00+00:00,39.78,39.87,39.52,39.77,167188.32
2025-04-05 10:00:00+00:00,39.77,39.94,39.47,39.62,161611.18
2025-04-05 11:00:00+00:00,39.62,39.91,39.62,39.87,163217.37
2025-04-05 12:00:00+00:00,39.87,39.91,39.04,39.21,314073.92
2025-04-05 13:00:00+00:00,39.21,39.3,37.09,37.89,724744.08
2025-04-05 14:00:00+00:00,37.89,37.9,36.88,37.06,653496.76
2025-04-05 15:00:00+00:00,37.06,38.25,37.02,37.59,371338.24
2025-04-05 16:00:00+00:00,37.59,38.08,37.5,37.81,460627.21
2025-04-05 17:00:00+00:00,37.81,37.9,37.5,37.75,310029.82
2025-04-05 18:00:00+00:00,37.75,37.8,37.38,37.42,114484.04
2025-04-05 19:00:00+00:00,37.42,37.72,37.04,37.11,119669.22
2025-04-05 20:00:00+00:00,37.11,38.48,37.05,37.35,297819.88
2025-04-05 21:00:00+00:00,37.35,37.41,37.07,37.3,78127.95
2025-04-05 22:00:00+00:00,37.3,37.97,37.3,37.84,130294.48
2025-04-05 23:00:00+00:00,37.84,37.93,37.51,37.66,123288.6
2025-04-06 00:00:00+00:00,37.66,37.8,37.47,37.68,162515.1
2025-04-06 01:00:00+00:00,37.68,37.81,37.48,37.5,85391.8
2025-04-06 02:00:00+00:00,37.5,37.54,37.28,37.37,79644.21
2025-04-06 03:00:00+00:00,37.37,37.41,37.13,37.27,110328.79
2025-04-06 04:00:00+00:00,37.27,37.45,37.16,37.36,118485.88
2025-04-06 05:00:00+00:00,37.36,37.47,37.28,37.36,71306.78
2025-04-06 06:00:00+00:00,37.36,37.54,37.11,37.4,279729.07
2025-04-06 07:00:00+00:00,37.4,37.51,36.75,37.15,591411.94
2025-04-06 08:00:00+00:00,37.15,37.88,37.0,37.53,296708.96
2025-04-06 09:00:00+00:00,37.53,38.35,37.44,38.2,275776.81
2025-04-06 10:00:00+00:00,38.2,38.52,38.2,38.46,194274.12
2025-04-06 11:00:00+00:00,38.46,38.46,38.07,38.37,117739.61
2025-04-06 12:00:00+00:00,38.37,38.92,38.16,38.78,209883.91
2025-04-06 13:00:00+00:00,38.78,38.81,38.06,38.16,298525.76
2025-04-06 14:00:00+00:00,38.16,38.47,38.16,38.35,161174.06
2025-04-06 15:00:00+00:00,38.35,38.44,38.05,38.14,119860.88
2025-04-06 16:00:00+00:00,38.14,38.21,37.87,38.05,217149.17
2025-04-06 17:00:00+00:00,38.05,38.31,37.89,38.21,328634.65
2025-04-06 18:00:00+00:00,38.21,38.56,37.4,37.44,617912.31
2025-04-06 19:00:00+00:00,37.44,37.61,36.94,37.53,540095.46
2025-04-06 20:00:00+00:00,37.53,37.83,37.36,37.43,300909.16
2025-04-06 21:00:00+00:00,37.43,37.77,37.37,37.46,308377.14
2025-04-06 22:00:00+00:00,37.46,37.84,37.39,37.43,325531.08
2025-04-06 23:00:00+00:00,37.43,37.59,35.8,35.99,746815.42
2025-04-07 00:00:00+00:00,35.99,36.31,35.57,36.17,553648.36
2025-04-07 01:00:00+00:00,36.17,37.09,36.17,36.93,232956.28
2025-04-07 02:00:00+00:00,36.93,36.93,36.41,36.6,245457.96
2025-04-07 03:00:00+00:00,36.6,36.66,35.5,35.55,311082.35
2025-04-07 04:00:00+00:00,35.55,35.62,34.77,34.95,453191.45
2025-04-07 05:00:00+00:00,34.95,34.95,25.49,28.6,7196657.0
2025-04-07 06:00:00+00:00,28.6,29.79,27.67,27.91,2081374.25
2025-04-07 07:00:00+00:00,27.91,31.01,27.91,29.73,2143151.12
2025-04-07 08:00:00+00:00,29.73,30.58,29.17,29.37,1772725.83
2025-04-07 09:00:00+00:00,29.37,29.81,28.62,28.77,691305.75
2025-04-07 10:00:00+00:00,28.77,29.49,28.38,28.82,508955.64
2025-04-07 11:00:00+00:00,28.82,29.97,28.76,29.25,738383.68
2025-04-07 12:00:00+00:00,29.25,30.32,29.14,29.9,1594467.1
2025-04-07 13:00:00+00:00,29.9,31.15,29.66,31.06,1356231.02
2025-04-07 14:00:00+00:00,31.06,31.94,30.49,30.99,1608385.98
2025-04-07 15:00:00+00:00,30.99,31.56,30.64,31.26,1809982.69
2025-04-07 16:00:00+00:00,31.26,32.68,30.78,32.39,1180253.24
2025-04-07 17:00:00+00:00,32.39,32.62,31.46,32.28,462095.05
2025-04-07 18:00:00+00:00,32.28,32.84,32.04,32.56,646788.1
2025-04-07 19:00:00+00:00,32.56,32.84,32.12,32.69,508618.72
2025-04-07 20:00:00+00:00,32.69,34.46,32.37,34.44,810934.48
2025-04-07 21:00:00+00:00,34.44,35.43,34.23,34.96,445390.04
2025-04-07 22:00:00+00:00,34.96,35.18,34.35,34.54,981782.48
2025-04-07 23:00:00+00:00,34.54,34.8,33.97,34.02,802414.87
2025-04-08 00:00:00+00:00,34.02,35.04,33.85,34.49,500995.03
2025-04-08 01:00:00+00:00,34.49,35.04,34.43,34.82,195587.35
2025-04-08 02:00:00+00:00,34.82,34.92,34.18,34.56,211381.68
2025-04-08 03:00:00+00:00,34.56,35.19,34.56,34.69,224646.73
2025-04-08 04:00:00+00:00,34.69,35.44,34.61,35.42,346669.23
2025-04-08 05:00:00+00:00,35.42,35.68,34.99,35.48,659280.72
2025-04-08 06:00:00+00:00,35.48,35.51,34.97,35.19,807852.94
2025-04-08 07:00:00+00:00,35.19,35.33,34.72,34.85,531160.82
2025-04-08 08:00:00+00:00,34.85,35.46,34.48,34.71,508905.19
2025-04-08 09:00:00+00:00,34.71,34.71,34.21,34.33,479761.12
2025-04-08 10:00:00+00:00,34.33,34.82,34.33,34.65,345277.57
2025-04-08 11:00:00+00:00,34.65,35.43,34.38,35.34,1260369.61
2025-04-08 12:00:00+00:00,35.34,36.04,34.68,34.91,1744910.45
2025-04-08 13:00:00+00:00,34.91,35.31,34.73,34.86,569453.04
2025-04-08 14:00:00+00:00,34.86,35.23,34.45,34.51,510747.73
2025-04-08 15:00:00+00:00,34.51,34.74,34.27,34.62,540063.66
2025-04-08 16:00:00+00:00,34.62,35.52,34.56,35.0,748777.52
2025-04-08 17:00:00+00:00,35.0,35.28,34.05,34.44,668864.43
2025-04-08 18:00:00+00:00,34.44,34.91,34.37,34.75,328777.02
2025-04-08 19:00:00+00:00,34.75,35.05,34.71,34.94,377629.49
2025-04-08 20:00:00+00:00,34.94,35.33,34.76,35.25,386046.69
2025-04-08 21:00:00+00:00,35.25,35.84,35.06,35.81,551303.16
2025-04-08 22:00:00+00:00,35.81,35.85,35.29,35.36,749527.9
2025-04-08 23:00:00+00:00,35.36,36.0,35.23,35.39,1540036.03
2025-04-09 00:00:00+00:00,35.39,36.22,34.96,35.69,2516632.65
2025-04-09 01:00:00+00:00,35.69,36.2,34.56,35.06,948064.84
2025-04-09 02:00:00+00:00,35.06,35.37,34.44,35.21,993485.53
2025-04-09 03:00:00+00:00,35.21,35.52,34.12,34.24,1720915.31
2025-04-09 04:00:00+00:00,34.24,35.32,34.06,34.82,1075203.55
2025-04-09 05:00:00+00:00,34.82,35.45,34.51,34.64,1585696.2
2025-04-09 06:00:00+00:00,34.64,35.58,34.34,35.09,3441994.12
2025-04-09 07:00:00+00:00,35.09,36.61,34.97,36.07,3067452.85
2025-04-09 08:00:00+00:00,36.07,36.36,35.58,36.21,1518485.29
2025-04-09 09:00:00+00:00,36.21,36.22,34.52,34.58,1109804.51
2025-04-09 10:00:00+00:00,34.58,35.41,34.52,35.31,1073177.04
2025-04-09 11:00:00+00:00,35.31,35.5,34.69,35.08,1450791.68
2025-04-09 12:00:00+00:00,35.08,35.15,34.29,34.72,1109751.49
2025-04-09 13:00:00+00:00,34.72,35.77,34.58,35.45,1259706.99
2025-04-09 14:00:00+00:00,35.45,35.8,34.72,34.79,875352.12
2025-04-09 15:00:00+00:00,34.79,35.04,34.59,34.94,551691.77
2025-04-09 16:00:00+00:00,34.94,35.6,34.22,35.42,1242668.1
2025-04-09 17:00:00+00:00,35.42,37.19,34.81,37.18,1876906.62
2025-04-09 18:00:00+00:00,37.18,37.95,36.63,37.44,921257.0
2025-04-09 19:00:00+00:00,37.44,38.34,37.42,37.56,277271.34
2025-04-09 20:00:00+00:00,37.56,37.6,36.64,37.32,354369.89
2025-04-09 21:00:00+00:00,37.32,37.47,36.87,37.12,99487.26
2025-04-09 22:00:00+00:00,37.12,37.15,36.25,36.67,335863.42
2025-04-09 23:00:00+00:00,36.67,36.82,36.45,36.49,204155.44
2025-04-10 00:00:00+00:00,36.49,36.67,35.88,36.16,190424.2
2025-04-10 01:00:00+00:00,36.16,36.51,35.53,36.16,377801.94
2025-04-10 02:00:00+00:00,36.16,36.22,35.61,35.74,222379.41
2025-04-10 03:00:00+00:00,35.74,35.75,34.08,34.18,522664.72
2025-04-10 04:00:00+00:00,34.18,34.67,32.91,33.7,1906085.42
2025-04-10 05:00:00+00:00,33.7,34.63,33.1,34.09,2558845.62
2025-04-10 06:00:00+00:00,34.09,34.14,32.77,32.93,3241487.32
2025-04-10 07:00:00+00:00,32.93,32.94,32.1,32.37,999863.35
2025-04-10 08:00:00+00:00,32.37,33.61,32.29,32.99,1753165.34
2025-04-10 09:00:00+00:00,32.99,33.14,32.3,32.71,938296.44
2025-04-10 10:00:00+00:00,32.71,33.23,32.4,32.83,542134.69
2025-04-10 11:00:00+00:00,32.83,33.01,32.15,32.37,714857.28
2025-04-10 12:00:00+00:00,32.37,32.53,31.65,32.17,411666.9
2025-04-10 13:00:00+00:00,32.17,32.64,31.83,32.16,1510014.0
2025-04-10 14:00:00+00:00,32.16,32.51,31.73,31.95,1065693.27
2025-04-10 15:00:00+00:00,31.95,32.47,31.42,31.46,1441191.07
2025-04-10 16:00:00+00:00,31.46,32.9,31.36,32.55,1324043.93
2025-04-10 17:00:00+00:00,32.55,34.4,32.55,34.28,927788.52
2025-04-10 18:00:00+00:00,34.28,34.62,34.1,34.32,451685.76
2025-04-10 19:00:00+00:00,34.32,34.61,33.85,34.42,736844.06
2025-04-10 20:00:00+00:00,34.42,35.42,34.42,35.12,371336.16
2025-04-10 21:00:00+00:00,35.12,35.69,34.7,35.66,266917.89
2025-04-10 22:00:00+00:00,35.66,35.72,34.84,35.42,522584.33
2025-04-10 23:00:00+00:00,35.42,36.6,35.15,36.27,1411342.46
2025-04-11 00:00:00+00:00,36.27,37.0,35.53,36.13,1507151.42
2025-04-11 01:00:00+00:00,36.13,37.1,35.59,37.04,876399.12
2025-04-11 02:00:00+00:00,37.04,37.63,36.2,37.3,1075023.81
2025-04-11 03:00:00+00:00,37.3,38.03,37.19,37.97,515108.25
2025-04-11 04:00:00+00:00,37.97,38.0,35.97,36.87,810733.55
2025-04-11 05:00:00+00:00,36.87,37.06,36.07,36.97,1510518.3
2025-04-11 06:00:00+00:00,36.97,37.03,36.44,36.51,410907.19
2025-04-11 07:00:00+00:00,36.51,36.57,36.04,36.24,1115683.71
2025-04-11 08:00:00+00:00,36.24,37.37,35.8,37.09,1624973.54
2025-04-11 09:00:00+00:00,37.09,37.92,36.89,37.71,1738176.5
2025-04-11 10:00:00+00:00,37.71,37.73,36.62,36.84,1395601.16
2025-04-11 11:00:00+00:00,36.84,37.23,36.39,36.47,1072654.49
2025-04-11 12:00:00+00:00,36.47,37.19,36.09,36.25,993518.3
2025-04-11 13:00:00+00:00,36.25,36.93,35.9,36.61,1122548.77
2025-04-11 14:00:00+00:00,36.61,37.13,36.43,36.64,1038720.35
2025-04-11 15:00:00+00:00,36.64,37.11,36.4,36.88,1372174.63
2025-04-11 16:00:00+00:00,36.88,37.21,36.39,36.42,853054.89
2025-04-11 17:00:00+00:00,36.42,36.51,35.4,36.06,1971770.25
2025-04-11 18:00:00+00:00,36.06,36.26,36.05,36.06,555527.71
2025-04-11 19:00:00+00:00,36.06,36.2,35.73,35.73,211445.74
2025-04-11 20:00:00+00:00,35.73,36.21,35.54,35.86,489457.05
2025-04-11 21:00:00+00:00,35.86,35.97,35.51,35.68,146781.91
2025-04-11 22:00:00+00:00,35.68,35.79,35.45,35.57,281781.34
2025-04-11 23:00:00+00:00,35.57,35.66,35.3,35.45,188291.24
2025-04-12 00:00:00+00:00,35.45,35.45,35.02,35.28,379344.45
2025-04-12 01:00:00+00:00,35.28,35.45,35.08,35.18,240892.54
2025-04-12 02:00:00+00:00,35.18,35.31,34.99,35.02,197709.39
2025-04-12 03:00:00+00:00,35.02,35.54,34.97,35.49,825133.12
2025-04-12 04:00:00+00:00,35.49,35.7,35.04,35.27,543924.77
2025-04-12 05:00:00+00:00,35.27,35.48,34.85,35.37,284318.5
2025-04-12 06:00:00+00:00,35.37,35.48,35.0,35.12,248138.99
2025-04-12 07:00:00+00:00,35.12,35.64,34.94,35.35,394977.83
2025-04-12 08:00:00+00:00,35.35,35.41,34.99,35.18,363284.15
2025-04-12 09:00:00+00:00,35.18,35.23,34.91,34.98,125849.44
2025-04-12 10:00:00+00:00,34.98,35.01,34.7,34.89,143271.61
2025-04-12 11:00:00+00:00,34.89,35.21,34.83,35.17,228186.4
2025-04-12 12:00:00+00:00,35.17,35.24,34.93,35.18,219496.0
2025-04-12 13:00:00+00:00,35.18,35.42,34.87,35.31,675900.78
2025-04-12 14:00:00+00:00,35.31,35.6,35.08,35.26,898136.89
2025-04-12 15:00:00+00:00,35.26,35.62,34.89,35.12,645707.9
2025-04-12 16:00:00+00:00,35.12,35.7,35.01,35.57,419506.07
2025-04-12 17:00:00+00:00,35.57,35.62,35.13,35.52,184332.0
2025-04-12 18:00:00+00:00,35.52,35.59,35.27,35.4,70796.0
2025-04-12 19:00:00+00:00,35.4,35.44,35.08,35.18,78386.92
2025-04-12 20:00:00+00:00,35.18,35.38,35.08,35.32,99214.68
2025-04-12 21:00:00+00:00,35.32,35.41,35.07,35.1,216085.88
2025-04-12 22:00:00+00:00,35.1,35.44,35.06,35.2,101298.7
2025-04-12 23:00:00+00:00,35.2,35.33,34.73,34.9,659680.97
2025-04-13 00:00:00+00:00,34.9,34.99,34.63,34.72,642104.88
2025-04-13 01:00:00+00:00,34.72,35.39,34.49,34.68,732292.5
2025-04-13 02:00:00+00:00,34.68,34.79,34.28,34.43,368437.96
2025-04-13 03:00:00+00:00,34.43,34.49,34.12,34.39,505209.92
2025-04-13 04:00:00+00:00,34.39,34.4,32.43,32.71,1316216.25
2025-04-13 05:00:00+00:00,32.71,32.87,30.08,30.73,2834146.46
2025-04-13 06:00:00+00:00,30.73,33.5,30.66,32.96,1387351.15
2025-04-13 07:00:00+00:00,32.96,34.31,32.81,33.98,1399992.49
2025-04-13 08:00:00+00:00,33.98,34.06,33.01,33.76,1099530.48
2025-04-13 09:00:00+00:00,33.76,35.44,32.97,33.14,1717619.11
2025-04-13 10:00:00+00:00,33.14,33.36,32.75,32.97,557969.22
2025-04-13 11:00:00+00:00,32.97,33.04,32.46,32.91,381874.56
2025-04-13 12:00:00+00:00,32.91,33.18,32.82,32.94,222450.85
2025-04-13 13:00:00+00:00,32.94,33.12,32.56,32.62,269652.96
2025-04-13 14:00:00+00:00,32.62,33.18,32.36,33.12,481722.28
2025-04-13 15:00:00+00:00,33.12,33.14,32.47,32.72,377620.19
2025-04-13 16:00:00+00:00,32.72,32.82,32.4,32.51,265924.73
2025-04-13 17:00:00+00:00,32.51,32.68,32.21,32.23,247459.84
2025-04-13 18:00:00+00:00,32.23,32.62,32.12,32.55,233945.45
2025-04-13 19:00:00+00:00,32.55,32.66,31.67,31.89,454401.03
2025-04-13 20:00:00+00:00,31.89,32.5,31.61,32.07,282440.4
2025-04-13 21:00:00+00:00,32.07,32.52,31.65,31.91,356457.93
2025-04-13 22:00:00+00:00,31.91,31.98,31.3,31.36,247790.35
2025-04-13 23:00:00+00:00,31.36,31.54,31.21,31.25,153998.81
2025-04-14 00:00:00+00:00,31.25,31.9,31.02,31.83,406462.82
2025-04-14 01:00:00+00:00,31.83,33.35,31.6,32.78,454523.2
2025-04-14 02:00:00+00:00,32.78,34.83,32.53,33.64,1992339.86
2025-04-14 03:00:00+00:00,33.64,34.08,33.06,33.1,568055.59
2025-04-14 04:00:00+00:00,33.1,34.66,32.9,33.4,700240.44
2025-04-14 05:00:00+00:00,33.4,33.45,32.74,33.13,294498.49
2025-04-14 06:00:00+00:00,33.13,33.55,32.43,32.59,400464.32
2025-04-14 07:00:00+00:00,32.59,32.63,32.09,32.36,310899.7
2025-04-14 08:00:00+00:00,32.36,32.73,32.16,32.69,353956.65
2025-04-14 09:00:00+00:00,32.69,32.73,31.81,31.95,718120.06
2025-04-14 10:00:00+00:00,31.95,32.24,31.82,31.88,338743.18
2025-04-14 11:00:00+00:00,31.88,32.01,31.56,31.79,326077.01
2025-04-14 12:00:00+00:00,31.79,31.9,31.29,31.33,407420.67
2025-04-14 13:00:00+00:00,31.33,31.51,30.8,30.99,490300.84
2025-04-14 14:00:00+00:00,30.99,33.37,30.83,32.45,2005072.74
2025-04-14 15:00:00+00:00,32.45,32.56,31.39,31.83,3790186.51
2025-04-14 16:00:00+00:00,31.83,32.37,31.64,32.22,468741.21
2025-04-14 17:00:00+00:00,32.22,32.5,32.02,32.2,407734.13
2025-04-14 18:00:00+00:00,32.2,32.35,31.91,31.97,208607.74
2025-04-14 19:00:00+00:00,31.97,32.41,31.91,32.0,422080.7
2025-04-14 20:00:00+00:00,32.0,32.33,31.88,32.12,320516.41
2025-04-14 21:00:00+00:00,32.12,32.16,31.63,31.78,358980.76
2025-04-14 22:00:00+00:00,31.78,31.78,31.07,31.19,296329.9
2025-04-14 23:00:00+00:00,31.19,31.29,31.06,31.14,118199.45
2025-04-15 00:00:00+00:00,31.14,31.16,30.53,30.83,388043.79
2025-04-15 01:00:00+00:00,30.83,30.94,30.37,30.8,224771.77
2025-04-15 02:00:00+00:00,30.8,30.85,30.21,30.42,632372.66
2025-04-15 03:00:00+00:00,30.42,31.3,30.32,31.13,524672.97
2025-04-15 04:00:00+00:00,31.13,31.21,30.31,30.46,288090.17
2025-04-15 05:00:00+00:00,30.46,31.87,30.42,31.0,706029.48
2025-04-15 06:00:00+00:00,31.0,31.3,30.93,31.06,261204.03
2025-04-15 07:00:00+00:00,31.06,31.32,31.04,31.21,228956.25
2025-04-15 08:00:00+00:00,31.21,31.32,31.08,31.2,131716.88
2025-04-15 09:00:00+00:00,31.2,31.66,31.13,31.63,243658.27
2025-04-15 10:00:00+00:00,31.63,31.78,30.92,31.25,207199.27
2025-04-15 11:00:00+00:00,31.25,31.76,31.19,31.73,306633.8
2025-04-15 12:00:00+00:00,31.73,32.03,31.51,31.66,190443.43
2025-04-15 13:00:00+00:00,31.66,32.25,31.62,31.88,210477.96
2025-04-15 14:00:00+00:00,31.88,32.11,30.75,31.2,880362.92
2025-04-15 15:00:00+00:00,31.2,31.43,30.9,30.95,375309.37
2025-04-15 16:00:00+00:00,30.95,30.95,30.48,30.59,273787.62
2025-04-15 17:00:00+00:00,30.59,31.02,30.47,30.87,394633.31
2025-04-15 18:00:00+00:00,30.87,31.41,30.78,31.38,357168.48
2025-04-15 19:00:00+00:00,31.38,31.47,31.13,31.32,153565.62
2025-04-15 20:00:00+00:00,31.32,31.68,31.0,31.23,320467.78
2025-04-15 21:00:00+00:00,31.23,31.4,31.04,31.12,133630.89
2025-04-15 22:00:00+00:00,31.12,31.17,30.71,30.85,152441.58
2025-04-15 23:00:00+00:00,30.85,30.97,30.7,30.82,79739.85
2025-04-16 00:00:00+00:00,30.82,31.26,30.51,31.02,308906.27
2025-04-16 01:00:00+00:00,31.02,31.83,30.94,31.81,340481.27
2025-04-16 02:00:00+00:00,31.81,32.05,31.74,31.8,193781.01
2025-04-16 03:00:00+00:00,31.8,32.02,31.65,31.91,150758.05
2025-04-16 04:00:00+00:00,31.91,32.05,31.72,31.97,99118.75
2025-04-16 05:00:00+00:00,31.97,32.18,31.46,31.51,197562.26
2025-04-16 06:00:00+00:00,31.51,31.82,31.5,31.5,135418.94
2025-04-16 07:00:00+00:00,31.5,31.51,31.34,31.44,98425.66
2025-04-16 08:00:00+00:00,31.44,31.67,31.28,31.46,118961.5
2025-04-16 09:00:00+00:00,31.46,31.63,31.06,31.18,116660.98
2025-04-16 10:00:00+00:00,31.18,31.35,31.12,31.3,70727.96
2025-04-16 11:00:00+00:00,31.3,31.45,31.21,31.32,62620.29
2025-04-16 12:00:00+00:00,31.32,31.38,31.09,31.17,87189.29
2025-04-16 13:00:00+00:00,31.17,31.17,30.89,30.99,88723.12
2025-04-16 14:00:00+00:00,30.99,31.53,30.92,31.31,77451.7
2025-04-16 15:00:00+00:00,31.31,31.65,31.2,31.21,137073.92
2025-04-16 16:00:00+00:00,31.21,31.22,30.71,30.96,165091.23
2025-04-16 17:00:00+00:00,30.96,31.22,30.41,30.45,245865.58
2025-04-16 18:00:00+00:00,30.45,31.37,30.44,31.31,153017.45
2025-04-16 19:00:00+00:00,31.31,31.4,30.91,31.28,100151.53
2025-04-16 20:00:00+00:00,31.28,31.44,31.0,31.01,81720.19
2025-04-16 21:00:00+00:00,31.01,31.59,30.97,31.48,96501.22
2025-04-16 22:00:00+00:00,31.48,31.48,31.17,31.26,63948.03
2025-04-16 23:00:00+00:00,31.26,31.27,31.03,31.08,26126.08
2025-04-17 00:00:00+00:00,31.08,31.34,31.04,31.34,43761.51
2025-04-17 01:00:00+00:00,31.34,31.42,31.08,31.14,63987.35
2025-04-17 02:00:00+00:00,31.14,31.14,30.12,30.23,320911.21
2025-04-17 03:00:00+00:00,30.23,30.77,30.23,30.71,171216.59
2025-04-17 04:00:00+00:00,30.71,30.73,30.49,30.72,94177.17
2025-04-17 05:00:00+00:00,30.72,30.95,30.69,30.92,101865.38
2025-04-17 06:00:00+00:00,30.92,31.09,30.88,31.0,137087.34
2025-04-17 07:00:00+00:00,31.0,31.26,30.98,31.15,89479.38
2025-04-17 08:00:00+00:00,31.15,31.18,31.0,31.11,104087.89
2025-04-17 09:00:00+00:00,31.11,31.51,31.08,31.45,92697.49
2025-04-17 10:00:00+00:00,31.45,31.56,31.19,31.29,64733.1
2025-04-17 11:00:00+00:00,31.29,31.46,31.15,31.16,60094.51
2025-04-17 12:00:00+00:00,31.16,31.16,30.81,31.0,86180.55
2025-04-17 13:00:00+00:00,31.0,31.03,30.35,30.37,374376.86
2025-04-17 14:00:00+00:00,30.37,30.79,30.26,30.62,274031.47
2025-04-17 15:00:00+00:00,30.62,30.94,30.59,30.85,148317.75
2025-04-17 16:00:00+00:00,30.85,31.32,30.83,31.2,104006.79
2025-04-17 17:00:00+00:00,31.2,31.26,31.04,31.09,80488.0
2025-04-17 18:00:00+00:00,31.09,31.16,30.87,30.94,85806.81
2025-04-17 19:00:00+00:00,30.94,31.04,30.82,31.04,57799.26
2025-04-17 20:00:00+00:00,31.04,31.23,30.86,30.87,94121.8
2025-04-17 21:00:00+00:00,30.87,31.1,30.77,31.04,79753.29
2025-04-17 22:00:00+00:00,31.04,31.07,30.65,30.66,117118.57
2025-04-17 23:00:00+00:00,30.66,30.82,30.62,30.72,40401.37
2025-04-18 00:00:00+00:00,30.72,30.83,30.46,30.49,98792.94
2025-04-18 01:00:00+00:00,30.49,30.67,30.39,30.49,63537.57
2025-04-18 02:00:00+00:00,30.49,30.7,30.35,30.63,42600.77
2025-04-18 03:00:00+00:00,30.63,30.64,30.3,30.53,94724.51
2025-04-18 04:00:00+00:00,30.53,30.77,30.36,30.59,103678.69
2025-04-18 05:00:00+00:00,30.59,30.96,30.47,30.94,75699.77
2025-04-18 06:00:00+00:00,30.94,30.95,29.78,30.19,686438.45
2025-04-18 07:00:00+00:00,30.19,30.24,29.88,30.12,103632.44
2025-04-18 08:00:00+00:00,30.12,30.3,30.05,30.15,91680.6
2025-04-18 09:00:00+00:00,30.15,30.24,29.94,30.09,112239.43
2025-04-18 10:00:00+00:00,30.09,30.22,30.07,30.07,73489.51
2025-04-18 11:00:00+00:00,30.07,30.22,30.05,30.21,63723.42
2025-04-18 12:00:00+00:00,30.21,30.61,30.18,30.51,203698.34
2025-04-18 13:00:00+00:00,30.51,30.7,30.3,30.69,104845.14
2025-04-18 14:00:00+00:00,30.69,30.82,30.51,30.8,132583.61
2025-04-18 15:00:00+00:00,30.8,30.95,30.59,30.89,181511.34
2025-04-18 16:00:00+00:00,30.89,31.09,30.89,31.0,147789.71
2025-04-18 17:00:00+00:00,31.0,31.46,31.0,31.4,140783.76
2025-04-18 18:00:00+00:00,31.4,31.8,31.34,31.59,267153.07
2025-04-18 19:00:00+00:00,31.59,31.63,31.42,31.49,114932.3
2025-04-18 20:00:00+00:00,31.49,31.66,31.42,31.47,148256.19
2025-04-18 21:00:00+00:00,31.47,31.53,31.16,31.32,164707.06
2025-04-18 22:00:00+00:00,31.32,31.39,30.93,30.99,86305.51
2025-04-18 23:00:00+00:00,30.99,31.12,30.87,30.9,85523.72
2025-04-19 00:00:00+00:00,30.9,31.12,30.82,31.02,85992.55
2025-04-19 01:00:00+00:00,31.02,31.31,30.98,31.17,124183.5
2025-04-19 02:00:00+00:00,31.17,31.51,31.15,31.22,137924.65
2025-04-19 03:00:00+00:00,31.22,31.44,31.18,31.37,104000.52
2025-04-19 04:00:00+00:00,31.37,31.37,31.18,31.35,130025.51
2025-04-19 05:00:00+00:00,31.35,31.53,31.28,31.3,145882.5
2025-04-19 06:00:00+00:00,31.3,31.31,31.12,31.26,46300.78
2025-04-19 07:00:00+00:00,31.26,31.53,31.24,31.37,109611.36
2025-04-19 08:00:00+00:00,31.37,31.6,31.33,31.56,98521.21
2025-04-19 09:00:00+00:00,31.56,31.7,31.26,31.37,72789.07
2025-04-19 10:00:00+00:00,31.37,31.47,31.3,31.33,57769.91
2025-04-19 11:00:00+00:00,31.33,31.57,31.31,31.52,57607.55
2025-04-19 12:00:00+00:00,31.52,31.65,31.37,31.4,120783.9
2025-04-19 13:00:00+00:00,31.4,31.49,31.35,31.44,25291.76
2025-04-19 14:00:00+00:00,31.44,31.45,31.27,31.29,52734.2
2025-04-19 15:00:00+00:00,31.29,31.47,31.12,31.17,128775.44
2025-04-19 16:00:00+00:00,31.17,31.38,31.1,31.14,131235.91
2025-04-19 17:00:00+00:00,31.14,31.43,31.14,31.32,66387.81
2025-04-19 18:00:00+00:00,31.32,31.52,31.29,31.4,48498.86
2025-04-19 19:00:00+00:00,31.4,31.65,31.29,31.64,114661.67
2025-04-19 20:00:00+00:00,31.64,31.92,31.64,31.83,143716.09
2025-04-19 21:00:00+00:00,31.83,31.86,31.58,31.68,62604.83
2025-04-19 22:00:00+00:00,31.68,31.89,31.66,31.85,92598.5
2025-04-19 23:00:00+00:00,31.85,31.86,31.56,31.65,33060.2
2025-04-20 00:00:00+00:00,31.65,31.73,31.49,31.52,74289.41
2025-04-20 01:00:00+00:00,31.52,31.64,31.37,31.6,75876.64
2025-04-20 02:00:00+00:00,31.6,31.84,31.53,31.74,42623.67
2025-04-20 03:00:00+00:00,31.74,32.14,31.71,32.06,122145.21
2025-04-20 04:00:00+00:00,32.06,32.11,31.91,32.06,87506.61
2025-04-20 05:00:00+00:00,32.06,32.39,32.0,32.22,176976.33
2025-04-20 06:00:00+00:00,32.22,32.3,31.8,31.81,65428.12
2025-04-20 07:00:00+00:00,31.81,31.94,31.5,31.63,134355.7
2025-04-20 08:00:00+00:00,31.63,31.67,30.86,31.12,308368.49
2025-04-20 09:00:00+00:00,31.12,31.35,31.07,31.14,97912.44
2025-04-20 10:00:00+00:00,31.14,31.2,30.8,30.91,73217.99
2025-04-20 11:00:00+00:00,30.91,30.98,30.77,30.92,118716.32
2025-04-20 12:00:00+00:00,30.92,31.1,30.73,30.73,135289.81
2025-04-20 13:00:00+00:00,30.73,30.83,30.47,30.74,207698.31
2025-04-20 14:00:00+00:00,30.74,30.75,30.5,30.64,134175.66
2025-04-20 15:00:00+00:00,30.64,30.74,30.47,30.52,152158.94
2025-04-20 16:00:00+00:00,30.52,30.83,30.46,30.75,165567.02
2025-04-20 17:00:00+00:00,30.75,30.83,30.58,30.83,96106.05
2025-04-20 18:00:00+00:00,30.83,30.85,30.71,30.83,97143.45
2025-04-20 19:00:00+00:00,30.83,31.13,30.8,31.06,129245.74
2025-04-20 20:00:00+00:00,31.06,31.17,30.94,31.05,130232.62
2025-04-20 21:00:00+00:00,31.05,31.08,30.9,30.99,91157.19
2025-04-20 22:00:00+00:00,30.99,31.04,30.8,30.86,93914.69
2025-04-20 23:00:00+00:00,30.86,31.04,30.85,30.96,96012.39
2025-04-21 00:00:00+00:00,30.96,31.5,30.96,31.42,168568.77
2025-04-21 01:00:00+00:00,31.42,31.68,31.35,31.53,213490.37
2025-04-21 02:00:00+00:00,31.53,31.66,31.39,31.49,129166.12
2025-04-21 03:00:00+00:00,31.49,31.53,31.33,31.38,73173.87
2025-04-21 04:00:00+00:00,31.38,31.52,31.35,31.46,76801.54
2025-04-21 05:00:00+00:00,31.46,31.88,31.37,31.7,88631.33
2025-04-21 06:00:00+00:00,31.7,32.01,31.69,31.89,158068.74
2025-04-21 07:00:00+00:00,31.89,31.97,31.78,31.85,73777.63
2025-04-21 08:00:00+00:00,31.85,32.0,31.85,31.89,110433.34
2025-04-21 09:00:00+00:00,31.89,32.06,31.88,32.01,181438.21
2025-04-21 10:00:00+00:00,32.01,32.01,31.87,31.92,85110.94
2025-04-21 11:00:00+00:00,31.92,31.97,31.62,31.86,143584.19
2025-04-21 12:00:00+00:00,31.86,32.16,31.77,31.77,217168.61
2025-04-21 13:00:00+00:00,31.77,31.93,31.63,31.67,257413.36
2025-04-21 14:00:00+00:00,31.67,32.11,31.63,31.84,342800.32
2025-04-21 15:00:00+00:00,31.84,32.03,31.74,31.87,215833.02
2025-04-21 16:00:00+00:00,31.87,31.97,31.17,31.37,455016.67
2025-04-21 17:00:00+00:00,31.37,31.9,31.07,31.81,441757.11
2025-04-21 18:00:00+00:00,31.81,31.86,31.58,31.59,158348.2
2025-04-21 19:00:00+00:00,31.59,31.75,31.53,31.56,122209.1
2025-04-21 20:00:00+00:00,31.56,31.56,31.28,31.36,91205.51
2025-04-21 21:00:00+00:00,31.36,31.4,31.17,31.38,64018.61
2025-04-21 22:00:00+00:00,31.38,31.38,31.18,31.29,34730.79
2025-04-21 23:00:00+00:00,31.29,31.31,31.12,31.19,96233.44
2025-04-22 00:00:00+00:00,31.19,31.26,31.01,31.13,165051.57
2025-04-22 01:00:00+00:00,31.13,31.4,31.07,31.25,121627.87
2025-04-22 02:00:00+00:00,31.25,31.29,31.02,31.06,111076.8
2025-04-22 03:00:00+00:00,31.06,31.08,30.89,30.96,76600.14
2025-04-22 04:00:00+00:00,30.96,31.0,30.89,30.92,80742.26
2025-04-22 05:00:00+00:00,30.92,31.26,30.89,31.18,168454.01
2025-04-22 06:00:00+00:00,31.18,31.22,30.93,31.0,145644.01
2025-04-22 07:00:00+00:00,31.0,31.22,29.49,31.15,298870.38
2025-04-22 08:00:00+00:00,31.15,31.38,31.01,31.05,237861.82
2025-04-22 09:00:00+00:00,31.05,31.12,30.17,30.82,200125.71
2025-04-22 10:00:00+00:00,30.82,30.87,30.06,30.82,210574.52
2025-04-22 11:00:00+00:00,30.82,31.04,30.51,30.93,176380.78
2025-04-22 12:00:00+00:00,30.93,31.12,30.93,31.05,98807.68
2025-04-22 13:00:00+00:00,31.05,31.22,30.73,31.17,218051.44
2025-04-22 14:00:00+00:00,31.17,31.99,30.95,31.89,442839.54
2025-04-22 15:00:00+00:00,31.89,32.34,31.57,31.73,756871.41
2025-04-22 16:00:00+00:00,31.73,31.95,31.59,31.64,307127.18
2025-04-22 17:00:00+00:00,31.64,31.77,30.99,31.64,393998.16
2025-04-22 18:00:00+00:00,31.64,31.69,30.94,31.31,262183.79
2025-04-22 19:00:00+00:00,31.31,31.54,31.27,31.44,222712.25
2025-04-22 20:00:00+00:00,31.44,31.74,31.4,31.69,233281.79
2025-04-22 21:00:00+00:00,31.69,32.23,31.58,32.22,367344.91
2025-04-22 22:00:00+00:00,32.22,32.61,32.19,32.56,481168.53
2025-04-22 23:00:00+00:00,32.56,33.17,32.47,32.99,527474.15
2025-04-23 00:00:00+00:00,32.99,33.12,32.54,32.61,262528.72
2025-04-23 01:00:00+00:00,32.61,32.78,32.36,32.39,184222.2
2025-04-23 02:00:00+00:00,32.39,32.65,32.38,32.61,181211.57
2025-04-23 03:00:00+00:00,32.61,32.9,32.53,32.87,161702.36
2025-04-23 04:00:00+00:00,32.87,33.58,32.83,33.42,498189.25
2025-04-23 05:00:00+00:00,33.42,33.42,32.96,32.99,194752.12
2025-04-23 06:00:00+00:00,32.99,33.12,32.88,33.05,159577.07
2025-04-23 07:00:00+00:00,33.05,33.28,32.92,33.25,116286.09
2025-04-23 08:00:00+00:00,33.25,33.48,33.02,33.26,252574.38
2025-04-23 09:00:00+00:00,33.26,33.31,32.99,33.06,141528.16
2025-04-23 10:00:00+00:00,33.06,33.22,32.88,33.22,98346.85
2025-04-23 11:00:00+00:00,33.22,33.62,33.13,33.53,331683.47
2025-04-23 12:00:00+00:00,33.53,33.69,33.49,33.6,195248.81
2025-04-23 13:00:00+00:00,33.6,33.99,33.07,33.14,373193.0
2025-04-23 14:00:00+00:00,33.14,33.93,33.11,33.84,390409.97
2025-04-23 15:00:00+00:00,33.84,33.9,32.88,33.3,580256.59
2025-04-23 16:00:00+00:00,33.3,33.56,33.05,33.31,349494.73
2025-04-23 17:00:00+00:00,33.31,33.44,33.18,33.27,224230.52
2025-04-23 18:00:00+00:00,33.27,33.39,33.06,33.16,98772.4
2025-04-23 19:00:00+00:00,33.16,33.47,33.15,33.4,161425.57
2025-04-23 20:00:00+00:00,33.4,33.74,33.24,33.68,218462.63
2025-04-23 21:00:00+00:00,33.68,33.92,33.54,33.88,85267.26
2025-04-23 22:00:00+00:00,33.88,34.33,33.82,34.3,180420.3
2025-04-23 23:00:00+00:00,34.3,34.34,34.03,34.06,38364.15
2025-04-24 00:00:00+00:00,34.06,34.15,33.35,33.72,405304.94
2025-04-24 01:00:00+00:00,33.72,33.85,33.5,33.73,107545.84
2025-04-24 02:00:00+00:00,33.73,33.74,32.48,32.57,498442.29
2025-04-24 03:00:00+00:00,32.57,32.67,32.0,32.13,549681.12
2025-04-24 04:00:00+00:00,32.13,32.46,32.04,32.24,374083.84
2025-04-24 05:00:00+00:00,32.24,32.67,32.23,32.58,235996.75
2025-04-24 06:00:00+00:00,32.58,32.67,32.48,32.57,108965.82
2025-04-24 07:00:00+00:00,32.57,32.71,32.48,32.61,231283.01
2025-04-24 08:00:00+00:00,32.61,33.77,32.6,32.98,504866.44
2025-04-24 09:00:00+00:00,32.98,33.64,32.84,33.62,336618.64
2025-04-24 10:00:00+00:00,33.62,33.62,33.34,33.39,165037.72
2025-04-24 11:00:00+00:00,33.39,33.42,33.23,33.36,99665.83
2025-04-24 12:00:00+00:00,33.36,33.45,33.1,33.4,172146.48
2025-04-24 13:00:00+00:00,33.4,33.56,33.22,33.42,200247.95
2025-04-24 14:00:00+00:00,33.42,33.68,33.39,33.61,238146.23
2025-04-24 15:00:00+00:00,33.61,33.82,33.49,33.55,296680.12
2025-04-24 16:00:00+00:00,33.55,33.89,33.52,33.58,207415.8
2025-04-24 17:00:00+00:00,33.58,33.65,33.34,33.44,115772.62
2025-04-24 18:00:00+00:00,33.44,33.55,33.33,33.38,61455.6
2025-04-24 19:00:00+00:00,33.38,33.52,33.26,33.35,83676.6
2025-04-24 20:00:00+00:00,33.35,33.53,33.33,33.51,60118.06
2025-04-24 21:00:00+00:00,33.51,33.57,33.36,33.55,99191.6
2025-04-24 22:00:00+00:00,33.55,33.63,33.49,33.57,31803.53
2025-04-24 23:00:00+00:00,33.57,33.72,33.5,33.71,30684.46
2025-04-25 00:00:00+00:00,33.71,33.82,33.57,33.72,72983.04
2025-04-25 01:00:00+00:00,33.72,33.88,33.71,33.82,98652.32
2025-04-25 02:00:00+00:00,33.82,33.86,33.42,33.44,111201.82
2025-04-25 03:00:00+00:00,33.44,33.6,33.24,33.6,104837.25
2025-04-25 04:00:00+00:00,33.6,33.65,33.43,33.46,53666.94
2025-04-25 05:00:00+00:00,33.46,33.53,33.38,33.48,59869.87
2025-04-25 06:00:00+00:00,33.48,33.73,33.45,33.72,50631.79
2025-04-25 07:00:00+00:00,33.72,33.81,33.63,33.75,110692.54
2025-04-25 08:00:00+00:00,33.75,33.93,33.69,33.86,80325.64
2025-04-25 09:00:00+00:00,33.86,34.07,33.82,34.03,186775.52
2025-04-25 10:00:00+00:00,34.03,34.13,33.78,33.86,166011.79
2025-04-25 11:00:00+00:00,33.86,34.23,33.85,34.12,185443.44
2025-04-25 12:00:00+00:00,34.12,34.19,33.89,33.93,135144.6
2025-04-25 13:00:00+00:00,33.93,34.4,33.9,34.23,124319.58
2025-04-25 14:00:00+00:00,34.23,34.31,33.93,34.19,246577.57
2025-04-25 15:00:00+00:00,34.19,34.24,33.92,34.07,183832.96
2025-04-25 16:00:00+00:00,34.07,34.13,33.88,34.0,89701.52
2025-04-25 17:00:00+00:00,34.0,34.26,33.82,33.88,250274.36
2025-04-25 18:00:00+00:00,33.88,34.23,33.88,34.1,327482.43
2025-04-25 19:00:00+00:00,34.1,34.1,33.74,34.02,191265.82
2025-04-25 20:00:00+00:00,34.02,34.44,34.02,34.36,219216.41
2025-04-25 21:00:00+00:00,34.36,34.4,34.05,34.14,190787.63
2025-04-25 22:00:00+00:00,34.14,34.33,34.14,34.22,182296.5
2025-04-25 23:00:00+00:00,34.22,34.23,33.75,33.89,155604.32
2025-04-26 00:00:00+00:00,33.89,34.2,33.88,34.17,145959.76
2025-04-26 01:00:00+00:00,34.17,34.53,34.09,34.33,144703.93
2025-04-26 02:00:00+00:00,34.33,34.51,34.17,34.46,117364.79
2025-04-26 03:00:00+00:00,34.46,34.48,34.23,34.32,73209.67
2025-04-26 04:00:00+00:00,34.32,34.4,34.11,34.17,50904.81
2025-04-26 05:00:00+00:00,34.17,34.23,33.22,33.53,625854.7
2025-04-26 06:00:00+00:00,33.53,33.86,33.53,33.78,133994.6
2025-04-26 07:00:00+00:00,33.78,33.92,33.61,33.65,126506.67
2025-04-26 08:00:00+00:00,33.65,34.07,33.63,33.9,210347.01
2025-04-26 09:00:00+00:00,33.9,34.13,33.55,33.63,296768.01
2025-04-26 10:00:00+00:00,33.63,33.94,33.04,33.58,664993.64
2025-04-26 11:00:00+00:00,33.58,33.88,32.89,32.96,419012.01
2025-04-26 12:00:00+00:00,32.96,33.2,32.92,32.95,238158.21
2025-04-26 13:00:00+00:00,32.95,33.12,32.55,32.77,325566.44
2025-04-26 14:00:00+00:00,32.77,33.14,32.66,33.12,221582.3
2025-04-26 15:00:00+00:00,33.12,33.31,33.06,33.23,84464.01
2025-04-26 16:00:00+00:00,33.23,33.48,33.1,33.32,293616.52
2025-04-26 17:00:00+00:00,33.32,33.85,33.26,33.33,141189.87
2025-04-26 18:00:00+00:00,33.33,33.38,33.18,33.18,98090.86
2025-04-26 19:00:00+00:00,33.18,33.41,33.17,33.37,72128.09
2025-04-26 20:00:00+00:00,33.37,33.4,33.18,33.21,86244.75
2025-04-26 21:00:00+00:00,33.21,33.26,33.09,33.15,89976.53
2025-04-26 22:00:00+00:00,33.15,33.44,33.15,33.32,131345.69
2025-04-26 23:00:00+00:00,33.32,33.36,33.11,33.19,118198.13
2025-04-27 00:00:00+00:00,33.19,33.51,33.19,33.33,180572.87
2025-04-27 01:00:00+00:00,33.33,33.39,32.54,32.58,260637.71
2025-04-27 02:00:00+00:00,32.58,32.77,32.57,32.71,151440.34
2025-04-27 03:00:00+00:00,32.71,32.77,32.62,32.71,103016.67
2025-04-27 04:00:00+00:00,32.71,32.77,32.55,32.56,190267.68
2025-04-27 05:00:00+00:00,32.56,32.73,32.52,32.65,200071.87
2025-04-27 06:00:00+00:00,32.65,32.67,32.56,32.63,101939.67
2025-04-27 07:00:00+00:00,32.63,32.83,32.59,32.83,113805.53
2025-04-27 08:00:00+00:00,32.83,32.84,32.7,32.71,80582.27
2025-04-27 09:00:00+00:00,32.71,32.82,32.57,32.63,116003.76
2025-04-27 10:00:00+00:00,32.63,32.68,32.54,32.64,98236.6
2025-04-27 11:00:00+00:00,32.64,32.81,32.56,32.74,132805.4
2025-04-27 12:00:00+00:00,32.74,32.81,32.55,32.6,75391.89
2025-04-27 13:00:00+00:00,32.6,32.81,32.56,32.78,145470.47
2025-04-27 14:00:00+00:00,32.78,32.98,32.73,32.85,147891.59
2025-04-27 15:00:00+00:00,32.85,32.87,32.54,32.7,165069.5
2025-04-27 16:00:00+00:00,32.7,32.88,32.54,32.59,177907.48
2025-04-27 17:00:00+00:00,32.59,32.73,32.56,32.66,95486.17
2025-04-27 18:00:00+00:00,32.66,32.82,32.58,32.71,52296.03
2025-04-27 19:00:00+00:00,32.71,32.71,32.57,32.67,54472.42
2025-04-27 20:00:00+00:00,32.67,32.72,32.54,32.64,40900.75
2025-04-27 21:00:00+00:00,32.64,32.71,32.54,32.63,40759.99
2025-04-27 22:00:00+00:00,32.63,32.65,32.48,32.56,132031.81
2025-04-27 23:00:00+00:00,32.56,32.58,32.35,32.36,133771.55
2025-04-28 00:00:00+00:00,32.36,32.41,32.2,32.21,120729.28
2025-04-28 01:00:00+00:00,32.21,32.57,31.96,32.16,745601.76
2025-04-28 02:00:00+00:00,32.16,32.45,32.14,32.37,85802.04
2025-04-28 03:00:00+00:00,32.37,33.76,32.32,33.56,455224.88
2025-04-28 04:00:00+00:00,33.56,34.85,33.51,34.83,881790.89
2025-04-28 05:00:00+00:00,34.83,37.11,34.75,37.03,2605466.44
2025-04-28 06:00:00+00:00,37.03,39.55,37.03,38.5,2905989.82
2025-04-28 07:00:00+00:00,38.5,39.11,37.15,37.27,1689482.77
2025-04-28 08:00:00+00:00,37.27,38.19,36.78,37.0,811607.03
2025-04-28 09:00:00+00:00,37.0,37.81,36.63,37.07,736765.88
2025-04-28 10:00:00+00:00,37.07,37.35,36.57,37.15,671970.48
2025-04-28 11:00:00+00:00,37.15,37.55,36.55,36.66,450561.92
2025-04-28 12:00:00+00:00,36.66,36.89,36.54,36.7,221809.88
2025-04-28 13:00:00+00:00,36.7,36.89,36.44,36.46,315349.43
2025-04-28 14:00:00+00:00,36.46,36.83,36.34,36.35,261708.83
2025-04-28 15:00:00+00:00,36.35,36.44,35.79,36.14,523198.01
2025-04-28 16:00:00+00:00,36.14,36.34,35.76,36.24,191563.94
2025-04-28 17:00:00+00:00,36.24,36.79,36.02,36.58,512136.47
2025-04-28 18:00:00+00:00,36.58,36.6,36.25,36.31,166995.96
2025-04-28 19:00:00+00:00,36.31,36.45,36.06,36.22,225658.93
2025-04-28 20:00:00+00:00,36.22,36.36,35.79,35.94,291618.65
2025-04-28 21:00:00+00:00,35.94,35.99,35.67,35.83,121760.03
2025-04-28 22:00:00+00:00,35.83,35.98,35.64,35.77,215812.98
2025-04-28 23:00:00+00:00,35.77,35.88,35.52,35.62,130697.22
2025-04-29 00:00:00+00:00,35.62,35.91,35.49,35.64,214623.39
2025-04-29 01:00:00+00:00,35.64,35.83,35.6,35.74,125841.05
2025-04-29 02:00:00+00:00,35.74,35.79,35.51,35.66,127363.54
2025-04-29 03:00:00+00:00,35.66,35.79,35.39,35.61,87134.5
2025-04-29 04:00:00+00:00,35.61,35.75,35.34,35.61,149903.39
2025-04-29 05:00:00+00:00,35.61,36.02,35.45,35.76,168492.11
2025-04-29 06:00:00+00:00,35.76,36.69,35.75,36.13,317847.32
2025-04-29 07:00:00+00:00,36.13,36.42,35.96,36.12,157195.67
2025-04-29 08:00:00+00:00,36.12,36.34,35.88,36.27,80339.07
2025-04-29 09:00:00+00:00,36.27,36.29,35.78,35.96,235341.55
2025-04-29 10:00:00+00:00,35.96,36.05,35.86,35.88,234500.83
2025-04-29 11:00:00+00:00,35.88,36.2,35.87,36.18,102576.02
2025-04-29 12:00:00+00:00,36.18,36.19,35.91,35.92,175393.61
2025-04-29 13:00:00+00:00,35.92,36.04,35.79,35.87,197882.24
2025-04-29 14:00:00+00:00,35.87,36.32,35.84,36.32,179321.32
2025-04-29 15:00:00+00:00,36.32,36.34,36.04,36.04,170401.31
2025-04-29 16:00:00+00:00,36.04,36.09,34.82,35.03,1025734.37
2025-04-29 17:00:00+00:00,35.03,35.35,34.96,35.13,265453.8
2025-04-29 18:00:00+00:00,35.13,35.21,34.32,34.56,727338.49
2025-04-29 19:00:00+00:00,34.56,34.62,34.13,34.27,290193.15
2025-04-29 20:00:00+00:00,34.27,34.33,34.06,34.17,172139.51
2025-04-29 21:00:00+00:00,34.17,36.12,33.92,34.4,1377020.69
2025-04-29 22:00:00+00:00,34.4,36.04,34.32,34.51,555944.27
2025-04-29 23:00:00+00:00,34.51,34.58,34.07,34.52,175399.4
2025-04-30 00:00:00+00:00,34.52,34.85,34.41,34.84,154476.28
2025-04-30 01:00:00+00:00,34.84,34.95,34.47,34.74,54366.92
2025-04-30 02:00:00+00:00,34.74,34.9,34.64,34.86,46789.5
2025-04-30 03:00:00+00:00,34.86,34.95,34.69,34.77,66108.75
2025-04-30 04:00:00+00:00,34.77,35.04,34.68,34.94,108537.2
2025-04-30 05:00:00+00:00,34.94,34.97,34.76,34.9,43845.71
2025-04-30 06:00:00+00:00,34.9,34.93,34.7,34.73,62982.59
2025-04-30 07:00:00+00:00,34.73,34.9,34.4,34.56,165225.42
2025-04-30 08:00:00+00:00,34.56,34.59,34.29,34.36,56723.05
2025-04-30 09:00:00+00:00,34.36,35.33,34.36,35.23,259509.51
2025-04-30 10:00:00+00:00,35.23,35.26,34.96,35.09,49167.01
2025-04-30 11:00:00+00:00,35.09,36.44,35.07,35.95,695199.03
2025-04-30 12:00:00+00:00,35.95,36.08,35.42,35.65,224166.31
2025-04-30 13:00:00+00:00,35.65,35.69,34.51,34.53,170627.19
2025-04-30 14:00:00+00:00,34.53,35.96,34.53,35.64,270583.03
2025-04-30 15:00:00+00:00,35.64,35.84,35.43,35.61,128570.43
2025-04-30 16:00:00+00:00,35.61,35.79,35.41,35.74,108980.53
2025-04-30 17:00:00+00:00,35.74,36.41,35.46,36.15,356985.22
2025-04-30 18:00:00+00:00,36.15,36.48,35.85,35.99,214001.64
2025-04-30 19:00:00+00:00,35.99,36.16,35.75,35.99,50022.99
2025-04-30 20:00:00+00:00,35.99,36.34,35.99,36.09,107518.86
2025-04-30 21:00:00+00:00,36.09,36.1,35.82,35.85,62990.49
2025-04-30 22:00:00+00:00,35.85,36.18,35.85,36.15,65328.35
2025-04-30 23:00:00+00:00,36.15,36.16,35.94,36.03,47949.79
2025-05-01 00:00:00+00:00,36.03,36.28,35.98,36.27,91156.1
2025-05-01 01:00:00+00:00,36.27,36.36,36.13,36.21,90148.33
2025-05-01 02:00:00+00:00,36.21,36.3,35.79,35.83,103312.11
2025-05-01 03:00:00+00:00,35.83,36.07,35.74,35.78,72744.21
2025-05-01 04:00:00+00:00,35.78,35.8,35.56,35.77,94704.36
2025-05-01 05:00:00+00:00,35.77,35.97,35.66,35.75,46470.98
2025-05-01 06:00:00+00:00,35.75,35.81,35.63,35.71,40187.44
2025-05-01 07:00:00+00:00,35.71,35.81,35.58,35.7,104965.73
2025-05-01 08:00:00+00:00,35.7,36.0,35.59,35.93,115424.33
2025-05-01 09:00:00+00:00,35.93,36.05,35.79,35.81,131184.89
2025-05-01 10:00:00+00:00,35.81,36.21,35.79,36.02,198883.15
2025-05-01 11:00:00+00:00,36.02,36.14,35.88,36.03,106597.59
2025-05-01 12:00:00+00:00,36.03,36.04,34.83,35.84,789790.2
2025-05-01 13:00:00+00:00,35.84,35.97,35.21,35.24,331487.74
2025-05-01 14:00:00+00:00,35.24,35.63,35.24,35.55,166130.26
2025-05-01 15:00:00+00:00,35.55,35.82,35.23,35.36,181063.81
2025-05-01 16:00:00+00:00,35.36,35.69,35.35,35.55,113027.7
2025-05-01 17:00:00+00:00,35.55,35.81,35.38,35.47,127038.7
2025-05-01 18:00:00+00:00,35.47,35.52,35.32,35.49,95407.57
2025-05-01 19:00:00+00:00,35.49,35.65,35.25,35.47,110649.06
2025-05-01 20:00:00+00:00,35.47,35.96,35.43,35.87,283817.43
2025-05-01 21:00:00+00:00,35.87,37.57,35.83,36.74,713333.03
2025-05-01 22:00:00+00:00,36.74,37.53,36.68,37.29,369148.03
2025-05-01 23:00:00+00:00,37.29,38.13,37.17,37.41,516808.76
2025-05-02 00:00:00+00:00,37.41,37.57,36.67,37.09,542381.04
2025-05-02 01:00:00+00:00,37.09,37.14,36.59,36.94,389062.55
2025-05-02 02:00:00+00:00,36.94,37.5,36.64,37.38,198797.59
2025-05-02 03:00:00+00:00,37.38,37.53,36.98,37.26,272960.59
2025-05-02 04:00:00+00:00,37.26,37.42,36.87,37.04,213098.12
2025-05-02 05:00:00+00:00,37.04,37.15,36.6,36.64,122632.07
2025-05-02 06:00:00+00:00,36.64,36.95,36.52,36.85,125864.35
2025-05-02 07:00:00+00:00,36.85,36.92,36.6,36.62,117050.8
2025-05-02 08:00:00+00:00,36.62,37.21,36.54,37.02,100798.61
2025-05-02 09:00:00+00:00,37.02,37.48,36.85,37.17,330388.99
2025-05-02 10:00:00+00:00,37.17,37.29,36.85,36.99,105202.15
2025-05-02 11:00:00+00:00,36.99,37.24,36.96,37.09,82177.91
2025-05-02 12:00:00+00:00,37.09,37.13,36.72,37.06,157213.4
2025-05-02 13:00:00+00:00,37.06,37.11,36.33,36.61,377297.72
2025-05-02 14:00:00+00:00,36.61,37.33,36.55,36.75,223800.46
2025-05-02 15:00:00+00:00,36.75,36.9,36.37,36.47,255896.12
2025-05-02 16:00:00+00:00,36.47,36.84,36.42,36.48,230417.88
2025-05-02 17:00:00+00:00,36.48,36.62,36.35,36.46,95040.77
2025-05-02 18:00:00+00:00,36.46,36.6,35.83,35.86,194704.04
2025-05-02 19:00:00+00:00,35.86,36.42,35.85,36.23,365158.99
2025-05-02 20:00:00+00:00,36.23,36.41,36.11,36.38,63527.26
2025-05-02 21:00:00+00:00,36.38,36.38,35.95,36.03,46538.72
2025-05-02 22:00:00+00:00,36.03,36.47,35.93,36.03,49338.48
2025-05-02 23:00:00+00:00,36.03,36.21,36.02,36.2,27156.43
2025-05-03 00:00:00+00:00,36.2,36.81,36.17,36.34,181069.63
2025-05-03 01:00:00+00:00,36.34,36.39,35.93,36.02,52100.07
2025-05-03 02:00:00+00:00,36.02,36.06,35.71,35.9,95032.69
2025-05-03 03:00:00+00:00,35.9,36.12,35.82,36.11,42355.21
2025-05-03 04:00:00+00:00,36.11,36.12,35.73,35.9,30326.27
2025-05-03 05:00:00+00:00,35.9,35.91,35.75,35.82,36433.91
2025-05-03 06:00:00+00:00,35.82,35.94,35.67,35.85,89291.52
2025-05-03 07:00:00+00:00,35.85,36.05,35.82,36.0,54826.66
2025-05-03 08:00:00+00:00,36.0,36.02,35.64,35.76,76032.38
2025-05-03 09:00:00+00:00,35.76,35.88,35.69,35.83,36172.09
2025-05-03 10:00:00+00:00,35.83,35.87,35.67,35.67,66627.96
2025-05-03 11:00:00+00:00,35.67,35.97,35.63,35.84,86283.94
2025-05-03 12:00:00+00:00,35.84,36.07,35.81,35.97,102539.36
2025-05-03 13:00:00+00:00,35.97,36.03,35.72,35.72,59772.74
2025-05-03 14:00:00+00:00,35.72,35.78,35.67,35.73,25292.39
2025-05-03 15:00:00+00:00,35.73,35.97,35.73,35.8,36502.65
2025-05-03 16:00:00+00:00,35.8,36.42,35.37,35.46,161540.94
2025-05-03 17:00:00+00:00,35.46,35.59,35.2,35.59,147297.52
2025-05-03 18:00:00+00:00,35.59,35.69,35.55,35.66,39032.86
2025-05-03 19:00:00+00:00,35.66,35.91,35.53,35.89,61022.48
2025-05-03 20:00:00+00:00,35.89,35.9,35.69,35.77,70896.15
2025-05-03 21:00:00+00:00,35.77,35.89,35.58,35.73,40101.96
2025-05-03 22:00:00+00:00,35.73,35.76,35.6,35.63,62265.88
2025-05-03 23:00:00+00:00,35.63,35.9,35.31,35.8,150599.99
2025-05-04 00:00:00+00:00,35.8,36.0,35.46,35.77,156395.31
2025-05-04 01:00:00+00:00,35.77,36.14,35.7,35.97,142501.45
2025-05-04 02:00:00+00:00,35.97,36.22,35.68,36.13,133312.66
2025-05-04 03:00:00+00:00,36.13,36.25,35.64,35.64,160096.87
2025-05-04 04:00:00+00:00,35.64,35.89,35.55,35.6,97918.1
2025-05-04 05:00:00+00:00,35.6,35.74,35.21,35.53,210058.41
2025-05-04 06:00:00+00:00,35.53,35.59,35.16,35.44,149221.26
2025-05-04 07:00:00+00:00,35.44,35.53,34.7,34.99,217935.2
2025-05-04 08:00:00+00:00,34.99,35.41,34.57,34.82,333876.38
2025-05-04 09:00:00+00:00,34.82,34.92,34.65,34.75,283543.36
2025-05-04 10:00:00+00:00,34.75,34.97,34.72,34.82,121717.96
2025-05-04 11:00:00+00:00,34.82,34.99,34.8,34.92,64691.62
2025-05-04 12:00:00+00:00,34.92,34.99,34.77,34.88,63224.21
2025-05-04 13:00:00+00:00,34.88,34.94,34.43,34.66,104675.14
2025-05-04 14:00:00+00:00,34.66,35.48,34.31,35.14,322982.01
2025-05-04 15:00:00+00:00,35.14,35.19,34.72,34.9,132445.08
2025-05-04 16:00:00+00:00,34.9,34.94,34.54,34.74,160163.93
2025-05-04 17:00:00+00:00,34.74,35.74,34.74,35.21,533918.75
2025-05-04 18:00:00+00:00,35.21,35.26,34.87,34.92,87155.81
2025-05-04 19:00:00+00:00,34.92,35.06,34.68,35.01,141669.01
2025-05-04 20:00:00+00:00,35.01,35.12,34.94,35.12,69999.64
2025-05-04 21:00:00+00:00,35.12,36.15,34.99,35.68,360678.56
2025-05-04 22:00:00+00:00,35.68,35.82,35.37,35.5,143523.84
2025-05-04 23:00:00+00:00,35.5,35.69,35.38,35.63,103977.02
2025-05-05 00:00:00+00:00,35.63,35.89,35.41,35.87,107882.64
2025-05-05 01:00:00+00:00,35.87,35.97,35.71,35.83,142663.93
2025-05-05 02:00:00+00:00,35.83,36.34,35.28,35.9,333371.84
2025-05-05 03:00:00+00:00,35.9,35.98,35.56,35.58,120903.03
2025-05-05 04:00:00+00:00,35.58,35.78,35.57,35.73,74136.86
2025-05-05 05:00:00+00:00,35.73,35.84,35.63,35.84,58861.22
2025-05-05 06:00:00+00:00,35.84,36.07,35.6,36.0,118950.45
2025-05-05 07:00:00+00:00,36.0,36.13,35.64,36.13,103677.97
2025-05-05 08:00:00+00:00,36.13,36.52,35.84,36.51,264828.03
2025-05-05 09:00:00+00:00,36.51,36.88,36.11,36.35,272941.87
2025-05-05 10:00:00+00:00,36.35,36.44,35.66,35.92,97990.62
2025-05-05 11:00:00+00:00,35.92,36.19,35.68,35.91,128843.39
2025-05-05 12:00:00+00:00,35.91,36.58,35.71,36.19,226788.81
2025-05-05 13:00:00+00:00,36.19,36.41,35.71,36.29,190837.88
2025-05-05 14:00:00+00:00,36.29,36.95,36.25,36.56,196250.46
2025-05-05 15:00:00+00:00,36.56,37.0,36.4,36.75,283349.98
2025-05-05 16:00:00+00:00,36.75,37.3,36.62,37.15,265220.37
2025-05-05 17:00:00+00:00,37.15,37.24,36.7,37.12,167787.28
2025-05-05 18:00:00+00:00,37.12,37.28,36.88,37.16,101567.02
2025-05-05 19:00:00+00:00,37.16,37.45,36.75,36.8,162492.81
2025-05-05 20:00:00+00:00,36.8,37.1,36.35,36.51,152387.38
2025-05-05 21:00:00+00:00,36.51,36.78,36.4,36.63,97372.13
2025-05-05 22:00:00+00:00,36.63,36.71,36.54,36.68,46227.51
2025-05-05 23:00:00+00:00,36.68,36.7,36.49,36.58,68715.13
2025-05-06 00:00:00+00:00,36.58,36.61,36.25,36.45,58184.75
2025-05-06 01:00:00+00:00,36.45,36.46,35.86,35.96,113416.39
2025-05-06 02:00:00+00:00,35.96,36.17,35.73,36.01,26902.37
2025-05-06 03:00:00+00:00,36.01,36.14,35.86,36.13,16781.86
2025-05-06 04:00:00+00:00,36.13,36.3,36.02,36.09,21519.65
2025-05-06 05:00:00+00:00,36.09,36.11,35.79,35.88,62429.31
2025-05-06 06:00:00+00:00,35.88,36.67,35.88,36.16,175928.89
2025-05-06 07:00:00+00:00,36.16,36.71,36.02,36.08,131047.86
2025-05-06 08:00:00+00:00,36.08,36.11,35.64,35.67,118252.58
2025-05-06 09:00:00+00:00,35.67,35.67,35.38,35.56,122059.32
2025-05-06 10:00:00+00:00,35.56,35.66,35.19,35.24,162871.98
2025-05-06 11:00:00+00:00,35.24,35.68,35.1,35.61,245602.99
2025-05-06 12:00:00+00:00,35.61,35.7,34.9,34.97,334178.97
2025-05-06 13:00:00+00:00,34.97,35.04,34.63,34.7,120660.88
2025-05-06 14:00:00+00:00,34.7,35.94,34.67,35.2,613035.35
2025-05-06 15:00:00+00:00,35.2,35.8,34.98,35.74,294927.99
2025-05-06 16:00:00+00:00,35.74,35.82,35.5,35.56,136644.13
2025-05-06 17:00:00+00:00,35.56,36.04,35.44,35.94,218231.53
2025-05-06 18:00:00+00:00,35.94,36.22,35.93,36.19,104119.16
2025-05-06 19:00:00+00:00,36.19,36.67,36.19,36.33,139262.32
2025-05-06 20:00:00+00:00,36.33,36.34,36.01,36.11,183892.36
2025-05-06 21:00:00+00:00,36.11,36.74,35.8,36.54,183071.34
2025-05-06 22:00:00+00:00,36.54,37.88,36.53,37.77,439297.74
2025-05-06 23:00:00+00:00,37.77,38.72,37.58,38.06,444138.73
2025-05-07 00:00:00+00:00,38.06,38.5,37.9,38.42,208110.75
2025-05-07 01:00:00+00:00,38.42,38.63,38.17,38.48,158511.3
2025-05-07 02:00:00+00:00,38.48,38.52,37.99,38.0,122868.19
2025-05-07 03:00:00+00:00,38.0,38.32,37.77,38.11,117241.44
2025-05-07 04:00:00+00:00,38.11,38.19,37.7,37.93,69869.29
2025-05-07 05:00:00+00:00,37.93,38.01,37.8,37.83,82362.61
2025-05-07 06:00:00+00:00,37.83,37.91,37.49,37.71,114921.74
2025-05-07 07:00:00+00:00,37.71,37.78,36.82,37.71,419603.88
2025-05-07 08:00:00+00:00,37.71,38.01,37.54,37.73,84600.03
2025-05-07 09:00:00+00:00,37.73,37.9,37.48,37.48,91786.43
2025-05-07 10:00:00+00:00,37.48,37.64,37.21,37.41,180792.19
2025-05-07 11:00:00+00:00,37.41,37.56,37.29,37.46,79085.6
2025-05-07 12:00:00+00:00,37.46,38.26,37.46,38.18,353048.87
2025-05-07 13:00:00+00:00,38.18,38.43,37.95,38.29,323857.2
2025-05-07 14:00:00+00:00,38.29,38.62,37.76,38.5,228153.95
2025-05-07 15:00:00+00:00,38.5,38.68,37.72,38.28,445085.99
2025-05-07 16:00:00+00:00,38.28,38.81,38.01,38.63,613101.32
2025-05-07 17:00:00+00:00,38.63,39.4,38.51,39.01,448349.64
2025-05-07 18:00:00+00:00,39.01,40.4,38.95,40.04,1691668.21
2025-05-07 19:00:00+00:00,40.04,40.34,39.05,39.81,581749.56
2025-05-07 20:00:00+00:00,39.81,40.27,39.71,40.04,401521.43
2025-05-07 21:00:00+00:00,40.04,40.96,40.04,40.92,468475.89
2025-05-07 22:00:00+00:00,40.92,41.21,40.53,40.83,283217.13
2025-05-07 23:00:00+00:00,40.83,40.91,40.29,40.44,212796.04
2025-05-08 00:00:00+00:00,40.44,40.63,40.22,40.52,190845.48
2025-05-08 01:00:00+00:00,40.52,40.68,40.12,40.15,142731.19
2025-05-08 02:00:00+00:00,40.15,40.75,40.14,40.46,129215.37
2025-05-08 03:00:00+00:00,40.46,40.57,40.26,40.43,158701.31
2025-05-08 04:00:00+00:00,40.43,40.81,40.32,40.54,145573.13
2025-05-08 05:00:00+00:00,40.54,40.8,40.47,40.77,79813.6
2025-05-08 06:00:00+00:00,40.77,40.83,40.55,40.58,51610.13
2025-05-08 07:00:00+00:00,40.58,40.65,40.07,40.25,151241.73
2025-05-08 08:00:00+00:00,40.25,40.46,39.86,39.96,180989.23
2025-05-08 09:00:00+00:00,39.96,39.97,39.25,39.69,651545.55
2025-05-08 10:00:00+00:00,39.69,40.88,39.65,40.42,364736.28
2025-05-08 11:00:00+00:00,40.42,40.42,40.0,40.23,104680.57
2025-05-08 12:00:00+00:00,40.23,40.74,40.09,40.32,200560.94
2025-05-08 13:00:00+00:00,40.32,40.93,40.32,40.51,181613.1
2025-05-08 14:00:00+00:00,40.51,41.12,40.48,40.73,340392.65
2025-05-08 15:00:00+00:00,40.73,41.6,40.68,41.0,557735.8
2025-05-08 16:00:00+00:00,41.0,41.44,40.91,41.24,226109.57
2025-05-08 17:00:00+00:00,41.24,41.24,40.71,40.85,149849.98
2025-05-08 18:00:00+00:00,40.85,41.22,40.59,41.03,276927.02
2025-05-08 19:00:00+00:00,41.03,41.07,40.51,40.77,158082.95
2025-05-08 20:00:00+00:00,40.77,41.5,40.71,41.35,243135.19
2025-05-08 21:00:00+00:00,41.35,41.95,41.0,41.79,308799.88
2025-05-08 22:00:00+00:00,41.79,41.89,41.28,41.74,140190.43
2025-05-08 23:00:00+00:00,41.74,41.95,41.53,41.9,148749.47
2025-05-09 00:00:00+00:00,41.9,41.94,41.1,41.43,199182.62
2025-05-09 01:00:00+00:00,41.43,41.87,41.37,41.83,149725.54
2025-05-09 02:00:00+00:00,41.83,41.97,41.54,41.91,151173.81
2025-05-09 03:00:00+00:00,41.91,42.33,41.17,41.27,477716.96
2025-05-09 04:00:00+00:00,41.27,41.57,40.82,41.19,186618.02
2025-05-09 05:00:00+00:00,41.19,41.43,41.03,41.36,180673.54
2025-05-09 06:00:00+00:00,41.36,41.8,41.15,41.66,170731.87
2025-05-09 07:00:00+00:00,41.66,42.45,41.47,42.2,350307.46
2025-05-09 08:00:00+00:00,42.2,42.47,41.07,42.05,588892.44
2025-05-09 09:00:00+00:00,42.05,42.46,41.43,41.71,358815.41
2025-05-09 10:00:00+00:00,41.71,43.26,41.64,43.13,444094.16
2025-05-09 11:00:00+00:00,43.13,43.22,42.45,42.56,439695.23
2025-05-09 12:00:00+00:00,42.56,42.88,42.32,42.66,241769.93
2025-05-09 13:00:00+00:00,42.66,42.91,42.08,42.81,343531.0
2025-05-09 14:00:00+00:00,42.81,42.91,41.79,42.18,449354.24
2025-05-09 15:00:00+00:00,42.18,42.32,41.48,41.78,455785.4
2025-05-09 16:00:00+00:00,41.78,42.06,41.22,41.4,396873.84
2025-05-09 17:00:00+00:00,41.4,41.98,41.33,41.85,85359.26
2025-05-09 18:00:00+00:00,41.85,42.23,41.67,42.17,153368.71
2025-05-09 19:00:00+00:00,42.17,42.2,41.54,41.68,172522.04
2025-05-09 20:00:00+00:00,41.68,41.71,41.43,41.58,151113.12
2025-05-09 21:00:00+00:00,41.58,41.66,41.34,41.39,50338.1
2025-05-09 22:00:00+00:00,41.39,42.1,41.39,41.89,93527.45
2025-05-09 23:00:00+00:00,41.89,42.02,41.7,41.82,41985.36
2025-05-10 00:00:00+00:00,41.82,43.86,41.82,42.34,922696.7
2025-05-10 01:00:00+00:00,42.34,43.02,42.33,42.6,86020.78
2025-05-10 02:00:00+00:00,42.6,43.17,42.58,43.1,99336.89
2025-05-10 03:00:00+00:00,43.1,43.1,42.37,42.51,68125.35
2025-05-10 04:00:00+00:00,42.51,42.64,42.27,42.4,70849.15
2025-05-10 05:00:00+00:00,42.4,42.59,42.36,42.4,58610.08
2025-05-10 06:00:00+00:00,42.4,42.81,42.3,42.65,241945.33
2025-05-10 07:00:00+00:00,42.65,42.87,42.61,42.74,66730.78
2025-05-10 08:00:00+00:00,42.74,42.92,42.21,42.34,95652.42
2025-05-10 09:00:00+00:00,42.34,42.57,42.09,42.53,124728.16
2025-05-10 10:00:00+00:00,42.53,42.53,42.03,42.04,73871.69
2025-05-10 11:00:00+00:00,42.04,42.26,41.0,41.85,429532.19
2025-05-10 12:00:00+00:00,41.85,42.25,41.14,41.42,322813.95
2025-05-10 13:00:00+00:00,41.42,41.62,40.62,41.57,351884.35
2025-05-10 14:00:00+00:00,41.57,41.61,41.1,41.21,206518.46
2025-05-10 15:00:00+00:00,41.21,41.3,40.71,40.99,331660.32
2025-05-10 16:00:00+00:00,40.99,41.7,40.74,41.34,633438.39
2025-05-10 17:00:00+00:00,41.34,42.13,41.27,41.97,307923.61
2025-05-10 18:00:00+00:00,41.97,42.13,41.76,41.96,112717.92
2025-05-10 19:00:00+00:00,41.96,41.99,41.6,41.82,121219.5
2025-05-10 20:00:00+00:00,41.82,42.2,41.72,42.06,58803.01
2025-05-10 21:00:00+00:00,42.06,42.77,42.0,42.6,246193.64
2025-05-10 22:00:00+00:00,42.6,43.23,42.5,43.09,105552.1
2025-05-10 23:00:00+00:00,43.09,43.63,43.03,43.45,169732.74
2025-05-11 00:00:00+00:00,43.45,43.8,42.54,43.12,327570.27
2025-05-11 01:00:00+00:00,43.12,43.16,42.16,42.58,195040.67
2025-05-11 02:00:00+00:00,42.58,43.14,42.23,42.45,129487.33
2025-05-11 03:00:00+00:00,42.45,43.41,42.37,42.73,446472.54
2025-05-11 04:00:00+00:00,42.73,42.95,42.49,42.94,183898.74
2025-05-11 05:00:00+00:00,42.94,43.55,42.67,42.71,187952.58
2025-05-11 06:00:00+00:00,42.71,42.85,42.28,42.64,298472.18
2025-05-11 07:00:00+00:00,42.64,42.66,41.29,41.6,316447.95
2025-05-11 08:00:00+00:00,41.6,42.07,41.52,41.71,117915.24
2025-05-11 09:00:00+00:00,41.71,42.23,41.67,42.12,58860.54
2025-05-11 10:00:00+00:00,42.12,43.2,41.97,43.19,210012.17
2025-05-11 11:00:00+00:00,43.19,43.27,42.24,42.57,268270.9
2025-05-11 12:00:00+00:00,42.57,42.88,42.44,42.8,177118.32
2025-05-11 13:00:00+00:00,42.8,42.84,41.71,41.72,164639.45
2025-05-11 14:00:00+00:00,41.72,42.26,41.57,42.09,126217.53
2025-05-11 15:00:00+00:00,42.09,42.59,41.55,41.81,100873.24
2025-05-11 16:00:00+00:00,41.81,41.93,41.39,41.56,153236.48
2025-05-11 17:00:00+00:00,41.56,42.26,41.36,42.09,126840.66
2025-05-11 18:00:00+00:00,42.09,42.78,41.66,42.18,328040.8
2025-05-11 19:00:00+00:00,42.18,42.3,42.11,42.21,50106.72
2025-05-11 20:00:00+00:00,42.21,44.8,41.82,44.42,805643.54
2025-05-11 21:00:00+00:00,44.42,45.03,44.03,44.92,875312.69
2025-05-11 22:00:00+00:00,44.92,45.77,44.8,45.17,629288.16
2025-05-11 23:00:00+00:00,45.17,45.47,44.99,45.14,213283.61
2025-05-12 00:00:00+00:00,45.14,45.34,44.92,44.94,156753.8
2025-05-12 01:00:00+00:00,44.94,45.64,44.67,44.9,286111.25
2025-05-12 02:00:00+00:00,44.9,45.09,44.06,44.28,238527.44
2025-05-12 03:00:00+00:00,44.28,44.5,44.0,44.37,94102.87
2025-05-12 04:00:00+00:00,44.37,44.53,43.97,44.31,151056.76
2025-05-12 05:00:00+00:00,44.31,44.38,43.66,43.94,212594.24
2025-05-12 06:00:00+00:00,43.94,44.32,43.81,44.23,103557.07
2025-05-12 07:00:00+00:00,44.23,45.04,44.23,44.52,409807.4
2025-05-12 08:00:00+00:00,44.52,44.77,43.87,44.72,232009.8
2025-05-12 09:00:00+00:00,44.72,44.77,44.36,44.45,91182.12
2025-05-12 10:00:00+00:00,44.45,44.47,44.08,44.2,163039.97
2025-05-12 11:00:00+00:00,44.2,44.2,43.37,43.42,252093.38
2025-05-12 12:00:00+00:00,43.42,43.65,43.15,43.48,295095.67
2025-05-12 13:00:00+00:00,43.48,44.12,43.21,43.67,191056.69
2025-05-12 14:00:00+00:00,43.67,44.22,42.98,43.21,309482.13
2025-05-12 15:00:00+00:00,43.21,43.49,42.85,42.97,255692.48
2025-05-12 16:00:00+00:00,42.97,43.88,42.56,43.56,339834.45
2025-05-12 17:00:00+00:00,43.56,43.87,43.17,43.37,142981.43
2025-05-12 18:00:00+00:00,43.37,43.58,41.61,42.3,350065.85
2025-05-12 19:00:00+00:00,42.3,42.78,42.26,42.75,106055.33
2025-05-12 20:00:00+00:00,42.75,43.83,42.47,43.31,395606.38
2025-05-12 21:00:00+00:00,43.31,43.77,43.21,43.66,154015.74
2025-05-12 22:00:00+00:00,43.66,44.19,43.48,44.06,243543.15
2025-05-12 23:00:00+00:00,44.06,44.57,44.02,44.41,276474.72
2025-05-13 00:00:00+00:00,44.41,44.43,43.89,43.92,158391.17
2025-05-13 01:00:00+00:00,43.92,44.29,43.35,43.64,171040.99
2025-05-13 02:00:00+00:00,43.64,43.77,42.0,42.38,325845.49
2025-05-13 03:00:00+00:00,42.38,42.54,41.84,42.1,137294.87
2025-05-13 04:00:00+00:00,42.1,43.25,42.09,43.1,101883.34
2025-05-13 05:00:00+00:00,43.1,43.22,42.9,43.17,61988.45
2025-05-13 06:00:00+00:00,43.17,43.22,42.71,42.75,169570.93
2025-05-13 07:00:00+00:00,42.75,43.07,42.74,42.79,121955.53
2025-05-13 08:00:00+00:00,42.79,42.89,42.36,42.68,166984.96
2025-05-13 09:00:00+00:00,42.68,43.2,42.68,43.12,151804.61
2025-05-13 10:00:00+00:00,43.12,43.19,42.48,42.59,135164.71
2025-05-13 11:00:00+00:00,42.59,42.97,42.46,42.74,166078.98
2025-05-13 12:00:00+00:00,42.74,42.76,42.05,42.23,236279.11
2025-05-13 13:00:00+00:00,42.23,43.17,42.19,42.67,312561.75
2025-05-13 14:00:00+00:00,42.67,42.71,41.6,41.78,208929.14
2025-05-13 15:00:00+00:00,41.78,42.34,41.75,42.34,136627.53
2025-05-13 16:00:00+00:00,42.34,43.15,42.26,42.8,231801.35
2025-05-13 17:00:00+00:00,42.8,43.51,42.78,43.21,172027.41
2025-05-13 18:00:00+00:00,43.21,43.37,42.98,43.13,189809.16
2025-05-13 19:00:00+00:00,43.13,43.74,43.1,43.46,194730.59
2025-05-13 20:00:00+00:00,43.46,43.57,43.23,43.45,60050.11
2025-05-13 21:00:00+00:00,43.45,43.67,43.07,43.2,138418.71
2025-05-13 22:00:00+00:00,43.2,43.56,42.81,43.53,192048.47
2025-05-13 23:00:00+00:00,43.53,43.73,43.32,43.51,102764.65
2025-05-14 00:00:00+00:00,43.51,43.51,43.03,43.38,106359.72
2025-05-14 01:00:00+00:00,43.38,43.68,43.2,43.4,155704.76
2025-05-14 02:00:00+00:00,43.4,43.71,42.85,43.6,233942.45
2025-05-14 03:00:00+00:00,43.6,43.77,43.31,43.75,215108.44
2025-05-14 04:00:00+00:00,43.75,43.76,43.15,43.52,168993.09
2025-05-14 05:00:00+00:00,43.52,43.62,43.36,43.44,52187.34
2025-05-14 06:00:00+00:00,43.44,43.47,43.14,43.28,66412.51
2025-05-14 07:00:00+00:00,43.28,43.28,42.65,43.07,209603.26
2025-05-14 08:00:00+00:00,43.07,43.21,42.16,42.22,227444.59
2025-05-14 09:00:00+00:00,42.22,42.48,41.89,42.36,168051.65
2025-05-14 10:00:00+00:00,42.36,42.8,42.35,42.62,59209.07
2025-05-14 11:00:00+00:00,42.62,42.79,42.55,42.65,83611.51
2025-05-14 12:00:00+00:00,42.65,42.95,42.06,42.08,302254.73
2025-05-14 13:00:00+00:00,42.08,42.17,41.35,41.86,215257.61
2025-05-14 14:00:00+00:00,41.86,41.9,41.36,41.47,125596.52
2025-05-14 15:00:00+00:00,41.47,41.55,41.04,41.5,179864.57
2025-05-14 16:00:00+00:00,41.5,41.53,41.04,41.29,270172.92
2025-05-14 17:00:00+00:00,41.29,41.3,40.73,41.18,196012.24
2025-05-14 18:00:00+00:00,41.18,41.55,40.63,41.48,563093.99
2025-05-14 19:00:00+00:00,41.48,42.13,41.22,41.82,209142.08
2025-05-14 20:00:00+00:00,41.82,42.17,41.61,41.68,333890.34
2025-05-14 21:00:00+00:00,41.68,42.21,41.49,42.18,122212.9
2025-05-14 22:00:00+00:00,42.18,42.25,41.93,42.07,68214.32
2025-05-14 23:00:00+00:00,42.07,42.22,41.96,42.01,81400.17
2025-05-15 00:00:00+00:00,42.01,42.33,41.98,42.31,92389.68
2025-05-15 01:00:00+00:00,42.31,42.31,41.4,41.52,113332.86
2025-05-15 02:00:00+00:00,41.52,41.84,41.36,41.74,81718.98
2025-05-15 03:00:00+00:00,41.74,41.78,40.28,40.87,449316.74
2025-05-15 04:00:00+00:00,40.87,41.49,40.78,41.38,116603.24
2025-05-15 05:00:00+00:00,41.38,41.4,40.74,40.83,69404.35
2025-05-15 06:00:00+00:00,40.83,41.04,40.39,40.75,107339.84
2025-05-15 07:00:00+00:00,40.75,40.78,39.89,39.93,291455.13
2025-05-15 08:00:00+00:00,39.93,41.26,39.9,41.07,374996.17
2025-05-15 09:00:00+00:00,41.07,41.1,40.19,40.46,191367.99
2025-05-15 10:00:00+00:00,40.46,40.46,39.98,40.31,153207.45
2025-05-15 11:00:00+00:00,40.31,40.48,40.2,40.46,132807.72
2025-05-15 12:00:00+00:00,40.46,40.73,40.31,40.45,140197.54
2025-05-15 13:00:00+00:00,40.45,40.71,39.89,40.39,262152.29
2025-05-15 14:00:00+00:00,40.39,40.81,39.87,40.51,447092.75
2025-05-15 15:00:00+00:00,40.51,41.81,40.47,41.59,623837.31
2025-05-15 16:00:00+00:00,41.59,42.66,41.4,42.56,561154.59
2025-05-15 17:00:00+00:00,42.56,42.74,42.39,42.4,176880.09
2025-05-15 18:00:00+00:00,42.4,42.65,41.64,42.02,319244.75
2025-05-15 19:00:00+00:00,42.02,42.81,41.86,42.69,301409.87
2025-05-15 20:00:00+00:00,42.69,42.87,42.14,42.17,238818.27
2025-05-15 21:00:00+00:00,42.17,42.17,41.42,41.87,272684.8
2025-05-15 22:00:00+00:00,41.87,42.12,41.58,41.6,78216.29
2025-05-15 23:00:00+00:00,41.6,42.02,41.14,41.78,141627.05
2025-05-16 00:00:00+00:00,41.78,42.19,41.64,41.74,93137.84
2025-05-16 01:00:00+00:00,41.74,41.78,41.29,41.52,152893.03
2025-05-16 02:00:00+00:00,41.52,41.98,41.43,41.74,153074.27
2025-05-16 03:00:00+00:00,41.74,42.11,41.63,42.0,42939.61
2025-05-16 04:00:00+00:00,42.0,42.01,41.58,41.78,52686.84
2025-05-16 05:00:00+00:00,41.78,42.12,41.78,42.06,45464.71
2025-05-16 06:00:00+00:00,42.06,42.24,41.78,42.11,69996.68
2025-05-16 07:00:00+00:00,42.11,42.23,41.81,41.87,132820.21
2025-05-16 08:00:00+00:00,41.87,42.15,41.28,41.59,93782.73
2025-05-16 09:00:00+00:00,41.59,42.15,41.57,42.03,87762.04
2025-05-16 10:00:00+00:00,42.03,42.18,41.78,42.12,80065.89
2025-05-16 11:00:00+00:00,42.12,42.2,41.62,41.76,295750.68
2025-05-16 12:00:00+00:00,41.76,41.76,41.33,41.4,41383.62
2025-05-16 13:00:00+00:00,41.4,41.59,41.06,41.31,95388.47
2025-05-16 14:00:00+00:00,41.31,41.32,40.86,40.98,91791.5
2025-05-16 15:00:00+00:00,40.98,41.27,40.96,41.25,101572.02
2025-05-16 16:00:00+00:00,41.25,41.38,40.76,41.21,103618.54
2025-05-16 17:00:00+00:00,41.21,41.33,40.58,40.66,146317.47
2025-05-16 18:00:00+00:00,40.66,40.97,40.66,40.78,48188.5
2025-05-16 19:00:00+00:00,40.78,41.07,40.63,40.94,77439.08
2025-05-16 20:00:00+00:00,40.94,41.27,40.75,40.87,133147.87
2025-05-16 21:00:00+00:00,40.87,40.99,40.49,40.52,167791.99
2025-05-16 22:00:00+00:00,40.52,40.59,40.17,40.24,108611.71
2025-05-16 23:00:00+00:00,40.24,40.57,40.23,40.3,29371.36
2025-05-17 00:00:00+00:00,40.3,40.4,39.96,40.1,181338.81
2025-05-17 01:00:00+00:00,40.1,40.18,39.62,39.81,339583.41
2025-05-17 02:00:00+00:00,39.81,40.17,39.6,40.03,74762.64
2025-05-17 03:00:00+00:00,40.03,40.25,39.71,40.21,55365.51
2025-05-17 04:00:00+00:00,40.21,40.32,40.09,40.26,41140.6
2025-05-17 05:00:00+00:00,40.26,40.26,39.88,39.98,63462.7
2025-05-17 06:00:00+00:00,39.98,40.23,39.97,40.11,88973.99
2025-05-17 07:00:00+00:00,40.11,40.28,39.93,39.94,114099.44
2025-05-17 08:00:00+00:00,39.94,40.07,39.66,39.77,158733.85
2025-05-17 09:00:00+00:00,39.77,40.07,39.68,39.86,143608.27
2025-05-17 10:00:00+00:00,39.86,40.81,39.83,40.49,216820.85
2025-05-17 11:00:00+00:00,40.49,41.22,40.37,40.75,498521.02
2025-05-17 12:00:00+00:00,40.75,41.4,40.66,41.23,314530.31
2025-05-17 13:00:00+00:00,41.23,41.5,40.8,41.02,229200.0
2025-05-17 14:00:00+00:00,41.02,41.7,40.98,41.09,273365.94
2025-05-17 15:00:00+00:00,41.09,41.25,40.76,40.83,184061.46
2025-05-17 16:00:00+00:00,40.83,40.92,40.25,40.37,98773.56
2025-05-17 17:00:00+00:00,40.37,40.68,40.27,40.29,238072.84
2025-05-17 18:00:00+00:00,40.29,40.67,40.26,40.39,65198.44
2025-05-17 19:00:00+00:00,40.39,40.6,40.26,40.34,42339.62
2025-05-17 20:00:00+00:00,40.34,40.65,40.06,40.58,110437.27
2025-05-17 21:00:00+00:00,40.58,40.91,40.41,40.71,85490.59
2025-05-17 22:00:00+00:00,40.71,40.72,40.13,40.21,63541.31
2025-05-17 23:00:00+00:00,40.21,40.48,40.16,40.41,67641.44
2025-05-18 00:00:00+00:00,40.41,40.57,40.23,40.55,67561.88
2025-05-18 01:00:00+00:00,40.55,40.67,40.45,40.58,75139.11
2025-05-18 02:00:00+00:00,40.58,40.71,40.49,40.51,41509.2
2025-05-18 03:00:00+00:00,40.51,40.72,40.35,40.51,38156.08
2025-05-18 04:00:00+00:00,40.51,40.64,40.25,40.54,57759.69
2025-05-18 05:00:00+00:00,40.54,40.8,40.52,40.68,62539.04
2025-05-18 06:00:00+00:00,40.68,40.69,40.35,40.4,73016.45
2025-05-18 07:00:00+00:00,40.4,40.84,40.38,40.73,137460.59
2025-05-18 08:00:00+00:00,40.73,41.13,40.71,40.98,143032.15
2025-05-18 09:00:00+00:00,40.98,41.09,40.81,40.88,53205.6
2025-05-18 10:00:00+00:00,40.88,41.1,40.86,41.0,78272.95
2025-05-18 11:00:00+00:00,41.0,41.14,40.76,40.77,94134.13
2025-05-18 12:00:00+00:00,40.77,41.21,40.74,40.89,94393.66
2025-05-18 13:00:00+00:00,40.89,41.21,40.83,41.19,141335.83
2025-05-18 14:00:00+00:00,41.19,41.9,41.03,41.67,319159.39
2025-05-18 15:00:00+00:00,41.67,42.09,41.52,41.96,256439.23
2025-05-18 16:00:00+00:00,41.96,42.07,41.71,41.9,91044.39
2025-05-18 17:00:00+00:00,41.9,41.9,41.25,41.29,300729.87
2025-05-18 18:00:00+00:00,41.29,41.32,40.54,40.87,254628.78
2025-05-18 19:00:00+00:00,40.87,40.97,40.08,40.1,177742.94
2025-05-18 20:00:00+00:00,40.1,40.44,39.63,40.37,388549.16
2025-05-18 21:00:00+00:00,40.37,40.8,40.21,40.66,404888.58
2025-05-18 22:00:00+00:00,40.66,41.06,40.43,40.97,373188.59
2025-05-18 23:00:00+00:00,40.97,41.57,40.6,41.45,583791.7
2025-05-19 00:00:00+00:00,41.45,41.54,40.55,40.86,697700.25
2025-05-19 01:00:00+00:00,40.86,40.94,40.07,40.47,529247.16
2025-05-19 02:00:00+00:00,40.47,40.48,39.65,40.1,701568.6
2025-05-19 03:00:00+00:00,40.1,40.23,39.39,39.45,1039251.86
2025-05-19 04:00:00+00:00,39.45,40.09,39.13,39.62,911615.06
2025-05-19 05:00:00+00:00,39.62,39.63,38.98,39.44,477436.74
2025-05-19 06:00:00+00:00,39.44,39.74,38.9,38.92,284799.48
2025-05-19 07:00:00+00:00,38.92,39.66,38.81,39.38,172065.96
2025-05-19 08:00:00+00:00,39.38,39.84,39.04,39.73,211065.43
2025-05-19 09:00:00+00:00,39.73,41.14,39.31,40.16,626157.66
2025-05-19 10:00:00+00:00,40.16,41.07,39.73,40.5,393131.45
2025-05-19 11:00:00+00:00,40.5,40.75,39.71,40.36,172438.77
2025-05-19 12:00:00+00:00,40.36,40.49,39.96,40.19,225277.05
2025-05-19 13:00:00+00:00,40.19,40.73,40.02,40.65,195692.45
2025-05-19 14:00:00+00:00,40.65,41.01,40.45,40.78,146449.2
2025-05-19 15:00:00+00:00,40.78,41.26,40.5,41.17,233632.55
2025-05-19 16:00:00+00:00,41.17,41.24,40.61,40.97,223891.89
2025-05-19 17:00:00+00:00,40.97,41.14,40.62,40.83,203123.93
2025-05-19 18:00:00+00:00,40.83,40.99,40.51,40.56,91350.56
2025-05-19 19:00:00+00:00,40.56,40.85,40.48,40.72,76349.41
2025-05-19 20:00:00+00:00,40.72,41.11,40.56,40.77,67525.77
2025-05-19 21:00:00+00:00,40.77,41.0,40.45,40.58,52531.23
2025-05-19 22:00:00+00:00,40.58,41.0,40.49,40.77,73079.01
2025-05-19 23:00:00+00:00,40.77,40.97,40.34,40.74,132171.84
2025-05-20 00:00:00+00:00,40.74,40.96,40.42,40.75,152349.48
2025-05-20 01:00:00+00:00,40.75,41.01,40.46,40.95,64400.18
2025-05-20 02:00:00+00:00,40.95,41.2,40.75,40.98,74770.57
2025-05-20 03:00:00+00:00,40.98,41.11,40.59,40.71,65552.24
2025-05-20 04:00:00+00:00,40.71,40.82,40.47,40.65,52427.74
2025-05-20 05:00:00+00:00,40.65,40.78,40.52,40.56,38765.72
2025-05-20 06:00:00+00:00,40.56,40.58,40.16,40.34,47962.25
2025-05-20 07:00:00+00:00,40.34,40.36,39.96,40.19,81383.96
2025-05-20 08:00:00+00:00,40.19,40.33,39.97,40.23,165238.77
2025-05-20 09:00:00+00:00,40.23,40.27,39.86,40.17,105200.08
2025-05-20 10:00:00+00:00,40.17,40.19,39.56,39.65,94800.98
2025-05-20 11:00:00+00:00,39.65,40.11,39.34,40.02,467146.63
2025-05-20 12:00:00+00:00,40.02,40.17,39.79,40.01,181982.01
2025-05-20 13:00:00+00:00,40.01,40.18,39.87,40.08,188794.59
2025-05-20 14:00:00+00:00,40.08,40.16,39.94,40.05,63073.74
2025-05-20 15:00:00+00:00,40.05,40.18,39.92,40.05,137588.67
2025-05-20 16:00:00+00:00,40.05,40.26,39.86,40.04,64360.16
2025-05-20 17:00:00+00:00,40.04,40.32,39.88,40.07,113492.05
2025-05-20 18:00:00+00:00,40.07,40.15,39.92,39.97,154130.48
2025-05-20 19:00:00+00:00,39.97,40.29,39.76,40.2,204314.32
2025-05-20 20:00:00+00:00,40.2,40.75,40.11,40.68,152936.91
2025-05-20 21:00:00+00:00,40.68,40.96,40.53,40.89,128640.03
2025-05-20 22:00:00+00:00,40.89,41.16,40.68,41.11,98658.25
2025-05-20 23:00:00+00:00,41.11,41.23,40.98,41.21,88397.0
2025-05-21 00:00:00+00:00,41.21,41.24,40.74,41.03,101524.87
2025-05-21 01:00:00+00:00,41.03,41.33,40.88,41.08,186997.95
2025-05-21 02:00:00+00:00,41.08,41.35,40.78,41.3,101794.84
2025-05-21 03:00:00+00:00,41.3,41.51,41.25,41.45,71264.85
2025-05-21 04:00:00+00:00,41.45,41.72,41.24,41.25,180692.64
2025-05-21 05:00:00+00:00,41.25,41.73,41.23,41.52,168419.65
2025-05-21 06:00:00+00:00,41.52,41.72,41.39,41.61,84508.12
2025-05-21 07:00:00+00:00,41.61,41.66,41.09,41.31,113131.29
2025-05-21 08:00:00+00:00,41.31,41.44,41.05,41.1,104077.57
2025-05-21 09:00:00+00:00,41.1,41.19,40.75,40.93,86841.96
2025-05-21 10:00:00+00:00,40.93,41.43,40.88,41.05,231079.06
2025-05-21 11:00:00+00:00,41.05,41.39,40.97,41.29,102637.17
2025-05-21 12:00:00+00:00,41.29,41.38,40.96,41.06,138849.79
2025-05-21 13:00:00+00:00,41.06,41.33,40.83,41.24,208292.4
2025-05-21 14:00:00+00:00,41.24,41.43,41.07,41.38,215317.05
2025-05-21 15:00:00+00:00,41.38,41.56,41.25,41.51,423455.82
2025-05-21 16:00:00+00:00,41.51,41.99,41.38,41.8,133361.28
2025-05-21 17:00:00+00:00,41.8,41.88,40.77,40.94,129776.97
2025-05-21 18:00:00+00:00,40.94,41.51,40.88,41.49,165087.81
2025-05-21 19:00:00+00:00,41.49,42.0,41.42,41.91,87366.73
2025-05-21 20:00:00+00:00,41.91,41.98,41.66,41.94,95290.34
2025-05-21 21:00:00+00:00,41.94,42.12,41.77,42.03,104837.98
2025-05-21 22:00:00+00:00,42.03,42.17,41.96,42.08,45242.28
2025-05-21 23:00:00+00:00,42.08,42.77,41.97,42.74,521359.96
2025-05-22 00:00:00+00:00,42.74,42.81,42.55,42.75,393399.57
2025-05-22 01:00:00+00:00,42.75,42.86,42.58,42.71,126075.6
2025-05-22 02:00:00+00:00,42.71,43.0,42.67,42.84,155042.94
2025-05-22 03:00:00+00:00,42.84,43.02,42.71,42.95,168412.22
2025-05-22 04:00:00+00:00,42.95,43.09,42.82,43.04,139176.88
2025-05-22 05:00:00+00:00,43.04,43.05,42.77,42.82,83653.41
2025-05-22 06:00:00+00:00,42.82,43.09,42.71,42.86,150496.85
2025-05-22 07:00:00+00:00,42.86,43.2,42.75,42.95,155386.71
2025-05-22 08:00:00+00:00,42.95,43.1,42.77,42.87,180775.47
2025-05-22 09:00:00+00:00,42.87,43.0,42.73,42.87,295181.72
2025-05-22 10:00:00+00:00,42.87,43.15,42.82,42.94,120860.5
2025-05-22 11:00:00+00:00,42.94,44.29,42.83,44.07,269953.64
2025-05-22 12:00:00+00:00,44.07,44.68,43.91,44.32,386416.66
2025-05-22 13:00:00+00:00,44.32,45.19,43.8,45.1,423584.6
2025-05-22 14:00:00+00:00,45.1,46.93,44.99,46.7,648890.19
2025-05-22 15:00:00+00:00,46.7,47.31,46.01,47.1,545227.25
2025-05-22 16:00:00+00:00,47.1,48.53,47.1,48.26,769693.29
2025-05-22 17:00:00+00:00,48.26,49.84,48.11,49.73,1163687.24
2025-05-22 18:00:00+00:00,49.73,50.94,48.64,48.94,1410987.26
2025-05-22 19:00:00+00:00,48.94,50.08,48.92,49.69,709648.62
2025-05-22 20:00:00+00:00,49.69,50.08,48.23,48.47,481419.3
2025-05-22 21:00:00+00:00,48.47,49.13,48.36,48.83,256727.23
2025-05-22 22:00:00+00:00,48.83,49.22,48.2,48.22,207324.54
2025-05-22 23:00:00+00:00,48.22,49.05,48.02,48.86,181955.41
2025-05-23 00:00:00+00:00,48.86,49.96,48.86,49.85,602347.31
2025-05-23 01:00:00+00:00,49.85,50.55,49.34,50.2,467167.45
2025-05-23 02:00:00+00:00,50.2,50.44,49.38,49.57,246804.67
2025-05-23 03:00:00+00:00,49.57,49.77,49.35,49.57,102799.62
2025-05-23 04:00:00+00:00,49.57,49.71,49.09,49.62,227639.38
2025-05-23 05:00:00+00:00,49.62,50.1,48.79,48.89,295038.98
2025-05-23 06:00:00+00:00,48.89,49.15,48.18,48.51,387343.83
2025-05-23 07:00:00+00:00,48.51,48.68,47.73,47.74,200225.64
2025-05-23 08:00:00+00:00,47.74,48.32,47.73,48.27,182992.06
2025-05-23 09:00:00+00:00,48.27,48.45,48.08,48.19,111401.38
2025-05-23 10:00:00+00:00,48.19,48.2,47.87,47.95,79448.14
2025-05-23 11:00:00+00:00,47.95,48.02,47.09,47.39,435599.76
2025-05-23 12:00:00+00:00,47.39,48.32,47.1,48.31,675228.44
2025-05-23 13:00:00+00:00,48.31,48.97,47.88,48.91,463371.38
2025-05-23 14:00:00+00:00,48.91,49.09,48.35,48.57,250274.78
2025-05-23 15:00:00+00:00,48.57,48.64,47.93,48.21,241331.87
2025-05-23 16:00:00+00:00,48.21,48.39,47.78,48.16,81982.6
2025-05-23 17:00:00+00:00,48.16,48.51,48.12,48.44,60478.78
2025-05-23 18:00:00+00:00,48.44,48.45,47.91,47.93,66606.97
2025-05-23 19:00:00+00:00,47.93,48.28,47.78,47.88,85417.66
2025-05-23 20:00:00+00:00,47.88,47.89,47.41,47.49,185138.59
2025-05-23 21:00:00+00:00,47.49,47.7,47.34,47.41,94154.16
2025-05-23 22:00:00+00:00,47.41,47.65,47.1,47.17,185424.57
2025-05-23 23:00:00+00:00,47.17,47.21,46.53,46.84,248656.18
2025-05-24 00:00:00+00:00,46.84,47.11,46.6,46.68,80006.35
2025-05-24 01:00:00+00:00,46.68,46.73,46.39,46.41,100727.55
2025-05-24 02:00:00+00:00,46.41,47.65,46.4,47.36,148455.73
2025-05-24 03:00:00+00:00,47.36,47.62,47.16,47.29,51424.63
2025-05-24 04:00:00+00:00,47.29,47.83,47.17,47.46,97405.38
2025-05-24 05:00:00+00:00,47.46,47.48,46.98,47.3,56701.85
2025-05-24 06:00:00+00:00,47.3,47.46,46.91,47.19,65675.79
2025-05-24 07:00:00+00:00,47.19,47.51,47.12,47.25,75861.2
2025-05-24 08:00:00+00:00,47.25,47.52,47.0,47.52,47367.56
2025-05-24 09:00:00+00:00,47.52,47.57,47.03,47.12,56764.66
2025-05-24 10:00:00+00:00,47.12,47.87,47.07,47.84,64711.14
2025-05-24 11:00:00+00:00,47.84,47.91,47.48,47.51,46584.91
2025-05-24 12:00:00+00:00,47.51,47.66,46.67,46.75,172545.02
2025-05-24 13:00:00+00:00,46.75,47.32,46.56,47.04,253156.71
2025-05-24 14:00:00+00:00,47.04,47.49,47.04,47.46,59551.48
2025-05-24 15:00:00+00:00,47.46,47.85,47.22,47.56,119374.27
2025-05-24 16:00:00+00:00,47.56,47.9,47.31,47.89,54144.06
2025-05-24 17:00:00+00:00,47.89,47.97,47.52,47.52,57275.07
2025-05-24 18:00:00+00:00,47.52,47.74,47.47,47.62,90788.71
2025-05-24 19:00:00+00:00,47.62,48.85,47.61,48.77,227536.56
2025-05-24 20:00:00+00:00,48.77,49.58,48.38,49.51,249138.49
2025-05-24 21:00:00+00:00,49.51,49.63,48.8,49.4,262995.93
2025-05-24 22:00:00+00:00,49.4,49.55,49.26,49.41,263658.75
2025-05-24 23:00:00+00:00,49.41,49.53,49.24,49.4,221721.12
2025-05-25 00:00:00+00:00,49.4,49.56,48.59,48.63,172839.4
2025-05-25 01:00:00+00:00,48.63,49.76,48.42,48.85,832285.89
2025-05-25 02:00:00+00:00,48.85,49.22,48.62,49.16,51815.1
2025-05-25 03:00:00+00:00,49.16,49.2,48.73,48.96,60841.12
2025-05-25 04:00:00+00:00,48.96,48.96,48.64,48.75,57055.44
2025-05-25 05:00:00+00:00,48.75,48.75,48.45,48.59,33671.19
2025-05-25 06:00:00+00:00,48.59,48.77,48.43,48.48,51134.12
2025-05-25 07:00:00+00:00,48.48,48.48,48.14,48.22,68113.71
2025-05-25 08:00:00+00:00,48.22,48.4,47.56,48.19,172233.19
2025-05-25 09:00:00+00:00,48.19,48.19,47.03,47.4,114129.95
2025-05-25 10:00:00+00:00,47.4,47.46,46.97,47.16,122814.62
2025-05-25 11:00:00+00:00,47.16,47.5,46.76,47.39,229925.16
2025-05-25 12:00:00+00:00,47.39,48.55,47.14,48.09,525349.61
2025-05-25 13:00:00+00:00,48.09,48.93,48.03,48.83,170740.71
2025-05-25 14:00:00+00:00,48.83,49.14,48.47,49.05,282805.3
2025-05-25 15:00:00+00:00,49.05,51.94,48.8,51.48,1918890.14
2025-05-25 16:00:00+00:00,51.48,51.86,50.39,51.47,1489397.96
2025-05-25 17:00:00+00:00,51.47,51.73,50.71,50.98,1147208.5
2025-05-25 18:00:00+00:00,50.98,51.61,50.7,51.33,610766.93
2025-05-25 19:00:00+00:00,51.33,52.02,51.19,51.93,885019.1
2025-05-25 20:00:00+00:00,51.93,52.04,51.5,51.82,605152.59
2025-05-25 21:00:00+00:00,51.82,52.94,51.43,52.82,1027628.7
2025-05-25 22:00:00+00:00,52.82,54.9,52.73,54.8,1186770.07
2025-05-25 23:00:00+00:00,54.8,54.96,53.83,54.6,521894.43
2025-05-26 00:00:00+00:00,54.6,56.68,54.54,56.08,1534032.0
2025-05-26 01:00:00+00:00,56.08,56.34,54.28,54.34,882285.83
2025-05-26 02:00:00+00:00,54.34,54.62,50.53,51.7,1077889.11
2025-05-26 03:00:00+00:00,51.7,52.01,51.16,51.5,351869.48
2025-05-26 04:00:00+00:00,51.5,52.04,51.41,51.73,187228.06
2025-05-26 05:00:00+00:00,51.73,51.9,50.64,51.44,387332.9
2025-05-26 06:00:00+00:00,51.44,51.94,51.36,51.38,253788.78
2025-05-26 07:00:00+00:00,51.38,52.19,51.38,51.64,263666.17
2025-05-26 08:00:00+00:00,51.64,51.9,51.53,51.55,272636.96
2025-05-26 09:00:00+00:00,51.55,51.95,51.47,51.86,141817.2
2025-05-26 10:00:00+00:00,51.86,52.46,51.75,52.24,441309.55
2025-05-26 11:00:00+00:00,52.24,53.36,52.21,53.06,747562.51
2025-05-26 12:00:00+00:00,53.06,53.73,52.26,53.56,644101.44
2025-05-26 13:00:00+00:00,53.56,54.14,53.14,53.87,502512.14
2025-05-26 14:00:00+00:00,53.87,53.89,52.97,53.26,520597.07
2025-05-26 15:00:00+00:00,53.26,53.77,53.07,53.73,304939.05
2025-05-26 16:00:00+00:00,53.73,54.46,53.57,54.09,374749.43
2025-05-26 17:00:00+00:00,54.09,54.2,52.79,53.4,364767.98
2025-05-26 18:00:00+00:00,53.4,54.29,53.36,53.92,303786.09
2025-05-26 19:00:00+00:00,53.92,55.05,53.73,54.92,374894.09
2025-05-26 20:00:00+00:00,54.92,55.13,54.47,54.48,323972.77
2025-05-26 21:00:00+00:00,54.48,54.72,53.87,54.51,251371.32
2025-05-26 22:00:00+00:00,54.51,54.55,54.01,54.07,89840.91
2025-05-26 23:00:00+00:00,54.07,54.33,53.8,54.23,95927.9
2025-05-27 00:00:00+00:00,54.23,54.56,53.75,53.84,106276.7
2025-05-27 01:00:00+00:00,53.84,53.98,53.45,53.55,173230.01
2025-05-27 02:00:00+00:00,53.55,53.59,53.08,53.25,204141.01
2025-05-27 03:00:00+00:00,53.25,53.67,53.25,53.67,85863.74
2025-05-27 04:00:00+00:00,53.67,53.8,53.24,53.36,131047.17
2025-05-27 05:00:00+00:00,53.36,53.67,52.93,53.0,142457.97
2025-05-27 06:00:00+00:00,53.0,53.38,52.57,52.66,168132.46
2025-05-27 07:00:00+00:00,52.66,54.85,52.61,54.1,501333.0
2025-05-27 08:00:00+00:00,54.1,54.37,53.23,53.42,235668.95
2025-05-27 09:00:00+00:00,53.42,54.07,53.13,54.03,153570.66
2025-05-27 10:00:00+00:00,54.03,54.45,53.37,53.45,219783.4
2025-05-27 11:00:00+00:00,53.45,53.52,52.91,53.09,142928.73
2025-05-27 12:00:00+00:00,53.09,53.24,52.85,52.94,174470.66
2025-05-27 13:00:00+00:00,52.94,54.67,52.93,54.62,623829.6
2025-05-27 14:00:00+00:00,54.62,54.8,53.06,53.42,452994.13
2025-05-27 15:00:00+00:00,53.42,54.13,52.93,53.58,490021.67
2025-05-27 16:00:00+00:00,53.58,53.6,52.82,53.16,227220.76
2025-05-27 17:00:00+00:00,53.16,55.38,53.05,54.02,698523.17
2025-05-27 18:00:00+00:00,54.02,55.04,53.99,54.23,1050905.27
2025-05-27 19:00:00+00:00,54.23,55.82,54.15,55.45,379651.55
2025-05-27 20:00:00+00:00,55.45,56.05,53.45,54.67,1131003.7
2025-05-27 21:00:00+00:00,54.67,54.76,50.81,52.31,1195886.94
2025-05-27 22:00:00+00:00,52.31,52.54,51.67,51.84,246748.55
2025-05-27 23:00:00+00:00,51.84,52.06,50.97,51.81,558046.35
2025-05-28 00:00:00+00:00,51.81,52.73,51.37,52.24,279496.09
2025-05-28 01:00:00+00:00,52.24,53.07,52.13,52.55,237397.25
2025-05-28 02:00:00+00:00,52.55,52.62,51.97,52.13,204364.44
2025-05-28 03:00:00+00:00,52.13,53.54,51.97,53.22,265210.08
2025-05-28 04:00:00+00:00,53.22,53.36,52.55,52.78,205810.95
2025-05-28 05:00:00+00:00,52.78,53.79,52.75,53.42,189432.0
2025-05-28 06:00:00+00:00,53.42,53.77,52.29,52.53,428121.7
2025-05-28 07:00:00+00:00,52.53,52.6,50.65,51.3,341758.15
2025-05-28 08:00:00+00:00,51.3,51.31,50.32,50.95,237621.65
2025-05-28 09:00:00+00:00,50.95,50.98,50.09,50.43,253449.65
2025-05-28 10:00:00+00:00,50.43,50.49,50.05,50.35,208909.47
2025-05-28 11:00:00+00:00,50.35,51.12,50.31,50.43,114039.6
2025-05-28 12:00:00+00:00,50.43,51.18,50.38,50.66,339859.81
2025-05-28 13:00:00+00:00,50.66,52.63,50.6,51.11,601915.7
2025-05-28 14:00:00+00:00,51.11,51.2,50.13,50.4,994034.57
2025-05-28 15:00:00+00:00,50.4,51.65,50.36,50.85,349983.64
2025-05-28 16:00:00+00:00,50.85,52.63,50.6,52.6,546423.44
2025-05-28 17:00:00+00:00,52.6,54.59,52.55,53.88,1098159.77
2025-05-28 18:00:00+00:00,53.88,53.94,51.45,51.48,583970.09
2025-05-28 19:00:00+00:00,51.48,51.95,50.99,51.26,195940.6
2025-05-28 20:00:00+00:00,51.26,51.9,51.12,51.5,104286.66
2025-05-28 21:00:00+00:00,51.5,52.87,51.45,52.76,105588.63
2025-05-28 22:00:00+00:00,52.76,53.5,52.35,53.18,222165.23
2025-05-28 23:00:00+00:00,53.18,53.76,53.04,53.25,160646.43
2025-05-29 00:00:00+00:00,53.25,53.72,53.24,53.5,107578.67
2025-05-29 01:00:00+00:00,53.5,54.5,53.15,53.56,353815.85
2025-05-29 02:00:00+00:00,53.56,53.89,53.05,53.35,240276.71
2025-05-29 03:00:00+00:00,53.35,53.68,53.05,53.18,32517.23
2025-05-29 04:00:00+00:00,53.18,53.58,52.95,53.53,131399.73
2025-05-29 05:00:00+00:00,53.53,53.91,53.28,53.28,132965.79
2025-05-29 06:00:00+00:00,53.28,53.34,52.95,53.08,231486.1
2025-05-29 07:00:00+00:00,53.08,53.3,53.03,53.05,68226.37
2025-05-29 08:00:00+00:00,53.05,54.83,53.04,54.3,543623.74
2025-05-29 09:00:00+00:00,54.3,55.55,54.23,55.04,663940.48
2025-05-29 10:00:00+00:00,55.04,55.33,54.22,55.22,305711.96
2025-05-29 11:00:00+00:00,55.22,55.35,54.49,55.08,306256.42
2025-05-29 12:00:00+00:00,55.08,55.95,54.99,55.59,751085.21
2025-05-29 13:00:00+00:00,55.59,55.9,54.99,55.17,771651.73
2025-05-29 14:00:00+00:00,55.17,55.17,54.16,54.97,435694.72
2025-05-29 15:00:00+00:00,54.97,54.97,54.33,54.58,235051.82
2025-05-29 16:00:00+00:00,54.58,54.7,53.97,54.02,232131.38
2025-05-29 17:00:00+00:00,54.02,54.52,53.94,53.96,281756.88
2025-05-29 18:00:00+00:00,53.96,54.24,53.29,53.36,143603.47
2025-05-29 19:00:00+00:00,53.36,53.76,53.23,53.32,204405.2
2025-05-29 20:00:00+00:00,53.32,54.42,53.25,54.27,446015.62
2025-05-29 21:00:00+00:00,54.27,54.43,54.0,54.16,131912.02
2025-05-29 22:00:00+00:00,54.16,54.21,53.21,53.22,119752.67
2025-05-29 23:00:00+00:00,53.22,53.52,53.08,53.21,203189.17
2025-05-30 00:00:00+00:00,53.21,53.23,51.6,52.08,586284.35
2025-05-30 01:00:00+00:00,52.08,53.53,52.08,53.39,251622.02
2025-05-30 02:00:00+00:00,53.39,53.89,52.77,52.94,350643.89
2025-05-30 03:00:00+00:00,52.94,53.72,52.8,53.61,159844.01
2025-05-30 04:00:00+00:00,53.61,53.83,53.39,53.46,175559.88
2025-05-30 05:00:00+00:00,53.46,53.65,53.04,53.09,114596.86
2025-05-30 06:00:00+00:00,53.09,53.09,52.1,52.15,228763.22
2025-05-30 07:00:00+00:00,52.15,52.48,51.76,51.78,137181.31
2025-05-30 08:00:00+00:00,51.78,51.97,51.17,51.23,346080.5
2025-05-30 09:00:00+00:00,51.23,52.45,50.58,51.52,439002.74
2025-05-30 10:00:00+00:00,51.52,51.52,50.82,51.13,145894.9
2025-05-30 11:00:00+00:00,51.13,51.9,51.03,51.85,410046.51
2025-05-30 12:00:00+00:00,51.85,52.1,50.96,51.95,279490.31
2025-05-30 13:00:00+00:00,51.95,52.02,51.0,51.11,302960.07
2025-05-30 14:00:00+00:00,51.11,51.5,51.02,51.34,230958.83
2025-05-30 15:00:00+00:00,51.34,51.56,50.62,50.64,167886.46
2025-05-30 16:00:00+00:00,50.64,50.64,49.29,49.42,598648.41
2025-05-30 17:00:00+00:00,49.42,49.84,49.28,49.52,301491.66
2025-05-30 18:00:00+00:00,49.52,49.63,49.25,49.46,150285.45
2025-05-30 19:00:00+00:00,49.46,49.5,48.94,49.04,190260.04
2025-05-30 20:00:00+00:00,49.04,49.23,48.64,48.82,129720.54
2025-05-30 21:00:00+00:00,48.82,48.89,48.42,48.45,86624.26
2025-05-30 22:00:00+00:00,48.45,48.76,47.94,48.02,277157.73
2025-05-30 23:00:00+00:00,48.02,48.45,47.35,47.41,223072.3
2025-05-31 00:00:00+00:00,47.41,47.41,45.34,45.35,537755.97
2025-05-31 01:00:00+00:00,45.35,46.49,45.11,46.24,349459.33
2025-05-31 02:00:00+00:00,46.24,46.57,45.6,45.81,183639.14
2025-05-31 03:00:00+00:00,45.81,46.6,45.65,46.4,171555.81
2025-05-31 04:00:00+00:00,46.4,46.81,45.87,46.69,210091.75
2025-05-31 05:00:00+00:00,46.69,46.72,45.95,46.01,254317.8
2025-05-31 06:00:00+00:00,46.01,46.94,45.99,46.74,180223.99
2025-05-31 07:00:00+00:00,46.74,46.99,46.57,46.91,171253.15
2025-05-31 08:00:00+00:00,46.91,47.62,46.39,47.36,235699.52
2025-05-31 09:00:00+00:00,47.36,47.42,46.59,46.68,170764.99
2025-05-31 10:00:00+00:00,46.68,47.01,46.37,46.59,272677.87
2025-05-31 11:00:00+00:00,46.59,46.72,46.4,46.5,93043.14
2025-05-31 12:00:00+00:00,46.5,46.71,46.27,46.71,78861.86
2025-05-31 13:00:00+00:00,46.71,47.03,46.52,46.53,157805.58
2025-05-31 14:00:00+00:00,46.53,46.86,46.45,46.67,67132.16
2025-05-31 15:00:00+00:00,46.67,47.26,46.5,47.14,104149.04
2025-05-31 16:00:00+00:00,47.14,48.56,46.8,48.4,433521.99
2025-05-31 17:00:00+00:00,48.4,50.43,48.17,50.15,851030.49
2025-05-31 18:00:00+00:00,50.15,51.01,49.6,50.09,614863.33
2025-05-31 19:00:00+00:00,50.09,50.72,49.54,49.61,265308.39
2025-05-31 20:00:00+00:00,49.61,49.94,49.49,49.67,134910.45
2025-05-31 21:00:00+00:00,49.67,50.25,49.6,49.89,308861.23
2025-05-31 22:00:00+00:00,49.89,50.39,49.78,50.01,267211.48
2025-05-31 23:00:00+00:00,50.01,50.47,49.9,50.17,254606.32
2025-06-01 00:00:00+00:00,50.17,50.17,49.81,50.03,349050.35
2025-06-01 01:00:00+00:00,50.03,50.27,49.8,49.99,164021.09
2025-06-01 02:00:00+00:00,49.99,50.19,49.79,50.04,104214.17
2025-06-01 03:00:00+00:00,50.04,50.04,49.48,49.72,189494.88
2025-06-01 04:00:00+00:00,49.72,50.04,49.54,49.95,61401.09
2025-06-01 05:00:00+00:00,49.95,51.57,49.77,51.01,357171.82
2025-06-01 06:00:00+00:00,51.01,51.27,50.23,50.26,273084.28
2025-06-01 07:00:00+00:00,50.26,50.39,49.79,50.27,150483.09
2025-06-01 08:00:00+00:00,50.27,50.86,49.95,50.02,184074.66
2025-06-01 09:00:00+00:00,50.02,50.17,49.02,50.06,415262.85
2025-06-01 10:00:00+00:00,50.06,50.43,49.92,50.36,242505.5
2025-06-01 11:00:00+00:00,50.36,53.14,50.03,52.14,1038928.45
2025-06-01 12:00:00+00:00,52.14,52.29,51.22,51.65,330330.26
2025-06-01 13:00:00+00:00,51.65,52.15,51.29,51.88,271008.66
2025-06-01 14:00:00+00:00,51.88,52.47,49.94,51.17,591916.6
2025-06-01 15:00:00+00:00,51.17,51.22,50.49,50.61,253475.02
2025-06-01 16:00:00+00:00,50.61,51.55,50.53,51.15,197165.19
2025-06-01 17:00:00+00:00,51.15,51.22,50.63,50.82,70147.21
2025-06-01 18:00:00+00:00,50.82,50.92,50.19,50.67,125556.07
2025-06-01 19:00:00+00:00,50.67,51.13,50.58,51.12,83866.15
2025-06-01 20:00:00+00:00,51.12,51.17,50.81,50.87,84409.27
2025-06-01 21:00:00+00:00,50.87,53.06,50.84,52.56,665119.65
2025-06-01 22:00:00+00:00,52.56,53.16,52.4,53.01,365271.73
2025-06-01 23:00:00+00:00,53.01,53.43,52.87,53.06,651985.46
2025-06-02 00:00:00+00:00,53.06,53.55,52.83,53.09,271396.55
2025-06-02 01:00:00+00:00,53.09,53.19,52.66,52.67,185410.78
2025-06-02 02:00:00+00:00,52.67,52.93,52.54,52.89,142773.04
2025-06-02 03:00:00+00:00,52.89,52.93,52.11,52.4,291116.42
2025-06-02 04:00:00+00:00,52.4,52.46,52.13,52.17,185074.5
2025-06-02 05:00:00+00:00,52.17,52.84,52.11,52.53,159638.6
2025-06-02 06:00:00+00:00,52.53,53.03,52.47,52.75,196472.32
2025-06-02 07:00:00+00:00,52.75,53.68,52.72,53.36,344722.83
2025-06-02 08:00:00+00:00,53.36,53.91,52.92,53.15,289452.69
2025-06-02 09:00:00+00:00,53.15,53.98,52.62,53.08,475332.18
2025-06-02 10:00:00+00:00,53.08,53.57,52.35,52.47,721279.86
2025-06-02 11:00:00+00:00,52.47,52.97,52.26,52.83,299980.88
2025-06-02 12:00:00+00:00,52.83,53.32,52.53,53.27,406546.42
2025-06-02 13:00:00+00:00,53.27,53.39,52.78,52.92,209868.87
2025-06-02 14:00:00+00:00,52.92,53.59,52.76,53.12,226772.6
2025-06-02 15:00:00+00:00,53.12,53.15,52.72,52.89,234427.64
2025-06-02 16:00:00+00:00,52.89,52.93,52.37,52.6,444504.76
2025-06-02 17:00:00+00:00,52.6,52.87,52.27,52.68,383424.85
2025-06-02 18:00:00+00:00,52.68,52.86,52.37,52.51,172121.93
2025-06-02 19:00:00+00:00,52.51,52.95,52.35,52.67,184519.7
2025-06-02 20:00:00+00:00,52.67,53.8,52.61,53.72,242912.54
2025-06-02 21:00:00+00:00,53.72,54.08,53.43,54.01,306600.27
2025-06-02 22:00:00+00:00,54.01,54.34,53.82,54.05,408749.53
2025-06-02 23:00:00+00:00,54.05,54.4,53.92,53.98,155114.46
2025-06-03 00:00:00+00:00,53.98,54.39,53.71,53.83,200472.93
2025-06-03 01:00:00+00:00,53.83,54.95,53.78,54.95,240429.26
2025-06-03 02:00:00+00:00,54.95,55.0,53.95,54.13,303641.46
2025-06-03 03:00:00+00:00,54.13,54.99,54.02,54.75,288741.81
2025-06-03 04:00:00+00:00,54.75,55.37,54.71,55.33,339684.99
2025-06-03 05:00:00+00:00,55.33,55.51,54.55,54.6,392872.51
2025-06-03 06:00:00+00:00,54.6,54.65,53.66,54.01,337716.1
2025-06-03 07:00:00+00:00,54.01,54.18,53.82,54.1,199610.24
2025-06-03 08:00:00+00:00,54.1,54.19,53.07,53.24,407964.01
2025-06-03 09:00:00+00:00,53.24,53.37,52.94,53.15,215033.99
2025-06-03 10:00:00+00:00,53.15,53.56,53.06,53.51,176308.36
2025-06-03 11:00:00+00:00,53.51,53.59,52.86,53.07,290939.48
2025-06-03 12:00:00+00:00,53.07,53.27,52.67,52.86,249721.22
2025-06-03 13:00:00+00:00,52.86,53.46,52.83,53.33,160588.83
2025-06-03 14:00:00+00:00,53.33,54.55,53.14,54.03,497611.53
2025-06-03 15:00:00+00:00,54.03,54.1,53.65,53.95,541918.78
2025-06-03 16:00:00+00:00,53.95,54.39,52.72,52.77,378259.96
2025-06-03 17:00:00+00:00,52.77,52.93,52.34,52.53,201227.47
2025-06-03 18:00:00+00:00,52.53,53.35,52.31,53.14,187165.33
2025-06-03 19:00:00+00:00,53.14,55.39,53.08,55.39,1056112.23
2025-06-03 20:00:00+00:00,55.39,56.2,54.95,55.22,743013.68
2025-06-03 21:00:00+00:00,55.22,55.79,54.6,54.62,516419.34
2025-06-03 22:00:00+00:00,54.62,54.97,54.51,54.73,273629.43
2025-06-03 23:00:00+00:00,54.73,54.73,54.18,54.33,207087.96
2025-06-04 00:00:00+00:00,54.33,54.55,53.69,54.06,290842.96
2025-06-04 01:00:00+00:00,54.06,54.52,53.54,53.56,256500.17
2025-06-04 02:00:00+00:00,53.56,53.99,53.55,53.71,126516.9
2025-06-04 03:00:00+00:00,53.71,54.1,53.24,53.26,104922.08
2025-06-04 04:00:00+00:00,53.26,53.35,52.77,52.94,278513.47
2025-06-04 05:00:00+00:00,52.94,53.87,52.87,53.16,342733.42
2025-06-04 06:00:00+00:00,53.16,53.17,52.46,52.6,224958.21
2025-06-04 07:00:00+00:00,52.6,52.83,52.21,52.46,226931.14
2025-06-04 08:00:00+00:00,52.46,53.11,52.27,52.65,246779.67
2025-06-04 09:00:00+00:00,52.65,52.96,52.47,52.82,138402.31
2025-06-04 10:00:00+00:00,52.82,52.94,52.25,52.31,286014.61
2025-06-04 11:00:00+00:00,52.31,52.39,52.1,52.12,212765.89
2025-06-04 12:00:00+00:00,52.12,52.51,51.9,52.44,263294.02
2025-06-04 13:00:00+00:00,52.44,52.57,51.34,51.39,544812.72
2025-06-04 14:00:00+00:00,51.39,52.0,51.3,51.99,183445.29
2025-06-04 15:00:00+00:00,51.99,52.06,51.67,51.72,241420.78
2025-06-04 16:00:00+00:00,51.72,51.93,51.51,51.78,194023.7
2025-06-04 17:00:00+00:00,51.78,51.8,51.18,51.21,145582.2
2025-06-04 18:00:00+00:00,51.21,51.29,50.86,50.88,128352.36
2025-06-04 19:00:00+00:00,50.88,51.26,50.27,50.53,292644.67
2025-06-04 20:00:00+00:00,50.53,50.54,50.01,50.15,196579.53
2025-06-04 21:00:00+00:00,50.15,50.57,49.99,50.45,130985.02
2025-06-04 22:00:00+00:00,50.45,50.45,49.87,50.04,153854.87
2025-06-04 23:00:00+00:00,50.04,50.39,50.02,50.31,91977.24
2025-06-05 00:00:00+00:00,50.31,50.65,50.07,50.55,195167.11
2025-06-05 01:00:00+00:00,50.55,50.56,50.09,50.17,164678.42
2025-06-05 02:00:00+00:00,50.17,50.35,50.09,50.09,210058.7
2025-06-05 03:00:00+00:00,50.09,50.26,49.98,50.17,108081.08
2025-06-05 04:00:00+00:00,50.17,50.25,50.09,50.14,158358.41
2025-06-05 05:00:00+00:00,50.14,50.24,49.97,50.01,183546.4
2025-06-05 06:00:00+00:00,50.01,50.12,49.51,49.82,460103.65
2025-06-05 07:00:00+00:00,49.82,50.32,49.74,50.08,191132.28
2025-06-05 08:00:00+00:00,50.08,50.17,49.79,50.06,147450.76
2025-06-05 09:00:00+00:00,50.06,50.95,50.06,50.74,287778.46
2025-06-05 10:00:00+00:00,50.74,50.79,49.75,49.99,150387.06
2025-06-05 11:00:00+00:00,49.99,50.22,49.67,50.11,74344.73
2025-06-05 12:00:00+00:00,50.11,50.84,49.87,50.68,255272.72
2025-06-05 13:00:00+00:00,50.68,50.73,48.18,48.71,672511.72
2025-06-05 14:00:00+00:00,48.71,50.47,48.68,50.26,1229585.03
2025-06-05 15:00:00+00:00,50.26,50.91,50.17,50.2,319811.86
2025-06-05 16:00:00+00:00,50.2,50.23,49.41,49.58,297859.4
2025-06-05 17:00:00+00:00,49.58,49.83,49.14,49.2,156958.55
2025-06-05 18:00:00+00:00,49.2,49.37,49.07,49.24,125614.41
2025-06-05 19:00:00+00:00,49.24,49.35,48.47,48.55,254245.81
2025-06-05 20:00:00+00:00,48.55,48.58,47.53,47.56,511920.95
2025-06-05 21:00:00+00:00,47.56,49.01,47.52,48.7,409137.99
2025-06-05 22:00:00+00:00,48.7,48.7,47.82,47.84,223837.56
2025-06-05 23:00:00+00:00,47.84,47.91,47.46,47.57,189034.76
2025-06-06 00:00:00+00:00,47.57,47.77,47.18,47.7,153509.54
2025-06-06 01:00:00+00:00,47.7,47.72,47.2,47.27,61700.31
2025-06-06 02:00:00+00:00,47.27,47.37,46.26,47.04,232892.54
2025-06-06 03:00:00+00:00,47.04,47.7,46.78,47.47,163853.94
2025-06-06 04:00:00+00:00,47.47,47.85,47.43,47.7,161857.56
2025-06-06 05:00:00+00:00,47.7,48.39,47.7,48.3,252503.54
2025-06-06 06:00:00+00:00,48.3,48.39,48.02,48.16,144288.71
2025-06-06 07:00:00+00:00,48.16,48.37,48.1,48.21,75239.02
2025-06-06 08:00:00+00:00,48.21,48.51,48.19,48.44,28777.22
2025-06-06 09:00:00+00:00,48.44,48.58,47.96,47.98,92826.87
2025-06-06 10:00:00+00:00,47.98,48.5,47.91,48.42,121949.67
2025-06-06 11:00:00+00:00,48.42,49.37,48.3,48.92,356277.73
2025-06-06 12:00:00+00:00,48.92,49.65,48.85,48.88,296222.13
2025-06-06 13:00:00+00:00,48.88,49.86,48.88,49.72,190015.45
2025-06-06 14:00:00+00:00,49.72,49.8,48.63,48.81,288634.72
2025-06-06 15:00:00+00:00,48.81,49.26,48.78,49.1,137122.82
2025-06-06 16:00:00+00:00,49.1,49.29,48.72,48.79,97784.96
2025-06-06 17:00:00+00:00,48.79,48.86,47.91,48.39,235281.39
2025-06-06 18:00:00+00:00,48.39,48.41,48.02,48.04,124967.56
2025-06-06 19:00:00+00:00,48.04,48.24,47.81,48.09,190758.55
2025-06-06 20:00:00+00:00,48.09,48.44,47.92,48.43,117021.52
2025-06-06 21:00:00+00:00,48.43,48.46,48.22,48.37,28986.77
2025-06-06 22:00:00+00:00,48.37,48.4,47.76,48.17,51894.93
2025-06-06 23:00:00+00:00,48.17,48.23,47.97,48.16,42532.64
2025-06-07 00:00:00+00:00,48.16,48.16,47.55,47.83,115745.08
2025-06-07 01:00:00+00:00,47.83,47.94,47.59,47.64,44809.29
2025-06-07 02:00:00+00:00,47.64,47.9,47.45,47.85,41935.53
2025-06-07 03:00:00+00:00,47.85,48.09,47.85,48.03,91069.81
2025-06-07 04:00:00+00:00,48.03,48.04,47.68,47.71,59011.86
2025-06-07 05:00:00+00:00,47.71,47.87,47.43,47.78,161438.35
2025-06-07 06:00:00+00:00,47.78,48.18,47.78,48.18,137023.26
2025-06-07 07:00:00+00:00,48.18,48.73,47.95,48.58,125148.17
2025-06-07 08:00:00+00:00,48.58,48.58,48.28,48.28,50167.56
2025-06-07 09:00:00+00:00,48.28,48.41,48.09,48.1,64193.62
2025-06-07 10:00:00+00:00,48.1,48.54,47.99,48.47,75147.81
2025-06-07 11:00:00+00:00,48.47,48.61,48.34,48.4,42382.41
2025-06-07 12:00:00+00:00,48.4,48.79,48.4,48.75,56608.77
2025-06-07 13:00:00+00:00,48.75,48.94,48.55,48.77,47824.46
2025-06-07 14:00:00+00:00,48.77,48.95,48.61,48.87,57327.92
2025-06-07 15:00:00+00:00,48.87,48.87,48.46,48.61,53741.75
2025-06-07 16:00:00+00:00,48.61,50.16,48.29,49.98,411639.02
2025-06-07 17:00:00+00:00,49.98,50.28,49.55,50.11,254038.69
2025-06-07 18:00:00+00:00,50.11,50.43,49.98,50.16,229379.04
2025-06-07 19:00:00+00:00,50.16,50.81,50.01,50.26,176843.49
2025-06-07 20:00:00+00:00,50.26,50.47,50.02,50.11,80873.39
2025-06-07 21:00:00+00:00,50.11,50.44,50.02,50.4,33574.81
2025-06-07 22:00:00+00:00,50.4,50.48,50.1,50.2,41674.77
2025-06-07 23:00:00+00:00,50.2,50.32,49.99,50.27,67711.52
2025-06-08 00:00:00+00:00,50.27,50.69,50.14,50.55,142781.21
2025-06-08 01:00:00+00:00,50.55,50.89,50.27,50.42,191511.69
2025-06-08 02:00:00+00:00,50.42,50.42,49.75,49.89,129840.03
2025-06-08 03:00:00+00:00,49.89,50.16,49.85,49.99,36186.88
2025-06-08 04:00:00+00:00,49.99,50.37,49.82,50.21,67137.16
2025-06-08 05:00:00+00:00,50.21,50.21,49.48,49.48,80584.75
2025-06-08 06:00:00+00:00,49.48,50.2,49.48,49.78,113871.6
2025-06-08 07:00:00+00:00,49.78,49.95,49.5,49.63,58167.65
2025-06-08 08:00:00+00:00,49.63,50.2,49.59,50.01,84987.76
2025-06-08 09:00:00+00:00,50.01,50.5,49.87,50.14,126237.17
2025-06-08 10:00:00+00:00,50.14,50.21,49.28,50.15,241134.43
2025-06-08 11:00:00+00:00,50.15,50.93,50.07,50.75,195622.49
2025-06-08 12:00:00+00:00,50.75,50.76,50.11,50.23,142493.91
2025-06-08 13:00:00+00:00,50.23,50.32,49.9,50.14,138566.33
2025-06-08 14:00:00+00:00,50.14,50.54,49.92,50.12,122684.85
2025-06-08 15:00:00+00:00,50.12,50.6,49.86,50.41,197825.25
2025-06-08 16:00:00+00:00,50.41,50.5,49.97,50.01,157432.67
2025-06-08 17:00:00+00:00,50.01,50.2,49.69,49.87,104716.35
2025-06-08 18:00:00+00:00,49.87,49.95,49.19,49.32,222413.09
2025-06-08 19:00:00+00:00,49.32,49.45,48.85,49.09,84073.97
2025-06-08 20:00:00+00:00,49.09,49.1,48.66,48.7,92229.34
2025-06-08 21:00:00+00:00,48.7,49.12,48.7,49.09,77296.56
2025-06-08 22:00:00+00:00,49.09,49.13,48.67,48.79,87337.99
2025-06-08 23:00:00+00:00,48.79,48.94,48.68,48.72,55342.39
2025-06-09 00:00:00+00:00,48.72,48.72,48.43,48.55,96146.49
2025-06-09 01:00:00+00:00,48.55,48.88,48.41,48.53,63547.81
2025-06-09 02:00:00+00:00,48.53,48.81,48.53,48.74,42439.16
2025-06-09 03:00:00+00:00,48.74,49.42,48.68,49.24,152623.88
2025-06-09 04:00:00+00:00,49.24,50.29,49.14,49.28,369731.94
2025-06-09 05:00:00+00:00,49.28,49.29,49.0,49.19,123066.25
2025-06-09 06:00:00+00:00,49.19,49.97,49.14,49.9,81810.14
2025-06-09 07:00:00+00:00,49.9,49.97,49.3,49.37,65047.19
2025-06-09 08:00:00+00:00,49.37,49.42,48.94,49.11,90108.77
2025-06-09 09:00:00+00:00,49.11,49.63,48.94,49.5,206264.6
2025-06-09 10:00:00+00:00,49.5,50.02,49.31,49.96,119032.38
2025-06-09 11:00:00+00:00,49.96,50.56,49.08,50.19,196137.07
2025-06-09 12:00:00+00:00,50.19,50.39,50.04,50.27,35488.79
2025-06-09 13:00:00+00:00,50.27,50.3,49.43,49.66,139371.26
2025-06-09 14:00:00+00:00,49.66,49.96,49.64,49.71,58552.31
2025-06-09 15:00:00+00:00,49.71,50.33,49.71,50.03,173778.94
2025-06-09 16:00:00+00:00,50.03,50.25,49.85,50.09,182610.95
2025-06-09 17:00:00+00:00,50.09,50.18,49.6,49.69,262490.57
2025-06-09 18:00:00+00:00,49.69,49.86,49.48,49.67,96690.03
2025-06-09 19:00:00+00:00,49.67,49.69,49.25,49.46,46458.98
2025-06-09 20:00:00+00:00,49.46,49.62,49.34,49.58,59077.35
2025-06-09 21:00:00+00:00,49.58,50.26,49.58,50.06,103131.98
2025-06-09 22:00:00+00:00,50.06,50.37,50.02,50.35,143539.69
2025-06-09 23:00:00+00:00,50.35,52.13,50.25,51.62,643484.18
2025-06-10 00:00:00+00:00,51.62,51.62,51.05,51.29,144479.82
2025-06-10 01:00:00+00:00,51.29,51.37,51.02,51.28,59223.88
2025-06-10 02:00:00+00:00,51.28,51.28,50.79,50.92,66663.64
2025-06-10 03:00:00+00:00,50.92,51.0,50.64,50.76,80622.95
2025-06-10 04:00:00+00:00,50.76,50.77,50.35,50.55,116600.82
2025-06-10 05:00:00+00:00,50.55,50.57,49.91,50.21,174058.6
2025-06-10 06:00:00+00:00,50.21,50.37,49.97,50.32,113161.42
2025-06-10 07:00:00+00:00,50.32,51.0,50.18,50.92,243283.13
2025-06-10 08:00:00+00:00,50.92,51.07,50.59,50.74,131636.08
2025-06-10 09:00:00+00:00,50.74,51.41,50.72,51.41,151508.93
2025-06-10 10:00:00+00:00,51.41,51.41,50.77,50.91,106717.22
2025-06-10 11:00:00+00:00,50.91,52.24,50.86,52.17,279578.01
2025-06-10 12:00:00+00:00,52.17,52.63,52.06,52.33,364207.2
2025-06-10 13:00:00+00:00,52.33,52.4,51.08,51.42,387033.19
2025-06-10 14:00:00+00:00,51.42,52.38,51.3,52.26,310377.23
2025-06-10 15:00:00+00:00,52.26,52.81,51.79,52.25,248280.07
2025-06-10 16:00:00+00:00,52.25,53.17,52.07,52.16,268325.44
2025-06-10 17:00:00+00:00,52.16,52.27,51.61,51.69,218640.0
2025-06-10 18:00:00+00:00,51.69,52.05,51.63,51.95,129676.59
2025-06-10 19:00:00+00:00,51.95,52.54,51.83,51.94,181977.03
2025-06-10 20:00:00+00:00,51.94,52.26,51.68,52.24,126244.39
2025-06-10 21:00:00+00:00,52.24,52.28,51.89,52.13,81858.89
2025-06-10 22:00:00+00:00,52.13,52.49,51.68,51.92,133614.61
2025-06-10 23:00:00+00:00,51.92,51.94,51.43,51.87,194426.74
2025-06-11 00:00:00+00:00,51.87,51.88,51.35,51.36,125527.01
2025-06-11 01:00:00+00:00,51.36,51.38,50.67,50.75,151104.76
2025-06-11 02:00:00+00:00,50.75,50.99,50.44,50.54,70118.66
2025-06-11 03:00:00+00:00,50.54,51.05,50.51,50.98,94012.16
2025-06-11 04:00:00+00:00,50.98,51.09,50.79,50.8,90368.94
2025-06-11 05:00:00+00:00,50.8,50.96,50.69,50.78,54982.83
2025-06-11 06:00:00+00:00,50.78,51.12,50.59,50.88,168081.96
2025-06-11 07:00:00+00:00,50.88,51.17,50.84,50.94,117389.75
2025-06-11 08:00:00+00:00,50.94,51.1,50.47,50.61,188544.03
2025-06-11 09:00:00+00:00,50.61,50.65,49.52,49.63,497418.86
2025-06-11 10:00:00+00:00,49.63,49.93,49.12,49.15,831527.91
2025-06-11 11:00:00+00:00,49.15,49.58,49.13,49.45,389689.38
2025-06-11 12:00:00+00:00,49.45,50.82,49.17,50.57,597892.84
2025-06-11 13:00:00+00:00,50.57,51.25,50.45,51.14,318368.53
2025-06-11 14:00:00+00:00,51.14,51.52,50.92,51.01,385815.57
2025-06-11 15:00:00+00:00,51.01,51.55,50.98,51.54,256810.8
2025-06-11 16:00:00+00:00,51.54,51.61,51.04,51.04,190152.49
2025-06-11 17:00:00+00:00,51.04,51.13,50.55,50.64,202546.32
2025-06-11 18:00:00+00:00,50.64,50.75,50.11,50.18,181009.95
2025-06-11 19:00:00+00:00,50.18,50.28,49.99,50.02,147634.37
2025-06-11 20:00:00+00:00,50.02,50.53,49.88,50.4,104841.55
2025-06-11 21:00:00+00:00,50.4,51.2,50.25,50.29,214044.22
2025-06-11 22:00:00+00:00,50.29,50.39,49.53,49.66,289997.03
2025-06-11 23:00:00+00:00,49.66,50.18,49.6,50.04,113967.85
2025-06-12 00:00:00+00:00,50.04,50.04,49.28,49.59,214541.33
2025-06-12 01:00:00+00:00,49.59,49.79,49.3,49.75,139025.11
2025-06-12 02:00:00+00:00,49.75,49.86,49.42,49.49,101497.24
2025-06-12 03:00:00+00:00,49.49,49.49,48.92,48.93,164557.5
2025-06-12 04:00:00+00:00,48.93,48.97,48.67,48.93,198366.74
2025-06-12 05:00:00+00:00,48.93,48.99,48.42,48.58,270200.22
2025-06-12 06:00:00+00:00,48.58,48.81,48.33,48.6,159125.14
2025-06-12 07:00:00+00:00,48.6,48.68,48.1,48.39,169977.52
2025-06-12 08:00:00+00:00,48.39,48.71,47.86,48.69,264561.58
2025-06-12 09:00:00+00:00,48.69,48.69,48.17,48.25,117583.46
2025-06-12 10:00:00+00:00,48.25,48.25,47.85,48.19,129299.77
2025-06-12 11:00:00+00:00,48.19,48.19,47.61,47.75,168333.04
2025-06-12 12:00:00+00:00,47.75,48.33,47.6,47.99,197558.71
2025-06-12 13:00:00+00:00,47.99,49.42,47.97,49.13,539634.85
2025-06-12 14:00:00+00:00,49.13,50.33,49.05,50.12,485075.96
2025-06-12 15:00:00+00:00,50.12,51.1,49.7,49.81,582890.06
2025-06-12 16:00:00+00:00,49.81,50.51,49.32,50.25,507702.87
2025-06-12 17:00:00+00:00,50.25,51.79,50.23,50.81,451931.81
2025-06-12 18:00:00+00:00,50.81,50.87,49.52,49.7,229709.14
2025-06-12 19:00:00+00:00,49.7,49.87,49.09,49.15,153990.63
2025-06-12 20:00:00+00:00,49.15,49.3,48.26,48.53,84293.75
2025-06-12 21:00:00+00:00,48.53,48.98,48.44,48.68,70411.0
2025-06-12 22:00:00+00:00,48.68,48.75,47.99,48.08,110212.48
2025-06-12 23:00:00+00:00,48.08,48.35,47.99,48.02,81452.19
2025-06-13 00:00:00+00:00,48.02,48.02,45.31,45.66,573435.29
2025-06-13 01:00:00+00:00,45.66,45.67,44.61,45.08,410898.37
2025-06-13 02:00:00+00:00,45.08,45.32,44.84,45.27,96062.09
2025-06-13 03:00:00+00:00,45.27,46.93,45.21,46.75,278797.67
2025-06-13 04:00:00+00:00,46.75,46.75,45.42,45.57,187709.95
2025-06-13 05:00:00+00:00,45.57,45.74,45.36,45.47,107651.24
2025-06-13 06:00:00+00:00,45.47,46.19,45.27,46.19,129450.78
2025-06-13 07:00:00+00:00,46.19,46.6,45.84,46.21,255402.11
2025-06-13 08:00:00+00:00,46.21,46.4,45.69,45.92,434337.78
2025-06-13 09:00:00+00:00,45.92,46.0,45.54,45.83,403610.99
2025-06-13 10:00:00+00:00,45.83,45.93,45.1,45.49,318167.33
2025-06-13 11:00:00+00:00,45.49,45.79,45.27,45.79,84186.33
2025-06-13 12:00:00+00:00,45.79,46.19,45.41,45.48,205973.84
2025-06-13 13:00:00+00:00,45.48,46.2,45.44,45.97,159379.6
2025-06-13 14:00:00+00:00,45.97,46.13,45.48,45.53,257798.74
2025-06-13 15:00:00+00:00,45.53,46.27,45.13,45.66,448852.36
2025-06-13 16:00:00+00:00,45.66,46.07,45.3,45.73,275932.36
2025-06-13 17:00:00+00:00,45.73,45.78,45.02,45.41,179290.86
2025-06-13 18:00:00+00:00,45.41,45.48,43.64,44.16,481253.11
2025-06-13 19:00:00+00:00,44.16,44.9,43.91,44.75,414287.54
2025-06-13 20:00:00+00:00,44.75,45.14,44.53,44.93,364908.58
2025-06-13 21:00:00+00:00,44.93,45.11,44.59,44.86,272158.32
2025-06-13 22:00:00+00:00,44.86,45.1,44.72,45.04,100219.89
2025-06-13 23:00:00+00:00,45.04,45.35,44.83,45.09,121190.76
2025-06-14 00:00:00+00:00,45.09,45.44,44.84,45.18,293890.05
2025-06-14 01:00:00+00:00,45.18,45.22,44.53,44.59,190220.68
2025-06-14 02:00:00+00:00,44.59,45.02,44.53,44.9,70886.4
2025-06-14 03:00:00+00:00,44.9,45.07,44.68,44.9,67274.07
2025-06-14 04:00:00+00:00,44.9,45.18,44.74,45.02,77763.44
2025-06-14 05:00:00+00:00,45.02,45.13,43.87,44.39,336167.02
2025-06-14 06:00:00+00:00,44.39,44.55,44.09,44.15,172883.01
2025-06-14 07:00:00+00:00,44.15,44.63,43.88,44.28,213921.31
2025-06-14 08:00:00+00:00,44.28,44.32,43.82,44.12,79936.89
2025-06-14 09:00:00+00:00,44.12,44.12,43.59,43.88,184497.76
2025-06-14 10:00:00+00:00,43.88,44.0,43.63,43.99,57097.54
2025-06-14 11:00:00+00:00,43.99,44.69,43.97,44.15,207664.84
2025-06-14 12:00:00+00:00,44.15,44.9,44.15,44.87,130581.98
2025-06-14 13:00:00+00:00,44.87,45.26,44.27,44.39,214509.09
2025-06-14 14:00:00+00:00,44.39,44.5,43.98,44.05,150490.97
2025-06-14 15:00:00+00:00,44.05,44.3,43.81,44.26,174296.52
2025-06-14 16:00:00+00:00,44.26,44.32,43.54,43.71,193575.62
2025-06-14 17:00:00+00:00,43.71,44.0,43.68,43.75,152542.21
2025-06-14 18:00:00+00:00,43.75,44.06,43.57,43.88,97897.02
2025-06-14 19:00:00+00:00,43.88,44.09,43.47,43.55,89704.41
2025-06-14 20:00:00+00:00,43.55,43.7,43.29,43.61,134097.93
2025-06-14 21:00:00+00:00,43.61,44.06,43.33,44.06,91732.21
2025-06-14 22:00:00+00:00,44.06,44.21,43.91,44.07,44487.54
2025-06-14 23:00:00+00:00,44.07,44.28,43.97,44.17,78430.74
2025-06-15 00:00:00+00:00,44.17,44.45,44.04,44.44,58386.05
2025-06-15 01:00:00+00:00,44.44,44.46,44.17,44.3,31866.61
2025-06-15 02:00:00+00:00,44.3,44.46,44.29,44.37,22456.8
2025-06-15 03:00:00+00:00,44.37,44.48,44.26,44.35,23745.35
2025-06-15 04:00:00+00:00,44.35,44.53,44.31,44.48,54147.01
2025-06-15 05:00:00+00:00,44.48,44.66,44.18,44.6,60846.05
2025-06-15 06:00:00+00:00,44.6,44.66,44.1,44.12,79274.59
2025-06-15 07:00:00+00:00,44.12,44.12,43.85,43.95,77648.07
2025-06-15 08:00:00+00:00,43.95,44.02,43.68,43.83,81976.69
2025-06-15 09:00:00+00:00,43.83,43.9,43.48,43.67,80097.03
2025-06-15 10:00:00+00:00,43.67,44.0,43.62,43.95,71390.24
2025-06-15 11:00:00+00:00,43.95,44.06,43.61,43.86,157402.96
2025-06-15 12:00:00+00:00,43.86,44.11,43.72,44.05,88220.28
2025-06-15 13:00:00+00:00,44.05,44.07,43.24,43.83,322821.91
2025-06-15 14:00:00+00:00,43.83,44.22,43.5,44.07,206716.06
2025-06-15 15:00:00+00:00,44.07,44.2,43.57,43.65,195764.98
2025-06-15 16:00:00+00:00,43.65,43.87,43.49,43.71,445979.51
2025-06-15 17:00:00+00:00,43.71,43.96,43.53,43.8,84592.81
2025-06-15 18:00:00+00:00,43.8,43.91,43.67,43.9,71065.27
2025-06-15 19:00:00+00:00,43.9,44.03,43.56,43.67,81324.48
2025-06-15 20:00:00+00:00,43.67,43.68,42.98,43.2,99427.67
2025-06-15 21:00:00+00:00,43.2,43.28,42.81,43.22,130395.24
2025-06-15 22:00:00+00:00,43.22,43.58,43.15,43.3,114079.15
2025-06-15 23:00:00+00:00,43.3,43.51,43.07,43.46,57125.56
2025-06-16 00:00:00+00:00,43.46,43.52,43.17,43.5,80407.74
2025-06-16 01:00:00+00:00,43.5,43.63,43.06,43.58,134346.25
2025-06-16 02:00:00+00:00,43.58,43.85,43.43,43.61,132060.94
2025-06-16 03:00:00+00:00,43.61,43.64,43.35,43.46,52347.54
2025-06-16 04:00:00+00:00,43.46,43.81,43.35,43.52,113377.1
2025-06-16 05:00:00+00:00,43.52,43.78,43.36,43.73,192629.32
2025-06-16 06:00:00+00:00,43.73,43.93,43.5,43.81,144713.83
2025-06-16 07:00:00+00:00,43.81,43.99,43.68,43.83,134829.61
2025-06-16 08:00:00+00:00,43.83,44.45,43.56,44.42,293299.12
2025-06-16 09:00:00+00:00,44.42,46.58,44.16,46.1,854211.0
2025-06-16 10:00:00+00:00,46.1,46.16,45.3,45.44,452693.0
2025-06-16 11:00:00+00:00,45.44,45.8,44.99,45.49,490705.6
2025-06-16 12:00:00+00:00,45.49,45.52,44.89,45.17,311076.13
2025-06-16 13:00:00+00:00,45.17,45.34,44.92,45.3,170593.53
2025-06-16 14:00:00+00:00,45.3,45.63,45.13,45.37,146260.79
2025-06-16 15:00:00+00:00,45.37,45.46,44.83,44.93,216659.73
2025-06-16 16:00:00+00:00,44.93,45.13,44.73,44.89,188467.97
2025-06-16 17:00:00+00:00,44.89,45.1,44.64,44.79,146943.65
2025-06-16 18:00:00+00:00,44.79,45.02,44.58,44.79,196379.03
2025-06-16 19:00:00+00:00,44.79,44.97,44.56,44.92,218470.75
2025-06-16 20:00:00+00:00,44.92,45.11,44.55,45.05,206769.66
2025-06-16 21:00:00+00:00,45.05,45.18,44.6,44.68,134497.15
2025-06-16 22:00:00+00:00,44.68,44.8,43.45,43.65,448391.01
2025-06-16 23:00:00+00:00,43.65,43.94,42.97,43.16,255935.14
2025-06-17 00:00:00+00:00,43.16,43.16,41.82,42.66,698990.97
2025-06-17 01:00:00+00:00,42.66,42.87,42.53,42.63,169535.26
2025-06-17 02:00:00+00:00,42.63,43.13,42.34,43.07,116946.43
2025-06-17 03:00:00+00:00,43.07,43.27,42.86,43.04,93068.74
2025-06-17 04:00:00+00:00,43.04,43.2,42.82,43.04,198350.47
2025-06-17 05:00:00+00:00,43.04,43.48,42.48,42.8,229114.74
2025-06-17 06:00:00+00:00,42.8,42.89,42.38,42.48,177289.11
2025-06-17 07:00:00+00:00,42.48,42.58,42.18,42.45,134308.8
2025-06-17 08:00:00+00:00,42.45,42.45,41.99,41.99,87730.46
2025-06-17 09:00:00+00:00,41.99,42.37,41.99,42.24,128125.95
2025-06-17 10:00:00+00:00,42.24,42.25,41.87,42.03,101800.86
2025-06-17 11:00:00+00:00,42.03,42.1,41.7,41.95,291097.27
2025-06-17 12:00:00+00:00,41.95,42.11,41.58,41.76,177075.34
2025-06-17 13:00:00+00:00,41.76,42.06,41.63,41.77,120250.43
2025-06-17 14:00:00+00:00,41.77,42.2,41.7,41.75,111335.13
2025-06-17 15:00:00+00:00,41.75,41.83,41.23,41.58,396995.75
2025-06-17 16:00:00+00:00,41.58,41.58,40.96,41.01,245759.68
2025-06-17 17:00:00+00:00,41.01,41.46,40.83,41.38,109453.71
2025-06-17 18:00:00+00:00,41.38,41.46,40.6,40.96,327747.58
2025-06-17 19:00:00+00:00,40.96,41.74,40.87,41.4,208211.82
2025-06-17 20:00:00+00:00,41.4,41.67,41.32,41.44,145888.68
2025-06-17 21:00:00+00:00,41.44,41.49,40.76,40.76,157905.33
2025-06-17 22:00:00+00:00,40.76,40.99,40.6,40.6,88443.06
2025-06-17 23:00:00+00:00,40.6,41.31,40.59,41.1,103956.37
2025-06-18 00:00:00+00:00,41.1,41.48,41.08,41.34,55521.59
2025-06-18 01:00:00+00:00,41.34,41.51,41.12,41.12,90026.57
2025-06-18 02:00:00+00:00,41.12,41.24,40.9,41.01,46945.8
2025-06-18 03:00:00+00:00,41.01,41.37,40.94,41.28,33994.85
2025-06-18 04:00:00+00:00,41.28,41.63,41.23,41.51,39501.35
2025-06-18 05:00:00+00:00,41.51,41.97,41.48,41.8,79706.42
2025-06-18 06:00:00+00:00,41.8,42.03,41.63,41.71,69236.75
2025-06-18 07:00:00+00:00,41.71,41.85,41.35,41.7,74454.31
2025-06-18 08:00:00+00:00,41.7,42.04,41.44,41.99,162293.45
2025-06-18 09:00:00+00:00,41.99,42.44,41.99,42.23,229202.21
2025-06-18 10:00:00+00:00,42.23,42.26,41.87,42.02,132892.25
2025-06-18 11:00:00+00:00,42.02,42.77,41.9,42.06,265756.43
2025-06-18 12:00:00+00:00,42.06,42.69,41.83,42.52,276171.25
2025-06-18 13:00:00+00:00,42.52,42.75,42.25,42.63,406370.89
2025-06-18 14:00:00+00:00,42.63,43.07,41.92,42.1,367577.55
2025-06-18 15:00:00+00:00,42.1,42.22,41.69,41.87,149497.14
2025-06-18 16:00:00+00:00,41.87,41.91,41.41,41.46,100380.09
2025-06-18 17:00:00+00:00,41.46,41.48,40.73,41.37,228469.27
2025-06-18 18:00:00+00:00,41.37,41.62,40.84,40.88,160183.96
2025-06-18 19:00:00+00:00,40.88,41.25,40.81,41.01,131621.09
2025-06-18 20:00:00+00:00,41.01,42.25,40.98,42.13,116365.74
2025-06-18 21:00:00+00:00,42.13,42.34,41.92,42.25,90976.08
2025-06-18 22:00:00+00:00,42.25,42.32,41.99,42.21,91614.42
2025-06-18 23:00:00+00:00,42.21,42.31,41.93,42.08,32564.13
2025-06-19 00:00:00+00:00,42.08,42.36,41.84,42.05,40987.83
2025-06-19 01:00:00+00:00,42.05,42.09,41.6,41.68,85025.89
2025-06-19 02:00:00+00:00,41.68,41.84,41.58,41.69,22540.15
2025-06-19 03:00:00+00:00,41.69,41.85,41.64,41.82,50360.79
2025-06-19 04:00:00+00:00,41.82,41.89,41.58,41.8,40689.53
2025-06-19 05:00:00+00:00,41.8,42.09,41.62,41.62,36791.06
2025-06-19 06:00:00+00:00,41.62,41.7,41.44,41.53,69928.0
2025-06-19 07:00:00+00:00,41.53,41.74,41.49,41.54,63363.09
2025-06-19 08:00:00+00:00,41.54,41.79,41.52,41.6,60830.25
2025-06-19 09:00:00+00:00,41.6,41.86,41.47,41.81,97330.58
2025-06-19 10:00:00+00:00,41.81,41.84,41.62,41.69,27536.27
2025-06-19 11:00:00+00:00,41.69,41.69,41.34,41.48,65525.7
2025-06-19 12:00:00+00:00,41.48,41.56,41.26,41.3,39401.69
2025-06-19 13:00:00+00:00,41.3,41.5,41.15,41.2,50151.1
2025-06-19 14:00:00+00:00,41.2,41.46,41.08,41.15,78404.99
2025-06-19 15:00:00+00:00,41.15,41.61,41.1,41.51,77684.03
2025-06-19 16:00:00+00:00,41.51,41.71,41.22,41.22,43731.98
2025-06-19 17:00:00+00:00,41.22,41.83,41.09,41.72,47146.93
2025-06-19 18:00:00+00:00,41.72,41.92,41.44,41.53,115786.04
2025-06-19 19:00:00+00:00,41.53,41.68,41.45,41.52,83939.03
2025-06-19 20:00:00+00:00,41.52,41.74,41.4,41.46,60243.42
2025-06-19 21:00:00+00:00,41.46,41.64,41.39,41.41,30612.95
2025-06-19 22:00:00+00:00,41.41,41.77,41.41,41.63,27690.81
2025-06-19 23:00:00+00:00,41.63,41.78,41.48,41.66,39006.29
2025-06-20 00:00:00+00:00,41.66,41.76,41.51,41.71,61564.43
2025-06-20 01:00:00+00:00,41.71,41.72,41.47,41.63,125444.82
2025-06-20 02:00:00+00:00,41.63,41.77,41.43,41.5,63489.18
2025-06-20 03:00:00+00:00,41.5,41.61,41.35,41.46,49561.02
2025-06-20 04:00:00+00:00,41.46,41.51,41.04,41.09,119562.14
2025-06-20 05:00:00+00:00,41.09,41.4,41.01,41.27,40185.12
2025-06-20 06:00:00+00:00,41.27,41.46,41.23,41.34,36603.97
2025-06-20 07:00:00+00:00,41.34,41.93,41.29,41.88,110605.16
2025-06-20 08:00:00+00:00,41.88,42.15,41.76,41.84,152356.77
2025-06-20 09:00:00+00:00,41.84,41.98,41.73,41.83,116879.14
2025-06-20 10:00:00+00:00,41.83,41.97,41.69,41.75,61616.0
2025-06-20 11:00:00+00:00,41.75,41.91,41.57,41.71,128904.83
2025-06-20 12:00:00+00:00,41.71,41.9,41.59,41.7,140333.96
2025-06-20 13:00:00+00:00,41.7,41.95,41.49,41.61,64341.42
2025-06-20 14:00:00+00:00,41.61,41.66,40.75,40.81,109115.38
2025-06-20 15:00:00+00:00,40.81,41.03,40.66,40.72,98966.63
2025-06-20 16:00:00+00:00,40.72,40.81,39.96,40.01,174747.46
2025-06-20 17:00:00+00:00,40.01,40.1,39.19,39.7,506062.15
2025-06-20 18:00:00+00:00,39.7,39.95,39.55,39.82,118047.99
2025-06-20 19:00:00+00:00,39.82,40.11,39.47,39.89,93999.17
2025-06-20 20:00:00+00:00,39.89,40.45,39.88,40.37,118901.84
2025-06-20 21:00:00+00:00,40.37,40.37,39.77,39.88,176033.01
2025-06-20 22:00:00+00:00,39.88,39.91,39.42,39.66,273385.69
2025-06-20 23:00:00+00:00,39.66,40.39,39.59,40.28,240223.66
2025-06-21 00:00:00+00:00,40.28,40.48,39.94,39.94,235385.09
2025-06-21 01:00:00+00:00,39.94,40.36,39.89,40.16,265526.16
2025-06-21 02:00:00+00:00,40.16,40.42,39.99,40.1,323128.94
2025-06-21 03:00:00+00:00,40.1,40.47,40.01,40.18,159983.39
2025-06-21 04:00:00+00:00,40.18,40.36,40.02,40.07,196990.63
2025-06-21 05:00:00+00:00,40.07,40.41,40.04,40.21,203225.62
2025-06-21 06:00:00+00:00,40.21,40.5,40.08,40.26,319246.44
2025-06-21 07:00:00+00:00,40.26,40.44,40.07,40.16,219010.87
2025-06-21 08:00:00+00:00,40.16,40.43,40.06,40.37,153071.47
2025-06-21 09:00:00+00:00,40.37,40.42,40.07,40.31,136357.19
2025-06-21 10:00:00+00:00,40.31,40.54,40.11,40.2,215112.68
2025-06-21 11:00:00+00:00,40.2,40.44,40.1,40.16,192363.81
2025-06-21 12:00:00+00:00,40.16,40.29,39.82,39.85,194539.82
2025-06-21 13:00:00+00:00,39.85,40.31,39.7,39.75,335690.33
2025-06-21 14:00:00+00:00,39.75,40.58,39.64,40.4,365767.27
2025-06-21 15:00:00+00:00,40.4,41.41,40.4,41.26,469171.28
2025-06-21 16:00:00+00:00,41.26,41.55,40.97,41.27,369881.22
2025-06-21 17:00:00+00:00,41.27,41.32,40.42,40.54,108438.26
2025-06-21 18:00:00+00:00,40.54,40.8,40.13,40.2,101933.53
2025-06-21 19:00:00+00:00,40.2,40.27,39.7,39.7,256687.49
2025-06-21 20:00:00+00:00,39.7,40.03,39.48,39.67,219245.76
2025-06-21 21:00:00+00:00,39.67,39.83,38.57,38.91,283482.76
2025-06-21 22:00:00+00:00,38.91,39.24,38.79,39.13,116029.0
2025-06-21 23:00:00+00:00,39.13,39.44,38.76,39.36,298863.34
2025-06-22 00:00:00+00:00,39.36,40.12,39.17,39.72,123583.62
2025-06-22 01:00:00+00:00,39.72,40.06,39.39,39.39,80654.56
2025-06-22 02:00:00+00:00,39.39,39.55,38.65,39.01,457748.1
2025-06-22 03:00:00+00:00,39.01,39.18,38.56,38.74,409133.68
2025-06-22 04:00:00+00:00,38.74,39.19,38.58,39.01,298377.35
2025-06-22 05:00:00+00:00,39.01,39.19,38.58,38.93,240592.71
2025-06-22 06:00:00+00:00,38.93,39.24,38.64,38.89,214712.71
2025-06-22 07:00:00+00:00,38.89,39.4,38.26,38.61,392005.08
2025-06-22 08:00:00+00:00,38.61,38.96,38.34,38.82,203557.28
2025-06-22 09:00:00+00:00,38.82,38.91,38.17,38.46,428881.19
2025-06-22 10:00:00+00:00,38.46,38.71,38.19,38.63,530460.65
2025-06-22 11:00:00+00:00,38.63,38.82,37.96,38.31,447578.46
2025-06-22 12:00:00+00:00,38.31,38.66,38.02,38.26,125682.95
2025-06-22 13:00:00+00:00,38.26,38.53,37.36,37.57,647806.83
2025-06-22 14:00:00+00:00,37.57,37.77,36.38,37.33,560015.03
2025-06-22 15:00:00+00:00,37.33,37.89,37.26,37.44,236228.86
2025-06-22 16:00:00+00:00,37.44,38.13,37.15,37.68,210662.0
2025-06-22 17:00:00+00:00,37.68,38.07,37.25,37.69,180515.71
2025-06-22 18:00:00+00:00,37.69,37.81,36.97,37.24,309849.34
2025-06-22 19:00:00+00:00,37.24,37.44,36.93,37.02,155957.41
2025-06-22 20:00:00+00:00,37.02,37.18,36.41,36.85,376376.52
2025-06-22 21:00:00+00:00,36.85,37.28,36.57,36.57,96764.96
2025-06-22 22:00:00+00:00,36.57,38.09,36.57,38.07,223702.06
2025-06-22 23:00:00+00:00,38.07,38.48,37.84,38.0,225861.5
2025-06-23 00:00:00+00:00,38.0,38.45,37.85,38.06,78702.46
2025-06-23 01:00:00+00:00,38.06,38.42,37.91,38.23,52644.01
2025-06-23 02:00:00+00:00,38.23,38.39,37.95,38.23,90654.1
2025-06-23 03:00:00+00:00,38.23,38.36,37.94,38.08,109780.67
2025-06-23 04:00:00+00:00,38.08,38.5,37.94,38.17,189302.97
2025-06-23 05:00:00+00:00,38.17,38.48,38.14,38.43,96717.02
2025-06-23 06:00:00+00:00,38.43,38.69,38.26,38.57,107267.91
2025-06-23 07:00:00+00:00,38.57,38.8,38.37,38.5,195304.31
2025-06-23 08:00:00+00:00,38.5,38.51,38.11,38.15,172915.31
2025-06-23 09:00:00+00:00,38.15,38.33,37.98,38.03,127671.48
2025-06-23 10:00:00+00:00,38.03,38.19,37.76,38.13,215464.32
2025-06-23 11:00:00+00:00,38.13,38.18,37.94,38.05,89050.46
2025-06-23 12:00:00+00:00,38.05,38.86,37.99,38.81,429459.66
2025-06-23 13:00:00+00:00,38.81,39.33,38.44,39.21,291248.33
2025-06-23 14:00:00+00:00,39.21,39.32,38.81,38.88,112725.05
2025-06-23 15:00:00+00:00,38.88,39.06,38.71,38.84,135026.52
2025-06-23 16:00:00+00:00,38.84,38.91,38.03,38.1,297217.29
2025-06-23 17:00:00+00:00,38.1,39.16,38.02,38.97,332981.93
2025-06-23 18:00:00+00:00,38.97,39.78,38.97,39.64,685585.62
2025-06-23 19:00:00+00:00,39.64,39.82,39.39,39.74,429698.75
2025-06-23 20:00:00+00:00,39.74,40.63,39.56,40.36,456633.46
2025-06-23 21:00:00+00:00,40.36,40.61,40.25,40.42,105888.13
2025-06-23 22:00:00+00:00,40.42,41.12,40.35,40.87,716261.34
2025-06-23 23:00:00+00:00,40.87,41.34,40.64,41.09,319370.81
2025-06-24 00:00:00+00:00,41.09,41.47,40.95,41.45,111328.83
2025-06-24 01:00:00+00:00,41.45,41.7,41.26,41.47,187214.46
2025-06-24 02:00:00+00:00,41.47,41.5,41.18,41.21,89240.12
2025-06-24 03:00:00+00:00,41.21,41.42,41.19,41.25,51652.44
2025-06-24 04:00:00+00:00,41.25,41.33,41.15,41.33,61510.02
2025-06-24 05:00:00+00:00,41.33,42.0,41.24,41.84,155183.13
2025-06-24 06:00:00+00:00,41.84,42.18,41.7,42.13,162702.74
2025-06-24 07:00:00+00:00,42.13,42.15,41.62,41.74,258858.16
2025-06-24 08:00:00+00:00,41.74,42.21,41.53,41.72,267084.51
2025-06-24 09:00:00+00:00,41.72,42.33,41.69,41.93,282679.77
2025-06-24 10:00:00+00:00,41.93,42.46,41.79,42.07,225120.37
2025-06-24 11:00:00+00:00,42.07,42.21,41.8,41.99,148844.4
2025-06-24 12:00:00+00:00,41.99,42.19,41.83,41.94,221995.34
2025-06-24 13:00:00+00:00,41.94,42.24,41.76,41.84,187493.77
2025-06-24 14:00:00+00:00,41.84,42.36,41.75,42.08,263233.72
2025-06-24 15:00:00+00:00,42.08,42.29,41.96,42.28,240284.35
2025-06-24 16:00:00+00:00,42.28,42.88,42.04,42.69,385279.84
2025-06-24 17:00:00+00:00,42.69,42.88,42.33,42.74,414873.57
2025-06-24 18:00:00+00:00,42.74,42.86,42.28,42.3,456899.78
2025-06-24 19:00:00+00:00,42.3,42.75,42.21,42.29,321297.31
2025-06-24 20:00:00+00:00,42.29,42.68,42.23,42.53,373353.24
2025-06-24 21:00:00+00:00,42.53,42.79,42.26,42.55,269655.6
2025-06-24 22:00:00+00:00,42.55,42.86,42.42,42.76,210764.66
2025-06-24 23:00:00+00:00,42.76,42.78,42.42,42.71,142451.78
2025-06-25 00:00:00+00:00,42.71,43.08,42.53,42.84,130677.22
2025-06-25 01:00:00+00:00,42.84,42.89,42.15,42.54,272647.72
2025-06-25 02:00:00+00:00,42.54,42.69,42.3,42.4,60679.22
2025-06-25 03:00:00+00:00,42.4,42.65,42.31,42.33,51598.13
2025-06-25 04:00:00+00:00,42.33,42.46,42.13,42.23,64598.93
2025-06-25 05:00:00+00:00,42.23,42.25,41.99,42.02,94124.64
2025-06-25 06:00:00+00:00,42.02,42.15,41.89,42.02,101404.96
2025-06-25 07:00:00+00:00,42.02,42.3,41.87,42.1,198310.61
2025-06-25 08:00:00+00:00,42.1,42.22,41.7,42.06,229138.13
2025-06-25 09:00:00+00:00,42.06,42.31,41.79,41.88,304573.27
2025-06-25 10:00:00+00:00,41.88,42.42,41.68,42.04,300126.7
2025-06-25 11:00:00+00:00,42.04,42.4,41.94,42.3,161571.4
2025-06-25 12:00:00+00:00,42.3,42.36,42.07,42.26,105089.81
2025-06-25 13:00:00+00:00,42.26,42.61,42.11,42.43,275714.08
2025-06-25 14:00:00+00:00,42.43,42.61,41.81,42.07,268038.8
2025-06-25 15:00:00+00:00,42.07,42.13,41.53,41.53,138440.17
2025-06-25 16:00:00+00:00,41.53,41.68,41.32,41.43,112240.07
2025-06-25 17:00:00+00:00,41.43,41.97,40.9,41.36,660826.5
2025-06-25 18:00:00+00:00,41.36,41.52,40.97,41.32,365513.17
2025-06-25 19:00:00+00:00,41.32,41.77,41.24,41.65,113028.77
2025-06-25 20:00:00+00:00,41.65,41.76,41.57,41.72,40503.93
2025-06-25 21:00:00+00:00,41.72,41.92,41.26,41.52,121255.46
2025-06-25 22:00:00+00:00,41.52,41.52,41.21,41.28,120429.52
2025-06-25 23:00:00+00:00,41.28,41.39,41.14,41.35,87868.94
2025-06-26 00:00:00+00:00,41.35,41.45,41.12,41.22,99738.42
2025-06-26 01:00:00+00:00,41.22,41.63,40.94,41.4,123378.83
2025-06-26 02:00:00+00:00,41.4,41.6,41.02,41.44,95905.54
2025-06-26 03:00:00+00:00,41.44,41.73,41.28,41.39,90489.85
2025-06-26 04:00:00+00:00,41.39,41.41,40.98,41.06,75665.49
2025-06-26 05:00:00+00:00,41.06,41.07,40.85,40.89,110873.14
2025-06-26 06:00:00+00:00,40.89,40.96,40.57,40.91,124437.54
2025-06-26 07:00:00+00:00,40.91,41.18,40.8,41.0,227830.28
2025-06-26 08:00:00+00:00,41.0,41.22,40.82,40.89,242308.79
2025-06-26 09:00:00+00:00,40.89,40.93,40.42,40.45,176784.58
2025-06-26 10:00:00+00:00,40.45,40.51,40.12,40.4,248962.04
2025-06-26 11:00:00+00:00,40.4,40.46,39.95,40.08,192490.52
2025-06-26 12:00:00+00:00,40.08,40.12,39.38,39.51,292966.5
2025-06-26 13:00:00+00:00,39.51,39.66,39.17,39.26,514518.91
2025-06-26 14:00:00+00:00,39.26,39.72,39.06,39.5,266712.75
2025-06-26 15:00:00+00:00,39.5,39.61,39.16,39.35,158540.71
2025-06-26 16:00:00+00:00,39.35,39.35,38.75,38.86,203673.17
2025-06-26 17:00:00+00:00,38.86,39.12,38.77,38.8,164217.94
2025-06-26 18:00:00+00:00,38.8,39.07,38.77,38.93,188150.16
2025-06-26 19:00:00+00:00,38.93,39.45,38.91,39.3,167105.95
2025-06-26 20:00:00+00:00,39.3,39.59,39.2,39.53,446864.06
2025-06-26 21:00:00+00:00,39.53,39.61,38.93,39.21,684092.76
2025-06-26 22:00:00+00:00,39.21,39.35,38.83,38.92,595629.48
2025-06-26 23:00:00+00:00,38.92,39.11,38.8,39.04,671601.06
2025-06-27 00:00:00+00:00,39.04,39.3,38.88,38.95,439666.31
2025-06-27 01:00:00+00:00,38.95,39.57,38.83,39.49,200053.19
2025-06-27 02:00:00+00:00,39.49,39.67,39.35,39.51,401062.72
2025-06-27 03:00:00+00:00,39.51,39.93,39.36,39.82,230610.13
2025-06-27 04:00:00+00:00,39.82,39.9,39.54,39.67,224182.58
2025-06-27 05:00:00+00:00,39.67,40.0,39.56,39.56,150982.54
2025-06-27 06:00:00+00:00,39.56,39.85,39.56,39.62,199154.55
2025-06-27 07:00:00+00:00,39.62,39.82,39.05,39.1,219965.84
2025-06-27 08:00:00+00:00,39.1,39.33,38.85,39.07,231892.38
2025-06-27 09:00:00+00:00,39.07,39.17,38.83,39.03,277028.88
2025-06-27 10:00:00+00:00,39.03,39.06,38.62,38.64,288407.09
2025-06-27 11:00:00+00:00,38.64,38.88,38.55,38.6,423114.04
2025-06-27 12:00:00+00:00,38.6,39.07,38.51,38.61,344047.46
2025-06-27 13:00:00+00:00,38.61,38.97,38.57,38.88,263274.31
2025-06-27 14:00:00+00:00,38.88,38.99,38.44,38.54,289418.31
2025-06-27 15:00:00+00:00,38.54,38.89,38.46,38.75,251684.06
2025-06-27 16:00:00+00:00,38.75,39.2,38.59,38.91,312962.49
2025-06-27 17:00:00+00:00,38.91,38.96,38.49,38.73,376394.92
2025-06-27 18:00:00+00:00,38.73,38.8,38.44,38.52,308981.52
2025-06-27 19:00:00+00:00,38.52,39.03,38.5,38.98,376017.09
2025-06-27 20:00:00+00:00,38.98,39.24,38.85,39.11,155550.67
2025-06-27 21:00:00+00:00,39.11,39.21,38.93,38.96,140809.71
2025-06-27 22:00:00+00:00,38.96,39.06,38.76,38.9,132165.47
2025-06-27 23:00:00+00:00,38.9,39.01,38.46,38.5,239622.07
2025-06-28 00:00:00+00:00,38.5,38.65,37.75,38.03,314430.25
2025-06-28 01:00:00+00:00,38.03,38.06,37.67,37.85,141612.28
2025-06-28 02:00:00+00:00,37.85,37.97,37.66,37.75,122596.69
2025-06-28 03:00:00+00:00,37.75,37.75,37.46,37.64,109122.48
2025-06-28 04:00:00+00:00,37.64,37.73,37.4,37.41,93707.33
2025-06-28 05:00:00+00:00,37.41,37.62,37.4,37.54,111092.09
2025-06-28 06:00:00+00:00,37.54,37.93,37.52,37.92,122933.9
2025-06-28 07:00:00+00:00,37.92,38.03,37.74,38.0,81887.37
2025-06-28 08:00:00+00:00,38.0,38.04,37.69,37.83,132633.81
2025-06-28 09:00:00+00:00,37.83,37.98,37.65,37.84,125742.55
2025-06-28 10:00:00+00:00,37.84,37.94,37.56,37.57,55346.62
2025-06-28 11:00:00+00:00,37.57,37.92,37.56,37.84,112592.48
2025-06-28 12:00:00+00:00,37.84,38.0,37.78,37.91,26948.14
2025-06-28 13:00:00+00:00,37.91,37.95,37.72,37.8,25141.52
2025-06-28 14:00:00+00:00,37.8,38.15,37.8,38.14,56946.56
2025-06-28 15:00:00+00:00,38.14,38.14,37.66,38.1,287410.18
2025-06-28 16:00:00+00:00,38.1,38.25,38.02,38.08,110930.41
2025-06-28 17:00:00+00:00,38.08,38.44,38.07,38.4,45270.3
2025-06-28 18:00:00+00:00,38.4,38.42,38.25,38.42,65781.87
2025-06-28 19:00:00+00:00,38.42,38.7,38.34,38.63,112971.36
2025-06-28 20:00:00+00:00,38.63,38.93,38.6,38.71,129232.12
2025-06-28 21:00:00+00:00,38.71,39.32,38.68,38.95,128058.37
2025-06-28 22:00:00+00:00,38.95,39.34,38.83,39.06,213507.78
2025-06-28 23:00:00+00:00,39.06,39.18,38.9,38.93,77067.49
2025-06-29 00:00:00+00:00,38.93,39.1,38.85,38.95,158340.26
2025-06-29 01:00:00+00:00,38.95,38.95,38.72,38.73,49191.58
2025-06-29 02:00:00+00:00,38.73,38.82,38.6,38.75,42501.11
2025-06-29 03:00:00+00:00,38.75,38.94,38.74,38.79,17242.84
2025-06-29 04:00:00+00:00,38.79,38.85,38.69,38.85,19958.38
2025-06-29 05:00:00+00:00,38.85,39.06,38.74,39.03,28577.21
2025-06-29 06:00:00+00:00,39.03,39.1,38.79,39.06,39594.03
2025-06-29 07:00:00+00:00,39.06,39.86,38.98,39.84,310445.2
2025-06-29 08:00:00+00:00,39.84,40.02,39.69,39.74,135019.23
2025-06-29 09:00:00+00:00,39.74,39.8,39.63,39.65,67456.93
2025-06-29 10:00:00+00:00,39.65,39.87,39.56,39.78,175594.53
2025-06-29 11:00:00+00:00,39.78,39.88,39.68,39.77,84641.67
2025-06-29 12:00:00+00:00,39.77,39.83,39.34,39.49,212911.55
2025-06-29 13:00:00+00:00,39.49,39.6,39.22,39.26,82656.8
2025-06-29 14:00:00+00:00,39.26,39.74,39.22,39.7,298104.74
2025-06-29 15:00:00+00:00,39.7,39.81,39.41,39.64,213547.21
2025-06-29 16:00:00+00:00,39.64,39.73,39.4,39.68,80627.18
2025-06-29 17:00:00+00:00,39.68,39.79,39.58,39.7,115025.32
2025-06-29 18:00:00+00:00,39.7,39.72,39.41,39.51,103510.74
2025-06-29 19:00:00+00:00,39.51,39.6,39.42,39.5,72072.07
2025-06-29 20:00:00+00:00,39.5,39.53,39.28,39.32,52206.61
2025-06-29 21:00:00+00:00,39.32,39.54,39.23,39.54,61071.68
2025-06-29 22:00:00+00:00,39.54,40.14,39.51,40.11,255531.49
2025-06-29 23:00:00+00:00,40.11,40.25,39.97,40.02,141471.41
2025-06-30 00:00:00+00:00,40.02,40.19,39.96,40.01,101224.08
2025-06-30 01:00:00+00:00,40.01,40.11,39.85,39.95,155575.85
2025-06-30 02:00:00+00:00,39.95,40.02,39.9,39.93,64241.03
2025-06-30 03:00:00+00:00,39.93,40.13,39.87,40.05,52227.72
2025-06-30 04:00:00+00:00,40.05,40.17,39.96,40.08,106012.33
2025-06-30 05:00:00+00:00,40.08,40.4,40.0,40.35,124400.73
2025-06-30 06:00:00+00:00,40.35,40.41,39.91,39.97,136494.09
2025-06-30 07:00:00+00:00,39.97,40.03,39.68,39.86,192949.51
2025-06-30 08:00:00+00:00,39.86,39.94,39.56,39.6,90928.32
2025-06-30 09:00:00+00:00,39.6,39.65,39.47,39.48,134365.61
2025-06-30 10:00:00+00:00,39.48,39.65,39.4,39.54,197308.18
2025-06-30 11:00:00+00:00,39.54,39.71,39.48,39.62,203355.46
2025-06-30 12:00:00+00:00,39.62,39.87,39.58,39.61,156511.25
2025-06-30 13:00:00+00:00,39.61,40.01,39.57,39.6,171518.52
2025-06-30 14:00:00+00:00,39.6,39.72,38.93,39.11,513104.45
2025-06-30 15:00:00+00:00,39.11,39.35,38.82,39.05,421687.64
2025-06-30 16:00:00+00:00,39.05,39.29,38.84,39.23,316743.91
2025-06-30 17:00:00+00:00,39.23,39.3,38.98,39.0,258213.02
2025-06-30 18:00:00+00:00,39.0,39.17,38.8,38.83,168887.62
2025-06-30 19:00:00+00:00,38.83,39.2,38.8,39.02,154846.79
2025-06-30 20:00:00+00:00,39.02,39.07,38.7,38.76,133081.73
2025-06-30 21:00:00+00:00,38.76,38.85,38.26,38.36,238962.42
2025-06-30 22:00:00+00:00,38.36,38.5,38.23,38.24,102882.07
2025-06-30 23:00:00+00:00,38.24,38.46,38.16,38.18,64778.45
2025-07-01 00:00:00+00:00,38.18,38.45,37.57,37.73,340097.3
2025-07-01 01:00:00+00:00,37.73,37.91,37.54,37.58,90623.09
2025-07-01 02:00:00+00:00,37.58,37.72,37.48,37.64,120806.77
2025-07-01 03:00:00+00:00,37.64,37.93,37.53,37.76,106490.4
2025-07-01 04:00:00+00:00,37.76,37.81,37.24,37.3,125972.62
2025-07-01 05:00:00+00:00,37.3,37.39,37.14,37.28,126414.74
2025-07-01 06:00:00+00:00,37.28,37.28,37.08,37.13,104198.82
2025-07-01 07:00:00+00:00,37.13,37.24,36.88,37.17,158527.85
2025-07-01 08:00:00+00:00,37.17,37.17,36.87,36.91,106818.66
2025-07-01 09:00:00+00:00,36.91,37.1,36.78,36.88,117299.84
2025-07-01 10:00:00+00:00,36.88,36.88,36.69,36.8,204688.27
2025-07-01 11:00:00+00:00,36.8,36.97,36.71,36.87,114761.99
2025-07-01 12:00:00+00:00,36.87,37.0,36.65,36.71,177579.62
2025-07-01 13:00:00+00:00,36.71,37.05,36.7,36.84,233426.54
2025-07-01 14:00:00+00:00,36.84,37.07,36.65,36.87,149097.8
2025-07-01 15:00:00+00:00,36.87,36.99,36.32,36.47,465497.66
2025-07-01 16:00:00+00:00,36.47,36.65,36.4,36.47,87747.79
2025-07-01 17:00:00+00:00,36.47,36.63,36.38,36.57,149473.01
2025-07-01 18:00:00+00:00,36.57,36.73,36.5,36.55,176099.27
2025-07-01 19:00:00+00:00,36.55,36.78,36.47,36.5,106090.24
2025-07-01 20:00:00+00:00,36.5,36.84,36.44,36.78,108161.8
2025-07-01 21:00:00+00:00,36.78,37.02,36.68,36.93,110824.92
2025-07-01 22:00:00+00:00,36.93,36.99,36.69,36.7,59411.36
2025-07-01 23:00:00+00:00,36.7,36.89,36.64,36.84,81841.03
2025-07-02 00:00:00+00:00,36.84,36.95,36.76,36.86,54782.54
2025-07-02 01:00:00+00:00,36.86,37.03,36.65,36.79,103323.66
2025-07-02 02:00:00+00:00,36.79,36.85,36.71,36.77,50270.68
2025-07-02 03:00:00+00:00,36.77,37.03,36.75,36.89,55677.84
2025-07-02 04:00:00+00:00,36.89,37.2,36.84,37.14,138059.47
2025-07-02 05:00:00+00:00,37.14,37.26,36.95,37.12,159430.91
2025-07-02 06:00:00+00:00,37.12,37.36,37.0,37.31,102302.51
2025-07-02 07:00:00+00:00,37.31,37.41,37.06,37.17,89148.58
2025-07-02 08:00:00+00:00,37.17,37.32,37.09,37.13,124880.94
2025-07-02 09:00:00+00:00,37.13,37.29,37.05,37.21,82337.99
2025-07-02 10:00:00+00:00,37.21,37.43,37.15,37.41,74335.32
2025-07-02 11:00:00+00:00,37.41,37.46,37.21,37.31,93481.02
2025-07-02 12:00:00+00:00,37.31,37.37,37.09,37.18,159890.78
2025-07-02 13:00:00+00:00,37.18,37.57,37.17,37.52,183582.58
2025-07-02 14:00:00+00:00,37.52,37.74,37.44,37.69,138400.77
2025-07-02 15:00:00+00:00,37.69,38.07,37.53,37.95,232753.37
2025-07-02 16:00:00+00:00,37.95,38.68,37.89,38.55,424859.47
2025-07-02 17:00:00+00:00,38.55,38.65,38.25,38.53,390413.07
2025-07-02 18:00:00+00:00,38.53,38.6,38.44,38.53,173108.67
2025-07-02 19:00:00+00:00,38.53,38.63,38.44,38.6,180633.93
2025-07-02 20:00:00+00:00,38.6,38.62,38.38,38.52,178615.82
2025-07-02 21:00:00+00:00,38.52,38.6,38.43,38.57,108320.0
2025-07-02 22:00:00+00:00,38.57,38.95,38.54,38.9,144069.01
2025-07-02 23:00:00+00:00,38.9,38.93,38.62,38.8,150186.51
2025-07-03 00:00:00+00:00,38.8,38.89,38.45,38.51,179310.74
2025-07-03 01:00:00+00:00,38.51,38.8,38.47,38.74,117596.16
2025-07-03 02:00:00+00:00,38.74,38.77,38.42,38.6,113500.83
2025-07-03 03:00:00+00:00,38.6,38.69,38.37,38.44,88342.34
2025-07-03 04:00:00+00:00,38.44,38.69,38.41,38.65,211903.61
2025-07-03 05:00:00+00:00,38.65,38.9,38.56,38.84,264698.95
2025-07-03 06:00:00+00:00,38.84,39.14,38.75,39.05,250764.12
2025-07-03 07:00:00+00:00,39.05,39.6,39.0,39.37,199460.5
2025-07-03 08:00:00+00:00,39.37,39.44,39.03,39.13,180218.98
2025-07-03 09:00:00+00:00,39.13,39.36,39.02,39.29,117930.22
2025-07-03 10:00:00+00:00,39.29,39.31,38.78,38.9,200211.48
2025-07-03 11:00:00+00:00,38.9,39.15,38.68,39.04,204162.73
2025-07-03 12:00:00+00:00,39.04,39.49,39.02,39.39,353822.28
2025-07-03 13:00:00+00:00,39.39,39.78,39.29,39.69,383610.73
2025-07-03 14:00:00+00:00,39.69,39.79,39.45,39.6,432591.08
2025-07-03 15:00:00+00:00,39.6,39.77,39.31,39.45,398584.23
2025-07-03 16:00:00+00:00,39.45,39.53,39.14,39.48,201271.61
2025-07-03 17:00:00+00:00,39.48,39.79,39.38,39.72,181865.89
2025-07-03 18:00:00+00:00,39.72,39.94,39.55,39.58,175212.77
2025-07-03 19:00:00+00:00,39.58,40.08,39.56,39.92,219235.14
2025-07-03 20:00:00+00:00,39.92,40.18,39.82,40.0,346305.53
2025-07-03 21:00:00+00:00,40.0,40.1,39.39,39.86,413328.72
2025-07-03 22:00:00+00:00,39.86,40.22,39.75,40.18,294753.31
2025-07-03 23:00:00+00:00,40.18,40.77,40.08,40.71,306759.55
2025-07-04 00:00:00+00:00,40.71,40.89,40.43,40.76,146333.49
2025-07-04 01:00:00+00:00,40.76,41.32,40.61,41.18,189545.96
2025-07-04 02:00:00+00:00,41.18,41.22,40.46,40.53,147044.24
2025-07-04 03:00:00+00:00,40.53,41.09,40.48,40.79,176557.21
2025-07-04 04:00:00+00:00,40.79,41.1,40.53,40.63,125584.1
2025-07-04 05:00:00+00:00,40.63,40.72,40.37,40.55,182586.24
2025-07-04 06:00:00+00:00,40.55,40.57,40.24,40.32,144420.45
2025-07-04 07:00:00+00:00,40.32,40.52,40.02,40.11,485504.34
2025-07-04 08:00:00+00:00,40.11,41.05,39.86,41.03,441307.13
2025-07-04 09:00:00+00:00,41.03,41.45,40.82,41.35,491693.46
2025-07-04 10:00:00+00:00,41.35,41.52,40.98,41.47,288906.5
2025-07-04 11:00:00+00:00,41.47,41.86,41.26,41.74,468561.59
2025-07-04 12:00:00+00:00,41.74,41.92,40.89,40.89,563336.35
2025-07-04 13:00:00+00:00,40.89,41.11,40.43,40.47,368973.69
2025-07-04 14:00:00+00:00,40.47,40.59,39.82,40.2,332402.66
2025-07-04 15:00:00+00:00,40.2,40.28,39.46,39.53,279430.25
2025-07-04 16:00:00+00:00,39.53,39.57,39.08,39.45,339995.35
2025-07-04 17:00:00+00:00,39.45,39.81,39.28,39.77,301964.66
2025-07-04 18:00:00+00:00,39.77,39.77,39.39,39.5,357319.47
2025-07-04 19:00:00+00:00,39.5,39.59,39.28,39.42,100919.84
2025-07-04 20:00:00+00:00,39.42,39.92,39.38,39.77,50941.79
2025-07-04 21:00:00+00:00,39.77,40.11,39.73,40.1,61088.78
2025-07-04 22:00:00+00:00,40.1,40.21,39.96,40.06,82932.19
2025-07-04 23:00:00+00:00,40.06,40.12,39.84,40.01,89544.91
2025-07-05 00:00:00+00:00,40.01,40.52,40.0,40.38,110232.08
2025-07-05 01:00:00+00:00,40.38,40.4,39.86,39.92,111026.97
2025-07-05 02:00:00+00:00,39.92,39.95,39.61,39.89,49840.36
2025-07-05 03:00:00+00:00,39.89,40.0,39.72,39.78,37895.69
2025-07-05 04:00:00+00:00,39.78,39.79,39.55,39.56,45190.16
2025-07-05 05:00:00+00:00,39.56,39.65,39.43,39.59,49751.79
2025-07-05 06:00:00+00:00,39.59,39.99,39.54,39.82,84611.49
2025-07-05 07:00:00+00:00,39.82,39.86,39.62,39.77,93147.06
2025-07-05 08:00:00+00:00,39.77,39.82,39.52,39.61,35399.59
2025-07-05 09:00:00+00:00,39.61,39.61,39.42,39.54,53917.0
2025-07-05 10:00:00+00:00,39.54,39.63,39.39,39.42,37951.2
2025-07-05 11:00:00+00:00,39.42,39.88,39.39,39.69,177531.25
2025-07-05 12:00:00+00:00,39.69,39.7,39.5,39.52,87364.19
2025-07-05 13:00:00+00:00,39.52,39.59,39.19,39.24,92482.38
2025-07-05 14:00:00+00:00,39.24,39.29,39.07,39.24,90307.59
2025-07-05 15:00:00+00:00,39.24,39.37,39.07,39.18,62854.69
2025-07-05 16:00:00+00:00,39.18,39.42,38.84,38.97,220367.17
2025-07-05 17:00:00+00:00,38.97,39.11,38.57,38.61,151388.78
2025-07-05 18:00:00+00:00,38.61,38.69,38.47,38.54,69864.75
2025-07-05 19:00:00+00:00,38.54,38.98,38.53,38.95,61358.05
2025-07-05 20:00:00+00:00,38.95,39.0,38.82,38.94,63081.28
2025-07-05 21:00:00+00:00,38.94,39.08,38.88,39.05,31355.79
2025-07-05 22:00:00+00:00,39.05,39.26,38.89,39.24,79503.35
2025-07-05 23:00:00+00:00,39.24,39.33,39.1,39.15,21753.65
2025-07-06 00:00:00+00:00,39.15,39.15,38.64,38.74,112083.62
2025-07-06 01:00:00+00:00,38.74,38.78,38.53,38.57,51994.79
2025-07-06 02:00:00+00:00,38.57,38.76,38.48,38.48,77886.43
2025-07-06 03:00:00+00:00,38.48,38.57,38.32,38.44,73513.97
2025-07-06 04:00:00+00:00,38.44,38.55,38.03,38.16,115386.44
2025-07-06 05:00:00+00:00,38.16,38.2,38.05,38.1,21209.71
2025-07-06 06:00:00+00:00,38.1,38.36,38.09,38.34,47084.07
2025-07-06 07:00:00+00:00,38.34,38.46,38.15,38.19,120424.41
2025-07-06 08:00:00+00:00,38.19,38.23,37.92,38.03,113780.68
2025-07-06 09:00:00+00:00,38.03,38.15,37.86,37.87,103313.2
2025-07-06 10:00:00+00:00,37.87,38.16,37.85,38.09,73146.25
2025-07-06 11:00:00+00:00,38.09,38.11,37.67,37.83,285290.2
2025-07-06 12:00:00+00:00,37.83,38.27,37.8,38.2,174025.75
2025-07-06 13:00:00+00:00,38.2,38.94,38.14,38.77,260608.29
2025-07-06 14:00:00+00:00,38.77,38.89,38.46,38.78,170257.72
2025-07-06 15:00:00+00:00,38.78,38.81,38.49,38.67,89553.59
2025-07-06 16:00:00+00:00,38.67,39.18,38.64,39.14,210475.2
2025-07-06 17:00:00+00:00,39.14,39.34,39.01,39.29,125616.96
2025-07-06 18:00:00+00:00,39.29,39.34,38.97,39.19,80457.33
2025-07-06 19:00:00+00:00,39.19,39.27,38.87,38.99,53687.19
2025-07-06 20:00:00+00:00,38.99,39.37,38.98,39.31,64033.83
2025-07-06 21:00:00+00:00,39.31,39.9,39.25,39.86,137447.42
2025-07-06 22:00:00+00:00,39.86,39.96,39.48,39.51,111373.11
2025-07-06 23:00:00+00:00,39.51,39.56,39.19,39.28,91190.05
2025-07-07 00:00:00+00:00,39.28,39.33,39.1,39.14,89180.02
2025-07-07 01:00:00+00:00,39.14,39.3,39.03,39.22,51340.77
2025-07-07 02:00:00+00:00,39.22,39.66,39.21,39.43,94006.97
2025-07-07 03:00:00+00:00,39.43,39.61,39.23,39.24,50125.23
2025-07-07 04:00:00+00:00,39.24,39.58,39.17,39.18,135771.18
2025-07-07 05:00:00+00:00,39.18,39.24,38.98,39.07,44645.06
2025-07-07 06:00:00+00:00,39.07,39.11,38.85,38.87,42786.26
2025-07-07 07:00:00+00:00,38.87,39.06,38.68,38.84,234226.47
2025-07-07 08:00:00+00:00,38.84,39.03,38.75,38.96,95087.13
2025-07-07 09:00:00+00:00,38.96,38.98,38.47,38.59,130590.62
2025-07-07 10:00:00+00:00,38.59,38.59,38.39,38.44,58764.48
2025-07-07 11:00:00+00:00,38.44,38.64,38.43,38.5,160398.19
2025-07-07 12:00:00+00:00,38.5,38.65,38.38,38.44,120078.2
2025-07-07 13:00:00+00:00,38.44,38.57,38.24,38.56,200451.0
2025-07-07 14:00:00+00:00,38.56,38.67,38.08,38.17,186148.07
2025-07-07 15:00:00+00:00,38.17,38.84,38.16,38.64,373822.49
2025-07-07 16:00:00+00:00,38.64,38.71,38.07,38.5,312206.94
2025-07-07 17:00:00+00:00,38.5,38.67,38.3,38.46,184669.19
2025-07-07 18:00:00+00:00,38.46,38.52,38.1,38.37,191970.84
2025-07-07 19:00:00+00:00,38.37,38.58,38.34,38.42,51083.61
2025-07-07 20:00:00+00:00,38.42,38.72,38.13,38.51,116977.09
2025-07-07 21:00:00+00:00,38.51,38.67,38.35,38.67,89973.62
2025-07-07 22:00:00+00:00,38.67,38.68,38.4,38.43,53808.34
2025-07-07 23:00:00+00:00,38.43,38.74,38.37,38.72,38008.19
2025-07-08 00:00:00+00:00,38.72,38.82,38.43,38.55,80728.65
2025-07-08 01:00:00+00:00,38.55,38.55,38.3,38.35,72295.47
2025-07-08 02:00:00+00:00,38.35,38.56,38.21,38.41,138786.76
2025-07-08 03:00:00+00:00,38.41,38.48,38.37,38.45,35261.52
2025-07-08 04:00:00+00:00,38.45,38.49,38.26,38.46,52478.89
2025-07-08 05:00:00+00:00,38.46,38.57,38.38,38.51,36903.41
2025-07-08 06:00:00+00:00,38.51,38.59,38.43,38.48,57906.06
2025-07-08 07:00:00+00:00,38.48,38.72,38.39,38.65,55019.7
2025-07-08 08:00:00+00:00,38.65,38.78,38.47,38.64,96267.1
2025-07-08 09:00:00+00:00,38.64,38.81,38.56,38.67,54424.62
2025-07-08 10:00:00+00:00,38.67,38.84,38.61,38.8,63309.22
2025-07-08 11:00:00+00:00,38.8,39.47,38.78,39.47,161280.5
2025-07-08 12:00:00+00:00,39.47,40.13,39.3,40.04,402740.0
2025-07-08 13:00:00+00:00,40.04,40.59,39.81,40.38,384102.06
2025-07-08 14:00:00+00:00,40.38,41.22,40.35,41.01,591837.32
2025-07-08 15:00:00+00:00,41.01,41.36,40.51,40.79,567565.74
2025-07-08 16:00:00+00:00,40.79,42.57,40.72,42.12,1199966.04
2025-07-08 17:00:00+00:00,42.12,42.48,42.03,42.29,224192.77
2025-07-08 18:00:00+00:00,42.29,42.46,41.96,42.34,446571.3
2025-07-08 19:00:00+00:00,42.34,42.6,42.17,42.58,320131.96
2025-07-08 20:00:00+00:00,42.58,42.72,42.0,42.26,273442.15
2025-07-08 21:00:00+00:00,42.26,42.49,42.21,42.36,181274.68
2025-07-08 22:00:00+00:00,42.36,42.74,42.03,42.73,146056.93
2025-07-08 23:00:00+00:00,42.73,43.65,42.65,43.63,342692.68
2025-07-09 00:00:00+00:00,43.63,44.71,43.33,44.44,626309.51
2025-07-09 01:00:00+00:00,44.44,44.67,43.3,43.81,556461.44
2025-07-09 02:00:00+00:00,43.81,45.79,41.03,41.05,2759694.81
2025-07-09 03:00:00+00:00,41.05,41.21,40.04,40.38,490696.48
2025-07-09 04:00:00+00:00,40.38,40.58,39.77,40.25,482867.82
2025-07-09 05:00:00+00:00,40.25,40.46,39.84,40.22,363059.89
2025-07-09 06:00:00+00:00,40.22,40.25,39.87,40.13,257134.57
2025-07-09 07:00:00+00:00,40.13,40.58,40.03,40.44,163945.35
2025-07-09 08:00:00+00:00,40.44,40.62,40.11,40.38,265354.12
2025-07-09 09:00:00+00:00,40.38,40.43,40.17,40.34,144139.62
2025-07-09 10:00:00+00:00,40.34,40.4,39.59,39.64,411454.2
2025-07-09 11:00:00+00:00,39.64,39.99,39.56,39.79,326252.71
2025-07-09 12:00:00+00:00,39.79,40.33,39.79,40.12,472617.69
2025-07-09 13:00:00+00:00,40.12,40.26,39.85,40.15,366666.35
2025-07-09 14:00:00+00:00,40.15,40.26,38.95,39.2,699952.35
2025-07-09 15:00:00+00:00,39.2,39.37,38.99,39.01,417513.16
2025-07-09 16:00:00+00:00,39.01,39.37,38.97,39.11,485522.47
2025-07-09 17:00:00+00:00,39.11,39.12,38.9,38.96,377651.71
2025-07-09 18:00:00+00:00,38.96,39.33,38.8,39.05,486536.78
2025-07-09 19:00:00+00:00,39.05,40.07,38.99,39.9,562647.61
2025-07-09 20:00:00+00:00,39.9,40.02,39.71,39.82,612574.12
2025-07-09 21:00:00+00:00,39.82,40.09,39.77,39.93,410197.57
2025-07-09 22:00:00+00:00,39.93,40.6,39.93,40.59,305137.67
2025-07-09 23:00:00+00:00,40.59,41.12,40.58,40.97,582827.09
2025-07-10 00:00:00+00:00,40.97,41.22,40.64,40.89,331762.17
2025-07-10 01:00:00+00:00,40.89,41.42,40.89,41.41,175025.04
2025-07-10 02:00:00+00:00,41.41,41.53,41.11,41.14,173815.46
2025-07-10 03:00:00+00:00,41.14,41.43,40.71,40.85,189892.72
2025-07-10 04:00:00+00:00,40.85,41.18,40.22,41.07,548481.04
2025-07-10 05:00:00+00:00,41.07,41.11,40.44,40.46,328504.78
2025-07-10 06:00:00+00:00,40.46,40.75,40.32,40.71,245762.49
2025-07-10 07:00:00+00:00,40.71,40.93,40.6,40.64,187664.8
2025-07-10 08:00:00+00:00,40.64,40.64,40.38,40.49,192282.36
2025-07-10 09:00:00+00:00,40.49,40.56,40.23,40.31,175581.21
2025-07-10 10:00:00+00:00,40.31,40.59,40.12,40.58,217947.85
2025-07-10 11:00:00+00:00,40.58,40.58,40.38,40.53,95175.16
2025-07-10 12:00:00+00:00,40.53,40.53,40.16,40.36,171844.12
2025-07-10 13:00:00+00:00,40.36,40.6,40.34,40.43,205461.13
2025-07-10 14:00:00+00:00,40.43,40.84,40.19,40.5,333004.55
2025-07-10 15:00:00+00:00,40.5,40.54,40.16,40.3,126368.02
2025-07-10 16:00:00+00:00,40.3,41.12,40.28,41.1,271502.6
2025-07-10 17:00:00+00:00,41.1,41.5,40.94,41.47,300560.09
2025-07-10 18:00:00+00:00,41.47,41.71,41.2,41.23,500965.46
2025-07-10 19:00:00+00:00,41.23,41.72,41.11,41.15,274842.74
2025-07-10 20:00:00+00:00,41.15,41.69,41.12,41.62,165952.79
2025-07-10 21:00:00+00:00,41.62,42.55,41.59,42.23,467429.48
2025-07-10 22:00:00+00:00,42.23,42.34,41.94,42.29,246343.2
2025-07-10 23:00:00+00:00,42.29,42.36,41.75,42.0,233836.97
2025-07-11 00:00:00+00:00,42.0,42.15,41.29,41.7,372066.26
2025-07-11 01:00:00+00:00,41.7,42.22,41.66,42.19,281446.53
2025-07-11 02:00:00+00:00,42.19,42.41,42.1,42.37,208781.4
2025-07-11 03:00:00+00:00,42.37,43.05,42.36,42.74,529893.01
2025-07-11 04:00:00+00:00,42.74,42.93,42.42,42.88,175864.54
2025-07-11 05:00:00+00:00,42.88,43.7,42.8,43.35,407412.31
2025-07-11 06:00:00+00:00,43.35,43.56,42.36,42.43,501757.68
2025-07-11 07:00:00+00:00,42.43,42.78,42.2,42.58,228903.36
2025-07-11 08:00:00+00:00,42.58,42.98,42.56,42.98,140356.8
2025-07-11 09:00:00+00:00,42.98,43.3,42.87,43.13,247764.74
2025-07-11 10:00:00+00:00,43.13,43.22,42.96,42.98,183027.92
2025-07-11 11:00:00+00:00,42.98,43.16,42.61,42.65,401366.23
2025-07-11 12:00:00+00:00,42.65,43.04,42.63,43.03,228809.14
2025-07-11 13:00:00+00:00,43.03,43.25,42.24,42.65,359214.84
2025-07-11 14:00:00+00:00,42.65,43.19,42.54,43.1,364625.25
2025-07-11 15:00:00+00:00,43.1,43.74,42.38,42.51,436177.72
2025-07-11 16:00:00+00:00,42.51,43.0,42.25,42.98,277385.26
2025-07-11 17:00:00+00:00,42.98,43.8,42.9,43.49,301816.47
2025-07-11 18:00:00+00:00,43.49,43.77,43.29,43.45,201046.92
2025-07-11 19:00:00+00:00,43.45,43.65,42.8,43.56,367753.78
2025-07-11 20:00:00+00:00,43.56,43.68,42.96,42.99,196705.56
2025-07-11 21:00:00+00:00,42.99,43.07,42.35,42.51,181407.33
2025-07-11 22:00:00+00:00,42.51,42.62,41.28,41.61,364625.2
2025-07-11 23:00:00+00:00,41.61,42.01,41.57,41.99,100177.7
2025-07-12 00:00:00+00:00,41.99,42.54,41.63,42.49,312918.23
2025-07-12 01:00:00+00:00,42.49,42.95,42.24,42.73,175839.36
2025-07-12 02:00:00+00:00,42.73,42.95,42.5,42.57,112081.67
2025-07-12 03:00:00+00:00,42.57,42.83,42.48,42.62,94187.36
2025-07-12 04:00:00+00:00,42.62,42.75,42.02,42.05,129313.61
2025-07-12 05:00:00+00:00,42.05,42.13,41.72,41.96,134231.53
2025-07-12 06:00:00+00:00,41.96,42.62,41.96,42.47,106937.53
2025-07-12 07:00:00+00:00,42.47,42.85,42.28,42.33,274768.64
2025-07-12 08:00:00+00:00,42.33,42.75,42.09,42.28,180272.4
2025-07-12 09:00:00+00:00,42.28,42.61,42.18,42.46,120081.17
2025-07-12 10:00:00+00:00,42.46,42.74,42.3,42.5,86603.48
2025-07-12 11:00:00+00:00,42.5,42.56,42.2,42.23,92224.75
2025-07-12 12:00:00+00:00,42.23,42.4,41.33,41.58,289742.69
2025-07-12 13:00:00+00:00,41.58,41.99,41.31,41.9,272102.54
2025-07-12 14:00:00+00:00,41.9,42.2,41.6,41.61,203067.48
2025-07-12 15:00:00+00:00,41.61,41.67,40.42,40.7,514882.09
2025-07-12 16:00:00+00:00,40.7,41.29,40.57,40.98,231473.42
2025-07-12 17:00:00+00:00,40.98,41.55,40.91,41.48,84646.25
2025-07-12 18:00:00+00:00,41.48,42.05,41.39,41.93,194805.38
2025-07-12 19:00:00+00:00,41.93,42.16,41.86,42.06,166328.88
2025-07-12 20:00:00+00:00,42.06,42.09,41.3,41.3,152905.69
2025-07-12 21:00:00+00:00,41.3,42.45,41.28,42.4,214846.76
2025-07-12 22:00:00+00:00,42.4,42.56,42.17,42.29,116832.59
2025-07-12 23:00:00+00:00,42.29,42.33,42.04,42.22,57818.96
2025-07-13 00:00:00+00:00,42.22,42.7,42.22,42.47,122318.74
2025-07-13 01:00:00+00:00,42.47,42.53,42.08,42.19,115304.32
2025-07-13 02:00:00+00:00,42.19,42.22,41.78,42.02,82357.73
2025-07-13 03:00:00+00:00,42.02,42.11,41.82,41.85,55203.86
2025-07-13 04:00:00+00:00,41.85,42.82,41.85,42.72,234391.82
2025-07-13 05:00:00+00:00,42.72,42.76,42.29,42.3,189475.52
2025-07-13 06:00:00+00:00,42.3,43.06,42.3,42.53,246837.2
2025-07-13 07:00:00+00:00,42.53,43.15,42.46,43.02,156432.53
2025-07-13 08:00:00+00:00,43.02,43.06,42.58,42.8,73843.27
2025-07-13 09:00:00+00:00,42.8,42.85,42.4,42.49,131229.31
2025-07-13 10:00:00+00:00,42.49,42.7,42.28,42.36,127766.22
2025-07-13 11:00:00+00:00,42.36,42.69,42.33,42.66,80210.86
2025-07-13 12:00:00+00:00,42.66,42.99,42.52,42.89,98780.13
2025-07-13 13:00:00+00:00,42.89,43.38,42.4,43.3,367147.85
2025-07-13 14:00:00+00:00,43.3,43.45,42.78,43.18,340462.22
2025-07-13 15:00:00+00:00,43.18,43.73,43.13,43.32,247162.24
2025-07-13 16:00:00+00:00,43.32,43.74,43.02,43.02,213699.79
2025-07-13 17:00:00+00:00,43.02,43.32,42.87,42.92,165026.02
2025-07-13 18:00:00+00:00,42.92,43.05,42.8,42.96,172725.06
2025-07-13 19:00:00+00:00,42.96,42.96,42.71,42.73,141973.06
2025-07-13 20:00:00+00:00,42.73,43.11,42.6,42.89,85205.13
2025-07-13 21:00:00+00:00,42.89,42.92,42.09,42.26,161185.97
2025-07-13 22:00:00+00:00,42.26,42.36,41.89,42.21,198361.41
2025-07-13 23:00:00+00:00,42.21,42.4,42.03,42.32,108760.28
2025-07-14 00:00:00+00:00,42.32,42.58,42.15,42.31,123258.44
2025-07-14 01:00:00+00:00,42.31,42.68,42.22,42.68,75986.11
2025-07-14 02:00:00+00:00,42.68,43.45,42.6,43.22,352218.68
2025-07-14 03:00:00+00:00,43.22,43.9,43.22,43.77,243798.65
2025-07-14 04:00:00+00:00,43.77,43.93,43.54,43.92,395739.05
2025-07-14 05:00:00+00:00,43.92,44.13,43.28,43.57,412171.58
2025-07-14 06:00:00+00:00,43.57,43.61,43.24,43.37,233131.23
2025-07-14 07:00:00+00:00,43.37,44.28,43.35,44.11,374748.85
2025-07-14 08:00:00+00:00,44.11,44.29,43.57,44.27,214132.53
2025-07-14 09:00:00+00:00,44.27,44.45,43.89,44.03,305323.0
2025-07-14 10:00:00+00:00,44.03,44.47,43.67,44.18,229539.25
2025-07-14 11:00:00+00:00,44.18,44.37,43.87,43.95,154602.72
2025-07-14 12:00:00+00:00,43.95,44.05,43.66,43.94,135544.28
2025-07-14 13:00:00+00:00,43.94,44.17,43.72,43.94,172631.21
2025-07-14 14:00:00+00:00,43.94,44.49,43.62,43.94,334026.08
2025-07-14 15:00:00+00:00,43.94,44.08,43.5,43.77,216244.49
2025-07-14 16:00:00+00:00,43.77,44.03,43.48,43.96,97564.89
2025-07-14 17:00:00+00:00,43.96,44.01,43.35,43.54,104167.11
2025-07-14 18:00:00+00:00,43.54,43.59,42.86,42.9,156354.96
2025-07-14 19:00:00+00:00,42.9,43.03,42.64,42.77,113193.17
2025-07-14 20:00:00+00:00,42.77,43.37,42.49,43.3,136985.09
2025-07-14 21:00:00+00:00,43.3,43.5,43.0,43.4,199142.25
2025-07-14 22:00:00+00:00,43.4,43.5,43.33,43.36,97432.83
2025-07-14 23:00:00+00:00,43.36,43.37,42.99,43.12,106838.29
2025-07-15 00:00:00+00:00,43.12,43.31,42.59,42.69,137680.31
2025-07-15 01:00:00+00:00,42.69,42.91,42.42,42.55,208735.61
2025-07-15 02:00:00+00:00,42.55,42.91,42.29,42.64,324774.48
2025-07-15 03:00:00+00:00,42.64,42.65,41.78,41.93,372138.94
2025-07-15 04:00:00+00:00,41.93,42.22,41.39,42.08,140147.41
2025-07-15 05:00:00+00:00,42.08,42.2,41.81,41.97,126256.65
2025-07-15 06:00:00+00:00,41.97,42.22,41.74,42.03,215699.08
2025-07-15 07:00:00+00:00,42.03,42.18,41.74,41.91,116069.45
2025-07-15 08:00:00+00:00,41.91,42.1,41.73,41.93,80638.45
2025-07-15 09:00:00+00:00,41.93,42.33,41.9,41.92,117807.4
2025-07-15 10:00:00+00:00,41.92,42.15,41.88,42.09,43718.94
2025-07-15 11:00:00+00:00,42.09,42.35,41.76,42.09,58332.8
2025-07-15 12:00:00+00:00,42.09,42.61,41.62,42.2,120167.59
2025-07-15 13:00:00+00:00,42.2,42.75,42.18,42.68,180688.81
2025-07-15 14:00:00+00:00,42.68,43.1,41.78,41.98,206552.42
2025-07-15 15:00:00+00:00,41.98,42.47,41.8,42.24,438006.24
2025-07-15 16:00:00+00:00,42.24,42.78,42.23,42.61,148186.37
2025-07-15 17:00:00+00:00,42.61,43.22,42.59,43.15,121812.36
2025-07-15 18:00:00+00:00,43.15,43.28,42.74,42.98,293748.12
2025-07-15 19:00:00+00:00,42.98,43.17,42.45,42.48,171262.86
2025-07-15 20:00:00+00:00,42.48,42.96,42.38,42.94,69939.96
2025-07-15 21:00:00+00:00,42.94,43.28,42.88,43.21,47248.6
2025-07-15 22:00:00+00:00,43.21,43.33,43.07,43.33,79715.08
2025-07-15 23:00:00+00:00,43.33,43.74,43.33,43.52,147367.4
2025-07-16 00:00:00+00:00,43.52,43.9,43.39,43.85,155613.45
2025-07-16 01:00:00+00:00,43.85,43.89,43.62,43.69,57182.67
2025-07-16 02:00:00+00:00,43.69,43.73,42.96,43.33,160540.94
2025-07-16 03:00:00+00:00,43.33,43.65,43.26,43.59,119691.87
2025-07-16 04:00:00+00:00,43.59,43.65,43.24,43.61,65877.25
2025-07-16 05:00:00+00:00,43.61,43.9,43.46,43.78,253240.83
2025-07-16 06:00:00+00:00,43.78,44.32,43.77,44.29,181857.73
2025-07-16 07:00:00+00:00,44.29,44.39,44.13,44.28,96735.39
2025-07-16 08:00:00+00:00,44.28,44.39,44.02,44.26,149891.96
2025-07-16 09:00:00+00:00,44.26,44.35,43.97,44.15,87703.92
2025-07-16 10:00:00+00:00,44.15,44.27,43.9,44.07,117515.47
2025-07-16 11:00:00+00:00,44.07,44.18,43.9,43.98,104435.84
2025-07-16 12:00:00+00:00,43.98,44.23,43.83,43.97,89235.59
2025-07-16 13:00:00+00:00,43.97,44.12,43.83,44.09,123326.3
2025-07-16 14:00:00+00:00,44.09,44.5,43.8,44.39,182194.46
2025-07-16 15:00:00+00:00,44.39,44.66,44.0,44.26,528446.81
2025-07-16 16:00:00+00:00,44.26,44.7,44.11,44.6,155128.3
2025-07-16 17:00:00+00:00,44.6,44.66,44.26,44.42,226797.22
2025-07-16 18:00:00+00:00,44.42,44.61,44.29,44.33,132479.84
2025-07-16 19:00:00+00:00,44.33,44.4,43.81,44.02,105261.93
2025-07-16 20:00:00+00:00,44.02,44.37,43.89,44.12,144780.47
2025-07-16 21:00:00+00:00,44.12,44.56,44.05,44.24,140522.5
2025-07-16 22:00:00+00:00,44.24,44.46,43.76,43.91,136637.86
2025-07-16 23:00:00+00:00,43.91,44.28,43.73,44.15,154843.8
2025-07-17 00:00:00+00:00,44.15,44.38,43.88,43.98,133731.79
2025-07-17 01:00:00+00:00,43.98,44.33,43.57,43.88,289079.79
2025-07-17 02:00:00+00:00,43.88,44.2,43.83,44.1,75266.67
2025-07-17 03:00:00+00:00,44.1,44.14,43.53,43.68,162461.97
2025-07-17 04:00:00+00:00,43.68,43.91,43.3,43.91,116273.34
2025-07-17 05:00:00+00:00,43.91,44.22,43.7,44.21,108374.87
2025-07-17 06:00:00+00:00,44.21,44.35,43.87,44.18,147152.97
2025-07-17 07:00:00+00:00,44.18,44.29,43.89,44.17,180035.54
2025-07-17 08:00:00+00:00,44.17,44.4,44.14,44.36,127858.62
2025-07-17 09:00:00+00:00,44.36,44.77,44.3,44.71,148595.79
2025-07-17 10:00:00+00:00,44.71,44.74,44.15,44.36,130389.51
2025-07-17 11:00:00+00:00,44.36,44.51,43.98,44.0,114729.8
2025-07-17 12:00:00+00:00,44.0,44.59,43.78,44.48,232778.46
2025-07-17 13:00:00+00:00,44.48,44.51,43.85,44.39,339287.65
2025-07-17 14:00:00+00:00,44.39,44.68,44.23,44.48,132786.63
2025-07-17 15:00:00+00:00,44.48,44.55,43.98,44.39,205097.51
2025-07-17 16:00:00+00:00,44.39,44.44,43.77,44.02,273557.47
2025-07-17 17:00:00+00:00,44.02,44.25,43.91,44.19,179752.42
2025-07-17 18:00:00+00:00,44.19,44.42,44.08,44.39,130254.56
2025-07-17 19:00:00+00:00,44.39,44.63,43.9,44.03,163875.53
2025-07-17 20:00:00+00:00,44.03,44.92,43.87,44.86,355584.48
2025-07-17 21:00:00+00:00,44.86,45.7,44.86,45.55,360574.84
2025-07-17 22:00:00+00:00,45.55,45.93,45.37,45.53,243219.34
2025-07-17 23:00:00+00:00,45.53,45.84,45.34,45.36,316918.54
2025-07-18 00:00:00+00:00,45.36,46.14,45.31,45.98,237128.15
2025-07-18 01:00:00+00:00,45.98,46.15,45.54,45.8,299406.12
2025-07-18 02:00:00+00:00,45.8,45.93,45.53,45.89,204809.76
2025-07-18 03:00:00+00:00,45.89,46.29,45.8,46.26,347265.96
2025-07-18 04:00:00+00:00,46.26,46.64,46.12,46.62,209426.31
2025-07-18 05:00:00+00:00,46.62,46.67,46.42,46.66,315080.79
2025-07-18 06:00:00+00:00,46.66,46.71,46.22,46.42,295341.12
2025-07-18 07:00:00+00:00,46.42,46.58,45.78,45.83,304897.7
2025-07-18 08:00:00+00:00,45.83,46.18,45.49,45.8,341193.38
2025-07-18 09:00:00+00:00,45.8,45.91,45.42,45.88,187151.16
2025-07-18 10:00:00+00:00,45.88,46.06,45.36,45.98,235792.08
2025-07-18 11:00:00+00:00,45.98,46.21,45.64,46.12,214771.21
2025-07-18 12:00:00+00:00,46.12,46.5,46.1,46.41,214500.78
2025-07-18 13:00:00+00:00,46.41,46.51,46.16,46.27,202551.49
2025-07-18 14:00:00+00:00,46.27,46.44,45.36,45.73,353637.57
2025-07-18 15:00:00+00:00,45.73,45.88,44.68,44.93,475231.24
2025-07-18 16:00:00+00:00,44.93,45.33,44.78,45.05,222945.12
2025-07-18 17:00:00+00:00,45.05,45.64,45.01,45.43,171208.86
2025-07-18 18:00:00+00:00,45.43,45.44,44.85,44.89,141484.1
2025-07-18 19:00:00+00:00,44.89,44.99,44.38,44.77,157763.79
2025-07-18 20:00:00+00:00,44.77,44.79,43.86,44.57,287439.49
2025-07-18 21:00:00+00:00,44.57,44.79,44.51,44.7,95599.45
2025-07-18 22:00:00+00:00,44.7,44.74,43.85,43.98,485919.67
2025-07-18 23:00:00+00:00,43.98,44.17,43.61,44.17,149300.82
2025-07-19 00:00:00+00:00,44.17,44.2,43.15,43.33,251351.71
2025-07-19 01:00:00+00:00,43.33,43.66,42.86,43.56,173023.92
2025-07-19 02:00:00+00:00,43.56,43.76,43.35,43.68,99586.61
2025-07-19 03:00:00+00:00,43.68,44.08,43.65,44.06,100565.45
2025-07-19 04:00:00+00:00,44.06,44.39,44.05,44.27,122569.59
2025-07-19 05:00:00+00:00,44.27,44.32,43.96,44.11,68467.17
2025-07-19 06:00:00+00:00,44.11,44.15,43.63,43.69,133204.62
2025-07-19 07:00:00+00:00,43.69,44.0,43.58,43.77,77910.9
2025-07-19 08:00:00+00:00,43.77,43.82,43.5,43.66,101441.31
2025-07-19 09:00:00+00:00,43.66,44.03,43.62,43.95,124033.42
2025-07-19 10:00:00+00:00,43.95,44.13,43.57,43.61,100026.62
2025-07-19 11:00:00+00:00,43.61,43.79,43.21,43.3,139465.75
2025-07-19 12:00:00+00:00,43.3,43.59,43.19,43.55,113583.9
2025-07-19 13:00:00+00:00,43.55,43.62,43.28,43.47,105058.88
2025-07-19 14:00:00+00:00,43.47,43.52,42.84,42.87,171825.81
2025-07-19 15:00:00+00:00,42.87,43.45,42.87,43.26,85009.99
2025-07-19 16:00:00+00:00,43.26,43.57,43.0,43.44,59546.24
2025-07-19 17:00:00+00:00,43.44,43.51,43.21,43.43,66254.16
2025-07-19 18:00:00+00:00,43.43,43.84,43.43,43.72,82159.82
2025-07-19 19:00:00+00:00,43.72,44.47,43.58,44.4,408852.01
2025-07-19 20:00:00+00:00,44.4,45.01,44.34,44.64,283111.3
2025-07-19 21:00:00+00:00,44.64,44.75,44.11,44.43,122106.0
2025-07-19 22:00:00+00:00,44.43,44.52,44.28,44.39,56582.51
2025-07-19 23:00:00+00:00,44.39,44.61,44.33,44.58,48333.66
2025-07-20 00:00:00+00:00,44.58,44.67,44.15,44.31,160472.21
2025-07-20 01:00:00+00:00,44.31,44.64,44.11,44.19,66005.23
2025-07-20 02:00:00+00:00,44.19,44.32,43.96,44.04,139814.66
2025-07-20 03:00:00+00:00,44.04,44.24,43.91,44.0,128775.52
2025-07-20 04:00:00+00:00,44.0,44.15,43.79,44.01,77586.1
2025-07-20 05:00:00+00:00,44.01,44.13,43.85,44.13,42937.15
2025-07-20 06:00:00+00:00,44.13,44.42,44.05,44.23,159357.52
2025-07-20 07:00:00+00:00,44.23,44.3,43.94,44.28,323663.47
2025-07-20 08:00:00+00:00,44.28,44.92,44.27,44.84,323019.23
2025-07-20 09:00:00+00:00,44.84,45.09,44.69,44.84,206571.66
2025-07-20 10:00:00+00:00,44.84,44.96,44.66,44.73,103682.77
2025-07-20 11:00:00+00:00,44.73,45.08,44.61,44.86,178764.37
2025-07-20 12:00:00+00:00,44.86,44.99,44.59,44.94,138931.15
2025-07-20 13:00:00+00:00,44.94,45.22,44.9,45.2,118152.27
2025-07-20 14:00:00+00:00,45.2,45.25,44.61,44.92,216952.3
2025-07-20 15:00:00+00:00,44.92,45.51,44.81,45.37,85424.23
2025-07-20 16:00:00+00:00,45.37,45.79,45.04,45.61,266667.22
2025-07-20 17:00:00+00:00,45.61,45.75,44.95,45.05,351699.42
2025-07-20 18:00:00+00:00,45.05,45.24,44.85,45.14,165800.0
2025-07-20 19:00:00+00:00,45.14,45.23,44.98,45.11,95481.66
2025-07-20 20:00:00+00:00,45.11,45.15,44.66,44.85,210616.68
2025-07-20 21:00:00+00:00,44.85,44.97,44.45,44.95,242063.52
2025-07-20 22:00:00+00:00,44.95,44.96,43.97,44.58,225133.97
2025-07-20 23:00:00+00:00,44.58,44.74,44.28,44.6,92957.79
2025-07-21 00:00:00+00:00,44.6,44.69,44.23,44.65,148203.31
2025-07-21 01:00:00+00:00,44.65,44.65,44.12,44.59,134848.88
2025-07-21 02:00:00+00:00,44.59,44.77,44.55,44.72,62599.76
2025-07-21 03:00:00+00:00,44.72,45.08,44.7,45.05,298468.37
2025-07-21 04:00:00+00:00,45.05,45.15,44.77,45.08,203613.5
2025-07-21 05:00:00+00:00,45.08,45.1,44.76,45.01,104654.67
2025-07-21 06:00:00+00:00,45.01,45.49,45.0,45.38,147530.22
2025-07-21 07:00:00+00:00,45.38,45.54,45.18,45.26,179907.47
2025-07-21 08:00:00+00:00,45.26,45.38,45.0,45.16,131011.52
2025-07-21 09:00:00+00:00,45.16,45.21,44.38,44.78,134823.65
2025-07-21 10:00:00+00:00,44.78,44.85,44.5,44.81,183237.78
2025-07-21 11:00:00+00:00,44.81,45.13,44.8,44.93,140915.31
2025-07-21 12:00:00+00:00,44.93,45.11,44.84,44.96,206566.27
2025-07-21 13:00:00+00:00,44.96,45.16,44.64,45.05,241296.25
2025-07-21 14:00:00+00:00,45.05,45.35,44.83,45.21,269084.27
2025-07-21 15:00:00+00:00,45.21,45.5,44.89,44.92,252070.6
2025-07-21 16:00:00+00:00,44.92,45.0,44.33,44.54,411086.22
2025-07-21 17:00:00+00:00,44.54,44.77,44.31,44.57,192288.56
2025-07-21 18:00:00+00:00,44.57,44.72,44.23,44.27,161764.23
2025-07-21 19:00:00+00:00,44.27,44.59,44.03,44.16,335625.24
2025-07-21 20:00:00+00:00,44.16,44.24,43.86,43.86,187779.19
2025-07-21 21:00:00+00:00,43.86,44.23,43.73,44.07,130738.38
2025-07-21 22:00:00+00:00,44.07,44.43,44.05,44.25,157026.95
2025-07-21 23:00:00+00:00,44.25,44.36,44.14,44.21,61746.1
2025-07-22 00:00:00+00:00,44.21,44.27,43.71,43.74,135243.77
2025-07-22 01:00:00+00:00,43.74,44.01,42.85,43.85,475940.17
2025-07-22 02:00:00+00:00,43.85,44.12,43.44,43.55,405634.77
2025-07-22 03:00:00+00:00,43.55,43.65,42.98,43.17,241995.76
2025-07-22 04:00:00+00:00,43.17,43.27,42.35,42.37,378969.85
2025-07-22 05:00:00+00:00,42.37,42.93,42.34,42.74,253310.14
2025-07-22 06:00:00+00:00,42.74,42.93,42.2,42.49,267990.97
2025-07-22 07:00:00+00:00,42.49,42.99,42.46,42.6,271403.14
2025-07-22 08:00:00+00:00,42.6,42.61,41.9,42.36,338278.23
2025-07-22 09:00:00+00:00,42.36,42.83,42.19,42.67,298986.96
2025-07-22 10:00:00+00:00,42.67,43.02,42.57,42.97,123327.91
2025-07-22 11:00:00+00:00,42.97,42.97,42.72,42.75,174532.34
2025-07-22 12:00:00+00:00,42.75,42.86,42.52,42.57,147579.11
2025-07-22 13:00:00+00:00,42.57,42.77,42.04,42.22,297759.62
2025-07-22 14:00:00+00:00,42.22,42.84,42.04,42.76,515870.24
2025-07-22 15:00:00+00:00,42.76,43.31,42.68,43.02,288495.04
2025-07-22 16:00:00+00:00,43.02,43.19,42.74,42.78,193136.93
2025-07-22 17:00:00+00:00,42.78,42.97,42.54,42.68,168313.95
2025-07-22 18:00:00+00:00,42.68,43.0,42.44,42.87,135245.47
2025-07-22 19:00:00+00:00,42.87,42.99,42.26,42.44,175156.65
2025-07-22 20:00:00+00:00,42.44,43.02,42.33,42.94,226077.18
2025-07-22 21:00:00+00:00,42.94,43.25,42.87,43.25,90155.06
2025-07-22 22:00:00+00:00,43.25,43.58,43.01,43.19,73263.75
2025-07-22 23:00:00+00:00,43.19,43.7,43.19,43.64,104952.65
2025-07-23 00:00:00+00:00,43.64,43.67,43.39,43.44,125482.37
2025-07-23 01:00:00+00:00,43.44,43.67,43.28,43.57,114684.01
2025-07-23 02:00:00+00:00,43.57,43.71,43.31,43.51,283192.07
2025-07-23 03:00:00+00:00,43.51,43.6,43.32,43.37,92911.63
2025-07-23 04:00:00+00:00,43.37,43.54,43.35,43.54,73493.72
2025-07-23 05:00:00+00:00,43.54,43.58,43.4,43.46,65393.01
2025-07-23 06:00:00+00:00,43.46,43.47,43.11,43.18,62388.2
2025-07-23 07:00:00+00:00,43.18,43.34,42.84,42.97,140204.86
2025-07-23 08:00:00+00:00,42.97,43.28,42.85,43.27,107735.55
2025-07-23 09:00:00+00:00,43.27,43.29,42.65,42.67,95762.91
2025-07-23 10:00:00+00:00,42.67,42.71,42.33,42.7,144346.36
2025-07-23 11:00:00+00:00,42.7,42.87,42.49,42.67,124050.47
2025-07-23 12:00:00+00:00,42.67,43.06,42.33,42.51,412030.53
2025-07-23 13:00:00+00:00,42.51,42.75,41.48,41.59,491296.88
2025-07-23 14:00:00+00:00,41.59,41.91,41.47,41.64,254569.47
2025-07-23 15:00:00+00:00,41.64,41.76,41.29,41.64,202075.4
2025-07-23 16:00:00+00:00,41.64,41.64,40.97,40.98,173901.72
2025-07-23 17:00:00+00:00,40.98,41.13,40.43,40.78,368335.78
2025-07-23 18:00:00+00:00,40.78,41.31,40.72,41.25,308163.94
2025-07-23 19:00:00+00:00,41.25,41.5,41.12,41.17,165917.69
2025-07-23 20:00:00+00:00,41.17,41.28,40.53,40.81,259583.46
2025-07-23 21:00:00+00:00,40.81,41.12,40.25,41.02,289891.64
2025-07-23 22:00:00+00:00,41.02,41.16,40.88,41.08,66567.94
2025-07-23 23:00:00+00:00,41.08,41.21,40.9,40.91,87666.52
2025-07-24 00:00:00+00:00,40.91,41.32,40.8,41.3,108187.69
2025-07-24 01:00:00+00:00,41.3,41.33,40.85,41.13,81298.97
2025-07-24 02:00:00+00:00,41.13,41.13,40.85,40.91,85042.12
2025-07-24 03:00:00+00:00,40.91,41.19,40.85,40.92,90255.71
2025-07-24 04:00:00+00:00,40.92,41.09,40.65,40.71,362205.35
2025-07-24 05:00:00+00:00,40.71,40.73,40.14,40.25,410471.74
2025-07-24 06:00:00+00:00,40.25,40.47,39.17,39.41,411133.58
2025-07-24 07:00:00+00:00,39.41,39.67,39.12,39.67,334738.96
2025-07-24 08:00:00+00:00,39.67,40.13,39.47,39.92,135286.61
2025-07-24 09:00:00+00:00,39.92,40.3,39.82,40.0,225726.39
2025-07-24 10:00:00+00:00,40.0,40.57,39.92,40.31,205041.62
2025-07-24 11:00:00+00:00,40.31,40.79,40.24,40.67,122336.31
2025-07-24 12:00:00+00:00,40.67,40.76,40.27,40.42,101471.92
2025-07-24 13:00:00+00:00,40.42,40.58,40.18,40.2,165923.01
2025-07-24 14:00:00+00:00,40.2,40.71,39.93,40.69,197507.4
2025-07-24 15:00:00+00:00,40.69,40.81,40.43,40.75,259857.55
2025-07-24 16:00:00+00:00,40.75,40.97,40.06,40.18,315853.4
2025-07-24 17:00:00+00:00,40.18,40.78,40.14,40.6,216801.83
2025-07-24 18:00:00+00:00,40.6,40.72,40.42,40.53,104395.99
2025-07-24 19:00:00+00:00,40.53,40.63,40.26,40.27,58328.99
2025-07-24 20:00:00+00:00,40.27,40.57,40.23,40.51,154118.49
2025-07-24 21:00:00+00:00,40.51,40.59,40.03,40.14,63656.51
2025-07-24 22:00:00+00:00,40.14,40.32,39.88,40.16,159096.47
2025-07-24 23:00:00+00:00,40.16,40.16,39.78,39.9,155008.04
2025-07-25 00:00:00+00:00,39.9,39.91,39.31,39.51,186149.64
2025-07-25 01:00:00+00:00,39.51,39.91,39.3,39.82,98497.33
2025-07-25 02:00:00+00:00,39.82,39.91,39.23,39.35,353357.23
2025-07-25 03:00:00+00:00,39.35,39.54,38.45,38.84,519031.79
2025-07-25 04:00:00+00:00,38.84,39.12,38.41,38.9,453383.27
2025-07-25 05:00:00+00:00,38.9,39.04,38.69,38.74,165406.55
2025-07-25 06:00:00+00:00,38.74,39.19,38.53,39.02,158865.5
2025-07-25 07:00:00+00:00,39.02,39.28,38.81,39.06,180037.44
2025-07-25 08:00:00+00:00,39.06,39.57,39.04,39.22,319013.95
2025-07-25 09:00:00+00:00,39.22,39.93,39.12,39.87,235700.86
2025-07-25 10:00:00+00:00,39.87,40.12,39.78,40.03,162078.23
2025-07-25 11:00:00+00:00,40.03,40.15,39.92,40.01,123891.78
2025-07-25 12:00:00+00:00,40.01,40.15,39.88,39.93,133553.06
2025-07-25 13:00:00+00:00,39.93,40.02,39.73,39.91,123561.8
2025-07-25 14:00:00+00:00,39.91,39.93,39.34,39.36,156159.48
2025-07-25 15:00:00+00:00,39.36,39.71,39.26,39.48,109356.38
2025-07-25 16:00:00+00:00,39.48,39.83,39.43,39.76,116451.76
2025-07-25 17:00:00+00:00,39.76,39.85,39.64,39.65,71348.07
2025-07-25 18:00:00+00:00,39.65,39.73,39.52,39.62,91254.12
2025-07-25 19:00:00+00:00,39.62,39.65,39.41,39.45,74385.02
2025-07-25 20:00:00+00:00,39.45,39.85,39.44,39.82,146799.06
2025-07-25 21:00:00+00:00,39.82,40.09,39.82,40.05,79395.98
2025-07-25 22:00:00+00:00,40.05,40.13,39.86,39.94,64487.14
2025-07-25 23:00:00+00:00,39.94,40.11,39.91,40.08,66665.47
2025-07-26 00:00:00+00:00,40.08,40.13,39.91,40.05,50519.71
2025-07-26 01:00:00+00:00,40.05,40.1,39.92,39.94,53707.38
2025-07-26 02:00:00+00:00,39.94,40.63,39.9,40.45,92302.55
2025-07-26 03:00:00+00:00,40.45,40.45,40.26,40.36,38809.61
2025-07-26 04:00:00+00:00,40.36,40.43,40.3,40.38,74575.74
2025-07-26 05:00:00+00:00,40.38,40.39,40.07,40.23,44226.68
2025-07-26 06:00:00+00:00,40.23,40.28,40.0,40.12,61086.55
2025-07-26 07:00:00+00:00,40.12,40.22,39.99,40.2,73241.02
2025-07-26 08:00:00+00:00,40.2,40.42,40.15,40.27,131306.32
2025-07-26 09:00:00+00:00,40.27,40.31,40.13,40.26,122375.09
2025-07-26 10:00:00+00:00,40.26,40.36,40.24,40.3,36038.48
2025-07-26 11:00:00+00:00,40.3,40.42,40.18,40.23,79325.76
2025-07-26 12:00:00+00:00,40.23,40.45,40.14,40.41,82866.02
2025-07-26 13:00:00+00:00,40.41,40.62,40.35,40.58,56941.56
2025-07-26 14:00:00+00:00,40.58,41.0,40.5,40.79,254261.93
2025-07-26 15:00:00+00:00,40.79,40.89,40.68,40.88,69499.5
2025-07-26 16:00:00+00:00,40.88,41.04,40.81,40.88,101574.29
2025-07-26 17:00:00+00:00,40.88,40.96,40.82,40.87,41948.11
2025-07-26 18:00:00+00:00,40.87,41.03,40.61,40.97,51223.59
2025-07-26 19:00:00+00:00,40.97,41.09,40.96,41.04,48025.98
2025-07-26 20:00:00+00:00,41.04,41.06,40.69,40.79,24380.09
2025-07-26 21:00:00+00:00,40.79,40.92,40.66,40.92,28791.87
2025-07-26 22:00:00+00:00,40.92,41.09,40.78,40.86,66562.27
2025-07-26 23:00:00+00:00,40.86,40.86,40.67,40.72,43140.97
2025-07-27 00:00:00+00:00,40.72,40.79,40.65,40.71,54912.81
2025-07-27 01:00:00+00:00,40.71,40.9,40.71,40.82,80207.53
2025-07-27 02:00:00+00:00,40.82,41.22,40.78,41.14,76444.86
2025-07-27 03:00:00+00:00,41.14,41.16,40.98,41.02,32695.76
2025-07-27 04:00:00+00:00,41.02,41.2,41.0,41.11,46711.27
2025-07-27 05:00:00+00:00,41.11,41.19,41.01,41.13,72959.04
2025-07-27 06:00:00+00:00,41.13,41.15,40.94,41.11,82128.44
2025-07-27 07:00:00+00:00,41.11,41.25,41.0,41.06,56811.72
2025-07-27 08:00:00+00:00,41.06,41.17,41.01,41.07,55800.95
2025-07-27 09:00:00+00:00,41.07,41.08,40.82,40.82,67176.8
2025-07-27 10:00:00+00:00,40.82,41.29,40.82,41.2,70882.83
2025-07-27 11:00:00+00:00,41.2,41.28,40.98,41.02,92560.22
2025-07-27 12:00:00+00:00,41.02,41.11,40.68,40.87,443172.83
2025-07-27 13:00:00+00:00,40.87,41.2,40.77,40.91,253678.06
2025-07-27 14:00:00+00:00,40.91,41.17,40.81,41.0,162211.68
2025-07-27 15:00:00+00:00,41.0,41.09,40.89,41.09,57954.49
2025-07-27 16:00:00+00:00,41.09,41.35,41.06,41.14,147281.52
2025-07-27 17:00:00+00:00,41.14,41.24,41.02,41.23,55636.8
2025-07-27 18:00:00+00:00,41.23,41.35,41.2,41.27,88595.24
2025-07-27 19:00:00+00:00,41.27,41.28,41.05,41.12,38468.65
2025-07-27 20:00:00+00:00,41.12,41.24,41.08,41.12,29121.88
2025-07-27 21:00:00+00:00,41.12,41.29,41.06,41.26,39656.8
2025-07-27 22:00:00+00:00,41.26,41.38,41.19,41.26,121621.8
2025-07-27 23:00:00+00:00,41.26,41.43,41.19,41.39,111837.31
2025-07-28 00:00:00+00:00,41.39,41.62,41.31,41.4,168228.1
2025-07-28 01:00:00+00:00,41.4,41.66,41.3,41.51,137095.86
2025-07-28 02:00:00+00:00,41.51,41.81,41.35,41.71,106196.54
2025-07-28 03:00:00+00:00,41.71,41.81,41.63,41.75,42658.08
2025-07-28 04:00:00+00:00,41.75,42.25,41.66,42.14,133621.44
2025-07-28 05:00:00+00:00,42.14,42.35,42.09,42.27,94866.04
2025-07-28 06:00:00+00:00,42.27,42.36,42.16,42.28,101185.33
2025-07-28 07:00:00+00:00,42.28,42.41,42.05,42.16,191919.42
2025-07-28 08:00:00+00:00,42.16,42.52,42.08,42.35,261344.72
2025-07-28 09:00:00+00:00,42.35,42.63,41.87,42.26,373733.42
2025-07-28 10:00:00+00:00,42.26,42.34,42.1,42.23,96125.02
2025-07-28 11:00:00+00:00,42.23,42.88,42.04,42.77,338638.18
2025-07-28 12:00:00+00:00,42.77,42.8,42.47,42.51,208100.76
2025-07-28 13:00:00+00:00,42.51,42.65,41.77,41.91,134843.41
2025-07-28 14:00:00+00:00,41.91,42.02,41.26,41.34,218450.47
2025-07-28 15:00:00+00:00,41.34,41.5,41.06,41.32,171645.56
2025-07-28 16:00:00+00:00,41.32,41.47,41.1,41.24,113575.65
2025-07-28 17:00:00+00:00,41.24,41.31,41.04,41.17,93315.74
2025-07-28 18:00:00+00:00,41.17,41.18,40.47,40.59,426207.53
2025-07-28 19:00:00+00:00,40.59,40.85,40.43,40.61,83318.0
2025-07-28 20:00:00+00:00,40.61,40.65,40.09,40.22,96196.91
2025-07-28 21:00:00+00:00,40.22,40.63,40.04,40.17,330366.48
2025-07-28 22:00:00+00:00,40.17,40.25,39.86,40.13,226673.62
2025-07-28 23:00:00+00:00,40.13,40.38,40.05,40.21,235734.29
2025-07-29 00:00:00+00:00,40.21,40.34,39.57,39.73,238793.47
2025-07-29 01:00:00+00:00,39.73,39.97,39.59,39.62,86935.63
2025-07-29 02:00:00+00:00,39.62,39.69,39.33,39.39,195582.28
2025-07-29 03:00:00+00:00,39.39,39.86,39.36,39.85,103802.16
2025-07-29 04:00:00+00:00,39.85,39.93,39.6,39.66,72116.15
2025-07-29 05:00:00+00:00,39.66,40.2,39.59,40.18,114828.38
2025-07-29 06:00:00+00:00,40.18,40.35,40.09,40.31,98812.23
2025-07-29 07:00:00+00:00,40.31,40.59,40.17,40.49,128784.49
2025-07-29 08:00:00+00:00,40.49,41.2,40.3,40.97,276435.08
2025-07-29 09:00:00+00:00,40.97,41.06,40.75,40.8,85291.97
2025-07-29 10:00:00+00:00,40.8,40.85,40.19,40.25,119771.91
2025-07-29 11:00:00+00:00,40.25,40.68,40.23,40.41,131707.84
2025-07-29 12:00:00+00:00,40.41,40.69,40.36,40.52,97847.1
2025-07-29 13:00:00+00:00,40.52,40.64,40.07,40.12,105698.28
2025-07-29 14:00:00+00:00,40.12,40.17,39.48,39.68,168495.03
2025-07-29 15:00:00+00:00,39.68,39.91,39.55,39.66,127940.71
2025-07-29 16:00:00+00:00,39.66,39.82,39.33,39.77,224002.85
2025-07-29 17:00:00+00:00,39.77,39.95,39.73,39.8,84663.05
2025-07-29 18:00:00+00:00,39.8,39.98,39.7,39.83,126708.59
2025-07-29 19:00:00+00:00,39.83,40.12,39.67,39.82,119581.34
2025-07-29 20:00:00+00:00,39.82,39.97,39.56,39.87,144037.15
2025-07-29 21:00:00+00:00,39.87,40.12,39.74,40.03,48821.1
2025-07-29 22:00:00+00:00,40.03,40.18,39.93,40.18,47059.54
2025-07-29 23:00:00+00:00,40.18,40.18,39.83,39.99,81112.89
2025-07-30 00:00:00+00:00,39.99,40.0,39.43,39.62,120942.85
2025-07-30 01:00:00+00:00,39.62,40.05,39.41,40.0,103365.91
2025-07-30 02:00:00+00:00,40.0,40.2,39.67,39.73,238613.2
2025-07-30 03:00:00+00:00,39.73,39.81,39.57,39.6,152474.57
2025-07-30 04:00:00+00:00,39.6,39.72,39.18,39.23,84921.9
2025-07-30 05:00:00+00:00,39.23,39.34,38.82,38.93,481649.41
2025-07-30 06:00:00+00:00,38.93,39.18,38.92,39.07,143574.7
2025-07-30 07:00:00+00:00,39.07,39.14,38.9,38.98,105165.79
2025-07-30 08:00:00+00:00,38.98,39.15,38.65,39.03,258792.33
2025-07-30 09:00:00+00:00,39.03,39.2,38.56,38.82,130454.12
2025-07-30 10:00:00+00:00,38.82,38.99,38.58,38.6,88636.17
2025-07-30 11:00:00+00:00,38.6,38.73,38.22,38.32,283804.14
2025-07-30 12:00:00+00:00,38.32,38.56,38.13,38.49,225790.7
2025-07-30 13:00:00+00:00,38.49,38.54,38.22,38.42,122810.25
2025-07-30 14:00:00+00:00,38.42,38.83,38.31,38.74,122180.88
2025-07-30 15:00:00+00:00,38.74,38.75,38.46,38.52,62956.42
2025-07-30 16:00:00+00:00,38.52,38.68,38.18,38.29,181690.23
2025-07-30 17:00:00+00:00,38.29,38.46,38.2,38.43,84786.92
2025-07-30 18:00:00+00:00,38.43,38.56,37.66,37.74,367469.76
2025-07-30 19:00:00+00:00,37.74,38.07,36.99,37.87,383942.38
2025-07-30 20:00:00+00:00,37.87,38.09,37.64,37.95,207031.91
2025-07-30 21:00:00+00:00,37.95,38.02,37.64,37.78,96183.57
2025-07-30 22:00:00+00:00,37.78,37.84,37.56,37.72,50117.75
2025-07-30 23:00:00+00:00,37.72,38.04,37.7,37.96,86271.45
2025-07-31 00:00:00+00:00,37.96,38.13,37.91,38.06,58516.41
2025-07-31 01:00:00+00:00,38.06,38.11,37.87,37.97,79058.55
2025-07-31 02:00:00+00:00,37.97,38.22,37.86,38.17,56926.51
2025-07-31 03:00:00+00:00,38.17,38.38,38.13,38.24,112827.29
2025-07-31 04:00:00+00:00,38.24,38.39,38.23,38.31,100138.22
2025-07-31 05:00:00+00:00,38.31,38.43,38.26,38.35,264358.02
2025-07-31 06:00:00+00:00,38.35,38.51,38.26,38.46,69137.5
2025-07-31 07:00:00+00:00,38.46,38.55,38.4,38.51,139299.3
2025-07-31 08:00:00+00:00,38.51,38.7,38.49,38.65,104605.69
2025-07-31 09:00:00+00:00,38.65,38.94,38.56,38.86,124611.73
2025-07-31 10:00:00+00:00,38.86,38.97,38.71,38.82,157452.02
2025-07-31 11:00:00+00:00,38.82,38.87,38.58,38.64,106106.72
2025-07-31 12:00:00+00:00,38.64,38.67,37.99,38.1,229239.88
2025-07-31 13:00:00+00:00,38.1,38.1,37.55,37.77,252286.0
2025-07-31 14:00:00+00:00,37.77,37.77,37.25,37.42,220815.63
2025-07-31 15:00:00+00:00,37.42,37.69,37.38,37.6,128711.21
2025-07-31 16:00:00+00:00,37.6,38.17,37.57,38.04,152128.48
2025-07-31 17:00:00+00:00,38.04,38.05,37.62,37.69,103522.34
2025-07-31 18:00:00+00:00,37.69,37.83,37.42,37.53,151343.36
2025-07-31 19:00:00+00:00,37.53,37.56,37.2,37.38,106805.76
2025-07-31 20:00:00+00:00,37.38,37.42,37.06,37.24,143360.28
2025-07-31 21:00:00+00:00,37.24,37.29,36.5,36.89,375855.37
2025-07-31 22:00:00+00:00,36.89,36.93,36.55,36.74,139794.61
2025-07-31 23:00:00+00:00,36.74,36.95,36.6,36.75,130548.11
2025-08-01 00:00:00+00:00,36.75,36.89,36.45,36.85,262252.73
2025-08-01 01:00:00+00:00,36.85,36.96,36.63,36.73,126786.83
2025-08-01 02:00:00+00:00,36.73,36.85,36.53,36.73,77610.1
2025-08-01 03:00:00+00:00,36.73,36.75,36.5,36.57,98584.18
2025-08-01 04:00:00+00:00,36.57,36.61,36.08,36.18,149132.1
2025-08-01 05:00:00+00:00,36.18,36.36,35.78,35.94,122701.44
2025-08-01 06:00:00+00:00,35.94,35.96,35.67,35.9,120938.74
2025-08-01 07:00:00+00:00,35.9,36.09,35.78,35.83,141321.11
2025-08-01 08:00:00+00:00,35.83,35.83,35.26,35.51,231887.76
2025-08-01 09:00:00+00:00,35.51,35.74,35.42,35.46,150522.47
2025-08-01 10:00:00+00:00,35.46,35.56,35.36,35.45,116838.83
2025-08-01 11:00:00+00:00,35.45,36.03,35.36,35.97,99247.28
2025-08-01 12:00:00+00:00,35.97,36.18,35.58,35.75,190745.46
2025-08-01 13:00:00+00:00,35.75,35.81,35.28,35.43,124962.72
2025-08-01 14:00:00+00:00,35.43,36.27,35.32,36.13,173199.03
2025-08-01 15:00:00+00:00,36.13,36.3,35.86,36.18,147367.01
2025-08-01 16:00:00+00:00,36.18,36.41,35.93,36.04,100287.2
2025-08-01 17:00:00+00:00,36.04,36.05,35.7,35.76,136850.33
2025-08-01 18:00:00+00:00,35.76,36.06,35.63,35.88,130901.47
2025-08-01 19:00:00+00:00,35.88,36.07,35.74,35.9,175449.0
2025-08-01 20:00:00+00:00,35.9,36.13,35.46,35.68,357404.02
2025-08-01 21:00:00+00:00,35.68,36.02,35.65,35.71,89987.6
2025-08-01 22:00:00+00:00,35.71,35.71,34.93,35.28,303040.55
2025-08-01 23:00:00+00:00,35.28,35.88,35.0,35.3,123580.31
2025-08-02 00:00:00+00:00,35.3,35.5,35.21,35.44,45063.12
2025-08-02 01:00:00+00:00,35.44,35.54,35.34,35.53,48658.03
2025-08-02 02:00:00+00:00,35.53,35.54,35.34,35.35,74610.39
2025-08-02 03:00:00+00:00,35.35,35.4,35.24,35.25,27229.05
2025-08-02 04:00:00+00:00,35.25,35.45,35.23,35.39,40295.71
2025-08-02 05:00:00+00:00,35.39,35.47,35.19,35.29,41013.24
2025-08-02 06:00:00+00:00,35.29,35.35,34.94,35.1,89562.44
2025-08-02 07:00:00+00:00,35.1,35.31,34.94,35.31,220323.31
2025-08-02 08:00:00+00:00,35.31,35.38,34.99,35.0,110871.21
2025-08-02 09:00:00+00:00,35.0,35.15,34.89,35.07,128112.82
2025-08-02 10:00:00+00:00,35.07,35.13,34.94,35.07,66695.68
2025-08-02 11:00:00+00:00,35.07,35.26,34.9,35.1,43414.06
2025-08-02 12:00:00+00:00,35.1,35.13,34.78,35.04,81673.61
2025-08-02 13:00:00+00:00,35.04,35.18,34.88,35.07,62479.45
2025-08-02 14:00:00+00:00,35.07,35.11,34.79,34.88,65988.61
2025-08-02 15:00:00+00:00,34.88,35.16,34.83,34.83,78206.75
2025-08-02 16:00:00+00:00,34.83,34.99,34.57,34.92,178024.66
2025-08-02 17:00:00+00:00,34.92,35.18,34.57,34.66,120487.25
2025-08-02 18:00:00+00:00,34.66,34.79,34.38,34.54,199009.89
2025-08-02 19:00:00+00:00,34.54,34.89,34.48,34.67,146701.9
2025-08-02 20:00:00+00:00,34.67,34.97,34.63,34.97,63528.67
2025-08-02 21:00:00+00:00,34.97,35.2,34.91,34.96,59991.25
2025-08-02 22:00:00+00:00,34.96,35.06,34.8,34.99,30344.99
2025-08-02 23:00:00+00:00,34.99,35.02,34.71,34.97,36276.87
2025-08-03 00:00:00+00:00,34.97,35.1,34.59,35.08,166279.09
2025-08-03 01:00:00+00:00,35.08,35.23,35.04,35.13,75440.15
2025-08-03 02:00:00+00:00,35.13,35.25,35.11,35.21,33768.32
2025-08-03 03:00:00+00:00,35.21,35.29,35.17,35.25,60729.24
2025-08-03 04:00:00+00:00,35.25,35.48,35.17,35.45,67815.47
2025-08-03 05:00:00+00:00,35.45,35.53,35.25,35.34,136392.98
2025-08-03 06:00:00+00:00,35.34,35.43,35.05,35.06,75266.11
2025-08-03 07:00:00+00:00,35.06,35.14,34.83,34.97,157626.38
2025-08-03 08:00:00+00:00,34.97,35.59,34.93,35.55,254082.28
2025-08-03 09:00:00+00:00,35.55,35.61,35.36,35.49,79265.28
2025-08-03 10:00:00+00:00,35.49,35.6,35.46,35.54,34663.2
2025-08-03 11:00:00+00:00,35.54,35.73,35.54,35.62,48542.22
2025-08-03 12:00:00+00:00,35.62,35.64,35.38,35.55,61983.21
2025-08-03 13:00:00+00:00,35.55,35.56,35.28,35.35,37083.29
2025-08-03 14:00:00+00:00,35.35,35.66,35.26,35.57,82057.46
2025-08-03 15:00:00+00:00,35.57,35.91,35.5,35.91,112250.51
2025-08-03 16:00:00+00:00,35.91,35.93,35.76,35.76,66175.86
2025-08-03 17:00:00+00:00,35.76,35.77,35.59,35.65,67457.62
2025-08-03 18:00:00+00:00,35.65,35.78,35.54,35.75,58967.19
2025-08-03 19:00:00+00:00,35.75,35.82,35.62,35.67,33388.42
2025-08-03 20:00:00+00:00,35.67,35.7,35.54,35.63,72390.22
2025-08-03 21:00:00+00:00,35.63,35.7,35.59,35.68,22179.13
2025-08-03 22:00:00+00:00,35.68,36.23,35.58,35.72,14666.63
2025-08-03 23:00:00+00:00,35.72,35.86,35.63,35.69,35282.53
2025-08-04 00:00:00+00:00,35.69,36.29,35.6,36.28,75032.41
2025-08-04 01:00:00+00:00,36.28,36.28,35.88,35.9,123796.16
2025-08-04 02:00:00+00:00,35.9,36.04,35.86,35.99,41881.03
2025-08-04 03:00:00+00:00,35.99,36.02,35.89,35.99,35750.37
2025-08-04 04:00:00+00:00,35.99,36.11,35.86,35.91,37058.33
2025-08-04 05:00:00+00:00,35.91,36.09,35.83,35.97,76969.51
2025-08-04 06:00:00+00:00,35.97,36.1,35.82,36.02,67005.45
2025-08-04 07:00:00+00:00,36.02,36.16,36.0,36.11,29381.24
2025-08-04 08:00:00+00:00,36.11,36.13,35.81,35.82,175909.51
2025-08-04 09:00:00+00:00,35.82,36.0,35.81,35.85,47953.06
2025-08-04 10:00:00+00:00,35.85,35.96,35.74,35.82,60710.57
2025-08-04 11:00:00+00:00,35.82,35.87,35.63,35.73,184622.97
2025-08-04 12:00:00+00:00,35.73,35.99,35.71,35.85,171592.93
2025-08-04 13:00:00+00:00,35.85,36.2,35.84,36.18,117257.38
2025-08-04 14:00:00+00:00,36.18,36.64,36.16,36.36,185927.54
2025-08-04 15:00:00+00:00,36.36,36.5,36.26,36.31,50343.38
2025-08-04 16:00:00+00:00,36.31,36.69,36.3,36.64,133478.93
2025-08-04 17:00:00+00:00,36.64,36.72,36.5,36.58,142843.35
2025-08-04 18:00:00+00:00,36.58,36.58,36.36,36.44,130445.13
2025-08-04 19:00:00+00:00,36.44,36.45,36.25,36.4,96403.11
2025-08-04 20:00:00+00:00,36.4,36.61,36.38,36.56,53084.78
2025-08-04 21:00:00+00:00,36.56,36.68,36.5,36.62,50503.88
2025-08-04 22:00:00+00:00,36.62,36.74,36.58,36.68,158099.85
2025-08-04 23:00:00+00:00,36.68,36.68,36.47,36.54,95140.15
2025-08-05 00:00:00+00:00,36.54,36.59,36.37,36.49,164688.73
2025-08-05 01:00:00+00:00,36.49,36.57,36.42,36.47,67438.3
2025-08-05 02:00:00+00:00,36.47,36.49,36.21,36.39,48724.37
2025-08-05 03:00:00+00:00,36.39,36.4,36.23,36.27,73069.99
2025-08-05 04:00:00+00:00,36.27,36.36,36.12,36.22,47347.04
2025-08-05 05:00:00+00:00,36.22,36.29,36.11,36.24,74739.36
2025-08-05 06:00:00+00:00,36.24,36.27,35.95,36.04,34995.18
2025-08-05 07:00:00+00:00,36.04,36.15,35.59,35.64,153017.39
2025-08-05 08:00:00+00:00,35.64,35.69,35.45,35.61,87754.58
2025-08-05 09:00:00+00:00,35.61,35.87,35.47,35.78,342210.88
2025-08-05 10:00:00+00:00,35.78,35.97,35.68,35.95,414353.99
2025-08-05 11:00:00+00:00,35.95,36.0,35.77,35.87,103551.24
2025-08-05 12:00:00+00:00,35.87,35.9,35.51,35.58,186524.85
2025-08-05 13:00:00+00:00,35.58,35.74,35.4,35.65,140872.79
2025-08-05 14:00:00+00:00,35.65,35.65,34.92,35.11,240111.27
2025-08-05 15:00:00+00:00,35.11,35.25,34.85,34.98,126899.52
2025-08-05 16:00:00+00:00,34.98,35.1,34.73,34.89,236086.06
2025-08-05 17:00:00+00:00,34.89,34.93,34.7,34.89,78771.17
2025-08-05 18:00:00+00:00,34.89,34.95,34.67,34.77,77322.02
2025-08-05 19:00:00+00:00,34.77,34.9,34.69,34.81,109640.89
2025-08-05 20:00:00+00:00,34.81,35.02,34.76,34.77,42573.38
2025-08-05 21:00:00+00:00,34.77,34.85,34.65,34.72,42374.02
2025-08-05 22:00:00+00:00,34.72,35.02,34.64,34.86,141683.47
2025-08-05 23:00:00+00:00,34.86,35.18,34.84,35.07,86847.95
2025-08-06 00:00:00+00:00,35.07,35.08,34.67,34.75,127138.27
2025-08-06 01:00:00+00:00,34.75,34.83,34.67,34.8,59349.23
2025-08-06 02:00:00+00:00,34.8,34.87,34.67,34.79,45777.36
2025-08-06 03:00:00+00:00,34.79,34.84,34.66,34.74,81671.99
2025-08-06 04:00:00+00:00,34.74,34.91,34.64,34.71,155575.22
2025-08-06 05:00:00+00:00,34.71,35.21,34.68,35.02,99942.93
2025-08-06 06:00:00+00:00,35.02,35.06,34.81,35.03,53103.41
2025-08-06 07:00:00+00:00,35.03,35.2,34.98,35.09,209670.42
2025-08-06 08:00:00+00:00,35.09,35.17,34.87,35.09,100112.63
2025-08-06 09:00:00+00:00,35.09,35.46,35.04,35.32,160506.58
2025-08-06 10:00:00+00:00,35.32,35.51,35.17,35.23,143288.45
2025-08-06 11:00:00+00:00,35.23,35.38,34.95,34.98,262936.01
2025-08-06 12:00:00+00:00,34.98,35.07,34.76,34.85,124262.37
2025-08-06 13:00:00+00:00,34.85,35.05,34.73,35.0,122994.51
2025-08-06 14:00:00+00:00,35.0,35.35,34.79,35.32,126005.58
2025-08-06 15:00:00+00:00,35.32,35.52,35.21,35.44,131934.76
2025-08-06 16:00:00+00:00,35.44,35.6,35.36,35.56,110036.15
2025-08-06 17:00:00+00:00,35.56,35.69,35.44,35.59,127540.27
2025-08-06 18:00:00+00:00,35.59,35.76,35.49,35.55,105138.88
2025-08-06 19:00:00+00:00,35.55,35.66,35.47,35.63,43331.38
2025-08-06 20:00:00+00:00,35.63,35.65,35.45,35.52,20608.68
2025-08-06 21:00:00+00:00,35.52,35.55,35.38,35.51,26821.44
2025-08-06 22:00:00+00:00,35.51,35.59,35.47,35.55,28593.22
2025-08-06 23:00:00+00:00,35.55,35.59,35.42,35.59,73731.39
2025-08-07 00:00:00+00:00,35.59,35.67,35.51,35.55,30426.92
2025-08-07 01:00:00+00:00,35.55,35.83,35.5,35.58,64781.63
2025-08-07 02:00:00+00:00,35.58,35.65,35.52,35.63,47368.77
2025-08-07 03:00:00+00:00,35.63,35.68,35.46,35.51,83687.97
2025-08-07 04:00:00+00:00,35.51,35.59,35.46,35.51,50237.57
2025-08-07 05:00:00+00:00,35.51,35.7,35.47,35.69,86941.22
2025-08-07 06:00:00+00:00,35.69,36.56,35.65,35.83,220447.8
2025-08-07 07:00:00+00:00,35.83,35.98,35.68,35.81,82768.9
2025-08-07 08:00:00+00:00,35.81,35.96,35.58,35.74,99967.28
2025-08-07 09:00:00+00:00,35.74,35.85,35.68,35.72,54611.95
2025-08-07 10:00:00+00:00,35.72,36.29,35.6,36.18,180279.22
2025-08-07 11:00:00+00:00,36.18,36.52,36.1,36.36,76203.98
2025-08-07 12:00:00+00:00,36.36,36.42,36.2,36.29,134909.42
2025-08-07 13:00:00+00:00,36.29,36.61,36.27,36.55,139331.28
2025-08-07 14:00:00+00:00,36.55,37.02,36.32,36.69,124380.6
2025-08-07 15:00:00+00:00,36.69,37.16,36.6,36.93,66186.85
2025-08-07 16:00:00+00:00,36.93,36.94,36.36,36.74,214453.4
2025-08-07 17:00:00+00:00,36.74,36.96,36.71,36.87,109652.09
2025-08-07 18:00:00+00:00,36.87,36.88,36.6,36.7,72787.34
2025-08-07 19:00:00+00:00,36.7,36.95,36.59,36.94,139995.7
2025-08-07 20:00:00+00:00,36.94,37.23,36.94,37.11,185931.21
2025-08-07 21:00:00+00:00,37.11,37.12,36.84,37.0,88403.58
2025-08-07 22:00:00+00:00,37.0,37.45,36.98,37.42,201907.19
2025-08-07 23:00:00+00:00,37.42,37.53,37.27,37.39,66240.74
2025-08-08 00:00:00+00:00,37.39,37.77,36.97,37.46,312455.76
2025-08-08 01:00:00+00:00,37.46,37.75,37.22,37.54,296576.11
2025-08-08 02:00:00+00:00,37.54,37.64,37.45,37.53,174408.67
2025-08-08 03:00:00+00:00,37.53,37.72,37.14,37.38,88508.94
2025-08-08 04:00:00+00:00,37.38,37.58,37.24,37.47,61352.54
2025-08-08 05:00:00+00:00,37.47,37.73,37.36,37.48,237621.22
2025-08-08 06:00:00+00:00,37.48,37.8,37.43,37.61,109416.97
2025-08-08 07:00:00+00:00,37.61,37.83,37.52,37.77,81622.46
2025-08-08 08:00:00+00:00,37.77,37.93,37.65,37.76,176283.42
2025-08-08 09:00:00+00:00,37.76,38.34,37.72,38.22,103315.29
2025-08-08 10:00:00+00:00,38.22,38.38,37.97,38.16,75497.94
2025-08-08 11:00:00+00:00,38.16,38.29,38.12,38.27,50928.53
2025-08-08 12:00:00+00:00,38.27,38.29,37.89,37.99,101060.01
2025-08-08 13:00:00+00:00,37.99,38.7,37.87,38.64,330046.21
2025-08-08 14:00:00+00:00,38.64,38.8,38.28,38.4,130939.95
2025-08-08 15:00:00+00:00,38.4,38.4,37.78,37.89,118350.33
2025-08-08 16:00:00+00:00,37.89,38.15,37.28,37.53,267758.89
2025-08-08 17:00:00+00:00,37.53,37.93,37.52,37.86,202537.56
2025-08-08 18:00:00+00:00,37.86,38.14,37.84,38.01,115886.36
2025-08-08 19:00:00+00:00,38.01,38.07,37.91,38.0,55803.51
2025-08-08 20:00:00+00:00,38.0,38.11,37.93,38.04,58443.22
2025-08-08 21:00:00+00:00,38.04,38.24,37.98,38.15,111134.16
2025-08-08 22:00:00+00:00,38.15,38.34,38.02,38.24,55980.48
2025-08-08 23:00:00+00:00,38.24,38.26,38.07,38.16,55720.28
2025-08-09 00:00:00+00:00,38.16,38.38,38.07,38.31,54156.92
2025-08-09 01:00:00+00:00,38.31,38.45,38.28,38.37,49169.99
2025-08-09 02:00:00+00:00,38.37,38.43,38.32,38.37,30997.26
2025-08-09 03:00:00+00:00,38.37,38.45,38.23,38.37,42834.97
2025-08-09 04:00:00+00:00,38.37,38.42,38.25,38.36,95310.2
2025-08-09 05:00:00+00:00,38.36,38.95,38.27,38.83,163352.46
2025-08-09 06:00:00+00:00,38.83,38.87,38.53,38.66,134570.42
2025-08-09 07:00:00+00:00,38.66,38.95,38.59,38.87,143857.08
2025-08-09 08:00:00+00:00,38.87,38.9,38.72,38.77,114348.45
2025-08-09 09:00:00+00:00,38.77,38.93,38.77,38.88,40216.17
2025-08-09 10:00:00+00:00,38.88,39.24,38.87,39.14,116785.01
2025-08-09 11:00:00+00:00,39.14,39.16,38.95,38.99,87625.03
2025-08-09 12:00:00+00:00,38.99,39.16,38.92,39.02,91254.49
2025-08-09 13:00:00+00:00,39.02,39.06,38.64,38.77,161395.21
2025-08-09 14:00:00+00:00,38.77,38.91,38.54,38.81,132470.43
2025-08-09 15:00:00+00:00,38.81,39.0,38.73,38.95,98628.67
2025-08-09 16:00:00+00:00,38.95,39.32,38.86,39.22,159305.0
2025-08-09 17:00:00+00:00,39.22,39.53,39.08,39.44,148412.99
2025-08-09 18:00:00+00:00,39.44,39.8,39.42,39.68,170225.99
2025-08-09 19:00:00+00:00,39.68,39.8,39.56,39.59,144909.96
2025-08-09 20:00:00+00:00,39.59,39.66,39.45,39.49,145400.88
2025-08-09 21:00:00+00:00,39.49,39.53,39.34,39.41,60327.04
2025-08-09 22:00:00+00:00,39.41,39.5,39.23,39.33,81537.77
2025-08-09 23:00:00+00:00,39.33,39.36,39.23,39.28,40291.7
2025-08-10 00:00:00+00:00,39.28,39.45,39.18,39.37,52839.95
2025-08-10 01:00:00+00:00,39.37,39.45,39.2,39.28,79041.97
2025-08-10 02:00:00+00:00,39.28,39.3,39.0,39.11,92397.52
2025-08-10 03:00:00+00:00,39.11,39.42,39.05,39.41,106382.45
2025-08-10 04:00:00+00:00,39.41,39.59,39.28,39.49,56118.39
2025-08-10 05:00:00+00:00,39.49,39.86,39.36,39.67,60009.07
2025-08-10 06:00:00+00:00,39.67,39.67,38.63,38.73,128091.71
2025-08-10 07:00:00+00:00,38.73,38.79,38.24,38.34,152402.43
2025-08-10 08:00:00+00:00,38.34,38.6,38.13,38.5,179887.1
2025-08-10 09:00:00+00:00,38.5,38.71,38.36,38.6,196117.32
2025-08-10 10:00:00+00:00,38.6,38.69,38.22,38.23,134912.9
2025-08-10 11:00:00+00:00,38.23,38.74,38.2,38.46,158395.87
2025-08-10 12:00:00+00:00,38.46,38.47,38.32,38.43,75190.99
2025-08-10 13:00:00+00:00,38.43,38.44,38.08,38.09,105426.64
2025-08-10 14:00:00+00:00,38.09,38.47,38.02,38.42,142845.62
2025-08-10 15:00:00+00:00,38.42,38.45,38.25,38.28,101343.52
2025-08-10 16:00:00+00:00,38.28,38.42,38.25,38.33,91220.31
2025-08-10 17:00:00+00:00,38.33,38.49,38.31,38.43,92471.21
2025-08-10 18:00:00+00:00,38.43,38.64,38.4,38.59,50876.35
2025-08-10 19:00:00+00:00,38.59,38.72,38.53,38.57,32654.98
2025-08-10 20:00:00+00:00,38.57,38.64,38.4,38.51,39759.23
2025-08-10 21:00:00+00:00,38.51,38.52,38.22,38.44,85388.25
2025-08-10 22:00:00+00:00,38.44,38.53,38.3,38.48,87557.47
2025-08-10 23:00:00+00:00,38.48,38.86,38.39,38.68,282066.65
2025-08-11 00:00:00+00:00,38.68,39.31,38.54,38.91,140921.48
2025-08-11 01:00:00+00:00,38.91,39.15,38.8,39.07,162936.56
2025-08-11 02:00:00+00:00,39.07,39.38,39.06,39.34,121287.31
2025-08-11 03:00:00+00:00,39.34,39.37,39.22,39.32,76398.81
2025-08-11 04:00:00+00:00,39.32,39.57,39.26,39.3,95678.69
2025-08-11 05:00:00+00:00,39.3,39.57,39.23,39.48,81986.26
2025-08-11 06:00:00+00:00,39.48,39.56,39.25,39.25,71966.66
2025-08-11 07:00:00+00:00,39.25,39.36,38.6,38.61,126555.75
2025-08-11 08:00:00+00:00,38.61,38.83,38.5,38.58,136091.48
2025-08-11 09:00:00+00:00,38.58,38.75,38.4,38.43,115625.57
2025-08-11 10:00:00+00:00,38.43,38.44,38.16,38.22,139497.41
2025-08-11 11:00:00+00:00,38.22,38.23,37.52,37.57,401060.3
2025-08-11 12:00:00+00:00,37.57,37.94,37.34,37.43,601927.58
2025-08-11 13:00:00+00:00,37.43,37.76,37.29,37.65,204299.06
2025-08-11 14:00:00+00:00,37.65,37.85,37.45,37.53,153198.62
2025-08-11 15:00:00+00:00,37.53,37.74,37.37,37.72,125752.82
2025-08-11 16:00:00+00:00,37.72,38.08,37.61,37.7,131876.4
2025-08-11 17:00:00+00:00,37.7,37.78,37.46,37.58,149749.94
2025-08-11 18:00:00+00:00,37.58,37.9,37.34,37.52,164345.14
2025-08-11 19:00:00+00:00,37.52,37.59,37.09,37.25,114688.08
2025-08-11 20:00:00+00:00,37.25,37.26,36.96,37.11,125853.48
2025-08-11 21:00:00+00:00,37.11,37.24,36.34,36.54,327307.91
2025-08-11 22:00:00+00:00,36.54,36.56,36.17,36.48,124945.92
2025-08-11 23:00:00+00:00,36.48,36.59,36.36,36.38,91663.93
2025-08-12 00:00:00+00:00,36.38,36.7,36.32,36.67,147794.31
2025-08-12 01:00:00+00:00,36.67,36.74,36.53,36.69,63916.78
2025-08-12 02:00:00+00:00,36.69,36.9,36.64,36.71,59836.68
2025-08-12 03:00:00+00:00,36.71,36.78,36.57,36.7,79260.23
2025-08-12 04:00:00+00:00,36.7,37.19,36.65,37.1,133461.46
2025-08-12 05:00:00+00:00,37.1,37.11,36.68,36.77,114676.81
2025-08-12 06:00:00+00:00,36.77,37.09,36.69,36.96,126247.15
2025-08-12 07:00:00+00:00,36.96,37.05,36.9,37.03,77638.23
2025-08-12 08:00:00+00:00,37.03,37.04,36.77,36.9,80788.53
2025-08-12 09:00:00+00:00,36.9,36.92,36.69,36.7,74084.39
2025-08-12 10:00:00+00:00,36.7,36.8,36.58,36.64,171496.02
2025-08-12 11:00:00+00:00,36.64,36.84,36.54,36.8,225778.45
2025-08-12 12:00:00+00:00,36.8,37.32,36.61,37.2,259453.26
2025-08-12 13:00:00+00:00,37.2,37.52,36.94,37.18,307770.47
2025-08-12 14:00:00+00:00,37.18,38.15,37.11,37.85,524432.36
2025-08-12 15:00:00+00:00,37.85,38.74,37.75,38.71,563540.49
2025-08-12 16:00:00+00:00,38.71,39.07,38.63,39.03,358291.17
2025-08-12 17:00:00+00:00,39.03,39.8,38.88,39.12,642330.09
2025-08-12 18:00:00+00:00,39.12,39.23,38.68,38.79,399106.81
2025-08-12 19:00:00+00:00,38.79,39.25,38.43,39.24,190273.49
2025-08-12 20:00:00+00:00,39.24,39.59,39.18,39.37,272605.2
2025-08-12 21:00:00+00:00,39.37,39.41,39.1,39.23,142251.18
2025-08-12 22:00:00+00:00,39.23,39.27,38.96,39.01,142504.91
2025-08-12 23:00:00+00:00,39.01,39.03,38.77,38.88,126482.42
2025-08-13 00:00:00+00:00,38.88,39.22,38.82,38.88,214018.58
2025-08-13 01:00:00+00:00,38.88,38.92,38.23,38.54,377260.4
2025-08-13 02:00:00+00:00,38.54,38.59,38.18,38.53,520949.23
2025-08-13 03:00:00+00:00,38.53,38.69,38.22,38.26,284303.08
2025-08-13 04:00:00+00:00,38.26,38.43,38.25,38.34,85725.33
2025-08-13 05:00:00+00:00,38.34,38.4,38.09,38.13,85402.21
2025-08-13 06:00:00+00:00,38.13,38.19,38.0,38.01,161259.04
2025-08-13 07:00:00+00:00,38.01,38.12,37.81,38.02,360462.41
2025-08-13 08:00:00+00:00,38.02,38.12,37.81,38.07,592979.65
2025-08-13 09:00:00+00:00,38.07,38.87,38.03,38.81,462784.68
2025-08-13 10:00:00+00:00,38.81,39.93,38.78,39.27,956478.22
2025-08-13 11:00:00+00:00,39.27,40.3,39.13,39.95,949236.65
2025-08-13 12:00:00+00:00,39.95,40.25,39.8,39.95,396009.53
2025-08-13 13:00:00+00:00,39.95,40.4,39.43,39.54,701149.78
2025-08-13 14:00:00+00:00,39.54,39.65,38.82,39.0,434890.78
2025-08-13 15:00:00+00:00,39.0,39.12,38.7,38.91,258603.61
2025-08-13 16:00:00+00:00,38.91,39.22,38.8,38.9,206879.22
2025-08-13 17:00:00+00:00,38.9,39.18,38.75,38.95,458155.14
2025-08-13 18:00:00+00:00,38.95,39.08,38.59,38.62,214121.67
2025-08-13 19:00:00+00:00,38.62,38.75,38.38,38.65,436885.37
2025-08-13 20:00:00+00:00,38.65,38.7,38.52,38.66,188482.72
2025-08-13 21:00:00+00:00,38.66,38.89,38.63,38.71,130660.74
2025-08-13 22:00:00+00:00,38.71,39.22,38.65,39.01,178540.11
2025-08-13 23:00:00+00:00,39.01,39.13,38.83,38.93,160910.07
2025-08-14 00:00:00+00:00,38.93,38.94,38.68,38.69,218071.21
2025-08-14 01:00:00+00:00,38.69,38.85,38.48,38.82,238319.35
2025-08-14 02:00:00+00:00,38.82,39.92,38.65,39.63,1426236.31
2025-08-14 03:00:00+00:00,39.63,39.71,39.47,39.58,198215.79
2025-08-14 04:00:00+00:00,39.58,39.61,39.25,39.27,104289.68
2025-08-14 05:00:00+00:00,39.27,39.63,39.12,39.22,342888.85
2025-08-14 06:00:00+00:00,39.22,39.46,38.86,39.32,184147.36
2025-08-14 07:00:00+00:00,39.32,39.79,38.87,39.64,352771.57
2025-08-14 08:00:00+00:00,39.64,39.71,38.96,39.14,362098.69
2025-08-14 09:00:00+00:00,39.14,39.18,38.1,39.0,189695.97
2025-08-14 10:00:00+00:00,39.0,39.0,38.39,38.62,199179.46
2025-08-14 11:00:00+00:00,38.62,38.98,38.54,38.96,362254.93
2025-08-14 12:00:00+00:00,38.96,38.96,37.39,37.61,1033222.17
2025-08-14 13:00:00+00:00,37.61,37.84,36.96,37.47,553421.92
2025-08-14 14:00:00+00:00,37.47,37.73,37.19,37.29,457659.22
2025-08-14 15:00:00+00:00,37.29,37.52,36.81,36.98,752068.5
2025-08-14 16:00:00+00:00,36.98,36.99,36.38,36.54,615210.7
2025-08-14 17:00:00+00:00,36.54,36.63,36.33,36.41,218175.4
2025-08-14 18:00:00+00:00,36.41,36.61,36.19,36.55,183129.43
2025-08-14 19:00:00+00:00,36.55,36.74,36.47,36.51,140993.02
2025-08-14 20:00:00+00:00,36.51,36.59,36.37,36.48,154682.48
2025-08-14 21:00:00+00:00,36.48,36.49,36.03,36.14,114842.38
2025-08-14 22:00:00+00:00,36.14,36.34,36.03,36.14,173927.8
2025-08-14 23:00:00+00:00,36.14,36.24,36.04,36.08,40633.72
2025-08-15 00:00:00+00:00,36.08,36.32,36.0,36.14,163954.71
2025-08-15 01:00:00+00:00,36.14,36.33,36.12,36.32,65503.32
2025-08-15 02:00:00+00:00,36.32,36.53,36.23,36.42,101359.86
2025-08-15 03:00:00+00:00,36.42,37.1,36.4,37.04,510607.31
2025-08-15 04:00:00+00:00,37.04,37.04,36.72,36.8,131887.63
2025-08-15 05:00:00+00:00,36.8,36.86,36.65,36.83,57463.79
2025-08-15 06:00:00+00:00,36.83,37.29,36.83,37.18,180695.64
2025-08-15 07:00:00+00:00,37.18,38.33,37.07,37.8,1061043.98
2025-08-15 08:00:00+00:00,37.8,37.81,37.49,37.71,97538.4
2025-08-15 09:00:00+00:00,37.71,37.92,37.39,37.45,227891.93
2025-08-15 10:00:00+00:00,37.45,37.65,37.38,37.5,75999.72
2025-08-15 11:00:00+00:00,37.5,37.53,37.14,37.26,76403.41
2025-08-15 12:00:00+00:00,37.26,37.47,37.09,37.24,177941.18
2025-08-15 13:00:00+00:00,37.24,37.36,36.96,37.08,130733.68
2025-08-15 14:00:00+00:00,37.08,37.17,36.64,36.71,272034.81
2025-08-15 15:00:00+00:00,36.71,36.78,36.23,36.34,223700.34
2025-08-15 16:00:00+00:00,36.34,36.37,35.79,36.18,405680.21
2025-08-15 17:00:00+00:00,36.18,36.45,36.02,36.2,200419.87
2025-08-15 18:00:00+00:00,36.2,36.28,35.79,35.92,324347.91
2025-08-15 19:00:00+00:00,35.92,36.14,35.82,35.97,132081.75
2025-08-15 20:00:00+00:00,35.97,36.15,35.91,36.12,107965.15
2025-08-15 21:00:00+00:00,36.12,36.21,35.96,36.05,145366.09
2025-08-15 22:00:00+00:00,36.05,36.42,36.02,36.38,118440.24
2025-08-15 23:00:00+00:00,36.38,36.47,36.08,36.13,134329.93
2025-08-16 00:00:00+00:00,36.13,36.54,36.13,36.48,125234.45
2025-08-16 01:00:00+00:00,36.48,36.53,36.35,36.5,83342.53
2025-08-16 02:00:00+00:00,36.5,36.51,36.18,36.22,119306.59
2025-08-16 03:00:00+00:00,36.22,36.32,36.04,36.05,381671.43
2025-08-16 04:00:00+00:00,36.05,36.17,35.99,36.14,97295.84
2025-08-16 05:00:00+00:00,36.14,36.18,35.84,35.93,233671.59
2025-08-16 06:00:00+00:00,35.93,36.31,35.83,36.16,406617.08
2025-08-16 07:00:00+00:00,36.16,36.4,36.1,36.18,347618.31
2025-08-16 08:00:00+00:00,36.18,36.36,36.12,36.22,145918.55
2025-08-16 09:00:00+00:00,36.22,36.34,36.08,36.1,113334.89
2025-08-16 10:00:00+00:00,36.1,36.19,36.0,36.07,156337.57
2025-08-16 11:00:00+00:00,36.07,36.28,36.0,36.0,85002.21
2025-08-16 12:00:00+00:00,36.0,36.14,35.87,36.14,134795.45
2025-08-16 13:00:00+00:00,36.14,36.21,35.89,35.91,103229.01
2025-08-16 14:00:00+00:00,35.91,36.15,35.83,36.14,115634.54
2025-08-16 15:00:00+00:00,36.14,36.34,36.08,36.31,147242.18
2025-08-16 16:00:00+00:00,36.31,36.46,36.26,36.3,103790.96
2025-08-16 17:00:00+00:00,36.3,36.35,36.16,36.28,37747.06
2025-08-16 18:00:00+00:00,36.28,36.63,36.22,36.47,188117.56
2025-08-16 19:00:00+00:00,36.47,36.61,36.34,36.44,151722.71
2025-08-16 20:00:00+00:00,36.44,36.56,36.36,36.41,52087.0
2025-08-16 21:00:00+00:00,36.41,36.5,36.39,36.4,62087.23
2025-08-16 22:00:00+00:00,36.4,36.51,36.24,36.39,203181.12
2025-08-16 23:00:00+00:00,36.39,36.41,36.21,36.34,80242.07
2025-08-17 00:00:00+00:00,36.34,36.35,36.21,36.24,39135.01
2025-08-17 01:00:00+00:00,36.24,36.24,36.01,36.1,91354.56
2025-08-17 02:00:00+00:00,36.1,36.21,35.95,36.19,74017.14
2025-08-17 03:00:00+00:00,36.19,36.3,36.14,36.23,47007.44
2025-08-17 04:00:00+00:00,36.23,36.44,36.18,36.41,58554.73
2025-08-17 05:00:00+00:00,36.41,36.51,36.31,36.38,87497.53
2025-08-17 06:00:00+00:00,36.38,36.45,36.27,36.31,37549.39
2025-08-17 07:00:00+00:00,36.31,36.58,36.27,36.5,73104.21
2025-08-17 08:00:00+00:00,36.5,36.91,36.46,36.86,143174.28
2025-08-17 09:00:00+00:00,36.86,37.02,36.59,36.75,315476.83
2025-08-17 10:00:00+00:00,36.75,36.79,36.62,36.64,116036.34
2025-08-17 11:00:00+00:00,36.64,36.94,36.64,36.85,154547.29
2025-08-17 12:00:00+00:00,36.85,36.86,36.65,36.72,70200.43
2025-08-17 13:00:00+00:00,36.72,36.8,36.59,36.75,92799.67
2025-08-17 14:00:00+00:00,36.75,36.87,36.67,36.77,96512.04
2025-08-17 15:00:00+00:00,36.77,36.98,36.75,36.97,102502.3
2025-08-17 16:00:00+00:00,36.97,37.06,36.82,36.97,149607.89
2025-08-17 17:00:00+00:00,36.97,37.05,36.83,36.96,79790.63
2025-08-17 18:00:00+00:00,36.96,37.02,36.61,36.79,180008.74
2025-08-17 19:00:00+00:00,36.79,36.94,36.6,36.66,83043.12
2025-08-17 20:00:00+00:00,36.66,36.67,36.51,36.6,68611.7
2025-08-17 21:00:00+00:00,36.6,36.63,36.54,36.6,38503.69
2025-08-17 22:00:00+00:00,36.6,36.66,36.49,36.56,79073.78
2025-08-17 23:00:00+00:00,36.56,36.6,36.45,36.49,73598.95
2025-08-18 00:00:00+00:00,36.49,36.54,36.25,36.38,111678.91
2025-08-18 01:00:00+00:00,36.38,36.41,35.83,35.93,193559.44
2025-08-18 02:00:00+00:00,35.93,35.94,35.57,35.62,212141.77
2025-08-18 03:00:00+00:00,35.62,35.72,35.53,35.61,173426.51
2025-08-18 04:00:00+00:00,35.61,35.61,34.86,35.01,599846.91
2025-08-18 05:00:00+00:00,35.01,35.27,35.0,35.2,164442.55
2025-08-18 06:00:00+00:00,35.2,35.23,34.75,34.88,249660.83
2025-08-18 07:00:00+00:00,34.88,35.05,34.85,35.01,101501.9
2025-08-18 08:00:00+00:00,35.01,35.18,34.94,34.98,66808.0
2025-08-18 09:00:00+00:00,34.98,35.31,34.66,35.2,226287.48
2025-08-18 10:00:00+00:00,35.2,35.26,34.95,35.13,144621.4
2025-08-18 11:00:00+00:00,35.13,35.41,35.02,35.35,146652.19
2025-08-18 12:00:00+00:00,35.35,36.17,35.33,36.01,128926.79
2025-08-18 13:00:00+00:00,36.01,36.04,35.68,35.75,162597.21
2025-08-18 14:00:00+00:00,35.75,35.83,35.48,35.81,226544.58
2025-08-18 15:00:00+00:00,35.81,36.04,35.67,35.91,258536.11
2025-08-18 16:00:00+00:00,35.91,36.05,35.35,35.44,126727.95
2025-08-18 17:00:00+00:00,35.44,35.69,35.17,35.42,156417.24
2025-08-18 18:00:00+00:00,35.42,35.7,35.29,35.42,142259.27
2025-08-18 19:00:00+00:00,35.42,35.51,35.02,35.17,146301.38
2025-08-18 20:00:00+00:00,35.17,35.22,35.05,35.14,61669.54
2025-08-18 21:00:00+00:00,35.14,35.22,34.97,35.07,154573.0
2025-08-18 22:00:00+00:00,35.07,35.36,35.04,35.14,174083.66
2025-08-18 23:00:00+00:00,35.14,35.16,34.68,34.82,232463.61
2025-08-19 00:00:00+00:00,34.82,35.05,34.64,35.03,141245.34
2025-08-19 01:00:00+00:00,35.03,35.17,34.79,34.81,65081.29
2025-08-19 02:00:00+00:00,34.81,34.85,34.67,34.76,111609.52
2025-08-19 03:00:00+00:00,34.76,34.79,34.42,34.49,155120.36
2025-08-19 04:00:00+00:00,34.49,34.73,34.39,34.69,98560.72
2025-08-19 05:00:00+00:00,34.69,34.76,34.62,34.68,87830.76
2025-08-19 06:00:00+00:00,34.68,34.83,34.63,34.79,88103.6
2025-08-19 07:00:00+00:00,34.79,35.22,34.69,35.11,291093.91
2025-08-19 08:00:00+00:00,35.11,35.17,34.94,35.08,229122.46
2025-08-19 09:00:00+00:00,35.08,35.26,35.02,35.06,88050.3
2025-08-19 10:00:00+00:00,35.06,35.34,35.04,35.33,75667.25
2025-08-19 11:00:00+00:00,35.33,35.43,35.21,35.31,129440.13
2025-08-19 12:00:00+00:00,35.31,35.41,35.23,35.37,71622.73
2025-08-19 13:00:00+00:00,35.37,35.49,35.05,35.32,163838.92
2025-08-19 14:00:00+00:00,35.32,35.32,34.75,34.88,273243.36
2025-08-19 15:00:00+00:00,34.88,35.04,34.72,34.91,387274.7
2025-08-19 16:00:00+00:00,34.91,35.38,34.61,34.68,159060.58
2025-08-19 17:00:00+00:00,34.68,34.85,34.46,34.54,255075.99
2025-08-19 18:00:00+00:00,34.54,34.73,34.28,34.39,225812.01
2025-08-19 19:00:00+00:00,34.39,34.65,34.28,34.5,152341.49
2025-08-19 20:00:00+00:00,34.5,34.83,34.3,34.67,171278.09
2025-08-19 21:00:00+00:00,34.67,34.85,34.55,34.7,74693.64
2025-08-19 22:00:00+00:00,34.7,34.78,34.59,34.71,99763.68
2025-08-19 23:00:00+00:00,34.71,34.75,34.32,34.41,301040.12
2025-08-20 00:00:00+00:00,34.41,34.49,33.85,34.23,146287.06
2025-08-20 01:00:00+00:00,34.23,34.28,33.92,34.25,177083.9
2025-08-20 02:00:00+00:00,34.25,34.59,34.12,34.48,140474.23
2025-08-20 03:00:00+00:00,34.48,34.78,34.4,34.73,267589.93
2025-08-20 04:00:00+00:00,34.73,35.38,34.72,35.28,221525.82
2025-08-20 05:00:00+00:00,35.28,36.8,35.28,36.67,1509440.55
2025-08-20 06:00:00+00:00,36.67,36.8,36.26,36.41,438176.51
2025-08-20 07:00:00+00:00,36.41,36.6,36.25,36.45,278009.71
2025-08-20 08:00:00+00:00,36.45,37.69,36.05,37.52,800682.44
2025-08-20 09:00:00+00:00,37.52,38.28,37.43,38.22,804891.4
2025-08-20 10:00:00+00:00,38.22,38.85,37.65,37.8,955771.75
2025-08-20 11:00:00+00:00,37.8,37.86,37.11,37.69,394117.99
2025-08-20 12:00:00+00:00,37.69,37.89,37.42,37.55,303475.4
2025-08-20 13:00:00+00:00,37.55,37.69,37.12,37.3,276906.86
2025-08-20 14:00:00+00:00,37.3,37.99,37.14,37.9,457407.61
2025-08-20 15:00:00+00:00,37.9,38.13,37.69,37.79,525968.73
2025-08-20 16:00:00+00:00,37.79,38.1,37.58,37.67,655218.15
2025-08-20 17:00:00+00:00,37.67,38.03,37.59,37.78,292186.3
2025-08-20 18:00:00+00:00,37.78,38.12,37.5,38.02,369050.66
2025-08-20 19:00:00+00:00,38.02,38.52,38.02,38.52,557570.17
2025-08-20 20:00:00+00:00,38.52,38.66,38.42,38.44,164766.97
2025-08-20 21:00:00+00:00,38.44,38.49,38.26,38.34,231635.34
2025-08-20 22:00:00+00:00,38.34,38.51,38.26,38.31,277748.73
2025-08-20 23:00:00+00:00,38.31,38.41,38.17,38.31,239968.28
2025-08-21 00:00:00+00:00,38.31,38.46,38.16,38.28,191742.29
2025-08-21 01:00:00+00:00,38.28,38.38,38.14,38.31,209005.49
2025-08-21 02:00:00+00:00,38.31,38.39,37.95,38.02,269506.83
2025-08-21 03:00:00+00:00,38.02,38.19,37.85,37.85,165971.74
2025-08-21 04:00:00+00:00,37.85,38.07,37.8,37.99,141963.35
2025-08-21 05:00:00+00:00,37.99,37.99,37.6,37.85,312223.77
2025-08-21 06:00:00+00:00,37.85,37.91,37.38,37.57,506780.76
2025-08-21 07:00:00+00:00,37.57,37.82,37.55,37.68,273499.11
2025-08-21 08:00:00+00:00,37.68,37.79,37.59,37.68,234171.34
2025-08-21 09:00:00+00:00,37.68,37.94,37.59,37.69,282417.68
2025-08-21 10:00:00+00:00,37.69,37.95,37.54,37.89,155988.11
2025-08-21 11:00:00+00:00,37.89,38.03,37.24,37.46,576451.56
2025-08-21 12:00:00+00:00,37.46,38.12,37.35,38.02,355599.12
2025-08-21 13:00:00+00:00,38.02,39.15,38.0,38.97,620740.24
2025-08-21 14:00:00+00:00,38.97,39.27,38.2,38.94,568495.36
2025-08-21 15:00:00+00:00,38.94,39.06,38.27,38.48,629736.58
2025-08-21 16:00:00+00:00,38.48,38.59,38.13,38.21,280523.75
2025-08-21 17:00:00+00:00,38.21,39.14,38.09,38.89,939752.02
2025-08-21 18:00:00+00:00,38.89,39.53,38.81,39.47,298290.78
2025-08-21 19:00:00+00:00,39.47,39.59,38.99,39.28,429141.93
2025-08-21 20:00:00+00:00,39.28,39.75,39.21,39.52,740743.47
2025-08-21 21:00:00+00:00,39.52,40.78,39.34,40.65,1311819.65
2025-08-21 22:00:00+00:00,40.65,41.41,40.59,41.18,1007073.17
2025-08-21 23:00:00+00:00,41.18,41.72,41.17,41.41,669330.14
2025-08-22 00:00:00+00:00,41.41,42.02,41.28,41.64,805427.64
2025-08-22 01:00:00+00:00,41.64,41.84,41.03,41.09,682922.46
2025-08-22 02:00:00+00:00,41.09,41.65,41.07,41.37,456932.03
2025-08-22 03:00:00+00:00,41.37,41.64,40.85,40.9,606889.62
2025-08-22 04:00:00+00:00,40.9,41.3,40.83,41.17,379771.43
2025-08-22 05:00:00+00:00,41.17,41.37,40.89,41.06,355561.24
2025-08-22 06:00:00+00:00,41.06,41.21,40.79,40.96,302844.34
2025-08-22 07:00:00+00:00,40.96,41.49,40.91,41.4,288993.31
2025-08-22 08:00:00+00:00,41.4,41.71,41.35,41.46,299485.14
2025-08-22 09:00:00+00:00,41.46,41.56,41.24,41.33,451270.15
2025-08-22 10:00:00+00:00,41.33,41.4,41.09,41.16,318332.04
2025-08-22 11:00:00+00:00,41.16,41.33,40.85,41.23,532051.46
2025-08-22 12:00:00+00:00,41.23,41.38,40.59,41.08,572102.83
2025-08-22 13:00:00+00:00,41.08,41.94,40.97,41.77,651753.77
2025-08-22 14:00:00+00:00,41.77,44.1,41.75,42.92,2172214.65
2025-08-22 15:00:00+00:00,42.92,42.97,42.42,42.72,588865.35
2025-08-22 16:00:00+00:00,42.72,43.47,42.58,42.67,745628.19
2025-08-22 17:00:00+00:00,42.67,43.01,42.56,42.84,392617.3
2025-08-22 18:00:00+00:00,42.84,42.86,42.32,42.69,859321.83
2025-08-22 19:00:00+00:00,42.69,43.08,42.67,42.91,304722.2
2025-08-22 20:00:00+00:00,42.91,42.94,42.7,42.9,219197.43
2025-08-22 21:00:00+00:00,42.9,43.0,42.68,42.93,203189.74
2025-08-22 22:00:00+00:00,42.93,43.34,42.75,43.26,259231.46
2025-08-22 23:00:00+00:00,43.26,43.29,42.48,42.58,261510.34
2025-08-23 00:00:00+00:00,42.58,42.9,42.46,42.68,260474.75
2025-08-23 01:00:00+00:00,42.68,42.73,42.01,42.14,200351.56
2025-08-23 02:00:00+00:00,42.14,42.32,41.85,42.1,313631.91
2025-08-23 03:00:00+00:00,42.1,42.28,41.94,42.19,141192.55
2025-08-23 04:00:00+00:00,42.19,42.38,42.08,42.26,183298.24
2025-08-23 05:00:00+00:00,42.26,42.29,42.11,42.14,253837.88
2025-08-23 06:00:00+00:00,42.14,42.36,41.97,42.15,149607.64
2025-08-23 07:00:00+00:00,42.15,42.16,41.33,41.58,236323.48
2025-08-23 08:00:00+00:00,41.58,42.33,41.46,42.22,399914.49
2025-08-23 09:00:00+00:00,42.22,42.51,41.96,42.34,331373.89
2025-08-23 10:00:00+00:00,42.34,42.49,42.1,42.16,128712.17
2025-08-23 11:00:00+00:00,42.16,42.3,41.99,42.19,120797.2
2025-08-23 12:00:00+00:00,42.19,42.29,41.91,41.96,148594.84
2025-08-23 13:00:00+00:00,41.96,42.06,41.67,41.83,122598.41
2025-08-23 14:00:00+00:00,41.83,42.07,41.49,41.91,249616.57
2025-08-23 15:00:00+00:00,41.91,41.98,41.53,41.58,307759.47
2025-08-23 16:00:00+00:00,41.58,41.72,41.49,41.64,105620.05
2025-08-23 17:00:00+00:00,41.64,41.85,41.01,41.4,582345.12
2025-08-23 18:00:00+00:00,41.4,41.46,41.19,41.41,108240.3
2025-08-23 19:00:00+00:00,41.41,41.51,41.31,41.49,142428.4
2025-08-23 20:00:00+00:00,41.49,41.69,41.41,41.63,53575.84
2025-08-23 21:00:00+00:00,41.63,41.71,41.41,41.63,70422.73
2025-08-23 22:00:00+00:00,41.63,43.94,41.6,43.31,1202307.14
2025-08-23 23:00:00+00:00,43.31,43.7,43.17,43.61,266032.95
2025-08-24 00:00:00+00:00,43.61,43.77,42.93,43.0,397711.27
2025-08-24 01:00:00+00:00,43.0,43.05,42.61,42.73,351090.38
2025-08-24 02:00:00+00:00,42.73,42.76,42.42,42.49,179132.8
2025-08-24 03:00:00+00:00,42.49,42.5,42.34,42.46,93423.53
2025-08-24 04:00:00+00:00,42.46,42.61,42.45,42.56,61621.34
2025-08-24 05:00:00+00:00,42.56,42.67,42.34,42.44,71674.63
2025-08-24 06:00:00+00:00,42.44,42.5,41.97,42.07,356896.89
2025-08-24 07:00:00+00:00,42.07,42.22,41.83,41.89,354869.1
2025-08-24 08:00:00+00:00,41.89,42.12,41.78,42.09,114720.29
2025-08-24 09:00:00+00:00,42.09,42.55,42.03,42.28,155167.44
2025-08-24 10:00:00+00:00,42.28,42.3,41.84,41.9,180835.19
2025-08-24 11:00:00+00:00,41.9,42.18,41.69,41.75,425982.0
2025-08-24 12:00:00+00:00,41.75,42.03,41.69,41.78,269199.47
2025-08-24 13:00:00+00:00,41.78,43.32,41.67,42.56,1046150.07
2025-08-24 14:00:00+00:00,42.56,42.62,42.15,42.3,320298.85
2025-08-24 15:00:00+00:00,42.3,42.39,42.01,42.06,230335.73
2025-08-24 16:00:00+00:00,42.06,42.28,41.84,42.23,243447.04
2025-08-24 17:00:00+00:00,42.23,42.4,42.14,42.22,232803.73
2025-08-24 18:00:00+00:00,42.22,42.55,41.96,42.19,457517.21
2025-08-24 19:00:00+00:00,42.19,42.45,41.45,41.9,744590.33
2025-08-24 20:00:00+00:00,41.9,42.0,41.39,41.58,363399.58
2025-08-24 21:00:00+00:00,41.58,41.8,41.43,41.57,212141.08
2025-08-24 22:00:00+00:00,41.57,41.57,41.25,41.54,181199.03
2025-08-24 23:00:00+00:00,41.54,41.62,41.46,41.52,116519.43
2025-08-25 00:00:00+00:00,41.52,41.69,41.1,41.46,276911.81
2025-08-25 01:00:00+00:00,41.46,41.56,41.25,41.42,174195.73
2025-08-25 02:00:00+00:00,41.42,41.67,41.37,41.53,113199.75
2025-08-25 03:00:00+00:00,41.53,41.6,41.4,41.42,63501.35
2025-08-25 04:00:00+00:00,41.42,41.44,41.27,41.32,134710.65
2025-08-25 05:00:00+00:00,41.32,41.36,41.06,41.13,130184.92
2025-08-25 06:00:00+00:00,41.13,41.13,40.44,40.45,583434.31
2025-08-25 07:00:00+00:00,40.45,40.7,39.79,40.4,879923.83
2025-08-25 08:00:00+00:00,40.4,40.99,40.36,40.79,801351.73
2025-08-25 09:00:00+00:00,40.79,40.82,40.45,40.76,145909.82
2025-08-25 10:00:00+00:00,40.76,40.78,40.02,40.14,367854.11
2025-08-25 11:00:00+00:00,40.14,40.5,40.12,40.5,128816.8
2025-08-25 12:00:00+00:00,40.5,40.54,40.06,40.34,372253.67
2025-08-25 13:00:00+00:00,40.34,40.6,39.97,40.45,587313.75
2025-08-25 14:00:00+00:00,40.45,40.51,40.16,40.37,464400.61
2025-08-25 15:00:00+00:00,40.37,40.39,39.39,39.52,486994.28
2025-08-25 16:00:00+00:00,39.52,40.01,39.42,39.71,131584.69
2025-08-25 17:00:00+00:00,39.71,39.75,39.24,39.3,305063.96
2025-08-25 18:00:00+00:00,39.3,39.5,39.13,39.36,169473.32
2025-08-25 19:00:00+00:00,39.36,39.43,39.02,39.03,161009.38
2025-08-25 20:00:00+00:00,39.03,39.12,38.2,38.27,452312.0
2025-08-25 21:00:00+00:00,38.27,38.4,38.08,38.12,232630.7
2025-08-25 22:00:00+00:00,38.12,38.65,38.07,38.54,106892.43
2025-08-25 23:00:00+00:00,38.54,38.96,38.26,38.82,136555.6
2025-08-26 00:00:00+00:00,38.82,38.87,38.34,38.55,223971.09
2025-08-26 01:00:00+00:00,38.55,39.0,38.46,38.9,107930.63
2025-08-26 02:00:00+00:00,38.9,38.93,38.55,38.7,237267.96
2025-08-26 03:00:00+00:00,38.7,38.78,38.53,38.72,76915.57
2025-08-26 04:00:00+00:00,38.72,38.92,38.69,38.85,88109.46
2025-08-26 05:00:00+00:00,38.85,39.03,38.72,38.87,108854.23
2025-08-26 06:00:00+00:00,38.87,39.02,38.75,38.83,97832.45
2025-08-26 07:00:00+00:00,38.83,39.08,38.65,38.88,140176.62
2025-08-26 08:00:00+00:00,38.88,38.92,38.2,38.69,131889.53
2025-08-26 09:00:00+00:00,38.69,39.29,38.53,39.04,451909.91
2025-08-26 10:00:00+00:00,39.04,39.24,38.89,38.91,185779.94
2025-08-26 11:00:00+00:00,38.91,38.94,38.54,38.81,263957.21
2025-08-26 12:00:00+00:00,38.81,39.61,38.59,39.07,229585.64
2025-08-26 13:00:00+00:00,39.07,39.38,38.94,39.14,279010.04
2025-08-26 14:00:00+00:00,39.14,39.89,38.97,39.45,207496.47
2025-08-26 15:00:00+00:00,39.45,39.61,39.02,39.21,168116.81
2025-08-26 16:00:00+00:00,39.21,39.91,39.2,39.55,162660.33
2025-08-26 17:00:00+00:00,39.55,40.1,39.44,39.64,324795.16
2025-08-26 18:00:00+00:00,39.64,40.29,39.62,40.15,90618.52
2025-08-26 19:00:00+00:00,40.15,40.51,40.09,40.33,218124.41
2025-08-26 20:00:00+00:00,40.33,40.88,40.21,40.84,212578.11
2025-08-26 21:00:00+00:00,40.84,42.08,40.82,41.91,235759.97
2025-08-26 22:00:00+00:00,41.91,41.93,41.54,41.66,289826.41
2025-08-26 23:00:00+00:00,41.66,41.76,41.5,41.61,130079.58
2025-08-27 00:00:00+00:00,41.61,42.04,41.55,41.8,311613.31
2025-08-27 01:00:00+00:00,41.8,41.93,41.68,41.73,130051.01
2025-08-27 02:00:00+00:00,41.73,41.73,41.1,41.47,254407.78
2025-08-27 03:00:00+00:00,41.47,41.64,41.27,41.47,162936.61
2025-08-27 04:00:00+00:00,41.47,41.73,41.36,41.71,213525.56
2025-08-27 05:00:00+00:00,41.71,41.8,41.51,41.71,162872.38
2025-08-27 06:00:00+00:00,41.71,41.73,40.96,41.14,160693.31
2025-08-27 07:00:00+00:00,41.14,42.29,40.54,41.2,256275.67
2025-08-27 08:00:00+00:00,41.2,41.86,41.09,41.47,295088.98
2025-08-27 09:00:00+00:00,41.47,41.47,41.03,41.07,66742.74
2025-08-27 10:00:00+00:00,41.07,41.28,41.02,41.17,152026.76
2025-08-27 11:00:00+00:00,41.17,41.66,41.08,41.33,255995.06
2025-08-27 12:00:00+00:00,41.33,41.44,41.11,41.17,300783.73
2025-08-27 13:00:00+00:00,41.17,41.26,40.67,40.72,283609.88
2025-08-27 14:00:00+00:00,40.72,41.03,40.45,40.53,215130.74
2025-08-27 15:00:00+00:00,40.53,40.74,40.35,40.55,155396.07
2025-08-27 16:00:00+00:00,40.55,40.75,40.42,40.66,181394.44
2025-08-27 17:00:00+00:00,40.66,40.81,40.46,40.66,150326.78
2025-08-27 18:00:00+00:00,40.66,40.81,40.36,40.44,163560.55
2025-08-27 19:00:00+00:00,40.44,40.58,40.31,40.42,163167.5
2025-08-27 20:00:00+00:00,40.42,40.65,40.23,40.54,189165.31
2025-08-27 21:00:00+00:00,40.54,40.57,40.29,40.3,116396.84
2025-08-27 22:00:00+00:00,40.3,40.57,40.14,40.45,169599.7
2025-08-27 23:00:00+00:00,40.45,40.62,40.31,40.58,124131.42
2025-08-28 00:00:00+00:00,40.58,41.13,40.44,41.02,313549.34
2025-08-28 01:00:00+00:00,41.02,41.75,40.97,41.5,411021.98
2025-08-28 02:00:00+00:00,41.5,43.11,41.34,42.55,412656.72
2025-08-28 03:00:00+00:00,42.55,42.91,42.21,42.26,310564.17
2025-08-28 04:00:00+00:00,42.26,42.51,41.9,42.45,132983.72
2025-08-28 05:00:00+00:00,42.45,42.55,42.03,42.09,98240.74
2025-08-28 06:00:00+00:00,42.09,42.44,42.07,42.26,202391.84
2025-08-28 07:00:00+00:00,42.26,42.58,42.04,42.42,165818.12
2025-08-28 08:00:00+00:00,42.42,42.55,42.25,42.35,260219.23
2025-08-28 09:00:00+00:00,42.35,42.39,41.92,41.94,148728.98
2025-08-28 10:00:00+00:00,41.94,42.11,41.66,41.89,142809.5
2025-08-28 11:00:00+00:00,41.89,41.99,41.76,41.93,108582.65
2025-08-28 12:00:00+00:00,41.93,42.4,41.82,42.34,175302.02
2025-08-28 13:00:00+00:00,42.34,42.58,42.13,42.43,302540.75
2025-08-28 14:00:00+00:00,42.43,42.57,41.92,41.92,346370.28
2025-08-28 15:00:00+00:00,41.92,42.36,41.82,42.25,445198.03
2025-08-28 16:00:00+00:00,42.25,42.44,41.2,41.22,381531.29
2025-08-28 17:00:00+00:00,41.22,41.67,41.14,41.62,154450.04
2025-08-28 18:00:00+00:00,41.62,41.76,41.5,41.57,139028.44
2025-08-28 19:00:00+00:00,41.57,41.75,41.45,41.47,59181.02
2025-08-28 20:00:00+00:00,41.47,41.76,41.41,41.66,87193.53
2025-08-28 21:00:00+00:00,41.66,41.91,41.63,41.9,114452.83
2025-08-28 22:00:00+00:00,41.9,42.34,41.89,42.23,60952.3
2025-08-28 23:00:00+00:00,42.23,42.46,42.19,42.43,69844.79
2025-08-29 00:00:00+00:00,42.43,42.44,42.1,42.19,68825.45
2025-08-29 01:00:00+00:00,42.19,42.31,42.03,42.28,76659.0
2025-08-29 02:00:00+00:00,42.28,42.35,42.12,42.28,90235.91
2025-08-29 03:00:00+00:00,42.28,42.51,42.2,42.46,94850.05
2025-08-29 04:00:00+00:00,42.46,42.85,42.42,42.81,88771.48
2025-08-29 05:00:00+00:00,42.81,42.93,42.24,42.32,225668.0
2025-08-29 06:00:00+00:00,42.32,42.46,42.02,42.05,138692.03
2025-08-29 07:00:00+00:00,42.05,42.08,41.37,41.43,215376.21
2025-08-29 08:00:00+00:00,41.43,41.55,41.16,41.19,198779.01
2025-08-29 09:00:00+00:00,41.19,41.91,41.06,41.88,314292.65
2025-08-29 10:00:00+00:00,41.88,42.15,41.69,42.1,105925.49
2025-08-29 11:00:00+00:00,42.1,42.98,42.02,42.96,509313.42
2025-08-29 12:00:00+00:00,42.96,43.74,42.75,43.47,556235.76
2025-08-29 13:00:00+00:00,43.47,43.5,42.67,42.93,383156.26
2025-08-29 14:00:00+00:00,42.93,43.52,42.73,43.18,706168.1
2025-08-29 15:00:00+00:00,43.18,43.38,41.9,41.95,533850.69
2025-08-29 16:00:00+00:00,41.95,42.3,41.61,41.85,318463.08
2025-08-29 17:00:00+00:00,41.85,41.94,41.06,41.1,277238.59
2025-08-29 18:00:00+00:00,41.1,41.1,40.53,40.73,257095.21
2025-08-29 19:00:00+00:00,40.73,40.98,40.62,40.67,166968.7
2025-08-29 20:00:00+00:00,40.67,40.68,40.11,40.15,159147.47
2025-08-29 21:00:00+00:00,40.15,40.75,40.07,40.73,94330.11
2025-08-29 22:00:00+00:00,40.73,40.76,40.27,40.31,127898.99
2025-08-29 23:00:00+00:00,40.31,40.56,40.18,40.19,84448.29
2025-08-30 00:00:00+00:00,40.19,40.19,39.98,40.09,147046.83
2025-08-30 01:00:00+00:00,40.09,40.12,39.67,39.68,206805.55
2025-08-30 02:00:00+00:00,39.68,40.09,39.56,39.88,159956.4
2025-08-30 03:00:00+00:00,39.88,40.29,39.84,40.0,205740.03
2025-08-30 04:00:00+00:00,40.0,40.2,39.99,40.17,98162.34
2025-08-30 05:00:00+00:00,40.17,40.21,39.99,40.04,107756.81
2025-08-30 06:00:00+00:00,40.04,40.09,39.91,39.99,91512.71
2025-08-30 07:00:00+00:00,39.99,40.13,39.97,40.04,164504.71
2025-08-30 08:00:00+00:00,40.04,40.29,40.0,40.06,204451.2
2025-08-30 09:00:00+00:00,40.06,40.07,39.96,40.01,78163.59
2025-08-30 10:00:00+00:00,40.01,40.06,39.92,40.01,144744.73
2025-08-30 11:00:00+00:00,40.01,40.02,39.66,39.89,178133.67
2025-08-30 12:00:00+00:00,39.89,40.06,39.72,39.81,172041.97
2025-08-30 13:00:00+00:00,39.81,39.82,39.55,39.64,246688.7
2025-08-30 14:00:00+00:00,39.64,39.82,39.54,39.77,81948.96
2025-08-30 15:00:00+00:00,39.77,40.16,39.68,39.89,212444.74
2025-08-30 16:00:00+00:00,39.89,39.99,39.82,39.86,104127.85
2025-08-30 17:00:00+00:00,39.86,40.01,39.84,40.0,111808.06
2025-08-30 18:00:00+00:00,40.0,40.03,39.85,39.87,58051.98
2025-08-30 19:00:00+00:00,39.87,39.87,39.68,39.81,69991.09
2025-08-30 20:00:00+00:00,39.81,39.93,39.79,39.93,36860.82
2025-08-30 21:00:00+00:00,39.93,40.11,39.9,40.1,42835.02
2025-08-30 22:00:00+00:00,40.1,40.11,39.92,39.97,152177.98
2025-08-30 23:00:00+00:00,39.97,40.09,39.8,40.0,129052.97
2025-08-31 00:00:00+00:00,40.0,40.21,39.84,40.2,148617.34
2025-08-31 01:00:00+00:00,40.2,40.36,40.12,40.33,101226.26
2025-08-31 02:00:00+00:00,40.33,40.44,40.31,40.44,56707.46
2025-08-31 03:00:00+00:00,40.44,40.65,40.4,40.53,89282.63
2025-08-31 04:00:00+00:00,40.53,40.56,40.03,40.06,98188.76
2025-08-31 05:00:00+00:00,40.06,40.22,39.9,39.98,141243.2
2025-08-31 06:00:00+00:00,39.98,40.07,39.92,39.97,72314.56
2025-08-31 07:00:00+00:00,39.97,40.13,39.92,39.96,127482.75
2025-08-31 08:00:00+00:00,39.96,40.12,39.92,40.1,109180.15
2025-08-31 09:00:00+00:00,40.1,40.44,40.07,40.08,203106.75
2025-08-31 10:00:00+00:00,40.08,40.15,39.93,40.03,93116.34
2025-08-31 11:00:00+00:00,40.03,40.37,39.97,40.37,152247.06
2025-08-31 12:00:00+00:00,40.37,40.44,40.15,40.34,91808.18
2025-08-31 13:00:00+00:00,40.34,40.38,40.09,40.14,71937.42
2025-08-31 14:00:00+00:00,40.14,40.24,39.96,40.0,122370.56
2025-08-31 15:00:00+00:00,40.0,40.29,39.98,40.28,46049.72
2025-08-31 16:00:00+00:00,40.28,40.31,40.07,40.18,58919.12
2025-08-31 17:00:00+00:00,40.18,40.28,40.09,40.18,76282.36
2025-08-31 18:00:00+00:00,40.18,40.59,40.12,40.57,252214.75
2025-08-31 19:00:00+00:00,40.57,40.64,40.42,40.55,124594.11
2025-08-31 20:00:00+00:00,40.55,40.75,40.5,40.68,82986.73
2025-08-31 21:00:00+00:00,40.68,40.98,40.56,40.85,147991.54
2025-08-31 22:00:00+00:00,40.85,41.36,40.81,40.86,497308.05
2025-08-31 23:00:00+00:00,40.86,40.86,40.28,40.35,156439.77
2025-09-01 00:00:00+00:00,40.35,40.35,39.87,39.97,230508.63
2025-09-01 01:00:00+00:00,39.97,40.06,39.65,39.68,233007.23
2025-09-01 02:00:00+00:00,39.68,39.73,38.78,38.88,537951.32
2025-09-01 03:00:00+00:00,38.88,39.0,38.77,38.9,210142.91
2025-09-01 04:00:00+00:00,38.9,39.09,38.7,38.82,402664.82
2025-09-01 05:00:00+00:00,38.82,39.43,38.73,39.27,356451.1
2025-09-01 06:00:00+00:00,39.27,39.27,38.7,38.93,276180.32
2025-09-01 07:00:00+00:00,38.93,40.05,38.92,40.04,553064.96
2025-09-01 08:00:00+00:00,40.04,40.7,40.04,40.56,359366.16
2025-09-01 09:00:00+00:00,40.56,41.14,40.54,41.01,358763.55
2025-09-01 10:00:00+00:00,41.01,41.01,40.09,40.18,399618.01
2025-09-01 11:00:00+00:00,40.18,40.77,40.13,40.17,419428.0
2025-09-01 12:00:00+00:00,40.17,40.35,39.9,39.9,215180.98
2025-09-01 13:00:00+00:00,39.9,39.93,39.57,39.71,258037.82
2025-09-01 14:00:00+00:00,39.71,39.83,39.49,39.68,162087.91
2025-09-01 15:00:00+00:00,39.68,39.7,39.34,39.39,97926.92
2025-09-01 16:00:00+00:00,39.39,39.59,39.28,39.37,96226.01
2025-09-01 17:00:00+00:00,39.37,40.01,39.32,39.91,308504.4
2025-09-01 18:00:00+00:00,39.91,40.08,39.81,40.0,124607.45
2025-09-01 19:00:00+00:00,40.0,40.22,39.97,40.18,66581.87
2025-09-01 20:00:00+00:00,40.18,40.33,39.69,39.92,157513.6
2025-09-01 21:00:00+00:00,39.92,40.1,39.58,39.82,90181.62
2025-09-01 22:00:00+00:00,39.82,40.16,39.63,40.09,136887.12
2025-09-01 23:00:00+00:00,40.09,40.57,40.07,40.49,142378.24
2025-09-02 00:00:00+00:00,40.49,40.56,39.82,39.97,219227.91
2025-09-02 01:00:00+00:00,39.97,40.27,39.81,40.14,203959.4
2025-09-02 02:00:00+00:00,40.14,40.52,39.96,40.51,203708.07
2025-09-02 03:00:00+00:00,40.51,40.59,40.39,40.51,81504.3
2025-09-02 04:00:00+00:00,40.51,40.98,40.48,40.94,183905.08
2025-09-02 05:00:00+00:00,40.94,41.03,40.74,40.76,106491.02
2025-09-02 06:00:00+00:00,40.76,41.15,40.75,41.03,137067.59
2025-09-02 07:00:00+00:00,41.03,41.08,40.65,40.71,165966.31
2025-09-02 08:00:00+00:00,40.71,40.98,40.71,40.93,147511.25
2025-09-02 09:00:00+00:00,40.93,41.66,40.88,41.44,367141.52
2025-09-02 10:00:00+00:00,41.44,41.64,41.38,41.54,169257.55
2025-09-02 11:00:00+00:00,41.54,41.81,41.47,41.55,268966.24
2025-09-02 12:00:00+00:00,41.55,41.66,40.58,40.65,393569.28
2025-09-02 13:00:00+00:00,40.65,41.51,40.64,41.49,636504.02
2025-09-02 14:00:00+00:00,41.49,41.67,41.03,41.13,404304.33
2025-09-02 15:00:00+00:00,41.13,41.26,40.67,40.89,477682.14
2025-09-02 16:00:00+00:00,40.89,41.55,40.88,41.54,169871.07
2025-09-02 17:00:00+00:00,41.54,41.8,41.42,41.78,173120.01
2025-09-02 18:00:00+00:00,41.78,41.79,41.3,41.39,194707.12
2025-09-02 19:00:00+00:00,41.39,41.55,41.34,41.46,111844.7
2025-09-02 20:00:00+00:00,41.46,41.61,41.29,41.5,298097.14
2025-09-02 21:00:00+00:00,41.5,41.56,41.37,41.43,261397.4
2025-09-02 22:00:00+00:00,41.43,41.58,41.24,41.54,168209.54
2025-09-02 23:00:00+00:00,41.54,41.59,41.44,41.56,89190.47
2025-09-03 00:00:00+00:00,41.56,41.61,41.48,41.52,144610.73
2025-09-03 01:00:00+00:00,41.52,41.65,41.34,41.63,176112.11
2025-09-03 02:00:00+00:00,41.63,41.66,41.16,41.25,329470.07
2025-09-03 03:00:00+00:00,41.25,41.31,41.07,41.31,201038.15
2025-09-03 04:00:00+00:00,41.31,41.33,41.08,41.21,69800.28
2025-09-03 05:00:00+00:00,41.21,41.21,40.8,40.93,110281.59
2025-09-03 06:00:00+00:00,40.93,41.17,40.89,41.08,130304.54
2025-09-03 07:00:00+00:00,41.08,41.22,40.87,41.2,143401.79
2025-09-03 08:00:00+00:00,41.2,42.54,41.15,42.13,686186.39
2025-09-03 09:00:00+00:00,42.13,42.24,41.84,42.17,202098.22
2025-09-03 10:00:00+00:00,42.17,42.59,42.14,42.45,161299.68
2025-09-03 11:00:00+00:00,42.45,42.97,42.27,42.37,467760.68
2025-09-03 12:00:00+00:00,42.37,42.51,42.1,42.14,200779.61
2025-09-03 13:00:00+00:00,42.14,42.5,42.12,42.34,130566.78
2025-09-03 14:00:00+00:00,42.34,42.61,42.3,42.48,171751.58
2025-09-03 15:00:00+00:00,42.48,42.57,42.33,42.49,69688.06
2025-09-03 16:00:00+00:00,42.49,43.09,42.31,42.54,181918.94
2025-09-03 17:00:00+00:00,42.54,43.0,42.54,42.9,167980.33
2025-09-03 18:00:00+00:00,42.9,42.93,42.5,42.64,174927.38
2025-09-03 19:00:00+00:00,42.64,42.79,42.55,42.57,196628.75
2025-09-03 20:00:00+00:00,42.57,42.69,41.74,41.85,526356.84
2025-09-03 21:00:00+00:00,41.85,42.07,41.49,41.78,311047.62
2025-09-03 22:00:00+00:00,41.78,41.94,41.47,41.48,157270.26
2025-09-03 23:00:00+00:00,41.48,41.57,41.43,41.55,128743.57
2025-09-04 00:00:00+00:00,41.55,41.62,41.44,41.45,89037.33
2025-09-04 01:00:00+00:00,41.45,41.45,41.08,41.13,186117.72
2025-09-04 02:00:00+00:00,41.13,41.16,40.93,40.94,72356.31
2025-09-04 03:00:00+00:00,40.94,40.94,40.5,40.52,105898.28
2025-09-04 04:00:00+00:00,40.52,40.67,40.45,40.47,122049.92
2025-09-04 05:00:00+00:00,40.47,40.49,40.23,40.39,256444.3
2025-09-04 06:00:00+00:00,40.39,40.42,40.21,40.29,184598.5
2025-09-04 07:00:00+00:00,40.29,40.59,40.25,40.53,149950.8
2025-09-04 08:00:00+00:00,40.53,40.78,40.42,40.61,189708.91
2025-09-04 09:00:00+00:00,40.61,40.61,40.36,40.54,140823.96
2025-09-04 10:00:00+00:00,40.54,40.66,40.44,40.54,128142.29
2025-09-04 11:00:00+00:00,40.54,40.8,40.48,40.58,184230.32
2025-09-04 12:00:00+00:00,40.58,40.8,40.49,40.74,124334.36
2025-09-04 13:00:00+00:00,40.74,40.8,40.55,40.6,92953.89
2025-09-04 14:00:00+00:00,40.6,40.88,40.31,40.71,193722.62
2025-09-04 15:00:00+00:00,40.71,40.75,40.27,40.33,197343.29
2025-09-04 16:00:00+00:00,40.33,40.39,40.19,40.31,140599.16
2025-09-04 17:00:00+00:00,40.31,40.37,40.24,40.27,76288.24
2025-09-04 18:00:00+00:00,40.27,40.48,40.26,40.38,202148.69
2025-09-04 19:00:00+00:00,40.38,40.67,40.37,40.55,106247.2
2025-09-04 20:00:00+00:00,40.55,40.85,40.53,40.74,155470.74
2025-09-04 21:00:00+00:00,40.74,40.81,40.68,40.79,46610.12
2025-09-04 22:00:00+00:00,40.79,40.9,40.66,40.89,63383.49
2025-09-04 23:00:00+00:00,40.89,40.94,40.71,40.75,78401.67
2025-09-05 00:00:00+00:00,40.75,41.0,40.7,40.99,135496.8
2025-09-05 01:00:00+00:00,40.99,41.52,40.92,41.26,358087.18
2025-09-05 02:00:00+00:00,41.26,41.68,41.24,41.44,188536.53
2025-09-05 03:00:00+00:00,41.44,41.45,41.01,41.31,115730.56
2025-09-05 04:00:00+00:00,41.31,41.47,41.18,41.41,43670.64
2025-09-05 05:00:00+00:00,41.41,41.49,41.04,41.31,258745.04
2025-09-05 06:00:00+00:00,41.31,41.55,41.24,41.35,135467.77
2025-09-05 07:00:00+00:00,41.35,41.84,41.35,41.8,161665.93
2025-09-05 08:00:00+00:00,41.8,41.88,41.51,41.86,231669.04
2025-09-05 09:00:00+00:00,41.86,41.86,41.33,41.54,166299.74
2025-09-05 10:00:00+00:00,41.54,41.63,41.4,41.42,88802.19
2025-09-05 11:00:00+00:00,41.42,41.49,41.31,41.39,64211.07
2025-09-05 12:00:00+00:00,41.39,41.51,41.05,41.51,387068.24
2025-09-05 13:00:00+00:00,41.51,41.69,41.2,41.36,166470.96
2025-09-05 14:00:00+00:00,41.36,41.4,40.59,40.73,198046.9
2025-09-05 15:00:00+00:00,40.73,41.02,40.67,40.79,111655.35
2025-09-05 16:00:00+00:00,40.79,41.03,40.74,40.97,173935.11
2025-09-05 17:00:00+00:00,40.97,41.03,40.67,40.71,114081.7
2025-09-05 18:00:00+00:00,40.71,40.96,40.62,40.9,130121.72
2025-09-05 19:00:00+00:00,40.9,41.05,40.85,41.05,57452.4
2025-09-05 20:00:00+00:00,41.05,41.31,41.04,41.18,131796.46
2025-09-05 21:00:00+00:00,41.18,41.18,40.87,41.04,123314.31
2025-09-05 22:00:00+00:00,41.04,41.1,40.95,41.02,40842.3
2025-09-05 23:00:00+00:00,41.02,41.17,40.97,41.09,101152.08
2025-09-06 00:00:00+00:00,41.09,41.19,40.9,41.18,133840.22
2025-09-06 01:00:00+00:00,41.18,41.2,41.07,41.15,34007.01
2025-09-06 02:00:00+00:00,41.15,41.33,41.06,41.29,89202.24
2025-09-06 03:00:00+00:00,41.29,41.52,41.29,41.51,99793.0
2025-09-06 04:00:00+00:00,41.51,41.54,41.38,41.51,93038.2
2025-09-06 05:00:00+00:00,41.51,41.69,41.39,41.62,130893.12
2025-09-06 06:00:00+00:00,41.62,41.75,41.54,41.69,154265.98
2025-09-06 07:00:00+00:00,41.69,42.19,41.65,42.12,342405.34
2025-09-06 08:00:00+00:00,42.12,42.33,41.92,41.96,229899.54
2025-09-06 09:00:00+00:00,41.96,42.45,41.94,42.37,159927.39
2025-09-06 10:00:00+00:00,42.37,42.64,42.22,42.51,220469.24
2025-09-06 11:00:00+00:00,42.51,42.64,41.88,42.26,244502.69
2025-09-06 12:00:00+00:00,42.26,42.66,42.21,42.56,168376.0
2025-09-06 13:00:00+00:00,42.56,42.87,42.41,42.74,373463.63
2025-09-06 14:00:00+00:00,42.74,42.92,42.56,42.57,245858.16
2025-09-06 15:00:00+00:00,42.57,42.71,42.45,42.54,164009.08
2025-09-06 16:00:00+00:00,42.54,43.09,42.46,43.04,378125.65
2025-09-06 17:00:00+00:00,43.04,43.1,42.74,42.97,207368.59
2025-09-06 18:00:00+00:00,42.97,43.35,42.73,43.21,332519.26
2025-09-06 19:00:00+00:00,43.21,44.03,43.21,43.85,494077.42
2025-09-06 20:00:00+00:00,43.85,44.73,43.7,44.52,567592.2
2025-09-06 21:00:00+00:00,44.52,45.61,44.4,45.43,676483.17
2025-09-06 22:00:00+00:00,45.43,46.71,45.43,46.61,896409.97
2025-09-06 23:00:00+00:00,46.61,47.83,46.18,47.49,1147091.34
2025-09-07 00:00:00+00:00,47.49,47.96,45.58,46.23,1394854.23
2025-09-07 01:00:00+00:00,46.23,47.28,46.22,47.11,709493.69
2025-09-07 02:00:00+00:00,47.11,47.38,46.79,47.31,578164.53
2025-09-07 03:00:00+00:00,47.31,47.62,46.46,46.68,692484.34
2025-09-07 04:00:00+00:00,46.68,47.12,46.67,46.95,381240.94
2025-09-07 05:00:00+00:00,46.95,47.25,46.76,46.79,412634.4
2025-09-07 06:00:00+00:00,46.79,47.01,46.75,46.88,390867.2
2025-09-07 07:00:00+00:00,46.88,47.4,46.71,47.16,613618.06
2025-09-07 08:00:00+00:00,47.16,47.45,46.93,47.4,669210.77
2025-09-07 09:00:00+00:00,47.4,47.4,46.81,47.15,414529.57
2025-09-07 10:00:00+00:00,47.15,47.34,46.56,46.84,364828.64
2025-09-07 11:00:00+00:00,46.84,47.26,46.81,47.22,305527.8
2025-09-07 12:00:00+00:00,47.22,47.83,46.98,47.59,550193.56
2025-09-07 13:00:00+00:00,47.59,48.49,47.51,48.04,570139.36
2025-09-07 14:00:00+00:00,48.04,48.35,47.62,48.11,510983.87
2025-09-07 15:00:00+00:00,48.11,48.34,47.09,47.63,638243.44
2025-09-07 16:00:00+00:00,47.63,48.19,47.59,48.03,368015.93
2025-09-07 17:00:00+00:00,48.03,48.16,47.8,47.82,290806.9
2025-09-07 18:00:00+00:00,47.82,48.06,47.41,47.71,406468.9
2025-09-07 19:00:00+00:00,47.71,48.37,47.69,48.34,230267.07
2025-09-07 20:00:00+00:00,48.34,48.54,48.07,48.27,382446.58
2025-09-07 21:00:00+00:00,48.27,48.33,47.86,48.04,324336.81
2025-09-07 22:00:00+00:00,48.04,48.22,47.96,48.07,182854.87
2025-09-07 23:00:00+00:00,48.07,48.49,47.95,48.33,285992.13
2025-09-08 00:00:00+00:00,48.33,48.45,48.01,48.36,301521.82
2025-09-08 01:00:00+00:00,48.36,49.55,48.32,49.45,427628.01
2025-09-08 02:00:00+00:00,49.45,50.87,49.39,50.02,730179.76
2025-09-08 03:00:00+00:00,50.02,50.37,49.34,49.88,617897.85
2025-09-08 04:00:00+00:00,49.88,50.02,49.46,49.78,460153.39
2025-09-08 05:00:00+00:00,49.78,49.86,48.92,49.0,606226.14
2025-09-08 06:00:00+00:00,49.0,49.49,48.84,48.97,432354.24
2025-09-08 07:00:00+00:00,48.97,49.19,48.84,49.06,280864.04
2025-09-08 08:00:00+00:00,49.06,49.24,48.74,48.78,307493.71
2025-09-08 09:00:00+00:00,48.78,48.97,48.13,48.36,587910.2
2025-09-08 10:00:00+00:00,48.36,48.9,48.26,48.76,407589.23
2025-09-08 11:00:00+00:00,48.76,48.93,48.51,48.74,264884.43
2025-09-08 12:00:00+00:00,48.74,49.22,48.6,48.69,430168.68
2025-09-08 13:00:00+00:00,48.69,49.47,48.61,49.34,477894.01
2025-09-08 14:00:00+00:00,49.34,49.74,49.18,49.19,402794.68
2025-09-08 15:00:00+00:00,49.19,49.27,48.59,48.83,342485.57
2025-09-08 16:00:00+00:00,48.83,49.71,48.79,49.67,558629.97
2025-09-08 17:00:00+00:00,49.67,50.04,49.3,49.83,578538.1
2025-09-08 18:00:00+00:00,49.83,51.95,49.76,51.53,1361847.18
2025-09-08 19:00:00+00:00,51.53,52.23,50.98,51.88,991487.76
2025-09-08 20:00:00+00:00,51.88,51.91,50.86,50.97,351697.69
2025-09-08 21:00:00+00:00,50.97,50.99,50.52,50.76,283636.75
2025-09-08 22:00:00+00:00,50.76,50.99,50.51,50.86,216876.64
2025-09-08 23:00:00+00:00,50.86,51.44,50.66,50.67,469835.21
2025-09-09 00:00:00+00:00,50.67,51.3,50.64,50.92,451631.95
2025-09-09 01:00:00+00:00,50.92,51.01,50.03,50.18,558693.69
2025-09-09 02:00:00+00:00,50.18,50.26,49.53,49.64,521421.31
2025-09-09 03:00:00+00:00,49.64,49.76,49.45,49.67,311045.78
2025-09-09 04:00:00+00:00,49.67,49.9,49.5,49.56,350398.49
2025-09-09 05:00:00+00:00,49.56,49.77,49.41,49.72,263041.74
2025-09-09 06:00:00+00:00,49.72,50.05,49.72,49.92,312210.24
2025-09-09 07:00:00+00:00,49.92,50.3,49.9,50.2,372471.34
2025-09-09 08:00:00+00:00,50.2,50.4,50.2,50.29,328667.02
2025-09-09 09:00:00+00:00,50.29,50.76,50.22,50.72,405957.81
2025-09-09 10:00:00+00:00,50.72,50.83,50.12,50.51,476732.12
2025-09-09 11:00:00+00:00,50.51,50.61,50.01,50.37,345948.3
2025-09-09 12:00:00+00:00,50.37,50.83,50.02,50.07,448170.27
2025-09-09 13:00:00+00:00,50.07,50.34,49.93,50.06,359867.53
2025-09-09 14:00:00+00:00,50.06,50.34,49.51,49.67,444095.21
2025-09-09 15:00:00+00:00,49.67,49.81,48.95,49.32,723912.43
2025-09-09 16:00:00+00:00,49.32,49.37,48.38,48.67,1055034.47
2025-09-09 17:00:00+00:00,48.67,48.91,48.54,48.58,275585.58
2025-09-09 18:00:00+00:00,48.58,48.85,48.45,48.47,231010.87
2025-09-09 19:00:00+00:00,48.47,48.62,48.11,48.28,361599.32
2025-09-09 20:00:00+00:00,48.28,48.4,47.98,48.08,179307.31
2025-09-09 21:00:00+00:00,48.08,48.08,47.75,47.8,163053.51
2025-09-09 22:00:00+00:00,47.8,48.25,47.73,48.2,189386.5
2025-09-09 23:00:00+00:00,48.2,48.37,48.1,48.34,155691.32
2025-09-10 00:00:00+00:00,48.34,48.68,48.0,48.45,314730.77
2025-09-10 01:00:00+00:00,48.45,49.15,48.28,48.57,358865.48
2025-09-10 02:00:00+00:00,48.57,49.06,48.24,48.43,487044.33
2025-09-10 03:00:00+00:00,48.43,48.54,48.26,48.39,218260.9
2025-09-10 04:00:00+00:00,48.39,48.55,48.24,48.52,163544.48
2025-09-10 05:00:00+00:00,48.52,48.64,48.35,48.46,159490.7
2025-09-10 06:00:00+00:00,48.46,48.66,48.33,48.41,228686.88
2025-09-10 07:00:00+00:00,48.41,48.73,48.35,48.61,230665.34
2025-09-10 08:00:00+00:00,48.61,48.65,48.32,48.37,187065.71
2025-09-10 09:00:00+00:00,48.37,48.45,48.12,48.16,204938.23
2025-09-10 10:00:00+00:00,48.16,48.33,47.94,48.09,167963.42
2025-09-10 11:00:00+00:00,48.09,48.26,47.96,48.26,125222.55
2025-09-10 12:00:00+00:00,48.26,48.46,47.91,48.38,258762.54
2025-09-10 13:00:00+00:00,48.38,49.11,48.26,48.38,410575.82
2025-09-10 14:00:00+00:00,48.38,48.55,48.03,48.08,206716.98
2025-09-10 15:00:00+00:00,48.08,48.48,47.97,48.29,327468.87
2025-09-10 16:00:00+00:00,48.29,48.32,48.02,48.15,188032.42
2025-09-10 17:00:00+00:00,48.15,48.25,48.0,48.21,156479.47
2025-09-10 18:00:00+00:00,48.21,48.26,47.88,48.05,270332.71
2025-09-10 19:00:00+00:00,48.05,48.08,47.32,47.4,399031.52
2025-09-10 20:00:00+00:00,47.4,47.65,47.25,47.6,249748.84
2025-09-10 21:00:00+00:00,47.6,47.96,47.53,47.87,111142.6
2025-09-10 22:00:00+00:00,47.87,48.23,47.81,47.96,214579.32
2025-09-10 23:00:00+00:00,47.96,48.02,47.87,47.89,92731.31
2025-09-11 00:00:00+00:00,47.89,47.89,47.6,47.75,146511.27
2025-09-11 01:00:00+00:00,47.75,47.87,47.48,47.51,151619.65
2025-09-11 02:00:00+00:00,47.51,47.55,47.23,47.26,275461.97
2025-09-11 03:00:00+00:00,47.26,47.52,47.21,47.48,147891.68
2025-09-11 04:00:00+00:00,47.48,47.67,47.39,47.67,240465.2
2025-09-11 05:00:00+00:00,47.67,47.71,47.24,47.31,193760.07
2025-09-11 06:00:00+00:00,47.31,47.47,47.2,47.31,179615.83
2025-09-11 07:00:00+00:00,47.31,47.51,47.2,47.48,176864.71
2025-09-11 08:00:00+00:00,47.48,47.69,47.29,47.45,231224.05
2025-09-11 09:00:00+00:00,47.45,47.74,47.09,47.58,270691.16
2025-09-11 10:00:00+00:00,47.58,47.8,47.46,47.65,158297.82
2025-09-11 11:00:00+00:00,47.65,47.74,47.27,47.34,175607.75
2025-09-11 12:00:00+00:00,47.34,47.95,46.72,47.84,869270.94
2025-09-11 13:00:00+00:00,47.84,48.19,47.35,48.17,360390.68
2025-09-11 14:00:00+00:00,48.17,48.18,47.62,47.79,279180.71
2025-09-11 15:00:00+00:00,47.79,47.94,47.4,47.61,237674.44
2025-09-11 16:00:00+00:00,47.61,47.8,47.53,47.62,187011.98
2025-09-11 17:00:00+00:00,47.62,48.29,47.57,48.0,255683.32
2025-09-11 18:00:00+00:00,48.0,48.11,47.72,47.88,172362.55
2025-09-11 19:00:00+00:00,47.88,48.09,47.57,47.58,161278.94
2025-09-11 20:00:00+00:00,47.58,47.79,47.46,47.56,175443.39
2025-09-11 21:00:00+00:00,47.56,47.89,47.38,47.8,110759.4
2025-09-11 22:00:00+00:00,47.8,47.97,47.69,47.87,122072.17
2025-09-11 23:00:00+00:00,47.87,48.15,47.79,47.92,124848.98
2025-09-12 00:00:00+00:00,47.92,48.18,47.69,48.0,208645.26
2025-09-12 01:00:00+00:00,48.0,48.26,47.98,48.13,156576.31
2025-09-12 02:00:00+00:00,48.13,48.49,48.1,48.19,151114.91
2025-09-12 03:00:00+00:00,48.19,48.21,47.73,47.92,204189.81
2025-09-12 04:00:00+00:00,47.92,47.94,47.6,47.93,178472.0
2025-09-12 05:00:00+00:00,47.93,47.93,47.61,47.68,178103.5
2025-09-12 06:00:00+00:00,47.68,48.09,47.64,48.02,204178.0
2025-09-12 07:00:00+00:00,48.02,48.35,47.62,47.81,341069.09
2025-09-12 08:00:00+00:00,47.81,47.83,47.25,47.27,290539.51
2025-09-12 09:00:00+00:00,47.27,47.44,47.2,47.43,138993.99
2025-09-12 10:00:00+00:00,47.43,47.58,47.28,47.56,135462.16
2025-09-12 11:00:00+00:00,47.56,47.69,47.34,47.36,186083.44
2025-09-12 12:00:00+00:00,47.36,47.77,47.3,47.7,282219.62
2025-09-12 13:00:00+00:00,47.7,48.29,47.58,48.2,173443.73
2025-09-12 14:00:00+00:00,48.2,48.51,48.09,48.36,211584.64
2025-09-12 15:00:00+00:00,48.36,49.01,48.34,48.66,319021.51
2025-09-12 16:00:00+00:00,48.66,49.42,48.08,48.64,614113.97
2025-09-12 17:00:00+00:00,48.64,48.92,48.59,48.79,269784.65
2025-09-12 18:00:00+00:00,48.79,50.13,48.69,49.8,624556.11
2025-09-12 19:00:00+00:00,49.8,50.34,49.45,50.11,339774.98
2025-09-12 20:00:00+00:00,50.11,50.17,49.53,49.56,197538.53
2025-09-12 21:00:00+00:00,49.56,49.56,49.24,49.38,75951.48
2025-09-12 22:00:00+00:00,49.38,49.83,49.32,49.75,110321.3
2025-09-12 23:00:00+00:00,49.75,49.77,49.51,49.73,162636.83
2025-09-13 00:00:00+00:00,49.73,49.84,49.39,49.55,200573.69
2025-09-13 01:00:00+00:00,49.55,49.94,49.39,49.4,100322.77
2025-09-13 02:00:00+00:00,49.4,49.52,49.15,49.33,122637.45
2025-09-13 03:00:00+00:00,49.33,49.42,49.18,49.32,119474.29
2025-09-13 04:00:00+00:00,49.32,49.35,49.14,49.23,87935.47
2025-09-13 05:00:00+00:00,49.23,49.35,48.96,49.21,165781.46
2025-09-13 06:00:00+00:00,49.21,49.33,48.88,48.91,159390.45
2025-09-13 07:00:00+00:00,48.91,49.59,48.89,49.55,235970.42
2025-09-13 08:00:00+00:00,49.55,49.76,49.41,49.65,111268.67
2025-09-13 09:00:00+00:00,49.65,50.73,49.45,50.14,468391.01
2025-09-13 10:00:00+00:00,50.14,50.24,49.83,49.98,204307.38
2025-09-13 11:00:00+00:00,49.98,50.15,49.73,50.07,158976.82
2025-09-13 12:00:00+00:00,50.07,50.92,49.91,50.9,591516.17
2025-09-13 13:00:00+00:00,50.9,51.02,49.7,50.46,368767.52
2025-09-13 14:00:00+00:00,50.46,50.56,50.1,50.25,223438.13
2025-09-13 15:00:00+00:00,50.25,50.54,49.51,50.08,386645.48
2025-09-13 16:00:00+00:00,50.08,50.28,49.51,49.6,288126.38
2025-09-13 17:00:00+00:00,49.6,49.83,49.19,49.55,188044.41
2025-09-13 18:00:00+00:00,49.55,50.03,49.42,50.02,144408.48
2025-09-13 19:00:00+00:00,50.02,50.24,49.82,50.17,121555.93
2025-09-13 20:00:00+00:00,50.17,50.44,50.08,50.39,150952.69
2025-09-13 21:00:00+00:00,50.39,50.63,50.37,50.54,72623.93
2025-09-13 22:00:00+00:00,50.54,52.77,50.48,51.89,1268074.09
2025-09-13 23:00:00+00:00,51.89,53.04,51.6,52.84,636894.38
2025-09-14 00:00:00+00:00,52.84,53.5,52.78,53.43,758625.71
2025-09-14 01:00:00+00:00,53.43,53.95,53.06,53.73,453693.13
2025-09-14 02:00:00+00:00,53.73,53.91,53.12,53.7,336743.45
2025-09-14 03:00:00+00:00,53.7,53.91,53.25,53.58,532811.9
2025-09-14 04:00:00+00:00,53.58,54.0,53.3,53.81,489294.33
2025-09-14 05:00:00+00:00,53.81,54.26,53.45,53.83,338708.85
2025-09-14 06:00:00+00:00,53.83,55.23,53.75,53.97,1562270.29
2025-09-14 07:00:00+00:00,53.97,54.59,53.79,54.02,374092.35
2025-09-14 08:00:00+00:00,54.02,55.06,53.97,54.6,791165.29
2025-09-14 09:00:00+00:00,54.6,54.8,53.98,54.79,372891.65
2025-09-14 10:00:00+00:00,54.79,55.51,54.59,55.37,586683.03
2025-09-14 11:00:00+00:00,55.37,55.52,53.33,53.61,947991.88
2025-09-14 12:00:00+00:00,53.61,53.92,53.13,53.27,489360.83
2025-09-14 13:00:00+00:00,53.27,53.62,52.52,53.09,730984.24
2025-09-14 14:00:00+00:00,53.09,53.22,52.37,52.93,468418.62
2025-09-14 15:00:00+00:00,52.93,52.97,52.36,52.39,371969.67
2025-09-14 16:00:00+00:00,52.39,53.22,52.38,52.89,315872.64
2025-09-14 17:00:00+00:00,52.89,53.45,52.82,53.12,310138.74
2025-09-14 18:00:00+00:00,53.12,53.14,52.68,52.73,189905.5
2025-09-14 19:00:00+00:00,52.73,53.06,52.53,52.81,198418.54
2025-09-14 20:00:00+00:00,52.81,53.19,50.96,51.26,1144692.51
2025-09-14 21:00:00+00:00,51.26,51.8,50.85,51.54,566403.27
2025-09-14 22:00:00+00:00,51.54,51.69,51.25,51.57,192147.37
2025-09-14 23:00:00+00:00,51.57,51.65,50.22,50.43,616054.77
2025-09-15 00:00:00+00:00,50.43,50.66,50.18,50.27,237573.69
2025-09-15 01:00:00+00:00,50.27,50.82,49.66,50.68,470595.6
2025-09-15 02:00:00+00:00,50.68,51.01,50.6,50.76,233650.26
2025-09-15 03:00:00+00:00,50.76,51.24,50.27,51.2,352151.63
2025-09-15 04:00:00+00:00,51.2,51.69,51.11,51.34,240221.17
2025-09-15 05:00:00+00:00,51.34,51.94,51.29,51.93,195273.39
2025-09-15 06:00:00+00:00,51.93,52.01,50.96,51.06,296731.3
2025-09-15 07:00:00+00:00,51.06,51.39,50.49,50.72,422888.42
2025-09-15 08:00:00+00:00,50.72,51.01,50.34,50.38,630432.42
2025-09-15 09:00:00+00:00,50.38,51.21,50.34,50.87,280033.89
2025-09-15 10:00:00+00:00,50.87,51.15,50.58,50.67,296567.49
2025-09-15 11:00:00+00:00,50.67,51.33,50.58,50.99,521786.5
2025-09-15 12:00:00+00:00,50.99,51.0,50.61,50.66,189298.64
2025-09-15 13:00:00+00:00,50.66,50.81,49.87,50.0,500315.61
2025-09-15 14:00:00+00:00,50.0,50.21,49.11,49.72,802956.92
2025-09-15 15:00:00+00:00,49.72,50.36,49.44,50.22,328275.97
2025-09-15 16:00:00+00:00,50.22,50.23,49.61,49.72,208666.32
2025-09-15 17:00:00+00:00,49.72,50.56,49.71,50.49,161566.21
2025-09-15 18:00:00+00:00,50.49,50.61,50.13,50.29,145639.98
2025-09-15 19:00:00+00:00,50.29,50.57,49.92,50.48,155453.98
2025-09-15 20:00:00+00:00,50.48,50.74,50.43,50.69,107061.8
2025-09-15 21:00:00+00:00,50.69,50.78,50.61,50.73,74843.54
2025-09-15 22:00:00+00:00,50.73,50.73,49.92,50.05,179840.23
2025-09-15 23:00:00+00:00,50.05,50.06,49.87,49.91,72158.65
2025-09-16 00:00:00+00:00,49.91,50.04,49.62,49.75,158959.74
2025-09-16 01:00:00+00:00,49.75,50.07,49.72,49.76,254730.03
2025-09-16 02:00:00+00:00,49.76,50.36,49.75,50.07,129161.42
2025-09-16 03:00:00+00:00,50.07,50.69,50.06,50.68,148301.19
2025-09-16 04:00:00+00:00,50.68,51.12,49.97,50.84,442889.13
2025-09-16 05:00:00+00:00,50.84,51.39,50.7,51.32,139015.93
2025-09-16 06:00:00+00:00,51.32,51.58,50.75,50.98,206549.5
2025-09-16 07:00:00+00:00,50.98,52.06,50.97,52.06,306492.07
2025-09-16 08:00:00+00:00,52.06,53.39,52.06,52.69,707433.41
2025-09-16 09:00:00+00:00,52.69,52.75,51.76,51.88,314552.36
2025-09-16 10:00:00+00:00,51.88,52.12,51.65,51.89,146358.33
2025-09-16 11:00:00+00:00,51.89,52.07,51.72,51.84,161709.93
2025-09-16 12:00:00+00:00,51.84,52.23,51.22,51.53,234053.05
2025-09-16 13:00:00+00:00,51.53,51.97,51.26,51.64,215208.33
2025-09-16 14:00:00+00:00,51.64,51.85,51.14,51.77,172688.29
2025-09-16 15:00:00+00:00,51.77,51.81,51.44,51.66,136707.3
2025-09-16 16:00:00+00:00,51.66,51.76,51.17,51.29,243668.75
2025-09-16 17:00:00+00:00,51.29,51.95,51.26,51.72,253954.38
2025-09-16 18:00:00+00:00,51.72,52.21,51.58,51.78,182245.22
2025-09-16 19:00:00+00:00,51.78,51.82,51.6,51.71,108876.73
2025-09-16 20:00:00+00:00,51.71,51.71,51.42,51.67,120479.1
2025-09-16 21:00:00+00:00,51.67,51.7,51.46,51.59,114183.05
2025-09-16 22:00:00+00:00,51.59,51.69,51.42,51.58,81301.88
2025-09-16 23:00:00+00:00,51.58,51.6,51.32,51.36,105277.34
2025-09-17 00:00:00+00:00,51.36,51.86,51.3,51.68,103551.61
2025-09-17 01:00:00+00:00,51.68,51.97,51.61,51.97,139444.43
2025-09-17 02:00:00+00:00,51.97,51.98,51.59,51.63,122085.46
2025-09-17 03:00:00+00:00,51.63,51.78,50.75,50.79,217389.04
2025-09-17 04:00:00+00:00,50.79,50.95,50.72,50.77,130498.41
2025-09-17 05:00:00+00:00,50.77,51.19,50.72,51.12,90519.32
2025-09-17 06:00:00+00:00,51.12,51.73,51.12,51.66,119198.82
2025-09-17 07:00:00+00:00,51.66,51.86,51.6,51.82,154553.14
2025-09-17 08:00:00+00:00,51.82,51.98,51.25,51.71,366937.27
2025-09-17 09:00:00+00:00,51.71,52.46,51.65,52.15,408114.25
2025-09-17 10:00:00+00:00,52.15,52.36,51.52,51.61,375133.55
2025-09-17 11:00:00+00:00,51.61,51.81,51.41,51.45,361334.11
2025-09-17 12:00:00+00:00,51.45,52.15,51.21,51.69,384090.84
2025-09-17 13:00:00+00:00,51.69,51.82,51.25,51.36,324719.54
2025-09-17 14:00:00+00:00,51.36,51.48,50.76,50.81,470622.32
2025-09-17 15:00:00+00:00,50.81,50.93,50.45,50.65,390042.67
2025-09-17 16:00:00+00:00,50.65,51.01,50.35,50.91,199352.44
2025-09-17 17:00:00+00:00,50.91,51.37,50.68,50.83,250694.36
2025-09-17 18:00:00+00:00,50.83,51.53,50.29,50.46,450193.7
2025-09-17 19:00:00+00:00,50.46,50.94,50.45,50.81,446598.99
2025-09-17 20:00:00+00:00,50.81,51.04,50.25,50.36,216234.28
2025-09-17 21:00:00+00:00,50.36,51.26,50.15,51.24,130575.45
2025-09-17 22:00:00+00:00,51.24,51.41,51.01,51.38,212893.78
2025-09-17 23:00:00+00:00,51.38,51.45,51.11,51.2,123758.46
2025-09-18 00:00:00+00:00,51.2,51.22,50.65,50.76,192674.64
2025-09-18 01:00:00+00:00,50.76,51.11,50.76,51.0,141422.09
2025-09-18 02:00:00+00:00,51.0,51.06,50.85,50.91,108425.36
2025-09-18 03:00:00+00:00,50.91,51.23,50.54,51.21,277885.97
2025-09-18 04:00:00+00:00,51.21,51.52,50.56,50.96,603984.15
2025-09-18 05:00:00+00:00,50.96,50.98,50.71,50.97,178481.24
2025-09-18 06:00:00+00:00,50.97,50.97,50.25,50.3,226365.88
2025-09-18 07:00:00+00:00,50.3,50.56,50.18,50.34,183234.84
2025-09-18 08:00:00+00:00,50.34,50.54,50.09,50.28,247430.56
2025-09-18 09:00:00+00:00,50.28,50.66,50.22,50.47,274861.28
2025-09-18 10:00:00+00:00,50.47,50.57,50.16,50.47,162969.88
2025-09-18 11:00:00+00:00,50.47,50.98,50.27,50.53,522798.27
2025-09-18 12:00:00+00:00,50.53,50.88,50.36,50.79,306029.9
2025-09-18 13:00:00+00:00,50.79,50.95,50.36,50.72,273430.41
2025-09-18 14:00:00+00:00,50.72,50.91,50.0,50.33,534042.0
2025-09-18 15:00:00+00:00,50.33,50.36,50.08,50.25,228343.12
2025-09-18 16:00:00+00:00,50.25,50.39,50.07,50.32,208934.52
2025-09-18 17:00:00+00:00,50.32,50.62,50.19,50.51,297219.66
2025-09-18 18:00:00+00:00,50.51,50.86,50.43,50.76,195522.54
2025-09-18 19:00:00+00:00,50.76,50.89,50.52,50.88,384580.38
2025-09-18 20:00:00+00:00,50.88,50.98,50.61,50.73,265567.91
2025-09-18 21:00:00+00:00,50.73,50.85,50.54,50.56,166499.71
2025-09-18 22:00:00+00:00,50.56,50.67,50.27,50.4,123835.74
2025-09-18 23:00:00+00:00,50.4,50.57,50.18,50.39,216029.48
2025-09-19 00:00:00+00:00,50.39,51.0,50.31,50.86,246692.44
2025-09-19 01:00:00+00:00,50.86,50.87,50.4,50.45,150178.82
2025-09-19 02:00:00+00:00,50.45,50.51,50.13,50.16,192568.55
2025-09-19 03:00:00+00:00,50.16,50.33,49.59,49.6,277637.19
2025-09-19 04:00:00+00:00,49.6,49.61,48.96,49.39,414473.91
2025-09-19 05:00:00+00:00,49.39,49.42,49.01,49.19,185852.56
2025-09-19 06:00:00+00:00,49.19,49.26,48.61,48.65,403103.67
2025-09-19 07:00:00+00:00,48.65,49.25,48.58,48.97,258013.43
2025-09-19 08:00:00+00:00,48.97,49.26,48.91,49.07,166206.47
2025-09-19 09:00:00+00:00,49.07,49.57,48.78,48.85,441831.13
2025-09-19 10:00:00+00:00,48.85,48.95,48.55,48.75,235466.18
2025-09-19 11:00:00+00:00,48.75,48.8,48.18,48.37,421360.9
2025-09-19 12:00:00+00:00,48.37,49.2,48.36,48.69,318955.75
2025-09-19 13:00:00+00:00,48.69,49.4,48.66,49.14,210190.64
2025-09-19 14:00:00+00:00,49.14,49.18,48.53,48.76,196795.94
2025-09-19 15:00:00+00:00,48.76,49.06,48.5,49.02,175976.12
2025-09-19 16:00:00+00:00,49.02,49.22,48.9,49.2,168682.29
2025-09-19 17:00:00+00:00,49.2,49.21,48.84,48.89,181950.92
2025-09-19 18:00:00+00:00,48.89,49.41,48.85,49.37,218818.74
2025-09-19 19:00:00+00:00,49.37,49.87,49.14,49.56,460806.3
2025-09-19 20:00:00+00:00,49.56,49.98,49.45,49.45,191909.87
2025-09-19 21:00:00+00:00,49.45,49.65,49.06,49.51,156707.17
2025-09-19 22:00:00+00:00,49.51,49.62,49.13,49.28,134924.51
2025-09-19 23:00:00+00:00,49.28,49.3,48.42,48.95,161061.13
2025-09-20 00:00:00+00:00,48.95,49.24,48.84,49.19,164009.78
2025-09-20 01:00:00+00:00,49.19,49.24,48.58,48.65,262098.17
2025-09-20 02:00:00+00:00,48.65,48.89,48.49,48.88,133711.82
2025-09-20 03:00:00+00:00,48.88,49.13,48.76,49.09,98990.49
2025-09-20 04:00:00+00:00,49.09,49.48,49.03,49.32,147838.99
2025-09-20 05:00:00+00:00,49.32,49.68,49.27,49.6,88840.24
2025-09-20 06:00:00+00:00,49.6,50.23,49.6,50.13,186123.37
2025-09-20 07:00:00+00:00,50.13,50.88,50.1,50.26,657991.27
2025-09-20 08:00:00+00:00,50.26,51.15,50.11,50.6,470687.85
2025-09-20 09:00:00+00:00,50.6,51.18,50.45,50.74,441427.33
2025-09-20 10:00:00+00:00,50.74,50.92,50.1,50.17,299826.72
2025-09-20 11:00:00+00:00,50.17,50.37,49.66,49.76,249159.65
2025-09-20 12:00:00+00:00,49.76,50.09,49.65,49.79,223570.21
2025-09-20 13:00:00+00:00,49.79,50.4,49.69,50.19,134681.18
2025-09-20 14:00:00+00:00,50.19,50.69,49.87,50.5,245209.71
2025-09-20 15:00:00+00:00,50.5,50.85,49.99,50.13,485476.46
2025-09-20 16:00:00+00:00,50.13,50.44,49.81,50.05,212426.9
2025-09-20 17:00:00+00:00,50.05,50.27,49.84,50.13,186633.44
2025-09-20 18:00:00+00:00,50.13,50.42,50.06,50.07,260397.5
2025-09-20 19:00:00+00:00,50.07,50.51,50.03,50.26,103416.08
2025-09-20 20:00:00+00:00,50.26,50.8,50.08,50.73,180932.04
2025-09-20 21:00:00+00:00,50.73,50.84,50.52,50.55,174461.45
2025-09-20 22:00:00+00:00,50.55,50.72,50.49,50.68,141314.42
2025-09-20 23:00:00+00:00,50.68,50.76,50.36,50.61,138648.37
2025-09-21 00:00:00+00:00,50.61,50.86,50.5,50.78,143297.08
2025-09-21 01:00:00+00:00,50.78,51.16,50.51,51.13,360376.43
2025-09-21 02:00:00+00:00,51.13,51.41,50.95,51.17,334185.98
2025-09-21 03:00:00+00:00,51.17,51.38,51.12,51.37,139169.82
2025-09-21 04:00:00+00:00,51.37,51.64,51.21,51.54,244188.58
2025-09-21 05:00:00+00:00,51.54,51.63,51.43,51.53,120586.4
2025-09-21 06:00:00+00:00,51.53,51.61,50.73,51.14,279750.82
2025-09-21 07:00:00+00:00,51.14,51.45,51.02,51.17,174196.48
2025-09-21 08:00:00+00:00,51.17,51.91,50.97,50.98,535694.14
2025-09-21 09:00:00+00:00,50.98,51.19,50.43,50.98,382269.95
2025-09-21 10:00:00+00:00,50.98,51.17,50.87,50.9,222180.03
2025-09-21 11:00:00+00:00,50.9,51.03,50.67,50.72,185700.72
2025-09-21 12:00:00+00:00,50.72,51.12,50.69,50.91,123611.78
2025-09-21 13:00:00+00:00,50.91,51.37,50.9,51.27,172555.5
2025-09-21 14:00:00+00:00,51.27,51.52,51.02,51.45,190636.69
2025-09-21 15:00:00+00:00,51.45,51.73,51.4,51.43,253787.86
2025-09-21 16:00:00+00:00,51.43,51.61,50.81,51.14,318508.13
2025-09-21 17:00:00+00:00,51.14,51.45,50.88,51.42,206601.32
2025-09-21 18:00:00+00:00,51.42,51.73,51.37,51.58,208799.49
2025-09-21 19:00:00+00:00,51.58,52.01,51.48,51.9,253493.4
2025-09-21 20:00:00+00:00,51.9,52.03,51.68,51.86,292721.64
2025-09-21 21:00:00+00:00,51.86,52.1,51.83,51.91,126397.85
2025-09-21 22:00:00+00:00,51.91,52.07,51.48,51.67,280603.31
2025-09-21 23:00:00+00:00,51.67,51.83,51.28,51.7,217595.9
2025-09-22 00:00:00+00:00,51.7,51.98,50.49,50.54,651266.85
2025-09-22 01:00:00+00:00,50.54,50.65,50.09,50.18,493566.73
2025-09-22 02:00:00+00:00,50.18,50.27,49.28,49.56,610232.2
2025-09-22 03:00:00+00:00,49.56,50.04,49.5,49.91,314591.47
2025-09-22 04:00:00+00:00,49.91,49.99,49.55,49.64,314630.06
2025-09-22 05:00:00+00:00,49.64,49.67,48.8,48.8,260717.74
2025-09-22 06:00:00+00:00,48.8,48.8,46.38,48.2,983940.05
2025-09-22 07:00:00+00:00,48.2,48.43,48.0,48.09,232084.46
2025-09-22 08:00:00+00:00,48.09,48.88,47.93,48.56,402797.14
2025-09-22 09:00:00+00:00,48.56,48.76,47.78,47.95,208654.89
2025-09-22 10:00:00+00:00,47.95,48.29,47.69,48.22,192997.66
2025-09-22 11:00:00+00:00,48.22,48.35,48.0,48.04,189462.42
2025-09-22 12:00:00+00:00,48.04,48.26,47.62,47.63,371667.31
2025-09-22 13:00:00+00:00,47.63,47.95,47.46,47.95,181512.77
2025-09-22 14:00:00+00:00,47.95,48.06,47.59,47.68,240377.66
2025-09-22 15:00:00+00:00,47.68,48.41,47.3,48.13,541231.19
2025-09-22 16:00:00+00:00,48.13,48.3,47.57,47.82,259468.27
2025-09-22 17:00:00+00:00,47.82,47.87,47.56,47.74,243537.5
2025-09-22 18:00:00+00:00,47.74,47.94,47.66,47.83,148724.14
2025-09-22 19:00:00+00:00,47.83,48.05,47.41,47.51,455136.02
2025-09-22 20:00:00+00:00,47.51,48.12,47.45,48.09,213472.35
2025-09-22 21:00:00+00:00,48.09,48.65,48.0,48.51,297274.6
2025-09-22 22:00:00+00:00,48.51,48.62,48.31,48.56,286815.02
2025-09-22 23:00:00+00:00,48.56,48.81,48.52,48.59,261427.03
2025-09-23 00:00:00+00:00,48.59,48.74,48.32,48.6,331393.19
2025-09-23 01:00:00+00:00,48.6,48.9,48.22,48.22,302961.11
2025-09-23 02:00:00+00:00,48.22,48.37,47.79,47.83,329750.29
2025-09-23 03:00:00+00:00,47.83,48.71,47.78,48.47,238967.73
2025-09-23 04:00:00+00:00,48.47,48.52,47.86,48.09,266417.31
2025-09-23 05:00:00+00:00,48.09,48.41,48.07,48.23,187422.54
2025-09-23 06:00:00+00:00,48.23,49.0,48.17,48.89,309709.01
2025-09-23 07:00:00+00:00,48.89,49.27,48.8,49.15,261137.45
2025-09-23 08:00:00+00:00,49.15,49.65,49.11,49.62,230360.75
2025-09-23 09:00:00+00:00,49.62,49.75,49.07,49.1,262819.14
2025-09-23 10:00:00+00:00,49.1,49.22,48.92,49.08,133283.97
2025-09-23 11:00:00+00:00,49.08,49.24,48.9,49.07,112149.2
2025-09-23 12:00:00+00:00,49.07,49.47,48.92,49.17,238326.46
2025-09-23 13:00:00+00:00,49.17,49.22,48.89,49.14,265939.41
2025-09-23 14:00:00+00:00,49.14,50.06,49.12,50.05,744495.78
2025-09-23 15:00:00+00:00,50.05,53.1,49.97,52.96,2623820.74
2025-09-23 16:00:00+00:00,52.96,53.38,52.44,53.02,1729532.04
2025-09-23 17:00:00+00:00,53.02,53.44,52.15,52.82,723608.05
2025-09-23 18:00:00+00:00,52.82,53.49,52.39,52.69,666296.67
2025-09-23 19:00:00+00:00,52.69,53.17,52.59,52.68,539400.41
2025-09-23 20:00:00+00:00,52.68,53.26,52.66,53.2,310812.14
2025-09-23 21:00:00+00:00,53.2,53.45,52.61,53.32,677238.91
2025-09-23 22:00:00+00:00,53.32,53.55,52.97,53.27,275518.04
2025-09-23 23:00:00+00:00,53.27,54.53,53.27,54.4,1091881.11
2025-09-24 00:00:00+00:00,54.4,54.54,53.97,54.05,745050.03
2025-09-24 01:00:00+00:00,54.05,54.43,53.86,54.17,375144.24
2025-09-24 02:00:00+00:00,54.17,54.24,53.77,54.0,248194.29
2025-09-24 03:00:00+00:00,54.0,54.03,53.37,53.45,586299.01
2025-09-24 04:00:00+00:00,53.45,53.69,52.79,53.57,482959.21
2025-09-24 05:00:00+00:00,53.57,54.48,53.56,54.35,856995.15
2025-09-24 06:00:00+00:00,54.35,54.45,53.46,53.95,601388.01
2025-09-24 07:00:00+00:00,53.95,54.43,53.89,54.13,405228.78
2025-09-24 08:00:00+00:00,54.13,54.13,53.2,53.33,1104639.03
2025-09-24 09:00:00+00:00,53.33,53.37,52.43,52.93,1521131.98
2025-09-24 10:00:00+00:00,52.93,53.32,52.49,53.29,560141.43
2025-09-24 11:00:00+00:00,53.29,53.63,53.17,53.51,287527.57
2025-09-24 12:00:00+00:00,53.51,53.86,53.5,53.65,228308.19
2025-09-24 13:00:00+00:00,53.65,53.94,53.62,53.65,331360.25
2025-09-24 14:00:00+00:00,53.65,54.36,53.64,54.2,351940.49
2025-09-24 15:00:00+00:00,54.2,54.89,54.07,54.51,368652.2
2025-09-24 16:00:00+00:00,54.51,58.11,54.44,57.86,2880074.29
2025-09-24 17:00:00+00:00,57.86,59.14,57.43,57.75,1173508.32
2025-09-24 18:00:00+00:00,57.75,59.26,57.57,58.58,1720562.76
2025-09-24 19:00:00+00:00,58.58,60.15,58.43,59.82,1810329.74
2025-09-24 20:00:00+00:00,59.82,60.51,59.3,60.39,1905175.83
2025-09-24 21:00:00+00:00,60.39,60.65,59.71,60.37,1782837.66
2025-09-24 22:00:00+00:00,60.37,60.4,58.31,58.38,1684945.13
2025-09-24 23:00:00+00:00,58.38,59.03,58.24,58.38,447661.24
2025-09-25 00:00:00+00:00,58.38,59.09,58.29,58.64,468504.56
2025-09-25 01:00:00+00:00,58.64,58.94,57.84,58.0,523468.65
2025-09-25 02:00:00+00:00,58.0,58.51,57.74,58.26,368344.1
2025-09-25 03:00:00+00:00,58.26,58.44,57.72,58.38,378806.74
2025-09-25 04:00:00+00:00,58.38,58.57,57.39,57.96,596814.81
2025-09-25 05:00:00+00:00,57.96,58.42,57.87,58.3,302778.42
2025-09-25 06:00:00+00:00,58.3,58.44,57.61,57.8,445061.8
2025-09-25 07:00:00+00:00,57.8,58.48,57.8,57.88,472752.02
2025-09-25 08:00:00+00:00,57.88,58.28,57.39,57.93,561119.27
2025-09-25 09:00:00+00:00,57.93,60.02,57.87,59.31,1900610.98
2025-09-25 10:00:00+00:00,59.31,59.66,58.56,58.99,1654707.62
2025-09-25 11:00:00+00:00,58.99,59.58,58.59,58.72,946777.2
2025-09-25 12:00:00+00:00,58.72,58.73,57.47,57.81,1550898.68
2025-09-25 13:00:00+00:00,57.81,58.04,56.91,57.49,787397.75
2025-09-25 14:00:00+00:00,57.49,57.8,56.32,56.73,776905.26
2025-09-25 15:00:00+00:00,56.73,57.1,55.39,56.2,2265170.4
2025-09-25 16:00:00+00:00,56.2,56.5,55.67,55.91,350580.73
2025-09-25 17:00:00+00:00,55.91,56.03,54.73,54.78,794547.12
2025-09-25 18:00:00+00:00,54.78,55.94,54.76,55.68,600657.24
2025-09-25 19:00:00+00:00,55.68,55.94,55.48,55.58,200422.27
2025-09-25 20:00:00+00:00,55.58,55.91,55.53,55.65,318265.96
2025-09-25 21:00:00+00:00,55.65,55.9,55.53,55.79,433852.27
2025-09-25 22:00:00+00:00,55.79,55.82,53.98,54.1,1285670.98
2025-09-25 23:00:00+00:00,54.1,54.49,53.83,54.11,380040.56
2025-09-26 00:00:00+00:00,54.11,54.69,53.93,54.45,403496.93
2025-09-26 01:00:00+00:00,54.45,54.5,54.2,54.48,167165.5
2025-09-26 02:00:00+00:00,54.48,54.66,54.12,54.63,264352.87
2025-09-26 03:00:00+00:00,54.63,54.65,53.9,54.07,268981.24
2025-09-26 04:00:00+00:00,54.07,54.5,54.05,54.33,252424.67
2025-09-26 05:00:00+00:00,54.33,54.76,54.0,54.07,222552.49
2025-09-26 06:00:00+00:00,54.07,54.32,53.81,54.03,373076.32
2025-09-26 07:00:00+00:00,54.03,54.39,54.03,54.36,173675.5
2025-09-26 08:00:00+00:00,54.36,54.63,54.18,54.45,278130.72
2025-09-26 09:00:00+00:00,54.45,54.48,53.28,53.72,472115.75
2025-09-26 10:00:00+00:00,53.72,53.79,53.05,53.21,382976.15
2025-09-26 11:00:00+00:00,53.21,53.85,52.87,53.41,511238.21
2025-09-26 12:00:00+00:00,53.41,53.96,52.66,53.7,496446.97
2025-09-26 13:00:00+00:00,53.7,53.93,53.37,53.68,326151.27
2025-09-26 14:00:00+00:00,53.68,53.8,52.86,53.08,310513.07
2025-09-26 15:00:00+00:00,53.08,53.49,52.96,53.36,177405.0
2025-09-26 16:00:00+00:00,53.36,53.68,52.99,53.16,194761.75
2025-09-26 17:00:00+00:00,53.16,54.49,53.08,54.22,478497.28
2025-09-26 18:00:00+00:00,54.22,54.96,54.18,54.74,399187.42
2025-09-26 19:00:00+00:00,54.74,54.78,53.91,54.54,589141.09
2025-09-26 20:00:00+00:00,54.54,55.1,54.34,54.81,206645.47
2025-09-26 21:00:00+00:00,54.81,55.31,54.69,55.24,297771.89
2025-09-26 22:00:00+00:00,55.24,55.61,55.14,55.29,277079.15
2025-09-26 23:00:00+00:00,55.29,55.67,55.21,55.62,489985.31
2025-09-27 00:00:00+00:00,55.62,55.66,54.54,55.2,565038.21
2025-09-27 01:00:00+00:00,55.2,55.52,55.19,55.41,205467.46
2025-09-27 02:00:00+00:00,55.41,55.56,54.71,54.81,334777.98
2025-09-27 03:00:00+00:00,54.81,55.55,54.8,55.42,138058.31
2025-09-27 04:00:00+00:00,55.42,56.01,55.34,55.66,269217.95
2025-09-27 05:00:00+00:00,55.66,55.85,55.41,55.72,180916.59
2025-09-27 06:00:00+00:00,55.72,55.96,55.5,55.67,254883.65
2025-09-27 07:00:00+00:00,55.67,55.69,55.17,55.31,191896.74
2025-09-27 08:00:00+00:00,55.31,55.34,54.94,55.04,93502.04
2025-09-27 09:00:00+00:00,55.04,55.12,54.58,54.94,169106.95
2025-09-27 10:00:00+00:00,54.94,55.05,54.7,54.87,146337.67
2025-09-27 11:00:00+00:00,54.87,55.14,54.76,54.96,112422.47
2025-09-27 12:00:00+00:00,54.96,54.97,54.11,54.45,266118.2
2025-09-27 13:00:00+00:00,54.45,54.46,53.61,53.66,281652.93
2025-09-27 14:00:00+00:00,53.66,53.92,53.57,53.68,172257.78
2025-09-27 15:00:00+00:00,53.68,53.75,53.14,53.5,330426.07
2025-09-27 16:00:00+00:00,53.5,53.89,53.32,53.87,225252.29
2025-09-27 17:00:00+00:00,53.87,54.13,53.64,53.95,206576.49
2025-09-27 18:00:00+00:00,53.95,54.52,53.93,54.45,153040.65
2025-09-27 19:00:00+00:00,54.45,54.7,54.3,54.43,175388.45
2025-09-27 20:00:00+00:00,54.43,54.44,53.98,54.35,175178.58
2025-09-27 21:00:00+00:00,54.35,55.04,54.22,54.85,382133.73
2025-09-27 22:00:00+00:00,54.85,56.13,54.83,55.44,495329.33
2025-09-27 23:00:00+00:00,55.44,55.57,54.99,55.06,257158.86
2025-09-28 00:00:00+00:00,55.06,55.07,53.85,53.91,263478.78
2025-09-28 01:00:00+00:00,53.91,54.08,53.37,53.55,327867.78
2025-09-28 02:00:00+00:00,53.55,54.33,53.46,54.26,274393.62
2025-09-28 03:00:00+00:00,54.26,54.3,54.03,54.21,153348.72
2025-09-28 04:00:00+00:00,54.21,54.6,54.18,54.54,197394.76
2025-09-28 05:00:00+00:00,54.54,55.17,54.35,54.87,199938.31
2025-09-28 06:00:00+00:00,54.87,55.33,54.85,55.09,303412.68
2025-09-28 07:00:00+00:00,55.09,55.77,54.77,55.77,343442.08
2025-09-28 08:00:00+00:00,55.77,57.33,55.45,57.02,628650.09
2025-09-28 09:00:00+00:00,57.02,57.68,56.72,57.33,456099.45
2025-09-28 10:00:00+00:00,57.33,57.74,56.79,57.3,611209.5
2025-09-28 11:00:00+00:00,57.3,57.43,56.69,56.93,262043.2
2025-09-28 12:00:00+00:00,56.93,57.47,56.88,57.25,347730.09
2025-09-28 13:00:00+00:00,57.25,58.41,56.76,58.27,940756.59
2025-09-28 14:00:00+00:00,58.27,58.37,57.74,58.05,636860.62
2025-09-28 15:00:00+00:00,58.05,58.3,57.41,57.77,456669.74
2025-09-28 16:00:00+00:00,57.77,58.06,57.49,57.78,272253.63
2025-09-28 17:00:00+00:00,57.78,58.68,57.74,58.55,739538.83
2025-09-28 18:00:00+00:00,58.55,58.91,58.49,58.81,544259.17
2025-09-28 19:00:00+00:00,58.81,59.44,58.41,59.38,1385198.76
2025-09-28 20:00:00+00:00,59.38,60.35,59.32,59.79,1230354.3
2025-09-28 21:00:00+00:00,59.79,60.9,59.7,59.95,930161.38
2025-09-28 22:00:00+00:00,59.95,60.63,59.93,60.1,379355.91
2025-09-28 23:00:00+00:00,60.1,60.64,59.94,60.37,457924.28
2025-09-29 00:00:00+00:00,60.37,64.43,60.36,64.3,3945395.22
2025-09-29 01:00:00+00:00,64.3,65.24,62.51,62.72,2602993.29
2025-09-29 02:00:00+00:00,62.72,67.02,62.38,64.61,3810329.97
2025-09-29 03:00:00+00:00,64.61,64.71,63.64,64.48,757606.16
2025-09-29 04:00:00+00:00,64.48,65.43,63.86,65.39,1252279.76
2025-09-29 05:00:00+00:00,65.39,65.46,63.49,63.95,1409952.32
2025-09-29 06:00:00+00:00,63.95,64.25,63.02,63.47,802485.33
2025-09-29 07:00:00+00:00,63.47,65.37,62.84,65.26,1114249.75
2025-09-29 08:00:00+00:00,65.26,67.66,65.14,67.06,3381028.32
2025-09-29 09:00:00+00:00,67.06,67.24,65.66,66.09,634855.35
2025-09-29 10:00:00+00:00,66.09,68.19,66.08,67.35,1269745.66
2025-09-29 11:00:00+00:00,67.35,68.53,67.3,67.97,799111.53
2025-09-29 12:00:00+00:00,67.97,68.05,65.27,65.45,743874.1
2025-09-29 13:00:00+00:00,65.45,68.02,62.35,67.45,3044891.46
2025-09-29 14:00:00+00:00,67.45,70.07,67.44,68.88,3354420.37
2025-09-29 15:00:00+00:00,68.88,69.44,66.74,67.08,3993275.82
2025-09-29 16:00:00+00:00,67.08,67.59,66.5,66.52,545951.93
2025-09-29 17:00:00+00:00,66.52,68.9,66.49,67.8,1723664.69
2025-09-29 18:00:00+00:00,67.8,67.92,67.06,67.72,634268.58
2025-09-29 19:00:00+00:00,67.72,68.83,67.43,68.81,840713.62
2025-09-29 20:00:00+00:00,68.81,69.48,68.09,68.8,821869.98
2025-09-29 21:00:00+00:00,68.8,69.6,68.41,68.82,640773.0
2025-09-29 22:00:00+00:00,68.82,69.22,68.37,68.89,495855.56
2025-09-29 23:00:00+00:00,68.89,72.37,68.86,71.22,3094817.82
2025-09-30 00:00:00+00:00,71.22,72.45,70.49,70.81,1575395.91
2025-09-30 01:00:00+00:00,70.81,72.24,69.73,71.51,1884068.3
2025-09-30 02:00:00+00:00,71.51,72.27,69.68,69.9,598304.34
2025-09-30 03:00:00+00:00,69.9,69.96,68.61,68.96,690046.12
2025-09-30 04:00:00+00:00,68.96,69.03,67.88,67.98,471822.57
2025-09-30 05:00:00+00:00,67.98,68.41,67.65,68.0,363491.18
2025-09-30 06:00:00+00:00,68.0,69.38,67.74,68.72,417349.78
2025-09-30 07:00:00+00:00,68.72,69.39,66.93,67.19,917855.26
2025-09-30 08:00:00+00:00,67.19,67.95,66.33,66.74,827168.07
2025-09-30 09:00:00+00:00,66.74,68.1,63.07,64.03,3183143.99
2025-09-30 10:00:00+00:00,64.03,65.69,63.59,65.32,1746920.58
2025-09-30 11:00:00+00:00,65.32,65.36,64.13,64.56,646155.9
2025-09-30 12:00:00+00:00,64.56,66.49,64.32,65.72,724898.16
2025-09-30 13:00:00+00:00,65.72,66.62,65.35,65.75,692284.59
2025-09-30 14:00:00+00:00,65.75,76.0,65.7,75.82,13870330.65
2025-09-30 15:00:00+00:00,75.82,75.96,72.87,73.26,7567511.74
2025-09-30 16:00:00+00:00,73.26,74.42,71.87,73.09,2152129.78
2025-09-30 17:00:00+00:00,73.09,75.05,72.94,73.15,2345660.5
2025-09-30 18:00:00+00:00,73.15,74.47,72.29,74.4,1355669.4
2025-09-30 19:00:00+00:00,74.4,76.03,74.03,75.38,1304362.48
2025-09-30 20:00:00+00:00,75.38,76.12,74.79,75.98,634727.94
2025-09-30 21:00:00+00:00,75.98,77.19,73.68,74.15,1012081.52
2025-09-30 22:00:00+00:00,74.15,74.66,73.22,73.35,783623.5
2025-09-30 23:00:00+00:00,73.35,74.38,73.25,73.96,527177.49
2025-10-01 00:00:00+00:00,73.96,75.34,73.87,74.72,662118.49
2025-10-01 01:00:00+00:00,74.72,77.17,74.4,76.84,818915.26
2025-10-01 02:00:00+00:00,76.84,77.03,75.49,75.63,555183.66
2025-10-01 03:00:00+00:00,75.63,76.55,74.02,76.46,1275805.84
2025-10-01 04:00:00+00:00,76.46,79.86,76.44,79.0,2819624.44
2025-10-01 05:00:00+00:00,79.0,81.47,78.58,79.72,3755390.87
2025-10-01 06:00:00+00:00,79.72,81.0,78.34,78.49,1778950.98
2025-10-01 07:00:00+00:00,78.49,89.39,77.79,88.73,12938828.61
2025-10-01 08:00:00+00:00,88.73,92.94,85.32,90.95,10694373.22
2025-10-01 09:00:00+00:00,90.95,97.39,90.63,93.76,7971955.45
2025-10-01 10:00:00+00:00,93.76,94.31,83.56,90.54,9807810.69
2025-10-01 11:00:00+00:00,90.54,95.07,89.84,94.09,6399504.91
2025-10-01 12:00:00+00:00,94.09,95.02,88.09,93.12,11274821.97
2025-10-01 13:00:00+00:00,93.12,93.22,89.16,89.41,5280285.46
2025-10-01 14:00:00+00:00,89.41,92.42,86.68,87.06,5556778.98
2025-10-01 15:00:00+00:00,87.06,92.55,86.68,91.42,5545210.28
2025-10-01 16:00:00+00:00,91.42,95.47,90.93,94.76,4487831.67
2025-10-01 17:00:00+00:00,94.76,108.25,94.0,104.28,13440136.23
2025-10-01 18:00:00+00:00,104.28,122.43,103.97,117.49,24431450.92
2025-10-01 19:00:00+00:00,117.49,127.51,115.12,117.34,16986657.56
2025-10-01 20:00:00+00:00,117.34,119.65,112.93,118.29,9487645.13
2025-10-01 21:00:00+00:00,118.29,123.13,117.88,121.29,9838235.4
2025-10-01 22:00:00+00:00,121.29,122.11,115.1,117.7,6977084.99
2025-10-01 23:00:00+00:00,117.7,120.8,114.4,119.86,8463592.63
2025-10-02 00:00:00+00:00,119.86,121.46,117.01,118.69,7697653.94
2025-10-02 01:00:00+00:00,118.69,122.61,116.38,120.01,7769602.64
2025-10-02 02:00:00+00:00,120.01,126.43,118.89,123.56,10920796.11
2025-10-02 03:00:00+00:00,123.56,129.08,120.21,121.54,9440847.87
2025-10-02 04:00:00+00:00,121.54,140.42,120.45,139.77,16475947.52
2025-10-02 05:00:00+00:00,139.77,153.39,135.93,152.58,32934303.33
2025-10-02 06:00:00+00:00,152.58,154.27,134.83,137.53,24773812.14
2025-10-02 07:00:00+00:00,137.53,149.42,132.46,142.74,23047643.47
2025-10-02 08:00:00+00:00,142.74,148.38,137.39,143.34,15886530.02
2025-10-02 09:00:00+00:00,143.34,151.55,142.73,146.65,11972684.12
2025-10-02 10:00:00+00:00,146.65,148.62,143.29,147.39,10539231.49
2025-10-02 11:00:00+00:00,147.39,151.76,139.73,141.82,19308280.07
2025-10-02 12:00:00+00:00,141.82,147.98,138.52,147.48,15153858.28
2025-10-02 13:00:00+00:00,147.48,159.16,145.34,153.7,25131822.66
2025-10-02 14:00:00+00:00,153.7,153.8,139.72,139.88,14448913.86
2025-10-02 15:00:00+00:00,139.88,140.04,126.54,132.27,24362819.25
2025-10-02 16:00:00+00:00,132.27,134.54,127.89,129.98,13052724.49
2025-10-02 17:00:00+00:00,129.98,134.18,126.71,130.56,7320176.15
2025-10-02 18:00:00+00:00,130.56,136.0,126.54,135.37,7418868.04
2025-10-02 19:00:00+00:00,135.37,138.49,131.03,131.35,7244937.65
2025-10-02 20:00:00+00:00,131.35,132.9,129.05,130.51,3782146.45
2025-10-02 21:00:00+00:00,130.51,134.38,129.41,132.49,6690070.6
2025-10-02 22:00:00+00:00,132.49,133.8,128.66,133.11,4148659.75
2025-10-02 23:00:00+00:00,133.11,133.59,128.64,131.14,5417178.21
2025-10-03 00:00:00+00:00,131.14,137.51,130.92,135.62,7019813.68
2025-10-03 01:00:00+00:00,135.62,135.7,130.51,130.92,4621385.54
2025-10-03 02:00:00+00:00,130.92,133.08,128.82,129.8,6140461.71
2025-10-03 03:00:00+00:00,129.8,131.61,123.72,125.3,7885374.2
2025-10-03 04:00:00+00:00,125.3,133.75,124.42,132.86,4849315.39
2025-10-03 05:00:00+00:00,132.86,136.72,131.59,132.87,6352100.75
2025-10-03 06:00:00+00:00,132.87,137.95,132.76,136.05,7445981.32
2025-10-03 07:00:00+00:00,136.05,144.2,135.6,141.31,11387968.08
2025-10-03 08:00:00+00:00,141.31,151.27,135.64,147.78,12982378.99
2025-10-03 09:00:00+00:00,147.78,150.51,144.6,148.39,8194991.69
2025-10-03 10:00:00+00:00,148.39,157.66,145.48,154.92,11580531.57
2025-10-03 11:00:00+00:00,154.92,155.34,146.83,151.54,9246708.66
2025-10-03 12:00:00+00:00,151.54,151.54,140.49,145.42,8661475.94
2025-10-03 13:00:00+00:00,145.42,149.02,144.54,148.0,4105935.47
2025-10-03 14:00:00+00:00,148.0,149.55,144.56,147.52,3739352.46
2025-10-03 15:00:00+00:00,147.52,151.72,141.95,150.16,10550520.9
2025-10-03 16:00:00+00:00,150.16,153.37,142.81,146.48,10900183.37
2025-10-03 17:00:00+00:00,146.48,146.7,137.69,137.98,6100288.27
2025-10-03 18:00:00+00:00,137.98,138.41,135.62,137.66,4299784.3
2025-10-03 19:00:00+00:00,137.66,140.32,135.94,138.79,3110572.3
2025-10-03 20:00:00+00:00,138.79,140.27,137.47,140.12,1856063.17
2025-10-03 21:00:00+00:00,140.12,140.35,137.99,139.18,1213279.53
2025-10-03 22:00:00+00:00,139.18,139.29,133.9,135.95,2968180.12
2025-10-03 23:00:00+00:00,135.95,136.09,126.73,127.21,11662163.32
2025-10-04 00:00:00+00:00,127.21,128.89,125.85,127.98,2823997.65
2025-10-04 01:00:00+00:00,127.98,130.86,127.43,129.12,2549966.09
2025-10-04 02:00:00+00:00,129.12,129.17,125.69,125.69,2029536.19
2025-10-04 03:00:00+00:00,125.69,130.15,124.21,128.84,5299492.29
2025-10-04 04:00:00+00:00,128.84,133.27,128.05,132.07,5080079.14
2025-10-04 05:00:00+00:00,132.07,136.28,131.17,135.08,6065735.39
2025-10-04 06:00:00+00:00,135.08,135.59,132.42,133.18,2649660.3
2025-10-04 07:00:00+00:00,133.18,134.89,132.64,134.2,2417888.91
2025-10-04 08:00:00+00:00,134.2,136.2,132.25,134.06,3090588.62
2025-10-04 09:00:00+00:00,134.06,138.3,133.63,134.64,2266396.33
2025-10-04 10:00:00+00:00,134.64,136.49,129.71,129.83,4852913.36
2025-10-04 11:00:00+00:00,129.83,137.86,129.83,137.78,4489443.52
2025-10-04 12:00:00+00:00,137.78,144.37,136.39,142.53,6977427.26
2025-10-04 13:00:00+00:00,142.53,148.3,142.02,143.44,4852388.88
2025-10-04 14:00:00+00:00,143.44,143.5,138.17,140.06,3742531.57
2025-10-04 15:00:00+00:00,140.06,143.37,139.97,142.1,2297194.34
2025-10-04 16:00:00+00:00,142.1,147.53,140.41,143.58,4918930.65
2025-10-04 17:00:00+00:00,143.58,151.45,143.03,151.19,4479093.01
2025-10-04 18:00:00+00:00,151.19,172.49,147.98,163.86,33051856.45
2025-10-04 19:00:00+00:00,163.86,173.01,160.8,170.12,17695915.75
2025-10-04 20:00:00+00:00,170.12,175.92,165.56,166.48,21318533.1
2025-10-04 21:00:00+00:00,166.48,168.61,164.23,166.54,6247242.21
2025-10-04 22:00:00+00:00,166.54,167.06,155.94,156.66,7698702.87
2025-10-04 23:00:00+00:00,156.66,159.99,154.75,156.69,5358354.93
2025-10-05 00:00:00+00:00,156.69,163.07,156.5,162.61,5592544.16
2025-10-05 01:00:00+00:00,162.61,166.99,161.19,162.7,6511567.93
2025-10-05 02:00:00+00:00,162.7,172.05,161.61,168.8,6443150.15
2025-10-05 03:00:00+00:00,168.8,172.16,157.9,159.1,11797162.18
2025-10-05 04:00:00+00:00,159.1,163.27,157.41,162.76,5157923.17
2025-10-05 05:00:00+00:00,162.76,163.09,160.1,162.63,5049118.33
2025-10-05 06:00:00+00:00,162.63,162.85,160.46,162.03,3484005.29
2025-10-05 07:00:00+00:00,162.03,162.19,158.04,160.89,2377290.26
2025-10-05 08:00:00+00:00,160.89,160.89,156.24,158.77,3273371.88
2025-10-05 09:00:00+00:00,158.77,160.94,151.28,151.49,5086670.4
2025-10-05 10:00:00+00:00,151.49,152.05,144.66,146.79,13329206.64
2025-10-05 11:00:00+00:00,146.79,150.13,145.31,145.38,3645249.89
2025-10-05 12:00:00+00:00,145.38,148.44,143.6,148.36,2749506.73
2025-10-05 13:00:00+00:00,148.36,149.75,144.7,148.66,4348170.57
2025-10-05 14:00:00+00:00,148.66,153.46,147.77,148.25,8372143.18
2025-10-05 15:00:00+00:00,148.25,150.27,146.62,149.57,3520865.08
2025-10-05 16:00:00+00:00,149.57,153.83,149.24,153.09,4449496.83
2025-10-05 17:00:00+00:00,153.09,162.3,153.02,160.28,10073919.96
2025-10-05 18:00:00+00:00,160.28,165.73,157.48,165.08,6273035.63
2025-10-05 19:00:00+00:00,165.08,172.51,159.32,162.72,13588582.82
2025-10-05 20:00:00+00:00,162.72,165.65,159.99,161.31,3205886.64
2025-10-05 21:00:00+00:00,161.31,168.35,160.13,167.79,3698716.62
2025-10-05 22:00:00+00:00,167.79,170.39,161.42,166.14,7910265.85
2025-10-05 23:00:00+00:00,166.14,169.24,163.68,165.18,3310050.87
2025-10-06 00:00:00+00:00,165.18,169.26,162.29,163.9,3894280.73
2025-10-06 01:00:00+00:00,163.9,166.58,161.94,162.21,2607529.65
2025-10-06 02:00:00+00:00,162.21,165.3,161.04,161.54,2136802.0
2025-10-06 03:00:00+00:00,161.54,162.24,159.43,161.05,1701734.91
2025-10-06 04:00:00+00:00,161.05,162.43,155.11,156.28,3282070.85
2025-10-06 05:00:00+00:00,156.28,158.11,154.43,156.43,2657371.83
2025-10-06 06:00:00+00:00,156.43,161.21,156.15,159.83,3389154.08
2025-10-06 07:00:00+00:00,159.83,161.08,158.27,159.95,2661233.2
2025-10-06 08:00:00+00:00,159.95,164.06,158.22,163.54,5636243.38
2025-10-06 09:00:00+00:00,163.54,167.04,162.63,166.07,4220388.19
2025-10-06 10:00:00+00:00,166.07,167.38,162.99,165.5,3381437.72
2025-10-06 11:00:00+00:00,165.5,177.12,164.55,171.57,12237729.6
2025-10-06 12:00:00+00:00,171.57,174.06,167.41,169.37,7525571.89
2025-10-06 13:00:00+00:00,169.37,170.79,164.59,165.41,4825602.06
2025-10-06 14:00:00+00:00,165.41,165.41,159.33,163.51,5843211.13
2025-10-06 15:00:00+00:00,163.51,165.5,161.11,163.26,5498666.24
2025-10-06 16:00:00+00:00,163.26,166.32,156.72,164.74,10000449.3
2025-10-06 17:00:00+00:00,164.74,164.74,160.74,162.88,5030550.8
2025-10-06 18:00:00+00:00,162.88,162.96,158.69,158.95,2465614.25
2025-10-06 19:00:00+00:00,158.95,163.67,158.63,161.47,2284727.44
2025-10-06 20:00:00+00:00,161.47,162.31,156.88,158.0,3176882.26
2025-10-06 21:00:00+00:00,158.0,158.31,155.61,157.41,1775980.06
2025-10-06 22:00:00+00:00,157.41,159.02,155.24,158.04,2508516.37
2025-10-06 23:00:00+00:00,158.04,159.06,155.82,155.96,1679633.83
2025-10-07 00:00:00+00:00,155.96,158.73,155.0,157.86,1681870.62
2025-10-07 01:00:00+00:00,157.86,161.01,156.22,159.59,2507541.18
2025-10-07 02:00:00+00:00,159.59,159.85,151.39,152.32,3472926.76
2025-10-07 03:00:00+00:00,152.32,153.25,147.05,148.07,5600827.35
2025-10-07 04:00:00+00:00,148.07,148.16,142.46,146.09,5528894.83
2025-10-07 05:00:00+00:00,146.09,148.46,145.45,147.65,1894518.21
2025-10-07 06:00:00+00:00,147.65,147.91,142.55,144.12,2500373.56
2025-10-07 07:00:00+00:00,144.12,145.88,143.81,145.74,1987015.1
2025-10-07 08:00:00+00:00,145.74,154.11,143.85,152.62,4700559.62
2025-10-07 09:00:00+00:00,152.62,155.46,143.91,145.11,6389135.4
2025-10-07 10:00:00+00:00,145.11,146.23,143.06,145.75,3596358.59
2025-10-07 11:00:00+00:00,145.75,146.45,142.64,144.92,2908774.13
2025-10-07 12:00:00+00:00,144.92,146.57,142.92,146.44,2739117.25
2025-10-07 13:00:00+00:00,146.44,148.58,144.03,144.98,5032787.66
2025-10-07 14:00:00+00:00,144.98,145.62,130.81,133.07,12649821.57
2025-10-07 15:00:00+00:00,133.07,137.45,132.63,137.08,4258135.9
2025-10-07 16:00:00+00:00,137.08,146.34,136.23,141.85,8696980.65
2025-10-07 17:00:00+00:00,141.85,145.06,139.63,140.35,4223309.22
2025-10-07 18:00:00+00:00,140.35,141.98,139.83,140.21,1854293.31
2025-10-07 19:00:00+00:00,140.21,142.4,120.82,129.57,25406410.29
2025-10-07 20:00:00+00:00,129.57,131.14,124.77,128.97,5986082.1
2025-10-07 21:00:00+00:00,128.97,134.76,128.83,133.13,3486422.0
2025-10-07 22:00:00+00:00,133.13,134.08,130.36,131.07,2437324.01
2025-10-07 23:00:00+00:00,131.07,131.15,126.68,127.26,2765334.89
2025-10-08 00:00:00+00:00,127.26,129.24,125.92,127.6,2994104.8
2025-10-08 01:00:00+00:00,127.6,130.77,126.67,129.94,2163232.09
2025-10-08 02:00:00+00:00,129.94,132.94,128.24,132.82,3882046.01
2025-10-08 03:00:00+00:00,132.82,135.81,131.27,134.39,4926479.97
2025-10-08 04:00:00+00:00,134.39,134.41,129.64,131.14,1833912.31
2025-10-08 05:00:00+00:00,131.14,133.89,130.57,132.75,1740242.37
2025-10-08 06:00:00+00:00,132.75,134.15,131.78,133.4,1690784.46
2025-10-08 07:00:00+00:00,133.4,139.41,132.35,135.26,2545641.45
2025-10-08 08:00:00+00:00,135.26,140.21,131.65,139.4,4673511.75
2025-10-08 09:00:00+00:00,139.4,140.4,136.91,138.4,3521195.97
2025-10-08 10:00:00+00:00,138.4,139.93,136.28,139.29,2842842.46
2025-10-08 11:00:00+00:00,139.29,142.46,138.91,139.76,3130916.49
2025-10-08 12:00:00+00:00,139.76,143.1,137.57,142.83,2486798.15
2025-10-08 13:00:00+00:00,142.83,145.82,140.1,145.15,5092375.86
2025-10-08 14:00:00+00:00,145.15,156.89,144.23,154.89,15661698.03
2025-10-08 15:00:00+00:00,154.89,168.97,154.4,166.14,24779112.67
2025-10-08 16:00:00+00:00,166.14,171.35,164.52,170.75,14980613.0
2025-10-08 17:00:00+00:00,170.75,178.27,167.46,177.42,12870892.05
2025-10-08 18:00:00+00:00,177.42,185.32,173.01,176.58,22483728.49
2025-10-08 19:00:00+00:00,176.58,177.99,172.55,175.0,6991640.95
2025-10-08 20:00:00+00:00,175.0,177.9,170.81,171.54,4921350.94
2025-10-08 21:00:00+00:00,171.54,182.66,170.06,179.92,5362823.75
2025-10-08 22:00:00+00:00,179.92,185.19,177.51,179.43,10088230.97
2025-10-08 23:00:00+00:00,179.43,180.95,174.34,177.36,6171183.0
2025-10-09 00:00:00+00:00,177.36,180.17,172.64,172.77,7431706.2
2025-10-09 01:00:00+00:00,172.77,179.35,172.38,175.57,5837391.12
2025-10-09 02:00:00+00:00,175.57,175.95,165.02,165.36,6951759.71
2025-10-09 03:00:00+00:00,165.36,172.75,165.06,169.87,4465837.82
2025-10-09 04:00:00+00:00,169.87,172.85,167.17,171.94,2969689.52
2025-10-09 05:00:00+00:00,171.94,175.49,170.9,173.04,3307510.74
2025-10-09 06:00:00+00:00,173.04,183.32,172.17,179.48,7687538.91
2025-10-09 07:00:00+00:00,179.48,186.2,177.6,179.53,8916672.6
2025-10-09 08:00:00+00:00,179.53,180.26,163.27,166.07,9835976.07
2025-10-09 09:00:00+00:00,166.07,179.0,164.07,177.46,5837927.67
2025-10-09 10:00:00+00:00,177.46,190.41,173.44,188.16,15647126.32
2025-10-09 11:00:00+00:00,188.16,195.02,188.16,191.46,15636742.6
2025-10-09 12:00:00+00:00,191.46,195.94,186.65,193.65,12113157.48
2025-10-09 13:00:00+00:00,193.65,195.37,185.41,187.53,10588846.74
2025-10-09 14:00:00+00:00,187.53,194.81,180.04,190.21,14123296.52
2025-10-09 15:00:00+00:00,190.21,194.42,184.18,188.15,9895556.96
2025-10-09 16:00:00+00:00,188.15,193.78,185.53,187.61,10389892.23
2025-10-09 17:00:00+00:00,187.61,209.93,187.57,200.58,30216377.73
2025-10-09 18:00:00+00:00,200.58,216.92,200.58,215.33,24897072.34
2025-10-09 19:00:00+00:00,215.33,217.84,204.78,213.68,18768289.05
2025-10-09 20:00:00+00:00,213.68,217.71,208.49,211.76,10020489.03
2025-10-09 21:00:00+00:00,211.76,217.63,210.67,214.58,7080219.94
2025-10-09 22:00:00+00:00,214.58,216.2,208.01,211.29,6340196.01
2025-10-09 23:00:00+00:00,211.29,215.79,207.99,212.57,6089265.3
2025-10-10 00:00:00+00:00,212.57,227.44,210.24,226.29,17158237.35
2025-10-10 01:00:00+00:00,226.29,235.43,222.08,229.03,21031439.37
2025-10-10 02:00:00+00:00,229.03,236.85,226.53,234.89,17373683.18
2025-10-10 03:00:00+00:00,234.89,239.97,230.6,231.59,14632252.7
2025-10-10 04:00:00+00:00,231.59,239.8,228.13,238.47,8813173.63
2025-10-10 05:00:00+00:00,238.47,273.97,236.61,263.72,33847445.87
2025-10-10 06:00:00+00:00,263.72,271.66,242.0,248.3,28939326.59
2025-10-10 07:00:00+00:00,248.3,253.77,223.08,226.99,28957355.21
2025-10-10 08:00:00+00:00,226.99,240.39,220.97,230.96,18044146.92
2025-10-10 09:00:00+00:00,230.96,237.92,227.99,234.88,9997541.91
2025-10-10 10:00:00+00:00,234.88,235.29,224.13,231.4,7904889.01
2025-10-10 11:00:00+00:00,231.4,233.91,227.2,228.0,7369648.28
2025-10-10 12:00:00+00:00,228.0,234.97,218.54,233.38,12876339.26
2025-10-10 13:00:00+00:00,233.38,243.9,233.38,242.35,14506460.36
2025-10-10 14:00:00+00:00,242.35,243.11,231.03,234.89,11033002.16
2025-10-10 15:00:00+00:00,234.89,235.36,200.72,228.6,44071390.89
2025-10-10 16:00:00+00:00,228.6,241.9,226.49,234.0,24859937.03
2025-10-10 17:00:00+00:00,234.0,237.93,225.04,235.53,12271301.57
2025-10-10 18:00:00+00:00,235.53,244.96,233.31,244.61,12557852.44
2025-10-10 19:00:00+00:00,244.61,251.85,235.05,236.58,18164958.16
2025-10-10 20:00:00+00:00,236.58,237.96,222.13,223.85,12174292.09
2025-10-10 21:00:00+00:00,223.85,238.89,148.98,194.03,38683504.98
2025-10-10 22:00:00+00:00,194.03,217.51,172.85,216.32,25630836.34
2025-10-10 23:00:00+00:00,216.32,248.7,205.82,225.49,39231997.68
2025-10-11 00:00:00+00:00,225.49,236.01,212.33,228.03,15120724.12
2025-10-11 01:00:00+00:00,228.03,229.47,208.87,209.1,11472715.19
2025-10-11 02:00:00+00:00,209.1,229.94,207.55,227.4,11489356.62
2025-10-11 03:00:00+00:00,227.4,227.97,213.3,218.33,9067216.68
2025-10-11 04:00:00+00:00,218.33,223.99,210.02,223.99,8038331.65
2025-10-11 05:00:00+00:00,223.99,238.07,219.22,233.99,10903496.91
2025-10-11 06:00:00+00:00,233.99,244.82,228.9,236.86,14054981.79
2025-10-11 07:00:00+00:00,236.86,272.41,229.85,267.17,29945934.93
2025-10-11 08:00:00+00:00,267.17,288.79,251.18,285.85,42049290.32
2025-10-11 09:00:00+00:00,285.85,288.21,252.07,259.25,33696038.4
2025-10-11 10:00:00+00:00,259.25,277.99,253.71,267.24,21853081.32
2025-10-11 11:00:00+00:00,267.24,274.64,257.35,263.52,15070606.57
2025-10-11 12:00:00+00:00,263.52,278.86,258.06,278.36,20814742.28
2025-10-11 13:00:00+00:00,278.36,286.44,268.45,279.15,27659091.01
2025-10-11 14:00:00+00:00,279.15,281.67,265.51,270.89,15724309.46
2025-10-11 15:00:00+00:00,270.89,278.35,260.38,262.62,15127852.12
2025-10-11 16:00:00+00:00,262.62,273.82,260.46,267.03,9194412.59
2025-10-11 17:00:00+00:00,267.03,279.97,261.09,277.48,14112671.18
2025-10-11 18:00:00+00:00,277.48,294.56,273.11,287.02,25309294.3
2025-10-11 19:00:00+00:00,287.02,291.67,278.36,290.86,14856979.32
2025-10-11 20:00:00+00:00,290.86,292.55,271.09,277.36,19019205.32
2025-10-11 21:00:00+00:00,277.36,291.87,274.2,289.99,12345942.08
2025-10-11 22:00:00+00:00,289.99,295.96,286.08,293.75,18434378.5
2025-10-11 23:00:00+00:00,293.75,298.02,289.07,291.03,13660484.31
2025-10-12 00:00:00+00:00,291.03,296.18,276.12,276.79,18307346.75
2025-10-12 01:00:00+00:00,276.79,279.1,262.45,265.29,18991794.9
2025-10-12 02:00:00+00:00,265.29,276.39,264.84,268.18,9724533.13
2025-10-12 03:00:00+00:00,268.18,278.22,265.17,272.48,7558590.96
2025-10-12 04:00:00+00:00,272.48,281.51,264.38,278.83,10611937.58
2025-10-12 05:00:00+00:00,278.83,284.52,272.11,274.88,9652014.87
2025-10-12 06:00:00+00:00,274.88,281.74,271.99,279.87,7567722.63
2025-10-12 07:00:00+00:00,279.87,293.14,279.06,288.09,12195184.02
2025-10-12 08:00:00+00:00,288.09,290.34,270.18,274.32,11380897.57
2025-10-12 09:00:00+00:00,274.32,279.31,271.83,274.86,7070971.72
2025-10-12 10:00:00+00:00,274.86,279.64,270.38,271.77,9723199.79
2025-10-12 11:00:00+00:00,271.77,274.12,264.23,267.7,9153386.82
2025-10-12 12:00:00+00:00,267.7,269.89,253.44,253.74,15580805.32
2025-10-12 13:00:00+00:00,253.74,258.61,245.55,257.83,14069669.24
2025-10-12 14:00:00+00:00,257.83,270.56,255.27,266.01,16680798.51
2025-10-12 15:00:00+00:00,266.01,271.73,251.09,251.41,19547244.6
2025-10-12 16:00:00+00:00,251.41,264.28,250.87,256.49,13476514.34
2025-10-12 17:00:00+00:00,256.49,256.6,245.76,253.63,10976184.57
2025-10-12 18:00:00+00:00,253.63,258.85,250.05,252.61,6143070.03
2025-10-12 19:00:00+00:00,252.61,260.9,252.58,259.13,5847232.24
2025-10-12 20:00:00+00:00,259.13,278.92,258.94,265.81,17073015.52
2025-10-12 21:00:00+00:00,265.81,272.05,259.35,262.32,7324152.85
2025-10-12 22:00:00+00:00,262.32,267.57,257.22,262.75,5685911.72
2025-10-12 23:00:00+00:00,262.75,266.44,254.04,260.39,6139659.35
2025-10-13 00:00:00+00:00,260.39,270.52,258.42,263.66,7315305.63
2025-10-13 01:00:00+00:00,263.66,274.06,262.97,269.89,5920243.22
2025-10-13 02:00:00+00:00,269.89,276.9,269.56,276.63,4978765.57
2025-10-13 03:00:00+00:00,276.63,279.15,270.66,271.41,7623867.34
2025-10-13 04:00:00+00:00,271.41,285.62,268.12,284.18,6924538.41
2025-10-13 05:00:00+00:00,284.18,289.68,276.39,278.04,10737595.96
2025-10-13 06:00:00+00:00,278.04,278.06,269.1,270.44,7940044.64
2025-10-13 07:00:00+00:00,270.44,272.39,265.14,267.0,5342916.63
2025-10-13 08:00:00+00:00,267.0,268.69,262.03,265.13,4976696.12
2025-10-13 09:00:00+00:00,265.13,265.23,258.59,262.14,4835343.24
2025-10-13 10:00:00+00:00,262.14,264.16,258.74,262.53,5057002.96
2025-10-13 11:00:00+00:00,262.53,263.39,240.54,246.42,17295198.18
2025-10-13 12:00:00+00:00,246.42,254.12,239.38,246.27,9953650.49
2025-10-13 13:00:00+00:00,246.27,254.41,245.82,251.36,5336864.63
2025-10-13 14:00:00+00:00,251.36,251.75,235.42,238.07,13565647.21
2025-10-13 15:00:00+00:00,238.07,247.71,237.11,245.46,9747386.09
2025-10-13 16:00:00+00:00,245.46,249.73,242.42,246.26,6521182.24
2025-10-13 17:00:00+00:00,246.26,256.64,245.44,256.56,10395164.84
2025-10-13 18:00:00+00:00,256.56,256.7,251.56,253.61,3703142.99
2025-10-13 19:00:00+00:00,253.61,259.68,252.32,254.68,5136402.72
2025-10-13 20:00:00+00:00,254.68,273.2,254.23,266.19,16051119.27
2025-10-13 21:00:00+00:00,266.19,268.14,257.05,260.61,5824178.09
2025-10-13 22:00:00+00:00,260.61,260.72,247.99,250.61,5298795.41
2025-10-13 23:00:00+00:00,250.61,253.52,246.81,249.12,5206372.9
2025-10-14 00:00:00+00:00,249.12,249.77,240.6,242.94,4710572.91
2025-10-14 01:00:00+00:00,242.94,246.23,237.4,245.37,7280066.73
2025-10-14 02:00:00+00:00,245.37,249.65,242.36,243.33,5301970.06
2025-10-14 03:00:00+00:00,243.33,243.88,235.14,236.29,6154522.68
2025-10-14 04:00:00+00:00,236.29,239.08,230.02,234.42,6753795.02
2025-10-14 05:00:00+00:00,234.42,235.41,222.53,223.35,10820678.94
2025-10-14 06:00:00+00:00,223.35,234.88,221.16,229.31,9819945.97
2025-10-14 07:00:00+00:00,229.31,230.96,222.86,224.71,5692288.76
2025-10-14 08:00:00+00:00,224.71,226.19,217.64,225.04,6581962.18
2025-10-14 09:00:00+00:00,225.04,233.24,225.04,230.47,8727552.89
2025-10-14 10:00:00+00:00,230.47,233.16,225.69,230.81,6753705.3
2025-10-14 11:00:00+00:00,230.81,231.12,226.02,226.95,4035060.58
2025-10-14 12:00:00+00:00,226.95,229.82,224.25,224.73,3866387.67
2025-10-14 13:00:00+00:00,224.73,229.81,220.08,229.06,7034874.53
2025-10-14 14:00:00+00:00,229.06,249.97,227.44,244.01,16321302.75
2025-10-14 15:00:00+00:00,244.01,264.03,241.67,257.8,22965148.62
2025-10-14 16:00:00+00:00,257.8,263.36,253.15,259.91,14620472.98
2025-10-14 17:00:00+00:00,259.91,260.02,245.54,246.2,12962492.58
2025-10-14 18:00:00+00:00,246.2,249.68,235.71,239.26,11007948.14
2025-10-14 19:00:00+00:00,239.26,242.74,232.77,234.4,5309916.45
2025-10-14 20:00:00+00:00,234.4,238.95,234.05,237.44,3540594.43
2025-10-14 21:00:00+00:00,237.44,242.37,235.42,241.54,4494590.77
2025-10-14 22:00:00+00:00,241.54,254.25,241.54,253.45,8095750.7
2025-10-14 23:00:00+00:00,253.45,255.39,246.74,247.78,5703628.82
2025-10-15 00:00:00+00:00,247.78,250.17,243.62,244.9,3484301.45
2025-10-15 01:00:00+00:00,244.9,249.46,240.56,246.49,4568491.59
2025-10-15 02:00:00+00:00,246.49,264.38,245.82,259.48,8966853.59
2025-10-15 03:00:00+00:00,259.48,262.11,248.81,250.01,5588073.05
2025-10-15 04:00:00+00:00,250.01,253.1,246.31,249.54,3935808.61
2025-10-15 05:00:00+00:00,249.54,263.91,248.26,258.72,6638080.49
2025-10-15 06:00:00+00:00,258.72,270.89,255.66,257.99,12949367.61
2025-10-15 07:00:00+00:00,257.99,267.84,252.57,262.24,7967958.9
2025-10-15 08:00:00+00:00,262.24,271.56,261.22,265.1,10804840.48
2025-10-15 09:00:00+00:00,265.1,268.06,259.3,264.08,6754617.7
2025-10-15 10:00:00+00:00,264.08,277.9,263.31,269.93,16706689.61
2025-10-15 11:00:00+00:00,269.93,275.14,260.09,265.37,12154161.42
2025-10-15 12:00:00+00:00,265.37,271.96,260.45,261.54,8402422.57
2025-10-15 13:00:00+00:00,261.54,266.42,254.14,257.71,11731296.3
2025-10-15 14:00:00+00:00,257.71,263.37,248.58,252.51,9383847.4
2025-10-15 15:00:00+00:00,252.51,256.87,249.16,252.63,7068302.29
2025-10-15 16:00:00+00:00,252.63,255.38,247.12,248.58,6699792.17
2025-10-15 17:00:00+00:00,248.58,252.33,241.6,251.0,7658394.27
2025-10-15 18:00:00+00:00,251.0,252.48,247.19,248.93,3905621.6
2025-10-15 19:00:00+00:00,248.93,249.16,237.29,240.23,6181781.53
2025-10-15 20:00:00+00:00,240.23,242.3,236.08,236.28,5509259.75
2025-10-15 21:00:00+00:00,236.28,237.26,229.47,229.63,8806613.26
2025-10-15 22:00:00+00:00,229.63,236.67,224.45,226.79,9573032.98
2025-10-15 23:00:00+00:00,226.79,230.95,224.31,230.03,5845512.96
2025-10-16 00:00:00+00:00,230.03,230.06,222.54,226.75,5319286.66
2025-10-16 01:00:00+00:00,226.75,232.38,226.62,230.77,4634675.11
2025-10-16 02:00:00+00:00,230.77,231.95,227.49,230.44,3675369.09
2025-10-16 03:00:00+00:00,230.44,235.81,228.93,231.59,5462820.92
2025-10-16 04:00:00+00:00,231.59,235.96,226.24,226.63,4300846.76
2025-10-16 05:00:00+00:00,226.63,235.74,225.97,234.98,6059952.74
2025-10-16 06:00:00+00:00,234.98,245.21,233.43,241.23,11086328.32
2025-10-16 07:00:00+00:00,241.23,245.84,240.38,241.17,6547029.0
2025-10-16 08:00:00+00:00,241.17,242.85,236.2,240.01,7062609.23
2025-10-16 09:00:00+00:00,240.01,241.61,232.0,235.11,7950437.71
2025-10-16 10:00:00+00:00,235.11,240.86,232.98,239.57,6718827.7
2025-10-16 11:00:00+00:00,239.57,240.03,233.17,236.47,3927361.46
2025-10-16 12:00:00+00:00,236.47,240.85,235.6,235.78,4626732.95
2025-10-16 13:00:00+00:00,235.78,237.1,229.62,230.94,5685188.25
2025-10-16 14:00:00+00:00,230.94,239.94,224.63,231.97,18597102.07
2025-10-16 15:00:00+00:00,231.97,233.02,219.25,219.34,13092344.94
2025-10-16 16:00:00+00:00,219.34,226.47,208.6,224.84,24584040.68
2025-10-16 17:00:00+00:00,224.84,224.98,219.15,221.9,8285417.15
2025-10-16 18:00:00+00:00,221.9,223.12,216.37,220.16,7231074.71
2025-10-16 19:00:00+00:00,220.16,220.81,210.24,214.47,9969132.25
2025-10-16 20:00:00+00:00,214.47,216.38,209.74,211.32,6987554.07
2025-10-16 21:00:00+00:00,211.32,219.24,209.63,218.58,9881020.69
2025-10-16 22:00:00+00:00,218.58,220.11,209.08,210.17,7541249.14
2025-10-16 23:00:00+00:00,210.17,213.34,202.59,205.09,9284657.61
2025-10-17 00:00:00+00:00,205.09,211.52,204.12,210.61,4743773.89
2025-10-17 01:00:00+00:00,210.61,223.38,208.2,210.48,10892489.78
2025-10-17 02:00:00+00:00,210.48,213.47,208.25,212.35,4482149.97
2025-10-17 03:00:00+00:00,212.35,214.94,212.34,213.87,2466488.61
2025-10-17 04:00:00+00:00,213.87,218.97,213.52,215.99,3964456.52
2025-10-17 05:00:00+00:00,215.99,218.35,211.25,211.49,3523907.88
2025-10-17 06:00:00+00:00,211.49,212.77,201.13,201.24,11410534.96
2025-10-17 07:00:00+00:00,201.24,201.48,189.6,192.45,17611719.75
2025-10-17 08:00:00+00:00,192.45,198.2,190.86,194.82,9201250.91
2025-10-17 09:00:00+00:00,194.82,201.9,193.01,193.5,9204812.31
2025-10-17 10:00:00+00:00,193.5,196.7,187.2,195.84,12367426.23
2025-10-17 11:00:00+00:00,195.84,208.44,195.21,206.83,10376981.63
2025-10-17 12:00:00+00:00,206.83,210.89,205.74,208.91,7623596.26
2025-10-17 13:00:00+00:00,208.91,216.67,208.85,215.56,14206192.24
2025-10-17 14:00:00+00:00,215.56,215.56,207.04,210.14,8221533.18
2025-10-17 15:00:00+00:00,210.14,214.72,209.16,211.1,5918802.86
2025-10-17 16:00:00+00:00,211.1,224.55,210.69,216.24,15622524.81
2025-10-17 17:00:00+00:00,216.24,218.15,211.21,212.64,5715805.78
2025-10-17 18:00:00+00:00,212.64,220.56,212.33,218.13,5887104.13
2025-10-17 19:00:00+00:00,218.13,218.77,211.85,214.72,3692628.21
2025-10-17 20:00:00+00:00,214.72,227.93,212.84,226.18,9369892.71
2025-10-17 21:00:00+00:00,226.18,234.58,224.21,230.3,11718534.97
2025-10-17 22:00:00+00:00,230.3,230.91,221.15,221.31,5688916.12
2025-10-17 23:00:00+00:00,221.31,222.86,216.28,217.81,5423968.59
2025-10-18 00:00:00+00:00,217.81,220.27,214.63,218.52,3388176.13
2025-10-18 01:00:00+00:00,218.52,220.35,216.5,219.12,2713375.31
2025-10-18 02:00:00+00:00,219.12,222.97,212.59,212.8,4816402.44
2025-10-18 03:00:00+00:00,212.8,215.83,210.95,213.71,3262241.55
2025-10-18 04:00:00+00:00,213.71,215.22,210.34,214.72,2861733.29
2025-10-18 05:00:00+00:00,214.72,218.22,214.13,217.18,3390796.99
2025-10-18 06:00:00+00:00,217.18,218.08,214.42,215.39,1904127.77
2025-10-18 07:00:00+00:00,215.39,222.28,214.75,217.28,5702558.93
2025-10-18 08:00:00+00:00,217.28,217.35,213.18,214.47,2727772.57
2025-10-18 09:00:00+00:00,214.47,219.93,214.1,219.11,2783335.32
2025-10-18 10:00:00+00:00,219.11,224.35,218.3,219.58,4168104.9
2025-10-18 11:00:00+00:00,219.58,226.88,218.6,223.26,5525606.01
2025-10-18 12:00:00+00:00,223.26,225.72,220.28,221.28,3420988.33
2025-10-18 13:00:00+00:00,221.28,221.82,214.8,215.46,4506862.77
2025-10-18 14:00:00+00:00,215.46,220.35,214.14,216.52,5231368.38
2025-10-18 15:00:00+00:00,216.52,218.57,212.77,213.5,3573642.31
2025-10-18 16:00:00+00:00,213.5,215.3,210.16,211.94,4457937.31
2025-10-18 17:00:00+00:00,211.94,217.49,211.5,217.01,3027778.74
2025-10-18 18:00:00+00:00,217.01,219.93,216.98,219.44,2756352.39
2025-10-18 19:00:00+00:00,219.44,224.91,219.26,223.85,4210799.74
2025-10-18 20:00:00+00:00,223.85,224.98,220.28,220.56,3182238.26
2025-10-18 21:00:00+00:00,220.56,221.51,216.24,218.12,4397980.15
2025-10-18 22:00:00+00:00,218.12,218.6,215.41,217.17,1382939.75
2025-10-18 23:00:00+00:00,217.17,221.77,216.93,221.37,2038512.16
2025-10-19 00:00:00+00:00,221.37,222.71,217.49,219.06,2846090.41
2025-10-19 01:00:00+00:00,219.06,227.18,217.76,224.36,3513497.12
2025-10-19 02:00:00+00:00,224.36,224.42,219.85,221.88,2367614.99
2025-10-19 03:00:00+00:00,221.88,229.28,221.16,225.87,5003040.14
2025-10-19 04:00:00+00:00,225.87,229.27,223.91,223.96,3295393.76
2025-10-19 05:00:00+00:00,223.96,224.32,220.27,221.56,3045753.4
2025-10-19 06:00:00+00:00,221.56,221.76,218.05,219.49,3167740.47
2025-10-19 07:00:00+00:00,219.49,219.98,215.54,218.11,2696322.77
2025-10-19 08:00:00+00:00,218.11,221.49,213.21,213.39,4630353.83
2025-10-19 09:00:00+00:00,213.39,220.11,211.41,219.1,5460104.29
2025-10-19 10:00:00+00:00,219.1,223.65,218.18,219.7,4323534.49
2025-10-19 11:00:00+00:00,219.7,223.33,217.98,218.1,5371147.46
2025-10-19 12:00:00+00:00,218.1,218.32,215.23,216.8,3128956.57
2025-10-19 13:00:00+00:00,216.8,222.17,213.5,220.76,5612032.17
2025-10-19 14:00:00+00:00,220.76,224.37,219.18,223.4,5539615.48
2025-10-19 15:00:00+00:00,223.4,228.38,222.81,225.54,5041783.9
2025-10-19 16:00:00+00:00,225.54,229.06,224.58,225.39,5382458.22
2025-10-19 17:00:00+00:00,225.39,232.23,222.24,230.47,7295738.3
2025-10-19 18:00:00+00:00,230.47,240.2,228.15,236.79,10531683.42
2025-10-19 19:00:00+00:00,236.79,237.93,231.06,233.04,5135259.91
2025-10-19 20:00:00+00:00,233.04,237.65,231.98,233.97,3933704.11
2025-10-19 21:00:00+00:00,233.97,239.12,233.43,237.31,2899723.66
2025-10-19 22:00:00+00:00,237.31,244.77,237.2,241.86,5985880.9
2025-10-19 23:00:00+00:00,241.86,244.43,235.12,235.76,6231786.95
2025-10-20 00:00:00+00:00,235.76,242.28,232.48,242.08,6117162.39
2025-10-20 01:00:00+00:00,242.08,243.99,236.84,237.62,5622872.71
2025-10-20 02:00:00+00:00,237.62,237.78,229.67,234.56,5971362.42
2025-10-20 03:00:00+00:00,234.56,242.95,231.76,242.77,6467130.62
2025-10-20 04:00:00+00:00,242.77,248.85,241.43,247.05,7456982.19
2025-10-20 05:00:00+00:00,247.05,247.05,242.58,243.43,3888297.63
2025-10-20 06:00:00+00:00,243.43,249.04,240.01,240.03,7590419.46
2025-10-20 07:00:00+00:00,240.03,242.6,237.23,238.26,5965243.79
2025-10-20 08:00:00+00:00,238.26,244.8,237.46,243.84,6096118.76
2025-10-20 09:00:00+00:00,243.84,244.0,239.01,240.33,3138000.44
2025-10-20 10:00:00+00:00,240.33,242.39,236.1,240.41,4428526.53
2025-10-20 11:00:00+00:00,240.41,252.06,237.59,251.75,8767663.32
2025-10-20 12:00:00+00:00,251.75,255.51,246.72,253.24,9961727.3
2025-10-20 13:00:00+00:00,253.24,258.5,250.6,255.3,8348652.66
2025-10-20 14:00:00+00:00,255.3,265.01,251.68,264.09,16147547.82
2025-10-20 15:00:00+00:00,264.09,265.92,259.79,260.58,9046838.75
2025-10-20 16:00:00+00:00,260.58,269.39,248.73,254.29,18876265.72
2025-10-20 17:00:00+00:00,254.29,268.36,250.79,267.47,11557717.42
2025-10-20 18:00:00+00:00,267.47,284.41,262.36,280.65,21320796.05
2025-10-20 19:00:00+00:00,280.65,282.61,273.22,274.89,12282132.02
2025-10-20 20:00:00+00:00,274.89,277.79,270.54,272.7,6548332.4
2025-10-20 21:00:00+00:00,272.7,273.31,266.76,267.99,5900083.73
2025-10-20 22:00:00+00:00,267.99,269.36,265.13,266.69,3728516.99
2025-10-20 23:00:00+00:00,266.69,270.94,266.16,268.58,3077339.64
2025-10-21 00:00:00+00:00,268.58,270.67,265.73,268.73,3703901.08
2025-10-21 01:00:00+00:00,268.73,269.92,265.7,267.42,3022837.39
2025-10-21 02:00:00+00:00,267.42,267.42,262.04,264.18,4509158.45
2025-10-21 03:00:00+00:00,264.18,265.61,261.5,263.47,4216653.92
2025-10-21 04:00:00+00:00,263.47,263.86,256.21,257.2,6579611.7
2025-10-21 05:00:00+00:00,257.2,258.88,249.68,250.06,5426836.03
2025-10-21 06:00:00+00:00,250.06,256.2,249.37,253.22,5404936.8
2025-10-21 07:00:00+00:00,253.22,259.81,250.49,255.35,4406873.14
2025-10-21 08:00:00+00:00,255.35,255.89,250.29,254.82,4972005.06
2025-10-21 09:00:00+00:00,254.82,254.98,245.81,247.28,7150915.8
2025-10-21 10:00:00+00:00,247.28,260.13,246.98,257.05,7409211.84
2025-10-21 11:00:00+00:00,257.05,274.51,256.01,274.08,16751560.05
2025-10-21 12:00:00+00:00,274.08,279.97,266.09,266.89,15440232.16
2025-10-21 13:00:00+00:00,266.89,279.75,263.5,273.08,15210951.51
2025-10-21 14:00:00+00:00,273.08,283.42,270.67,282.43,16046056.27
2025-10-21 15:00:00+00:00,282.43,296.41,276.87,292.31,29950033.33
2025-10-21 16:00:00+00:00,292.31,309.89,279.0,288.21,44837961.22
2025-10-21 17:00:00+00:00,288.21,288.21,270.88,277.8,28569943.63
2025-10-21 18:00:00+00:00,277.8,283.75,274.18,279.34,9342633.24
2025-10-21 19:00:00+00:00,279.34,289.31,277.38,278.25,7807523.58
2025-10-21 20:00:00+00:00,278.25,279.25,270.56,274.97,6074112.62
2025-10-21 21:00:00+00:00,274.97,280.91,272.56,272.65,5470512.61
2025-10-21 22:00:00+00:00,272.65,272.67,264.84,269.1,7699797.87
2025-10-21 23:00:00+00:00,269.1,271.3,261.21,262.92,4949579.1
2025-10-22 00:00:00+00:00,262.92,269.67,261.45,265.25,5069123.11
2025-10-22 01:00:00+00:00,265.25,269.45,253.34,261.0,9883606.49
2025-10-22 02:00:00+00:00,261.0,264.06,256.51,261.59,5109344.4
2025-10-22 03:00:00+00:00,261.59,267.38,260.68,265.83,5943946.16
2025-10-22 04:00:00+00:00,265.83,276.97,264.64,276.26,11869828.23
2025-10-22 05:00:00+00:00,276.26,276.33,264.55,272.12,8514148.1
2025-10-22 06:00:00+00:00,272.12,274.19,268.63,272.28,4863661.62
2025-10-22 07:00:00+00:00,272.28,281.82,262.7,276.6,15889025.94
2025-10-22 08:00:00+00:00,276.6,280.96,272.63,276.62,7099946.92
2025-10-22 09:00:00+00:00,276.62,277.75,265.48,268.83,7254128.09
2025-10-22 10:00:00+00:00,268.83,274.6,265.95,269.23,5861590.46
2025-10-22 11:00:00+00:00,269.23,274.49,267.55,271.64,6276402.54
2025-10-22 12:00:00+00:00,271.64,277.71,268.28,274.77,10295101.22
2025-10-22 13:00:00+00:00,274.77,275.84,268.55,273.54,10050111.04
2025-10-22 14:00:00+00:00,273.54,274.36,255.46,267.93,15389048.62
2025-10-22 15:00:00+00:00,267.93,267.93,255.4,259.56,12967788.35
2025-10-22 16:00:00+00:00,259.56,262.99,255.63,261.24,8500315.6
2025-10-22 17:00:00+00:00,261.24,261.52,232.63,242.19,21068382.71
2025-10-22 18:00:00+00:00,242.19,248.64,240.2,244.22,13327530.12
2025-10-22 19:00:00+00:00,244.22,248.34,242.39,245.75,5247425.75
2025-10-22 20:00:00+00:00,245.75,245.88,230.48,230.96,10798639.24
2025-10-22 21:00:00+00:00,230.96,235.0,228.06,231.95,8516911.81
2025-10-22 22:00:00+00:00,231.95,233.65,226.5,228.2,6326807.85
2025-10-22 23:00:00+00:00,228.2,241.7,226.37,238.65,9943321.77
2025-10-23 00:00:00+00:00,238.65,240.54,236.77,238.54,4236583.12
2025-10-23 01:00:00+00:00,238.54,242.44,236.09,239.52,5012602.95
2025-10-23 02:00:00+00:00,239.52,242.99,235.55,241.96,5836679.94
2025-10-23 03:00:00+00:00,241.96,245.33,240.25,241.41,4813086.55
2025-10-23 04:00:00+00:00,241.41,241.59,236.82,239.04,4784242.09
2025-10-23 05:00:00+00:00,239.04,241.3,233.58,235.32,6210929.1
2025-10-23 06:00:00+00:00,235.32,252.0,234.25,251.17,14506737.97
2025-10-23 07:00:00+00:00,251.17,252.74,239.49,239.87,10886738.74
2025-10-23 08:00:00+00:00,239.87,243.09,237.05,238.06,4740019.79
2025-10-23 09:00:00+00:00,238.06,240.62,235.3,236.72,4478414.76
2025-10-23 10:00:00+00:00,236.72,239.38,234.8,235.03,5662876.06
2025-10-23 11:00:00+00:00,235.03,237.81,231.11,233.01,4235031.34
2025-10-23 12:00:00+00:00,233.01,237.83,230.54,236.41,8122710.66
2025-10-23 13:00:00+00:00,236.41,239.04,233.43,236.89,5060347.48
2025-10-23 14:00:00+00:00,236.89,237.1,228.64,231.57,9533695.73
2025-10-23 15:00:00+00:00,231.57,241.21,231.03,237.55,8496893.82
2025-10-23 16:00:00+00:00,237.55,239.18,233.08,238.95,5034350.28
2025-10-23 17:00:00+00:00,238.95,245.9,235.28,241.86,7674722.95
2025-10-23 18:00:00+00:00,241.86,243.5,235.66,240.4,6858170.5
2025-10-23 19:00:00+00:00,240.4,241.14,236.42,237.59,3333228.71
2025-10-23 20:00:00+00:00,237.59,238.04,232.79,233.07,4927397.97
2025-10-23 21:00:00+00:00,233.07,236.89,232.63,235.78,3562444.75
2025-10-23 22:00:00+00:00,235.78,240.5,235.78,238.4,2830793.3
2025-10-23 23:00:00+00:00,238.4,244.25,237.94,243.55,3656932.27
2025-10-24 00:00:00+00:00,243.55,257.09,240.24,253.93,11284342.94
2025-10-24 01:00:00+00:00,253.93,256.76,249.02,255.44,8680711.1
2025-10-24 02:00:00+00:00,255.44,262.84,253.95,260.12,7890544.89
2025-10-24 03:00:00+00:00,260.12,261.09,254.1,258.27,4837802.59
2025-10-24 04:00:00+00:00,258.27,269.46,256.03,267.88,6977061.54
2025-10-24 05:00:00+00:00,267.88,267.9,261.64,263.29,4714775.27
2025-10-24 06:00:00+00:00,263.29,263.29,252.98,258.61,7696877.79
2025-10-24 07:00:00+00:00,258.61,259.83,255.89,256.98,3103353.82
2025-10-24 08:00:00+00:00,256.98,259.86,254.11,259.47,3544924.04
2025-10-24 09:00:00+00:00,259.47,265.53,258.54,264.57,4651292.6
2025-10-24 10:00:00+00:00,264.57,266.72,262.38,263.73,5386686.17
2025-10-24 11:00:00+00:00,263.73,267.37,261.16,263.43,5114208.04
2025-10-24 12:00:00+00:00,263.43,273.32,263.41,268.71,13128823.26
2025-10-24 13:00:00+00:00,268.71,271.92,257.38,260.75,11662399.67
2025-10-24 14:00:00+00:00,260.75,260.78,249.43,253.55,10811135.33
2025-10-24 15:00:00+00:00,253.55,256.74,251.02,252.98,7968694.8
2025-10-24 16:00:00+00:00,252.98,253.89,248.96,253.78,4318007.74
2025-10-24 17:00:00+00:00,253.78,261.16,252.92,256.0,5506288.31
2025-10-24 18:00:00+00:00,256.0,258.91,253.43,255.76,4464715.03
2025-10-24 19:00:00+00:00,255.76,265.35,255.04,258.42,6071149.21
2025-10-24 20:00:00+00:00,258.42,262.19,257.62,259.94,2524828.8
2025-10-24 21:00:00+00:00,259.94,261.56,258.59,259.57,2460984.72
2025-10-24 22:00:00+00:00,259.57,270.16,258.18,266.35,6237705.89
2025-10-24 23:00:00+00:00,266.35,272.87,265.6,269.93,8703943.97
2025-10-25 00:00:00+00:00,269.93,271.93,265.86,268.14,4719707.48
2025-10-25 01:00:00+00:00,268.14,275.05,267.5,269.25,5571807.95
2025-10-25 02:00:00+00:00,269.25,270.28,265.66,265.85,2315632.39
2025-10-25 03:00:00+00:00,265.85,269.73,265.51,266.96,2226915.95
2025-10-25 04:00:00+00:00,266.96,272.08,266.61,270.63,3034254.16
2025-10-25 05:00:00+00:00,270.63,271.97,267.95,268.45,2354111.58
2025-10-25 06:00:00+00:00,268.45,270.98,266.4,266.55,2282399.0
2025-10-25 07:00:00+00:00,266.55,272.28,266.02,268.65,3412423.31
2025-10-25 08:00:00+00:00,268.65,274.95,268.59,272.67,5513977.09
2025-10-25 09:00:00+00:00,272.67,273.74,268.06,268.95,3040514.75
2025-10-25 10:00:00+00:00,268.95,273.3,267.01,272.51,3128531.12
2025-10-25 11:00:00+00:00,272.51,272.51,269.71,270.83,2192593.26
2025-10-25 12:00:00+00:00,270.83,275.08,270.11,275.05,3455605.21
2025-10-25 13:00:00+00:00,275.05,275.65,267.65,268.84,8869350.45
2025-10-25 14:00:00+00:00,268.84,273.17,267.3,273.14,3838408.09
2025-10-25 15:00:00+00:00,273.14,274.79,268.94,269.23,4707075.48
2025-10-25 16:00:00+00:00,269.23,274.68,269.0,274.07,4879001.52
2025-10-25 17:00:00+00:00,274.07,275.17,270.38,274.21,4705772.44
2025-10-25 18:00:00+00:00,274.21,275.97,273.94,274.85,4090984.89
2025-10-25 19:00:00+00:00,274.85,274.86,270.17,272.24,3511323.76
2025-10-25 20:00:00+00:00,272.24,276.16,271.21,272.76,5030014.79
2025-10-25 21:00:00+00:00,272.76,276.2,272.69,275.87,3614281.62
2025-10-25 22:00:00+00:00,275.87,284.7,274.73,279.57,11065935.08
2025-10-25 23:00:00+00:00,279.57,280.41,271.65,276.12,6273709.7
2025-10-26 00:00:00+00:00,276.12,276.17,272.01,273.0,3943806.92
2025-10-26 01:00:00+00:00,273.0,279.57,272.9,277.65,5163432.92
2025-10-26 02:00:00+00:00,277.65,285.67,276.65,284.63,6438610.99
2025-10-26 03:00:00+00:00,284.63,291.78,282.66,287.83,11438085.46
2025-10-26 04:00:00+00:00,287.83,292.1,285.83,289.64,11143785.3
2025-10-26 05:00:00+00:00,289.64,290.79,285.04,285.66,3987685.87
2025-10-26 06:00:00+00:00,285.66,299.27,285.63,298.04,10310638.86
2025-10-26 07:00:00+00:00,298.04,301.03,293.42,299.28,12643522.01
2025-10-26 08:00:00+00:00,299.28,308.89,297.32,308.22,16334298.01
2025-10-26 09:00:00+00:00,308.22,318.38,300.69,306.78,31679397.44
2025-10-26 10:00:00+00:00,306.78,312.46,303.23,309.91,11090569.32
2025-10-26 11:00:00+00:00,309.91,318.66,308.32,316.09,17923454.11
2025-10-26 12:00:00+00:00,316.09,325.95,314.39,325.29,23584968.55
2025-10-26 13:00:00+00:00,325.29,337.23,318.49,332.54,31548480.37
2025-10-26 14:00:00+00:00,332.54,349.55,329.4,337.09,33616171.37
2025-10-26 15:00:00+00:00,337.09,358.81,332.02,353.65,37767652.38
2025-10-26 16:00:00+00:00,353.65,357.44,334.31,348.72,38660535.57
2025-10-26 17:00:00+00:00,348.72,359.38,346.48,348.3,23941702.68
2025-10-26 18:00:00+00:00,348.3,353.96,339.35,346.46,19331763.26
2025-10-26 19:00:00+00:00,346.46,354.04,341.97,350.04,14078265.66
2025-10-26 20:00:00+00:00,350.04,357.83,343.39,346.54,17814994.06
2025-10-26 21:00:00+00:00,346.54,350.52,342.05,346.94,9281262.55
2025-10-26 22:00:00+00:00,346.94,351.95,343.02,345.06,12326944.45
2025-10-26 23:00:00+00:00,345.06,348.33,325.12,325.26,22830193.36
2025-10-27 00:00:00+00:00,325.26,354.16,325.26,353.11,18922957.89
2025-10-27 01:00:00+00:00,353.11,369.34,352.19,365.71,34387255.32
2025-10-27 02:00:00+00:00,365.71,369.32,359.28,360.05,16013094.58
2025-10-27 03:00:00+00:00,360.05,374.68,360.01,372.02,16582789.04
2025-10-27 04:00:00+00:00,372.02,373.77,355.17,360.63,18718643.67
2025-10-27 05:00:00+00:00,360.63,365.58,350.54,350.8,9257530.55
2025-10-27 06:00:00+00:00,350.8,368.5,350.37,364.3,14015577.0
2025-10-27 07:00:00+00:00,364.3,364.67,345.12,346.51,16017460.99
2025-10-27 08:00:00+00:00,346.51,359.9,345.24,349.21,12601489.13
2025-10-27 09:00:00+00:00,349.21,356.94,347.42,355.17,12295362.14
2025-10-27 10:00:00+00:00,355.17,358.92,352.74,356.75,6885063.85
2025-10-27 11:00:00+00:00,356.75,359.22,351.78,359.01,6480160.48
2025-10-27 12:00:00+00:00,359.01,368.72,356.31,361.66,10254769.22
2025-10-27 13:00:00+00:00,361.66,368.87,355.74,356.65,14103077.48
2025-10-27 14:00:00+00:00,356.65,363.21,350.22,362.53,12811945.94
2025-10-27 15:00:00+00:00,362.53,364.7,358.87,359.88,7955204.7
2025-10-27 16:00:00+00:00,359.88,373.31,358.34,368.63,13515035.9
2025-10-27 17:00:00+00:00,368.63,369.02,357.17,363.32,13350412.26
2025-10-27 18:00:00+00:00,363.32,363.71,341.49,347.84,16517878.42
2025-10-27 19:00:00+00:00,347.84,351.13,342.43,344.67,8338504.63
2025-10-27 20:00:00+00:00,344.67,349.41,334.34,343.75,16498608.86
2025-10-27 21:00:00+00:00,343.75,348.94,337.01,348.85,7224549.66
2025-10-27 22:00:00+00:00,348.85,349.19,338.72,339.84,8950793.91
2025-10-27 23:00:00+00:00,339.84,342.85,337.08,341.74,7374012.86
2025-10-28 00:00:00+00:00,341.74,343.62,330.04,334.26,18013652.85
2025-10-28 01:00:00+00:00,334.26,336.42,321.74,329.73,19951612.22
2025-10-28 02:00:00+00:00,329.73,341.51,325.9,334.93,8290987.13
2025-10-28 03:00:00+00:00,334.93,337.95,329.23,331.63,5194050.0
2025-10-28 04:00:00+00:00,331.63,338.01,330.44,334.65,5163865.88
2025-10-28 05:00:00+00:00,334.65,337.36,327.57,328.69,4641372.07
2025-10-28 06:00:00+00:00,328.69,332.33,325.77,327.26,10311823.6
2025-10-28 07:00:00+00:00,327.26,330.81,320.52,324.39,7434858.02
2025-10-28 08:00:00+00:00,324.39,333.53,323.67,330.0,5446963.15
2025-10-28 09:00:00+00:00,330.0,330.73,322.44,323.64,6126036.85
2025-10-28 10:00:00+00:00,323.64,326.03,320.04,324.65,6185836.72
2025-10-28 11:00:00+00:00,324.65,329.96,324.65,326.48,5499390.1
2025-10-28 12:00:00+00:00,326.48,336.18,324.09,335.21,10701214.18
2025-10-28 13:00:00+00:00,335.21,343.83,332.26,339.02,17684998.7
2025-10-28 14:00:00+00:00,339.02,339.09,325.07,330.93,14900125.85
2025-10-28 15:00:00+00:00,330.93,333.76,324.6,327.51,10091137.45
2025-10-28 16:00:00+00:00,327.51,327.61,316.57,319.21,18246726.6
2025-10-28 17:00:00+00:00,319.21,320.76,313.48,318.64,12131325.76
2025-10-28 18:00:00+00:00,318.64,318.94,312.57,315.52,8585239.51
2025-10-28 19:00:00+00:00,315.52,317.89,308.92,315.62,10826591.21
2025-10-28 20:00:00+00:00,315.62,320.86,308.04,316.32,11316284.03
2025-10-28 21:00:00+00:00,316.32,323.87,312.02,322.81,7160613.12
2025-10-28 22:00:00+00:00,322.81,322.81,316.42,317.79,5381783.88
2025-10-28 23:00:00+00:00,317.79,318.24,313.13,315.87,3238478.22
2025-10-29 00:00:00+00:00,315.87,317.06,309.98,315.76,3607873.21
2025-10-29 01:00:00+00:00,315.76,323.95,315.43,319.57,6882454.74
2025-10-29 02:00:00+00:00,319.57,323.06,315.22,322.26,7494603.59
2025-10-29 03:00:00+00:00,322.26,322.36,315.3,318.87,5740317.63
2025-10-29 04:00:00+00:00,318.87,323.87,318.06,321.9,3577066.47
2025-10-29 05:00:00+00:00,321.9,323.29,314.05,315.08,4944739.91
2025-10-29 06:00:00+00:00,315.08,320.2,314.52,317.72,3756085.13
2025-10-29 07:00:00+00:00,317.72,319.48,315.5,316.95,2800880.84
2025-10-29 08:00:00+00:00,316.95,319.13,311.37,319.03,5437864.97
2025-10-29 09:00:00+00:00,319.03,331.79,319.02,326.13,12751537.35
2025-10-29 10:00:00+00:00,326.13,334.59,325.81,328.06,13113738.79
2025-10-29 11:00:00+00:00,328.06,335.35,326.72,330.81,9129736.24
2025-10-29 12:00:00+00:00,330.81,343.18,330.51,338.91,14315465.99
2025-10-29 13:00:00+00:00,338.91,349.6,337.56,343.25,19911116.48
2025-10-29 14:00:00+00:00,343.25,343.91,331.81,339.74,12655755.71
2025-10-29 15:00:00+00:00,339.74,342.58,327.13,330.29,13211702.16
2025-10-29 16:00:00+00:00,330.29,333.92,326.76,330.08,9395860.11
2025-10-29 17:00:00+00:00,330.08,348.96,329.34,348.93,11632263.99
2025-10-29 18:00:00+00:00,348.93,350.09,328.51,347.56,28353735.46
2025-10-29 19:00:00+00:00,347.56,355.73,340.82,347.03,14278552.43
2025-10-29 20:00:00+00:00,347.03,358.75,346.94,357.57,13342935.75
2025-10-29 21:00:00+00:00,357.57,363.28,355.06,356.72,7996093.59
2025-10-29 22:00:00+00:00,356.72,361.36,356.1,356.92,7301623.76
2025-10-29 23:00:00+00:00,356.92,357.28,350.37,351.58,7541308.5
2025-10-30 00:00:00+00:00,351.58,362.14,341.61,361.94,10116403.6
2025-10-30 01:00:00+00:00,361.94,368.17,348.32,352.12,12415165.69
2025-10-30 02:00:00+00:00,352.12,354.67,346.45,354.27,8083524.63
2025-10-30 03:00:00+00:00,354.27,359.95,352.88,355.62,7117410.52
2025-10-30 04:00:00+00:00,355.62,355.94,337.31,338.65,22319479.25
2025-10-30 05:00:00+00:00,338.65,346.5,338.05,343.75,7678065.5
2025-10-30 06:00:00+00:00,343.75,346.55,340.84,345.62,6486257.3
2025-10-30 07:00:00+00:00,345.62,363.01,344.31,362.94,17344641.87
2025-10-30 08:00:00+00:00,362.94,364.21,357.51,361.17,14964519.77
2025-10-30 09:00:00+00:00,361.17,366.8,355.49,357.17,11070167.82
2025-10-30 10:00:00+00:00,357.17,363.81,356.61,362.36,6066178.49
2025-10-30 11:00:00+00:00,362.36,362.41,357.9,358.78,5756132.31
2025-10-30 12:00:00+00:00,358.78,360.0,340.32,343.68,19287581.06
2025-10-30 13:00:00+00:00,343.68,343.68,324.7,331.38,24519177.26
2025-10-30 14:00:00+00:00,331.38,338.27,327.46,336.51,12470798.76
2025-10-30 15:00:00+00:00,336.51,337.91,328.0,328.68,12150236.53
2025-10-30 16:00:00+00:00,328.68,338.51,326.89,333.69,11349146.94
2025-10-30 17:00:00+00:00,333.69,333.8,316.09,325.01,21067442.43
2025-10-30 18:00:00+00:00,325.01,325.08,298.08,303.62,26274084.3
2025-10-30 19:00:00+00:00,303.62,318.29,303.61,312.31,12955356.0
2025-10-30 20:00:00+00:00,312.31,333.75,311.32,332.56,21564687.17
2025-10-30 21:00:00+00:00,332.56,341.12,329.5,336.99,13903012.5
2025-10-30 22:00:00+00:00,336.99,340.52,332.72,340.52,12537803.28
2025-10-30 23:00:00+00:00,340.52,347.97,334.24,345.53,16135611.98
2025-10-31 00:00:00+00:00,345.53,350.52,339.55,350.3,13465202.9
2025-10-31 01:00:00+00:00,350.3,355.11,345.65,350.6,16986642.52
2025-10-31 02:00:00+00:00,350.6,363.89,345.82,356.41,23588511.18
2025-10-31 03:00:00+00:00,356.41,374.73,356.27,369.48,30115407.85
2025-10-31 04:00:00+00:00,369.48,381.52,366.36,378.0,29443828.48
2025-10-31 05:00:00+00:00,378.0,389.93,374.75,380.82,29111214.94
2025-10-31 06:00:00+00:00,380.82,391.34,377.25,384.23,22058121.82
2025-10-31 07:00:00+00:00,384.23,388.98,378.55,385.33,15454639.79
2025-10-31 08:00:00+00:00,385.33,388.97,377.95,385.16,15560654.02
2025-10-31 09:00:00+00:00,385.16,387.32,379.02,384.94,13829573.71
2025-10-31 10:00:00+00:00,384.94,389.07,368.31,372.81,18497066.51
2025-10-31 11:00:00+00:00,372.81,377.24,360.99,371.33,20897353.45
2025-10-31 12:00:00+00:00,371.33,373.47,358.07,360.36,16495754.86
2025-10-31 13:00:00+00:00,360.36,369.62,360.35,366.68,11928558.21
2025-10-31 14:00:00+00:00,366.68,388.29,365.5,387.22,29873224.76
2025-10-31 15:00:00+00:00,387.22,389.48,381.57,383.51,20000107.72
2025-10-31 16:00:00+00:00,383.51,386.97,364.32,367.87,21315447.25
2025-10-31 17:00:00+00:00,367.87,384.91,363.12,382.19,20473954.28
2025-10-31 18:00:00+00:00,382.19,384.68,374.78,381.64,15034875.52
2025-10-31 19:00:00+00:00,381.64,387.17,378.02,383.09,11778172.14
2025-10-31 20:00:00+00:00,383.09,388.49,380.06,387.09,12624634.98
2025-10-31 21:00:00+00:00,387.09,399.97,385.4,391.25,27610678.74
2025-10-31 22:00:00+00:00,391.25,412.74,389.03,409.61,32958481.39
2025-10-31 23:00:00+00:00,409.61,414.07,403.19,404.53,20757454.06
2025-11-01 00:00:00+00:00,404.53,410.06,401.89,408.61,17114213.23
2025-11-01 01:00:00+00:00,408.61,412.92,398.53,405.54,18884918.96
2025-11-01 02:00:00+00:00,405.54,410.32,400.05,409.33,10965759.38
2025-11-01 03:00:00+00:00,409.33,438.97,408.96,434.16,32255724.84
2025-11-01 04:00:00+00:00,434.16,434.47,418.59,426.52,14769693.91
2025-11-01 05:00:00+00:00,426.52,443.82,425.66,441.35,20274711.4
2025-11-01 06:00:00+00:00,441.35,449.68,435.58,442.47,24114365.37
2025-11-01 07:00:00+00:00,442.47,446.74,433.85,443.43,22722782.62
2025-11-01 08:00:00+00:00,443.43,443.48,424.18,427.88,28424430.72
2025-11-01 09:00:00+00:00,427.88,435.66,422.91,431.19,13822691.2
2025-11-01 10:00:00+00:00,431.19,436.82,422.0,423.07,13976023.56
2025-11-01 11:00:00+00:00,423.07,428.31,417.1,421.41,16145698.79
2025-11-01 12:00:00+00:00,421.41,427.53,415.22,416.13,13134431.63
2025-11-01 13:00:00+00:00,416.13,418.43,405.1,411.14,19128423.83
2025-11-01 14:00:00+00:00,411.14,415.34,393.44,400.99,34847376.76
2025-11-01 15:00:00+00:00,400.99,425.95,398.9,418.85,35724779.0
2025-11-01 16:00:00+00:00,418.85,419.1,407.63,412.83,11127783.69
2025-11-01 17:00:00+00:00,412.83,424.57,412.58,419.63,11959316.51
2025-11-01 18:00:00+00:00,419.63,424.7,416.72,423.66,8474233.83
2025-11-01 19:00:00+00:00,423.66,425.97,418.79,424.5,8741380.28
2025-11-01 20:00:00+00:00,424.5,431.84,413.99,418.95,15414187.46
2025-11-01 21:00:00+00:00,418.95,421.26,410.09,411.3,6755368.62
2025-11-01 22:00:00+00:00,411.3,416.12,410.04,412.18,6577901.19
2025-11-01 23:00:00+00:00,412.18,415.82,409.84,412.12,5710219.94
2025-11-02 00:00:00+00:00,412.12,412.29,398.01,407.98,15124335.96
2025-11-02 01:00:00+00:00,407.98,420.91,407.98,409.84,13064949.51
2025-11-02 02:00:00+00:00,409.84,425.64,408.36,425.25,7922929.72
2025-11-02 03:00:00+00:00,425.25,432.21,417.19,418.73,11480385.37
2025-11-02 04:00:00+00:00,418.73,421.42,410.08,412.43,8771985.34
2025-11-02 05:00:00+00:00,412.43,413.38,406.83,409.33,8859835.37
2025-11-02 06:00:00+00:00,409.33,421.02,407.21,414.24,10456272.42
2025-11-02 07:00:00+00:00,414.24,420.91,410.34,419.63,11320105.8
2025-11-02 08:00:00+00:00,419.63,429.68,417.01,417.34,13270848.42
2025-11-02 09:00:00+00:00,417.34,421.66,415.01,419.09,10191309.99
2025-11-02 10:00:00+00:00,419.09,423.1,411.04,412.44,10739187.75
2025-11-02 11:00:00+00:00,412.44,416.77,411.06,412.82,14635627.95
2025-11-02 12:00:00+00:00,412.82,416.69,403.21,407.17,19136551.89
2025-11-02 13:00:00+00:00,407.17,407.3,394.67,395.78,12623678.02
2025-11-02 14:00:00+00:00,395.78,397.44,372.99,381.3,24300606.04
2025-11-02 15:00:00+00:00,381.3,385.67,372.76,376.4,21021674.56
2025-11-02 16:00:00+00:00,376.4,396.73,367.35,394.23,30873801.72
2025-11-02 17:00:00+00:00,394.23,395.59,386.6,393.18,11816484.0
2025-11-02 18:00:00+00:00,393.18,400.1,389.14,394.61,6884210.68
2025-11-02 19:00:00+00:00,394.61,399.83,389.63,397.21,7532156.8
2025-11-02 20:00:00+00:00,397.21,399.48,391.64,396.42,4306449.35
2025-11-02 21:00:00+00:00,396.42,408.57,394.62,405.84,8307112.46
2025-11-02 22:00:00+00:00,405.84,422.38,405.37,414.36,16738352.32
2025-11-02 23:00:00+00:00,414.36,421.45,408.1,418.51,15664346.1
2025-11-03 00:00:00+00:00,418.51,418.51,407.41,410.96,9467983.78
2025-11-03 01:00:00+00:00,410.96,419.21,408.32,413.11,10403850.27
2025-11-03 02:00:00+00:00,413.11,414.46,395.78,404.33,15510550.55
2025-11-03 03:00:00+00:00,404.33,410.84,383.28,387.48,25334497.01
2025-11-03 04:00:00+00:00,387.48,399.06,385.52,395.06,13601459.14
2025-11-03 05:00:00+00:00,395.06,396.21,379.01,384.33,13670022.85
2025-11-03 06:00:00+00:00,384.33,391.76,383.06,388.63,11255316.11
2025-11-03 07:00:00+00:00,388.63,394.72,387.14,392.78,5418798.03
2025-11-03 08:00:00+00:00,392.78,394.23,381.36,387.5,11410507.8
2025-11-03 09:00:00+00:00,387.5,389.57,377.01,380.33,8279415.76
2025-11-03 10:00:00+00:00,380.33,394.03,380.17,387.78,10721433.59
2025-11-03 11:00:00+00:00,387.78,393.82,387.09,391.72,4668292.64
2025-11-03 12:00:00+00:00,391.72,403.65,390.58,394.22,9148043.29
2025-11-03 13:00:00+00:00,394.22,396.33,390.46,393.67,6777132.24
2025-11-03 14:00:00+00:00,393.67,397.99,382.78,392.54,10524614.77
2025-11-03 15:00:00+00:00,392.54,393.09,374.72,389.56,24194789.56
2025-11-03 16:00:00+00:00,389.56,419.95,387.48,410.67,36936533.43
2025-11-03 17:00:00+00:00,410.67,418.96,408.58,416.04,12109841.63
2025-11-03 18:00:00+00:00,416.04,420.81,410.11,411.28,12586463.92
2025-11-03 19:00:00+00:00,411.28,413.41,406.94,407.76,7515807.48
2025-11-03 20:00:00+00:00,407.76,430.87,407.76,418.97,16370875.48
2025-11-03 21:00:00+00:00,418.97,425.65,411.03,420.01,14406483.85
2025-11-03 22:00:00+00:00,420.01,421.68,406.33,416.75,9788370.68
2025-11-03 23:00:00+00:00,416.75,435.88,413.33,433.87,13796668.89
2025-11-04 00:00:00+00:00,433.87,435.07,410.8,434.53,30606714.84
2025-11-04 01:00:00+00:00,434.53,434.77,417.27,425.21,65662308.89
2025-11-04 02:00:00+00:00,425.21,443.91,422.59,436.9,48331337.21
2025-11-04 03:00:00+00:00,436.9,476.12,434.18,471.08,50339538.37
2025-11-04 04:00:00+00:00,471.08,483.51,464.49,477.41,36403496.2
2025-11-04 05:00:00+00:00,477.41,484.31,450.11,451.03,53684340.8
2025-11-04 06:00:00+00:00,451.03,469.98,448.17,462.55,27143378.41
2025-11-04 07:00:00+00:00,462.55,472.24,459.22,465.81,21082039.98
2025-11-04 08:00:00+00:00,465.81,476.03,452.45,469.68,17893156.9
2025-11-04 09:00:00+00:00,469.68,484.62,461.25,469.32,28215782.95
2025-11-04 10:00:00+00:00,469.32,483.63,465.21,469.65,17458490.77
2025-11-04 11:00:00+00:00,469.65,476.09,400.24,409.31,87346480.18
2025-11-04 12:00:00+00:00,409.31,423.55,392.78,404.15,45735900.85
2025-11-04 13:00:00+00:00,404.15,406.26,370.83,402.94,91356716.28
2025-11-04 14:00:00+00:00,402.94,428.96,396.61,419.04,40841727.86
2025-11-04 15:00:00+00:00,419.04,420.01,394.81,395.82,31009512.15
2025-11-04 16:00:00+00:00,395.82,405.3,385.23,388.64,35875597.31
2025-11-04 17:00:00+00:00,388.64,399.0,380.71,388.64,23583696.1
2025-11-04 18:00:00+00:00,388.64,411.45,384.66,406.84,24753423.83
2025-11-04 19:00:00+00:00,406.84,417.45,402.55,404.73,22426069.51
2025-11-04 20:00:00+00:00,404.73,423.61,388.58,411.67,25658190.48
2025-11-04 21:00:00+00:00,411.67,417.29,397.97,413.27,25313950.44
2025-11-04 22:00:00+00:00,413.27,452.02,410.34,440.73,44720365.55
2025-11-04 23:00:00+00:00,440.73,450.17,435.66,441.83,18778613.83
2025-11-05 00:00:00+00:00,441.83,444.3,424.63,436.47,14755470.81
2025-11-05 01:00:00+00:00,436.47,441.81,411.34,426.45,24013709.71
2025-11-05 02:00:00+00:00,426.45,432.41,418.09,425.15,11497475.4
2025-11-05 03:00:00+00:00,425.15,426.74,419.03,424.15,7653009.33
2025-11-05 04:00:00+00:00,424.15,435.4,417.76,430.83,8369215.6
2025-11-05 05:00:00+00:00,430.83,439.86,423.96,425.01,8682858.89
2025-11-05 06:00:00+00:00,425.01,426.88,413.09,425.79,11940240.27
2025-11-05 07:00:00+00:00,425.79,439.09,425.79,436.41,10926449.55
2025-11-05 08:00:00+00:00,436.41,438.09,427.22,434.92,9577573.44
2025-11-05 09:00:00+00:00,434.92,446.28,429.07,443.86,8917140.87
2025-11-05 10:00:00+00:00,443.86,459.27,442.6,445.19,24233197.64
2025-11-05 11:00:00+00:00,445.19,461.01,441.92,454.98,17562792.35
2025-11-05 12:00:00+00:00,454.98,466.08,450.94,454.58,15588621.72
2025-11-05 13:00:00+00:00,454.58,468.86,450.5,462.34,15881896.45
2025-11-05 14:00:00+00:00,462.34,470.74,452.86,467.56,16116167.73
2025-11-05 15:00:00+00:00,467.56,496.81,465.04,482.84,43823711.38
2025-11-05 16:00:00+00:00,482.84,493.78,473.44,481.0,22562868.36
2025-11-05 17:00:00+00:00,481.0,482.74,470.42,481.67,15342098.63
2025-11-05 18:00:00+00:00,481.67,498.87,461.4,490.44,73798726.5
2025-11-05 19:00:00+00:00,490.44,498.92,476.56,489.87,43060955.81
2025-11-05 20:00:00+00:00,489.87,507.65,482.53,495.77,30956439.56
2025-11-05 21:00:00+00:00,495.77,504.57,485.16,495.89,18044520.82
2025-11-05 22:00:00+00:00,495.89,498.7,483.22,487.77,12310411.27
2025-11-05 23:00:00+00:00,487.77,495.95,467.7,478.35,18063489.1
2025-11-06 00:00:00+00:00,478.35,489.4,471.16,480.94,11610788.79
2025-11-06 01:00:00+00:00,480.94,482.5,469.12,479.57,9993158.83
2025-11-06 02:00:00+00:00,479.57,484.0,471.51,478.61,17773089.75
2025-11-06 03:00:00+00:00,478.61,495.47,478.37,488.54,14904437.62
2025-11-06 04:00:00+00:00,488.54,505.56,488.3,502.5,13320495.75
2025-11-06 05:00:00+00:00,502.5,509.9,488.33,490.56,22262497.01
2025-11-06 06:00:00+00:00,490.56,523.2,489.9,508.05,42928251.35
2025-11-06 07:00:00+00:00,508.05,523.37,506.98,522.08,25274706.88
2025-11-06 08:00:00+00:00,522.08,526.26,512.33,522.36,17505195.11
2025-11-06 09:00:00+00:00,522.36,524.39,516.0,517.52,13760915.84
2025-11-06 10:00:00+00:00,517.52,521.79,507.28,514.66,24323829.42
2025-11-06 11:00:00+00:00,514.66,535.93,508.89,533.44,26708881.74
2025-11-06 12:00:00+00:00,533.44,540.08,526.02,538.66,22027237.51
2025-11-06 13:00:00+00:00,538.66,551.45,531.74,534.09,30243888.06
2025-11-06 14:00:00+00:00,534.09,549.8,532.14,535.7,24180235.11
2025-11-06 15:00:00+00:00,535.7,535.86,510.01,516.85,34836471.61
2025-11-06 16:00:00+00:00,516.85,543.68,501.96,531.95,79740471.49
2025-11-06 17:00:00+00:00,531.95,545.66,520.28,541.4,20551408.71
2025-11-06 18:00:00+00:00,541.4,541.86,531.27,534.08,9534397.89
2025-11-06 19:00:00+00:00,534.08,542.2,533.94,537.18,8858766.23
2025-11-06 20:00:00+00:00,537.18,538.83,519.31,521.98,10351324.1
2025-11-06 21:00:00+00:00,521.98,531.38,519.3,522.0,7281247.94
2025-11-06 22:00:00+00:00,522.0,529.09,511.54,521.68,12699025.4
2025-11-06 23:00:00+00:00,521.68,536.74,516.04,535.85,12926643.42
2025-11-07 00:00:00+00:00,535.85,557.05,525.19,552.96,18583052.07
2025-11-07 01:00:00+00:00,552.96,566.57,543.11,552.88,39193230.62
2025-11-07 02:00:00+00:00,552.88,560.89,541.54,558.95,13503570.84
2025-11-07 03:00:00+00:00,558.95,592.14,558.52,584.79,30694860.36
2025-11-07 04:00:00+00:00,584.79,594.7,575.66,585.11,18103540.72
2025-11-07 05:00:00+00:00,585.11,605.07,584.95,601.63,26523624.59
2025-11-07 06:00:00+00:00,601.63,613.39,588.2,608.4,28343674.11
2025-11-07 07:00:00+00:00,608.4,634.46,607.03,623.95,49656898.7
2025-11-07 08:00:00+00:00,623.95,631.31,616.25,629.39,23309445.25
2025-11-07 09:00:00+00:00,629.39,664.78,618.47,637.66,58273993.82
2025-11-07 10:00:00+00:00,637.66,648.1,610.99,617.12,35552436.44
2025-11-07 11:00:00+00:00,617.12,659.36,593.83,628.42,149344659.45
2025-11-07 12:00:00+00:00,628.42,652.23,605.79,630.27,153763595.4
2025-11-07 13:00:00+00:00,630.27,637.9,615.61,630.77,33419056.49
2025-11-07 14:00:00+00:00,630.77,699.86,625.36,697.17,72802126.74
2025-11-07 15:00:00+00:00,697.17,749.72,662.76,671.48,179352494.62
2025-11-07 16:00:00+00:00,671.48,721.29,670.43,706.27,140042860.89
2025-11-07 17:00:00+00:00,706.27,745.68,693.72,723.38,151316154.42
2025-11-07 18:00:00+00:00,723.38,735.06,702.0,712.33,89949895.9
2025-11-07 19:00:00+00:00,712.33,720.95,682.09,682.41,104026517.78
2025-11-07 20:00:00+00:00,682.41,699.83,660.09,688.53,119371418.41
2025-11-07 21:00:00+00:00,688.53,714.25,687.9,694.2,34554861.8
2025-11-07 22:00:00+00:00,694.2,700.39,678.43,688.81,28147401.47
2025-11-07 23:00:00+00:00,688.81,690.48,639.08,645.43,61752342.53
2025-11-08 00:00:00+00:00,645.43,658.86,617.72,636.69,41985774.63
2025-11-08 01:00:00+00:00,636.69,657.51,628.13,631.08,29185477.54
2025-11-08 02:00:00+00:00,631.08,634.43,600.03,615.05,51295828.46
2025-11-08 03:00:00+00:00,615.05,628.76,593.81,594.95,31240819.73
2025-11-08 04:00:00+00:00,594.95,608.11,562.87,563.62,64851559.63
2025-11-08 05:00:00+00:00,563.62,576.93,542.63,559.4,59631389.93
2025-11-08 06:00:00+00:00,559.4,574.91,532.02,564.63,49921058.56
2025-11-08 07:00:00+00:00,564.63,590.0,551.82,584.25,40725644.89
2025-11-08 08:00:00+00:00,584.25,589.89,548.22,553.69,29055183.81
2025-11-08 09:00:00+00:00,553.69,570.89,536.23,551.34,33824400.53
2025-11-08 10:00:00+00:00,551.34,560.17,533.43,549.56,31321518.17
2025-11-08 11:00:00+00:00,549.56,568.58,528.77,538.44,38319764.72
2025-11-08 12:00:00+00:00,538.44,555.1,534.97,550.33,21079193.57
2025-11-08 13:00:00+00:00,550.33,564.53,530.05,531.71,20875284.5
2025-11-08 14:00:00+00:00,531.71,543.63,507.82,532.63,54842243.2
2025-11-08 15:00:00+00:00,532.63,534.66,505.41,511.56,47343440.52
2025-11-08 16:00:00+00:00,511.56,529.76,488.38,519.29,215391062.92
2025-11-08 17:00:00+00:00,519.29,596.62,502.36,586.51,228728731.53
2025-11-08 18:00:00+00:00,586.51,626.9,567.17,618.51,110193236.02
2025-11-08 19:00:00+00:00,618.51,620.12,559.44,588.09,66013305.72
2025-11-08 20:00:00+00:00,588.09,588.09,568.14,577.91,22491935.5
2025-11-08 21:00:00+00:00,577.91,599.7,568.03,591.44,23877220.24
2025-11-08 22:00:00+00:00,591.44,619.95,585.1,606.99,31268051.54
2025-11-08 23:00:00+00:00,606.99,615.44,590.05,600.81,21701869.14
2025-11-09 00:00:00+00:00,600.81,603.44,575.0,577.09,27959978.6
2025-11-09 01:00:00+00:00,577.09,586.11,568.64,580.22,18559659.26
2025-11-09 02:00:00+00:00,580.22,581.48,541.14,545.31,31231876.05
2025-11-09 03:00:00+00:00,545.31,552.91,534.07,540.73,22399818.93
2025-11-09 04:00:00+00:00,540.73,565.07,529.43,547.62,27788273.12
2025-11-09 05:00:00+00:00,547.62,556.83,543.24,553.01,11249387.81
2025-11-09 06:00:00+00:00,553.01,580.84,549.09,579.32,27409827.26
2025-11-09 07:00:00+00:00,579.32,609.93,574.77,588.61,35523924.21
2025-11-09 08:00:00+00:00,588.61,589.93,571.02,583.74,14014076.35
2025-11-09 09:00:00+00:00,583.74,598.12,581.66,595.6,27500140.8
2025-11-09 10:00:00+00:00,595.6,610.74,585.8,607.58,28371020.84
2025-11-09 11:00:00+00:00,607.58,618.95,603.3,606.75,29555293.49
2025-11-09 12:00:00+00:00,606.75,619.96,594.39,607.43,27192894.94
2025-11-09 13:00:00+00:00,607.43,615.54,594.53,595.69,21338717.17
2025-11-09 14:00:00+00:00,595.69,642.32,594.87,628.62,47567036.97
2025-11-09 15:00:00+00:00,628.62,657.1,628.0,645.08,40118040.25
2025-11-09 16:00:00+00:00,645.08,652.66,625.96,630.12,47321687.16
2025-11-09 17:00:00+00:00,630.12,657.09,627.01,653.85,32597510.7
2025-11-09 18:00:00+00:00,653.85,669.38,643.65,662.13,29119351.05
2025-11-09 19:00:00+00:00,662.13,664.14,632.99,643.43,86155411.95
2025-11-09 20:00:00+00:00,643.43,647.46,630.45,643.96,17573859.94
2025-11-09 21:00:00+00:00,643.96,645.89,625.62,637.4,13711776.62
2025-11-09 22:00:00+00:00,637.4,639.16,614.82,616.9,38223547.26
2025-11-09 23:00:00+00:00,616.9,628.27,607.27,615.79,26243448.4
2025-11-10 00:00:00+00:00,615.79,659.09,607.97,652.58,32722372.83
2025-11-10 01:00:00+00:00,652.58,654.07,627.78,645.06,25191669.87
2025-11-10 02:00:00+00:00,645.06,652.96,629.32,643.38,18706344.53
2025-11-10 03:00:00+00:00,643.38,668.99,639.94,661.36,20212680.32
2025-11-10 04:00:00+00:00,661.36,661.68,642.6,646.48,17437942.66
2025-11-10 05:00:00+00:00,646.48,655.46,638.96,654.81,13171487.75
2025-11-10 06:00:00+00:00,654.81,670.56,654.09,666.37,17455238.23
2025-11-10 07:00:00+00:00,666.37,684.25,664.47,679.97,21329457.03
2025-11-10 08:00:00+00:00,679.97,680.83,655.0,657.78,15504553.05
2025-11-10 09:00:00+00:00,657.78,665.83,650.1,657.0,15134828.73
2025-11-10 10:00:00+00:00,657.0,660.34,625.15,630.96,29639380.63
2025-11-10 11:00:00+00:00,630.96,642.92,628.45,636.45,13882991.56
2025-11-10 12:00:00+00:00,636.45,637.23,619.7,626.09,21733952.35
2025-11-10 13:00:00+00:00,626.09,639.51,623.82,627.4,16355305.88
2025-11-10 14:00:00+00:00,627.4,631.69,596.78,606.2,165938850.85
2025-11-10 15:00:00+00:00,606.2,625.34,597.69,612.52,164028736.85
2025-11-10 16:00:00+00:00,612.52,614.96,525.15,570.78,197899407.66
2025-11-10 17:00:00+00:00,570.78,617.28,562.45,593.43,414817624.72
2025-11-10 18:00:00+00:00,593.43,602.85,572.11,586.34,194337157.71
2025-11-10 19:00:00+00:00,586.34,595.76,569.63,588.5,98586685.53
2025-11-10 20:00:00+00:00,588.5,598.02,557.09,569.27,65110351.11
2025-11-10 21:00:00+00:00,569.27,573.26,512.45,534.1,201322741.77
2025-11-10 22:00:00+00:00,534.1,557.51,517.1,524.48,144796291.51
2025-11-10 23:00:00+00:00,524.48,546.23,516.96,522.13,56588890.36
2025-11-11 00:00:00+00:00,522.13,536.14,503.07,524.23,35172860.36
2025-11-11 01:00:00+00:00,524.23,599.53,522.86,569.88,145291904.63
2025-11-11 02:00:00+00:00,569.88,579.87,549.81,565.14,42011405.83
2025-11-11 03:00:00+00:00,565.14,571.76,537.86,537.95,19240978.25
2025-11-11 04:00:00+00:00,537.95,548.87,522.15,530.77,19328333.44
2025-11-11 05:00:00+00:00,530.77,530.77,510.03,515.71,19936544.76
2025-11-11 06:00:00+00:00,515.71,531.71,506.5,514.36,30069459.53
2025-11-11 07:00:00+00:00,514.36,524.67,471.92,474.35,130353932.2
2025-11-11 08:00:00+00:00,474.35,492.7,471.53,485.33,43313727.42
2025-11-11 09:00:00+00:00,485.33,491.28,467.55,484.72,36245142.15
2025-11-11 10:00:00+00:00,484.72,496.6,480.06,489.87,19413791.01
2025-11-11 11:00:00+00:00,489.87,496.46,475.2,478.95,23862736.22
2025-11-11 12:00:00+00:00,478.95,496.3,460.46,493.12,44279569.86
2025-11-11 13:00:00+00:00,493.12,512.32,486.81,491.78,39068953.23
2025-11-11 14:00:00+00:00,491.78,520.45,475.77,499.94,81206614.79
2025-11-11 15:00:00+00:00,499.94,508.57,493.15,506.36,21372888.29
2025-11-11 16:00:00+00:00,506.36,520.81,486.34,494.54,34610174.03
2025-11-11 17:00:00+00:00,494.54,497.48,484.34,489.7,13729223.35
2025-11-11 18:00:00+00:00,489.7,499.87,487.73,499.59,12397986.09
2025-11-11 19:00:00+00:00,499.59,506.96,481.36,483.52,14448714.63
2025-11-11 20:00:00+00:00,483.52,484.69,464.68,469.62,19283533.53
2025-11-11 21:00:00+00:00,469.62,487.99,468.7,475.43,12996590.65
2025-11-11 22:00:00+00:00,475.43,475.53,461.03,470.61,12179356.29
2025-11-11 23:00:00+00:00,470.61,475.13,440.61,443.35,34099866.04
2025-11-12 00:00:00+00:00,443.35,452.8,425.0,425.76,38547377.69
2025-11-12 01:00:00+00:00,425.76,470.85,424.18,461.32,58671582.23
2025-11-12 02:00:00+00:00,461.32,481.61,460.36,477.29,46816975.36
2025-11-12 03:00:00+00:00,477.29,483.63,466.02,467.73,27869529.36
2025-11-12 04:00:00+00:00,467.73,471.76,457.51,465.85,18131797.53
2025-11-12 05:00:00+00:00,465.85,470.56,458.18,464.62,8647613.67
2025-11-12 06:00:00+00:00,464.62,473.97,459.76,460.01,12646594.98
2025-11-12 07:00:00+00:00,460.01,460.16,446.3,457.52,14374580.56
2025-11-12 08:00:00+00:00,457.52,487.59,456.59,471.2,47387547.46
2025-11-12 09:00:00+00:00,471.2,487.39,468.55,473.74,45141520.35
2025-11-12 10:00:00+00:00,473.74,485.37,472.43,477.55,13286306.83
2025-11-12 11:00:00+00:00,477.55,483.98,468.02,475.69,23947603.69
2025-11-12 12:00:00+00:00,475.69,481.72,464.47,466.72,20057996.66
2025-11-12 13:00:00+00:00,466.72,478.81,463.24,476.17,11575929.11
2025-11-12 14:00:00+00:00,476.17,483.41,459.31,467.04,37376421.88
2025-11-12 15:00:00+00:00,467.04,468.54,449.2,454.98,22196270.59
2025-11-12 16:00:00+00:00,454.98,459.69,445.84,453.84,20726609.77
2025-11-12 17:00:00+00:00,453.84,470.42,449.33,467.07,19215133.72
2025-11-12 18:00:00+00:00,467.07,484.54,465.95,474.9,32252572.06
2025-11-12 19:00:00+00:00,474.9,493.83,468.34,491.79,24737446.4
2025-11-12 20:00:00+00:00,491.79,539.35,491.14,532.53,60757006.95
2025-11-12 21:00:00+00:00,532.53,547.73,517.07,531.93,47181942.66
2025-11-12 22:00:00+00:00,531.93,537.9,503.38,521.93,31776208.65
2025-11-12 23:00:00+00:00,521.93,522.98,503.33,504.92,23450043.59
2025-11-13 00:00:00+00:00,504.92,520.7,500.48,516.13,25255797.27
2025-11-13 01:00:00+00:00,516.13,528.55,502.74,508.95,36476333.47
2025-11-13 02:00:00+00:00,508.95,511.64,501.3,504.14,15551899.85
2025-11-13 03:00:00+00:00,504.14,517.02,489.49,513.02,24544308.44
2025-11-13 04:00:00+00:00,513.02,520.55,509.5,516.8,15988256.54
2025-11-13 05:00:00+00:00,516.8,523.01,505.33,518.41,15452543.11
2025-11-13 06:00:00+00:00,518.41,523.19,513.06,514.02,10520018.7
2025-11-13 07:00:00+00:00,514.02,514.23,491.41,495.77,18628765.27
2025-11-13 08:00:00+00:00,495.77,506.0,491.87,501.12,21174740.5
2025-11-13 09:00:00+00:00,501.12,505.67,488.87,497.65,24028306.36
2025-11-13 10:00:00+00:00,497.65,505.88,489.83,497.77,15079437.99
2025-11-13 11:00:00+00:00,497.77,508.83,494.03,506.58,10818436.73
2025-11-13 12:00:00+00:00,506.58,513.29,501.97,504.43,11599324.1
2025-11-13 13:00:00+00:00,504.43,505.37,497.37,500.66,10504517.72
2025-11-13 14:00:00+00:00,500.66,506.99,475.9,497.92,35728186.36
2025-11-13 15:00:00+00:00,497.92,498.3,485.26,496.72,23993098.59
2025-11-13 16:00:00+00:00,496.72,507.1,483.51,488.25,29874774.21
2025-11-13 17:00:00+00:00,488.25,498.32,472.52,477.6,30336074.08
2025-11-13 18:00:00+00:00,477.6,502.78,469.76,501.61,26562401.83
2025-11-13 19:00:00+00:00,501.61,526.26,496.94,505.22,37500221.19
2025-11-13 20:00:00+00:00,505.22,520.18,504.46,507.43,18274676.52
2025-11-13 21:00:00+00:00,507.43,511.32,486.05,500.94,22388777.68
2025-11-13 22:00:00+00:00,500.94,527.86,500.94,524.72,21119533.53
2025-11-13 23:00:00+00:00,524.72,536.92,518.43,519.51,25749833.22
2025-11-14 00:00:00+00:00,519.51,521.54,510.0,511.18,15976823.05
2025-11-14 01:00:00+00:00,511.18,516.6,505.34,507.92,9483896.77
2025-11-14 02:00:00+00:00,507.92,516.02,506.97,514.95,12011263.87
2025-11-14 03:00:00+00:00,514.95,522.07,504.17,511.4,15624466.13
2025-11-14 04:00:00+00:00,511.4,511.69,485.02,489.72,38855339.54
2025-11-14 05:00:00+00:00,489.72,492.66,483.55,490.29,19556457.75
2025-11-14 06:00:00+00:00,490.29,503.31,483.79,500.82,23671716.36
2025-11-14 07:00:00+00:00,500.82,509.9,498.07,507.73,14333766.56
2025-11-14 08:00:00+00:00,507.73,528.15,504.36,517.97,29637950.01
2025-11-14 09:00:00+00:00,517.97,530.53,517.65,525.29,20971339.41
2025-11-14 10:00:00+00:00,525.29,534.93,521.13,522.13,17130857.23
2025-11-14 11:00:00+00:00,522.13,532.46,516.69,529.25,13682339.68
2025-11-14 12:00:00+00:00,529.25,550.42,518.89,548.16,39965950.31
2025-11-14 13:00:00+00:00,548.16,578.36,533.71,539.07,96312644.26
2025-11-14 14:00:00+00:00,539.07,573.13,535.17,570.14,50100082.99
2025-11-14 15:00:00+00:00,570.14,593.74,556.85,588.21,56743892.63
2025-11-14 16:00:00+00:00,588.21,588.74,564.33,569.09,57938250.48
2025-11-14 17:00:00+00:00,569.09,577.87,562.52,570.72,22182672.09
2025-11-14 18:00:00+00:00,570.72,601.79,570.25,585.25,46448439.2
2025-11-14 19:00:00+00:00,585.25,601.93,577.14,585.28,21438053.33
2025-11-14 20:00:00+00:00,585.28,591.08,572.43,580.17,17230698.09
2025-11-14 21:00:00+00:00,580.17,589.96,571.58,576.99,11350358.78
2025-11-14 22:00:00+00:00,576.99,597.86,576.99,595.83,13865940.96
2025-11-14 23:00:00+00:00,595.83,614.73,586.07,608.68,25240437.38
2025-11-15 00:00:00+00:00,608.68,650.74,598.63,646.56,47374246.04
2025-11-15 01:00:00+00:00,646.56,667.1,637.2,654.26,39907150.2
2025-11-15 02:00:00+00:00,654.26,664.61,642.49,662.07,31737384.38
2025-11-15 03:00:00+00:00,662.07,742.53,657.38,688.95,104828237.5
2025-11-15 04:00:00+00:00,688.95,722.75,680.02,683.81,71851957.56
2025-11-15 05:00:00+00:00,683.81,712.17,671.53,708.24,54855821.61
2025-11-15 06:00:00+00:00,708.24,732.42,695.05,700.43,55949505.08
2025-11-15 07:00:00+00:00,700.43,702.3,678.59,683.09,30611133.33
2025-11-15 08:00:00+00:00,683.09,687.18,657.16,673.47,41640826.9
2025-11-15 09:00:00+00:00,673.47,679.6,656.04,660.45,38088019.96
2025-11-15 10:00:00+00:00,660.45,660.97,625.47,638.84,74297789.21
2025-11-15 11:00:00+00:00,638.84,653.89,632.83,647.58,33241084.45
2025-11-15 12:00:00+00:00,647.58,651.58,624.29,646.0,33303820.39
2025-11-15 13:00:00+00:00,646.0,689.41,637.44,687.91,59100346.67
2025-11-15 14:00:00+00:00,687.91,709.88,665.35,686.4,74975017.67
2025-11-15 15:00:00+00:00,686.4,691.41,669.01,672.05,26027172.79
2025-11-15 16:00:00+00:00,672.05,675.0,640.17,656.95,40356891.05
2025-11-15 17:00:00+00:00,656.95,670.93,632.94,655.97,24805121.04
2025-11-15 18:00:00+00:00,655.97,667.74,649.54,664.91,16456976.79
2025-11-15 19:00:00+00:00,664.91,681.98,663.03,672.88,21609308.41
2025-11-15 20:00:00+00:00,672.88,674.14,653.69,660.0,17236035.05
2025-11-15 21:00:00+00:00,660.0,695.53,659.72,684.04,38816656.38
2025-11-15 22:00:00+00:00,684.04,690.55,674.51,678.62,17396897.64
2025-11-15 23:00:00+00:00,678.62,689.89,668.57,670.86,15884094.04
2025-11-16 00:00:00+00:00,670.86,672.32,649.0,662.34,16443291.85
2025-11-16 01:00:00+00:00,662.34,691.9,655.84,681.86,19618583.97
2025-11-16 02:00:00+00:00,681.86,713.51,681.5,702.42,39390950.96
2025-11-16 03:00:00+00:00,702.42,706.62,678.28,689.53,30922411.85
2025-11-16 04:00:00+00:00,689.53,690.2,667.59,671.6,13982428.44
2025-11-16 05:00:00+00:00,671.6,685.29,671.01,671.16,13018686.08
2025-11-16 06:00:00+00:00,671.16,702.91,667.44,687.61,20686991.95
2025-11-16 07:00:00+00:00,687.61,699.85,656.43,681.52,99952634.12
2025-11-16 08:00:00+00:00,681.52,699.72,666.54,691.0,132591937.27
2025-11-16 09:00:00+00:00,691.0,716.77,686.51,703.31,105958770.49
2025-11-16 10:00:00+00:00,703.31,729.88,692.43,707.75,111612589.35
2025-11-16 11:00:00+00:00,707.75,712.13,690.86,699.26,37631652.24
2025-11-16 12:00:00+00:00,699.26,723.68,695.23,715.58,84695072.08
2025-11-16 13:00:00+00:00,715.58,725.88,695.38,706.61,125034072.21
2025-11-16 14:00:00+00:00,706.61,717.52,696.76,715.02,34176898.61
2025-11-16 15:00:00+00:00,715.02,734.81,701.09,702.51,115878694.51
2025-11-16 16:00:00+00:00,702.51,739.93,701.33,718.44,132909728.28
2025-11-16 17:00:00+00:00,718.44,734.83,705.68,709.14,97603077.37
2025-11-16 18:00:00+00:00,709.14,716.35,668.28,686.74,130539009.88
2025-11-16 19:00:00+00:00,686.74,699.86,667.13,670.3,46988962.96
2025-11-16 20:00:00+00:00,670.3,689.41,662.59,682.86,28264638.71
2025-11-16 21:00:00+00:00,682.86,684.57,655.04,672.58,26489123.9
2025-11-16 22:00:00+00:00,672.58,693.74,666.54,686.64,18751481.05
2025-11-16 23:00:00+00:00,686.64,710.94,679.09,699.01,27380151.69
2025-11-17 00:00:00+00:00,699.01,728.5,691.01,704.27,85996483.71
2025-11-17 01:00:00+00:00,704.27,719.06,690.12,704.38,163506489.42
2025-11-17 02:00:00+00:00,704.38,722.94,702.92,708.46,41029996.18
2025-11-17 03:00:00+00:00,708.46,716.61,690.05,696.68,35133894.66
2025-11-17 04:00:00+00:00,696.68,701.94,681.81,682.22,34217642.85
2025-11-17 05:00:00+00:00,682.22,693.76,679.34,688.99,18386000.2
2025-11-17 06:00:00+00:00,688.99,693.66,678.03,693.25,12870281.19
2025-11-17 07:00:00+00:00,693.25,697.22,678.51,680.69,13940353.81
2025-11-17 08:00:00+00:00,680.69,687.94,667.92,679.72,25360304.86
2025-11-17 09:00:00+00:00,679.72,684.56,666.39,672.49,16430664.4
2025-11-17 10:00:00+00:00,672.49,680.91,668.66,678.86,11437430.62
2025-11-17 11:00:00+00:00,678.86,690.13,673.06,684.42,15644869.19
2025-11-17 12:00:00+00:00,684.42,689.96,682.14,685.38,13821822.15
2025-11-17 13:00:00+00:00,685.38,686.06,643.55,653.25,44136057.28
2025-11-17 14:00:00+00:00,653.25,699.96,651.14,689.28,49456220.99
2025-11-17 15:00:00+00:00,689.28,696.2,664.43,674.08,29910643.42
2025-11-17 16:00:00+00:00,674.08,694.71,667.68,689.93,19995912.02
2025-11-17 17:00:00+00:00,689.93,690.58,670.7,676.8,11905074.04
2025-11-17 18:00:00+00:00,676.8,686.68,635.89,651.14,58724055.26
2025-11-17 19:00:00+00:00,651.14,655.77,622.79,629.81,46354107.0
2025-11-17 20:00:00+00:00,629.81,648.76,628.6,639.82,21119943.68
2025-11-17 21:00:00+00:00,639.82,653.2,627.17,653.2,17482733.13
2025-11-17 22:00:00+00:00,653.2,658.33,643.27,643.86,18930097.76
2025-11-17 23:00:00+00:00,643.86,644.56,605.7,610.56,44677078.03
2025-11-18 00:00:00+00:00,610.56,619.22,595.81,610.81,41945393.53
2025-11-18 01:00:00+00:00,610.81,629.55,605.18,610.39,23322983.21
2025-11-18 02:00:00+00:00,610.39,626.85,602.6,603.68,22557204.5
2025-11-18 03:00:00+00:00,603.68,633.6,598.42,632.77,24416894.52
2025-11-18 04:00:00+00:00,632.77,634.07,612.09,621.55,19091016.02
2025-11-18 05:00:00+00:00,621.55,629.71,608.08,615.37,18337708.32
2025-11-18 06:00:00+00:00,615.37,617.01,579.08,580.12,38684540.07
2025-11-18 07:00:00+00:00,580.12,598.16,580.11,589.37,21385546.34
2025-11-18 08:00:00+00:00,589.37,608.44,589.37,600.41,20756286.28
2025-11-18 09:00:00+00:00,600.41,606.62,587.03,593.55,15675728.15
2025-11-18 10:00:00+00:00,593.55,595.66,576.58,583.95,23422232.46
2025-11-18 11:00:00+00:00,583.95,584.23,565.06,569.2,22609024.1
2025-11-18 12:00:00+00:00,569.2,579.22,565.88,570.15,12602042.02
2025-11-18 13:00:00+00:00,570.15,570.15,549.17,557.17,88848764.16
2025-11-18 14:00:00+00:00,557.17,567.88,545.13,559.16,31579596.6
2025-11-18 15:00:00+00:00,559.16,594.91,551.0,579.26,46522969.09
2025-11-18 16:00:00+00:00,579.26,612.17,574.29,609.95,59419262.94
2025-11-18 17:00:00+00:00,609.95,622.65,596.88,621.47,56794305.27
2025-11-18 18:00:00+00:00,621.47,654.92,618.36,638.17,74868720.09
2025-11-18 19:00:00+00:00,638.17,653.72,632.18,637.97,29476658.59
2025-11-18 20:00:00+00:00,637.97,638.6,623.87,631.96,18191974.81
2025-11-18 21:00:00+00:00,631.96,633.84,615.19,616.7,16130533.68
2025-11-18 22:00:00+00:00,616.7,630.08,616.7,623.64,12753625.31
2025-11-18 23:00:00+00:00,623.64,629.37,619.62,625.24,8265286.9
2025-11-19 00:00:00+00:00,625.24,625.39,603.26,608.44,17736161.96
2025-11-19 01:00:00+00:00,608.44,614.29,597.7,606.14,11544293.01
2025-11-19 02:00:00+00:00,606.14,617.45,604.1,612.74,15205091.62
2025-11-19 03:00:00+00:00,612.74,617.33,596.77,600.54,16316706.97
2025-11-19 04:00:00+00:00,600.54,607.98,592.86,598.44,13874594.46
2025-11-19 05:00:00+00:00,598.44,607.75,584.12,586.35,17589945.38
2025-11-19 06:00:00+00:00,586.35,596.23,581.8,588.39,13765190.73
2025-11-19 07:00:00+00:00,588.39,605.58,587.53,602.46,11586883.17
2025-11-19 08:00:00+00:00,602.46,603.99,596.3,601.2,7832768.1
2025-11-19 09:00:00+00:00,601.2,621.97,597.4,618.85,19652018.57
2025-11-19 10:00:00+00:00,618.85,627.6,614.42,623.52,14518675.83
2025-11-19 11:00:00+00:00,623.52,626.52,614.73,621.6,8379114.13
2025-11-19 12:00:00+00:00,621.6,636.2,616.81,626.63,21261035.9
2025-11-19 13:00:00+00:00,626.63,630.54,615.07,616.81,14041863.14
2025-11-19 14:00:00+00:00,616.81,639.23,610.63,637.3,24595542.07
2025-11-19 15:00:00+00:00,637.3,649.91,621.16,625.18,33418516.19
2025-11-19 16:00:00+00:00,625.18,629.8,592.26,603.72,91644363.26
2025-11-19 17:00:00+00:00,603.72,635.9,599.58,630.66,63094741.79
2025-11-19 18:00:00+00:00,630.66,641.04,620.04,632.72,65688442.92
2025-11-19 19:00:00+00:00,632.72,634.96,617.64,622.55,40186809.4
2025-11-19 20:00:00+00:00,622.55,664.75,621.29,653.23,54369849.79
2025-11-19 21:00:00+00:00,653.23,675.0,642.04,664.54,45253827.86
2025-11-19 22:00:00+00:00,664.54,683.18,655.48,675.89,54835542.21
2025-11-19 23:00:00+00:00,675.89,685.83,666.59,674.71,35915332.94
2025-11-20 00:00:00+00:00,674.71,677.21,659.17,674.82,25444089.63
2025-11-20 01:00:00+00:00,674.82,684.71,669.51,679.19,26482249.31
2025-11-20 02:00:00+00:00,679.19,684.18,668.69,675.93,14625531.69
2025-11-20 03:00:00+00:00,675.93,706.56,674.4,693.11,34845592.4
2025-11-20 04:00:00+00:00,693.11,697.5,684.37,688.0,15844795.57
2025-11-20 05:00:00+00:00,688.0,694.55,684.75,686.09,9747064.11
2025-11-20 06:00:00+00:00,686.09,703.34,677.15,683.06,18794489.4
2025-11-20 07:00:00+00:00,683.06,683.17,666.66,672.2,24557854.36
2025-11-20 08:00:00+00:00,672.2,675.03,665.59,674.04,15992956.97
2025-11-20 09:00:00+00:00,674.04,678.61,667.39,672.07,12985021.45
2025-11-20 10:00:00+00:00,672.07,674.71,668.61,672.81,6433217.25
2025-11-20 11:00:00+00:00,672.81,683.03,669.26,672.7,16903065.67
2025-11-20 12:00:00+00:00,672.7,695.34,670.93,688.66,28490111.44
2025-11-20 13:00:00+00:00,688.66,717.92,685.11,704.02,61504343.78
2025-11-20 14:00:00+00:00,704.02,714.79,690.73,702.0,71361175.46
2025-11-20 15:00:00+00:00,702.0,714.77,686.58,687.3,45909132.49
2025-11-20 16:00:00+00:00,687.3,697.81,676.67,688.16,75759301.24
2025-11-20 17:00:00+00:00,688.16,714.3,679.4,691.09,109412458.46
2025-11-20 18:00:00+00:00,691.09,697.88,680.18,697.79,58673055.44
2025-11-20 19:00:00+00:00,697.79,711.0,687.17,690.58,28609348.43
2025-11-20 20:00:00+00:00,690.58,693.93,673.88,682.21,20488599.53
2025-11-20 21:00:00+00:00,682.21,704.92,679.72,698.05,16097261.04
2025-11-20 22:00:00+00:00,698.05,706.67,691.69,697.98,14116199.8
2025-11-20 23:00:00+00:00,697.98,700.56,653.49,655.83,31324032.97
2025-11-21 00:00:00+00:00,655.83,673.19,655.01,671.24,23868141.61
2025-11-21 01:00:00+00:00,671.24,688.07,670.59,675.83,15591800.02
2025-11-21 02:00:00+00:00,675.83,675.83,655.67,659.92,19493542.42
2025-11-21 03:00:00+00:00,659.92,671.06,647.91,647.97,19823569.05
2025-11-21 04:00:00+00:00,647.97,662.5,637.61,658.81,25741069.39
2025-11-21 05:00:00+00:00,658.81,664.89,652.19,660.5,12431121.04
2025-11-21 06:00:00+00:00,660.5,665.23,652.35,660.36,9107204.99
2025-11-21 07:00:00+00:00,660.36,687.88,639.09,684.32,42157047.15
2025-11-21 08:00:00+00:00,684.32,698.87,667.02,671.85,33003830.33
2025-11-21 09:00:00+00:00,671.85,680.4,657.35,660.36,33641249.26
2025-11-21 10:00:00+00:00,660.36,663.68,627.92,630.25,54460527.77
2025-11-21 11:00:00+00:00,630.25,640.55,604.18,618.57,58675999.16
2025-11-21 12:00:00+00:00,618.57,644.08,598.37,631.18,67194703.47
2025-11-21 13:00:00+00:00,631.18,644.81,613.47,637.54,36442691.3
2025-11-21 14:00:00+00:00,637.54,645.96,624.17,639.7,30585486.06
2025-11-21 15:00:00+00:00,639.7,642.02,612.36,616.32,35457353.48
2025-11-21 16:00:00+00:00,616.32,619.67,586.16,615.6,51374206.59
2025-11-21 17:00:00+00:00,615.6,627.5,601.07,601.36,28334976.58
2025-11-21 18:00:00+00:00,601.36,604.8,577.43,592.51,38384013.64
2025-11-21 19:00:00+00:00,592.51,598.22,581.71,590.91,16736838.34
2025-11-21 20:00:00+00:00,590.91,591.39,564.49,581.44,32528592.36
2025-11-21 21:00:00+00:00,581.44,584.0,557.95,567.74,22777797.11
2025-11-21 22:00:00+00:00,567.74,572.62,519.46,519.86,46326805.64
2025-11-21 23:00:00+00:00,519.86,551.77,512.94,550.73,33401635.77
2025-11-22 00:00:00+00:00,550.73,550.9,515.24,527.73,35465347.3
2025-11-22 01:00:00+00:00,527.73,547.7,525.05,543.09,107059314.73
2025-11-22 02:00:00+00:00,543.09,549.89,524.04,532.08,65808426.07
2025-11-22 03:00:00+00:00,532.08,540.3,518.78,519.5,46866552.3
2025-11-22 04:00:00+00:00,519.5,523.45,479.18,509.34,67042964.56
2025-11-22 05:00:00+00:00,509.34,510.43,470.44,483.3,63387264.86
2025-11-22 06:00:00+00:00,483.3,511.89,481.5,508.12,48465907.08
2025-11-22 07:00:00+00:00,508.12,519.96,500.25,515.01,66497190.81
2025-11-22 08:00:00+00:00,515.01,516.02,490.47,493.65,22738870.15
2025-11-22 09:00:00+00:00,493.65,515.6,490.72,509.33,43304751.88
2025-11-22 10:00:00+00:00,509.33,522.05,503.02,510.52,18253387.83
2025-11-22 11:00:00+00:00,510.52,530.55,508.94,513.45,25941555.9
2025-11-22 12:00:00+00:00,513.45,519.54,497.36,502.31,22326273.42
2025-11-22 13:00:00+00:00,502.31,516.31,498.39,500.72,23396251.78
2025-11-22 14:00:00+00:00,500.72,527.74,499.63,516.5,43879066.32
2025-11-22 15:00:00+00:00,516.5,522.57,511.26,522.31,46245590.03
2025-11-22 16:00:00+00:00,522.31,524.44,512.68,518.05,22776379.67
2025-11-22 17:00:00+00:00,518.05,521.95,515.68,521.05,8817557.75
2025-11-22 18:00:00+00:00,521.05,523.05,504.08,507.46,15409460.89
2025-11-22 19:00:00+00:00,507.46,508.98,500.02,502.54,9492747.78
2025-11-22 20:00:00+00:00,502.54,507.38,485.11,494.04,16951170.36
2025-11-22 21:00:00+00:00,494.04,520.69,487.61,512.1,56022390.88
2025-11-22 22:00:00+00:00,512.1,522.32,504.48,519.84,45594861.45
2025-11-22 23:00:00+00:00,519.84,524.17,512.38,518.0,27211083.55
2025-11-23 00:00:00+00:00,518.0,522.84,514.49,518.31,11273028.64
2025-11-23 01:00:00+00:00,518.31,579.86,516.01,574.44,53218631.23
2025-11-23 02:00:00+00:00,574.44,604.97,569.51,594.91,40083195.59
2025-11-23 03:00:00+00:00,594.91,603.92,576.23,582.38,36278939.88
2025-11-23 04:00:00+00:00,582.38,585.04,566.54,580.27,28648087.95
2025-11-23 05:00:00+00:00,580.27,597.43,570.75,592.02,16247582.94
2025-11-23 06:00:00+00:00,592.02,594.65,566.07,569.03,19324681.44
2025-11-23 07:00:00+00:00,569.03,573.1,553.72,570.73,28522242.89
2025-11-23 08:00:00+00:00,570.73,576.95,559.84,571.67,24199558.52
2025-11-23 09:00:00+00:00,571.67,582.01,567.44,580.88,12123190.01
2025-11-23 10:00:00+00:00,580.88,580.94,569.36,570.32,9342028.53
2025-11-23 11:00:00+00:00,570.32,573.3,563.09,568.36,11071760.56
2025-11-23 12:00:00+00:00,568.36,580.19,565.87,574.41,9591895.03
2025-11-23 13:00:00+00:00,574.41,575.91,563.76,571.25,11977234.86
2025-11-23 14:00:00+00:00,571.25,583.93,566.15,574.18,19418687.25
2025-11-23 15:00:00+00:00,574.18,587.9,572.07,577.69,18491460.88
2025-11-23 16:00:00+00:00,577.69,584.17,570.73,571.02,10480432.13
2025-11-23 17:00:00+00:00,571.02,576.52,567.69,575.73,13872765.82
2025-11-23 18:00:00+00:00,575.73,590.19,575.33,588.06,13670853.01
2025-11-23 19:00:00+00:00,588.06,610.87,584.56,605.25,20950778.21
2025-11-23 20:00:00+00:00,605.25,606.34,590.83,595.65,11336272.61
2025-11-23 21:00:00+00:00,595.65,599.43,582.8,596.03,15640326.6
2025-11-23 22:00:00+00:00,596.03,598.45,585.08,592.71,12485999.2
2025-11-23 23:00:00+00:00,592.71,595.65,570.13,572.9,19106132.96
2025-11-24 00:00:00+00:00,572.9,583.08,561.81,577.05,20684187.45
2025-11-24 01:00:00+00:00,577.05,578.54,564.05,570.61,12254846.54
2025-11-24 02:00:00+00:00,570.61,587.69,569.04,581.53,17866823.74
2025-11-24 03:00:00+00:00,581.53,590.34,579.63,583.29,12199257.27
2025-11-24 04:00:00+00:00,583.29,584.47,568.2,569.62,13000842.79
2025-11-24 05:00:00+00:00,569.62,578.95,555.91,559.05,16802711.31
2025-11-24 06:00:00+00:00,559.05,559.95,529.38,538.24,28489760.96
2025-11-24 07:00:00+00:00,538.24,546.27,533.91,544.58,9285278.34
2025-11-24 08:00:00+00:00,544.58,549.88,538.36,543.78,9808125.73
2025-11-24 09:00:00+00:00,543.78,544.43,531.94,534.82,11664284.94
2025-11-24 10:00:00+00:00,534.82,548.95,534.36,546.72,8128520.85
2025-11-24 11:00:00+00:00,546.72,548.84,540.92,546.0,7369307.45
2025-11-24 12:00:00+00:00,546.0,547.19,535.89,538.27,8816466.51
2025-11-24 13:00:00+00:00,538.27,546.25,536.42,542.82,7485252.9
2025-11-24 14:00:00+00:00,542.82,568.39,535.18,564.17,22611166.59
2025-11-24 15:00:00+00:00,564.17,572.96,557.27,564.7,25582176.28
2025-11-24 16:00:00+00:00,564.7,573.35,557.9,559.98,12190639.09
2025-11-24 17:00:00+00:00,559.98,585.42,557.07,585.28,16490104.98
2025-11-24 18:00:00+00:00,585.28,594.89,565.65,573.06,31708766.22
2025-11-24 19:00:00+00:00,573.06,577.2,561.95,562.34,14621321.13
2025-11-24 20:00:00+00:00,562.34,565.76,546.62,551.12,17572021.87
2025-11-24 21:00:00+00:00,551.12,553.91,529.84,538.52,15960195.04
2025-11-24 22:00:00+00:00,538.52,542.07,525.98,531.42,15991548.26
2025-11-24 23:00:00+00:00,531.42,536.7,515.68,519.98,19179527.79
2025-11-25 00:00:00+00:00,519.98,531.3,517.58,524.53,18959094.21
2025-11-25 01:00:00+00:00,524.53,534.22,522.65,526.6,13867236.59
2025-11-25 02:00:00+00:00,526.6,528.62,503.05,507.03,26257906.36
2025-11-25 03:00:00+00:00,507.03,513.25,500.45,510.89,10951012.67
2025-11-25 04:00:00+00:00,510.89,516.24,507.47,513.93,10332905.98
2025-11-25 05:00:00+00:00,513.93,532.82,511.69,525.31,19373942.13
2025-11-25 06:00:00+00:00,525.31,525.81,521.19,521.77,6497779.58
2025-11-25 07:00:00+00:00,521.77,524.84,507.47,509.36,11843331.62
2025-11-25 08:00:00+00:00,509.36,513.91,502.33,505.97,14019741.76
2025-11-25 09:00:00+00:00,505.97,518.07,495.28,511.83,26481527.77
2025-11-25 10:00:00+00:00,511.83,512.03,499.24,503.08,9649640.36
2025-11-25 11:00:00+00:00,503.08,503.34,484.2,497.6,18906206.08
2025-11-25 12:00:00+00:00,497.6,510.65,496.01,506.06,11911905.64
2025-11-25 13:00:00+00:00,506.06,512.75,502.03,502.52,10903379.87
2025-11-25 14:00:00+00:00,502.52,507.69,496.64,503.81,19845818.33
2025-11-25 15:00:00+00:00,503.81,507.26,493.53,498.73,12684693.58
2025-11-25 16:00:00+00:00,498.73,507.93,490.0,492.61,17640095.44
2025-11-25 17:00:00+00:00,492.61,505.74,485.1,498.21,14993904.43
2025-11-25 18:00:00+00:00,498.21,500.99,493.02,494.5,10872340.42
2025-11-25 19:00:00+00:00,494.5,495.24,481.9,491.57,14460923.01
2025-11-25 20:00:00+00:00,491.57,504.52,485.51,499.71,11059957.83
2025-11-25 21:00:00+00:00,499.71,504.36,495.76,499.39,7333602.06
2025-11-25 22:00:00+00:00,499.39,508.83,491.37,500.1,11970220.19
2025-11-25 23:00:00+00:00,500.1,514.73,495.63,511.38,18318905.26
2025-11-26 00:00:00+00:00,511.38,528.33,510.75,516.78,15039982.96
2025-11-26 01:00:00+00:00,516.78,523.88,507.67,517.59,10972153.71
2025-11-26 02:00:00+00:00,517.59,529.42,516.53,525.68,7649928.08
2025-11-26 03:00:00+00:00,525.68,526.53,515.05,517.79,10768779.5
2025-11-26 04:00:00+00:00,517.79,520.43,507.45,509.18,9281530.58
2025-11-26 05:00:00+00:00,509.18,514.69,506.86,512.01,6975587.94
2025-11-26 06:00:00+00:00,512.01,514.92,497.73,503.26,14842265.32
2025-11-26 07:00:00+00:00,503.26,508.8,501.32,504.7,5399921.02
2025-11-26 08:00:00+00:00,504.7,507.71,498.16,500.07,9896628.87
2025-11-26 09:00:00+00:00,500.07,503.68,495.96,501.35,5911556.66
2025-11-26 10:00:00+00:00,501.35,507.36,498.17,498.59,4929372.58
2025-11-26 11:00:00+00:00,498.59,502.03,491.83,495.06,14522381.77
2025-11-26 12:00:00+00:00,495.06,501.59,492.91,495.91,7434715.44
2025-11-26 13:00:00+00:00,495.91,510.62,493.32,505.59,9467541.85
2025-11-26 14:00:00+00:00,505.59,509.75,497.3,498.7,9865531.98
2025-11-26 15:00:00+00:00,498.7,510.54,498.38,503.11,11163757.36
2025-11-26 16:00:00+00:00,503.11,520.74,500.49,514.01,23733917.28
2025-11-26 17:00:00+00:00,514.01,525.88,510.0,523.76,11518631.96
2025-11-26 18:00:00+00:00,523.76,526.09,514.1,516.4,16315035.32
2025-11-26 19:00:00+00:00,516.4,519.46,511.22,513.46,5333392.94
2025-11-26 20:00:00+00:00,513.46,524.29,510.92,520.48,8457713.7
2025-11-26 21:00:00+00:00,520.48,528.29,515.67,525.42,9512759.21
2025-11-26 22:00:00+00:00,525.42,535.87,519.25,530.26,13398941.18
2025-11-26 23:00:00+00:00,530.26,534.37,524.32,527.04,13075104.33
2025-11-27 00:00:00+00:00,527.04,534.33,520.85,527.39,10278666.61
2025-11-27 01:00:00+00:00,527.39,532.41,516.1,529.55,12932656.36
2025-11-27 02:00:00+00:00,529.55,549.72,527.62,531.23,44113176.27
2025-11-27 03:00:00+00:00,531.23,532.11,517.68,518.6,12906121.76
2025-11-27 04:00:00+00:00,518.6,528.54,516.6,521.64,15229523.75
2025-11-27 05:00:00+00:00,521.64,521.64,503.14,508.28,15610783.46
2025-11-27 06:00:00+00:00,508.28,514.72,507.37,511.91,10316162.55
2025-11-27 07:00:00+00:00,511.91,514.31,508.3,510.09,4179639.22
2025-11-27 08:00:00+00:00,510.09,511.89,505.75,510.99,4016051.51
2025-11-27 09:00:00+00:00,510.99,518.83,507.26,512.93,9489704.54
2025-11-27 10:00:00+00:00,512.93,517.5,511.24,513.73,4534009.69
2025-11-27 11:00:00+00:00,513.73,514.84,504.09,505.97,8572982.75
2025-11-27 12:00:00+00:00,505.97,507.42,497.05,500.04,11472226.83
2025-11-27 13:00:00+00:00,500.04,504.38,498.45,499.98,7653674.4
2025-11-27 14:00:00+00:00,499.98,500.6,493.75,498.34,10064265.31
2025-11-27 15:00:00+00:00,498.34,503.03,496.09,501.83,6489915.11
2025-11-27 16:00:00+00:00,501.83,509.09,500.15,506.91,7380557.74
2025-11-27 17:00:00+00:00,506.91,508.34,499.4,503.39,6465477.22
2025-11-27 18:00:00+00:00,503.39,504.07,499.51,500.43,5897041.95
2025-11-27 19:00:00+00:00,500.43,500.87,498.54,499.48,4107860.21
2025-11-27 20:00:00+00:00,499.48,504.05,495.65,500.2,5320792.0
2025-11-27 21:00:00+00:00,500.2,500.51,494.11,494.45,6278169.06
2025-11-27 22:00:00+00:00,494.45,496.41,484.86,487.81,12527279.98
2025-11-27 23:00:00+00:00,487.81,490.82,482.47,490.19,7526916.81
2025-11-28 00:00:00+00:00,490.19,490.46,483.11,487.11,9388729.08
2025-11-28 01:00:00+00:00,487.11,489.22,457.34,467.26,17082070.0
2025-11-28 02:00:00+00:00,467.26,468.43,448.31,464.02,32339302.39
2025-11-28 03:00:00+00:00,464.02,477.96,462.06,472.91,14173286.14
2025-11-28 04:00:00+00:00,472.91,478.57,467.47,470.68,7091015.38
2025-11-28 05:00:00+00:00,470.68,478.16,467.35,475.42,7415460.37
2025-11-28 06:00:00+00:00,475.42,475.59,470.4,473.02,4561310.66
2025-11-28 07:00:00+00:00,473.02,475.28,469.35,473.91,4700638.8
2025-11-28 08:00:00+00:00,473.91,484.78,473.5,479.83,10231022.09
2025-11-28 09:00:00+00:00,479.83,484.23,477.56,480.64,5497951.17
2025-11-28 10:00:00+00:00,480.64,481.25,477.31,478.74,3829266.87
2025-11-28 11:00:00+00:00,478.74,481.2,469.47,470.31,8154501.72
2025-11-28 12:00:00+00:00,470.31,473.82,467.09,471.29,5287967.87
2025-11-28 13:00:00+00:00,471.29,483.77,461.96,479.5,14964929.97
2025-11-28 14:00:00+00:00,479.5,481.91,472.53,473.92,9482425.45
2025-11-28 15:00:00+00:00,473.92,475.83,469.18,470.31,10749819.57
2025-11-28 16:00:00+00:00,470.31,470.68,461.13,465.36,11845928.64
2025-11-28 17:00:00+00:00,465.36,467.0,456.62,457.57,8716107.55
2025-11-28 18:00:00+00:00,457.57,461.54,456.01,457.71,8128670.05
2025-11-28 19:00:00+00:00,457.71,461.54,457.17,460.74,4340705.43
2025-11-28 20:00:00+00:00,460.74,465.1,458.01,463.59,5144045.76
2025-11-28 21:00:00+00:00,463.59,464.71,453.99,455.23,7018862.85
2025-11-28 22:00:00+00:00,455.23,458.91,453.91,458.4,5529427.07
2025-11-28 23:00:00+00:00,458.4,459.63,450.28,452.03,10920853.32
2025-11-29 00:00:00+00:00,452.03,466.75,438.35,459.7,25095119.67
2025-11-29 01:00:00+00:00,459.7,466.77,457.76,458.0,8761488.94
2025-11-29 02:00:00+00:00,458.0,463.2,455.46,461.52,4333511.92
2025-11-29 03:00:00+00:00,461.52,462.63,459.32,461.96,4364361.52
2025-11-29 04:00:00+00:00,461.96,472.42,461.5,470.79,9228416.28
2025-11-29 05:00:00+00:00,470.79,470.89,464.57,464.98,3243083.04
2025-11-29 06:00:00+00:00,464.98,470.66,464.49,467.92,4711644.51
2025-11-29 07:00:00+00:00,467.92,470.04,465.12,465.78,3671794.55
2025-11-29 08:00:00+00:00,465.78,469.38,462.98,468.26,5454377.08
2025-11-29 09:00:00+00:00,468.26,471.48,465.14,469.27,4265232.15
2025-11-29 10:00:00+00:00,469.27,474.18,466.17,468.86,5799248.96
2025-11-29 11:00:00+00:00,468.86,470.69,463.25,464.03,4756283.46
2025-11-29 12:00:00+00:00,464.03,465.21,458.78,458.94,4894771.88
2025-11-29 13:00:00+00:00,458.94,463.92,456.2,463.75,7211115.57
2025-11-29 14:00:00+00:00,463.75,463.91,455.33,455.94,6262953.48
2025-11-29 15:00:00+00:00,455.94,461.43,455.14,459.9,5337902.17
2025-11-29 16:00:00+00:00,459.9,462.4,458.01,460.05,5065925.02
2025-11-29 17:00:00+00:00,460.05,462.35,455.45,456.71,7113720.0
2025-11-29 18:00:00+00:00,456.71,459.63,448.56,459.09,9657823.01
2025-11-29 19:00:00+00:00,459.09,460.49,454.45,455.34,3234641.82
2025-11-29 20:00:00+00:00,455.34,458.48,452.16,457.79,2514328.02
2025-11-29 21:00:00+00:00,457.79,463.76,457.79,462.19,4443669.52
2025-11-29 22:00:00+00:00,462.19,463.45,455.52,455.78,4353503.3
2025-11-29 23:00:00+00:00,455.78,461.59,450.49,460.47,7042636.88
2025-11-30 00:00:00+00:00,460.47,466.56,459.23,465.9,4859841.01
2025-11-30 01:00:00+00:00,465.9,468.52,463.48,467.03,4412495.53
2025-11-30 02:00:00+00:00,467.03,470.48,461.02,462.53,5165064.67
2025-11-30 03:00:00+00:00,462.53,464.23,455.08,456.73,6887953.98
2025-11-30 04:00:00+00:00,456.73,459.98,454.93,456.17,7238193.75
2025-11-30 05:00:00+00:00,456.17,458.5,454.29,456.13,9804112.53
2025-11-30 06:00:00+00:00,456.13,458.79,455.51,457.4,2216631.54
2025-11-30 07:00:00+00:00,457.4,461.7,456.37,461.1,2376968.73
2025-11-30 08:00:00+00:00,461.1,461.27,457.0,459.16,2751722.03
2025-11-30 09:00:00+00:00,459.16,459.67,455.62,456.58,3391142.55
2025-11-30 10:00:00+00:00,456.58,456.59,445.46,446.88,12088503.69
2025-11-30 11:00:00+00:00,446.88,450.21,446.23,448.77,7156523.36
2025-11-30 12:00:00+00:00,448.77,448.82,435.57,446.35,17558521.79
2025-11-30 13:00:00+00:00,446.35,457.11,445.93,448.9,13453784.13
2025-11-30 14:00:00+00:00,448.9,449.28,440.96,442.8,12965180.54
2025-11-30 15:00:00+00:00,442.8,444.99,437.36,442.05,11985732.7
2025-11-30 16:00:00+00:00,442.05,447.2,441.04,445.13,7146024.65
2025-11-30 17:00:00+00:00,445.13,445.17,437.76,443.32,9962919.28
2025-11-30 18:00:00+00:00,443.32,444.64,435.81,436.88,8469342.95
2025-11-30 19:00:00+00:00,436.88,438.92,433.24,435.33,6030546.22
2025-11-30 20:00:00+00:00,435.33,438.83,429.39,434.38,11103499.06
2025-11-30 21:00:00+00:00,434.38,442.14,430.52,440.3,5910604.19
2025-11-30 22:00:00+00:00,440.3,441.67,432.66,435.34,4487633.6
2025-11-30 23:00:00+00:00,435.34,435.68,425.71,427.95,12112807.75
2025-12-01 00:00:00+00:00,427.95,430.09,388.25,392.52,47142259.59
2025-12-01 01:00:00+00:00,392.52,394.94,378.21,383.4,33480244.07
2025-12-01 02:00:00+00:00,383.4,391.93,380.2,383.86,14272889.14
2025-12-01 03:00:00+00:00,383.86,384.26,371.78,373.87,14941992.12
2025-12-01 04:00:00+00:00,373.87,377.75,351.82,367.04,28111317.25
2025-12-01 05:00:00+00:00,367.04,370.79,356.95,359.09,17466093.76
2025-12-01 06:00:00+00:00,359.09,362.94,354.63,359.22,13142441.71
2025-12-01 07:00:00+00:00,359.22,361.68,355.8,358.43,13660995.94
2025-12-01 08:00:00+00:00,358.43,367.4,356.2,365.99,10806705.32
2025-12-01 09:00:00+00:00,365.99,368.91,363.49,364.78,9855380.34
2025-12-01 10:00:00+00:00,364.78,367.72,362.62,363.63,8533747.74
2025-12-01 11:00:00+00:00,363.63,365.77,363.16,363.55,5763457.71
2025-12-01 12:00:00+00:00,363.55,364.44,343.48,347.31,23337101.39
2025-12-01 13:00:00+00:00,347.31,350.17,327.74,340.82,40419095.05
2025-12-01 14:00:00+00:00,340.82,360.77,338.37,356.02,28640169.91
2025-12-01 15:00:00+00:00,356.02,366.49,341.7,360.75,29163212.7
2025-12-01 16:00:00+00:00,360.75,363.31,351.75,355.14,13074034.89
2025-12-01 17:00:00+00:00,355.14,356.83,341.77,342.04,29717084.06
2025-12-01 18:00:00+00:00,342.04,343.73,331.55,336.36,21503533.34
2025-12-01 19:00:00+00:00,336.36,337.63,321.62,336.72,17857255.33
2025-12-01 20:00:00+00:00,336.72,347.56,335.13,335.54,14134865.98
2025-12-01 21:00:00+00:00,335.54,344.85,335.54,343.03,9412060.98
2025-12-01 22:00:00+00:00,343.03,347.57,338.25,340.82,10273901.57
2025-12-01 23:00:00+00:00,340.82,355.42,340.82,343.87,11728617.93
2025-12-02 00:00:00+00:00,343.87,354.83,343.15,348.99,11502878.77
2025-12-02 01:00:00+00:00,348.99,355.98,336.48,340.72,11435532.68
2025-12-02 02:00:00+00:00,340.72,340.9,332.2,333.7,8915467.78
2025-12-02 03:00:00+00:00,333.7,339.22,330.18,337.34,8277305.4
2025-12-02 04:00:00+00:00,337.34,338.14,322.63,326.32,16516820.14
2025-12-02 05:00:00+00:00,326.32,328.56,322.13,326.83,7636983.15
2025-12-02 06:00:00+00:00,326.83,336.62,326.26,336.39,7542237.99
2025-12-02 07:00:00+00:00,336.39,337.5,324.93,327.11,7470226.26
2025-12-02 08:00:00+00:00,327.11,328.25,314.67,317.04,14354283.79
2025-12-02 09:00:00+00:00,317.04,326.97,315.47,326.09,9041244.31
2025-12-02 10:00:00+00:00,326.09,336.48,325.45,335.45,10359710.33
2025-12-02 11:00:00+00:00,335.45,337.46,324.71,328.33,10809566.38
2025-12-02 12:00:00+00:00,328.33,331.09,322.63,327.8,10019366.81
2025-12-02 13:00:00+00:00,327.8,334.99,326.48,332.53,10183059.13
2025-12-02 14:00:00+00:00,332.53,346.4,326.56,344.25,21476847.24
2025-12-02 15:00:00+00:00,344.25,385.22,343.02,372.91,61871494.49
2025-12-02 16:00:00+00:00,372.91,374.26,350.57,353.37,50064501.37
2025-12-02 17:00:00+00:00,353.37,356.56,341.28,342.18,22915780.37
2025-12-02 18:00:00+00:00,342.18,346.89,334.93,338.72,14681215.71
2025-12-02 19:00:00+00:00,338.72,343.95,328.56,330.2,12478794.36
2025-12-02 20:00:00+00:00,330.2,334.77,305.57,313.07,31617935.8
2025-12-02 21:00:00+00:00,313.07,317.49,306.41,308.91,14329041.71
2025-12-02 22:00:00+00:00,308.91,321.41,306.49,315.93,18623623.78
2025-12-02 23:00:00+00:00,315.93,323.43,309.58,312.82,19430964.05
2025-12-03 00:00:00+00:00,312.82,314.12,303.89,304.81,12407691.36
2025-12-03 01:00:00+00:00,304.81,309.06,301.17,307.83,12174336.89
2025-12-03 02:00:00+00:00,307.83,321.17,306.99,315.35,20809251.28
2025-12-03 03:00:00+00:00,315.35,318.11,309.0,309.52,8362655.51
2025-12-03 04:00:00+00:00,309.52,339.49,309.02,327.31,22352397.99
2025-12-03 05:00:00+00:00,327.31,340.6,323.29,330.25,31057581.28
2025-12-03 06:00:00+00:00,330.25,338.19,328.45,334.21,17870972.99
2025-12-03 07:00:00+00:00,334.21,335.77,326.17,328.16,9912239.0
2025-12-03 08:00:00+00:00,328.16,336.24,327.9,333.45,12211747.98
2025-12-03 09:00:00+00:00,333.45,338.96,331.34,337.05,11008964.48
2025-12-03 10:00:00+00:00,337.05,352.24,328.21,328.54,22121476.23
2025-12-03 11:00:00+00:00,328.54,338.58,318.93,334.95,21982971.06
2025-12-03 12:00:00+00:00,334.95,345.83,332.82,342.43,18070518.11
2025-12-03 13:00:00+00:00,342.43,346.18,336.99,343.92,13251325.8
2025-12-03 14:00:00+00:00,343.92,348.3,330.93,333.81,26507741.14
2025-12-03 15:00:00+00:00,333.81,337.88,327.67,331.62,10896247.55
2025-12-03 16:00:00+00:00,331.62,347.97,331.59,343.08,15642350.05
2025-12-03 17:00:00+00:00,343.08,359.32,341.22,358.46,18992030.16
2025-12-03 18:00:00+00:00,358.46,379.96,355.88,362.18,41989066.66
2025-12-03 19:00:00+00:00,362.18,378.24,362.07,374.54,22642585.55
2025-12-03 20:00:00+00:00,374.54,374.68,338.32,344.48,43621819.96
2025-12-03 21:00:00+00:00,344.48,349.95,343.62,349.29,9745787.72
2025-12-03 22:00:00+00:00,349.29,349.33,338.96,343.01,15477316.43
2025-12-03 23:00:00+00:00,343.01,346.94,335.3,338.73,13162802.27
2025-12-04 00:00:00+00:00,338.73,344.57,335.15,343.81,8681503.39
2025-12-04 01:00:00+00:00,343.81,353.32,343.38,345.4,14137629.02
2025-12-04 02:00:00+00:00,345.4,352.07,344.16,351.78,7140674.7
2025-12-04 03:00:00+00:00,351.78,357.11,349.77,355.89,12730568.36
2025-12-04 04:00:00+00:00,355.89,358.58,351.83,358.07,9423075.27
2025-12-04 05:00:00+00:00,358.07,361.57,353.4,354.77,10320354.51
2025-12-04 06:00:00+00:00,354.77,363.53,352.68,363.53,8741983.91
2025-12-04 07:00:00+00:00,363.53,365.15,359.5,361.14,9025495.99
2025-12-04 08:00:00+00:00,361.14,366.37,356.96,364.01,10317044.5
2025-12-04 09:00:00+00:00,364.01,365.81,360.69,363.7,6827388.6
2025-12-04 10:00:00+00:00,363.7,363.83,358.16,359.6,7823430.84
2025-12-04 11:00:00+00:00,359.6,369.18,359.32,368.65,9719794.92
2025-12-04 12:00:00+00:00,368.65,369.5,359.68,364.57,12825625.0
2025-12-04 13:00:00+00:00,364.57,366.03,350.48,353.99,14870345.37
2025-12-04 14:00:00+00:00,353.99,356.65,346.38,347.34,11618713.27
2025-12-04 15:00:00+00:00,347.34,356.81,346.58,353.18,9778149.61
2025-12-04 16:00:00+00:00,353.18,361.38,349.76,356.76,12343050.73
2025-12-04 17:00:00+00:00,356.76,364.44,356.05,362.58,8179146.13
2025-12-04 18:00:00+00:00,362.58,363.63,357.74,361.28,6563701.71
2025-12-04 19:00:00+00:00,361.28,362.4,346.7,353.62,16882606.36
2025-12-04 20:00:00+00:00,353.62,367.85,349.45,364.03,12454037.12
2025-12-04 21:00:00+00:00,364.03,366.89,358.12,358.83,8774884.67
2025-12-04 22:00:00+00:00,358.83,367.48,358.72,364.21,7294301.74
2025-12-04 23:00:00+00:00,364.21,369.0,363.33,367.56,6224795.06
2025-12-05 00:00:00+00:00,367.56,399.47,366.87,386.24,45677275.11
2025-12-05 01:00:00+00:00,386.24,391.64,381.54,385.4,18259259.6
2025-12-05 02:00:00+00:00,385.4,399.07,384.57,394.36,26877118.83
2025-12-05 03:00:00+00:00,394.36,398.09,385.58,386.64,18262370.2
2025-12-05 04:00:00+00:00,386.64,394.58,384.56,387.31,12051368.25
2025-12-05 05:00:00+00:00,387.31,390.09,381.9,385.59,9862779.47
2025-12-05 06:00:00+00:00,385.59,409.27,385.54,392.58,23906918.62
2025-12-05 07:00:00+00:00,392.58,405.56,392.19,399.89,19584920.08
2025-12-05 08:00:00+00:00,399.89,400.34,387.87,393.73,11929242.17
2025-12-05 09:00:00+00:00,393.73,394.55,384.32,386.48,12224408.08
2025-12-05 10:00:00+00:00,386.48,390.88,376.69,379.83,14174548.53
2025-12-05 11:00:00+00:00,379.83,380.85,369.99,378.53,15739355.89
2025-12-05 12:00:00+00:00,378.53,388.72,378.12,388.1,13834095.54
2025-12-05 13:00:00+00:00,388.1,389.49,380.26,382.74,14078826.48
2025-12-05 14:00:00+00:00,382.74,384.89,373.65,379.16,19598188.27
2025-12-05 15:00:00+00:00,379.16,387.84,374.63,377.95,18653336.84
2025-12-05 16:00:00+00:00,377.95,378.21,361.99,367.48,22813027.23
2025-12-05 17:00:00+00:00,367.48,374.35,366.82,373.2,8622404.48
2025-12-05 18:00:00+00:00,373.2,378.58,360.71,363.25,14308407.44
2025-12-05 19:00:00+00:00,363.25,371.58,361.11,368.96,11260290.91
2025-12-05 20:00:00+00:00,368.96,369.43,354.68,357.31,12958101.5
2025-12-05 21:00:00+00:00,357.31,359.66,353.14,356.31,7060215.68
2025-12-05 22:00:00+00:00,356.31,360.79,353.35,358.15,5819000.96
2025-12-05 23:00:00+00:00,358.15,360.75,351.93,360.06,6152164.6
2025-12-06 00:00:00+00:00,360.06,362.18,353.24,358.64,7464054.23
2025-12-06 01:00:00+00:00,358.64,360.1,352.37,354.14,8319965.65
2025-12-06 02:00:00+00:00,354.14,354.38,347.1,351.84,9431895.45
2025-12-06 03:00:00+00:00,351.84,357.4,350.26,352.92,6624530.24
2025-12-06 04:00:00+00:00,352.92,354.77,351.3,352.91,5156399.65
2025-12-06 05:00:00+00:00,352.91,355.98,350.19,350.28,4969251.8
2025-12-06 06:00:00+00:00,350.28,355.45,348.34,351.41,4871565.48
2025-12-06 07:00:00+00:00,351.41,355.01,348.52,353.57,5422897.5
2025-12-06 08:00:00+00:00,353.57,355.66,342.45,345.95,11174621.93
2025-12-06 09:00:00+00:00,345.95,350.93,345.23,345.79,9194800.08
2025-12-06 10:00:00+00:00,345.79,347.82,337.92,338.94,17531703.39
2025-12-06 11:00:00+00:00,338.94,343.51,336.55,341.71,15693803.04
2025-12-06 12:00:00+00:00,341.71,341.9,337.68,339.73,5064873.3
2025-12-06 13:00:00+00:00,339.73,340.53,335.07,337.8,12035068.14
2025-12-06 14:00:00+00:00,337.8,344.83,337.62,342.32,10402259.79
2025-12-06 15:00:00+00:00,342.32,342.62,328.2,330.64,12882202.86
2025-12-06 16:00:00+00:00,330.64,335.73,330.34,330.38,6026810.34
2025-12-06 17:00:00+00:00,330.38,333.41,328.69,332.97,6445407.0
2025-12-06 18:00:00+00:00,332.97,341.11,330.47,330.83,13896282.35
2025-12-06 19:00:00+00:00,330.83,333.41,329.19,330.7,7166807.81
2025-12-06 20:00:00+00:00,330.7,334.49,326.51,334.04,7306475.31
2025-12-06 21:00:00+00:00,334.04,335.1,331.47,332.77,3728580.07
2025-12-06 22:00:00+00:00,332.77,335.92,331.9,334.97,3415626.02
2025-12-06 23:00:00+00:00,334.97,344.81,334.02,341.56,10456337.9
2025-12-07 00:00:00+00:00,341.56,342.54,335.54,336.7,6714819.51
2025-12-07 01:00:00+00:00,336.7,339.27,333.08,333.81,4834096.74
2025-12-07 02:00:00+00:00,333.81,339.8,332.34,337.34,5041761.41
2025-12-07 03:00:00+00:00,337.34,343.35,336.31,339.36,6056533.89
2025-12-07 04:00:00+00:00,339.36,344.4,338.5,342.89,4399760.76
2025-12-07 05:00:00+00:00,342.89,349.29,341.02,342.88,6260010.52
2025-12-07 06:00:00+00:00,342.88,344.8,340.8,343.17,4131778.81
2025-12-07 07:00:00+00:00,343.17,343.39,338.16,340.25,4321319.2
2025-12-07 08:00:00+00:00,340.25,341.21,337.76,338.75,3774657.26
2025-12-07 09:00:00+00:00,338.75,339.44,335.05,335.8,5459372.33
2025-12-07 10:00:00+00:00,335.8,342.89,334.22,341.38,6901074.87
2025-12-07 11:00:00+00:00,341.38,346.68,340.48,343.79,6217886.61
2025-12-07 12:00:00+00:00,343.79,352.78,341.29,346.64,10745797.75
2025-12-07 13:00:00+00:00,346.64,350.82,342.65,347.58,9599045.08
2025-12-07 14:00:00+00:00,347.58,349.48,338.54,339.63,14601383.04
2025-12-07 15:00:00+00:00,339.63,343.03,331.89,341.86,13556793.39
2025-12-07 16:00:00+00:00,341.86,344.87,334.36,338.75,8317353.03
2025-12-07 17:00:00+00:00,338.75,347.89,335.03,346.59,16415737.92
2025-12-07 18:00:00+00:00,346.59,349.91,344.13,347.51,6218465.52
2025-12-07 19:00:00+00:00,347.51,349.61,344.15,347.49,4984599.01
2025-12-07 20:00:00+00:00,347.49,353.61,344.71,346.77,6517361.89
2025-12-07 21:00:00+00:00,346.77,349.66,338.56,339.87,7632858.37
2025-12-07 22:00:00+00:00,339.87,340.61,332.86,335.3,9826631.51
2025-12-07 23:00:00+00:00,335.3,344.49,333.4,342.74,5666688.61
2025-12-08 00:00:00+00:00,342.74,349.11,341.26,344.07,6096690.29
2025-12-08 01:00:00+00:00,344.07,352.0,343.12,350.97,7975834.86
2025-12-08 02:00:00+00:00,350.97,351.73,348.26,350.23,5393356.73
2025-12-08 03:00:00+00:00,350.23,351.85,349.04,350.45,4717583.29
2025-12-08 04:00:00+00:00,350.45,359.48,349.4,354.02,9514116.16
2025-12-08 05:00:00+00:00,354.02,357.81,351.2,355.59,5081960.23
2025-12-08 06:00:00+00:00,355.59,368.98,354.59,368.07,12808078.24
2025-12-08 07:00:00+00:00,368.07,375.93,364.93,368.82,24046671.76
2025-12-08 08:00:00+00:00,368.82,374.15,368.44,373.43,7074468.08
2025-12-08 09:00:00+00:00,373.43,394.74,373.19,390.1,25886947.57
2025-12-08 10:00:00+00:00,390.1,398.33,387.65,395.54,15665375.76
2025-12-08 11:00:00+00:00,395.54,399.47,384.39,386.18,18837432.27
2025-12-08 12:00:00+00:00,386.18,390.35,379.34,382.93,18438765.6
2025-12-08 13:00:00+00:00,382.93,389.0,381.68,384.43,9718370.25
2025-12-08 14:00:00+00:00,384.43,409.95,384.18,407.54,36885567.38
2025-12-08 15:00:00+00:00,407.54,408.08,393.87,402.18,30161730.98
2025-12-08 16:00:00+00:00,402.18,426.0,399.47,419.63,39408493.64
2025-12-08 17:00:00+00:00,419.63,422.13,412.17,419.54,16135718.08
2025-12-08 18:00:00+00:00,419.54,420.75,401.22,410.71,18031881.27
2025-12-08 19:00:00+00:00,410.71,413.65,403.85,405.11,10508762.04
2025-12-08 20:00:00+00:00,405.11,412.52,404.41,409.31,8551793.74
2025-12-08 21:00:00+00:00,409.31,416.94,407.69,416.1,16937583.75
2025-12-08 22:00:00+00:00,416.1,419.08,411.38,413.87,8498926.31
2025-12-08 23:00:00+00:00,413.87,414.34,403.57,405.47,9750851.85
2025-12-09 00:00:00+00:00,405.47,418.94,404.65,414.95,13101440.67
2025-12-09 01:00:00+00:00,414.95,417.46,400.23,403.29,8979312.32
2025-12-09 02:00:00+00:00,403.29,409.97,401.69,403.0,8638302.46
2025-12-09 03:00:00+00:00,403.0,403.96,390.54,401.45,16899526.92
2025-12-09 04:00:00+00:00,401.45,401.83,394.78,396.89,15401790.88
2025-12-09 05:00:00+00:00,396.89,414.51,392.64,408.31,14608540.75
2025-12-09 06:00:00+00:00,408.31,421.99,406.96,417.07,15421839.48
2025-12-09 07:00:00+00:00,417.07,421.64,413.29,418.44,10158564.52
2025-12-09 08:00:00+00:00,418.44,425.83,410.27,411.53,14366456.26
2025-12-09 09:00:00+00:00,411.53,414.03,403.2,407.52,13065258.26
2025-12-09 10:00:00+00:00,407.52,412.43,406.25,411.02,8101309.69
2025-12-09 11:00:00+00:00,411.02,419.27,407.72,415.89,7987782.49
2025-12-09 12:00:00+00:00,415.89,437.95,414.75,434.6,32384910.2
2025-12-09 13:00:00+00:00,434.6,438.77,426.44,427.29,21390709.03
2025-12-09 14:00:00+00:00,427.29,429.19,420.07,425.58,15401503.09
2025-12-09 15:00:00+00:00,425.58,446.04,424.75,443.41,31976079.2
2025-12-09 16:00:00+00:00,443.41,449.73,435.55,436.06,23159662.36
2025-12-09 17:00:00+00:00,436.06,449.93,435.52,440.12,14715885.14
2025-12-09 18:00:00+00:00,440.12,448.29,439.34,445.59,11902867.65
2025-12-09 19:00:00+00:00,445.59,446.6,432.36,432.94,14804830.95
2025-12-09 20:00:00+00:00,432.94,433.56,425.79,427.45,11957820.91
2025-12-09 21:00:00+00:00,427.45,430.71,421.17,424.88,9254055.84
2025-12-09 22:00:00+00:00,424.88,437.81,424.35,433.44,11129093.94
2025-12-09 23:00:00+00:00,433.44,435.2,428.17,433.02,5427359.17
2025-12-10 00:00:00+00:00,433.02,441.89,431.58,437.3,7904456.05
2025-12-10 01:00:00+00:00,437.3,445.04,434.13,440.93,10362039.5
2025-12-10 02:00:00+00:00,440.93,444.39,437.82,441.12,5894266.37
2025-12-10 03:00:00+00:00,441.12,446.62,440.77,443.14,7028755.09
2025-12-10 04:00:00+00:00,443.14,443.71,437.31,440.53,5468405.91
2025-12-10 05:00:00+00:00,440.53,448.11,437.98,446.58,9086301.86
2025-12-10 06:00:00+00:00,446.58,446.65,437.44,439.06,5282103.44
2025-12-10 07:00:00+00:00,439.06,443.19,438.27,440.65,3769828.82
2025-12-10 08:00:00+00:00,440.65,442.33,434.2,437.33,6503106.72
2025-12-10 09:00:00+00:00,437.33,438.19,433.38,434.67,5212020.41
2025-12-10 10:00:00+00:00,434.67,436.14,426.45,427.71,9234389.92
2025-12-10 11:00:00+00:00,427.71,432.86,426.34,427.57,9055712.7
2025-12-10 12:00:00+00:00,427.57,432.5,426.99,429.25,5635540.54
2025-12-10 13:00:00+00:00,429.25,436.81,424.09,432.58,8897722.46
2025-12-10 14:00:00+00:00,432.58,434.57,427.48,430.23,5197387.16
2025-12-10 15:00:00+00:00,430.23,436.83,422.17,428.48,13433990.77
2025-12-10 16:00:00+00:00,428.48,439.44,425.79,437.16,10735040.18
2025-12-10 17:00:00+00:00,437.16,440.36,431.58,434.09,15079927.13
2025-12-10 18:00:00+00:00,434.09,436.7,426.42,433.29,9050228.55
2025-12-10 19:00:00+00:00,433.29,438.56,419.37,427.93,15705065.34
2025-12-10 20:00:00+00:00,427.93,428.89,400.41,403.69,36100788.21
2025-12-10 21:00:00+00:00,403.69,410.85,402.73,405.5,11371844.02
2025-12-10 22:00:00+00:00,405.5,407.84,396.64,400.21,14076280.84
2025-12-10 23:00:00+00:00,400.21,405.97,399.72,404.43,6374459.57
2025-12-11 00:00:00+00:00,404.43,405.8,392.46,394.54,11035125.75
2025-12-11 01:00:00+00:00,394.54,398.56,390.31,394.39,10927089.25
2025-12-11 02:00:00+00:00,394.39,403.05,390.89,401.37,9124767.32
2025-12-11 03:00:00+00:00,401.37,404.66,394.84,397.25,10765863.69
2025-12-11 04:00:00+00:00,397.25,409.31,396.24,409.18,12647775.07
2025-12-11 05:00:00+00:00,409.18,409.97,404.7,406.67,5541094.49
2025-12-11 06:00:00+00:00,406.67,421.24,406.38,415.7,24214437.38
2025-12-11 07:00:00+00:00,415.7,422.29,415.51,419.93,7427959.04
2025-12-11 08:00:00+00:00,419.93,422.96,411.02,412.35,15002045.62
2025-12-11 09:00:00+00:00,412.35,421.15,411.7,416.65,19053893.77
2025-12-11 10:00:00+00:00,416.65,421.6,414.94,419.27,6391049.51
2025-12-11 11:00:00+00:00,419.27,437.53,419.27,433.05,17818233.14
2025-12-11 12:00:00+00:00,433.05,459.65,431.34,447.81,61938648.38
2025-12-11 13:00:00+00:00,447.81,452.31,439.43,443.51,23201832.4
2025-12-11 14:00:00+00:00,443.51,450.3,437.92,446.0,12748199.15
2025-12-11 15:00:00+00:00,446.0,454.53,441.32,449.31,13314271.56
2025-12-11 16:00:00+00:00,449.31,449.84,441.14,445.69,11031559.58
2025-12-11 17:00:00+00:00,445.69,454.78,443.76,448.75,8590481.58
2025-12-11 18:00:00+00:00,448.75,468.82,446.93,464.17,17020409.39
2025-12-11 19:00:00+00:00,464.17,467.1,457.59,458.42,11376692.84
2025-12-11 20:00:00+00:00,458.42,464.82,455.85,463.75,6934859.41
2025-12-11 21:00:00+00:00,463.75,469.87,458.64,459.68,9997919.24
2025-12-11 22:00:00+00:00,459.68,462.01,450.69,451.03,8496113.42
2025-12-11 23:00:00+00:00,451.03,460.1,449.08,450.91,13343883.99
2025-12-12 00:00:00+00:00,450.91,457.68,446.51,454.73,11379656.41
2025-12-12 01:00:00+00:00,454.73,463.31,454.73,459.91,9829193.27
2025-12-12 02:00:00+00:00,459.91,462.02,457.22,461.41,5103680.3
2025-12-12 03:00:00+00:00,461.41,462.37,454.76,461.42,4898354.79
2025-12-12 04:00:00+00:00,461.42,461.42,455.15,458.46,7520092.22
2025-12-12 05:00:00+00:00,458.46,458.99,453.17,455.19,6779602.79
2025-12-12 06:00:00+00:00,455.19,458.83,449.78,451.42,14083801.71
2025-12-12 07:00:00+00:00,451.42,460.91,449.05,457.92,8203110.87
2025-12-12 08:00:00+00:00,457.92,458.19,452.78,454.38,5302857.54
2025-12-12 09:00:00+00:00,454.38,454.67,450.6,454.25,4731616.16
2025-12-12 10:00:00+00:00,454.25,464.99,453.75,462.02,8099030.76
2025-12-12 11:00:00+00:00,462.02,463.8,450.78,454.23,9212995.71
2025-12-12 12:00:00+00:00,454.23,460.93,451.39,459.12,6915951.28
2025-12-12 13:00:00+00:00,459.12,462.8,456.09,458.36,6713802.6
2025-12-12 14:00:00+00:00,458.36,469.88,455.0,457.56,31692362.42
2025-12-12 15:00:00+00:00,457.56,461.86,452.25,456.99,18898636.79
2025-12-12 16:00:00+00:00,456.99,460.15,446.18,454.35,19550327.58
2025-12-12 17:00:00+00:00,454.35,456.71,450.0,455.05,7361749.92
2025-12-12 18:00:00+00:00,455.05,463.92,455.05,459.22,8619400.89
2025-12-12 19:00:00+00:00,459.22,460.02,454.03,454.94,5400678.88
2025-12-12 20:00:00+00:00,454.94,457.01,452.47,455.51,5175445.38
2025-12-12 21:00:00+00:00,455.51,461.57,455.14,457.22,5615802.77
2025-12-12 22:00:00+00:00,457.22,462.93,456.09,459.95,6376479.0
2025-12-12 23:00:00+00:00,459.95,464.84,454.86,455.01,6062059.77
2025-12-13 00:00:00+00:00,455.01,460.88,454.7,459.84,5053611.75
2025-12-13 01:00:00+00:00,459.84,461.02,456.29,456.51,3921550.32
2025-12-13 02:00:00+00:00,456.51,462.44,456.04,460.94,4586423.23
2025-12-13 03:00:00+00:00,460.94,465.26,459.85,464.2,2920412.72
2025-12-13 04:00:00+00:00,464.2,476.39,457.67,458.28,12808423.81
2025-12-13 05:00:00+00:00,458.28,469.64,456.61,468.35,10042055.56
2025-12-13 06:00:00+00:00,468.35,469.66,462.49,466.25,5254279.9
2025-12-13 07:00:00+00:00,466.25,468.17,463.6,465.15,4119214.45
2025-12-13 08:00:00+00:00,465.15,468.48,461.6,462.18,5733548.0
2025-12-13 09:00:00+00:00,462.18,464.83,445.88,451.08,53988530.54
2025-12-13 10:00:00+00:00,451.08,458.51,448.34,450.88,16161396.14
2025-12-13 11:00:00+00:00,450.88,450.94,443.07,445.31,13563350.4
2025-12-13 12:00:00+00:00,445.31,447.2,427.9,436.59,23134154.9
2025-12-13 13:00:00+00:00,436.59,438.81,429.91,430.5,10912415.09
2025-12-13 14:00:00+00:00,430.5,432.89,422.51,424.02,16511112.75
2025-12-13 15:00:00+00:00,424.02,446.27,424.02,441.41,27646057.35
2025-12-13 16:00:00+00:00,441.41,443.9,431.96,435.01,22541672.55
2025-12-13 17:00:00+00:00,435.01,435.56,427.19,433.5,10105327.95
2025-12-13 18:00:00+00:00,433.5,439.75,431.54,436.26,6230681.38
2025-12-13 19:00:00+00:00,436.26,439.0,433.07,434.06,4321533.57
2025-12-13 20:00:00+00:00,434.06,437.32,429.23,431.1,5453897.04
2025-12-13 21:00:00+00:00,431.1,435.45,428.34,434.85,4316137.41
2025-12-13 22:00:00+00:00,434.85,437.68,430.07,435.98,3929327.02
2025-12-13 23:00:00+00:00,435.98,445.16,434.74,443.11,8388447.53
2025-12-14 00:00:00+00:00,443.11,444.2,440.7,442.04,4474579.71
2025-12-14 01:00:00+00:00,442.04,442.95,438.43,438.77,4365339.27
2025-12-14 02:00:00+00:00,438.77,440.67,434.72,440.03,3800304.55
2025-12-14 03:00:00+00:00,440.03,442.85,436.94,438.21,4117169.06
2025-12-14 04:00:00+00:00,438.21,438.45,431.55,433.15,4594596.65
2025-12-14 05:00:00+00:00,433.15,434.86,426.23,427.85,6603483.44
2025-12-14 06:00:00+00:00,427.85,428.11,419.74,425.86,10726878.52
2025-12-14 07:00:00+00:00,425.86,426.83,420.38,423.47,4274341.99
2025-12-14 08:00:00+00:00,423.47,426.28,418.86,422.43,6053154.68
2025-12-14 09:00:00+00:00,422.43,424.93,421.25,422.97,2654532.99
2025-12-14 10:00:00+00:00,422.97,432.76,422.0,430.4,12038584.24
2025-12-14 11:00:00+00:00,430.4,432.47,424.19,426.88,9522581.22
2025-12-14 12:00:00+00:00,426.88,429.72,423.81,425.29,10910577.01
2025-12-14 13:00:00+00:00,425.29,425.46,411.95,413.78,13156510.15
2025-12-14 14:00:00+00:00,413.78,415.41,397.8,402.47,33890668.54
2025-12-14 15:00:00+00:00,402.47,406.0,400.7,403.25,11249512.84
2025-12-14 16:00:00+00:00,403.25,409.92,401.7,407.61,9354343.61
2025-12-14 17:00:00+00:00,407.61,409.9,405.25,406.9,3300544.64
2025-12-14 18:00:00+00:00,406.9,409.29,400.59,405.17,7575819.45
2025-12-14 19:00:00+00:00,405.17,409.37,402.43,407.04,5075939.34
2025-12-14 20:00:00+00:00,407.04,408.05,403.88,404.01,3279738.33
2025-12-14 21:00:00+00:00,404.01,407.69,403.83,405.32,1905099.76
2025-12-14 22:00:00+00:00,405.32,406.51,395.71,400.91,6888053.43
2025-12-14 23:00:00+00:00,400.91,408.3,396.51,404.26,8242360.73
2025-12-15 00:00:00+00:00,404.26,406.98,400.36,405.25,5462545.95
2025-12-15 01:00:00+00:00,405.25,418.47,403.08,415.89,12285381.99
2025-12-15 02:00:00+00:00,415.89,415.89,401.16,401.35,11749364.96
2025-12-15 03:00:00+00:00,401.35,405.35,392.01,401.22,14620844.15
2025-12-15 04:00:00+00:00,401.22,404.52,397.93,402.53,4589119.76
2025-12-15 05:00:00+00:00,402.53,408.97,401.64,407.49,6736493.82
2025-12-15 06:00:00+00:00,407.49,412.79,404.78,408.53,8756456.8
2025-12-15 07:00:00+00:00,408.53,409.57,400.89,402.71,7108138.86
2025-12-15 08:00:00+00:00,402.71,404.96,401.56,403.96,4034828.29
2025-12-15 09:00:00+00:00,403.96,410.88,403.48,409.83,6057579.5
2025-12-15 10:00:00+00:00,409.83,411.85,406.94,407.93,4988701.36
2025-12-15 11:00:00+00:00,407.93,412.4,407.45,410.78,3997088.87
2025-12-15 12:00:00+00:00,410.78,415.51,409.17,411.67,8190558.48
2025-12-15 13:00:00+00:00,411.67,412.08,403.88,408.16,8176832.67
2025-12-15 14:00:00+00:00,408.16,414.55,406.12,407.84,9428894.99
2025-12-15 15:00:00+00:00,407.84,417.63,405.37,414.01,22266745.82
2025-12-15 16:00:00+00:00,414.01,417.75,408.43,411.6,18157985.7
2025-12-15 17:00:00+00:00,411.6,416.79,406.62,407.31,8957571.38
2025-12-15 18:00:00+00:00,407.31,414.65,386.61,412.29,42750052.56
2025-12-15 19:00:00+00:00,412.29,415.21,407.14,408.76,15827625.29
2025-12-15 20:00:00+00:00,408.76,410.73,396.73,397.09,8708884.12
2025-12-15 21:00:00+00:00,397.09,410.69,395.55,410.03,9739640.12
2025-12-15 22:00:00+00:00,410.03,415.15,407.11,412.66,8682569.6
2025-12-15 23:00:00+00:00,412.66,414.77,410.87,413.56,4811923.54
2025-12-16 00:00:00+00:00,413.56,416.54,403.96,404.85,6875987.92
2025-12-16 01:00:00+00:00,404.85,407.32,401.2,403.24,10240855.52
2025-12-16 02:00:00+00:00,403.24,408.96,401.05,401.3,7966851.71
2025-12-16 03:00:00+00:00,401.3,403.52,396.75,402.71,11862035.84
2025-12-16 04:00:00+00:00,402.71,405.27,393.12,397.92,9024451.94
2025-12-16 05:00:00+00:00,397.92,401.25,395.38,398.07,4755308.38
2025-12-16 06:00:00+00:00,398.07,401.97,395.62,399.29,4175848.23
2025-12-16 07:00:00+00:00,399.29,399.49,379.86,381.87,18547044.59
2025-12-16 08:00:00+00:00,381.87,387.49,374.0,380.87,17616013.31
2025-12-16 09:00:00+00:00,380.87,383.83,377.39,382.76,9737979.6
2025-12-16 10:00:00+00:00,382.76,397.82,380.51,391.82,17006328.18
2025-12-16 11:00:00+00:00,391.82,397.63,390.53,395.11,7830368.75
2025-12-16 12:00:00+00:00,395.11,397.21,390.56,391.89,6482369.67
2025-12-16 13:00:00+00:00,391.89,399.21,391.71,391.73,12503361.58
2025-12-16 14:00:00+00:00,391.73,397.79,388.48,397.3,11584432.97
2025-12-16 15:00:00+00:00,397.3,409.37,393.93,407.33,9186737.92
2025-12-16 16:00:00+00:00,407.33,413.9,404.03,406.87,12090761.79
2025-12-16 17:00:00+00:00,406.87,409.74,402.8,404.77,6180946.29
2025-12-16 18:00:00+00:00,404.77,406.87,401.43,401.89,7381503.9
2025-12-16 19:00:00+00:00,401.89,407.38,396.52,404.1,7476793.52
2025-12-16 20:00:00+00:00,404.1,410.81,403.33,407.16,5094237.27
2025-12-16 21:00:00+00:00,407.16,411.66,406.48,410.01,4095014.65
2025-12-16 22:00:00+00:00,410.01,410.27,405.61,405.97,4159771.36
2025-12-16 23:00:00+00:00,405.97,406.53,401.42,404.59,4344891.56
2025-12-17 00:00:00+00:00,404.59,404.59,399.33,400.58,3386851.97
2025-12-17 01:00:00+00:00,400.58,405.71,400.21,402.64,2977566.66
2025-12-17 02:00:00+00:00,402.64,404.25,396.45,397.67,5698201.65
2025-12-17 03:00:00+00:00,397.67,401.98,393.1,394.55,6322929.69
2025-12-17 04:00:00+00:00,394.55,396.98,393.48,394.57,3213723.98
2025-12-17 05:00:00+00:00,394.57,395.67,390.95,393.47,5020804.7
2025-12-17 06:00:00+00:00,393.47,395.95,389.73,390.78,10176289.96
2025-12-17 07:00:00+00:00,390.78,393.02,387.09,392.81,8392678.62
2025-12-17 08:00:00+00:00,392.81,393.48,384.41,387.1,7449425.49
2025-12-17 09:00:00+00:00,387.1,390.08,385.46,389.93,4823476.01
2025-12-17 10:00:00+00:00,389.93,390.33,385.54,386.65,5697488.19
2025-12-17 11:00:00+00:00,386.65,394.01,385.96,391.64,4246184.82
2025-12-17 12:00:00+00:00,391.64,395.74,390.54,393.71,4385909.92
2025-12-17 13:00:00+00:00,393.71,398.08,392.01,396.88,5634181.57
2025-12-17 14:00:00+00:00,396.88,405.71,394.14,405.06,15188986.27
2025-12-17 15:00:00+00:00,405.06,411.34,392.43,393.48,21940622.25
2025-12-17 16:00:00+00:00,393.48,401.69,386.18,400.42,13869410.57
2025-12-17 17:00:00+00:00,400.42,400.42,392.69,392.91,4713406.03
2025-12-17 18:00:00+00:00,392.91,396.71,386.9,387.78,6041040.28
2025-12-17 19:00:00+00:00,387.78,388.04,375.7,378.24,12701167.19
2025-12-17 20:00:00+00:00,378.24,389.92,378.24,383.84,6742959.5
2025-12-17 21:00:00+00:00,383.84,383.87,377.38,378.37,5633510.4
2025-12-17 22:00:00+00:00,378.37,380.9,371.44,375.36,6565687.89
2025-12-17 23:00:00+00:00,375.36,377.78,372.5,376.61,6051507.38
2025-12-18 00:00:00+00:00,376.61,378.41,374.2,378.41,4428881.13
2025-12-18 01:00:00+00:00,378.41,379.5,372.88,373.26,4253561.66
2025-12-18 02:00:00+00:00,373.26,383.52,372.09,378.94,7695460.19
2025-12-18 03:00:00+00:00,378.94,387.47,376.14,385.45,14648323.39
2025-12-18 04:00:00+00:00,385.45,395.86,385.02,392.93,25727008.19
2025-12-18 05:00:00+00:00,392.93,400.17,392.41,394.45,31917794.7
2025-12-18 06:00:00+00:00,394.45,398.46,390.76,394.81,7495862.22
2025-12-18 07:00:00+00:00,394.81,397.07,391.32,394.16,5990603.5
2025-12-18 08:00:00+00:00,394.16,398.05,392.84,395.42,5297971.89
2025-12-18 09:00:00+00:00,395.42,399.73,393.94,397.14,5226536.52
2025-12-18 10:00:00+00:00,397.14,403.44,395.39,397.37,6613899.67
2025-12-18 11:00:00+00:00,397.37,397.41,390.41,394.25,5712424.43
2025-12-18 12:00:00+00:00,394.25,399.41,392.85,397.2,4675937.11
2025-12-18 13:00:00+00:00,397.2,404.58,396.74,401.79,12408886.41
2025-12-18 14:00:00+00:00,401.79,403.52,395.1,398.91,14589254.78
2025-12-18 15:00:00+00:00,398.91,402.42,395.77,400.09,7370087.2
2025-12-18 16:00:00+00:00,400.09,401.94,395.54,401.85,5839195.95
2025-12-18 17:00:00+00:00,401.85,401.94,384.96,393.8,16373630.11
2025-12-18 18:00:00+00:00,393.8,393.8,387.88,391.54,5760082.9
2025-12-18 19:00:00+00:00,391.54,392.0,382.54,382.86,7597688.51
2025-12-18 20:00:00+00:00,382.86,388.12,382.53,384.64,5425348.99
2025-12-18 21:00:00+00:00,384.64,400.36,384.57,395.46,9275232.48
2025-12-18 22:00:00+00:00,395.46,397.95,393.04,394.54,5022220.15
2025-12-18 23:00:00+00:00,394.54,394.54,385.38,388.46,5489919.66
2025-12-19 00:00:00+00:00,388.46,391.36,385.95,389.41,3629226.78
2025-12-19 01:00:00+00:00,389.41,390.96,385.8,386.94,2945850.35
2025-12-19 02:00:00+00:00,386.94,391.28,384.65,389.47,5441608.62
2025-12-19 03:00:00+00:00,389.47,402.82,389.47,396.68,13995918.81
2025-12-19 04:00:00+00:00,396.68,401.75,395.29,400.1,8144286.65
2025-12-19 05:00:00+00:00,400.1,400.22,396.94,398.04,3274096.39
2025-12-19 06:00:00+00:00,398.04,399.54,395.81,399.28,2586234.34
2025-12-19 07:00:00+00:00,399.28,414.11,398.95,409.73,15315218.18
2025-12-19 08:00:00+00:00,409.73,413.92,407.51,411.11,6813179.88
2025-12-19 09:00:00+00:00,411.11,418.01,407.12,409.95,8721705.61
2025-12-19 10:00:00+00:00,409.95,414.37,408.55,414.2,4920449.05
2025-12-19 11:00:00+00:00,414.2,430.92,413.03,428.48,15007022.38
2025-12-19 12:00:00+00:00,428.48,432.9,425.32,428.68,10535776.88
2025-12-19 13:00:00+00:00,428.68,436.43,426.47,434.18,8505877.43
2025-12-19 14:00:00+00:00,434.18,435.64,427.39,433.63,10825189.22
2025-12-19 15:00:00+00:00,433.63,439.73,428.92,432.26,12347231.35
2025-12-19 16:00:00+00:00,432.26,439.71,431.11,433.19,8542148.49
2025-12-19 17:00:00+00:00,433.19,437.93,429.29,429.34,8264971.23
2025-12-19 18:00:00+00:00,429.34,438.98,429.34,436.87,7527523.6
2025-12-19 19:00:00+00:00,436.87,446.51,436.3,440.92,9298811.47
2025-12-19 20:00:00+00:00,440.92,457.24,439.17,450.95,13783393.43
2025-12-19 21:00:00+00:00,450.95,454.06,447.39,447.87,8723141.03
2025-12-19 22:00:00+00:00,447.87,450.06,446.54,449.09,5010606.79
2025-12-19 23:00:00+00:00,449.09,449.96,443.77,444.04,6421159.45
2025-12-20 00:00:00+00:00,444.04,452.01,442.66,450.02,6712564.87
2025-12-20 01:00:00+00:00,450.02,451.32,445.86,449.53,3724896.9
2025-12-20 02:00:00+00:00,449.53,451.32,446.64,446.81,5552695.0
2025-12-20 03:00:00+00:00,446.81,448.73,442.86,446.34,8231290.06
2025-12-20 04:00:00+00:00,446.34,448.2,435.12,439.41,16396020.57
2025-12-20 05:00:00+00:00,439.41,444.19,437.87,443.05,4652788.72
2025-12-20 06:00:00+00:00,443.05,450.28,442.77,447.74,9021371.89
2025-12-20 07:00:00+00:00,447.74,451.1,446.24,449.81,6073886.16
2025-12-20 08:00:00+00:00,449.81,455.98,449.72,452.44,8431293.32
2025-12-20 09:00:00+00:00,452.44,453.4,448.05,449.38,5532318.55
2025-12-20 10:00:00+00:00,449.38,450.99,445.28,446.53,4218077.67
2025-12-20 11:00:00+00:00,446.53,449.02,443.11,446.93,5810332.15
2025-12-20 12:00:00+00:00,446.93,451.82,446.42,449.7,4278321.78
2025-12-20 13:00:00+00:00,449.7,451.42,446.41,449.22,4340147.14
2025-12-20 14:00:00+00:00,449.22,451.06,447.28,450.04,3843797.17
2025-12-20 15:00:00+00:00,450.04,450.28,447.27,449.36,3197900.97
2025-12-20 16:00:00+00:00,449.36,450.67,447.64,449.21,2716379.84
2025-12-20 17:00:00+00:00,449.21,453.64,448.07,448.28,3984666.83
2025-12-20 18:00:00+00:00,448.28,451.11,448.28,450.68,2662039.0
2025-12-20 19:00:00+00:00,450.68,451.4,448.29,451.1,2215232.39
2025-12-20 20:00:00+00:00,451.1,453.41,449.06,450.23,3760809.89
2025-12-20 21:00:00+00:00,450.23,452.28,448.22,448.61,3595081.82
2025-12-20 22:00:00+00:00,448.61,449.72,443.36,444.74,7848689.15
2025-12-20 23:00:00+00:00,444.74,447.95,444.04,447.11,3584735.74
2025-12-21 00:00:00+00:00,447.11,450.94,446.14,450.57,3876011.69
2025-12-21 01:00:00+00:00,450.57,451.63,446.2,447.09,4416616.52
2025-12-21 02:00:00+00:00,447.09,448.72,441.61,443.68,4945288.37
2025-12-21 03:00:00+00:00,443.68,448.64,442.28,447.42,5389426.53
2025-12-21 04:00:00+00:00,447.42,447.58,445.13,445.73,2782126.57
2025-12-21 05:00:00+00:00,445.73,448.33,445.28,446.85,2427810.65
2025-12-21 06:00:00+00:00,446.85,446.97,442.83,444.49,2744154.21
2025-12-21 07:00:00+00:00,444.49,446.17,441.85,442.02,3175615.91
2025-12-21 08:00:00+00:00,442.02,444.76,437.82,439.58,7274881.99
2025-12-21 09:00:00+00:00,439.58,445.16,437.95,443.33,7469591.41
2025-12-21 10:00:00+00:00,443.33,443.9,436.41,438.87,5356930.58
2025-12-21 11:00:00+00:00,438.87,440.03,437.07,438.59,2720201.3
2025-12-21 12:00:00+00:00,438.59,440.11,435.24,436.85,4174977.33
2025-12-21 13:00:00+00:00,436.85,436.87,431.7,432.85,12083419.46
2025-12-21 14:00:00+00:00,432.85,434.47,430.88,432.05,5013489.45
2025-12-21 15:00:00+00:00,432.05,436.31,431.67,435.01,3675893.19
2025-12-21 16:00:00+00:00,435.01,435.07,428.65,432.17,5952034.45
2025-12-21 17:00:00+00:00,432.17,438.18,431.86,435.31,8984439.48
2025-12-21 18:00:00+00:00,435.31,438.18,433.8,437.65,2764680.13
2025-12-21 19:00:00+00:00,437.65,448.63,437.6,446.59,8297196.37
2025-12-21 20:00:00+00:00,446.59,449.48,444.52,448.44,6064521.98
2025-12-21 21:00:00+00:00,448.44,450.57,442.78,443.18,5547594.86
2025-12-21 22:00:00+00:00,443.18,444.98,435.81,438.86,6696460.12
2025-12-21 23:00:00+00:00,438.86,443.02,438.86,441.3,5018217.99
2025-12-22 00:00:00+00:00,441.3,449.02,441.16,446.58,10728637.79
2025-12-22 01:00:00+00:00,446.58,456.84,446.25,449.61,11128847.87
2025-12-22 02:00:00+00:00,449.61,450.74,444.43,448.07,7152807.39
2025-12-22 03:00:00+00:00,448.07,451.44,445.04,447.44,4098398.86
2025-12-22 04:00:00+00:00,447.44,447.58,438.04,439.51,8175519.96
2025-12-22 05:00:00+00:00,439.51,446.03,438.62,444.38,5158024.38
2025-12-22 06:00:00+00:00,444.38,445.93,442.47,442.75,3003747.58
2025-12-22 07:00:00+00:00,442.75,444.73,442.74,444.13,3078683.2
2025-12-22 08:00:00+00:00,444.13,447.0,441.81,444.43,7029448.84
2025-12-22 09:00:00+00:00,444.43,446.17,443.54,444.91,3765461.66
2025-12-22 10:00:00+00:00,444.91,450.29,443.53,446.62,4444994.36
2025-12-22 11:00:00+00:00,446.62,450.08,446.3,448.06,2944310.38
2025-12-22 12:00:00+00:00,448.06,456.8,447.75,454.89,11405481.08
2025-12-22 13:00:00+00:00,454.89,454.94,446.48,448.6,8951939.53
2025-12-22 14:00:00+00:00,448.6,451.96,445.94,448.64,5539656.28
2025-12-22 15:00:00+00:00,448.64,448.64,443.29,445.3,5956964.67
2025-12-22 16:00:00+00:00,445.3,448.11,443.69,445.14,3257659.61
2025-12-22 17:00:00+00:00,445.14,446.19,440.84,440.84,3927482.93
2025-12-22 18:00:00+00:00,440.84,443.03,439.04,440.15,4374235.73
2025-12-22 19:00:00+00:00,440.15,440.21,431.23,433.84,8696471.5
2025-12-22 20:00:00+00:00,433.84,434.75,426.76,429.16,8218627.32
2025-12-22 21:00:00+00:00,429.16,435.99,428.88,433.95,6940755.65
2025-12-22 22:00:00+00:00,433.95,435.58,430.95,434.37,4739429.73
2025-12-22 23:00:00+00:00,434.37,434.37,429.19,431.58,7898263.73
2025-12-23 00:00:00+00:00,431.58,438.55,430.34,436.22,8699903.35
2025-12-23 01:00:00+00:00,436.22,437.83,429.87,430.71,4615190.07
2025-12-23 02:00:00+00:00,430.71,432.15,418.61,419.66,14334410.25
2025-12-23 03:00:00+00:00,419.66,423.83,417.98,423.05,4698473.7
2025-12-23 04:00:00+00:00,423.05,423.42,415.86,416.38,5631944.37
2025-12-23 05:00:00+00:00,416.38,418.43,413.94,415.4,7210536.76
2025-12-23 06:00:00+00:00,415.4,418.37,413.4,416.78,4205822.17
2025-12-23 07:00:00+00:00,416.78,419.32,415.24,417.24,3909268.01
2025-12-23 08:00:00+00:00,417.24,417.36,411.77,415.96,7679897.32
2025-12-23 09:00:00+00:00,415.96,418.71,415.12,417.62,3622797.06
2025-12-23 10:00:00+00:00,417.62,421.82,416.76,420.81,3305410.49
2025-12-23 11:00:00+00:00,420.81,421.6,417.54,418.08,3875970.49
2025-12-23 12:00:00+00:00,418.08,419.49,415.47,416.92,2871356.64
2025-12-23 13:00:00+00:00,416.92,417.41,413.15,413.24,6451077.57
2025-12-23 14:00:00+00:00,413.24,415.99,410.63,413.52,7720872.72
2025-12-23 15:00:00+00:00,413.52,418.09,412.2,416.0,4761550.77
2025-12-23 16:00:00+00:00,416.0,421.47,415.17,419.35,5400207.66
2025-12-23 17:00:00+00:00,419.35,422.55,414.8,415.15,7456250.4
2025-12-23 18:00:00+00:00,415.15,419.98,415.04,418.25,2509564.37
2025-12-23 19:00:00+00:00,418.25,418.6,413.4,415.97,2900762.97
2025-12-23 20:00:00+00:00,415.97,421.02,414.6,417.42,3215483.15
2025-12-23 21:00:00+00:00,417.42,420.47,417.05,419.57,2208484.73
2025-12-23 22:00:00+00:00,419.57,419.81,416.44,417.76,2658256.71
2025-12-23 23:00:00+00:00,417.76,418.2,415.5,417.41,2947484.52
2025-12-24 00:00:00+00:00,417.41,419.32,416.42,418.78,3349601.77
2025-12-24 01:00:00+00:00,418.78,420.72,416.57,417.08,3197724.63
2025-12-24 02:00:00+00:00,417.08,417.08,406.48,409.62,5496031.52
2025-12-24 03:00:00+00:00,409.62,414.1,405.55,411.0,5136305.57
2025-12-24 04:00:00+00:00,411.0,412.66,409.54,410.32,2770948.41
2025-12-24 05:00:00+00:00,410.32,410.53,405.49,406.69,4475492.93
2025-12-24 06:00:00+00:00,406.69,410.28,406.63,407.75,3005120.25
2025-12-24 07:00:00+00:00,407.75,409.49,405.64,405.78,3525552.87
2025-12-24 08:00:00+00:00,405.78,407.86,404.75,406.7,3511459.91
2025-12-24 09:00:00+00:00,406.7,410.54,406.7,408.99,3473311.21
2025-12-24 10:00:00+00:00,408.99,415.83,408.99,414.18,5788232.85
2025-12-24 11:00:00+00:00,414.18,416.16,412.36,412.61,3529994.91
2025-12-24 12:00:00+00:00,412.61,429.43,411.59,426.32,10904816.49
2025-12-24 13:00:00+00:00,426.32,427.76,423.01,424.57,11828625.14
2025-12-24 14:00:00+00:00,424.57,437.13,421.7,435.85,25743823.79
2025-12-24 15:00:00+00:00,435.85,446.1,435.83,439.84,24195751.09
2025-12-24 16:00:00+00:00,439.84,445.42,438.54,441.91,8856516.54
2025-12-24 17:00:00+00:00,441.91,444.02,435.75,436.74,5896390.18
2025-12-24 18:00:00+00:00,436.74,443.51,434.54,442.59,6991105.5
2025-12-24 19:00:00+00:00,442.59,444.39,440.1,443.8,3998998.26
2025-12-24 20:00:00+00:00,443.8,449.39,443.22,447.71,7059442.54
2025-12-24 21:00:00+00:00,447.71,450.65,444.28,446.26,7587291.68
2025-12-24 22:00:00+00:00,446.26,451.87,445.59,447.35,8206019.15
2025-12-24 23:00:00+00:00,447.35,450.81,445.12,448.66,4116511.19
2025-12-25 00:00:00+00:00,448.66,451.52,445.56,445.64,4376477.52
2025-12-25 01:00:00+00:00,445.64,446.35,439.55,441.78,6022966.04
2025-12-25 02:00:00+00:00,441.78,449.7,441.04,448.21,5163896.99
2025-12-25 03:00:00+00:00,448.21,455.63,444.14,447.35,17717102.15
2025-12-25 04:00:00+00:00,447.35,449.16,444.25,446.07,6214598.35
2025-12-25 05:00:00+00:00,446.07,446.69,444.07,445.41,3424082.95
2025-12-25 06:00:00+00:00,445.41,448.91,442.63,448.16,4272347.94
2025-12-25 07:00:00+00:00,448.16,449.36,445.42,446.64,2769288.99
2025-12-25 08:00:00+00:00,446.64,449.03,445.13,448.01,6134085.74
2025-12-25 09:00:00+00:00,448.01,449.14,445.95,446.38,4855007.78
2025-12-25 10:00:00+00:00,446.38,447.91,439.42,441.75,10790856.43
2025-12-25 11:00:00+00:00,441.75,445.65,441.14,444.45,2880252.33
2025-12-25 12:00:00+00:00,444.45,444.78,442.01,444.72,2720890.31
2025-12-25 13:00:00+00:00,444.72,444.72,438.38,441.91,9622991.1
2025-12-25 14:00:00+00:00,441.91,442.7,437.41,439.73,6633524.53
2025-12-25 15:00:00+00:00,439.73,447.21,437.46,445.64,9311253.57
2025-12-25 16:00:00+00:00,445.64,448.51,443.05,444.21,5145772.25
2025-12-25 17:00:00+00:00,444.21,446.44,442.57,445.34,3422496.87
2025-12-25 18:00:00+00:00,445.34,446.16,441.84,442.93,3825348.13
2025-12-25 19:00:00+00:00,442.93,442.93,439.09,440.56,3082733.61
2025-12-25 20:00:00+00:00,440.56,441.78,438.01,440.19,2749517.96
2025-12-25 21:00:00+00:00,440.19,440.95,438.26,440.89,2897863.24
2025-12-25 22:00:00+00:00,440.89,441.67,436.11,438.08,4367280.14
2025-12-25 23:00:00+00:00,438.08,441.06,435.95,438.11,4083526.86
2025-12-26 00:00:00+00:00,438.11,440.47,435.65,440.41,3453669.86
2025-12-26 01:00:00+00:00,440.41,443.85,436.44,437.47,11254623.44
2025-12-26 02:00:00+00:00,437.47,447.91,437.09,443.14,9369758.85
2025-12-26 03:00:00+00:00,443.14,445.36,440.65,441.45,5802981.58
2025-12-26 04:00:00+00:00,441.45,444.82,438.6,444.51,3980153.39
2025-12-26 05:00:00+00:00,444.51,444.56,440.12,443.42,5627031.14
2025-12-26 06:00:00+00:00,443.42,448.36,442.94,447.06,6175068.78
2025-12-26 07:00:00+00:00,447.06,449.14,442.6,444.21,11399865.76
2025-12-26 08:00:00+00:00,444.21,446.59,442.36,443.86,2913667.1
2025-12-26 09:00:00+00:00,443.86,448.04,442.82,447.15,4432653.78
2025-12-26 10:00:00+00:00,447.15,447.27,445.01,445.44,3301776.64
2025-12-26 11:00:00+00:00,445.44,448.37,445.05,447.95,2691664.48
2025-12-26 12:00:00+00:00,447.95,448.23,446.51,446.98,2460200.14
2025-12-26 13:00:00+00:00,446.98,449.45,446.17,446.42,3920204.97
2025-12-26 14:00:00+00:00,446.42,447.45,440.68,443.87,7191972.77
2025-12-26 15:00:00+00:00,443.87,446.8,441.4,445.05,6164086.73
2025-12-26 16:00:00+00:00,445.05,445.33,438.26,439.44,5235629.55
2025-12-26 17:00:00+00:00,439.44,443.06,438.7,442.52,4081839.96
2025-12-26 18:00:00+00:00,442.52,442.67,440.33,440.65,1717226.14
2025-12-26 19:00:00+00:00,440.65,443.45,440.29,442.98,2420549.59
2025-12-26 20:00:00+00:00,442.98,447.81,442.93,446.29,3878388.65
2025-12-26 21:00:00+00:00,446.29,448.56,444.09,446.94,3789054.17
2025-12-26 22:00:00+00:00,446.94,447.63,445.62,446.08,2472542.6
2025-12-26 23:00:00+00:00,446.08,448.76,445.94,448.15,4367992.82
2025-12-27 00:00:00+00:00,448.15,448.15,444.87,446.72,4125151.56
2025-12-27 01:00:00+00:00,446.72,469.54,446.49,464.29,12827718.54
2025-12-27 02:00:00+00:00,464.29,473.61,461.02,461.93,18512111.34
2025-12-27 03:00:00+00:00,461.93,471.37,461.12,470.47,11498849.19
2025-12-27 04:00:00+00:00,470.47,472.15,465.95,468.6,6718140.05
2025-12-27 05:00:00+00:00,468.6,469.73,465.69,467.93,3470113.28
2025-12-27 06:00:00+00:00,467.93,470.01,466.9,468.59,4964100.49
2025-12-27 07:00:00+00:00,468.59,470.9,467.8,469.41,4512187.59
2025-12-27 08:00:00+00:00,469.41,470.66,467.94,468.23,3799692.25
2025-12-27 09:00:00+00:00,468.23,496.99,467.58,486.24,26725766.87
2025-12-27 10:00:00+00:00,486.24,516.8,483.77,509.15,28443665.5
2025-12-27 11:00:00+00:00,509.15,517.88,503.72,511.2,30112510.86
2025-12-27 12:00:00+00:00,511.2,517.68,508.26,512.89,14538192.05
2025-12-27 13:00:00+00:00,512.89,513.61,501.89,507.37,21193740.56
2025-12-27 14:00:00+00:00,507.37,512.39,504.81,510.66,9907719.42
2025-12-27 15:00:00+00:00,510.66,522.1,508.24,519.33,18978356.95
2025-12-27 16:00:00+00:00,519.33,521.37,514.44,517.3,12984741.47
2025-12-27 17:00:00+00:00,517.3,527.46,513.36,522.42,13631309.53
2025-12-27 18:00:00+00:00,522.42,522.42,513.51,517.48,11659730.23
2025-12-27 19:00:00+00:00,517.48,519.69,516.05,516.39,5202918.57
2025-12-27 20:00:00+00:00,516.39,517.51,507.77,507.8,9309976.28
2025-12-27 21:00:00+00:00,507.8,515.77,507.78,515.4,6654835.02
2025-12-27 22:00:00+00:00,515.4,517.36,511.32,512.42,4555614.87
2025-12-27 23:00:00+00:00,512.42,517.23,512.13,516.09,5570882.46
2025-12-28 00:00:00+00:00,516.09,520.14,514.72,516.95,5355283.33
2025-12-28 01:00:00+00:00,516.95,519.07,511.44,515.55,6219065.66
2025-12-28 02:00:00+00:00,515.55,518.55,513.6,517.58,4867730.19
2025-12-28 03:00:00+00:00,517.58,518.97,516.18,517.8,3793318.79
2025-12-28 04:00:00+00:00,517.8,518.82,516.58,518.01,3487850.11
2025-12-28 05:00:00+00:00,518.01,521.58,510.64,513.76,7051828.85
2025-12-28 06:00:00+00:00,513.76,518.19,511.35,516.02,4521681.28
2025-12-28 07:00:00+00:00,516.02,519.11,513.82,518.84,4728011.21
2025-12-28 08:00:00+00:00,518.84,519.85,515.08,515.65,7501077.47
2025-12-28 09:00:00+00:00,515.65,518.0,512.17,517.78,7702348.11
2025-12-28 10:00:00+00:00,517.78,518.95,516.14,517.32,4178989.2
2025-12-28 11:00:00+00:00,517.32,526.26,516.29,517.32,6503668.27
2025-12-28 12:00:00+00:00,517.32,519.75,515.75,517.48,3492783.36
2025-12-28 13:00:00+00:00,517.48,520.2,517.27,519.15,3776560.36
2025-12-28 14:00:00+00:00,519.15,539.4,518.51,535.31,30339846.97
2025-12-28 15:00:00+00:00,535.31,543.14,533.19,535.22,14480911.11
2025-12-28 16:00:00+00:00,535.22,537.12,533.45,534.86,6001187.97
2025-12-28 17:00:00+00:00,534.86,538.54,533.59,535.34,5387661.37
2025-12-28 18:00:00+00:00,535.34,535.34,524.15,531.38,14926463.78
2025-12-28 19:00:00+00:00,531.38,533.79,526.84,527.48,5861656.1
2025-12-28 20:00:00+00:00,527.48,529.81,525.19,525.68,3392612.58
2025-12-28 21:00:00+00:00,525.68,528.93,521.96,527.88,4813649.35
2025-12-28 22:00:00+00:00,527.88,532.35,526.85,531.16,3675240.65
2025-12-28 23:00:00+00:00,531.16,532.41,528.97,530.04,3204717.09
2025-12-29 00:00:00+00:00,530.04,539.69,527.72,535.44,7238309.79
2025-12-29 01:00:00+00:00,535.44,537.76,531.36,537.16,5588762.0
2025-12-29 02:00:00+00:00,537.16,546.62,536.91,538.12,17157688.19
2025-12-29 03:00:00+00:00,538.12,547.17,537.84,547.06,7697983.44
2025-12-29 04:00:00+00:00,547.06,547.98,534.3,535.06,8505329.04
2025-12-29 05:00:00+00:00,535.06,538.43,534.16,535.71,5368129.9
2025-12-29 06:00:00+00:00,535.71,537.76,534.3,536.67,3293362.53
2025-12-29 07:00:00+00:00,536.67,537.76,521.33,527.8,9841497.28
2025-12-29 08:00:00+00:00,527.8,528.13,523.1,524.28,7439665.78
2025-12-29 09:00:00+00:00,524.28,528.31,508.7,520.21,42412466.43
2025-12-29 10:00:00+00:00,520.21,525.44,517.07,523.21,11223477.31
2025-12-29 11:00:00+00:00,523.21,525.52,520.1,522.76,7089221.03
2025-12-29 12:00:00+00:00,522.76,530.69,520.4,527.17,11194040.05
2025-12-29 13:00:00+00:00,527.17,528.85,521.43,523.82,6063109.02
2025-12-29 14:00:00+00:00,523.82,530.0,521.89,526.38,7038387.3
2025-12-29 15:00:00+00:00,526.38,529.1,523.91,525.13,4730356.5
2025-12-29 16:00:00+00:00,525.13,529.2,525.04,528.06,4497578.13
2025-12-29 17:00:00+00:00,528.06,559.43,528.06,549.54,71732607.34
2025-12-29 18:00:00+00:00,549.54,552.53,541.42,542.96,24799354.56
2025-12-29 19:00:00+00:00,542.96,551.93,539.14,548.6,8057095.5
2025-12-29 20:00:00+00:00,548.6,553.22,545.14,545.95,5317891.25
2025-12-29 21:00:00+00:00,545.95,549.93,542.57,543.18,4402626.49
2025-12-29 22:00:00+00:00,543.18,544.34,540.58,542.89,4891581.1
2025-12-29 23:00:00+00:00,542.89,545.8,539.8,540.51,7617258.42
2025-12-30 00:00:00+00:00,540.51,544.67,533.96,539.56,7562349.73
2025-12-30 01:00:00+00:00,539.56,540.33,536.04,537.69,3079307.13
2025-12-30 02:00:00+00:00,537.69,540.88,534.4,539.15,4051202.9
2025-12-30 03:00:00+00:00,539.15,540.25,535.55,538.5,3850195.39
2025-12-30 04:00:00+00:00,538.5,544.86,537.52,537.92,7798506.78
2025-12-30 05:00:00+00:00,537.92,537.97,526.87,527.34,18719556.02
2025-12-30 06:00:00+00:00,527.34,533.44,525.75,533.27,12314442.89
2025-12-30 07:00:00+00:00,533.27,533.93,528.73,531.53,5080060.4
2025-12-30 08:00:00+00:00,531.53,537.17,531.03,533.67,5798089.31
2025-12-30 09:00:00+00:00,533.67,538.09,533.62,535.82,6654767.66
2025-12-30 10:00:00+00:00,535.82,537.68,534.56,534.99,3615354.16
2025-12-30 11:00:00+00:00,534.99,539.66,532.25,538.77,5910629.81
2025-12-30 12:00:00+00:00,538.77,541.62,534.8,535.87,4241207.89
2025-12-30 13:00:00+00:00,535.87,543.26,535.27,541.76,7435700.23
2025-12-30 14:00:00+00:00,541.76,542.81,537.36,540.06,6917653.48
2025-12-30 15:00:00+00:00,540.06,540.46,535.63,538.05,4728629.98
2025-12-30 16:00:00+00:00,538.05,538.5,527.59,531.78,8934275.55
2025-12-30 17:00:00+00:00,531.78,536.11,525.8,533.44,15361784.04
2025-12-30 18:00:00+00:00,533.44,539.27,533.18,538.22,4548812.06
2025-12-30 19:00:00+00:00,538.22,538.24,533.53,534.97,3326696.84
2025-12-30 20:00:00+00:00,534.97,535.52,530.66,531.7,4106530.35
2025-12-30 21:00:00+00:00,531.7,531.79,526.81,527.85,4274609.02
2025-12-30 22:00:00+00:00,527.85,531.12,523.15,524.47,6271465.53
2025-12-30 23:00:00+00:00,524.47,530.36,524.1,529.63,3581209.13
2025-12-31 00:00:00+00:00,529.63,529.63,524.69,529.49,2604905.75
2025-12-31 01:00:00+00:00,529.49,532.71,526.53,530.16,3826428.51
2025-12-31 02:00:00+00:00,530.16,530.69,526.33,526.84,3736716.88
2025-12-31 03:00:00+00:00,526.84,527.54,523.03,525.31,5173360.94
2025-12-31 04:00:00+00:00,525.31,527.95,524.67,526.85,3561230.27
2025-12-31 05:00:00+00:00,526.85,529.39,524.3,524.58,2858313.1
2025-12-31 06:00:00+00:00,524.58,525.17,520.95,525.02,7580559.82
2025-12-31 07:00:00+00:00,525.02,533.19,521.58,526.6,42880643.33
2025-12-31 08:00:00+00:00,526.6,529.79,523.65,525.45,38161113.64
2025-12-31 09:00:00+00:00,525.45,526.26,522.99,525.0,13489064.16
2025-12-31 10:00:00+00:00,525.0,527.33,523.26,524.13,11982582.74
2025-12-31 11:00:00+00:00,524.13,528.5,523.75,525.53,6475776.88
2025-12-31 12:00:00+00:00,525.53,525.53,507.4,507.61,19617910.97
2025-12-31 13:00:00+00:00,507.61,517.23,500.16,508.76,74956879.37
2025-12-31 14:00:00+00:00,508.76,511.76,505.79,508.5,7921450.79
2025-12-31 15:00:00+00:00,508.5,509.49,503.55,505.1,7591285.06
2025-12-31 16:00:00+00:00,505.1,510.8,502.98,507.72,7858428.19
2025-12-31 17:00:00+00:00,507.72,513.58,507.22,510.31,4560672.03
2025-12-31 18:00:00+00:00,510.31,514.49,509.52,512.36,3776979.64
2025-12-31 19:00:00+00:00,512.36,512.84,505.82,509.34,5483750.13
2025-12-31 20:00:00+00:00,509.34,512.66,507.0,510.13,3634775.09
2025-12-31 21:00:00+00:00,510.13,512.93,509.04,512.05,2920513.93
2025-12-31 22:00:00+00:00,512.05,514.5,511.46,512.28,3359170.29
2025-12-31 23:00:00+00:00,512.28,515.5,511.66,512.34,3204286.85
2026-01-01 00:00:00+00:00,512.34,513.89,509.73,510.39,2306144.25
2026-01-01 01:00:00+00:00,510.39,512.79,507.73,511.83,3707664.44
2026-01-01 02:00:00+00:00,511.83,513.58,508.44,508.95,2480922.71
2026-01-01 03:00:00+00:00,508.95,513.34,507.0,509.84,3313156.15
2026-01-01 04:00:00+00:00,509.84,511.61,507.57,509.33,2702537.22
2026-01-01 05:00:00+00:00,509.33,510.91,507.56,508.24,1385242.46
2026-01-01 06:00:00+00:00,508.24,513.85,507.59,513.14,1952798.31
2026-01-01 07:00:00+00:00,513.14,520.54,512.93,519.79,5425045.64
2026-01-01 08:00:00+00:00,519.79,527.48,516.09,524.83,6034509.16
2026-01-01 09:00:00+00:00,524.83,525.29,519.5,523.38,6990676.38
2026-01-01 10:00:00+00:00,523.38,525.88,522.29,524.77,3931964.26
2026-01-01 11:00:00+00:00,524.77,527.24,522.1,525.09,3852162.01
2026-01-01 12:00:00+00:00,525.09,537.02,525.09,534.22,8531844.19
2026-01-01 13:00:00+00:00,534.22,534.46,524.02,525.2,6330117.75
2026-01-01 14:00:00+00:00,525.2,530.5,524.22,527.79,4386849.09
2026-01-01 15:00:00+00:00,527.79,531.56,522.49,524.67,6618748.18
2026-01-01 16:00:00+00:00,524.67,524.69,517.34,520.51,5562250.27
2026-01-01 17:00:00+00:00,520.51,524.4,517.95,518.64,7799848.27
2026-01-01 18:00:00+00:00,518.64,522.05,518.58,521.8,2797762.78
2026-01-01 19:00:00+00:00,521.8,527.43,519.42,524.6,4176157.31
2026-01-01 20:00:00+00:00,524.6,527.73,521.98,522.14,3658109.18
2026-01-01 21:00:00+00:00,522.14,523.37,520.06,522.63,2284327.39
2026-01-01 22:00:00+00:00,522.63,525.39,520.51,525.06,2633342.8
2026-01-01 23:00:00+00:00,525.06,526.55,522.91,526.06,3347505.1
2026-01-02 00:00:00+00:00,526.06,530.31,524.35,527.93,4799526.57
2026-01-02 01:00:00+00:00,527.93,529.6,525.1,525.61,2809036.35
2026-01-02 02:00:00+00:00,525.61,532.45,524.96,530.94,3874913.62
2026-01-02 03:00:00+00:00,530.94,534.19,526.38,530.01,4399910.36
2026-01-02 04:00:00+00:00,530.01,530.98,526.32,526.78,3327570.23
2026-01-02 05:00:00+00:00,526.78,530.75,526.78,529.61,2705318.48
2026-01-02 06:00:00+00:00,529.61,530.1,524.1,525.5,5580573.89
2026-01-02 07:00:00+00:00,525.5,526.46,521.35,521.56,3743808.11
2026-01-02 08:00:00+00:00,521.56,524.66,509.19,511.38,19970693.5
2026-01-02 09:00:00+00:00,511.38,516.2,510.21,510.95,11755557.14
2026-01-02 10:00:00+00:00,510.95,512.11,504.52,509.85,11851920.15
2026-01-02 11:00:00+00:00,509.85,510.13,494.35,501.05,16222587.85
2026-01-02 12:00:00+00:00,501.05,503.27,495.72,496.05,9315327.62
2026-01-02 13:00:00+00:00,496.05,498.72,484.26,485.81,12258225.02
2026-01-02 14:00:00+00:00,485.81,494.6,483.11,490.69,16495638.84
2026-01-02 15:00:00+00:00,490.69,491.38,481.74,485.86,12190098.49
2026-01-02 16:00:00+00:00,485.86,493.15,482.89,489.21,11774709.29
2026-01-02 17:00:00+00:00,489.21,491.48,484.91,487.48,6493451.86
2026-01-02 18:00:00+00:00,487.48,491.58,486.96,488.69,5872386.11
2026-01-02 19:00:00+00:00,488.69,489.58,483.28,485.14,5535032.57
2026-01-02 20:00:00+00:00,485.14,486.83,481.7,485.4,4541280.9
2026-01-02 21:00:00+00:00,485.4,485.75,482.04,484.24,2924042.53
2026-01-02 22:00:00+00:00,484.24,488.65,484.19,488.56,4619442.58
2026-01-02 23:00:00+00:00,488.56,489.72,487.35,488.53,4878286.22
2026-01-03 00:00:00+00:00,488.53,494.31,488.33,492.96,5889725.22
2026-01-03 01:00:00+00:00,492.96,494.56,490.02,493.78,3427903.55
2026-01-03 02:00:00+00:00,493.78,497.7,492.9,494.27,5154788.23
2026-01-03 03:00:00+00:00,494.27,499.5,492.52,497.29,4780245.51
2026-01-03 04:00:00+00:00,497.29,520.18,496.06,513.63,23402513.43
2026-01-03 05:00:00+00:00,513.63,518.98,511.41,515.38,10328644.59
2026-01-03 06:00:00+00:00,515.38,517.26,511.65,512.06,6285679.8
2026-01-03 07:00:00+00:00,512.06,512.11,500.2,508.37,18066047.63
2026-01-03 08:00:00+00:00,508.37,517.73,504.74,512.27,17188290.84
2026-01-03 09:00:00+00:00,512.27,514.59,506.12,509.88,8347754.65
2026-01-03 10:00:00+00:00,509.88,509.96,505.27,508.0,4756200.12
2026-01-03 11:00:00+00:00,508.0,510.15,505.95,509.31,3766803.21
2026-01-03 12:00:00+00:00,509.31,518.11,503.69,513.04,8699008.61
2026-01-03 13:00:00+00:00,513.04,516.84,508.68,508.72,5627470.78
2026-01-03 14:00:00+00:00,508.72,510.11,506.32,506.38,3509203.16
2026-01-03 15:00:00+00:00,506.38,509.15,505.42,505.79,4338626.84
2026-01-03 16:00:00+00:00,505.79,507.28,502.24,505.68,4476697.7
2026-01-03 17:00:00+00:00,505.68,506.1,502.39,503.49,2756147.57
2026-01-03 18:00:00+00:00,503.49,508.17,502.49,507.12,3565655.03
2026-01-03 19:00:00+00:00,507.12,513.34,506.37,509.56,3323060.17
2026-01-03 20:00:00+00:00,509.56,509.88,503.21,506.85,6839745.54
2026-01-03 21:00:00+00:00,506.85,511.0,506.47,509.9,4664107.28
2026-01-03 22:00:00+00:00,509.9,512.28,508.65,510.25,2998886.96
2026-01-03 23:00:00+00:00,510.25,512.81,509.76,511.58,2736703.44
2026-01-04 00:00:00+00:00,511.58,515.08,505.48,507.7,9148147.12
2026-01-04 01:00:00+00:00,507.7,511.88,505.67,509.6,3824146.72
2026-01-04 02:00:00+00:00,509.6,512.85,508.49,512.07,2379201.98
2026-01-04 03:00:00+00:00,512.07,514.1,509.53,512.45,4972411.63
2026-01-04 04:00:00+00:00,512.45,515.87,510.54,513.47,5356696.36
2026-01-04 05:00:00+00:00,513.47,517.81,511.82,513.12,5721009.25
2026-01-04 06:00:00+00:00,513.12,513.61,508.44,509.17,9658671.79
2026-01-04 07:00:00+00:00,509.17,509.8,502.9,506.22,9458701.09
2026-01-04 08:00:00+00:00,506.22,508.81,504.23,505.6,4577055.73
2026-01-04 09:00:00+00:00,505.6,509.65,504.85,507.41,3604700.71
2026-01-04 10:00:00+00:00,507.41,510.53,506.47,507.85,3525964.13
2026-01-04 11:00:00+00:00,507.85,509.85,504.99,508.85,4595741.57
2026-01-04 12:00:00+00:00,508.85,509.12,494.36,496.14,14842722.17
2026-01-04 13:00:00+00:00,496.14,503.86,494.67,501.23,6563923.7
2026-01-04 14:00:00+00:00,501.23,509.5,500.1,508.98,7236414.22
2026-01-04 15:00:00+00:00,508.98,509.97,506.05,507.38,6504661.03
2026-01-04 16:00:00+00:00,507.38,508.95,504.01,506.72,5074771.85
2026-01-04 17:00:00+00:00,506.72,507.71,503.83,505.58,3369104.62
2026-01-04 18:00:00+00:00,505.58,508.15,504.45,507.96,2621006.35
2026-01-04 19:00:00+00:00,507.96,508.07,505.33,506.77,2629071.9
2026-01-04 20:00:00+00:00,506.77,507.65,505.36,505.45,1856466.88
2026-01-04 21:00:00+00:00,505.45,505.99,501.34,501.58,3807359.33
2026-01-04 22:00:00+00:00,501.58,503.08,499.44,499.84,4089029.62
2026-01-04 23:00:00+00:00,499.84,503.16,498.78,502.24,4038249.24
2026-01-05 00:00:00+00:00,502.24,506.72,500.83,505.7,5013441.59
2026-01-05 01:00:00+00:00,505.7,509.33,504.42,508.66,8312919.31
2026-01-05 02:00:00+00:00,508.66,509.6,505.11,506.18,6229188.12
2026-01-05 03:00:00+00:00,506.18,508.56,505.64,506.77,2994095.94
2026-01-05 04:00:00+00:00,506.77,507.27,495.46,498.38,7276700.92
2026-01-05 05:00:00+00:00,498.38,502.59,497.03,501.56,4151807.17
2026-01-05 06:00:00+00:00,501.56,501.6,488.39,493.17,15142583.17
2026-01-05 07:00:00+00:00,493.17,495.6,491.86,493.15,3555712.7
2026-01-05 08:00:00+00:00,493.15,496.18,490.63,491.58,3378855.31
2026-01-05 09:00:00+00:00,491.58,493.09,487.37,489.32,5815547.38
2026-01-05 10:00:00+00:00,489.32,493.47,488.31,492.22,5650859.11
2026-01-05 11:00:00+00:00,492.22,496.75,491.46,495.71,6358423.96
2026-01-05 12:00:00+00:00,495.71,498.22,492.37,493.95,4396909.42
2026-01-05 13:00:00+00:00,493.95,494.77,489.02,489.79,4765836.04
2026-01-05 14:00:00+00:00,489.79,494.77,488.99,491.04,6307903.46
2026-01-05 15:00:00+00:00,491.04,492.93,488.7,490.06,5205588.45
2026-01-05 16:00:00+00:00,490.06,491.51,485.66,488.29,6163862.59
2026-01-05 17:00:00+00:00,488.29,491.36,486.02,491.0,4638403.69
2026-01-05 18:00:00+00:00,491.0,496.12,489.04,494.48,4816668.69
2026-01-05 19:00:00+00:00,494.48,495.81,492.93,494.56,4753083.78
2026-01-05 20:00:00+00:00,494.56,500.05,494.37,494.9,6378156.56
2026-01-05 21:00:00+00:00,494.9,495.12,489.16,489.75,5019302.93
2026-01-05 22:00:00+00:00,489.75,498.56,489.75,498.33,4518959.2
2026-01-05 23:00:00+00:00,498.33,505.29,496.76,503.5,8217414.62
2026-01-06 00:00:00+00:00,503.5,504.52,500.9,502.1,5899690.92
2026-01-06 01:00:00+00:00,502.1,505.09,498.28,498.68,5708477.2
2026-01-06 02:00:00+00:00,498.68,504.16,496.73,502.03,5754078.18
2026-01-06 03:00:00+00:00,502.03,510.25,500.4,508.69,8696800.51
2026-01-06 04:00:00+00:00,508.69,514.8,507.09,510.47,14131226.03
2026-01-06 05:00:00+00:00,510.47,511.18,506.34,508.12,6748973.34
2026-01-06 06:00:00+00:00,508.12,510.29,505.51,506.68,3787922.3
2026-01-06 07:00:00+00:00,506.68,509.07,502.76,503.25,4260492.23
2026-01-06 08:00:00+00:00,503.25,510.01,503.19,509.34,3489985.71
2026-01-06 09:00:00+00:00,509.34,513.68,508.69,512.49,6274136.14
2026-01-06 10:00:00+00:00,512.49,515.35,508.59,510.56,6986859.25
2026-01-06 11:00:00+00:00,510.56,511.47,508.02,510.41,8057411.45
2026-01-06 12:00:00+00:00,510.41,526.26,508.96,521.66,33669605.38
2026-01-06 13:00:00+00:00,521.66,529.25,516.67,519.99,24519010.28
2026-01-06 14:00:00+00:00,519.99,523.87,512.18,513.84,35811572.61
2026-01-06 15:00:00+00:00,513.84,516.89,509.41,512.84,10193865.88
2026-01-06 16:00:00+00:00,512.84,515.46,505.74,509.88,9320309.93
2026-01-06 17:00:00+00:00,509.88,510.09,492.11,494.98,16016093.97
2026-01-06 18:00:00+00:00,494.98,499.96,494.21,496.95,6069459.53
2026-01-06 19:00:00+00:00,496.95,498.56,495.99,497.23,3611821.39
2026-01-06 20:00:00+00:00,497.23,500.35,496.01,496.61,3848571.07
2026-01-06 21:00:00+00:00,496.61,503.37,495.54,500.71,6349197.19
2026-01-06 22:00:00+00:00,500.71,502.37,496.96,500.79,4147102.88
2026-01-06 23:00:00+00:00,500.79,504.35,500.46,501.98,3091482.12
2026-01-07 00:00:00+00:00,501.98,507.32,498.39,498.67,5201677.94
2026-01-07 01:00:00+00:00,498.67,501.8,493.56,494.27,5460545.11
2026-01-07 02:00:00+00:00,494.27,498.73,493.5,497.9,3712063.59
2026-01-07 03:00:00+00:00,497.9,500.59,495.25,495.93,3202672.02
2026-01-07 04:00:00+00:00,495.93,497.83,494.47,496.6,2118281.52
2026-01-07 05:00:00+00:00,496.6,498.31,493.01,493.14,2507374.48
2026-01-07 06:00:00+00:00,493.14,495.07,489.04,492.23,5411657.87
2026-01-07 07:00:00+00:00,492.23,495.94,491.76,494.34,2199740.6
2026-01-07 08:00:00+00:00,494.34,496.73,492.04,493.54,2912188.85
2026-01-07 09:00:00+00:00,493.54,493.66,478.65,483.26,16156707.29
2026-01-07 10:00:00+00:00,483.26,488.72,482.77,488.11,6562934.4
2026-01-07 11:00:00+00:00,488.11,491.43,487.51,490.51,6267466.19
2026-01-07 12:00:00+00:00,490.51,490.62,485.35,486.26,4533547.68
2026-01-07 13:00:00+00:00,486.26,488.89,479.78,480.85,6421328.84
2026-01-07 14:00:00+00:00,480.85,485.16,478.35,484.11,5604073.07
2026-01-07 15:00:00+00:00,484.11,484.48,477.66,482.58,5119618.57
2026-01-07 16:00:00+00:00,482.58,483.67,477.68,480.71,7086171.92
2026-01-07 17:00:00+00:00,480.71,483.73,480.06,482.78,2118889.96
2026-01-07 18:00:00+00:00,482.78,486.46,481.89,484.61,2765300.66
2026-01-07 19:00:00+00:00,484.61,484.72,474.53,478.11,11996315.17
2026-01-07 20:00:00+00:00,478.11,479.05,475.06,476.81,1902911.18
2026-01-07 21:00:00+00:00,476.81,477.87,475.06,476.12,2072836.45
2026-01-07 22:00:00+00:00,476.12,484.51,473.25,475.53,10808965.94
2026-01-07 23:00:00+00:00,475.53,477.67,467.81,469.54,23753751.11
2026-01-08 00:00:00+00:00,469.54,479.38,465.15,478.2,16132118.79
2026-01-08 01:00:00+00:00,478.2,483.27,473.08,480.39,10487714.99
2026-01-08 02:00:00+00:00,480.39,480.39,474.88,476.44,5592130.01
2026-01-08 03:00:00+00:00,476.44,482.4,457.6,461.75,32478709.24
2026-01-08 04:00:00+00:00,461.75,464.01,449.22,453.17,20761804.38
2026-01-08 05:00:00+00:00,453.17,465.96,453.01,459.84,12990551.85
2026-01-08 06:00:00+00:00,459.84,461.86,454.67,455.06,4893684.46
2026-01-08 07:00:00+00:00,455.06,456.92,439.09,444.52,17339502.49
2026-01-08 08:00:00+00:00,444.52,446.69,420.95,422.14,31451680.59
2026-01-08 09:00:00+00:00,422.14,427.28,383.24,387.42,41834139.89
2026-01-08 10:00:00+00:00,387.42,417.47,381.09,392.44,42297113.87
2026-01-08 11:00:00+00:00,392.44,401.23,386.78,395.81,42131492.98
2026-01-08 12:00:00+00:00,395.81,404.73,391.09,398.57,31878830.61
2026-01-08 13:00:00+00:00,398.57,414.76,397.56,404.99,20960099.72
2026-01-08 14:00:00+00:00,404.99,413.63,400.47,413.6,21156083.76
2026-01-08 15:00:00+00:00,413.6,434.75,410.11,426.15,41669000.17
2026-01-08 16:00:00+00:00,426.15,426.67,416.39,426.47,16810172.09
2026-01-08 17:00:00+00:00,426.47,428.59,419.22,426.38,15309303.05
2026-01-08 18:00:00+00:00,426.38,436.58,423.54,433.87,21826195.82
2026-01-08 19:00:00+00:00,433.87,438.44,431.55,432.99,15116146.43
2026-01-08 20:00:00+00:00,432.99,433.7,426.7,431.16,12099717.11
2026-01-08 21:00:00+00:00,431.16,435.66,425.87,425.99,7317073.91
2026-01-08 22:00:00+00:00,425.99,429.34,421.66,422.11,8139453.16
2026-01-08 23:00:00+00:00,422.11,424.83,419.29,422.0,9000789.34
2026-01-09 00:00:00+00:00,422.0,436.54,421.78,435.91,8738845.14
2026-01-09 01:00:00+00:00,435.91,437.01,427.91,427.91,7127327.24
2026-01-09 02:00:00+00:00,427.91,434.86,426.74,427.53,9034886.2
2026-01-09 03:00:00+00:00,427.53,439.23,427.44,438.19,10184551.54
2026-01-09 04:00:00+00:00,438.19,443.33,432.1,433.23,9837303.93
2026-01-09 05:00:00+00:00,433.23,437.36,432.08,434.9,4174814.81
2026-01-09 06:00:00+00:00,434.9,449.36,433.15,443.32,15262112.14
2026-01-09 07:00:00+00:00,443.32,448.57,441.24,441.57,6589173.05
2026-01-09 08:00:00+00:00,441.57,444.31,430.16,433.63,10392727.5
2026-01-09 09:00:00+00:00,433.63,436.73,430.48,431.56,5951206.51
2026-01-09 10:00:00+00:00,431.56,437.35,429.32,433.05,7314920.12
2026-01-09 11:00:00+00:00,433.05,438.19,432.58,437.77,9073630.05
2026-01-09 12:00:00+00:00,437.77,437.77,433.49,434.51,8126792.56
2026-01-09 13:00:00+00:00,434.51,437.58,430.43,432.23,7306499.2
2026-01-09 14:00:00+00:00,432.23,432.72,422.49,425.53,17776901.96
2026-01-09 15:00:00+00:00,425.53,436.29,423.64,430.33,16583447.88
2026-01-09 16:00:00+00:00,430.33,433.22,422.43,422.76,10022613.78
2026-01-09 17:00:00+00:00,422.76,426.0,418.49,423.69,9357480.72
2026-01-09 18:00:00+00:00,423.69,426.66,421.57,426.3,4785145.79
2026-01-09 19:00:00+00:00,426.3,426.47,420.84,425.59,6899385.95
2026-01-09 20:00:00+00:00,425.59,426.08,413.37,415.62,15661209.16
2026-01-09 21:00:00+00:00,415.62,420.14,414.52,416.91,4559648.89
2026-01-09 22:00:00+00:00,416.91,419.73,415.44,419.03,4264563.9
2026-01-09 23:00:00+00:00,419.03,420.02,416.92,418.45,2536745.59
2026-01-10 00:00:00+00:00,418.45,419.32,395.74,399.77,18318823.99
2026-01-10 01:00:00+00:00,399.77,405.3,397.49,401.2,9976990.36
2026-01-10 02:00:00+00:00,401.2,401.85,397.2,398.62,4053940.66
2026-01-10 03:00:00+00:00,398.62,399.94,391.29,391.75,9530222.89
2026-01-10 04:00:00+00:00,391.75,392.72,371.43,380.33,40043819.96
2026-01-10 05:00:00+00:00,380.33,384.3,378.92,383.24,7651721.33
2026-01-10 06:00:00+00:00,383.24,384.2,380.28,382.11,5244893.1
2026-01-10 07:00:00+00:00,382.11,386.29,380.45,383.37,5882898.05
2026-01-10 08:00:00+00:00,383.37,385.1,380.82,381.22,3848527.02
2026-01-10 09:00:00+00:00,381.22,382.21,374.35,380.58,10313510.9
2026-01-10 10:00:00+00:00,380.58,383.65,379.31,382.68,4387203.44
2026-01-10 11:00:00+00:00,382.68,384.47,379.76,382.84,4630373.45
2026-01-10 12:00:00+00:00,382.84,392.13,381.84,387.83,8795291.66
2026-01-10 13:00:00+00:00,387.83,388.83,384.37,387.07,4167013.62
2026-01-10 14:00:00+00:00,387.07,387.27,377.02,378.17,7512151.72
2026-01-10 15:00:00+00:00,378.17,380.75,375.73,380.57,4982060.61
2026-01-10 16:00:00+00:00,380.57,384.86,380.21,381.13,3256807.73
2026-01-10 17:00:00+00:00,381.13,383.6,364.25,367.22,15201824.57
2026-01-10 18:00:00+00:00,367.22,378.94,361.82,376.62,14073932.64
2026-01-10 19:00:00+00:00,376.62,380.44,375.55,377.53,3882311.87
2026-01-10 20:00:00+00:00,377.53,380.27,375.32,375.74,2538162.43
2026-01-10 21:00:00+00:00,375.74,376.47,368.77,372.55,4636209.29
2026-01-10 22:00:00+00:00,372.55,374.71,367.67,368.86,3604812.28
2026-01-10 23:00:00+00:00,368.86,378.73,368.86,375.76,4261221.25
2026-01-11 00:00:00+00:00,375.76,378.89,372.24,378.61,4108914.87
2026-01-11 01:00:00+00:00,378.61,381.16,376.95,377.78,4293142.51
2026-01-11 02:00:00+00:00,377.78,380.43,376.44,378.76,3190811.95
2026-01-11 03:00:00+00:00,378.76,381.37,376.79,377.52,3051475.23
2026-01-11 04:00:00+00:00,377.52,378.49,372.29,377.2,4248380.52
2026-01-11 05:00:00+00:00,377.2,380.45,374.57,378.08,3407735.26
2026-01-11 06:00:00+00:00,378.08,379.44,375.96,377.19,2052559.34
2026-01-11 07:00:00+00:00,377.19,380.65,375.93,379.68,2744468.25
2026-01-11 08:00:00+00:00,379.68,381.15,377.18,379.2,5363308.83
2026-01-11 09:00:00+00:00,379.2,383.57,377.84,382.02,4889805.5
2026-01-11 10:00:00+00:00,382.02,387.18,381.56,382.69,10678035.61
2026-01-11 11:00:00+00:00,382.69,388.62,382.69,387.83,6764507.63
2026-01-11 12:00:00+00:00,387.83,399.57,387.51,397.61,13196247.3
2026-01-11 13:00:00+00:00,397.61,397.88,389.89,391.83,6099408.47
2026-01-11 14:00:00+00:00,391.83,394.95,389.85,392.88,6590287.7
2026-01-11 15:00:00+00:00,392.88,396.04,386.28,394.38,7100200.22
2026-01-11 16:00:00+00:00,394.38,395.01,390.31,393.45,6042152.88
2026-01-11 17:00:00+00:00,393.45,394.68,387.67,388.56,4293208.97
2026-01-11 18:00:00+00:00,388.56,389.93,386.25,387.84,2449219.01
2026-01-11 19:00:00+00:00,387.84,390.46,386.48,387.94,2122846.23
2026-01-11 20:00:00+00:00,387.94,388.04,383.43,385.08,4377532.46
2026-01-11 21:00:00+00:00,385.08,385.1,381.38,382.59,3402340.35
2026-01-11 22:00:00+00:00,382.59,382.59,377.73,378.79,5597326.2
2026-01-11 23:00:00+00:00,378.79,381.99,376.09,381.58,5466977.95
2026-01-12 00:00:00+00:00,381.58,386.93,379.64,386.88,6199035.76
2026-01-12 01:00:00+00:00,386.88,414.17,385.25,410.69,27476244.61
2026-01-12 02:00:00+00:00,410.69,415.72,408.77,412.7,9678910.54
2026-01-12 03:00:00+00:00,412.7,414.57,410.95,411.34,5283912.04
2026-01-12 04:00:00+00:00,411.34,417.59,403.64,412.87,12979238.95
2026-01-12 05:00:00+00:00,412.87,418.67,412.03,415.21,6832562.49
2026-01-12 06:00:00+00:00,415.21,416.74,406.93,409.95,6882923.8
2026-01-12 07:00:00+00:00,409.95,412.95,402.79,404.42,8341744.64
2026-01-12 08:00:00+00:00,404.42,407.82,399.34,403.11,11095326.89
2026-01-12 09:00:00+00:00,403.11,404.72,395.95,396.64,10248758.2
2026-01-12 10:00:00+00:00,396.64,399.76,394.22,399.38,7837513.2
2026-01-12 11:00:00+00:00,399.38,406.6,397.47,402.67,7877548.15
2026-01-12 12:00:00+00:00,402.67,408.33,401.61,404.41,4683329.33
2026-01-12 13:00:00+00:00,404.41,404.79,397.36,397.92,4906521.43
2026-01-12 14:00:00+00:00,397.92,402.94,392.67,400.69,7463689.15
2026-01-12 15:00:00+00:00,400.69,404.6,397.37,400.34,8328271.96
2026-01-12 16:00:00+00:00,400.34,404.24,398.44,401.35,6680003.32
2026-01-12 17:00:00+00:00,401.35,406.45,395.32,399.78,11229356.8
2026-01-12 18:00:00+00:00,399.78,405.93,399.74,404.92,5724230.92
2026-01-12 19:00:00+00:00,404.92,410.86,403.64,410.76,8857891.95
2026-01-12 20:00:00+00:00,410.76,414.76,406.98,410.08,6929496.33
2026-01-12 21:00:00+00:00,410.08,410.23,404.64,406.14,2622705.13
2026-01-12 22:00:00+00:00,406.14,407.61,403.27,404.48,2623153.82
2026-01-12 23:00:00+00:00,404.48,408.88,403.04,407.0,3230828.24
2026-01-13 00:00:00+00:00,407.0,413.39,401.45,401.8,14109154.04
2026-01-13 01:00:00+00:00,401.8,403.82,396.11,397.15,8151186.3
2026-01-13 02:00:00+00:00,397.15,401.92,396.64,396.65,3549028.46
2026-01-13 03:00:00+00:00,396.65,400.84,396.13,397.45,3793035.49
2026-01-13 04:00:00+00:00,397.45,400.43,396.88,398.48,3974206.17
2026-01-13 05:00:00+00:00,398.48,402.84,396.43,396.93,3433204.14
2026-01-13 06:00:00+00:00,396.93,401.75,396.69,399.88,2722086.99
2026-01-13 07:00:00+00:00,399.88,405.18,398.18,402.24,4021793.33
2026-01-13 08:00:00+00:00,402.24,405.23,400.63,404.81,4045988.76
2026-01-13 09:00:00+00:00,404.81,410.54,403.24,408.01,9196499.72
2026-01-13 10:00:00+00:00,408.01,411.91,403.47,405.17,8412237.13
2026-01-13 11:00:00+00:00,405.17,410.49,404.14,408.9,8301338.96
2026-01-13 12:00:00+00:00,408.9,410.48,406.66,407.87,4408798.21
2026-01-13 13:00:00+00:00,407.87,412.24,404.92,408.04,7440345.34
2026-01-13 14:00:00+00:00,408.04,411.83,393.69,395.9,18259663.39
2026-01-13 15:00:00+00:00,395.9,395.9,383.55,392.5,23658903.51
2026-01-13 16:00:00+00:00,392.5,394.71,387.05,389.66,8860589.01
2026-01-13 17:00:00+00:00,389.66,392.08,387.74,389.39,5928867.32
2026-01-13 18:00:00+00:00,389.39,391.43,388.43,389.03,4190539.19
2026-01-13 19:00:00+00:00,389.03,400.21,386.43,398.9,9637808.99
2026-01-13 20:00:00+00:00,398.9,400.14,387.38,388.65,5656762.44
2026-01-13 21:00:00+00:00,388.65,391.94,388.17,390.24,3803809.83
2026-01-13 22:00:00+00:00,390.24,408.83,389.28,405.72,13519282.73
2026-01-13 23:00:00+00:00,405.72,409.1,404.07,404.28,8640623.24
2026-01-14 00:00:00+00:00,404.28,415.27,403.54,412.8,12286572.8
2026-01-14 01:00:00+00:00,412.8,418.39,411.04,415.25,8279644.95
2026-01-14 02:00:00+00:00,415.25,418.08,410.69,414.78,8536790.54
2026-01-14 03:00:00+00:00,414.78,418.34,413.33,416.46,5132956.8
2026-01-14 04:00:00+00:00,416.46,425.65,413.58,419.38,10830850.04
2026-01-14 05:00:00+00:00,419.38,419.94,413.19,414.47,5422106.59
2026-01-14 06:00:00+00:00,414.47,417.8,412.72,416.19,4206327.89
2026-01-14 07:00:00+00:00,416.19,418.17,410.38,413.68,5816684.56
2026-01-14 08:00:00+00:00,413.68,415.82,410.28,410.81,3097361.42
2026-01-14 09:00:00+00:00,410.81,412.84,408.16,411.73,5928669.22
2026-01-14 10:00:00+00:00,411.73,421.35,411.73,419.93,11223780.96
2026-01-14 11:00:00+00:00,419.93,421.03,409.82,410.55,9788466.75
2026-01-14 12:00:00+00:00,410.55,416.5,409.56,415.08,3719360.38
2026-01-14 13:00:00+00:00,415.08,419.36,413.46,414.57,3768037.15
2026-01-14 14:00:00+00:00,414.57,425.18,414.29,421.06,7455152.12
2026-01-14 15:00:00+00:00,421.06,422.37,417.97,421.81,5820397.67
2026-01-14 16:00:00+00:00,421.81,435.04,419.52,419.79,16957470.42
2026-01-14 17:00:00+00:00,419.79,441.06,418.48,437.43,34042382.0
2026-01-14 18:00:00+00:00,437.43,445.19,435.54,438.4,15391933.15
2026-01-14 19:00:00+00:00,438.4,441.21,432.57,437.77,11006645.39
2026-01-14 20:00:00+00:00,437.77,444.66,436.12,441.67,8697945.22
2026-01-14 21:00:00+00:00,441.67,447.88,439.98,444.89,9657701.74
2026-01-14 22:00:00+00:00,444.89,448.63,440.08,443.87,9387125.42
2026-01-14 23:00:00+00:00,443.87,449.09,443.35,447.23,7519366.19
2026-01-15 00:00:00+00:00,447.23,448.98,440.53,442.49,11410983.79
2026-01-15 01:00:00+00:00,442.49,444.2,427.99,429.62,10714711.21
2026-01-15 02:00:00+00:00,429.62,433.72,427.42,429.33,4746136.9
2026-01-15 03:00:00+00:00,429.33,430.25,422.69,425.65,5895958.48
2026-01-15 04:00:00+00:00,425.65,431.23,425.26,431.12,3439907.25
2026-01-15 05:00:00+00:00,431.12,433.99,430.84,431.77,2897807.57
2026-01-15 06:00:00+00:00,431.77,433.67,428.92,431.08,3056902.11
2026-01-15 07:00:00+00:00,431.08,440.35,430.53,439.39,6028460.54
2026-01-15 08:00:00+00:00,439.39,446.79,430.83,436.48,16293087.19
2026-01-15 09:00:00+00:00,436.48,438.72,430.37,437.27,7750046.86
2026-01-15 10:00:00+00:00,437.27,443.98,436.34,443.29,9822136.69
2026-01-15 11:00:00+00:00,443.29,444.38,438.05,439.62,5263532.49
2026-01-15 12:00:00+00:00,439.62,444.71,439.33,443.36,7299504.57
2026-01-15 13:00:00+00:00,443.36,444.74,436.75,438.02,5647754.16
2026-01-15 14:00:00+00:00,438.02,439.74,431.53,434.54,5978255.2
2026-01-15 15:00:00+00:00,434.54,436.9,408.86,416.49,20190900.66
2026-01-15 16:00:00+00:00,416.49,419.93,412.56,419.34,9451419.26
2026-01-15 17:00:00+00:00,419.34,423.32,415.9,416.96,9620213.99
2026-01-15 18:00:00+00:00,416.96,418.6,411.77,412.3,5571720.42
2026-01-15 19:00:00+00:00,412.3,417.45,410.2,417.26,6360625.55
2026-01-15 20:00:00+00:00,417.26,418.04,403.31,407.64,8865959.86
2026-01-15 21:00:00+00:00,407.64,412.03,406.7,409.87,5091601.03
2026-01-15 22:00:00+00:00,409.87,412.03,409.63,410.68,2663896.08
2026-01-15 23:00:00+00:00,410.68,415.16,410.28,414.37,3324180.79
2026-01-16 00:00:00+00:00,414.37,416.76,408.46,409.0,7785612.5
2026-01-16 01:00:00+00:00,409.0,410.34,406.05,408.22,4768769.32
2026-01-16 02:00:00+00:00,408.22,409.67,402.49,409.03,6262381.84
2026-01-16 03:00:00+00:00,409.03,411.63,404.04,404.55,4215285.56
2026-01-16 04:00:00+00:00,404.55,406.57,399.89,402.18,6238798.87
2026-01-16 05:00:00+00:00,402.18,408.0,401.85,407.25,5208929.1
2026-01-16 06:00:00+00:00,407.25,409.68,404.53,407.65,4085011.87
2026-01-16 07:00:00+00:00,407.65,409.0,405.65,408.61,2600782.88
2026-01-16 08:00:00+00:00,408.61,411.12,407.01,408.42,3894534.5
2026-01-16 09:00:00+00:00,408.42,413.58,407.88,411.01,6021440.59
2026-01-16 10:00:00+00:00,411.01,413.15,409.23,411.22,3929069.89
2026-01-16 11:00:00+00:00,411.22,415.74,410.11,414.24,7591000.47
2026-01-16 12:00:00+00:00,414.24,414.57,408.98,409.92,3392001.57
2026-01-16 13:00:00+00:00,409.92,409.95,405.76,408.78,3400477.92
2026-01-16 14:00:00+00:00,408.78,409.77,403.55,404.56,4759814.75
2026-01-16 15:00:00+00:00,404.56,410.43,401.2,407.77,6025206.23
2026-01-16 16:00:00+00:00,407.77,410.03,405.57,407.99,2274935.84
2026-01-16 17:00:00+00:00,407.99,412.2,405.56,410.96,1943925.21
2026-01-16 18:00:00+00:00,410.96,412.75,409.47,411.4,1717129.33
2026-01-16 19:00:00+00:00,411.4,415.38,409.44,413.61,3629110.58
2026-01-16 20:00:00+00:00,413.61,414.86,409.62,413.92,2348376.54
2026-01-16 21:00:00+00:00,413.92,417.61,413.37,414.14,2844151.53
2026-01-16 22:00:00+00:00,414.14,416.03,412.76,412.82,1958724.99
2026-01-16 23:00:00+00:00,412.82,414.49,410.83,411.15,1830456.16
2026-01-17 00:00:00+00:00,411.15,412.1,405.57,406.61,2792309.97
2026-01-17 01:00:00+00:00,406.61,409.57,405.08,409.07,2434572.37
2026-01-17 02:00:00+00:00,409.07,411.2,408.17,411.19,886642.74
2026-01-17 03:00:00+00:00,411.19,411.86,404.17,405.13,4112310.96
2026-01-17 04:00:00+00:00,405.13,407.45,403.32,406.85,1967220.43
2026-01-17 05:00:00+00:00,406.85,407.18,404.05,405.12,2870355.95
2026-01-17 06:00:00+00:00,405.12,405.65,402.86,405.49,1617952.51
2026-01-17 07:00:00+00:00,405.49,406.99,403.81,406.69,2138812.8
2026-01-17 08:00:00+00:00,406.69,408.03,403.37,404.3,2540796.98
2026-01-17 09:00:00+00:00,404.3,406.32,403.83,404.87,1503176.84
2026-01-17 10:00:00+00:00,404.87,407.95,404.81,405.74,1632144.49
2026-01-17 11:00:00+00:00,405.74,406.62,403.74,405.21,2060749.43
2026-01-17 12:00:00+00:00,405.21,405.77,399.85,401.65,5131304.09
2026-01-17 13:00:00+00:00,401.65,403.53,396.9,402.35,6178110.45
2026-01-17 14:00:00+00:00,402.35,405.61,401.02,404.49,3206306.97
2026-01-17 15:00:00+00:00,404.49,405.77,403.53,405.52,3682157.98
2026-01-17 16:00:00+00:00,405.52,406.01,398.58,399.78,4053774.58
2026-01-17 17:00:00+00:00,399.78,402.12,398.7,401.53,1720109.49
2026-01-17 18:00:00+00:00,401.53,403.82,400.64,402.56,2274849.42
2026-01-17 19:00:00+00:00,402.56,403.23,400.89,402.69,1173414.02
2026-01-17 20:00:00+00:00,402.69,403.78,401.77,402.96,894772.42
2026-01-17 21:00:00+00:00,402.96,404.89,402.71,404.37,767406.85
2026-01-17 22:00:00+00:00,404.37,404.92,399.57,399.69,1307101.49
2026-01-17 23:00:00+00:00,399.69,401.65,398.3,400.25,1120267.78
2026-01-18 00:00:00+00:00,400.25,401.58,398.51,400.38,1423939.49
2026-01-18 01:00:00+00:00,400.38,400.51,391.79,394.52,4552910.93
2026-01-18 02:00:00+00:00,394.52,396.12,391.78,392.78,1625840.85
2026-01-18 03:00:00+00:00,392.78,396.24,392.35,394.21,2150583.83
2026-01-18 04:00:00+00:00,394.21,395.6,393.2,395.19,1055726.12
2026-01-18 05:00:00+00:00,395.19,396.75,394.25,395.47,1679143.74
2026-01-18 06:00:00+00:00,395.47,396.88,394.65,396.88,1153034.95
2026-01-18 07:00:00+00:00,396.88,397.55,394.91,395.51,1316502.75
2026-01-18 08:00:00+00:00,395.51,399.0,394.93,398.21,1593746.07
2026-01-18 09:00:00+00:00,398.21,401.32,398.09,400.14,3870136.07
2026-01-18 10:00:00+00:00,400.14,400.67,397.49,398.01,1765477.79
2026-01-18 11:00:00+00:00,398.01,398.89,396.66,397.12,1128991.4
2026-01-18 12:00:00+00:00,397.12,398.3,387.86,389.39,4992821.7
2026-01-18 13:00:00+00:00,389.39,394.79,388.8,393.07,3160870.68
2026-01-18 14:00:00+00:00,393.07,395.76,390.1,390.16,2865766.09
2026-01-18 15:00:00+00:00,390.16,394.37,390.05,394.31,4324132.12
2026-01-18 16:00:00+00:00,394.31,394.4,389.73,390.26,2745850.09
2026-01-18 17:00:00+00:00,390.26,390.98,386.18,388.46,3721691.57
2026-01-18 18:00:00+00:00,388.46,391.2,387.46,390.62,2416985.4
2026-01-18 19:00:00+00:00,390.62,391.6,385.46,386.93,2693217.43
2026-01-18 20:00:00+00:00,386.93,389.8,385.81,388.41,1389759.51
2026-01-18 21:00:00+00:00,388.41,389.28,386.28,387.5,945578.97
2026-01-18 22:00:00+00:00,387.5,391.55,387.4,390.67,2114261.23
2026-01-18 23:00:00+00:00,390.67,390.85,374.8,376.65,15206305.75
2026-01-19 00:00:00+00:00,376.65,376.72,337.25,360.84,29795106.25
2026-01-19 01:00:00+00:00,360.84,363.83,355.07,358.29,6363347.45
2026-01-19 02:00:00+00:00,358.29,365.68,355.44,363.58,6279665.64
2026-01-19 03:00:00+00:00,363.58,367.63,362.95,367.07,3933408.09
2026-01-19 04:00:00+00:00,367.07,367.44,363.92,364.67,4081060.19
2026-01-19 05:00:00+00:00,364.67,370.17,363.83,369.61,7438054.88
2026-01-19 06:00:00+00:00,369.61,373.31,367.59,369.98,3772927.69
2026-01-19 07:00:00+00:00,369.98,373.01,368.29,371.18,4080005.63
2026-01-19 08:00:00+00:00,371.18,372.93,368.59,368.9,4926779.75
2026-01-19 09:00:00+00:00,368.9,375.63,368.09,373.47,9035134.87
2026-01-19 10:00:00+00:00,373.47,378.13,372.75,374.11,11952004.12
2026-01-19 11:00:00+00:00,374.11,375.44,372.71,373.57,4977219.47
2026-01-19 12:00:00+00:00,373.57,373.71,369.63,370.55,3290708.36
2026-01-19 13:00:00+00:00,370.55,371.98,368.66,369.79,2646079.14
2026-01-19 14:00:00+00:00,369.79,380.65,368.79,377.81,6900132.04
2026-01-19 15:00:00+00:00,377.81,378.57,371.79,372.32,6488392.17
2026-01-19 16:00:00+00:00,372.32,377.16,371.48,374.94,3608521.29
2026-01-19 17:00:00+00:00,374.94,376.95,373.75,374.87,1213983.59
2026-01-19 18:00:00+00:00,374.87,375.4,372.44,373.73,1116362.07
2026-01-19 19:00:00+00:00,373.73,376.06,373.56,374.56,1023168.39
2026-01-19 20:00:00+00:00,374.56,375.03,369.37,369.55,2429809.14
2026-01-19 21:00:00+00:00,369.55,371.63,366.63,367.04,3120644.25
2026-01-19 22:00:00+00:00,367.04,368.73,363.94,367.93,3260176.22
2026-01-19 23:00:00+00:00,367.93,370.77,366.69,369.23,1962422.23
2026-01-20 00:00:00+00:00,369.23,371.61,368.06,368.47,2598327.23
2026-01-20 01:00:00+00:00,368.47,369.26,366.07,366.69,2254138.62
2026-01-20 02:00:00+00:00,366.69,366.69,362.62,363.59,4111064.29
2026-01-20 03:00:00+00:00,363.59,365.75,362.26,364.95,3222374.46
2026-01-20 04:00:00+00:00,364.95,366.48,362.88,363.19,2410162.2
2026-01-20 05:00:00+00:00,363.19,364.85,360.78,362.15,3787319.58
2026-01-20 06:00:00+00:00,362.15,363.54,358.35,360.74,3389950.87
2026-01-20 07:00:00+00:00,360.74,362.48,354.67,356.09,5091160.54
2026-01-20 08:00:00+00:00,356.09,356.94,346.38,350.76,9760897.29
2026-01-20 09:00:00+00:00,350.76,355.21,348.97,353.93,6487239.99
2026-01-20 10:00:00+00:00,353.93,369.93,353.9,366.28,12444247.53
2026-01-20 11:00:00+00:00,366.28,369.66,364.65,368.38,11621649.06
2026-01-20 12:00:00+00:00,368.38,368.84,362.67,363.96,4205142.7
2026-01-20 13:00:00+00:00,363.96,364.66,349.82,352.43,24526810.69
2026-01-20 14:00:00+00:00,352.43,360.41,350.57,357.06,11155126.49
2026-01-20 15:00:00+00:00,357.06,358.47,354.09,357.68,6361237.17
2026-01-20 16:00:00+00:00,357.68,359.63,352.29,354.15,4065195.24
2026-01-20 17:00:00+00:00,354.15,358.45,345.72,347.4,12135819.86
2026-01-20 18:00:00+00:00,347.4,348.16,342.17,343.29,7651724.87
2026-01-20 19:00:00+00:00,343.29,350.69,343.08,350.64,4704864.56
2026-01-20 20:00:00+00:00,350.64,356.62,349.86,353.78,5426025.29
2026-01-20 21:00:00+00:00,353.78,356.36,352.56,352.81,1973950.21
2026-01-20 22:00:00+00:00,352.81,353.47,347.48,352.23,3199943.46
2026-01-20 23:00:00+00:00,352.23,353.07,346.87,349.76,4109566.9
2026-01-21 00:00:00+00:00,349.76,355.22,349.29,354.06,2899031.75
2026-01-21 01:00:00+00:00,354.06,355.25,351.01,352.94,2255584.15
2026-01-21 02:00:00+00:00,352.94,354.97,351.22,351.93,1936633.25
2026-01-21 03:00:00+00:00,351.93,354.73,350.18,352.57,2386309.57
2026-01-21 04:00:00+00:00,352.57,358.71,352.36,356.89,2889154.93
2026-01-21 05:00:00+00:00,356.89,360.47,355.82,359.55,2765619.8
2026-01-21 06:00:00+00:00,359.55,361.53,356.25,357.4,2466603.4
2026-01-21 07:00:00+00:00,357.4,358.95,353.11,354.19,2908736.49
2026-01-21 08:00:00+00:00,354.19,355.62,351.51,353.12,2546169.98
2026-01-21 09:00:00+00:00,353.12,359.93,352.35,358.73,6201311.99
2026-01-21 10:00:00+00:00,358.73,362.82,357.81,358.84,7098716.97
2026-01-21 11:00:00+00:00,358.84,366.58,358.04,360.13,7711868.87
2026-01-21 12:00:00+00:00,360.13,362.9,358.23,360.39,6133339.05
2026-01-21 13:00:00+00:00,360.39,363.61,356.74,358.12,5395569.81
2026-01-21 14:00:00+00:00,358.12,375.02,357.41,373.04,13267055.95
2026-01-21 15:00:00+00:00,373.04,375.71,367.15,369.73,10375666.97
2026-01-21 16:00:00+00:00,369.73,370.85,359.07,359.82,8666591.81
2026-01-21 17:00:00+00:00,359.82,361.65,352.92,357.78,12528769.79
2026-01-21 18:00:00+00:00,357.78,360.68,355.87,358.61,4042662.24
2026-01-21 19:00:00+00:00,358.61,372.65,357.33,372.16,7078939.28
2026-01-21 20:00:00+00:00,372.16,372.45,365.65,368.26,3681561.6
2026-01-21 21:00:00+00:00,368.26,371.1,366.54,368.62,2851497.98
2026-01-21 22:00:00+00:00,368.62,370.45,363.86,364.55,5479029.2
2026-01-21 23:00:00+00:00,364.55,364.96,354.23,355.69,9103649.58
2026-01-22 00:00:00+00:00,355.69,359.07,354.72,358.15,5114224.41
2026-01-22 01:00:00+00:00,358.15,359.34,352.98,356.66,7191392.41
2026-01-22 02:00:00+00:00,356.66,360.26,355.38,356.28,3735555.24
2026-01-22 03:00:00+00:00,356.28,359.24,353.45,353.76,2703503.51
2026-01-22 04:00:00+00:00,353.76,357.62,353.19,356.5,1767267.19
2026-01-22 05:00:00+00:00,356.5,356.67,354.45,355.28,1774610.55
2026-01-22 06:00:00+00:00,355.28,357.37,353.09,356.71,4465891.8
2026-01-22 07:00:00+00:00,356.71,359.72,355.38,359.43,2716935.76
2026-01-22 08:00:00+00:00,359.43,361.04,356.48,359.33,3464085.61
2026-01-22 09:00:00+00:00,359.33,365.21,358.74,363.1,9308793.97
2026-01-22 10:00:00+00:00,363.1,368.77,362.28,366.82,6290714.15
2026-01-22 11:00:00+00:00,366.82,366.87,363.24,365.53,4713915.73
2026-01-22 12:00:00+00:00,365.53,367.46,363.39,363.75,2678567.68
2026-01-22 13:00:00+00:00,363.75,364.94,359.99,361.51,4124780.82
2026-01-22 14:00:00+00:00,361.51,364.71,356.18,358.38,5824905.84
2026-01-22 15:00:00+00:00,358.38,362.23,356.05,359.51,4395187.0
2026-01-22 16:00:00+00:00,359.51,367.64,359.51,364.02,6859682.52
2026-01-22 17:00:00+00:00,364.02,366.2,362.41,365.77,4782756.4
2026-01-22 18:00:00+00:00,365.77,366.5,361.63,362.31,4423423.89
2026-01-22 19:00:00+00:00,362.31,365.92,361.85,365.49,3429040.9
2026-01-22 20:00:00+00:00,365.49,367.67,363.8,366.09,3270023.97
2026-01-22 21:00:00+00:00,366.09,367.77,365.19,366.99,1222563.29
2026-01-22 22:00:00+00:00,366.99,367.25,362.93,365.75,2228013.41
2026-01-22 23:00:00+00:00,365.75,367.71,363.21,365.52,1507834.63
2026-01-23 00:00:00+00:00,365.52,372.04,365.16,370.86,2200482.05
2026-01-23 01:00:00+00:00,370.86,371.44,367.83,368.05,2218205.37
2026-01-23 02:00:00+00:00,368.05,369.94,366.03,366.68,2397025.45
2026-01-23 03:00:00+00:00,366.68,368.38,365.58,366.56,1623891.47
2026-01-23 04:00:00+00:00,366.56,366.56,364.1,364.47,2226144.01
2026-01-23 05:00:00+00:00,364.47,365.94,363.72,364.43,1251328.79
2026-01-23 06:00:00+00:00,364.43,366.98,360.89,360.92,3272684.69
2026-01-23 07:00:00+00:00,360.92,361.6,358.35,358.56,3694442.15
2026-01-23 08:00:00+00:00,358.56,359.64,355.15,356.81,4607778.95
2026-01-23 09:00:00+00:00,356.81,364.44,356.45,363.9,6184921.0
2026-01-23 10:00:00+00:00,363.9,366.05,360.73,365.79,6769935.35
2026-01-23 11:00:00+00:00,365.79,367.24,363.11,365.14,5254523.41
2026-01-23 12:00:00+00:00,365.14,366.4,363.45,364.63,2520458.42
2026-01-23 13:00:00+00:00,364.63,365.48,361.52,363.42,2937353.56
2026-01-23 14:00:00+00:00,363.42,364.24,359.52,361.6,3446837.55
2026-01-23 15:00:00+00:00,361.6,368.72,359.65,367.63,6797076.53
2026-01-23 16:00:00+00:00,367.63,372.01,365.57,367.97,6184888.12
2026-01-23 17:00:00+00:00,367.97,374.4,367.11,371.13,6101946.3
2026-01-23 18:00:00+00:00,371.13,374.53,370.16,373.92,6017292.88
2026-01-23 19:00:00+00:00,373.92,374.9,369.34,370.08,7505351.37
2026-01-23 20:00:00+00:00,370.08,370.96,365.09,367.52,7142224.34
2026-01-23 21:00:00+00:00,367.52,370.06,366.1,366.83,5034427.6
2026-01-23 22:00:00+00:00,366.83,369.59,365.8,368.85,3252144.09
2026-01-23 23:00:00+00:00,368.85,369.76,366.72,367.62,3298049.78
2026-01-24 00:00:00+00:00,367.62,368.87,367.4,367.95,2252149.55
2026-01-24 01:00:00+00:00,367.95,368.96,366.38,366.47,2218626.49
2026-01-24 02:00:00+00:00,366.47,372.24,366.45,371.98,1804224.8
2026-01-24 03:00:00+00:00,371.98,387.18,371.47,382.36,9265257.55
2026-01-24 04:00:00+00:00,382.36,382.36,373.65,374.54,3660092.86
2026-01-24 05:00:00+00:00,374.54,377.71,374.14,375.83,1672899.01
2026-01-24 06:00:00+00:00,375.83,378.17,373.47,375.03,2901276.06
2026-01-24 07:00:00+00:00,375.03,375.17,371.3,373.05,4488708.07
2026-01-24 08:00:00+00:00,373.05,375.82,371.79,375.18,2564485.8
2026-01-24 09:00:00+00:00,375.18,375.45,371.68,371.92,2772888.6
2026-01-24 10:00:00+00:00,371.92,373.14,370.43,371.84,1490296.47
2026-01-24 11:00:00+00:00,371.84,373.23,371.48,372.11,1149327.36
2026-01-24 12:00:00+00:00,372.11,374.15,371.12,372.58,1632363.23
2026-01-24 13:00:00+00:00,372.58,373.11,368.42,368.43,1990069.24
2026-01-24 14:00:00+00:00,368.43,370.58,368.26,368.88,2257731.6
2026-01-24 15:00:00+00:00,368.88,371.03,367.07,367.65,2721744.53
2026-01-24 16:00:00+00:00,367.65,369.29,362.46,363.13,4198344.19
2026-01-24 17:00:00+00:00,363.13,364.66,362.38,363.42,1253517.5
2026-01-24 18:00:00+00:00,363.42,366.83,362.95,364.08,2066768.63
2026-01-24 19:00:00+00:00,364.08,366.65,362.55,362.92,2187129.74
2026-01-24 20:00:00+00:00,362.92,364.35,362.79,364.13,669534.53
2026-01-24 21:00:00+00:00,364.13,364.34,360.82,361.47,2363397.76
2026-01-24 22:00:00+00:00,361.47,363.05,357.98,359.61,2687718.8
2026-01-24 23:00:00+00:00,359.61,360.32,358.13,359.78,1827929.07
2026-01-25 00:00:00+00:00,359.78,363.13,359.76,362.95,1412664.47
2026-01-25 01:00:00+00:00,362.95,364.12,361.21,362.36,1054629.88
2026-01-25 02:00:00+00:00,362.36,364.79,361.25,362.18,1379051.57
2026-01-25 03:00:00+00:00,362.18,363.36,360.33,361.31,1204354.56
2026-01-25 04:00:00+00:00,361.31,362.22,359.82,360.23,1088603.74
2026-01-25 05:00:00+00:00,360.23,360.53,358.67,359.17,1735020.9
2026-01-25 06:00:00+00:00,359.17,359.5,356.57,357.68,3010947.55
2026-01-25 07:00:00+00:00,357.68,357.96,355.69,357.67,1866430.35
2026-01-25 08:00:00+00:00,357.67,358.73,355.41,355.53,1208557.37
2026-01-25 09:00:00+00:00,355.53,358.61,355.34,356.83,1316936.54
2026-01-25 10:00:00+00:00,356.83,361.81,356.83,360.49,1304085.81
2026-01-25 11:00:00+00:00,360.49,362.31,359.85,360.6,1019895.56
2026-01-25 12:00:00+00:00,360.6,362.23,358.95,360.95,1215247.84
2026-01-25 13:00:00+00:00,360.95,361.46,357.57,360.16,1648131.35
2026-01-25 14:00:00+00:00,360.16,360.92,356.35,357.91,1636046.93
2026-01-25 15:00:00+00:00,357.91,361.72,357.19,360.3,1593152.8
2026-01-25 16:00:00+00:00,360.3,360.42,342.42,345.47,18818456.15
2026-01-25 17:00:00+00:00,345.47,346.51,343.16,344.99,2140814.66
2026-01-25 18:00:00+00:00,344.99,344.99,336.61,339.6,6263971.16
2026-01-25 19:00:00+00:00,339.6,340.26,329.51,331.67,12018189.55
2026-01-25 20:00:00+00:00,331.67,332.92,325.82,328.43,7092096.27
2026-01-25 21:00:00+00:00,328.43,330.36,326.36,329.69,3041179.91
2026-01-25 22:00:00+00:00,329.69,329.75,325.15,326.75,3431217.63
2026-01-25 23:00:00+00:00,326.75,331.99,325.29,329.39,4309786.44
2026-01-26 00:00:00+00:00,329.39,332.01,328.01,331.81,4830828.22
2026-01-26 01:00:00+00:00,331.81,346.55,331.25,343.14,14977369.51
2026-01-26 02:00:00+00:00,343.14,344.82,338.74,343.29,4762288.96
2026-01-26 03:00:00+00:00,343.29,346.38,342.01,345.21,4565314.02
2026-01-26 04:00:00+00:00,345.21,355.42,344.84,351.12,6614231.33
2026-01-26 05:00:00+00:00,351.12,353.08,348.92,350.0,2898041.19
2026-01-26 06:00:00+00:00,350.0,353.44,346.94,351.6,4381714.41
2026-01-26 07:00:00+00:00,351.6,354.68,349.85,352.1,3340502.71
2026-01-26 08:00:00+00:00,352.1,354.41,349.23,350.46,3552937.86
2026-01-26 09:00:00+00:00,350.46,350.63,344.86,346.63,4354701.13
2026-01-26 10:00:00+00:00,346.63,351.56,346.18,351.41,4536351.4
2026-01-26 11:00:00+00:00,351.41,353.8,349.98,353.12,5692366.93
2026-01-26 12:00:00+00:00,353.12,355.4,351.15,352.39,5622510.92
2026-01-26 13:00:00+00:00,352.39,359.6,351.81,357.13,3582735.06
2026-01-26 14:00:00+00:00,357.13,362.21,353.39,359.83,6801245.93
2026-01-26 15:00:00+00:00,359.83,367.23,358.07,359.99,9184634.29
2026-01-26 16:00:00+00:00,359.99,366.82,357.51,363.35,5218758.38
2026-01-26 17:00:00+00:00,363.35,365.44,357.23,360.38,5257744.55
2026-01-26 18:00:00+00:00,360.38,366.11,358.08,365.65,3047996.31
2026-01-26 19:00:00+00:00,365.65,366.06,360.82,362.94,3472754.35
2026-01-26 20:00:00+00:00,362.94,367.79,362.36,364.96,5979129.97
2026-01-26 21:00:00+00:00,364.96,371.47,363.08,370.95,6951664.65
2026-01-26 22:00:00+00:00,370.95,374.39,367.71,368.88,6342915.59
2026-01-26 23:00:00+00:00,368.88,370.99,366.65,367.62,2545232.36
2026-01-27 00:00:00+00:00,367.62,368.77,364.3,367.65,2778414.51
2026-01-27 01:00:00+00:00,367.65,370.75,365.07,368.8,3119779.52
2026-01-27 02:00:00+00:00,368.8,372.05,368.78,371.34,2598701.68
2026-01-27 03:00:00+00:00,371.34,372.69,366.57,367.54,2026556.69
2026-01-27 04:00:00+00:00,367.54,370.66,366.95,369.98,2125601.05
2026-01-27 05:00:00+00:00,369.98,371.71,368.45,371.63,2266928.24
2026-01-27 06:00:00+00:00,371.63,373.57,371.14,372.44,2484034.86
2026-01-27 07:00:00+00:00,372.44,384.87,372.15,382.7,18936705.04
2026-01-27 08:00:00+00:00,382.7,385.36,377.91,377.99,6639584.19
2026-01-27 09:00:00+00:00,377.99,381.13,375.9,378.62,7787031.4
2026-01-27 10:00:00+00:00,378.62,383.65,377.16,382.98,8854463.87
2026-01-27 11:00:00+00:00,382.98,383.94,379.39,379.57,5713203.2
2026-01-27 12:00:00+00:00,379.57,384.24,378.93,382.56,5567928.86
2026-01-27 13:00:00+00:00,382.56,383.49,377.69,379.06,3902186.55
2026-01-27 14:00:00+00:00,379.06,384.76,378.51,379.93,4377103.51
2026-01-27 15:00:00+00:00,379.93,383.73,378.56,383.3,5697603.69
2026-01-27 16:00:00+00:00,383.3,399.63,383.3,398.73,18123567.98
2026-01-27 17:00:00+00:00,398.73,399.85,384.32,385.45,10732706.96
2026-01-27 18:00:00+00:00,385.45,396.93,382.9,394.17,7855384.13
2026-01-27 19:00:00+00:00,394.17,396.82,390.8,391.67,3500033.2
2026-01-27 20:00:00+00:00,391.67,401.57,391.54,398.35,7829513.75
2026-01-27 21:00:00+00:00,398.35,402.93,396.34,399.29,3311682.16
2026-01-27 22:00:00+00:00,399.29,404.94,398.99,402.32,4612143.94
2026-01-27 23:00:00+00:00,402.32,403.07,397.81,399.83,4243205.37
2026-01-28 00:00:00+00:00,399.83,402.24,395.95,401.6,3209638.41
2026-01-28 01:00:00+00:00,401.6,401.69,396.43,398.09,2659010.12
2026-01-28 02:00:00+00:00,398.09,400.8,391.61,392.2,3300371.66
2026-01-28 03:00:00+00:00,392.2,397.1,390.09,395.04,4390674.68
2026-01-28 04:00:00+00:00,395.04,395.38,391.61,392.87,2316882.37
2026-01-28 05:00:00+00:00,392.87,393.73,389.61,390.78,2086101.42
2026-01-28 06:00:00+00:00,390.78,394.32,390.74,393.17,1534171.8
2026-01-28 07:00:00+00:00,393.17,393.72,389.29,390.64,2109050.95
2026-01-28 08:00:00+00:00,390.64,393.33,389.33,390.06,2040003.39
2026-01-28 09:00:00+00:00,390.06,396.02,387.83,394.96,5169085.46
2026-01-28 10:00:00+00:00,394.96,396.41,392.77,395.4,5613566.04
2026-01-28 11:00:00+00:00,395.4,397.83,393.22,397.45,5139924.99
2026-01-28 12:00:00+00:00,397.45,399.87,384.23,387.7,23756753.26
2026-01-28 13:00:00+00:00,387.7,388.55,384.69,385.29,4312289.22
2026-01-28 14:00:00+00:00,385.29,385.29,378.3,379.98,7049159.95
2026-01-28 15:00:00+00:00,379.98,381.82,377.23,379.34,5069775.25
2026-01-28 16:00:00+00:00,379.34,379.46,373.3,378.01,5279308.39
2026-01-28 17:00:00+00:00,378.01,381.24,376.54,377.39,3160520.37
2026-01-28 18:00:00+00:00,377.39,377.85,374.68,377.42,1641385.16
2026-01-28 19:00:00+00:00,377.42,379.96,375.7,378.71,2529549.58
2026-01-28 20:00:00+00:00,378.71,381.56,375.79,376.01,2573153.68
2026-01-28 21:00:00+00:00,376.01,377.53,374.33,375.07,3833709.62
2026-01-28 22:00:00+00:00,375.07,375.61,370.21,372.87,4333618.53
2026-01-28 23:00:00+00:00,372.87,373.56,370.45,371.02,1834151.27
2026-01-29 00:00:00+00:00,371.02,371.94,367.78,370.65,3027241.42
2026-01-29 01:00:00+00:00,370.65,373.39,368.55,368.62,2601667.5
2026-01-29 02:00:00+00:00,368.62,368.79,363.13,364.31,3732050.26
2026-01-29 03:00:00+00:00,364.31,367.54,362.21,364.06,3222049.21
2026-01-29 04:00:00+00:00,364.06,367.13,362.9,365.89,2989700.98
2026-01-29 05:00:00+00:00,365.89,366.69,363.04,363.6,1558245.28
2026-01-29 06:00:00+00:00,363.6,365.94,363.42,365.46,1187834.82
2026-01-29 07:00:00+00:00,365.46,367.28,364.97,365.47,1458015.96
2026-01-29 08:00:00+00:00,365.47,366.09,363.47,364.98,1755849.97
2026-01-29 09:00:00+00:00,364.98,368.19,364.52,365.4,2469132.87
2026-01-29 10:00:00+00:00,365.4,370.11,365.02,368.42,5098208.32
2026-01-29 11:00:00+00:00,368.42,368.53,361.73,361.77,4888754.71
2026-01-29 12:00:00+00:00,361.77,363.91,360.85,361.72,1934522.93
2026-01-29 13:00:00+00:00,361.72,365.01,361.61,364.34,1645002.26
2026-01-29 14:00:00+00:00,364.34,364.92,355.78,356.89,4937643.01
2026-01-29 15:00:00+00:00,356.89,358.6,350.39,354.61,13430547.58
2026-01-29 16:00:00+00:00,354.61,358.93,351.87,358.77,4529067.73
2026-01-29 17:00:00+00:00,358.77,365.67,357.45,358.66,4814904.05
2026-01-29 18:00:00+00:00,358.66,360.23,354.15,355.66,5530402.42
2026-01-29 19:00:00+00:00,355.66,356.19,346.28,346.97,6819936.98
2026-01-29 20:00:00+00:00,346.97,350.59,346.97,348.5,2449009.28
2026-01-29 21:00:00+00:00,348.5,352.61,348.19,351.4,2251181.39
2026-01-29 22:00:00+00:00,351.4,355.23,350.82,352.26,2009711.99
2026-01-29 23:00:00+00:00,352.26,353.66,349.65,353.5,1570611.47
2026-01-30 00:00:00+00:00,353.5,355.79,352.82,353.68,2369879.36
2026-01-30 01:00:00+00:00,353.68,356.37,331.17,340.87,14005166.4
2026-01-30 02:00:00+00:00,340.87,341.57,333.21,334.9,8908670.1
2026-01-30 03:00:00+00:00,334.9,338.62,334.23,334.9,2737570.16
2026-01-30 04:00:00+00:00,334.9,340.93,334.13,337.43,3328042.09
2026-01-30 05:00:00+00:00,337.43,339.91,336.38,338.16,2186439.31
2026-01-30 06:00:00+00:00,338.16,338.43,330.71,331.79,3758793.94
2026-01-30 07:00:00+00:00,331.79,337.93,331.79,336.0,2080558.87
2026-01-30 08:00:00+00:00,336.0,337.5,333.18,334.48,2349641.43
2026-01-30 09:00:00+00:00,334.48,335.38,331.64,333.43,1909455.54
2026-01-30 10:00:00+00:00,333.43,335.31,332.04,333.9,5516920.56
2026-01-30 11:00:00+00:00,333.9,340.72,333.03,339.1,5967012.36
2026-01-30 12:00:00+00:00,339.1,340.5,333.4,334.35,3240006.83
2026-01-30 13:00:00+00:00,334.35,335.28,329.27,331.17,7140892.74
2026-01-30 14:00:00+00:00,331.17,338.11,330.43,332.82,5344666.01
2026-01-30 15:00:00+00:00,332.82,338.65,332.12,336.36,4490510.62
2026-01-30 16:00:00+00:00,336.36,338.17,333.03,333.94,2741435.49
2026-01-30 17:00:00+00:00,333.94,337.02,332.37,334.28,5171910.6
2026-01-30 18:00:00+00:00,334.28,340.14,320.76,338.77,16778777.21
2026-01-30 19:00:00+00:00,338.77,345.0,338.42,341.39,9372506.27
2026-01-30 20:00:00+00:00,341.39,341.92,335.46,337.58,4569923.73
2026-01-30 21:00:00+00:00,337.58,341.59,336.68,337.75,2638732.99
2026-01-30 22:00:00+00:00,337.75,340.21,335.58,340.04,1291824.35
2026-01-30 23:00:00+00:00,340.04,340.96,337.04,340.6,2297728.98
2026-01-31 00:00:00+00:00,340.6,341.29,338.77,339.92,1666214.84
2026-01-31 01:00:00+00:00,339.92,341.57,338.33,338.46,1420245.67
2026-01-31 02:00:00+00:00,338.46,340.04,335.84,338.27,1622127.44
2026-01-31 03:00:00+00:00,338.27,339.43,333.87,334.52,1625106.92
2026-01-31 04:00:00+00:00,334.52,336.06,331.85,332.28,1409799.0
2026-01-31 05:00:00+00:00,332.28,334.11,330.29,332.74,1306761.17
2026-01-31 06:00:00+00:00,332.74,334.14,328.65,328.84,2828802.55
2026-01-31 07:00:00+00:00,328.84,329.2,322.41,324.55,3230840.52
2026-01-31 08:00:00+00:00,324.55,327.11,321.11,325.61,4834426.14
2026-01-31 09:00:00+00:00,325.61,327.9,323.53,324.29,3475814.29
2026-01-31 10:00:00+00:00,324.29,325.24,321.19,321.96,2683319.86
2026-01-31 11:00:00+00:00,321.96,322.39,316.54,317.71,3978775.74
2026-01-31 12:00:00+00:00,317.71,319.11,315.52,316.44,3960853.65
2026-01-31 13:00:00+00:00,316.44,316.57,310.98,313.96,4777202.31
2026-01-31 14:00:00+00:00,313.96,315.52,301.84,306.07,18178886.63
2026-01-31 15:00:00+00:00,306.07,315.61,305.08,312.2,8074746.4
2026-01-31 16:00:00+00:00,312.2,315.74,306.7,307.8,8007329.82
2026-01-31 17:00:00+00:00,307.8,308.16,294.96,298.71,18721866.61
2026-01-31 18:00:00+00:00,298.71,300.04,278.02,291.37,20653126.81
2026-01-31 19:00:00+00:00,291.37,295.1,285.74,288.85,12112660.3
2026-01-31 20:00:00+00:00,288.85,291.89,286.12,289.63,6768150.39
2026-01-31 21:00:00+00:00,289.63,297.11,288.95,295.87,6167877.88
2026-01-31 22:00:00+00:00,295.87,296.74,292.39,293.62,3132146.21
2026-01-31 23:00:00+00:00,293.62,304.21,292.86,303.07,6312776.3
2026-02-01 00:00:00+00:00,303.07,308.72,302.65,306.37,8390184.67
2026-02-01 01:00:00+00:00,306.37,307.32,302.55,306.26,3584189.83
2026-02-01 02:00:00+00:00,306.26,310.26,304.98,308.58,4090184.72
2026-02-01 03:00:00+00:00,308.58,309.17,304.23,305.31,1898072.21
2026-02-01 04:00:00+00:00,305.31,307.39,303.49,304.34,2742324.93
2026-02-01 05:00:00+00:00,304.34,306.02,301.26,303.93,5112954.32
2026-02-01 06:00:00+00:00,303.93,305.35,300.52,300.77,1791298.06
2026-02-01 07:00:00+00:00,300.77,303.78,296.94,301.08,4387746.32
2026-02-01 08:00:00+00:00,301.08,302.79,299.1,299.32,2483994.13
2026-02-01 09:00:00+00:00,299.32,300.67,296.62,300.21,1717599.93
2026-02-01 10:00:00+00:00,300.21,301.39,292.67,292.99,4299244.31
2026-02-01 11:00:00+00:00,292.99,303.11,292.65,299.9,4694344.81
2026-02-01 12:00:00+00:00,299.9,300.5,295.83,298.29,2603057.46
2026-02-01 13:00:00+00:00,298.29,301.86,294.41,295.42,3362137.4
2026-02-01 14:00:00+00:00,295.42,299.82,290.75,297.36,6003420.66
2026-02-01 15:00:00+00:00,297.36,297.4,286.77,291.06,7356649.62
2026-02-01 16:00:00+00:00,291.06,296.93,289.26,293.91,4472841.05
2026-02-01 17:00:00+00:00,293.91,295.98,290.58,293.76,2940249.68
2026-02-01 18:00:00+00:00,293.76,300.2,293.75,295.84,3636353.22
2026-02-01 19:00:00+00:00,295.84,296.9,290.81,292.91,2055489.48
2026-02-01 20:00:00+00:00,292.91,296.31,289.59,292.14,2994052.14
2026-02-01 21:00:00+00:00,292.14,295.52,288.93,293.58,3591986.26
2026-02-01 22:00:00+00:00,293.58,300.98,292.96,299.82,4200446.93
2026-02-01 23:00:00+00:00,299.82,307.09,295.37,305.93,11909323.9
2026-02-02 00:00:00+00:00,305.93,320.65,304.64,313.98,12417711.25
2026-02-02 01:00:00+00:00,313.98,316.74,309.42,311.36,4665877.79
2026-02-02 02:00:00+00:00,311.36,311.43,306.83,308.84,3511284.49
2026-02-02 03:00:00+00:00,308.84,309.44,293.62,302.99,11619352.37
2026-02-02 04:00:00+00:00,302.99,304.51,295.94,299.15,6235876.83
2026-02-02 05:00:00+00:00,299.15,299.53,292.73,295.03,4729957.16
2026-02-02 06:00:00+00:00,295.03,306.85,291.99,303.12,7173213.62
2026-02-02 07:00:00+00:00,303.12,303.96,298.35,299.09,3202420.7
2026-02-02 08:00:00+00:00,299.09,300.52,297.16,297.94,2970870.59
2026-02-02 09:00:00+00:00,297.94,301.77,294.34,298.75,5640801.42
2026-02-02 10:00:00+00:00,298.75,300.2,295.54,295.99,2081810.32
2026-02-02 11:00:00+00:00,295.99,298.84,295.27,295.57,1688433.71
2026-02-02 12:00:00+00:00,295.57,301.23,295.57,299.74,3408614.43
2026-02-02 13:00:00+00:00,299.74,301.63,296.85,299.83,2997403.93
2026-02-02 14:00:00+00:00,299.83,306.85,297.54,301.39,8150676.81
2026-02-02 15:00:00+00:00,301.39,304.5,299.12,300.34,8675133.8
2026-02-02 16:00:00+00:00,300.34,302.68,297.4,298.27,5945591.03
2026-02-02 17:00:00+00:00,298.27,300.83,293.67,295.06,3235948.98
2026-02-02 18:00:00+00:00,295.06,296.37,290.54,295.9,4741824.87
2026-02-02 19:00:00+00:00,295.9,296.31,292.86,294.35,3392444.92
2026-02-02 20:00:00+00:00,294.35,295.69,290.54,290.78,3693651.29
2026-02-02 21:00:00+00:00,290.78,294.63,290.76,294.55,2211265.51
2026-02-02 22:00:00+00:00,294.55,297.61,294.47,297.05,1702307.85
2026-02-02 23:00:00+00:00,297.05,297.09,294.34,295.72,1169864.73
2026-02-03 00:00:00+00:00,295.72,296.14,291.21,293.69,2552250.93
2026-02-03 01:00:00+00:00,293.69,294.27,286.82,289.14,2718997.4
2026-02-03 02:00:00+00:00,289.14,290.27,281.69,282.28,4622499.02
2026-02-03 03:00:00+00:00,282.28,288.96,279.05,288.29,5472909.5
2026-02-03 04:00:00+00:00,288.29,293.66,286.1,291.71,3518673.33
2026-02-03 05:00:00+00:00,291.71,291.77,288.4,288.92,2021669.52
2026-02-03 06:00:00+00:00,288.92,289.76,285.42,288.43,2644076.62
2026-02-03 07:00:00+00:00,288.43,291.58,287.17,290.5,3846527.62
2026-02-03 08:00:00+00:00,290.5,292.78,289.14,290.87,2750050.27
2026-02-03 09:00:00+00:00,290.87,291.2,282.72,284.52,7846636.55
2026-02-03 10:00:00+00:00,284.52,286.45,281.83,283.18,4621309.18
2026-02-03 11:00:00+00:00,283.18,284.66,281.52,282.73,1987209.4
2026-02-03 12:00:00+00:00,282.73,289.02,281.89,288.16,9819812.17
2026-02-03 13:00:00+00:00,288.16,289.0,285.54,287.05,2709799.64
2026-02-03 14:00:00+00:00,287.05,288.1,276.29,276.34,4833484.53
2026-02-03 15:00:00+00:00,276.34,283.38,272.97,282.86,10649014.86
2026-02-03 16:00:00+00:00,282.86,283.02,275.96,278.06,6462539.75
2026-02-03 17:00:00+00:00,278.06,279.79,269.06,269.34,8221543.29
2026-02-03 18:00:00+00:00,269.34,272.33,267.21,268.2,9427257.1
2026-02-03 19:00:00+00:00,268.2,281.57,266.28,279.07,8945667.22
2026-02-03 20:00:00+00:00,279.07,288.97,275.98,285.01,6244131.57
2026-02-03 21:00:00+00:00,285.01,288.22,280.74,281.55,3667457.4
2026-02-03 22:00:00+00:00,281.55,281.73,275.18,275.95,2466694.21
2026-02-03 23:00:00+00:00,275.95,275.95,269.93,270.68,3473129.74
2026-02-04 00:00:00+00:00,270.68,277.35,270.54,275.63,1733718.55
2026-02-04 01:00:00+00:00,275.63,281.91,275.62,278.3,2465630.89
2026-02-04 02:00:00+00:00,278.3,279.42,273.74,275.18,1482221.8
2026-02-04 03:00:00+00:00,275.18,282.23,274.42,280.45,2087911.66
2026-02-04 04:00:00+00:00,280.45,280.99,277.98,279.67,1382785.43
2026-02-04 05:00:00+00:00,279.67,280.96,276.47,277.27,935634.62
2026-02-04 06:00:00+00:00,277.27,281.94,276.69,280.5,1737919.55
2026-02-04 07:00:00+00:00,280.5,282.0,279.14,279.45,2029355.28
2026-02-04 08:00:00+00:00,279.45,283.23,278.22,281.56,6990445.34
2026-02-04 09:00:00+00:00,281.56,282.13,278.56,279.92,4621098.51
2026-02-04 10:00:00+00:00,279.92,280.88,279.13,280.08,1107234.1
2026-02-04 11:00:00+00:00,280.08,281.27,275.74,278.5,4470139.09
2026-02-04 12:00:00+00:00,278.5,280.32,278.3,279.8,2914466.82
2026-02-04 13:00:00+00:00,279.8,280.25,272.46,273.14,3027875.2
2026-02-04 14:00:00+00:00,273.14,276.48,269.55,271.43,5359668.22
2026-02-04 15:00:00+00:00,271.43,275.16,263.8,266.16,10025042.31
2026-02-04 16:00:00+00:00,266.16,268.23,263.76,266.43,6587008.96
2026-02-04 17:00:00+00:00,266.43,267.61,257.76,261.8,11374540.21
2026-02-04 18:00:00+00:00,261.8,266.76,258.33,263.89,7284657.3
2026-02-04 19:00:00+00:00,263.89,270.2,262.22,269.69,5582570.16
2026-02-04 20:00:00+00:00,269.69,269.99,261.14,261.87,9541688.45
2026-02-04 21:00:00+00:00,261.87,263.4,256.34,257.38,4733586.79
2026-02-04 22:00:00+00:00,257.38,261.99,253.4,254.34,7937618.17
2026-02-04 23:00:00+00:00,254.34,255.45,251.38,251.83,5417289.12
2026-02-05 00:00:00+00:00,251.83,256.11,250.68,251.07,4078317.33
2026-02-05 01:00:00+00:00,251.07,254.17,246.44,250.92,8400708.95
2026-02-05 02:00:00+00:00,250.92,254.26,246.34,247.13,6583365.94
2026-02-05 03:00:00+00:00,247.13,248.6,242.97,244.08,8191154.36
2026-02-05 04:00:00+00:00,244.08,247.13,242.0,242.92,6884195.0
2026-02-05 05:00:00+00:00,242.92,245.24,237.29,242.64,8033401.72
2026-02-05 06:00:00+00:00,242.64,245.9,239.74,245.17,6296990.57
2026-02-05 07:00:00+00:00,245.17,248.72,244.82,245.76,4565454.86
2026-02-05 08:00:00+00:00,245.76,250.75,245.14,247.32,3377825.38
2026-02-05 09:00:00+00:00,247.32,251.33,245.9,246.93,4513226.79
2026-02-05 10:00:00+00:00,246.93,247.04,241.54,242.04,4321718.24
2026-02-05 11:00:00+00:00,242.04,243.81,237.15,239.78,8389465.34
2026-02-05 12:00:00+00:00,239.78,240.93,228.42,229.71,12907434.17
2026-02-05 13:00:00+00:00,229.71,230.12,216.31,217.14,14367059.3
2026-02-05 14:00:00+00:00,217.14,231.04,217.04,225.31,14391751.9
2026-02-05 15:00:00+00:00,225.31,234.11,219.45,227.76,21037097.15
2026-02-05 16:00:00+00:00,227.76,232.69,219.76,224.53,13531258.82
2026-02-05 17:00:00+00:00,224.53,225.66,217.84,219.67,7898142.63
2026-02-05 18:00:00+00:00,219.67,220.83,211.76,218.0,7745689.16
2026-02-05 19:00:00+00:00,218.0,218.58,209.01,210.91,5709298.88
2026-02-05 20:00:00+00:00,210.91,218.11,205.65,214.72,13134086.13
2026-02-05 21:00:00+00:00,214.72,221.52,209.87,213.01,7107630.44
2026-02-05 22:00:00+00:00,213.01,220.09,208.25,216.36,6994193.75
2026-02-05 23:00:00+00:00,216.36,220.0,203.17,205.01,10662954.74
2026-02-06 00:00:00+00:00,205.01,207.88,186.52,202.36,28800474.03
2026-02-06 01:00:00+00:00,202.36,211.71,201.82,209.99,12138493.0
2026-02-06 02:00:00+00:00,209.99,213.06,203.91,204.78,7173567.08
2026-02-06 03:00:00+00:00,204.78,206.88,202.27,205.8,4907243.85
2026-02-06 04:00:00+00:00,205.8,209.83,203.92,208.87,4674621.37
2026-02-06 05:00:00+00:00,208.87,217.87,208.36,216.41,7967439.85
2026-02-06 06:00:00+00:00,216.41,217.61,213.57,213.82,12380747.91
2026-02-06 07:00:00+00:00,213.82,217.79,212.04,214.06,10818996.34
2026-02-06 08:00:00+00:00,214.06,217.39,212.05,214.13,9720774.32
2026-02-06 09:00:00+00:00,214.13,219.31,212.98,218.5,10387394.06
2026-02-06 10:00:00+00:00,218.5,223.98,216.65,223.25,13404041.16
2026-02-06 11:00:00+00:00,223.25,229.0,222.56,227.9,12280293.37
2026-02-06 12:00:00+00:00,227.9,233.04,224.32,232.79,12617995.33
2026-02-06 13:00:00+00:00,232.79,236.96,230.25,235.49,15126043.0
2026-02-06 14:00:00+00:00,235.49,248.94,235.21,246.17,23479962.06
2026-02-06 15:00:00+00:00,246.17,246.29,238.27,239.44,10334908.47
2026-02-06 16:00:00+00:00,239.44,254.0,238.0,246.85,14540209.44
2026-02-06 17:00:00+00:00,246.85,254.94,245.32,245.58,14289132.57
2026-02-06 18:00:00+00:00,245.58,246.77,240.31,243.95,7718088.8
2026-02-06 19:00:00+00:00,243.95,246.09,241.56,244.86,5587235.17
2026-02-06 20:00:00+00:00,244.86,244.86,240.41,241.03,4321038.76
2026-02-06 21:00:00+00:00,241.03,243.17,238.21,243.02,2685446.21
2026-02-06 22:00:00+00:00,243.02,248.55,242.62,246.72,3613624.43
2026-02-06 23:00:00+00:00,246.72,248.0,240.11,240.58,4110053.14
2026-02-07 00:00:00+00:00,240.58,241.35,234.39,236.95,4482681.28
2026-02-07 01:00:00+00:00,236.95,239.79,234.75,238.45,2307968.79
2026-02-07 02:00:00+00:00,238.45,239.59,235.69,237.38,1766330.65
2026-02-07 03:00:00+00:00,237.38,238.75,234.87,237.2,3577300.47
2026-02-07 04:00:00+00:00,237.2,242.34,235.76,236.62,4071061.42
2026-02-07 05:00:00+00:00,236.62,239.68,235.21,235.61,3220161.03
2026-02-07 06:00:00+00:00,235.61,237.88,232.04,232.17,4090659.18
2026-02-07 07:00:00+00:00,232.17,233.69,227.31,228.83,8029372.71
2026-02-07 08:00:00+00:00,228.83,236.45,227.39,234.72,4203495.49
2026-02-07 09:00:00+00:00,234.72,236.24,231.11,231.29,3011276.39
2026-02-07 10:00:00+00:00,231.29,231.29,227.91,228.2,3183300.29
2026-02-07 11:00:00+00:00,228.2,229.67,225.84,227.3,3401142.65
2026-02-07 12:00:00+00:00,227.3,234.5,226.84,231.52,7131009.14
2026-02-07 13:00:00+00:00,231.52,233.17,229.31,231.9,5392189.09
2026-02-07 14:00:00+00:00,231.9,233.57,229.94,232.11,3188804.69
2026-02-07 15:00:00+00:00,232.11,240.46,231.64,239.22,6037359.14
2026-02-07 16:00:00+00:00,239.22,246.69,238.93,240.22,24357151.38
2026-02-07 17:00:00+00:00,240.22,242.31,238.37,239.86,3289041.32
2026-02-07 18:00:00+00:00,239.86,244.17,239.2,242.28,3256600.42
2026-02-07 19:00:00+00:00,242.28,242.47,239.42,239.83,1667463.6
2026-02-07 20:00:00+00:00,239.83,242.51,239.1,242.16,1508326.83
2026-02-07 21:00:00+00:00,242.16,243.48,240.94,242.58,1338921.39
2026-02-07 22:00:00+00:00,242.58,244.5,241.1,241.1,868869.73
2026-02-07 23:00:00+00:00,241.1,242.14,239.85,240.45,1175922.67
2026-02-08 00:00:00+00:00,240.45,242.07,239.24,240.83,2073177.5
2026-02-08 01:00:00+00:00,240.83,243.14,240.61,241.75,1696508.7
2026-02-08 02:00:00+00:00,241.75,242.62,239.19,240.12,1613818.44
2026-02-08 03:00:00+00:00,240.12,242.21,240.09,241.24,2355063.24
2026-02-08 04:00:00+00:00,241.24,242.37,240.02,241.84,1223182.04
2026-02-08 05:00:00+00:00,241.84,243.35,240.83,242.01,1032078.12
2026-02-08 06:00:00+00:00,242.01,242.54,240.38,240.67,933550.45
2026-02-08 07:00:00+00:00,240.67,241.34,238.66,240.82,1601431.15
2026-02-08 08:00:00+00:00,240.82,244.36,240.05,243.13,3284073.02
2026-02-08 09:00:00+00:00,243.13,244.55,239.21,239.84,1937736.35
2026-02-08 10:00:00+00:00,239.84,241.29,232.77,233.54,5876451.8
2026-02-08 11:00:00+00:00,233.54,240.02,232.66,239.88,4142015.28
2026-02-08 12:00:00+00:00,239.88,242.28,236.43,239.82,4384860.15
2026-02-08 13:00:00+00:00,239.82,243.54,237.85,243.27,4304030.63
2026-02-08 14:00:00+00:00,243.27,247.64,243.07,244.79,4349216.64
2026-02-08 15:00:00+00:00,244.79,245.89,241.04,243.59,3703664.45
2026-02-08 16:00:00+00:00,243.59,245.29,234.18,236.59,4454646.03
2026-02-08 17:00:00+00:00,236.59,238.52,236.45,237.37,2608022.65
2026-02-08 18:00:00+00:00,237.37,240.51,236.68,239.0,1587402.12
2026-02-08 19:00:00+00:00,239.0,243.84,238.91,242.72,2211983.07
2026-02-08 20:00:00+00:00,242.72,242.72,239.15,239.2,2017935.92
2026-02-08 21:00:00+00:00,239.2,239.95,235.79,236.86,3782861.41
2026-02-08 22:00:00+00:00,236.86,238.92,236.86,238.58,2386877.85
2026-02-08 23:00:00+00:00,238.58,245.57,235.54,239.86,9744837.16
2026-02-09 00:00:00+00:00,239.86,242.51,237.86,240.11,6525097.69
2026-02-09 01:00:00+00:00,240.11,243.81,237.83,239.97,6484734.67
2026-02-09 02:00:00+00:00,239.97,242.76,237.72,239.92,5735086.81
2026-02-09 03:00:00+00:00,239.92,243.7,239.52,242.84,5186951.87
2026-02-09 04:00:00+00:00,242.84,245.36,241.59,242.6,5278420.22
2026-02-09 05:00:00+00:00,242.6,242.69,239.39,240.82,5859759.86
2026-02-09 06:00:00+00:00,240.82,241.05,235.68,237.19,6693650.03
2026-02-09 07:00:00+00:00,237.19,237.88,231.77,233.41,6331616.62
2026-02-09 08:00:00+00:00,233.41,233.74,228.74,232.43,3789986.23
2026-02-09 09:00:00+00:00,232.43,233.47,230.18,231.66,1830033.44
2026-02-09 10:00:00+00:00,231.66,231.83,227.93,229.76,3199011.92
2026-02-09 11:00:00+00:00,229.76,233.73,229.17,229.96,3476225.39
2026-02-09 12:00:00+00:00,229.96,235.61,229.66,233.86,5511509.21
2026-02-09 13:00:00+00:00,233.86,236.21,232.94,233.08,4978119.42
2026-02-09 14:00:00+00:00,233.08,237.45,229.86,235.87,5744926.67
2026-02-09 15:00:00+00:00,235.87,238.45,234.11,237.03,2970016.64
2026-02-09 16:00:00+00:00,237.03,243.62,236.83,242.76,3020896.23
2026-02-09 17:00:00+00:00,242.76,245.0,240.81,243.46,5231503.54
2026-02-09 18:00:00+00:00,243.46,244.89,239.62,241.26,2774575.93
2026-02-09 19:00:00+00:00,241.26,243.41,240.38,242.55,1864602.66
2026-02-09 20:00:00+00:00,242.55,243.26,240.02,240.98,1366544.26
2026-02-09 21:00:00+00:00,240.98,242.22,238.33,241.52,1976888.79
2026-02-09 22:00:00+00:00,241.52,241.92,240.19,241.36,666609.19
2026-02-09 23:00:00+00:00,241.36,242.29,239.66,240.36,945922.79
2026-02-10 00:00:00+00:00,240.36,240.84,236.75,237.59,1476697.43
2026-02-10 01:00:00+00:00,237.59,241.44,237.39,240.72,1020452.34
2026-02-10 02:00:00+00:00,240.72,240.87,238.09,238.95,1546409.36
2026-02-10 03:00:00+00:00,238.95,239.33,233.96,235.36,2575435.7
2026-02-10 04:00:00+00:00,235.36,237.84,235.05,237.3,1111663.22
2026-02-10 05:00:00+00:00,237.3,237.75,234.26,235.25,1269423.4
2026-02-10 06:00:00+00:00,235.25,236.15,233.27,234.15,3513357.25
2026-02-10 07:00:00+00:00,234.15,237.89,234.09,236.27,2825049.34
2026-02-10 08:00:00+00:00,236.27,241.93,236.16,241.76,3717981.0
2026-02-10 09:00:00+00:00,241.76,242.28,239.4,240.29,1454901.23
2026-02-10 10:00:00+00:00,240.29,244.79,239.65,243.87,5037625.42
2026-02-10 11:00:00+00:00,243.87,244.57,237.8,238.67,4761844.7
2026-02-10 12:00:00+00:00,238.67,239.73,238.11,239.01,2273814.19
2026-02-10 13:00:00+00:00,239.01,239.7,235.27,237.42,2801704.3
2026-02-10 14:00:00+00:00,237.42,240.04,231.98,233.98,4511652.76
2026-02-10 15:00:00+00:00,233.98,236.32,232.78,233.85,2705208.21
2026-02-10 16:00:00+00:00,233.85,236.68,232.56,235.44,1659947.17
2026-02-10 17:00:00+00:00,235.44,235.65,233.28,234.53,1347523.77
2026-02-10 18:00:00+00:00,234.53,234.89,230.64,231.83,1486087.68
2026-02-10 19:00:00+00:00,231.83,233.01,230.2,230.52,1149024.49
2026-02-10 20:00:00+00:00,230.52,231.46,229.01,230.71,1584770.95
2026-02-10 21:00:00+00:00,230.71,231.45,228.29,229.92,973254.15
2026-02-10 22:00:00+00:00,229.92,232.18,229.14,231.64,503797.75
2026-02-10 23:00:00+00:00,231.64,234.01,231.12,233.89,1847633.15
2026-02-11 00:00:00+00:00,233.89,235.56,233.53,234.87,1032639.64
2026-02-11 01:00:00+00:00,234.87,236.97,234.76,236.54,897579.26
2026-02-11 02:00:00+00:00,236.54,237.48,233.06,233.06,1350769.81
2026-02-11 03:00:00+00:00,233.06,234.81,231.21,233.67,1095022.81
2026-02-11 04:00:00+00:00,233.67,237.2,232.21,235.29,3918439.06
2026-02-11 05:00:00+00:00,235.29,236.87,234.53,235.22,2196357.53
2026-02-11 06:00:00+00:00,235.22,239.81,232.53,235.78,6740224.47
2026-02-11 07:00:00+00:00,235.78,235.85,226.34,226.47,6143082.72
2026-02-11 08:00:00+00:00,226.47,229.74,225.76,229.56,2854607.55
2026-02-11 09:00:00+00:00,229.56,231.2,226.93,228.66,2076323.74
2026-02-11 10:00:00+00:00,228.66,228.94,222.65,224.13,3902193.32
2026-02-11 11:00:00+00:00,224.13,225.35,222.57,224.72,3993020.41
2026-02-11 12:00:00+00:00,224.72,228.18,223.72,227.52,1973265.83
2026-02-11 13:00:00+00:00,227.52,228.66,224.29,226.61,4155172.33
2026-02-11 14:00:00+00:00,226.61,232.44,223.27,224.11,6131880.95
2026-02-11 15:00:00+00:00,224.11,227.97,220.67,226.24,4479759.09
2026-02-11 16:00:00+00:00,226.24,230.21,225.75,228.81,2805030.59
2026-02-11 17:00:00+00:00,228.81,236.96,227.5,234.56,5194900.87
2026-02-11 18:00:00+00:00,234.56,242.94,234.07,242.41,3811349.68
2026-02-11 19:00:00+00:00,242.41,248.92,241.62,245.01,8172965.23
2026-02-11 20:00:00+00:00,245.01,253.01,244.51,248.37,8620116.49
2026-02-11 21:00:00+00:00,248.37,250.25,242.08,242.7,4181314.48
2026-02-11 22:00:00+00:00,242.7,242.9,235.51,237.39,5950316.71
2026-02-11 23:00:00+00:00,237.39,242.62,236.0,240.44,6093381.82
2026-02-12 00:00:00+00:00,240.44,244.33,240.37,242.77,2031743.5
2026-02-12 01:00:00+00:00,242.77,245.06,241.59,242.44,2185967.58
2026-02-12 02:00:00+00:00,242.44,243.72,239.71,240.02,3354896.6
2026-02-12 03:00:00+00:00,240.02,240.56,236.29,238.95,3708448.45
2026-02-12 04:00:00+00:00,238.95,241.21,238.03,238.45,2295516.87
2026-02-12 05:00:00+00:00,238.45,240.1,236.68,239.09,3323183.84
2026-02-12 06:00:00+00:00,239.09,241.13,238.81,239.71,1236241.55
2026-02-12 07:00:00+00:00,239.71,241.55,238.82,239.7,1613119.23
2026-02-12 08:00:00+00:00,239.7,240.51,233.75,236.0,6862323.74
2026-02-12 09:00:00+00:00,236.0,237.44,235.24,236.22,2708536.47
2026-02-12 10:00:00+00:00,236.22,239.43,235.65,239.1,2916458.82
2026-02-12 11:00:00+00:00,239.1,242.27,238.37,238.77,4059062.88
2026-02-12 12:00:00+00:00,238.77,239.83,237.32,238.96,2253189.64
2026-02-12 13:00:00+00:00,238.96,239.68,236.84,239.27,2352010.13
2026-02-12 14:00:00+00:00,239.27,239.32,235.17,235.63,2124405.82
2026-02-12 15:00:00+00:00,235.63,238.14,233.79,235.61,2769434.8
2026-02-12 16:00:00+00:00,235.61,235.87,229.06,230.55,4977672.89
2026-02-12 17:00:00+00:00,230.55,232.24,229.11,229.99,2453458.02
2026-02-12 18:00:00+00:00,229.99,231.88,228.12,229.75,3435790.67
2026-02-12 19:00:00+00:00,229.75,233.08,228.29,230.73,1831374.15
2026-02-12 20:00:00+00:00,230.73,232.18,228.65,229.92,1919579.55
2026-02-12 21:00:00+00:00,229.92,231.23,229.14,229.71,1690078.45
2026-02-12 22:00:00+00:00,229.71,233.21,229.51,232.52,2115851.61
2026-02-12 23:00:00+00:00,232.52,233.64,231.55,233.08,1413353.15
2026-02-13 00:00:00+00:00,233.08,234.14,231.4,232.6,2391013.21
2026-02-13 01:00:00+00:00,232.6,234.6,232.36,233.59,941092.21
2026-02-13 02:00:00+00:00,233.59,234.33,232.92,233.45,914460.03
2026-02-13 03:00:00+00:00,233.45,233.56,230.99,231.18,2133644.17
2026-02-13 04:00:00+00:00,231.18,231.61,229.22,229.26,3732634.71
2026-02-13 05:00:00+00:00,229.26,230.79,228.84,229.5,1666313.65
2026-02-13 06:00:00+00:00,229.5,231.21,228.91,230.72,3037075.58
2026-02-13 07:00:00+00:00,230.72,231.74,229.79,230.83,963796.69
2026-02-13 08:00:00+00:00,230.83,234.1,230.33,233.18,1908877.36
2026-02-13 09:00:00+00:00,233.18,233.96,232.26,233.4,1066221.65
2026-02-13 10:00:00+00:00,233.4,234.21,232.84,233.61,1538443.06
2026-02-13 11:00:00+00:00,233.61,233.61,231.51,233.38,1990182.14
2026-02-13 12:00:00+00:00,233.38,234.52,232.6,233.76,1197049.01
2026-02-13 13:00:00+00:00,233.76,237.55,233.27,235.1,2228716.18
2026-02-13 14:00:00+00:00,235.1,239.84,234.15,238.08,4572986.1
2026-02-13 15:00:00+00:00,238.08,245.33,237.43,244.34,7171084.29
2026-02-13 16:00:00+00:00,244.34,258.47,244.34,257.25,14380740.15
2026-02-13 17:00:00+00:00,257.25,257.53,253.55,254.83,8971786.43
2026-02-13 18:00:00+00:00,254.83,271.76,253.4,269.53,18453672.69
2026-02-13 19:00:00+00:00,269.53,281.51,268.92,279.65,10956523.89
2026-02-13 20:00:00+00:00,279.65,281.13,270.72,274.89,12925293.9
2026-02-13 21:00:00+00:00,274.89,278.14,272.41,273.79,7304937.66
2026-02-13 22:00:00+00:00,273.79,274.0,270.18,271.35,5088898.08
2026-02-13 23:00:00+00:00,271.35,272.3,266.9,267.04,7235672.5
2026-02-14 00:00:00+00:00,267.04,280.02,266.71,276.53,10587170.33
2026-02-14 01:00:00+00:00,276.53,279.06,273.73,276.8,6923065.41
2026-02-14 02:00:00+00:00,276.8,281.21,276.4,278.05,6491184.85
2026-02-14 03:00:00+00:00,278.05,281.33,277.37,279.6,2984949.63
2026-02-14 04:00:00+00:00,279.6,279.94,275.47,277.61,3545214.99
2026-02-14 05:00:00+00:00,277.61,287.25,277.46,281.27,6068705.26
2026-02-14 06:00:00+00:00,281.27,283.65,278.7,282.78,3000795.31
2026-02-14 07:00:00+00:00,282.78,288.62,282.41,286.77,7881243.41
2026-02-14 08:00:00+00:00,286.77,290.17,285.58,287.04,10564008.8
2026-02-14 09:00:00+00:00,287.04,287.55,279.8,280.62,4931848.03
2026-02-14 10:00:00+00:00,280.62,283.46,279.66,282.95,3827751.77
2026-02-14 11:00:00+00:00,282.95,286.15,280.29,280.79,7581538.41
2026-02-14 12:00:00+00:00,280.79,287.75,279.85,284.53,8929282.0
2026-02-14 13:00:00+00:00,284.53,285.1,281.08,284.11,8980467.23
2026-02-14 14:00:00+00:00,284.11,284.97,280.72,282.74,4470101.69
2026-02-14 15:00:00+00:00,282.74,286.85,282.27,284.66,5034859.33
2026-02-14 16:00:00+00:00,284.66,285.99,282.14,285.98,5537748.52
2026-02-14 17:00:00+00:00,285.98,286.45,281.71,283.01,5768399.93
2026-02-14 18:00:00+00:00,283.01,298.5,282.77,296.31,13411323.99
2026-02-14 19:00:00+00:00,296.31,319.27,295.48,314.5,20934178.8
2026-02-14 20:00:00+00:00,314.5,316.76,306.54,316.43,11582965.94
2026-02-14 21:00:00+00:00,316.43,330.81,315.88,323.26,25374870.48
2026-02-14 22:00:00+00:00,323.26,333.28,322.08,324.31,11141685.16
2026-02-14 23:00:00+00:00,324.31,329.33,321.92,323.4,6059830.44
2026-02-15 00:00:00+00:00,323.4,325.17,318.51,323.78,4655541.27
2026-02-15 01:00:00+00:00,323.78,329.0,318.99,328.57,8267602.34
2026-02-15 02:00:00+00:00,328.57,329.03,322.88,326.82,6473730.96
2026-02-15 03:00:00+00:00,326.82,329.09,322.47,327.45,5614863.91
2026-02-15 04:00:00+00:00,327.45,332.69,319.87,320.82,10044158.8
2026-02-15 05:00:00+00:00,320.82,323.0,315.7,317.24,9208863.79
2026-02-15 06:00:00+00:00,317.24,317.6,310.71,313.91,8539294.83
2026-02-15 07:00:00+00:00,313.91,315.14,308.62,310.03,7095231.33
2026-02-15 08:00:00+00:00,310.03,311.09,302.99,304.59,10377137.11
2026-02-15 09:00:00+00:00,304.59,311.07,304.05,310.15,5743199.24
2026-02-15 10:00:00+00:00,310.15,311.57,307.68,310.45,3440817.78
2026-02-15 11:00:00+00:00,310.45,312.61,306.46,307.9,3914473.64
2026-02-15 12:00:00+00:00,307.9,309.85,301.74,301.77,8350913.66
2026-02-15 13:00:00+00:00,301.77,305.84,293.49,295.42,14923281.31
2026-02-15 14:00:00+00:00,295.42,300.02,293.6,298.86,6111314.53
2026-02-15 15:00:00+00:00,298.86,299.7,295.72,296.79,3006308.22
2026-02-15 16:00:00+00:00,296.79,296.94,290.79,291.78,5524151.9
2026-02-15 17:00:00+00:00,291.78,293.81,287.61,291.33,4071266.2
2026-02-15 18:00:00+00:00,291.33,296.07,288.58,294.23,5916541.69
2026-02-15 19:00:00+00:00,294.23,297.95,292.38,294.51,5245112.29
2026-02-15 20:00:00+00:00,294.51,295.39,292.15,293.05,2725895.77
2026-02-15 21:00:00+00:00,293.05,296.94,292.77,295.33,3509329.17
2026-02-15 22:00:00+00:00,295.33,297.19,293.4,297.12,1997225.44
2026-02-15 23:00:00+00:00,297.12,298.56,294.0,297.78,1923761.87
2026-02-16 00:00:00+00:00,297.78,308.24,296.9,297.7,11471397.43
2026-02-16 01:00:00+00:00,297.7,298.29,292.21,294.22,4158447.65
2026-02-16 02:00:00+00:00,294.22,294.97,287.7,288.79,5741372.75
2026-02-16 03:00:00+00:00,288.79,293.62,288.79,292.4,2014809.34
2026-02-16 04:00:00+00:00,292.4,294.04,290.77,292.9,2498908.85
2026-02-16 05:00:00+00:00,292.9,293.28,284.79,285.47,4206644.82
2026-02-16 06:00:00+00:00,285.47,286.71,282.13,283.99,2893347.73
2026-02-16 07:00:00+00:00,283.99,285.78,282.06,283.77,1407827.3
2026-02-16 08:00:00+00:00,283.77,286.68,283.2,285.77,1119479.96
2026-02-16 09:00:00+00:00,285.77,290.47,283.79,288.84,4342135.79
2026-02-16 10:00:00+00:00,288.84,293.71,287.97,292.45,4458569.41
2026-02-16 11:00:00+00:00,292.45,296.4,289.51,295.02,9634600.21
2026-02-16 12:00:00+00:00,295.02,303.62,294.47,299.97,7376074.02
2026-02-16 13:00:00+00:00,299.97,310.85,293.36,296.18,19205354.44
2026-02-16 14:00:00+00:00,296.18,298.43,291.73,295.04,8640800.15
2026-02-16 15:00:00+00:00,295.04,296.84,286.3,288.01,8022384.3
2026-02-16 16:00:00+00:00,288.01,291.74,286.87,288.4,4838094.07
2026-02-16 17:00:00+00:00,288.4,289.62,282.92,288.72,5066271.0
2026-02-16 18:00:00+00:00,288.72,290.37,286.89,287.63,2591281.97
2026-02-16 19:00:00+00:00,287.63,289.9,286.37,288.93,1261680.17
2026-02-16 20:00:00+00:00,288.93,292.16,286.97,291.63,1867088.97
2026-02-16 21:00:00+00:00,291.63,294.65,289.75,293.44,3375890.74
2026-02-16 22:00:00+00:00,293.44,294.08,289.97,290.77,1924289.99
2026-02-16 23:00:00+00:00,290.77,294.72,289.43,294.15,2416780.71
2026-02-17 00:00:00+00:00,294.15,294.59,290.58,293.4,1667113.02
2026-02-17 01:00:00+00:00,293.4,294.77,291.23,293.76,1849253.79
2026-02-17 02:00:00+00:00,293.76,296.73,292.23,295.4,3451831.33
2026-02-17 03:00:00+00:00,295.4,296.1,290.88,291.35,2752748.19
2026-02-17 04:00:00+00:00,291.35,291.78,287.36,289.34,2021167.58
2026-02-17 05:00:00+00:00,289.34,291.5,286.25,288.55,2313266.8
2026-02-17 06:00:00+00:00,288.55,291.25,286.32,287.91,2065728.8
2026-02-17 07:00:00+00:00,287.91,288.06,286.3,286.34,1615970.74
2026-02-17 08:00:00+00:00,286.34,287.5,283.18,284.92,3384672.58
2026-02-17 09:00:00+00:00,284.92,286.28,282.7,285.22,3003425.53
2026-02-17 10:00:00+00:00,285.22,287.1,283.13,284.04,1428436.35
2026-02-17 11:00:00+00:00,284.04,294.12,281.36,293.56,7905281.71
2026-02-17 12:00:00+00:00,293.56,294.75,286.65,286.85,7265920.32
2026-02-17 13:00:00+00:00,286.85,293.88,285.74,293.15,6656966.26
2026-02-17 14:00:00+00:00,293.15,294.19,281.58,283.0,5940142.2
2026-02-17 15:00:00+00:00,283.0,285.13,278.4,284.93,5779076.85
2026-02-17 16:00:00+00:00,284.93,291.13,284.15,286.58,7204515.6
2026-02-17 17:00:00+00:00,286.58,288.51,282.49,284.88,2346305.18
2026-02-17 18:00:00+00:00,284.88,290.2,284.37,289.16,2682684.41
2026-02-17 19:00:00+00:00,289.16,290.47,287.25,288.11,1847341.71
2026-02-17 20:00:00+00:00,288.11,288.46,284.54,286.8,2112916.08
2026-02-17 21:00:00+00:00,286.8,289.1,286.22,288.7,1248600.59
2026-02-17 22:00:00+00:00,288.7,289.58,287.67,288.35,698167.5
2026-02-17 23:00:00+00:00,288.35,297.54,288.11,296.38,5716172.06
2026-02-18 00:00:00+00:00,296.38,303.8,293.24,298.06,6389474.92
2026-02-18 01:00:00+00:00,298.06,299.69,285.27,292.93,11772174.73
2026-02-18 02:00:00+00:00,292.93,296.84,291.96,295.41,4596792.95
2026-02-18 03:00:00+00:00,295.41,298.55,294.24,296.08,4077947.7
2026-02-18 04:00:00+00:00,296.08,296.4,293.15,293.92,1861521.08
2026-02-18 05:00:00+00:00,293.92,295.22,290.98,291.22,1807751.3
2026-02-18 06:00:00+00:00,291.22,293.42,290.55,291.8,1228715.54
2026-02-18 07:00:00+00:00,291.8,292.86,289.36,290.77,2825365.79
2026-02-18 08:00:00+00:00,290.77,293.15,283.21,284.72,6747356.9
2026-02-18 09:00:00+00:00,284.72,287.71,284.03,285.97,5688449.1
2026-02-18 10:00:00+00:00,285.97,287.03,283.55,284.88,2489542.21
2026-02-18 11:00:00+00:00,284.88,286.62,282.71,283.98,2362932.65
2026-02-18 12:00:00+00:00,283.98,285.94,282.92,284.49,1805917.1
2026-02-18 13:00:00+00:00,284.49,284.75,280.18,281.19,1989502.88
2026-02-18 14:00:00+00:00,281.19,282.68,278.65,281.08,3986861.59
2026-02-18 15:00:00+00:00,281.08,286.98,280.63,284.06,3725631.21
2026-02-18 16:00:00+00:00,284.06,284.59,279.31,280.37,2351302.93
2026-02-18 17:00:00+00:00,280.37,282.27,276.83,277.51,3328779.17
2026-02-18 18:00:00+00:00,277.51,278.48,273.28,274.07,3974216.85
2026-02-18 19:00:00+00:00,274.07,276.04,271.42,273.53,4259644.69
2026-02-18 20:00:00+00:00,273.53,273.7,270.33,271.48,2993745.97
2026-02-18 21:00:00+00:00,271.48,271.56,265.93,266.84,5557003.19
2026-02-18 22:00:00+00:00,266.84,267.17,262.99,265.53,4006484.73
2026-02-18 23:00:00+00:00,265.53,266.13,262.14,264.69,3687052.52
2026-02-19 00:00:00+00:00,264.69,265.15,260.8,261.28,2320332.86
2026-02-19 01:00:00+00:00,261.28,267.76,261.27,264.42,3148623.32
2026-02-19 02:00:00+00:00,264.42,266.28,263.93,264.8,1422375.15
2026-02-19 03:00:00+00:00,264.8,265.02,262.44,262.95,1143632.29
2026-02-19 04:00:00+00:00,262.95,264.37,261.9,263.63,877879.93
2026-02-19 05:00:00+00:00,263.63,264.83,258.27,261.16,4173230.63
2026-02-19 06:00:00+00:00,261.16,264.33,261.15,263.29,2207116.52
2026-02-19 07:00:00+00:00,263.29,263.51,261.15,262.9,1233818.82
2026-02-19 08:00:00+00:00,262.9,262.9,259.06,260.51,2336750.47
2026-02-19 09:00:00+00:00,260.51,261.78,257.06,258.09,2464019.96
2026-02-19 10:00:00+00:00,258.09,258.4,255.6,256.08,2438527.46
2026-02-19 11:00:00+00:00,256.08,257.21,255.18,256.85,1484487.27
2026-02-19 12:00:00+00:00,256.85,260.72,256.61,259.41,1415410.91
2026-02-19 13:00:00+00:00,259.41,260.09,255.96,257.27,2023630.49
2026-02-19 14:00:00+00:00,257.27,261.32,253.75,260.2,3887670.2
2026-02-19 15:00:00+00:00,260.2,262.15,258.12,259.55,2232416.47
2026-02-19 16:00:00+00:00,259.55,261.23,257.43,259.58,1677246.64
2026-02-19 17:00:00+00:00,259.58,262.59,257.08,258.62,1646899.14
2026-02-19 18:00:00+00:00,258.62,262.3,258.57,262.08,1717903.94
2026-02-19 19:00:00+00:00,262.08,264.38,260.65,263.43,2110130.2
2026-02-19 20:00:00+00:00,263.43,265.41,262.23,265.34,1468430.32
2026-02-19 21:00:00+00:00,265.34,266.74,263.57,263.66,1175849.63
2026-02-19 22:00:00+00:00,263.66,263.93,261.63,262.44,1138586.82
2026-02-19 23:00:00+00:00,262.44,264.26,261.82,262.15,1025373.2
2026-02-20 00:00:00+00:00,262.15,265.96,261.57,265.76,2036620.37
2026-02-20 01:00:00+00:00,265.76,266.36,263.31,265.0,1800986.21
2026-02-20 02:00:00+00:00,265.0,266.74,262.83,263.16,967066.52
2026-02-20 03:00:00+00:00,263.16,264.9,262.85,263.26,822237.92
2026-02-20 04:00:00+00:00,263.26,264.9,261.92,263.92,2290248.95
2026-02-20 05:00:00+00:00,263.92,267.41,262.59,264.87,2269233.64
2026-02-20 06:00:00+00:00,264.87,265.95,263.66,264.41,1059662.32
2026-02-20 07:00:00+00:00,264.41,264.43,259.42,260.71,1530997.3
2026-02-20 08:00:00+00:00,260.71,262.87,260.41,261.48,1461956.14
2026-02-20 09:00:00+00:00,261.48,264.27,261.33,262.54,4311701.78
2026-02-20 10:00:00+00:00,262.54,264.24,260.25,260.93,2185234.69
2026-02-20 11:00:00+00:00,260.93,261.03,255.29,257.11,4138296.19
2026-02-20 12:00:00+00:00,257.11,258.67,256.13,256.83,1637401.11
2026-02-20 13:00:00+00:00,256.83,258.06,251.28,254.71,4364284.78
2026-02-20 14:00:00+00:00,254.71,257.52,253.43,256.43,2471205.23
2026-02-20 15:00:00+00:00,256.43,263.65,256.43,263.33,5397856.02
2026-02-20 16:00:00+00:00,263.33,263.88,259.82,261.27,2945811.83
2026-02-20 17:00:00+00:00,261.27,261.27,254.6,258.81,3722015.57
2026-02-20 18:00:00+00:00,258.81,260.11,256.87,259.17,2860051.18
2026-02-20 19:00:00+00:00,259.17,259.48,256.56,258.06,1061197.54
2026-02-20 20:00:00+00:00,258.06,259.6,257.46,258.66,875813.62
2026-02-20 21:00:00+00:00,258.66,260.4,258.37,259.99,543948.21
2026-02-20 22:00:00+00:00,259.99,260.27,257.66,259.07,1292328.18
2026-02-20 23:00:00+00:00,259.07,259.83,258.14,258.97,680097.49
2026-02-21 00:00:00+00:00,258.97,260.56,258.74,259.95,1611579.78
2026-02-21 01:00:00+00:00,259.95,262.25,259.71,261.91,1306533.14
2026-02-21 02:00:00+00:00,261.91,263.29,260.8,262.08,942031.1
2026-02-21 03:00:00+00:00,262.08,262.18,259.44,261.46,1289360.69
2026-02-21 04:00:00+00:00,261.46,262.92,260.75,262.24,1233016.68
2026-02-21 05:00:00+00:00,262.24,262.83,261.43,262.78,686937.89
2026-02-21 06:00:00+00:00,262.78,263.89,261.28,261.68,877292.65
2026-02-21 07:00:00+00:00,261.68,262.37,260.51,260.95,496361.95
2026-02-21 08:00:00+00:00,260.95,263.66,260.74,263.42,698085.8
2026-02-21 09:00:00+00:00,263.42,264.86,262.31,262.34,1179519.97
2026-02-21 10:00:00+00:00,262.34,263.15,261.52,261.89,737551.52
2026-02-21 11:00:00+00:00,261.89,262.8,261.55,261.81,548792.73
2026-02-21 12:00:00+00:00,261.81,262.28,259.09,260.0,772936.11
2026-02-21 13:00:00+00:00,260.0,260.89,258.07,260.77,873047.54
2026-02-21 14:00:00+00:00,260.77,263.13,259.79,261.97,1607748.53
2026-02-21 15:00:00+00:00,261.97,262.19,259.26,259.98,1487027.29
2026-02-21 16:00:00+00:00,259.98,260.19,258.0,259.47,1188248.43
2026-02-21 17:00:00+00:00,259.47,260.67,258.24,259.41,891091.02
2026-02-21 18:00:00+00:00,259.41,260.72,259.03,260.06,671208.93
2026-02-21 19:00:00+00:00,260.06,261.09,259.35,259.65,609463.93
2026-02-21 20:00:00+00:00,259.65,260.74,258.92,259.05,595247.6
2026-02-21 21:00:00+00:00,259.05,263.09,258.85,262.43,982120.75
2026-02-21 22:00:00+00:00,262.43,262.53,259.62,259.78,580140.39
2026-02-21 23:00:00+00:00,259.78,260.69,258.97,259.93,796671.28
2026-02-22 00:00:00+00:00,259.93,260.16,257.41,258.87,953215.01
2026-02-22 01:00:00+00:00,258.87,261.15,258.38,260.19,846202.66
2026-02-22 02:00:00+00:00,260.19,260.24,256.88,257.46,1024088.01
2026-02-22 03:00:00+00:00,257.46,257.73,252.97,255.61,3256547.91
2026-02-22 04:00:00+00:00,255.61,256.08,254.86,255.93,646480.49
2026-02-22 05:00:00+00:00,255.93,256.91,253.66,254.29,930174.17
2026-02-22 06:00:00+00:00,254.29,255.1,253.37,254.73,698830.45
2026-02-22 07:00:00+00:00,254.73,255.08,253.29,253.93,925793.8
2026-02-22 08:00:00+00:00,253.93,254.49,247.91,250.16,14426536.51
2026-02-22 09:00:00+00:00,250.16,251.85,248.96,251.04,1806496.06
2026-02-22 10:00:00+00:00,251.04,253.03,250.77,251.89,1357258.27
2026-02-22 11:00:00+00:00,251.89,253.24,249.06,249.32,4827948.69
2026-02-22 12:00:00+00:00,249.32,249.87,246.99,249.03,2947399.81
2026-02-22 13:00:00+00:00,249.03,250.01,247.94,248.9,1612979.93
2026-02-22 14:00:00+00:00,248.9,249.32,246.11,247.28,1777798.93
2026-02-22 15:00:00+00:00,247.28,247.56,245.82,246.42,1448255.59
2026-02-22 16:00:00+00:00,246.42,247.21,244.62,245.65,2225655.7
2026-02-22 17:00:00+00:00,245.65,246.25,242.24,242.98,1975028.87
2026-02-22 18:00:00+00:00,242.98,243.92,242.57,243.19,850407.32
2026-02-22 19:00:00+00:00,243.19,243.27,241.78,242.94,684270.72
2026-02-22 20:00:00+00:00,242.94,244.37,242.11,242.99,615099.41
2026-02-22 21:00:00+00:00,242.99,245.83,242.98,245.3,1143738.65
2026-02-22 22:00:00+00:00,245.3,246.93,244.85,245.44,839177.02
2026-02-22 23:00:00+00:00,245.44,246.08,243.95,244.63,783091.28
2026-02-23 00:00:00+00:00,244.63,244.7,241.94,242.35,1107850.83
2026-02-23 01:00:00+00:00,242.35,242.39,230.19,231.77,10179549.45
2026-02-23 02:00:00+00:00,231.77,235.96,230.83,235.43,3206213.24
2026-02-23 03:00:00+00:00,235.43,240.27,233.52,239.15,2721140.58
2026-02-23 04:00:00+00:00,239.15,240.04,237.14,238.83,2018468.71
2026-02-23 05:00:00+00:00,238.83,239.52,237.05,238.63,1284355.16
2026-02-23 06:00:00+00:00,238.63,247.49,238.63,246.47,5247110.18
2026-02-23 07:00:00+00:00,246.47,248.78,244.35,244.88,2149735.51
2026-02-23 08:00:00+00:00,244.88,245.97,243.72,244.33,1633200.85
2026-02-23 09:00:00+00:00,244.33,249.61,244.33,248.91,2450005.04
2026-02-23 10:00:00+00:00,248.91,251.03,245.22,245.48,2833114.19
2026-02-23 11:00:00+00:00,245.48,247.49,245.18,245.66,1836968.94
2026-02-23 12:00:00+00:00,245.66,252.93,244.83,249.91,3157240.99
2026-02-23 13:00:00+00:00,249.91,250.48,246.54,246.94,4714999.73
2026-02-23 14:00:00+00:00,246.94,248.66,245.4,246.56,2838031.7
2026-02-23 15:00:00+00:00,246.56,247.36,243.5,244.16,3286180.09
2026-02-23 16:00:00+00:00,244.16,244.27,240.21,241.9,3306082.97
2026-02-23 17:00:00+00:00,241.9,242.89,238.29,241.99,3700272.4
2026-02-23 18:00:00+00:00,241.99,242.51,240.01,240.63,1988445.46
2026-02-23 19:00:00+00:00,240.63,241.58,237.71,238.53,1944455.02
2026-02-23 20:00:00+00:00,238.53,238.53,236.22,237.61,1740791.83
2026-02-23 21:00:00+00:00,237.61,239.63,237.53,239.3,1437108.51
2026-02-23 22:00:00+00:00,239.3,240.51,238.89,239.17,1629380.41
2026-02-23 23:00:00+00:00,239.17,240.29,237.13,237.57,1077556.15
2026-02-24 00:00:00+00:00,237.57,239.42,237.57,238.76,946236.27
2026-02-24 01:00:00+00:00,238.76,240.01,233.59,237.4,2894232.22
2026-02-24 02:00:00+00:00,237.4,238.27,235.48,235.91,1532525.29
2026-02-24 03:00:00+00:00,235.91,236.46,233.89,234.95,2724499.75
2026-02-24 04:00:00+00:00,234.95,235.2,231.62,233.6,1638538.69
2026-02-24 05:00:00+00:00,233.6,234.33,231.03,232.25,1606802.03
2026-02-24 06:00:00+00:00,232.25,235.47,231.86,232.82,1664566.22
2026-02-24 07:00:00+00:00,232.82,234.27,232.11,233.05,2085203.99
2026-02-24 08:00:00+00:00,233.05,233.99,231.74,232.55,1240899.24
2026-02-24 09:00:00+00:00,232.55,233.21,230.82,232.42,3870358.62
2026-02-24 10:00:00+00:00,232.42,234.33,232.19,234.08,1099815.74
2026-02-24 11:00:00+00:00,234.08,234.89,232.96,233.99,1119967.02
2026-02-24 12:00:00+00:00,233.99,234.65,232.08,232.68,2169780.83
2026-02-24 13:00:00+00:00,232.68,233.94,231.16,233.7,2634072.27
2026-02-24 14:00:00+00:00,233.7,234.62,229.38,233.86,3272574.76
2026-02-24 15:00:00+00:00,233.86,239.53,232.85,238.6,5836706.62
2026-02-24 16:00:00+00:00,238.6,246.41,238.36,244.52,6138030.67
2026-02-24 17:00:00+00:00,244.52,245.51,242.72,244.81,1919542.19
2026-02-24 18:00:00+00:00,244.81,247.5,243.22,246.41,3003638.36
2026-02-24 19:00:00+00:00,246.41,247.17,244.21,244.46,1537401.12
2026-02-24 20:00:00+00:00,244.46,246.81,243.56,246.41,1105598.74
2026-02-24 21:00:00+00:00,246.41,246.41,244.01,244.74,1214152.98
2026-02-24 22:00:00+00:00,244.74,245.41,242.45,243.32,1054980.25
2026-02-24 23:00:00+00:00,243.32,244.95,241.78,242.78,1098754.02
2026-02-25 00:00:00+00:00,242.78,243.22,240.82,242.61,988746.75
2026-02-25 01:00:00+00:00,242.61,250.74,242.11,248.49,6334828.16
2026-02-25 02:00:00+00:00,248.49,249.97,245.73,246.1,3049472.48
2026-02-25 03:00:00+00:00,246.1,246.23,239.34,239.84,5359499.44
2026-02-25 04:00:00+00:00,239.84,240.23,236.24,239.27,4043405.12
2026-02-25 05:00:00+00:00,239.27,240.26,235.91,237.15,2836513.83
2026-02-25 06:00:00+00:00,237.15,238.6,234.94,235.5,4220306.24
2026-02-25 07:00:00+00:00,235.5,236.74,234.94,235.86,5501976.73
2026-02-25 08:00:00+00:00,235.86,239.67,234.65,239.15,5821597.31
2026-02-25 09:00:00+00:00,239.15,242.18,238.18,241.82,7985732.86
2026-02-25 10:00:00+00:00,241.82,242.21,238.85,238.96,3164079.74
2026-02-25 11:00:00+00:00,238.96,239.01,236.29,238.59,6275579.01
2026-02-25 12:00:00+00:00,238.59,242.67,237.35,242.03,7540055.98
2026-02-25 13:00:00+00:00,242.03,245.64,240.34,242.95,13048538.32
2026-02-25 14:00:00+00:00,242.95,249.63,242.51,248.4,7458568.41
2026-02-25 15:00:00+00:00,248.4,250.26,245.31,248.05,9926303.97
2026-02-25 16:00:00+00:00,248.05,253.83,247.6,253.45,10607103.31
2026-02-25 17:00:00+00:00,253.45,256.86,251.92,253.81,14119600.07
2026-02-25 18:00:00+00:00,253.81,258.51,251.85,255.81,10658974.2
2026-02-25 19:00:00+00:00,255.81,256.78,254.28,256.57,4958658.75
2026-02-25 20:00:00+00:00,256.57,258.49,254.4,256.07,5394465.73
2026-02-25 21:00:00+00:00,256.07,261.14,254.32,257.07,6166862.74
2026-02-25 22:00:00+00:00,257.07,258.05,250.49,252.06,5025249.8
2026-02-25 23:00:00+00:00,252.06,253.1,242.57,244.19,8716911.52
2026-02-26 00:00:00+00:00,244.19,247.35,242.65,245.79,6195291.89
2026-02-26 01:00:00+00:00,245.79,250.82,244.92,248.03,4692904.41
2026-02-26 02:00:00+00:00,248.03,251.78,246.36,250.17,2847729.11
2026-02-26 03:00:00+00:00,250.17,254.56,249.82,252.61,1798819.36
2026-02-26 04:00:00+00:00,252.61,257.19,252.16,255.31,3229812.24
2026-02-26 05:00:00+00:00,255.31,255.63,248.6,248.76,4618536.86
2026-02-26 06:00:00+00:00,248.76,251.78,248.08,250.65,4423846.41
2026-02-26 07:00:00+00:00,250.65,252.12,248.42,248.95,2895958.44
2026-02-26 08:00:00+00:00,248.95,249.44,244.81,245.47,3269970.98
2026-02-26 09:00:00+00:00,245.47,247.78,244.1,247.27,3814492.47
2026-02-26 10:00:00+00:00,247.27,247.37,243.78,243.9,2208094.71
2026-02-26 11:00:00+00:00,243.9,245.16,241.41,241.85,3155293.54
2026-02-26 12:00:00+00:00,241.85,244.59,241.01,243.93,3042073.89
2026-02-26 13:00:00+00:00,243.93,244.1,242.23,242.99,1739571.56
2026-02-26 14:00:00+00:00,242.99,245.68,241.88,243.88,2688888.99
2026-02-26 15:00:00+00:00,243.88,244.26,239.46,241.3,3652653.26
2026-02-26 16:00:00+00:00,241.3,242.7,237.87,238.58,2413864.05
2026-02-26 17:00:00+00:00,238.58,239.86,235.84,236.49,1453711.16
2026-02-26 18:00:00+00:00,236.49,239.15,235.58,239.08,2016395.87
2026-02-26 19:00:00+00:00,239.08,240.74,238.82,240.22,1183913.51
2026-02-26 20:00:00+00:00,240.22,240.93,237.68,238.3,884802.22
2026-02-26 21:00:00+00:00,238.3,239.44,237.65,238.37,689724.96
2026-02-26 22:00:00+00:00,238.37,238.47,237.38,238.41,449092.61
2026-02-26 23:00:00+00:00,238.41,239.41,237.82,238.89,753026.28
2026-02-27 00:00:00+00:00,238.89,239.87,237.74,238.55,1050966.18
2026-02-27 01:00:00+00:00,238.55,239.5,237.39,239.01,1361119.79
2026-02-27 02:00:00+00:00,239.01,239.85,238.18,239.28,408370.0
2026-02-27 03:00:00+00:00,239.28,241.29,237.49,240.52,1785323.46
2026-02-27 04:00:00+00:00,240.52,244.96,240.27,242.46,3001031.44
2026-02-27 05:00:00+00:00,242.46,244.03,241.21,241.72,766733.44
2026-02-27 06:00:00+00:00,241.72,241.95,239.29,239.84,782152.57
2026-02-27 07:00:00+00:00,239.84,239.84,236.97,238.5,1369186.35
2026-02-27 08:00:00+00:00,238.5,240.47,238.04,240.1,1106118.0
2026-02-27 09:00:00+00:00,240.1,240.17,235.72,235.92,1981578.74
2026-02-27 10:00:00+00:00,235.92,236.59,232.41,232.72,2786116.56
2026-02-27 11:00:00+00:00,232.72,234.03,224.34,226.55,5188980.53
2026-02-27 12:00:00+00:00,226.55,226.97,224.83,225.95,2473625.14
2026-02-27 13:00:00+00:00,225.95,228.19,224.97,226.27,2481957.13
2026-02-27 14:00:00+00:00,226.27,226.64,221.48,222.71,2994376.66
2026-02-27 15:00:00+00:00,222.71,224.34,222.27,223.62,1731386.75
2026-02-27 16:00:00+00:00,223.62,224.07,221.64,222.59,1900783.47
2026-02-27 17:00:00+00:00,222.59,223.18,220.58,221.92,1942436.62
2026-02-27 18:00:00+00:00,221.92,222.7,218.85,219.28,2793053.8
2026-02-27 19:00:00+00:00,219.28,219.57,214.5,217.42,3924831.85
2026-02-27 20:00:00+00:00,217.42,218.65,216.88,217.94,1030931.49
2026-02-27 21:00:00+00:00,217.94,218.96,216.63,217.83,924053.17
2026-02-27 22:00:00+00:00,217.83,218.62,214.52,218.42,1677025.55
2026-02-27 23:00:00+00:00,218.42,219.79,218.02,219.34,913448.48
2026-02-28 00:00:00+00:00,219.34,221.12,219.05,219.3,1093070.29
2026-02-28 01:00:00+00:00,219.3,219.49,217.76,218.98,712174.18
2026-02-28 02:00:00+00:00,218.98,223.91,218.72,221.55,3222510.94
2026-02-28 03:00:00+00:00,221.55,222.0,219.91,221.41,1563085.13
2026-02-28 04:00:00+00:00,221.41,221.59,218.92,220.61,565391.73
2026-02-28 05:00:00+00:00,220.61,220.62,218.49,219.46,634289.75
2026-02-28 06:00:00+00:00,219.46,219.47,204.57,205.49,11629285.86
2026-02-28 07:00:00+00:00,205.49,210.82,204.23,208.62,3185895.08
2026-02-28 08:00:00+00:00,208.62,208.62,203.55,204.13,2508515.58
2026-02-28 09:00:00+00:00,204.13,207.01,203.81,206.1,2089689.52
2026-02-28 10:00:00+00:00,206.1,208.46,205.09,207.56,2084774.94
2026-02-28 11:00:00+00:00,207.56,208.92,205.85,206.2,2128047.06
2026-02-28 12:00:00+00:00,206.2,208.98,206.08,208.16,1085015.08
2026-02-28 13:00:00+00:00,208.16,212.71,205.5,212.4,3124045.45
2026-02-28 14:00:00+00:00,212.4,214.35,209.62,209.8,4152664.04
2026-02-28 15:00:00+00:00,209.8,211.27,208.4,210.04,1598614.52
2026-02-28 16:00:00+00:00,210.04,210.8,207.55,209.21,1712363.4
2026-02-28 17:00:00+00:00,209.21,210.38,207.34,209.97,792730.32
2026-02-28 18:00:00+00:00,209.97,216.68,208.83,214.84,2119430.41
2026-02-28 19:00:00+00:00,214.84,218.42,213.3,216.74,3818540.88
2026-02-28 20:00:00+00:00,216.74,219.9,215.63,219.59,3873572.53
2026-02-28 21:00:00+00:00,219.59,219.89,216.38,218.76,3224962.39
2026-02-28 22:00:00+00:00,218.76,224.14,218.76,222.07,5080743.69
2026-02-28 23:00:00+00:00,222.07,222.46,219.11,220.33,2820123.73
2026-03-01 00:00:00+00:00,220.33,221.73,218.92,221.01,1740543.76
2026-03-01 01:00:00+00:00,221.01,226.45,218.31,224.91,3395665.99
2026-03-01 02:00:00+00:00,224.91,233.99,224.91,232.12,7583080.03
2026-03-01 03:00:00+00:00,232.12,233.16,229.5,230.83,3301520.23
2026-03-01 04:00:00+00:00,230.83,233.33,228.52,231.46,3698332.23
2026-03-01 05:00:00+00:00,231.46,231.9,228.6,229.05,1530046.35
2026-03-01 06:00:00+00:00,229.05,229.19,222.33,223.99,3257057.96
2026-03-01 07:00:00+00:00,223.99,227.55,223.1,225.71,1796289.15
2026-03-01 08:00:00+00:00,225.71,225.74,221.05,222.02,2369970.11
2026-03-01 09:00:00+00:00,222.02,224.26,221.24,221.98,1265160.23
2026-03-01 10:00:00+00:00,221.98,223.93,220.83,223.59,2399494.73
2026-03-01 11:00:00+00:00,223.59,224.91,221.0,221.99,3517769.1
2026-03-01 12:00:00+00:00,221.99,222.01,218.76,218.99,2570805.98
2026-03-01 13:00:00+00:00,218.99,224.81,217.85,223.51,2890471.55
2026-03-01 14:00:00+00:00,223.51,225.5,219.35,219.88,5065926.52
2026-03-01 15:00:00+00:00,219.88,223.25,219.11,220.36,1564014.33
2026-03-01 16:00:00+00:00,220.36,221.78,216.13,217.3,2119107.91
2026-03-01 17:00:00+00:00,217.3,217.88,215.09,216.66,1627248.57
2026-03-01 18:00:00+00:00,216.66,220.55,216.66,219.09,1672617.06
2026-03-01 19:00:00+00:00,219.09,219.15,215.43,215.71,1671026.04
2026-03-01 20:00:00+00:00,215.71,215.73,212.03,212.67,2745146.91
2026-03-01 21:00:00+00:00,212.67,215.4,211.91,215.0,1704667.55
2026-03-01 22:00:00+00:00,215.0,218.85,212.97,213.07,2288725.26
2026-03-01 23:00:00+00:00,213.07,215.59,212.71,213.36,1463320.23
2026-03-02 00:00:00+00:00,213.36,220.39,213.3,218.62,3003496.3
2026-03-02 01:00:00+00:00,218.62,221.47,217.65,219.41,2005364.37
2026-03-02 02:00:00+00:00,219.41,220.39,216.78,217.48,1812287.53
2026-03-02 03:00:00+00:00,217.48,219.87,215.92,217.94,1711252.38
2026-03-02 04:00:00+00:00,217.94,218.51,217.01,217.62,954914.41
2026-03-02 05:00:00+00:00,217.62,217.66,215.39,216.0,1684767.58
2026-03-02 06:00:00+00:00,216.0,216.03,212.7,214.13,1560729.96
2026-03-02 07:00:00+00:00,214.13,214.18,211.3,212.79,2855405.67
2026-03-02 08:00:00+00:00,212.79,215.05,212.04,214.83,2120871.89
2026-03-02 09:00:00+00:00,214.83,216.87,214.49,214.67,1265684.48
2026-03-02 10:00:00+00:00,214.67,215.56,212.78,213.79,1300405.94
2026-03-02 11:00:00+00:00,213.79,214.25,212.46,213.47,1014143.42
2026-03-02 12:00:00+00:00,213.47,213.99,212.13,212.88,939139.77
2026-03-02 13:00:00+00:00,212.88,214.13,212.11,212.76,1377209.73
2026-03-02 14:00:00+00:00,212.76,219.85,212.0,219.21,3651706.91
2026-03-02 15:00:00+00:00,219.21,226.23,218.89,223.17,6944707.14
2026-03-02 16:00:00+00:00,223.17,225.92,220.52,222.63,5765438.97
2026-03-02 17:00:00+00:00,222.63,223.58,218.58,221.07,3299607.85
2026-03-02 18:00:00+00:00,221.07,221.43,218.9,219.75,1485320.08
2026-03-02 19:00:00+00:00,219.75,220.81,217.96,220.23,1567323.13
2026-03-02 20:00:00+00:00,220.23,221.38,218.15,219.66,1897341.86
2026-03-02 21:00:00+00:00,219.66,222.86,218.38,222.7,1750204.52
2026-03-02 22:00:00+00:00,222.7,225.38,222.7,223.64,2248694.09
2026-03-02 23:00:00+00:00,223.64,224.97,221.59,223.84,2650720.01
2026-03-03 00:00:00+00:00,223.84,224.57,220.32,222.4,2917616.22
2026-03-03 01:00:00+00:00,222.4,223.43,221.05,221.77,982458.89
2026-03-03 02:00:00+00:00,221.77,223.46,219.76,222.43,1415084.18
2026-03-03 03:00:00+00:00,222.43,223.35,220.61,222.03,1180207.68
2026-03-03 04:00:00+00:00,222.03,222.24,219.37,220.09,1591569.1
2026-03-03 05:00:00+00:00,220.09,223.35,218.43,219.31,1703398.75
2026-03-03 06:00:00+00:00,219.31,223.36,219.12,221.22,2024756.87
2026-03-03 07:00:00+00:00,221.22,223.49,220.43,221.2,2086347.18
2026-03-03 08:00:00+00:00,221.2,221.59,214.07,214.48,4034286.85
2026-03-03 09:00:00+00:00,214.48,215.72,212.65,213.42,2251384.81
2026-03-03 10:00:00+00:00,213.42,214.96,212.73,214.84,1298714.12
2026-03-03 11:00:00+00:00,214.84,215.35,213.39,214.96,951982.07
2026-03-03 12:00:00+00:00,214.96,218.93,214.96,216.57,1673037.0
2026-03-03 13:00:00+00:00,216.57,216.65,213.09,214.45,1315095.08
2026-03-03 14:00:00+00:00,214.45,218.52,211.34,213.01,4241183.0
2026-03-03 15:00:00+00:00,213.01,216.91,211.09,216.48,4181038.91
2026-03-03 16:00:00+00:00,216.48,223.56,215.68,218.75,7496199.84
2026-03-03 17:00:00+00:00,218.75,219.33,215.54,218.35,2212087.23
2026-03-03 18:00:00+00:00,218.35,221.75,216.89,219.48,3044806.32
2026-03-03 19:00:00+00:00,219.48,220.66,218.35,219.16,2795652.46
2026-03-03 20:00:00+00:00,219.16,220.71,217.88,218.4,1583811.78
2026-03-03 21:00:00+00:00,218.4,218.46,215.57,216.71,2590905.29
2026-03-03 22:00:00+00:00,216.71,220.41,216.62,219.89,1308822.64
2026-03-03 23:00:00+00:00,219.89,222.88,219.52,220.95,3056165.59
2026-03-04 00:00:00+00:00,220.95,221.63,218.36,220.66,1426345.43
2026-03-04 01:00:00+00:00,220.66,222.26,219.75,221.45,1107503.57
2026-03-04 02:00:00+00:00,221.45,221.95,218.82,220.21,934438.58
2026-03-04 03:00:00+00:00,220.21,220.5,215.53,216.61,2238528.18
2026-03-04 04:00:00+00:00,216.61,218.12,215.84,217.74,892363.17
2026-03-04 05:00:00+00:00,217.74,218.95,216.23,217.61,659716.17
2026-03-04 06:00:00+00:00,217.61,219.92,216.34,219.1,1217617.07
2026-03-04 07:00:00+00:00,219.1,222.87,218.53,222.27,1741356.95
2026-03-04 08:00:00+00:00,222.27,228.21,219.15,227.21,5480822.68
2026-03-04 09:00:00+00:00,227.21,234.7,226.05,230.26,9710101.86
2026-03-04 10:00:00+00:00,230.26,230.66,226.01,226.78,3209057.27
2026-03-04 11:00:00+00:00,226.78,227.59,224.45,226.79,1835682.43
2026-03-04 12:00:00+00:00,226.79,229.55,225.33,229.22,2565504.99
2026-03-04 13:00:00+00:00,229.22,238.2,228.78,235.65,7554989.88
2026-03-04 14:00:00+00:00,235.65,243.04,232.19,233.28,9927735.54
2026-03-04 15:00:00+00:00,233.28,242.21,232.85,240.91,8251533.61
2026-03-04 16:00:00+00:00,240.91,241.18,235.22,237.81,4646817.92
2026-03-04 17:00:00+00:00,237.81,239.96,235.04,237.0,4003028.36
2026-03-04 18:00:00+00:00,237.0,243.66,236.43,243.18,4238071.6
2026-03-04 19:00:00+00:00,243.18,249.77,242.45,248.7,7154942.25
2026-03-04 20:00:00+00:00,248.7,251.33,245.87,246.03,6833832.03
2026-03-04 21:00:00+00:00,246.03,250.74,245.12,249.05,5111155.02
2026-03-04 22:00:00+00:00,249.05,250.08,244.03,244.56,4583493.17
2026-03-04 23:00:00+00:00,244.56,245.12,240.82,243.45,5244804.43
2026-03-05 00:00:00+00:00,243.45,244.07,239.87,240.12,2447690.93
2026-03-05 01:00:00+00:00,240.12,242.06,237.78,238.52,2476232.44
2026-03-05 02:00:00+00:00,238.52,240.33,237.06,238.42,1968734.78
2026-03-05 03:00:00+00:00,238.42,239.35,237.32,238.37,1318204.27
2026-03-05 04:00:00+00:00,238.37,239.8,237.32,237.95,2075742.72
2026-03-05 05:00:00+00:00,237.95,238.5,235.25,236.14,1781394.85
2026-03-05 06:00:00+00:00,236.14,237.8,234.43,237.44,2250223.62
2026-03-05 07:00:00+00:00,237.44,237.68,233.72,234.85,1462217.08
2026-03-05 08:00:00+00:00,234.85,236.88,234.62,235.83,1705791.79
2026-03-05 09:00:00+00:00,235.83,238.59,235.65,236.84,1950411.19
2026-03-05 10:00:00+00:00,236.84,240.84,236.04,240.26,3775298.64
2026-03-05 11:00:00+00:00,240.26,240.51,233.42,234.35,5945547.05
2026-03-05 12:00:00+00:00,234.35,235.5,232.33,235.01,2736558.49
2026-03-05 13:00:00+00:00,235.01,235.12,231.39,232.22,2473703.91
2026-03-05 14:00:00+00:00,232.22,234.63,231.45,234.02,3211654.82
2026-03-05 15:00:00+00:00,234.02,234.37,230.82,231.89,2950326.89
2026-03-05 16:00:00+00:00,231.89,232.03,227.97,229.72,3869083.73
2026-03-05 17:00:00+00:00,229.72,230.64,227.51,227.86,2914272.0
2026-03-05 18:00:00+00:00,227.86,229.94,227.71,229.65,1789367.11
2026-03-05 19:00:00+00:00,229.65,231.84,227.81,228.28,1792115.59
2026-03-05 20:00:00+00:00,228.28,231.11,228.13,230.71,2027547.71
2026-03-05 21:00:00+00:00,230.71,232.01,228.73,229.61,2389861.1
2026-03-05 22:00:00+00:00,229.61,230.44,228.68,229.64,964371.67
2026-03-05 23:00:00+00:00,229.64,229.95,225.86,226.47,2057167.13
2026-03-06 00:00:00+00:00,226.47,228.04,225.74,227.22,1464442.55
2026-03-06 01:00:00+00:00,227.22,229.05,225.73,227.79,2024637.98
2026-03-06 02:00:00+00:00,227.79,229.44,227.17,227.7,1377198.56
2026-03-06 03:00:00+00:00,227.7,228.91,226.82,228.47,1044872.16
2026-03-06 04:00:00+00:00,228.47,229.03,225.85,227.29,1131254.73
2026-03-06 05:00:00+00:00,227.29,228.01,225.6,226.78,902105.73
2026-03-06 06:00:00+00:00,226.78,227.26,225.07,225.22,1501156.2
2026-03-06 07:00:00+00:00,225.22,226.73,224.52,225.91,4955010.63
2026-03-06 08:00:00+00:00,225.91,226.04,222.66,224.17,3540509.61
2026-03-06 09:00:00+00:00,224.17,225.31,222.32,225.07,2823449.71
2026-03-06 10:00:00+00:00,225.07,226.22,223.86,224.41,1124782.93
2026-03-06 11:00:00+00:00,224.41,225.24,223.06,223.26,1305906.05
2026-03-06 12:00:00+00:00,223.26,223.69,220.55,221.12,3796204.69
2026-03-06 13:00:00+00:00,221.12,221.99,216.48,216.75,2897796.78
2026-03-06 14:00:00+00:00,216.75,217.35,212.89,213.18,4555314.7
2026-03-06 15:00:00+00:00,213.18,214.94,211.22,211.82,4551495.29
2026-03-06 16:00:00+00:00,211.82,213.9,207.74,208.36,3929091.56
2026-03-06 17:00:00+00:00,208.36,209.6,205.47,206.68,3228709.51
2026-03-06 18:00:00+00:00,206.68,210.89,206.63,210.48,4923619.0
2026-03-06 19:00:00+00:00,210.48,211.9,209.72,210.55,1744628.37
2026-03-06 20:00:00+00:00,210.55,212.94,210.43,212.24,1449411.83
2026-03-06 21:00:00+00:00,212.24,212.5,210.52,211.46,601643.56
2026-03-06 22:00:00+00:00,211.46,212.56,210.84,212.32,708222.32
2026-03-06 23:00:00+00:00,212.32,212.55,209.67,210.11,1145875.77
2026-03-07 00:00:00+00:00,210.11,210.92,209.51,210.24,789172.67
2026-03-07 01:00:00+00:00,210.24,211.17,209.62,210.7,678126.35
2026-03-07 02:00:00+00:00,210.7,211.19,208.94,210.24,1751626.98
2026-03-07 03:00:00+00:00,210.24,210.52,207.75,208.58,1902952.97
2026-03-07 04:00:00+00:00,208.58,209.01,207.65,208.91,739777.83
2026-03-07 05:00:00+00:00,208.91,209.55,208.74,209.11,491230.8
2026-03-07 06:00:00+00:00,209.11,209.11,206.88,207.5,1127136.39
2026-03-07 07:00:00+00:00,207.5,208.1,206.64,207.88,815290.97
2026-03-07 08:00:00+00:00,207.88,208.17,206.17,206.37,741993.99
2026-03-07 09:00:00+00:00,206.37,210.32,205.7,209.18,1914176.54
2026-03-07 10:00:00+00:00,209.18,211.19,208.98,209.21,1049495.79
2026-03-07 11:00:00+00:00,209.21,211.03,207.64,210.32,1254441.69
2026-03-07 12:00:00+00:00,210.32,211.0,208.19,208.69,1112797.2
2026-03-07 13:00:00+00:00,208.69,209.49,207.74,207.97,813654.29
2026-03-07 14:00:00+00:00,207.97,208.65,206.13,207.67,1318940.34
2026-03-07 15:00:00+00:00,207.67,207.98,205.47,206.76,1164302.72
2026-03-07 16:00:00+00:00,206.76,206.98,205.9,206.82,724164.53
2026-03-07 17:00:00+00:00,206.82,208.25,206.32,207.94,821220.02
2026-03-07 18:00:00+00:00,207.94,208.11,206.32,206.5,939360.56
2026-03-07 19:00:00+00:00,206.5,206.65,199.32,200.92,4013013.77
2026-03-07 20:00:00+00:00,200.92,204.09,200.91,203.35,1683920.27
2026-03-07 21:00:00+00:00,203.35,203.76,199.34,200.88,2118489.21
2026-03-07 22:00:00+00:00,200.88,202.03,193.59,194.97,10222977.04
2026-03-07 23:00:00+00:00,194.97,198.47,194.85,197.33,3165943.55
2026-03-08 00:00:00+00:00,197.33,198.26,195.5,196.12,1260261.23
2026-03-08 01:00:00+00:00,196.12,197.28,195.38,196.58,1099062.01
2026-03-08 02:00:00+00:00,196.58,197.68,195.18,195.72,1373104.89
2026-03-08 03:00:00+00:00,195.72,196.18,193.66,195.14,1582418.06
2026-03-08 04:00:00+00:00,195.14,195.79,192.26,193.94,1916326.98
2026-03-08 05:00:00+00:00,193.94,196.62,193.84,194.57,1203683.37
2026-03-08 06:00:00+00:00,194.57,195.0,193.39,194.05,772613.12
2026-03-08 07:00:00+00:00,194.05,196.71,194.02,195.48,1379866.53
2026-03-08 08:00:00+00:00,195.48,196.42,194.43,195.9,991695.12
2026-03-08 09:00:00+00:00,195.9,196.69,195.14,196.01,1289939.49
2026-03-08 10:00:00+00:00,196.01,200.83,195.83,198.9,2159263.5
2026-03-08 11:00:00+00:00,198.9,199.05,196.34,197.99,1592889.16
2026-03-08 12:00:00+00:00,197.99,199.52,195.87,197.92,2013951.14
2026-03-08 13:00:00+00:00,197.92,199.01,195.35,197.88,1804214.77
2026-03-08 14:00:00+00:00,197.88,198.96,196.96,197.64,989898.93
2026-03-08 15:00:00+00:00,197.64,197.98,196.01,196.8,728305.35
2026-03-08 16:00:00+00:00,196.8,198.07,196.56,197.62,1334109.15
2026-03-08 17:00:00+00:00,197.62,199.45,196.75,198.76,1476830.62
2026-03-08 18:00:00+00:00,198.76,198.82,196.03,196.94,1038363.96
2026-03-08 19:00:00+00:00,196.94,202.69,196.65,200.98,2418046.57
2026-03-08 20:00:00+00:00,200.98,203.83,200.36,201.64,2230922.45
2026-03-08 21:00:00+00:00,201.64,202.0,199.84,200.82,1128733.43
2026-03-08 22:00:00+00:00,200.82,200.82,195.82,199.38,3775349.3
2026-03-08 23:00:00+00:00,199.38,200.58,197.33,197.91,1430307.21
2026-03-09 00:00:00+00:00,197.91,201.72,197.58,199.15,1740851.03
2026-03-09 01:00:00+00:00,199.15,200.57,198.09,198.73,1360924.02
2026-03-09 02:00:00+00:00,198.73,200.92,197.91,199.79,1152362.08
2026-03-09 03:00:00+00:00,199.79,205.61,199.64,202.91,3309567.36
2026-03-09 04:00:00+00:00,202.91,204.63,202.3,202.87,987802.23
2026-03-09 05:00:00+00:00,202.87,209.91,202.46,207.48,3077558.5
2026-03-09 06:00:00+00:00,207.48,207.53,203.08,203.94,1683067.16
2026-03-09 07:00:00+00:00,203.94,204.95,200.96,204.55,1694843.93
2026-03-09 08:00:00+00:00,204.55,206.41,204.23,205.39,1136729.69
2026-03-09 09:00:00+00:00,205.39,208.43,204.38,205.46,2283205.5
2026-03-09 10:00:00+00:00,205.46,206.31,203.25,203.8,6378349.48
2026-03-09 11:00:00+00:00,203.8,205.34,202.35,205.01,1225804.62
2026-03-09 12:00:00+00:00,205.01,209.31,204.94,207.99,2443672.86
2026-03-09 13:00:00+00:00,207.99,215.09,207.76,214.31,8345201.13
2026-03-09 14:00:00+00:00,214.31,216.05,211.59,214.86,5783217.18
2026-03-09 15:00:00+00:00,214.86,216.08,212.97,214.82,3449718.39
2026-03-09 16:00:00+00:00,214.82,215.39,212.97,213.64,2309485.43
2026-03-09 17:00:00+00:00,213.64,215.78,212.69,215.18,3233914.64
2026-03-09 18:00:00+00:00,215.18,215.2,212.64,213.65,2557318.75
2026-03-09 19:00:00+00:00,213.65,218.26,213.09,214.96,3689393.26
2026-03-09 20:00:00+00:00,214.96,216.09,213.39,215.15,1388311.57
2026-03-09 21:00:00+00:00,215.15,216.76,214.52,216.59,1348464.55
2026-03-09 22:00:00+00:00,216.59,219.41,214.61,214.85,3445812.77
2026-03-09 23:00:00+00:00,214.85,215.19,212.22,214.53,2513275.4
2026-03-10 00:00:00+00:00,214.53,217.81,213.32,216.18,2636694.47
2026-03-10 01:00:00+00:00,216.18,218.06,215.34,217.73,2113986.45
2026-03-10 02:00:00+00:00,217.73,224.17,217.64,223.67,5707303.27
2026-03-10 03:00:00+00:00,223.67,225.9,220.18,220.93,4655941.56
2026-03-10 04:00:00+00:00,220.93,223.13,218.29,221.65,2745441.68
2026-03-10 05:00:00+00:00,221.65,221.68,217.42,219.05,1968121.37
2026-03-10 06:00:00+00:00,219.05,219.69,216.79,219.59,2889817.65
2026-03-10 07:00:00+00:00,219.59,221.16,218.32,220.14,1292174.49
2026-03-10 08:00:00+00:00,220.14,221.64,219.76,220.56,2720886.59
2026-03-10 09:00:00+00:00,220.56,223.79,220.41,222.66,3417210.47
2026-03-10 10:00:00+00:00,222.66,225.86,220.97,224.94,4504599.65
2026-03-10 11:00:00+00:00,224.94,227.16,223.58,224.88,4381907.64
2026-03-10 12:00:00+00:00,224.88,228.5,224.19,228.28,3489341.66
2026-03-10 13:00:00+00:00,228.28,229.57,221.99,223.13,5351948.62
2026-03-10 14:00:00+00:00,223.13,230.3,219.28,230.04,9208317.57
2026-03-10 15:00:00+00:00,230.04,230.75,224.46,226.91,6288712.87
2026-03-10 16:00:00+00:00,226.91,228.61,224.39,225.58,3205481.6
2026-03-10 17:00:00+00:00,225.58,226.36,222.7,224.66,3479453.57
2026-03-10 18:00:00+00:00,224.66,224.69,220.52,222.05,2326599.84
2026-03-10 19:00:00+00:00,222.05,223.86,221.58,223.34,1739324.24
2026-03-10 20:00:00+00:00,223.34,224.94,223.29,224.62,802649.93
2026-03-10 21:00:00+00:00,224.62,225.51,220.51,220.92,1989882.94
2026-03-10 22:00:00+00:00,220.92,222.53,220.09,221.96,1266184.55
2026-03-10 23:00:00+00:00,221.96,223.02,221.64,222.64,791514.05
2026-03-11 00:00:00+00:00,222.64,222.65,218.56,220.26,2486687.38
2026-03-11 01:00:00+00:00,220.26,220.41,218.52,219.61,1090819.54
2026-03-11 02:00:00+00:00,219.61,219.83,215.15,216.51,2623868.29
2026-03-11 03:00:00+00:00,216.51,216.98,213.24,215.49,5040227.01
2026-03-11 04:00:00+00:00,215.49,216.72,214.77,216.55,1417774.18
2026-03-11 05:00:00+00:00,216.55,217.13,212.54,213.65,1714728.58
2026-03-11 06:00:00+00:00,213.65,214.72,212.99,214.33,2093244.3
2026-03-11 07:00:00+00:00,214.33,215.11,212.76,213.65,1706547.35
2026-03-11 08:00:00+00:00,213.65,214.11,212.55,213.47,1021634.16
2026-03-11 09:00:00+00:00,213.47,213.91,212.39,212.65,1364466.03
2026-03-11 10:00:00+00:00,212.65,213.44,212.1,212.54,1176552.98
2026-03-11 11:00:00+00:00,212.54,212.93,209.1,209.98,3523468.42
2026-03-11 12:00:00+00:00,209.98,213.46,209.65,211.55,4213773.84
2026-03-11 13:00:00+00:00,211.55,216.98,211.25,213.54,6419463.83
2026-03-11 14:00:00+00:00,213.54,216.4,213.35,213.85,2544189.54
2026-03-11 15:00:00+00:00,213.85,214.14,209.82,211.2,3055138.53
2026-03-11 16:00:00+00:00,211.2,211.66,209.46,211.22,3944024.52
2026-03-11 17:00:00+00:00,211.22,213.5,210.5,211.87,2125591.48
2026-03-11 18:00:00+00:00,211.87,213.82,211.34,213.33,3512290.52
2026-03-11 19:00:00+00:00,213.33,214.97,212.31,214.04,1816457.67
2026-03-11 20:00:00+00:00,214.04,214.11,212.3,213.4,706375.01
2026-03-11 21:00:00+00:00,213.4,214.5,212.9,214.01,784912.94
2026-03-11 22:00:00+00:00,214.01,214.98,212.31,212.9,934345.23
2026-03-11 23:00:00+00:00,212.9,213.76,212.27,212.86,813428.95
2026-03-12 00:00:00+00:00,212.86,214.48,211.71,213.78,1584887.94
2026-03-12 01:00:00+00:00,213.78,214.09,212.6,213.49,974665.93
2026-03-12 02:00:00+00:00,213.49,213.86,210.93,211.22,1450655.97
2026-03-12 03:00:00+00:00,211.22,212.22,206.19,207.76,2553226.71
2026-03-12 04:00:00+00:00,207.76,208.97,203.67,204.93,3708113.14
2026-03-12 05:00:00+00:00,204.93,205.68,203.83,205.53,1697972.1
2026-03-12 06:00:00+00:00,205.53,205.9,204.51,205.51,1267754.19
2026-03-12 07:00:00+00:00,205.51,208.08,205.29,208.08,3816432.86
2026-03-12 08:00:00+00:00,208.08,208.9,206.83,208.58,1838236.51
2026-03-12 09:00:00+00:00,208.58,211.68,207.88,210.46,2205016.73
2026-03-12 10:00:00+00:00,210.46,213.47,209.32,212.09,2306823.35
2026-03-12 11:00:00+00:00,212.09,213.16,210.39,211.07,1445508.21
2026-03-12 12:00:00+00:00,211.07,211.8,209.83,210.37,3200691.02
2026-03-12 13:00:00+00:00,210.37,213.05,209.65,210.77,2322695.95
2026-03-12 14:00:00+00:00,210.77,211.81,205.9,208.29,3065807.96
2026-03-12 15:00:00+00:00,208.29,209.9,207.23,208.66,2345152.67
2026-03-12 16:00:00+00:00,208.66,211.74,206.68,210.52,3537043.64
2026-03-12 17:00:00+00:00,210.52,211.28,209.33,210.77,2194582.57
2026-03-12 18:00:00+00:00,210.77,211.25,208.71,209.08,1264149.79
2026-03-12 19:00:00+00:00,209.08,209.86,207.69,208.97,1232173.32
2026-03-12 20:00:00+00:00,208.97,209.02,207.28,207.54,705205.32
2026-03-12 21:00:00+00:00,207.54,209.31,207.54,209.2,772484.05
2026-03-12 22:00:00+00:00,209.2,209.2,206.94,207.97,1270838.66
2026-03-12 23:00:00+00:00,207.97,209.22,207.59,208.27,1551124.5
2026-03-13 00:00:00+00:00,208.27,216.32,207.64,213.26,7539628.03
2026-03-13 01:00:00+00:00,213.26,215.62,212.65,214.75,2251497.5
2026-03-13 02:00:00+00:00,214.75,215.07,211.84,212.41,1797575.03
2026-03-13 03:00:00+00:00,212.41,214.33,211.83,213.67,1368555.34
2026-03-13 04:00:00+00:00,213.67,213.69,211.79,212.79,835958.5
2026-03-13 05:00:00+00:00,212.79,213.56,211.78,213.04,810342.73
2026-03-13 06:00:00+00:00,213.04,213.24,210.38,211.21,1372761.71
2026-03-13 07:00:00+00:00,211.21,211.68,210.31,211.16,1089358.07
2026-03-13 08:00:00+00:00,211.16,213.7,209.48,212.54,3512140.92
2026-03-13 09:00:00+00:00,212.54,216.9,212.43,215.78,3902235.35
2026-03-13 10:00:00+00:00,215.78,218.32,215.04,217.13,3028594.05
2026-03-13 11:00:00+00:00,217.13,218.88,215.5,217.83,2021273.16
2026-03-13 12:00:00+00:00,217.83,224.68,216.22,220.38,7941515.82
2026-03-13 13:00:00+00:00,220.38,223.44,219.31,219.57,4835970.62
2026-03-13 14:00:00+00:00,219.57,220.91,213.02,213.43,7238225.17
2026-03-13 15:00:00+00:00,213.43,215.14,212.45,213.19,5293663.52
2026-03-13 16:00:00+00:00,213.19,215.17,210.83,212.97,5974474.48
2026-03-13 17:00:00+00:00,212.97,214.16,211.89,212.86,2241264.9
2026-03-13 18:00:00+00:00,212.86,214.96,212.8,213.98,1879948.17
2026-03-13 19:00:00+00:00,213.98,214.55,212.34,212.56,1215012.82
2026-03-13 20:00:00+00:00,212.56,212.56,210.83,211.51,1601283.96
2026-03-13 21:00:00+00:00,211.51,212.43,209.62,209.83,1447102.14
2026-03-13 22:00:00+00:00,209.83,209.97,206.54,208.29,3331832.49
2026-03-13 23:00:00+00:00,208.29,208.7,207.65,208.21,775678.55
2026-03-14 00:00:00+00:00,208.21,208.28,205.93,206.26,1642509.78
2026-03-14 01:00:00+00:00,206.26,207.54,205.86,207.04,1045691.95
2026-03-14 02:00:00+00:00,207.04,208.7,206.75,208.23,1001134.9
2026-03-14 03:00:00+00:00,208.23,211.1,208.18,210.49,1827801.52
2026-03-14 04:00:00+00:00,210.49,212.4,209.94,210.97,2811925.04
2026-03-14 05:00:00+00:00,210.97,211.42,209.48,210.03,675066.75
2026-03-14 06:00:00+00:00,210.03,210.03,206.39,207.61,1583367.34
2026-03-14 07:00:00+00:00,207.61,207.92,206.29,206.57,534217.81
2026-03-14 08:00:00+00:00,206.57,207.07,205.73,206.1,1136869.44
2026-03-14 09:00:00+00:00,206.1,208.19,206.04,206.99,1088178.12
2026-03-14 10:00:00+00:00,206.99,208.64,206.76,208.59,715532.39
2026-03-14 11:00:00+00:00,208.59,209.52,208.43,209.22,1037432.21
2026-03-14 12:00:00+00:00,209.22,210.3,208.81,209.16,1350715.79
2026-03-14 13:00:00+00:00,209.16,210.87,208.93,209.45,993336.21
2026-03-14 14:00:00+00:00,209.45,209.96,207.0,207.84,1532525.16
2026-03-14 15:00:00+00:00,207.84,209.62,207.61,209.24,697622.03
2026-03-14 16:00:00+00:00,209.24,210.52,208.67,210.09,1339649.39
2026-03-14 17:00:00+00:00,210.09,210.25,209.05,209.35,1149370.94
2026-03-14 18:00:00+00:00,209.35,209.84,208.45,209.57,647336.6
2026-03-14 19:00:00+00:00,209.57,210.83,209.09,210.44,635159.92
2026-03-14 20:00:00+00:00,210.44,210.44,209.72,209.76,289345.37
2026-03-14 21:00:00+00:00,209.76,211.83,209.38,211.65,950854.84
2026-03-14 22:00:00+00:00,211.65,213.8,211.64,212.01,2421674.53
2026-03-14 23:00:00+00:00,212.01,213.72,211.66,213.13,1498733.02
2026-03-15 00:00:00+00:00,213.13,213.29,211.73,212.48,1169784.73
2026-03-15 01:00:00+00:00,212.48,214.95,211.4,214.59,1270190.25
2026-03-15 02:00:00+00:00,214.59,219.97,214.59,217.9,5268085.17
2026-03-15 03:00:00+00:00,217.9,219.54,216.03,217.69,2771146.25
2026-03-15 04:00:00+00:00,217.69,223.3,217.66,222.94,4532007.57
2026-03-15 05:00:00+00:00,222.94,228.51,222.11,227.2,6498949.95
2026-03-15 06:00:00+00:00,227.2,229.76,226.18,226.66,4571637.83
2026-03-15 07:00:00+00:00,226.66,227.47,224.4,225.28,3977255.65
2026-03-15 08:00:00+00:00,225.28,229.26,224.99,227.8,2961989.09
2026-03-15 09:00:00+00:00,227.8,229.81,223.31,224.29,7428212.6
2026-03-15 10:00:00+00:00,224.29,224.83,222.46,223.2,2314112.61
2026-03-15 11:00:00+00:00,223.2,227.74,222.69,226.84,2163431.27
2026-03-15 12:00:00+00:00,226.84,228.77,225.78,225.92,1957746.52
2026-03-15 13:00:00+00:00,225.92,226.75,223.51,225.6,2149098.24
2026-03-15 14:00:00+00:00,225.6,228.53,224.97,228.08,4941473.68
2026-03-15 15:00:00+00:00,228.08,228.92,226.72,227.4,1823703.82
2026-03-15 16:00:00+00:00,227.4,228.4,223.58,224.19,6410209.5
2026-03-15 17:00:00+00:00,224.19,227.28,223.83,226.5,1667172.62
2026-03-15 18:00:00+00:00,226.5,228.02,226.06,226.4,2476660.96
2026-03-15 19:00:00+00:00,226.4,227.22,225.43,226.73,932140.9
2026-03-15 20:00:00+00:00,226.73,228.87,225.65,225.67,1309352.17
2026-03-15 21:00:00+00:00,225.67,239.32,225.05,232.95,7063605.07
2026-03-15 22:00:00+00:00,232.95,235.04,229.15,229.84,9391197.83
2026-03-15 23:00:00+00:00,229.84,231.94,226.59,229.62,4827262.31
2026-03-16 00:00:00+00:00,229.62,231.74,227.4,229.95,2569697.07
2026-03-16 01:00:00+00:00,229.95,231.74,228.44,230.9,2277171.06
2026-03-16 02:00:00+00:00,230.9,231.09,227.78,229.38,2463482.3
2026-03-16 03:00:00+00:00,229.38,236.82,228.46,234.86,9299625.77
2026-03-16 04:00:00+00:00,234.86,239.02,233.96,237.42,5631150.65
2026-03-16 05:00:00+00:00,237.42,238.7,235.16,236.34,4177629.28
2026-03-16 06:00:00+00:00,236.34,236.6,233.19,233.58,3184484.94
2026-03-16 07:00:00+00:00,233.58,235.11,232.2,234.07,2929484.3
2026-03-16 08:00:00+00:00,234.07,235.2,229.66,231.38,4851006.32
2026-03-16 09:00:00+00:00,231.38,233.06,231.19,231.91,1817918.29
2026-03-16 10:00:00+00:00,231.91,235.07,231.47,234.52,7776153.9
2026-03-16 11:00:00+00:00,234.52,234.84,229.15,231.74,3159961.69
2026-03-16 12:00:00+00:00,231.74,232.26,229.64,230.79,3497137.22
2026-03-16 13:00:00+00:00,230.79,234.56,230.5,231.28,4060336.07
2026-03-16 14:00:00+00:00,231.28,233.51,228.36,232.37,6725842.33
2026-03-16 15:00:00+00:00,232.37,235.52,231.13,234.92,3254057.43
2026-03-16 16:00:00+00:00,234.92,242.86,234.81,241.48,6775779.96
2026-03-16 17:00:00+00:00,241.48,257.2,241.41,256.73,16772040.38
2026-03-16 18:00:00+00:00,256.73,270.45,255.31,267.21,18978554.18
2026-03-16 19:00:00+00:00,267.21,275.59,265.13,266.21,16132687.25
2026-03-16 20:00:00+00:00,266.21,279.71,265.71,277.07,10246376.35
2026-03-16 21:00:00+00:00,277.07,283.8,275.39,282.28,11711379.06
2026-03-16 22:00:00+00:00,282.28,289.29,282.2,283.43,16281219.02
2026-03-16 23:00:00+00:00,283.43,289.52,276.62,276.85,16726993.67
2026-03-17 00:00:00+00:00,276.85,281.92,271.7,276.14,15183604.54
2026-03-17 01:00:00+00:00,276.14,277.41,273.39,276.35,6393727.29
2026-03-17 02:00:00+00:00,276.35,279.44,274.84,277.45,5020436.87
2026-03-17 03:00:00+00:00,277.45,279.46,270.42,272.51,10480745.76
2026-03-17 04:00:00+00:00,272.51,273.34,265.34,267.95,8171445.1
2026-03-17 05:00:00+00:00,267.95,270.6,263.81,269.87,5257462.09
2026-03-17 06:00:00+00:00,269.87,270.74,265.39,266.1,4309647.93
2026-03-17 07:00:00+00:00,266.1,270.91,264.65,268.37,4915664.85
2026-03-17 08:00:00+00:00,268.37,270.4,266.94,268.54,3745491.9
2026-03-17 09:00:00+00:00,268.54,271.91,267.33,270.35,5816431.95
2026-03-17 10:00:00+00:00,270.35,274.42,268.48,274.27,7216239.32
2026-03-17 11:00:00+00:00,274.27,276.73,272.36,272.36,6845230.94
2026-03-17 12:00:00+00:00,272.36,273.51,266.4,269.05,6514081.49
2026-03-17 13:00:00+00:00,269.05,269.84,264.69,267.2,4295986.76
2026-03-17 14:00:00+00:00,267.2,271.27,265.09,267.74,5275593.07
2026-03-17 15:00:00+00:00,267.74,269.87,265.93,268.98,4716403.4
2026-03-17 16:00:00+00:00,268.98,270.82,267.62,268.43,2629794.85
2026-03-17 17:00:00+00:00,268.43,279.58,267.61,278.67,9003222.05
2026-03-17 18:00:00+00:00,278.67,287.84,274.7,278.14,21227294.35
2026-03-17 19:00:00+00:00,278.14,279.59,271.78,272.22,7291254.01
2026-03-17 20:00:00+00:00,272.22,277.29,271.54,275.43,7211700.78
2026-03-17 21:00:00+00:00,275.43,277.08,273.88,275.34,2312105.09
2026-03-17 22:00:00+00:00,275.34,277.0,272.92,273.85,3589050.75
2026-03-17 23:00:00+00:00,273.85,274.06,270.17,272.64,3307729.82
2026-03-18 00:00:00+00:00,272.64,274.25,268.37,273.46,6940608.11
2026-03-18 01:00:00+00:00,273.46,276.34,272.41,274.11,3764955.9
2026-03-18 02:00:00+00:00,274.11,283.31,273.81,280.52,9931561.39
2026-03-18 03:00:00+00:00,280.52,282.97,278.02,281.02,4279848.15
2026-03-18 04:00:00+00:00,281.02,282.36,277.66,278.61,3991970.5
2026-03-18 05:00:00+00:00,278.61,282.31,276.27,276.92,4810660.6
2026-03-18 06:00:00+00:00,276.92,278.75,275.69,277.38,2766542.6
2026-03-18 07:00:00+00:00,277.38,278.25,274.8,277.01,2756379.2
2026-03-18 08:00:00+00:00,277.01,277.79,274.57,275.62,2598098.53
2026-03-18 09:00:00+00:00,275.62,282.58,275.13,281.61,5669618.79
2026-03-18 10:00:00+00:00,281.61,284.65,278.6,279.38,5801071.6
2026-03-18 11:00:00+00:00,279.38,282.2,267.11,268.47,14479834.45
2026-03-18 12:00:00+00:00,268.47,268.57,261.21,263.89,13087878.66
2026-03-18 13:00:00+00:00,263.89,266.11,258.56,259.6,9435234.99
2026-03-18 14:00:00+00:00,259.6,260.39,252.99,254.42,10163878.03
2026-03-18 15:00:00+00:00,254.42,257.67,252.39,256.26,6510646.75
2026-03-18 16:00:00+00:00,256.26,256.75,249.15,250.11,4834866.91
2026-03-18 17:00:00+00:00,250.11,250.31,244.74,246.04,9224175.3
2026-03-18 18:00:00+00:00,246.04,253.34,246.02,247.58,7428670.03
2026-03-18 19:00:00+00:00,247.58,250.14,246.46,246.85,3061579.15
2026-03-18 20:00:00+00:00,246.85,248.24,243.56,246.86,8892876.58
2026-03-18 21:00:00+00:00,246.86,251.21,246.82,250.23,3330558.16
2026-03-18 22:00:00+00:00,250.23,250.35,246.53,248.38,2555047.63
2026-03-18 23:00:00+00:00,248.38,249.19,246.99,248.72,3277754.31
2026-03-19 00:00:00+00:00,248.72,253.27,248.2,249.42,4929252.93
2026-03-19 01:00:00+00:00,249.42,253.37,248.98,253.14,2780256.05
2026-03-19 02:00:00+00:00,253.14,255.53,251.3,251.74,4843943.36
2026-03-19 03:00:00+00:00,251.74,254.77,250.4,252.79,3179350.46
2026-03-19 04:00:00+00:00,252.79,253.03,247.51,247.69,3492573.38
2026-03-19 05:00:00+00:00,247.69,248.21,244.91,246.02,3294256.87
2026-03-19 06:00:00+00:00,246.02,246.85,244.09,246.37,2929894.59
2026-03-19 07:00:00+00:00,246.37,246.49,241.72,244.44,6759083.98
2026-03-19 08:00:00+00:00,244.44,245.03,240.22,241.55,2695288.45
2026-03-19 09:00:00+00:00,241.55,246.07,241.55,244.28,2277484.28
2026-03-19 10:00:00+00:00,244.28,246.35,242.85,243.25,2204384.82
2026-03-19 11:00:00+00:00,243.25,246.2,243.09,244.23,1807850.5
2026-03-19 12:00:00+00:00,244.23,244.36,238.44,239.03,4384684.13
2026-03-19 13:00:00+00:00,239.03,240.5,236.55,240.18,8511203.27
2026-03-19 14:00:00+00:00,240.18,241.0,236.82,238.34,4302882.0
2026-03-19 15:00:00+00:00,238.34,239.25,233.18,235.35,6238480.74
2026-03-19 16:00:00+00:00,235.35,235.94,231.45,231.8,3219319.85
2026-03-19 17:00:00+00:00,231.8,233.93,230.63,233.41,3439180.7
2026-03-19 18:00:00+00:00,233.41,234.24,231.38,232.92,1540465.52
2026-03-19 19:00:00+00:00,232.92,238.21,232.79,236.54,4702742.09
2026-03-19 20:00:00+00:00,236.54,238.91,236.33,237.48,1527830.01
2026-03-19 21:00:00+00:00,237.48,241.47,237.31,239.61,2988328.12
2026-03-19 22:00:00+00:00,239.61,240.17,235.04,236.31,2098178.14
2026-03-19 23:00:00+00:00,236.31,237.51,233.95,234.64,1618586.73
2026-03-20 00:00:00+00:00,234.64,238.34,234.31,236.59,2794804.99
2026-03-20 01:00:00+00:00,236.59,237.78,235.05,235.79,2792870.48
2026-03-20 02:00:00+00:00,235.79,235.94,232.25,235.25,3746778.68
2026-03-20 03:00:00+00:00,235.25,237.76,235.07,237.07,1249978.12
2026-03-20 04:00:00+00:00,237.07,238.83,235.0,236.39,3204463.97
2026-03-20 05:00:00+00:00,236.39,238.29,235.81,237.24,1583726.64
2026-03-20 06:00:00+00:00,237.24,237.29,234.53,235.14,1500280.23
2026-03-20 07:00:00+00:00,235.14,237.54,232.77,236.75,2466523.98
2026-03-20 08:00:00+00:00,236.75,240.68,236.03,237.5,3586261.76
2026-03-20 09:00:00+00:00,237.5,237.59,233.84,234.76,2930540.1
2026-03-20 10:00:00+00:00,234.76,246.24,232.52,235.04,7800626.56
2026-03-20 11:00:00+00:00,235.04,237.41,233.39,233.86,2893364.95
2026-03-20 12:00:00+00:00,233.86,234.67,231.07,231.65,2161066.69
2026-03-20 13:00:00+00:00,231.65,233.46,228.54,230.43,4539312.67
2026-03-20 14:00:00+00:00,230.43,233.71,229.36,230.87,11437442.8
2026-03-20 15:00:00+00:00,230.87,235.28,230.09,235.12,5957809.43
2026-03-20 16:00:00+00:00,235.12,240.1,234.35,235.12,5238985.53
2026-03-20 17:00:00+00:00,235.12,235.38,231.78,233.8,3522550.71
2026-03-20 18:00:00+00:00,233.8,234.13,229.41,231.12,2424410.47
2026-03-20 19:00:00+00:00,231.12,233.28,229.67,232.92,2965816.16
2026-03-20 20:00:00+00:00,232.92,233.48,230.34,232.59,1363763.38
2026-03-20 21:00:00+00:00,232.59,236.64,231.49,235.39,2652847.81
2026-03-20 22:00:00+00:00,235.39,237.88,235.33,236.83,1601451.64
2026-03-20 23:00:00+00:00,236.83,236.92,234.06,234.54,892448.79
2026-03-21 00:00:00+00:00,234.54,236.05,233.71,235.97,1169147.85
2026-03-21 01:00:00+00:00,235.97,236.6,234.67,235.09,1086458.07
2026-03-21 02:00:00+00:00,235.09,235.5,233.87,234.33,978316.65
2026-03-21 03:00:00+00:00,234.33,234.47,233.34,233.94,370301.95
2026-03-21 04:00:00+00:00,233.94,234.7,231.69,232.44,1243280.72
2026-03-21 05:00:00+00:00,232.44,233.55,232.44,232.92,707182.93
2026-03-21 06:00:00+00:00,232.92,233.8,232.59,233.22,641757.82
2026-03-21 07:00:00+00:00,233.22,233.91,231.9,232.08,854470.77
2026-03-21 08:00:00+00:00,232.08,237.16,231.85,234.48,4768565.48
2026-03-21 09:00:00+00:00,234.48,236.21,233.56,233.73,853962.74
2026-03-21 10:00:00+00:00,233.73,234.32,232.66,233.43,729648.64
2026-03-21 11:00:00+00:00,233.43,234.01,232.28,233.58,1028383.07
2026-03-21 12:00:00+00:00,233.58,234.89,233.22,234.31,706882.46
2026-03-21 13:00:00+00:00,234.31,234.82,232.15,232.91,1666004.96
2026-03-21 14:00:00+00:00,232.91,235.31,232.74,232.94,3070776.96
2026-03-21 15:00:00+00:00,232.94,233.45,231.9,232.75,2142648.8
2026-03-21 16:00:00+00:00,232.75,232.81,230.83,231.29,1523292.06
2026-03-21 17:00:00+00:00,231.29,233.27,231.0,232.42,1093356.66
2026-03-21 18:00:00+00:00,232.42,232.98,231.78,232.45,725932.11
2026-03-21 19:00:00+00:00,232.45,232.48,231.26,231.56,289749.69
2026-03-21 20:00:00+00:00,231.56,233.22,231.35,232.71,558386.73
2026-03-21 21:00:00+00:00,232.71,232.74,231.03,231.17,415382.41
2026-03-21 22:00:00+00:00,231.17,231.17,227.21,228.47,1748829.55
2026-03-21 23:00:00+00:00,228.47,228.47,218.41,219.8,7060012.37
2026-03-22 00:00:00+00:00,219.8,222.94,216.81,221.43,5450847.48
2026-03-22 01:00:00+00:00,221.43,222.77,219.41,220.26,1723879.5
2026-03-22 02:00:00+00:00,220.26,222.49,219.25,220.76,1302796.97
2026-03-22 03:00:00+00:00,220.76,223.45,219.96,221.08,1500369.87
2026-03-22 04:00:00+00:00,221.08,221.74,219.83,220.98,1343980.33
2026-03-22 05:00:00+00:00,220.98,221.15,218.32,219.05,1488660.92
2026-03-22 06:00:00+00:00,219.05,219.05,218.17,218.73,1081979.22
2026-03-22 07:00:00+00:00,218.73,219.89,217.63,218.96,2243942.05
2026-03-22 08:00:00+00:00,218.96,219.59,217.75,219.36,1134123.12
2026-03-22 09:00:00+00:00,219.36,220.38,218.2,219.46,804482.47
2026-03-22 10:00:00+00:00,219.46,219.52,217.25,217.46,922449.51
2026-03-22 11:00:00+00:00,217.46,218.05,216.2,217.06,1296930.53
2026-03-22 12:00:00+00:00,217.06,219.59,217.02,218.47,948163.2
2026-03-22 13:00:00+00:00,218.47,221.53,218.32,219.82,1280279.16
2026-03-22 14:00:00+00:00,219.82,221.27,219.25,219.83,1399994.8
2026-03-22 15:00:00+00:00,219.83,220.91,219.63,220.0,1409935.36
2026-03-22 16:00:00+00:00,220.0,221.32,219.56,220.88,630222.19
2026-03-22 17:00:00+00:00,220.88,222.53,220.33,220.59,1727686.16
2026-03-22 18:00:00+00:00,220.59,220.59,217.75,219.26,2104288.97
2026-03-22 19:00:00+00:00,219.26,219.45,217.83,218.89,868584.85
2026-03-22 20:00:00+00:00,218.89,220.05,217.33,217.59,857114.96
2026-03-22 21:00:00+00:00,217.59,217.98,213.63,216.57,3185317.27
2026-03-22 22:00:00+00:00,216.57,218.79,214.74,218.46,1334573.58
2026-03-22 23:00:00+00:00,218.46,219.61,216.67,217.38,1016226.15
2026-03-23 00:00:00+00:00,217.38,219.09,215.93,217.94,934072.42
2026-03-23 01:00:00+00:00,217.94,220.3,216.87,219.14,1242693.88
2026-03-23 02:00:00+00:00,219.14,221.24,218.16,220.22,1208192.61
2026-03-23 03:00:00+00:00,220.22,221.54,219.53,220.11,594659.27
2026-03-23 04:00:00+00:00,220.11,222.7,219.13,222.57,931777.87
2026-03-23 05:00:00+00:00,222.57,225.5,222.57,224.83,4184256.32
2026-03-23 06:00:00+00:00,224.83,224.84,218.94,219.57,2712627.43
2026-03-23 07:00:00+00:00,219.57,220.55,217.4,218.56,2295381.9
2026-03-23 08:00:00+00:00,218.56,218.88,216.85,217.46,1317487.27
2026-03-23 09:00:00+00:00,217.46,218.74,215.41,217.67,3666533.73
2026-03-23 10:00:00+00:00,217.67,219.09,217.11,218.42,983441.69
2026-03-23 11:00:00+00:00,218.42,233.53,218.21,222.16,18349357.81
2026-03-23 12:00:00+00:00,222.16,228.29,220.58,226.71,9279124.38
2026-03-23 13:00:00+00:00,226.71,233.48,226.32,233.4,9861982.05
2026-03-23 14:00:00+00:00,233.4,234.71,231.02,233.79,6704520.63
2026-03-23 15:00:00+00:00,233.79,234.78,226.92,228.31,6650972.63
2026-03-23 16:00:00+00:00,228.31,230.19,226.92,228.62,4098859.05
2026-03-23 17:00:00+00:00,228.62,231.9,225.78,231.36,4866821.95
2026-03-23 18:00:00+00:00,231.36,232.48,229.72,230.16,1790812.25
2026-03-23 19:00:00+00:00,230.16,231.86,229.5,229.78,1589636.04
2026-03-23 20:00:00+00:00,229.78,231.78,228.92,230.56,1451094.56
2026-03-23 21:00:00+00:00,230.56,230.93,228.26,228.54,1517596.6
2026-03-23 22:00:00+00:00,228.54,228.7,226.4,228.3,1807164.02
2026-03-23 23:00:00+00:00,228.3,228.79,226.42,228.55,1274452.96
2026-03-24 00:00:00+00:00,228.55,231.12,227.97,230.72,2050361.17
2026-03-24 01:00:00+00:00,230.72,231.78,226.7,227.96,2716379.88
2026-03-24 02:00:00+00:00,227.96,228.81,224.83,225.32,2664908.43
2026-03-24 03:00:00+00:00,225.32,229.08,225.14,228.0,1686251.2
2026-03-24 04:00:00+00:00,228.0,228.23,225.68,226.25,1149687.01
2026-03-24 05:00:00+00:00,226.25,226.89,223.62,226.12,2284871.47
2026-03-24 06:00:00+00:00,226.12,230.26,225.73,229.95,1373170.75
2026-03-24 07:00:00+00:00,229.95,233.29,229.64,232.5,9651108.39
2026-03-24 08:00:00+00:00,232.5,232.77,230.39,230.74,3112008.58
2026-03-24 09:00:00+00:00,230.74,232.4,229.24,231.92,2271932.09
2026-03-24 10:00:00+00:00,231.92,231.92,230.17,230.66,2299388.14
2026-03-24 11:00:00+00:00,230.66,231.69,228.85,230.42,2010633.81
2026-03-24 12:00:00+00:00,230.42,230.49,228.27,228.89,1754625.9
2026-03-24 13:00:00+00:00,228.89,229.4,225.2,226.03,3549774.82
2026-03-24 14:00:00+00:00,226.03,227.44,221.88,223.76,3878082.39
2026-03-24 15:00:00+00:00,223.76,227.74,222.43,225.57,3275368.97
2026-03-24 16:00:00+00:00,225.57,227.31,224.62,225.75,2210307.66
2026-03-24 17:00:00+00:00,225.75,226.33,223.1,224.5,2361645.59
2026-03-24 18:00:00+00:00,224.5,227.08,224.31,225.51,1863957.17
2026-03-24 19:00:00+00:00,225.51,227.52,225.33,226.21,1109335.89
2026-03-24 20:00:00+00:00,226.21,234.85,225.88,234.59,5392880.04
2026-03-24 21:00:00+00:00,234.59,241.86,234.58,238.72,10287445.4
2026-03-24 22:00:00+00:00,238.72,241.51,237.42,239.39,4787751.16
2026-03-24 23:00:00+00:00,239.39,243.36,238.8,241.93,4751238.76
2026-03-25 00:00:00+00:00,241.93,245.55,241.93,243.59,5237406.03
2026-03-25 01:00:00+00:00,243.59,247.55,242.53,243.66,5420945.21
2026-03-25 02:00:00+00:00,243.66,245.91,239.82,240.39,5415399.43
2026-03-25 03:00:00+00:00,240.39,240.39,235.8,238.31,5830747.25
2026-03-25 04:00:00+00:00,238.31,239.28,236.54,237.54,5605150.58
2026-03-25 05:00:00+00:00,237.54,239.89,237.16,237.99,10098592.58
2026-03-25 06:00:00+00:00,237.99,238.7,236.85,237.23,9590294.02
2026-03-25 07:00:00+00:00,237.23,239.59,236.34,236.94,9683359.63
2026-03-25 08:00:00+00:00,236.94,240.4,236.68,237.9,11041983.27
2026-03-25 09:00:00+00:00,237.9,239.49,237.26,238.78,7748415.12
2026-03-25 10:00:00+00:00,238.78,239.66,237.15,237.22,7249830.21
2026-03-25 11:00:00+00:00,237.22,239.92,236.58,237.91,9259968.0
2026-03-25 12:00:00+00:00,237.91,238.67,232.92,236.63,11652665.92
2026-03-25 13:00:00+00:00,236.63,237.55,234.94,235.53,9206081.15
2026-03-25 14:00:00+00:00,235.53,237.48,234.6,235.74,5077735.19
2026-03-25 15:00:00+00:00,235.74,236.83,232.37,236.07,3602176.84
2026-03-25 16:00:00+00:00,236.07,238.5,235.59,236.68,2918165.09
2026-03-25 17:00:00+00:00,236.68,237.19,234.95,235.57,1938625.69
2026-03-25 18:00:00+00:00,235.57,237.1,233.68,235.26,2927580.37
2026-03-25 19:00:00+00:00,235.26,235.56,233.64,234.42,1153099.35
2026-03-25 20:00:00+00:00,234.42,234.51,229.39,230.91,3694674.1
2026-03-25 21:00:00+00:00,230.91,231.54,229.84,230.57,1388787.97
2026-03-25 22:00:00+00:00,230.57,232.98,229.02,231.96,1581940.09
2026-03-25 23:00:00+00:00,231.96,232.21,230.22,231.88,814300.32
2026-03-26 00:00:00+00:00,231.88,232.36,230.81,231.81,976477.84
2026-03-26 01:00:00+00:00,231.81,234.34,231.6,233.33,1190405.14
2026-03-26 02:00:00+00:00,233.33,233.63,229.57,230.83,2168971.18
2026-03-26 03:00:00+00:00,230.83,231.0,228.09,228.95,1940401.26
2026-03-26 04:00:00+00:00,228.95,229.54,228.02,228.44,888567.74
2026-03-26 05:00:00+00:00,228.44,229.17,225.44,225.87,2128272.99
2026-03-26 06:00:00+00:00,225.87,226.98,223.88,225.05,2532509.42
2026-03-26 07:00:00+00:00,225.05,225.48,224.11,224.96,1153746.77
2026-03-26 08:00:00+00:00,224.96,225.98,224.23,225.51,1010119.31
2026-03-26 09:00:00+00:00,225.51,226.37,221.41,222.79,2252170.5
2026-03-26 10:00:00+00:00,222.79,222.91,221.58,222.19,1223386.6
2026-03-26 11:00:00+00:00,222.19,222.77,219.9,220.82,3487740.89
2026-03-26 12:00:00+00:00,220.82,222.08,220.34,221.97,856558.83
2026-03-26 13:00:00+00:00,221.97,224.77,221.37,224.07,1991451.31
2026-03-26 14:00:00+00:00,224.07,225.21,223.08,224.45,4003241.1
2026-03-26 15:00:00+00:00,224.45,224.69,220.61,220.67,2213071.27
2026-03-26 16:00:00+00:00,220.67,221.4,220.11,220.63,1039450.82
2026-03-26 17:00:00+00:00,220.63,222.59,219.58,220.13,2316288.96
2026-03-26 18:00:00+00:00,220.13,221.22,218.83,220.88,1732804.61
2026-03-26 19:00:00+00:00,220.88,221.16,219.98,220.52,605966.05
2026-03-26 20:00:00+00:00,220.52,225.16,219.54,222.28,4570465.59
2026-03-26 21:00:00+00:00,222.28,224.03,221.81,223.16,1205477.8
2026-03-26 22:00:00+00:00,223.16,223.42,221.17,222.16,1212951.62
2026-03-26 23:00:00+00:00,222.16,222.56,221.45,222.14,621717.11
2026-03-27 00:00:00+00:00,222.14,223.48,221.39,222.31,601222.79
2026-03-27 01:00:00+00:00,222.31,225.18,221.67,224.86,1412056.87
2026-03-27 02:00:00+00:00,224.86,226.17,224.17,224.48,1827010.34
2026-03-27 03:00:00+00:00,224.48,224.81,223.2,224.05,584868.36
2026-03-27 04:00:00+00:00,224.05,224.13,221.94,222.79,918504.12
2026-03-27 05:00:00+00:00,222.79,224.57,222.33,223.51,815161.79
2026-03-27 06:00:00+00:00,223.51,224.83,223.31,223.85,846899.68
2026-03-27 07:00:00+00:00,223.85,225.32,222.64,223.35,1526432.57
2026-03-27 08:00:00+00:00,223.35,223.73,218.37,220.59,3978642.37
2026-03-27 09:00:00+00:00,220.59,220.68,217.69,220.02,2279799.02
2026-03-27 10:00:00+00:00,220.02,220.47,213.59,214.39,4203174.31
2026-03-27 11:00:00+00:00,214.39,216.36,212.45,215.86,3521571.08
2026-03-27 12:00:00+00:00,215.86,216.9,214.28,216.51,1937081.72
2026-03-27 13:00:00+00:00,216.51,217.79,214.98,215.59,1692158.91
2026-03-27 14:00:00+00:00,215.59,217.04,213.19,215.53,3354420.62
2026-03-27 15:00:00+00:00,215.53,219.61,215.45,216.52,3109317.58
2026-03-27 16:00:00+00:00,216.52,216.52,214.41,215.31,1426009.87
2026-03-27 17:00:00+00:00,215.31,216.31,214.37,215.46,1174235.83
2026-03-27 18:00:00+00:00,215.46,215.91,214.03,214.9,1055586.6
2026-03-27 19:00:00+00:00,214.9,216.12,213.34,215.79,1496473.41
2026-03-27 20:00:00+00:00,215.79,216.28,214.03,214.72,865207.26
2026-03-27 21:00:00+00:00,214.72,215.76,214.69,214.87,580042.72
2026-03-27 22:00:00+00:00,214.87,215.09,213.95,214.64,352243.28
2026-03-27 23:00:00+00:00,214.64,215.83,214.1,215.64,589872.08
2026-03-28 00:00:00+00:00,215.64,216.22,214.49,214.49,764764.66
2026-03-28 01:00:00+00:00,214.49,214.5,209.19,210.97,3182915.16
2026-03-28 02:00:00+00:00,210.97,212.88,210.83,211.86,1210542.29
2026-03-28 03:00:00+00:00,211.86,213.03,211.77,212.4,522443.49
2026-03-28 04:00:00+00:00,212.4,212.97,211.23,212.73,706348.9
2026-03-28 05:00:00+00:00,212.73,213.65,212.29,213.3,676064.61
2026-03-28 06:00:00+00:00,213.3,218.74,213.02,216.71,2445421.05
2026-03-28 07:00:00+00:00,216.71,222.18,216.71,220.97,3460541.91
2026-03-28 08:00:00+00:00,220.97,221.19,218.37,218.78,1617081.72
2026-03-28 09:00:00+00:00,218.78,219.38,217.85,219.0,1105649.37
2026-03-28 10:00:00+00:00,219.0,220.33,217.56,218.99,1070911.33
2026-03-28 11:00:00+00:00,218.99,219.63,217.39,218.31,973841.3
2026-03-28 12:00:00+00:00,218.31,219.99,217.78,219.72,906392.45
2026-03-28 13:00:00+00:00,219.72,223.27,217.54,219.06,6909992.62
2026-03-28 14:00:00+00:00,219.06,219.14,216.89,217.45,1690184.35
2026-03-28 15:00:00+00:00,217.45,220.33,217.24,218.86,1606498.4
2026-03-28 16:00:00+00:00,218.86,219.46,218.01,218.97,985003.82
2026-03-28 17:00:00+00:00,218.97,219.75,218.2,218.85,1123643.76
2026-03-28 18:00:00+00:00,218.85,219.44,218.57,218.59,330372.82
2026-03-28 19:00:00+00:00,218.59,218.76,217.54,218.04,1153481.5
2026-03-28 20:00:00+00:00,218.04,218.69,217.79,217.91,651816.81
2026-03-28 21:00:00+00:00,217.91,218.15,214.36,215.41,1543357.2
2026-03-28 22:00:00+00:00,215.41,217.02,215.08,216.49,765310.39
2026-03-28 23:00:00+00:00,216.49,216.49,212.27,213.6,2309297.67
2026-03-29 00:00:00+00:00,213.6,214.07,212.53,213.94,928525.76
2026-03-29 01:00:00+00:00,213.94,215.06,213.33,214.2,1205344.56
2026-03-29 02:00:00+00:00,214.2,215.28,213.92,214.86,353315.01
2026-03-29 03:00:00+00:00,214.86,219.29,214.16,218.31,2237861.54
2026-03-29 04:00:00+00:00,218.31,218.67,216.84,217.19,777167.02
2026-03-29 05:00:00+00:00,217.19,218.09,216.75,217.39,763229.45
2026-03-29 06:00:00+00:00,217.39,219.41,217.19,217.56,847115.21
2026-03-29 07:00:00+00:00,217.56,217.57,216.0,216.32,489389.2
2026-03-29 08:00:00+00:00,216.32,217.58,215.51,217.09,441818.59
2026-03-29 09:00:00+00:00,217.09,217.45,216.12,216.38,539099.64
2026-03-29 10:00:00+00:00,216.38,216.38,213.84,214.76,871888.81
2026-03-29 11:00:00+00:00,214.76,216.97,214.64,216.01,786559.73
2026-03-29 12:00:00+00:00,216.01,216.05,214.35,214.79,568507.51
2026-03-29 13:00:00+00:00,214.79,214.89,213.08,214.22,1484066.17
2026-03-29 14:00:00+00:00,214.22,215.76,213.12,213.92,2431863.06
2026-03-29 15:00:00+00:00,213.92,214.92,213.1,214.66,1047277.79
2026-03-29 16:00:00+00:00,214.66,216.97,214.0,215.86,1512105.67
2026-03-29 17:00:00+00:00,215.86,218.36,215.83,217.26,1300236.2
2026-03-29 18:00:00+00:00,217.26,217.81,216.1,216.68,839130.47
2026-03-29 19:00:00+00:00,216.68,217.15,215.97,216.73,591468.97
2026-03-29 20:00:00+00:00,216.73,220.22,216.68,218.96,1673027.55
2026-03-29 21:00:00+00:00,218.96,220.53,218.93,219.59,691291.8
2026-03-29 22:00:00+00:00,219.59,219.59,208.14,212.79,5927394.36
2026-03-29 23:00:00+00:00,212.79,215.47,211.9,215.03,3326870.79
2026-03-30 00:00:00+00:00,215.03,220.43,214.28,216.14,3287182.43
2026-03-30 01:00:00+00:00,216.14,218.89,216.04,218.56,1304917.15
2026-03-30 02:00:00+00:00,218.56,221.63,217.8,220.16,2624686.88
2026-03-30 03:00:00+00:00,220.16,222.18,220.12,221.95,2473135.12
2026-03-30 04:00:00+00:00,221.95,224.93,221.82,223.85,2441478.65
2026-03-30 05:00:00+00:00,223.85,226.34,223.84,224.51,2605522.9
2026-03-30 06:00:00+00:00,224.51,227.47,224.45,227.24,2610484.89
2026-03-30 07:00:00+00:00,227.24,231.34,226.37,230.13,3337186.35
2026-03-30 08:00:00+00:00,230.13,231.74,228.25,229.61,2850911.15
2026-03-30 09:00:00+00:00,229.61,229.75,224.53,225.9,3770684.55
2026-03-30 10:00:00+00:00,225.9,227.43,225.21,227.18,1363535.86
2026-03-30 11:00:00+00:00,227.18,229.31,226.34,226.9,2279733.53
2026-03-30 12:00:00+00:00,226.9,228.5,226.62,227.23,3510228.29
2026-03-30 13:00:00+00:00,227.23,228.21,223.39,223.95,3397736.23
2026-03-30 14:00:00+00:00,223.95,225.27,221.48,224.8,2384634.28
2026-03-30 15:00:00+00:00,224.8,226.28,222.97,224.93,1734846.26
2026-03-30 16:00:00+00:00,224.93,225.77,223.94,224.81,1234827.91
2026-03-30 17:00:00+00:00,224.81,225.52,222.75,224.04,1819260.0
2026-03-30 18:00:00+00:00,224.04,224.89,221.87,223.26,2220993.89
2026-03-30 19:00:00+00:00,223.26,226.73,222.05,226.04,1821787.17
2026-03-30 20:00:00+00:00,226.04,228.6,225.06,225.56,1875000.31
2026-03-30 21:00:00+00:00,225.56,231.35,225.38,230.07,4491879.55
2026-03-30 22:00:00+00:00,230.07,231.52,227.33,227.8,1499546.78
2026-03-30 23:00:00+00:00,227.8,227.8,224.71,225.73,1696186.7
2026-03-31 00:00:00+00:00,225.73,227.32,223.5,225.99,1490825.6
2026-03-31 01:00:00+00:00,225.99,230.76,225.99,229.33,2875009.33
2026-03-31 02:00:00+00:00,229.33,234.09,229.04,231.25,6483288.47
2026-03-31 03:00:00+00:00,231.25,232.06,229.45,230.49,2015964.25
2026-03-31 04:00:00+00:00,230.49,230.82,227.96,228.47,1418344.69
2026-03-31 05:00:00+00:00,228.47,232.38,228.02,232.31,1415085.95
2026-03-31 06:00:00+00:00,232.31,232.85,229.68,230.39,2252456.77
2026-03-31 07:00:00+00:00,230.39,232.14,228.0,230.15,3406008.35
2026-03-31 08:00:00+00:00,230.15,236.51,229.81,233.08,4872341.61
2026-03-31 09:00:00+00:00,233.08,234.56,230.59,231.88,4280339.9
2026-03-31 10:00:00+00:00,231.88,244.89,231.72,241.96,11670519.82
2026-03-31 11:00:00+00:00,241.96,256.6,238.2,255.14,18649992.4
2026-03-31 12:00:00+00:00,255.14,257.79,247.67,250.28,10782298.05
2026-03-31 13:00:00+00:00,250.28,253.43,245.67,246.31,7409813.97
2026-03-31 14:00:00+00:00,246.31,252.94,242.91,245.03,11277161.98
2026-03-31 15:00:00+00:00,245.03,249.45,244.61,246.24,5345136.07
2026-03-31 16:00:00+00:00,246.24,251.4,245.66,249.84,7357111.73
2026-03-31 17:00:00+00:00,249.84,255.37,248.62,251.3,8092381.71
2026-03-31 18:00:00+00:00,251.3,253.41,249.5,252.97,3069020.13
2026-03-31 19:00:00+00:00,252.97,257.71,252.97,254.55,3835153.45
2026-03-31 20:00:00+00:00,254.55,256.45,252.58,255.41,5386406.99
2026-03-31 21:00:00+00:00,255.41,256.48,251.04,251.25,5556264.48
2026-03-31 22:00:00+00:00,251.25,251.62,248.79,249.29,4468694.0
2026-03-31 23:00:00+00:00,249.29,249.44,246.81,248.5,3300398.65
2026-04-01 00:00:00+00:00,248.5,248.61,245.8,248.17,2273366.05
2026-04-01 01:00:00+00:00,248.17,249.88,244.9,245.95,2650157.61
2026-04-01 02:00:00+00:00,245.95,246.63,243.11,243.55,2467557.8
2026-04-01 03:00:00+00:00,243.55,245.89,243.31,245.24,1823603.55
2026-04-01 04:00:00+00:00,245.24,245.24,234.22,243.7,6885457.02
2026-04-01 05:00:00+00:00,243.7,246.88,242.47,245.82,2872948.91
2026-04-01 06:00:00+00:00,245.82,250.11,245.4,249.33,5418610.23
2026-04-01 07:00:00+00:00,249.33,249.66,247.18,247.78,3060939.74
2026-04-01 08:00:00+00:00,247.78,250.63,247.47,248.59,2007842.69
2026-04-01 09:00:00+00:00,248.59,249.88,246.76,248.91,1906661.59
2026-04-01 10:00:00+00:00,248.91,249.17,247.21,248.43,1396947.95
2026-04-01 11:00:00+00:00,248.43,248.5,245.39,246.07,1497285.9
2026-04-01 12:00:00+00:00,246.07,246.13,241.39,241.93,4528436.15
2026-04-01 13:00:00+00:00,241.93,242.1,239.0,241.91,6117917.64
2026-04-01 14:00:00+00:00,241.91,245.01,240.87,243.23,3300322.83
2026-04-01 15:00:00+00:00,243.23,244.43,241.9,243.28,2394690.27
2026-04-01 16:00:00+00:00,243.28,246.54,243.02,245.91,2485072.33
2026-04-01 17:00:00+00:00,245.91,248.4,244.31,244.66,2193935.74
2026-04-01 18:00:00+00:00,244.66,247.98,243.71,247.82,1923984.67
2026-04-01 19:00:00+00:00,247.82,255.16,247.79,254.51,7346066.79
2026-04-01 20:00:00+00:00,254.51,256.93,252.45,253.31,7129454.76
2026-04-01 21:00:00+00:00,253.31,258.34,252.8,254.53,5216710.66
2026-04-01 22:00:00+00:00,254.53,257.42,254.04,256.01,5831561.22
2026-04-01 23:00:00+00:00,256.01,258.44,249.8,251.39,5769993.29
2026-04-02 00:00:00+00:00,251.39,255.57,251.23,255.24,2687744.88
2026-04-02 01:00:00+00:00,255.24,255.47,246.85,249.29,7814948.69
2026-04-02 02:00:00+00:00,249.29,249.35,242.02,243.57,6447473.73
2026-04-02 03:00:00+00:00,243.57,243.57,237.3,239.08,5960621.43
2026-04-02 04:00:00+00:00,239.08,239.56,234.68,236.12,5790493.76
2026-04-02 05:00:00+00:00,236.12,236.53,231.38,233.58,5324488.78
2026-04-02 06:00:00+00:00,233.58,238.03,233.26,237.97,3368978.68
2026-04-02 07:00:00+00:00,237.97,240.42,236.87,240.17,3150315.06
2026-04-02 08:00:00+00:00,240.17,240.35,235.56,236.54,4772900.37
2026-04-02 09:00:00+00:00,236.54,238.02,236.09,236.81,2317608.94
2026-04-02 10:00:00+00:00,236.81,236.81,234.35,234.52,2951977.68
2026-04-02 11:00:00+00:00,234.52,234.92,232.27,232.83,3040004.57
2026-04-02 12:00:00+00:00,232.83,234.68,232.4,233.71,1189568.94
2026-04-02 13:00:00+00:00,233.71,235.73,231.39,235.68,2702881.51
2026-04-02 14:00:00+00:00,235.68,239.63,234.12,236.79,4152607.23
2026-04-02 15:00:00+00:00,236.79,236.84,234.16,234.42,1711334.61
2026-04-02 16:00:00+00:00,234.42,236.91,232.54,236.42,2510097.08
2026-04-02 17:00:00+00:00,236.42,237.93,234.6,235.24,1830315.09
2026-04-02 18:00:00+00:00,235.24,237.9,235.09,237.05,1395308.52
2026-04-02 19:00:00+00:00,237.05,241.98,236.94,241.77,2200431.13
2026-04-02 20:00:00+00:00,241.77,245.92,240.66,242.22,3751387.85
2026-04-02 21:00:00+00:00,242.22,242.79,239.14,241.37,2146451.1
2026-04-02 22:00:00+00:00,241.37,242.78,240.27,240.51,1452997.86
2026-04-02 23:00:00+00:00,240.51,242.54,239.83,240.84,1136489.04
2026-04-03 00:00:00+00:00,240.84,241.35,237.68,238.45,1149775.93
2026-04-03 01:00:00+00:00,238.45,239.56,236.47,236.88,1594399.04
2026-04-03 02:00:00+00:00,236.88,239.13,235.79,236.85,1028644.41
2026-04-03 03:00:00+00:00,236.85,238.36,236.49,237.57,874211.38
2026-04-03 04:00:00+00:00,237.57,239.02,237.12,238.02,737495.85
2026-04-03 05:00:00+00:00,238.02,238.23,235.03,236.06,1397003.21
2026-04-03 06:00:00+00:00,236.06,238.09,235.58,236.99,996633.37
2026-04-03 07:00:00+00:00,236.99,238.97,236.62,237.1,1754026.3
2026-04-03 08:00:00+00:00,237.1,239.24,236.64,237.55,1314630.63
2026-04-03 09:00:00+00:00,237.55,238.45,236.27,237.07,915463.5
2026-04-03 10:00:00+00:00,237.07,238.59,236.57,238.23,929833.34
2026-04-03 11:00:00+00:00,238.23,238.77,237.54,238.33,853281.49
2026-04-03 12:00:00+00:00,238.33,239.79,234.37,234.55,2878324.46
2026-04-03 13:00:00+00:00,234.55,235.78,233.43,235.71,1861652.76
2026-04-03 14:00:00+00:00,235.71,237.4,235.27,236.91,978273.43
2026-04-03 15:00:00+00:00,236.91,237.27,234.13,235.02,910014.68
2026-04-03 16:00:00+00:00,235.02,235.9,234.32,235.67,1106629.05
2026-04-03 17:00:00+00:00,235.67,235.95,233.69,234.75,1658216.67
2026-04-03 18:00:00+00:00,234.75,235.24,233.62,233.84,546657.15
2026-04-03 19:00:00+00:00,233.84,235.74,233.62,234.62,674916.88
2026-04-03 20:00:00+00:00,234.62,236.03,234.22,235.86,941695.4
2026-04-03 21:00:00+00:00,235.86,236.69,235.6,235.89,1044095.21
2026-04-03 22:00:00+00:00,235.89,235.89,232.54,233.27,829464.33
2026-04-03 23:00:00+00:00,233.27,234.41,232.15,234.4,662683.66
2026-04-04 00:00:00+00:00,234.4,235.85,233.67,235.45,921224.31
2026-04-04 01:00:00+00:00,235.45,236.11,234.36,235.13,441899.98
2026-04-04 02:00:00+00:00,235.13,236.51,234.95,235.73,949748.76
2026-04-04 03:00:00+00:00,235.73,236.62,235.26,235.73,596909.47
2026-04-04 04:00:00+00:00,235.73,237.28,235.15,236.23,1166183.98
2026-04-04 05:00:00+00:00,236.23,236.46,235.36,235.93,504268.94
2026-04-04 06:00:00+00:00,235.93,237.17,234.93,237.07,667820.43
2026-04-04 07:00:00+00:00,237.07,238.05,236.64,237.35,796602.92
2026-04-04 08:00:00+00:00,237.35,237.91,236.89,237.45,878833.99
2026-04-04 09:00:00+00:00,237.45,239.49,237.03,239.13,1263674.29
2026-04-04 10:00:00+00:00,239.13,244.9,239.13,244.2,5002178.47
2026-04-04 11:00:00+00:00,244.2,248.07,243.37,244.97,4092555.65
2026-04-04 12:00:00+00:00,244.97,245.31,242.85,244.3,1494647.06
2026-04-04 13:00:00+00:00,244.3,250.03,244.13,248.1,4788435.18
2026-04-04 14:00:00+00:00,248.1,248.79,245.39,247.99,2391463.54
2026-04-04 15:00:00+00:00,247.99,250.49,247.35,249.15,3350521.26
2026-04-04 16:00:00+00:00,249.15,249.87,246.57,246.88,2579937.23
2026-04-04 17:00:00+00:00,246.88,252.86,246.52,252.38,2457155.61
2026-04-04 18:00:00+00:00,252.38,253.85,250.6,251.45,1838062.84
2026-04-04 19:00:00+00:00,251.45,253.01,249.46,251.07,2672958.41
2026-04-04 20:00:00+00:00,251.07,252.55,250.64,251.73,2029511.75
2026-04-04 21:00:00+00:00,251.73,252.97,250.98,251.08,1570867.0
2026-04-04 22:00:00+00:00,251.08,252.46,250.57,251.65,1089770.35
2026-04-04 23:00:00+00:00,251.65,251.71,249.65,251.09,978460.75
2026-04-05 00:00:00+00:00,251.09,251.46,248.39,249.14,1442065.67
2026-04-05 01:00:00+00:00,249.14,249.14,246.5,247.13,1882038.13
2026-04-05 02:00:00+00:00,247.13,247.56,245.92,247.28,1109374.14
2026-04-05 03:00:00+00:00,247.28,247.94,246.52,246.54,1028886.62
2026-04-05 04:00:00+00:00,246.54,248.37,246.39,247.89,822278.37
2026-04-05 05:00:00+00:00,247.89,248.04,244.41,244.65,1236535.64
2026-04-05 06:00:00+00:00,244.65,246.8,243.03,245.15,4093837.45
2026-04-05 07:00:00+00:00,245.15,246.07,244.24,244.35,597966.4
2026-04-05 08:00:00+00:00,244.35,245.56,244.17,245.38,400083.02
2026-04-05 09:00:00+00:00,245.38,249.87,245.26,248.48,1183483.66
2026-04-05 10:00:00+00:00,248.48,249.21,244.57,244.85,1164831.82
2026-04-05 11:00:00+00:00,244.85,245.05,243.26,243.63,1194611.51
2026-04-05 12:00:00+00:00,243.63,243.72,238.56,240.14,3710020.99
2026-04-05 13:00:00+00:00,240.14,240.14,236.9,239.26,2820554.25
2026-04-05 14:00:00+00:00,239.26,240.45,238.02,239.2,1948754.72
2026-04-05 15:00:00+00:00,239.2,242.88,238.27,241.59,2939614.16
2026-04-05 16:00:00+00:00,241.59,242.96,239.19,239.79,909433.11
2026-04-05 17:00:00+00:00,239.79,241.02,239.34,240.51,900724.93
2026-04-05 18:00:00+00:00,240.51,242.22,239.74,241.71,1086015.78
2026-04-05 19:00:00+00:00,241.71,241.88,239.95,240.8,797363.04
2026-04-05 20:00:00+00:00,240.8,241.75,239.74,241.39,825467.59
2026-04-05 21:00:00+00:00,241.39,241.48,238.35,238.66,1336998.6
2026-04-05 22:00:00+00:00,238.66,242.33,237.48,242.29,3578028.76
2026-04-05 23:00:00+00:00,242.29,245.34,241.96,244.99,4228002.4
2026-04-06 00:00:00+00:00,244.99,249.25,244.98,247.94,3294447.24
2026-04-06 01:00:00+00:00,247.94,249.73,246.88,247.89,4565006.72
2026-04-06 02:00:00+00:00,247.89,255.13,247.62,254.6,10330054.75
2026-04-06 03:00:00+00:00,254.6,259.37,253.57,255.66,13302808.38
2026-04-06 04:00:00+00:00,255.66,256.64,252.81,253.71,5154783.46
2026-04-06 05:00:00+00:00,253.71,255.71,252.85,255.68,3524673.17
2026-04-06 06:00:00+00:00,255.68,255.73,251.33,252.31,6359982.62
2026-04-06 07:00:00+00:00,252.31,253.31,250.36,253.07,4945530.4
2026-04-06 08:00:00+00:00,253.07,254.62,251.86,253.82,2080148.98
2026-04-06 09:00:00+00:00,253.82,258.5,253.58,256.89,4387449.42
2026-04-06 10:00:00+00:00,256.89,260.36,255.44,256.22,4883773.66
2026-04-06 11:00:00+00:00,256.22,256.48,254.41,255.15,1326475.89
2026-04-06 12:00:00+00:00,255.15,255.53,253.03,253.58,1255748.3
2026-04-06 13:00:00+00:00,253.58,255.97,253.38,254.06,1435822.64
2026-04-06 14:00:00+00:00,254.06,255.51,251.64,253.23,2489985.34
2026-04-06 15:00:00+00:00,253.23,254.09,252.38,253.76,1503216.77
2026-04-06 16:00:00+00:00,253.76,257.45,253.31,256.54,2072067.49
2026-04-06 17:00:00+00:00,256.54,258.03,254.16,255.97,2252875.57
2026-04-06 18:00:00+00:00,255.97,257.66,255.35,256.8,1178256.29
2026-04-06 19:00:00+00:00,256.8,256.82,254.5,254.86,1337647.63
2026-04-06 20:00:00+00:00,254.86,256.17,254.18,255.81,816938.21
2026-04-06 21:00:00+00:00,255.81,256.31,254.98,256.03,1489272.78
2026-04-06 22:00:00+00:00,256.03,257.49,249.52,249.7,4511269.53
2026-04-06 23:00:00+00:00,249.7,252.18,248.25,251.26,3411396.41
2026-04-07 00:00:00+00:00,251.26,254.06,251.06,252.81,2520855.15
2026-04-07 01:00:00+00:00,252.81,256.5,251.66,252.62,3507827.29
2026-04-07 02:00:00+00:00,252.62,253.29,250.48,253.12,1723964.41
2026-04-07 03:00:00+00:00,253.12,255.41,252.42,254.68,1562389.54
2026-04-07 04:00:00+00:00,254.68,267.42,253.83,261.65,8095481.31
2026-04-07 05:00:00+00:00,261.65,265.0,260.68,263.54,4261817.0
2026-04-07 06:00:00+00:00,263.54,264.3,261.43,263.34,2918200.04
2026-04-07 07:00:00+00:00,263.34,266.04,262.07,263.28,4509875.13
2026-04-07 08:00:00+00:00,263.28,267.76,263.1,266.85,2072215.57
2026-04-07 09:00:00+00:00,266.85,272.37,266.58,267.12,7052190.49
2026-04-07 10:00:00+00:00,267.12,268.83,263.82,264.35,4469787.18
2026-04-07 11:00:00+00:00,264.35,265.87,262.24,265.43,3032229.79
2026-04-07 12:00:00+00:00,265.43,267.73,262.99,266.19,5005785.62
2026-04-07 13:00:00+00:00,266.19,268.03,262.78,262.84,5638863.14
2026-04-07 14:00:00+00:00,262.84,267.54,259.08,264.99,9878350.26
2026-04-07 15:00:00+00:00,264.99,271.96,264.68,265.04,6536666.84
2026-04-07 16:00:00+00:00,265.04,270.25,265.04,269.52,3807708.23
2026-04-07 17:00:00+00:00,269.52,273.99,267.6,270.29,5112420.27
2026-04-07 18:00:00+00:00,270.29,271.22,268.03,268.63,1823542.34
2026-04-07 19:00:00+00:00,268.63,273.01,268.05,272.9,2115144.92
2026-04-07 20:00:00+00:00,272.9,278.92,272.66,277.0,9049116.63
2026-04-07 21:00:00+00:00,277.0,320.38,277.0,310.08,47321372.41
2026-04-07 22:00:00+00:00,310.08,318.73,307.46,312.91,19446216.65
2026-04-07 23:00:00+00:00,312.91,325.18,312.91,320.7,21586738.94
2026-04-08 00:00:00+00:00,320.7,323.38,314.03,316.57,10731248.58
2026-04-08 01:00:00+00:00,316.57,319.99,312.71,318.15,5306946.98
2026-04-08 02:00:00+00:00,318.15,328.35,317.13,324.22,10513516.1
2026-04-08 03:00:00+00:00,324.22,325.96,317.83,318.57,4531124.37
2026-04-08 04:00:00+00:00,318.57,323.46,316.7,321.96,4951228.65
2026-04-08 05:00:00+00:00,321.96,324.12,320.1,321.12,3169343.41
2026-04-08 06:00:00+00:00,321.12,324.57,319.62,322.02,2797622.64
2026-04-08 07:00:00+00:00,322.02,327.15,321.28,324.25,3776743.01
2026-04-08 08:00:00+00:00,324.25,330.87,323.19,328.0,6026769.11
2026-04-08 09:00:00+00:00,328.0,332.3,327.04,330.28,4976217.39
2026-04-08 10:00:00+00:00,330.28,336.89,328.87,330.59,7727058.26
2026-04-08 11:00:00+00:00,330.59,336.14,325.59,332.89,8150528.98
2026-04-08 12:00:00+00:00,332.89,339.2,330.42,335.71,9151635.51
2026-04-08 13:00:00+00:00,335.71,338.86,331.58,336.18,8767644.9
2026-04-08 14:00:00+00:00,336.18,340.1,329.13,330.98,12360667.06
2026-04-08 15:00:00+00:00,330.98,333.82,326.09,333.29,5975754.27
2026-04-08 16:00:00+00:00,333.29,334.41,328.32,328.79,6034552.62
2026-04-08 17:00:00+00:00,328.79,333.15,327.91,332.04,3660169.92
2026-04-08 18:00:00+00:00,332.04,333.93,325.69,327.45,5784914.66
2026-04-08 19:00:00+00:00,327.45,327.97,323.73,325.73,5954899.17
2026-04-08 20:00:00+00:00,325.73,326.51,318.95,320.46,5330430.47
2026-04-08 21:00:00+00:00,320.46,327.68,319.86,327.0,5245585.83
2026-04-08 22:00:00+00:00,327.0,327.36,320.67,321.62,4067922.78
2026-04-08 23:00:00+00:00,321.62,325.06,320.42,323.45,2842645.65
2026-04-09 00:00:00+00:00,323.45,327.56,320.05,321.87,5203574.26
2026-04-09 01:00:00+00:00,321.87,323.06,313.73,315.97,6682402.27
2026-04-09 02:00:00+00:00,315.97,319.16,315.27,316.88,3004192.5
2026-04-09 03:00:00+00:00,316.88,318.82,315.65,318.4,1988114.15
2026-04-09 04:00:00+00:00,318.4,318.9,316.45,317.45,1808405.81
2026-04-09 05:00:00+00:00,317.45,321.75,315.55,318.97,3678526.89
2026-04-09 06:00:00+00:00,318.97,320.6,315.76,319.4,1917989.82
2026-04-09 07:00:00+00:00,319.4,322.1,318.9,319.47,2649117.7
2026-04-09 08:00:00+00:00,319.47,321.93,317.84,319.37,2651504.81
2026-04-09 09:00:00+00:00,319.37,319.48,316.32,318.94,2407375.03
2026-04-09 10:00:00+00:00,318.94,319.39,313.13,314.79,4864096.59
2026-04-09 11:00:00+00:00,314.79,315.8,310.84,311.38,2834903.04
2026-04-09 12:00:00+00:00,311.38,314.18,310.25,313.47,2946596.91
2026-04-09 13:00:00+00:00,313.47,313.93,308.38,310.16,6168115.23
2026-04-09 14:00:00+00:00,310.16,318.27,309.23,316.96,5414496.91
2026-04-09 15:00:00+00:00,316.96,329.97,315.4,325.08,13369034.43
2026-04-09 16:00:00+00:00,325.08,333.15,324.76,329.89,8250591.53
2026-04-09 17:00:00+00:00,329.89,335.83,329.22,335.58,7853406.26
2026-04-09 18:00:00+00:00,335.58,388.8,333.08,357.27,39700240.35
2026-04-09 19:00:00+00:00,357.27,371.56,353.54,368.44,22760652.93
2026-04-09 20:00:00+00:00,368.44,382.67,368.42,377.41,24864430.56
2026-04-09 21:00:00+00:00,377.41,384.73,368.69,370.49,17608825.46
2026-04-09 22:00:00+00:00,370.49,377.72,368.06,370.96,9043712.85
2026-04-09 23:00:00+00:00,370.96,375.33,363.5,366.69,9604948.22
2026-04-10 00:00:00+00:00,366.69,370.16,363.53,366.78,6063776.82
2026-04-10 01:00:00+00:00,368.47,372.39,367.11,369.48,2476948.63
